V	C (Fcm-2)	Initcharge (cm-2)	Finalcharge (cm-2)	ns Total (cm-2)	ps Total (cm-2)
-7.000e+000	4.8034e-017	-9.3486e+000	-6.3506e+000	6.3476e+000	5.2500e-015
-6.990e+000	4.8034e-017	-9.3486e+000	-6.3506e+000	6.3476e+000	5.2500e-015
-6.980e+000	4.8034e-017	-9.3486e+000	-6.3506e+000	6.3476e+000	5.2500e-015
-6.970e+000	4.8034e-017	-9.3486e+000	-6.3506e+000	6.3476e+000	5.2500e-015
-6.960e+000	4.8034e-017	-9.3486e+000	-6.3506e+000	6.3476e+000	5.2500e-015
-6.950e+000	4.8034e-017	-9.3486e+000	-6.3506e+000	6.3476e+000	5.2500e-015
-6.940e+000	4.8034e-017	-9.3486e+000	-6.3506e+000	6.3476e+000	5.2500e-015
-6.930e+000	4.8034e-017	-9.3486e+000	-6.3506e+000	6.3476e+000	5.2500e-015
-6.920e+000	4.8034e-017	-9.3486e+000	-6.3506e+000	6.3476e+000	5.2500e-015
-6.910e+000	4.8034e-017	-9.3486e+000	-6.3506e+000	6.3476e+000	5.2500e-015
-6.900e+000	4.8034e-017	-9.3486e+000	-6.3506e+000	6.3476e+000	5.2500e-015
-6.890e+000	4.8034e-017	-9.3486e+000	-6.3506e+000	6.3476e+000	5.2500e-015
-6.880e+000	4.8034e-017	-9.3486e+000	-6.3506e+000	6.3476e+000	5.2500e-015
-6.870e+000	4.8034e-017	-9.3486e+000	-6.3506e+000	6.3476e+000	5.2500e-015
-6.860e+000	4.8034e-017	-9.3486e+000	-6.3506e+000	6.3476e+000	5.2500e-015
-6.850e+000	4.8034e-017	-9.3486e+000	-6.3506e+000	6.3476e+000	5.2500e-015
-6.840e+000	4.8034e-017	-9.3486e+000	-6.3506e+000	6.3476e+000	5.2500e-015
-6.830e+000	4.8034e-017	-9.3486e+000	-6.3506e+000	6.3476e+000	5.2500e-015
-6.820e+000	4.8034e-017	-9.3486e+000	-6.3506e+000	6.3476e+000	5.2500e-015
-6.810e+000	4.8034e-017	-9.3486e+000	-6.3506e+000	6.3476e+000	5.2500e-015
-6.800e+000	4.8034e-017	-9.3486e+000	-6.3506e+000	6.3476e+000	5.2500e-015
-6.790e+000	4.8034e-017	-9.3486e+000	-6.3506e+000	6.3476e+000	5.2500e-015
-6.780e+000	4.8034e-017	-9.3486e+000	-6.3506e+000	6.3476e+000	5.2500e-015
-6.770e+000	4.8034e-017	-9.3486e+000	-6.3506e+000	6.3476e+000	5.2500e-015
-6.760e+000	4.8034e-017	-9.3486e+000	-6.3506e+000	6.3476e+000	5.2500e-015
-6.750e+000	4.8034e-017	-9.3486e+000	-6.3506e+000	6.3476e+000	5.2500e-015
-6.740e+000	4.8034e-017	-9.3486e+000	-6.3506e+000	6.3476e+000	5.2500e-015
-6.730e+000	4.8034e-017	-9.3486e+000	-6.3506e+000	6.3476e+000	5.2500e-015
-6.720e+000	4.8034e-017	-9.3486e+000	-6.3506e+000	6.3476e+000	5.2500e-015
-6.710e+000	4.8034e-017	-9.3486e+000	-6.3506e+000	6.3476e+000	5.2500e-015
-6.700e+000	4.8034e-017	-9.3486e+000	-6.3506e+000	6.3476e+000	5.2500e-015
-6.690e+000	4.8034e-017	-9.3486e+000	-6.3506e+000	6.3476e+000	5.2500e-015
-6.680e+000	4.8034e-017	-9.3486e+000	-6.3506e+000	6.3476e+000	5.2500e-015
-6.670e+000	4.8034e-017	-9.3486e+000	-6.3506e+000	6.3476e+000	5.2500e-015
-6.660e+000	4.8034e-017	-9.3486e+000	-6.3506e+000	6.3476e+000	5.2500e-015
-6.650e+000	4.8034e-017	-9.3486e+000	-6.3506e+000	6.3476e+000	5.2500e-015
-6.640e+000	4.8034e-017	-9.3486e+000	-6.3506e+000	6.3476e+000	5.2500e-015
-6.630e+000	4.8034e-017	-9.3486e+000	-6.3506e+000	6.3476e+000	5.2500e-015
-6.620e+000	4.8034e-017	-9.3486e+000	-6.3506e+000	6.3476e+000	5.2500e-015
-6.610e+000	4.8034e-017	-9.3486e+000	-6.3506e+000	6.3476e+000	5.2500e-015
-6.600e+000	4.8034e-017	-9.3486e+000	-6.3506e+000	6.3476e+000	5.2500e-015
-6.590e+000	4.8034e-017	-9.3486e+000	-6.3506e+000	6.3476e+000	5.2500e-015
-6.580e+000	4.8034e-017	-9.3486e+000	-6.3506e+000	6.3476e+000	5.2500e-015
-6.570e+000	4.8034e-017	-9.3486e+000	-6.3506e+000	6.3476e+000	5.2500e-015
-6.560e+000	4.8034e-017	-9.3486e+000	-6.3506e+000	6.3476e+000	5.2500e-015
-6.550e+000	4.8034e-017	-9.3486e+000	-6.3506e+000	6.3476e+000	5.2500e-015
-6.540e+000	4.8034e-017	-9.3486e+000	-6.3506e+000	6.3476e+000	5.2500e-015
-6.530e+000	4.8034e-017	-9.3486e+000	-6.3506e+000	6.3476e+000	5.2500e-015
-6.520e+000	4.8034e-017	-9.3486e+000	-6.3506e+000	6.3476e+000	5.2500e-015
-6.510e+000	4.8034e-017	-9.3486e+000	-6.3506e+000	6.3476e+000	5.2500e-015
-6.500e+000	4.8034e-017	-9.3486e+000	-6.3506e+000	6.3476e+000	5.2500e-015
-6.490e+000	4.8034e-017	-9.3486e+000	-6.3506e+000	6.3476e+000	5.2500e-015
-6.480e+000	4.8034e-017	-9.3486e+000	-6.3506e+000	6.3476e+000	5.2500e-015
-6.470e+000	4.8034e-017	-9.3486e+000	-6.3506e+000	6.3476e+000	5.2500e-015
-6.460e+000	4.8034e-017	-9.3486e+000	-6.3506e+000	6.3476e+000	5.2500e-015
-6.450e+000	4.8034e-017	-9.3486e+000	-6.3506e+000	6.3476e+000	5.2500e-015
-6.440e+000	4.8034e-017	-9.3486e+000	-6.3506e+000	6.3476e+000	5.2500e-015
-6.430e+000	4.8034e-017	-9.3486e+000	-6.3506e+000	6.3476e+000	5.2500e-015
-6.420e+000	4.8034e-017	-9.3486e+000	-6.3506e+000	6.3476e+000	5.2500e-015
-6.410e+000	4.8034e-017	-9.3486e+000	-6.3506e+000	6.3476e+000	5.2500e-015
-6.400e+000	4.8034e-017	-9.3486e+000	-6.3506e+000	6.3476e+000	5.2500e-015
-6.390e+000	4.8034e-017	-9.3486e+000	-6.3506e+000	6.3476e+000	5.2500e-015
-6.380e+000	4.8034e-017	-9.3486e+000	-6.3506e+000	6.3476e+000	5.2500e-015
-6.370e+000	4.8034e-017	-9.3486e+000	-6.3506e+000	6.3476e+000	5.2500e-015
-6.360e+000	4.8034e-017	-9.3486e+000	-6.3506e+000	6.3476e+000	5.2500e-015
-6.350e+000	4.8034e-017	-9.3486e+000	-6.3506e+000	6.3476e+000	5.2500e-015
-6.340e+000	4.8034e-017	-9.3486e+000	-6.3506e+000	6.3476e+000	5.2500e-015
-6.330e+000	4.8034e-017	-9.3486e+000	-6.3506e+000	6.3476e+000	5.2500e-015
-6.320e+000	4.8034e-017	-9.3486e+000	-6.3506e+000	6.3476e+000	5.2500e-015
-6.310e+000	4.8034e-017	-9.3486e+000	-6.3506e+000	6.3476e+000	5.2500e-015
-6.300e+000	4.8034e-017	-9.3486e+000	-6.3506e+000	6.3476e+000	5.2500e-015
-6.290e+000	4.8034e-017	-9.3486e+000	-6.3506e+000	6.3476e+000	5.2500e-015
-6.280e+000	4.8034e-017	-9.3486e+000	-6.3506e+000	6.3476e+000	5.2500e-015
-6.270e+000	4.8034e-017	-9.3486e+000	-6.3506e+000	6.3476e+000	5.2500e-015
-6.260e+000	4.8034e-017	-9.3486e+000	-6.3506e+000	6.3476e+000	5.2500e-015
-6.250e+000	4.8034e-017	-9.3486e+000	-6.3506e+000	6.3476e+000	5.2500e-015
-6.240e+000	4.8034e-017	-9.3486e+000	-6.3506e+000	6.3476e+000	5.2500e-015
-6.230e+000	4.8034e-017	-9.3486e+000	-6.3506e+000	6.3476e+000	5.2500e-015
-6.220e+000	4.8034e-017	-9.3486e+000	-6.3506e+000	6.3476e+000	5.2500e-015
-6.210e+000	4.8034e-017	-9.3486e+000	-6.3506e+000	6.3476e+000	5.2500e-015
-6.200e+000	4.8034e-017	-9.3486e+000	-6.3506e+000	6.3476e+000	5.2500e-015
-6.190e+000	4.8034e-017	-9.3486e+000	-6.3506e+000	6.3476e+000	5.2500e-015
-6.180e+000	4.8034e-017	-9.3486e+000	-6.3506e+000	6.3476e+000	5.2500e-015
-6.170e+000	4.8034e-017	-9.3486e+000	-6.3506e+000	6.3476e+000	5.2500e-015
-6.160e+000	4.8034e-017	-9.3486e+000	-6.3506e+000	6.3476e+000	5.2500e-015
-6.150e+000	4.8034e-017	-9.3486e+000	-6.3506e+000	6.3476e+000	5.2500e-015
-6.140e+000	4.8034e-017	-9.3486e+000	-6.3506e+000	6.3476e+000	5.2500e-015
-6.130e+000	4.8034e-017	-9.3486e+000	-6.3506e+000	6.3476e+000	5.2500e-015
-6.120e+000	4.8034e-017	-9.3486e+000	-6.3506e+000	6.3476e+000	5.2500e-015
-6.110e+000	4.8034e-017	-9.3486e+000	-6.3506e+000	6.3476e+000	5.2500e-015
-6.100e+000	4.8034e-017	-9.3486e+000	-6.3506e+000	6.3476e+000	5.2500e-015
-6.090e+000	4.8034e-017	-9.3486e+000	-6.3506e+000	6.3476e+000	5.2500e-015
-6.080e+000	4.8034e-017	-9.3486e+000	-6.3506e+000	6.3476e+000	5.2500e-015
-6.070e+000	4.8034e-017	-9.3486e+000	-6.3506e+000	6.3476e+000	5.2500e-015
-6.060e+000	4.8034e-017	-9.3486e+000	-6.3506e+000	6.3476e+000	5.2500e-015
-6.050e+000	4.8034e-017	-9.3486e+000	-6.3506e+000	6.3476e+000	5.2500e-015
-6.040e+000	4.8034e-017	-9.3486e+000	-6.3506e+000	6.3476e+000	5.2500e-015
-6.030e+000	4.8034e-017	-9.3486e+000	-6.3506e+000	6.3476e+000	5.2500e-015
-6.020e+000	4.8034e-017	-9.3486e+000	-6.3506e+000	6.3476e+000	5.2500e-015
-6.010e+000	4.8034e-017	-9.3486e+000	-6.3506e+000	6.3476e+000	5.2500e-015
-6.000e+000	4.8034e-017	-9.3486e+000	-6.3506e+000	6.3476e+000	5.2500e-015
-5.990e+000	4.8034e-017	-9.3486e+000	-6.3506e+000	6.3476e+000	5.2500e-015
-5.980e+000	4.8034e-017	-9.3486e+000	-6.3506e+000	6.3476e+000	5.2500e-015
-5.970e+000	4.8034e-017	-9.3486e+000	-6.3506e+000	6.3476e+000	5.2500e-015
-5.960e+000	4.8034e-017	-9.3486e+000	-6.3506e+000	6.3476e+000	5.2500e-015
-5.950e+000	4.8034e-017	-9.3486e+000	-6.3506e+000	6.3476e+000	5.2500e-015
-5.940e+000	4.8034e-017	-9.3486e+000	-6.3506e+000	6.3476e+000	5.2500e-015
-5.930e+000	4.8034e-017	-9.3486e+000	-6.3506e+000	6.3476e+000	5.2500e-015
-5.920e+000	4.8034e-017	-9.3486e+000	-6.3506e+000	6.3476e+000	5.2500e-015
-5.910e+000	4.8034e-017	-9.3486e+000	-6.3506e+000	6.3476e+000	5.2500e-015
-5.900e+000	4.8034e-017	-9.3486e+000	-6.3506e+000	6.3476e+000	5.2500e-015
-5.890e+000	4.8034e-017	-9.3486e+000	-6.3506e+000	6.3476e+000	5.2500e-015
-5.880e+000	4.8034e-017	-9.3486e+000	-6.3506e+000	6.3476e+000	5.2500e-015
-5.870e+000	4.8034e-017	-9.3486e+000	-6.3506e+000	6.3476e+000	5.2500e-015
-5.860e+000	4.8034e-017	-9.3486e+000	-6.3506e+000	6.3476e+000	5.2500e-015
-5.850e+000	4.8034e-017	-9.3486e+000	-6.3506e+000	6.3476e+000	5.2500e-015
-5.840e+000	4.8034e-017	-9.3486e+000	-6.3506e+000	6.3476e+000	5.2500e-015
-5.830e+000	4.8034e-017	-9.3486e+000	-6.3506e+000	6.3476e+000	5.2500e-015
-5.820e+000	4.8034e-017	-9.3486e+000	-6.3506e+000	6.3476e+000	5.2500e-015
-5.810e+000	4.8034e-017	-9.3486e+000	-6.3506e+000	6.3476e+000	5.2500e-015
-5.800e+000	4.8034e-017	-9.3486e+000	-6.3506e+000	6.3476e+000	5.2500e-015
-5.790e+000	4.8034e-017	-9.3486e+000	-6.3506e+000	6.3476e+000	5.2500e-015
-5.780e+000	4.8034e-017	-9.3486e+000	-6.3506e+000	6.3476e+000	5.2500e-015
-5.770e+000	4.8034e-017	-9.3486e+000	-6.3506e+000	6.3476e+000	5.2500e-015
-5.760e+000	4.8034e-017	-9.3486e+000	-6.3506e+000	6.3476e+000	5.2500e-015
-5.750e+000	4.8034e-017	-9.3486e+000	-6.3506e+000	6.3476e+000	5.2500e-015
-5.740e+000	4.8034e-017	-9.3486e+000	-6.3506e+000	6.3476e+000	5.2500e-015
-5.730e+000	4.8034e-017	-9.3486e+000	-6.3506e+000	6.3476e+000	5.2500e-015
-5.720e+000	4.8034e-017	-9.3486e+000	-6.3506e+000	6.3476e+000	5.2500e-015
-5.710e+000	4.8034e-017	-9.3486e+000	-6.3506e+000	6.3476e+000	5.2500e-015
-5.700e+000	4.8034e-017	-9.3486e+000	-6.3506e+000	6.3476e+000	5.2500e-015
-5.690e+000	4.8034e-017	-9.3486e+000	-6.3506e+000	6.3476e+000	5.2500e-015
-5.680e+000	4.8034e-017	-9.3486e+000	-6.3506e+000	6.3476e+000	5.2500e-015
-5.670e+000	4.8034e-017	-9.3486e+000	-6.3506e+000	6.3476e+000	5.2500e-015
-5.660e+000	4.8034e-017	-9.3486e+000	-6.3506e+000	6.3476e+000	5.2500e-015
-5.650e+000	4.8034e-017	-9.3486e+000	-6.3506e+000	6.3476e+000	5.2500e-015
-5.640e+000	4.8034e-017	-9.3486e+000	-6.3506e+000	6.3476e+000	5.2500e-015
-5.630e+000	4.8034e-017	-9.3486e+000	-6.3506e+000	6.3476e+000	5.2500e-015
-5.620e+000	4.8034e-017	-9.3486e+000	-6.3506e+000	6.3476e+000	5.2500e-015
-5.610e+000	4.8034e-017	-9.3486e+000	-6.3506e+000	6.3476e+000	5.2500e-015
-5.600e+000	4.8034e-017	-9.3486e+000	-6.3506e+000	6.3476e+000	5.2500e-015
-5.590e+000	4.8034e-017	-9.3486e+000	-6.3506e+000	6.3476e+000	5.2500e-015
-5.580e+000	4.8034e-017	-9.3486e+000	-6.3506e+000	6.3476e+000	5.2500e-015
-5.570e+000	4.8034e-017	-9.3486e+000	-6.3506e+000	6.3476e+000	5.2500e-015
-5.560e+000	4.8034e-017	-9.3486e+000	-6.3506e+000	6.3476e+000	5.2500e-015
-5.550e+000	4.8034e-017	-9.3486e+000	-6.3506e+000	6.3476e+000	5.2500e-015
-5.540e+000	4.8034e-017	-9.3486e+000	-6.3506e+000	6.3476e+000	5.2500e-015
-5.530e+000	4.8034e-017	-9.3486e+000	-6.3506e+000	6.3476e+000	5.2500e-015
-5.520e+000	4.8034e-017	-9.3486e+000	-6.3506e+000	6.3476e+000	5.2500e-015
-5.510e+000	4.8034e-017	-9.3486e+000	-6.3506e+000	6.3476e+000	5.2500e-015
-5.500e+000	4.8034e-017	-9.3486e+000	-6.3506e+000	6.3476e+000	5.2500e-015
-5.490e+000	4.8034e-017	-9.3486e+000	-6.3506e+000	6.3476e+000	5.2500e-015
-5.480e+000	4.8034e-017	-9.3486e+000	-6.3506e+000	6.3476e+000	5.2500e-015
-5.470e+000	4.8034e-017	-9.3486e+000	-6.3506e+000	6.3476e+000	5.2500e-015
-5.460e+000	4.8034e-017	-9.3486e+000	-6.3506e+000	6.3476e+000	5.2500e-015
-5.450e+000	4.8034e-017	-9.3486e+000	-6.3506e+000	6.3476e+000	5.2500e-015
-5.440e+000	4.8034e-017	-9.3486e+000	-6.3506e+000	6.3476e+000	5.2500e-015
-5.430e+000	4.8034e-017	-9.3486e+000	-6.3506e+000	6.3476e+000	5.2500e-015
-5.420e+000	4.8034e-017	-9.3486e+000	-6.3506e+000	6.3476e+000	5.2500e-015
-5.410e+000	4.8034e-017	-9.3486e+000	-6.3506e+000	6.3476e+000	5.2500e-015
-5.400e+000	4.8034e-017	-9.3486e+000	-6.3506e+000	6.3476e+000	5.2500e-015
-5.390e+000	4.8034e-017	-9.3486e+000	-6.3506e+000	6.3476e+000	5.2500e-015
-5.380e+000	4.8034e-017	-9.3486e+000	-6.3506e+000	6.3476e+000	5.2500e-015
-5.370e+000	4.8034e-017	-9.3486e+000	-6.3506e+000	6.3476e+000	5.2500e-015
-5.360e+000	4.8034e-017	-9.3486e+000	-6.3506e+000	6.3476e+000	5.2500e-015
-5.350e+000	4.8034e-017	-9.3486e+000	-6.3506e+000	6.3476e+000	5.2500e-015
-5.340e+000	4.8034e-017	-9.3486e+000	-6.3506e+000	6.3476e+000	5.2500e-015
-5.330e+000	4.8034e-017	-9.3486e+000	-6.3506e+000	6.3476e+000	5.2500e-015
-5.320e+000	4.8034e-017	-9.3486e+000	-6.3506e+000	6.3476e+000	5.2500e-015
-5.310e+000	4.8034e-017	-9.3486e+000	-6.3506e+000	6.3476e+000	5.2500e-015
-5.300e+000	4.8034e-017	-9.3486e+000	-6.3506e+000	6.3476e+000	5.2500e-015
-5.290e+000	4.8034e-017	-9.3486e+000	-6.3506e+000	6.3476e+000	5.2500e-015
-5.280e+000	4.8034e-017	-9.3486e+000	-6.3506e+000	6.3476e+000	5.2500e-015
-5.270e+000	4.8034e-017	-9.3486e+000	-6.3506e+000	6.3476e+000	5.2500e-015
-5.260e+000	4.8034e-017	-9.3486e+000	-6.3506e+000	6.3476e+000	5.2500e-015
-5.250e+000	4.8034e-017	-9.3486e+000	-6.3506e+000	6.3476e+000	5.2500e-015
-5.240e+000	4.8034e-017	-9.3486e+000	-6.3506e+000	6.3476e+000	5.2500e-015
-5.230e+000	4.8034e-017	-9.3486e+000	-6.3506e+000	6.3476e+000	5.2500e-015
-5.220e+000	4.8034e-017	-9.3486e+000	-6.3506e+000	6.3476e+000	5.2500e-015
-5.210e+000	4.8034e-017	-9.3486e+000	-6.3506e+000	6.3476e+000	5.2500e-015
-5.200e+000	4.8034e-017	-9.3486e+000	-6.3506e+000	6.3476e+000	5.2500e-015
-5.190e+000	4.8034e-017	-9.3486e+000	-6.3506e+000	6.3476e+000	5.2500e-015
-5.180e+000	4.8034e-017	-9.3486e+000	-6.3506e+000	6.3476e+000	5.2500e-015
-5.170e+000	4.8034e-017	-9.3486e+000	-6.3506e+000	6.3476e+000	5.2500e-015
-5.160e+000	4.8034e-017	-9.3486e+000	-6.3506e+000	6.3476e+000	5.2500e-015
-5.150e+000	4.8034e-017	-9.3486e+000	-6.3506e+000	6.3476e+000	5.2500e-015
-5.140e+000	4.8034e-017	-9.3486e+000	-6.3506e+000	6.3476e+000	5.2500e-015
-5.130e+000	4.8034e-017	-9.3486e+000	-6.3506e+000	6.3476e+000	5.2500e-015
-5.120e+000	4.8034e-017	-9.3486e+000	-6.3506e+000	6.3476e+000	5.2500e-015
-5.110e+000	4.8034e-017	-9.3486e+000	-6.3506e+000	6.3476e+000	5.2500e-015
-5.100e+000	4.8034e-017	-9.3486e+000	-6.3506e+000	6.3476e+000	5.2500e-015
-5.090e+000	4.8034e-017	-9.3486e+000	-6.3506e+000	6.3476e+000	5.2500e-015
-5.080e+000	4.8034e-017	-9.3486e+000	-6.3506e+000	6.3476e+000	5.2500e-015
-5.070e+000	4.8034e-017	-9.3486e+000	-6.3506e+000	6.3476e+000	5.2500e-015
-5.060e+000	4.8034e-017	-9.3486e+000	-6.3506e+000	6.3476e+000	5.2500e-015
-5.050e+000	4.8034e-017	-9.3486e+000	-6.3506e+000	6.3476e+000	5.2500e-015
-5.040e+000	4.8034e-017	-9.3486e+000	-6.3506e+000	6.3476e+000	5.2500e-015
-5.030e+000	4.8034e-017	-9.3486e+000	-6.3506e+000	6.3476e+000	5.2500e-015
-5.020e+000	4.8034e-017	-9.3486e+000	-6.3506e+000	6.3476e+000	5.2500e-015
-5.010e+000	4.8034e-017	-9.3486e+000	-6.3506e+000	6.3476e+000	5.2500e-015
-5.000e+000	4.8034e-017	-9.3486e+000	-6.3506e+000	6.3476e+000	5.2500e-015
-4.990e+000	4.8034e-017	-9.3486e+000	-6.3506e+000	6.3476e+000	5.2500e-015
-4.980e+000	4.8034e-017	-9.3486e+000	-6.3506e+000	6.3476e+000	5.2500e-015
-4.970e+000	4.8034e-017	-9.3486e+000	-6.3506e+000	6.3476e+000	5.2500e-015
-4.960e+000	4.8034e-017	-9.3486e+000	-6.3506e+000	6.3476e+000	5.2500e-015
-4.950e+000	4.8034e-017	-9.3486e+000	-6.3506e+000	6.3476e+000	5.2500e-015
-4.940e+000	4.8034e-017	-9.3486e+000	-6.3506e+000	6.3476e+000	5.2500e-015
-4.930e+000	4.8034e-017	-9.3486e+000	-6.3506e+000	6.3476e+000	5.2500e-015
-4.920e+000	4.8034e-017	-9.3486e+000	-6.3506e+000	6.3476e+000	5.2500e-015
-4.910e+000	4.8034e-017	-9.3486e+000	-6.3506e+000	6.3476e+000	5.2500e-015
-4.900e+000	4.8034e-017	-9.3486e+000	-6.3506e+000	6.3476e+000	5.2500e-015
-4.890e+000	4.8034e-017	-9.3486e+000	-6.3506e+000	6.3476e+000	5.2500e-015
-4.880e+000	4.8034e-017	-9.3486e+000	-6.3506e+000	6.3476e+000	5.2500e-015
-4.870e+000	4.8034e-017	-9.3486e+000	-6.3506e+000	6.3476e+000	5.2500e-015
-4.860e+000	4.8034e-017	-9.3486e+000	-6.3506e+000	6.3476e+000	5.2500e-015
-4.850e+000	4.8034e-017	-9.3486e+000	-6.3506e+000	6.3476e+000	5.2500e-015
-4.840e+000	4.8034e-017	-9.3486e+000	-6.3506e+000	6.3476e+000	5.2500e-015
-4.830e+000	4.8034e-017	-9.3486e+000	-6.3506e+000	6.3476e+000	5.2500e-015
-4.820e+000	4.8034e-017	-9.3486e+000	-6.3506e+000	6.3476e+000	5.2500e-015
-4.810e+000	4.8034e-017	-9.3486e+000	-6.3506e+000	6.3476e+000	5.2500e-015
-4.800e+000	4.8034e-017	-9.3486e+000	-6.3506e+000	6.3476e+000	5.2500e-015
-4.790e+000	4.8034e-017	-9.3486e+000	-6.3506e+000	6.3476e+000	5.2500e-015
-4.780e+000	4.8034e-017	-9.3486e+000	-6.3506e+000	6.3476e+000	5.2500e-015
-4.770e+000	4.8034e-017	-9.3486e+000	-6.3506e+000	6.3476e+000	5.2500e-015
-4.760e+000	4.8034e-017	-9.3486e+000	-6.3506e+000	6.3476e+000	5.2500e-015
-4.750e+000	4.8034e-017	-9.3486e+000	-6.3506e+000	6.3476e+000	5.2500e-015
-4.740e+000	4.8034e-017	-9.3486e+000	-6.3506e+000	6.3476e+000	5.2500e-015
-4.730e+000	4.8034e-017	-9.3486e+000	-6.3506e+000	6.3476e+000	5.2500e-015
-4.720e+000	4.8034e-017	-9.3486e+000	-6.3506e+000	6.3476e+000	5.2500e-015
-4.710e+000	4.8034e-017	-9.3486e+000	-6.3506e+000	6.3476e+000	5.2500e-015
-4.700e+000	4.8034e-017	-9.3486e+000	-6.3506e+000	6.3476e+000	5.2500e-015
-4.690e+000	4.8034e-017	-9.3486e+000	-6.3506e+000	6.3476e+000	5.2500e-015
-4.680e+000	4.8034e-017	-9.3486e+000	-6.3506e+000	6.3476e+000	5.2500e-015
-4.670e+000	4.8034e-017	-9.3486e+000	-6.3506e+000	6.3476e+000	5.2500e-015
-4.660e+000	4.8034e-017	-9.3486e+000	-6.3506e+000	6.3476e+000	5.2500e-015
-4.650e+000	4.8034e-017	-9.3486e+000	-6.3506e+000	6.3476e+000	5.2500e-015
-4.640e+000	4.8034e-017	-9.3486e+000	-6.3506e+000	6.3476e+000	5.2500e-015
-4.630e+000	4.8034e-017	-9.3486e+000	-6.3506e+000	6.3476e+000	5.2500e-015
-4.620e+000	4.8034e-017	-9.3486e+000	-6.3506e+000	6.3476e+000	5.2500e-015
-4.610e+000	4.8034e-017	-9.3486e+000	-6.3506e+000	6.3476e+000	5.2500e-015
-4.600e+000	4.8034e-017	-9.3486e+000	-6.3506e+000	6.3476e+000	5.2500e-015
-4.590e+000	4.8034e-017	-9.3486e+000	-6.3506e+000	6.3476e+000	5.2500e-015
-4.580e+000	4.8034e-017	-9.3486e+000	-6.3506e+000	6.3476e+000	5.2500e-015
-4.570e+000	4.8034e-017	-9.3486e+000	-6.3506e+000	6.3476e+000	5.2500e-015
-4.560e+000	4.8034e-017	-9.3486e+000	-6.3506e+000	6.3476e+000	5.2500e-015
-4.550e+000	4.8034e-017	-9.3486e+000	-6.3506e+000	6.3476e+000	5.2500e-015
-4.540e+000	4.8034e-017	-9.3486e+000	-6.3506e+000	6.3476e+000	5.2500e-015
-4.530e+000	4.8034e-017	-9.3486e+000	-6.3506e+000	6.3476e+000	5.2500e-015
-4.520e+000	4.8034e-017	-9.3486e+000	-6.3506e+000	6.3476e+000	5.2500e-015
-4.510e+000	4.8034e-017	-9.3486e+000	-6.3506e+000	6.3476e+000	5.2500e-015
-4.500e+000	4.8034e-017	-9.3486e+000	-6.3506e+000	6.3476e+000	5.2500e-015
-4.490e+000	4.8034e-017	-9.3486e+000	-6.3506e+000	6.3476e+000	5.2500e-015
-4.480e+000	4.8034e-017	-9.3486e+000	-6.3506e+000	6.3476e+000	5.2500e-015
-4.470e+000	4.8034e-017	-9.3486e+000	-6.3506e+000	6.3476e+000	5.2500e-015
-4.460e+000	4.8034e-017	-9.3486e+000	-6.3506e+000	6.3476e+000	5.2500e-015
-4.450e+000	4.8034e-017	-9.3486e+000	-6.3506e+000	6.3476e+000	5.2500e-015
-4.440e+000	4.8034e-017	-9.3486e+000	-6.3506e+000	6.3476e+000	5.2500e-015
-4.430e+000	4.8034e-017	-9.3486e+000	-6.3506e+000	6.3476e+000	5.2500e-015
-4.420e+000	4.8034e-017	-9.3486e+000	-6.3506e+000	6.3476e+000	5.2500e-015
-4.410e+000	4.8034e-017	-9.3486e+000	-6.3506e+000	6.3476e+000	5.2500e-015
-4.400e+000	4.8034e-017	-9.3486e+000	-6.3506e+000	6.3476e+000	5.2500e-015
-4.390e+000	4.8034e-017	-9.3486e+000	-6.3506e+000	6.3476e+000	5.2500e-015
-4.380e+000	4.8034e-017	-9.3486e+000	-6.3506e+000	6.3476e+000	5.2500e-015
-4.370e+000	4.8034e-017	-9.3486e+000	-6.3506e+000	6.3476e+000	5.2500e-015
-4.360e+000	4.8034e-017	-9.3486e+000	-6.3506e+000	6.3476e+000	5.2500e-015
-4.350e+000	4.8034e-017	-9.3486e+000	-6.3506e+000	6.3476e+000	5.2500e-015
-4.340e+000	4.8034e-017	-9.3486e+000	-6.3506e+000	6.3476e+000	5.2500e-015
-4.330e+000	4.8034e-017	-9.3486e+000	-6.3506e+000	6.3476e+000	5.2500e-015
-4.320e+000	4.8034e-017	-9.3486e+000	-6.3506e+000	6.3476e+000	5.2500e-015
-4.310e+000	4.8034e-017	-9.3486e+000	-6.3506e+000	6.3476e+000	5.2500e-015
-4.300e+000	4.8034e-017	-9.3486e+000	-6.3506e+000	6.3476e+000	5.2500e-015
-4.290e+000	4.8034e-017	-9.3486e+000	-6.3506e+000	6.3476e+000	5.2500e-015
-4.280e+000	4.8034e-017	-9.3486e+000	-6.3506e+000	6.3476e+000	5.2500e-015
-4.270e+000	4.8034e-017	-9.3486e+000	-6.3506e+000	6.3476e+000	5.2500e-015
-4.260e+000	4.8034e-017	-9.3486e+000	-6.3506e+000	6.3476e+000	5.2500e-015
-4.250e+000	4.8034e-017	-9.3486e+000	-6.3506e+000	6.3476e+000	5.2500e-015
-4.240e+000	4.8034e-017	-9.3486e+000	-6.3506e+000	6.3476e+000	5.2500e-015
-4.230e+000	4.8034e-017	-9.3486e+000	-6.3506e+000	6.3476e+000	5.2500e-015
-4.220e+000	4.8034e-017	-9.3486e+000	-6.3506e+000	6.3476e+000	5.2500e-015
-4.210e+000	4.8034e-017	-9.3486e+000	-6.3506e+000	6.3476e+000	5.2500e-015
-4.200e+000	4.8034e-017	-9.3486e+000	-6.3506e+000	6.3476e+000	5.2500e-015
-4.190e+000	4.8034e-017	-9.3486e+000	-6.3506e+000	6.3476e+000	5.2500e-015
-4.180e+000	4.8034e-017	-9.3486e+000	-6.3506e+000	6.3476e+000	5.2500e-015
-4.170e+000	4.8034e-017	-9.3486e+000	-6.3506e+000	6.3476e+000	5.2500e-015
-4.160e+000	4.8034e-017	-9.3486e+000	-6.3506e+000	6.3476e+000	5.2500e-015
-4.150e+000	4.8034e-017	-9.3486e+000	-6.3506e+000	6.3476e+000	5.2500e-015
-4.140e+000	4.8034e-017	-9.3486e+000	-6.3506e+000	6.3476e+000	5.2500e-015
-4.130e+000	4.8034e-017	-9.3486e+000	-6.3506e+000	6.3476e+000	5.2500e-015
-4.120e+000	4.8034e-017	-9.3486e+000	-6.3506e+000	6.3476e+000	5.2500e-015
-4.110e+000	4.8034e-017	-9.3486e+000	-6.3506e+000	6.3476e+000	5.2500e-015
-4.100e+000	4.8034e-017	-9.3486e+000	-6.3506e+000	6.3476e+000	5.2500e-015
-4.090e+000	4.8034e-017	-9.3486e+000	-6.3506e+000	6.3476e+000	5.2500e-015
-4.080e+000	4.8034e-017	-9.3486e+000	-6.3506e+000	6.3476e+000	5.2500e-015
-4.070e+000	4.8034e-017	-9.3486e+000	-6.3506e+000	6.3476e+000	5.2500e-015
-4.060e+000	4.8034e-017	-9.3486e+000	-6.3506e+000	6.3476e+000	5.2500e-015
-4.050e+000	4.8034e-017	-9.3486e+000	-6.3506e+000	6.3476e+000	5.2500e-015
-4.040e+000	4.8034e-017	-9.3486e+000	-6.3506e+000	6.3476e+000	5.2500e-015
-4.030e+000	4.8034e-017	-9.3486e+000	-6.3506e+000	6.3476e+000	5.2500e-015
-4.020e+000	4.8034e-017	-9.3486e+000	-6.3506e+000	6.3476e+000	5.2500e-015
-4.010e+000	4.8034e-017	-9.3486e+000	-6.3506e+000	6.3476e+000	5.2500e-015
-4.000e+000	4.8034e-017	-9.3486e+000	-6.3506e+000	6.3476e+000	5.2500e-015
-3.990e+000	4.8034e-017	-9.3486e+000	-6.3506e+000	6.3476e+000	5.2500e-015
-3.980e+000	4.8034e-017	-9.3486e+000	-6.3506e+000	6.3476e+000	5.2500e-015
-3.970e+000	4.8034e-017	-9.3486e+000	-6.3506e+000	6.3476e+000	5.2500e-015
-3.960e+000	4.8034e-017	-9.3486e+000	-6.3506e+000	6.3476e+000	5.2500e-015
-3.950e+000	4.8034e-017	-9.3487e+000	-6.3506e+000	6.3476e+000	5.2500e-015
-3.940e+000	4.8034e-017	-9.3487e+000	-6.3506e+000	6.3476e+000	5.2500e-015
-3.930e+000	4.8034e-017	-9.3487e+000	-6.3506e+000	6.3476e+000	5.2500e-015
-3.920e+000	4.8035e-017	-9.3487e+000	-6.3506e+000	6.3476e+000	5.2500e-015
-3.910e+000	4.8035e-017	-9.3487e+000	-6.3507e+000	6.3477e+000	5.2500e-015
-3.900e+000	4.8035e-017	-9.3488e+000	-6.3507e+000	6.3477e+000	5.2500e-015
-3.890e+000	4.8035e-017	-9.3489e+000	-6.3508e+000	6.3477e+000	5.2500e-015
-3.880e+000	4.8036e-017	-9.3490e+000	-6.3508e+000	6.3478e+000	5.2500e-015
-3.870e+000	4.8037e-017	-9.3492e+000	-6.3510e+000	6.3479e+000	5.2500e-015
-3.860e+000	4.8038e-017	-9.3494e+000	-6.3511e+000	6.3481e+000	5.2500e-015
-3.850e+000	4.8040e-017	-9.3498e+000	-6.3514e+000	6.3484e+000	5.2500e-015
-3.840e+000	4.8043e-017	-9.3504e+000	-6.3518e+000	6.3488e+000	5.2500e-015
-3.830e+000	4.8047e-017	-9.3512e+000	-6.3523e+000	6.3493e+000	5.2500e-015
-3.820e+000	4.8053e-017	-9.3524e+000	-6.3531e+000	6.3501e+000	5.2500e-015
-3.810e+000	4.8063e-017	-9.3542e+000	-6.3544e+000	6.3513e+000	5.2500e-015
-3.800e+000	4.8076e-017	-9.3568e+000	-6.3561e+000	6.3531e+000	5.2500e-015
-3.790e+000	4.8096e-017	-9.3607e+000	-6.3588e+000	6.3557e+000	5.2500e-015
-3.780e+000	4.8125e-017	-9.3663e+000	-6.3626e+000	6.3596e+000	5.2500e-015
-3.770e+000	4.8168e-017	-9.3747e+000	-6.3683e+000	6.3653e+000	5.2500e-015
-3.760e+000	4.8231e-017	-9.3870e+000	-6.3767e+000	6.3737e+000	5.2500e-015
-3.750e+000	4.8325e-017	-9.4052e+000	-6.3890e+000	6.3860e+000	5.2500e-015
-3.740e+000	4.8462e-017	-9.4319e+000	-6.4071e+000	6.4041e+000	5.2500e-015
-3.730e+000	4.8664e-017	-9.4712e+000	-6.4338e+000	6.4308e+000	5.2500e-015
-3.720e+000	4.8961e-017	-9.5290e+000	-6.4731e+000	6.4701e+000	5.2500e-015
-3.710e+000	4.9399e-017	-9.6142e+000	-6.5310e+000	6.5280e+000	5.2500e-015
-3.700e+000	5.0044e-017	-9.7397e+000	-6.6162e+000	6.6132e+000	5.2500e-015
-3.690e+000	5.1024e-017	-9.9263e+000	-6.7416e+000	6.7386e+000	5.2500e-015
-3.680e+000	5.2391e-017	-1.0198e+001	-6.9283e+000	6.9233e+000	5.2500e-015
-3.670e+000	5.4479e-017	-1.0600e+001	-7.2002e+000	7.1952e+000	5.2500e-015
-3.660e+000	5.7477e-017	-1.1190e+001	-7.6024e+000	7.5955e+000	5.2500e-015
-3.650e+000	6.1984e-017	-1.2061e+001	-8.1918e+000	8.1849e+000	5.2500e-015
-3.640e+000	6.8566e-017	-1.3342e+001	-9.0625e+000	9.0527e+000	5.2500e-015
-3.630e+000	7.8265e-017	-1.5229e+001	-1.0344e+001	1.0330e+001	5.2500e-015
-3.620e+000	9.2545e-017	-1.8007e+001	-1.2231e+001	1.2211e+001	5.2500e-015
-3.610e+000	1.1358e-016	-2.2098e+001	-1.5009e+001	1.4981e+001	5.2500e-015
-3.600e+000	1.4449e-016	-2.8118e+001	-1.9100e+001	1.9058e+001	5.2500e-015
-3.590e+000	1.9006e-016	-3.6983e+001	-2.5120e+001	2.5061e+001	5.2500e-015
-3.580e+000	2.5715e-016	-5.0035e+001	-3.3985e+001	3.3899e+001	5.2500e-015
-3.570e+000	3.5588e-016	-6.9249e+001	-4.7037e+001	4.6911e+001	5.2500e-015
-3.560e+000	5.0127e-016	-9.7538e+001	-6.6251e+001	6.6068e+001	5.2500e-015
-3.550e+000	7.1537e-016	-1.3919e+002	-9.4540e+001	9.4274e+001	5.2500e-015
-3.540e+000	1.0305e-015	-2.0051e+002	-1.3619e+002	1.3580e+002	5.2500e-015
-3.530e+000	1.4946e-015	-2.9080e+002	-1.9751e+002	1.9694e+002	5.2500e-015
-3.520e+000	2.1777e-015	-4.2372e+002	-2.8780e+002	2.8695e+002	5.2500e-015
-3.510e+000	3.1836e-015	-6.1942e+002	-4.2072e+002	4.1948e+002	5.2500e-015
-3.500e+000	4.6644e-015	-9.0756e+002	-6.1643e+002	6.1460e+002	5.2500e-015
-3.490e+000	6.8447e-015	-1.3318e+003	-9.0456e+002	9.0187e+002	5.2500e-015
-3.480e+000	1.0055e-014	-1.9563e+003	-1.3288e+003	1.3248e+003	5.2500e-015
-3.470e+000	1.4781e-014	-2.8759e+003	-1.9533e+003	1.9475e+003	5.2500e-015
-3.460e+000	2.1739e-014	-4.2297e+003	-2.8729e+003	2.8643e+003	5.2500e-015
-3.450e+000	3.1983e-014	-6.2229e+003	-4.2267e+003	4.2141e+003	5.2500e-015
-3.440e+000	4.7065e-014	-9.1575e+003	-6.2199e+003	6.2013e+003	5.2500e-015
-3.430e+000	6.9271e-014	-1.3478e+004	-9.1545e+003	9.1271e+003	5.2500e-015
-3.420e+000	1.0196e-013	-1.9839e+004	-1.3475e+004	1.3435e+004	5.2500e-015
-3.410e+000	1.5010e-013	-2.9204e+004	-1.9836e+004	1.9777e+004	5.2500e-015
-3.400e+000	2.2096e-013	-4.2993e+004	-2.9201e+004	2.9114e+004	5.2500e-015
-3.390e+000	3.2530e-013	-6.3293e+004	-4.2990e+004	4.2861e+004	5.2500e-015
-3.380e+000	4.7890e-013	-9.3181e+004	-6.3290e+004	6.3101e+004	5.2500e-015
-3.370e+000	7.0505e-013	-1.3718e+005	-9.3178e+004	9.2899e+004	5.2500e-015
-3.360e+000	1.0380e-012	-2.0197e+005	-1.3718e+005	1.3677e+005	5.2500e-015
-3.350e+000	1.5282e-012	-2.9735e+005	-2.0196e+005	2.0136e+005	5.2500e-015
-3.340e+000	2.2498e-012	-4.3777e+005	-2.9734e+005	2.9645e+005	5.2500e-015
-3.330e+000	3.3122e-012	-6.4449e+005	-4.3776e+005	4.3645e+005	5.2500e-015
-3.320e+000	4.8761e-012	-9.4884e+005	-6.4449e+005	6.4256e+005	5.2500e-015
-3.310e+000	7.1783e-012	-1.3969e+006	-9.4883e+005	9.4599e+005	5.2500e-015
-3.300e+000	1.0567e-011	-2.0564e+006	-1.3969e+006	1.3927e+006	5.2500e-015
-3.290e+000	1.5554e-011	-3.0272e+006	-2.0564e+006	2.0502e+006	5.2500e-015
-3.280e+000	2.2892e-011	-4.4560e+006	-3.0272e+006	3.0181e+006	5.2500e-015
-3.270e+000	3.3687e-011	-6.5585e+006	-4.4560e+006	4.4426e+006	5.2500e-015
-3.260e+000	4.9560e-011	-9.6518e+006	-6.5585e+006	6.5389e+006	5.2500e-015
-3.250e+000	7.2887e-011	-1.4201e+007	-9.6518e+006	9.6229e+006	5.2500e-015
-3.240e+000	1.0714e-010	-2.0888e+007	-1.4201e+007	1.4159e+007	5.2500e-015
-3.230e+000	1.5737e-010	-3.0711e+007	-2.0888e+007	2.0826e+007	5.2500e-015
-3.220e+000	2.3091e-010	-4.5123e+007	-3.0711e+007	3.0619e+007	5.2500e-015
-3.210e+000	3.3827e-010	-6.6236e+007	-4.5123e+007	4.4988e+007	5.2500e-015
-3.200e+000	4.9441e-010	-9.7094e+007	-6.6236e+007	6.6038e+007	5.2500e-015
-3.190e+000	7.2025e-010	-1.4205e+008	-9.7094e+007	9.6805e+007	5.2500e-015
-3.180e+000	1.0444e-009	-2.0723e+008	-1.4205e+008	1.4163e+008	5.2500e-015
-3.170e+000	1.5044e-009	-3.0113e+008	-2.0723e+008	2.0662e+008	5.2500e-015
-3.160e+000	2.1478e-009	-4.3519e+008	-3.0113e+008	3.0025e+008	5.2500e-015
-3.150e+000	3.0301e-009	-6.2431e+008	-4.3519e+008	4.3392e+008	5.2500e-015
-3.140e+000	4.2098e-009	-8.8706e+008	-6.2431e+008	6.2251e+008	5.2500e-015
-3.130e+000	5.7405e-009	-1.2454e+009	-8.8706e+008	8.8454e+008	5.2500e-015
-3.120e+000	7.6611e-009	-1.7235e+009	-1.2454e+009	1.2419e+009	5.2500e-015
-3.110e+000	9.9892e-009	-2.3470e+009	-1.7235e+009	1.7189e+009	5.2500e-015
-3.100e+000	1.2723e-008	-3.1411e+009	-2.3470e+009	2.3409e+009	5.2500e-015
-3.090e+000	1.5852e-008	-4.1305e+009	-3.1411e+009	3.1333e+009	5.2500e-015
-3.080e+000	1.9368e-008	-5.3393e+009	-4.1305e+009	4.1207e+009	5.2500e-015
-3.070e+000	2.3280e-008	-6.7924e+009	-5.3393e+009	5.3275e+009	5.2500e-015
-3.060e+000	2.7612e-008	-8.5158e+009	-6.7924e+009	6.7783e+009	5.2500e-015
-3.050e+000	3.2401e-008	-1.0538e+010	-8.5158e+009	8.4995e+009	5.2500e-015
-3.040e+000	3.7689e-008	-1.2890e+010	-1.0538e+010	1.0520e+010	5.2500e-015
-3.030e+000	4.3511e-008	-1.5606e+010	-1.2890e+010	1.2870e+010	5.2500e-015
-3.020e+000	4.9892e-008	-1.8720e+010	-1.5606e+010	1.5583e+010	5.2500e-015
-3.010e+000	5.6835e-008	-2.2267e+010	-1.8720e+010	1.8696e+010	5.2500e-015
-3.000e+000	6.4320e-008	-2.6282e+010	-2.2267e+010	2.2241e+010	5.2500e-015
-2.990e+000	7.2303e-008	-3.0795e+010	-2.6282e+010	2.6254e+010	5.2500e-015
-2.980e+000	8.0717e-008	-3.5833e+010	-3.0795e+010	3.0766e+010	5.2500e-015
-2.970e+000	8.9475e-008	-4.1417e+010	-3.5833e+010	3.5802e+010	5.2500e-015
-2.960e+000	9.8479e-008	-4.7564e+010	-4.1417e+010	4.1386e+010	5.2500e-015
-2.950e+000	1.0762e-007	-5.4281e+010	-4.7564e+010	4.7531e+010	5.2500e-015
-2.940e+000	1.1680e-007	-6.1571e+010	-5.4281e+010	5.4248e+010	5.2500e-015
-2.930e+000	1.2591e-007	-6.9430e+010	-6.1571e+010	6.1537e+010	5.2500e-015
-2.920e+000	1.3487e-007	-7.7848e+010	-6.9430e+010	6.9395e+010	5.2500e-015
-2.910e+000	1.4360e-007	-8.6810e+010	-7.7848e+010	7.7813e+010	5.2500e-015
-2.900e+000	1.5205e-007	-9.6300e+010	-8.6810e+010	8.6775e+010	5.2500e-015
-2.890e+000	1.6016e-007	-1.0630e+011	-9.6300e+010	9.6264e+010	5.2500e-015
-2.880e+000	1.6724e-007	-1.1673e+011	-1.0630e+011	1.0626e+011	5.2500e-015
-2.870e+000	1.7471e-007	-1.2764e+011	-1.1673e+011	1.1670e+011	5.2500e-015
-2.860e+000	1.8174e-007	-1.3898e+011	-1.2764e+011	1.2760e+011	5.2500e-015
-2.850e+000	1.8810e-007	-1.5072e+011	-1.3898e+011	1.3895e+011	5.2500e-015
-2.840e+000	1.9434e-007	-1.6285e+011	-1.5072e+011	1.5069e+011	5.2500e-015
-2.830e+000	2.0008e-007	-1.7534e+011	-1.6285e+011	1.6282e+011	5.2500e-015
-2.820e+000	2.0547e-007	-1.8817e+011	-1.7534e+011	1.7530e+011	5.2500e-015
-2.810e+000	2.1051e-007	-2.0130e+011	-1.8817e+011	1.8813e+011	5.2500e-015
-2.800e+000	2.1523e-007	-2.1474e+011	-2.0130e+011	2.0127e+011	5.2500e-015
-2.790e+000	2.1965e-007	-2.2845e+011	-2.1474e+011	2.1470e+011	5.2500e-015
-2.780e+000	2.2379e-007	-2.4242e+011	-2.2845e+011	2.2841e+011	5.2500e-015
-2.770e+000	2.2771e-007	-2.5663e+011	-2.4242e+011	2.4238e+011	5.2500e-015
-2.760e+000	2.3127e-007	-2.7106e+011	-2.5663e+011	2.5659e+011	5.2500e-015
-2.750e+000	2.3470e-007	-2.8571e+011	-2.7106e+011	2.7102e+011	5.2500e-015
-2.740e+000	2.3783e-007	-3.0056e+011	-2.8571e+011	2.8567e+011	5.2500e-015
-2.730e+000	2.4084e-007	-3.1559e+011	-3.0056e+011	3.0052e+011	5.2500e-015
-2.720e+000	2.4359e-007	-3.3079e+011	-3.1559e+011	3.1555e+011	5.2500e-015
-2.710e+000	2.4624e-007	-3.4616e+011	-3.3079e+011	3.3075e+011	5.2500e-015
-2.700e+000	2.4870e-007	-3.6168e+011	-3.4616e+011	3.4612e+011	5.2500e-015
-2.690e+000	2.5098e-007	-3.7735e+011	-3.6168e+011	3.6165e+011	5.2500e-015
-2.680e+000	2.5318e-007	-3.9315e+011	-3.7735e+011	3.7731e+011	5.2500e-015
-2.670e+000	2.5522e-007	-4.0908e+011	-3.9315e+011	3.9311e+011	5.2500e-015
-2.660e+000	2.5713e-007	-4.2513e+011	-4.0908e+011	4.0904e+011	5.2500e-015
-2.650e+000	2.5897e-007	-4.4129e+011	-4.2513e+011	4.2509e+011	5.2500e-015
-2.640e+000	2.6069e-007	-4.5756e+011	-4.4129e+011	4.4125e+011	5.2500e-015
-2.630e+000	2.6231e-007	-4.7394e+011	-4.5756e+011	4.5753e+011	5.2500e-015
-2.620e+000	2.6383e-007	-4.9040e+011	-4.7394e+011	4.7390e+011	5.2500e-015
-2.610e+000	2.6530e-007	-5.0696e+011	-4.9040e+011	4.9036e+011	5.2500e-015
-2.600e+000	2.6667e-007	-5.2361e+011	-5.0696e+011	5.0692e+011	5.2500e-015
-2.590e+000	2.6798e-007	-5.4033e+011	-5.2361e+011	5.2357e+011	5.2500e-015
-2.580e+000	2.6921e-007	-5.5714e+011	-5.4033e+011	5.4029e+011	5.2500e-015
-2.570e+000	2.7039e-007	-5.7401e+011	-5.5714e+011	5.5710e+011	5.2500e-015
-2.560e+000	2.7149e-007	-5.9096e+011	-5.7401e+011	5.7397e+011	5.2500e-015
-2.550e+000	2.7257e-007	-6.0797e+011	-5.9096e+011	5.9092e+011	5.2500e-015
-2.540e+000	2.7358e-007	-6.2504e+011	-6.0797e+011	6.0793e+011	5.2500e-015
-2.530e+000	2.7455e-007	-6.4218e+011	-6.2504e+011	6.2501e+011	5.2500e-015
-2.520e+000	2.7546e-007	-6.5937e+011	-6.4218e+011	6.4214e+011	5.2500e-015
-2.510e+000	2.7634e-007	-6.7662e+011	-6.5937e+011	6.5933e+011	5.2500e-015
-2.500e+000	2.7718e-007	-6.9392e+011	-6.7662e+011	6.7658e+011	5.2500e-015
-2.490e+000	2.7798e-007	-7.1127e+011	-6.9392e+011	6.9388e+011	5.2500e-015
-2.480e+000	2.7873e-007	-7.2867e+011	-7.1127e+011	7.1123e+011	5.2500e-015
-2.470e+000	2.7947e-007	-7.4611e+011	-7.2867e+011	7.2863e+011	5.2500e-015
-2.460e+000	2.8017e-007	-7.6360e+011	-7.4611e+011	7.4607e+011	5.2500e-015
-2.450e+000	2.8085e-007	-7.8113e+011	-7.6360e+011	7.6356e+011	5.2500e-015
-2.440e+000	2.8149e-007	-7.9870e+011	-7.8113e+011	7.8109e+011	5.2500e-015
-2.430e+000	2.8210e-007	-8.1630e+011	-7.9870e+011	7.9866e+011	5.2500e-015
-2.420e+000	2.8270e-007	-8.3395e+011	-8.1630e+011	8.1627e+011	5.2500e-015
-2.410e+000	2.8327e-007	-8.5163e+011	-8.3395e+011	8.3391e+011	5.2500e-015
-2.400e+000	2.8381e-007	-8.6934e+011	-8.5163e+011	8.5159e+011	5.2500e-015
-2.390e+000	2.8434e-007	-8.8709e+011	-8.6934e+011	8.6930e+011	5.2500e-015
-2.380e+000	2.8484e-007	-9.0487e+011	-8.8709e+011	8.8705e+011	5.2500e-015
-2.370e+000	2.8533e-007	-9.2268e+011	-9.0487e+011	9.0483e+011	5.2500e-015
-2.360e+000	2.8579e-007	-9.4051e+011	-9.2268e+011	9.2264e+011	5.2500e-015
-2.350e+000	2.8625e-007	-9.5838e+011	-9.4051e+011	9.4048e+011	5.2500e-015
-2.340e+000	2.8668e-007	-9.7627e+011	-9.5838e+011	9.5834e+011	5.2500e-015
-2.330e+000	2.8710e-007	-9.9419e+011	-9.7627e+011	9.7623e+011	5.2500e-015
-2.320e+000	2.8750e-007	-1.0121e+012	-9.9419e+011	9.9415e+011	5.2500e-015
-2.310e+000	2.8790e-007	-1.0301e+012	-1.0121e+012	1.0121e+012	5.2500e-015
-2.300e+000	2.8827e-007	-1.0481e+012	-1.0301e+012	1.0301e+012	5.2500e-015
-2.290e+000	2.8864e-007	-1.0661e+012	-1.0481e+012	1.0481e+012	5.2500e-015
-2.280e+000	2.8899e-007	-1.0842e+012	-1.0661e+012	1.0661e+012	5.2500e-015
-2.270e+000	2.8933e-007	-1.1022e+012	-1.0842e+012	1.0841e+012	5.2500e-015
-2.260e+000	2.8966e-007	-1.1203e+012	-1.1022e+012	1.1022e+012	5.2500e-015
-2.250e+000	2.8998e-007	-1.1384e+012	-1.1203e+012	1.1202e+012	5.2500e-015
-2.240e+000	2.9029e-007	-1.1565e+012	-1.1384e+012	1.1383e+012	5.2500e-015
-2.230e+000	2.9059e-007	-1.1746e+012	-1.1565e+012	1.1565e+012	5.2500e-015
-2.220e+000	2.9088e-007	-1.1928e+012	-1.1746e+012	1.1746e+012	5.2500e-015
-2.210e+000	2.9116e-007	-1.2110e+012	-1.1928e+012	1.1928e+012	5.2500e-015
-2.200e+000	2.9143e-007	-1.2292e+012	-1.2110e+012	1.2109e+012	5.2500e-015
-2.190e+000	2.9170e-007	-1.2474e+012	-1.2292e+012	1.2291e+012	5.2500e-015
-2.180e+000	2.9196e-007	-1.2656e+012	-1.2474e+012	1.2473e+012	5.2500e-015
-2.170e+000	2.9221e-007	-1.2838e+012	-1.2656e+012	1.2656e+012	5.2500e-015
-2.160e+000	2.9245e-007	-1.3021e+012	-1.2838e+012	1.2838e+012	5.2500e-015
-2.150e+000	2.9268e-007	-1.3203e+012	-1.3021e+012	1.3020e+012	5.2500e-015
-2.140e+000	2.9291e-007	-1.3386e+012	-1.3203e+012	1.3203e+012	5.2500e-015
-2.130e+000	2.9314e-007	-1.3569e+012	-1.3386e+012	1.3386e+012	5.2500e-015
-2.120e+000	2.9335e-007	-1.3752e+012	-1.3569e+012	1.3569e+012	5.2500e-015
-2.110e+000	2.9357e-007	-1.3936e+012	-1.3752e+012	1.3752e+012	5.2500e-015
-2.100e+000	2.9377e-007	-1.4119e+012	-1.3936e+012	1.3935e+012	5.2500e-015
-2.090e+000	2.9397e-007	-1.4302e+012	-1.4119e+012	1.4119e+012	5.2500e-015
-2.080e+000	2.9417e-007	-1.4486e+012	-1.4302e+012	1.4302e+012	5.2500e-015
-2.070e+000	2.9436e-007	-1.4670e+012	-1.4486e+012	1.4486e+012	5.2500e-015
-2.060e+000	2.9454e-007	-1.4854e+012	-1.4670e+012	1.4669e+012	5.2500e-015
-2.050e+000	2.9472e-007	-1.5038e+012	-1.4854e+012	1.4853e+012	5.2500e-015
-2.040e+000	2.9490e-007	-1.5222e+012	-1.5038e+012	1.5037e+012	5.2500e-015
-2.030e+000	2.9507e-007	-1.5406e+012	-1.5222e+012	1.5221e+012	5.2500e-015
-2.020e+000	2.9524e-007	-1.5590e+012	-1.5406e+012	1.5405e+012	5.2500e-015
-2.010e+000	2.9540e-007	-1.5774e+012	-1.5590e+012	1.5590e+012	5.2500e-015
-2.000e+000	2.9556e-007	-1.5959e+012	-1.5774e+012	1.5774e+012	5.2500e-015
-1.990e+000	2.9572e-007	-1.6143e+012	-1.5959e+012	1.5959e+012	5.2500e-015
-1.980e+000	2.9587e-007	-1.6328e+012	-1.6143e+012	1.6143e+012	5.2500e-015
-1.970e+000	2.9602e-007	-1.6513e+012	-1.6328e+012	1.6328e+012	5.2500e-015
-1.960e+000	2.9617e-007	-1.6698e+012	-1.6513e+012	1.6513e+012	5.2500e-015
-1.950e+000	2.9631e-007	-1.6883e+012	-1.6698e+012	1.6697e+012	5.2500e-015
-1.940e+000	2.9645e-007	-1.7068e+012	-1.6883e+012	1.6882e+012	5.2500e-015
-1.930e+000	2.9658e-007	-1.7253e+012	-1.7068e+012	1.7067e+012	5.2500e-015
-1.920e+000	2.9672e-007	-1.7438e+012	-1.7253e+012	1.7252e+012	5.2500e-015
-1.910e+000	2.9685e-007	-1.7623e+012	-1.7438e+012	1.7438e+012	5.2500e-015
-1.900e+000	2.9698e-007	-1.7809e+012	-1.7623e+012	1.7623e+012	5.2500e-015
-1.890e+000	2.9710e-007	-1.7994e+012	-1.7809e+012	1.7808e+012	5.2500e-015
-1.880e+000	2.9722e-007	-1.8180e+012	-1.7994e+012	1.7994e+012	5.2500e-015
-1.870e+000	2.9734e-007	-1.8365e+012	-1.8180e+012	1.8179e+012	5.2500e-015
-1.860e+000	2.9746e-007	-1.8551e+012	-1.8365e+012	1.8365e+012	5.2500e-015
-1.850e+000	2.9758e-007	-1.8737e+012	-1.8551e+012	1.8550e+012	5.2500e-015
-1.840e+000	2.9769e-007	-1.8922e+012	-1.8737e+012	1.8736e+012	5.2500e-015
-1.830e+000	2.9780e-007	-1.9108e+012	-1.8922e+012	1.8922e+012	5.2500e-015
-1.820e+000	2.9791e-007	-1.9294e+012	-1.9108e+012	1.9108e+012	5.2500e-015
-1.810e+000	2.9802e-007	-1.9480e+012	-1.9294e+012	1.9294e+012	5.2500e-015
-1.800e+000	2.9812e-007	-1.9666e+012	-1.9480e+012	1.9480e+012	5.2500e-015
-1.790e+000	2.9822e-007	-1.9852e+012	-1.9666e+012	1.9666e+012	5.2500e-015
-1.780e+000	2.9832e-007	-2.0039e+012	-1.9852e+012	1.9852e+012	5.2500e-015
-1.770e+000	2.9842e-007	-2.0225e+012	-2.0039e+012	2.0038e+012	5.2500e-015
-1.760e+000	2.9852e-007	-2.0411e+012	-2.0225e+012	2.0224e+012	5.2500e-015
-1.750e+000	2.9862e-007	-2.0598e+012	-2.0411e+012	2.0411e+012	5.2500e-015
-1.740e+000	2.9871e-007	-2.0784e+012	-2.0598e+012	2.0597e+012	5.2500e-015
-1.730e+000	2.9880e-007	-2.0971e+012	-2.0784e+012	2.0784e+012	5.2500e-015
-1.720e+000	2.9889e-007	-2.1157e+012	-2.0971e+012	2.0970e+012	5.2500e-015
-1.710e+000	2.9898e-007	-2.1344e+012	-2.1157e+012	2.1157e+012	5.2500e-015
-1.700e+000	2.9907e-007	-2.1530e+012	-2.1344e+012	2.1343e+012	5.2500e-015
-1.690e+000	2.9915e-007	-2.1717e+012	-2.1530e+012	2.1530e+012	5.2500e-015
-1.680e+000	2.9924e-007	-2.1904e+012	-2.1717e+012	2.1717e+012	5.2500e-015
-1.670e+000	2.9932e-007	-2.2091e+012	-2.1904e+012	2.1903e+012	5.2500e-015
-1.660e+000	2.9940e-007	-2.2278e+012	-2.2091e+012	2.2090e+012	5.2500e-015
-1.650e+000	2.9948e-007	-2.2464e+012	-2.2278e+012	2.2277e+012	5.2500e-015
-1.640e+000	2.9956e-007	-2.2651e+012	-2.2464e+012	2.2464e+012	5.2500e-015
-1.630e+000	2.9964e-007	-2.2838e+012	-2.2651e+012	2.2651e+012	5.2500e-015
-1.620e+000	2.9972e-007	-2.3026e+012	-2.2838e+012	2.2838e+012	5.2500e-015
-1.610e+000	2.9979e-007	-2.3213e+012	-2.3026e+012	2.3025e+012	5.2500e-015
-1.600e+000	2.9987e-007	-2.3400e+012	-2.3213e+012	2.3212e+012	5.2500e-015
-1.590e+000	2.9994e-007	-2.3587e+012	-2.3400e+012	2.3399e+012	5.2500e-015
-1.580e+000	3.0001e-007	-2.3774e+012	-2.3587e+012	2.3587e+012	5.2500e-015
-1.570e+000	3.0008e-007	-2.3962e+012	-2.3774e+012	2.3774e+012	5.2500e-015
-1.560e+000	3.0015e-007	-2.4149e+012	-2.3962e+012	2.3961e+012	5.2500e-015
-1.550e+000	3.0022e-007	-2.4336e+012	-2.4149e+012	2.4149e+012	5.2500e-015
-1.540e+000	3.0029e-007	-2.4524e+012	-2.4336e+012	2.4336e+012	5.2500e-015
-1.530e+000	3.0036e-007	-2.4711e+012	-2.4524e+012	2.4523e+012	5.2500e-015
-1.520e+000	3.0042e-007	-2.4899e+012	-2.4711e+012	2.4711e+012	5.2500e-015
-1.510e+000	3.0049e-007	-2.5086e+012	-2.4899e+012	2.4898e+012	5.2500e-015
-1.500e+000	3.0055e-007	-2.5274e+012	-2.5086e+012	2.5086e+012	5.2500e-015
-1.490e+000	3.0062e-007	-2.5461e+012	-2.5274e+012	2.5273e+012	5.2500e-015
-1.480e+000	3.0068e-007	-2.5649e+012	-2.5461e+012	2.5461e+012	5.2500e-015
-1.470e+000	3.0074e-007	-2.5837e+012	-2.5649e+012	2.5649e+012	5.2500e-015
-1.460e+000	3.0080e-007	-2.6025e+012	-2.5837e+012	2.5836e+012	5.2500e-015
-1.450e+000	3.0086e-007	-2.6212e+012	-2.6025e+012	2.6024e+012	5.2500e-015
-1.440e+000	3.0092e-007	-2.6400e+012	-2.6212e+012	2.6212e+012	5.2500e-015
-1.430e+000	3.0098e-007	-2.6588e+012	-2.6400e+012	2.6400e+012	5.2500e-015
-1.420e+000	3.0103e-007	-2.6776e+012	-2.6588e+012	2.6588e+012	5.2500e-015
-1.410e+000	3.0109e-007	-2.6964e+012	-2.6776e+012	2.6776e+012	5.2500e-015
-1.400e+000	3.0115e-007	-2.7152e+012	-2.6964e+012	2.6963e+012	5.2500e-015
-1.390e+000	3.0120e-007	-2.7340e+012	-2.7152e+012	2.7151e+012	5.2500e-015
-1.380e+000	3.0126e-007	-2.7528e+012	-2.7340e+012	2.7339e+012	5.2500e-015
-1.370e+000	3.0131e-007	-2.7716e+012	-2.7528e+012	2.7527e+012	5.2500e-015
-1.360e+000	3.0136e-007	-2.7904e+012	-2.7716e+012	2.7715e+012	5.2500e-015
-1.350e+000	3.0142e-007	-2.8092e+012	-2.7904e+012	2.7904e+012	5.2500e-015
-1.340e+000	3.0147e-007	-2.8280e+012	-2.8092e+012	2.8092e+012	5.2500e-015
-1.330e+000	3.0152e-007	-2.8468e+012	-2.8280e+012	2.8280e+012	5.2500e-015
-1.320e+000	3.0157e-007	-2.8657e+012	-2.8468e+012	2.8468e+012	5.2500e-015
-1.310e+000	3.0162e-007	-2.8845e+012	-2.8657e+012	2.8656e+012	5.2500e-015
-1.300e+000	3.0167e-007	-2.9033e+012	-2.8845e+012	2.8845e+012	5.2500e-015
-1.290e+000	3.0172e-007	-2.9222e+012	-2.9033e+012	2.9033e+012	5.2500e-015
-1.280e+000	3.0177e-007	-2.9410e+012	-2.9222e+012	2.9221e+012	5.2500e-015
-1.270e+000	3.0182e-007	-2.9598e+012	-2.9410e+012	2.9410e+012	5.2500e-015
-1.260e+000	3.0186e-007	-2.9787e+012	-2.9598e+012	2.9598e+012	5.2500e-015
-1.250e+000	3.0191e-007	-2.9975e+012	-2.9787e+012	2.9786e+012	5.2500e-015
-1.240e+000	3.0196e-007	-3.0164e+012	-2.9975e+012	2.9975e+012	5.2500e-015
-1.230e+000	3.0200e-007	-3.0352e+012	-3.0164e+012	3.0163e+012	5.2500e-015
-1.220e+000	3.0205e-007	-3.0541e+012	-3.0352e+012	3.0352e+012	5.2500e-015
-1.210e+000	3.0209e-007	-3.0729e+012	-3.0541e+012	3.0540e+012	5.2500e-015
-1.200e+000	3.0214e-007	-3.0918e+012	-3.0729e+012	3.0729e+012	5.2500e-015
-1.190e+000	3.0218e-007	-3.1106e+012	-3.0918e+012	3.0917e+012	5.2500e-015
-1.180e+000	3.0222e-007	-3.1295e+012	-3.1106e+012	3.1106e+012	5.2500e-015
-1.170e+000	3.0227e-007	-3.1484e+012	-3.1295e+012	3.1295e+012	5.2500e-015
-1.160e+000	3.0231e-007	-3.1672e+012	-3.1484e+012	3.1483e+012	5.2500e-015
-1.150e+000	3.0235e-007	-3.1861e+012	-3.1672e+012	3.1672e+012	5.2500e-015
-1.140e+000	3.0239e-007	-3.2050e+012	-3.1861e+012	3.1861e+012	5.2500e-015
-1.130e+000	3.0243e-007	-3.2239e+012	-3.2050e+012	3.2049e+012	5.2500e-015
-1.120e+000	3.0247e-007	-3.2427e+012	-3.2239e+012	3.2238e+012	5.2500e-015
-1.110e+000	3.0251e-007	-3.2616e+012	-3.2427e+012	3.2427e+012	5.2500e-015
-1.100e+000	3.0255e-007	-3.2805e+012	-3.2616e+012	3.2616e+012	5.2500e-015
-1.090e+000	3.0259e-007	-3.2994e+012	-3.2805e+012	3.2805e+012	5.2500e-015
-1.080e+000	3.0263e-007	-3.3183e+012	-3.2994e+012	3.2993e+012	5.2500e-015
-1.070e+000	3.0267e-007	-3.3372e+012	-3.3183e+012	3.3182e+012	5.2500e-015
-1.060e+000	3.0271e-007	-3.3561e+012	-3.3372e+012	3.3371e+012	5.2500e-015
-1.050e+000	3.0275e-007	-3.3750e+012	-3.3561e+012	3.3560e+012	5.2500e-015
-1.040e+000	3.0279e-007	-3.3939e+012	-3.3750e+012	3.3749e+012	5.2500e-015
-1.030e+000	3.0282e-007	-3.4128e+012	-3.3939e+012	3.3938e+012	5.2500e-015
-1.020e+000	3.0286e-007	-3.4317e+012	-3.4128e+012	3.4127e+012	5.2500e-015
-1.010e+000	3.0290e-007	-3.4506e+012	-3.4317e+012	3.4316e+012	5.2500e-015
-1.000e+000	3.0293e-007	-3.4695e+012	-3.4506e+012	3.4505e+012	5.2500e-015
-9.900e-001	3.0297e-007	-3.4884e+012	-3.4695e+012	3.4694e+012	5.2500e-015
-9.800e-001	3.0300e-007	-3.5073e+012	-3.4884e+012	3.4883e+012	5.2500e-015
-9.700e-001	3.0304e-007	-3.5262e+012	-3.5073e+012	3.5073e+012	5.2500e-015
-9.600e-001	3.0307e-007	-3.5451e+012	-3.5262e+012	3.5262e+012	5.2500e-015
-9.500e-001	3.0311e-007	-3.5640e+012	-3.5451e+012	3.5451e+012	5.2500e-015
-9.400e-001	3.0314e-007	-3.5830e+012	-3.5640e+012	3.5640e+012	5.2500e-015
-9.300e-001	3.0318e-007	-3.6019e+012	-3.5830e+012	3.5829e+012	5.2500e-015
-9.200e-001	3.0321e-007	-3.6208e+012	-3.6019e+012	3.6018e+012	5.2500e-015
-9.100e-001	3.0324e-007	-3.6397e+012	-3.6208e+012	3.6208e+012	5.2500e-015
-9.000e-001	3.0328e-007	-3.6587e+012	-3.6397e+012	3.6397e+012	5.2500e-015
-8.900e-001	3.0331e-007	-3.6776e+012	-3.6587e+012	3.6586e+012	5.2500e-015
-8.800e-001	3.0334e-007	-3.6965e+012	-3.6776e+012	3.6776e+012	5.2500e-015
-8.700e-001	3.0338e-007	-3.7155e+012	-3.6965e+012	3.6965e+012	5.2500e-015
-8.600e-001	3.0341e-007	-3.7344e+012	-3.7155e+012	3.7154e+012	5.2500e-015
-8.500e-001	3.0344e-007	-3.7533e+012	-3.7344e+012	3.7344e+012	5.2500e-015
-8.400e-001	3.0347e-007	-3.7723e+012	-3.7533e+012	3.7533e+012	5.2500e-015
-8.300e-001	3.0350e-007	-3.7912e+012	-3.7723e+012	3.7722e+012	5.2500e-015
-8.200e-001	3.0353e-007	-3.8102e+012	-3.7912e+012	3.7912e+012	5.2500e-015
-8.100e-001	3.0356e-007	-3.8291e+012	-3.8102e+012	3.8101e+012	5.2500e-015
-8.000e-001	3.0359e-007	-3.8481e+012	-3.8291e+012	3.8291e+012	5.2500e-015
-7.900e-001	3.0362e-007	-3.8670e+012	-3.8481e+012	3.8480e+012	5.2500e-015
-7.800e-001	3.0365e-007	-3.8860e+012	-3.8670e+012	3.8670e+012	5.2500e-015
-7.700e-001	3.0368e-007	-3.9049e+012	-3.8860e+012	3.8859e+012	5.2500e-015
-7.600e-001	3.0371e-007	-3.9239e+012	-3.9049e+012	3.9049e+012	5.2500e-015
-7.500e-001	3.0374e-007	-3.9428e+012	-3.9239e+012	3.9238e+012	5.2500e-015
-7.400e-001	3.0377e-007	-3.9618e+012	-3.9428e+012	3.9428e+012	5.2500e-015
-7.300e-001	3.0380e-007	-3.9808e+012	-3.9618e+012	3.9618e+012	5.2500e-015
-7.200e-001	3.0383e-007	-3.9997e+012	-3.9808e+012	3.9807e+012	5.2500e-015
-7.100e-001	3.0386e-007	-4.0187e+012	-3.9997e+012	3.9997e+012	5.2500e-015
-7.000e-001	3.0389e-007	-4.0377e+012	-4.0187e+012	4.0186e+012	5.2500e-015
-6.900e-001	3.0391e-007	-4.0566e+012	-4.0377e+012	4.0376e+012	5.2500e-015
-6.800e-001	3.0394e-007	-4.0756e+012	-4.0566e+012	4.0566e+012	5.2500e-015
-6.700e-001	3.0397e-007	-4.0946e+012	-4.0756e+012	4.0756e+012	5.2500e-015
-6.600e-001	3.0400e-007	-4.1135e+012	-4.0946e+012	4.0945e+012	5.2500e-015
-6.500e-001	3.0402e-007	-4.1325e+012	-4.1135e+012	4.1135e+012	5.2500e-015
-6.400e-001	3.0405e-007	-4.1515e+012	-4.1325e+012	4.1325e+012	5.2500e-015
-6.300e-001	3.0408e-007	-4.1705e+012	-4.1515e+012	4.1515e+012	5.2500e-015
-6.200e-001	3.0410e-007	-4.1895e+012	-4.1705e+012	4.1704e+012	5.2500e-015
-6.100e-001	3.0413e-007	-4.2084e+012	-4.1895e+012	4.1894e+012	5.2500e-015
-6.000e-001	3.0416e-007	-4.2274e+012	-4.2084e+012	4.2084e+012	5.2500e-015
-5.900e-001	3.0418e-007	-4.2464e+012	-4.2274e+012	4.2274e+012	5.2500e-015
-5.800e-001	3.0421e-007	-4.2654e+012	-4.2464e+012	4.2464e+012	5.2500e-015
-5.700e-001	3.0423e-007	-4.2844e+012	-4.2654e+012	4.2654e+012	5.2500e-015
-5.600e-001	3.0426e-007	-4.3034e+012	-4.2844e+012	4.2843e+012	5.2500e-015
-5.500e-001	3.0429e-007	-4.3224e+012	-4.3034e+012	4.3033e+012	5.2500e-015
-5.400e-001	3.0431e-007	-4.3414e+012	-4.3224e+012	4.3223e+012	5.2500e-015
-5.300e-001	3.0434e-007	-4.3604e+012	-4.3414e+012	4.3413e+012	5.2500e-015
-5.200e-001	3.0436e-007	-4.3793e+012	-4.3604e+012	4.3603e+012	5.2500e-015
-5.100e-001	3.0439e-007	-4.3983e+012	-4.3793e+012	4.3793e+012	5.2500e-015
-5.000e-001	3.0441e-007	-4.4173e+012	-4.3983e+012	4.3983e+012	5.2500e-015
-4.900e-001	3.0443e-007	-4.4363e+012	-4.4173e+012	4.4173e+012	5.2500e-015
-4.800e-001	3.0446e-007	-4.4554e+012	-4.4363e+012	4.4363e+012	5.2500e-015
-4.700e-001	3.0448e-007	-4.4744e+012	-4.4554e+012	4.4553e+012	5.2500e-015
-4.600e-001	3.0451e-007	-4.4934e+012	-4.4744e+012	4.4743e+012	5.2500e-015
-4.500e-001	3.0453e-007	-4.5124e+012	-4.4934e+012	4.4933e+012	5.2500e-015
-4.400e-001	3.0455e-007	-4.5314e+012	-4.5124e+012	4.5123e+012	5.2500e-015
-4.300e-001	3.0458e-007	-4.5504e+012	-4.5314e+012	4.5313e+012	5.2500e-015
-4.200e-001	3.0460e-007	-4.5694e+012	-4.5504e+012	4.5503e+012	5.2500e-015
-4.100e-001	3.0462e-007	-4.5884e+012	-4.5694e+012	4.5694e+012	5.2500e-015
-4.000e-001	3.0465e-007	-4.6074e+012	-4.5884e+012	4.5884e+012	5.2500e-015
-3.900e-001	3.0467e-007	-4.6264e+012	-4.6074e+012	4.6074e+012	5.2500e-015
-3.800e-001	3.0469e-007	-4.6455e+012	-4.6264e+012	4.6264e+012	5.2500e-015
-3.700e-001	3.0471e-007	-4.6645e+012	-4.6455e+012	4.6454e+012	5.2500e-015
-3.600e-001	3.0474e-007	-4.6835e+012	-4.6645e+012	4.6644e+012	5.2500e-015
-3.500e-001	3.0476e-007	-4.7025e+012	-4.6835e+012	4.6835e+012	5.2500e-015
-3.400e-001	3.0478e-007	-4.7215e+012	-4.7025e+012	4.7025e+012	5.2500e-015
-3.300e-001	3.0480e-007	-4.7406e+012	-4.7215e+012	4.7215e+012	5.2500e-015
-3.200e-001	3.0482e-007	-4.7596e+012	-4.7406e+012	4.7405e+012	5.2500e-015
-3.100e-001	3.0485e-007	-4.7786e+012	-4.7596e+012	4.7596e+012	5.2500e-015
-3.000e-001	3.0487e-007	-4.7976e+012	-4.7786e+012	4.7786e+012	5.2500e-015
-2.900e-001	3.0489e-007	-4.8167e+012	-4.7976e+012	4.7976e+012	5.2500e-015
-2.800e-001	3.0491e-007	-4.8357e+012	-4.8167e+012	4.8166e+012	5.2500e-015
-2.700e-001	3.0493e-007	-4.8547e+012	-4.8357e+012	4.8357e+012	5.2500e-015
-2.600e-001	3.0495e-007	-4.8738e+012	-4.8547e+012	4.8547e+012	5.2500e-015
-2.500e-001	3.0497e-007	-4.8928e+012	-4.8738e+012	4.8737e+012	5.2500e-015
-2.400e-001	3.0500e-007	-4.9118e+012	-4.8928e+012	4.8928e+012	5.2500e-015
-2.300e-001	3.0502e-007	-4.9309e+012	-4.9118e+012	4.9118e+012	5.2500e-015
-2.200e-001	3.0504e-007	-4.9499e+012	-4.9309e+012	4.9308e+012	5.2500e-015
-2.100e-001	3.0506e-007	-4.9690e+012	-4.9499e+012	4.9499e+012	5.2500e-015
-2.000e-001	3.0508e-007	-4.9880e+012	-4.9690e+012	4.9689e+012	5.2500e-015
-1.900e-001	3.0510e-007	-5.0070e+012	-4.9880e+012	4.9880e+012	5.2500e-015
-1.800e-001	3.0512e-007	-5.0261e+012	-5.0070e+012	5.0070e+012	5.2500e-015
-1.700e-001	3.0514e-007	-5.0451e+012	-5.0261e+012	5.0260e+012	5.2500e-015
-1.600e-001	3.0516e-007	-5.0642e+012	-5.0451e+012	5.0451e+012	5.2500e-015
-1.500e-001	3.0518e-007	-5.0832e+012	-5.0642e+012	5.0641e+012	5.2500e-015
-1.400e-001	3.0520e-007	-5.1023e+012	-5.0832e+012	5.0832e+012	5.2500e-015
-1.300e-001	3.0522e-007	-5.1213e+012	-5.1023e+012	5.1022e+012	5.2500e-015
-1.200e-001	3.0524e-007	-5.1404e+012	-5.1213e+012	5.1213e+012	5.2500e-015
-1.100e-001	3.0526e-007	-5.1594e+012	-5.1404e+012	5.1403e+012	5.2500e-015
-1.000e-001	3.0528e-007	-5.1785e+012	-5.1594e+012	5.1594e+012	5.2500e-015
-9.000e-002	3.0530e-007	-5.1975e+012	-5.1785e+012	5.1784e+012	5.2500e-015
-8.000e-002	3.0531e-007	-5.2166e+012	-5.1975e+012	5.1975e+012	5.2500e-015
-7.000e-002	3.0533e-007	-5.2357e+012	-5.2166e+012	5.2166e+012	5.2500e-015
-6.000e-002	3.0535e-007	-5.2547e+012	-5.2357e+012	5.2356e+012	5.2500e-015
-5.000e-002	3.0537e-007	-5.2738e+012	-5.2547e+012	5.2547e+012	5.2500e-015
-4.000e-002	3.0539e-007	-5.2928e+012	-5.2738e+012	5.2737e+012	5.2500e-015
-3.000e-002	3.0541e-007	-5.3119e+012	-5.2928e+012	5.2928e+012	5.2500e-015
-2.000e-002	3.0543e-007	-5.3310e+012	-5.3119e+012	5.3119e+012	5.2500e-015
-1.000e-002	3.0545e-007	-5.3500e+012	-5.3310e+012	5.3309e+012	5.2500e-015
0.000e+000	3.0546e-007	-5.3691e+012	-5.3500e+012	5.3500e+012	5.2500e-015
1.000e-002	3.0548e-007	-5.3882e+012	-5.3691e+012	5.3690e+012	5.2500e-015
2.000e-002	3.0550e-007	-5.4072e+012	-5.3882e+012	5.3881e+012	5.2500e-015
3.000e-002	3.0552e-007	-5.4263e+012	-5.4072e+012	5.4072e+012	5.2500e-015
4.000e-002	3.0554e-007	-5.4454e+012	-5.4263e+012	5.4263e+012	5.2500e-015
5.000e-002	3.0556e-007	-5.4644e+012	-5.4454e+012	5.4453e+012	5.2500e-015
6.000e-002	3.0558e-007	-5.4835e+012	-5.4644e+012	5.4644e+012	5.2500e-015
7.000e-002	3.0560e-007	-5.5026e+012	-5.4835e+012	5.4835e+012	5.2500e-015
8.000e-002	3.0562e-007	-5.5217e+012	-5.5026e+012	5.5025e+012	5.2500e-015
9.000e-002	3.0564e-007	-5.5407e+012	-5.5217e+012	5.5216e+012	5.2500e-015
1.000e-001	3.0566e-007	-5.5598e+012	-5.5407e+012	5.5407e+012	5.2500e-015
1.100e-001	3.0568e-007	-5.5789e+012	-5.5598e+012	5.5598e+012	5.2500e-015
1.200e-001	3.0571e-007	-5.5980e+012	-5.5789e+012	5.5788e+012	5.2500e-015
1.300e-001	3.0574e-007	-5.6171e+012	-5.5980e+012	5.5979e+012	5.2500e-015
1.400e-001	3.0578e-007	-5.6361e+012	-5.6171e+012	5.6170e+012	5.2500e-015
1.500e-001	3.0582e-007	-5.6552e+012	-5.6361e+012	5.6361e+012	5.2500e-015
1.600e-001	3.0588e-007	-5.6743e+012	-5.6552e+012	5.6552e+012	5.2500e-015
1.700e-001	3.0595e-007	-5.6934e+012	-5.6743e+012	5.6743e+012	5.2500e-015
1.800e-001	3.0605e-007	-5.7125e+012	-5.6934e+012	5.6934e+012	5.2500e-015
1.900e-001	3.0618e-007	-5.7316e+012	-5.7125e+012	5.7125e+012	5.2500e-015
2.000e-001	3.0635e-007	-5.7507e+012	-5.7316e+012	5.7316e+012	5.2500e-015
2.100e-001	3.0659e-007	-5.7699e+012	-5.7507e+012	5.7507e+012	5.2500e-015
2.200e-001	3.0692e-007	-5.7890e+012	-5.7699e+012	5.7698e+012	5.2500e-015
2.300e-001	3.0738e-007	-5.8082e+012	-5.7890e+012	5.7890e+012	5.2500e-015
2.400e-001	3.0801e-007	-5.8274e+012	-5.8082e+012	5.8082e+012	5.2500e-015
2.500e-001	3.0891e-007	-5.8467e+012	-5.8274e+012	5.8274e+012	5.2500e-015
2.600e-001	3.1015e-007	-5.8661e+012	-5.8467e+012	5.8467e+012	5.2500e-015
2.700e-001	3.1190e-007	-5.8856e+012	-5.8661e+012	5.8660e+012	5.2500e-015
2.800e-001	3.1435e-007	-5.9052e+012	-5.8856e+012	5.8855e+012	5.2500e-015
2.900e-001	3.1779e-007	-5.9250e+012	-5.9052e+012	5.9051e+012	5.2500e-015
3.000e-001	3.2259e-007	-5.9451e+012	-5.9250e+012	5.9250e+012	5.2500e-015
3.100e-001	3.2860e-007	-5.9657e+012	-5.9451e+012	5.9451e+012	5.2500e-015
3.200e-001	3.3795e-007	-5.9867e+012	-5.9657e+012	5.9656e+012	5.2500e-015
3.300e-001	3.5024e-007	-6.0086e+012	-5.9867e+012	5.9867e+012	5.2500e-015
3.400e-001	3.6681e-007	-6.0315e+012	-6.0086e+012	6.0086e+012	5.2500e-015
3.500e-001	3.8882e-007	-6.0558e+012	-6.0315e+012	6.0315e+012	5.2500e-015
3.600e-001	4.1747e-007	-6.0818e+012	-6.0558e+012	6.0557e+012	5.2500e-015
3.700e-001	4.5382e-007	-6.1102e+012	-6.0818e+012	6.0818e+012	5.2500e-015
3.800e-001	4.9852e-007	-6.1413e+012	-6.1102e+012	6.1101e+012	5.2500e-015
3.900e-001	5.5155e-007	-6.1757e+012	-6.1413e+012	6.1412e+012	5.2500e-015
4.000e-001	6.1201e-007	-6.2139e+012	-6.1757e+012	6.1756e+012	5.2500e-015
4.100e-001	6.7817e-007	-6.2562e+012	-6.2139e+012	6.2138e+012	5.2500e-015
4.200e-001	7.4768e-007	-6.3029e+012	-6.2562e+012	6.2562e+012	5.2500e-015
4.300e-001	8.1803e-007	-6.3539e+012	-6.3029e+012	6.3028e+012	5.2500e-015
4.400e-001	8.8696e-007	-6.4093e+012	-6.3539e+012	6.3539e+012	5.2500e-015
4.500e-001	9.5277e-007	-6.4688e+012	-6.4093e+012	6.4093e+012	5.2500e-015
4.600e-001	1.0144e-006	-6.5321e+012	-6.4688e+012	6.4687e+012	5.2500e-015
4.700e-001	1.0712e-006	-6.5989e+012	-6.5321e+012	6.5320e+012	5.2500e-015
4.800e-001	1.1233e-006	-6.6691e+012	-6.5989e+012	6.5989e+012	5.2500e-015
4.900e-001	1.1707e-006	-6.7421e+012	-6.6691e+012	6.6690e+012	5.2500e-015
5.000e-001	1.2136e-006	-6.8179e+012	-6.7421e+012	6.7421e+012	5.2500e-015
5.100e-001	1.2533e-006	-6.8961e+012	-6.8179e+012	6.8178e+012	5.2500e-015
5.200e-001	1.2893e-006	-6.9766e+012	-6.8961e+012	6.8961e+012	5.2500e-015
5.300e-001	1.3225e-006	-7.0591e+012	-6.9766e+012	6.9765e+012	5.2500e-015
5.400e-001	1.3533e-006	-7.1436e+012	-7.0591e+012	7.0591e+012	5.2500e-015
5.500e-001	1.3819e-006	-7.2298e+012	-7.1436e+012	7.1435e+012	5.2500e-015
5.600e-001	1.4087e-006	-7.3178e+012	-7.2298e+012	7.2298e+012	5.2500e-015
5.700e-001	1.4341e-006	-7.4073e+012	-7.3178e+012	7.3177e+012	5.2500e-015
5.800e-001	1.4581e-006	-7.4983e+012	-7.4073e+012	7.4072e+012	5.2500e-015
5.900e-001	1.4811e-006	-7.5907e+012	-7.4983e+012	7.4982e+012	5.2500e-015
6.000e-001	1.5031e-006	-7.6845e+012	-7.5907e+012	7.5907e+012	5.2500e-015
6.100e-001	1.5243e-006	-7.7797e+012	-7.6845e+012	7.6845e+012	5.2500e-015
6.200e-001	1.5449e-006	-7.8761e+012	-7.7797e+012	7.7796e+012	5.2500e-015
6.300e-001	1.5649e-006	-7.9738e+012	-7.8761e+012	7.8760e+012	5.2500e-015
6.400e-001	1.5843e-006	-8.0726e+012	-7.9738e+012	7.9737e+012	5.2500e-015
6.500e-001	1.6033e-006	-8.1727e+012	-8.0726e+012	8.0726e+012	5.2500e-015
6.600e-001	1.6218e-006	-8.2739e+012	-8.1727e+012	8.1727e+012	5.2500e-015
6.700e-001	1.6398e-006	-8.3763e+012	-8.2739e+012	8.2739e+012	5.2500e-015
6.800e-001	1.6574e-006	-8.4797e+012	-8.3763e+012	8.3762e+012	5.2500e-015
6.900e-001	1.6745e-006	-8.5842e+012	-8.4797e+012	8.4797e+012	5.2500e-015
7.000e-001	1.6912e-006	-8.6898e+012	-8.5842e+012	8.5842e+012	5.2500e-015
7.100e-001	1.7074e-006	-8.7964e+012	-8.6898e+012	8.6898e+012	5.2500e-015
7.200e-001	1.7232e-006	-8.9039e+012	-8.7964e+012	8.7963e+012	5.2500e-015
7.300e-001	1.7384e-006	-9.0124e+012	-8.9039e+012	8.9039e+012	5.2500e-015
7.400e-001	1.7531e-006	-9.1218e+012	-9.0124e+012	9.0124e+012	5.2500e-015
7.500e-001	1.7673e-006	-9.2321e+012	-9.1218e+012	9.1218e+012	5.2500e-015
7.600e-001	1.7810e-006	-9.3433e+012	-9.2321e+012	9.2321e+012	5.2500e-015
7.700e-001	1.7941e-006	-9.4553e+012	-9.3433e+012	9.3433e+012	5.2500e-015
7.800e-001	1.8068e-006	-9.5681e+012	-9.4553e+012	9.4552e+012	5.2500e-015
7.900e-001	1.8190e-006	-9.6816e+012	-9.5681e+012	9.5680e+012	5.2500e-015
8.000e-001	1.8207e-006	-9.7952e+012	-9.6816e+012	9.6815e+012	5.2500e-015
8.100e-001	1.8241e-006	-9.9091e+012	-9.7952e+012	9.7952e+012	5.2500e-015
8.200e-001	1.8338e-006	-1.0024e+013	-9.9091e+012	9.9090e+012	5.2500e-015
8.300e-001	1.8432e-006	-1.0139e+013	-1.0024e+013	1.0023e+013	5.2500e-015
8.400e-001	1.8521e-006	-1.0254e+013	-1.0139e+013	1.0139e+013	5.2500e-015
8.500e-001	1.8607e-006	-1.0370e+013	-1.0254e+013	1.0254e+013	5.2500e-015
8.600e-001	1.8690e-006	-1.0487e+013	-1.0370e+013	1.0370e+013	5.2500e-015
8.700e-001	1.8767e-006	-1.0604e+013	-1.0487e+013	1.0487e+013	5.2500e-015
8.800e-001	1.8844e-006	-1.0722e+013	-1.0604e+013	1.0604e+013	5.2500e-015
8.900e-001	1.8917e-006	-1.0840e+013	-1.0722e+013	1.0722e+013	5.2500e-015
9.000e-001	1.8987e-006	-1.0958e+013	-1.0840e+013	1.0840e+013	5.2500e-015
9.100e-001	1.9054e-006	-1.1077e+013	-1.0958e+013	1.0958e+013	5.2500e-015
9.200e-001	1.9119e-006	-1.1197e+013	-1.1077e+013	1.1077e+013	5.2500e-015
9.300e-001	1.9181e-006	-1.1316e+013	-1.1197e+013	1.1197e+013	5.2500e-015
9.400e-001	1.9241e-006	-1.1436e+013	-1.1316e+013	1.1316e+013	5.2500e-015
9.500e-001	1.9299e-006	-1.1557e+013	-1.1436e+013	1.1436e+013	5.2500e-015
9.600e-001	1.9355e-006	-1.1678e+013	-1.1557e+013	1.1557e+013	5.2500e-015
9.700e-001	1.9410e-006	-1.1799e+013	-1.1678e+013	1.1678e+013	5.2500e-015
9.800e-001	1.9462e-006	-1.1920e+013	-1.1799e+013	1.1799e+013	5.2500e-015
9.900e-001	1.9513e-006	-1.2042e+013	-1.1920e+013	1.1920e+013	5.2500e-015
1.000e+000	1.9563e-006	-1.2164e+013	-1.2042e+013	1.2042e+013	5.2500e-015
1.010e+000	1.9611e-006	-1.2287e+013	-1.2164e+013	1.2164e+013	5.2500e-015
1.020e+000	1.9658e-006	-1.2409e+013	-1.2287e+013	1.2286e+013	5.2500e-015
1.030e+000	1.9703e-006	-1.2532e+013	-1.2409e+013	1.2409e+013	5.2500e-015
1.040e+000	1.9747e-006	-1.2655e+013	-1.2532e+013	1.2532e+013	5.2500e-015
1.050e+000	1.9791e-006	-1.2779e+013	-1.2655e+013	1.2655e+013	5.2500e-015
1.060e+000	1.9833e-006	-1.2903e+013	-1.2779e+013	1.2779e+013	5.2500e-015
1.070e+000	1.9874e-006	-1.3027e+013	-1.2903e+013	1.2903e+013	5.2500e-015
1.080e+000	1.9914e-006	-1.3151e+013	-1.3027e+013	1.3027e+013	5.2500e-015
1.090e+000	1.9953e-006	-1.3276e+013	-1.3151e+013	1.3151e+013	5.2500e-015
1.100e+000	1.9992e-006	-1.3400e+013	-1.3276e+013	1.3276e+013	5.2500e-015
1.110e+000	2.0030e-006	-1.3525e+013	-1.3400e+013	1.3400e+013	5.2500e-015
1.120e+000	2.0067e-006	-1.3651e+013	-1.3525e+013	1.3525e+013	5.2500e-015
1.130e+000	2.0103e-006	-1.3776e+013	-1.3651e+013	1.3651e+013	5.2500e-015
1.140e+000	2.0139e-006	-1.3902e+013	-1.3776e+013	1.3776e+013	5.2500e-015
1.150e+000	2.0173e-006	-1.4028e+013	-1.3902e+013	1.3902e+013	5.2500e-015
1.160e+000	2.0208e-006	-1.4154e+013	-1.4028e+013	1.4028e+013	5.2500e-015
1.170e+000	2.0241e-006	-1.4280e+013	-1.4154e+013	1.4154e+013	5.2500e-015
1.180e+000	2.0275e-006	-1.4407e+013	-1.4280e+013	1.4280e+013	5.2500e-015
1.190e+000	2.0307e-006	-1.4534e+013	-1.4407e+013	1.4407e+013	5.2500e-015
1.200e+000	2.0339e-006	-1.4660e+013	-1.4534e+013	1.4533e+013	5.2500e-015
1.210e+000	2.0371e-006	-1.4788e+013	-1.4660e+013	1.4660e+013	5.2500e-015
1.220e+000	2.0402e-006	-1.4915e+013	-1.4788e+013	1.4788e+013	5.2500e-015
1.230e+000	2.0433e-006	-1.5042e+013	-1.4915e+013	1.4915e+013	5.2500e-015
1.240e+000	2.0464e-006	-1.5170e+013	-1.5042e+013	1.5042e+013	5.2500e-015
1.250e+000	2.0494e-006	-1.5298e+013	-1.5170e+013	1.5170e+013	5.2500e-015
1.260e+000	2.0524e-006	-1.5426e+013	-1.5298e+013	1.5298e+013	5.2500e-015
1.270e+000	2.0554e-006	-1.5555e+013	-1.5426e+013	1.5426e+013	5.2500e-015
1.280e+000	2.0584e-006	-1.5683e+013	-1.5555e+013	1.5554e+013	5.2500e-015
1.290e+000	2.0615e-006	-1.5812e+013	-1.5683e+013	1.5683e+013	5.2500e-015
1.300e+000	2.0645e-006	-1.5941e+013	-1.5812e+013	1.5812e+013	5.2500e-015
1.310e+000	2.0676e-006	-1.6070e+013	-1.5941e+013	1.5940e+013	5.2500e-015
1.320e+000	2.0709e-006	-1.6199e+013	-1.6070e+013	1.6070e+013	5.2500e-015
1.330e+000	2.0743e-006	-1.6328e+013	-1.6199e+013	1.6199e+013	5.2500e-015
1.340e+000	2.0779e-006	-1.6458e+013	-1.6328e+013	1.6328e+013	5.2500e-015
1.350e+000	2.0818e-006	-1.6588e+013	-1.6458e+013	1.6458e+013	5.2500e-015
1.360e+000	2.0861e-006	-1.6718e+013	-1.6588e+013	1.6588e+013	5.2500e-015
1.370e+000	2.0910e-006	-1.6849e+013	-1.6718e+013	1.6718e+013	5.2500e-015
1.380e+000	2.0966e-006	-1.6979e+013	-1.6849e+013	1.6849e+013	5.2500e-015
1.390e+000	2.1027e-006	-1.7111e+013	-1.6979e+013	1.6979e+013	5.2500e-015
1.400e+000	2.1109e-006	-1.7242e+013	-1.7111e+013	1.7111e+013	5.2500e-015
1.410e+000	2.1204e-006	-1.7375e+013	-1.7242e+013	1.7242e+013	5.2500e-015
1.420e+000	2.1321e-006	-1.7508e+013	-1.7375e+013	1.7375e+013	5.2500e-015
1.430e+000	2.1466e-006	-1.7642e+013	-1.7508e+013	1.7508e+013	5.2500e-015
1.440e+000	2.1646e-006	-1.7777e+013	-1.7642e+013	1.7642e+013	5.2500e-015
1.450e+000	2.1869e-006	-1.7913e+013	-1.7777e+013	1.7777e+013	5.2500e-015
1.460e+000	2.2144e-006	-1.8052e+013	-1.7913e+013	1.7913e+013	5.2500e-015
1.470e+000	2.2478e-006	-1.8192e+013	-1.8052e+013	1.8052e+013	5.2500e-015
1.480e+000	2.2880e-006	-1.8335e+013	-1.8192e+013	1.8192e+013	5.2500e-015
1.490e+000	2.3352e-006	-1.8481e+013	-1.8335e+013	1.8335e+013	5.2500e-015
1.500e+000	2.3895e-006	-1.8630e+013	-1.8481e+013	1.8480e+013	5.2500e-015
1.510e+000	2.4503e-006	-1.8783e+013	-1.8630e+013	1.8630e+013	5.2500e-015
1.520e+000	2.5169e-006	-1.8940e+013	-1.8783e+013	1.8783e+013	5.2500e-015
1.530e+000	2.5874e-006	-1.9101e+013	-1.8940e+013	1.8940e+013	5.2500e-015
1.540e+000	2.6603e-006	-1.9267e+013	-1.9101e+013	1.9101e+013	5.2500e-015
1.550e+000	2.7340e-006	-1.9438e+013	-1.9267e+013	1.9267e+013	5.2500e-015
1.560e+000	2.8068e-006	-1.9613e+013	-1.9438e+013	1.9438e+013	5.2500e-015
1.570e+000	2.8777e-006	-1.9793e+013	-1.9613e+013	1.9613e+013	5.2500e-015
1.580e+000	2.9459e-006	-1.9977e+013	-1.9793e+013	1.9793e+013	5.2500e-015
1.590e+000	3.0109e-006	-2.0164e+013	-1.9977e+013	1.9977e+013	5.2500e-015
1.600e+000	3.0727e-006	-2.0356e+013	-2.0164e+013	2.0164e+013	5.2500e-015
1.610e+000	3.1312e-006	-2.0552e+013	-2.0356e+013	2.0356e+013	5.2500e-015
1.620e+000	3.1866e-006	-2.0751e+013	-2.0552e+013	2.0552e+013	5.2500e-015
1.630e+000	3.2377e-006	-2.0953e+013	-2.0751e+013	2.0751e+013	5.2500e-015
1.640e+000	3.2880e-006	-2.1158e+013	-2.0953e+013	2.0953e+013	5.2500e-015
1.650e+000	3.3361e-006	-2.1366e+013	-2.1158e+013	2.1158e+013	5.2500e-015
1.660e+000	3.3824e-006	-2.1577e+013	-2.1366e+013	2.1366e+013	5.2500e-015
1.670e+000	3.4270e-006	-2.1791e+013	-2.1577e+013	2.1577e+013	5.2500e-015
1.680e+000	3.4701e-006	-2.2008e+013	-2.1791e+013	2.1791e+013	5.2500e-015
1.690e+000	3.5121e-006	-2.2227e+013	-2.2008e+013	2.2008e+013	5.2500e-015
1.700e+000	3.5529e-006	-2.2449e+013	-2.2227e+013	2.2227e+013	5.2500e-015
1.710e+000	3.5927e-006	-2.2673e+013	-2.2449e+013	2.2449e+013	5.2500e-015
1.720e+000	3.6316e-006	-2.2900e+013	-2.2673e+013	2.2673e+013	5.2500e-015
1.730e+000	3.6697e-006	-2.3129e+013	-2.2900e+013	2.2900e+013	5.2500e-015
1.740e+000	3.7071e-006	-2.3360e+013	-2.3129e+013	2.3129e+013	5.2500e-015
1.750e+000	3.7436e-006	-2.3594e+013	-2.3360e+013	2.3360e+013	5.2500e-015
1.760e+000	3.7795e-006	-2.3830e+013	-2.3594e+013	2.3594e+013	5.2500e-015
1.770e+000	3.8146e-006	-2.4068e+013	-2.3830e+013	2.3830e+013	5.2500e-015
1.780e+000	3.8490e-006	-2.4308e+013	-2.4068e+013	2.4068e+013	5.2500e-015
1.790e+000	3.8827e-006	-2.4550e+013	-2.4308e+013	2.4308e+013	5.2500e-015
1.800e+000	3.9156e-006	-2.4795e+013	-2.4550e+013	2.4550e+013	5.2500e-015
1.810e+000	3.9235e-006	-2.5039e+013	-2.4795e+013	2.4795e+013	5.2500e-015
1.820e+000	3.9322e-006	-2.5285e+013	-2.5039e+013	2.5039e+013	5.2500e-015
1.830e+000	3.9574e-006	-2.5532e+013	-2.5285e+013	2.5285e+013	5.2500e-015
1.840e+000	3.9819e-006	-2.5780e+013	-2.5532e+013	2.5532e+013	5.2500e-015
1.850e+000	4.0057e-006	-2.6030e+013	-2.5780e+013	2.5780e+013	5.2500e-015
1.860e+000	4.0288e-006	-2.6282e+013	-2.6030e+013	2.6030e+013	5.2500e-015
1.870e+000	4.0512e-006	-2.6535e+013	-2.6282e+013	2.6282e+013	5.2500e-015
1.880e+000	4.0729e-006	-2.6789e+013	-2.6535e+013	2.6535e+013	5.2500e-015
1.890e+000	4.0939e-006	-2.7044e+013	-2.6789e+013	2.6789e+013	5.2500e-015
1.900e+000	4.1143e-006	-2.7301e+013	-2.7044e+013	2.7044e+013	5.2500e-015
1.910e+000	4.1342e-006	-2.7559e+013	-2.7301e+013	2.7301e+013	5.2500e-015
1.920e+000	4.1534e-006	-2.7819e+013	-2.7559e+013	2.7559e+013	5.2500e-015
1.930e+000	4.1721e-006	-2.8079e+013	-2.7819e+013	2.7819e+013	5.2500e-015
1.940e+000	4.1903e-006	-2.8340e+013	-2.8079e+013	2.8079e+013	5.2500e-015
1.950e+000	4.2080e-006	-2.8603e+013	-2.8340e+013	2.8340e+013	5.2500e-015
1.960e+000	4.2252e-006	-2.8867e+013	-2.8603e+013	2.8603e+013	5.2500e-015
1.970e+000	4.2419e-006	-2.9132e+013	-2.8867e+013	2.8867e+013	5.2500e-015
1.980e+000	4.2582e-006	-2.9397e+013	-2.9132e+013	2.9132e+013	5.2500e-015
1.990e+000	4.2741e-006	-2.9664e+013	-2.9397e+013	2.9397e+013	5.2500e-015
2.000e+000	4.2896e-006	-2.9932e+013	-2.9664e+013	2.9664e+013	5.2500e-015
2.010e+000	4.3048e-006	-3.0201e+013	-2.9932e+013	2.9932e+013	5.2500e-015
2.020e+000	4.3195e-006	-3.0470e+013	-3.0201e+013	3.0201e+013	5.2500e-015
2.030e+000	4.3340e-006	-3.0741e+013	-3.0470e+013	3.0470e+013	5.2500e-015
2.040e+000	4.3481e-006	-3.1012e+013	-3.0741e+013	3.0741e+013	5.2500e-015
2.050e+000	4.3619e-006	-3.1284e+013	-3.1012e+013	3.1012e+013	5.2500e-015
2.060e+000	4.3753e-006	-3.1557e+013	-3.1284e+013	3.1284e+013	5.2500e-015
2.070e+000	4.3886e-006	-3.1831e+013	-3.1557e+013	3.1557e+013	5.2500e-015
2.080e+000	4.4015e-006	-3.2106e+013	-3.1831e+013	3.1831e+013	5.2500e-015
2.090e+000	4.4142e-006	-3.2382e+013	-3.2106e+013	3.2106e+013	5.2500e-015
2.100e+000	4.4266e-006	-3.2658e+013	-3.2382e+013	3.2382e+013	5.2500e-015
2.110e+000	4.4388e-006	-3.2935e+013	-3.2658e+013	3.2658e+013	5.2500e-015
2.120e+000	4.4508e-006	-3.3213e+013	-3.2935e+013	3.2935e+013	5.2500e-015
2.130e+000	4.4625e-006	-3.3491e+013	-3.3213e+013	3.3213e+013	5.2500e-015
2.140e+000	4.4741e-006	-3.3770e+013	-3.3491e+013	3.3491e+013	5.2500e-015
2.150e+000	4.4854e-006	-3.4050e+013	-3.3770e+013	3.3770e+013	5.2500e-015
2.160e+000	4.4965e-006	-3.4331e+013	-3.4050e+013	3.4050e+013	5.2500e-015
2.170e+000	4.5075e-006	-3.4612e+013	-3.4331e+013	3.4331e+013	5.2500e-015
2.180e+000	4.5182e-006	-3.4894e+013	-3.4612e+013	3.4612e+013	5.2500e-015
2.190e+000	4.5288e-006	-3.5177e+013	-3.4894e+013	3.4894e+013	5.2500e-015
2.200e+000	4.5393e-006	-3.5460e+013	-3.5177e+013	3.5177e+013	5.2500e-015
2.210e+000	4.5495e-006	-3.5744e+013	-3.5460e+013	3.5460e+013	5.2500e-015
2.220e+000	4.5596e-006	-3.6029e+013	-3.5744e+013	3.5744e+013	5.2500e-015
2.230e+000	4.5696e-006	-3.6314e+013	-3.6029e+013	3.6029e+013	5.2500e-015
2.240e+000	4.5794e-006	-3.6600e+013	-3.6314e+013	3.6314e+013	5.2500e-015
2.250e+000	4.5890e-006	-3.6886e+013	-3.6600e+013	3.6600e+013	5.2500e-015
2.260e+000	4.5985e-006	-3.7173e+013	-3.6886e+013	3.6886e+013	5.2500e-015
2.270e+000	4.6079e-006	-3.7461e+013	-3.7173e+013	3.7173e+013	5.2500e-015
2.280e+000	4.6171e-006	-3.7749e+013	-3.7461e+013	3.7461e+013	5.2500e-015
2.290e+000	4.6262e-006	-3.8038e+013	-3.7749e+013	3.7749e+013	5.2500e-015
2.300e+000	4.6352e-006	-3.8327e+013	-3.8038e+013	3.8038e+013	5.2500e-015
2.310e+000	4.6441e-006	-3.8617e+013	-3.8327e+013	3.8327e+013	5.2500e-015
2.320e+000	4.6529e-006	-3.8908e+013	-3.8617e+013	3.8617e+013	5.2500e-015
2.330e+000	4.6615e-006	-3.9198e+013	-3.8908e+013	3.8907e+013	5.2500e-015
2.340e+000	4.6700e-006	-3.9490e+013	-3.9198e+013	3.9198e+013	5.2500e-015
2.350e+000	4.6784e-006	-3.9782e+013	-3.9490e+013	3.9490e+013	5.2500e-015
2.360e+000	4.6868e-006	-4.0074e+013	-3.9782e+013	3.9782e+013	5.2500e-015
2.370e+000	4.6950e-006	-4.0367e+013	-4.0074e+013	4.0074e+013	5.2500e-015
2.380e+000	4.7031e-006	-4.0661e+013	-4.0367e+013	4.0367e+013	5.2500e-015
2.390e+000	4.7111e-006	-4.0955e+013	-4.0661e+013	4.0661e+013	5.2500e-015
2.400e+000	4.7190e-006	-4.1250e+013	-4.0955e+013	4.0955e+013	5.2500e-015
2.410e+000	4.7268e-006	-4.1545e+013	-4.1250e+013	4.1250e+013	5.2500e-015
2.420e+000	4.7345e-006	-4.1840e+013	-4.1545e+013	4.1545e+013	5.2500e-015
2.430e+000	4.7422e-006	-4.2136e+013	-4.1840e+013	4.1840e+013	5.2500e-015
2.440e+000	4.7463e-006	-4.2432e+013	-4.2136e+013	4.2136e+013	5.2500e-015
2.450e+000	4.7503e-006	-4.2729e+013	-4.2432e+013	4.2432e+013	5.2500e-015
2.460e+000	4.7574e-006	-4.3026e+013	-4.2729e+013	4.2729e+013	5.2500e-015
2.470e+000	4.7644e-006	-4.3323e+013	-4.3026e+013	4.3026e+013	5.2500e-015
2.480e+000	4.7713e-006	-4.3621e+013	-4.3323e+013	4.3323e+013	5.2500e-015
2.490e+000	4.7781e-006	-4.3919e+013	-4.3621e+013	4.3621e+013	5.2500e-015
2.500e+000	4.7849e-006	-4.4218e+013	-4.3919e+013	4.3919e+013	5.2500e-015
2.510e+000	4.7916e-006	-4.4517e+013	-4.4218e+013	4.4218e+013	5.2500e-015
2.520e+000	4.7982e-006	-4.4816e+013	-4.4517e+013	4.4517e+013	5.2500e-015
2.530e+000	4.8047e-006	-4.5116e+013	-4.4816e+013	4.4816e+013	5.2500e-015
2.540e+000	4.8112e-006	-4.5417e+013	-4.5116e+013	4.5116e+013	5.2500e-015
2.550e+000	4.8176e-006	-4.5717e+013	-4.5417e+013	4.5417e+013	5.2500e-015
2.560e+000	4.8239e-006	-4.6018e+013	-4.5717e+013	4.5717e+013	5.2500e-015
2.570e+000	4.8302e-006	-4.6320e+013	-4.6018e+013	4.6018e+013	5.2500e-015
2.580e+000	4.8364e-006	-4.6622e+013	-4.6320e+013	4.6320e+013	5.2500e-015
2.590e+000	4.8425e-006	-4.6924e+013	-4.6622e+013	4.6622e+013	5.2500e-015
2.600e+000	4.8486e-006	-4.7227e+013	-4.6924e+013	4.6924e+013	5.2500e-015
2.610e+000	4.8546e-006	-4.7530e+013	-4.7227e+013	4.7226e+013	5.2500e-015
2.620e+000	4.8605e-006	-4.7833e+013	-4.7530e+013	4.7529e+013	5.2500e-015
2.630e+000	4.8664e-006	-4.8137e+013	-4.7833e+013	4.7833e+013	5.2500e-015
2.640e+000	4.8723e-006	-4.8441e+013	-4.8137e+013	4.8137e+013	5.2500e-015
2.650e+000	4.8781e-006	-4.8745e+013	-4.8441e+013	4.8441e+013	5.2500e-015
2.660e+000	4.8838e-006	-4.9050e+013	-4.8745e+013	4.8745e+013	5.2500e-015
2.670e+000	4.8895e-006	-4.9355e+013	-4.9050e+013	4.9050e+013	5.2500e-015
2.680e+000	4.8951e-006	-4.9661e+013	-4.9355e+013	4.9355e+013	5.2500e-015
2.690e+000	4.9007e-006	-4.9967e+013	-4.9661e+013	4.9661e+013	5.2500e-015
2.700e+000	4.9062e-006	-5.0273e+013	-4.9967e+013	4.9967e+013	5.2500e-015
2.710e+000	4.9117e-006	-5.0579e+013	-5.0273e+013	5.0273e+013	5.2500e-015
2.720e+000	4.9171e-006	-5.0886e+013	-5.0579e+013	5.0579e+013	5.2500e-015
2.730e+000	4.9225e-006	-5.1194e+013	-5.0886e+013	5.0886e+013	5.2500e-015
2.740e+000	4.9278e-006	-5.1501e+013	-5.1194e+013	5.1193e+013	5.2500e-015
2.750e+000	4.9331e-006	-5.1809e+013	-5.1501e+013	5.1501e+013	5.2500e-015
2.760e+000	4.9383e-006	-5.2117e+013	-5.1809e+013	5.1809e+013	5.2500e-015
2.770e+000	4.9435e-006	-5.2426e+013	-5.2117e+013	5.2117e+013	5.2500e-015
2.780e+000	4.9487e-006	-5.2735e+013	-5.2426e+013	5.2426e+013	5.2500e-015
2.790e+000	4.9538e-006	-5.3044e+013	-5.2735e+013	5.2735e+013	5.2500e-015
2.800e+000	4.9589e-006	-5.3353e+013	-5.3044e+013	5.3044e+013	5.2500e-015
2.810e+000	4.9639e-006	-5.3663e+013	-5.3353e+013	5.3353e+013	5.2500e-015
2.820e+000	4.9689e-006	-5.3973e+013	-5.3663e+013	5.3663e+013	5.2500e-015
2.830e+000	4.9738e-006	-5.4284e+013	-5.3973e+013	5.3973e+013	5.2500e-015
2.840e+000	4.9787e-006	-5.4594e+013	-5.4284e+013	5.4284e+013	5.2500e-015
2.850e+000	4.9836e-006	-5.4906e+013	-5.4594e+013	5.4594e+013	5.2500e-015
2.860e+000	4.9884e-006	-5.5217e+013	-5.4906e+013	5.4905e+013	5.2500e-015
2.870e+000	4.9932e-006	-5.5529e+013	-5.5217e+013	5.5217e+013	5.2500e-015
2.880e+000	4.9979e-006	-5.5840e+013	-5.5529e+013	5.5528e+013	5.2500e-015
2.890e+000	5.0026e-006	-5.6153e+013	-5.5840e+013	5.5840e+013	5.2500e-015
2.900e+000	5.0073e-006	-5.6465e+013	-5.6153e+013	5.6153e+013	5.2500e-015
2.910e+000	5.0119e-006	-5.6778e+013	-5.6465e+013	5.6465e+013	5.2500e-015
2.920e+000	5.0165e-006	-5.7091e+013	-5.6778e+013	5.6778e+013	5.2500e-015
2.930e+000	5.0211e-006	-5.7405e+013	-5.7091e+013	5.7091e+013	5.2500e-015
2.940e+000	5.0256e-006	-5.7718e+013	-5.7405e+013	5.7405e+013	5.2500e-015
2.950e+000	5.0301e-006	-5.8032e+013	-5.7718e+013	5.7718e+013	5.2500e-015
2.960e+000	5.0346e-006	-5.8346e+013	-5.8032e+013	5.8032e+013	5.2500e-015
2.970e+000	5.0390e-006	-5.8661e+013	-5.8346e+013	5.8346e+013	5.2500e-015
2.980e+000	5.0434e-006	-5.8976e+013	-5.8661e+013	5.8661e+013	5.2500e-015
2.990e+000	5.0478e-006	-5.9291e+013	-5.8976e+013	5.8976e+013	5.2500e-015
3.000e+000	5.0521e-006	-5.9606e+013	-5.9291e+013	5.9291e+013	5.2500e-015
3.010e+000	5.0564e-006	-5.9922e+013	-5.9606e+013	5.9606e+013	5.2500e-015
3.020e+000	5.0607e-006	-6.0238e+013	-5.9922e+013	5.9922e+013	5.2500e-015
3.030e+000	5.0649e-006	-6.0554e+013	-6.0238e+013	6.0237e+013	5.2500e-015
3.040e+000	5.0691e-006	-6.0870e+013	-6.0554e+013	6.0554e+013	5.2500e-015
3.050e+000	5.0733e-006	-6.1187e+013	-6.0870e+013	6.0870e+013	5.2500e-015
3.060e+000	5.0775e-006	-6.1504e+013	-6.1187e+013	6.1187e+013	5.2500e-015
3.070e+000	5.0816e-006	-6.1821e+013	-6.1504e+013	6.1504e+013	5.2500e-015
3.080e+000	5.0857e-006	-6.2138e+013	-6.1821e+013	6.1821e+013	5.2500e-015
3.090e+000	5.0897e-006	-6.2456e+013	-6.2138e+013	6.2138e+013	5.2500e-015
3.100e+000	5.0938e-006	-6.2774e+013	-6.2456e+013	6.2456e+013	5.2500e-015
3.110e+000	5.0978e-006	-6.3092e+013	-6.2774e+013	6.2774e+013	5.2500e-015
3.120e+000	5.1018e-006	-6.3410e+013	-6.3092e+013	6.3092e+013	5.2500e-015
3.130e+000	5.1057e-006	-6.3729e+013	-6.3410e+013	6.3410e+013	5.2500e-015
3.140e+000	5.1097e-006	-6.4048e+013	-6.3729e+013	6.3729e+013	5.2500e-015
3.150e+000	5.1136e-006	-6.4367e+013	-6.4048e+013	6.4048e+013	5.2500e-015
3.160e+000	5.1175e-006	-6.4687e+013	-6.4367e+013	6.4367e+013	5.2500e-015
3.170e+000	5.1213e-006	-6.5006e+013	-6.4687e+013	6.4687e+013	5.2500e-015
3.180e+000	5.1252e-006	-6.5326e+013	-6.5006e+013	6.5006e+013	5.2500e-015
3.190e+000	5.1290e-006	-6.5646e+013	-6.5326e+013	6.5326e+013	5.2500e-015
3.200e+000	5.1328e-006	-6.5967e+013	-6.5646e+013	6.5646e+013	5.2500e-015
3.210e+000	5.1365e-006	-6.6287e+013	-6.5967e+013	6.5967e+013	5.2500e-015
3.220e+000	5.1403e-006	-6.6608e+013	-6.6287e+013	6.6287e+013	5.2500e-015
3.230e+000	5.1440e-006	-6.6929e+013	-6.6608e+013	6.6608e+013	5.2500e-015
3.240e+000	5.1477e-006	-6.7250e+013	-6.6929e+013	6.6929e+013	5.2500e-015
3.250e+000	5.1513e-006	-6.7572e+013	-6.7250e+013	6.7250e+013	5.2500e-015
3.260e+000	5.1550e-006	-6.7894e+013	-6.7572e+013	6.7572e+013	5.2500e-015
3.270e+000	5.1586e-006	-6.8216e+013	-6.7894e+013	6.7894e+013	5.2500e-015
3.280e+000	5.1622e-006	-6.8538e+013	-6.8216e+013	6.8216e+013	5.2500e-015
3.290e+000	5.1658e-006	-6.8860e+013	-6.8538e+013	6.8538e+013	5.2500e-015
3.300e+000	5.1693e-006	-6.9183e+013	-6.8860e+013	6.8860e+013	5.2500e-015
3.310e+000	5.1729e-006	-6.9506e+013	-6.9183e+013	6.9183e+013	5.2500e-015
3.320e+000	5.1764e-006	-6.9829e+013	-6.9506e+013	6.9506e+013	5.2500e-015
3.330e+000	5.1799e-006	-7.0152e+013	-6.9829e+013	6.9829e+013	5.2500e-015
3.340e+000	5.1833e-006	-7.0476e+013	-7.0152e+013	7.0152e+013	5.2500e-015
3.350e+000	5.1868e-006	-7.0799e+013	-7.0476e+013	7.0476e+013	5.2500e-015
3.360e+000	5.1902e-006	-7.1123e+013	-7.0799e+013	7.0799e+013	5.2500e-015
3.370e+000	5.1936e-006	-7.1447e+013	-7.1123e+013	7.1123e+013	5.2500e-015
3.380e+000	5.1970e-006	-7.1772e+013	-7.1447e+013	7.1447e+013	5.2500e-015
3.390e+000	5.2004e-006	-7.2096e+013	-7.1772e+013	7.1772e+013	5.2500e-015
3.400e+000	5.2038e-006	-7.2421e+013	-7.2096e+013	7.2096e+013	5.2500e-015
3.410e+000	5.2071e-006	-7.2746e+013	-7.2421e+013	7.2421e+013	5.2500e-015
3.420e+000	5.2104e-006	-7.3071e+013	-7.2746e+013	7.2746e+013	5.2500e-015
3.430e+000	5.2137e-006	-7.3397e+013	-7.3071e+013	7.3071e+013	5.2500e-015
3.440e+000	5.2170e-006	-7.3722e+013	-7.3397e+013	7.3397e+013	5.2500e-015
3.450e+000	5.2203e-006	-7.4048e+013	-7.3722e+013	7.3722e+013	5.2500e-015
3.460e+000	5.2235e-006	-7.4374e+013	-7.4048e+013	7.4048e+013	5.2500e-015
3.470e+000	5.2267e-006	-7.4701e+013	-7.4374e+013	7.4374e+013	5.2500e-015
3.480e+000	5.2299e-006	-7.5027e+013	-7.4701e+013	7.4701e+013	5.2500e-015
3.490e+000	5.2331e-006	-7.5354e+013	-7.5027e+013	7.5027e+013	5.2500e-015
3.500e+000	5.2363e-006	-7.5680e+013	-7.5354e+013	7.5354e+013	5.2500e-015
3.510e+000	5.2395e-006	-7.6007e+013	-7.5680e+013	7.5680e+013	5.2500e-015
3.520e+000	5.2426e-006	-7.6335e+013	-7.6007e+013	7.6007e+013	5.2500e-015
3.530e+000	5.2457e-006	-7.6662e+013	-7.6335e+013	7.6335e+013	5.2500e-015
3.540e+000	5.2488e-006	-7.6990e+013	-7.6662e+013	7.6662e+013	5.2500e-015
3.550e+000	5.2519e-006	-7.7317e+013	-7.6990e+013	7.6990e+013	5.2500e-015
3.560e+000	5.2550e-006	-7.7645e+013	-7.7317e+013	7.7317e+013	5.2500e-015
3.570e+000	5.2580e-006	-7.7974e+013	-7.7645e+013	7.7645e+013	5.2500e-015
3.580e+000	5.2611e-006	-7.8302e+013	-7.7974e+013	7.7974e+013	5.2500e-015
3.590e+000	5.2641e-006	-7.8631e+013	-7.8302e+013	7.8302e+013	5.2500e-015
3.600e+000	5.2671e-006	-7.8959e+013	-7.8631e+013	7.8631e+013	5.2500e-015
3.610e+000	5.2701e-006	-7.9288e+013	-7.8959e+013	7.8959e+013	5.2500e-015
3.620e+000	5.2731e-006	-7.9617e+013	-7.9288e+013	7.9288e+013	5.2500e-015
3.630e+000	5.2761e-006	-7.9947e+013	-7.9617e+013	7.9617e+013	5.2500e-015
3.640e+000	5.2790e-006	-8.0276e+013	-7.9947e+013	7.9947e+013	5.2500e-015
3.650e+000	5.2819e-006	-8.0606e+013	-8.0276e+013	8.0276e+013	5.2500e-015
3.660e+000	5.2849e-006	-8.0936e+013	-8.0606e+013	8.0606e+013	5.2500e-015
3.670e+000	5.2878e-006	-8.1266e+013	-8.0936e+013	8.0936e+013	5.2500e-015
3.680e+000	5.2907e-006	-8.1596e+013	-8.1266e+013	8.1266e+013	5.2500e-015
3.690e+000	5.2935e-006	-8.1926e+013	-8.1596e+013	8.1596e+013	5.2500e-015
3.700e+000	5.2964e-006	-8.2257e+013	-8.1926e+013	8.1926e+013	5.2500e-015
3.710e+000	5.2992e-006	-8.2588e+013	-8.2257e+013	8.2257e+013	5.2500e-015
3.720e+000	5.3021e-006	-8.2919e+013	-8.2588e+013	8.2588e+013	5.2500e-015
3.730e+000	5.3049e-006	-8.3250e+013	-8.2919e+013	8.2919e+013	5.2500e-015
3.740e+000	5.3077e-006	-8.3581e+013	-8.3250e+013	8.3250e+013	5.2500e-015
3.750e+000	5.3105e-006	-8.3912e+013	-8.3581e+013	8.3581e+013	5.2500e-015
3.760e+000	5.3133e-006	-8.4244e+013	-8.3912e+013	8.3912e+013	5.2500e-015
3.770e+000	5.3160e-006	-8.4576e+013	-8.4244e+013	8.4244e+013	5.2500e-015
3.780e+000	5.3188e-006	-8.4908e+013	-8.4576e+013	8.4576e+013	5.2500e-015
3.790e+000	5.3215e-006	-8.5240e+013	-8.4908e+013	8.4908e+013	5.2500e-015
3.800e+000	5.3243e-006	-8.5572e+013	-8.5240e+013	8.5240e+013	5.2500e-015
3.810e+000	5.3270e-006	-8.5905e+013	-8.5572e+013	8.5572e+013	5.2500e-015
3.820e+000	5.3297e-006	-8.6237e+013	-8.5905e+013	8.5905e+013	5.2500e-015
3.830e+000	5.3324e-006	-8.6570e+013	-8.6237e+013	8.6237e+013	5.2500e-015
3.840e+000	5.3350e-006	-8.6903e+013	-8.6570e+013	8.6570e+013	5.2500e-015
3.850e+000	5.3377e-006	-8.7236e+013	-8.6903e+013	8.6903e+013	5.2500e-015
3.860e+000	5.3404e-006	-8.7570e+013	-8.7236e+013	8.7236e+013	5.2500e-015
3.870e+000	5.3430e-006	-8.7903e+013	-8.7570e+013	8.7570e+013	5.2500e-015
3.880e+000	5.3456e-006	-8.8237e+013	-8.7903e+013	8.7903e+013	5.2500e-015
3.890e+000	5.3482e-006	-8.8571e+013	-8.8237e+013	8.8237e+013	5.2500e-015
3.900e+000	5.3508e-006	-8.8905e+013	-8.8571e+013	8.8571e+013	5.2500e-015
3.910e+000	5.3534e-006	-8.9239e+013	-8.8905e+013	8.8905e+013	5.2500e-015
3.920e+000	5.3560e-006	-8.9573e+013	-8.9239e+013	8.9239e+013	5.2500e-015
3.930e+000	5.3586e-006	-8.9908e+013	-8.9573e+013	8.9573e+013	5.2500e-015
3.940e+000	5.3611e-006	-9.0242e+013	-8.9908e+013	8.9907e+013	5.2500e-015
3.950e+000	5.3637e-006	-9.0577e+013	-9.0242e+013	9.0242e+013	5.2500e-015
3.960e+000	5.3662e-006	-9.0912e+013	-9.0577e+013	9.0577e+013	5.2500e-015
3.970e+000	5.3687e-006	-9.1247e+013	-9.0912e+013	9.0912e+013	5.2500e-015
3.980e+000	5.3713e-006	-9.1582e+013	-9.1247e+013	9.1247e+013	5.2500e-015
3.990e+000	5.3738e-006	-9.1918e+013	-9.1582e+013	9.1582e+013	5.2500e-015
4.000e+000	5.3762e-006	-9.2253e+013	-9.1918e+013	9.1918e+013	5.2500e-015
4.010e+000	5.3787e-006	-9.2589e+013	-9.2253e+013	9.2253e+013	5.2500e-015
4.020e+000	5.3812e-006	-9.2925e+013	-9.2589e+013	9.2589e+013	5.2500e-015
4.030e+000	5.3837e-006	-9.3261e+013	-9.2925e+013	9.2925e+013	5.2500e-015
4.040e+000	5.3861e-006	-9.3597e+013	-9.3261e+013	9.3261e+013	5.2500e-015
4.050e+000	5.3885e-006	-9.3933e+013	-9.3597e+013	9.3597e+013	5.2500e-015
4.060e+000	5.3910e-006	-9.4270e+013	-9.3933e+013	9.3933e+013	5.2500e-015
4.070e+000	5.3934e-006	-9.4606e+013	-9.4270e+013	9.4270e+013	5.2500e-015
4.080e+000	5.3958e-006	-9.4943e+013	-9.4606e+013	9.4606e+013	5.2500e-015
4.090e+000	5.3982e-006	-9.5280e+013	-9.4943e+013	9.4943e+013	5.2500e-015
4.100e+000	5.4006e-006	-9.5617e+013	-9.5280e+013	9.5280e+013	5.2500e-015
4.110e+000	5.4029e-006	-9.5954e+013	-9.5617e+013	9.5617e+013	5.2500e-015
4.120e+000	5.4053e-006	-9.6292e+013	-9.5954e+013	9.5954e+013	5.2500e-015
4.130e+000	5.4077e-006	-9.6629e+013	-9.6292e+013	9.6292e+013	5.2500e-015
4.140e+000	5.4100e-006	-9.6967e+013	-9.6629e+013	9.6629e+013	5.2500e-015
4.150e+000	5.4124e-006	-9.7305e+013	-9.6967e+013	9.6967e+013	5.2500e-015
4.160e+000	5.4147e-006	-9.7643e+013	-9.7305e+013	9.7305e+013	5.2500e-015
4.170e+000	5.4170e-006	-9.7981e+013	-9.7643e+013	9.7643e+013	5.2500e-015
4.180e+000	5.4193e-006	-9.8319e+013	-9.7981e+013	9.7981e+013	5.2500e-015
4.190e+000	5.4216e-006	-9.8657e+013	-9.8319e+013	9.8319e+013	5.2500e-015
4.200e+000	5.4239e-006	-9.8996e+013	-9.8657e+013	9.8657e+013	5.2500e-015
4.210e+000	5.4262e-006	-9.9335e+013	-9.8996e+013	9.8996e+013	5.2500e-015
4.220e+000	5.4285e-006	-9.9673e+013	-9.9335e+013	9.9335e+013	5.2500e-015
4.230e+000	5.4307e-006	-1.0001e+014	-9.9673e+013	9.9673e+013	5.2500e-015
4.240e+000	5.4330e-006	-1.0035e+014	-1.0001e+014	1.0001e+014	5.2500e-015
4.250e+000	5.4352e-006	-1.0069e+014	-1.0035e+014	1.0035e+014	5.2500e-015
4.260e+000	5.4375e-006	-1.0103e+014	-1.0069e+014	1.0069e+014	5.2500e-015
4.270e+000	5.4397e-006	-1.0137e+014	-1.0103e+014	1.0103e+014	5.2500e-015
4.280e+000	5.4419e-006	-1.0171e+014	-1.0137e+014	1.0137e+014	5.2500e-015
4.290e+000	5.4441e-006	-1.0205e+014	-1.0171e+014	1.0171e+014	5.2500e-015
4.300e+000	5.4463e-006	-1.0239e+014	-1.0205e+014	1.0205e+014	5.2500e-015
4.310e+000	5.4485e-006	-1.0273e+014	-1.0239e+014	1.0239e+014	5.2500e-015
4.320e+000	5.4507e-006	-1.0307e+014	-1.0273e+014	1.0273e+014	5.2500e-015
4.330e+000	5.4529e-006	-1.0341e+014	-1.0307e+014	1.0307e+014	5.2500e-015
4.340e+000	5.4550e-006	-1.0375e+014	-1.0341e+014	1.0341e+014	5.2500e-015
4.350e+000	5.4572e-006	-1.0409e+014	-1.0375e+014	1.0375e+014	5.2500e-015
4.360e+000	5.4593e-006	-1.0443e+014	-1.0409e+014	1.0409e+014	5.2500e-015
4.370e+000	5.4615e-006	-1.0477e+014	-1.0443e+014	1.0443e+014	5.2500e-015
4.380e+000	5.4636e-006	-1.0511e+014	-1.0477e+014	1.0477e+014	5.2500e-015
4.390e+000	5.4657e-006	-1.0545e+014	-1.0511e+014	1.0511e+014	5.2500e-015
4.400e+000	5.4679e-006	-1.0580e+014	-1.0545e+014	1.0545e+014	5.2500e-015
4.410e+000	5.4700e-006	-1.0614e+014	-1.0580e+014	1.0580e+014	5.2500e-015
4.420e+000	5.4721e-006	-1.0648e+014	-1.0614e+014	1.0614e+014	5.2500e-015
4.430e+000	5.4742e-006	-1.0682e+014	-1.0648e+014	1.0648e+014	5.2500e-015
4.440e+000	5.4763e-006	-1.0716e+014	-1.0682e+014	1.0682e+014	5.2500e-015
4.450e+000	5.4783e-006	-1.0750e+014	-1.0716e+014	1.0716e+014	5.2500e-015
4.460e+000	5.4804e-006	-1.0785e+014	-1.0750e+014	1.0750e+014	5.2500e-015
4.470e+000	5.4825e-006	-1.0819e+014	-1.0785e+014	1.0785e+014	5.2500e-015
4.480e+000	5.4845e-006	-1.0853e+014	-1.0819e+014	1.0819e+014	5.2500e-015
4.490e+000	5.4866e-006	-1.0887e+014	-1.0853e+014	1.0853e+014	5.2500e-015
4.500e+000	5.4886e-006	-1.0922e+014	-1.0887e+014	1.0887e+014	5.2500e-015
4.510e+000	5.4907e-006	-1.0956e+014	-1.0922e+014	1.0922e+014	5.2500e-015
4.520e+000	5.4927e-006	-1.0990e+014	-1.0956e+014	1.0956e+014	5.2500e-015
4.530e+000	5.4947e-006	-1.1024e+014	-1.0990e+014	1.0990e+014	5.2500e-015
4.540e+000	5.4967e-006	-1.1059e+014	-1.1024e+014	1.1024e+014	5.2500e-015
4.550e+000	5.4987e-006	-1.1093e+014	-1.1059e+014	1.1059e+014	5.2500e-015
4.560e+000	5.5007e-006	-1.1127e+014	-1.1093e+014	1.1093e+014	5.2500e-015
4.570e+000	5.5027e-006	-1.1162e+014	-1.1127e+014	1.1127e+014	5.2500e-015
4.580e+000	5.5047e-006	-1.1196e+014	-1.1162e+014	1.1162e+014	5.2500e-015
4.590e+000	5.5067e-006	-1.1230e+014	-1.1196e+014	1.1196e+014	5.2500e-015
4.600e+000	5.5086e-006	-1.1265e+014	-1.1230e+014	1.1230e+014	5.2500e-015
4.610e+000	5.5106e-006	-1.1299e+014	-1.1265e+014	1.1265e+014	5.2500e-015
4.620e+000	5.5126e-006	-1.1334e+014	-1.1299e+014	1.1299e+014	5.2500e-015
4.630e+000	5.5145e-006	-1.1368e+014	-1.1334e+014	1.1334e+014	5.2500e-015
4.640e+000	5.5164e-006	-1.1402e+014	-1.1368e+014	1.1368e+014	5.2500e-015
4.650e+000	5.5184e-006	-1.1437e+014	-1.1402e+014	1.1402e+014	5.2500e-015
4.660e+000	5.5203e-006	-1.1471e+014	-1.1437e+014	1.1437e+014	5.2500e-015
4.670e+000	5.5222e-006	-1.1506e+014	-1.1471e+014	1.1471e+014	5.2500e-015
4.680e+000	5.5241e-006	-1.1540e+014	-1.1506e+014	1.1506e+014	5.2500e-015
4.690e+000	5.5261e-006	-1.1575e+014	-1.1540e+014	1.1540e+014	5.2500e-015
4.700e+000	5.5280e-006	-1.1609e+014	-1.1575e+014	1.1575e+014	5.2500e-015
4.710e+000	5.5299e-006	-1.1644e+014	-1.1609e+014	1.1609e+014	5.2500e-015
4.720e+000	5.5317e-006	-1.1678e+014	-1.1644e+014	1.1644e+014	5.2500e-015
4.730e+000	5.5336e-006	-1.1713e+014	-1.1678e+014	1.1678e+014	5.2500e-015
4.740e+000	5.5355e-006	-1.1747e+014	-1.1713e+014	1.1713e+014	5.2500e-015
4.750e+000	5.5374e-006	-1.1782e+014	-1.1747e+014	1.1747e+014	5.2500e-015
4.760e+000	5.5392e-006	-1.1817e+014	-1.1782e+014	1.1782e+014	5.2500e-015
4.770e+000	5.5411e-006	-1.1851e+014	-1.1817e+014	1.1817e+014	5.2500e-015
4.780e+000	5.5429e-006	-1.1886e+014	-1.1851e+014	1.1851e+014	5.2500e-015
4.790e+000	5.5448e-006	-1.1920e+014	-1.1886e+014	1.1886e+014	5.2500e-015
4.800e+000	5.5466e-006	-1.1955e+014	-1.1920e+014	1.1920e+014	5.2500e-015
4.810e+000	5.5485e-006	-1.1990e+014	-1.1955e+014	1.1955e+014	5.2500e-015
4.820e+000	5.5503e-006	-1.2024e+014	-1.1990e+014	1.1990e+014	5.2500e-015
4.830e+000	5.5521e-006	-1.2059e+014	-1.2024e+014	1.2024e+014	5.2500e-015
4.840e+000	5.5539e-006	-1.2094e+014	-1.2059e+014	1.2059e+014	5.2500e-015
4.850e+000	5.5557e-006	-1.2128e+014	-1.2094e+014	1.2094e+014	5.2500e-015
4.860e+000	5.5575e-006	-1.2163e+014	-1.2128e+014	1.2128e+014	5.2500e-015
4.870e+000	5.5593e-006	-1.2198e+014	-1.2163e+014	1.2163e+014	5.2500e-015
4.880e+000	5.5611e-006	-1.2232e+014	-1.2198e+014	1.2198e+014	5.2500e-015
4.890e+000	5.5629e-006	-1.2267e+014	-1.2232e+014	1.2232e+014	5.2500e-015
4.900e+000	5.5647e-006	-1.2302e+014	-1.2267e+014	1.2267e+014	5.2500e-015
4.910e+000	5.5665e-006	-1.2337e+014	-1.2302e+014	1.2302e+014	5.2500e-015
4.920e+000	5.5682e-006	-1.2371e+014	-1.2337e+014	1.2337e+014	5.2500e-015
4.930e+000	5.5700e-006	-1.2406e+014	-1.2371e+014	1.2371e+014	5.2500e-015
4.940e+000	5.5718e-006	-1.2441e+014	-1.2406e+014	1.2406e+014	5.2500e-015
4.950e+000	5.5735e-006	-1.2476e+014	-1.2441e+014	1.2441e+014	5.2500e-015
4.960e+000	5.5753e-006	-1.2510e+014	-1.2476e+014	1.2476e+014	5.2500e-015
4.970e+000	5.5770e-006	-1.2545e+014	-1.2510e+014	1.2510e+014	5.2500e-015
4.980e+000	5.5787e-006	-1.2580e+014	-1.2545e+014	1.2545e+014	5.2500e-015
4.990e+000	5.5805e-006	-1.2615e+014	-1.2580e+014	1.2580e+014	5.2500e-015
5.000e+000	5.5822e-006	-1.2650e+014	-1.2615e+014	1.2615e+014	5.2500e-015
5.010e+000	5.5839e-006	-1.2685e+014	-1.2650e+014	1.2650e+014	5.2500e-015
5.020e+000	5.5856e-006	-1.2719e+014	-1.2685e+014	1.2685e+014	5.2500e-015
5.030e+000	5.5873e-006	-1.2754e+014	-1.2719e+014	1.2719e+014	5.2500e-015
5.040e+000	5.5890e-006	-1.2789e+014	-1.2754e+014	1.2754e+014	5.2500e-015
5.050e+000	5.5907e-006	-1.2824e+014	-1.2789e+014	1.2789e+014	5.2500e-015
5.060e+000	5.5924e-006	-1.2859e+014	-1.2824e+014	1.2824e+014	5.2500e-015
5.070e+000	5.5941e-006	-1.2894e+014	-1.2859e+014	1.2859e+014	5.2500e-015
5.080e+000	5.5958e-006	-1.2929e+014	-1.2894e+014	1.2894e+014	5.2500e-015
5.090e+000	5.5975e-006	-1.2964e+014	-1.2929e+014	1.2929e+014	5.2500e-015
5.100e+000	5.5991e-006	-1.2999e+014	-1.2964e+014	1.2964e+014	5.2500e-015
5.110e+000	5.6008e-006	-1.3034e+014	-1.2999e+014	1.2999e+014	5.2500e-015
5.120e+000	5.6025e-006	-1.3069e+014	-1.3034e+014	1.3034e+014	5.2500e-015
5.130e+000	5.6041e-006	-1.3104e+014	-1.3069e+014	1.3069e+014	5.2500e-015
5.140e+000	5.6058e-006	-1.3139e+014	-1.3104e+014	1.3104e+014	5.2500e-015
5.150e+000	5.6074e-006	-1.3174e+014	-1.3139e+014	1.3139e+014	5.2500e-015
5.160e+000	5.6091e-006	-1.3209e+014	-1.3174e+014	1.3174e+014	5.2500e-015
5.170e+000	5.6107e-006	-1.3244e+014	-1.3209e+014	1.3209e+014	5.2500e-015
5.180e+000	5.6123e-006	-1.3279e+014	-1.3244e+014	1.3244e+014	5.2500e-015
5.190e+000	5.6140e-006	-1.3314e+014	-1.3279e+014	1.3279e+014	5.2500e-015
5.200e+000	5.6156e-006	-1.3349e+014	-1.3314e+014	1.3314e+014	5.2500e-015
5.210e+000	5.6172e-006	-1.3384e+014	-1.3349e+014	1.3349e+014	5.2500e-015
5.220e+000	5.6188e-006	-1.3419e+014	-1.3384e+014	1.3384e+014	5.2500e-015
5.230e+000	5.6204e-006	-1.3454e+014	-1.3419e+014	1.3419e+014	5.2500e-015
5.240e+000	5.6220e-006	-1.3489e+014	-1.3454e+014	1.3454e+014	5.2500e-015
5.250e+000	5.6236e-006	-1.3524e+014	-1.3489e+014	1.3489e+014	5.2500e-015
5.260e+000	5.6252e-006	-1.3559e+014	-1.3524e+014	1.3524e+014	5.2500e-015
5.270e+000	5.6268e-006	-1.3594e+014	-1.3559e+014	1.3559e+014	5.2500e-015
5.280e+000	5.6284e-006	-1.3630e+014	-1.3594e+014	1.3594e+014	5.2500e-015
5.290e+000	5.6300e-006	-1.3665e+014	-1.3630e+014	1.3630e+014	5.2500e-015
5.300e+000	5.6315e-006	-1.3700e+014	-1.3665e+014	1.3665e+014	5.2500e-015
5.310e+000	5.6331e-006	-1.3735e+014	-1.3700e+014	1.3700e+014	5.2500e-015
5.320e+000	5.6347e-006	-1.3770e+014	-1.3735e+014	1.3735e+014	5.2500e-015
5.330e+000	5.6362e-006	-1.3805e+014	-1.3770e+014	1.3770e+014	5.2500e-015
5.340e+000	5.6378e-006	-1.3841e+014	-1.3805e+014	1.3805e+014	5.2500e-015
5.350e+000	5.6393e-006	-1.3876e+014	-1.3841e+014	1.3841e+014	5.2500e-015
5.360e+000	5.6409e-006	-1.3911e+014	-1.3876e+014	1.3876e+014	5.2500e-015
5.370e+000	5.6424e-006	-1.3946e+014	-1.3911e+014	1.3911e+014	5.2500e-015
5.380e+000	5.6440e-006	-1.3981e+014	-1.3946e+014	1.3946e+014	5.2500e-015
5.390e+000	5.6455e-006	-1.4017e+014	-1.3981e+014	1.3981e+014	5.2500e-015
5.400e+000	5.6470e-006	-1.4052e+014	-1.4017e+014	1.4017e+014	5.2500e-015
5.410e+000	5.6486e-006	-1.4087e+014	-1.4052e+014	1.4052e+014	5.2500e-015
5.420e+000	5.6501e-006	-1.4122e+014	-1.4087e+014	1.4087e+014	5.2500e-015
5.430e+000	5.6516e-006	-1.4158e+014	-1.4122e+014	1.4122e+014	5.2500e-015
5.440e+000	5.6531e-006	-1.4193e+014	-1.4158e+014	1.4158e+014	5.2500e-015
5.450e+000	5.6546e-006	-1.4228e+014	-1.4193e+014	1.4193e+014	5.2500e-015
5.460e+000	5.6561e-006	-1.4264e+014	-1.4228e+014	1.4228e+014	5.2500e-015
5.470e+000	5.6576e-006	-1.4299e+014	-1.4264e+014	1.4264e+014	5.2500e-015
5.480e+000	5.6591e-006	-1.4334e+014	-1.4299e+014	1.4299e+014	5.2500e-015
5.490e+000	5.6606e-006	-1.4369e+014	-1.4334e+014	1.4334e+014	5.2500e-015
5.500e+000	5.6621e-006	-1.4405e+014	-1.4369e+014	1.4369e+014	5.2500e-015
5.510e+000	5.6636e-006	-1.4440e+014	-1.4405e+014	1.4405e+014	5.2500e-015
5.520e+000	5.6651e-006	-1.4476e+014	-1.4440e+014	1.4440e+014	5.2500e-015
5.530e+000	5.6666e-006	-1.4511e+014	-1.4476e+014	1.4476e+014	5.2500e-015
5.540e+000	5.6680e-006	-1.4546e+014	-1.4511e+014	1.4511e+014	5.2500e-015
5.550e+000	5.6695e-006	-1.4582e+014	-1.4546e+014	1.4546e+014	5.2500e-015
5.560e+000	5.6710e-006	-1.4617e+014	-1.4582e+014	1.4582e+014	5.2500e-015
5.570e+000	5.6724e-006	-1.4652e+014	-1.4617e+014	1.4617e+014	5.2500e-015
5.580e+000	5.6739e-006	-1.4688e+014	-1.4652e+014	1.4652e+014	5.2500e-015
5.590e+000	5.6753e-006	-1.4723e+014	-1.4688e+014	1.4688e+014	5.2500e-015
5.600e+000	5.6768e-006	-1.4759e+014	-1.4723e+014	1.4723e+014	5.2500e-015
5.610e+000	5.6782e-006	-1.4794e+014	-1.4759e+014	1.4759e+014	5.2500e-015
5.620e+000	5.6797e-006	-1.4830e+014	-1.4794e+014	1.4794e+014	5.2500e-015
5.630e+000	5.6811e-006	-1.4865e+014	-1.4830e+014	1.4830e+014	5.2500e-015
5.640e+000	5.6825e-006	-1.4901e+014	-1.4865e+014	1.4865e+014	5.2500e-015
5.650e+000	5.6840e-006	-1.4936e+014	-1.4901e+014	1.4901e+014	5.2500e-015
5.660e+000	5.6854e-006	-1.4972e+014	-1.4936e+014	1.4936e+014	5.2500e-015
5.670e+000	5.6868e-006	-1.5007e+014	-1.4972e+014	1.4971e+014	5.2500e-015
5.680e+000	5.6882e-006	-1.5042e+014	-1.5007e+014	1.5007e+014	5.2500e-015
5.690e+000	5.6896e-006	-1.5078e+014	-1.5042e+014	1.5042e+014	5.2500e-015
5.700e+000	5.6911e-006	-1.5114e+014	-1.5078e+014	1.5078e+014	5.2500e-015
5.710e+000	5.6925e-006	-1.5149e+014	-1.5114e+014	1.5114e+014	5.2500e-015
5.720e+000	5.6939e-006	-1.5185e+014	-1.5149e+014	1.5149e+014	5.2500e-015
5.730e+000	5.6953e-006	-1.5220e+014	-1.5185e+014	1.5185e+014	5.2500e-015
5.740e+000	5.6967e-006	-1.5256e+014	-1.5220e+014	1.5220e+014	5.2500e-015
5.750e+000	5.6980e-006	-1.5291e+014	-1.5256e+014	1.5256e+014	5.2500e-015
5.760e+000	5.6994e-006	-1.5327e+014	-1.5291e+014	1.5291e+014	5.2500e-015
5.770e+000	5.7008e-006	-1.5362e+014	-1.5327e+014	1.5327e+014	5.2500e-015
5.780e+000	5.7022e-006	-1.5398e+014	-1.5362e+014	1.5362e+014	5.2500e-015
5.790e+000	5.7036e-006	-1.5434e+014	-1.5398e+014	1.5398e+014	5.2500e-015
5.800e+000	5.7050e-006	-1.5469e+014	-1.5434e+014	1.5434e+014	5.2500e-015
5.810e+000	5.7063e-006	-1.5505e+014	-1.5469e+014	1.5469e+014	5.2500e-015
5.820e+000	5.7077e-006	-1.5540e+014	-1.5505e+014	1.5505e+014	5.2500e-015
5.830e+000	5.7091e-006	-1.5576e+014	-1.5540e+014	1.5540e+014	5.2500e-015
5.840e+000	5.7104e-006	-1.5612e+014	-1.5576e+014	1.5576e+014	5.2500e-015
5.850e+000	5.7118e-006	-1.5647e+014	-1.5612e+014	1.5612e+014	5.2500e-015
5.860e+000	5.7131e-006	-1.5683e+014	-1.5647e+014	1.5647e+014	5.2500e-015
5.870e+000	5.7145e-006	-1.5719e+014	-1.5683e+014	1.5683e+014	5.2500e-015
5.880e+000	5.7158e-006	-1.5754e+014	-1.5719e+014	1.5719e+014	5.2500e-015
5.890e+000	5.7172e-006	-1.5790e+014	-1.5754e+014	1.5754e+014	5.2500e-015
5.900e+000	5.7185e-006	-1.5826e+014	-1.5790e+014	1.5790e+014	5.2500e-015
5.910e+000	5.7198e-006	-1.5861e+014	-1.5826e+014	1.5826e+014	5.2500e-015
5.920e+000	5.7212e-006	-1.5897e+014	-1.5861e+014	1.5861e+014	5.2500e-015
5.930e+000	5.7225e-006	-1.5933e+014	-1.5897e+014	1.5897e+014	5.2500e-015
5.940e+000	5.7238e-006	-1.5969e+014	-1.5933e+014	1.5933e+014	5.2500e-015
5.950e+000	5.7252e-006	-1.6004e+014	-1.5969e+014	1.5969e+014	5.2500e-015
5.960e+000	5.7265e-006	-1.6040e+014	-1.6004e+014	1.6004e+014	5.2500e-015
5.970e+000	5.7278e-006	-1.6076e+014	-1.6040e+014	1.6040e+014	5.2500e-015
5.980e+000	5.7291e-006	-1.6112e+014	-1.6076e+014	1.6076e+014	5.2500e-015
5.990e+000	5.7304e-006	-1.6147e+014	-1.6112e+014	1.6112e+014	5.2500e-015
6.000e+000	5.7317e-006	-1.6183e+014	-1.6147e+014	1.6147e+014	5.2500e-015
6.010e+000	5.7330e-006	-1.6219e+014	-1.6183e+014	1.6183e+014	5.2500e-015
6.020e+000	5.7343e-006	-1.6255e+014	-1.6219e+014	1.6219e+014	5.2500e-015
6.030e+000	5.7356e-006	-1.6291e+014	-1.6255e+014	1.6255e+014	5.2500e-015
6.040e+000	5.7369e-006	-1.6326e+014	-1.6291e+014	1.6291e+014	5.2500e-015
6.050e+000	5.7382e-006	-1.6362e+014	-1.6326e+014	1.6326e+014	5.2500e-015
6.060e+000	5.7395e-006	-1.6398e+014	-1.6362e+014	1.6362e+014	5.2500e-015
6.070e+000	5.7408e-006	-1.6434e+014	-1.6398e+014	1.6398e+014	5.2500e-015
6.080e+000	5.7421e-006	-1.6470e+014	-1.6434e+014	1.6434e+014	5.2500e-015
6.090e+000	5.7433e-006	-1.6505e+014	-1.6470e+014	1.6470e+014	5.2500e-015
6.100e+000	5.7446e-006	-1.6541e+014	-1.6505e+014	1.6505e+014	5.2500e-015
6.110e+000	5.7459e-006	-1.6577e+014	-1.6541e+014	1.6541e+014	5.2500e-015
6.120e+000	5.7472e-006	-1.6613e+014	-1.6577e+014	1.6577e+014	5.2500e-015
6.130e+000	5.7484e-006	-1.6649e+014	-1.6613e+014	1.6613e+014	5.2500e-015
6.140e+000	5.7497e-006	-1.6685e+014	-1.6649e+014	1.6649e+014	5.2500e-015
6.150e+000	5.7509e-006	-1.6721e+014	-1.6685e+014	1.6685e+014	5.2500e-015
6.160e+000	5.7522e-006	-1.6757e+014	-1.6721e+014	1.6721e+014	5.2500e-015
6.170e+000	5.7535e-006	-1.6793e+014	-1.6757e+014	1.6757e+014	5.2500e-015
6.180e+000	5.7547e-006	-1.6828e+014	-1.6793e+014	1.6793e+014	5.2500e-015
6.190e+000	5.7560e-006	-1.6864e+014	-1.6828e+014	1.6828e+014	5.2500e-015
6.200e+000	5.7572e-006	-1.6900e+014	-1.6864e+014	1.6864e+014	5.2500e-015
6.210e+000	5.7584e-006	-1.6936e+014	-1.6900e+014	1.6900e+014	5.2500e-015
6.220e+000	5.7597e-006	-1.6972e+014	-1.6936e+014	1.6936e+014	5.2500e-015
6.230e+000	5.7609e-006	-1.7008e+014	-1.6972e+014	1.6972e+014	5.2500e-015
6.240e+000	5.7622e-006	-1.7044e+014	-1.7008e+014	1.7008e+014	5.2500e-015
6.250e+000	5.7634e-006	-1.7080e+014	-1.7044e+014	1.7044e+014	5.2500e-015
6.260e+000	5.7646e-006	-1.7116e+014	-1.7080e+014	1.7080e+014	5.2500e-015
6.270e+000	5.7658e-006	-1.7152e+014	-1.7116e+014	1.7116e+014	5.2500e-015
6.280e+000	5.7671e-006	-1.7188e+014	-1.7152e+014	1.7152e+014	5.2500e-015
6.290e+000	5.7683e-006	-1.7224e+014	-1.7188e+014	1.7188e+014	5.2500e-015
6.300e+000	5.7695e-006	-1.7260e+014	-1.7224e+014	1.7224e+014	5.2500e-015
6.310e+000	5.7707e-006	-1.7296e+014	-1.7260e+014	1.7260e+014	5.2500e-015
6.320e+000	5.7719e-006	-1.7332e+014	-1.7296e+014	1.7296e+014	5.2500e-015
6.330e+000	5.7731e-006	-1.7368e+014	-1.7332e+014	1.7332e+014	5.2500e-015
6.340e+000	5.7743e-006	-1.7404e+014	-1.7368e+014	1.7368e+014	5.2500e-015
6.350e+000	5.7755e-006	-1.7440e+014	-1.7404e+014	1.7404e+014	5.2500e-015
6.360e+000	5.7767e-006	-1.7476e+014	-1.7440e+014	1.7440e+014	5.2500e-015
6.370e+000	5.7779e-006	-1.7512e+014	-1.7476e+014	1.7476e+014	5.2500e-015
6.380e+000	5.7791e-006	-1.7548e+014	-1.7512e+014	1.7512e+014	5.2500e-015
6.390e+000	5.7803e-006	-1.7584e+014	-1.7548e+014	1.7548e+014	5.2500e-015
6.400e+000	5.7815e-006	-1.7621e+014	-1.7584e+014	1.7584e+014	5.2500e-015
6.410e+000	5.7827e-006	-1.7657e+014	-1.7621e+014	1.7621e+014	5.2500e-015
6.420e+000	5.7839e-006	-1.7693e+014	-1.7657e+014	1.7657e+014	5.2500e-015
6.430e+000	5.7851e-006	-1.7729e+014	-1.7693e+014	1.7693e+014	5.2500e-015
6.440e+000	5.7862e-006	-1.7765e+014	-1.7729e+014	1.7729e+014	5.2500e-015
6.450e+000	5.7874e-006	-1.7801e+014	-1.7765e+014	1.7765e+014	5.2500e-015
6.460e+000	5.7886e-006	-1.7837e+014	-1.7801e+014	1.7801e+014	5.2500e-015
6.470e+000	5.7898e-006	-1.7873e+014	-1.7837e+014	1.7837e+014	5.2500e-015
6.480e+000	5.7909e-006	-1.7910e+014	-1.7873e+014	1.7873e+014	5.2500e-015
6.490e+000	5.7921e-006	-1.7946e+014	-1.7910e+014	1.7910e+014	5.2500e-015
6.500e+000	5.7932e-006	-1.7982e+014	-1.7946e+014	1.7946e+014	5.2500e-015
6.510e+000	5.7944e-006	-1.8018e+014	-1.7982e+014	1.7982e+014	5.2500e-015
6.520e+000	5.7956e-006	-1.8054e+014	-1.8018e+014	1.8018e+014	5.2500e-015
6.530e+000	5.7967e-006	-1.8090e+014	-1.8054e+014	1.8054e+014	5.2500e-015
6.540e+000	5.7979e-006	-1.8127e+014	-1.8090e+014	1.8090e+014	5.2500e-015
6.550e+000	5.7990e-006	-1.8163e+014	-1.8127e+014	1.8127e+014	5.2500e-015
6.560e+000	5.8002e-006	-1.8199e+014	-1.8163e+014	1.8163e+014	5.2500e-015
6.570e+000	5.8013e-006	-1.8235e+014	-1.8199e+014	1.8199e+014	5.2500e-015
6.580e+000	5.8025e-006	-1.8271e+014	-1.8235e+014	1.8235e+014	5.2500e-015
6.590e+000	5.8036e-006	-1.8308e+014	-1.8271e+014	1.8271e+014	5.2500e-015
6.600e+000	5.8047e-006	-1.8344e+014	-1.8308e+014	1.8308e+014	5.2500e-015
6.610e+000	5.8059e-006	-1.8380e+014	-1.8344e+014	1.8344e+014	5.2500e-015
6.620e+000	5.8070e-006	-1.8416e+014	-1.8380e+014	1.8380e+014	5.2500e-015
6.630e+000	5.8081e-006	-1.8453e+014	-1.8416e+014	1.8416e+014	5.2500e-015
6.640e+000	5.8093e-006	-1.8489e+014	-1.8453e+014	1.8453e+014	5.2500e-015
6.650e+000	5.8104e-006	-1.8525e+014	-1.8489e+014	1.8489e+014	5.2500e-015
6.660e+000	5.8115e-006	-1.8561e+014	-1.8525e+014	1.8525e+014	5.2500e-015
6.670e+000	5.8126e-006	-1.8598e+014	-1.8561e+014	1.8561e+014	5.2500e-015
6.680e+000	5.8137e-006	-1.8634e+014	-1.8598e+014	1.8598e+014	5.2500e-015
6.690e+000	5.8149e-006	-1.8670e+014	-1.8634e+014	1.8634e+014	5.2500e-015
6.700e+000	5.8160e-006	-1.8707e+014	-1.8670e+014	1.8670e+014	5.2500e-015
6.710e+000	5.8171e-006	-1.8743e+014	-1.8707e+014	1.8707e+014	5.2500e-015
6.720e+000	5.8182e-006	-1.8779e+014	-1.8743e+014	1.8743e+014	5.2500e-015
6.730e+000	5.8193e-006	-1.8815e+014	-1.8779e+014	1.8779e+014	5.2500e-015
6.740e+000	5.8204e-006	-1.8852e+014	-1.8815e+014	1.8815e+014	5.2500e-015
6.750e+000	5.8215e-006	-1.8888e+014	-1.8852e+014	1.8852e+014	5.2500e-015
6.760e+000	5.8226e-006	-1.8924e+014	-1.8888e+014	1.8888e+014	5.2500e-015
6.770e+000	5.8237e-006	-1.8961e+014	-1.8924e+014	1.8924e+014	5.2500e-015
6.780e+000	5.8248e-006	-1.8997e+014	-1.8961e+014	1.8961e+014	5.2500e-015
6.790e+000	5.8259e-006	-1.9034e+014	-1.8997e+014	1.8997e+014	5.2500e-015
6.800e+000	5.8270e-006	-1.9070e+014	-1.9034e+014	1.9034e+014	5.2500e-015
6.810e+000	5.8281e-006	-1.9106e+014	-1.9070e+014	1.9070e+014	5.2500e-015
6.820e+000	5.8291e-006	-1.9143e+014	-1.9106e+014	1.9106e+014	5.2500e-015
6.830e+000	5.8302e-006	-1.9179e+014	-1.9143e+014	1.9143e+014	5.2500e-015
6.840e+000	5.8313e-006	-1.9215e+014	-1.9179e+014	1.9179e+014	5.2500e-015
6.850e+000	5.8324e-006	-1.9252e+014	-1.9215e+014	1.9215e+014	5.2500e-015
6.860e+000	5.8335e-006	-1.9288e+014	-1.9252e+014	1.9252e+014	5.2500e-015
6.870e+000	5.8345e-006	-1.9325e+014	-1.9288e+014	1.9288e+014	5.2500e-015
6.880e+000	5.8356e-006	-1.9361e+014	-1.9325e+014	1.9325e+014	5.2500e-015
6.890e+000	5.8367e-006	-1.9398e+014	-1.9361e+014	1.9361e+014	5.2500e-015
6.900e+000	5.8377e-006	-1.9434e+014	-1.9398e+014	1.9398e+014	5.2500e-015
6.910e+000	5.8388e-006	-1.9470e+014	-1.9434e+014	1.9434e+014	5.2500e-015
6.920e+000	5.8399e-006	-1.9507e+014	-1.9470e+014	1.9470e+014	5.2500e-015
6.930e+000	5.8409e-006	-1.9543e+014	-1.9507e+014	1.9507e+014	5.2500e-015
6.940e+000	5.8420e-006	-1.9580e+014	-1.9543e+014	1.9543e+014	5.2500e-015
6.950e+000	5.8430e-006	-1.9616e+014	-1.9580e+014	1.9580e+014	5.2500e-015
6.960e+000	5.8441e-006	-1.9653e+014	-1.9616e+014	1.9616e+014	5.2500e-015
6.970e+000	5.8451e-006	-1.9689e+014	-1.9653e+014	1.9653e+014	5.2500e-015
6.980e+000	5.8462e-006	-1.9726e+014	-1.9689e+014	1.9689e+014	5.2500e-015
6.990e+000	5.8472e-006	-1.9762e+014	-1.9726e+014	1.9726e+014	5.2500e-015
7.000e+000	5.8483e-006	-1.9799e+014	-1.9762e+014	1.9762e+014	5.2500e-015
