V	C (Fcm-2)	Initcharge (cm-2)	Finalcharge (cm-2)	ns Total (cm-2)	ps Total (cm-2)
-7.000e+000	4.8003e-017	-9.3389e+000	-6.3428e+000	6.3476e+000	5.2500e-015
-6.990e+000	4.8003e-017	-9.3389e+000	-6.3428e+000	6.3476e+000	5.2500e-015
-6.980e+000	4.8003e-017	-9.3389e+000	-6.3428e+000	6.3476e+000	5.2500e-015
-6.970e+000	4.8003e-017	-9.3389e+000	-6.3428e+000	6.3476e+000	5.2500e-015
-6.960e+000	4.8003e-017	-9.3389e+000	-6.3428e+000	6.3476e+000	5.2500e-015
-6.950e+000	4.8003e-017	-9.3389e+000	-6.3428e+000	6.3476e+000	5.2500e-015
-6.940e+000	4.8003e-017	-9.3389e+000	-6.3428e+000	6.3476e+000	5.2500e-015
-6.930e+000	4.8003e-017	-9.3389e+000	-6.3428e+000	6.3476e+000	5.2500e-015
-6.920e+000	4.8003e-017	-9.3389e+000	-6.3428e+000	6.3476e+000	5.2500e-015
-6.910e+000	4.8003e-017	-9.3389e+000	-6.3428e+000	6.3476e+000	5.2500e-015
-6.900e+000	4.8003e-017	-9.3389e+000	-6.3428e+000	6.3476e+000	5.2500e-015
-6.890e+000	4.8003e-017	-9.3389e+000	-6.3428e+000	6.3476e+000	5.2500e-015
-6.880e+000	4.8003e-017	-9.3389e+000	-6.3428e+000	6.3476e+000	5.2500e-015
-6.870e+000	4.8003e-017	-9.3389e+000	-6.3428e+000	6.3476e+000	5.2500e-015
-6.860e+000	4.8003e-017	-9.3389e+000	-6.3428e+000	6.3476e+000	5.2500e-015
-6.850e+000	4.8003e-017	-9.3389e+000	-6.3428e+000	6.3476e+000	5.2500e-015
-6.840e+000	4.8003e-017	-9.3389e+000	-6.3428e+000	6.3476e+000	5.2500e-015
-6.830e+000	4.8003e-017	-9.3389e+000	-6.3428e+000	6.3476e+000	5.2500e-015
-6.820e+000	4.8003e-017	-9.3389e+000	-6.3428e+000	6.3476e+000	5.2500e-015
-6.810e+000	4.8003e-017	-9.3389e+000	-6.3428e+000	6.3476e+000	5.2500e-015
-6.800e+000	4.8003e-017	-9.3389e+000	-6.3428e+000	6.3476e+000	5.2500e-015
-6.790e+000	4.8003e-017	-9.3389e+000	-6.3428e+000	6.3476e+000	5.2500e-015
-6.780e+000	4.8003e-017	-9.3389e+000	-6.3428e+000	6.3476e+000	5.2500e-015
-6.770e+000	4.8003e-017	-9.3389e+000	-6.3428e+000	6.3476e+000	5.2500e-015
-6.760e+000	4.8003e-017	-9.3389e+000	-6.3428e+000	6.3476e+000	5.2500e-015
-6.750e+000	4.8003e-017	-9.3389e+000	-6.3428e+000	6.3476e+000	5.2500e-015
-6.740e+000	4.8003e-017	-9.3389e+000	-6.3428e+000	6.3476e+000	5.2500e-015
-6.730e+000	4.8003e-017	-9.3389e+000	-6.3428e+000	6.3476e+000	5.2500e-015
-6.720e+000	4.8003e-017	-9.3389e+000	-6.3428e+000	6.3476e+000	5.2500e-015
-6.710e+000	4.8003e-017	-9.3389e+000	-6.3428e+000	6.3476e+000	5.2500e-015
-6.700e+000	4.8003e-017	-9.3389e+000	-6.3428e+000	6.3476e+000	5.2500e-015
-6.690e+000	4.8003e-017	-9.3389e+000	-6.3428e+000	6.3476e+000	5.2500e-015
-6.680e+000	4.8003e-017	-9.3389e+000	-6.3428e+000	6.3476e+000	5.2500e-015
-6.670e+000	4.8003e-017	-9.3389e+000	-6.3428e+000	6.3476e+000	5.2500e-015
-6.660e+000	4.8003e-017	-9.3389e+000	-6.3428e+000	6.3476e+000	5.2500e-015
-6.650e+000	4.8003e-017	-9.3389e+000	-6.3428e+000	6.3476e+000	5.2500e-015
-6.640e+000	4.8003e-017	-9.3389e+000	-6.3428e+000	6.3476e+000	5.2500e-015
-6.630e+000	4.8003e-017	-9.3389e+000	-6.3428e+000	6.3476e+000	5.2500e-015
-6.620e+000	4.8003e-017	-9.3389e+000	-6.3428e+000	6.3476e+000	5.2500e-015
-6.610e+000	4.8003e-017	-9.3389e+000	-6.3428e+000	6.3476e+000	5.2500e-015
-6.600e+000	4.8003e-017	-9.3389e+000	-6.3428e+000	6.3476e+000	5.2500e-015
-6.590e+000	4.8003e-017	-9.3389e+000	-6.3428e+000	6.3476e+000	5.2500e-015
-6.580e+000	4.8003e-017	-9.3389e+000	-6.3428e+000	6.3476e+000	5.2500e-015
-6.570e+000	4.8003e-017	-9.3389e+000	-6.3428e+000	6.3476e+000	5.2500e-015
-6.560e+000	4.8003e-017	-9.3389e+000	-6.3428e+000	6.3476e+000	5.2500e-015
-6.550e+000	4.8003e-017	-9.3389e+000	-6.3428e+000	6.3476e+000	5.2500e-015
-6.540e+000	4.8003e-017	-9.3389e+000	-6.3428e+000	6.3476e+000	5.2500e-015
-6.530e+000	4.8003e-017	-9.3389e+000	-6.3428e+000	6.3476e+000	5.2500e-015
-6.520e+000	4.8003e-017	-9.3389e+000	-6.3428e+000	6.3476e+000	5.2500e-015
-6.510e+000	4.8003e-017	-9.3389e+000	-6.3428e+000	6.3476e+000	5.2500e-015
-6.500e+000	4.8003e-017	-9.3389e+000	-6.3428e+000	6.3476e+000	5.2500e-015
-6.490e+000	4.8003e-017	-9.3389e+000	-6.3428e+000	6.3476e+000	5.2500e-015
-6.480e+000	4.8003e-017	-9.3389e+000	-6.3428e+000	6.3476e+000	5.2500e-015
-6.470e+000	4.8003e-017	-9.3389e+000	-6.3428e+000	6.3476e+000	5.2500e-015
-6.460e+000	4.8003e-017	-9.3389e+000	-6.3428e+000	6.3476e+000	5.2500e-015
-6.450e+000	4.8003e-017	-9.3389e+000	-6.3428e+000	6.3476e+000	5.2500e-015
-6.440e+000	4.8003e-017	-9.3389e+000	-6.3428e+000	6.3476e+000	5.2500e-015
-6.430e+000	4.8003e-017	-9.3389e+000	-6.3428e+000	6.3476e+000	5.2500e-015
-6.420e+000	4.8003e-017	-9.3389e+000	-6.3428e+000	6.3476e+000	5.2500e-015
-6.410e+000	4.8003e-017	-9.3389e+000	-6.3428e+000	6.3476e+000	5.2500e-015
-6.400e+000	4.8003e-017	-9.3389e+000	-6.3428e+000	6.3476e+000	5.2500e-015
-6.390e+000	4.8003e-017	-9.3389e+000	-6.3428e+000	6.3476e+000	5.2500e-015
-6.380e+000	4.8003e-017	-9.3389e+000	-6.3428e+000	6.3476e+000	5.2500e-015
-6.370e+000	4.8003e-017	-9.3389e+000	-6.3428e+000	6.3476e+000	5.2500e-015
-6.360e+000	4.8003e-017	-9.3389e+000	-6.3428e+000	6.3476e+000	5.2500e-015
-6.350e+000	4.8003e-017	-9.3389e+000	-6.3428e+000	6.3476e+000	5.2500e-015
-6.340e+000	4.8003e-017	-9.3389e+000	-6.3428e+000	6.3476e+000	5.2500e-015
-6.330e+000	4.8003e-017	-9.3389e+000	-6.3428e+000	6.3476e+000	5.2500e-015
-6.320e+000	4.8003e-017	-9.3389e+000	-6.3428e+000	6.3476e+000	5.2500e-015
-6.310e+000	4.8003e-017	-9.3389e+000	-6.3428e+000	6.3476e+000	5.2500e-015
-6.300e+000	4.8003e-017	-9.3389e+000	-6.3428e+000	6.3476e+000	5.2500e-015
-6.290e+000	4.8003e-017	-9.3389e+000	-6.3428e+000	6.3476e+000	5.2500e-015
-6.280e+000	4.8003e-017	-9.3389e+000	-6.3428e+000	6.3476e+000	5.2500e-015
-6.270e+000	4.8003e-017	-9.3389e+000	-6.3428e+000	6.3476e+000	5.2500e-015
-6.260e+000	4.8003e-017	-9.3389e+000	-6.3428e+000	6.3476e+000	5.2500e-015
-6.250e+000	4.8003e-017	-9.3389e+000	-6.3428e+000	6.3476e+000	5.2500e-015
-6.240e+000	4.8003e-017	-9.3389e+000	-6.3428e+000	6.3476e+000	5.2500e-015
-6.230e+000	4.8003e-017	-9.3389e+000	-6.3428e+000	6.3476e+000	5.2500e-015
-6.220e+000	4.8003e-017	-9.3389e+000	-6.3428e+000	6.3476e+000	5.2500e-015
-6.210e+000	4.8003e-017	-9.3389e+000	-6.3428e+000	6.3476e+000	5.2500e-015
-6.200e+000	4.8003e-017	-9.3389e+000	-6.3428e+000	6.3476e+000	5.2500e-015
-6.190e+000	4.8003e-017	-9.3389e+000	-6.3428e+000	6.3476e+000	5.2500e-015
-6.180e+000	4.8003e-017	-9.3389e+000	-6.3428e+000	6.3476e+000	5.2500e-015
-6.170e+000	4.8003e-017	-9.3389e+000	-6.3428e+000	6.3476e+000	5.2500e-015
-6.160e+000	4.8003e-017	-9.3389e+000	-6.3428e+000	6.3476e+000	5.2500e-015
-6.150e+000	4.8003e-017	-9.3389e+000	-6.3428e+000	6.3476e+000	5.2500e-015
-6.140e+000	4.8003e-017	-9.3389e+000	-6.3428e+000	6.3476e+000	5.2500e-015
-6.130e+000	4.8003e-017	-9.3389e+000	-6.3428e+000	6.3476e+000	5.2500e-015
-6.120e+000	4.8003e-017	-9.3389e+000	-6.3428e+000	6.3476e+000	5.2500e-015
-6.110e+000	4.8003e-017	-9.3389e+000	-6.3428e+000	6.3476e+000	5.2500e-015
-6.100e+000	4.8003e-017	-9.3389e+000	-6.3428e+000	6.3476e+000	5.2500e-015
-6.090e+000	4.8003e-017	-9.3389e+000	-6.3428e+000	6.3476e+000	5.2500e-015
-6.080e+000	4.8003e-017	-9.3389e+000	-6.3428e+000	6.3476e+000	5.2500e-015
-6.070e+000	4.8003e-017	-9.3389e+000	-6.3428e+000	6.3476e+000	5.2500e-015
-6.060e+000	4.8003e-017	-9.3389e+000	-6.3428e+000	6.3476e+000	5.2500e-015
-6.050e+000	4.8003e-017	-9.3389e+000	-6.3428e+000	6.3476e+000	5.2500e-015
-6.040e+000	4.8003e-017	-9.3389e+000	-6.3428e+000	6.3476e+000	5.2500e-015
-6.030e+000	4.8003e-017	-9.3389e+000	-6.3428e+000	6.3476e+000	5.2500e-015
-6.020e+000	4.8003e-017	-9.3389e+000	-6.3428e+000	6.3476e+000	5.2500e-015
-6.010e+000	4.8003e-017	-9.3389e+000	-6.3428e+000	6.3476e+000	5.2500e-015
-6.000e+000	4.8003e-017	-9.3389e+000	-6.3428e+000	6.3476e+000	5.2500e-015
-5.990e+000	4.8003e-017	-9.3389e+000	-6.3428e+000	6.3476e+000	5.2500e-015
-5.980e+000	4.8003e-017	-9.3389e+000	-6.3428e+000	6.3476e+000	5.2500e-015
-5.970e+000	4.8003e-017	-9.3389e+000	-6.3428e+000	6.3476e+000	5.2500e-015
-5.960e+000	4.8003e-017	-9.3389e+000	-6.3428e+000	6.3476e+000	5.2500e-015
-5.950e+000	4.8003e-017	-9.3389e+000	-6.3428e+000	6.3476e+000	5.2500e-015
-5.940e+000	4.8003e-017	-9.3389e+000	-6.3428e+000	6.3476e+000	5.2500e-015
-5.930e+000	4.8003e-017	-9.3389e+000	-6.3428e+000	6.3476e+000	5.2500e-015
-5.920e+000	4.8003e-017	-9.3389e+000	-6.3428e+000	6.3476e+000	5.2500e-015
-5.910e+000	4.8003e-017	-9.3389e+000	-6.3428e+000	6.3476e+000	5.2500e-015
-5.900e+000	4.8003e-017	-9.3389e+000	-6.3428e+000	6.3476e+000	5.2500e-015
-5.890e+000	4.8003e-017	-9.3389e+000	-6.3428e+000	6.3476e+000	5.2500e-015
-5.880e+000	4.8003e-017	-9.3389e+000	-6.3428e+000	6.3476e+000	5.2500e-015
-5.870e+000	4.8003e-017	-9.3389e+000	-6.3428e+000	6.3476e+000	5.2500e-015
-5.860e+000	4.8003e-017	-9.3389e+000	-6.3428e+000	6.3476e+000	5.2500e-015
-5.850e+000	4.8003e-017	-9.3389e+000	-6.3428e+000	6.3476e+000	5.2500e-015
-5.840e+000	4.8003e-017	-9.3389e+000	-6.3428e+000	6.3476e+000	5.2500e-015
-5.830e+000	4.8003e-017	-9.3389e+000	-6.3428e+000	6.3476e+000	5.2500e-015
-5.820e+000	4.8003e-017	-9.3389e+000	-6.3428e+000	6.3476e+000	5.2500e-015
-5.810e+000	4.8003e-017	-9.3389e+000	-6.3428e+000	6.3476e+000	5.2500e-015
-5.800e+000	4.8003e-017	-9.3389e+000	-6.3428e+000	6.3476e+000	5.2500e-015
-5.790e+000	4.8003e-017	-9.3389e+000	-6.3428e+000	6.3476e+000	5.2500e-015
-5.780e+000	4.8003e-017	-9.3389e+000	-6.3428e+000	6.3476e+000	5.2500e-015
-5.770e+000	4.8003e-017	-9.3389e+000	-6.3428e+000	6.3476e+000	5.2500e-015
-5.760e+000	4.8003e-017	-9.3389e+000	-6.3428e+000	6.3476e+000	5.2500e-015
-5.750e+000	4.8003e-017	-9.3389e+000	-6.3428e+000	6.3476e+000	5.2500e-015
-5.740e+000	4.8003e-017	-9.3389e+000	-6.3428e+000	6.3476e+000	5.2500e-015
-5.730e+000	4.8003e-017	-9.3389e+000	-6.3428e+000	6.3476e+000	5.2500e-015
-5.720e+000	4.8003e-017	-9.3389e+000	-6.3428e+000	6.3476e+000	5.2500e-015
-5.710e+000	4.8003e-017	-9.3389e+000	-6.3428e+000	6.3476e+000	5.2500e-015
-5.700e+000	4.8003e-017	-9.3389e+000	-6.3428e+000	6.3476e+000	5.2500e-015
-5.690e+000	4.8003e-017	-9.3389e+000	-6.3428e+000	6.3476e+000	5.2500e-015
-5.680e+000	4.8003e-017	-9.3389e+000	-6.3428e+000	6.3476e+000	5.2500e-015
-5.670e+000	4.8003e-017	-9.3389e+000	-6.3428e+000	6.3476e+000	5.2500e-015
-5.660e+000	4.8003e-017	-9.3389e+000	-6.3428e+000	6.3476e+000	5.2500e-015
-5.650e+000	4.8003e-017	-9.3389e+000	-6.3428e+000	6.3476e+000	5.2500e-015
-5.640e+000	4.8003e-017	-9.3389e+000	-6.3428e+000	6.3476e+000	5.2500e-015
-5.630e+000	4.8003e-017	-9.3389e+000	-6.3428e+000	6.3476e+000	5.2500e-015
-5.620e+000	4.8003e-017	-9.3389e+000	-6.3428e+000	6.3476e+000	5.2500e-015
-5.610e+000	4.8003e-017	-9.3389e+000	-6.3428e+000	6.3476e+000	5.2500e-015
-5.600e+000	4.8003e-017	-9.3389e+000	-6.3428e+000	6.3476e+000	5.2500e-015
-5.590e+000	4.8003e-017	-9.3389e+000	-6.3428e+000	6.3476e+000	5.2500e-015
-5.580e+000	4.8003e-017	-9.3389e+000	-6.3428e+000	6.3476e+000	5.2500e-015
-5.570e+000	4.8003e-017	-9.3389e+000	-6.3428e+000	6.3476e+000	5.2500e-015
-5.560e+000	4.8003e-017	-9.3389e+000	-6.3428e+000	6.3476e+000	5.2500e-015
-5.550e+000	4.8003e-017	-9.3389e+000	-6.3428e+000	6.3476e+000	5.2500e-015
-5.540e+000	4.8003e-017	-9.3389e+000	-6.3428e+000	6.3476e+000	5.2500e-015
-5.530e+000	4.8003e-017	-9.3389e+000	-6.3428e+000	6.3476e+000	5.2500e-015
-5.520e+000	4.8003e-017	-9.3389e+000	-6.3428e+000	6.3476e+000	5.2500e-015
-5.510e+000	4.8003e-017	-9.3389e+000	-6.3428e+000	6.3476e+000	5.2500e-015
-5.500e+000	4.8003e-017	-9.3389e+000	-6.3428e+000	6.3476e+000	5.2500e-015
-5.490e+000	4.8003e-017	-9.3389e+000	-6.3428e+000	6.3476e+000	5.2500e-015
-5.480e+000	4.8003e-017	-9.3389e+000	-6.3428e+000	6.3476e+000	5.2500e-015
-5.470e+000	4.8003e-017	-9.3389e+000	-6.3428e+000	6.3476e+000	5.2500e-015
-5.460e+000	4.8003e-017	-9.3389e+000	-6.3428e+000	6.3476e+000	5.2500e-015
-5.450e+000	4.8003e-017	-9.3389e+000	-6.3428e+000	6.3476e+000	5.2500e-015
-5.440e+000	4.8003e-017	-9.3389e+000	-6.3428e+000	6.3476e+000	5.2500e-015
-5.430e+000	4.8003e-017	-9.3389e+000	-6.3428e+000	6.3476e+000	5.2500e-015
-5.420e+000	4.8003e-017	-9.3389e+000	-6.3428e+000	6.3476e+000	5.2500e-015
-5.410e+000	4.8003e-017	-9.3389e+000	-6.3428e+000	6.3476e+000	5.2500e-015
-5.400e+000	4.8003e-017	-9.3389e+000	-6.3428e+000	6.3476e+000	5.2500e-015
-5.390e+000	4.8003e-017	-9.3389e+000	-6.3428e+000	6.3476e+000	5.2500e-015
-5.380e+000	4.8003e-017	-9.3389e+000	-6.3428e+000	6.3476e+000	5.2500e-015
-5.370e+000	4.8003e-017	-9.3389e+000	-6.3428e+000	6.3476e+000	5.2500e-015
-5.360e+000	4.8003e-017	-9.3389e+000	-6.3428e+000	6.3476e+000	5.2500e-015
-5.350e+000	4.8003e-017	-9.3389e+000	-6.3428e+000	6.3476e+000	5.2500e-015
-5.340e+000	4.8003e-017	-9.3389e+000	-6.3428e+000	6.3476e+000	5.2500e-015
-5.330e+000	4.8003e-017	-9.3389e+000	-6.3428e+000	6.3476e+000	5.2500e-015
-5.320e+000	4.8003e-017	-9.3389e+000	-6.3428e+000	6.3476e+000	5.2500e-015
-5.310e+000	4.8003e-017	-9.3389e+000	-6.3428e+000	6.3476e+000	5.2500e-015
-5.300e+000	4.8003e-017	-9.3389e+000	-6.3428e+000	6.3476e+000	5.2500e-015
-5.290e+000	4.8003e-017	-9.3389e+000	-6.3428e+000	6.3476e+000	5.2500e-015
-5.280e+000	4.8003e-017	-9.3389e+000	-6.3428e+000	6.3476e+000	5.2500e-015
-5.270e+000	4.8003e-017	-9.3389e+000	-6.3428e+000	6.3476e+000	5.2500e-015
-5.260e+000	4.8003e-017	-9.3389e+000	-6.3428e+000	6.3476e+000	5.2500e-015
-5.250e+000	4.8003e-017	-9.3389e+000	-6.3428e+000	6.3476e+000	5.2500e-015
-5.240e+000	4.8003e-017	-9.3389e+000	-6.3428e+000	6.3476e+000	5.2500e-015
-5.230e+000	4.8003e-017	-9.3389e+000	-6.3428e+000	6.3476e+000	5.2500e-015
-5.220e+000	4.8003e-017	-9.3389e+000	-6.3428e+000	6.3476e+000	5.2500e-015
-5.210e+000	4.8003e-017	-9.3389e+000	-6.3428e+000	6.3476e+000	5.2500e-015
-5.200e+000	4.8003e-017	-9.3389e+000	-6.3428e+000	6.3476e+000	5.2500e-015
-5.190e+000	4.8003e-017	-9.3389e+000	-6.3428e+000	6.3476e+000	5.2500e-015
-5.180e+000	4.8003e-017	-9.3389e+000	-6.3428e+000	6.3476e+000	5.2500e-015
-5.170e+000	4.8003e-017	-9.3389e+000	-6.3428e+000	6.3476e+000	5.2500e-015
-5.160e+000	4.8003e-017	-9.3389e+000	-6.3428e+000	6.3476e+000	5.2500e-015
-5.150e+000	4.8003e-017	-9.3389e+000	-6.3428e+000	6.3476e+000	5.2500e-015
-5.140e+000	4.8003e-017	-9.3389e+000	-6.3428e+000	6.3476e+000	5.2500e-015
-5.130e+000	4.8003e-017	-9.3389e+000	-6.3428e+000	6.3476e+000	5.2500e-015
-5.120e+000	4.8003e-017	-9.3389e+000	-6.3428e+000	6.3476e+000	5.2500e-015
-5.110e+000	4.8003e-017	-9.3389e+000	-6.3428e+000	6.3476e+000	5.2500e-015
-5.100e+000	4.8003e-017	-9.3389e+000	-6.3428e+000	6.3476e+000	5.2500e-015
-5.090e+000	4.8003e-017	-9.3389e+000	-6.3428e+000	6.3476e+000	5.2500e-015
-5.080e+000	4.8003e-017	-9.3389e+000	-6.3428e+000	6.3476e+000	5.2500e-015
-5.070e+000	4.8003e-017	-9.3389e+000	-6.3428e+000	6.3476e+000	5.2500e-015
-5.060e+000	4.8003e-017	-9.3389e+000	-6.3428e+000	6.3476e+000	5.2500e-015
-5.050e+000	4.8003e-017	-9.3389e+000	-6.3428e+000	6.3476e+000	5.2500e-015
-5.040e+000	4.8003e-017	-9.3389e+000	-6.3428e+000	6.3476e+000	5.2500e-015
-5.030e+000	4.8003e-017	-9.3389e+000	-6.3428e+000	6.3476e+000	5.2500e-015
-5.020e+000	4.8003e-017	-9.3389e+000	-6.3428e+000	6.3476e+000	5.2500e-015
-5.010e+000	4.8003e-017	-9.3389e+000	-6.3428e+000	6.3476e+000	5.2500e-015
-5.000e+000	4.8003e-017	-9.3389e+000	-6.3428e+000	6.3476e+000	5.2500e-015
-4.990e+000	4.8003e-017	-9.3389e+000	-6.3428e+000	6.3476e+000	5.2500e-015
-4.980e+000	4.8003e-017	-9.3389e+000	-6.3428e+000	6.3476e+000	5.2500e-015
-4.970e+000	4.8003e-017	-9.3389e+000	-6.3428e+000	6.3476e+000	5.2500e-015
-4.960e+000	4.8003e-017	-9.3389e+000	-6.3428e+000	6.3476e+000	5.2500e-015
-4.950e+000	4.8003e-017	-9.3389e+000	-6.3428e+000	6.3476e+000	5.2500e-015
-4.940e+000	4.8003e-017	-9.3389e+000	-6.3428e+000	6.3476e+000	5.2500e-015
-4.930e+000	4.8003e-017	-9.3389e+000	-6.3428e+000	6.3476e+000	5.2500e-015
-4.920e+000	4.8003e-017	-9.3389e+000	-6.3428e+000	6.3476e+000	5.2500e-015
-4.910e+000	4.8003e-017	-9.3389e+000	-6.3428e+000	6.3476e+000	5.2500e-015
-4.900e+000	4.8003e-017	-9.3389e+000	-6.3428e+000	6.3476e+000	5.2500e-015
-4.890e+000	4.8003e-017	-9.3389e+000	-6.3428e+000	6.3476e+000	5.2500e-015
-4.880e+000	4.8003e-017	-9.3389e+000	-6.3428e+000	6.3476e+000	5.2500e-015
-4.870e+000	4.8003e-017	-9.3389e+000	-6.3428e+000	6.3476e+000	5.2500e-015
-4.860e+000	4.8003e-017	-9.3389e+000	-6.3428e+000	6.3476e+000	5.2500e-015
-4.850e+000	4.8003e-017	-9.3389e+000	-6.3428e+000	6.3476e+000	5.2500e-015
-4.840e+000	4.8003e-017	-9.3389e+000	-6.3428e+000	6.3476e+000	5.2500e-015
-4.830e+000	4.8003e-017	-9.3389e+000	-6.3428e+000	6.3476e+000	5.2500e-015
-4.820e+000	4.8003e-017	-9.3389e+000	-6.3428e+000	6.3476e+000	5.2500e-015
-4.810e+000	4.8003e-017	-9.3389e+000	-6.3428e+000	6.3476e+000	5.2500e-015
-4.800e+000	4.8003e-017	-9.3389e+000	-6.3428e+000	6.3476e+000	5.2500e-015
-4.790e+000	4.8003e-017	-9.3389e+000	-6.3428e+000	6.3476e+000	5.2500e-015
-4.780e+000	4.8003e-017	-9.3389e+000	-6.3428e+000	6.3476e+000	5.2500e-015
-4.770e+000	4.8003e-017	-9.3389e+000	-6.3428e+000	6.3476e+000	5.2500e-015
-4.760e+000	4.8003e-017	-9.3389e+000	-6.3428e+000	6.3476e+000	5.2500e-015
-4.750e+000	4.8003e-017	-9.3389e+000	-6.3428e+000	6.3476e+000	5.2500e-015
-4.740e+000	4.8003e-017	-9.3389e+000	-6.3428e+000	6.3476e+000	5.2500e-015
-4.730e+000	4.8003e-017	-9.3389e+000	-6.3428e+000	6.3476e+000	5.2500e-015
-4.720e+000	4.8003e-017	-9.3389e+000	-6.3428e+000	6.3476e+000	5.2500e-015
-4.710e+000	4.8003e-017	-9.3389e+000	-6.3428e+000	6.3476e+000	5.2500e-015
-4.700e+000	4.8003e-017	-9.3389e+000	-6.3428e+000	6.3476e+000	5.2500e-015
-4.690e+000	4.8003e-017	-9.3389e+000	-6.3428e+000	6.3476e+000	5.2500e-015
-4.680e+000	4.8003e-017	-9.3389e+000	-6.3428e+000	6.3476e+000	5.2500e-015
-4.670e+000	4.8003e-017	-9.3389e+000	-6.3428e+000	6.3476e+000	5.2500e-015
-4.660e+000	4.8003e-017	-9.3389e+000	-6.3428e+000	6.3476e+000	5.2500e-015
-4.650e+000	4.8003e-017	-9.3389e+000	-6.3428e+000	6.3476e+000	5.2500e-015
-4.640e+000	4.8003e-017	-9.3389e+000	-6.3428e+000	6.3476e+000	5.2500e-015
-4.630e+000	4.8003e-017	-9.3389e+000	-6.3428e+000	6.3476e+000	5.2500e-015
-4.620e+000	4.8003e-017	-9.3389e+000	-6.3428e+000	6.3476e+000	5.2500e-015
-4.610e+000	4.8003e-017	-9.3389e+000	-6.3428e+000	6.3476e+000	5.2500e-015
-4.600e+000	4.8003e-017	-9.3389e+000	-6.3428e+000	6.3476e+000	5.2500e-015
-4.590e+000	4.8003e-017	-9.3389e+000	-6.3428e+000	6.3476e+000	5.2500e-015
-4.580e+000	4.8003e-017	-9.3389e+000	-6.3428e+000	6.3476e+000	5.2500e-015
-4.570e+000	4.8003e-017	-9.3389e+000	-6.3428e+000	6.3476e+000	5.2500e-015
-4.560e+000	4.8003e-017	-9.3389e+000	-6.3428e+000	6.3476e+000	5.2500e-015
-4.550e+000	4.8003e-017	-9.3389e+000	-6.3428e+000	6.3476e+000	5.2500e-015
-4.540e+000	4.8003e-017	-9.3389e+000	-6.3428e+000	6.3476e+000	5.2500e-015
-4.530e+000	4.8003e-017	-9.3389e+000	-6.3428e+000	6.3476e+000	5.2500e-015
-4.520e+000	4.8003e-017	-9.3389e+000	-6.3428e+000	6.3476e+000	5.2500e-015
-4.510e+000	4.8003e-017	-9.3389e+000	-6.3428e+000	6.3476e+000	5.2500e-015
-4.500e+000	4.8003e-017	-9.3389e+000	-6.3428e+000	6.3476e+000	5.2500e-015
-4.490e+000	4.8003e-017	-9.3389e+000	-6.3428e+000	6.3476e+000	5.2500e-015
-4.480e+000	4.8003e-017	-9.3389e+000	-6.3428e+000	6.3476e+000	5.2500e-015
-4.470e+000	4.8003e-017	-9.3389e+000	-6.3428e+000	6.3476e+000	5.2500e-015
-4.460e+000	4.8003e-017	-9.3389e+000	-6.3428e+000	6.3476e+000	5.2500e-015
-4.450e+000	4.8003e-017	-9.3389e+000	-6.3428e+000	6.3476e+000	5.2500e-015
-4.440e+000	4.8003e-017	-9.3389e+000	-6.3428e+000	6.3476e+000	5.2500e-015
-4.430e+000	4.8003e-017	-9.3389e+000	-6.3428e+000	6.3476e+000	5.2500e-015
-4.420e+000	4.8003e-017	-9.3389e+000	-6.3428e+000	6.3476e+000	5.2500e-015
-4.410e+000	4.8003e-017	-9.3389e+000	-6.3428e+000	6.3476e+000	5.2500e-015
-4.400e+000	4.8003e-017	-9.3389e+000	-6.3428e+000	6.3476e+000	5.2500e-015
-4.390e+000	4.8003e-017	-9.3389e+000	-6.3428e+000	6.3476e+000	5.2500e-015
-4.380e+000	4.8003e-017	-9.3389e+000	-6.3428e+000	6.3476e+000	5.2500e-015
-4.370e+000	4.8003e-017	-9.3389e+000	-6.3428e+000	6.3476e+000	5.2500e-015
-4.360e+000	4.8003e-017	-9.3389e+000	-6.3428e+000	6.3476e+000	5.2500e-015
-4.350e+000	4.8003e-017	-9.3389e+000	-6.3428e+000	6.3476e+000	5.2500e-015
-4.340e+000	4.8003e-017	-9.3389e+000	-6.3428e+000	6.3476e+000	5.2500e-015
-4.330e+000	4.8003e-017	-9.3389e+000	-6.3428e+000	6.3476e+000	5.2500e-015
-4.320e+000	4.8003e-017	-9.3389e+000	-6.3428e+000	6.3476e+000	5.2500e-015
-4.310e+000	4.8003e-017	-9.3389e+000	-6.3428e+000	6.3476e+000	5.2500e-015
-4.300e+000	4.8003e-017	-9.3389e+000	-6.3428e+000	6.3476e+000	5.2500e-015
-4.290e+000	4.8003e-017	-9.3389e+000	-6.3428e+000	6.3476e+000	5.2500e-015
-4.280e+000	4.8003e-017	-9.3389e+000	-6.3428e+000	6.3476e+000	5.2500e-015
-4.270e+000	4.8003e-017	-9.3389e+000	-6.3428e+000	6.3476e+000	5.2500e-015
-4.260e+000	4.8003e-017	-9.3389e+000	-6.3428e+000	6.3476e+000	5.2500e-015
-4.250e+000	4.8003e-017	-9.3389e+000	-6.3428e+000	6.3476e+000	5.2500e-015
-4.240e+000	4.8003e-017	-9.3389e+000	-6.3428e+000	6.3476e+000	5.2500e-015
-4.230e+000	4.8003e-017	-9.3389e+000	-6.3428e+000	6.3476e+000	5.2500e-015
-4.220e+000	4.8003e-017	-9.3389e+000	-6.3428e+000	6.3476e+000	5.2500e-015
-4.210e+000	4.8003e-017	-9.3389e+000	-6.3428e+000	6.3476e+000	5.2500e-015
-4.200e+000	4.8003e-017	-9.3389e+000	-6.3428e+000	6.3476e+000	5.2500e-015
-4.190e+000	4.8003e-017	-9.3389e+000	-6.3428e+000	6.3476e+000	5.2500e-015
-4.180e+000	4.8003e-017	-9.3389e+000	-6.3428e+000	6.3476e+000	5.2500e-015
-4.170e+000	4.8003e-017	-9.3389e+000	-6.3428e+000	6.3476e+000	5.2500e-015
-4.160e+000	4.8003e-017	-9.3389e+000	-6.3428e+000	6.3476e+000	5.2500e-015
-4.150e+000	4.8003e-017	-9.3389e+000	-6.3428e+000	6.3476e+000	5.2500e-015
-4.140e+000	4.8003e-017	-9.3389e+000	-6.3428e+000	6.3476e+000	5.2500e-015
-4.130e+000	4.8003e-017	-9.3389e+000	-6.3428e+000	6.3476e+000	5.2500e-015
-4.120e+000	4.8003e-017	-9.3389e+000	-6.3428e+000	6.3476e+000	5.2500e-015
-4.110e+000	4.8003e-017	-9.3389e+000	-6.3428e+000	6.3476e+000	5.2500e-015
-4.100e+000	4.8003e-017	-9.3389e+000	-6.3428e+000	6.3476e+000	5.2500e-015
-4.090e+000	4.8003e-017	-9.3389e+000	-6.3428e+000	6.3476e+000	5.2500e-015
-4.080e+000	4.8003e-017	-9.3389e+000	-6.3428e+000	6.3476e+000	5.2500e-015
-4.070e+000	4.8003e-017	-9.3389e+000	-6.3428e+000	6.3476e+000	5.2500e-015
-4.060e+000	4.8003e-017	-9.3389e+000	-6.3428e+000	6.3476e+000	5.2500e-015
-4.050e+000	4.8003e-017	-9.3390e+000	-6.3428e+000	6.3477e+000	5.2500e-015
-4.040e+000	4.8004e-017	-9.3390e+000	-6.3429e+000	6.3477e+000	5.2500e-015
-4.030e+000	4.8004e-017	-9.3391e+000	-6.3429e+000	6.3477e+000	5.2500e-015
-4.020e+000	4.8005e-017	-9.3392e+000	-6.3430e+000	6.3478e+000	5.2500e-015
-4.010e+000	4.8006e-017	-9.3394e+000	-6.3431e+000	6.3479e+000	5.2500e-015
-4.000e+000	4.8007e-017	-9.3396e+000	-6.3433e+000	6.3481e+000	5.2500e-015
-3.990e+000	4.8009e-017	-9.3400e+000	-6.3435e+000	6.3484e+000	5.2500e-015
-3.980e+000	4.8011e-017	-9.3405e+000	-6.3439e+000	6.3487e+000	5.2500e-015
-3.970e+000	4.8015e-017	-9.3413e+000	-6.3444e+000	6.3493e+000	5.2500e-015
-3.960e+000	4.8021e-017	-9.3425e+000	-6.3452e+000	6.3500e+000	5.2500e-015
-3.950e+000	4.8030e-017	-9.3442e+000	-6.3464e+000	6.3512e+000	5.2500e-015
-3.940e+000	4.8043e-017	-9.3467e+000	-6.3481e+000	6.3529e+000	5.2500e-015
-3.930e+000	4.8062e-017	-9.3505e+000	-6.3506e+000	6.3555e+000	5.2500e-015
-3.920e+000	4.8091e-017	-9.3559e+000	-6.3544e+000	6.3592e+000	5.2500e-015
-3.910e+000	4.8132e-017	-9.3640e+000	-6.3598e+000	6.3647e+000	5.2500e-015
-3.900e+000	4.8193e-017	-9.3759e+000	-6.3679e+000	6.3727e+000	5.2500e-015
-3.890e+000	4.8283e-017	-9.3934e+000	-6.3798e+000	6.3846e+000	5.2500e-015
-3.880e+000	4.8415e-017	-9.4191e+000	-6.3973e+000	6.4021e+000	5.2500e-015
-3.870e+000	4.8610e-017	-9.4570e+000	-6.4230e+000	6.4278e+000	5.2500e-015
-3.860e+000	4.8896e-017	-9.5127e+000	-6.4609e+000	6.4657e+000	5.2500e-015
-3.850e+000	4.9319e-017	-9.5949e+000	-6.5167e+000	6.5215e+000	5.2500e-015
-3.840e+000	4.9940e-017	-9.7158e+000	-6.5988e+000	6.6036e+000	5.2500e-015
-3.830e+000	5.0917e-017	-9.8977e+000	-6.7197e+000	6.7245e+000	5.2500e-015
-3.820e+000	5.2202e-017	-1.0160e+001	-6.9016e+000	6.9025e+000	5.2500e-015
-3.810e+000	5.4185e-017	-1.0546e+001	-7.1637e+000	7.1646e+000	5.2500e-015
-3.800e+000	5.7136e-017	-1.1116e+001	-7.5495e+000	7.5504e+000	5.2500e-015
-3.790e+000	6.1419e-017	-1.1953e+001	-8.1196e+000	8.1185e+000	5.2500e-015
-3.780e+000	6.7842e-017	-1.3191e+001	-8.9570e+000	8.9549e+000	5.2500e-015
-3.770e+000	7.7129e-017	-1.5009e+001	-1.0195e+001	1.0186e+001	5.2500e-015
-3.760e+000	9.0894e-017	-1.7686e+001	-1.2013e+001	1.1999e+001	5.2500e-015
-3.750e+000	1.1116e-016	-2.1628e+001	-1.4690e+001	1.4669e+001	5.2500e-015
-3.740e+000	1.4099e-016	-2.7431e+001	-1.8632e+001	1.8599e+001	5.2500e-015
-3.730e+000	1.8488e-016	-3.5975e+001	-2.4435e+001	2.4385e+001	5.2500e-015
-3.720e+000	2.4957e-016	-4.8555e+001	-3.2978e+001	3.2903e+001	5.2500e-015
-3.710e+000	3.4471e-016	-6.7074e+001	-4.5559e+001	4.5445e+001	5.2500e-015
-3.700e+000	4.8492e-016	-9.4345e+001	-6.4078e+001	6.3910e+001	5.2500e-015
-3.690e+000	6.9117e-016	-1.3449e+002	-9.1348e+001	9.1096e+001	5.2500e-015
-3.680e+000	9.9502e-016	-1.9360e+002	-1.3149e+002	1.3112e+002	5.2500e-015
-3.670e+000	1.4422e-015	-2.8062e+002	-1.9060e+002	1.9005e+002	5.2500e-015
-3.660e+000	2.1008e-015	-4.0874e+002	-2.7762e+002	2.7681e+002	5.2500e-015
-3.650e+000	3.0702e-015	-5.9737e+002	-4.0574e+002	4.0455e+002	5.2500e-015
-3.640e+000	4.4976e-015	-8.7509e+002	-5.9437e+002	5.9262e+002	5.2500e-015
-3.630e+000	6.5991e-015	-1.2840e+003	-8.7209e+002	8.6950e+002	5.2500e-015
-3.620e+000	9.6930e-015	-1.8860e+003	-1.2810e+003	1.2772e+003	5.2500e-015
-3.610e+000	1.4248e-014	-2.7723e+003	-1.8830e+003	1.8774e+003	5.2500e-015
-3.600e+000	2.0955e-014	-4.0772e+003	-2.7693e+003	2.7610e+003	5.2500e-015
-3.590e+000	3.0829e-014	-5.9983e+003	-4.0742e+003	4.0620e+003	5.2500e-015
-3.580e+000	4.5366e-014	-8.8269e+003	-5.9954e+003	5.9774e+003	5.2500e-015
-3.570e+000	6.6769e-014	-1.2991e+004	-8.8239e+003	8.7975e+003	5.2500e-015
-3.560e+000	9.8281e-014	-1.9122e+004	-1.2988e+004	1.2949e+004	5.2500e-015
-3.550e+000	1.4467e-013	-2.8149e+004	-1.9119e+004	1.9062e+004	5.2500e-015
-3.540e+000	2.1298e-013	-4.1439e+004	-2.8146e+004	2.8062e+004	5.2500e-015
-3.530e+000	3.1354e-013	-6.1006e+004	-4.1436e+004	4.1312e+004	5.2500e-015
-3.520e+000	4.6160e-013	-8.9814e+004	-6.1003e+004	6.0821e+004	5.2500e-015
-3.510e+000	6.7958e-013	-1.3223e+005	-8.9811e+004	8.9542e+004	5.2500e-015
-3.500e+000	1.0005e-012	-1.9467e+005	-1.3222e+005	1.3183e+005	5.2500e-015
-3.490e+000	1.4730e-012	-2.8660e+005	-1.9467e+005	1.9408e+005	5.2500e-015
-3.480e+000	2.1685e-012	-4.2195e+005	-2.8660e+005	2.8574e+005	5.2500e-015
-3.470e+000	3.1925e-012	-6.2121e+005	-4.2194e+005	4.2068e+005	5.2500e-015
-3.460e+000	4.7000e-012	-9.1455e+005	-6.2120e+005	6.1934e+005	5.2500e-015
-3.450e+000	6.9190e-012	-1.3464e+006	-9.1455e+005	9.1181e+005	5.2500e-015
-3.440e+000	1.0185e-011	-1.9821e+006	-1.3464e+006	1.3424e+006	5.2500e-015
-3.430e+000	1.4992e-011	-2.9178e+006	-1.9821e+006	1.9762e+006	5.2500e-015
-3.420e+000	2.2065e-011	-4.2950e+006	-2.9178e+006	2.9091e+006	5.2500e-015
-3.410e+000	3.2471e-011	-6.3217e+006	-4.2950e+006	4.2822e+006	5.2500e-015
-3.400e+000	4.7773e-011	-9.3034e+006	-6.3217e+006	6.3028e+006	5.2500e-015
-3.390e+000	7.0262e-011	-1.3689e+007	-9.3034e+006	9.2756e+006	5.2500e-015
-3.380e+000	1.0329e-010	-2.0135e+007	-1.3689e+007	1.3648e+007	5.2500e-015
-3.370e+000	1.5173e-010	-2.9605e+007	-2.0135e+007	2.0075e+007	5.2500e-015
-3.360e+000	2.2265e-010	-4.3502e+007	-2.9605e+007	2.9517e+007	5.2500e-015
-3.350e+000	3.2623e-010	-6.3863e+007	-4.3502e+007	4.3372e+007	5.2500e-015
-3.340e+000	4.7693e-010	-9.3631e+007	-6.3863e+007	6.3673e+007	5.2500e-015
-3.330e+000	6.9504e-010	-1.3701e+008	-9.3631e+007	9.3352e+007	5.2500e-015
-3.320e+000	1.0083e-009	-1.9995e+008	-1.3701e+008	1.3661e+008	5.2500e-015
-3.310e+000	1.4536e-009	-2.9067e+008	-1.9995e+008	1.9936e+008	5.2500e-015
-3.300e+000	2.0772e-009	-4.2032e+008	-2.9067e+008	2.8982e+008	5.2500e-015
-3.290e+000	2.9342e-009	-6.0346e+008	-4.2032e+008	4.1910e+008	5.2500e-015
-3.280e+000	4.0831e-009	-8.5831e+008	-6.0346e+008	6.0172e+008	5.2500e-015
-3.270e+000	5.5785e-009	-1.2065e+009	-8.5831e+008	8.5587e+008	5.2500e-015
-3.260e+000	7.4608e-009	-1.6722e+009	-1.2065e+009	1.2031e+009	5.2500e-015
-3.250e+000	9.7498e-009	-2.2807e+009	-1.6722e+009	1.6676e+009	5.2500e-015
-3.240e+000	1.2445e-008	-3.0575e+009	-2.2807e+009	2.2747e+009	5.2500e-015
-3.230e+000	1.5536e-008	-4.0272e+009	-3.0575e+009	3.0498e+009	5.2500e-015
-3.220e+000	1.9016e-008	-5.2140e+009	-4.0272e+009	4.0176e+009	5.2500e-015
-3.210e+000	2.2889e-008	-6.6426e+009	-5.2140e+009	5.2023e+009	5.2500e-015
-3.200e+000	2.7179e-008	-8.3390e+009	-6.6426e+009	6.6287e+009	5.2500e-015
-3.190e+000	3.1922e-008	-1.0331e+010	-8.3390e+009	8.3229e+009	5.2500e-015
-3.180e+000	3.7159e-008	-1.2651e+010	-1.0331e+010	1.0313e+010	5.2500e-015
-3.170e+000	4.2928e-008	-1.5330e+010	-1.2651e+010	1.2630e+010	5.2500e-015
-3.160e+000	4.9253e-008	-1.8404e+010	-1.5330e+010	1.5308e+010	5.2500e-015
-3.150e+000	5.6141e-008	-2.1908e+010	-1.8404e+010	1.8380e+010	5.2500e-015
-3.140e+000	6.3574e-008	-2.5876e+010	-2.1908e+010	2.1882e+010	5.2500e-015
-3.130e+000	7.1509e-008	-3.0339e+010	-2.5876e+010	2.5849e+010	5.2500e-015
-3.120e+000	7.9882e-008	-3.5325e+010	-3.0339e+010	3.0310e+010	5.2500e-015
-3.110e+000	8.8608e-008	-4.0856e+010	-3.5325e+010	3.5295e+010	5.2500e-015
-3.100e+000	9.7588e-008	-4.6947e+010	-4.0856e+010	4.0824e+010	5.2500e-015
-3.090e+000	1.0672e-007	-5.3608e+010	-4.6947e+010	4.6914e+010	5.2500e-015
-3.080e+000	1.1589e-007	-6.0841e+010	-5.3608e+010	5.3574e+010	5.2500e-015
-3.070e+000	1.2501e-007	-6.8643e+010	-6.0841e+010	6.0807e+010	5.2500e-015
-3.060e+000	1.3398e-007	-7.7006e+010	-6.8643e+010	6.8609e+010	5.2500e-015
-3.050e+000	1.4273e-007	-8.5914e+010	-7.7006e+010	7.6971e+010	5.2500e-015
-3.040e+000	1.5120e-007	-9.5351e+010	-8.5914e+010	8.5879e+010	5.2500e-015
-3.030e+000	1.5934e-007	-1.0530e+011	-9.5351e+010	9.5315e+010	5.2500e-015
-3.020e+000	1.6665e-007	-1.1570e+011	-1.0530e+011	1.0526e+011	5.2500e-015
-3.010e+000	1.7395e-007	-1.2655e+011	-1.1570e+011	1.1566e+011	5.2500e-015
-3.000e+000	1.8087e-007	-1.3784e+011	-1.2655e+011	1.2652e+011	5.2500e-015
-2.990e+000	1.8742e-007	-1.4954e+011	-1.3784e+011	1.3781e+011	5.2500e-015
-2.980e+000	1.9369e-007	-1.6163e+011	-1.4954e+011	1.4950e+011	5.2500e-015
-2.970e+000	1.9946e-007	-1.7408e+011	-1.6163e+011	1.6159e+011	5.2500e-015
-2.960e+000	2.0488e-007	-1.8687e+011	-1.7408e+011	1.7404e+011	5.2500e-015
-2.950e+000	2.0995e-007	-1.9997e+011	-1.8687e+011	1.8683e+011	5.2500e-015
-2.940e+000	2.1470e-007	-2.1337e+011	-1.9997e+011	1.9993e+011	5.2500e-015
-2.930e+000	2.1915e-007	-2.2705e+011	-2.1337e+011	2.1333e+011	5.2500e-015
-2.920e+000	2.2330e-007	-2.4099e+011	-2.2705e+011	2.2701e+011	5.2500e-015
-2.910e+000	2.2724e-007	-2.5517e+011	-2.4099e+011	2.4095e+011	5.2500e-015
-2.900e+000	2.3083e-007	-2.6958e+011	-2.5517e+011	2.5513e+011	5.2500e-015
-2.890e+000	2.3428e-007	-2.8420e+011	-2.6958e+011	2.6954e+011	5.2500e-015
-2.880e+000	2.3742e-007	-2.9902e+011	-2.8420e+011	2.8416e+011	5.2500e-015
-2.870e+000	2.4045e-007	-3.1403e+011	-2.9902e+011	2.9898e+011	5.2500e-015
-2.860e+000	2.4322e-007	-3.2921e+011	-3.1403e+011	3.1399e+011	5.2500e-015
-2.850e+000	2.4588e-007	-3.4455e+011	-3.2921e+011	3.2917e+011	5.2500e-015
-2.840e+000	2.4835e-007	-3.6006e+011	-3.4455e+011	3.4452e+011	5.2500e-015
-2.830e+000	2.5064e-007	-3.7570e+011	-3.6006e+011	3.6002e+011	5.2500e-015
-2.820e+000	2.5285e-007	-3.9148e+011	-3.7570e+011	3.7566e+011	5.2500e-015
-2.810e+000	2.5491e-007	-4.0739e+011	-3.9148e+011	3.9144e+011	5.2500e-015
-2.800e+000	2.5682e-007	-4.2342e+011	-4.0739e+011	4.0735e+011	5.2500e-015
-2.790e+000	2.5867e-007	-4.3957e+011	-4.2342e+011	4.2338e+011	5.2500e-015
-2.780e+000	2.6040e-007	-4.5582e+011	-4.3957e+011	4.3953e+011	5.2500e-015
-2.770e+000	2.6203e-007	-4.7217e+011	-4.5582e+011	4.5578e+011	5.2500e-015
-2.760e+000	2.6355e-007	-4.8862e+011	-4.7217e+011	4.7213e+011	5.2500e-015
-2.750e+000	2.6503e-007	-5.0516e+011	-4.8862e+011	4.8858e+011	5.2500e-015
-2.740e+000	2.6641e-007	-5.2179e+011	-5.0516e+011	5.0513e+011	5.2500e-015
-2.730e+000	2.6772e-007	-5.3850e+011	-5.2179e+011	5.2175e+011	5.2500e-015
-2.720e+000	2.6896e-007	-5.5529e+011	-5.3850e+011	5.3846e+011	5.2500e-015
-2.710e+000	2.7015e-007	-5.7215e+011	-5.5529e+011	5.5525e+011	5.2500e-015
-2.700e+000	2.7126e-007	-5.8908e+011	-5.7215e+011	5.7211e+011	5.2500e-015
-2.690e+000	2.7233e-007	-6.0608e+011	-5.8908e+011	5.8904e+011	5.2500e-015
-2.680e+000	2.7335e-007	-6.2314e+011	-6.0608e+011	6.0604e+011	5.2500e-015
-2.670e+000	2.7432e-007	-6.4026e+011	-6.2314e+011	6.2310e+011	5.2500e-015
-2.660e+000	2.7524e-007	-6.5744e+011	-6.4026e+011	6.4022e+011	5.2500e-015
-2.650e+000	2.7612e-007	-6.7468e+011	-6.5744e+011	6.5740e+011	5.2500e-015
-2.640e+000	2.7696e-007	-6.9196e+011	-6.7468e+011	6.7464e+011	5.2500e-015
-2.630e+000	2.7776e-007	-7.0930e+011	-6.9196e+011	6.9192e+011	5.2500e-015
-2.620e+000	2.7852e-007	-7.2668e+011	-7.0930e+011	7.0926e+011	5.2500e-015
-2.610e+000	2.7927e-007	-7.4411e+011	-7.2668e+011	7.2664e+011	5.2500e-015
-2.600e+000	2.7997e-007	-7.6159e+011	-7.4411e+011	7.4407e+011	5.2500e-015
-2.590e+000	2.8064e-007	-7.7910e+011	-7.6159e+011	7.6155e+011	5.2500e-015
-2.580e+000	2.8129e-007	-7.9666e+011	-7.7910e+011	7.7906e+011	5.2500e-015
-2.570e+000	2.8191e-007	-8.1426e+011	-7.9666e+011	7.9662e+011	5.2500e-015
-2.560e+000	2.8250e-007	-8.3189e+011	-8.1426e+011	8.1422e+011	5.2500e-015
-2.550e+000	2.8307e-007	-8.4956e+011	-8.3189e+011	8.3185e+011	5.2500e-015
-2.540e+000	2.8362e-007	-8.6726e+011	-8.4956e+011	8.4952e+011	5.2500e-015
-2.530e+000	2.8414e-007	-8.8499e+011	-8.6726e+011	8.6722e+011	5.2500e-015
-2.520e+000	2.8465e-007	-9.0276e+011	-8.8499e+011	8.8495e+011	5.2500e-015
-2.510e+000	2.8514e-007	-9.2056e+011	-9.0276e+011	9.0272e+011	5.2500e-015
-2.500e+000	2.8561e-007	-9.3838e+011	-9.2056e+011	9.2052e+011	5.2500e-015
-2.490e+000	2.8605e-007	-9.5624e+011	-9.3838e+011	9.3834e+011	5.2500e-015
-2.480e+000	2.8650e-007	-9.7412e+011	-9.5624e+011	9.5620e+011	5.2500e-015
-2.470e+000	2.8692e-007	-9.9203e+011	-9.7412e+011	9.7408e+011	5.2500e-015
-2.460e+000	2.8732e-007	-1.0100e+012	-9.9203e+011	9.9199e+011	5.2500e-015
-2.450e+000	2.8771e-007	-1.0279e+012	-1.0100e+012	1.0099e+012	5.2500e-015
-2.440e+000	2.8809e-007	-1.0459e+012	-1.0279e+012	1.0279e+012	5.2500e-015
-2.430e+000	2.8846e-007	-1.0639e+012	-1.0459e+012	1.0459e+012	5.2500e-015
-2.420e+000	2.8881e-007	-1.0819e+012	-1.0639e+012	1.0639e+012	5.2500e-015
-2.410e+000	2.8915e-007	-1.1000e+012	-1.0819e+012	1.0819e+012	5.2500e-015
-2.400e+000	2.8948e-007	-1.1180e+012	-1.1000e+012	1.0999e+012	5.2500e-015
-2.390e+000	2.8980e-007	-1.1361e+012	-1.1180e+012	1.1180e+012	5.2500e-015
-2.380e+000	2.9011e-007	-1.1542e+012	-1.1361e+012	1.1361e+012	5.2500e-015
-2.370e+000	2.9041e-007	-1.1724e+012	-1.1542e+012	1.1542e+012	5.2500e-015
-2.360e+000	2.9071e-007	-1.1905e+012	-1.1724e+012	1.1723e+012	5.2500e-015
-2.350e+000	2.9099e-007	-1.2087e+012	-1.1905e+012	1.1905e+012	5.2500e-015
-2.340e+000	2.9126e-007	-1.2269e+012	-1.2087e+012	1.2086e+012	5.2500e-015
-2.330e+000	2.9153e-007	-1.2450e+012	-1.2269e+012	1.2268e+012	5.2500e-015
-2.320e+000	2.9179e-007	-1.2633e+012	-1.2450e+012	1.2450e+012	5.2500e-015
-2.310e+000	2.9204e-007	-1.2815e+012	-1.2633e+012	1.2632e+012	5.2500e-015
-2.300e+000	2.9228e-007	-1.2997e+012	-1.2815e+012	1.2814e+012	5.2500e-015
-2.290e+000	2.9252e-007	-1.3180e+012	-1.2997e+012	1.2997e+012	5.2500e-015
-2.280e+000	2.9275e-007	-1.3363e+012	-1.3180e+012	1.3179e+012	5.2500e-015
-2.270e+000	2.9297e-007	-1.3545e+012	-1.3363e+012	1.3362e+012	5.2500e-015
-2.260e+000	2.9319e-007	-1.3728e+012	-1.3545e+012	1.3545e+012	5.2500e-015
-2.250e+000	2.9340e-007	-1.3912e+012	-1.3728e+012	1.3728e+012	5.2500e-015
-2.240e+000	2.9360e-007	-1.4095e+012	-1.3912e+012	1.3911e+012	5.2500e-015
-2.230e+000	2.9381e-007	-1.4278e+012	-1.4095e+012	1.4094e+012	5.2500e-015
-2.220e+000	2.9400e-007	-1.4462e+012	-1.4278e+012	1.4278e+012	5.2500e-015
-2.210e+000	2.9419e-007	-1.4645e+012	-1.4462e+012	1.4461e+012	5.2500e-015
-2.200e+000	2.9438e-007	-1.4829e+012	-1.4645e+012	1.4645e+012	5.2500e-015
-2.190e+000	2.9456e-007	-1.5013e+012	-1.4829e+012	1.4829e+012	5.2500e-015
-2.180e+000	2.9473e-007	-1.5197e+012	-1.5013e+012	1.5012e+012	5.2500e-015
-2.170e+000	2.9491e-007	-1.5381e+012	-1.5197e+012	1.5196e+012	5.2500e-015
-2.160e+000	2.9507e-007	-1.5565e+012	-1.5381e+012	1.5381e+012	5.2500e-015
-2.150e+000	2.9524e-007	-1.5749e+012	-1.5565e+012	1.5565e+012	5.2500e-015
-2.140e+000	2.9540e-007	-1.5934e+012	-1.5749e+012	1.5749e+012	5.2500e-015
-2.130e+000	2.9556e-007	-1.6118e+012	-1.5934e+012	1.5933e+012	5.2500e-015
-2.120e+000	2.9571e-007	-1.6303e+012	-1.6118e+012	1.6118e+012	5.2500e-015
-2.110e+000	2.9586e-007	-1.6487e+012	-1.6303e+012	1.6302e+012	5.2500e-015
-2.100e+000	2.9600e-007	-1.6672e+012	-1.6487e+012	1.6487e+012	5.2500e-015
-2.090e+000	2.9615e-007	-1.6857e+012	-1.6672e+012	1.6672e+012	5.2500e-015
-2.080e+000	2.9629e-007	-1.7042e+012	-1.6857e+012	1.6857e+012	5.2500e-015
-2.070e+000	2.9642e-007	-1.7227e+012	-1.7042e+012	1.7042e+012	5.2500e-015
-2.060e+000	2.9656e-007	-1.7412e+012	-1.7227e+012	1.7227e+012	5.2500e-015
-2.050e+000	2.9669e-007	-1.7597e+012	-1.7412e+012	1.7412e+012	5.2500e-015
-2.040e+000	2.9682e-007	-1.7782e+012	-1.7597e+012	1.7597e+012	5.2500e-015
-2.030e+000	2.9694e-007	-1.7968e+012	-1.7782e+012	1.7782e+012	5.2500e-015
-2.020e+000	2.9706e-007	-1.8153e+012	-1.7968e+012	1.7967e+012	5.2500e-015
-2.010e+000	2.9718e-007	-1.8339e+012	-1.8153e+012	1.8153e+012	5.2500e-015
-2.000e+000	2.9730e-007	-1.8524e+012	-1.8339e+012	1.8338e+012	5.2500e-015
-1.990e+000	2.9742e-007	-1.8710e+012	-1.8524e+012	1.8524e+012	5.2500e-015
-1.980e+000	2.9753e-007	-1.8896e+012	-1.8710e+012	1.8710e+012	5.2500e-015
-1.970e+000	2.9764e-007	-1.9081e+012	-1.8896e+012	1.8895e+012	5.2500e-015
-1.960e+000	2.9775e-007	-1.9267e+012	-1.9081e+012	1.9081e+012	5.2500e-015
-1.950e+000	2.9786e-007	-1.9453e+012	-1.9267e+012	1.9267e+012	5.2500e-015
-1.940e+000	2.9796e-007	-1.9639e+012	-1.9453e+012	1.9453e+012	5.2500e-015
-1.930e+000	2.9806e-007	-1.9825e+012	-1.9639e+012	1.9639e+012	5.2500e-015
-1.920e+000	2.9817e-007	-2.0011e+012	-1.9825e+012	1.9825e+012	5.2500e-015
-1.910e+000	2.9826e-007	-2.0197e+012	-2.0011e+012	2.0011e+012	5.2500e-015
-1.900e+000	2.9836e-007	-2.0384e+012	-2.0197e+012	2.0197e+012	5.2500e-015
-1.890e+000	2.9846e-007	-2.0570e+012	-2.0384e+012	2.0383e+012	5.2500e-015
-1.880e+000	2.9855e-007	-2.0756e+012	-2.0570e+012	2.0570e+012	5.2500e-015
-1.870e+000	2.9864e-007	-2.0943e+012	-2.0756e+012	2.0756e+012	5.2500e-015
-1.860e+000	2.9873e-007	-2.1129e+012	-2.0943e+012	2.0942e+012	5.2500e-015
-1.850e+000	2.9882e-007	-2.1316e+012	-2.1129e+012	2.1129e+012	5.2500e-015
-1.840e+000	2.9891e-007	-2.1502e+012	-2.1316e+012	2.1315e+012	5.2500e-015
-1.830e+000	2.9900e-007	-2.1689e+012	-2.1502e+012	2.1502e+012	5.2500e-015
-1.820e+000	2.9908e-007	-2.1875e+012	-2.1689e+012	2.1688e+012	5.2500e-015
-1.810e+000	2.9916e-007	-2.2062e+012	-2.1875e+012	2.1875e+012	5.2500e-015
-1.800e+000	2.9925e-007	-2.2249e+012	-2.2062e+012	2.2062e+012	5.2500e-015
-1.790e+000	2.9933e-007	-2.2436e+012	-2.2249e+012	2.2249e+012	5.2500e-015
-1.780e+000	2.9941e-007	-2.2623e+012	-2.2436e+012	2.2435e+012	5.2500e-015
-1.770e+000	2.9948e-007	-2.2810e+012	-2.2623e+012	2.2622e+012	5.2500e-015
-1.760e+000	2.9956e-007	-2.2997e+012	-2.2810e+012	2.2809e+012	5.2500e-015
-1.750e+000	2.9964e-007	-2.3184e+012	-2.2997e+012	2.2996e+012	5.2500e-015
-1.740e+000	2.9971e-007	-2.3371e+012	-2.3184e+012	2.3183e+012	5.2500e-015
-1.730e+000	2.9978e-007	-2.3558e+012	-2.3371e+012	2.3370e+012	5.2500e-015
-1.720e+000	2.9986e-007	-2.3745e+012	-2.3558e+012	2.3557e+012	5.2500e-015
-1.710e+000	2.9993e-007	-2.3932e+012	-2.3745e+012	2.3744e+012	5.2500e-015
-1.700e+000	3.0000e-007	-2.4119e+012	-2.3932e+012	2.3932e+012	5.2500e-015
-1.690e+000	3.0007e-007	-2.4307e+012	-2.4119e+012	2.4119e+012	5.2500e-015
-1.680e+000	3.0013e-007	-2.4494e+012	-2.4307e+012	2.4306e+012	5.2500e-015
-1.670e+000	3.0020e-007	-2.4681e+012	-2.4494e+012	2.4494e+012	5.2500e-015
-1.660e+000	3.0027e-007	-2.4869e+012	-2.4681e+012	2.4681e+012	5.2500e-015
-1.650e+000	3.0033e-007	-2.5056e+012	-2.4869e+012	2.4868e+012	5.2500e-015
-1.640e+000	3.0040e-007	-2.5244e+012	-2.5056e+012	2.5056e+012	5.2500e-015
-1.630e+000	3.0046e-007	-2.5431e+012	-2.5244e+012	2.5243e+012	5.2500e-015
-1.620e+000	3.0052e-007	-2.5619e+012	-2.5431e+012	2.5431e+012	5.2500e-015
-1.610e+000	3.0058e-007	-2.5806e+012	-2.5619e+012	2.5618e+012	5.2500e-015
-1.600e+000	3.0064e-007	-2.5994e+012	-2.5806e+012	2.5806e+012	5.2500e-015
-1.590e+000	3.0070e-007	-2.6182e+012	-2.5994e+012	2.5994e+012	5.2500e-015
-1.580e+000	3.0076e-007	-2.6369e+012	-2.6182e+012	2.6181e+012	5.2500e-015
-1.570e+000	3.0082e-007	-2.6557e+012	-2.6369e+012	2.6369e+012	5.2500e-015
-1.560e+000	3.0088e-007	-2.6745e+012	-2.6557e+012	2.6557e+012	5.2500e-015
-1.550e+000	3.0094e-007	-2.6933e+012	-2.6745e+012	2.6745e+012	5.2500e-015
-1.540e+000	3.0099e-007	-2.7121e+012	-2.6933e+012	2.6932e+012	5.2500e-015
-1.530e+000	3.0105e-007	-2.7309e+012	-2.7121e+012	2.7120e+012	5.2500e-015
-1.520e+000	3.0110e-007	-2.7497e+012	-2.7309e+012	2.7308e+012	5.2500e-015
-1.510e+000	3.0116e-007	-2.7684e+012	-2.7497e+012	2.7496e+012	5.2500e-015
-1.500e+000	3.0121e-007	-2.7872e+012	-2.7684e+012	2.7684e+012	5.2500e-015
-1.490e+000	3.0126e-007	-2.8061e+012	-2.7872e+012	2.7872e+012	5.2500e-015
-1.480e+000	3.0131e-007	-2.8249e+012	-2.8061e+012	2.8060e+012	5.2500e-015
-1.470e+000	3.0136e-007	-2.8437e+012	-2.8249e+012	2.8248e+012	5.2500e-015
-1.460e+000	3.0142e-007	-2.8625e+012	-2.8437e+012	2.8436e+012	5.2500e-015
-1.450e+000	3.0147e-007	-2.8813e+012	-2.8625e+012	2.8624e+012	5.2500e-015
-1.440e+000	3.0152e-007	-2.9001e+012	-2.8813e+012	2.8813e+012	5.2500e-015
-1.430e+000	3.0156e-007	-2.9189e+012	-2.9001e+012	2.9001e+012	5.2500e-015
-1.420e+000	3.0161e-007	-2.9378e+012	-2.9189e+012	2.9189e+012	5.2500e-015
-1.410e+000	3.0166e-007	-2.9566e+012	-2.9378e+012	2.9377e+012	5.2500e-015
-1.400e+000	3.0171e-007	-2.9754e+012	-2.9566e+012	2.9566e+012	5.2500e-015
-1.390e+000	3.0175e-007	-2.9943e+012	-2.9754e+012	2.9754e+012	5.2500e-015
-1.380e+000	3.0180e-007	-3.0131e+012	-2.9943e+012	2.9942e+012	5.2500e-015
-1.370e+000	3.0185e-007	-3.0319e+012	-3.0131e+012	3.0131e+012	5.2500e-015
-1.360e+000	3.0189e-007	-3.0508e+012	-3.0319e+012	3.0319e+012	5.2500e-015
-1.350e+000	3.0194e-007	-3.0696e+012	-3.0508e+012	3.0507e+012	5.2500e-015
-1.340e+000	3.0198e-007	-3.0885e+012	-3.0696e+012	3.0696e+012	5.2500e-015
-1.330e+000	3.0202e-007	-3.1073e+012	-3.0885e+012	3.0884e+012	5.2500e-015
-1.320e+000	3.0207e-007	-3.1262e+012	-3.1073e+012	3.1073e+012	5.2500e-015
-1.310e+000	3.0211e-007	-3.1450e+012	-3.1262e+012	3.1261e+012	5.2500e-015
-1.300e+000	3.0215e-007	-3.1639e+012	-3.1450e+012	3.1450e+012	5.2500e-015
-1.290e+000	3.0220e-007	-3.1827e+012	-3.1639e+012	3.1638e+012	5.2500e-015
-1.280e+000	3.0224e-007	-3.2016e+012	-3.1827e+012	3.1827e+012	5.2500e-015
-1.270e+000	3.0228e-007	-3.2205e+012	-3.2016e+012	3.2016e+012	5.2500e-015
-1.260e+000	3.0232e-007	-3.2393e+012	-3.2205e+012	3.2204e+012	5.2500e-015
-1.250e+000	3.0236e-007	-3.2582e+012	-3.2393e+012	3.2393e+012	5.2500e-015
-1.240e+000	3.0240e-007	-3.2771e+012	-3.2582e+012	3.2582e+012	5.2500e-015
-1.230e+000	3.0244e-007	-3.2960e+012	-3.2771e+012	3.2771e+012	5.2500e-015
-1.220e+000	3.0248e-007	-3.3149e+012	-3.2960e+012	3.2959e+012	5.2500e-015
-1.210e+000	3.0252e-007	-3.3337e+012	-3.3149e+012	3.3148e+012	5.2500e-015
-1.200e+000	3.0255e-007	-3.3526e+012	-3.3337e+012	3.3337e+012	5.2500e-015
-1.190e+000	3.0259e-007	-3.3715e+012	-3.3526e+012	3.3526e+012	5.2500e-015
-1.180e+000	3.0263e-007	-3.3904e+012	-3.3715e+012	3.3715e+012	5.2500e-015
-1.170e+000	3.0267e-007	-3.4093e+012	-3.3904e+012	3.3904e+012	5.2500e-015
-1.160e+000	3.0270e-007	-3.4282e+012	-3.4093e+012	3.4092e+012	5.2500e-015
-1.150e+000	3.0274e-007	-3.4471e+012	-3.4282e+012	3.4281e+012	5.2500e-015
-1.140e+000	3.0278e-007	-3.4660e+012	-3.4471e+012	3.4470e+012	5.2500e-015
-1.130e+000	3.0281e-007	-3.4849e+012	-3.4660e+012	3.4659e+012	5.2500e-015
-1.120e+000	3.0285e-007	-3.5038e+012	-3.4849e+012	3.4848e+012	5.2500e-015
-1.110e+000	3.0288e-007	-3.5227e+012	-3.5038e+012	3.5037e+012	5.2500e-015
-1.100e+000	3.0292e-007	-3.5416e+012	-3.5227e+012	3.5226e+012	5.2500e-015
-1.090e+000	3.0295e-007	-3.5605e+012	-3.5416e+012	3.5415e+012	5.2500e-015
-1.080e+000	3.0299e-007	-3.5794e+012	-3.5605e+012	3.5605e+012	5.2500e-015
-1.070e+000	3.0302e-007	-3.5983e+012	-3.5794e+012	3.5794e+012	5.2500e-015
-1.060e+000	3.0306e-007	-3.6172e+012	-3.5983e+012	3.5983e+012	5.2500e-015
-1.050e+000	3.0309e-007	-3.6361e+012	-3.6172e+012	3.6172e+012	5.2500e-015
-1.040e+000	3.0312e-007	-3.6551e+012	-3.6361e+012	3.6361e+012	5.2500e-015
-1.030e+000	3.0315e-007	-3.6740e+012	-3.6551e+012	3.6550e+012	5.2500e-015
-1.020e+000	3.0319e-007	-3.6929e+012	-3.6740e+012	3.6739e+012	5.2500e-015
-1.010e+000	3.0322e-007	-3.7118e+012	-3.6929e+012	3.6929e+012	5.2500e-015
-1.000e+000	3.0325e-007	-3.7308e+012	-3.7118e+012	3.7118e+012	5.2500e-015
-9.900e-001	3.0328e-007	-3.7497e+012	-3.7308e+012	3.7307e+012	5.2500e-015
-9.800e-001	3.0332e-007	-3.7686e+012	-3.7497e+012	3.7497e+012	5.2500e-015
-9.700e-001	3.0335e-007	-3.7876e+012	-3.7686e+012	3.7686e+012	5.2500e-015
-9.600e-001	3.0338e-007	-3.8065e+012	-3.7876e+012	3.7875e+012	5.2500e-015
-9.500e-001	3.0341e-007	-3.8254e+012	-3.8065e+012	3.8065e+012	5.2500e-015
-9.400e-001	3.0344e-007	-3.8444e+012	-3.8254e+012	3.8254e+012	5.2500e-015
-9.300e-001	3.0347e-007	-3.8633e+012	-3.8444e+012	3.8443e+012	5.2500e-015
-9.200e-001	3.0350e-007	-3.8823e+012	-3.8633e+012	3.8633e+012	5.2500e-015
-9.100e-001	3.0353e-007	-3.9012e+012	-3.8823e+012	3.8822e+012	5.2500e-015
-9.000e-001	3.0356e-007	-3.9201e+012	-3.9012e+012	3.9012e+012	5.2500e-015
-8.900e-001	3.0359e-007	-3.9391e+012	-3.9201e+012	3.9201e+012	5.2500e-015
-8.800e-001	3.0362e-007	-3.9580e+012	-3.9391e+012	3.9391e+012	5.2500e-015
-8.700e-001	3.0365e-007	-3.9770e+012	-3.9580e+012	3.9580e+012	5.2500e-015
-8.600e-001	3.0367e-007	-3.9960e+012	-3.9770e+012	3.9770e+012	5.2500e-015
-8.500e-001	3.0370e-007	-4.0149e+012	-3.9960e+012	3.9959e+012	5.2500e-015
-8.400e-001	3.0373e-007	-4.0339e+012	-4.0149e+012	4.0149e+012	5.2500e-015
-8.300e-001	3.0376e-007	-4.0528e+012	-4.0339e+012	4.0338e+012	5.2500e-015
-8.200e-001	3.0379e-007	-4.0718e+012	-4.0528e+012	4.0528e+012	5.2500e-015
-8.100e-001	3.0381e-007	-4.0907e+012	-4.0718e+012	4.0717e+012	5.2500e-015
-8.000e-001	3.0384e-007	-4.1097e+012	-4.0907e+012	4.0907e+012	5.2500e-015
-7.900e-001	3.0387e-007	-4.1287e+012	-4.1097e+012	4.1097e+012	5.2500e-015
-7.800e-001	3.0390e-007	-4.1476e+012	-4.1287e+012	4.1286e+012	5.2500e-015
-7.700e-001	3.0392e-007	-4.1666e+012	-4.1476e+012	4.1476e+012	5.2500e-015
-7.600e-001	3.0395e-007	-4.1856e+012	-4.1666e+012	4.1666e+012	5.2500e-015
-7.500e-001	3.0398e-007	-4.2046e+012	-4.1856e+012	4.1855e+012	5.2500e-015
-7.400e-001	3.0400e-007	-4.2235e+012	-4.2046e+012	4.2045e+012	5.2500e-015
-7.300e-001	3.0403e-007	-4.2425e+012	-4.2235e+012	4.2235e+012	5.2500e-015
-7.200e-001	3.0405e-007	-4.2615e+012	-4.2425e+012	4.2425e+012	5.2500e-015
-7.100e-001	3.0408e-007	-4.2805e+012	-4.2615e+012	4.2614e+012	5.2500e-015
-7.000e-001	3.0410e-007	-4.2994e+012	-4.2805e+012	4.2804e+012	5.2500e-015
-6.900e-001	3.0413e-007	-4.3184e+012	-4.2994e+012	4.2994e+012	5.2500e-015
-6.800e-001	3.0416e-007	-4.3374e+012	-4.3184e+012	4.3184e+012	5.2500e-015
-6.700e-001	3.0418e-007	-4.3564e+012	-4.3374e+012	4.3374e+012	5.2500e-015
-6.600e-001	3.0421e-007	-4.3754e+012	-4.3564e+012	4.3564e+012	5.2500e-015
-6.500e-001	3.0423e-007	-4.3944e+012	-4.3754e+012	4.3753e+012	5.2500e-015
-6.400e-001	3.0425e-007	-4.4134e+012	-4.3944e+012	4.3943e+012	5.2500e-015
-6.300e-001	3.0428e-007	-4.4324e+012	-4.4134e+012	4.4133e+012	5.2500e-015
-6.200e-001	3.0430e-007	-4.4513e+012	-4.4324e+012	4.4323e+012	5.2500e-015
-6.100e-001	3.0433e-007	-4.4703e+012	-4.4513e+012	4.4513e+012	5.2500e-015
-6.000e-001	3.0435e-007	-4.4893e+012	-4.4703e+012	4.4703e+012	5.2500e-015
-5.900e-001	3.0437e-007	-4.5083e+012	-4.4893e+012	4.4893e+012	5.2500e-015
-5.800e-001	3.0440e-007	-4.5273e+012	-4.5083e+012	4.5083e+012	5.2500e-015
-5.700e-001	3.0442e-007	-4.5463e+012	-4.5273e+012	4.5273e+012	5.2500e-015
-5.600e-001	3.0444e-007	-4.5653e+012	-4.5463e+012	4.5463e+012	5.2500e-015
-5.500e-001	3.0447e-007	-4.5843e+012	-4.5653e+012	4.5653e+012	5.2500e-015
-5.400e-001	3.0449e-007	-4.6033e+012	-4.5843e+012	4.5843e+012	5.2500e-015
-5.300e-001	3.0451e-007	-4.6223e+012	-4.6033e+012	4.6033e+012	5.2500e-015
-5.200e-001	3.0454e-007	-4.6414e+012	-4.6223e+012	4.6223e+012	5.2500e-015
-5.100e-001	3.0456e-007	-4.6604e+012	-4.6414e+012	4.6413e+012	5.2500e-015
-5.000e-001	3.0458e-007	-4.6794e+012	-4.6604e+012	4.6603e+012	5.2500e-015
-4.900e-001	3.0460e-007	-4.6984e+012	-4.6794e+012	4.6793e+012	5.2500e-015
-4.800e-001	3.0463e-007	-4.7174e+012	-4.6984e+012	4.6983e+012	5.2500e-015
-4.700e-001	3.0465e-007	-4.7364e+012	-4.7174e+012	4.7174e+012	5.2500e-015
-4.600e-001	3.0467e-007	-4.7554e+012	-4.7364e+012	4.7364e+012	5.2500e-015
-4.500e-001	3.0469e-007	-4.7744e+012	-4.7554e+012	4.7554e+012	5.2500e-015
-4.400e-001	3.0471e-007	-4.7935e+012	-4.7744e+012	4.7744e+012	5.2500e-015
-4.300e-001	3.0473e-007	-4.8125e+012	-4.7935e+012	4.7934e+012	5.2500e-015
-4.200e-001	3.0476e-007	-4.8315e+012	-4.8125e+012	4.8124e+012	5.2500e-015
-4.100e-001	3.0478e-007	-4.8505e+012	-4.8315e+012	4.8315e+012	5.2500e-015
-4.000e-001	3.0480e-007	-4.8696e+012	-4.8505e+012	4.8505e+012	5.2500e-015
-3.900e-001	3.0482e-007	-4.8886e+012	-4.8696e+012	4.8695e+012	5.2500e-015
-3.800e-001	3.0484e-007	-4.9076e+012	-4.8886e+012	4.8885e+012	5.2500e-015
-3.700e-001	3.0486e-007	-4.9266e+012	-4.9076e+012	4.9076e+012	5.2500e-015
-3.600e-001	3.0488e-007	-4.9457e+012	-4.9266e+012	4.9266e+012	5.2500e-015
-3.500e-001	3.0490e-007	-4.9647e+012	-4.9457e+012	4.9456e+012	5.2500e-015
-3.400e-001	3.0492e-007	-4.9837e+012	-4.9647e+012	4.9647e+012	5.2500e-015
-3.300e-001	3.0494e-007	-5.0028e+012	-4.9837e+012	4.9837e+012	5.2500e-015
-3.200e-001	3.0496e-007	-5.0218e+012	-5.0028e+012	5.0027e+012	5.2500e-015
-3.100e-001	3.0498e-007	-5.0408e+012	-5.0218e+012	5.0218e+012	5.2500e-015
-3.000e-001	3.0500e-007	-5.0599e+012	-5.0408e+012	5.0408e+012	5.2500e-015
-2.900e-001	3.0502e-007	-5.0789e+012	-5.0599e+012	5.0598e+012	5.2500e-015
-2.800e-001	3.0504e-007	-5.0979e+012	-5.0789e+012	5.0789e+012	5.2500e-015
-2.700e-001	3.0506e-007	-5.1170e+012	-5.0979e+012	5.0979e+012	5.2500e-015
-2.600e-001	3.0508e-007	-5.1360e+012	-5.1170e+012	5.1169e+012	5.2500e-015
-2.500e-001	3.0510e-007	-5.1551e+012	-5.1360e+012	5.1360e+012	5.2500e-015
-2.400e-001	3.0512e-007	-5.1741e+012	-5.1551e+012	5.1550e+012	5.2500e-015
-2.300e-001	3.0514e-007	-5.1932e+012	-5.1741e+012	5.1741e+012	5.2500e-015
-2.200e-001	3.0516e-007	-5.2122e+012	-5.1932e+012	5.1931e+012	5.2500e-015
-2.100e-001	3.0518e-007	-5.2313e+012	-5.2122e+012	5.2122e+012	5.2500e-015
-2.000e-001	3.0520e-007	-5.2503e+012	-5.2313e+012	5.2312e+012	5.2500e-015
-1.900e-001	3.0522e-007	-5.2694e+012	-5.2503e+012	5.2503e+012	5.2500e-015
-1.800e-001	3.0523e-007	-5.2884e+012	-5.2694e+012	5.2693e+012	5.2500e-015
-1.700e-001	3.0525e-007	-5.3075e+012	-5.2884e+012	5.2884e+012	5.2500e-015
-1.600e-001	3.0527e-007	-5.3265e+012	-5.3075e+012	5.3074e+012	5.2500e-015
-1.500e-001	3.0529e-007	-5.3456e+012	-5.3265e+012	5.3265e+012	5.2500e-015
-1.400e-001	3.0531e-007	-5.3646e+012	-5.3456e+012	5.3455e+012	5.2500e-015
-1.300e-001	3.0533e-007	-5.3837e+012	-5.3646e+012	5.3646e+012	5.2500e-015
-1.200e-001	3.0535e-007	-5.4027e+012	-5.3837e+012	5.3836e+012	5.2500e-015
-1.100e-001	3.0537e-007	-5.4218e+012	-5.4027e+012	5.4027e+012	5.2500e-015
-1.000e-001	3.0539e-007	-5.4409e+012	-5.4218e+012	5.4218e+012	5.2500e-015
-9.000e-002	3.0541e-007	-5.4599e+012	-5.4409e+012	5.4408e+012	5.2500e-015
-8.000e-002	3.0543e-007	-5.4790e+012	-5.4599e+012	5.4599e+012	5.2500e-015
-7.000e-002	3.0545e-007	-5.4980e+012	-5.4790e+012	5.4789e+012	5.2500e-015
-6.000e-002	3.0547e-007	-5.5171e+012	-5.4980e+012	5.4980e+012	5.2500e-015
-5.000e-002	3.0550e-007	-5.5362e+012	-5.5171e+012	5.5171e+012	5.2500e-015
-4.000e-002	3.0552e-007	-5.5552e+012	-5.5362e+012	5.5361e+012	5.2500e-015
-3.000e-002	3.0556e-007	-5.5743e+012	-5.5552e+012	5.5552e+012	5.2500e-015
-2.000e-002	3.0560e-007	-5.5934e+012	-5.5743e+012	5.5743e+012	5.2500e-015
-1.000e-002	3.0564e-007	-5.6125e+012	-5.5934e+012	5.5934e+012	5.2500e-015
0.000e+000	3.0570e-007	-5.6315e+012	-5.6125e+012	5.6124e+012	5.2500e-015
1.000e-002	3.0577e-007	-5.6506e+012	-5.6315e+012	5.6315e+012	5.2500e-015
2.000e-002	3.0587e-007	-5.6697e+012	-5.6506e+012	5.6506e+012	5.2500e-015
3.000e-002	3.0599e-007	-5.6888e+012	-5.6697e+012	5.6697e+012	5.2500e-015
4.000e-002	3.0616e-007	-5.7079e+012	-5.6888e+012	5.6888e+012	5.2500e-015
5.000e-002	3.0638e-007	-5.7271e+012	-5.7079e+012	5.7079e+012	5.2500e-015
6.000e-002	3.0669e-007	-5.7462e+012	-5.7271e+012	5.7270e+012	5.2500e-015
7.000e-002	3.0711e-007	-5.7654e+012	-5.7462e+012	5.7462e+012	5.2500e-015
8.000e-002	3.0768e-007	-5.7846e+012	-5.7654e+012	5.7653e+012	5.2500e-015
9.000e-002	3.0847e-007	-5.8038e+012	-5.7846e+012	5.7845e+012	5.2500e-015
1.000e-001	3.0957e-007	-5.8231e+012	-5.8038e+012	5.8038e+012	5.2500e-015
1.100e-001	3.1107e-007	-5.8426e+012	-5.8231e+012	5.8231e+012	5.2500e-015
1.200e-001	3.1315e-007	-5.8621e+012	-5.8426e+012	5.8425e+012	5.2500e-015
1.300e-001	3.1602e-007	-5.8818e+012	-5.8621e+012	5.8621e+012	5.2500e-015
1.400e-001	3.1997e-007	-5.9018e+012	-5.8818e+012	5.8818e+012	5.2500e-015
1.500e-001	3.2484e-007	-5.9221e+012	-5.9018e+012	5.9018e+012	5.2500e-015
1.600e-001	3.3232e-007	-5.9428e+012	-5.9221e+012	5.9220e+012	5.2500e-015
1.700e-001	3.4199e-007	-5.9642e+012	-5.9428e+012	5.9428e+012	5.2500e-015
1.800e-001	3.5486e-007	-5.9863e+012	-5.9642e+012	5.9641e+012	5.2500e-015
1.900e-001	3.7174e-007	-6.0095e+012	-5.9863e+012	5.9863e+012	5.2500e-015
2.000e-001	3.9345e-007	-6.0341e+012	-6.0095e+012	6.0095e+012	5.2500e-015
2.100e-001	4.2075e-007	-6.0603e+012	-6.0341e+012	6.0340e+012	5.2500e-015
2.200e-001	4.5411e-007	-6.0887e+012	-6.0603e+012	6.0603e+012	5.2500e-015
2.300e-001	4.9357e-007	-6.1195e+012	-6.0887e+012	6.0886e+012	5.2500e-015
2.400e-001	5.3858e-007	-6.1531e+012	-6.1195e+012	6.1194e+012	5.2500e-015
2.500e-001	5.8801e-007	-6.1898e+012	-6.1531e+012	6.1531e+012	5.2500e-015
2.600e-001	6.4029e-007	-6.2298e+012	-6.1898e+012	6.1898e+012	5.2500e-015
2.700e-001	6.9366e-007	-6.2731e+012	-6.2298e+012	6.2297e+012	5.2500e-015
2.800e-001	7.4644e-007	-6.3196e+012	-6.2731e+012	6.2730e+012	5.2500e-015
2.900e-001	7.9729e-007	-6.3694e+012	-6.3196e+012	6.3196e+012	5.2500e-015
3.000e-001	8.4525e-007	-6.4222e+012	-6.3694e+012	6.3694e+012	5.2500e-015
3.100e-001	8.8980e-007	-6.4777e+012	-6.4222e+012	6.4221e+012	5.2500e-015
3.200e-001	9.3074e-007	-6.5358e+012	-6.4777e+012	6.4777e+012	5.2500e-015
3.300e-001	9.6812e-007	-6.5962e+012	-6.5358e+012	6.5358e+012	5.2500e-015
3.400e-001	1.0021e-006	-6.6588e+012	-6.5962e+012	6.5962e+012	5.2500e-015
3.500e-001	1.0331e-006	-6.7232e+012	-6.6588e+012	6.6587e+012	5.2500e-015
3.600e-001	1.0610e-006	-6.7895e+012	-6.7232e+012	6.7232e+012	5.2500e-015
3.700e-001	1.0868e-006	-6.8573e+012	-6.7895e+012	6.7894e+012	5.2500e-015
3.800e-001	1.1104e-006	-6.9266e+012	-6.8573e+012	6.8573e+012	5.2500e-015
3.900e-001	1.1321e-006	-6.9973e+012	-6.9266e+012	6.9266e+012	5.2500e-015
4.000e-001	1.1522e-006	-7.0692e+012	-6.9973e+012	6.9972e+012	5.2500e-015
4.100e-001	1.1709e-006	-7.1423e+012	-7.0692e+012	7.0691e+012	5.2500e-015
4.200e-001	1.1883e-006	-7.2164e+012	-7.1423e+012	7.1422e+012	5.2500e-015
4.300e-001	1.2048e-006	-7.2916e+012	-7.2164e+012	7.2164e+012	5.2500e-015
4.400e-001	1.2203e-006	-7.3678e+012	-7.2916e+012	7.2916e+012	5.2500e-015
4.500e-001	1.2351e-006	-7.4449e+012	-7.3678e+012	7.3677e+012	5.2500e-015
4.600e-001	1.2491e-006	-7.5228e+012	-7.4449e+012	7.4448e+012	5.2500e-015
4.700e-001	1.2626e-006	-7.6016e+012	-7.5228e+012	7.5228e+012	5.2500e-015
4.800e-001	1.2756e-006	-7.6813e+012	-7.6016e+012	7.6016e+012	5.2500e-015
4.900e-001	1.2881e-006	-7.7617e+012	-7.6813e+012	7.6812e+012	5.2500e-015
5.000e-001	1.3003e-006	-7.8428e+012	-7.7617e+012	7.7616e+012	5.2500e-015
5.100e-001	1.3120e-006	-7.9247e+012	-7.8428e+012	7.8428e+012	5.2500e-015
5.200e-001	1.3235e-006	-8.0073e+012	-7.9247e+012	7.9247e+012	5.2500e-015
5.300e-001	1.3346e-006	-8.0906e+012	-8.0073e+012	8.0073e+012	5.2500e-015
5.400e-001	1.3455e-006	-8.1746e+012	-8.0906e+012	8.0906e+012	5.2500e-015
5.500e-001	1.3561e-006	-8.2592e+012	-8.1746e+012	8.1746e+012	5.2500e-015
5.600e-001	1.3664e-006	-8.3445e+012	-8.2592e+012	8.2592e+012	5.2500e-015
5.700e-001	1.3765e-006	-8.4304e+012	-8.3445e+012	8.3445e+012	5.2500e-015
5.800e-001	1.3864e-006	-8.5170e+012	-8.4304e+012	8.4304e+012	5.2500e-015
5.900e-001	1.3960e-006	-8.6041e+012	-8.5170e+012	8.5169e+012	5.2500e-015
6.000e-001	1.4053e-006	-8.6918e+012	-8.6041e+012	8.6041e+012	5.2500e-015
6.100e-001	1.4144e-006	-8.7801e+012	-8.6918e+012	8.6918e+012	5.2500e-015
6.200e-001	1.4232e-006	-8.8689e+012	-8.7801e+012	8.7800e+012	5.2500e-015
6.300e-001	1.4317e-006	-8.9583e+012	-8.8689e+012	8.8689e+012	5.2500e-015
6.400e-001	1.4400e-006	-9.0482e+012	-8.9583e+012	8.9582e+012	5.2500e-015
6.500e-001	1.4481e-006	-9.1385e+012	-9.0482e+012	9.0481e+012	5.2500e-015
6.600e-001	1.4559e-006	-9.2294e+012	-9.1385e+012	9.1385e+012	5.2500e-015
6.700e-001	1.4634e-006	-9.3207e+012	-9.2294e+012	9.2294e+012	5.2500e-015
6.800e-001	1.4706e-006	-9.4125e+012	-9.3207e+012	9.3207e+012	5.2500e-015
6.900e-001	1.4777e-006	-9.5048e+012	-9.4125e+012	9.4125e+012	5.2500e-015
7.000e-001	1.4844e-006	-9.5974e+012	-9.5048e+012	9.5047e+012	5.2500e-015
7.100e-001	1.4910e-006	-9.6905e+012	-9.5974e+012	9.5974e+012	5.2500e-015
7.200e-001	1.4883e-006	-9.7834e+012	-9.6905e+012	9.6904e+012	5.2500e-015
7.300e-001	1.4915e-006	-9.8765e+012	-9.7834e+012	9.7833e+012	5.2500e-015
7.400e-001	1.4969e-006	-9.9699e+012	-9.8765e+012	9.8764e+012	5.2500e-015
7.500e-001	1.5021e-006	-1.0064e+013	-9.9699e+012	9.9698e+012	5.2500e-015
7.600e-001	1.5070e-006	-1.0158e+013	-1.0064e+013	1.0064e+013	5.2500e-015
7.700e-001	1.5118e-006	-1.0252e+013	-1.0158e+013	1.0158e+013	5.2500e-015
7.800e-001	1.5164e-006	-1.0347e+013	-1.0252e+013	1.0252e+013	5.2500e-015
7.900e-001	1.5209e-006	-1.0442e+013	-1.0347e+013	1.0347e+013	5.2500e-015
8.000e-001	1.5252e-006	-1.0537e+013	-1.0442e+013	1.0442e+013	5.2500e-015
8.100e-001	1.5293e-006	-1.0632e+013	-1.0537e+013	1.0537e+013	5.2500e-015
8.200e-001	1.5334e-006	-1.0728e+013	-1.0632e+013	1.0632e+013	5.2500e-015
8.300e-001	1.5372e-006	-1.0824e+013	-1.0728e+013	1.0728e+013	5.2500e-015
8.400e-001	1.5410e-006	-1.0920e+013	-1.0824e+013	1.0824e+013	5.2500e-015
8.500e-001	1.5446e-006	-1.1017e+013	-1.0920e+013	1.0920e+013	5.2500e-015
8.600e-001	1.5481e-006	-1.1113e+013	-1.1017e+013	1.1016e+013	5.2500e-015
8.700e-001	1.5515e-006	-1.1210e+013	-1.1113e+013	1.1113e+013	5.2500e-015
8.800e-001	1.5548e-006	-1.1307e+013	-1.1210e+013	1.1210e+013	5.2500e-015
8.900e-001	1.5580e-006	-1.1404e+013	-1.1307e+013	1.1307e+013	5.2500e-015
9.000e-001	1.5611e-006	-1.1502e+013	-1.1404e+013	1.1404e+013	5.2500e-015
9.100e-001	1.5641e-006	-1.1599e+013	-1.1502e+013	1.1502e+013	5.2500e-015
9.200e-001	1.5670e-006	-1.1697e+013	-1.1599e+013	1.1599e+013	5.2500e-015
9.300e-001	1.5698e-006	-1.1795e+013	-1.1697e+013	1.1697e+013	5.2500e-015
9.400e-001	1.5726e-006	-1.1893e+013	-1.1795e+013	1.1795e+013	5.2500e-015
9.500e-001	1.5753e-006	-1.1992e+013	-1.1893e+013	1.1893e+013	5.2500e-015
9.600e-001	1.5779e-006	-1.2090e+013	-1.1992e+013	1.1992e+013	5.2500e-015
9.700e-001	1.5805e-006	-1.2189e+013	-1.2090e+013	1.2090e+013	5.2500e-015
9.800e-001	1.5830e-006	-1.2287e+013	-1.2189e+013	1.2189e+013	5.2500e-015
9.900e-001	1.5854e-006	-1.2386e+013	-1.2287e+013	1.2287e+013	5.2500e-015
1.000e+000	1.5878e-006	-1.2486e+013	-1.2386e+013	1.2386e+013	5.2500e-015
1.010e+000	1.5901e-006	-1.2585e+013	-1.2486e+013	1.2486e+013	5.2500e-015
1.020e+000	1.5924e-006	-1.2684e+013	-1.2585e+013	1.2585e+013	5.2500e-015
1.030e+000	1.5946e-006	-1.2784e+013	-1.2684e+013	1.2684e+013	5.2500e-015
1.040e+000	1.5968e-006	-1.2883e+013	-1.2784e+013	1.2784e+013	5.2500e-015
1.050e+000	1.5990e-006	-1.2983e+013	-1.2883e+013	1.2883e+013	5.2500e-015
1.060e+000	1.6011e-006	-1.3083e+013	-1.2983e+013	1.2983e+013	5.2500e-015
1.070e+000	1.6031e-006	-1.3183e+013	-1.3083e+013	1.3083e+013	5.2500e-015
1.080e+000	1.6052e-006	-1.3283e+013	-1.3183e+013	1.3183e+013	5.2500e-015
1.090e+000	1.6071e-006	-1.3384e+013	-1.3283e+013	1.3283e+013	5.2500e-015
1.100e+000	1.6091e-006	-1.3484e+013	-1.3384e+013	1.3384e+013	5.2500e-015
1.110e+000	1.6110e-006	-1.3585e+013	-1.3484e+013	1.3484e+013	5.2500e-015
1.120e+000	1.6129e-006	-1.3685e+013	-1.3585e+013	1.3585e+013	5.2500e-015
1.130e+000	1.6148e-006	-1.3786e+013	-1.3685e+013	1.3685e+013	5.2500e-015
1.140e+000	1.6166e-006	-1.3887e+013	-1.3786e+013	1.3786e+013	5.2500e-015
1.150e+000	1.6184e-006	-1.3988e+013	-1.3887e+013	1.3887e+013	5.2500e-015
1.160e+000	1.6202e-006	-1.4089e+013	-1.3988e+013	1.3988e+013	5.2500e-015
1.170e+000	1.6219e-006	-1.4190e+013	-1.4089e+013	1.4089e+013	5.2500e-015
1.180e+000	1.6237e-006	-1.4292e+013	-1.4190e+013	1.4190e+013	5.2500e-015
1.190e+000	1.6254e-006	-1.4393e+013	-1.4292e+013	1.4292e+013	5.2500e-015
1.200e+000	1.6271e-006	-1.4495e+013	-1.4393e+013	1.4393e+013	5.2500e-015
1.210e+000	1.6288e-006	-1.4596e+013	-1.4495e+013	1.4495e+013	5.2500e-015
1.220e+000	1.6304e-006	-1.4698e+013	-1.4596e+013	1.4596e+013	5.2500e-015
1.230e+000	1.6321e-006	-1.4800e+013	-1.4698e+013	1.4698e+013	5.2500e-015
1.240e+000	1.6338e-006	-1.4902e+013	-1.4800e+013	1.4800e+013	5.2500e-015
1.250e+000	1.6355e-006	-1.5004e+013	-1.4902e+013	1.4902e+013	5.2500e-015
1.260e+000	1.6372e-006	-1.5106e+013	-1.5004e+013	1.5004e+013	5.2500e-015
1.270e+000	1.6389e-006	-1.5209e+013	-1.5106e+013	1.5106e+013	5.2500e-015
1.280e+000	1.6407e-006	-1.5311e+013	-1.5209e+013	1.5209e+013	5.2500e-015
1.290e+000	1.6426e-006	-1.5413e+013	-1.5311e+013	1.5311e+013	5.2500e-015
1.300e+000	1.6447e-006	-1.5516e+013	-1.5413e+013	1.5413e+013	5.2500e-015
1.310e+000	1.6469e-006	-1.5619e+013	-1.5516e+013	1.5516e+013	5.2500e-015
1.320e+000	1.6493e-006	-1.5722e+013	-1.5619e+013	1.5619e+013	5.2500e-015
1.330e+000	1.6522e-006	-1.5825e+013	-1.5722e+013	1.5722e+013	5.2500e-015
1.340e+000	1.6555e-006	-1.5928e+013	-1.5825e+013	1.5825e+013	5.2500e-015
1.350e+000	1.6594e-006	-1.6032e+013	-1.5928e+013	1.5928e+013	5.2500e-015
1.360e+000	1.6643e-006	-1.6136e+013	-1.6032e+013	1.6032e+013	5.2500e-015
1.370e+000	1.6699e-006	-1.6240e+013	-1.6136e+013	1.6136e+013	5.2500e-015
1.380e+000	1.6777e-006	-1.6345e+013	-1.6240e+013	1.6240e+013	5.2500e-015
1.390e+000	1.6873e-006	-1.6450e+013	-1.6345e+013	1.6345e+013	5.2500e-015
1.400e+000	1.6996e-006	-1.6556e+013	-1.6450e+013	1.6450e+013	5.2500e-015
1.410e+000	1.7155e-006	-1.6663e+013	-1.6556e+013	1.6556e+013	5.2500e-015
1.420e+000	1.7359e-006	-1.6771e+013	-1.6663e+013	1.6663e+013	5.2500e-015
1.430e+000	1.7619e-006	-1.6881e+013	-1.6771e+013	1.6771e+013	5.2500e-015
1.440e+000	1.7948e-006	-1.6993e+013	-1.6881e+013	1.6881e+013	5.2500e-015
1.450e+000	1.8354e-006	-1.7108e+013	-1.6993e+013	1.6993e+013	5.2500e-015
1.460e+000	1.8855e-006	-1.7226e+013	-1.7108e+013	1.7108e+013	5.2500e-015
1.470e+000	1.9449e-006	-1.7347e+013	-1.7226e+013	1.7226e+013	5.2500e-015
1.480e+000	2.0137e-006	-1.7473e+013	-1.7347e+013	1.7347e+013	5.2500e-015
1.490e+000	2.0909e-006	-1.7603e+013	-1.7473e+013	1.7473e+013	5.2500e-015
1.500e+000	2.1751e-006	-1.7739e+013	-1.7603e+013	1.7603e+013	5.2500e-015
1.510e+000	2.2639e-006	-1.7880e+013	-1.7739e+013	1.7739e+013	5.2500e-015
1.520e+000	2.3551e-006	-1.8027e+013	-1.7880e+013	1.7880e+013	5.2500e-015
1.530e+000	2.4465e-006	-1.8180e+013	-1.8027e+013	1.8027e+013	5.2500e-015
1.540e+000	2.5363e-006	-1.8338e+013	-1.8180e+013	1.8180e+013	5.2500e-015
1.550e+000	2.6233e-006	-1.8502e+013	-1.8338e+013	1.8338e+013	5.2500e-015
1.560e+000	2.7069e-006	-1.8671e+013	-1.8502e+013	1.8502e+013	5.2500e-015
1.570e+000	2.7867e-006	-1.8845e+013	-1.8671e+013	1.8671e+013	5.2500e-015
1.580e+000	2.8627e-006	-1.9024e+013	-1.8845e+013	1.8845e+013	5.2500e-015
1.590e+000	2.9352e-006	-1.9207e+013	-1.9024e+013	1.9024e+013	5.2500e-015
1.600e+000	3.0044e-006	-1.9394e+013	-1.9207e+013	1.9207e+013	5.2500e-015
1.610e+000	3.0705e-006	-1.9586e+013	-1.9394e+013	1.9394e+013	5.2500e-015
1.620e+000	3.1340e-006	-1.9782e+013	-1.9586e+013	1.9586e+013	5.2500e-015
1.630e+000	3.1947e-006	-1.9981e+013	-1.9782e+013	1.9782e+013	5.2500e-015
1.640e+000	3.2534e-006	-2.0184e+013	-1.9981e+013	1.9981e+013	5.2500e-015
1.650e+000	3.3098e-006	-2.0391e+013	-2.0184e+013	2.0184e+013	5.2500e-015
1.660e+000	3.3641e-006	-2.0601e+013	-2.0391e+013	2.0391e+013	5.2500e-015
1.670e+000	3.4164e-006	-2.0814e+013	-2.0601e+013	2.0601e+013	5.2500e-015
1.680e+000	3.4668e-006	-2.1030e+013	-2.0814e+013	2.0814e+013	5.2500e-015
1.690e+000	3.5154e-006	-2.1250e+013	-2.1030e+013	2.1030e+013	5.2500e-015
1.700e+000	3.5621e-006	-2.1472e+013	-2.1250e+013	2.1250e+013	5.2500e-015
1.710e+000	3.6072e-006	-2.1697e+013	-2.1472e+013	2.1472e+013	5.2500e-015
1.720e+000	3.6507e-006	-2.1925e+013	-2.1697e+013	2.1697e+013	5.2500e-015
1.730e+000	3.6926e-006	-2.2155e+013	-2.1925e+013	2.1925e+013	5.2500e-015
1.740e+000	3.7330e-006	-2.2388e+013	-2.2155e+013	2.2155e+013	5.2500e-015
1.750e+000	3.7720e-006	-2.2624e+013	-2.2388e+013	2.2388e+013	5.2500e-015
1.760e+000	3.8097e-006	-2.2862e+013	-2.2624e+013	2.2624e+013	5.2500e-015
1.770e+000	3.8461e-006	-2.3102e+013	-2.2862e+013	2.2862e+013	5.2500e-015
1.780e+000	3.8360e-006	-2.3341e+013	-2.3102e+013	2.3102e+013	5.2500e-015
1.790e+000	3.8640e-006	-2.3582e+013	-2.3341e+013	2.3341e+013	5.2500e-015
1.800e+000	3.8913e-006	-2.3825e+013	-2.3582e+013	2.3582e+013	5.2500e-015
1.810e+000	3.9176e-006	-2.4070e+013	-2.3825e+013	2.3825e+013	5.2500e-015
1.820e+000	3.9429e-006	-2.4316e+013	-2.4070e+013	2.4070e+013	5.2500e-015
1.830e+000	3.9673e-006	-2.4563e+013	-2.4316e+013	2.4316e+013	5.2500e-015
1.840e+000	3.9906e-006	-2.4812e+013	-2.4563e+013	2.4563e+013	5.2500e-015
1.850e+000	4.0133e-006	-2.5063e+013	-2.4812e+013	2.4812e+013	5.2500e-015
1.860e+000	4.0355e-006	-2.5315e+013	-2.5063e+013	2.5063e+013	5.2500e-015
1.870e+000	4.0569e-006	-2.5568e+013	-2.5315e+013	2.5315e+013	5.2500e-015
1.880e+000	4.0778e-006	-2.5823e+013	-2.5568e+013	2.5568e+013	5.2500e-015
1.890e+000	4.0980e-006	-2.6078e+013	-2.5823e+013	2.5823e+013	5.2500e-015
1.900e+000	4.1177e-006	-2.6335e+013	-2.6078e+013	2.6078e+013	5.2500e-015
1.910e+000	4.1368e-006	-2.6594e+013	-2.6335e+013	2.6335e+013	5.2500e-015
1.920e+000	4.1555e-006	-2.6853e+013	-2.6594e+013	2.6594e+013	5.2500e-015
1.930e+000	4.1737e-006	-2.7113e+013	-2.6853e+013	2.6853e+013	5.2500e-015
1.940e+000	4.1914e-006	-2.7375e+013	-2.7113e+013	2.7113e+013	5.2500e-015
1.950e+000	4.2087e-006	-2.7638e+013	-2.7375e+013	2.7375e+013	5.2500e-015
1.960e+000	4.2256e-006	-2.7901e+013	-2.7638e+013	2.7638e+013	5.2500e-015
1.970e+000	4.2422e-006	-2.8166e+013	-2.7901e+013	2.7901e+013	5.2500e-015
1.980e+000	4.2584e-006	-2.8432e+013	-2.8166e+013	2.8166e+013	5.2500e-015
1.990e+000	4.2742e-006	-2.8699e+013	-2.8432e+013	2.8432e+013	5.2500e-015
2.000e+000	4.2897e-006	-2.8967e+013	-2.8699e+013	2.8699e+013	5.2500e-015
2.010e+000	4.3049e-006	-2.9235e+013	-2.8967e+013	2.8966e+013	5.2500e-015
2.020e+000	4.3197e-006	-2.9505e+013	-2.9235e+013	2.9235e+013	5.2500e-015
2.030e+000	4.3343e-006	-2.9775e+013	-2.9505e+013	2.9505e+013	5.2500e-015
2.040e+000	4.3486e-006	-3.0047e+013	-2.9775e+013	2.9775e+013	5.2500e-015
2.050e+000	4.3626e-006	-3.0319e+013	-3.0047e+013	3.0047e+013	5.2500e-015
2.060e+000	4.3764e-006	-3.0592e+013	-3.0319e+013	3.0319e+013	5.2500e-015
2.070e+000	4.3899e-006	-3.0866e+013	-3.0592e+013	3.0592e+013	5.2500e-015
2.080e+000	4.4032e-006	-3.1141e+013	-3.0866e+013	3.0866e+013	5.2500e-015
2.090e+000	4.4162e-006	-3.1417e+013	-3.1141e+013	3.1141e+013	5.2500e-015
2.100e+000	4.4290e-006	-3.1693e+013	-3.1417e+013	3.1417e+013	5.2500e-015
2.110e+000	4.4415e-006	-3.1970e+013	-3.1693e+013	3.1693e+013	5.2500e-015
2.120e+000	4.4539e-006	-3.2248e+013	-3.1970e+013	3.1970e+013	5.2500e-015
2.130e+000	4.4661e-006	-3.2527e+013	-3.2248e+013	3.2248e+013	5.2500e-015
2.140e+000	4.4780e-006	-3.2807e+013	-3.2527e+013	3.2527e+013	5.2500e-015
2.150e+000	4.4897e-006	-3.3087e+013	-3.2807e+013	3.2807e+013	5.2500e-015
2.160e+000	4.5013e-006	-3.3368e+013	-3.3087e+013	3.3087e+013	5.2500e-015
2.170e+000	4.5127e-006	-3.3649e+013	-3.3368e+013	3.3368e+013	5.2500e-015
2.180e+000	4.5239e-006	-3.3932e+013	-3.3649e+013	3.3649e+013	5.2500e-015
2.190e+000	4.5349e-006	-3.4215e+013	-3.3932e+013	3.3932e+013	5.2500e-015
2.200e+000	4.5457e-006	-3.4499e+013	-3.4215e+013	3.4215e+013	5.2500e-015
2.210e+000	4.5538e-006	-3.4783e+013	-3.4499e+013	3.4498e+013	5.2500e-015
2.220e+000	4.5580e-006	-3.5067e+013	-3.4783e+013	3.4783e+013	5.2500e-015
2.230e+000	4.5679e-006	-3.5352e+013	-3.5067e+013	3.5067e+013	5.2500e-015
2.240e+000	4.5777e-006	-3.5638e+013	-3.5352e+013	3.5352e+013	5.2500e-015
2.250e+000	4.5873e-006	-3.5924e+013	-3.5638e+013	3.5638e+013	5.2500e-015
2.260e+000	4.5968e-006	-3.6211e+013	-3.5924e+013	3.5924e+013	5.2500e-015
2.270e+000	4.6061e-006	-3.6499e+013	-3.6211e+013	3.6211e+013	5.2500e-015
2.280e+000	4.6153e-006	-3.6787e+013	-3.6499e+013	3.6499e+013	5.2500e-015
2.290e+000	4.6243e-006	-3.7075e+013	-3.6787e+013	3.6787e+013	5.2500e-015
2.300e+000	4.6333e-006	-3.7365e+013	-3.7075e+013	3.7075e+013	5.2500e-015
2.310e+000	4.6421e-006	-3.7654e+013	-3.7365e+013	3.7365e+013	5.2500e-015
2.320e+000	4.6507e-006	-3.7945e+013	-3.7654e+013	3.7654e+013	5.2500e-015
2.330e+000	4.6593e-006	-3.8235e+013	-3.7945e+013	3.7945e+013	5.2500e-015
2.340e+000	4.6677e-006	-3.8527e+013	-3.8235e+013	3.8235e+013	5.2500e-015
2.350e+000	4.6760e-006	-3.8819e+013	-3.8527e+013	3.8527e+013	5.2500e-015
2.360e+000	4.6842e-006	-3.9111e+013	-3.8819e+013	3.8819e+013	5.2500e-015
2.370e+000	4.6923e-006	-3.9404e+013	-3.9111e+013	3.9111e+013	5.2500e-015
2.380e+000	4.7003e-006	-3.9697e+013	-3.9404e+013	3.9404e+013	5.2500e-015
2.390e+000	4.7082e-006	-3.9991e+013	-3.9697e+013	3.9697e+013	5.2500e-015
2.400e+000	4.7160e-006	-4.0285e+013	-3.9991e+013	3.9991e+013	5.2500e-015
2.410e+000	4.7237e-006	-4.0580e+013	-4.0285e+013	4.0285e+013	5.2500e-015
2.420e+000	4.7313e-006	-4.0876e+013	-4.0580e+013	4.0580e+013	5.2500e-015
2.430e+000	4.7388e-006	-4.1171e+013	-4.0876e+013	4.0876e+013	5.2500e-015
2.440e+000	4.7462e-006	-4.1468e+013	-4.1171e+013	4.1171e+013	5.2500e-015
2.450e+000	4.7535e-006	-4.1764e+013	-4.1468e+013	4.1468e+013	5.2500e-015
2.460e+000	4.7607e-006	-4.2061e+013	-4.1764e+013	4.1764e+013	5.2500e-015
2.470e+000	4.7679e-006	-4.2359e+013	-4.2061e+013	4.2061e+013	5.2500e-015
2.480e+000	4.7749e-006	-4.2657e+013	-4.2359e+013	4.2359e+013	5.2500e-015
2.490e+000	4.7819e-006	-4.2956e+013	-4.2657e+013	4.2657e+013	5.2500e-015
2.500e+000	4.7888e-006	-4.3254e+013	-4.2956e+013	4.2955e+013	5.2500e-015
2.510e+000	4.7956e-006	-4.3554e+013	-4.3254e+013	4.3254e+013	5.2500e-015
2.520e+000	4.8023e-006	-4.3853e+013	-4.3554e+013	4.3554e+013	5.2500e-015
2.530e+000	4.8090e-006	-4.4154e+013	-4.3853e+013	4.3853e+013	5.2500e-015
2.540e+000	4.8156e-006	-4.4454e+013	-4.4154e+013	4.4154e+013	5.2500e-015
2.550e+000	4.8221e-006	-4.4755e+013	-4.4454e+013	4.4454e+013	5.2500e-015
2.560e+000	4.8285e-006	-4.5057e+013	-4.4755e+013	4.4755e+013	5.2500e-015
2.570e+000	4.8349e-006	-4.5358e+013	-4.5057e+013	4.5056e+013	5.2500e-015
2.580e+000	4.8412e-006	-4.5660e+013	-4.5358e+013	4.5358e+013	5.2500e-015
2.590e+000	4.8474e-006	-4.5963e+013	-4.5660e+013	4.5660e+013	5.2500e-015
2.600e+000	4.8536e-006	-4.6266e+013	-4.5963e+013	4.5963e+013	5.2500e-015
2.610e+000	4.8597e-006	-4.6569e+013	-4.6266e+013	4.6266e+013	5.2500e-015
2.620e+000	4.8658e-006	-4.6873e+013	-4.6569e+013	4.6569e+013	5.2500e-015
2.630e+000	4.8718e-006	-4.7177e+013	-4.6873e+013	4.6873e+013	5.2500e-015
2.640e+000	4.8777e-006	-4.7481e+013	-4.7177e+013	4.7177e+013	5.2500e-015
2.650e+000	4.8836e-006	-4.7786e+013	-4.7481e+013	4.7481e+013	5.2500e-015
2.660e+000	4.8894e-006	-4.8091e+013	-4.7786e+013	4.7786e+013	5.2500e-015
2.670e+000	4.8951e-006	-4.8397e+013	-4.8091e+013	4.8091e+013	5.2500e-015
2.680e+000	4.9008e-006	-4.8703e+013	-4.8397e+013	4.8397e+013	5.2500e-015
2.690e+000	4.9065e-006	-4.9009e+013	-4.8703e+013	4.8703e+013	5.2500e-015
2.700e+000	4.9121e-006	-4.9316e+013	-4.9009e+013	4.9009e+013	5.2500e-015
2.710e+000	4.9176e-006	-4.9623e+013	-4.9316e+013	4.9316e+013	5.2500e-015
2.720e+000	4.9231e-006	-4.9930e+013	-4.9623e+013	4.9623e+013	5.2500e-015
2.730e+000	4.9285e-006	-5.0237e+013	-4.9930e+013	4.9930e+013	5.2500e-015
2.740e+000	4.9339e-006	-5.0545e+013	-5.0237e+013	5.0237e+013	5.2500e-015
2.750e+000	4.9392e-006	-5.0854e+013	-5.0545e+013	5.0545e+013	5.2500e-015
2.760e+000	4.9445e-006	-5.1162e+013	-5.0854e+013	5.0854e+013	5.2500e-015
2.770e+000	4.9498e-006	-5.1471e+013	-5.1162e+013	5.1162e+013	5.2500e-015
2.780e+000	4.9550e-006	-5.1781e+013	-5.1471e+013	5.1471e+013	5.2500e-015
2.790e+000	4.9601e-006	-5.2090e+013	-5.1781e+013	5.1781e+013	5.2500e-015
2.800e+000	4.9652e-006	-5.2400e+013	-5.2090e+013	5.2090e+013	5.2500e-015
2.810e+000	4.9703e-006	-5.2710e+013	-5.2400e+013	5.2400e+013	5.2500e-015
2.820e+000	4.9753e-006	-5.3021e+013	-5.2710e+013	5.2710e+013	5.2500e-015
2.830e+000	4.9803e-006	-5.3332e+013	-5.3021e+013	5.3021e+013	5.2500e-015
2.840e+000	4.9852e-006	-5.3643e+013	-5.3332e+013	5.3332e+013	5.2500e-015
2.850e+000	4.9901e-006	-5.3954e+013	-5.3643e+013	5.3643e+013	5.2500e-015
2.860e+000	4.9950e-006	-5.4266e+013	-5.3954e+013	5.3954e+013	5.2500e-015
2.870e+000	4.9998e-006	-5.4578e+013	-5.4266e+013	5.4266e+013	5.2500e-015
2.880e+000	5.0046e-006	-5.4890e+013	-5.4578e+013	5.4578e+013	5.2500e-015
2.890e+000	5.0093e-006	-5.5203e+013	-5.4890e+013	5.4890e+013	5.2500e-015
2.900e+000	5.0140e-006	-5.5516e+013	-5.5203e+013	5.5203e+013	5.2500e-015
2.910e+000	5.0187e-006	-5.5829e+013	-5.5516e+013	5.5516e+013	5.2500e-015
2.920e+000	5.0233e-006	-5.6143e+013	-5.5829e+013	5.5829e+013	5.2500e-015
2.930e+000	5.0279e-006	-5.6457e+013	-5.6143e+013	5.6143e+013	5.2500e-015
2.940e+000	5.0325e-006	-5.6771e+013	-5.6457e+013	5.6457e+013	5.2500e-015
2.950e+000	5.0370e-006	-5.7085e+013	-5.6771e+013	5.6771e+013	5.2500e-015
2.960e+000	5.0415e-006	-5.7400e+013	-5.7085e+013	5.7085e+013	5.2500e-015
2.970e+000	5.0460e-006	-5.7715e+013	-5.7400e+013	5.7400e+013	5.2500e-015
2.980e+000	5.0504e-006	-5.8030e+013	-5.7715e+013	5.7715e+013	5.2500e-015
2.990e+000	5.0548e-006	-5.8345e+013	-5.8030e+013	5.8030e+013	5.2500e-015
3.000e+000	5.0591e-006	-5.8661e+013	-5.8345e+013	5.8345e+013	5.2500e-015
3.010e+000	5.0634e-006	-5.8977e+013	-5.8661e+013	5.8661e+013	5.2500e-015
3.020e+000	5.0677e-006	-5.9294e+013	-5.8977e+013	5.8977e+013	5.2500e-015
3.030e+000	5.0720e-006	-5.9610e+013	-5.9294e+013	5.9294e+013	5.2500e-015
3.040e+000	5.0762e-006	-5.9927e+013	-5.9610e+013	5.9610e+013	5.2500e-015
3.050e+000	5.0804e-006	-6.0244e+013	-5.9927e+013	5.9927e+013	5.2500e-015
3.060e+000	5.0846e-006	-6.0561e+013	-6.0244e+013	6.0244e+013	5.2500e-015
3.070e+000	5.0888e-006	-6.0879e+013	-6.0561e+013	6.0561e+013	5.2500e-015
3.080e+000	5.0929e-006	-6.1197e+013	-6.0879e+013	6.0879e+013	5.2500e-015
3.090e+000	5.0970e-006	-6.1515e+013	-6.1197e+013	6.1197e+013	5.2500e-015
3.100e+000	5.1010e-006	-6.1833e+013	-6.1515e+013	6.1515e+013	5.2500e-015
3.110e+000	5.1050e-006	-6.2152e+013	-6.1833e+013	6.1833e+013	5.2500e-015
3.120e+000	5.1090e-006	-6.2471e+013	-6.2152e+013	6.2152e+013	5.2500e-015
3.130e+000	5.1130e-006	-6.2790e+013	-6.2471e+013	6.2471e+013	5.2500e-015
3.140e+000	5.1170e-006	-6.3109e+013	-6.2790e+013	6.2790e+013	5.2500e-015
3.150e+000	5.1209e-006	-6.3429e+013	-6.3109e+013	6.3109e+013	5.2500e-015
3.160e+000	5.1248e-006	-6.3749e+013	-6.3429e+013	6.3429e+013	5.2500e-015
3.170e+000	5.1287e-006	-6.4069e+013	-6.3749e+013	6.3749e+013	5.2500e-015
3.180e+000	5.1325e-006	-6.4389e+013	-6.4069e+013	6.4069e+013	5.2500e-015
3.190e+000	5.1363e-006	-6.4710e+013	-6.4389e+013	6.4389e+013	5.2500e-015
3.200e+000	5.1401e-006	-6.5031e+013	-6.4710e+013	6.4710e+013	5.2500e-015
3.210e+000	5.1439e-006	-6.5352e+013	-6.5031e+013	6.5031e+013	5.2500e-015
3.220e+000	5.1476e-006	-6.5673e+013	-6.5352e+013	6.5352e+013	5.2500e-015
3.230e+000	5.1514e-006	-6.5995e+013	-6.5673e+013	6.5673e+013	5.2500e-015
3.240e+000	5.1551e-006	-6.6316e+013	-6.5995e+013	6.5995e+013	5.2500e-015
3.250e+000	5.1587e-006	-6.6638e+013	-6.6316e+013	6.6316e+013	5.2500e-015
3.260e+000	5.1624e-006	-6.6961e+013	-6.6638e+013	6.6638e+013	5.2500e-015
3.270e+000	5.1660e-006	-6.7283e+013	-6.6961e+013	6.6961e+013	5.2500e-015
3.280e+000	5.1696e-006	-6.7606e+013	-6.7283e+013	6.7283e+013	5.2500e-015
3.290e+000	5.1732e-006	-6.7929e+013	-6.7606e+013	6.7606e+013	5.2500e-015
3.300e+000	5.1768e-006	-6.8252e+013	-6.7929e+013	6.7929e+013	5.2500e-015
3.310e+000	5.1803e-006	-6.8575e+013	-6.8252e+013	6.8252e+013	5.2500e-015
3.320e+000	5.1838e-006	-6.8899e+013	-6.8575e+013	6.8575e+013	5.2500e-015
3.330e+000	5.1873e-006	-6.9222e+013	-6.8899e+013	6.8898e+013	5.2500e-015
3.340e+000	5.1908e-006	-6.9546e+013	-6.9222e+013	6.9222e+013	5.2500e-015
3.350e+000	5.1943e-006	-6.9870e+013	-6.9546e+013	6.9546e+013	5.2500e-015
3.360e+000	5.1977e-006	-7.0195e+013	-6.9870e+013	6.9870e+013	5.2500e-015
3.370e+000	5.2011e-006	-7.0520e+013	-7.0195e+013	7.0195e+013	5.2500e-015
3.380e+000	5.2045e-006	-7.0844e+013	-7.0520e+013	7.0519e+013	5.2500e-015
3.390e+000	5.2079e-006	-7.1169e+013	-7.0844e+013	7.0844e+013	5.2500e-015
3.400e+000	5.2113e-006	-7.1495e+013	-7.1169e+013	7.1169e+013	5.2500e-015
3.410e+000	5.2146e-006	-7.1820e+013	-7.1495e+013	7.1495e+013	5.2500e-015
3.420e+000	5.2179e-006	-7.2146e+013	-7.1820e+013	7.1820e+013	5.2500e-015
3.430e+000	5.2212e-006	-7.2472e+013	-7.2146e+013	7.2146e+013	5.2500e-015
3.440e+000	5.2245e-006	-7.2798e+013	-7.2472e+013	7.2472e+013	5.2500e-015
3.450e+000	5.2278e-006	-7.3124e+013	-7.2798e+013	7.2798e+013	5.2500e-015
3.460e+000	5.2310e-006	-7.3451e+013	-7.3124e+013	7.3124e+013	5.2500e-015
3.470e+000	5.2343e-006	-7.3777e+013	-7.3451e+013	7.3451e+013	5.2500e-015
3.480e+000	5.2375e-006	-7.4104e+013	-7.3777e+013	7.3777e+013	5.2500e-015
3.490e+000	5.2407e-006	-7.4431e+013	-7.4104e+013	7.4104e+013	5.2500e-015
3.500e+000	5.2438e-006	-7.4759e+013	-7.4431e+013	7.4431e+013	5.2500e-015
3.510e+000	5.2470e-006	-7.5086e+013	-7.4759e+013	7.4759e+013	5.2500e-015
3.520e+000	5.2502e-006	-7.5414e+013	-7.5086e+013	7.5086e+013	5.2500e-015
3.530e+000	5.2533e-006	-7.5742e+013	-7.5414e+013	7.5414e+013	5.2500e-015
3.540e+000	5.2564e-006	-7.6070e+013	-7.5742e+013	7.5742e+013	5.2500e-015
3.550e+000	5.2595e-006	-7.6398e+013	-7.6070e+013	7.6070e+013	5.2500e-015
3.560e+000	5.2626e-006	-7.6726e+013	-7.6398e+013	7.6398e+013	5.2500e-015
3.570e+000	5.2656e-006	-7.7055e+013	-7.6726e+013	7.6726e+013	5.2500e-015
3.580e+000	5.2687e-006	-7.7384e+013	-7.7055e+013	7.7055e+013	5.2500e-015
3.590e+000	5.2717e-006	-7.7713e+013	-7.7384e+013	7.7384e+013	5.2500e-015
3.600e+000	5.2747e-006	-7.8042e+013	-7.7713e+013	7.7713e+013	5.2500e-015
3.610e+000	5.2777e-006	-7.8372e+013	-7.8042e+013	7.8042e+013	5.2500e-015
3.620e+000	5.2807e-006	-7.8701e+013	-7.8372e+013	7.8372e+013	5.2500e-015
3.630e+000	5.2836e-006	-7.9031e+013	-7.8701e+013	7.8701e+013	5.2500e-015
3.640e+000	5.2866e-006	-7.9361e+013	-7.9031e+013	7.9031e+013	5.2500e-015
3.650e+000	5.2895e-006	-7.9691e+013	-7.9361e+013	7.9361e+013	5.2500e-015
3.660e+000	5.2924e-006	-8.0021e+013	-7.9691e+013	7.9691e+013	5.2500e-015
3.670e+000	5.2953e-006	-8.0352e+013	-8.0021e+013	8.0021e+013	5.2500e-015
3.680e+000	5.2982e-006	-8.0683e+013	-8.0352e+013	8.0352e+013	5.2500e-015
3.690e+000	5.3011e-006	-8.1013e+013	-8.0683e+013	8.0683e+013	5.2500e-015
3.700e+000	5.3040e-006	-8.1345e+013	-8.1013e+013	8.1013e+013	5.2500e-015
3.710e+000	5.3068e-006	-8.1676e+013	-8.1345e+013	8.1344e+013	5.2500e-015
3.720e+000	5.3097e-006	-8.2007e+013	-8.1676e+013	8.1676e+013	5.2500e-015
3.730e+000	5.3125e-006	-8.2339e+013	-8.2007e+013	8.2007e+013	5.2500e-015
3.740e+000	5.3153e-006	-8.2670e+013	-8.2339e+013	8.2339e+013	5.2500e-015
3.750e+000	5.3181e-006	-8.3002e+013	-8.2670e+013	8.2670e+013	5.2500e-015
3.760e+000	5.3209e-006	-8.3335e+013	-8.3002e+013	8.3002e+013	5.2500e-015
3.770e+000	5.3236e-006	-8.3667e+013	-8.3335e+013	8.3334e+013	5.2500e-015
3.780e+000	5.3264e-006	-8.3999e+013	-8.3667e+013	8.3667e+013	5.2500e-015
3.790e+000	5.3291e-006	-8.4332e+013	-8.3999e+013	8.3999e+013	5.2500e-015
3.800e+000	5.3313e-006	-8.4665e+013	-8.4332e+013	8.4332e+013	5.2500e-015
3.810e+000	5.3337e-006	-8.4997e+013	-8.4665e+013	8.4665e+013	5.2500e-015
3.820e+000	5.3364e-006	-8.5331e+013	-8.4997e+013	8.4997e+013	5.2500e-015
3.830e+000	5.3391e-006	-8.5664e+013	-8.5331e+013	8.5331e+013	5.2500e-015
3.840e+000	5.3417e-006	-8.5997e+013	-8.5664e+013	8.5664e+013	5.2500e-015
3.850e+000	5.3444e-006	-8.6331e+013	-8.5997e+013	8.5997e+013	5.2500e-015
3.860e+000	5.3470e-006	-8.6665e+013	-8.6331e+013	8.6331e+013	5.2500e-015
3.870e+000	5.3496e-006	-8.6998e+013	-8.6665e+013	8.6664e+013	5.2500e-015
3.880e+000	5.3522e-006	-8.7332e+013	-8.6998e+013	8.6998e+013	5.2500e-015
3.890e+000	5.3549e-006	-8.7667e+013	-8.7332e+013	8.7332e+013	5.2500e-015
3.900e+000	5.3574e-006	-8.8001e+013	-8.7667e+013	8.7667e+013	5.2500e-015
3.910e+000	5.3600e-006	-8.8336e+013	-8.8001e+013	8.8001e+013	5.2500e-015
3.920e+000	5.3626e-006	-8.8670e+013	-8.8336e+013	8.8336e+013	5.2500e-015
3.930e+000	5.3651e-006	-8.9005e+013	-8.8670e+013	8.8670e+013	5.2500e-015
3.940e+000	5.3677e-006	-8.9340e+013	-8.9005e+013	8.9005e+013	5.2500e-015
3.950e+000	5.3702e-006	-8.9675e+013	-8.9340e+013	8.9340e+013	5.2500e-015
3.960e+000	5.3727e-006	-9.0011e+013	-8.9675e+013	8.9675e+013	5.2500e-015
3.970e+000	5.3753e-006	-9.0346e+013	-9.0011e+013	9.0011e+013	5.2500e-015
3.980e+000	5.3778e-006	-9.0682e+013	-9.0346e+013	9.0346e+013	5.2500e-015
3.990e+000	5.3802e-006	-9.1018e+013	-9.0682e+013	9.0682e+013	5.2500e-015
4.000e+000	5.3827e-006	-9.1354e+013	-9.1018e+013	9.1018e+013	5.2500e-015
4.010e+000	5.3852e-006	-9.1690e+013	-9.1354e+013	9.1354e+013	5.2500e-015
4.020e+000	5.3876e-006	-9.2026e+013	-9.1690e+013	9.1690e+013	5.2500e-015
4.030e+000	5.3901e-006	-9.2362e+013	-9.2026e+013	9.2026e+013	5.2500e-015
4.040e+000	5.3925e-006	-9.2699e+013	-9.2362e+013	9.2362e+013	5.2500e-015
4.050e+000	5.3949e-006	-9.3036e+013	-9.2699e+013	9.2699e+013	5.2500e-015
4.060e+000	5.3974e-006	-9.3373e+013	-9.3036e+013	9.3036e+013	5.2500e-015
4.070e+000	5.3998e-006	-9.3710e+013	-9.3373e+013	9.3373e+013	5.2500e-015
4.080e+000	5.4022e-006	-9.4047e+013	-9.3710e+013	9.3710e+013	5.2500e-015
4.090e+000	5.4045e-006	-9.4384e+013	-9.4047e+013	9.4047e+013	5.2500e-015
4.100e+000	5.4069e-006	-9.4722e+013	-9.4384e+013	9.4384e+013	5.2500e-015
4.110e+000	5.4093e-006	-9.5059e+013	-9.4722e+013	9.4722e+013	5.2500e-015
4.120e+000	5.4116e-006	-9.5397e+013	-9.5059e+013	9.5059e+013	5.2500e-015
4.130e+000	5.4140e-006	-9.5735e+013	-9.5397e+013	9.5397e+013	5.2500e-015
4.140e+000	5.4163e-006	-9.6073e+013	-9.5735e+013	9.5735e+013	5.2500e-015
4.150e+000	5.4186e-006	-9.6411e+013	-9.6073e+013	9.6073e+013	5.2500e-015
4.160e+000	5.4209e-006	-9.6750e+013	-9.6411e+013	9.6411e+013	5.2500e-015
4.170e+000	5.4233e-006	-9.7088e+013	-9.6750e+013	9.6750e+013	5.2500e-015
4.180e+000	5.4256e-006	-9.7427e+013	-9.7088e+013	9.7088e+013	5.2500e-015
4.190e+000	5.4278e-006	-9.7765e+013	-9.7427e+013	9.7427e+013	5.2500e-015
4.200e+000	5.4301e-006	-9.8104e+013	-9.7765e+013	9.7765e+013	5.2500e-015
4.210e+000	5.4324e-006	-9.8443e+013	-9.8104e+013	9.8104e+013	5.2500e-015
4.220e+000	5.4346e-006	-9.8783e+013	-9.8443e+013	9.8443e+013	5.2500e-015
4.230e+000	5.4369e-006	-9.9122e+013	-9.8783e+013	9.8783e+013	5.2500e-015
4.240e+000	5.4391e-006	-9.9461e+013	-9.9122e+013	9.9122e+013	5.2500e-015
4.250e+000	5.4414e-006	-9.9801e+013	-9.9461e+013	9.9461e+013	5.2500e-015
4.260e+000	5.4436e-006	-1.0014e+014	-9.9801e+013	9.9801e+013	5.2500e-015
4.270e+000	5.4458e-006	-1.0048e+014	-1.0014e+014	1.0014e+014	5.2500e-015
4.280e+000	5.4480e-006	-1.0082e+014	-1.0048e+014	1.0048e+014	5.2500e-015
4.290e+000	5.4502e-006	-1.0116e+014	-1.0082e+014	1.0082e+014	5.2500e-015
4.300e+000	5.4524e-006	-1.0150e+014	-1.0116e+014	1.0116e+014	5.2500e-015
4.310e+000	5.4546e-006	-1.0184e+014	-1.0150e+014	1.0150e+014	5.2500e-015
4.320e+000	5.4568e-006	-1.0218e+014	-1.0184e+014	1.0184e+014	5.2500e-015
4.330e+000	5.4589e-006	-1.0252e+014	-1.0218e+014	1.0218e+014	5.2500e-015
4.340e+000	5.4611e-006	-1.0286e+014	-1.0252e+014	1.0252e+014	5.2500e-015
4.350e+000	5.4632e-006	-1.0320e+014	-1.0286e+014	1.0286e+014	5.2500e-015
4.360e+000	5.4654e-006	-1.0355e+014	-1.0320e+014	1.0320e+014	5.2500e-015
4.370e+000	5.4675e-006	-1.0389e+014	-1.0355e+014	1.0355e+014	5.2500e-015
4.380e+000	5.4696e-006	-1.0423e+014	-1.0389e+014	1.0389e+014	5.2500e-015
4.390e+000	5.4717e-006	-1.0457e+014	-1.0423e+014	1.0423e+014	5.2500e-015
4.400e+000	5.4738e-006	-1.0491e+014	-1.0457e+014	1.0457e+014	5.2500e-015
4.410e+000	5.4759e-006	-1.0525e+014	-1.0491e+014	1.0491e+014	5.2500e-015
4.420e+000	5.4780e-006	-1.0560e+014	-1.0525e+014	1.0525e+014	5.2500e-015
4.430e+000	5.4801e-006	-1.0594e+014	-1.0560e+014	1.0560e+014	5.2500e-015
4.440e+000	5.4822e-006	-1.0628e+014	-1.0594e+014	1.0594e+014	5.2500e-015
4.450e+000	5.4842e-006	-1.0662e+014	-1.0628e+014	1.0628e+014	5.2500e-015
4.460e+000	5.4863e-006	-1.0696e+014	-1.0662e+014	1.0662e+014	5.2500e-015
4.470e+000	5.4884e-006	-1.0731e+014	-1.0696e+014	1.0696e+014	5.2500e-015
4.480e+000	5.4904e-006	-1.0765e+014	-1.0731e+014	1.0731e+014	5.2500e-015
4.490e+000	5.4924e-006	-1.0799e+014	-1.0765e+014	1.0765e+014	5.2500e-015
4.500e+000	5.4945e-006	-1.0834e+014	-1.0799e+014	1.0799e+014	5.2500e-015
4.510e+000	5.4965e-006	-1.0868e+014	-1.0834e+014	1.0834e+014	5.2500e-015
4.520e+000	5.4985e-006	-1.0902e+014	-1.0868e+014	1.0868e+014	5.2500e-015
4.530e+000	5.5005e-006	-1.0936e+014	-1.0902e+014	1.0902e+014	5.2500e-015
4.540e+000	5.5025e-006	-1.0971e+014	-1.0936e+014	1.0936e+014	5.2500e-015
4.550e+000	5.5045e-006	-1.1005e+014	-1.0971e+014	1.0971e+014	5.2500e-015
4.560e+000	5.5065e-006	-1.1040e+014	-1.1005e+014	1.1005e+014	5.2500e-015
4.570e+000	5.5085e-006	-1.1074e+014	-1.1040e+014	1.1040e+014	5.2500e-015
4.580e+000	5.5104e-006	-1.1108e+014	-1.1074e+014	1.1074e+014	5.2500e-015
4.590e+000	5.5124e-006	-1.1143e+014	-1.1108e+014	1.1108e+014	5.2500e-015
4.600e+000	5.5144e-006	-1.1177e+014	-1.1143e+014	1.1143e+014	5.2500e-015
4.610e+000	5.5163e-006	-1.1212e+014	-1.1177e+014	1.1177e+014	5.2500e-015
4.620e+000	5.5183e-006	-1.1246e+014	-1.1212e+014	1.1212e+014	5.2500e-015
4.630e+000	5.5202e-006	-1.1280e+014	-1.1246e+014	1.1246e+014	5.2500e-015
4.640e+000	5.5221e-006	-1.1315e+014	-1.1280e+014	1.1280e+014	5.2500e-015
4.650e+000	5.5241e-006	-1.1349e+014	-1.1315e+014	1.1315e+014	5.2500e-015
4.660e+000	5.5260e-006	-1.1384e+014	-1.1349e+014	1.1349e+014	5.2500e-015
4.670e+000	5.5279e-006	-1.1418e+014	-1.1384e+014	1.1384e+014	5.2500e-015
4.680e+000	5.5298e-006	-1.1453e+014	-1.1418e+014	1.1418e+014	5.2500e-015
4.690e+000	5.5317e-006	-1.1487e+014	-1.1453e+014	1.1453e+014	5.2500e-015
4.700e+000	5.5336e-006	-1.1522e+014	-1.1487e+014	1.1487e+014	5.2500e-015
4.710e+000	5.5355e-006	-1.1557e+014	-1.1522e+014	1.1522e+014	5.2500e-015
4.720e+000	5.5373e-006	-1.1591e+014	-1.1557e+014	1.1557e+014	5.2500e-015
4.730e+000	5.5392e-006	-1.1626e+014	-1.1591e+014	1.1591e+014	5.2500e-015
4.740e+000	5.5411e-006	-1.1660e+014	-1.1626e+014	1.1626e+014	5.2500e-015
4.750e+000	5.5429e-006	-1.1695e+014	-1.1660e+014	1.1660e+014	5.2500e-015
4.760e+000	5.5448e-006	-1.1729e+014	-1.1695e+014	1.1695e+014	5.2500e-015
4.770e+000	5.5466e-006	-1.1764e+014	-1.1729e+014	1.1729e+014	5.2500e-015
4.780e+000	5.5485e-006	-1.1799e+014	-1.1764e+014	1.1764e+014	5.2500e-015
4.790e+000	5.5503e-006	-1.1833e+014	-1.1799e+014	1.1799e+014	5.2500e-015
4.800e+000	5.5521e-006	-1.1868e+014	-1.1833e+014	1.1833e+014	5.2500e-015
4.810e+000	5.5540e-006	-1.1903e+014	-1.1868e+014	1.1868e+014	5.2500e-015
4.820e+000	5.5558e-006	-1.1937e+014	-1.1903e+014	1.1903e+014	5.2500e-015
4.830e+000	5.5576e-006	-1.1972e+014	-1.1937e+014	1.1937e+014	5.2500e-015
4.840e+000	5.5594e-006	-1.2007e+014	-1.1972e+014	1.1972e+014	5.2500e-015
4.850e+000	5.5612e-006	-1.2041e+014	-1.2007e+014	1.2007e+014	5.2500e-015
4.860e+000	5.5630e-006	-1.2076e+014	-1.2041e+014	1.2041e+014	5.2500e-015
4.870e+000	5.5648e-006	-1.2111e+014	-1.2076e+014	1.2076e+014	5.2500e-015
4.880e+000	5.5666e-006	-1.2146e+014	-1.2111e+014	1.2111e+014	5.2500e-015
4.890e+000	5.5683e-006	-1.2180e+014	-1.2146e+014	1.2146e+014	5.2500e-015
4.900e+000	5.5701e-006	-1.2215e+014	-1.2180e+014	1.2180e+014	5.2500e-015
4.910e+000	5.5719e-006	-1.2250e+014	-1.2215e+014	1.2215e+014	5.2500e-015
4.920e+000	5.5736e-006	-1.2285e+014	-1.2250e+014	1.2250e+014	5.2500e-015
4.930e+000	5.5754e-006	-1.2320e+014	-1.2285e+014	1.2285e+014	5.2500e-015
4.940e+000	5.5771e-006	-1.2354e+014	-1.2320e+014	1.2320e+014	5.2500e-015
4.950e+000	5.5789e-006	-1.2389e+014	-1.2354e+014	1.2354e+014	5.2500e-015
4.960e+000	5.5806e-006	-1.2424e+014	-1.2389e+014	1.2389e+014	5.2500e-015
4.970e+000	5.5823e-006	-1.2459e+014	-1.2424e+014	1.2424e+014	5.2500e-015
4.980e+000	5.5841e-006	-1.2494e+014	-1.2459e+014	1.2459e+014	5.2500e-015
4.990e+000	5.5858e-006	-1.2529e+014	-1.2494e+014	1.2494e+014	5.2500e-015
5.000e+000	5.5875e-006	-1.2563e+014	-1.2529e+014	1.2529e+014	5.2500e-015
5.010e+000	5.5892e-006	-1.2598e+014	-1.2563e+014	1.2563e+014	5.2500e-015
5.020e+000	5.5909e-006	-1.2633e+014	-1.2598e+014	1.2598e+014	5.2500e-015
5.030e+000	5.5926e-006	-1.2668e+014	-1.2633e+014	1.2633e+014	5.2500e-015
5.040e+000	5.5943e-006	-1.2703e+014	-1.2668e+014	1.2668e+014	5.2500e-015
5.050e+000	5.5960e-006	-1.2738e+014	-1.2703e+014	1.2703e+014	5.2500e-015
5.060e+000	5.5977e-006	-1.2773e+014	-1.2738e+014	1.2738e+014	5.2500e-015
5.070e+000	5.5993e-006	-1.2808e+014	-1.2773e+014	1.2773e+014	5.2500e-015
5.080e+000	5.6010e-006	-1.2843e+014	-1.2808e+014	1.2808e+014	5.2500e-015
5.090e+000	5.6027e-006	-1.2878e+014	-1.2843e+014	1.2843e+014	5.2500e-015
5.100e+000	5.6043e-006	-1.2913e+014	-1.2878e+014	1.2878e+014	5.2500e-015
5.110e+000	5.6060e-006	-1.2948e+014	-1.2913e+014	1.2913e+014	5.2500e-015
5.120e+000	5.6076e-006	-1.2983e+014	-1.2948e+014	1.2948e+014	5.2500e-015
5.130e+000	5.6093e-006	-1.3018e+014	-1.2983e+014	1.2983e+014	5.2500e-015
5.140e+000	5.6109e-006	-1.3053e+014	-1.3018e+014	1.3018e+014	5.2500e-015
5.150e+000	5.6126e-006	-1.3088e+014	-1.3053e+014	1.3053e+014	5.2500e-015
5.160e+000	5.6142e-006	-1.3123e+014	-1.3088e+014	1.3088e+014	5.2500e-015
5.170e+000	5.6158e-006	-1.3158e+014	-1.3123e+014	1.3123e+014	5.2500e-015
5.180e+000	5.6175e-006	-1.3193e+014	-1.3158e+014	1.3158e+014	5.2500e-015
5.190e+000	5.6191e-006	-1.3228e+014	-1.3193e+014	1.3193e+014	5.2500e-015
5.200e+000	5.6207e-006	-1.3263e+014	-1.3228e+014	1.3228e+014	5.2500e-015
5.210e+000	5.6223e-006	-1.3298e+014	-1.3263e+014	1.3263e+014	5.2500e-015
5.220e+000	5.6239e-006	-1.3333e+014	-1.3298e+014	1.3298e+014	5.2500e-015
5.230e+000	5.6255e-006	-1.3368e+014	-1.3333e+014	1.3333e+014	5.2500e-015
5.240e+000	5.6271e-006	-1.3404e+014	-1.3368e+014	1.3368e+014	5.2500e-015
5.250e+000	5.6287e-006	-1.3439e+014	-1.3404e+014	1.3404e+014	5.2500e-015
5.260e+000	5.6303e-006	-1.3474e+014	-1.3439e+014	1.3439e+014	5.2500e-015
5.270e+000	5.6318e-006	-1.3509e+014	-1.3474e+014	1.3474e+014	5.2500e-015
5.280e+000	5.6334e-006	-1.3544e+014	-1.3509e+014	1.3509e+014	5.2500e-015
5.290e+000	5.6350e-006	-1.3579e+014	-1.3544e+014	1.3544e+014	5.2500e-015
5.300e+000	5.6366e-006	-1.3614e+014	-1.3579e+014	1.3579e+014	5.2500e-015
5.310e+000	5.6381e-006	-1.3650e+014	-1.3614e+014	1.3614e+014	5.2500e-015
5.320e+000	5.6397e-006	-1.3685e+014	-1.3650e+014	1.3650e+014	5.2500e-015
5.330e+000	5.6412e-006	-1.3720e+014	-1.3685e+014	1.3685e+014	5.2500e-015
5.340e+000	5.6428e-006	-1.3755e+014	-1.3720e+014	1.3720e+014	5.2500e-015
5.350e+000	5.6443e-006	-1.3791e+014	-1.3755e+014	1.3755e+014	5.2500e-015
5.360e+000	5.6459e-006	-1.3826e+014	-1.3791e+014	1.3791e+014	5.2500e-015
5.370e+000	5.6474e-006	-1.3861e+014	-1.3826e+014	1.3826e+014	5.2500e-015
5.380e+000	5.6489e-006	-1.3896e+014	-1.3861e+014	1.3861e+014	5.2500e-015
5.390e+000	5.6504e-006	-1.3932e+014	-1.3896e+014	1.3896e+014	5.2500e-015
5.400e+000	5.6520e-006	-1.3967e+014	-1.3932e+014	1.3932e+014	5.2500e-015
5.410e+000	5.6535e-006	-1.4002e+014	-1.3967e+014	1.3967e+014	5.2500e-015
5.420e+000	5.6550e-006	-1.4037e+014	-1.4002e+014	1.4002e+014	5.2500e-015
5.430e+000	5.6565e-006	-1.4073e+014	-1.4037e+014	1.4037e+014	5.2500e-015
5.440e+000	5.6580e-006	-1.4108e+014	-1.4073e+014	1.4073e+014	5.2500e-015
5.450e+000	5.6595e-006	-1.4143e+014	-1.4108e+014	1.4108e+014	5.2500e-015
5.460e+000	5.6610e-006	-1.4179e+014	-1.4143e+014	1.4143e+014	5.2500e-015
5.470e+000	5.6625e-006	-1.4214e+014	-1.4179e+014	1.4179e+014	5.2500e-015
5.480e+000	5.6640e-006	-1.4249e+014	-1.4214e+014	1.4214e+014	5.2500e-015
5.490e+000	5.6655e-006	-1.4285e+014	-1.4249e+014	1.4249e+014	5.2500e-015
5.500e+000	5.6670e-006	-1.4320e+014	-1.4285e+014	1.4285e+014	5.2500e-015
5.510e+000	5.6684e-006	-1.4355e+014	-1.4320e+014	1.4320e+014	5.2500e-015
5.520e+000	5.6699e-006	-1.4391e+014	-1.4355e+014	1.4355e+014	5.2500e-015
5.530e+000	5.6714e-006	-1.4426e+014	-1.4391e+014	1.4391e+014	5.2500e-015
5.540e+000	5.6728e-006	-1.4462e+014	-1.4426e+014	1.4426e+014	5.2500e-015
5.550e+000	5.6743e-006	-1.4497e+014	-1.4462e+014	1.4462e+014	5.2500e-015
5.560e+000	5.6757e-006	-1.4533e+014	-1.4497e+014	1.4497e+014	5.2500e-015
5.570e+000	5.6772e-006	-1.4568e+014	-1.4533e+014	1.4533e+014	5.2500e-015
5.580e+000	5.6786e-006	-1.4603e+014	-1.4568e+014	1.4568e+014	5.2500e-015
5.590e+000	5.6801e-006	-1.4639e+014	-1.4603e+014	1.4603e+014	5.2500e-015
5.600e+000	5.6815e-006	-1.4674e+014	-1.4639e+014	1.4639e+014	5.2500e-015
5.610e+000	5.6830e-006	-1.4710e+014	-1.4674e+014	1.4674e+014	5.2500e-015
5.620e+000	5.6844e-006	-1.4745e+014	-1.4710e+014	1.4710e+014	5.2500e-015
5.630e+000	5.6858e-006	-1.4781e+014	-1.4745e+014	1.4745e+014	5.2500e-015
5.640e+000	5.6873e-006	-1.4816e+014	-1.4781e+014	1.4781e+014	5.2500e-015
5.650e+000	5.6887e-006	-1.4852e+014	-1.4816e+014	1.4816e+014	5.2500e-015
5.660e+000	5.6901e-006	-1.4887e+014	-1.4852e+014	1.4852e+014	5.2500e-015
5.670e+000	5.6915e-006	-1.4923e+014	-1.4887e+014	1.4887e+014	5.2500e-015
5.680e+000	5.6929e-006	-1.4958e+014	-1.4923e+014	1.4923e+014	5.2500e-015
5.690e+000	5.6943e-006	-1.4994e+014	-1.4958e+014	1.4958e+014	5.2500e-015
5.700e+000	5.6957e-006	-1.5029e+014	-1.4994e+014	1.4994e+014	5.2500e-015
5.710e+000	5.6971e-006	-1.5065e+014	-1.5029e+014	1.5029e+014	5.2500e-015
5.720e+000	5.6985e-006	-1.5101e+014	-1.5065e+014	1.5065e+014	5.2500e-015
5.730e+000	5.6999e-006	-1.5136e+014	-1.5101e+014	1.5101e+014	5.2500e-015
5.740e+000	5.7013e-006	-1.5172e+014	-1.5136e+014	1.5136e+014	5.2500e-015
5.750e+000	5.7027e-006	-1.5207e+014	-1.5172e+014	1.5172e+014	5.2500e-015
5.760e+000	5.7041e-006	-1.5243e+014	-1.5207e+014	1.5207e+014	5.2500e-015
5.770e+000	5.7054e-006	-1.5279e+014	-1.5243e+014	1.5243e+014	5.2500e-015
5.780e+000	5.7068e-006	-1.5314e+014	-1.5279e+014	1.5278e+014	5.2500e-015
5.790e+000	5.7082e-006	-1.5350e+014	-1.5314e+014	1.5314e+014	5.2500e-015
5.800e+000	5.7095e-006	-1.5385e+014	-1.5350e+014	1.5350e+014	5.2500e-015
5.810e+000	5.7109e-006	-1.5421e+014	-1.5385e+014	1.5385e+014	5.2500e-015
5.820e+000	5.7123e-006	-1.5457e+014	-1.5421e+014	1.5421e+014	5.2500e-015
5.830e+000	5.7136e-006	-1.5492e+014	-1.5457e+014	1.5457e+014	5.2500e-015
5.840e+000	5.7150e-006	-1.5528e+014	-1.5492e+014	1.5492e+014	5.2500e-015
5.850e+000	5.7163e-006	-1.5564e+014	-1.5528e+014	1.5528e+014	5.2500e-015
5.860e+000	5.7177e-006	-1.5599e+014	-1.5564e+014	1.5564e+014	5.2500e-015
5.870e+000	5.7190e-006	-1.5635e+014	-1.5599e+014	1.5599e+014	5.2500e-015
5.880e+000	5.7204e-006	-1.5671e+014	-1.5635e+014	1.5635e+014	5.2500e-015
5.890e+000	5.7217e-006	-1.5706e+014	-1.5671e+014	1.5671e+014	5.2500e-015
5.900e+000	5.7230e-006	-1.5742e+014	-1.5706e+014	1.5706e+014	5.2500e-015
5.910e+000	5.7244e-006	-1.5778e+014	-1.5742e+014	1.5742e+014	5.2500e-015
5.920e+000	5.7257e-006	-1.5814e+014	-1.5778e+014	1.5778e+014	5.2500e-015
5.930e+000	5.7270e-006	-1.5849e+014	-1.5814e+014	1.5814e+014	5.2500e-015
5.940e+000	5.7283e-006	-1.5885e+014	-1.5849e+014	1.5849e+014	5.2500e-015
5.950e+000	5.7296e-006	-1.5921e+014	-1.5885e+014	1.5885e+014	5.2500e-015
5.960e+000	5.7309e-006	-1.5957e+014	-1.5921e+014	1.5921e+014	5.2500e-015
5.970e+000	5.7323e-006	-1.5992e+014	-1.5957e+014	1.5957e+014	5.2500e-015
5.980e+000	5.7336e-006	-1.6028e+014	-1.5992e+014	1.5992e+014	5.2500e-015
5.990e+000	5.7349e-006	-1.6064e+014	-1.6028e+014	1.6028e+014	5.2500e-015
6.000e+000	5.7362e-006	-1.6100e+014	-1.6064e+014	1.6064e+014	5.2500e-015
6.010e+000	5.7375e-006	-1.6136e+014	-1.6100e+014	1.6100e+014	5.2500e-015
6.020e+000	5.7388e-006	-1.6171e+014	-1.6136e+014	1.6136e+014	5.2500e-015
6.030e+000	5.7400e-006	-1.6207e+014	-1.6171e+014	1.6171e+014	5.2500e-015
6.040e+000	5.7413e-006	-1.6243e+014	-1.6207e+014	1.6207e+014	5.2500e-015
6.050e+000	5.7426e-006	-1.6279e+014	-1.6243e+014	1.6243e+014	5.2500e-015
6.060e+000	5.7439e-006	-1.6315e+014	-1.6279e+014	1.6279e+014	5.2500e-015
6.070e+000	5.7452e-006	-1.6351e+014	-1.6315e+014	1.6315e+014	5.2500e-015
6.080e+000	5.7464e-006	-1.6387e+014	-1.6351e+014	1.6351e+014	5.2500e-015
6.090e+000	5.7477e-006	-1.6422e+014	-1.6387e+014	1.6387e+014	5.2500e-015
6.100e+000	5.7490e-006	-1.6458e+014	-1.6422e+014	1.6422e+014	5.2500e-015
6.110e+000	5.7502e-006	-1.6494e+014	-1.6458e+014	1.6458e+014	5.2500e-015
6.120e+000	5.7515e-006	-1.6530e+014	-1.6494e+014	1.6494e+014	5.2500e-015
6.130e+000	5.7528e-006	-1.6566e+014	-1.6530e+014	1.6530e+014	5.2500e-015
6.140e+000	5.7540e-006	-1.6602e+014	-1.6566e+014	1.6566e+014	5.2500e-015
6.150e+000	5.7553e-006	-1.6638e+014	-1.6602e+014	1.6602e+014	5.2500e-015
6.160e+000	5.7565e-006	-1.6674e+014	-1.6638e+014	1.6638e+014	5.2500e-015
6.170e+000	5.7578e-006	-1.6710e+014	-1.6674e+014	1.6674e+014	5.2500e-015
6.180e+000	5.7590e-006	-1.6746e+014	-1.6710e+014	1.6710e+014	5.2500e-015
6.190e+000	5.7603e-006	-1.6782e+014	-1.6746e+014	1.6746e+014	5.2500e-015
6.200e+000	5.7615e-006	-1.6818e+014	-1.6782e+014	1.6782e+014	5.2500e-015
6.210e+000	5.7627e-006	-1.6854e+014	-1.6818e+014	1.6818e+014	5.2500e-015
6.220e+000	5.7640e-006	-1.6890e+014	-1.6854e+014	1.6854e+014	5.2500e-015
6.230e+000	5.7652e-006	-1.6926e+014	-1.6890e+014	1.6890e+014	5.2500e-015
6.240e+000	5.7664e-006	-1.6962e+014	-1.6926e+014	1.6926e+014	5.2500e-015
6.250e+000	5.7676e-006	-1.6998e+014	-1.6962e+014	1.6961e+014	5.2500e-015
6.260e+000	5.7689e-006	-1.7034e+014	-1.6998e+014	1.6997e+014	5.2500e-015
6.270e+000	5.7701e-006	-1.7070e+014	-1.7034e+014	1.7034e+014	5.2500e-015
6.280e+000	5.7713e-006	-1.7106e+014	-1.7070e+014	1.7070e+014	5.2500e-015
6.290e+000	5.7725e-006	-1.7142e+014	-1.7106e+014	1.7106e+014	5.2500e-015
6.300e+000	5.7737e-006	-1.7178e+014	-1.7142e+014	1.7142e+014	5.2500e-015
6.310e+000	5.7749e-006	-1.7214e+014	-1.7178e+014	1.7178e+014	5.2500e-015
6.320e+000	5.7761e-006	-1.7250e+014	-1.7214e+014	1.7214e+014	5.2500e-015
6.330e+000	5.7773e-006	-1.7286e+014	-1.7250e+014	1.7250e+014	5.2500e-015
6.340e+000	5.7785e-006	-1.7322e+014	-1.7286e+014	1.7286e+014	5.2500e-015
6.350e+000	5.7797e-006	-1.7358e+014	-1.7322e+014	1.7322e+014	5.2500e-015
6.360e+000	5.7809e-006	-1.7394e+014	-1.7358e+014	1.7358e+014	5.2500e-015
6.370e+000	5.7821e-006	-1.7430e+014	-1.7394e+014	1.7394e+014	5.2500e-015
6.380e+000	5.7833e-006	-1.7466e+014	-1.7430e+014	1.7430e+014	5.2500e-015
6.390e+000	5.7845e-006	-1.7502e+014	-1.7466e+014	1.7466e+014	5.2500e-015
6.400e+000	5.7857e-006	-1.7538e+014	-1.7502e+014	1.7502e+014	5.2500e-015
6.410e+000	5.7869e-006	-1.7575e+014	-1.7538e+014	1.7538e+014	5.2500e-015
6.420e+000	5.7880e-006	-1.7611e+014	-1.7575e+014	1.7575e+014	5.2500e-015
6.430e+000	5.7892e-006	-1.7647e+014	-1.7611e+014	1.7611e+014	5.2500e-015
6.440e+000	5.7904e-006	-1.7683e+014	-1.7647e+014	1.7647e+014	5.2500e-015
6.450e+000	5.7915e-006	-1.7719e+014	-1.7683e+014	1.7683e+014	5.2500e-015
6.460e+000	5.7927e-006	-1.7755e+014	-1.7719e+014	1.7719e+014	5.2500e-015
6.470e+000	5.7939e-006	-1.7791e+014	-1.7755e+014	1.7755e+014	5.2500e-015
6.480e+000	5.7950e-006	-1.7828e+014	-1.7791e+014	1.7791e+014	5.2500e-015
6.490e+000	5.7962e-006	-1.7864e+014	-1.7828e+014	1.7828e+014	5.2500e-015
6.500e+000	5.7974e-006	-1.7900e+014	-1.7864e+014	1.7864e+014	5.2500e-015
6.510e+000	5.7985e-006	-1.7936e+014	-1.7900e+014	1.7900e+014	5.2500e-015
6.520e+000	5.7997e-006	-1.7972e+014	-1.7936e+014	1.7936e+014	5.2500e-015
6.530e+000	5.8008e-006	-1.8008e+014	-1.7972e+014	1.7972e+014	5.2500e-015
6.540e+000	5.8020e-006	-1.8045e+014	-1.8008e+014	1.8008e+014	5.2500e-015
6.550e+000	5.8031e-006	-1.8081e+014	-1.8045e+014	1.8045e+014	5.2500e-015
6.560e+000	5.8042e-006	-1.8117e+014	-1.8081e+014	1.8081e+014	5.2500e-015
6.570e+000	5.8054e-006	-1.8153e+014	-1.8117e+014	1.8117e+014	5.2500e-015
6.580e+000	5.8065e-006	-1.8190e+014	-1.8153e+014	1.8153e+014	5.2500e-015
6.590e+000	5.8076e-006	-1.8226e+014	-1.8190e+014	1.8190e+014	5.2500e-015
6.600e+000	5.8088e-006	-1.8262e+014	-1.8226e+014	1.8226e+014	5.2500e-015
6.610e+000	5.8099e-006	-1.8298e+014	-1.8262e+014	1.8262e+014	5.2500e-015
6.620e+000	5.8110e-006	-1.8335e+014	-1.8298e+014	1.8298e+014	5.2500e-015
6.630e+000	5.8122e-006	-1.8371e+014	-1.8335e+014	1.8335e+014	5.2500e-015
6.640e+000	5.8133e-006	-1.8407e+014	-1.8371e+014	1.8371e+014	5.2500e-015
6.650e+000	5.8144e-006	-1.8444e+014	-1.8407e+014	1.8407e+014	5.2500e-015
6.660e+000	5.8155e-006	-1.8480e+014	-1.8444e+014	1.8444e+014	5.2500e-015
6.670e+000	5.8166e-006	-1.8516e+014	-1.8480e+014	1.8480e+014	5.2500e-015
6.680e+000	5.8177e-006	-1.8552e+014	-1.8516e+014	1.8516e+014	5.2500e-015
6.690e+000	5.8188e-006	-1.8589e+014	-1.8552e+014	1.8552e+014	5.2500e-015
6.700e+000	5.8200e-006	-1.8625e+014	-1.8589e+014	1.8589e+014	5.2500e-015
6.710e+000	5.8211e-006	-1.8661e+014	-1.8625e+014	1.8625e+014	5.2500e-015
6.720e+000	5.8222e-006	-1.8698e+014	-1.8661e+014	1.8661e+014	5.2500e-015
6.730e+000	5.8233e-006	-1.8734e+014	-1.8698e+014	1.8698e+014	5.2500e-015
6.740e+000	5.8244e-006	-1.8770e+014	-1.8734e+014	1.8734e+014	5.2500e-015
6.750e+000	5.8254e-006	-1.8807e+014	-1.8770e+014	1.8770e+014	5.2500e-015
6.760e+000	5.8265e-006	-1.8843e+014	-1.8807e+014	1.8807e+014	5.2500e-015
6.770e+000	5.8276e-006	-1.8880e+014	-1.8843e+014	1.8843e+014	5.2500e-015
6.780e+000	5.8287e-006	-1.8916e+014	-1.8880e+014	1.8880e+014	5.2500e-015
6.790e+000	5.8298e-006	-1.8952e+014	-1.8916e+014	1.8916e+014	5.2500e-015
6.800e+000	5.8309e-006	-1.8989e+014	-1.8952e+014	1.8952e+014	5.2500e-015
6.810e+000	5.8320e-006	-1.9025e+014	-1.8989e+014	1.8989e+014	5.2500e-015
6.820e+000	5.8331e-006	-1.9062e+014	-1.9025e+014	1.9025e+014	5.2500e-015
6.830e+000	5.8341e-006	-1.9098e+014	-1.9062e+014	1.9062e+014	5.2500e-015
6.840e+000	5.8352e-006	-1.9134e+014	-1.9098e+014	1.9098e+014	5.2500e-015
6.850e+000	5.8363e-006	-1.9171e+014	-1.9134e+014	1.9134e+014	5.2500e-015
6.860e+000	5.8373e-006	-1.9207e+014	-1.9171e+014	1.9171e+014	5.2500e-015
6.870e+000	5.8384e-006	-1.9244e+014	-1.9207e+014	1.9207e+014	5.2500e-015
6.880e+000	5.8395e-006	-1.9280e+014	-1.9244e+014	1.9244e+014	5.2500e-015
6.890e+000	5.8405e-006	-1.9317e+014	-1.9280e+014	1.9280e+014	5.2500e-015
6.900e+000	5.8416e-006	-1.9353e+014	-1.9317e+014	1.9317e+014	5.2500e-015
6.910e+000	5.8427e-006	-1.9389e+014	-1.9353e+014	1.9353e+014	5.2500e-015
6.920e+000	5.8437e-006	-1.9426e+014	-1.9389e+014	1.9389e+014	5.2500e-015
6.930e+000	5.8448e-006	-1.9462e+014	-1.9426e+014	1.9426e+014	5.2500e-015
6.940e+000	5.8458e-006	-1.9499e+014	-1.9462e+014	1.9462e+014	5.2500e-015
6.950e+000	5.8469e-006	-1.9535e+014	-1.9499e+014	1.9499e+014	5.2500e-015
6.960e+000	5.8479e-006	-1.9572e+014	-1.9535e+014	1.9535e+014	5.2500e-015
6.970e+000	5.8490e-006	-1.9608e+014	-1.9572e+014	1.9572e+014	5.2500e-015
6.980e+000	5.8500e-006	-1.9645e+014	-1.9608e+014	1.9608e+014	5.2500e-015
6.990e+000	5.8511e-006	-1.9681e+014	-1.9645e+014	1.9645e+014	5.2500e-015
7.000e+000	5.8521e-006	-1.9718e+014	-1.9681e+014	1.9681e+014	5.2500e-015
