V	C (Fcm-2)	Initcharge (cm-2)	Finalcharge (cm-2)	ns Total (cm-2)	ps Total (cm-2)
-7.000e+000	4.8034e-017	-9.3477e+000	-6.3496e+000	6.3476e+000	5.2500e-015
-6.990e+000	4.8034e-017	-9.3477e+000	-6.3496e+000	6.3476e+000	5.2500e-015
-6.980e+000	4.8034e-017	-9.3477e+000	-6.3496e+000	6.3476e+000	5.2500e-015
-6.970e+000	4.8034e-017	-9.3477e+000	-6.3496e+000	6.3476e+000	5.2500e-015
-6.960e+000	4.8034e-017	-9.3477e+000	-6.3496e+000	6.3476e+000	5.2500e-015
-6.950e+000	4.8034e-017	-9.3477e+000	-6.3496e+000	6.3476e+000	5.2500e-015
-6.940e+000	4.8034e-017	-9.3477e+000	-6.3496e+000	6.3476e+000	5.2500e-015
-6.930e+000	4.8034e-017	-9.3477e+000	-6.3496e+000	6.3476e+000	5.2500e-015
-6.920e+000	4.8034e-017	-9.3477e+000	-6.3496e+000	6.3476e+000	5.2500e-015
-6.910e+000	4.8034e-017	-9.3477e+000	-6.3496e+000	6.3476e+000	5.2500e-015
-6.900e+000	4.8034e-017	-9.3477e+000	-6.3496e+000	6.3476e+000	5.2500e-015
-6.890e+000	4.8034e-017	-9.3477e+000	-6.3496e+000	6.3476e+000	5.2500e-015
-6.880e+000	4.8034e-017	-9.3477e+000	-6.3496e+000	6.3476e+000	5.2500e-015
-6.870e+000	4.8034e-017	-9.3477e+000	-6.3496e+000	6.3476e+000	5.2500e-015
-6.860e+000	4.8034e-017	-9.3477e+000	-6.3496e+000	6.3476e+000	5.2500e-015
-6.850e+000	4.8034e-017	-9.3477e+000	-6.3496e+000	6.3476e+000	5.2500e-015
-6.840e+000	4.8034e-017	-9.3477e+000	-6.3496e+000	6.3476e+000	5.2500e-015
-6.830e+000	4.8034e-017	-9.3477e+000	-6.3496e+000	6.3476e+000	5.2500e-015
-6.820e+000	4.8034e-017	-9.3477e+000	-6.3496e+000	6.3476e+000	5.2500e-015
-6.810e+000	4.8034e-017	-9.3477e+000	-6.3496e+000	6.3476e+000	5.2500e-015
-6.800e+000	4.8034e-017	-9.3477e+000	-6.3496e+000	6.3476e+000	5.2500e-015
-6.790e+000	4.8034e-017	-9.3477e+000	-6.3496e+000	6.3476e+000	5.2500e-015
-6.780e+000	4.8034e-017	-9.3477e+000	-6.3496e+000	6.3476e+000	5.2500e-015
-6.770e+000	4.8034e-017	-9.3477e+000	-6.3496e+000	6.3476e+000	5.2500e-015
-6.760e+000	4.8034e-017	-9.3477e+000	-6.3496e+000	6.3476e+000	5.2500e-015
-6.750e+000	4.8034e-017	-9.3477e+000	-6.3496e+000	6.3476e+000	5.2500e-015
-6.740e+000	4.8034e-017	-9.3477e+000	-6.3496e+000	6.3476e+000	5.2500e-015
-6.730e+000	4.8034e-017	-9.3477e+000	-6.3496e+000	6.3476e+000	5.2500e-015
-6.720e+000	4.8034e-017	-9.3477e+000	-6.3496e+000	6.3476e+000	5.2500e-015
-6.710e+000	4.8034e-017	-9.3477e+000	-6.3496e+000	6.3476e+000	5.2500e-015
-6.700e+000	4.8034e-017	-9.3477e+000	-6.3496e+000	6.3476e+000	5.2500e-015
-6.690e+000	4.8034e-017	-9.3477e+000	-6.3496e+000	6.3476e+000	5.2500e-015
-6.680e+000	4.8034e-017	-9.3477e+000	-6.3496e+000	6.3476e+000	5.2500e-015
-6.670e+000	4.8034e-017	-9.3477e+000	-6.3496e+000	6.3476e+000	5.2500e-015
-6.660e+000	4.8034e-017	-9.3477e+000	-6.3496e+000	6.3476e+000	5.2500e-015
-6.650e+000	4.8034e-017	-9.3477e+000	-6.3496e+000	6.3476e+000	5.2500e-015
-6.640e+000	4.8034e-017	-9.3477e+000	-6.3496e+000	6.3476e+000	5.2500e-015
-6.630e+000	4.8034e-017	-9.3477e+000	-6.3496e+000	6.3476e+000	5.2500e-015
-6.620e+000	4.8034e-017	-9.3477e+000	-6.3496e+000	6.3476e+000	5.2500e-015
-6.610e+000	4.8034e-017	-9.3477e+000	-6.3496e+000	6.3476e+000	5.2500e-015
-6.600e+000	4.8034e-017	-9.3477e+000	-6.3496e+000	6.3476e+000	5.2500e-015
-6.590e+000	4.8034e-017	-9.3477e+000	-6.3496e+000	6.3476e+000	5.2500e-015
-6.580e+000	4.8034e-017	-9.3477e+000	-6.3496e+000	6.3476e+000	5.2500e-015
-6.570e+000	4.8034e-017	-9.3477e+000	-6.3496e+000	6.3476e+000	5.2500e-015
-6.560e+000	4.8034e-017	-9.3477e+000	-6.3496e+000	6.3476e+000	5.2500e-015
-6.550e+000	4.8034e-017	-9.3477e+000	-6.3496e+000	6.3476e+000	5.2500e-015
-6.540e+000	4.8034e-017	-9.3477e+000	-6.3496e+000	6.3476e+000	5.2500e-015
-6.530e+000	4.8034e-017	-9.3477e+000	-6.3496e+000	6.3476e+000	5.2500e-015
-6.520e+000	4.8034e-017	-9.3477e+000	-6.3496e+000	6.3476e+000	5.2500e-015
-6.510e+000	4.8034e-017	-9.3477e+000	-6.3496e+000	6.3476e+000	5.2500e-015
-6.500e+000	4.8034e-017	-9.3477e+000	-6.3496e+000	6.3476e+000	5.2500e-015
-6.490e+000	4.8034e-017	-9.3477e+000	-6.3496e+000	6.3476e+000	5.2500e-015
-6.480e+000	4.8034e-017	-9.3477e+000	-6.3496e+000	6.3476e+000	5.2500e-015
-6.470e+000	4.8034e-017	-9.3477e+000	-6.3496e+000	6.3476e+000	5.2500e-015
-6.460e+000	4.8034e-017	-9.3477e+000	-6.3496e+000	6.3476e+000	5.2500e-015
-6.450e+000	4.8034e-017	-9.3477e+000	-6.3496e+000	6.3476e+000	5.2500e-015
-6.440e+000	4.8034e-017	-9.3477e+000	-6.3496e+000	6.3476e+000	5.2500e-015
-6.430e+000	4.8034e-017	-9.3477e+000	-6.3496e+000	6.3476e+000	5.2500e-015
-6.420e+000	4.8034e-017	-9.3477e+000	-6.3496e+000	6.3476e+000	5.2500e-015
-6.410e+000	4.8034e-017	-9.3477e+000	-6.3496e+000	6.3476e+000	5.2500e-015
-6.400e+000	4.8034e-017	-9.3477e+000	-6.3496e+000	6.3476e+000	5.2500e-015
-6.390e+000	4.8034e-017	-9.3477e+000	-6.3496e+000	6.3476e+000	5.2500e-015
-6.380e+000	4.8034e-017	-9.3477e+000	-6.3496e+000	6.3476e+000	5.2500e-015
-6.370e+000	4.8034e-017	-9.3477e+000	-6.3496e+000	6.3476e+000	5.2500e-015
-6.360e+000	4.8034e-017	-9.3477e+000	-6.3496e+000	6.3476e+000	5.2500e-015
-6.350e+000	4.8034e-017	-9.3477e+000	-6.3496e+000	6.3476e+000	5.2500e-015
-6.340e+000	4.8034e-017	-9.3477e+000	-6.3496e+000	6.3476e+000	5.2500e-015
-6.330e+000	4.8034e-017	-9.3477e+000	-6.3496e+000	6.3476e+000	5.2500e-015
-6.320e+000	4.8034e-017	-9.3477e+000	-6.3496e+000	6.3476e+000	5.2500e-015
-6.310e+000	4.8034e-017	-9.3477e+000	-6.3496e+000	6.3476e+000	5.2500e-015
-6.300e+000	4.8034e-017	-9.3477e+000	-6.3496e+000	6.3476e+000	5.2500e-015
-6.290e+000	4.8034e-017	-9.3477e+000	-6.3496e+000	6.3476e+000	5.2500e-015
-6.280e+000	4.8034e-017	-9.3477e+000	-6.3496e+000	6.3476e+000	5.2500e-015
-6.270e+000	4.8034e-017	-9.3477e+000	-6.3496e+000	6.3476e+000	5.2500e-015
-6.260e+000	4.8034e-017	-9.3477e+000	-6.3496e+000	6.3476e+000	5.2500e-015
-6.250e+000	4.8034e-017	-9.3477e+000	-6.3496e+000	6.3476e+000	5.2500e-015
-6.240e+000	4.8034e-017	-9.3477e+000	-6.3496e+000	6.3476e+000	5.2500e-015
-6.230e+000	4.8034e-017	-9.3477e+000	-6.3496e+000	6.3476e+000	5.2500e-015
-6.220e+000	4.8034e-017	-9.3477e+000	-6.3496e+000	6.3476e+000	5.2500e-015
-6.210e+000	4.8034e-017	-9.3477e+000	-6.3496e+000	6.3476e+000	5.2500e-015
-6.200e+000	4.8034e-017	-9.3477e+000	-6.3496e+000	6.3476e+000	5.2500e-015
-6.190e+000	4.8034e-017	-9.3477e+000	-6.3496e+000	6.3476e+000	5.2500e-015
-6.180e+000	4.8034e-017	-9.3477e+000	-6.3496e+000	6.3476e+000	5.2500e-015
-6.170e+000	4.8034e-017	-9.3477e+000	-6.3496e+000	6.3476e+000	5.2500e-015
-6.160e+000	4.8034e-017	-9.3477e+000	-6.3496e+000	6.3476e+000	5.2500e-015
-6.150e+000	4.8034e-017	-9.3477e+000	-6.3496e+000	6.3476e+000	5.2500e-015
-6.140e+000	4.8034e-017	-9.3477e+000	-6.3496e+000	6.3476e+000	5.2500e-015
-6.130e+000	4.8034e-017	-9.3477e+000	-6.3496e+000	6.3476e+000	5.2500e-015
-6.120e+000	4.8034e-017	-9.3477e+000	-6.3496e+000	6.3476e+000	5.2500e-015
-6.110e+000	4.8034e-017	-9.3477e+000	-6.3496e+000	6.3476e+000	5.2500e-015
-6.100e+000	4.8034e-017	-9.3477e+000	-6.3496e+000	6.3476e+000	5.2500e-015
-6.090e+000	4.8034e-017	-9.3477e+000	-6.3496e+000	6.3476e+000	5.2500e-015
-6.080e+000	4.8034e-017	-9.3477e+000	-6.3496e+000	6.3476e+000	5.2500e-015
-6.070e+000	4.8034e-017	-9.3477e+000	-6.3496e+000	6.3476e+000	5.2500e-015
-6.060e+000	4.8034e-017	-9.3477e+000	-6.3496e+000	6.3476e+000	5.2500e-015
-6.050e+000	4.8034e-017	-9.3477e+000	-6.3496e+000	6.3476e+000	5.2500e-015
-6.040e+000	4.8034e-017	-9.3477e+000	-6.3496e+000	6.3476e+000	5.2500e-015
-6.030e+000	4.8034e-017	-9.3477e+000	-6.3496e+000	6.3476e+000	5.2500e-015
-6.020e+000	4.8034e-017	-9.3477e+000	-6.3496e+000	6.3476e+000	5.2500e-015
-6.010e+000	4.8034e-017	-9.3477e+000	-6.3496e+000	6.3476e+000	5.2500e-015
-6.000e+000	4.8034e-017	-9.3477e+000	-6.3496e+000	6.3476e+000	5.2500e-015
-5.990e+000	4.8034e-017	-9.3477e+000	-6.3496e+000	6.3476e+000	5.2500e-015
-5.980e+000	4.8034e-017	-9.3477e+000	-6.3496e+000	6.3476e+000	5.2500e-015
-5.970e+000	4.8034e-017	-9.3477e+000	-6.3496e+000	6.3476e+000	5.2500e-015
-5.960e+000	4.8034e-017	-9.3477e+000	-6.3496e+000	6.3476e+000	5.2500e-015
-5.950e+000	4.8034e-017	-9.3477e+000	-6.3496e+000	6.3476e+000	5.2500e-015
-5.940e+000	4.8034e-017	-9.3477e+000	-6.3496e+000	6.3476e+000	5.2500e-015
-5.930e+000	4.8034e-017	-9.3477e+000	-6.3496e+000	6.3476e+000	5.2500e-015
-5.920e+000	4.8034e-017	-9.3477e+000	-6.3496e+000	6.3476e+000	5.2500e-015
-5.910e+000	4.8034e-017	-9.3477e+000	-6.3496e+000	6.3476e+000	5.2500e-015
-5.900e+000	4.8034e-017	-9.3477e+000	-6.3496e+000	6.3476e+000	5.2500e-015
-5.890e+000	4.8034e-017	-9.3477e+000	-6.3496e+000	6.3476e+000	5.2500e-015
-5.880e+000	4.8034e-017	-9.3477e+000	-6.3496e+000	6.3476e+000	5.2500e-015
-5.870e+000	4.8034e-017	-9.3477e+000	-6.3496e+000	6.3476e+000	5.2500e-015
-5.860e+000	4.8034e-017	-9.3477e+000	-6.3496e+000	6.3476e+000	5.2500e-015
-5.850e+000	4.8034e-017	-9.3477e+000	-6.3496e+000	6.3476e+000	5.2500e-015
-5.840e+000	4.8034e-017	-9.3477e+000	-6.3496e+000	6.3476e+000	5.2500e-015
-5.830e+000	4.8034e-017	-9.3477e+000	-6.3496e+000	6.3476e+000	5.2500e-015
-5.820e+000	4.8034e-017	-9.3477e+000	-6.3496e+000	6.3476e+000	5.2500e-015
-5.810e+000	4.8034e-017	-9.3477e+000	-6.3496e+000	6.3476e+000	5.2500e-015
-5.800e+000	4.8034e-017	-9.3477e+000	-6.3496e+000	6.3476e+000	5.2500e-015
-5.790e+000	4.8034e-017	-9.3477e+000	-6.3496e+000	6.3476e+000	5.2500e-015
-5.780e+000	4.8034e-017	-9.3477e+000	-6.3496e+000	6.3476e+000	5.2500e-015
-5.770e+000	4.8034e-017	-9.3477e+000	-6.3496e+000	6.3476e+000	5.2500e-015
-5.760e+000	4.8034e-017	-9.3477e+000	-6.3496e+000	6.3476e+000	5.2500e-015
-5.750e+000	4.8034e-017	-9.3477e+000	-6.3496e+000	6.3476e+000	5.2500e-015
-5.740e+000	4.8034e-017	-9.3477e+000	-6.3496e+000	6.3476e+000	5.2500e-015
-5.730e+000	4.8034e-017	-9.3477e+000	-6.3496e+000	6.3476e+000	5.2500e-015
-5.720e+000	4.8034e-017	-9.3477e+000	-6.3496e+000	6.3476e+000	5.2500e-015
-5.710e+000	4.8034e-017	-9.3477e+000	-6.3496e+000	6.3476e+000	5.2500e-015
-5.700e+000	4.8034e-017	-9.3477e+000	-6.3496e+000	6.3476e+000	5.2500e-015
-5.690e+000	4.8034e-017	-9.3477e+000	-6.3496e+000	6.3476e+000	5.2500e-015
-5.680e+000	4.8034e-017	-9.3477e+000	-6.3496e+000	6.3476e+000	5.2500e-015
-5.670e+000	4.8034e-017	-9.3477e+000	-6.3496e+000	6.3476e+000	5.2500e-015
-5.660e+000	4.8034e-017	-9.3477e+000	-6.3496e+000	6.3476e+000	5.2500e-015
-5.650e+000	4.8034e-017	-9.3477e+000	-6.3496e+000	6.3476e+000	5.2500e-015
-5.640e+000	4.8034e-017	-9.3477e+000	-6.3496e+000	6.3476e+000	5.2500e-015
-5.630e+000	4.8034e-017	-9.3477e+000	-6.3496e+000	6.3476e+000	5.2500e-015
-5.620e+000	4.8034e-017	-9.3477e+000	-6.3496e+000	6.3476e+000	5.2500e-015
-5.610e+000	4.8034e-017	-9.3477e+000	-6.3496e+000	6.3476e+000	5.2500e-015
-5.600e+000	4.8034e-017	-9.3477e+000	-6.3496e+000	6.3476e+000	5.2500e-015
-5.590e+000	4.8034e-017	-9.3477e+000	-6.3497e+000	6.3476e+000	5.2500e-015
-5.580e+000	4.8035e-017	-9.3478e+000	-6.3497e+000	6.3477e+000	5.2500e-015
-5.570e+000	4.8035e-017	-9.3478e+000	-6.3497e+000	6.3477e+000	5.2500e-015
-5.560e+000	4.8035e-017	-9.3479e+000	-6.3498e+000	6.3477e+000	5.2500e-015
-5.550e+000	4.8036e-017	-9.3480e+000	-6.3498e+000	6.3478e+000	5.2500e-015
-5.540e+000	4.8037e-017	-9.3482e+000	-6.3500e+000	6.3479e+000	5.2500e-015
-5.530e+000	4.8038e-017	-9.3484e+000	-6.3501e+000	6.3481e+000	5.2500e-015
-5.520e+000	4.8040e-017	-9.3488e+000	-6.3504e+000	6.3483e+000	5.2500e-015
-5.510e+000	4.8043e-017	-9.3493e+000	-6.3507e+000	6.3487e+000	5.2500e-015
-5.500e+000	4.8047e-017	-9.3501e+000	-6.3513e+000	6.3492e+000	5.2500e-015
-5.490e+000	4.8053e-017	-9.3512e+000	-6.3520e+000	6.3500e+000	5.2500e-015
-5.480e+000	4.8061e-017	-9.3529e+000	-6.3532e+000	6.3512e+000	5.2500e-015
-5.470e+000	4.8074e-017	-9.3554e+000	-6.3549e+000	6.3528e+000	5.2500e-015
-5.460e+000	4.8093e-017	-9.3591e+000	-6.3574e+000	6.3553e+000	5.2500e-015
-5.450e+000	4.8121e-017	-9.3645e+000	-6.3610e+000	6.3590e+000	5.2500e-015
-5.440e+000	4.8161e-017	-9.3724e+000	-6.3664e+000	6.3644e+000	5.2500e-015
-5.430e+000	4.8222e-017	-9.3841e+000	-6.3744e+000	6.3723e+000	5.2500e-015
-5.420e+000	4.8310e-017	-9.4013e+000	-6.3861e+000	6.3840e+000	5.2500e-015
-5.410e+000	4.8440e-017	-9.4267e+000	-6.4033e+000	6.4013e+000	5.2500e-015
-5.400e+000	4.8632e-017	-9.4640e+000	-6.4286e+000	6.4266e+000	5.2500e-015
-5.390e+000	4.8915e-017	-9.5190e+000	-6.4660e+000	6.4639e+000	5.2500e-015
-5.380e+000	4.9331e-017	-9.5999e+000	-6.5209e+000	6.5189e+000	5.2500e-015
-5.370e+000	4.9943e-017	-9.7190e+000	-6.6019e+000	6.5998e+000	5.2500e-015
-5.360e+000	5.0876e-017	-9.8964e+000	-6.7210e+000	6.7190e+000	5.2500e-015
-5.350e+000	5.2172e-017	-1.0155e+001	-6.8983e+000	6.8944e+000	5.2500e-015
-5.340e+000	5.4126e-017	-1.0535e+001	-7.1566e+000	7.1526e+000	5.2500e-015
-5.330e+000	5.7034e-017	-1.1097e+001	-7.5368e+000	7.5328e+000	5.2500e-015
-5.320e+000	6.1270e-017	-1.1923e+001	-8.0985e+000	8.0926e+000	5.2500e-015
-5.310e+000	6.7568e-017	-1.3142e+001	-8.9246e+000	8.9167e+000	5.2500e-015
-5.300e+000	7.6734e-017	-1.4933e+001	-1.0144e+001	1.0130e+001	5.2500e-015
-5.290e+000	9.0299e-017	-1.7571e+001	-1.1935e+001	1.1916e+001	5.2500e-015
-5.280e+000	1.1028e-016	-2.1456e+001	-1.4573e+001	1.4547e+001	5.2500e-015
-5.270e+000	1.3964e-016	-2.7174e+001	-1.8458e+001	1.8419e+001	5.2500e-015
-5.260e+000	1.8289e-016	-3.5591e+001	-2.4176e+001	2.4120e+001	5.2500e-015
-5.250e+000	2.4666e-016	-4.7988e+001	-3.2593e+001	3.2514e+001	5.2500e-015
-5.240e+000	3.4040e-016	-6.6236e+001	-4.4990e+001	4.4872e+001	5.2500e-015
-5.230e+000	4.7850e-016	-9.3104e+001	-6.3238e+001	6.3066e+001	5.2500e-015
-5.220e+000	6.8181e-016	-1.3266e+002	-9.0106e+001	8.9854e+001	5.2500e-015
-5.210e+000	9.8115e-016	-1.9090e+002	-1.2966e+002	1.2929e+002	5.2500e-015
-5.200e+000	1.4218e-015	-2.7665e+002	-1.8790e+002	1.8736e+002	5.2500e-015
-5.190e+000	2.0706e-015	-4.0289e+002	-2.7365e+002	2.7285e+002	5.2500e-015
-5.180e+000	3.0259e-015	-5.8875e+002	-3.9989e+002	3.9871e+002	5.2500e-015
-5.170e+000	4.4323e-015	-8.6240e+002	-5.8575e+002	5.8402e+002	5.2500e-015
-5.160e+000	6.5030e-015	-1.2653e+003	-8.5940e+002	8.5685e+002	5.2500e-015
-5.150e+000	9.5516e-015	-1.8585e+003	-1.2623e+003	1.2585e+003	5.2500e-015
-5.140e+000	1.4040e-014	-2.7318e+003	-1.8555e+003	1.8499e+003	5.2500e-015
-5.130e+000	2.0648e-014	-4.0175e+003	-2.7288e+003	2.7206e+003	5.2500e-015
-5.120e+000	3.0377e-014	-5.9105e+003	-4.0145e+003	4.0025e+003	5.2500e-015
-5.110e+000	4.4702e-014	-8.6976e+003	-5.9075e+003	5.8899e+003	5.2500e-015
-5.100e+000	6.5791e-014	-1.2801e+004	-8.6946e+003	8.6686e+003	5.2500e-015
-5.090e+000	9.6840e-014	-1.8842e+004	-1.2798e+004	1.2760e+004	5.2500e-015
-5.080e+000	1.4255e-013	-2.7737e+004	-1.8839e+004	1.8783e+004	5.2500e-015
-5.070e+000	2.0986e-013	-4.0832e+004	-2.7734e+004	2.7651e+004	5.2500e-015
-5.060e+000	3.0895e-013	-6.0112e+004	-4.0829e+004	4.0707e+004	5.2500e-015
-5.050e+000	4.5483e-013	-8.8497e+004	-6.0109e+004	5.9929e+004	5.2500e-015
-5.040e+000	6.6961e-013	-1.3029e+005	-8.8494e+004	8.8229e+004	5.2500e-015
-5.030e+000	9.8583e-013	-1.9182e+005	-1.3028e+005	1.2989e+005	5.2500e-015
-5.020e+000	1.4514e-012	-2.8240e+005	-1.9181e+005	1.9124e+005	5.2500e-015
-5.010e+000	2.1367e-012	-4.1576e+005	-2.8240e+005	2.8155e+005	5.2500e-015
-5.000e+000	3.1457e-012	-6.1210e+005	-4.1576e+005	4.1451e+005	5.2500e-015
-4.990e+000	4.6311e-012	-9.0114e+005	-6.1209e+005	6.1026e+005	5.2500e-015
-4.980e+000	6.8175e-012	-1.3267e+006	-9.0114e+005	8.9844e+005	5.2500e-015
-4.970e+000	1.0036e-011	-1.9530e+006	-1.3267e+006	1.3227e+006	5.2500e-015
-4.960e+000	1.4772e-011	-2.8751e+006	-1.9530e+006	1.9472e+006	5.2500e-015
-4.950e+000	2.1742e-011	-4.2321e+006	-2.8751e+006	2.8664e+006	5.2500e-015
-4.940e+000	3.1995e-011	-6.2291e+006	-4.2321e+006	4.2194e+006	5.2500e-015
-4.930e+000	4.7074e-011	-9.1672e+006	-6.2291e+006	6.2104e+006	5.2500e-015
-4.920e+000	6.9234e-011	-1.3488e+007	-9.1672e+006	9.1397e+006	5.2500e-015
-4.910e+000	1.0178e-010	-1.9841e+007	-1.3488e+007	1.3448e+007	5.2500e-015
-4.900e+000	1.4952e-010	-2.9173e+007	-1.9841e+007	1.9782e+007	5.2500e-015
-4.890e+000	2.1942e-010	-4.2868e+007	-2.9173e+007	2.9086e+007	5.2500e-015
-4.880e+000	3.2151e-010	-6.2935e+007	-4.2868e+007	4.2740e+007	5.2500e-015
-4.870e+000	4.7008e-010	-9.2275e+007	-6.2935e+007	6.2747e+007	5.2500e-015
-4.860e+000	6.8515e-010	-1.3504e+008	-9.2275e+007	9.2000e+007	5.2500e-015
-4.850e+000	9.9417e-010	-1.9709e+008	-1.3504e+008	1.3464e+008	5.2500e-015
-4.840e+000	1.4335e-009	-2.8656e+008	-1.9709e+008	1.9651e+008	5.2500e-015
-4.830e+000	2.0494e-009	-4.1447e+008	-2.8656e+008	2.8572e+008	5.2500e-015
-4.820e+000	2.8962e-009	-5.9524e+008	-4.1447e+008	4.1326e+008	5.2500e-015
-4.810e+000	4.0326e-009	-8.4694e+008	-5.9524e+008	5.9352e+008	5.2500e-015
-4.800e+000	5.5134e-009	-1.1911e+009	-8.4694e+008	8.4453e+008	5.2500e-015
-4.790e+000	7.3797e-009	-1.6517e+009	-1.1911e+009	1.1877e+009	5.2500e-015
-4.780e+000	9.6518e-009	-2.2541e+009	-1.6517e+009	1.6472e+009	5.2500e-015
-4.770e+000	1.2330e-008	-3.0237e+009	-2.2541e+009	2.2482e+009	5.2500e-015
-4.760e+000	1.5404e-008	-3.9851e+009	-3.0237e+009	3.0161e+009	5.2500e-015
-4.750e+000	1.8864e-008	-5.1625e+009	-3.9851e+009	3.9756e+009	5.2500e-015
-4.740e+000	2.2717e-008	-6.5804e+009	-5.1625e+009	5.1509e+009	5.2500e-015
-4.730e+000	2.6984e-008	-8.2646e+009	-6.5804e+009	6.5666e+009	5.2500e-015
-4.720e+000	3.1701e-008	-1.0243e+010	-8.2646e+009	8.2486e+009	5.2500e-015
-4.710e+000	3.6907e-008	-1.2547e+010	-1.0243e+010	1.0225e+010	5.2500e-015
-4.700e+000	4.2641e-008	-1.5208e+010	-1.2547e+010	1.2526e+010	5.2500e-015
-4.690e+000	4.8927e-008	-1.8262e+010	-1.5208e+010	1.5186e+010	5.2500e-015
-4.680e+000	5.5772e-008	-2.1743e+010	-1.8262e+010	1.8238e+010	5.2500e-015
-4.670e+000	6.3157e-008	-2.5685e+010	-2.1743e+010	2.1717e+010	5.2500e-015
-4.660e+000	7.1043e-008	-3.0119e+010	-2.5685e+010	2.5657e+010	5.2500e-015
-4.650e+000	7.9363e-008	-3.5073e+010	-3.0119e+010	3.0090e+010	5.2500e-015
-4.640e+000	8.8035e-008	-4.0567e+010	-3.5073e+010	3.5042e+010	5.2500e-015
-4.630e+000	9.6961e-008	-4.6619e+010	-4.0567e+010	4.0536e+010	5.2500e-015
-4.620e+000	1.0604e-007	-5.3237e+010	-4.6619e+010	4.6587e+010	5.2500e-015
-4.610e+000	1.1516e-007	-6.0425e+010	-5.3237e+010	5.3204e+010	5.2500e-015
-4.600e+000	1.2422e-007	-6.8178e+010	-6.0425e+010	6.0391e+010	5.2500e-015
-4.590e+000	1.3314e-007	-7.6488e+010	-6.8178e+010	6.8144e+010	5.2500e-015
-4.580e+000	1.4184e-007	-8.5341e+010	-7.6488e+010	7.6453e+010	5.2500e-015
-4.570e+000	1.5026e-007	-9.4720e+010	-8.5341e+010	8.5306e+010	5.2500e-015
-4.560e+000	1.5836e-007	-1.0460e+011	-9.4720e+010	9.4684e+010	5.2500e-015
-4.550e+000	1.6564e-007	-1.1494e+011	-1.0460e+011	1.0457e+011	5.2500e-015
-4.540e+000	1.7290e-007	-1.2573e+011	-1.1494e+011	1.1491e+011	5.2500e-015
-4.530e+000	1.7979e-007	-1.3695e+011	-1.2573e+011	1.2570e+011	5.2500e-015
-4.520e+000	1.8630e-007	-1.4858e+011	-1.3695e+011	1.3692e+011	5.2500e-015
-4.510e+000	1.9254e-007	-1.6060e+011	-1.4858e+011	1.4855e+011	5.2500e-015
-4.500e+000	1.9828e-007	-1.7298e+011	-1.6060e+011	1.6056e+011	5.2500e-015
-4.490e+000	2.0367e-007	-1.8569e+011	-1.7298e+011	1.7294e+011	5.2500e-015
-4.480e+000	2.0871e-007	-1.9871e+011	-1.8569e+011	1.8565e+011	5.2500e-015
-4.470e+000	2.1344e-007	-2.1204e+011	-1.9871e+011	1.9868e+011	5.2500e-015
-4.460e+000	2.1786e-007	-2.2563e+011	-2.1204e+011	2.1200e+011	5.2500e-015
-4.450e+000	2.2200e-007	-2.3949e+011	-2.2563e+011	2.2560e+011	5.2500e-015
-4.440e+000	2.2592e-007	-2.5359e+011	-2.3949e+011	2.3945e+011	5.2500e-015
-4.430e+000	2.2949e-007	-2.6791e+011	-2.5359e+011	2.5355e+011	5.2500e-015
-4.420e+000	2.3292e-007	-2.8245e+011	-2.6791e+011	2.6788e+011	5.2500e-015
-4.410e+000	2.3605e-007	-2.9719e+011	-2.8245e+011	2.8241e+011	5.2500e-015
-4.400e+000	2.3907e-007	-3.1211e+011	-2.9719e+011	2.9715e+011	5.2500e-015
-4.390e+000	2.4182e-007	-3.2720e+011	-3.1211e+011	3.1207e+011	5.2500e-015
-4.380e+000	2.4447e-007	-3.4246e+011	-3.2720e+011	3.2716e+011	5.2500e-015
-4.370e+000	2.4693e-007	-3.5787e+011	-3.4246e+011	3.4242e+011	5.2500e-015
-4.360e+000	2.4921e-007	-3.7342e+011	-3.5787e+011	3.5783e+011	5.2500e-015
-4.350e+000	2.5141e-007	-3.8912e+011	-3.7342e+011	3.7339e+011	5.2500e-015
-4.340e+000	2.5345e-007	-4.0494e+011	-3.8912e+011	3.8908e+011	5.2500e-015
-4.330e+000	2.5536e-007	-4.2087e+011	-4.0494e+011	4.0490e+011	5.2500e-015
-4.320e+000	2.5720e-007	-4.3693e+011	-4.2087e+011	4.2083e+011	5.2500e-015
-4.310e+000	2.5892e-007	-4.5309e+011	-4.3693e+011	4.3689e+011	5.2500e-015
-4.300e+000	2.6054e-007	-4.6935e+011	-4.5309e+011	4.5305e+011	5.2500e-015
-4.290e+000	2.6208e-007	-4.8571e+011	-4.6935e+011	4.6931e+011	5.2500e-015
-4.280e+000	2.6351e-007	-5.0215e+011	-4.8571e+011	4.8567e+011	5.2500e-015
-4.270e+000	2.6491e-007	-5.1869e+011	-5.0215e+011	5.0211e+011	5.2500e-015
-4.260e+000	2.6621e-007	-5.3530e+011	-5.1869e+011	5.1865e+011	5.2500e-015
-4.250e+000	2.6745e-007	-5.5200e+011	-5.3530e+011	5.3526e+011	5.2500e-015
-4.240e+000	2.6862e-007	-5.6876e+011	-5.5200e+011	5.5196e+011	5.2500e-015
-4.230e+000	2.6973e-007	-5.8560e+011	-5.6876e+011	5.6872e+011	5.2500e-015
-4.220e+000	2.7080e-007	-6.0250e+011	-5.8560e+011	5.8556e+011	5.2500e-015
-4.210e+000	2.7182e-007	-6.1946e+011	-6.0250e+011	6.0246e+011	5.2500e-015
-4.200e+000	2.7278e-007	-6.3649e+011	-6.1946e+011	6.1943e+011	5.2500e-015
-4.190e+000	2.7370e-007	-6.5357e+011	-6.3649e+011	6.3645e+011	5.2500e-015
-4.180e+000	2.7457e-007	-6.7071e+011	-6.5357e+011	6.5353e+011	5.2500e-015
-4.170e+000	2.7541e-007	-6.8790e+011	-6.7071e+011	6.7067e+011	5.2500e-015
-4.160e+000	2.7621e-007	-7.0514e+011	-6.8790e+011	6.8786e+011	5.2500e-015
-4.150e+000	2.7697e-007	-7.2243e+011	-7.0514e+011	7.0510e+011	5.2500e-015
-4.140e+000	2.7770e-007	-7.3976e+011	-7.2243e+011	7.2239e+011	5.2500e-015
-4.130e+000	2.7841e-007	-7.5714e+011	-7.3976e+011	7.3972e+011	5.2500e-015
-4.120e+000	2.7908e-007	-7.7455e+011	-7.5714e+011	7.5710e+011	5.2500e-015
-4.110e+000	2.7972e-007	-7.9201e+011	-7.7455e+011	7.7452e+011	5.2500e-015
-4.100e+000	2.8033e-007	-8.0951e+011	-7.9201e+011	7.9197e+011	5.2500e-015
-4.090e+000	2.8093e-007	-8.2704e+011	-8.0951e+011	8.0947e+011	5.2500e-015
-4.080e+000	2.8149e-007	-8.4461e+011	-8.2704e+011	8.2701e+011	5.2500e-015
-4.070e+000	2.8204e-007	-8.6222e+011	-8.4461e+011	8.4457e+011	5.2500e-015
-4.060e+000	2.8256e-007	-8.7985e+011	-8.6222e+011	8.6218e+011	5.2500e-015
-4.050e+000	2.8307e-007	-8.9752e+011	-8.7985e+011	8.7981e+011	5.2500e-015
-4.040e+000	2.8355e-007	-9.1522e+011	-8.9752e+011	8.9748e+011	5.2500e-015
-4.030e+000	2.8402e-007	-9.3295e+011	-9.1522e+011	9.1518e+011	5.2500e-015
-4.020e+000	2.8447e-007	-9.5070e+011	-9.3295e+011	9.3291e+011	5.2500e-015
-4.010e+000	2.8491e-007	-9.6848e+011	-9.5070e+011	9.5066e+011	5.2500e-015
-4.000e+000	2.8533e-007	-9.8629e+011	-9.6848e+011	9.6844e+011	5.2500e-015
-3.990e+000	2.8573e-007	-1.0041e+012	-9.8629e+011	9.8625e+011	5.2500e-015
-3.980e+000	2.8612e-007	-1.0220e+012	-1.0041e+012	1.0041e+012	5.2500e-015
-3.970e+000	2.8650e-007	-1.0399e+012	-1.0220e+012	1.0219e+012	5.2500e-015
-3.960e+000	2.8686e-007	-1.0578e+012	-1.0399e+012	1.0398e+012	5.2500e-015
-3.950e+000	2.8721e-007	-1.0757e+012	-1.0578e+012	1.0577e+012	5.2500e-015
-3.940e+000	2.8755e-007	-1.0936e+012	-1.0757e+012	1.0757e+012	5.2500e-015
-3.930e+000	2.8788e-007	-1.1116e+012	-1.0936e+012	1.0936e+012	5.2500e-015
-3.920e+000	2.8820e-007	-1.1296e+012	-1.1116e+012	1.1116e+012	5.2500e-015
-3.910e+000	2.8851e-007	-1.1476e+012	-1.1296e+012	1.1296e+012	5.2500e-015
-3.900e+000	2.8881e-007	-1.1656e+012	-1.1476e+012	1.1476e+012	5.2500e-015
-3.890e+000	2.8910e-007	-1.1837e+012	-1.1656e+012	1.1656e+012	5.2500e-015
-3.880e+000	2.8938e-007	-1.2017e+012	-1.1837e+012	1.1836e+012	5.2500e-015
-3.870e+000	2.8965e-007	-1.2198e+012	-1.2017e+012	1.2017e+012	5.2500e-015
-3.860e+000	2.8992e-007	-1.2379e+012	-1.2198e+012	1.2198e+012	5.2500e-015
-3.850e+000	2.9018e-007	-1.2560e+012	-1.2379e+012	1.2379e+012	5.2500e-015
-3.840e+000	2.9042e-007	-1.2742e+012	-1.2560e+012	1.2560e+012	5.2500e-015
-3.830e+000	2.9066e-007	-1.2923e+012	-1.2742e+012	1.2741e+012	5.2500e-015
-3.820e+000	2.9090e-007	-1.3105e+012	-1.2923e+012	1.2923e+012	5.2500e-015
-3.810e+000	2.9113e-007	-1.3286e+012	-1.3105e+012	1.3104e+012	5.2500e-015
-3.800e+000	2.9135e-007	-1.3468e+012	-1.3286e+012	1.3286e+012	5.2500e-015
-3.790e+000	2.9157e-007	-1.3650e+012	-1.3468e+012	1.3468e+012	5.2500e-015
-3.780e+000	2.9178e-007	-1.3832e+012	-1.3650e+012	1.3650e+012	5.2500e-015
-3.770e+000	2.9199e-007	-1.4014e+012	-1.3832e+012	1.3832e+012	5.2500e-015
-3.760e+000	2.9219e-007	-1.4197e+012	-1.4014e+012	1.4014e+012	5.2500e-015
-3.750e+000	2.9238e-007	-1.4379e+012	-1.4197e+012	1.4196e+012	5.2500e-015
-3.740e+000	2.9257e-007	-1.4562e+012	-1.4379e+012	1.4379e+012	5.2500e-015
-3.730e+000	2.9276e-007	-1.4745e+012	-1.4562e+012	1.4561e+012	5.2500e-015
-3.720e+000	2.9294e-007	-1.4927e+012	-1.4745e+012	1.4744e+012	5.2500e-015
-3.710e+000	2.9311e-007	-1.5110e+012	-1.4927e+012	1.4927e+012	5.2500e-015
-3.700e+000	2.9328e-007	-1.5293e+012	-1.5110e+012	1.5110e+012	5.2500e-015
-3.690e+000	2.9345e-007	-1.5477e+012	-1.5293e+012	1.5293e+012	5.2500e-015
-3.680e+000	2.9361e-007	-1.5660e+012	-1.5477e+012	1.5476e+012	5.2500e-015
-3.670e+000	2.9377e-007	-1.5843e+012	-1.5660e+012	1.5659e+012	5.2500e-015
-3.660e+000	2.9393e-007	-1.6027e+012	-1.5843e+012	1.5843e+012	5.2500e-015
-3.650e+000	2.9408e-007	-1.6210e+012	-1.6027e+012	1.6026e+012	5.2500e-015
-3.640e+000	2.9423e-007	-1.6394e+012	-1.6210e+012	1.6210e+012	5.2500e-015
-3.630e+000	2.9438e-007	-1.6578e+012	-1.6394e+012	1.6393e+012	5.2500e-015
-3.620e+000	2.9452e-007	-1.6761e+012	-1.6578e+012	1.6577e+012	5.2500e-015
-3.610e+000	2.9466e-007	-1.6945e+012	-1.6761e+012	1.6761e+012	5.2500e-015
-3.600e+000	2.9479e-007	-1.7129e+012	-1.6945e+012	1.6945e+012	5.2500e-015
-3.590e+000	2.9493e-007	-1.7313e+012	-1.7129e+012	1.7129e+012	5.2500e-015
-3.580e+000	2.9506e-007	-1.7498e+012	-1.7313e+012	1.7313e+012	5.2500e-015
-3.570e+000	2.9518e-007	-1.7682e+012	-1.7498e+012	1.7497e+012	5.2500e-015
-3.560e+000	2.9531e-007	-1.7866e+012	-1.7682e+012	1.7681e+012	5.2500e-015
-3.550e+000	2.9543e-007	-1.8051e+012	-1.7866e+012	1.7866e+012	5.2500e-015
-3.540e+000	2.9555e-007	-1.8235e+012	-1.8051e+012	1.8050e+012	5.2500e-015
-3.530e+000	2.9567e-007	-1.8420e+012	-1.8235e+012	1.8235e+012	5.2500e-015
-3.520e+000	2.9578e-007	-1.8604e+012	-1.8420e+012	1.8419e+012	5.2500e-015
-3.510e+000	2.9590e-007	-1.8789e+012	-1.8604e+012	1.8604e+012	5.2500e-015
-3.500e+000	2.9601e-007	-1.8974e+012	-1.8789e+012	1.8788e+012	5.2500e-015
-3.490e+000	2.9612e-007	-1.9158e+012	-1.8974e+012	1.8973e+012	5.2500e-015
-3.480e+000	2.9622e-007	-1.9343e+012	-1.9158e+012	1.9158e+012	5.2500e-015
-3.470e+000	2.9633e-007	-1.9528e+012	-1.9343e+012	1.9343e+012	5.2500e-015
-3.460e+000	2.9643e-007	-1.9713e+012	-1.9528e+012	1.9528e+012	5.2500e-015
-3.450e+000	2.9653e-007	-1.9898e+012	-1.9713e+012	1.9713e+012	5.2500e-015
-3.440e+000	2.9663e-007	-2.0083e+012	-1.9898e+012	1.9898e+012	5.2500e-015
-3.430e+000	2.9672e-007	-2.0269e+012	-2.0083e+012	2.0083e+012	5.2500e-015
-3.420e+000	2.9682e-007	-2.0454e+012	-2.0269e+012	2.0268e+012	5.2500e-015
-3.410e+000	2.9691e-007	-2.0639e+012	-2.0454e+012	2.0454e+012	5.2500e-015
-3.400e+000	2.9700e-007	-2.0825e+012	-2.0639e+012	2.0639e+012	5.2500e-015
-3.390e+000	2.9709e-007	-2.1010e+012	-2.0825e+012	2.0824e+012	5.2500e-015
-3.380e+000	2.9718e-007	-2.1196e+012	-2.1010e+012	2.1010e+012	5.2500e-015
-3.370e+000	2.9727e-007	-2.1381e+012	-2.1196e+012	2.1195e+012	5.2500e-015
-3.360e+000	2.9736e-007	-2.1567e+012	-2.1381e+012	2.1381e+012	5.2500e-015
-3.350e+000	2.9744e-007	-2.1752e+012	-2.1567e+012	2.1566e+012	5.2500e-015
-3.340e+000	2.9752e-007	-2.1938e+012	-2.1752e+012	2.1752e+012	5.2500e-015
-3.330e+000	2.9760e-007	-2.2124e+012	-2.1938e+012	2.1938e+012	5.2500e-015
-3.320e+000	2.9768e-007	-2.2310e+012	-2.2124e+012	2.2123e+012	5.2500e-015
-3.310e+000	2.9776e-007	-2.2495e+012	-2.2310e+012	2.2309e+012	5.2500e-015
-3.300e+000	2.9784e-007	-2.2681e+012	-2.2495e+012	2.2495e+012	5.2500e-015
-3.290e+000	2.9792e-007	-2.2867e+012	-2.2681e+012	2.2681e+012	5.2500e-015
-3.280e+000	2.9799e-007	-2.3053e+012	-2.2867e+012	2.2867e+012	5.2500e-015
-3.270e+000	2.9807e-007	-2.3239e+012	-2.3053e+012	2.3053e+012	5.2500e-015
-3.260e+000	2.9814e-007	-2.3425e+012	-2.3239e+012	2.3239e+012	5.2500e-015
-3.250e+000	2.9821e-007	-2.3612e+012	-2.3425e+012	2.3425e+012	5.2500e-015
-3.240e+000	2.9828e-007	-2.3798e+012	-2.3612e+012	2.3611e+012	5.2500e-015
-3.230e+000	2.9835e-007	-2.3984e+012	-2.3798e+012	2.3797e+012	5.2500e-015
-3.220e+000	2.9842e-007	-2.4170e+012	-2.3984e+012	2.3983e+012	5.2500e-015
-3.210e+000	2.9849e-007	-2.4356e+012	-2.4170e+012	2.4170e+012	5.2500e-015
-3.200e+000	2.9855e-007	-2.4543e+012	-2.4356e+012	2.4356e+012	5.2500e-015
-3.190e+000	2.9862e-007	-2.4729e+012	-2.4543e+012	2.4542e+012	5.2500e-015
-3.180e+000	2.9868e-007	-2.4916e+012	-2.4729e+012	2.4729e+012	5.2500e-015
-3.170e+000	2.9875e-007	-2.5102e+012	-2.4916e+012	2.4915e+012	5.2500e-015
-3.160e+000	2.9881e-007	-2.5289e+012	-2.5102e+012	2.5102e+012	5.2500e-015
-3.150e+000	2.9887e-007	-2.5475e+012	-2.5289e+012	2.5288e+012	5.2500e-015
-3.140e+000	2.9893e-007	-2.5662e+012	-2.5475e+012	2.5475e+012	5.2500e-015
-3.130e+000	2.9899e-007	-2.5848e+012	-2.5662e+012	2.5661e+012	5.2500e-015
-3.120e+000	2.9905e-007	-2.6035e+012	-2.5848e+012	2.5848e+012	5.2500e-015
-3.110e+000	2.9911e-007	-2.6222e+012	-2.6035e+012	2.6035e+012	5.2500e-015
-3.100e+000	2.9917e-007	-2.6408e+012	-2.6222e+012	2.6221e+012	5.2500e-015
-3.090e+000	2.9923e-007	-2.6595e+012	-2.6408e+012	2.6408e+012	5.2500e-015
-3.080e+000	2.9928e-007	-2.6782e+012	-2.6595e+012	2.6595e+012	5.2500e-015
-3.070e+000	2.9934e-007	-2.6969e+012	-2.6782e+012	2.6782e+012	5.2500e-015
-3.060e+000	2.9940e-007	-2.7156e+012	-2.6969e+012	2.6968e+012	5.2500e-015
-3.050e+000	2.9945e-007	-2.7343e+012	-2.7156e+012	2.7155e+012	5.2500e-015
-3.040e+000	2.9950e-007	-2.7529e+012	-2.7343e+012	2.7342e+012	5.2500e-015
-3.030e+000	2.9956e-007	-2.7716e+012	-2.7529e+012	2.7529e+012	5.2500e-015
-3.020e+000	2.9961e-007	-2.7903e+012	-2.7716e+012	2.7716e+012	5.2500e-015
-3.010e+000	2.9966e-007	-2.8090e+012	-2.7903e+012	2.7903e+012	5.2500e-015
-3.000e+000	2.9971e-007	-2.8278e+012	-2.8090e+012	2.8090e+012	5.2500e-015
-2.990e+000	2.9976e-007	-2.8465e+012	-2.8278e+012	2.8277e+012	5.2500e-015
-2.980e+000	2.9981e-007	-2.8652e+012	-2.8465e+012	2.8464e+012	5.2500e-015
-2.970e+000	2.9986e-007	-2.8839e+012	-2.8652e+012	2.8651e+012	5.2500e-015
-2.960e+000	2.9991e-007	-2.9026e+012	-2.8839e+012	2.8839e+012	5.2500e-015
-2.950e+000	2.9996e-007	-2.9213e+012	-2.9026e+012	2.9026e+012	5.2500e-015
-2.940e+000	3.0001e-007	-2.9401e+012	-2.9213e+012	2.9213e+012	5.2500e-015
-2.930e+000	3.0005e-007	-2.9588e+012	-2.9401e+012	2.9400e+012	5.2500e-015
-2.920e+000	3.0010e-007	-2.9775e+012	-2.9588e+012	2.9587e+012	5.2500e-015
-2.910e+000	3.0014e-007	-2.9963e+012	-2.9775e+012	2.9775e+012	5.2500e-015
-2.900e+000	3.0019e-007	-3.0150e+012	-2.9963e+012	2.9962e+012	5.2500e-015
-2.890e+000	3.0023e-007	-3.0337e+012	-3.0150e+012	3.0149e+012	5.2500e-015
-2.880e+000	3.0028e-007	-3.0525e+012	-3.0337e+012	3.0337e+012	5.2500e-015
-2.870e+000	3.0032e-007	-3.0712e+012	-3.0525e+012	3.0524e+012	5.2500e-015
-2.860e+000	3.0037e-007	-3.0900e+012	-3.0712e+012	3.0712e+012	5.2500e-015
-2.850e+000	3.0041e-007	-3.1087e+012	-3.0900e+012	3.0899e+012	5.2500e-015
-2.840e+000	3.0045e-007	-3.1275e+012	-3.1087e+012	3.1087e+012	5.2500e-015
-2.830e+000	3.0050e-007	-3.1462e+012	-3.1275e+012	3.1274e+012	5.2500e-015
-2.820e+000	3.0054e-007	-3.1650e+012	-3.1462e+012	3.1462e+012	5.2500e-015
-2.810e+000	3.0058e-007	-3.1837e+012	-3.1650e+012	3.1649e+012	5.2500e-015
-2.800e+000	3.0062e-007	-3.2025e+012	-3.1837e+012	3.1837e+012	5.2500e-015
-2.790e+000	3.0066e-007	-3.2213e+012	-3.2025e+012	3.2025e+012	5.2500e-015
-2.780e+000	3.0070e-007	-3.2400e+012	-3.2213e+012	3.2212e+012	5.2500e-015
-2.770e+000	3.0074e-007	-3.2588e+012	-3.2400e+012	3.2400e+012	5.2500e-015
-2.760e+000	3.0078e-007	-3.2776e+012	-3.2588e+012	3.2588e+012	5.2500e-015
-2.750e+000	3.0082e-007	-3.2964e+012	-3.2776e+012	3.2775e+012	5.2500e-015
-2.740e+000	3.0086e-007	-3.3151e+012	-3.2964e+012	3.2963e+012	5.2500e-015
-2.730e+000	3.0089e-007	-3.3339e+012	-3.3151e+012	3.3151e+012	5.2500e-015
-2.720e+000	3.0093e-007	-3.3527e+012	-3.3339e+012	3.3339e+012	5.2500e-015
-2.710e+000	3.0097e-007	-3.3715e+012	-3.3527e+012	3.3527e+012	5.2500e-015
-2.700e+000	3.0101e-007	-3.3903e+012	-3.3715e+012	3.3714e+012	5.2500e-015
-2.690e+000	3.0104e-007	-3.4091e+012	-3.3903e+012	3.3902e+012	5.2500e-015
-2.680e+000	3.0108e-007	-3.4278e+012	-3.4091e+012	3.4090e+012	5.2500e-015
-2.670e+000	3.0111e-007	-3.4466e+012	-3.4278e+012	3.4278e+012	5.2500e-015
-2.660e+000	3.0115e-007	-3.4654e+012	-3.4466e+012	3.4466e+012	5.2500e-015
-2.650e+000	3.0119e-007	-3.4842e+012	-3.4654e+012	3.4654e+012	5.2500e-015
-2.640e+000	3.0122e-007	-3.5030e+012	-3.4842e+012	3.4842e+012	5.2500e-015
-2.630e+000	3.0126e-007	-3.5218e+012	-3.5030e+012	3.5030e+012	5.2500e-015
-2.620e+000	3.0129e-007	-3.5406e+012	-3.5218e+012	3.5218e+012	5.2500e-015
-2.610e+000	3.0132e-007	-3.5595e+012	-3.5406e+012	3.5406e+012	5.2500e-015
-2.600e+000	3.0136e-007	-3.5783e+012	-3.5595e+012	3.5594e+012	5.2500e-015
-2.590e+000	3.0139e-007	-3.5971e+012	-3.5783e+012	3.5782e+012	5.2500e-015
-2.580e+000	3.0142e-007	-3.6159e+012	-3.5971e+012	3.5970e+012	5.2500e-015
-2.570e+000	3.0146e-007	-3.6347e+012	-3.6159e+012	3.6158e+012	5.2500e-015
-2.560e+000	3.0149e-007	-3.6535e+012	-3.6347e+012	3.6347e+012	5.2500e-015
-2.550e+000	3.0152e-007	-3.6723e+012	-3.6535e+012	3.6535e+012	5.2500e-015
-2.540e+000	3.0155e-007	-3.6912e+012	-3.6723e+012	3.6723e+012	5.2500e-015
-2.530e+000	3.0159e-007	-3.7100e+012	-3.6912e+012	3.6911e+012	5.2500e-015
-2.520e+000	3.0162e-007	-3.7288e+012	-3.7100e+012	3.7099e+012	5.2500e-015
-2.510e+000	3.0165e-007	-3.7476e+012	-3.7288e+012	3.7288e+012	5.2500e-015
-2.500e+000	3.0168e-007	-3.7665e+012	-3.7476e+012	3.7476e+012	5.2500e-015
-2.490e+000	3.0171e-007	-3.7853e+012	-3.7665e+012	3.7664e+012	5.2500e-015
-2.480e+000	3.0174e-007	-3.8041e+012	-3.7853e+012	3.7853e+012	5.2500e-015
-2.470e+000	3.0177e-007	-3.8230e+012	-3.8041e+012	3.8041e+012	5.2500e-015
-2.460e+000	3.0180e-007	-3.8418e+012	-3.8230e+012	3.8229e+012	5.2500e-015
-2.450e+000	3.0183e-007	-3.8606e+012	-3.8418e+012	3.8418e+012	5.2500e-015
-2.440e+000	3.0186e-007	-3.8795e+012	-3.8606e+012	3.8606e+012	5.2500e-015
-2.430e+000	3.0189e-007	-3.8983e+012	-3.8795e+012	3.8794e+012	5.2500e-015
-2.420e+000	3.0192e-007	-3.9172e+012	-3.8983e+012	3.8983e+012	5.2500e-015
-2.410e+000	3.0195e-007	-3.9360e+012	-3.9172e+012	3.9171e+012	5.2500e-015
-2.400e+000	3.0198e-007	-3.9549e+012	-3.9360e+012	3.9360e+012	5.2500e-015
-2.390e+000	3.0201e-007	-3.9737e+012	-3.9549e+012	3.9548e+012	5.2500e-015
-2.380e+000	3.0203e-007	-3.9926e+012	-3.9737e+012	3.9737e+012	5.2500e-015
-2.370e+000	3.0206e-007	-4.0114e+012	-3.9926e+012	3.9925e+012	5.2500e-015
-2.360e+000	3.0209e-007	-4.0303e+012	-4.0114e+012	4.0114e+012	5.2500e-015
-2.350e+000	3.0212e-007	-4.0491e+012	-4.0303e+012	4.0302e+012	5.2500e-015
-2.340e+000	3.0215e-007	-4.0680e+012	-4.0491e+012	4.0491e+012	5.2500e-015
-2.330e+000	3.0217e-007	-4.0868e+012	-4.0680e+012	4.0679e+012	5.2500e-015
-2.320e+000	3.0220e-007	-4.1057e+012	-4.0868e+012	4.0868e+012	5.2500e-015
-2.310e+000	3.0223e-007	-4.1246e+012	-4.1057e+012	4.1057e+012	5.2500e-015
-2.300e+000	3.0225e-007	-4.1434e+012	-4.1246e+012	4.1245e+012	5.2500e-015
-2.290e+000	3.0228e-007	-4.1623e+012	-4.1434e+012	4.1434e+012	5.2500e-015
-2.280e+000	3.0231e-007	-4.1812e+012	-4.1623e+012	4.1623e+012	5.2500e-015
-2.270e+000	3.0233e-007	-4.2000e+012	-4.1812e+012	4.1811e+012	5.2500e-015
-2.260e+000	3.0236e-007	-4.2189e+012	-4.2000e+012	4.2000e+012	5.2500e-015
-2.250e+000	3.0238e-007	-4.2378e+012	-4.2189e+012	4.2189e+012	5.2500e-015
-2.240e+000	3.0241e-007	-4.2567e+012	-4.2378e+012	4.2377e+012	5.2500e-015
-2.230e+000	3.0244e-007	-4.2755e+012	-4.2567e+012	4.2566e+012	5.2500e-015
-2.220e+000	3.0246e-007	-4.2944e+012	-4.2755e+012	4.2755e+012	5.2500e-015
-2.210e+000	3.0249e-007	-4.3133e+012	-4.2944e+012	4.2944e+012	5.2500e-015
-2.200e+000	3.0251e-007	-4.3322e+012	-4.3133e+012	4.3133e+012	5.2500e-015
-2.190e+000	3.0254e-007	-4.3511e+012	-4.3322e+012	4.3321e+012	5.2500e-015
-2.180e+000	3.0257e-007	-4.3699e+012	-4.3511e+012	4.3510e+012	5.2500e-015
-2.170e+000	3.0259e-007	-4.3888e+012	-4.3699e+012	4.3699e+012	5.2500e-015
-2.160e+000	3.0262e-007	-4.4077e+012	-4.3888e+012	4.3888e+012	5.2500e-015
-2.150e+000	3.0264e-007	-4.4266e+012	-4.4077e+012	4.4077e+012	5.2500e-015
-2.140e+000	3.0267e-007	-4.4455e+012	-4.4266e+012	4.4266e+012	5.2500e-015
-2.130e+000	3.0270e-007	-4.4644e+012	-4.4455e+012	4.4455e+012	5.2500e-015
-2.120e+000	3.0272e-007	-4.4833e+012	-4.4644e+012	4.4644e+012	5.2500e-015
-2.110e+000	3.0275e-007	-4.5022e+012	-4.4833e+012	4.4832e+012	5.2500e-015
-2.100e+000	3.0278e-007	-4.5211e+012	-4.5022e+012	4.5021e+012	5.2500e-015
-2.090e+000	3.0281e-007	-4.5400e+012	-4.5211e+012	4.5210e+012	5.2500e-015
-2.080e+000	3.0284e-007	-4.5589e+012	-4.5400e+012	4.5399e+012	5.2500e-015
-2.070e+000	3.0287e-007	-4.5778e+012	-4.5589e+012	4.5588e+012	5.2500e-015
-2.060e+000	3.0290e-007	-4.5967e+012	-4.5778e+012	4.5777e+012	5.2500e-015
-2.050e+000	3.0294e-007	-4.6156e+012	-4.5967e+012	4.5967e+012	5.2500e-015
-2.040e+000	3.0298e-007	-4.6345e+012	-4.6156e+012	4.6156e+012	5.2500e-015
-2.030e+000	3.0302e-007	-4.6534e+012	-4.6345e+012	4.6345e+012	5.2500e-015
-2.020e+000	3.0306e-007	-4.6723e+012	-4.6534e+012	4.6534e+012	5.2500e-015
-2.010e+000	3.0310e-007	-4.6913e+012	-4.6723e+012	4.6723e+012	5.2500e-015
-2.000e+000	3.0316e-007	-4.7102e+012	-4.6913e+012	4.6912e+012	5.2500e-015
-1.990e+000	3.0321e-007	-4.7291e+012	-4.7102e+012	4.7101e+012	5.2500e-015
-1.980e+000	3.0327e-007	-4.7480e+012	-4.7291e+012	4.7291e+012	5.2500e-015
-1.970e+000	3.0334e-007	-4.7670e+012	-4.7480e+012	4.7480e+012	5.2500e-015
-1.960e+000	3.0342e-007	-4.7859e+012	-4.7670e+012	4.7669e+012	5.2500e-015
-1.950e+000	3.0351e-007	-4.8048e+012	-4.7859e+012	4.7859e+012	5.2500e-015
-1.940e+000	3.0362e-007	-4.8238e+012	-4.8048e+012	4.8048e+012	5.2500e-015
-1.930e+000	3.0373e-007	-4.8428e+012	-4.8238e+012	4.8238e+012	5.2500e-015
-1.920e+000	3.0387e-007	-4.8617e+012	-4.8428e+012	4.8427e+012	5.2500e-015
-1.910e+000	3.0402e-007	-4.8807e+012	-4.8617e+012	4.8617e+012	5.2500e-015
-1.900e+000	3.0421e-007	-4.8997e+012	-4.8807e+012	4.8807e+012	5.2500e-015
-1.890e+000	3.0442e-007	-4.9187e+012	-4.8997e+012	4.8996e+012	5.2500e-015
-1.880e+000	3.0466e-007	-4.9377e+012	-4.9187e+012	4.9186e+012	5.2500e-015
-1.870e+000	3.0495e-007	-4.9567e+012	-4.9377e+012	4.9377e+012	5.2500e-015
-1.860e+000	3.0528e-007	-4.9758e+012	-4.9567e+012	4.9567e+012	5.2500e-015
-1.850e+000	3.0568e-007	-4.9949e+012	-4.9758e+012	4.9757e+012	5.2500e-015
-1.840e+000	3.0613e-007	-5.0140e+012	-4.9949e+012	4.9948e+012	5.2500e-015
-1.830e+000	3.0667e-007	-5.0331e+012	-5.0140e+012	5.0139e+012	5.2500e-015
-1.820e+000	3.0730e-007	-5.0523e+012	-5.0331e+012	5.0331e+012	5.2500e-015
-1.810e+000	3.0784e-007	-5.0715e+012	-5.0523e+012	5.0523e+012	5.2500e-015
-1.800e+000	3.0881e-007	-5.0908e+012	-5.0715e+012	5.0715e+012	5.2500e-015
-1.790e+000	3.0978e-007	-5.1101e+012	-5.0908e+012	5.0907e+012	5.2500e-015
-1.780e+000	3.1091e-007	-5.1295e+012	-5.1101e+012	5.1101e+012	5.2500e-015
-1.770e+000	3.1220e-007	-5.1490e+012	-5.1295e+012	5.1295e+012	5.2500e-015
-1.760e+000	3.1369e-007	-5.1686e+012	-5.1490e+012	5.1490e+012	5.2500e-015
-1.750e+000	3.1539e-007	-5.1883e+012	-5.1686e+012	5.1685e+012	5.2500e-015
-1.740e+000	3.1732e-007	-5.2081e+012	-5.1883e+012	5.1882e+012	5.2500e-015
-1.730e+000	3.1951e-007	-5.2280e+012	-5.2081e+012	5.2080e+012	5.2500e-015
-1.720e+000	3.2196e-007	-5.2481e+012	-5.2280e+012	5.2280e+012	5.2500e-015
-1.710e+000	3.2469e-007	-5.2684e+012	-5.2481e+012	5.2481e+012	5.2500e-015
-1.700e+000	3.2770e-007	-5.2888e+012	-5.2684e+012	5.2683e+012	5.2500e-015
-1.690e+000	3.3101e-007	-5.3095e+012	-5.2888e+012	5.2888e+012	5.2500e-015
-1.680e+000	3.3459e-007	-5.3304e+012	-5.3095e+012	5.3095e+012	5.2500e-015
-1.670e+000	3.3843e-007	-5.3515e+012	-5.3304e+012	5.3303e+012	5.2500e-015
-1.660e+000	3.4252e-007	-5.3729e+012	-5.3515e+012	5.3515e+012	5.2500e-015
-1.650e+000	3.4681e-007	-5.3945e+012	-5.3729e+012	5.3728e+012	5.2500e-015
-1.640e+000	3.5128e-007	-5.4164e+012	-5.3945e+012	5.3945e+012	5.2500e-015
-1.630e+000	3.5588e-007	-5.4387e+012	-5.4164e+012	5.4164e+012	5.2500e-015
-1.620e+000	3.6058e-007	-5.4612e+012	-5.4387e+012	5.4386e+012	5.2500e-015
-1.610e+000	3.6531e-007	-5.4840e+012	-5.4612e+012	5.4611e+012	5.2500e-015
-1.600e+000	3.7006e-007	-5.5071e+012	-5.4840e+012	5.4839e+012	5.2500e-015
-1.590e+000	3.7476e-007	-5.5305e+012	-5.5071e+012	5.5070e+012	5.2500e-015
-1.580e+000	3.7939e-007	-5.5541e+012	-5.5305e+012	5.5304e+012	5.2500e-015
-1.570e+000	3.8393e-007	-5.5781e+012	-5.5541e+012	5.5541e+012	5.2500e-015
-1.560e+000	3.8833e-007	-5.6023e+012	-5.5781e+012	5.5781e+012	5.2500e-015
-1.550e+000	3.9259e-007	-5.6268e+012	-5.6023e+012	5.6023e+012	5.2500e-015
-1.540e+000	3.9669e-007	-5.6516e+012	-5.6268e+012	5.6268e+012	5.2500e-015
-1.530e+000	4.0062e-007	-5.6766e+012	-5.6516e+012	5.6516e+012	5.2500e-015
-1.520e+000	4.0437e-007	-5.7018e+012	-5.6766e+012	5.6766e+012	5.2500e-015
-1.510e+000	4.0795e-007	-5.7273e+012	-5.7018e+012	5.7018e+012	5.2500e-015
-1.500e+000	4.1135e-007	-5.7530e+012	-5.7273e+012	5.7273e+012	5.2500e-015
-1.490e+000	4.1458e-007	-5.7789e+012	-5.7530e+012	5.7529e+012	5.2500e-015
-1.480e+000	4.1764e-007	-5.8049e+012	-5.7789e+012	5.7788e+012	5.2500e-015
-1.470e+000	4.2054e-007	-5.8312e+012	-5.8049e+012	5.8049e+012	5.2500e-015
-1.460e+000	4.2328e-007	-5.8576e+012	-5.8312e+012	5.8311e+012	5.2500e-015
-1.450e+000	4.2588e-007	-5.8842e+012	-5.8576e+012	5.8575e+012	5.2500e-015
-1.440e+000	4.2834e-007	-5.9109e+012	-5.8842e+012	5.8841e+012	5.2500e-015
-1.430e+000	4.3067e-007	-5.9378e+012	-5.9109e+012	5.9109e+012	5.2500e-015
-1.420e+000	4.3287e-007	-5.9648e+012	-5.9378e+012	5.9377e+012	5.2500e-015
-1.410e+000	4.3496e-007	-5.9920e+012	-5.9648e+012	5.9648e+012	5.2500e-015
-1.400e+000	4.3694e-007	-6.0192e+012	-5.9920e+012	5.9919e+012	5.2500e-015
-1.390e+000	4.3881e-007	-6.0466e+012	-6.0192e+012	6.0192e+012	5.2500e-015
-1.380e+000	4.4059e-007	-6.0741e+012	-6.0466e+012	6.0466e+012	5.2500e-015
-1.370e+000	4.4229e-007	-6.1017e+012	-6.0741e+012	6.0741e+012	5.2500e-015
-1.360e+000	4.4390e-007	-6.1294e+012	-6.1017e+012	6.1017e+012	5.2500e-015
-1.350e+000	4.4543e-007	-6.1572e+012	-6.1294e+012	6.1294e+012	5.2500e-015
-1.340e+000	4.4689e-007	-6.1851e+012	-6.1572e+012	6.1572e+012	5.2500e-015
-1.330e+000	4.4828e-007	-6.2131e+012	-6.1851e+012	6.1851e+012	5.2500e-015
-1.320e+000	4.4961e-007	-6.2412e+012	-6.2131e+012	6.2131e+012	5.2500e-015
-1.310e+000	4.5088e-007	-6.2693e+012	-6.2412e+012	6.2411e+012	5.2500e-015
-1.300e+000	4.5209e-007	-6.2975e+012	-6.2693e+012	6.2693e+012	5.2500e-015
-1.290e+000	4.5326e-007	-6.3258e+012	-6.2975e+012	6.2975e+012	5.2500e-015
-1.280e+000	4.5437e-007	-6.3542e+012	-6.3258e+012	6.3258e+012	5.2500e-015
-1.270e+000	4.5544e-007	-6.3826e+012	-6.3542e+012	6.3541e+012	5.2500e-015
-1.260e+000	4.5647e-007	-6.4111e+012	-6.3826e+012	6.3826e+012	5.2500e-015
-1.250e+000	4.5746e-007	-6.4396e+012	-6.4111e+012	6.4110e+012	5.2500e-015
-1.240e+000	4.5835e-007	-6.4682e+012	-6.4396e+012	6.4396e+012	5.2500e-015
-1.230e+000	4.5932e-007	-6.4969e+012	-6.4682e+012	6.4682e+012	5.2500e-015
-1.220e+000	4.6021e-007	-6.5256e+012	-6.4969e+012	6.4969e+012	5.2500e-015
-1.210e+000	4.6106e-007	-6.5544e+012	-6.5256e+012	6.5256e+012	5.2500e-015
-1.200e+000	4.6188e-007	-6.5832e+012	-6.5544e+012	6.5544e+012	5.2500e-015
-1.190e+000	4.6268e-007	-6.6121e+012	-6.5832e+012	6.5832e+012	5.2500e-015
-1.180e+000	4.6345e-007	-6.6410e+012	-6.6121e+012	6.6121e+012	5.2500e-015
-1.170e+000	4.6420e-007	-6.6700e+012	-6.6410e+012	6.6410e+012	5.2500e-015
-1.160e+000	4.6492e-007	-6.6990e+012	-6.6700e+012	6.6700e+012	5.2500e-015
-1.150e+000	4.6563e-007	-6.7281e+012	-6.6990e+012	6.6990e+012	5.2500e-015
-1.140e+000	4.6631e-007	-6.7572e+012	-6.7281e+012	6.7281e+012	5.2500e-015
-1.130e+000	4.6697e-007	-6.7863e+012	-6.7572e+012	6.7572e+012	5.2500e-015
-1.120e+000	4.6762e-007	-6.8155e+012	-6.7863e+012	6.7863e+012	5.2500e-015
-1.110e+000	4.6825e-007	-6.8448e+012	-6.8155e+012	6.8155e+012	5.2500e-015
-1.100e+000	4.6886e-007	-6.8740e+012	-6.8448e+012	6.8447e+012	5.2500e-015
-1.090e+000	4.6946e-007	-6.9033e+012	-6.8740e+012	6.8740e+012	5.2500e-015
-1.080e+000	4.7004e-007	-6.9327e+012	-6.9033e+012	6.9033e+012	5.2500e-015
-1.070e+000	4.7061e-007	-6.9620e+012	-6.9327e+012	6.9326e+012	5.2500e-015
-1.060e+000	4.7117e-007	-6.9914e+012	-6.9620e+012	6.9620e+012	5.2500e-015
-1.050e+000	4.7171e-007	-7.0209e+012	-6.9914e+012	6.9914e+012	5.2500e-015
-1.040e+000	4.7224e-007	-7.0504e+012	-7.0209e+012	7.0208e+012	5.2500e-015
-1.030e+000	4.7276e-007	-7.0799e+012	-7.0504e+012	7.0503e+012	5.2500e-015
-1.020e+000	4.7327e-007	-7.1094e+012	-7.0799e+012	7.0798e+012	5.2500e-015
-1.010e+000	4.7377e-007	-7.1390e+012	-7.1094e+012	7.1094e+012	5.2500e-015
-1.000e+000	4.7426e-007	-7.1686e+012	-7.1390e+012	7.1389e+012	5.2500e-015
-9.900e-001	4.7474e-007	-7.1982e+012	-7.1686e+012	7.1685e+012	5.2500e-015
-9.800e-001	4.7521e-007	-7.2279e+012	-7.1982e+012	7.1982e+012	5.2500e-015
-9.700e-001	4.7568e-007	-7.2576e+012	-7.2279e+012	7.2278e+012	5.2500e-015
-9.600e-001	4.7613e-007	-7.2873e+012	-7.2576e+012	7.2575e+012	5.2500e-015
-9.500e-001	4.7658e-007	-7.3170e+012	-7.2873e+012	7.2872e+012	5.2500e-015
-9.400e-001	4.7702e-007	-7.3468e+012	-7.3170e+012	7.3170e+012	5.2500e-015
-9.300e-001	4.7745e-007	-7.3766e+012	-7.3468e+012	7.3468e+012	5.2500e-015
-9.200e-001	4.7788e-007	-7.4064e+012	-7.3766e+012	7.3766e+012	5.2500e-015
-9.100e-001	4.7830e-007	-7.4363e+012	-7.4064e+012	7.4064e+012	5.2500e-015
-9.000e-001	4.7871e-007	-7.4662e+012	-7.4363e+012	7.4362e+012	5.2500e-015
-8.900e-001	4.7912e-007	-7.4961e+012	-7.4662e+012	7.4661e+012	5.2500e-015
-8.800e-001	4.7952e-007	-7.5260e+012	-7.4961e+012	7.4960e+012	5.2500e-015
-8.700e-001	4.7991e-007	-7.5559e+012	-7.5260e+012	7.5259e+012	5.2500e-015
-8.600e-001	4.8030e-007	-7.5859e+012	-7.5559e+012	7.5559e+012	5.2500e-015
-8.500e-001	4.8069e-007	-7.6159e+012	-7.5859e+012	7.5859e+012	5.2500e-015
-8.400e-001	4.8107e-007	-7.6459e+012	-7.6159e+012	7.6159e+012	5.2500e-015
-8.300e-001	4.8145e-007	-7.6760e+012	-7.6459e+012	7.6459e+012	5.2500e-015
-8.200e-001	4.8182e-007	-7.7061e+012	-7.6760e+012	7.6760e+012	5.2500e-015
-8.100e-001	4.8218e-007	-7.7362e+012	-7.7061e+012	7.7060e+012	5.2500e-015
-8.000e-001	4.8255e-007	-7.7663e+012	-7.7362e+012	7.7361e+012	5.2500e-015
-7.900e-001	4.8291e-007	-7.7964e+012	-7.7663e+012	7.7662e+012	5.2500e-015
-7.800e-001	4.8326e-007	-7.8266e+012	-7.7964e+012	7.7964e+012	5.2500e-015
-7.700e-001	4.8361e-007	-7.8568e+012	-7.8266e+012	7.8265e+012	5.2500e-015
-7.600e-001	4.8396e-007	-7.8870e+012	-7.8568e+012	7.8567e+012	5.2500e-015
-7.500e-001	4.8430e-007	-7.9172e+012	-7.8870e+012	7.8869e+012	5.2500e-015
-7.400e-001	4.8464e-007	-7.9475e+012	-7.9172e+012	7.9172e+012	5.2500e-015
-7.300e-001	4.8497e-007	-7.9777e+012	-7.9475e+012	7.9474e+012	5.2500e-015
-7.200e-001	4.8531e-007	-8.0080e+012	-7.9777e+012	7.9777e+012	5.2500e-015
-7.100e-001	4.8564e-007	-8.0383e+012	-8.0080e+012	8.0080e+012	5.2500e-015
-7.000e-001	4.8596e-007	-8.0687e+012	-8.0383e+012	8.0383e+012	5.2500e-015
-6.900e-001	4.8628e-007	-8.0990e+012	-8.0687e+012	8.0686e+012	5.2500e-015
-6.800e-001	4.8660e-007	-8.1294e+012	-8.0990e+012	8.0990e+012	5.2500e-015
-6.700e-001	4.8692e-007	-8.1598e+012	-8.1294e+012	8.1293e+012	5.2500e-015
-6.600e-001	4.8723e-007	-8.1902e+012	-8.1598e+012	8.1597e+012	5.2500e-015
-6.500e-001	4.8754e-007	-8.2206e+012	-8.1902e+012	8.1901e+012	5.2500e-015
-6.400e-001	4.8785e-007	-8.2511e+012	-8.2206e+012	8.2206e+012	5.2500e-015
-6.300e-001	4.8816e-007	-8.2815e+012	-8.2511e+012	8.2510e+012	5.2500e-015
-6.200e-001	4.8846e-007	-8.3120e+012	-8.2815e+012	8.2815e+012	5.2500e-015
-6.100e-001	4.8876e-007	-8.3425e+012	-8.3120e+012	8.3120e+012	5.2500e-015
-6.000e-001	4.8905e-007	-8.3730e+012	-8.3425e+012	8.3425e+012	5.2500e-015
-5.900e-001	4.8935e-007	-8.4036e+012	-8.3730e+012	8.3730e+012	5.2500e-015
-5.800e-001	4.8964e-007	-8.4341e+012	-8.4036e+012	8.4035e+012	5.2500e-015
-5.700e-001	4.8992e-007	-8.4647e+012	-8.4341e+012	8.4341e+012	5.2500e-015
-5.600e-001	4.9021e-007	-8.4953e+012	-8.4647e+012	8.4647e+012	5.2500e-015
-5.500e-001	4.9049e-007	-8.5259e+012	-8.4953e+012	8.4953e+012	5.2500e-015
-5.400e-001	4.9077e-007	-8.5566e+012	-8.5259e+012	8.5259e+012	5.2500e-015
-5.300e-001	4.9105e-007	-8.5872e+012	-8.5566e+012	8.5565e+012	5.2500e-015
-5.200e-001	4.9132e-007	-8.6179e+012	-8.5872e+012	8.5872e+012	5.2500e-015
-5.100e-001	4.9160e-007	-8.6486e+012	-8.6179e+012	8.6178e+012	5.2500e-015
-5.000e-001	4.9187e-007	-8.6793e+012	-8.6486e+012	8.6485e+012	5.2500e-015
-4.900e-001	4.9213e-007	-8.7100e+012	-8.6793e+012	8.6792e+012	5.2500e-015
-4.800e-001	4.9240e-007	-8.7407e+012	-8.7100e+012	8.7099e+012	5.2500e-015
-4.700e-001	4.9266e-007	-8.7715e+012	-8.7407e+012	8.7407e+012	5.2500e-015
-4.600e-001	4.9292e-007	-8.8022e+012	-8.7715e+012	8.7714e+012	5.2500e-015
-4.500e-001	4.9318e-007	-8.8330e+012	-8.8022e+012	8.8022e+012	5.2500e-015
-4.400e-001	4.9343e-007	-8.8638e+012	-8.8330e+012	8.8330e+012	5.2500e-015
-4.300e-001	4.9368e-007	-8.8946e+012	-8.8638e+012	8.8638e+012	5.2500e-015
-4.200e-001	4.9393e-007	-8.9255e+012	-8.8946e+012	8.8946e+012	5.2500e-015
-4.100e-001	4.9418e-007	-8.9563e+012	-8.9255e+012	8.9254e+012	5.2500e-015
-4.000e-001	4.9442e-007	-8.9872e+012	-8.9563e+012	8.9563e+012	5.2500e-015
-3.900e-001	4.9466e-007	-9.0180e+012	-8.9872e+012	8.9871e+012	5.2500e-015
-3.800e-001	4.9490e-007	-9.0489e+012	-9.0180e+012	9.0180e+012	5.2500e-015
-3.700e-001	4.9514e-007	-9.0798e+012	-9.0489e+012	9.0489e+012	5.2500e-015
-3.600e-001	4.9537e-007	-9.1107e+012	-9.0798e+012	9.0798e+012	5.2500e-015
-3.500e-001	4.9561e-007	-9.1417e+012	-9.1107e+012	9.1107e+012	5.2500e-015
-3.400e-001	4.9584e-007	-9.1726e+012	-9.1417e+012	9.1416e+012	5.2500e-015
-3.300e-001	4.9606e-007	-9.2036e+012	-9.1726e+012	9.1726e+012	5.2500e-015
-3.200e-001	4.9629e-007	-9.2346e+012	-9.2036e+012	9.2035e+012	5.2500e-015
-3.100e-001	4.9651e-007	-9.2656e+012	-9.2346e+012	9.2345e+012	5.2500e-015
-3.000e-001	4.9673e-007	-9.2966e+012	-9.2656e+012	9.2655e+012	5.2500e-015
-2.900e-001	4.9636e-007	-9.3275e+012	-9.2966e+012	9.2965e+012	5.2500e-015
-2.800e-001	4.9590e-007	-9.3585e+012	-9.3275e+012	9.3275e+012	5.2500e-015
-2.700e-001	4.9610e-007	-9.3894e+012	-9.3585e+012	9.3584e+012	5.2500e-015
-2.600e-001	4.9629e-007	-9.4204e+012	-9.3894e+012	9.3894e+012	5.2500e-015
-2.500e-001	4.9648e-007	-9.4514e+012	-9.4204e+012	9.4204e+012	5.2500e-015
-2.400e-001	4.9667e-007	-9.4824e+012	-9.4514e+012	9.4514e+012	5.2500e-015
-2.300e-001	4.9686e-007	-9.5134e+012	-9.4824e+012	9.4824e+012	5.2500e-015
-2.200e-001	4.9704e-007	-9.5444e+012	-9.5134e+012	9.5134e+012	5.2500e-015
-2.100e-001	4.9723e-007	-9.5755e+012	-9.5444e+012	9.5444e+012	5.2500e-015
-2.000e-001	4.9741e-007	-9.6065e+012	-9.5755e+012	9.5754e+012	5.2500e-015
-1.900e-001	4.9759e-007	-9.6376e+012	-9.6065e+012	9.6065e+012	5.2500e-015
-1.800e-001	4.9777e-007	-9.6687e+012	-9.6376e+012	9.6375e+012	5.2500e-015
-1.700e-001	4.9794e-007	-9.6997e+012	-9.6687e+012	9.6686e+012	5.2500e-015
-1.600e-001	4.9812e-007	-9.7308e+012	-9.6997e+012	9.6997e+012	5.2500e-015
-1.500e-001	4.9829e-007	-9.7619e+012	-9.7308e+012	9.7308e+012	5.2500e-015
-1.400e-001	4.9846e-007	-9.7930e+012	-9.7619e+012	9.7619e+012	5.2500e-015
-1.300e-001	4.9863e-007	-9.8242e+012	-9.7930e+012	9.7930e+012	5.2500e-015
-1.200e-001	4.9879e-007	-9.8553e+012	-9.8242e+012	9.8241e+012	5.2500e-015
-1.100e-001	4.9896e-007	-9.8864e+012	-9.8553e+012	9.8552e+012	5.2500e-015
-1.000e-001	4.9912e-007	-9.9176e+012	-9.8864e+012	9.8864e+012	5.2500e-015
-9.000e-002	4.9928e-007	-9.9487e+012	-9.9176e+012	9.9175e+012	5.2500e-015
-8.000e-002	4.9944e-007	-9.9799e+012	-9.9487e+012	9.9487e+012	5.2500e-015
-7.000e-002	4.9959e-007	-1.0011e+013	-9.9799e+012	9.9799e+012	5.2500e-015
-6.000e-002	4.9975e-007	-1.0042e+013	-1.0011e+013	1.0011e+013	5.2500e-015
-5.000e-002	4.9990e-007	-1.0073e+013	-1.0042e+013	1.0042e+013	5.2500e-015
-4.000e-002	5.0005e-007	-1.0105e+013	-1.0073e+013	1.0073e+013	5.2500e-015
-3.000e-002	5.0020e-007	-1.0136e+013	-1.0105e+013	1.0105e+013	5.2500e-015
-2.000e-002	5.0035e-007	-1.0167e+013	-1.0136e+013	1.0136e+013	5.2500e-015
-1.000e-002	5.0049e-007	-1.0198e+013	-1.0167e+013	1.0167e+013	5.2500e-015
0.000e+000	5.0064e-007	-1.0230e+013	-1.0198e+013	1.0198e+013	5.2500e-015
1.000e-002	5.0078e-007	-1.0261e+013	-1.0230e+013	1.0230e+013	5.2500e-015
2.000e-002	5.0092e-007	-1.0292e+013	-1.0261e+013	1.0261e+013	5.2500e-015
3.000e-002	5.0106e-007	-1.0323e+013	-1.0292e+013	1.0292e+013	5.2500e-015
4.000e-002	5.0120e-007	-1.0355e+013	-1.0323e+013	1.0323e+013	5.2500e-015
5.000e-002	5.0134e-007	-1.0386e+013	-1.0355e+013	1.0355e+013	5.2500e-015
6.000e-002	5.0147e-007	-1.0417e+013	-1.0386e+013	1.0386e+013	5.2500e-015
7.000e-002	5.0160e-007	-1.0449e+013	-1.0417e+013	1.0417e+013	5.2500e-015
8.000e-002	5.0173e-007	-1.0480e+013	-1.0449e+013	1.0449e+013	5.2500e-015
9.000e-002	5.0186e-007	-1.0511e+013	-1.0480e+013	1.0480e+013	5.2500e-015
1.000e-001	5.0199e-007	-1.0543e+013	-1.0511e+013	1.0511e+013	5.2500e-015
1.100e-001	5.0212e-007	-1.0574e+013	-1.0543e+013	1.0543e+013	5.2500e-015
1.200e-001	5.0224e-007	-1.0605e+013	-1.0574e+013	1.0574e+013	5.2500e-015
1.300e-001	5.0237e-007	-1.0637e+013	-1.0605e+013	1.0605e+013	5.2500e-015
1.400e-001	5.0249e-007	-1.0668e+013	-1.0637e+013	1.0637e+013	5.2500e-015
1.500e-001	5.0261e-007	-1.0699e+013	-1.0668e+013	1.0668e+013	5.2500e-015
1.600e-001	5.0273e-007	-1.0731e+013	-1.0699e+013	1.0699e+013	5.2500e-015
1.700e-001	5.0285e-007	-1.0762e+013	-1.0731e+013	1.0731e+013	5.2500e-015
1.800e-001	5.0297e-007	-1.0794e+013	-1.0762e+013	1.0762e+013	5.2500e-015
1.900e-001	5.0308e-007	-1.0825e+013	-1.0794e+013	1.0793e+013	5.2500e-015
2.000e-001	5.0320e-007	-1.0856e+013	-1.0825e+013	1.0825e+013	5.2500e-015
2.100e-001	5.0331e-007	-1.0888e+013	-1.0856e+013	1.0856e+013	5.2500e-015
2.200e-001	5.0342e-007	-1.0919e+013	-1.0888e+013	1.0888e+013	5.2500e-015
2.300e-001	5.0353e-007	-1.0951e+013	-1.0919e+013	1.0919e+013	5.2500e-015
2.400e-001	5.0364e-007	-1.0982e+013	-1.0951e+013	1.0951e+013	5.2500e-015
2.500e-001	5.0375e-007	-1.1013e+013	-1.0982e+013	1.0982e+013	5.2500e-015
2.600e-001	5.0386e-007	-1.1045e+013	-1.1013e+013	1.1013e+013	5.2500e-015
2.700e-001	5.0396e-007	-1.1076e+013	-1.1045e+013	1.1045e+013	5.2500e-015
2.800e-001	5.0407e-007	-1.1108e+013	-1.1076e+013	1.1076e+013	5.2500e-015
2.900e-001	5.0417e-007	-1.1139e+013	-1.1108e+013	1.1108e+013	5.2500e-015
3.000e-001	5.0428e-007	-1.1171e+013	-1.1139e+013	1.1139e+013	5.2500e-015
3.100e-001	5.0438e-007	-1.1202e+013	-1.1171e+013	1.1171e+013	5.2500e-015
3.200e-001	5.0448e-007	-1.1234e+013	-1.1202e+013	1.1202e+013	5.2500e-015
3.300e-001	5.0458e-007	-1.1265e+013	-1.1234e+013	1.1234e+013	5.2500e-015
3.400e-001	5.0468e-007	-1.1297e+013	-1.1265e+013	1.1265e+013	5.2500e-015
3.500e-001	5.0477e-007	-1.1328e+013	-1.1297e+013	1.1297e+013	5.2500e-015
3.600e-001	5.0487e-007	-1.1360e+013	-1.1328e+013	1.1328e+013	5.2500e-015
3.700e-001	5.0496e-007	-1.1391e+013	-1.1360e+013	1.1360e+013	5.2500e-015
3.800e-001	5.0506e-007	-1.1423e+013	-1.1391e+013	1.1391e+013	5.2500e-015
3.900e-001	5.0515e-007	-1.1454e+013	-1.1423e+013	1.1423e+013	5.2500e-015
4.000e-001	5.0524e-007	-1.1486e+013	-1.1454e+013	1.1454e+013	5.2500e-015
4.100e-001	5.0534e-007	-1.1517e+013	-1.1486e+013	1.1486e+013	5.2500e-015
4.200e-001	5.0543e-007	-1.1549e+013	-1.1517e+013	1.1517e+013	5.2500e-015
4.300e-001	5.0552e-007	-1.1580e+013	-1.1549e+013	1.1549e+013	5.2500e-015
4.400e-001	5.0561e-007	-1.1612e+013	-1.1580e+013	1.1580e+013	5.2500e-015
4.500e-001	5.0569e-007	-1.1644e+013	-1.1612e+013	1.1612e+013	5.2500e-015
4.600e-001	5.0578e-007	-1.1675e+013	-1.1644e+013	1.1644e+013	5.2500e-015
4.700e-001	5.0584e-007	-1.1707e+013	-1.1675e+013	1.1675e+013	5.2500e-015
4.800e-001	5.0595e-007	-1.1738e+013	-1.1707e+013	1.1707e+013	5.2500e-015
4.900e-001	5.0604e-007	-1.1770e+013	-1.1738e+013	1.1738e+013	5.2500e-015
5.000e-001	5.0612e-007	-1.1802e+013	-1.1770e+013	1.1770e+013	5.2500e-015
5.100e-001	5.0620e-007	-1.1833e+013	-1.1802e+013	1.1801e+013	5.2500e-015
5.200e-001	5.0628e-007	-1.1865e+013	-1.1833e+013	1.1833e+013	5.2500e-015
5.300e-001	5.0637e-007	-1.1896e+013	-1.1865e+013	1.1865e+013	5.2500e-015
5.400e-001	5.0645e-007	-1.1928e+013	-1.1896e+013	1.1896e+013	5.2500e-015
5.500e-001	5.0653e-007	-1.1960e+013	-1.1928e+013	1.1928e+013	5.2500e-015
5.600e-001	5.0660e-007	-1.1991e+013	-1.1960e+013	1.1959e+013	5.2500e-015
5.700e-001	5.0668e-007	-1.2023e+013	-1.1991e+013	1.1991e+013	5.2500e-015
5.800e-001	5.0676e-007	-1.2054e+013	-1.2023e+013	1.2023e+013	5.2500e-015
5.900e-001	5.0684e-007	-1.2086e+013	-1.2054e+013	1.2054e+013	5.2500e-015
6.000e-001	5.0691e-007	-1.2118e+013	-1.2086e+013	1.2086e+013	5.2500e-015
6.100e-001	5.0699e-007	-1.2149e+013	-1.2118e+013	1.2118e+013	5.2500e-015
6.200e-001	5.0706e-007	-1.2181e+013	-1.2149e+013	1.2149e+013	5.2500e-015
6.300e-001	5.0714e-007	-1.2213e+013	-1.2181e+013	1.2181e+013	5.2500e-015
6.400e-001	5.0721e-007	-1.2244e+013	-1.2213e+013	1.2213e+013	5.2500e-015
6.500e-001	5.0729e-007	-1.2276e+013	-1.2244e+013	1.2244e+013	5.2500e-015
6.600e-001	5.0736e-007	-1.2308e+013	-1.2276e+013	1.2276e+013	5.2500e-015
6.700e-001	5.0743e-007	-1.2339e+013	-1.2308e+013	1.2308e+013	5.2500e-015
6.800e-001	5.0750e-007	-1.2371e+013	-1.2339e+013	1.2339e+013	5.2500e-015
6.900e-001	5.0757e-007	-1.2403e+013	-1.2371e+013	1.2371e+013	5.2500e-015
7.000e-001	5.0764e-007	-1.2434e+013	-1.2403e+013	1.2403e+013	5.2500e-015
7.100e-001	5.0771e-007	-1.2466e+013	-1.2434e+013	1.2434e+013	5.2500e-015
7.200e-001	5.0778e-007	-1.2498e+013	-1.2466e+013	1.2466e+013	5.2500e-015
7.300e-001	5.0785e-007	-1.2529e+013	-1.2498e+013	1.2498e+013	5.2500e-015
7.400e-001	5.0792e-007	-1.2561e+013	-1.2529e+013	1.2529e+013	5.2500e-015
7.500e-001	5.0798e-007	-1.2593e+013	-1.2561e+013	1.2561e+013	5.2500e-015
7.600e-001	5.0805e-007	-1.2625e+013	-1.2593e+013	1.2593e+013	5.2500e-015
7.700e-001	5.0811e-007	-1.2656e+013	-1.2625e+013	1.2624e+013	5.2500e-015
7.800e-001	5.0818e-007	-1.2688e+013	-1.2656e+013	1.2656e+013	5.2500e-015
7.900e-001	5.0824e-007	-1.2720e+013	-1.2688e+013	1.2688e+013	5.2500e-015
8.000e-001	5.0831e-007	-1.2751e+013	-1.2720e+013	1.2720e+013	5.2500e-015
8.100e-001	5.0837e-007	-1.2783e+013	-1.2751e+013	1.2751e+013	5.2500e-015
8.200e-001	5.0844e-007	-1.2815e+013	-1.2783e+013	1.2783e+013	5.2500e-015
8.300e-001	5.0850e-007	-1.2847e+013	-1.2815e+013	1.2815e+013	5.2500e-015
8.400e-001	5.0856e-007	-1.2878e+013	-1.2847e+013	1.2847e+013	5.2500e-015
8.500e-001	5.0862e-007	-1.2910e+013	-1.2878e+013	1.2878e+013	5.2500e-015
8.600e-001	5.0869e-007	-1.2942e+013	-1.2910e+013	1.2910e+013	5.2500e-015
8.700e-001	5.0875e-007	-1.2974e+013	-1.2942e+013	1.2942e+013	5.2500e-015
8.800e-001	5.0881e-007	-1.3005e+013	-1.2974e+013	1.2974e+013	5.2500e-015
8.900e-001	5.0887e-007	-1.3037e+013	-1.3005e+013	1.3005e+013	5.2500e-015
9.000e-001	5.0893e-007	-1.3069e+013	-1.3037e+013	1.3037e+013	5.2500e-015
9.100e-001	5.0899e-007	-1.3101e+013	-1.3069e+013	1.3069e+013	5.2500e-015
9.200e-001	5.0905e-007	-1.3132e+013	-1.3101e+013	1.3101e+013	5.2500e-015
9.300e-001	5.0911e-007	-1.3164e+013	-1.3132e+013	1.3132e+013	5.2500e-015
9.400e-001	5.0916e-007	-1.3196e+013	-1.3164e+013	1.3164e+013	5.2500e-015
9.500e-001	5.0922e-007	-1.3228e+013	-1.3196e+013	1.3196e+013	5.2500e-015
9.600e-001	5.0928e-007	-1.3260e+013	-1.3228e+013	1.3228e+013	5.2500e-015
9.700e-001	5.0934e-007	-1.3291e+013	-1.3260e+013	1.3259e+013	5.2500e-015
9.800e-001	5.0940e-007	-1.3323e+013	-1.3291e+013	1.3291e+013	5.2500e-015
9.900e-001	5.0945e-007	-1.3355e+013	-1.3323e+013	1.3323e+013	5.2500e-015
1.000e+000	5.0951e-007	-1.3387e+013	-1.3355e+013	1.3355e+013	5.2500e-015
1.010e+000	5.0957e-007	-1.3419e+013	-1.3387e+013	1.3387e+013	5.2500e-015
1.020e+000	5.0962e-007	-1.3450e+013	-1.3419e+013	1.3418e+013	5.2500e-015
1.030e+000	5.0968e-007	-1.3482e+013	-1.3450e+013	1.3450e+013	5.2500e-015
1.040e+000	5.0973e-007	-1.3514e+013	-1.3482e+013	1.3482e+013	5.2500e-015
1.050e+000	5.0979e-007	-1.3546e+013	-1.3514e+013	1.3514e+013	5.2500e-015
1.060e+000	5.0985e-007	-1.3578e+013	-1.3546e+013	1.3546e+013	5.2500e-015
1.070e+000	5.0990e-007	-1.3609e+013	-1.3578e+013	1.3578e+013	5.2500e-015
1.080e+000	5.0996e-007	-1.3641e+013	-1.3609e+013	1.3609e+013	5.2500e-015
1.090e+000	5.1002e-007	-1.3673e+013	-1.3641e+013	1.3641e+013	5.2500e-015
1.100e+000	5.1008e-007	-1.3705e+013	-1.3673e+013	1.3673e+013	5.2500e-015
1.110e+000	5.1014e-007	-1.3737e+013	-1.3705e+013	1.3705e+013	5.2500e-015
1.120e+000	5.1021e-007	-1.3769e+013	-1.3737e+013	1.3737e+013	5.2500e-015
1.130e+000	5.1028e-007	-1.3800e+013	-1.3769e+013	1.3769e+013	5.2500e-015
1.140e+000	5.1036e-007	-1.3832e+013	-1.3800e+013	1.3800e+013	5.2500e-015
1.150e+000	5.1044e-007	-1.3864e+013	-1.3832e+013	1.3832e+013	5.2500e-015
1.160e+000	5.1054e-007	-1.3896e+013	-1.3864e+013	1.3864e+013	5.2500e-015
1.170e+000	5.1065e-007	-1.3928e+013	-1.3896e+013	1.3896e+013	5.2500e-015
1.180e+000	5.1079e-007	-1.3960e+013	-1.3928e+013	1.3928e+013	5.2500e-015
1.190e+000	5.1095e-007	-1.3992e+013	-1.3960e+013	1.3960e+013	5.2500e-015
1.200e+000	5.1116e-007	-1.4024e+013	-1.3992e+013	1.3992e+013	5.2500e-015
1.210e+000	5.1143e-007	-1.4056e+013	-1.4024e+013	1.4024e+013	5.2500e-015
1.220e+000	5.1178e-007	-1.4087e+013	-1.4056e+013	1.4055e+013	5.2500e-015
1.230e+000	5.1224e-007	-1.4119e+013	-1.4087e+013	1.4087e+013	5.2500e-015
1.240e+000	5.1286e-007	-1.4151e+013	-1.4119e+013	1.4119e+013	5.2500e-015
1.250e+000	5.1370e-007	-1.4183e+013	-1.4151e+013	1.4151e+013	5.2500e-015
1.260e+000	5.1484e-007	-1.4216e+013	-1.4183e+013	1.4183e+013	5.2500e-015
1.270e+000	5.1641e-007	-1.4248e+013	-1.4216e+013	1.4216e+013	5.2500e-015
1.280e+000	5.1856e-007	-1.4280e+013	-1.4248e+013	1.4248e+013	5.2500e-015
1.290e+000	5.2154e-007	-1.4313e+013	-1.4280e+013	1.4280e+013	5.2500e-015
1.300e+000	5.2567e-007	-1.4346e+013	-1.4313e+013	1.4313e+013	5.2500e-015
1.310e+000	5.3140e-007	-1.4379e+013	-1.4346e+013	1.4346e+013	5.2500e-015
1.320e+000	5.3937e-007	-1.4412e+013	-1.4379e+013	1.4379e+013	5.2500e-015
1.330e+000	5.5043e-007	-1.4447e+013	-1.4412e+013	1.4412e+013	5.2500e-015
1.340e+000	5.6509e-007	-1.4482e+013	-1.4447e+013	1.4447e+013	5.2500e-015
1.350e+000	5.8585e-007	-1.4519e+013	-1.4482e+013	1.4482e+013	5.2500e-015
1.360e+000	6.1451e-007	-1.4557e+013	-1.4519e+013	1.4519e+013	5.2500e-015
1.370e+000	6.5244e-007	-1.4598e+013	-1.4557e+013	1.4557e+013	5.2500e-015
1.380e+000	7.0400e-007	-1.4642e+013	-1.4598e+013	1.4598e+013	5.2500e-015
1.390e+000	7.7078e-007	-1.4690e+013	-1.4642e+013	1.4642e+013	5.2500e-015
1.400e+000	8.5727e-007	-1.4743e+013	-1.4690e+013	1.4690e+013	5.2500e-015
1.410e+000	9.6440e-007	-1.4803e+013	-1.4743e+013	1.4743e+013	5.2500e-015
1.420e+000	1.0941e-006	-1.4872e+013	-1.4803e+013	1.4803e+013	5.2500e-015
1.430e+000	1.2442e-006	-1.4949e+013	-1.4872e+013	1.4872e+013	5.2500e-015
1.440e+000	1.4109e-006	-1.5037e+013	-1.4949e+013	1.4949e+013	5.2500e-015
1.450e+000	1.5892e-006	-1.5137e+013	-1.5037e+013	1.5037e+013	5.2500e-015
1.460e+000	1.7719e-006	-1.5247e+013	-1.5137e+013	1.5137e+013	5.2500e-015
1.470e+000	1.9529e-006	-1.5369e+013	-1.5247e+013	1.5247e+013	5.2500e-015
1.480e+000	2.1270e-006	-1.5502e+013	-1.5369e+013	1.5369e+013	5.2500e-015
1.490e+000	2.2911e-006	-1.5645e+013	-1.5502e+013	1.5502e+013	5.2500e-015
1.500e+000	2.4430e-006	-1.5797e+013	-1.5645e+013	1.5645e+013	5.2500e-015
1.510e+000	2.5823e-006	-1.5959e+013	-1.5797e+013	1.5797e+013	5.2500e-015
1.520e+000	2.7092e-006	-1.6128e+013	-1.5959e+013	1.5958e+013	5.2500e-015
1.530e+000	2.8246e-006	-1.6304e+013	-1.6128e+013	1.6128e+013	5.2500e-015
1.540e+000	2.9295e-006	-1.6487e+013	-1.6304e+013	1.6304e+013	5.2500e-015
1.550e+000	3.0251e-006	-1.6676e+013	-1.6487e+013	1.6487e+013	5.2500e-015
1.560e+000	3.1124e-006	-1.6870e+013	-1.6676e+013	1.6676e+013	5.2500e-015
1.570e+000	3.1925e-006	-1.7069e+013	-1.6870e+013	1.6870e+013	5.2500e-015
1.580e+000	3.2663e-006	-1.7273e+013	-1.7069e+013	1.7069e+013	5.2500e-015
1.590e+000	3.3346e-006	-1.7481e+013	-1.7273e+013	1.7273e+013	5.2500e-015
1.600e+000	3.3981e-006	-1.7693e+013	-1.7481e+013	1.7481e+013	5.2500e-015
1.610e+000	3.4574e-006	-1.7909e+013	-1.7693e+013	1.7693e+013	5.2500e-015
1.620e+000	3.5130e-006	-1.8128e+013	-1.7909e+013	1.7909e+013	5.2500e-015
1.630e+000	3.5653e-006	-1.8351e+013	-1.8128e+013	1.8128e+013	5.2500e-015
1.640e+000	3.6147e-006	-1.8576e+013	-1.8351e+013	1.8351e+013	5.2500e-015
1.650e+000	3.6616e-006	-1.8805e+013	-1.8576e+013	1.8576e+013	5.2500e-015
1.660e+000	3.7061e-006	-1.9036e+013	-1.8805e+013	1.8805e+013	5.2500e-015
1.670e+000	3.7486e-006	-1.9270e+013	-1.9036e+013	1.9036e+013	5.2500e-015
1.680e+000	3.7892e-006	-1.9507e+013	-1.9270e+013	1.9270e+013	5.2500e-015
1.690e+000	3.8282e-006	-1.9746e+013	-1.9507e+013	1.9507e+013	5.2500e-015
1.700e+000	3.8655e-006	-1.9987e+013	-1.9746e+013	1.9746e+013	5.2500e-015
1.710e+000	3.9015e-006	-2.0230e+013	-1.9987e+013	1.9987e+013	5.2500e-015
1.720e+000	3.9362e-006	-2.0476e+013	-2.0230e+013	2.0230e+013	5.2500e-015
1.730e+000	3.9261e-006	-2.0721e+013	-2.0476e+013	2.0476e+013	5.2500e-015
1.740e+000	3.9528e-006	-2.0968e+013	-2.0721e+013	2.0721e+013	5.2500e-015
1.750e+000	3.9787e-006	-2.1216e+013	-2.0968e+013	2.0968e+013	5.2500e-015
1.760e+000	4.0036e-006	-2.1466e+013	-2.1216e+013	2.1216e+013	5.2500e-015
1.770e+000	4.0275e-006	-2.1717e+013	-2.1466e+013	2.1466e+013	5.2500e-015
1.780e+000	4.0507e-006	-2.1970e+013	-2.1717e+013	2.1717e+013	5.2500e-015
1.790e+000	4.0730e-006	-2.2224e+013	-2.1970e+013	2.1970e+013	5.2500e-015
1.800e+000	4.0946e-006	-2.2480e+013	-2.2224e+013	2.2224e+013	5.2500e-015
1.810e+000	4.1155e-006	-2.2737e+013	-2.2480e+013	2.2480e+013	5.2500e-015
1.820e+000	4.1357e-006	-2.2995e+013	-2.2737e+013	2.2737e+013	5.2500e-015
1.830e+000	4.1554e-006	-2.3254e+013	-2.2995e+013	2.2995e+013	5.2500e-015
1.840e+000	4.1744e-006	-2.3515e+013	-2.3254e+013	2.3254e+013	5.2500e-015
1.850e+000	4.1930e-006	-2.3777e+013	-2.3515e+013	2.3515e+013	5.2500e-015
1.860e+000	4.2110e-006	-2.4039e+013	-2.3777e+013	2.3777e+013	5.2500e-015
1.870e+000	4.2285e-006	-2.4303e+013	-2.4039e+013	2.4039e+013	5.2500e-015
1.880e+000	4.2456e-006	-2.4568e+013	-2.4303e+013	2.4303e+013	5.2500e-015
1.890e+000	4.2622e-006	-2.4834e+013	-2.4568e+013	2.4568e+013	5.2500e-015
1.900e+000	4.2784e-006	-2.5101e+013	-2.4834e+013	2.4834e+013	5.2500e-015
1.910e+000	4.2942e-006	-2.5369e+013	-2.5101e+013	2.5101e+013	5.2500e-015
1.920e+000	4.3097e-006	-2.5638e+013	-2.5369e+013	2.5369e+013	5.2500e-015
1.930e+000	4.3248e-006	-2.5908e+013	-2.5638e+013	2.5638e+013	5.2500e-015
1.940e+000	4.3395e-006	-2.6179e+013	-2.5908e+013	2.5908e+013	5.2500e-015
1.950e+000	4.3540e-006	-2.6451e+013	-2.6179e+013	2.6179e+013	5.2500e-015
1.960e+000	4.3681e-006	-2.6724e+013	-2.6451e+013	2.6451e+013	5.2500e-015
1.970e+000	4.3819e-006	-2.6997e+013	-2.6724e+013	2.6724e+013	5.2500e-015
1.980e+000	4.3949e-006	-2.7271e+013	-2.6997e+013	2.6997e+013	5.2500e-015
1.990e+000	4.3992e-006	-2.7546e+013	-2.7271e+013	2.7271e+013	5.2500e-015
2.000e+000	4.4118e-006	-2.7821e+013	-2.7546e+013	2.7546e+013	5.2500e-015
2.010e+000	4.4240e-006	-2.8098e+013	-2.7821e+013	2.7821e+013	5.2500e-015
2.020e+000	4.4361e-006	-2.8374e+013	-2.8098e+013	2.8097e+013	5.2500e-015
2.030e+000	4.4479e-006	-2.8652e+013	-2.8374e+013	2.8374e+013	5.2500e-015
2.040e+000	4.4595e-006	-2.8930e+013	-2.8652e+013	2.8652e+013	5.2500e-015
2.050e+000	4.4708e-006	-2.9209e+013	-2.8930e+013	2.8930e+013	5.2500e-015
2.060e+000	4.4820e-006	-2.9489e+013	-2.9209e+013	2.9209e+013	5.2500e-015
2.070e+000	4.4930e-006	-2.9770e+013	-2.9489e+013	2.9489e+013	5.2500e-015
2.080e+000	4.5038e-006	-3.0051e+013	-2.9770e+013	2.9770e+013	5.2500e-015
2.090e+000	4.5144e-006	-3.0332e+013	-3.0051e+013	3.0051e+013	5.2500e-015
2.100e+000	4.5248e-006	-3.0615e+013	-3.0332e+013	3.0332e+013	5.2500e-015
2.110e+000	4.5350e-006	-3.0898e+013	-3.0615e+013	3.0615e+013	5.2500e-015
2.120e+000	4.5451e-006	-3.1182e+013	-3.0898e+013	3.0898e+013	5.2500e-015
2.130e+000	4.5550e-006	-3.1466e+013	-3.1182e+013	3.1182e+013	5.2500e-015
2.140e+000	4.5648e-006	-3.1751e+013	-3.1466e+013	3.1466e+013	5.2500e-015
2.150e+000	4.5744e-006	-3.2036e+013	-3.1751e+013	3.1751e+013	5.2500e-015
2.160e+000	4.5838e-006	-3.2322e+013	-3.2036e+013	3.2036e+013	5.2500e-015
2.170e+000	4.5932e-006	-3.2609e+013	-3.2322e+013	3.2322e+013	5.2500e-015
2.180e+000	4.6023e-006	-3.2896e+013	-3.2609e+013	3.2609e+013	5.2500e-015
2.190e+000	4.6114e-006	-3.3184e+013	-3.2896e+013	3.2896e+013	5.2500e-015
2.200e+000	4.6203e-006	-3.3473e+013	-3.3184e+013	3.3184e+013	5.2500e-015
2.210e+000	4.6291e-006	-3.3761e+013	-3.3473e+013	3.3472e+013	5.2500e-015
2.220e+000	4.6377e-006	-3.4051e+013	-3.3761e+013	3.3761e+013	5.2500e-015
2.230e+000	4.6463e-006	-3.4341e+013	-3.4051e+013	3.4051e+013	5.2500e-015
2.240e+000	4.6547e-006	-3.4631e+013	-3.4341e+013	3.4341e+013	5.2500e-015
2.250e+000	4.6630e-006	-3.4922e+013	-3.4631e+013	3.4631e+013	5.2500e-015
2.260e+000	4.6712e-006	-3.5214e+013	-3.4922e+013	3.4922e+013	5.2500e-015
2.270e+000	4.6793e-006	-3.5506e+013	-3.5214e+013	3.5214e+013	5.2500e-015
2.280e+000	4.6873e-006	-3.5799e+013	-3.5506e+013	3.5506e+013	5.2500e-015
2.290e+000	4.6952e-006	-3.6092e+013	-3.5799e+013	3.5799e+013	5.2500e-015
2.300e+000	4.7030e-006	-3.6385e+013	-3.6092e+013	3.6092e+013	5.2500e-015
2.310e+000	4.7107e-006	-3.6679e+013	-3.6385e+013	3.6385e+013	5.2500e-015
2.320e+000	4.7183e-006	-3.6974e+013	-3.6679e+013	3.6679e+013	5.2500e-015
2.330e+000	4.7258e-006	-3.7269e+013	-3.6974e+013	3.6974e+013	5.2500e-015
2.340e+000	4.7332e-006	-3.7564e+013	-3.7269e+013	3.7269e+013	5.2500e-015
2.350e+000	4.7406e-006	-3.7860e+013	-3.7564e+013	3.7564e+013	5.2500e-015
2.360e+000	4.7478e-006	-3.8156e+013	-3.7860e+013	3.7860e+013	5.2500e-015
2.370e+000	4.7549e-006	-3.8453e+013	-3.8156e+013	3.8156e+013	5.2500e-015
2.380e+000	4.7620e-006	-3.8750e+013	-3.8453e+013	3.8453e+013	5.2500e-015
2.390e+000	4.7690e-006	-3.9048e+013	-3.8750e+013	3.8750e+013	5.2500e-015
2.400e+000	4.7759e-006	-3.9346e+013	-3.9048e+013	3.9048e+013	5.2500e-015
2.410e+000	4.7828e-006	-3.9645e+013	-3.9346e+013	3.9346e+013	5.2500e-015
2.420e+000	4.7895e-006	-3.9944e+013	-3.9645e+013	3.9645e+013	5.2500e-015
2.430e+000	4.7962e-006	-4.0243e+013	-3.9944e+013	3.9944e+013	5.2500e-015
2.440e+000	4.8028e-006	-4.0543e+013	-4.0243e+013	4.0243e+013	5.2500e-015
2.450e+000	4.8094e-006	-4.0843e+013	-4.0543e+013	4.0543e+013	5.2500e-015
2.460e+000	4.8159e-006	-4.1143e+013	-4.0843e+013	4.0843e+013	5.2500e-015
2.470e+000	4.8223e-006	-4.1444e+013	-4.1143e+013	4.1143e+013	5.2500e-015
2.480e+000	4.8286e-006	-4.1746e+013	-4.1444e+013	4.1444e+013	5.2500e-015
2.490e+000	4.8349e-006	-4.2048e+013	-4.1746e+013	4.1746e+013	5.2500e-015
2.500e+000	4.8411e-006	-4.2350e+013	-4.2048e+013	4.2048e+013	5.2500e-015
2.510e+000	4.8473e-006	-4.2652e+013	-4.2350e+013	4.2350e+013	5.2500e-015
2.520e+000	4.8534e-006	-4.2955e+013	-4.2652e+013	4.2652e+013	5.2500e-015
2.530e+000	4.8594e-006	-4.3258e+013	-4.2955e+013	4.2955e+013	5.2500e-015
2.540e+000	4.8654e-006	-4.3562e+013	-4.3258e+013	4.3258e+013	5.2500e-015
2.550e+000	4.8713e-006	-4.3866e+013	-4.3562e+013	4.3562e+013	5.2500e-015
2.560e+000	4.8771e-006	-4.4171e+013	-4.3866e+013	4.3866e+013	5.2500e-015
2.570e+000	4.8829e-006	-4.4475e+013	-4.4171e+013	4.4171e+013	5.2500e-015
2.580e+000	4.8877e-006	-4.4780e+013	-4.4475e+013	4.4475e+013	5.2500e-015
2.590e+000	4.8928e-006	-4.5086e+013	-4.4780e+013	4.4780e+013	5.2500e-015
2.600e+000	4.8984e-006	-4.5392e+013	-4.5086e+013	4.5086e+013	5.2500e-015
2.610e+000	4.9039e-006	-4.5698e+013	-4.5392e+013	4.5392e+013	5.2500e-015
2.620e+000	4.9095e-006	-4.6004e+013	-4.5698e+013	4.5698e+013	5.2500e-015
2.630e+000	4.9149e-006	-4.6311e+013	-4.6004e+013	4.6004e+013	5.2500e-015
2.640e+000	4.9203e-006	-4.6618e+013	-4.6311e+013	4.6311e+013	5.2500e-015
2.650e+000	4.9257e-006	-4.6925e+013	-4.6618e+013	4.6618e+013	5.2500e-015
2.660e+000	4.9310e-006	-4.7233e+013	-4.6925e+013	4.6925e+013	5.2500e-015
2.670e+000	4.9363e-006	-4.7541e+013	-4.7233e+013	4.7233e+013	5.2500e-015
2.680e+000	4.9415e-006	-4.7850e+013	-4.7541e+013	4.7541e+013	5.2500e-015
2.690e+000	4.9467e-006	-4.8158e+013	-4.7850e+013	4.7850e+013	5.2500e-015
2.700e+000	4.9518e-006	-4.8467e+013	-4.8158e+013	4.8158e+013	5.2500e-015
2.710e+000	4.9569e-006	-4.8777e+013	-4.8467e+013	4.8467e+013	5.2500e-015
2.720e+000	4.9620e-006	-4.9087e+013	-4.8777e+013	4.8777e+013	5.2500e-015
2.730e+000	4.9670e-006	-4.9397e+013	-4.9087e+013	4.9087e+013	5.2500e-015
2.740e+000	4.9720e-006	-4.9707e+013	-4.9397e+013	4.9397e+013	5.2500e-015
2.750e+000	4.9769e-006	-5.0018e+013	-4.9707e+013	4.9707e+013	5.2500e-015
2.760e+000	4.9818e-006	-5.0328e+013	-5.0018e+013	5.0017e+013	5.2500e-015
2.770e+000	4.9866e-006	-5.0640e+013	-5.0328e+013	5.0328e+013	5.2500e-015
2.780e+000	4.9914e-006	-5.0951e+013	-5.0640e+013	5.0640e+013	5.2500e-015
2.790e+000	4.9962e-006	-5.1263e+013	-5.0951e+013	5.0951e+013	5.2500e-015
2.800e+000	5.0010e-006	-5.1575e+013	-5.1263e+013	5.1263e+013	5.2500e-015
2.810e+000	5.0057e-006	-5.1888e+013	-5.1575e+013	5.1575e+013	5.2500e-015
2.820e+000	5.0103e-006	-5.2200e+013	-5.1888e+013	5.1888e+013	5.2500e-015
2.830e+000	5.0149e-006	-5.2513e+013	-5.2200e+013	5.2200e+013	5.2500e-015
2.840e+000	5.0195e-006	-5.2827e+013	-5.2513e+013	5.2513e+013	5.2500e-015
2.850e+000	5.0241e-006	-5.3140e+013	-5.2827e+013	5.2827e+013	5.2500e-015
2.860e+000	5.0286e-006	-5.3454e+013	-5.3140e+013	5.3140e+013	5.2500e-015
2.870e+000	5.0331e-006	-5.3768e+013	-5.3454e+013	5.3454e+013	5.2500e-015
2.880e+000	5.0376e-006	-5.4083e+013	-5.3768e+013	5.3768e+013	5.2500e-015
2.890e+000	5.0420e-006	-5.4397e+013	-5.4083e+013	5.4083e+013	5.2500e-015
2.900e+000	5.0464e-006	-5.4712e+013	-5.4397e+013	5.4397e+013	5.2500e-015
2.910e+000	5.0507e-006	-5.5028e+013	-5.4712e+013	5.4712e+013	5.2500e-015
2.920e+000	5.0550e-006	-5.5343e+013	-5.5028e+013	5.5028e+013	5.2500e-015
2.930e+000	5.0593e-006	-5.5659e+013	-5.5343e+013	5.5343e+013	5.2500e-015
2.940e+000	5.0636e-006	-5.5975e+013	-5.5659e+013	5.5659e+013	5.2500e-015
2.950e+000	5.0678e-006	-5.6291e+013	-5.5975e+013	5.5975e+013	5.2500e-015
2.960e+000	5.0720e-006	-5.6608e+013	-5.6291e+013	5.6291e+013	5.2500e-015
2.970e+000	5.0762e-006	-5.6925e+013	-5.6608e+013	5.6608e+013	5.2500e-015
2.980e+000	5.0804e-006	-5.7242e+013	-5.6925e+013	5.6925e+013	5.2500e-015
2.990e+000	5.0845e-006	-5.7559e+013	-5.7242e+013	5.7242e+013	5.2500e-015
3.000e+000	5.0886e-006	-5.7877e+013	-5.7559e+013	5.7559e+013	5.2500e-015
3.010e+000	5.0926e-006	-5.8195e+013	-5.7877e+013	5.7877e+013	5.2500e-015
3.020e+000	5.0967e-006	-5.8513e+013	-5.8195e+013	5.8194e+013	5.2500e-015
3.030e+000	5.1007e-006	-5.8831e+013	-5.8513e+013	5.8513e+013	5.2500e-015
3.040e+000	5.1047e-006	-5.9150e+013	-5.8831e+013	5.8831e+013	5.2500e-015
3.050e+000	5.1086e-006	-5.9468e+013	-5.9150e+013	5.9150e+013	5.2500e-015
3.060e+000	5.1125e-006	-5.9788e+013	-5.9468e+013	5.9468e+013	5.2500e-015
3.070e+000	5.1164e-006	-6.0107e+013	-5.9788e+013	5.9788e+013	5.2500e-015
3.080e+000	5.1203e-006	-6.0426e+013	-6.0107e+013	6.0107e+013	5.2500e-015
3.090e+000	5.1242e-006	-6.0746e+013	-6.0426e+013	6.0426e+013	5.2500e-015
3.100e+000	5.1280e-006	-6.1066e+013	-6.0746e+013	6.0746e+013	5.2500e-015
3.110e+000	5.1318e-006	-6.1387e+013	-6.1066e+013	6.1066e+013	5.2500e-015
3.120e+000	5.1356e-006	-6.1707e+013	-6.1387e+013	6.1387e+013	5.2500e-015
3.130e+000	5.1393e-006	-6.2028e+013	-6.1707e+013	6.1707e+013	5.2500e-015
3.140e+000	5.1430e-006	-6.2349e+013	-6.2028e+013	6.2028e+013	5.2500e-015
3.150e+000	5.1468e-006	-6.2670e+013	-6.2349e+013	6.2349e+013	5.2500e-015
3.160e+000	5.1504e-006	-6.2992e+013	-6.2670e+013	6.2670e+013	5.2500e-015
3.170e+000	5.1541e-006	-6.3313e+013	-6.2992e+013	6.2992e+013	5.2500e-015
3.180e+000	5.1577e-006	-6.3635e+013	-6.3313e+013	6.3313e+013	5.2500e-015
3.190e+000	5.1614e-006	-6.3957e+013	-6.3635e+013	6.3635e+013	5.2500e-015
3.200e+000	5.1649e-006	-6.4280e+013	-6.3957e+013	6.3957e+013	5.2500e-015
3.210e+000	5.1685e-006	-6.4602e+013	-6.4280e+013	6.4280e+013	5.2500e-015
3.220e+000	5.1721e-006	-6.4925e+013	-6.4602e+013	6.4602e+013	5.2500e-015
3.230e+000	5.1756e-006	-6.5248e+013	-6.4925e+013	6.4925e+013	5.2500e-015
3.240e+000	5.1791e-006	-6.5572e+013	-6.5248e+013	6.5248e+013	5.2500e-015
3.250e+000	5.1826e-006	-6.5895e+013	-6.5572e+013	6.5571e+013	5.2500e-015
3.260e+000	5.1861e-006	-6.6219e+013	-6.5895e+013	6.5895e+013	5.2500e-015
3.270e+000	5.1895e-006	-6.6543e+013	-6.6219e+013	6.6219e+013	5.2500e-015
3.280e+000	5.1929e-006	-6.6867e+013	-6.6543e+013	6.6543e+013	5.2500e-015
3.290e+000	5.1963e-006	-6.7191e+013	-6.6867e+013	6.6867e+013	5.2500e-015
3.300e+000	5.1997e-006	-6.7516e+013	-6.7191e+013	6.7191e+013	5.2500e-015
3.310e+000	5.2031e-006	-6.7840e+013	-6.7516e+013	6.7516e+013	5.2500e-015
3.320e+000	5.2064e-006	-6.8165e+013	-6.7840e+013	6.7840e+013	5.2500e-015
3.330e+000	5.2098e-006	-6.8490e+013	-6.8165e+013	6.8165e+013	5.2500e-015
3.340e+000	5.2131e-006	-6.8816e+013	-6.8490e+013	6.8490e+013	5.2500e-015
3.350e+000	5.2164e-006	-6.9141e+013	-6.8816e+013	6.8816e+013	5.2500e-015
3.360e+000	5.2196e-006	-6.9467e+013	-6.9141e+013	6.9141e+013	5.2500e-015
3.370e+000	5.2229e-006	-6.9793e+013	-6.9467e+013	6.9467e+013	5.2500e-015
3.380e+000	5.2261e-006	-7.0119e+013	-6.9793e+013	6.9793e+013	5.2500e-015
3.390e+000	5.2294e-006	-7.0446e+013	-7.0119e+013	7.0119e+013	5.2500e-015
3.400e+000	5.2326e-006	-7.0772e+013	-7.0446e+013	7.0446e+013	5.2500e-015
3.410e+000	5.2357e-006	-7.1099e+013	-7.0772e+013	7.0772e+013	5.2500e-015
3.420e+000	5.2389e-006	-7.1426e+013	-7.1099e+013	7.1099e+013	5.2500e-015
3.430e+000	5.2421e-006	-7.1753e+013	-7.1426e+013	7.1426e+013	5.2500e-015
3.440e+000	5.2452e-006	-7.2081e+013	-7.1753e+013	7.1753e+013	5.2500e-015
3.450e+000	5.2483e-006	-7.2408e+013	-7.2081e+013	7.2081e+013	5.2500e-015
3.460e+000	5.2514e-006	-7.2736e+013	-7.2408e+013	7.2408e+013	5.2500e-015
3.470e+000	5.2545e-006	-7.3064e+013	-7.2736e+013	7.2736e+013	5.2500e-015
3.480e+000	5.2576e-006	-7.3392e+013	-7.3064e+013	7.3064e+013	5.2500e-015
3.490e+000	5.2606e-006	-7.3720e+013	-7.3392e+013	7.3392e+013	5.2500e-015
3.500e+000	5.2636e-006	-7.4049e+013	-7.3720e+013	7.3720e+013	5.2500e-015
3.510e+000	5.2667e-006	-7.4378e+013	-7.4049e+013	7.4049e+013	5.2500e-015
3.520e+000	5.2697e-006	-7.4707e+013	-7.4378e+013	7.4378e+013	5.2500e-015
3.530e+000	5.2727e-006	-7.5036e+013	-7.4707e+013	7.4707e+013	5.2500e-015
3.540e+000	5.2756e-006	-7.5365e+013	-7.5036e+013	7.5036e+013	5.2500e-015
3.550e+000	5.2786e-006	-7.5694e+013	-7.5365e+013	7.5365e+013	5.2500e-015
3.560e+000	5.2815e-006	-7.6024e+013	-7.5694e+013	7.5694e+013	5.2500e-015
3.570e+000	5.2845e-006	-7.6354e+013	-7.6024e+013	7.6024e+013	5.2500e-015
3.580e+000	5.2874e-006	-7.6684e+013	-7.6354e+013	7.6354e+013	5.2500e-015
3.590e+000	5.2903e-006	-7.7014e+013	-7.6684e+013	7.6684e+013	5.2500e-015
3.600e+000	5.2932e-006	-7.7344e+013	-7.7014e+013	7.7014e+013	5.2500e-015
3.610e+000	5.2960e-006	-7.7675e+013	-7.7344e+013	7.7344e+013	5.2500e-015
3.620e+000	5.2989e-006	-7.8006e+013	-7.7675e+013	7.7675e+013	5.2500e-015
3.630e+000	5.3017e-006	-7.8337e+013	-7.8006e+013	7.8006e+013	5.2500e-015
3.640e+000	5.3046e-006	-7.8668e+013	-7.8337e+013	7.8337e+013	5.2500e-015
3.650e+000	5.3074e-006	-7.8999e+013	-7.8668e+013	7.8668e+013	5.2500e-015
3.660e+000	5.3102e-006	-7.9330e+013	-7.8999e+013	7.8999e+013	5.2500e-015
3.670e+000	5.3130e-006	-7.9662e+013	-7.9330e+013	7.9330e+013	5.2500e-015
3.680e+000	5.3157e-006	-7.9994e+013	-7.9662e+013	7.9662e+013	5.2500e-015
3.690e+000	5.3185e-006	-8.0326e+013	-7.9994e+013	7.9994e+013	5.2500e-015
3.700e+000	5.3212e-006	-8.0658e+013	-8.0326e+013	8.0326e+013	5.2500e-015
3.710e+000	5.3240e-006	-8.0990e+013	-8.0658e+013	8.0658e+013	5.2500e-015
3.720e+000	5.3267e-006	-8.1323e+013	-8.0990e+013	8.0990e+013	5.2500e-015
3.730e+000	5.3294e-006	-8.1655e+013	-8.1323e+013	8.1323e+013	5.2500e-015
3.740e+000	5.3321e-006	-8.1988e+013	-8.1655e+013	8.1655e+013	5.2500e-015
3.750e+000	5.3348e-006	-8.2321e+013	-8.1988e+013	8.1988e+013	5.2500e-015
3.760e+000	5.3375e-006	-8.2654e+013	-8.2321e+013	8.2321e+013	5.2500e-015
3.770e+000	5.3401e-006	-8.2988e+013	-8.2654e+013	8.2654e+013	5.2500e-015
3.780e+000	5.3428e-006	-8.3321e+013	-8.2988e+013	8.2987e+013	5.2500e-015
3.790e+000	5.3454e-006	-8.3655e+013	-8.3321e+013	8.3321e+013	5.2500e-015
3.800e+000	5.3480e-006	-8.3988e+013	-8.3655e+013	8.3655e+013	5.2500e-015
3.810e+000	5.3506e-006	-8.4322e+013	-8.3988e+013	8.3988e+013	5.2500e-015
3.820e+000	5.3532e-006	-8.4657e+013	-8.4322e+013	8.4322e+013	5.2500e-015
3.830e+000	5.3558e-006	-8.4991e+013	-8.4657e+013	8.4656e+013	5.2500e-015
3.840e+000	5.3584e-006	-8.5325e+013	-8.4991e+013	8.4991e+013	5.2500e-015
3.850e+000	5.3610e-006	-8.5660e+013	-8.5325e+013	8.5325e+013	5.2500e-015
3.860e+000	5.3635e-006	-8.5995e+013	-8.5660e+013	8.5660e+013	5.2500e-015
3.870e+000	5.3660e-006	-8.6330e+013	-8.5995e+013	8.5995e+013	5.2500e-015
3.880e+000	5.3686e-006	-8.6665e+013	-8.6330e+013	8.6329e+013	5.2500e-015
3.890e+000	5.3711e-006	-8.7000e+013	-8.6665e+013	8.6665e+013	5.2500e-015
3.900e+000	5.3736e-006	-8.7335e+013	-8.7000e+013	8.7000e+013	5.2500e-015
3.910e+000	5.3761e-006	-8.7671e+013	-8.7335e+013	8.7335e+013	5.2500e-015
3.920e+000	5.3786e-006	-8.8006e+013	-8.7671e+013	8.7671e+013	5.2500e-015
3.930e+000	5.3811e-006	-8.8342e+013	-8.8006e+013	8.8006e+013	5.2500e-015
3.940e+000	5.3835e-006	-8.8678e+013	-8.8342e+013	8.8342e+013	5.2500e-015
3.950e+000	5.3860e-006	-8.9015e+013	-8.8678e+013	8.8678e+013	5.2500e-015
3.960e+000	5.3884e-006	-8.9351e+013	-8.9015e+013	8.9014e+013	5.2500e-015
3.970e+000	5.3908e-006	-8.9687e+013	-8.9351e+013	8.9351e+013	5.2500e-015
3.980e+000	5.3933e-006	-9.0024e+013	-8.9687e+013	8.9687e+013	5.2500e-015
3.990e+000	5.3957e-006	-9.0361e+013	-9.0024e+013	9.0024e+013	5.2500e-015
4.000e+000	5.3981e-006	-9.0698e+013	-9.0361e+013	9.0361e+013	5.2500e-015
4.010e+000	5.4005e-006	-9.1035e+013	-9.0698e+013	9.0698e+013	5.2500e-015
4.020e+000	5.4029e-006	-9.1372e+013	-9.1035e+013	9.1035e+013	5.2500e-015
4.030e+000	5.4052e-006	-9.1709e+013	-9.1372e+013	9.1372e+013	5.2500e-015
4.040e+000	5.4076e-006	-9.2047e+013	-9.1709e+013	9.1709e+013	5.2500e-015
4.050e+000	5.4099e-006	-9.2384e+013	-9.2047e+013	9.2047e+013	5.2500e-015
4.060e+000	5.4123e-006	-9.2722e+013	-9.2384e+013	9.2384e+013	5.2500e-015
4.070e+000	5.4146e-006	-9.3060e+013	-9.2722e+013	9.2722e+013	5.2500e-015
4.080e+000	5.4169e-006	-9.3398e+013	-9.3060e+013	9.3060e+013	5.2500e-015
4.090e+000	5.4193e-006	-9.3737e+013	-9.3398e+013	9.3398e+013	5.2500e-015
4.100e+000	5.4216e-006	-9.4075e+013	-9.3737e+013	9.3737e+013	5.2500e-015
4.110e+000	5.4239e-006	-9.4413e+013	-9.4075e+013	9.4075e+013	5.2500e-015
4.120e+000	5.4261e-006	-9.4752e+013	-9.4413e+013	9.4413e+013	5.2500e-015
4.130e+000	5.4284e-006	-9.5091e+013	-9.4752e+013	9.4752e+013	5.2500e-015
4.140e+000	5.4307e-006	-9.5430e+013	-9.5091e+013	9.5091e+013	5.2500e-015
4.150e+000	5.4329e-006	-9.5769e+013	-9.5430e+013	9.5430e+013	5.2500e-015
4.160e+000	5.4352e-006	-9.6108e+013	-9.5769e+013	9.5769e+013	5.2500e-015
4.170e+000	5.4374e-006	-9.6448e+013	-9.6108e+013	9.6108e+013	5.2500e-015
4.180e+000	5.4395e-006	-9.6787e+013	-9.6448e+013	9.6448e+013	5.2500e-015
4.190e+000	5.4417e-006	-9.7127e+013	-9.6787e+013	9.6787e+013	5.2500e-015
4.200e+000	5.4439e-006	-9.7467e+013	-9.7127e+013	9.7127e+013	5.2500e-015
4.210e+000	5.4461e-006	-9.7806e+013	-9.7467e+013	9.7467e+013	5.2500e-015
4.220e+000	5.4483e-006	-9.8147e+013	-9.7806e+013	9.7806e+013	5.2500e-015
4.230e+000	5.4505e-006	-9.8487e+013	-9.8147e+013	9.8146e+013	5.2500e-015
4.240e+000	5.4527e-006	-9.8827e+013	-9.8487e+013	9.8487e+013	5.2500e-015
4.250e+000	5.4548e-006	-9.9168e+013	-9.8827e+013	9.8827e+013	5.2500e-015
4.260e+000	5.4570e-006	-9.9508e+013	-9.9168e+013	9.9167e+013	5.2500e-015
4.270e+000	5.4592e-006	-9.9849e+013	-9.9508e+013	9.9508e+013	5.2500e-015
4.280e+000	5.4613e-006	-1.0019e+014	-9.9849e+013	9.9849e+013	5.2500e-015
4.290e+000	5.4634e-006	-1.0053e+014	-1.0019e+014	1.0019e+014	5.2500e-015
4.300e+000	5.4656e-006	-1.0087e+014	-1.0053e+014	1.0053e+014	5.2500e-015
4.310e+000	5.4677e-006	-1.0121e+014	-1.0087e+014	1.0087e+014	5.2500e-015
4.320e+000	5.4698e-006	-1.0155e+014	-1.0121e+014	1.0121e+014	5.2500e-015
4.330e+000	5.4719e-006	-1.0190e+014	-1.0155e+014	1.0155e+014	5.2500e-015
4.340e+000	5.4740e-006	-1.0224e+014	-1.0190e+014	1.0190e+014	5.2500e-015
4.350e+000	5.4761e-006	-1.0258e+014	-1.0224e+014	1.0224e+014	5.2500e-015
4.360e+000	5.4782e-006	-1.0292e+014	-1.0258e+014	1.0258e+014	5.2500e-015
4.370e+000	5.4803e-006	-1.0326e+014	-1.0292e+014	1.0292e+014	5.2500e-015
4.380e+000	5.4823e-006	-1.0361e+014	-1.0326e+014	1.0326e+014	5.2500e-015
4.390e+000	5.4844e-006	-1.0395e+014	-1.0361e+014	1.0361e+014	5.2500e-015
4.400e+000	5.4864e-006	-1.0429e+014	-1.0395e+014	1.0395e+014	5.2500e-015
4.410e+000	5.4885e-006	-1.0463e+014	-1.0429e+014	1.0429e+014	5.2500e-015
4.420e+000	5.4905e-006	-1.0498e+014	-1.0463e+014	1.0463e+014	5.2500e-015
4.430e+000	5.4925e-006	-1.0532e+014	-1.0498e+014	1.0498e+014	5.2500e-015
4.440e+000	5.4946e-006	-1.0566e+014	-1.0532e+014	1.0532e+014	5.2500e-015
4.450e+000	5.4966e-006	-1.0600e+014	-1.0566e+014	1.0566e+014	5.2500e-015
4.460e+000	5.4986e-006	-1.0635e+014	-1.0600e+014	1.0600e+014	5.2500e-015
4.470e+000	5.5006e-006	-1.0669e+014	-1.0635e+014	1.0635e+014	5.2500e-015
4.480e+000	5.5026e-006	-1.0703e+014	-1.0669e+014	1.0669e+014	5.2500e-015
4.490e+000	5.5046e-006	-1.0738e+014	-1.0703e+014	1.0703e+014	5.2500e-015
4.500e+000	5.5066e-006	-1.0772e+014	-1.0738e+014	1.0738e+014	5.2500e-015
4.510e+000	5.5085e-006	-1.0807e+014	-1.0772e+014	1.0772e+014	5.2500e-015
4.520e+000	5.5105e-006	-1.0841e+014	-1.0807e+014	1.0807e+014	5.2500e-015
4.530e+000	5.5124e-006	-1.0875e+014	-1.0841e+014	1.0841e+014	5.2500e-015
4.540e+000	5.5144e-006	-1.0910e+014	-1.0875e+014	1.0875e+014	5.2500e-015
4.550e+000	5.5163e-006	-1.0944e+014	-1.0910e+014	1.0910e+014	5.2500e-015
4.560e+000	5.5183e-006	-1.0979e+014	-1.0944e+014	1.0944e+014	5.2500e-015
4.570e+000	5.5202e-006	-1.1013e+014	-1.0979e+014	1.0979e+014	5.2500e-015
4.580e+000	5.5221e-006	-1.1048e+014	-1.1013e+014	1.1013e+014	5.2500e-015
4.590e+000	5.5241e-006	-1.1082e+014	-1.1048e+014	1.1048e+014	5.2500e-015
4.600e+000	5.5260e-006	-1.1117e+014	-1.1082e+014	1.1082e+014	5.2500e-015
4.610e+000	5.5279e-006	-1.1151e+014	-1.1117e+014	1.1117e+014	5.2500e-015
4.620e+000	5.5298e-006	-1.1186e+014	-1.1151e+014	1.1151e+014	5.2500e-015
4.630e+000	5.5317e-006	-1.1220e+014	-1.1186e+014	1.1186e+014	5.2500e-015
4.640e+000	5.5335e-006	-1.1255e+014	-1.1220e+014	1.1220e+014	5.2500e-015
4.650e+000	5.5354e-006	-1.1289e+014	-1.1255e+014	1.1255e+014	5.2500e-015
4.660e+000	5.5373e-006	-1.1324e+014	-1.1289e+014	1.1289e+014	5.2500e-015
4.670e+000	5.5392e-006	-1.1358e+014	-1.1324e+014	1.1324e+014	5.2500e-015
4.680e+000	5.5410e-006	-1.1393e+014	-1.1358e+014	1.1358e+014	5.2500e-015
4.690e+000	5.5429e-006	-1.1427e+014	-1.1393e+014	1.1393e+014	5.2500e-015
4.700e+000	5.5447e-006	-1.1462e+014	-1.1427e+014	1.1427e+014	5.2500e-015
4.710e+000	5.5466e-006	-1.1497e+014	-1.1462e+014	1.1462e+014	5.2500e-015
4.720e+000	5.5484e-006	-1.1531e+014	-1.1497e+014	1.1497e+014	5.2500e-015
4.730e+000	5.5502e-006	-1.1566e+014	-1.1531e+014	1.1531e+014	5.2500e-015
4.740e+000	5.5520e-006	-1.1601e+014	-1.1566e+014	1.1566e+014	5.2500e-015
4.750e+000	5.5539e-006	-1.1635e+014	-1.1601e+014	1.1601e+014	5.2500e-015
4.760e+000	5.5557e-006	-1.1670e+014	-1.1635e+014	1.1635e+014	5.2500e-015
4.770e+000	5.5575e-006	-1.1705e+014	-1.1670e+014	1.1670e+014	5.2500e-015
4.780e+000	5.5593e-006	-1.1739e+014	-1.1705e+014	1.1705e+014	5.2500e-015
4.790e+000	5.5611e-006	-1.1774e+014	-1.1739e+014	1.1739e+014	5.2500e-015
4.800e+000	5.5629e-006	-1.1809e+014	-1.1774e+014	1.1774e+014	5.2500e-015
4.810e+000	5.5646e-006	-1.1844e+014	-1.1809e+014	1.1809e+014	5.2500e-015
4.820e+000	5.5664e-006	-1.1878e+014	-1.1844e+014	1.1844e+014	5.2500e-015
4.830e+000	5.5682e-006	-1.1913e+014	-1.1878e+014	1.1878e+014	5.2500e-015
4.840e+000	5.5700e-006	-1.1948e+014	-1.1913e+014	1.1913e+014	5.2500e-015
4.850e+000	5.5717e-006	-1.1983e+014	-1.1948e+014	1.1948e+014	5.2500e-015
4.860e+000	5.5735e-006	-1.2017e+014	-1.1983e+014	1.1983e+014	5.2500e-015
4.870e+000	5.5752e-006	-1.2052e+014	-1.2017e+014	1.2017e+014	5.2500e-015
4.880e+000	5.5770e-006	-1.2087e+014	-1.2052e+014	1.2052e+014	5.2500e-015
4.890e+000	5.5787e-006	-1.2122e+014	-1.2087e+014	1.2087e+014	5.2500e-015
4.900e+000	5.5804e-006	-1.2157e+014	-1.2122e+014	1.2122e+014	5.2500e-015
4.910e+000	5.5822e-006	-1.2191e+014	-1.2157e+014	1.2157e+014	5.2500e-015
4.920e+000	5.5839e-006	-1.2226e+014	-1.2191e+014	1.2191e+014	5.2500e-015
4.930e+000	5.5856e-006	-1.2261e+014	-1.2226e+014	1.2226e+014	5.2500e-015
4.940e+000	5.5873e-006	-1.2296e+014	-1.2261e+014	1.2261e+014	5.2500e-015
4.950e+000	5.5890e-006	-1.2331e+014	-1.2296e+014	1.2296e+014	5.2500e-015
4.960e+000	5.5907e-006	-1.2366e+014	-1.2331e+014	1.2331e+014	5.2500e-015
4.970e+000	5.5924e-006	-1.2401e+014	-1.2366e+014	1.2366e+014	5.2500e-015
4.980e+000	5.5941e-006	-1.2436e+014	-1.2401e+014	1.2401e+014	5.2500e-015
4.990e+000	5.5958e-006	-1.2471e+014	-1.2436e+014	1.2436e+014	5.2500e-015
5.000e+000	5.5974e-006	-1.2505e+014	-1.2471e+014	1.2471e+014	5.2500e-015
5.010e+000	5.5991e-006	-1.2540e+014	-1.2505e+014	1.2505e+014	5.2500e-015
5.020e+000	5.6008e-006	-1.2575e+014	-1.2540e+014	1.2540e+014	5.2500e-015
5.030e+000	5.6024e-006	-1.2610e+014	-1.2575e+014	1.2575e+014	5.2500e-015
5.040e+000	5.6041e-006	-1.2645e+014	-1.2610e+014	1.2610e+014	5.2500e-015
5.050e+000	5.6058e-006	-1.2680e+014	-1.2645e+014	1.2645e+014	5.2500e-015
5.060e+000	5.6074e-006	-1.2715e+014	-1.2680e+014	1.2680e+014	5.2500e-015
5.070e+000	5.6090e-006	-1.2750e+014	-1.2715e+014	1.2715e+014	5.2500e-015
5.080e+000	5.6107e-006	-1.2785e+014	-1.2750e+014	1.2750e+014	5.2500e-015
5.090e+000	5.6123e-006	-1.2820e+014	-1.2785e+014	1.2785e+014	5.2500e-015
5.100e+000	5.6139e-006	-1.2855e+014	-1.2820e+014	1.2820e+014	5.2500e-015
5.110e+000	5.6156e-006	-1.2890e+014	-1.2855e+014	1.2855e+014	5.2500e-015
5.120e+000	5.6172e-006	-1.2926e+014	-1.2890e+014	1.2890e+014	5.2500e-015
5.130e+000	5.6188e-006	-1.2961e+014	-1.2926e+014	1.2926e+014	5.2500e-015
5.140e+000	5.6204e-006	-1.2996e+014	-1.2961e+014	1.2961e+014	5.2500e-015
5.150e+000	5.6220e-006	-1.3031e+014	-1.2996e+014	1.2996e+014	5.2500e-015
5.160e+000	5.6236e-006	-1.3066e+014	-1.3031e+014	1.3031e+014	5.2500e-015
5.170e+000	5.6252e-006	-1.3101e+014	-1.3066e+014	1.3066e+014	5.2500e-015
5.180e+000	5.6268e-006	-1.3136e+014	-1.3101e+014	1.3101e+014	5.2500e-015
5.190e+000	5.6284e-006	-1.3171e+014	-1.3136e+014	1.3136e+014	5.2500e-015
5.200e+000	5.6300e-006	-1.3206e+014	-1.3171e+014	1.3171e+014	5.2500e-015
5.210e+000	5.6315e-006	-1.3242e+014	-1.3206e+014	1.3206e+014	5.2500e-015
5.220e+000	5.6331e-006	-1.3277e+014	-1.3242e+014	1.3242e+014	5.2500e-015
5.230e+000	5.6347e-006	-1.3312e+014	-1.3277e+014	1.3277e+014	5.2500e-015
5.240e+000	5.6362e-006	-1.3347e+014	-1.3312e+014	1.3312e+014	5.2500e-015
5.250e+000	5.6378e-006	-1.3382e+014	-1.3347e+014	1.3347e+014	5.2500e-015
5.260e+000	5.6394e-006	-1.3417e+014	-1.3382e+014	1.3382e+014	5.2500e-015
5.270e+000	5.6409e-006	-1.3453e+014	-1.3417e+014	1.3417e+014	5.2500e-015
5.280e+000	5.6425e-006	-1.3488e+014	-1.3453e+014	1.3453e+014	5.2500e-015
5.290e+000	5.6440e-006	-1.3523e+014	-1.3488e+014	1.3488e+014	5.2500e-015
5.300e+000	5.6455e-006	-1.3558e+014	-1.3523e+014	1.3523e+014	5.2500e-015
5.310e+000	5.6471e-006	-1.3594e+014	-1.3558e+014	1.3558e+014	5.2500e-015
5.320e+000	5.6486e-006	-1.3629e+014	-1.3594e+014	1.3594e+014	5.2500e-015
5.330e+000	5.6501e-006	-1.3664e+014	-1.3629e+014	1.3629e+014	5.2500e-015
5.340e+000	5.6516e-006	-1.3699e+014	-1.3664e+014	1.3664e+014	5.2500e-015
5.350e+000	5.6531e-006	-1.3735e+014	-1.3699e+014	1.3699e+014	5.2500e-015
5.360e+000	5.6547e-006	-1.3770e+014	-1.3735e+014	1.3735e+014	5.2500e-015
5.370e+000	5.6562e-006	-1.3805e+014	-1.3770e+014	1.3770e+014	5.2500e-015
5.380e+000	5.6577e-006	-1.3841e+014	-1.3805e+014	1.3805e+014	5.2500e-015
5.390e+000	5.6592e-006	-1.3876e+014	-1.3841e+014	1.3841e+014	5.2500e-015
5.400e+000	5.6607e-006	-1.3911e+014	-1.3876e+014	1.3876e+014	5.2500e-015
5.410e+000	5.6621e-006	-1.3947e+014	-1.3911e+014	1.3911e+014	5.2500e-015
5.420e+000	5.6636e-006	-1.3982e+014	-1.3947e+014	1.3947e+014	5.2500e-015
5.430e+000	5.6651e-006	-1.4017e+014	-1.3982e+014	1.3982e+014	5.2500e-015
5.440e+000	5.6666e-006	-1.4053e+014	-1.4017e+014	1.4017e+014	5.2500e-015
5.450e+000	5.6681e-006	-1.4088e+014	-1.4053e+014	1.4053e+014	5.2500e-015
5.460e+000	5.6695e-006	-1.4123e+014	-1.4088e+014	1.4088e+014	5.2500e-015
5.470e+000	5.6710e-006	-1.4159e+014	-1.4123e+014	1.4123e+014	5.2500e-015
5.480e+000	5.6725e-006	-1.4194e+014	-1.4159e+014	1.4159e+014	5.2500e-015
5.490e+000	5.6739e-006	-1.4230e+014	-1.4194e+014	1.4194e+014	5.2500e-015
5.500e+000	5.6754e-006	-1.4265e+014	-1.4230e+014	1.4230e+014	5.2500e-015
5.510e+000	5.6768e-006	-1.4300e+014	-1.4265e+014	1.4265e+014	5.2500e-015
5.520e+000	5.6783e-006	-1.4336e+014	-1.4300e+014	1.4300e+014	5.2500e-015
5.530e+000	5.6797e-006	-1.4371e+014	-1.4336e+014	1.4336e+014	5.2500e-015
5.540e+000	5.6811e-006	-1.4407e+014	-1.4371e+014	1.4371e+014	5.2500e-015
5.550e+000	5.6826e-006	-1.4442e+014	-1.4407e+014	1.4407e+014	5.2500e-015
5.560e+000	5.6840e-006	-1.4478e+014	-1.4442e+014	1.4442e+014	5.2500e-015
5.570e+000	5.6854e-006	-1.4513e+014	-1.4478e+014	1.4478e+014	5.2500e-015
5.580e+000	5.6869e-006	-1.4549e+014	-1.4513e+014	1.4513e+014	5.2500e-015
5.590e+000	5.6883e-006	-1.4584e+014	-1.4549e+014	1.4549e+014	5.2500e-015
5.600e+000	5.6897e-006	-1.4620e+014	-1.4584e+014	1.4584e+014	5.2500e-015
5.610e+000	5.6911e-006	-1.4655e+014	-1.4620e+014	1.4620e+014	5.2500e-015
5.620e+000	5.6925e-006	-1.4691e+014	-1.4655e+014	1.4655e+014	5.2500e-015
5.630e+000	5.6939e-006	-1.4726e+014	-1.4691e+014	1.4691e+014	5.2500e-015
5.640e+000	5.6953e-006	-1.4762e+014	-1.4726e+014	1.4726e+014	5.2500e-015
5.650e+000	5.6967e-006	-1.4797e+014	-1.4762e+014	1.4762e+014	5.2500e-015
5.660e+000	5.6981e-006	-1.4833e+014	-1.4797e+014	1.4797e+014	5.2500e-015
5.670e+000	5.6995e-006	-1.4869e+014	-1.4833e+014	1.4833e+014	5.2500e-015
5.680e+000	5.7009e-006	-1.4904e+014	-1.4869e+014	1.4869e+014	5.2500e-015
5.690e+000	5.7023e-006	-1.4940e+014	-1.4904e+014	1.4904e+014	5.2500e-015
5.700e+000	5.7036e-006	-1.4975e+014	-1.4940e+014	1.4940e+014	5.2500e-015
5.710e+000	5.7050e-006	-1.5011e+014	-1.4975e+014	1.4975e+014	5.2500e-015
5.720e+000	5.7064e-006	-1.5047e+014	-1.5011e+014	1.5011e+014	5.2500e-015
5.730e+000	5.7077e-006	-1.5082e+014	-1.5047e+014	1.5047e+014	5.2500e-015
5.740e+000	5.7091e-006	-1.5118e+014	-1.5082e+014	1.5082e+014	5.2500e-015
5.750e+000	5.7105e-006	-1.5153e+014	-1.5118e+014	1.5118e+014	5.2500e-015
5.760e+000	5.7118e-006	-1.5189e+014	-1.5153e+014	1.5153e+014	5.2500e-015
5.770e+000	5.7132e-006	-1.5225e+014	-1.5189e+014	1.5189e+014	5.2500e-015
5.780e+000	5.7145e-006	-1.5260e+014	-1.5225e+014	1.5225e+014	5.2500e-015
5.790e+000	5.7159e-006	-1.5296e+014	-1.5260e+014	1.5260e+014	5.2500e-015
5.800e+000	5.7172e-006	-1.5332e+014	-1.5296e+014	1.5296e+014	5.2500e-015
5.810e+000	5.7186e-006	-1.5367e+014	-1.5332e+014	1.5332e+014	5.2500e-015
5.820e+000	5.7199e-006	-1.5403e+014	-1.5367e+014	1.5367e+014	5.2500e-015
5.830e+000	5.7212e-006	-1.5439e+014	-1.5403e+014	1.5403e+014	5.2500e-015
5.840e+000	5.7226e-006	-1.5475e+014	-1.5439e+014	1.5439e+014	5.2500e-015
5.850e+000	5.7239e-006	-1.5510e+014	-1.5475e+014	1.5475e+014	5.2500e-015
5.860e+000	5.7252e-006	-1.5546e+014	-1.5510e+014	1.5510e+014	5.2500e-015
5.870e+000	5.7265e-006	-1.5582e+014	-1.5546e+014	1.5546e+014	5.2500e-015
5.880e+000	5.7279e-006	-1.5618e+014	-1.5582e+014	1.5582e+014	5.2500e-015
5.890e+000	5.7292e-006	-1.5653e+014	-1.5618e+014	1.5618e+014	5.2500e-015
5.900e+000	5.7305e-006	-1.5689e+014	-1.5653e+014	1.5653e+014	5.2500e-015
5.910e+000	5.7318e-006	-1.5725e+014	-1.5689e+014	1.5689e+014	5.2500e-015
5.920e+000	5.7331e-006	-1.5761e+014	-1.5725e+014	1.5725e+014	5.2500e-015
5.930e+000	5.7344e-006	-1.5796e+014	-1.5761e+014	1.5761e+014	5.2500e-015
5.940e+000	5.7357e-006	-1.5832e+014	-1.5796e+014	1.5796e+014	5.2500e-015
5.950e+000	5.7370e-006	-1.5868e+014	-1.5832e+014	1.5832e+014	5.2500e-015
5.960e+000	5.7383e-006	-1.5904e+014	-1.5868e+014	1.5868e+014	5.2500e-015
5.970e+000	5.7396e-006	-1.5940e+014	-1.5904e+014	1.5904e+014	5.2500e-015
5.980e+000	5.7409e-006	-1.5976e+014	-1.5940e+014	1.5940e+014	5.2500e-015
5.990e+000	5.7421e-006	-1.6011e+014	-1.5976e+014	1.5975e+014	5.2500e-015
6.000e+000	5.7434e-006	-1.6047e+014	-1.6011e+014	1.6011e+014	5.2500e-015
6.010e+000	5.7447e-006	-1.6083e+014	-1.6047e+014	1.6047e+014	5.2500e-015
6.020e+000	5.7460e-006	-1.6119e+014	-1.6083e+014	1.6083e+014	5.2500e-015
6.030e+000	5.7472e-006	-1.6155e+014	-1.6119e+014	1.6119e+014	5.2500e-015
6.040e+000	5.7485e-006	-1.6191e+014	-1.6155e+014	1.6155e+014	5.2500e-015
6.050e+000	5.7498e-006	-1.6227e+014	-1.6191e+014	1.6191e+014	5.2500e-015
6.060e+000	5.7510e-006	-1.6262e+014	-1.6227e+014	1.6227e+014	5.2500e-015
6.070e+000	5.7523e-006	-1.6298e+014	-1.6262e+014	1.6262e+014	5.2500e-015
6.080e+000	5.7535e-006	-1.6334e+014	-1.6298e+014	1.6298e+014	5.2500e-015
6.090e+000	5.7548e-006	-1.6370e+014	-1.6334e+014	1.6334e+014	5.2500e-015
6.100e+000	5.7560e-006	-1.6406e+014	-1.6370e+014	1.6370e+014	5.2500e-015
6.110e+000	5.7573e-006	-1.6442e+014	-1.6406e+014	1.6406e+014	5.2500e-015
6.120e+000	5.7585e-006	-1.6478e+014	-1.6442e+014	1.6442e+014	5.2500e-015
6.130e+000	5.7598e-006	-1.6514e+014	-1.6478e+014	1.6478e+014	5.2500e-015
6.140e+000	5.7610e-006	-1.6550e+014	-1.6514e+014	1.6514e+014	5.2500e-015
6.150e+000	5.7622e-006	-1.6586e+014	-1.6550e+014	1.6550e+014	5.2500e-015
6.160e+000	5.7635e-006	-1.6622e+014	-1.6586e+014	1.6586e+014	5.2500e-015
6.170e+000	5.7647e-006	-1.6658e+014	-1.6622e+014	1.6622e+014	5.2500e-015
6.180e+000	5.7659e-006	-1.6694e+014	-1.6658e+014	1.6658e+014	5.2500e-015
6.190e+000	5.7671e-006	-1.6730e+014	-1.6694e+014	1.6694e+014	5.2500e-015
6.200e+000	5.7684e-006	-1.6766e+014	-1.6730e+014	1.6730e+014	5.2500e-015
6.210e+000	5.7696e-006	-1.6802e+014	-1.6766e+014	1.6766e+014	5.2500e-015
6.220e+000	5.7708e-006	-1.6838e+014	-1.6802e+014	1.6802e+014	5.2500e-015
6.230e+000	5.7720e-006	-1.6874e+014	-1.6838e+014	1.6838e+014	5.2500e-015
6.240e+000	5.7732e-006	-1.6910e+014	-1.6874e+014	1.6874e+014	5.2500e-015
6.250e+000	5.7744e-006	-1.6946e+014	-1.6910e+014	1.6910e+014	5.2500e-015
6.260e+000	5.7756e-006	-1.6982e+014	-1.6946e+014	1.6946e+014	5.2500e-015
6.270e+000	5.7768e-006	-1.7018e+014	-1.6982e+014	1.6982e+014	5.2500e-015
6.280e+000	5.7780e-006	-1.7054e+014	-1.7018e+014	1.7018e+014	5.2500e-015
6.290e+000	5.7792e-006	-1.7090e+014	-1.7054e+014	1.7054e+014	5.2500e-015
6.300e+000	5.7804e-006	-1.7126e+014	-1.7090e+014	1.7090e+014	5.2500e-015
6.310e+000	5.7816e-006	-1.7162e+014	-1.7126e+014	1.7126e+014	5.2500e-015
6.320e+000	5.7828e-006	-1.7198e+014	-1.7162e+014	1.7162e+014	5.2500e-015
6.330e+000	5.7840e-006	-1.7235e+014	-1.7198e+014	1.7198e+014	5.2500e-015
6.340e+000	5.7851e-006	-1.7271e+014	-1.7235e+014	1.7235e+014	5.2500e-015
6.350e+000	5.7863e-006	-1.7307e+014	-1.7271e+014	1.7271e+014	5.2500e-015
6.360e+000	5.7875e-006	-1.7343e+014	-1.7307e+014	1.7307e+014	5.2500e-015
6.370e+000	5.7887e-006	-1.7379e+014	-1.7343e+014	1.7343e+014	5.2500e-015
6.380e+000	5.7898e-006	-1.7415e+014	-1.7379e+014	1.7379e+014	5.2500e-015
6.390e+000	5.7910e-006	-1.7451e+014	-1.7415e+014	1.7415e+014	5.2500e-015
6.400e+000	5.7922e-006	-1.7487e+014	-1.7451e+014	1.7451e+014	5.2500e-015
6.410e+000	5.7933e-006	-1.7524e+014	-1.7487e+014	1.7487e+014	5.2500e-015
6.420e+000	5.7945e-006	-1.7560e+014	-1.7524e+014	1.7524e+014	5.2500e-015
6.430e+000	5.7957e-006	-1.7596e+014	-1.7560e+014	1.7560e+014	5.2500e-015
6.440e+000	5.7968e-006	-1.7632e+014	-1.7596e+014	1.7596e+014	5.2500e-015
6.450e+000	5.7980e-006	-1.7668e+014	-1.7632e+014	1.7632e+014	5.2500e-015
6.460e+000	5.7991e-006	-1.7704e+014	-1.7668e+014	1.7668e+014	5.2500e-015
6.470e+000	5.8003e-006	-1.7741e+014	-1.7704e+014	1.7704e+014	5.2500e-015
6.480e+000	5.8014e-006	-1.7777e+014	-1.7741e+014	1.7741e+014	5.2500e-015
6.490e+000	5.8026e-006	-1.7813e+014	-1.7777e+014	1.7777e+014	5.2500e-015
6.500e+000	5.8037e-006	-1.7849e+014	-1.7813e+014	1.7813e+014	5.2500e-015
6.510e+000	5.8048e-006	-1.7886e+014	-1.7849e+014	1.7849e+014	5.2500e-015
6.520e+000	5.8060e-006	-1.7922e+014	-1.7886e+014	1.7886e+014	5.2500e-015
6.530e+000	5.8071e-006	-1.7958e+014	-1.7922e+014	1.7922e+014	5.2500e-015
6.540e+000	5.8082e-006	-1.7994e+014	-1.7958e+014	1.7958e+014	5.2500e-015
6.550e+000	5.8094e-006	-1.8031e+014	-1.7994e+014	1.7994e+014	5.2500e-015
6.560e+000	5.8105e-006	-1.8067e+014	-1.8031e+014	1.8031e+014	5.2500e-015
6.570e+000	5.8116e-006	-1.8103e+014	-1.8067e+014	1.8067e+014	5.2500e-015
6.580e+000	5.8127e-006	-1.8139e+014	-1.8103e+014	1.8103e+014	5.2500e-015
6.590e+000	5.8138e-006	-1.8176e+014	-1.8139e+014	1.8139e+014	5.2500e-015
6.600e+000	5.8150e-006	-1.8212e+014	-1.8176e+014	1.8176e+014	5.2500e-015
6.610e+000	5.8161e-006	-1.8248e+014	-1.8212e+014	1.8212e+014	5.2500e-015
6.620e+000	5.8172e-006	-1.8285e+014	-1.8248e+014	1.8248e+014	5.2500e-015
6.630e+000	5.8183e-006	-1.8321e+014	-1.8285e+014	1.8285e+014	5.2500e-015
6.640e+000	5.8194e-006	-1.8357e+014	-1.8321e+014	1.8321e+014	5.2500e-015
6.650e+000	5.8205e-006	-1.8394e+014	-1.8357e+014	1.8357e+014	5.2500e-015
6.660e+000	5.8216e-006	-1.8430e+014	-1.8394e+014	1.8394e+014	5.2500e-015
6.670e+000	5.8227e-006	-1.8466e+014	-1.8430e+014	1.8430e+014	5.2500e-015
6.680e+000	5.8238e-006	-1.8503e+014	-1.8466e+014	1.8466e+014	5.2500e-015
6.690e+000	5.8249e-006	-1.8539e+014	-1.8503e+014	1.8503e+014	5.2500e-015
6.700e+000	5.8260e-006	-1.8575e+014	-1.8539e+014	1.8539e+014	5.2500e-015
6.710e+000	5.8271e-006	-1.8612e+014	-1.8575e+014	1.8575e+014	5.2500e-015
6.720e+000	5.8282e-006	-1.8648e+014	-1.8612e+014	1.8612e+014	5.2500e-015
6.730e+000	5.8292e-006	-1.8684e+014	-1.8648e+014	1.8648e+014	5.2500e-015
6.740e+000	5.8303e-006	-1.8721e+014	-1.8684e+014	1.8684e+014	5.2500e-015
6.750e+000	5.8314e-006	-1.8757e+014	-1.8721e+014	1.8721e+014	5.2500e-015
6.760e+000	5.8325e-006	-1.8794e+014	-1.8757e+014	1.8757e+014	5.2500e-015
6.770e+000	5.8336e-006	-1.8830e+014	-1.8794e+014	1.8794e+014	5.2500e-015
6.780e+000	5.8346e-006	-1.8866e+014	-1.8830e+014	1.8830e+014	5.2500e-015
6.790e+000	5.8357e-006	-1.8903e+014	-1.8866e+014	1.8866e+014	5.2500e-015
6.800e+000	5.8368e-006	-1.8939e+014	-1.8903e+014	1.8903e+014	5.2500e-015
6.810e+000	5.8378e-006	-1.8976e+014	-1.8939e+014	1.8939e+014	5.2500e-015
6.820e+000	5.8389e-006	-1.9012e+014	-1.8976e+014	1.8976e+014	5.2500e-015
6.830e+000	5.8400e-006	-1.9049e+014	-1.9012e+014	1.9012e+014	5.2500e-015
6.840e+000	5.8410e-006	-1.9085e+014	-1.9049e+014	1.9049e+014	5.2500e-015
6.850e+000	5.8421e-006	-1.9122e+014	-1.9085e+014	1.9085e+014	5.2500e-015
6.860e+000	5.8431e-006	-1.9158e+014	-1.9122e+014	1.9122e+014	5.2500e-015
6.870e+000	5.8442e-006	-1.9194e+014	-1.9158e+014	1.9158e+014	5.2500e-015
6.880e+000	5.8453e-006	-1.9231e+014	-1.9194e+014	1.9194e+014	5.2500e-015
6.890e+000	5.8463e-006	-1.9267e+014	-1.9231e+014	1.9231e+014	5.2500e-015
6.900e+000	5.8474e-006	-1.9304e+014	-1.9267e+014	1.9267e+014	5.2500e-015
6.910e+000	5.8484e-006	-1.9340e+014	-1.9304e+014	1.9304e+014	5.2500e-015
6.920e+000	5.8494e-006	-1.9377e+014	-1.9340e+014	1.9340e+014	5.2500e-015
6.930e+000	5.8505e-006	-1.9413e+014	-1.9377e+014	1.9377e+014	5.2500e-015
6.940e+000	5.8515e-006	-1.9450e+014	-1.9413e+014	1.9413e+014	5.2500e-015
6.950e+000	5.8526e-006	-1.9487e+014	-1.9450e+014	1.9450e+014	5.2500e-015
6.960e+000	5.8536e-006	-1.9523e+014	-1.9487e+014	1.9487e+014	5.2500e-015
6.970e+000	5.8546e-006	-1.9560e+014	-1.9523e+014	1.9523e+014	5.2500e-015
6.980e+000	5.8557e-006	-1.9596e+014	-1.9560e+014	1.9560e+014	5.2500e-015
6.990e+000	5.8567e-006	-1.9633e+014	-1.9596e+014	1.9596e+014	5.2500e-015
7.000e+000	5.8577e-006	-1.9669e+014	-1.9633e+014	1.9633e+014	5.2500e-015
