V	C (Fcm-2)	Initcharge (cm-2)	Finalcharge (cm-2)	ns Total (cm-2)	ps Total (cm-2)
-7.000e+000	4.8065e-017	-1.6387e+009	-1.6387e+009	6.3476e+000	5.2500e-015
-6.990e+000	4.8065e-017	-1.6387e+009	-1.6387e+009	6.3476e+000	5.2500e-015
-6.980e+000	4.8065e-017	-1.6387e+009	-1.6387e+009	6.3476e+000	5.2500e-015
-6.970e+000	4.8065e-017	-1.6387e+009	-1.6387e+009	6.3476e+000	5.2500e-015
-6.960e+000	4.8065e-017	-1.6387e+009	-1.6387e+009	6.3476e+000	5.2500e-015
-6.950e+000	4.8065e-017	-1.6387e+009	-1.6387e+009	6.3476e+000	5.2500e-015
-6.940e+000	4.8065e-017	-1.6387e+009	-1.6387e+009	6.3476e+000	5.2500e-015
-6.930e+000	4.8065e-017	-1.6387e+009	-1.6387e+009	6.3476e+000	5.2500e-015
-6.920e+000	4.8065e-017	-1.6387e+009	-1.6387e+009	6.3476e+000	5.2500e-015
-6.910e+000	4.8065e-017	-1.6387e+009	-1.6387e+009	6.3476e+000	5.2500e-015
-6.900e+000	4.8065e-017	-1.6387e+009	-1.6387e+009	6.3476e+000	5.2500e-015
-6.890e+000	4.8065e-017	-1.6387e+009	-1.6387e+009	6.3476e+000	5.2500e-015
-6.880e+000	4.8065e-017	-1.6387e+009	-1.6387e+009	6.3476e+000	5.2500e-015
-6.870e+000	4.8065e-017	-1.6387e+009	-1.6387e+009	6.3476e+000	5.2500e-015
-6.860e+000	4.8065e-017	-1.6387e+009	-1.6387e+009	6.3476e+000	5.2500e-015
-6.850e+000	4.8065e-017	-1.6387e+009	-1.6387e+009	6.3476e+000	5.2500e-015
-6.840e+000	4.8065e-017	-1.6387e+009	-1.6387e+009	6.3476e+000	5.2500e-015
-6.830e+000	4.8065e-017	-1.6387e+009	-1.6387e+009	6.3476e+000	5.2500e-015
-6.820e+000	4.8065e-017	-1.6387e+009	-1.6387e+009	6.3476e+000	5.2500e-015
-6.810e+000	4.8065e-017	-1.6387e+009	-1.6387e+009	6.3476e+000	5.2500e-015
-6.800e+000	4.8065e-017	-1.6387e+009	-1.6387e+009	6.3476e+000	5.2500e-015
-6.790e+000	4.8065e-017	-1.6387e+009	-1.6387e+009	6.3476e+000	5.2500e-015
-6.780e+000	4.8065e-017	-1.6387e+009	-1.6387e+009	6.3476e+000	5.2500e-015
-6.770e+000	4.8065e-017	-1.6387e+009	-1.6387e+009	6.3476e+000	5.2500e-015
-6.760e+000	4.8065e-017	-1.6387e+009	-1.6387e+009	6.3476e+000	5.2500e-015
-6.750e+000	4.8065e-017	-1.6387e+009	-1.6387e+009	6.3476e+000	5.2500e-015
-6.740e+000	4.8065e-017	-1.6387e+009	-1.6387e+009	6.3476e+000	5.2500e-015
-6.730e+000	4.8065e-017	-1.6387e+009	-1.6387e+009	6.3476e+000	5.2500e-015
-6.720e+000	4.8065e-017	-1.6387e+009	-1.6387e+009	6.3476e+000	5.2500e-015
-6.710e+000	4.8065e-017	-1.6387e+009	-1.6387e+009	6.3476e+000	5.2500e-015
-6.700e+000	4.8065e-017	-1.6387e+009	-1.6387e+009	6.3476e+000	5.2500e-015
-6.690e+000	4.8065e-017	-1.6387e+009	-1.6387e+009	6.3476e+000	5.2500e-015
-6.680e+000	4.8065e-017	-1.6387e+009	-1.6387e+009	6.3476e+000	5.2500e-015
-6.670e+000	4.8065e-017	-1.6387e+009	-1.6387e+009	6.3476e+000	5.2500e-015
-6.660e+000	4.8065e-017	-1.6387e+009	-1.6387e+009	6.3476e+000	5.2500e-015
-6.650e+000	4.8065e-017	-1.6387e+009	-1.6387e+009	6.3476e+000	5.2500e-015
-6.640e+000	4.8065e-017	-1.6387e+009	-1.6387e+009	6.3476e+000	5.2500e-015
-6.630e+000	4.8065e-017	-1.6387e+009	-1.6387e+009	6.3476e+000	5.2500e-015
-6.620e+000	4.8065e-017	-1.6387e+009	-1.6387e+009	6.3476e+000	5.2500e-015
-6.610e+000	4.8065e-017	-1.6387e+009	-1.6387e+009	6.3476e+000	5.2500e-015
-6.600e+000	4.8065e-017	-1.6387e+009	-1.6387e+009	6.3476e+000	5.2500e-015
-6.590e+000	4.8065e-017	-1.6387e+009	-1.6387e+009	6.3476e+000	5.2500e-015
-6.580e+000	4.8065e-017	-1.6387e+009	-1.6387e+009	6.3476e+000	5.2500e-015
-6.570e+000	4.8065e-017	-1.6387e+009	-1.6387e+009	6.3476e+000	5.2500e-015
-6.560e+000	4.8065e-017	-1.6387e+009	-1.6387e+009	6.3476e+000	5.2500e-015
-6.550e+000	4.8065e-017	-1.6387e+009	-1.6387e+009	6.3476e+000	5.2500e-015
-6.540e+000	4.8065e-017	-1.6387e+009	-1.6387e+009	6.3476e+000	5.2500e-015
-6.530e+000	4.8065e-017	-1.6387e+009	-1.6387e+009	6.3476e+000	5.2500e-015
-6.520e+000	4.8065e-017	-1.6387e+009	-1.6387e+009	6.3476e+000	5.2500e-015
-6.510e+000	4.8065e-017	-1.6387e+009	-1.6387e+009	6.3476e+000	5.2500e-015
-6.500e+000	4.8065e-017	-1.6387e+009	-1.6387e+009	6.3476e+000	5.2500e-015
-6.490e+000	4.8065e-017	-1.6387e+009	-1.6387e+009	6.3476e+000	5.2500e-015
-6.480e+000	4.8065e-017	-1.6387e+009	-1.6387e+009	6.3476e+000	5.2500e-015
-6.470e+000	4.8065e-017	-1.6387e+009	-1.6387e+009	6.3476e+000	5.2500e-015
-6.460e+000	4.8065e-017	-1.6387e+009	-1.6387e+009	6.3476e+000	5.2500e-015
-6.450e+000	4.8065e-017	-1.6387e+009	-1.6387e+009	6.3476e+000	5.2500e-015
-6.440e+000	4.8065e-017	-1.6387e+009	-1.6387e+009	6.3476e+000	5.2500e-015
-6.430e+000	4.8065e-017	-1.6387e+009	-1.6387e+009	6.3476e+000	5.2500e-015
-6.420e+000	4.8065e-017	-1.6387e+009	-1.6387e+009	6.3476e+000	5.2500e-015
-6.410e+000	4.8065e-017	-1.6387e+009	-1.6387e+009	6.3476e+000	5.2500e-015
-6.400e+000	4.8065e-017	-1.6387e+009	-1.6387e+009	6.3476e+000	5.2500e-015
-6.390e+000	4.8065e-017	-1.6387e+009	-1.6387e+009	6.3476e+000	5.2500e-015
-6.380e+000	4.8065e-017	-1.6387e+009	-1.6387e+009	6.3476e+000	5.2500e-015
-6.370e+000	4.8065e-017	-1.6387e+009	-1.6387e+009	6.3476e+000	5.2500e-015
-6.360e+000	4.8065e-017	-1.6387e+009	-1.6387e+009	6.3476e+000	5.2500e-015
-6.350e+000	4.8065e-017	-1.6387e+009	-1.6387e+009	6.3476e+000	5.2500e-015
-6.340e+000	4.8065e-017	-1.6387e+009	-1.6387e+009	6.3476e+000	5.2500e-015
-6.330e+000	4.8065e-017	-1.6387e+009	-1.6387e+009	6.3476e+000	5.2500e-015
-6.320e+000	4.8065e-017	-1.6387e+009	-1.6387e+009	6.3476e+000	5.2500e-015
-6.310e+000	4.8065e-017	-1.6387e+009	-1.6387e+009	6.3476e+000	5.2500e-015
-6.300e+000	4.8065e-017	-1.6387e+009	-1.6387e+009	6.3476e+000	5.2500e-015
-6.290e+000	4.8065e-017	-1.6387e+009	-1.6387e+009	6.3476e+000	5.2500e-015
-6.280e+000	4.8065e-017	-1.6387e+009	-1.6387e+009	6.3476e+000	5.2500e-015
-6.270e+000	4.8065e-017	-1.6387e+009	-1.6387e+009	6.3476e+000	5.2500e-015
-6.260e+000	4.8065e-017	-1.6387e+009	-1.6387e+009	6.3476e+000	5.2500e-015
-6.250e+000	4.8065e-017	-1.6387e+009	-1.6387e+009	6.3476e+000	5.2500e-015
-6.240e+000	4.8065e-017	-1.6387e+009	-1.6387e+009	6.3476e+000	5.2500e-015
-6.230e+000	4.8065e-017	-1.6387e+009	-1.6387e+009	6.3476e+000	5.2500e-015
-6.220e+000	4.8065e-017	-1.6387e+009	-1.6387e+009	6.3476e+000	5.2500e-015
-6.210e+000	4.8065e-017	-1.6387e+009	-1.6387e+009	6.3476e+000	5.2500e-015
-6.200e+000	4.8065e-017	-1.6387e+009	-1.6387e+009	6.3476e+000	5.2500e-015
-6.190e+000	4.8065e-017	-1.6387e+009	-1.6387e+009	6.3476e+000	5.2500e-015
-6.180e+000	4.8065e-017	-1.6387e+009	-1.6387e+009	6.3476e+000	5.2500e-015
-6.170e+000	4.8065e-017	-1.6387e+009	-1.6387e+009	6.3476e+000	5.2500e-015
-6.160e+000	4.8065e-017	-1.6387e+009	-1.6387e+009	6.3476e+000	5.2500e-015
-6.150e+000	4.8065e-017	-1.6387e+009	-1.6387e+009	6.3476e+000	5.2500e-015
-6.140e+000	4.8065e-017	-1.6387e+009	-1.6387e+009	6.3476e+000	5.2500e-015
-6.130e+000	4.8065e-017	-1.6387e+009	-1.6387e+009	6.3476e+000	5.2500e-015
-6.120e+000	4.8065e-017	-1.6387e+009	-1.6387e+009	6.3476e+000	5.2500e-015
-6.110e+000	4.8065e-017	-1.6387e+009	-1.6387e+009	6.3476e+000	5.2500e-015
-6.100e+000	4.8065e-017	-1.6387e+009	-1.6387e+009	6.3476e+000	5.2500e-015
-6.090e+000	4.8065e-017	-1.6387e+009	-1.6387e+009	6.3476e+000	5.2500e-015
-6.080e+000	4.8065e-017	-1.6387e+009	-1.6387e+009	6.3476e+000	5.2500e-015
-6.070e+000	4.8065e-017	-1.6387e+009	-1.6387e+009	6.3476e+000	5.2500e-015
-6.060e+000	4.8065e-017	-1.6387e+009	-1.6387e+009	6.3476e+000	5.2500e-015
-6.050e+000	4.8065e-017	-1.6387e+009	-1.6387e+009	6.3476e+000	5.2500e-015
-6.040e+000	4.8065e-017	-1.6387e+009	-1.6387e+009	6.3476e+000	5.2500e-015
-6.030e+000	4.8065e-017	-1.6387e+009	-1.6387e+009	6.3476e+000	5.2500e-015
-6.020e+000	4.8065e-017	-1.6387e+009	-1.6387e+009	6.3476e+000	5.2500e-015
-6.010e+000	4.8065e-017	-1.6387e+009	-1.6387e+009	6.3476e+000	5.2500e-015
-6.000e+000	4.8065e-017	-1.6387e+009	-1.6387e+009	6.3476e+000	5.2500e-015
-5.990e+000	4.8065e-017	-1.6387e+009	-1.6387e+009	6.3476e+000	5.2500e-015
-5.980e+000	4.8065e-017	-1.6387e+009	-1.6387e+009	6.3476e+000	5.2500e-015
-5.970e+000	4.8065e-017	-1.6387e+009	-1.6387e+009	6.3476e+000	5.2500e-015
-5.960e+000	4.8065e-017	-1.6387e+009	-1.6387e+009	6.3476e+000	5.2500e-015
-5.950e+000	4.8065e-017	-1.6387e+009	-1.6387e+009	6.3476e+000	5.2500e-015
-5.940e+000	4.8065e-017	-1.6387e+009	-1.6387e+009	6.3476e+000	5.2500e-015
-5.930e+000	4.8065e-017	-1.6387e+009	-1.6387e+009	6.3476e+000	5.2500e-015
-5.920e+000	4.8065e-017	-1.6387e+009	-1.6387e+009	6.3476e+000	5.2500e-015
-5.910e+000	4.8065e-017	-1.6387e+009	-1.6387e+009	6.3476e+000	5.2500e-015
-5.900e+000	4.8065e-017	-1.6387e+009	-1.6387e+009	6.3476e+000	5.2500e-015
-5.890e+000	4.8065e-017	-1.6387e+009	-1.6387e+009	6.3476e+000	5.2500e-015
-5.880e+000	4.8065e-017	-1.6387e+009	-1.6387e+009	6.3476e+000	5.2500e-015
-5.870e+000	4.8065e-017	-1.6387e+009	-1.6387e+009	6.3476e+000	5.2500e-015
-5.860e+000	4.8065e-017	-1.6387e+009	-1.6387e+009	6.3476e+000	5.2500e-015
-5.850e+000	4.8065e-017	-1.6387e+009	-1.6387e+009	6.3476e+000	5.2500e-015
-5.840e+000	4.8065e-017	-1.6387e+009	-1.6387e+009	6.3476e+000	5.2500e-015
-5.830e+000	4.8065e-017	-1.6387e+009	-1.6387e+009	6.3476e+000	5.2500e-015
-5.820e+000	4.8065e-017	-1.6387e+009	-1.6387e+009	6.3476e+000	5.2500e-015
-5.810e+000	4.8065e-017	-1.6387e+009	-1.6387e+009	6.3476e+000	5.2500e-015
-5.800e+000	4.8065e-017	-1.6387e+009	-1.6387e+009	6.3476e+000	5.2500e-015
-5.790e+000	4.8065e-017	-1.6387e+009	-1.6387e+009	6.3476e+000	5.2500e-015
-5.780e+000	4.8065e-017	-1.6387e+009	-1.6387e+009	6.3476e+000	5.2500e-015
-5.770e+000	4.8065e-017	-1.6387e+009	-1.6387e+009	6.3476e+000	5.2500e-015
-5.760e+000	4.8065e-017	-1.6387e+009	-1.6387e+009	6.3476e+000	5.2500e-015
-5.750e+000	4.8065e-017	-1.6387e+009	-1.6387e+009	6.3476e+000	5.2500e-015
-5.740e+000	4.8065e-017	-1.6387e+009	-1.6387e+009	6.3476e+000	5.2500e-015
-5.730e+000	4.8065e-017	-1.6387e+009	-1.6387e+009	6.3476e+000	5.2500e-015
-5.720e+000	4.8065e-017	-1.6387e+009	-1.6387e+009	6.3476e+000	5.2500e-015
-5.710e+000	4.8065e-017	-1.6387e+009	-1.6387e+009	6.3476e+000	5.2500e-015
-5.700e+000	4.8065e-017	-1.6387e+009	-1.6387e+009	6.3476e+000	5.2500e-015
-5.690e+000	4.8065e-017	-1.6387e+009	-1.6387e+009	6.3476e+000	5.2500e-015
-5.680e+000	4.8065e-017	-1.6387e+009	-1.6387e+009	6.3476e+000	5.2500e-015
-5.670e+000	4.8065e-017	-1.6387e+009	-1.6387e+009	6.3476e+000	5.2500e-015
-5.660e+000	4.8065e-017	-1.6387e+009	-1.6387e+009	6.3476e+000	5.2500e-015
-5.650e+000	4.8065e-017	-1.6387e+009	-1.6387e+009	6.3476e+000	5.2500e-015
-5.640e+000	4.8065e-017	-1.6387e+009	-1.6387e+009	6.3476e+000	5.2500e-015
-5.630e+000	4.8065e-017	-1.6387e+009	-1.6387e+009	6.3476e+000	5.2500e-015
-5.620e+000	4.8065e-017	-1.6387e+009	-1.6387e+009	6.3476e+000	5.2500e-015
-5.610e+000	4.8065e-017	-1.6387e+009	-1.6387e+009	6.3476e+000	5.2500e-015
-5.600e+000	4.8065e-017	-1.6387e+009	-1.6387e+009	6.3476e+000	5.2500e-015
-5.590e+000	4.8065e-017	-1.6387e+009	-1.6387e+009	6.3476e+000	5.2500e-015
-5.580e+000	4.8065e-017	-1.6387e+009	-1.6387e+009	6.3476e+000	5.2500e-015
-5.570e+000	4.8065e-017	-1.6387e+009	-1.6387e+009	6.3476e+000	5.2500e-015
-5.560e+000	4.8065e-017	-1.6387e+009	-1.6387e+009	6.3476e+000	5.2500e-015
-5.550e+000	4.8065e-017	-1.6387e+009	-1.6387e+009	6.3476e+000	5.2500e-015
-5.540e+000	4.8065e-017	-1.6387e+009	-1.6387e+009	6.3476e+000	5.2500e-015
-5.530e+000	4.8065e-017	-1.6387e+009	-1.6387e+009	6.3476e+000	5.2500e-015
-5.520e+000	4.8065e-017	-1.6387e+009	-1.6387e+009	6.3476e+000	5.2500e-015
-5.510e+000	4.8065e-017	-1.6387e+009	-1.6387e+009	6.3476e+000	5.2500e-015
-5.500e+000	4.8065e-017	-1.6387e+009	-1.6387e+009	6.3476e+000	5.2500e-015
-5.490e+000	4.8065e-017	-1.6387e+009	-1.6387e+009	6.3476e+000	5.2500e-015
-5.480e+000	4.8065e-017	-1.6387e+009	-1.6387e+009	6.3476e+000	5.2500e-015
-5.470e+000	4.8065e-017	-1.6387e+009	-1.6387e+009	6.3476e+000	5.2500e-015
-5.460e+000	4.8065e-017	-1.6387e+009	-1.6387e+009	6.3476e+000	5.2500e-015
-5.450e+000	4.8065e-017	-1.6387e+009	-1.6387e+009	6.3476e+000	5.2500e-015
-5.440e+000	4.8065e-017	-1.6387e+009	-1.6387e+009	6.3476e+000	5.2500e-015
-5.430e+000	4.8065e-017	-1.6387e+009	-1.6387e+009	6.3476e+000	5.2500e-015
-5.420e+000	4.8065e-017	-1.6387e+009	-1.6387e+009	6.3476e+000	5.2500e-015
-5.410e+000	4.8065e-017	-1.6387e+009	-1.6387e+009	6.3476e+000	5.2500e-015
-5.400e+000	4.8065e-017	-1.6387e+009	-1.6387e+009	6.3476e+000	5.2500e-015
-5.390e+000	4.8065e-017	-1.6387e+009	-1.6387e+009	6.3476e+000	5.2500e-015
-5.380e+000	4.8065e-017	-1.6387e+009	-1.6387e+009	6.3476e+000	5.2500e-015
-5.370e+000	4.8065e-017	-1.6387e+009	-1.6387e+009	6.3476e+000	5.2500e-015
-5.360e+000	4.8065e-017	-1.6387e+009	-1.6387e+009	6.3476e+000	5.2500e-015
-5.350e+000	4.8065e-017	-1.6387e+009	-1.6387e+009	6.3476e+000	5.2500e-015
-5.340e+000	4.8065e-017	-1.6387e+009	-1.6387e+009	6.3476e+000	5.2500e-015
-5.330e+000	4.8065e-017	-1.6387e+009	-1.6387e+009	6.3476e+000	5.2500e-015
-5.320e+000	4.8065e-017	-1.6387e+009	-1.6387e+009	6.3476e+000	5.2500e-015
-5.310e+000	4.8065e-017	-1.6387e+009	-1.6387e+009	6.3476e+000	5.2500e-015
-5.300e+000	4.8065e-017	-1.6387e+009	-1.6387e+009	6.3476e+000	5.2500e-015
-5.290e+000	4.8065e-017	-1.6387e+009	-1.6387e+009	6.3476e+000	5.2500e-015
-5.280e+000	4.8065e-017	-1.6387e+009	-1.6387e+009	6.3476e+000	5.2500e-015
-5.270e+000	4.8065e-017	-1.6387e+009	-1.6387e+009	6.3476e+000	5.2500e-015
-5.260e+000	4.8065e-017	-1.6387e+009	-1.6387e+009	6.3476e+000	5.2500e-015
-5.250e+000	4.8065e-017	-1.6387e+009	-1.6387e+009	6.3476e+000	5.2500e-015
-5.240e+000	4.8065e-017	-1.6387e+009	-1.6387e+009	6.3476e+000	5.2500e-015
-5.230e+000	4.8065e-017	-1.6387e+009	-1.6387e+009	6.3476e+000	5.2500e-015
-5.220e+000	4.8065e-017	-1.6387e+009	-1.6387e+009	6.3476e+000	5.2500e-015
-5.210e+000	4.8065e-017	-1.6387e+009	-1.6387e+009	6.3476e+000	5.2500e-015
-5.200e+000	4.8065e-017	-1.6387e+009	-1.6387e+009	6.3476e+000	5.2500e-015
-5.190e+000	4.8065e-017	-1.6387e+009	-1.6387e+009	6.3476e+000	5.2500e-015
-5.180e+000	4.8065e-017	-1.6387e+009	-1.6387e+009	6.3476e+000	5.2500e-015
-5.170e+000	4.8065e-017	-1.6387e+009	-1.6387e+009	6.3476e+000	5.2500e-015
-5.160e+000	4.8065e-017	-1.6387e+009	-1.6387e+009	6.3476e+000	5.2500e-015
-5.150e+000	4.8065e-017	-1.6387e+009	-1.6387e+009	6.3476e+000	5.2500e-015
-5.140e+000	4.8065e-017	-1.6387e+009	-1.6387e+009	6.3476e+000	5.2500e-015
-5.130e+000	4.8065e-017	-1.6387e+009	-1.6387e+009	6.3476e+000	5.2500e-015
-5.120e+000	4.8065e-017	-1.6387e+009	-1.6387e+009	6.3476e+000	5.2500e-015
-5.110e+000	4.8065e-017	-1.6387e+009	-1.6387e+009	6.3476e+000	5.2500e-015
-5.100e+000	4.8065e-017	-1.6387e+009	-1.6387e+009	6.3476e+000	5.2500e-015
-5.090e+000	4.8065e-017	-1.6387e+009	-1.6387e+009	6.3476e+000	5.2500e-015
-5.080e+000	4.8065e-017	-1.6387e+009	-1.6387e+009	6.3476e+000	5.2500e-015
-5.070e+000	4.8065e-017	-1.6387e+009	-1.6387e+009	6.3476e+000	5.2500e-015
-5.060e+000	4.8065e-017	-1.6387e+009	-1.6387e+009	6.3476e+000	5.2500e-015
-5.050e+000	4.8065e-017	-1.6387e+009	-1.6387e+009	6.3476e+000	5.2500e-015
-5.040e+000	4.8065e-017	-1.6387e+009	-1.6387e+009	6.3476e+000	5.2500e-015
-5.030e+000	4.8065e-017	-1.6387e+009	-1.6387e+009	6.3476e+000	5.2500e-015
-5.020e+000	4.8065e-017	-1.6387e+009	-1.6387e+009	6.3476e+000	5.2500e-015
-5.010e+000	4.8065e-017	-1.6387e+009	-1.6387e+009	6.3476e+000	5.2500e-015
-5.000e+000	4.8065e-017	-1.6387e+009	-1.6387e+009	6.3476e+000	5.2500e-015
-4.990e+000	4.8065e-017	-1.6387e+009	-1.6387e+009	6.3476e+000	5.2500e-015
-4.980e+000	4.8065e-017	-1.6387e+009	-1.6387e+009	6.3476e+000	5.2500e-015
-4.970e+000	4.8065e-017	-1.6387e+009	-1.6387e+009	6.3476e+000	5.2500e-015
-4.960e+000	4.8065e-017	-1.6387e+009	-1.6387e+009	6.3476e+000	5.2500e-015
-4.950e+000	4.8065e-017	-1.6387e+009	-1.6387e+009	6.3476e+000	5.2500e-015
-4.940e+000	4.8065e-017	-1.6387e+009	-1.6387e+009	6.3476e+000	5.2500e-015
-4.930e+000	4.8065e-017	-1.6387e+009	-1.6387e+009	6.3476e+000	5.2500e-015
-4.920e+000	4.8065e-017	-1.6387e+009	-1.6387e+009	6.3476e+000	5.2500e-015
-4.910e+000	4.8065e-017	-1.6387e+009	-1.6387e+009	6.3476e+000	5.2500e-015
-4.900e+000	4.8065e-017	-1.6387e+009	-1.6387e+009	6.3476e+000	5.2500e-015
-4.890e+000	4.8065e-017	-1.6387e+009	-1.6387e+009	6.3476e+000	5.2500e-015
-4.880e+000	4.8065e-017	-1.6387e+009	-1.6387e+009	6.3476e+000	5.2500e-015
-4.870e+000	4.8065e-017	-1.6387e+009	-1.6387e+009	6.3476e+000	5.2500e-015
-4.860e+000	4.8065e-017	-1.6387e+009	-1.6387e+009	6.3476e+000	5.2500e-015
-4.850e+000	4.8065e-017	-1.6387e+009	-1.6387e+009	6.3476e+000	5.2500e-015
-4.840e+000	4.8065e-017	-1.6387e+009	-1.6387e+009	6.3476e+000	5.2500e-015
-4.830e+000	4.8065e-017	-1.6387e+009	-1.6387e+009	6.3476e+000	5.2500e-015
-4.820e+000	4.8065e-017	-1.6387e+009	-1.6387e+009	6.3476e+000	5.2500e-015
-4.810e+000	4.8065e-017	-1.6387e+009	-1.6387e+009	6.3476e+000	5.2500e-015
-4.800e+000	4.8065e-017	-1.6387e+009	-1.6387e+009	6.3476e+000	5.2500e-015
-4.790e+000	4.8065e-017	-1.6387e+009	-1.6387e+009	6.3476e+000	5.2500e-015
-4.780e+000	4.8065e-017	-1.6387e+009	-1.6387e+009	6.3476e+000	5.2500e-015
-4.770e+000	4.8065e-017	-1.6387e+009	-1.6387e+009	6.3476e+000	5.2500e-015
-4.760e+000	4.8065e-017	-1.6387e+009	-1.6387e+009	6.3476e+000	5.2500e-015
-4.750e+000	4.8065e-017	-1.6387e+009	-1.6387e+009	6.3476e+000	5.2500e-015
-4.740e+000	4.8065e-017	-1.6387e+009	-1.6387e+009	6.3476e+000	5.2500e-015
-4.730e+000	4.8065e-017	-1.6387e+009	-1.6387e+009	6.3476e+000	5.2500e-015
-4.720e+000	4.8065e-017	-1.6387e+009	-1.6387e+009	6.3476e+000	5.2500e-015
-4.710e+000	4.8065e-017	-1.6387e+009	-1.6387e+009	6.3476e+000	5.2500e-015
-4.700e+000	4.8065e-017	-1.6387e+009	-1.6387e+009	6.3476e+000	5.2500e-015
-4.690e+000	4.8065e-017	-1.6387e+009	-1.6387e+009	6.3476e+000	5.2500e-015
-4.680e+000	4.8065e-017	-1.6387e+009	-1.6387e+009	6.3476e+000	5.2500e-015
-4.670e+000	4.8065e-017	-1.6387e+009	-1.6387e+009	6.3476e+000	5.2500e-015
-4.660e+000	4.8065e-017	-1.6387e+009	-1.6387e+009	6.3476e+000	5.2500e-015
-4.650e+000	4.8065e-017	-1.6387e+009	-1.6387e+009	6.3476e+000	5.2500e-015
-4.640e+000	4.8065e-017	-1.6387e+009	-1.6387e+009	6.3476e+000	5.2500e-015
-4.630e+000	4.8065e-017	-1.6387e+009	-1.6387e+009	6.3476e+000	5.2500e-015
-4.620e+000	4.8065e-017	-1.6387e+009	-1.6387e+009	6.3476e+000	5.2500e-015
-4.610e+000	4.8065e-017	-1.6387e+009	-1.6387e+009	6.3476e+000	5.2500e-015
-4.600e+000	4.8065e-017	-1.6387e+009	-1.6387e+009	6.3476e+000	5.2500e-015
-4.590e+000	4.8065e-017	-1.6387e+009	-1.6387e+009	6.3476e+000	5.2500e-015
-4.580e+000	4.8065e-017	-1.6387e+009	-1.6387e+009	6.3476e+000	5.2500e-015
-4.570e+000	4.8065e-017	-1.6387e+009	-1.6387e+009	6.3476e+000	5.2500e-015
-4.560e+000	4.8065e-017	-1.6387e+009	-1.6387e+009	6.3476e+000	5.2500e-015
-4.550e+000	4.8065e-017	-1.6387e+009	-1.6387e+009	6.3476e+000	5.2500e-015
-4.540e+000	4.8065e-017	-1.6387e+009	-1.6387e+009	6.3476e+000	5.2500e-015
-4.530e+000	4.8065e-017	-1.6387e+009	-1.6387e+009	6.3476e+000	5.2500e-015
-4.520e+000	4.8065e-017	-1.6387e+009	-1.6387e+009	6.3476e+000	5.2500e-015
-4.510e+000	4.8065e-017	-1.6387e+009	-1.6387e+009	6.3476e+000	5.2500e-015
-4.500e+000	4.8065e-017	-1.6387e+009	-1.6387e+009	6.3476e+000	5.2500e-015
-4.490e+000	4.8065e-017	-1.6387e+009	-1.6387e+009	6.3476e+000	5.2500e-015
-4.480e+000	4.8065e-017	-1.6387e+009	-1.6387e+009	6.3476e+000	5.2500e-015
-4.470e+000	4.8065e-017	-1.6387e+009	-1.6387e+009	6.3476e+000	5.2500e-015
-4.460e+000	4.8065e-017	-1.6387e+009	-1.6387e+009	6.3476e+000	5.2500e-015
-4.450e+000	4.8065e-017	-1.6387e+009	-1.6387e+009	6.3476e+000	5.2500e-015
-4.440e+000	4.8065e-017	-1.6387e+009	-1.6387e+009	6.3476e+000	5.2500e-015
-4.430e+000	4.8065e-017	-1.6387e+009	-1.6387e+009	6.3476e+000	5.2500e-015
-4.420e+000	4.8065e-017	-1.6387e+009	-1.6387e+009	6.3476e+000	5.2500e-015
-4.410e+000	4.8065e-017	-1.6387e+009	-1.6387e+009	6.3476e+000	5.2500e-015
-4.400e+000	4.8065e-017	-1.6387e+009	-1.6387e+009	6.3476e+000	5.2500e-015
-4.390e+000	4.8065e-017	-1.6387e+009	-1.6387e+009	6.3476e+000	5.2500e-015
-4.380e+000	4.8065e-017	-1.6387e+009	-1.6387e+009	6.3476e+000	5.2500e-015
-4.370e+000	4.8065e-017	-1.6387e+009	-1.6387e+009	6.3476e+000	5.2500e-015
-4.360e+000	4.8065e-017	-1.6387e+009	-1.6387e+009	6.3476e+000	5.2500e-015
-4.350e+000	4.8065e-017	-1.6387e+009	-1.6387e+009	6.3476e+000	5.2500e-015
-4.340e+000	4.8065e-017	-1.6387e+009	-1.6387e+009	6.3476e+000	5.2500e-015
-4.330e+000	4.8065e-017	-1.6387e+009	-1.6387e+009	6.3476e+000	5.2500e-015
-4.320e+000	4.8065e-017	-1.6387e+009	-1.6387e+009	6.3476e+000	5.2500e-015
-4.310e+000	4.8065e-017	-1.6387e+009	-1.6387e+009	6.3476e+000	5.2500e-015
-4.300e+000	4.8065e-017	-1.6387e+009	-1.6387e+009	6.3476e+000	5.2500e-015
-4.290e+000	4.8065e-017	-1.6387e+009	-1.6387e+009	6.3476e+000	5.2500e-015
-4.280e+000	4.8065e-017	-1.6387e+009	-1.6387e+009	6.3476e+000	5.2500e-015
-4.270e+000	4.8065e-017	-1.6387e+009	-1.6387e+009	6.3476e+000	5.2500e-015
-4.260e+000	4.8065e-017	-1.6387e+009	-1.6387e+009	6.3476e+000	5.2500e-015
-4.250e+000	4.8065e-017	-1.6387e+009	-1.6387e+009	6.3476e+000	5.2500e-015
-4.240e+000	4.8065e-017	-1.6387e+009	-1.6387e+009	6.3476e+000	5.2500e-015
-4.230e+000	4.8065e-017	-1.6387e+009	-1.6387e+009	6.3476e+000	5.2500e-015
-4.220e+000	4.8065e-017	-1.6387e+009	-1.6387e+009	6.3476e+000	5.2500e-015
-4.210e+000	4.8065e-017	-1.6387e+009	-1.6387e+009	6.3476e+000	5.2500e-015
-4.200e+000	4.8065e-017	-1.6387e+009	-1.6387e+009	6.3476e+000	5.2500e-015
-4.190e+000	4.8065e-017	-1.6387e+009	-1.6387e+009	6.3476e+000	5.2500e-015
-4.180e+000	4.8065e-017	-1.6387e+009	-1.6387e+009	6.3476e+000	5.2500e-015
-4.170e+000	4.8065e-017	-1.6387e+009	-1.6387e+009	6.3476e+000	5.2500e-015
-4.160e+000	4.8065e-017	-1.6387e+009	-1.6387e+009	6.3476e+000	5.2500e-015
-4.150e+000	4.8065e-017	-1.6387e+009	-1.6387e+009	6.3476e+000	5.2500e-015
-4.140e+000	4.8065e-017	-1.6387e+009	-1.6387e+009	6.3476e+000	5.2500e-015
-4.130e+000	4.8065e-017	-1.6387e+009	-1.6387e+009	6.3476e+000	5.2500e-015
-4.120e+000	4.8065e-017	-1.6387e+009	-1.6387e+009	6.3476e+000	5.2500e-015
-4.110e+000	4.8065e-017	-1.6387e+009	-1.6387e+009	6.3476e+000	5.2500e-015
-4.100e+000	4.8065e-017	-1.6387e+009	-1.6387e+009	6.3476e+000	5.2500e-015
-4.090e+000	4.8065e-017	-1.6387e+009	-1.6387e+009	6.3476e+000	5.2500e-015
-4.080e+000	4.8065e-017	-1.6387e+009	-1.6387e+009	6.3476e+000	5.2500e-015
-4.070e+000	4.8065e-017	-1.6387e+009	-1.6387e+009	6.3476e+000	5.2500e-015
-4.060e+000	4.8065e-017	-1.6387e+009	-1.6387e+009	6.3476e+000	5.2500e-015
-4.050e+000	4.8065e-017	-1.6387e+009	-1.6387e+009	6.3476e+000	5.2500e-015
-4.040e+000	4.8065e-017	-1.6387e+009	-1.6387e+009	6.3476e+000	5.2500e-015
-4.030e+000	4.8065e-017	-1.6387e+009	-1.6387e+009	6.3476e+000	5.2500e-015
-4.020e+000	4.8065e-017	-1.6387e+009	-1.6387e+009	6.3476e+000	5.2500e-015
-4.010e+000	4.8065e-017	-1.6387e+009	-1.6387e+009	6.3476e+000	5.2500e-015
-4.000e+000	4.8065e-017	-1.6387e+009	-1.6387e+009	6.3476e+000	5.2500e-015
-3.990e+000	4.8065e-017	-1.6387e+009	-1.6387e+009	6.3476e+000	5.2500e-015
-3.980e+000	4.8065e-017	-1.6387e+009	-1.6387e+009	6.3476e+000	5.2500e-015
-3.970e+000	4.8065e-017	-1.6387e+009	-1.6387e+009	6.3476e+000	5.2500e-015
-3.960e+000	4.8065e-017	-1.6387e+009	-1.6387e+009	6.3476e+000	5.2500e-015
-3.950e+000	4.8065e-017	-1.6387e+009	-1.6387e+009	6.3476e+000	5.2500e-015
-3.940e+000	4.8065e-017	-1.6387e+009	-1.6387e+009	6.3476e+000	5.2500e-015
-3.930e+000	4.8065e-017	-1.6387e+009	-1.6387e+009	6.3476e+000	5.2500e-015
-3.920e+000	4.8065e-017	-1.6387e+009	-1.6387e+009	6.3476e+000	5.2500e-015
-3.910e+000	4.8065e-017	-1.6387e+009	-1.6387e+009	6.3476e+000	5.2500e-015
-3.900e+000	4.8065e-017	-1.6387e+009	-1.6387e+009	6.3476e+000	5.2500e-015
-3.890e+000	4.8065e-017	-1.6387e+009	-1.6387e+009	6.3476e+000	5.2500e-015
-3.880e+000	4.8065e-017	-1.6387e+009	-1.6387e+009	6.3476e+000	5.2500e-015
-3.870e+000	4.8065e-017	-1.6387e+009	-1.6387e+009	6.3476e+000	5.2500e-015
-3.860e+000	4.8065e-017	-1.6387e+009	-1.6387e+009	6.3476e+000	5.2500e-015
-3.850e+000	4.8065e-017	-1.6387e+009	-1.6387e+009	6.3476e+000	5.2500e-015
-3.840e+000	4.8065e-017	-1.6387e+009	-1.6387e+009	6.3476e+000	5.2500e-015
-3.830e+000	4.8065e-017	-1.6387e+009	-1.6387e+009	6.3476e+000	5.2500e-015
-3.820e+000	4.8065e-017	-1.6387e+009	-1.6387e+009	6.3476e+000	5.2500e-015
-3.810e+000	4.8066e-017	-1.6387e+009	-1.6387e+009	6.3476e+000	5.2500e-015
-3.800e+000	4.8066e-017	-1.6387e+009	-1.6387e+009	6.3476e+000	5.2500e-015
-3.790e+000	4.8066e-017	-1.6387e+009	-1.6387e+009	6.3476e+000	5.2500e-015
-3.780e+000	4.8066e-017	-1.6387e+009	-1.6387e+009	6.3476e+000	5.2500e-015
-3.770e+000	4.8066e-017	-1.6387e+009	-1.6387e+009	6.3477e+000	5.2500e-015
-3.760e+000	4.8066e-017	-1.6387e+009	-1.6387e+009	6.3477e+000	5.2500e-015
-3.750e+000	4.8067e-017	-1.6387e+009	-1.6387e+009	6.3478e+000	5.2500e-015
-3.740e+000	4.8067e-017	-1.6387e+009	-1.6387e+009	6.3478e+000	5.2500e-015
-3.730e+000	4.8068e-017	-1.6387e+009	-1.6387e+009	6.3480e+000	5.2500e-015
-3.720e+000	4.8070e-017	-1.6387e+009	-1.6387e+009	6.3481e+000	5.2500e-015
-3.710e+000	4.8072e-017	-1.6387e+009	-1.6387e+009	6.3484e+000	5.2500e-015
-3.700e+000	4.8075e-017	-1.6387e+009	-1.6387e+009	6.3488e+000	5.2500e-015
-3.690e+000	4.8079e-017	-1.6387e+009	-1.6387e+009	6.3494e+000	5.2500e-015
-3.680e+000	4.8086e-017	-1.6387e+009	-1.6387e+009	6.3502e+000	5.2500e-015
-3.670e+000	4.8095e-017	-1.6387e+009	-1.6387e+009	6.3515e+000	5.2500e-015
-3.660e+000	4.8109e-017	-1.6387e+009	-1.6387e+009	6.3533e+000	5.2500e-015
-3.650e+000	4.8130e-017	-1.6387e+009	-1.6387e+009	6.3561e+000	5.2500e-015
-3.640e+000	4.8160e-017	-1.6387e+009	-1.6387e+009	6.3601e+000	5.2500e-015
-3.630e+000	4.8204e-017	-1.6387e+009	-1.6387e+009	6.3660e+000	5.2500e-015
-3.620e+000	4.8270e-017	-1.6387e+009	-1.6387e+009	6.3746e+000	5.2500e-015
-3.610e+000	4.8367e-017	-1.6387e+009	-1.6387e+009	6.3874e+000	5.2500e-015
-3.600e+000	4.8509e-017	-1.6387e+009	-1.6387e+009	6.4062e+000	5.2500e-015
-3.590e+000	4.8719e-017	-1.6387e+009	-1.6387e+009	6.4339e+000	5.2500e-015
-3.580e+000	4.9027e-017	-1.6387e+009	-1.6387e+009	6.4747e+000	5.2500e-015
-3.570e+000	4.9482e-017	-1.6387e+009	-1.6387e+009	6.5347e+000	5.2500e-015
-3.560e+000	5.0151e-017	-1.6387e+009	-1.6387e+009	6.6231e+000	5.2500e-015
-3.550e+000	5.1182e-017	-1.6387e+009	-1.6387e+009	6.7533e+000	5.2500e-015
-3.540e+000	5.2585e-017	-1.6387e+009	-1.6387e+009	6.9449e+000	5.2500e-015
-3.530e+000	5.4751e-017	-1.6387e+009	-1.6387e+009	7.2270e+000	5.2500e-015
-3.520e+000	5.7863e-017	-1.6387e+009	-1.6387e+009	7.6424e+000	5.2500e-015
-3.510e+000	6.2521e-017	-1.6387e+009	-1.6387e+009	8.2539e+000	5.2500e-015
-3.500e+000	6.9397e-017	-1.6387e+009	-1.6387e+009	9.1542e+000	5.2500e-015
-3.490e+000	7.9411e-017	-1.6387e+009	-1.6387e+009	1.0480e+001	5.2500e-015
-3.480e+000	9.4272e-017	-1.6387e+009	-1.6387e+009	1.2431e+001	5.2500e-015
-3.470e+000	1.1601e-016	-1.6387e+009	-1.6387e+009	1.5304e+001	5.2500e-015
-3.460e+000	1.4818e-016	-1.6387e+009	-1.6387e+009	1.9535e+001	5.2500e-015
-3.450e+000	1.9542e-016	-1.6387e+009	-1.6387e+009	2.5763e+001	5.2500e-015
-3.440e+000	2.6497e-016	-1.6387e+009	-1.6387e+009	3.4932e+001	5.2500e-015
-3.430e+000	3.6749e-016	-1.6387e+009	-1.6387e+009	4.8433e+001	5.2500e-015
-3.420e+000	5.1831e-016	-1.6387e+009	-1.6387e+009	6.8309e+001	5.2500e-015
-3.410e+000	7.4044e-016	-1.6387e+009	-1.6387e+009	9.7573e+001	5.2500e-015
-3.400e+000	1.0675e-015	-1.6387e+009	-1.6387e+009	1.4066e+002	5.2500e-015
-3.390e+000	1.5488e-015	-1.6387e+009	-1.6387e+009	2.0409e+002	5.2500e-015
-3.380e+000	2.2577e-015	-1.6387e+009	-1.6387e+009	2.9748e+002	5.2500e-015
-3.370e+000	3.3012e-015	-1.6387e+009	-1.6387e+009	4.3498e+002	5.2500e-015
-3.360e+000	4.8377e-015	-1.6387e+009	-1.6387e+009	6.3742e+002	5.2500e-015
-3.350e+000	7.0997e-015	-1.6387e+009	-1.6387e+009	9.3546e+002	5.2500e-015
-3.340e+000	1.0430e-014	-1.6387e+009	-1.6387e+009	1.3743e+003	5.2500e-015
-3.330e+000	1.5333e-014	-1.6387e+009	-1.6387e+009	2.0203e+003	5.2500e-015
-3.320e+000	2.2552e-014	-1.6387e+009	-1.6387e+009	2.9715e+003	5.2500e-015
-3.310e+000	3.3181e-014	-1.6387e+009	-1.6387e+009	4.3719e+003	5.2500e-015
-3.300e+000	4.8829e-014	-1.6387e+009	-1.6387e+009	6.4337e+003	5.2500e-015
-3.290e+000	7.1868e-014	-1.6387e+009	-1.6387e+009	9.4693e+003	5.2500e-015
-3.280e+000	1.0579e-013	-1.6387e+009	-1.6387e+009	1.3938e+004	5.2500e-015
-3.270e+000	1.5573e-013	-1.6387e+009	-1.6387e+009	2.0518e+004	5.2500e-015
-3.260e+000	2.2925e-013	-1.6387e+009	-1.6387e+009	3.0206e+004	5.2500e-015
-3.250e+000	3.3750e-013	-1.6388e+009	-1.6387e+009	4.4469e+004	5.2500e-015
-3.240e+000	4.9687e-013	-1.6388e+009	-1.6388e+009	6.5468e+004	5.2500e-015
-3.230e+000	7.3150e-013	-1.6388e+009	-1.6388e+009	9.6384e+004	5.2500e-015
-3.220e+000	1.0769e-012	-1.6389e+009	-1.6388e+009	1.4190e+005	5.2500e-015
-3.210e+000	1.5855e-012	-1.6390e+009	-1.6389e+009	2.0891e+005	5.2500e-015
-3.200e+000	2.3342e-012	-1.6392e+009	-1.6390e+009	3.0757e+005	5.2500e-015
-3.190e+000	3.4364e-012	-1.6394e+009	-1.6392e+009	4.5283e+005	5.2500e-015
-3.180e+000	5.0590e-012	-1.6397e+009	-1.6394e+009	6.6667e+005	5.2500e-015
-3.170e+000	7.4475e-012	-1.6401e+009	-1.6397e+009	9.8148e+005	5.2500e-015
-3.160e+000	1.0963e-011	-1.6408e+009	-1.6401e+009	1.4449e+006	5.2500e-015
-3.150e+000	1.6137e-011	-1.6418e+009	-1.6408e+009	2.1271e+006	5.2500e-015
-3.140e+000	2.3750e-011	-1.6433e+009	-1.6418e+009	3.1313e+006	5.2500e-015
-3.130e+000	3.4948e-011	-1.6455e+009	-1.6433e+009	4.6092e+006	5.2500e-015
-3.120e+000	5.1415e-011	-1.6487e+009	-1.6455e+009	6.7840e+006	5.2500e-015
-3.110e+000	7.5612e-011	-1.6534e+009	-1.6487e+009	9.9834e+006	5.2500e-015
-3.100e+000	1.1114e-010	-1.6604e+009	-1.6534e+009	1.4689e+007	5.2500e-015
-3.090e+000	1.6323e-010	-1.6706e+009	-1.6604e+009	2.1605e+007	5.2500e-015
-3.080e+000	2.3948e-010	-1.6855e+009	-1.6706e+009	3.1762e+007	5.2500e-015
-3.070e+000	3.5075e-010	-1.7074e+009	-1.6855e+009	4.6665e+007	5.2500e-015
-3.060e+000	5.1252e-010	-1.7394e+009	-1.7074e+009	6.8492e+007	5.2500e-015
-3.050e+000	7.4636e-010	-1.7860e+009	-1.7394e+009	1.0039e+008	5.2500e-015
-3.040e+000	1.0816e-009	-1.8535e+009	-1.7860e+009	1.4683e+008	5.2500e-015
-3.030e+000	1.5570e-009	-1.9507e+009	-1.8535e+009	2.1415e+008	5.2500e-015
-3.020e+000	2.2207e-009	-2.0893e+009	-1.9507e+009	3.1104e+008	5.2500e-015
-3.010e+000	3.1287e-009	-2.2845e+009	-2.0893e+009	4.4925e+008	5.2500e-015
-3.000e+000	4.3397e-009	-2.5554e+009	-2.2845e+009	6.4398e+008	5.2500e-015
-2.990e+000	5.9063e-009	-2.9240e+009	-2.5554e+009	9.1410e+008	5.2500e-015
-2.980e+000	7.8653e-009	-3.4150e+009	-2.9240e+009	1.2818e+009	5.2500e-015
-2.970e+000	1.0233e-008	-4.0536e+009	-3.4150e+009	1.7715e+009	5.2500e-015
-2.960e+000	1.3005e-008	-4.8653e+009	-4.0536e+009	2.4086e+009	5.2500e-015
-2.950e+000	1.6170e-008	-5.8746e+009	-4.8653e+009	3.2186e+009	5.2500e-015
-2.940e+000	1.9724e-008	-7.1057e+009	-5.8746e+009	4.2259e+009	5.2500e-015
-2.930e+000	2.3676e-008	-8.5834e+009	-7.1057e+009	5.4549e+009	5.2500e-015
-2.920e+000	2.8050e-008	-1.0334e+010	-8.5834e+009	6.9304e+009	5.2500e-015
-2.910e+000	3.2886e-008	-1.2387e+010	-1.0334e+010	8.6789e+009	5.2500e-015
-2.900e+000	3.8224e-008	-1.4772e+010	-1.2387e+010	1.0729e+010	5.2500e-015
-2.890e+000	4.4100e-008	-1.7525e+010	-1.4772e+010	1.3113e+010	5.2500e-015
-2.880e+000	5.0536e-008	-2.0679e+010	-1.7525e+010	1.5863e+010	5.2500e-015
-2.870e+000	5.7534e-008	-2.4270e+010	-2.0679e+010	1.9016e+010	5.2500e-015
-2.860e+000	6.5071e-008	-2.8331e+010	-2.4270e+010	2.2605e+010	5.2500e-015
-2.850e+000	7.3102e-008	-3.2894e+010	-2.8331e+010	2.6665e+010	5.2500e-015
-2.840e+000	8.1556e-008	-3.7984e+010	-3.2894e+010	3.1226e+010	5.2500e-015
-2.830e+000	9.0346e-008	-4.3623e+010	-3.7984e+010	3.6315e+010	5.2500e-015
-2.820e+000	9.9371e-008	-4.9826e+010	-4.3623e+010	4.1953e+010	5.2500e-015
-2.810e+000	1.0853e-007	-5.6599e+010	-4.9826e+010	4.8154e+010	5.2500e-015
-2.800e+000	1.1771e-007	-6.3946e+010	-5.6599e+010	5.4927e+010	5.2500e-015
-2.790e+000	1.2681e-007	-7.1861e+010	-6.3946e+010	6.2273e+010	5.2500e-015
-2.780e+000	1.3576e-007	-8.0334e+010	-7.1861e+010	7.0188e+010	5.2500e-015
-2.770e+000	1.4447e-007	-8.9351e+010	-8.0334e+010	7.8661e+010	5.2500e-015
-2.760e+000	1.5289e-007	-9.8894e+010	-8.9351e+010	8.7677e+010	5.2500e-015
-2.750e+000	1.6097e-007	-1.0894e+011	-9.8894e+010	9.7219e+010	5.2500e-015
-2.740e+000	1.6801e-007	-1.1943e+011	-1.0894e+011	1.0727e+011	5.2500e-015
-2.730e+000	1.7545e-007	-1.3038e+011	-1.1943e+011	1.1775e+011	5.2500e-015
-2.720e+000	1.8245e-007	-1.4177e+011	-1.3038e+011	1.2870e+011	5.2500e-015
-2.710e+000	1.8878e-007	-1.5355e+011	-1.4177e+011	1.4009e+011	5.2500e-015
-2.700e+000	1.9499e-007	-1.6572e+011	-1.5355e+011	1.5187e+011	5.2500e-015
-2.690e+000	2.0070e-007	-1.7825e+011	-1.6572e+011	1.6404e+011	5.2500e-015
-2.680e+000	2.0605e-007	-1.9111e+011	-1.7825e+011	1.7657e+011	5.2500e-015
-2.670e+000	2.1107e-007	-2.0428e+011	-1.9111e+011	1.8943e+011	5.2500e-015
-2.660e+000	2.1577e-007	-2.1775e+011	-2.0428e+011	2.0260e+011	5.2500e-015
-2.650e+000	2.2016e-007	-2.3149e+011	-2.1775e+011	2.1607e+011	5.2500e-015
-2.640e+000	2.2428e-007	-2.4549e+011	-2.3149e+011	2.2981e+011	5.2500e-015
-2.630e+000	2.2817e-007	-2.5973e+011	-2.4549e+011	2.4381e+011	5.2500e-015
-2.620e+000	2.3172e-007	-2.7419e+011	-2.5973e+011	2.5805e+011	5.2500e-015
-2.610e+000	2.3513e-007	-2.8887e+011	-2.7419e+011	2.7251e+011	5.2500e-015
-2.600e+000	2.3824e-007	-3.0374e+011	-2.8887e+011	2.8719e+011	5.2500e-015
-2.590e+000	2.4123e-007	-3.1879e+011	-3.0374e+011	3.0206e+011	5.2500e-015
-2.580e+000	2.4397e-007	-3.3402e+011	-3.1879e+011	3.1712e+011	5.2500e-015
-2.570e+000	2.4660e-007	-3.4941e+011	-3.3402e+011	3.3234e+011	5.2500e-015
-2.560e+000	2.4905e-007	-3.6496e+011	-3.4941e+011	3.4773e+011	5.2500e-015
-2.550e+000	2.5132e-007	-3.8064e+011	-3.6496e+011	3.6328e+011	5.2500e-015
-2.540e+000	2.5350e-007	-3.9646e+011	-3.8064e+011	3.7896e+011	5.2500e-015
-2.530e+000	2.5554e-007	-4.1241e+011	-3.9646e+011	3.9479e+011	5.2500e-015
-2.520e+000	2.5744e-007	-4.2848e+011	-4.1241e+011	4.1074e+011	5.2500e-015
-2.510e+000	2.5927e-007	-4.4466e+011	-4.2848e+011	4.2680e+011	5.2500e-015
-2.500e+000	2.6098e-007	-4.6095e+011	-4.4466e+011	4.4299e+011	5.2500e-015
-2.490e+000	2.6259e-007	-4.7734e+011	-4.6095e+011	4.5927e+011	5.2500e-015
-2.480e+000	2.6410e-007	-4.9383e+011	-4.7734e+011	4.7566e+011	5.2500e-015
-2.470e+000	2.6556e-007	-5.1040e+011	-4.9383e+011	4.9215e+011	5.2500e-015
-2.460e+000	2.6693e-007	-5.2706e+011	-5.1040e+011	5.0872e+011	5.2500e-015
-2.450e+000	2.6823e-007	-5.4380e+011	-5.2706e+011	5.2538e+011	5.2500e-015
-2.440e+000	2.6946e-007	-5.6062e+011	-5.4380e+011	5.4213e+011	5.2500e-015
-2.430e+000	2.7063e-007	-5.7751e+011	-5.6062e+011	5.5894e+011	5.2500e-015
-2.420e+000	2.7173e-007	-5.9447e+011	-5.7751e+011	5.7584e+011	5.2500e-015
-2.410e+000	2.7281e-007	-6.1150e+011	-5.9447e+011	5.9280e+011	5.2500e-015
-2.400e+000	2.7381e-007	-6.2859e+011	-6.1150e+011	6.0982e+011	5.2500e-015
-2.390e+000	2.7477e-007	-6.4574e+011	-6.2859e+011	6.2691e+011	5.2500e-015
-2.380e+000	2.7569e-007	-6.6295e+011	-6.4574e+011	6.4406e+011	5.2500e-015
-2.370e+000	2.7656e-007	-6.8021e+011	-6.6295e+011	6.6127e+011	5.2500e-015
-2.360e+000	2.7740e-007	-6.9752e+011	-6.8021e+011	6.7853e+011	5.2500e-015
-2.350e+000	2.7819e-007	-7.1489e+011	-6.9752e+011	6.9585e+011	5.2500e-015
-2.340e+000	2.7895e-007	-7.3230e+011	-7.1489e+011	7.1321e+011	5.2500e-015
-2.330e+000	2.7968e-007	-7.4975e+011	-7.3230e+011	7.3062e+011	5.2500e-015
-2.320e+000	2.8038e-007	-7.6725e+011	-7.4975e+011	7.4808e+011	5.2500e-015
-2.310e+000	2.8105e-007	-7.8480e+011	-7.6725e+011	7.6558e+011	5.2500e-015
-2.300e+000	2.8169e-007	-8.0238e+011	-7.8480e+011	7.8312e+011	5.2500e-015
-2.290e+000	2.8230e-007	-8.2000e+011	-8.0238e+011	8.0070e+011	5.2500e-015
-2.280e+000	2.8289e-007	-8.3765e+011	-8.2000e+011	8.1832e+011	5.2500e-015
-2.270e+000	2.8346e-007	-8.5535e+011	-8.3765e+011	8.3598e+011	5.2500e-015
-2.260e+000	2.8400e-007	-8.7307e+011	-8.5535e+011	8.5367e+011	5.2500e-015
-2.250e+000	2.8453e-007	-8.9083e+011	-8.7307e+011	8.7139e+011	5.2500e-015
-2.240e+000	2.8503e-007	-9.0862e+011	-8.9083e+011	8.8915e+011	5.2500e-015
-2.230e+000	2.8552e-007	-9.2644e+011	-9.0862e+011	9.0694e+011	5.2500e-015
-2.220e+000	2.8598e-007	-9.4429e+011	-9.2644e+011	9.2476e+011	5.2500e-015
-2.210e+000	2.8643e-007	-9.6217e+011	-9.4429e+011	9.4261e+011	5.2500e-015
-2.200e+000	2.8687e-007	-9.8007e+011	-9.6217e+011	9.6049e+011	5.2500e-015
-2.190e+000	2.8728e-007	-9.9800e+011	-9.8007e+011	9.7839e+011	5.2500e-015
-2.180e+000	2.8769e-007	-1.0160e+012	-9.9800e+011	9.9633e+011	5.2500e-015
-2.170e+000	2.8808e-007	-1.0339e+012	-1.0160e+012	1.0143e+012	5.2500e-015
-2.160e+000	2.8845e-007	-1.0519e+012	-1.0339e+012	1.0323e+012	5.2500e-015
-2.150e+000	2.8882e-007	-1.0700e+012	-1.0519e+012	1.0503e+012	5.2500e-015
-2.140e+000	2.8917e-007	-1.0880e+012	-1.0700e+012	1.0683e+012	5.2500e-015
-2.130e+000	2.8951e-007	-1.1061e+012	-1.0880e+012	1.0863e+012	5.2500e-015
-2.120e+000	2.8984e-007	-1.1242e+012	-1.1061e+012	1.1044e+012	5.2500e-015
-2.110e+000	2.9016e-007	-1.1423e+012	-1.1242e+012	1.1225e+012	5.2500e-015
-2.100e+000	2.9046e-007	-1.1604e+012	-1.1423e+012	1.1406e+012	5.2500e-015
-2.090e+000	2.9076e-007	-1.1786e+012	-1.1604e+012	1.1587e+012	5.2500e-015
-2.080e+000	2.9105e-007	-1.1967e+012	-1.1786e+012	1.1769e+012	5.2500e-015
-2.070e+000	2.9133e-007	-1.2149e+012	-1.1967e+012	1.1951e+012	5.2500e-015
-2.060e+000	2.9161e-007	-1.2331e+012	-1.2149e+012	1.2132e+012	5.2500e-015
-2.050e+000	2.9187e-007	-1.2513e+012	-1.2331e+012	1.2314e+012	5.2500e-015
-2.040e+000	2.9213e-007	-1.2696e+012	-1.2513e+012	1.2497e+012	5.2500e-015
-2.030e+000	2.9237e-007	-1.2878e+012	-1.2696e+012	1.2679e+012	5.2500e-015
-2.020e+000	2.9262e-007	-1.3061e+012	-1.2878e+012	1.2861e+012	5.2500e-015
-2.010e+000	2.9285e-007	-1.3244e+012	-1.3061e+012	1.3044e+012	5.2500e-015
-2.000e+000	2.9308e-007	-1.3426e+012	-1.3244e+012	1.3227e+012	5.2500e-015
-1.990e+000	2.9331e-007	-1.3610e+012	-1.3426e+012	1.3410e+012	5.2500e-015
-1.980e+000	2.9352e-007	-1.3793e+012	-1.3610e+012	1.3593e+012	5.2500e-015
-1.970e+000	2.9373e-007	-1.3976e+012	-1.3793e+012	1.3776e+012	5.2500e-015
-1.960e+000	2.9394e-007	-1.4160e+012	-1.3976e+012	1.3959e+012	5.2500e-015
-1.950e+000	2.9414e-007	-1.4343e+012	-1.4160e+012	1.4143e+012	5.2500e-015
-1.940e+000	2.9433e-007	-1.4527e+012	-1.4343e+012	1.4326e+012	5.2500e-015
-1.930e+000	2.9452e-007	-1.4711e+012	-1.4527e+012	1.4510e+012	5.2500e-015
-1.920e+000	2.9471e-007	-1.4895e+012	-1.4711e+012	1.4694e+012	5.2500e-015
-1.910e+000	2.9489e-007	-1.5079e+012	-1.4895e+012	1.4878e+012	5.2500e-015
-1.900e+000	2.9506e-007	-1.5263e+012	-1.5079e+012	1.5062e+012	5.2500e-015
-1.890e+000	2.9523e-007	-1.5447e+012	-1.5263e+012	1.5246e+012	5.2500e-015
-1.880e+000	2.9540e-007	-1.5631e+012	-1.5447e+012	1.5430e+012	5.2500e-015
-1.870e+000	2.9557e-007	-1.5816e+012	-1.5631e+012	1.5615e+012	5.2500e-015
-1.860e+000	2.9573e-007	-1.6001e+012	-1.5816e+012	1.5799e+012	5.2500e-015
-1.850e+000	2.9588e-007	-1.6185e+012	-1.6001e+012	1.5984e+012	5.2500e-015
-1.840e+000	2.9603e-007	-1.6370e+012	-1.6185e+012	1.6168e+012	5.2500e-015
-1.830e+000	2.9618e-007	-1.6555e+012	-1.6370e+012	1.6353e+012	5.2500e-015
-1.820e+000	2.9633e-007	-1.6740e+012	-1.6555e+012	1.6538e+012	5.2500e-015
-1.810e+000	2.9647e-007	-1.6925e+012	-1.6740e+012	1.6723e+012	5.2500e-015
-1.800e+000	2.9661e-007	-1.7110e+012	-1.6925e+012	1.6908e+012	5.2500e-015
-1.790e+000	2.9675e-007	-1.7295e+012	-1.7110e+012	1.7093e+012	5.2500e-015
-1.780e+000	2.9688e-007	-1.7480e+012	-1.7295e+012	1.7278e+012	5.2500e-015
-1.770e+000	2.9701e-007	-1.7666e+012	-1.7480e+012	1.7464e+012	5.2500e-015
-1.760e+000	2.9714e-007	-1.7851e+012	-1.7666e+012	1.7649e+012	5.2500e-015
-1.750e+000	2.9726e-007	-1.8037e+012	-1.7851e+012	1.7835e+012	5.2500e-015
-1.740e+000	2.9738e-007	-1.8222e+012	-1.8037e+012	1.8020e+012	5.2500e-015
-1.730e+000	2.9750e-007	-1.8408e+012	-1.8222e+012	1.8206e+012	5.2500e-015
-1.720e+000	2.9762e-007	-1.8594e+012	-1.8408e+012	1.8391e+012	5.2500e-015
-1.710e+000	2.9774e-007	-1.8780e+012	-1.8594e+012	1.8577e+012	5.2500e-015
-1.700e+000	2.9785e-007	-1.8966e+012	-1.8780e+012	1.8763e+012	5.2500e-015
-1.690e+000	2.9796e-007	-1.9152e+012	-1.8966e+012	1.8949e+012	5.2500e-015
-1.680e+000	2.9807e-007	-1.9338e+012	-1.9152e+012	1.9135e+012	5.2500e-015
-1.670e+000	2.9818e-007	-1.9524e+012	-1.9338e+012	1.9321e+012	5.2500e-015
-1.660e+000	2.9828e-007	-1.9710e+012	-1.9524e+012	1.9507e+012	5.2500e-015
-1.650e+000	2.9838e-007	-1.9896e+012	-1.9710e+012	1.9693e+012	5.2500e-015
-1.640e+000	2.9848e-007	-2.0082e+012	-1.9896e+012	1.9879e+012	5.2500e-015
-1.630e+000	2.9858e-007	-2.0269e+012	-2.0082e+012	2.0066e+012	5.2500e-015
-1.620e+000	2.9868e-007	-2.0455e+012	-2.0269e+012	2.0252e+012	5.2500e-015
-1.610e+000	2.9877e-007	-2.0642e+012	-2.0455e+012	2.0438e+012	5.2500e-015
-1.600e+000	2.9887e-007	-2.0828e+012	-2.0642e+012	2.0625e+012	5.2500e-015
-1.590e+000	2.9896e-007	-2.1015e+012	-2.0828e+012	2.0811e+012	5.2500e-015
-1.580e+000	2.9905e-007	-2.1202e+012	-2.1015e+012	2.0998e+012	5.2500e-015
-1.570e+000	2.9914e-007	-2.1388e+012	-2.1202e+012	2.1185e+012	5.2500e-015
-1.560e+000	2.9923e-007	-2.1575e+012	-2.1388e+012	2.1371e+012	5.2500e-015
-1.550e+000	2.9931e-007	-2.1762e+012	-2.1575e+012	2.1558e+012	5.2500e-015
-1.540e+000	2.9940e-007	-2.1949e+012	-2.1762e+012	2.1745e+012	5.2500e-015
-1.530e+000	2.9948e-007	-2.2136e+012	-2.1949e+012	2.1932e+012	5.2500e-015
-1.520e+000	2.9956e-007	-2.2323e+012	-2.2136e+012	2.2119e+012	5.2500e-015
-1.510e+000	2.9964e-007	-2.2510e+012	-2.2323e+012	2.2306e+012	5.2500e-015
-1.500e+000	2.9972e-007	-2.2697e+012	-2.2510e+012	2.2493e+012	5.2500e-015
-1.490e+000	2.9980e-007	-2.2884e+012	-2.2697e+012	2.2680e+012	5.2500e-015
-1.480e+000	2.9988e-007	-2.3071e+012	-2.2884e+012	2.2867e+012	5.2500e-015
-1.470e+000	2.9995e-007	-2.3258e+012	-2.3071e+012	2.3054e+012	5.2500e-015
-1.460e+000	3.0003e-007	-2.3445e+012	-2.3258e+012	2.3241e+012	5.2500e-015
-1.450e+000	3.0010e-007	-2.3633e+012	-2.3445e+012	2.3429e+012	5.2500e-015
-1.440e+000	3.0017e-007	-2.3820e+012	-2.3633e+012	2.3616e+012	5.2500e-015
-1.430e+000	3.0024e-007	-2.4007e+012	-2.3820e+012	2.3803e+012	5.2500e-015
-1.420e+000	3.0031e-007	-2.4195e+012	-2.4007e+012	2.3991e+012	5.2500e-015
-1.410e+000	3.0038e-007	-2.4382e+012	-2.4195e+012	2.4178e+012	5.2500e-015
-1.400e+000	3.0045e-007	-2.4570e+012	-2.4382e+012	2.4366e+012	5.2500e-015
-1.390e+000	3.0051e-007	-2.4757e+012	-2.4570e+012	2.4553e+012	5.2500e-015
-1.380e+000	3.0058e-007	-2.4945e+012	-2.4757e+012	2.4741e+012	5.2500e-015
-1.370e+000	3.0065e-007	-2.5133e+012	-2.4945e+012	2.4928e+012	5.2500e-015
-1.360e+000	3.0071e-007	-2.5320e+012	-2.5133e+012	2.5116e+012	5.2500e-015
-1.350e+000	3.0077e-007	-2.5508e+012	-2.5320e+012	2.5304e+012	5.2500e-015
-1.340e+000	3.0083e-007	-2.5696e+012	-2.5508e+012	2.5491e+012	5.2500e-015
-1.330e+000	3.0090e-007	-2.5884e+012	-2.5696e+012	2.5679e+012	5.2500e-015
-1.320e+000	3.0096e-007	-2.6072e+012	-2.5884e+012	2.5867e+012	5.2500e-015
-1.310e+000	3.0102e-007	-2.6259e+012	-2.6072e+012	2.6055e+012	5.2500e-015
-1.300e+000	3.0108e-007	-2.6447e+012	-2.6259e+012	2.6243e+012	5.2500e-015
-1.290e+000	3.0113e-007	-2.6635e+012	-2.6447e+012	2.6431e+012	5.2500e-015
-1.280e+000	3.0119e-007	-2.6823e+012	-2.6635e+012	2.6619e+012	5.2500e-015
-1.270e+000	3.0125e-007	-2.7011e+012	-2.6823e+012	2.6806e+012	5.2500e-015
-1.260e+000	3.0130e-007	-2.7199e+012	-2.7011e+012	2.6995e+012	5.2500e-015
-1.250e+000	3.0136e-007	-2.7387e+012	-2.7199e+012	2.7183e+012	5.2500e-015
-1.240e+000	3.0141e-007	-2.7576e+012	-2.7387e+012	2.7371e+012	5.2500e-015
-1.230e+000	3.0147e-007	-2.7764e+012	-2.7576e+012	2.7559e+012	5.2500e-015
-1.220e+000	3.0152e-007	-2.7952e+012	-2.7764e+012	2.7747e+012	5.2500e-015
-1.210e+000	3.0157e-007	-2.8140e+012	-2.7952e+012	2.7935e+012	5.2500e-015
-1.200e+000	3.0163e-007	-2.8328e+012	-2.8140e+012	2.8123e+012	5.2500e-015
-1.190e+000	3.0168e-007	-2.8517e+012	-2.8328e+012	2.8312e+012	5.2500e-015
-1.180e+000	3.0173e-007	-2.8705e+012	-2.8517e+012	2.8500e+012	5.2500e-015
-1.170e+000	3.0178e-007	-2.8893e+012	-2.8705e+012	2.8688e+012	5.2500e-015
-1.160e+000	3.0183e-007	-2.9082e+012	-2.8893e+012	2.8877e+012	5.2500e-015
-1.150e+000	3.0188e-007	-2.9270e+012	-2.9082e+012	2.9065e+012	5.2500e-015
-1.140e+000	3.0192e-007	-2.9459e+012	-2.9270e+012	2.9253e+012	5.2500e-015
-1.130e+000	3.0197e-007	-2.9647e+012	-2.9459e+012	2.9442e+012	5.2500e-015
-1.120e+000	3.0202e-007	-2.9836e+012	-2.9647e+012	2.9630e+012	5.2500e-015
-1.110e+000	3.0207e-007	-3.0024e+012	-2.9836e+012	2.9819e+012	5.2500e-015
-1.100e+000	3.0211e-007	-3.0213e+012	-3.0024e+012	3.0007e+012	5.2500e-015
-1.090e+000	3.0216e-007	-3.0401e+012	-3.0213e+012	3.0196e+012	5.2500e-015
-1.080e+000	3.0220e-007	-3.0590e+012	-3.0401e+012	3.0385e+012	5.2500e-015
-1.070e+000	3.0225e-007	-3.0779e+012	-3.0590e+012	3.0573e+012	5.2500e-015
-1.060e+000	3.0229e-007	-3.0967e+012	-3.0779e+012	3.0762e+012	5.2500e-015
-1.050e+000	3.0234e-007	-3.1156e+012	-3.0967e+012	3.0950e+012	5.2500e-015
-1.040e+000	3.0238e-007	-3.1345e+012	-3.1156e+012	3.1139e+012	5.2500e-015
-1.030e+000	3.0242e-007	-3.1533e+012	-3.1345e+012	3.1328e+012	5.2500e-015
-1.020e+000	3.0246e-007	-3.1722e+012	-3.1533e+012	3.1517e+012	5.2500e-015
-1.010e+000	3.0251e-007	-3.1911e+012	-3.1722e+012	3.1705e+012	5.2500e-015
-1.000e+000	3.0255e-007	-3.2100e+012	-3.1911e+012	3.1894e+012	5.2500e-015
-9.900e-001	3.0259e-007	-3.2289e+012	-3.2100e+012	3.2083e+012	5.2500e-015
-9.800e-001	3.0263e-007	-3.2478e+012	-3.2289e+012	3.2272e+012	5.2500e-015
-9.700e-001	3.0267e-007	-3.2667e+012	-3.2478e+012	3.2461e+012	5.2500e-015
-9.600e-001	3.0271e-007	-3.2855e+012	-3.2667e+012	3.2650e+012	5.2500e-015
-9.500e-001	3.0275e-007	-3.3044e+012	-3.2855e+012	3.2839e+012	5.2500e-015
-9.400e-001	3.0279e-007	-3.3233e+012	-3.3044e+012	3.3028e+012	5.2500e-015
-9.300e-001	3.0283e-007	-3.3422e+012	-3.3233e+012	3.3217e+012	5.2500e-015
-9.200e-001	3.0287e-007	-3.3611e+012	-3.3422e+012	3.3406e+012	5.2500e-015
-9.100e-001	3.0290e-007	-3.3801e+012	-3.3611e+012	3.3595e+012	5.2500e-015
-9.000e-001	3.0294e-007	-3.3990e+012	-3.3801e+012	3.3784e+012	5.2500e-015
-8.900e-001	3.0298e-007	-3.4179e+012	-3.3990e+012	3.3973e+012	5.2500e-015
-8.800e-001	3.0302e-007	-3.4368e+012	-3.4179e+012	3.4162e+012	5.2500e-015
-8.700e-001	3.0305e-007	-3.4557e+012	-3.4368e+012	3.4351e+012	5.2500e-015
-8.600e-001	3.0309e-007	-3.4746e+012	-3.4557e+012	3.4540e+012	5.2500e-015
-8.500e-001	3.0312e-007	-3.4935e+012	-3.4746e+012	3.4729e+012	5.2500e-015
-8.400e-001	3.0316e-007	-3.5125e+012	-3.4935e+012	3.4919e+012	5.2500e-015
-8.300e-001	3.0319e-007	-3.5314e+012	-3.5125e+012	3.5108e+012	5.2500e-015
-8.200e-001	3.0323e-007	-3.5503e+012	-3.5314e+012	3.5297e+012	5.2500e-015
-8.100e-001	3.0326e-007	-3.5692e+012	-3.5503e+012	3.5486e+012	5.2500e-015
-8.000e-001	3.0330e-007	-3.5882e+012	-3.5692e+012	3.5676e+012	5.2500e-015
-7.900e-001	3.0333e-007	-3.6071e+012	-3.5882e+012	3.5865e+012	5.2500e-015
-7.800e-001	3.0337e-007	-3.6260e+012	-3.6071e+012	3.6054e+012	5.2500e-015
-7.700e-001	3.0340e-007	-3.6450e+012	-3.6260e+012	3.6244e+012	5.2500e-015
-7.600e-001	3.0343e-007	-3.6639e+012	-3.6450e+012	3.6433e+012	5.2500e-015
-7.500e-001	3.0347e-007	-3.6828e+012	-3.6639e+012	3.6622e+012	5.2500e-015
-7.400e-001	3.0350e-007	-3.7018e+012	-3.6828e+012	3.6812e+012	5.2500e-015
-7.300e-001	3.0353e-007	-3.7207e+012	-3.7018e+012	3.7001e+012	5.2500e-015
-7.200e-001	3.0356e-007	-3.7397e+012	-3.7207e+012	3.7191e+012	5.2500e-015
-7.100e-001	3.0359e-007	-3.7586e+012	-3.7397e+012	3.7380e+012	5.2500e-015
-7.000e-001	3.0363e-007	-3.7776e+012	-3.7586e+012	3.7570e+012	5.2500e-015
-6.900e-001	3.0366e-007	-3.7965e+012	-3.7776e+012	3.7759e+012	5.2500e-015
-6.800e-001	3.0369e-007	-3.8155e+012	-3.7965e+012	3.7949e+012	5.2500e-015
-6.700e-001	3.0372e-007	-3.8344e+012	-3.8155e+012	3.8138e+012	5.2500e-015
-6.600e-001	3.0375e-007	-3.8534e+012	-3.8344e+012	3.8328e+012	5.2500e-015
-6.500e-001	3.0378e-007	-3.8724e+012	-3.8534e+012	3.8517e+012	5.2500e-015
-6.400e-001	3.0381e-007	-3.8913e+012	-3.8724e+012	3.8707e+012	5.2500e-015
-6.300e-001	3.0384e-007	-3.9103e+012	-3.8913e+012	3.8896e+012	5.2500e-015
-6.200e-001	3.0387e-007	-3.9293e+012	-3.9103e+012	3.9086e+012	5.2500e-015
-6.100e-001	3.0390e-007	-3.9482e+012	-3.9293e+012	3.9276e+012	5.2500e-015
-6.000e-001	3.0393e-007	-3.9672e+012	-3.9482e+012	3.9465e+012	5.2500e-015
-5.900e-001	3.0396e-007	-3.9862e+012	-3.9672e+012	3.9655e+012	5.2500e-015
-5.800e-001	3.0398e-007	-4.0051e+012	-3.9862e+012	3.9845e+012	5.2500e-015
-5.700e-001	3.0401e-007	-4.0241e+012	-4.0051e+012	4.0035e+012	5.2500e-015
-5.600e-001	3.0404e-007	-4.0431e+012	-4.0241e+012	4.0224e+012	5.2500e-015
-5.500e-001	3.0407e-007	-4.0621e+012	-4.0431e+012	4.0414e+012	5.2500e-015
-5.400e-001	3.0410e-007	-4.0810e+012	-4.0621e+012	4.0604e+012	5.2500e-015
-5.300e-001	3.0412e-007	-4.1000e+012	-4.0810e+012	4.0794e+012	5.2500e-015
-5.200e-001	3.0415e-007	-4.1190e+012	-4.1000e+012	4.0984e+012	5.2500e-015
-5.100e-001	3.0418e-007	-4.1380e+012	-4.1190e+012	4.1173e+012	5.2500e-015
-5.000e-001	3.0421e-007	-4.1570e+012	-4.1380e+012	4.1363e+012	5.2500e-015
-4.900e-001	3.0423e-007	-4.1760e+012	-4.1570e+012	4.1553e+012	5.2500e-015
-4.800e-001	3.0426e-007	-4.1950e+012	-4.1760e+012	4.1743e+012	5.2500e-015
-4.700e-001	3.0429e-007	-4.2140e+012	-4.1950e+012	4.1933e+012	5.2500e-015
-4.600e-001	3.0431e-007	-4.2330e+012	-4.2140e+012	4.2123e+012	5.2500e-015
-4.500e-001	3.0434e-007	-4.2519e+012	-4.2330e+012	4.2313e+012	5.2500e-015
-4.400e-001	3.0436e-007	-4.2709e+012	-4.2519e+012	4.2503e+012	5.2500e-015
-4.300e-001	3.0439e-007	-4.2899e+012	-4.2709e+012	4.2693e+012	5.2500e-015
-4.200e-001	3.0442e-007	-4.3089e+012	-4.2899e+012	4.2883e+012	5.2500e-015
-4.100e-001	3.0444e-007	-4.3279e+012	-4.3089e+012	4.3073e+012	5.2500e-015
-4.000e-001	3.0447e-007	-4.3469e+012	-4.3279e+012	4.3263e+012	5.2500e-015
-3.900e-001	3.0449e-007	-4.3660e+012	-4.3469e+012	4.3453e+012	5.2500e-015
-3.800e-001	3.0452e-007	-4.3850e+012	-4.3660e+012	4.3643e+012	5.2500e-015
-3.700e-001	3.0454e-007	-4.4040e+012	-4.3850e+012	4.3833e+012	5.2500e-015
-3.600e-001	3.0457e-007	-4.4230e+012	-4.4040e+012	4.4023e+012	5.2500e-015
-3.500e-001	3.0459e-007	-4.4420e+012	-4.4230e+012	4.4213e+012	5.2500e-015
-3.400e-001	3.0461e-007	-4.4610e+012	-4.4420e+012	4.4403e+012	5.2500e-015
-3.300e-001	3.0464e-007	-4.4800e+012	-4.4610e+012	4.4593e+012	5.2500e-015
-3.200e-001	3.0466e-007	-4.4990e+012	-4.4800e+012	4.4783e+012	5.2500e-015
-3.100e-001	3.0469e-007	-4.5180e+012	-4.4990e+012	4.4973e+012	5.2500e-015
-3.000e-001	3.0471e-007	-4.5371e+012	-4.5180e+012	4.5164e+012	5.2500e-015
-2.900e-001	3.0473e-007	-4.5561e+012	-4.5371e+012	4.5354e+012	5.2500e-015
-2.800e-001	3.0476e-007	-4.5751e+012	-4.5561e+012	4.5544e+012	5.2500e-015
-2.700e-001	3.0478e-007	-4.5941e+012	-4.5751e+012	4.5734e+012	5.2500e-015
-2.600e-001	3.0480e-007	-4.6132e+012	-4.5941e+012	4.5924e+012	5.2500e-015
-2.500e-001	3.0482e-007	-4.6322e+012	-4.6132e+012	4.6115e+012	5.2500e-015
-2.400e-001	3.0485e-007	-4.6512e+012	-4.6322e+012	4.6305e+012	5.2500e-015
-2.300e-001	3.0487e-007	-4.6702e+012	-4.6512e+012	4.6495e+012	5.2500e-015
-2.200e-001	3.0489e-007	-4.6893e+012	-4.6702e+012	4.6686e+012	5.2500e-015
-2.100e-001	3.0491e-007	-4.7083e+012	-4.6893e+012	4.6876e+012	5.2500e-015
-2.000e-001	3.0494e-007	-4.7273e+012	-4.7083e+012	4.7066e+012	5.2500e-015
-1.900e-001	3.0496e-007	-4.7464e+012	-4.7273e+012	4.7256e+012	5.2500e-015
-1.800e-001	3.0498e-007	-4.7654e+012	-4.7464e+012	4.7447e+012	5.2500e-015
-1.700e-001	3.0500e-007	-4.7844e+012	-4.7654e+012	4.7637e+012	5.2500e-015
-1.600e-001	3.0502e-007	-4.8035e+012	-4.7844e+012	4.7828e+012	5.2500e-015
-1.500e-001	3.0505e-007	-4.8225e+012	-4.8035e+012	4.8018e+012	5.2500e-015
-1.400e-001	3.0507e-007	-4.8416e+012	-4.8225e+012	4.8208e+012	5.2500e-015
-1.300e-001	3.0509e-007	-4.8606e+012	-4.8416e+012	4.8399e+012	5.2500e-015
-1.200e-001	3.0511e-007	-4.8796e+012	-4.8606e+012	4.8589e+012	5.2500e-015
-1.100e-001	3.0513e-007	-4.8987e+012	-4.8796e+012	4.8780e+012	5.2500e-015
-1.000e-001	3.0515e-007	-4.9177e+012	-4.8987e+012	4.8970e+012	5.2500e-015
-9.000e-002	3.0517e-007	-4.9368e+012	-4.9177e+012	4.9160e+012	5.2500e-015
-8.000e-002	3.0519e-007	-4.9558e+012	-4.9368e+012	4.9351e+012	5.2500e-015
-7.000e-002	3.0521e-007	-4.9749e+012	-4.9558e+012	4.9541e+012	5.2500e-015
-6.000e-002	3.0523e-007	-4.9939e+012	-4.9749e+012	4.9732e+012	5.2500e-015
-5.000e-002	3.0525e-007	-5.0130e+012	-4.9939e+012	4.9922e+012	5.2500e-015
-4.000e-002	3.0527e-007	-5.0320e+012	-5.0130e+012	5.0113e+012	5.2500e-015
-3.000e-002	3.0529e-007	-5.0511e+012	-5.0320e+012	5.0304e+012	5.2500e-015
-2.000e-002	3.0531e-007	-5.0701e+012	-5.0511e+012	5.0494e+012	5.2500e-015
-1.000e-002	3.0533e-007	-5.0892e+012	-5.0701e+012	5.0685e+012	5.2500e-015
0.000e+000	3.0535e-007	-5.1083e+012	-5.0892e+012	5.0875e+012	5.2500e-015
1.000e-002	3.0537e-007	-5.1273e+012	-5.1083e+012	5.1066e+012	5.2500e-015
2.000e-002	3.0539e-007	-5.1464e+012	-5.1273e+012	5.1256e+012	5.2500e-015
3.000e-002	3.0541e-007	-5.1654e+012	-5.1464e+012	5.1447e+012	5.2500e-015
4.000e-002	3.0543e-007	-5.1845e+012	-5.1654e+012	5.1638e+012	5.2500e-015
5.000e-002	3.0545e-007	-5.2036e+012	-5.1845e+012	5.1828e+012	5.2500e-015
6.000e-002	3.0547e-007	-5.2226e+012	-5.2036e+012	5.2019e+012	5.2500e-015
7.000e-002	3.0549e-007	-5.2417e+012	-5.2226e+012	5.2210e+012	5.2500e-015
8.000e-002	3.0551e-007	-5.2608e+012	-5.2417e+012	5.2400e+012	5.2500e-015
9.000e-002	3.0553e-007	-5.2798e+012	-5.2608e+012	5.2591e+012	5.2500e-015
1.000e-001	3.0555e-007	-5.2989e+012	-5.2798e+012	5.2782e+012	5.2500e-015
1.100e-001	3.0556e-007	-5.3180e+012	-5.2989e+012	5.2972e+012	5.2500e-015
1.200e-001	3.0558e-007	-5.3371e+012	-5.3180e+012	5.3163e+012	5.2500e-015
1.300e-001	3.0560e-007	-5.3561e+012	-5.3371e+012	5.3354e+012	5.2500e-015
1.400e-001	3.0562e-007	-5.3752e+012	-5.3561e+012	5.3544e+012	5.2500e-015
1.500e-001	3.0564e-007	-5.3943e+012	-5.3752e+012	5.3735e+012	5.2500e-015
1.600e-001	3.0566e-007	-5.4134e+012	-5.3943e+012	5.3926e+012	5.2500e-015
1.700e-001	3.0567e-007	-5.4324e+012	-5.4134e+012	5.4117e+012	5.2500e-015
1.800e-001	3.0569e-007	-5.4515e+012	-5.4324e+012	5.4308e+012	5.2500e-015
1.900e-001	3.0571e-007	-5.4706e+012	-5.4515e+012	5.4498e+012	5.2500e-015
2.000e-001	3.0573e-007	-5.4897e+012	-5.4706e+012	5.4689e+012	5.2500e-015
2.100e-001	3.0575e-007	-5.5088e+012	-5.4897e+012	5.4880e+012	5.2500e-015
2.200e-001	3.0577e-007	-5.5278e+012	-5.5088e+012	5.5071e+012	5.2500e-015
2.300e-001	3.0579e-007	-5.5469e+012	-5.5278e+012	5.5262e+012	5.2500e-015
2.400e-001	3.0581e-007	-5.5660e+012	-5.5469e+012	5.5453e+012	5.2500e-015
2.500e-001	3.0583e-007	-5.5851e+012	-5.5660e+012	5.5643e+012	5.2500e-015
2.600e-001	3.0585e-007	-5.6042e+012	-5.5851e+012	5.5834e+012	5.2500e-015
2.700e-001	3.0587e-007	-5.6233e+012	-5.6042e+012	5.6025e+012	5.2500e-015
2.800e-001	3.0590e-007	-5.6424e+012	-5.6233e+012	5.6216e+012	5.2500e-015
2.900e-001	3.0593e-007	-5.6615e+012	-5.6424e+012	5.6407e+012	5.2500e-015
3.000e-001	3.0597e-007	-5.6806e+012	-5.6615e+012	5.6598e+012	5.2500e-015
3.100e-001	3.0601e-007	-5.6997e+012	-5.6806e+012	5.6789e+012	5.2500e-015
3.200e-001	3.0607e-007	-5.7188e+012	-5.6997e+012	5.6980e+012	5.2500e-015
3.300e-001	3.0615e-007	-5.7379e+012	-5.7188e+012	5.7171e+012	5.2500e-015
3.400e-001	3.0625e-007	-5.7570e+012	-5.7379e+012	5.7362e+012	5.2500e-015
3.500e-001	3.0639e-007	-5.7761e+012	-5.7570e+012	5.7553e+012	5.2500e-015
3.600e-001	3.0658e-007	-5.7953e+012	-5.7761e+012	5.7744e+012	5.2500e-015
3.700e-001	3.0685e-007	-5.8144e+012	-5.7953e+012	5.7936e+012	5.2500e-015
3.800e-001	3.0722e-007	-5.8336e+012	-5.8144e+012	5.8127e+012	5.2500e-015
3.900e-001	3.0775e-007	-5.8528e+012	-5.8336e+012	5.8319e+012	5.2500e-015
4.000e-001	3.0850e-007	-5.8720e+012	-5.8528e+012	5.8511e+012	5.2500e-015
4.100e-001	3.0957e-007	-5.8914e+012	-5.8720e+012	5.8704e+012	5.2500e-015
4.200e-001	3.1108e-007	-5.9108e+012	-5.8914e+012	5.8897e+012	5.2500e-015
4.300e-001	3.1323e-007	-5.9303e+012	-5.9108e+012	5.9091e+012	5.2500e-015
4.400e-001	3.1630e-007	-5.9501e+012	-5.9303e+012	5.9287e+012	5.2500e-015
4.500e-001	3.2066e-007	-5.9701e+012	-5.9501e+012	5.9484e+012	5.2500e-015
4.600e-001	3.2638e-007	-5.9905e+012	-5.9701e+012	5.9684e+012	5.2500e-015
4.700e-001	3.3516e-007	-6.0114e+012	-5.9905e+012	5.9888e+012	5.2500e-015
4.800e-001	3.4710e-007	-6.0330e+012	-6.0114e+012	6.0097e+012	5.2500e-015
4.900e-001	3.6363e-007	-6.0557e+012	-6.0330e+012	6.0314e+012	5.2500e-015
5.000e-001	3.8622e-007	-6.0798e+012	-6.0557e+012	6.0541e+012	5.2500e-015
5.100e-001	4.1658e-007	-6.1058e+012	-6.0798e+012	6.0782e+012	5.2500e-015
5.200e-001	4.5649e-007	-6.1343e+012	-6.1058e+012	6.1042e+012	5.2500e-015
5.300e-001	5.0748e-007	-6.1660e+012	-6.1343e+012	6.1327e+012	5.2500e-015
5.400e-001	5.7045e-007	-6.2016e+012	-6.1660e+012	6.1643e+012	5.2500e-015
5.500e-001	6.4519e-007	-6.2419e+012	-6.2016e+012	6.1999e+012	5.2500e-015
5.600e-001	7.3011e-007	-6.2875e+012	-6.2419e+012	6.2402e+012	5.2500e-015
5.700e-001	8.2241e-007	-6.3388e+012	-6.2875e+012	6.2858e+012	5.2500e-015
5.800e-001	9.1851e-007	-6.3961e+012	-6.3388e+012	6.3371e+012	5.2500e-015
5.900e-001	1.0148e-006	-6.4595e+012	-6.3961e+012	6.3944e+012	5.2500e-015
6.000e-001	1.1083e-006	-6.5286e+012	-6.4595e+012	6.4578e+012	5.2500e-015
6.100e-001	1.1969e-006	-6.6033e+012	-6.5286e+012	6.5270e+012	5.2500e-015
6.200e-001	1.2793e-006	-6.6832e+012	-6.6033e+012	6.6017e+012	5.2500e-015
6.300e-001	1.3551e-006	-6.7678e+012	-6.6832e+012	6.6815e+012	5.2500e-015
6.400e-001	1.4249e-006	-6.8567e+012	-6.7678e+012	6.7661e+012	5.2500e-015
6.500e-001	1.4888e-006	-6.9496e+012	-6.8567e+012	6.8550e+012	5.2500e-015
6.600e-001	1.5476e-006	-7.0462e+012	-6.9496e+012	6.9479e+012	5.2500e-015
6.700e-001	1.6019e-006	-7.1462e+012	-7.0462e+012	7.0445e+012	5.2500e-015
6.800e-001	1.6525e-006	-7.2494e+012	-7.1462e+012	7.1445e+012	5.2500e-015
6.900e-001	1.7000e-006	-7.3555e+012	-7.2494e+012	7.2477e+012	5.2500e-015
7.000e-001	1.7449e-006	-7.4644e+012	-7.3555e+012	7.3538e+012	5.2500e-015
7.100e-001	1.7877e-006	-7.5759e+012	-7.4644e+012	7.4627e+012	5.2500e-015
7.200e-001	1.8288e-006	-7.6901e+012	-7.5759e+012	7.5743e+012	5.2500e-015
7.300e-001	1.8686e-006	-7.8067e+012	-7.6901e+012	7.6884e+012	5.2500e-015
7.400e-001	1.9072e-006	-7.9258e+012	-7.8067e+012	7.8050e+012	5.2500e-015
7.500e-001	1.9450e-006	-8.0472e+012	-7.9258e+012	7.9241e+012	5.2500e-015
7.600e-001	1.9819e-006	-8.1709e+012	-8.0472e+012	8.0455e+012	5.2500e-015
7.700e-001	2.0180e-006	-8.2968e+012	-8.1709e+012	8.1692e+012	5.2500e-015
7.800e-001	2.0534e-006	-8.4250e+012	-8.2968e+012	8.2951e+012	5.2500e-015
7.900e-001	2.0881e-006	-8.5553e+012	-8.4250e+012	8.4233e+012	5.2500e-015
8.000e-001	2.1219e-006	-8.6877e+012	-8.5553e+012	8.5536e+012	5.2500e-015
8.100e-001	2.1548e-006	-8.8222e+012	-8.6877e+012	8.6861e+012	5.2500e-015
8.200e-001	2.1868e-006	-8.9587e+012	-8.8222e+012	8.8205e+012	5.2500e-015
8.300e-001	2.2177e-006	-9.0971e+012	-8.9587e+012	8.9570e+012	5.2500e-015
8.400e-001	2.2475e-006	-9.2374e+012	-9.0971e+012	9.0954e+012	5.2500e-015
8.500e-001	2.2762e-006	-9.3795e+012	-9.2374e+012	9.2357e+012	5.2500e-015
8.600e-001	2.3037e-006	-9.5233e+012	-9.3795e+012	9.3778e+012	5.2500e-015
8.700e-001	2.3300e-006	-9.6687e+012	-9.5233e+012	9.5216e+012	5.2500e-015
8.800e-001	2.3422e-006	-9.8149e+012	-9.6687e+012	9.6670e+012	5.2500e-015
8.900e-001	2.3493e-006	-9.9615e+012	-9.8149e+012	9.8132e+012	5.2500e-015
9.000e-001	2.3699e-006	-1.0109e+013	-9.9615e+012	9.9598e+012	5.2500e-015
9.100e-001	2.3895e-006	-1.0259e+013	-1.0109e+013	1.0108e+013	5.2500e-015
9.200e-001	2.4082e-006	-1.0409e+013	-1.0259e+013	1.0257e+013	5.2500e-015
9.300e-001	2.4258e-006	-1.0560e+013	-1.0409e+013	1.0407e+013	5.2500e-015
9.400e-001	2.4428e-006	-1.0713e+013	-1.0560e+013	1.0559e+013	5.2500e-015
9.500e-001	2.4589e-006	-1.0866e+013	-1.0713e+013	1.0711e+013	5.2500e-015
9.600e-001	2.4743e-006	-1.1021e+013	-1.0866e+013	1.0865e+013	5.2500e-015
9.700e-001	2.4889e-006	-1.1176e+013	-1.1021e+013	1.1019e+013	5.2500e-015
9.800e-001	2.5029e-006	-1.1332e+013	-1.1176e+013	1.1174e+013	5.2500e-015
9.900e-001	2.5164e-006	-1.1489e+013	-1.1332e+013	1.1331e+013	5.2500e-015
1.000e+000	2.5292e-006	-1.1647e+013	-1.1489e+013	1.1488e+013	5.2500e-015
1.010e+000	2.5416e-006	-1.1806e+013	-1.1647e+013	1.1645e+013	5.2500e-015
1.020e+000	2.5535e-006	-1.1965e+013	-1.1806e+013	1.1804e+013	5.2500e-015
1.030e+000	2.5649e-006	-1.2125e+013	-1.1965e+013	1.1963e+013	5.2500e-015
1.040e+000	2.5760e-006	-1.2286e+013	-1.2125e+013	1.2124e+013	5.2500e-015
1.050e+000	2.5867e-006	-1.2447e+013	-1.2286e+013	1.2284e+013	5.2500e-015
1.060e+000	2.5970e-006	-1.2610e+013	-1.2447e+013	1.2446e+013	5.2500e-015
1.070e+000	2.6071e-006	-1.2772e+013	-1.2610e+013	1.2608e+013	5.2500e-015
1.080e+000	2.6168e-006	-1.2936e+013	-1.2772e+013	1.2771e+013	5.2500e-015
1.090e+000	2.6263e-006	-1.3100e+013	-1.2936e+013	1.2934e+013	5.2500e-015
1.100e+000	2.6355e-006	-1.3264e+013	-1.3100e+013	1.3098e+013	5.2500e-015
1.110e+000	2.6444e-006	-1.3429e+013	-1.3264e+013	1.3262e+013	5.2500e-015
1.120e+000	2.6532e-006	-1.3595e+013	-1.3429e+013	1.3427e+013	5.2500e-015
1.130e+000	2.6617e-006	-1.3761e+013	-1.3595e+013	1.3593e+013	5.2500e-015
1.140e+000	2.6701e-006	-1.3927e+013	-1.3761e+013	1.3759e+013	5.2500e-015
1.150e+000	2.6782e-006	-1.4095e+013	-1.3927e+013	1.3926e+013	5.2500e-015
1.160e+000	2.6862e-006	-1.4262e+013	-1.4095e+013	1.4093e+013	5.2500e-015
1.170e+000	2.6940e-006	-1.4430e+013	-1.4262e+013	1.4261e+013	5.2500e-015
1.180e+000	2.7017e-006	-1.4599e+013	-1.4430e+013	1.4429e+013	5.2500e-015
1.190e+000	2.7092e-006	-1.4768e+013	-1.4599e+013	1.4597e+013	5.2500e-015
1.200e+000	2.7165e-006	-1.4938e+013	-1.4768e+013	1.4766e+013	5.2500e-015
1.210e+000	2.7238e-006	-1.5108e+013	-1.4938e+013	1.4936e+013	5.2500e-015
1.220e+000	2.7308e-006	-1.5278e+013	-1.5108e+013	1.5106e+013	5.2500e-015
1.230e+000	2.7378e-006	-1.5449e+013	-1.5278e+013	1.5276e+013	5.2500e-015
1.240e+000	2.7446e-006	-1.5620e+013	-1.5449e+013	1.5447e+013	5.2500e-015
1.250e+000	2.7514e-006	-1.5792e+013	-1.5620e+013	1.5619e+013	5.2500e-015
1.260e+000	2.7580e-006	-1.5964e+013	-1.5792e+013	1.5790e+013	5.2500e-015
1.270e+000	2.7645e-006	-1.6137e+013	-1.5964e+013	1.5962e+013	5.2500e-015
1.280e+000	2.7709e-006	-1.6310e+013	-1.6137e+013	1.6135e+013	5.2500e-015
1.290e+000	2.7772e-006	-1.6483e+013	-1.6310e+013	1.6308e+013	5.2500e-015
1.300e+000	2.7834e-006	-1.6657e+013	-1.6483e+013	1.6481e+013	5.2500e-015
1.310e+000	2.7895e-006	-1.6831e+013	-1.6657e+013	1.6655e+013	5.2500e-015
1.320e+000	2.7956e-006	-1.7005e+013	-1.6831e+013	1.6829e+013	5.2500e-015
1.330e+000	2.8017e-006	-1.7180e+013	-1.7005e+013	1.7004e+013	5.2500e-015
1.340e+000	2.8077e-006	-1.7355e+013	-1.7180e+013	1.7179e+013	5.2500e-015
1.350e+000	2.8137e-006	-1.7531e+013	-1.7355e+013	1.7354e+013	5.2500e-015
1.360e+000	2.8197e-006	-1.7707e+013	-1.7531e+013	1.7529e+013	5.2500e-015
1.370e+000	2.8258e-006	-1.7883e+013	-1.7707e+013	1.7705e+013	5.2500e-015
1.380e+000	2.8320e-006	-1.8060e+013	-1.7883e+013	1.7882e+013	5.2500e-015
1.390e+000	2.8384e-006	-1.8237e+013	-1.8060e+013	1.8058e+013	5.2500e-015
1.400e+000	2.8451e-006	-1.8415e+013	-1.8237e+013	1.8236e+013	5.2500e-015
1.410e+000	2.8521e-006	-1.8593e+013	-1.8415e+013	1.8413e+013	5.2500e-015
1.420e+000	2.8593e-006	-1.8771e+013	-1.8593e+013	1.8591e+013	5.2500e-015
1.430e+000	2.8677e-006	-1.8950e+013	-1.8771e+013	1.8770e+013	5.2500e-015
1.440e+000	2.8767e-006	-1.9130e+013	-1.8950e+013	1.8949e+013	5.2500e-015
1.450e+000	2.8868e-006	-1.9310e+013	-1.9130e+013	1.9128e+013	5.2500e-015
1.460e+000	2.8982e-006	-1.9491e+013	-1.9310e+013	1.9308e+013	5.2500e-015
1.470e+000	2.9113e-006	-1.9673e+013	-1.9491e+013	1.9489e+013	5.2500e-015
1.480e+000	2.9265e-006	-1.9855e+013	-1.9673e+013	1.9671e+013	5.2500e-015
1.490e+000	2.9406e-006	-2.0039e+013	-1.9855e+013	1.9854e+013	5.2500e-015
1.500e+000	2.9598e-006	-2.0224e+013	-2.0039e+013	2.0037e+013	5.2500e-015
1.510e+000	2.9838e-006	-2.0410e+013	-2.0224e+013	2.0222e+013	5.2500e-015
1.520e+000	3.0116e-006	-2.0598e+013	-2.0410e+013	2.0408e+013	5.2500e-015
1.530e+000	3.0435e-006	-2.0788e+013	-2.0598e+013	2.0596e+013	5.2500e-015
1.540e+000	3.0796e-006	-2.0980e+013	-2.0788e+013	2.0786e+013	5.2500e-015
1.550e+000	3.1198e-006	-2.1175e+013	-2.0980e+013	2.0978e+013	5.2500e-015
1.560e+000	3.1638e-006	-2.1372e+013	-2.1175e+013	2.1173e+013	5.2500e-015
1.570e+000	3.2110e-006	-2.1573e+013	-2.1372e+013	2.1371e+013	5.2500e-015
1.580e+000	3.2605e-006	-2.1776e+013	-2.1573e+013	2.1571e+013	5.2500e-015
1.590e+000	3.3116e-006	-2.1983e+013	-2.1776e+013	2.1774e+013	5.2500e-015
1.600e+000	3.3633e-006	-2.2193e+013	-2.1983e+013	2.1981e+013	5.2500e-015
1.610e+000	3.4148e-006	-2.2406e+013	-2.2193e+013	2.2191e+013	5.2500e-015
1.620e+000	3.4653e-006	-2.2622e+013	-2.2406e+013	2.2404e+013	5.2500e-015
1.630e+000	3.5144e-006	-2.2842e+013	-2.2622e+013	2.2620e+013	5.2500e-015
1.640e+000	3.5616e-006	-2.3064e+013	-2.2842e+013	2.2840e+013	5.2500e-015
1.650e+000	3.6067e-006	-2.3289e+013	-2.3064e+013	2.3062e+013	5.2500e-015
1.660e+000	3.6497e-006	-2.3517e+013	-2.3289e+013	2.3287e+013	5.2500e-015
1.670e+000	3.6906e-006	-2.3747e+013	-2.3517e+013	2.3515e+013	5.2500e-015
1.680e+000	3.7295e-006	-2.3980e+013	-2.3747e+013	2.3745e+013	5.2500e-015
1.690e+000	3.7664e-006	-2.4215e+013	-2.3980e+013	2.3978e+013	5.2500e-015
1.700e+000	3.8016e-006	-2.4452e+013	-2.4215e+013	2.4213e+013	5.2500e-015
1.710e+000	3.8352e-006	-2.4692e+013	-2.4452e+013	2.4451e+013	5.2500e-015
1.720e+000	3.8673e-006	-2.4933e+013	-2.4692e+013	2.4690e+013	5.2500e-015
1.730e+000	3.8981e-006	-2.5176e+013	-2.4933e+013	2.4931e+013	5.2500e-015
1.740e+000	3.9278e-006	-2.5421e+013	-2.5176e+013	2.5175e+013	5.2500e-015
1.750e+000	3.9564e-006	-2.5668e+013	-2.5421e+013	2.5420e+013	5.2500e-015
1.760e+000	3.9840e-006	-2.5917e+013	-2.5668e+013	2.5667e+013	5.2500e-015
1.770e+000	4.0107e-006	-2.6167e+013	-2.5917e+013	2.5915e+013	5.2500e-015
1.780e+000	4.0367e-006	-2.6419e+013	-2.6167e+013	2.6166e+013	5.2500e-015
1.790e+000	4.0620e-006	-2.6673e+013	-2.6419e+013	2.6418e+013	5.2500e-015
1.800e+000	4.0866e-006	-2.6928e+013	-2.6673e+013	2.6671e+013	5.2500e-015
1.810e+000	4.1106e-006	-2.7184e+013	-2.6928e+013	2.6926e+013	5.2500e-015
1.820e+000	4.1341e-006	-2.7442e+013	-2.7184e+013	2.7183e+013	5.2500e-015
1.830e+000	4.1570e-006	-2.7702e+013	-2.7442e+013	2.7441e+013	5.2500e-015
1.840e+000	4.1795e-006	-2.7963e+013	-2.7702e+013	2.7700e+013	5.2500e-015
1.850e+000	4.2015e-006	-2.8225e+013	-2.7963e+013	2.7961e+013	5.2500e-015
1.860e+000	4.2231e-006	-2.8489e+013	-2.8225e+013	2.8223e+013	5.2500e-015
1.870e+000	4.2443e-006	-2.8754e+013	-2.8489e+013	2.8487e+013	5.2500e-015
1.880e+000	4.2652e-006	-2.9020e+013	-2.8754e+013	2.8752e+013	5.2500e-015
1.890e+000	4.2696e-006	-2.9286e+013	-2.9020e+013	2.9018e+013	5.2500e-015
1.900e+000	4.2662e-006	-2.9552e+013	-2.9286e+013	2.9285e+013	5.2500e-015
1.910e+000	4.2814e-006	-2.9820e+013	-2.9552e+013	2.9551e+013	5.2500e-015
1.920e+000	4.2963e-006	-3.0088e+013	-2.9820e+013	2.9818e+013	5.2500e-015
1.930e+000	4.3108e-006	-3.0357e+013	-3.0088e+013	3.0086e+013	5.2500e-015
1.940e+000	4.3249e-006	-3.0627e+013	-3.0357e+013	3.0355e+013	5.2500e-015
1.950e+000	4.3387e-006	-3.0898e+013	-3.0627e+013	3.0625e+013	5.2500e-015
1.960e+000	4.3522e-006	-3.1169e+013	-3.0898e+013	3.0896e+013	5.2500e-015
1.970e+000	4.3654e-006	-3.1442e+013	-3.1169e+013	3.1168e+013	5.2500e-015
1.980e+000	4.3783e-006	-3.1715e+013	-3.1442e+013	3.1440e+013	5.2500e-015
1.990e+000	4.3909e-006	-3.1989e+013	-3.1715e+013	3.1713e+013	5.2500e-015
2.000e+000	4.4033e-006	-3.2264e+013	-3.1989e+013	3.1987e+013	5.2500e-015
2.010e+000	4.4154e-006	-3.2540e+013	-3.2264e+013	3.2262e+013	5.2500e-015
2.020e+000	4.4273e-006	-3.2816e+013	-3.2540e+013	3.2538e+013	5.2500e-015
2.030e+000	4.4390e-006	-3.3093e+013	-3.2816e+013	3.2814e+013	5.2500e-015
2.040e+000	4.4504e-006	-3.3371e+013	-3.3093e+013	3.3091e+013	5.2500e-015
2.050e+000	4.4616e-006	-3.3649e+013	-3.3371e+013	3.3369e+013	5.2500e-015
2.060e+000	4.4726e-006	-3.3928e+013	-3.3649e+013	3.3647e+013	5.2500e-015
2.070e+000	4.4835e-006	-3.4208e+013	-3.3928e+013	3.3927e+013	5.2500e-015
2.080e+000	4.4941e-006	-3.4489e+013	-3.4208e+013	3.4206e+013	5.2500e-015
2.090e+000	4.5046e-006	-3.4770e+013	-3.4489e+013	3.4487e+013	5.2500e-015
2.100e+000	4.5149e-006	-3.5052e+013	-3.4770e+013	3.4768e+013	5.2500e-015
2.110e+000	4.5250e-006	-3.5334e+013	-3.5052e+013	3.5050e+013	5.2500e-015
2.120e+000	4.5349e-006	-3.5617e+013	-3.5334e+013	3.5332e+013	5.2500e-015
2.130e+000	4.5447e-006	-3.5901e+013	-3.5617e+013	3.5615e+013	5.2500e-015
2.140e+000	4.5544e-006	-3.6185e+013	-3.5901e+013	3.5899e+013	5.2500e-015
2.150e+000	4.5639e-006	-3.6470e+013	-3.6185e+013	3.6183e+013	5.2500e-015
2.160e+000	4.5732e-006	-3.6755e+013	-3.6470e+013	3.6468e+013	5.2500e-015
2.170e+000	4.5824e-006	-3.7041e+013	-3.6755e+013	3.6754e+013	5.2500e-015
2.180e+000	4.5915e-006	-3.7328e+013	-3.7041e+013	3.7040e+013	5.2500e-015
2.190e+000	4.6004e-006	-3.7615e+013	-3.7328e+013	3.7326e+013	5.2500e-015
2.200e+000	4.6092e-006	-3.7903e+013	-3.7615e+013	3.7613e+013	5.2500e-015
2.210e+000	4.6179e-006	-3.8191e+013	-3.7903e+013	3.7901e+013	5.2500e-015
2.220e+000	4.6265e-006	-3.8480e+013	-3.8191e+013	3.8189e+013	5.2500e-015
2.230e+000	4.6349e-006	-3.8769e+013	-3.8480e+013	3.8478e+013	5.2500e-015
2.240e+000	4.6433e-006	-3.9059e+013	-3.8769e+013	3.8767e+013	5.2500e-015
2.250e+000	4.6515e-006	-3.9349e+013	-3.9059e+013	3.9057e+013	5.2500e-015
2.260e+000	4.6596e-006	-3.9640e+013	-3.9349e+013	3.9347e+013	5.2500e-015
2.270e+000	4.6676e-006	-3.9931e+013	-3.9640e+013	3.9638e+013	5.2500e-015
2.280e+000	4.6756e-006	-4.0223e+013	-3.9931e+013	3.9930e+013	5.2500e-015
2.290e+000	4.6834e-006	-4.0515e+013	-4.0223e+013	4.0221e+013	5.2500e-015
2.300e+000	4.6911e-006	-4.0808e+013	-4.0515e+013	4.0514e+013	5.2500e-015
2.310e+000	4.6987e-006	-4.1101e+013	-4.0808e+013	4.0807e+013	5.2500e-015
2.320e+000	4.7062e-006	-4.1395e+013	-4.1101e+013	4.1100e+013	5.2500e-015
2.330e+000	4.7137e-006	-4.1689e+013	-4.1395e+013	4.1394e+013	5.2500e-015
2.340e+000	4.7210e-006	-4.1984e+013	-4.1689e+013	4.1688e+013	5.2500e-015
2.350e+000	4.7283e-006	-4.2279e+013	-4.1984e+013	4.1982e+013	5.2500e-015
2.360e+000	4.7354e-006	-4.2575e+013	-4.2279e+013	4.2277e+013	5.2500e-015
2.370e+000	4.7425e-006	-4.2871e+013	-4.2575e+013	4.2573e+013	5.2500e-015
2.380e+000	4.7495e-006	-4.3167e+013	-4.2871e+013	4.2869e+013	5.2500e-015
2.390e+000	4.7565e-006	-4.3464e+013	-4.3167e+013	4.3166e+013	5.2500e-015
2.400e+000	4.7633e-006	-4.3761e+013	-4.3464e+013	4.3462e+013	5.2500e-015
2.410e+000	4.7701e-006	-4.4059e+013	-4.3761e+013	4.3760e+013	5.2500e-015
2.420e+000	4.7768e-006	-4.4357e+013	-4.4059e+013	4.4057e+013	5.2500e-015
2.430e+000	4.7835e-006	-4.4656e+013	-4.4357e+013	4.4356e+013	5.2500e-015
2.440e+000	4.7900e-006	-4.4955e+013	-4.4656e+013	4.4654e+013	5.2500e-015
2.450e+000	4.7965e-006	-4.5254e+013	-4.4955e+013	4.4953e+013	5.2500e-015
2.460e+000	4.8030e-006	-4.5554e+013	-4.5254e+013	4.5252e+013	5.2500e-015
2.470e+000	4.8093e-006	-4.5854e+013	-4.5554e+013	4.5552e+013	5.2500e-015
2.480e+000	4.8156e-006	-4.6155e+013	-4.5854e+013	4.5852e+013	5.2500e-015
2.490e+000	4.8219e-006	-4.6456e+013	-4.6155e+013	4.6153e+013	5.2500e-015
2.500e+000	4.8280e-006	-4.6757e+013	-4.6456e+013	4.6454e+013	5.2500e-015
2.510e+000	4.8341e-006	-4.7059e+013	-4.6757e+013	4.6755e+013	5.2500e-015
2.520e+000	4.8402e-006	-4.7361e+013	-4.7059e+013	4.7057e+013	5.2500e-015
2.530e+000	4.8462e-006	-4.7663e+013	-4.7361e+013	4.7359e+013	5.2500e-015
2.540e+000	4.8521e-006	-4.7966e+013	-4.7663e+013	4.7662e+013	5.2500e-015
2.550e+000	4.8580e-006	-4.8269e+013	-4.7966e+013	4.7964e+013	5.2500e-015
2.560e+000	4.8638e-006	-4.8573e+013	-4.8269e+013	4.8268e+013	5.2500e-015
2.570e+000	4.8696e-006	-4.8877e+013	-4.8573e+013	4.8571e+013	5.2500e-015
2.580e+000	4.8753e-006	-4.9181e+013	-4.8877e+013	4.8875e+013	5.2500e-015
2.590e+000	4.8810e-006	-4.9486e+013	-4.9181e+013	4.9179e+013	5.2500e-015
2.600e+000	4.8866e-006	-4.9791e+013	-4.9486e+013	4.9484e+013	5.2500e-015
2.610e+000	4.8921e-006	-5.0096e+013	-4.9791e+013	4.9789e+013	5.2500e-015
2.620e+000	4.8976e-006	-5.0402e+013	-5.0096e+013	5.0094e+013	5.2500e-015
2.630e+000	4.9031e-006	-5.0708e+013	-5.0402e+013	5.0400e+013	5.2500e-015
2.640e+000	4.9085e-006	-5.1014e+013	-5.0708e+013	5.0706e+013	5.2500e-015
2.650e+000	4.9139e-006	-5.1321e+013	-5.1014e+013	5.1012e+013	5.2500e-015
2.660e+000	4.9192e-006	-5.1628e+013	-5.1321e+013	5.1319e+013	5.2500e-015
2.670e+000	4.9245e-006	-5.1935e+013	-5.1628e+013	5.1626e+013	5.2500e-015
2.680e+000	4.9297e-006	-5.2243e+013	-5.1935e+013	5.1934e+013	5.2500e-015
2.690e+000	4.9349e-006	-5.2551e+013	-5.2243e+013	5.2241e+013	5.2500e-015
2.700e+000	4.9400e-006	-5.2859e+013	-5.2551e+013	5.2549e+013	5.2500e-015
2.710e+000	4.9451e-006	-5.3168e+013	-5.2859e+013	5.2858e+013	5.2500e-015
2.720e+000	4.9502e-006	-5.3477e+013	-5.3168e+013	5.3166e+013	5.2500e-015
2.730e+000	4.9552e-006	-5.3786e+013	-5.3477e+013	5.3475e+013	5.2500e-015
2.740e+000	4.9601e-006	-5.4096e+013	-5.3786e+013	5.3784e+013	5.2500e-015
2.750e+000	4.9651e-006	-5.4406e+013	-5.4096e+013	5.4094e+013	5.2500e-015
2.760e+000	4.9700e-006	-5.4716e+013	-5.4406e+013	5.4404e+013	5.2500e-015
2.770e+000	4.9748e-006	-5.5026e+013	-5.4716e+013	5.4714e+013	5.2500e-015
2.780e+000	4.9796e-006	-5.5337e+013	-5.5026e+013	5.5025e+013	5.2500e-015
2.790e+000	4.9844e-006	-5.5648e+013	-5.5337e+013	5.5335e+013	5.2500e-015
2.800e+000	4.9892e-006	-5.5960e+013	-5.5648e+013	5.5647e+013	5.2500e-015
2.810e+000	4.9939e-006	-5.6271e+013	-5.5960e+013	5.5958e+013	5.2500e-015
2.820e+000	4.9985e-006	-5.6583e+013	-5.6271e+013	5.6270e+013	5.2500e-015
2.830e+000	5.0032e-006	-5.6896e+013	-5.6583e+013	5.6582e+013	5.2500e-015
2.840e+000	5.0078e-006	-5.7208e+013	-5.6896e+013	5.6894e+013	5.2500e-015
2.850e+000	5.0123e-006	-5.7521e+013	-5.7208e+013	5.7206e+013	5.2500e-015
2.860e+000	5.0168e-006	-5.7834e+013	-5.7521e+013	5.7519e+013	5.2500e-015
2.870e+000	5.0213e-006	-5.8148e+013	-5.7834e+013	5.7832e+013	5.2500e-015
2.880e+000	5.0258e-006	-5.8461e+013	-5.8148e+013	5.8146e+013	5.2500e-015
2.890e+000	5.0302e-006	-5.8775e+013	-5.8461e+013	5.8460e+013	5.2500e-015
2.900e+000	5.0346e-006	-5.9089e+013	-5.8775e+013	5.8774e+013	5.2500e-015
2.910e+000	5.0390e-006	-5.9404e+013	-5.9089e+013	5.9088e+013	5.2500e-015
2.920e+000	5.0433e-006	-5.9719e+013	-5.9404e+013	5.9402e+013	5.2500e-015
2.930e+000	5.0476e-006	-6.0034e+013	-5.9719e+013	5.9717e+013	5.2500e-015
2.940e+000	5.0519e-006	-6.0349e+013	-6.0034e+013	6.0032e+013	5.2500e-015
2.950e+000	5.0561e-006	-6.0665e+013	-6.0349e+013	6.0347e+013	5.2500e-015
2.960e+000	5.0603e-006	-6.0980e+013	-6.0665e+013	6.0663e+013	5.2500e-015
2.970e+000	5.0645e-006	-6.1297e+013	-6.0980e+013	6.0979e+013	5.2500e-015
2.980e+000	5.0687e-006	-6.1613e+013	-6.1297e+013	6.1295e+013	5.2500e-015
2.990e+000	5.0728e-006	-6.1930e+013	-6.1613e+013	6.1611e+013	5.2500e-015
3.000e+000	5.0769e-006	-6.2246e+013	-6.1930e+013	6.1928e+013	5.2500e-015
3.010e+000	5.0810e-006	-6.2564e+013	-6.2246e+013	6.2245e+013	5.2500e-015
3.020e+000	5.0850e-006	-6.2881e+013	-6.2564e+013	6.2562e+013	5.2500e-015
3.030e+000	5.0890e-006	-6.3199e+013	-6.2881e+013	6.2879e+013	5.2500e-015
3.040e+000	5.0930e-006	-6.3516e+013	-6.3199e+013	6.3197e+013	5.2500e-015
3.050e+000	5.0970e-006	-6.3835e+013	-6.3516e+013	6.3515e+013	5.2500e-015
3.060e+000	5.1009e-006	-6.4153e+013	-6.3835e+013	6.3833e+013	5.2500e-015
3.070e+000	5.1048e-006	-6.4472e+013	-6.4153e+013	6.4151e+013	5.2500e-015
3.080e+000	5.1087e-006	-6.4790e+013	-6.4472e+013	6.4470e+013	5.2500e-015
3.090e+000	5.1126e-006	-6.5110e+013	-6.4790e+013	6.4789e+013	5.2500e-015
3.100e+000	5.1164e-006	-6.5429e+013	-6.5110e+013	6.5108e+013	5.2500e-015
3.110e+000	5.1202e-006	-6.5748e+013	-6.5429e+013	6.5427e+013	5.2500e-015
3.120e+000	5.1240e-006	-6.6068e+013	-6.5748e+013	6.5747e+013	5.2500e-015
3.130e+000	5.1278e-006	-6.6388e+013	-6.6068e+013	6.6067e+013	5.2500e-015
3.140e+000	5.1315e-006	-6.6709e+013	-6.6388e+013	6.6387e+013	5.2500e-015
3.150e+000	5.1352e-006	-6.7029e+013	-6.6709e+013	6.6707e+013	5.2500e-015
3.160e+000	5.1389e-006	-6.7350e+013	-6.7029e+013	6.7027e+013	5.2500e-015
3.170e+000	5.1426e-006	-6.7671e+013	-6.7350e+013	6.7348e+013	5.2500e-015
3.180e+000	5.1463e-006	-6.7992e+013	-6.7671e+013	6.7669e+013	5.2500e-015
3.190e+000	5.1499e-006	-6.8313e+013	-6.7992e+013	6.7990e+013	5.2500e-015
3.200e+000	5.1535e-006	-6.8635e+013	-6.8313e+013	6.8312e+013	5.2500e-015
3.210e+000	5.1571e-006	-6.8957e+013	-6.8635e+013	6.8633e+013	5.2500e-015
3.220e+000	5.1606e-006	-6.9279e+013	-6.8957e+013	6.8955e+013	5.2500e-015
3.230e+000	5.1642e-006	-6.9601e+013	-6.9279e+013	6.9277e+013	5.2500e-015
3.240e+000	5.1677e-006	-6.9924e+013	-6.9601e+013	6.9600e+013	5.2500e-015
3.250e+000	5.1712e-006	-7.0247e+013	-6.9924e+013	6.9922e+013	5.2500e-015
3.260e+000	5.1747e-006	-7.0570e+013	-7.0247e+013	7.0245e+013	5.2500e-015
3.270e+000	5.1781e-006	-7.0893e+013	-7.0570e+013	7.0568e+013	5.2500e-015
3.280e+000	5.1816e-006	-7.1216e+013	-7.0893e+013	7.0891e+013	5.2500e-015
3.290e+000	5.1850e-006	-7.1540e+013	-7.1216e+013	7.1215e+013	5.2500e-015
3.300e+000	5.1884e-006	-7.1864e+013	-7.1540e+013	7.1538e+013	5.2500e-015
3.310e+000	5.1918e-006	-7.2188e+013	-7.1864e+013	7.1862e+013	5.2500e-015
3.320e+000	5.1951e-006	-7.2512e+013	-7.2188e+013	7.2186e+013	5.2500e-015
3.330e+000	5.1985e-006	-7.2837e+013	-7.2512e+013	7.2510e+013	5.2500e-015
3.340e+000	5.2018e-006	-7.3161e+013	-7.2837e+013	7.2835e+013	5.2500e-015
3.350e+000	5.2051e-006	-7.3486e+013	-7.3161e+013	7.3160e+013	5.2500e-015
3.360e+000	5.2084e-006	-7.3811e+013	-7.3486e+013	7.3484e+013	5.2500e-015
3.370e+000	5.2116e-006	-7.4136e+013	-7.3811e+013	7.3809e+013	5.2500e-015
3.380e+000	5.2149e-006	-7.4462e+013	-7.4136e+013	7.4135e+013	5.2500e-015
3.390e+000	5.2181e-006	-7.4788e+013	-7.4462e+013	7.4460e+013	5.2500e-015
3.400e+000	5.2213e-006	-7.5114e+013	-7.4788e+013	7.4786e+013	5.2500e-015
3.410e+000	5.2245e-006	-7.5440e+013	-7.5114e+013	7.5112e+013	5.2500e-015
3.420e+000	5.2277e-006	-7.5766e+013	-7.5440e+013	7.5438e+013	5.2500e-015
3.430e+000	5.2309e-006	-7.6092e+013	-7.5766e+013	7.5764e+013	5.2500e-015
3.440e+000	5.2340e-006	-7.6419e+013	-7.6092e+013	7.6091e+013	5.2500e-015
3.450e+000	5.2371e-006	-7.6746e+013	-7.6419e+013	7.6417e+013	5.2500e-015
3.460e+000	5.2402e-006	-7.7073e+013	-7.6746e+013	7.6744e+013	5.2500e-015
3.470e+000	5.2433e-006	-7.7400e+013	-7.7073e+013	7.7071e+013	5.2500e-015
3.480e+000	5.2464e-006	-7.7728e+013	-7.7400e+013	7.7399e+013	5.2500e-015
3.490e+000	5.2495e-006	-7.8055e+013	-7.7728e+013	7.7726e+013	5.2500e-015
3.500e+000	5.2525e-006	-7.8383e+013	-7.8055e+013	7.8054e+013	5.2500e-015
3.510e+000	5.2556e-006	-7.8711e+013	-7.8383e+013	7.8382e+013	5.2500e-015
3.520e+000	5.2586e-006	-7.9039e+013	-7.8711e+013	7.8710e+013	5.2500e-015
3.530e+000	5.2616e-006	-7.9368e+013	-7.9039e+013	7.9038e+013	5.2500e-015
3.540e+000	5.2646e-006	-7.9696e+013	-7.9368e+013	7.9366e+013	5.2500e-015
3.550e+000	5.2675e-006	-8.0025e+013	-7.9696e+013	7.9695e+013	5.2500e-015
3.560e+000	5.2705e-006	-8.0354e+013	-8.0025e+013	8.0024e+013	5.2500e-015
3.570e+000	5.2734e-006	-8.0683e+013	-8.0354e+013	8.0352e+013	5.2500e-015
3.580e+000	5.2764e-006	-8.1013e+013	-8.0683e+013	8.0682e+013	5.2500e-015
3.590e+000	5.2793e-006	-8.1342e+013	-8.1013e+013	8.1011e+013	5.2500e-015
3.600e+000	5.2822e-006	-8.1672e+013	-8.1342e+013	8.1340e+013	5.2500e-015
3.610e+000	5.2850e-006	-8.2002e+013	-8.1672e+013	8.1670e+013	5.2500e-015
3.620e+000	5.2879e-006	-8.2332e+013	-8.2002e+013	8.2000e+013	5.2500e-015
3.630e+000	5.2908e-006	-8.2662e+013	-8.2332e+013	8.2330e+013	5.2500e-015
3.640e+000	5.2936e-006	-8.2992e+013	-8.2662e+013	8.2660e+013	5.2500e-015
3.650e+000	5.2964e-006	-8.3323e+013	-8.2992e+013	8.2991e+013	5.2500e-015
3.660e+000	5.2992e-006	-8.3654e+013	-8.3323e+013	8.3321e+013	5.2500e-015
3.670e+000	5.3018e-006	-8.3985e+013	-8.3654e+013	8.3652e+013	5.2500e-015
3.680e+000	5.3046e-006	-8.4316e+013	-8.3985e+013	8.3983e+013	5.2500e-015
3.690e+000	5.3074e-006	-8.4647e+013	-8.4316e+013	8.4314e+013	5.2500e-015
3.700e+000	5.3101e-006	-8.4978e+013	-8.4647e+013	8.4645e+013	5.2500e-015
3.710e+000	5.3129e-006	-8.5310e+013	-8.4978e+013	8.4977e+013	5.2500e-015
3.720e+000	5.3156e-006	-8.5642e+013	-8.5310e+013	8.5308e+013	5.2500e-015
3.730e+000	5.3183e-006	-8.5974e+013	-8.5642e+013	8.5640e+013	5.2500e-015
3.740e+000	5.3210e-006	-8.6306e+013	-8.5974e+013	8.5972e+013	5.2500e-015
3.750e+000	5.3237e-006	-8.6638e+013	-8.6306e+013	8.6304e+013	5.2500e-015
3.760e+000	5.3264e-006	-8.6971e+013	-8.6638e+013	8.6636e+013	5.2500e-015
3.770e+000	5.3291e-006	-8.7303e+013	-8.6971e+013	8.6969e+013	5.2500e-015
3.780e+000	5.3317e-006	-8.7636e+013	-8.7303e+013	8.7301e+013	5.2500e-015
3.790e+000	5.3344e-006	-8.7969e+013	-8.7636e+013	8.7634e+013	5.2500e-015
3.800e+000	5.3370e-006	-8.8302e+013	-8.7969e+013	8.7967e+013	5.2500e-015
3.810e+000	5.3396e-006	-8.8635e+013	-8.8302e+013	8.8300e+013	5.2500e-015
3.820e+000	5.3422e-006	-8.8969e+013	-8.8635e+013	8.8634e+013	5.2500e-015
3.830e+000	5.3448e-006	-8.9302e+013	-8.8969e+013	8.8967e+013	5.2500e-015
3.840e+000	5.3474e-006	-8.9636e+013	-8.9302e+013	8.9301e+013	5.2500e-015
3.850e+000	5.3500e-006	-8.9970e+013	-8.9636e+013	8.9634e+013	5.2500e-015
3.860e+000	5.3525e-006	-9.0304e+013	-8.9970e+013	8.9968e+013	5.2500e-015
3.870e+000	5.3551e-006	-9.0638e+013	-9.0304e+013	9.0302e+013	5.2500e-015
3.880e+000	5.3576e-006	-9.0973e+013	-9.0638e+013	9.0637e+013	5.2500e-015
3.890e+000	5.3602e-006	-9.1307e+013	-9.0973e+013	9.0971e+013	5.2500e-015
3.900e+000	5.3627e-006	-9.1642e+013	-9.1307e+013	9.1306e+013	5.2500e-015
3.910e+000	5.3652e-006	-9.1977e+013	-9.1642e+013	9.1640e+013	5.2500e-015
3.920e+000	5.3677e-006	-9.2312e+013	-9.1977e+013	9.1975e+013	5.2500e-015
3.930e+000	5.3702e-006	-9.2647e+013	-9.2312e+013	9.2310e+013	5.2500e-015
3.940e+000	5.3726e-006	-9.2982e+013	-9.2647e+013	9.2645e+013	5.2500e-015
3.950e+000	5.3751e-006	-9.3318e+013	-9.2982e+013	9.2981e+013	5.2500e-015
3.960e+000	5.3776e-006	-9.3653e+013	-9.3318e+013	9.3316e+013	5.2500e-015
3.970e+000	5.3800e-006	-9.3989e+013	-9.3653e+013	9.3652e+013	5.2500e-015
3.980e+000	5.3824e-006	-9.4325e+013	-9.3989e+013	9.3988e+013	5.2500e-015
3.990e+000	5.3849e-006	-9.4661e+013	-9.4325e+013	9.4324e+013	5.2500e-015
4.000e+000	5.3873e-006	-9.4998e+013	-9.4661e+013	9.4660e+013	5.2500e-015
4.010e+000	5.3897e-006	-9.5334e+013	-9.4998e+013	9.4996e+013	5.2500e-015
4.020e+000	5.3921e-006	-9.5670e+013	-9.5334e+013	9.5332e+013	5.2500e-015
4.030e+000	5.3945e-006	-9.6007e+013	-9.5670e+013	9.5669e+013	5.2500e-015
4.040e+000	5.3968e-006	-9.6344e+013	-9.6007e+013	9.6005e+013	5.2500e-015
4.050e+000	5.3992e-006	-9.6681e+013	-9.6344e+013	9.6342e+013	5.2500e-015
4.060e+000	5.4015e-006	-9.7018e+013	-9.6681e+013	9.6679e+013	5.2500e-015
4.070e+000	5.4039e-006	-9.7355e+013	-9.7018e+013	9.7016e+013	5.2500e-015
4.080e+000	5.4062e-006	-9.7693e+013	-9.7355e+013	9.7354e+013	5.2500e-015
4.090e+000	5.4085e-006	-9.8030e+013	-9.7693e+013	9.7691e+013	5.2500e-015
4.100e+000	5.4109e-006	-9.8368e+013	-9.8030e+013	9.8029e+013	5.2500e-015
4.110e+000	5.4132e-006	-9.8706e+013	-9.8368e+013	9.8366e+013	5.2500e-015
4.120e+000	5.4155e-006	-9.9044e+013	-9.8706e+013	9.8704e+013	5.2500e-015
4.130e+000	5.4177e-006	-9.9382e+013	-9.9044e+013	9.9042e+013	5.2500e-015
4.140e+000	5.4200e-006	-9.9720e+013	-9.9382e+013	9.9380e+013	5.2500e-015
4.150e+000	5.4223e-006	-1.0006e+014	-9.9720e+013	9.9719e+013	5.2500e-015
4.160e+000	5.4246e-006	-1.0040e+014	-1.0006e+014	1.0006e+014	5.2500e-015
4.170e+000	5.4268e-006	-1.0074e+014	-1.0040e+014	1.0040e+014	5.2500e-015
4.180e+000	5.4290e-006	-1.0108e+014	-1.0074e+014	1.0073e+014	5.2500e-015
4.190e+000	5.4313e-006	-1.0141e+014	-1.0108e+014	1.0107e+014	5.2500e-015
4.200e+000	5.4335e-006	-1.0175e+014	-1.0141e+014	1.0141e+014	5.2500e-015
4.210e+000	5.4357e-006	-1.0209e+014	-1.0175e+014	1.0175e+014	5.2500e-015
4.220e+000	5.4379e-006	-1.0243e+014	-1.0209e+014	1.0209e+014	5.2500e-015
4.230e+000	5.4401e-006	-1.0277e+014	-1.0243e+014	1.0243e+014	5.2500e-015
4.240e+000	5.4423e-006	-1.0311e+014	-1.0277e+014	1.0277e+014	5.2500e-015
4.250e+000	5.4445e-006	-1.0345e+014	-1.0311e+014	1.0311e+014	5.2500e-015
4.260e+000	5.4467e-006	-1.0379e+014	-1.0345e+014	1.0345e+014	5.2500e-015
4.270e+000	5.4488e-006	-1.0413e+014	-1.0379e+014	1.0379e+014	5.2500e-015
4.280e+000	5.4510e-006	-1.0447e+014	-1.0413e+014	1.0413e+014	5.2500e-015
4.290e+000	5.4531e-006	-1.0481e+014	-1.0447e+014	1.0447e+014	5.2500e-015
4.300e+000	5.4553e-006	-1.0515e+014	-1.0481e+014	1.0481e+014	5.2500e-015
4.310e+000	5.4574e-006	-1.0549e+014	-1.0515e+014	1.0515e+014	5.2500e-015
4.320e+000	5.4595e-006	-1.0583e+014	-1.0549e+014	1.0549e+014	5.2500e-015
4.330e+000	5.4617e-006	-1.0617e+014	-1.0583e+014	1.0583e+014	5.2500e-015
4.340e+000	5.4638e-006	-1.0652e+014	-1.0617e+014	1.0617e+014	5.2500e-015
4.350e+000	5.4659e-006	-1.0686e+014	-1.0652e+014	1.0651e+014	5.2500e-015
4.360e+000	5.4680e-006	-1.0720e+014	-1.0686e+014	1.0685e+014	5.2500e-015
4.370e+000	5.4700e-006	-1.0754e+014	-1.0720e+014	1.0720e+014	5.2500e-015
4.380e+000	5.4721e-006	-1.0788e+014	-1.0754e+014	1.0754e+014	5.2500e-015
4.390e+000	5.4742e-006	-1.0822e+014	-1.0788e+014	1.0788e+014	5.2500e-015
4.400e+000	5.4763e-006	-1.0856e+014	-1.0822e+014	1.0822e+014	5.2500e-015
4.410e+000	5.4783e-006	-1.0891e+014	-1.0856e+014	1.0856e+014	5.2500e-015
4.420e+000	5.4804e-006	-1.0925e+014	-1.0891e+014	1.0890e+014	5.2500e-015
4.430e+000	5.4824e-006	-1.0959e+014	-1.0925e+014	1.0925e+014	5.2500e-015
4.440e+000	5.4844e-006	-1.0993e+014	-1.0959e+014	1.0959e+014	5.2500e-015
4.450e+000	5.4865e-006	-1.1028e+014	-1.0993e+014	1.0993e+014	5.2500e-015
4.460e+000	5.4885e-006	-1.1062e+014	-1.1028e+014	1.1027e+014	5.2500e-015
4.470e+000	5.4905e-006	-1.1096e+014	-1.1062e+014	1.1062e+014	5.2500e-015
4.480e+000	5.4925e-006	-1.1130e+014	-1.1096e+014	1.1096e+014	5.2500e-015
4.490e+000	5.4945e-006	-1.1165e+014	-1.1130e+014	1.1130e+014	5.2500e-015
4.500e+000	5.4965e-006	-1.1199e+014	-1.1165e+014	1.1164e+014	5.2500e-015
4.510e+000	5.4985e-006	-1.1233e+014	-1.1199e+014	1.1199e+014	5.2500e-015
4.520e+000	5.5004e-006	-1.1268e+014	-1.1233e+014	1.1233e+014	5.2500e-015
4.530e+000	5.5024e-006	-1.1302e+014	-1.1268e+014	1.1267e+014	5.2500e-015
4.540e+000	5.5044e-006	-1.1336e+014	-1.1302e+014	1.1302e+014	5.2500e-015
4.550e+000	5.5063e-006	-1.1371e+014	-1.1336e+014	1.1336e+014	5.2500e-015
4.560e+000	5.5083e-006	-1.1405e+014	-1.1371e+014	1.1370e+014	5.2500e-015
4.570e+000	5.5102e-006	-1.1439e+014	-1.1405e+014	1.1405e+014	5.2500e-015
4.580e+000	5.5121e-006	-1.1474e+014	-1.1439e+014	1.1439e+014	5.2500e-015
4.590e+000	5.5141e-006	-1.1508e+014	-1.1474e+014	1.1474e+014	5.2500e-015
4.600e+000	5.5160e-006	-1.1543e+014	-1.1508e+014	1.1508e+014	5.2500e-015
4.610e+000	5.5179e-006	-1.1577e+014	-1.1543e+014	1.1542e+014	5.2500e-015
4.620e+000	5.5198e-006	-1.1612e+014	-1.1577e+014	1.1577e+014	5.2500e-015
4.630e+000	5.5217e-006	-1.1646e+014	-1.1612e+014	1.1611e+014	5.2500e-015
4.640e+000	5.5236e-006	-1.1680e+014	-1.1646e+014	1.1646e+014	5.2500e-015
4.650e+000	5.5255e-006	-1.1715e+014	-1.1680e+014	1.1680e+014	5.2500e-015
4.660e+000	5.5274e-006	-1.1749e+014	-1.1715e+014	1.1715e+014	5.2500e-015
4.670e+000	5.5293e-006	-1.1784e+014	-1.1749e+014	1.1749e+014	5.2500e-015
4.680e+000	5.5311e-006	-1.1818e+014	-1.1784e+014	1.1784e+014	5.2500e-015
4.690e+000	5.5330e-006	-1.1853e+014	-1.1818e+014	1.1818e+014	5.2500e-015
4.700e+000	5.5349e-006	-1.1888e+014	-1.1853e+014	1.1853e+014	5.2500e-015
4.710e+000	5.5367e-006	-1.1922e+014	-1.1888e+014	1.1887e+014	5.2500e-015
4.720e+000	5.5385e-006	-1.1957e+014	-1.1922e+014	1.1922e+014	5.2500e-015
4.730e+000	5.5404e-006	-1.1991e+014	-1.1957e+014	1.1957e+014	5.2500e-015
4.740e+000	5.5422e-006	-1.2026e+014	-1.1991e+014	1.1991e+014	5.2500e-015
4.750e+000	5.5440e-006	-1.2060e+014	-1.2026e+014	1.2026e+014	5.2500e-015
4.760e+000	5.5459e-006	-1.2095e+014	-1.2060e+014	1.2060e+014	5.2500e-015
4.770e+000	5.5477e-006	-1.2130e+014	-1.2095e+014	1.2095e+014	5.2500e-015
4.780e+000	5.5495e-006	-1.2164e+014	-1.2130e+014	1.2130e+014	5.2500e-015
4.790e+000	5.5513e-006	-1.2199e+014	-1.2164e+014	1.2164e+014	5.2500e-015
4.800e+000	5.5531e-006	-1.2234e+014	-1.2199e+014	1.2199e+014	5.2500e-015
4.810e+000	5.5549e-006	-1.2268e+014	-1.2234e+014	1.2233e+014	5.2500e-015
4.820e+000	5.5567e-006	-1.2303e+014	-1.2268e+014	1.2268e+014	5.2500e-015
4.830e+000	5.5585e-006	-1.2338e+014	-1.2303e+014	1.2303e+014	5.2500e-015
4.840e+000	5.5602e-006	-1.2372e+014	-1.2338e+014	1.2338e+014	5.2500e-015
4.850e+000	5.5620e-006	-1.2407e+014	-1.2372e+014	1.2372e+014	5.2500e-015
4.860e+000	5.5638e-006	-1.2442e+014	-1.2407e+014	1.2407e+014	5.2500e-015
4.870e+000	5.5655e-006	-1.2477e+014	-1.2442e+014	1.2442e+014	5.2500e-015
4.880e+000	5.5673e-006	-1.2511e+014	-1.2477e+014	1.2476e+014	5.2500e-015
4.890e+000	5.5690e-006	-1.2546e+014	-1.2511e+014	1.2511e+014	5.2500e-015
4.900e+000	5.5708e-006	-1.2581e+014	-1.2546e+014	1.2546e+014	5.2500e-015
4.910e+000	5.5725e-006	-1.2616e+014	-1.2581e+014	1.2581e+014	5.2500e-015
4.920e+000	5.5742e-006	-1.2650e+014	-1.2616e+014	1.2615e+014	5.2500e-015
4.930e+000	5.5759e-006	-1.2685e+014	-1.2650e+014	1.2650e+014	5.2500e-015
4.940e+000	5.5777e-006	-1.2720e+014	-1.2685e+014	1.2685e+014	5.2500e-015
4.950e+000	5.5794e-006	-1.2755e+014	-1.2720e+014	1.2720e+014	5.2500e-015
4.960e+000	5.5811e-006	-1.2790e+014	-1.2755e+014	1.2755e+014	5.2500e-015
4.970e+000	5.5828e-006	-1.2825e+014	-1.2790e+014	1.2790e+014	5.2500e-015
4.980e+000	5.5845e-006	-1.2859e+014	-1.2825e+014	1.2824e+014	5.2500e-015
4.990e+000	5.5862e-006	-1.2894e+014	-1.2859e+014	1.2859e+014	5.2500e-015
5.000e+000	5.5879e-006	-1.2929e+014	-1.2894e+014	1.2894e+014	5.2500e-015
5.010e+000	5.5896e-006	-1.2964e+014	-1.2929e+014	1.2929e+014	5.2500e-015
5.020e+000	5.5912e-006	-1.2999e+014	-1.2964e+014	1.2964e+014	5.2500e-015
5.030e+000	5.5929e-006	-1.3034e+014	-1.2999e+014	1.2999e+014	5.2500e-015
5.040e+000	5.5946e-006	-1.3069e+014	-1.3034e+014	1.3034e+014	5.2500e-015
5.050e+000	5.5962e-006	-1.3104e+014	-1.3069e+014	1.3069e+014	5.2500e-015
5.060e+000	5.5979e-006	-1.3139e+014	-1.3104e+014	1.3104e+014	5.2500e-015
5.070e+000	5.5995e-006	-1.3174e+014	-1.3139e+014	1.3138e+014	5.2500e-015
5.080e+000	5.6012e-006	-1.3209e+014	-1.3174e+014	1.3173e+014	5.2500e-015
5.090e+000	5.6028e-006	-1.3244e+014	-1.3209e+014	1.3208e+014	5.2500e-015
5.100e+000	5.6045e-006	-1.3278e+014	-1.3244e+014	1.3243e+014	5.2500e-015
5.110e+000	5.6061e-006	-1.3313e+014	-1.3278e+014	1.3278e+014	5.2500e-015
5.120e+000	5.6077e-006	-1.3348e+014	-1.3313e+014	1.3313e+014	5.2500e-015
5.130e+000	5.6094e-006	-1.3383e+014	-1.3348e+014	1.3348e+014	5.2500e-015
5.140e+000	5.6110e-006	-1.3419e+014	-1.3383e+014	1.3383e+014	5.2500e-015
5.150e+000	5.6126e-006	-1.3454e+014	-1.3419e+014	1.3418e+014	5.2500e-015
5.160e+000	5.6142e-006	-1.3489e+014	-1.3454e+014	1.3453e+014	5.2500e-015
5.170e+000	5.6158e-006	-1.3524e+014	-1.3489e+014	1.3488e+014	5.2500e-015
5.180e+000	5.6174e-006	-1.3559e+014	-1.3524e+014	1.3523e+014	5.2500e-015
5.190e+000	5.6190e-006	-1.3594e+014	-1.3559e+014	1.3559e+014	5.2500e-015
5.200e+000	5.6206e-006	-1.3629e+014	-1.3594e+014	1.3594e+014	5.2500e-015
5.210e+000	5.6222e-006	-1.3664e+014	-1.3629e+014	1.3629e+014	5.2500e-015
5.220e+000	5.6238e-006	-1.3699e+014	-1.3664e+014	1.3664e+014	5.2500e-015
5.230e+000	5.6253e-006	-1.3734e+014	-1.3699e+014	1.3699e+014	5.2500e-015
5.240e+000	5.6269e-006	-1.3769e+014	-1.3734e+014	1.3734e+014	5.2500e-015
5.250e+000	5.6285e-006	-1.3804e+014	-1.3769e+014	1.3769e+014	5.2500e-015
5.260e+000	5.6300e-006	-1.3840e+014	-1.3804e+014	1.3804e+014	5.2500e-015
5.270e+000	5.6316e-006	-1.3875e+014	-1.3840e+014	1.3839e+014	5.2500e-015
5.280e+000	5.6331e-006	-1.3910e+014	-1.3875e+014	1.3875e+014	5.2500e-015
5.290e+000	5.6347e-006	-1.3945e+014	-1.3910e+014	1.3910e+014	5.2500e-015
5.300e+000	5.6362e-006	-1.3980e+014	-1.3945e+014	1.3945e+014	5.2500e-015
5.310e+000	5.6378e-006	-1.4015e+014	-1.3980e+014	1.3980e+014	5.2500e-015
5.320e+000	5.6393e-006	-1.4051e+014	-1.4015e+014	1.4015e+014	5.2500e-015
5.330e+000	5.6409e-006	-1.4086e+014	-1.4051e+014	1.4050e+014	5.2500e-015
5.340e+000	5.6424e-006	-1.4121e+014	-1.4086e+014	1.4086e+014	5.2500e-015
5.350e+000	5.6439e-006	-1.4156e+014	-1.4121e+014	1.4121e+014	5.2500e-015
5.360e+000	5.6454e-006	-1.4191e+014	-1.4156e+014	1.4156e+014	5.2500e-015
5.370e+000	5.6469e-006	-1.4227e+014	-1.4191e+014	1.4191e+014	5.2500e-015
5.380e+000	5.6485e-006	-1.4262e+014	-1.4227e+014	1.4227e+014	5.2500e-015
5.390e+000	5.6500e-006	-1.4297e+014	-1.4262e+014	1.4262e+014	5.2500e-015
5.400e+000	5.6515e-006	-1.4333e+014	-1.4297e+014	1.4297e+014	5.2500e-015
5.410e+000	5.6530e-006	-1.4368e+014	-1.4333e+014	1.4332e+014	5.2500e-015
5.420e+000	5.6545e-006	-1.4403e+014	-1.4368e+014	1.4368e+014	5.2500e-015
5.430e+000	5.6559e-006	-1.4438e+014	-1.4403e+014	1.4403e+014	5.2500e-015
5.440e+000	5.6574e-006	-1.4474e+014	-1.4438e+014	1.4438e+014	5.2500e-015
5.450e+000	5.6589e-006	-1.4509e+014	-1.4474e+014	1.4474e+014	5.2500e-015
5.460e+000	5.6604e-006	-1.4544e+014	-1.4509e+014	1.4509e+014	5.2500e-015
5.470e+000	5.6619e-006	-1.4580e+014	-1.4544e+014	1.4544e+014	5.2500e-015
5.480e+000	5.6633e-006	-1.4615e+014	-1.4580e+014	1.4580e+014	5.2500e-015
5.490e+000	5.6648e-006	-1.4650e+014	-1.4615e+014	1.4615e+014	5.2500e-015
5.500e+000	5.6663e-006	-1.4686e+014	-1.4650e+014	1.4650e+014	5.2500e-015
5.510e+000	5.6677e-006	-1.4721e+014	-1.4686e+014	1.4686e+014	5.2500e-015
5.520e+000	5.6692e-006	-1.4757e+014	-1.4721e+014	1.4721e+014	5.2500e-015
5.530e+000	5.6706e-006	-1.4792e+014	-1.4757e+014	1.4756e+014	5.2500e-015
5.540e+000	5.6721e-006	-1.4827e+014	-1.4792e+014	1.4792e+014	5.2500e-015
5.550e+000	5.6735e-006	-1.4863e+014	-1.4827e+014	1.4827e+014	5.2500e-015
5.560e+000	5.6750e-006	-1.4898e+014	-1.4863e+014	1.4863e+014	5.2500e-015
5.570e+000	5.6764e-006	-1.4934e+014	-1.4898e+014	1.4898e+014	5.2500e-015
5.580e+000	5.6778e-006	-1.4969e+014	-1.4934e+014	1.4933e+014	5.2500e-015
5.590e+000	5.6792e-006	-1.5004e+014	-1.4969e+014	1.4969e+014	5.2500e-015
5.600e+000	5.6807e-006	-1.5040e+014	-1.5004e+014	1.5004e+014	5.2500e-015
5.610e+000	5.6821e-006	-1.5075e+014	-1.5040e+014	1.5040e+014	5.2500e-015
5.620e+000	5.6835e-006	-1.5111e+014	-1.5075e+014	1.5075e+014	5.2500e-015
5.630e+000	5.6849e-006	-1.5146e+014	-1.5111e+014	1.5111e+014	5.2500e-015
5.640e+000	5.6863e-006	-1.5182e+014	-1.5146e+014	1.5146e+014	5.2500e-015
5.650e+000	5.6877e-006	-1.5217e+014	-1.5182e+014	1.5182e+014	5.2500e-015
5.660e+000	5.6891e-006	-1.5253e+014	-1.5217e+014	1.5217e+014	5.2500e-015
5.670e+000	5.6905e-006	-1.5288e+014	-1.5253e+014	1.5253e+014	5.2500e-015
5.680e+000	5.6919e-006	-1.5324e+014	-1.5288e+014	1.5288e+014	5.2500e-015
5.690e+000	5.6933e-006	-1.5359e+014	-1.5324e+014	1.5324e+014	5.2500e-015
5.700e+000	5.6947e-006	-1.5395e+014	-1.5359e+014	1.5359e+014	5.2500e-015
5.710e+000	5.6961e-006	-1.5431e+014	-1.5395e+014	1.5395e+014	5.2500e-015
5.720e+000	5.6975e-006	-1.5466e+014	-1.5431e+014	1.5430e+014	5.2500e-015
5.730e+000	5.6988e-006	-1.5502e+014	-1.5466e+014	1.5466e+014	5.2500e-015
5.740e+000	5.7002e-006	-1.5537e+014	-1.5502e+014	1.5501e+014	5.2500e-015
5.750e+000	5.7016e-006	-1.5573e+014	-1.5537e+014	1.5537e+014	5.2500e-015
5.760e+000	5.7030e-006	-1.5608e+014	-1.5573e+014	1.5573e+014	5.2500e-015
5.770e+000	5.7043e-006	-1.5644e+014	-1.5608e+014	1.5608e+014	5.2500e-015
5.780e+000	5.7057e-006	-1.5680e+014	-1.5644e+014	1.5644e+014	5.2500e-015
5.790e+000	5.7070e-006	-1.5715e+014	-1.5680e+014	1.5679e+014	5.2500e-015
5.800e+000	5.7084e-006	-1.5751e+014	-1.5715e+014	1.5715e+014	5.2500e-015
5.810e+000	5.7097e-006	-1.5787e+014	-1.5751e+014	1.5751e+014	5.2500e-015
5.820e+000	5.7111e-006	-1.5822e+014	-1.5787e+014	1.5786e+014	5.2500e-015
5.830e+000	5.7124e-006	-1.5858e+014	-1.5822e+014	1.5822e+014	5.2500e-015
5.840e+000	5.7138e-006	-1.5893e+014	-1.5858e+014	1.5858e+014	5.2500e-015
5.850e+000	5.7151e-006	-1.5929e+014	-1.5893e+014	1.5893e+014	5.2500e-015
5.860e+000	5.7164e-006	-1.5965e+014	-1.5929e+014	1.5929e+014	5.2500e-015
5.870e+000	5.7178e-006	-1.6001e+014	-1.5965e+014	1.5965e+014	5.2500e-015
5.880e+000	5.7191e-006	-1.6036e+014	-1.6001e+014	1.6000e+014	5.2500e-015
5.890e+000	5.7204e-006	-1.6072e+014	-1.6036e+014	1.6036e+014	5.2500e-015
5.900e+000	5.7217e-006	-1.6108e+014	-1.6072e+014	1.6072e+014	5.2500e-015
5.910e+000	5.7230e-006	-1.6143e+014	-1.6108e+014	1.6107e+014	5.2500e-015
5.920e+000	5.7244e-006	-1.6179e+014	-1.6143e+014	1.6143e+014	5.2500e-015
5.930e+000	5.7257e-006	-1.6215e+014	-1.6179e+014	1.6179e+014	5.2500e-015
5.940e+000	5.7270e-006	-1.6251e+014	-1.6215e+014	1.6215e+014	5.2500e-015
5.950e+000	5.7283e-006	-1.6286e+014	-1.6251e+014	1.6250e+014	5.2500e-015
5.960e+000	5.7296e-006	-1.6322e+014	-1.6286e+014	1.6286e+014	5.2500e-015
5.970e+000	5.7309e-006	-1.6358e+014	-1.6322e+014	1.6322e+014	5.2500e-015
5.980e+000	5.7322e-006	-1.6394e+014	-1.6358e+014	1.6358e+014	5.2500e-015
5.990e+000	5.7335e-006	-1.6429e+014	-1.6394e+014	1.6393e+014	5.2500e-015
6.000e+000	5.7347e-006	-1.6465e+014	-1.6429e+014	1.6429e+014	5.2500e-015
6.010e+000	5.7360e-006	-1.6501e+014	-1.6465e+014	1.6465e+014	5.2500e-015
6.020e+000	5.7373e-006	-1.6537e+014	-1.6501e+014	1.6501e+014	5.2500e-015
6.030e+000	5.7386e-006	-1.6573e+014	-1.6537e+014	1.6537e+014	5.2500e-015
6.040e+000	5.7399e-006	-1.6608e+014	-1.6573e+014	1.6572e+014	5.2500e-015
6.050e+000	5.7411e-006	-1.6644e+014	-1.6608e+014	1.6608e+014	5.2500e-015
6.060e+000	5.7424e-006	-1.6680e+014	-1.6644e+014	1.6644e+014	5.2500e-015
6.070e+000	5.7437e-006	-1.6716e+014	-1.6680e+014	1.6680e+014	5.2500e-015
6.080e+000	5.7449e-006	-1.6752e+014	-1.6716e+014	1.6716e+014	5.2500e-015
6.090e+000	5.7462e-006	-1.6788e+014	-1.6752e+014	1.6752e+014	5.2500e-015
6.100e+000	5.7474e-006	-1.6824e+014	-1.6788e+014	1.6788e+014	5.2500e-015
6.110e+000	5.7487e-006	-1.6859e+014	-1.6824e+014	1.6823e+014	5.2500e-015
6.120e+000	5.7499e-006	-1.6895e+014	-1.6859e+014	1.6859e+014	5.2500e-015
6.130e+000	5.7512e-006	-1.6931e+014	-1.6895e+014	1.6895e+014	5.2500e-015
6.140e+000	5.7524e-006	-1.6967e+014	-1.6931e+014	1.6931e+014	5.2500e-015
6.150e+000	5.7537e-006	-1.7003e+014	-1.6967e+014	1.6967e+014	5.2500e-015
6.160e+000	5.7549e-006	-1.7039e+014	-1.7003e+014	1.7003e+014	5.2500e-015
6.170e+000	5.7562e-006	-1.7075e+014	-1.7039e+014	1.7039e+014	5.2500e-015
6.180e+000	5.7574e-006	-1.7111e+014	-1.7075e+014	1.7075e+014	5.2500e-015
6.190e+000	5.7586e-006	-1.7147e+014	-1.7111e+014	1.7111e+014	5.2500e-015
6.200e+000	5.7599e-006	-1.7183e+014	-1.7147e+014	1.7147e+014	5.2500e-015
6.210e+000	5.7611e-006	-1.7219e+014	-1.7183e+014	1.7183e+014	5.2500e-015
6.220e+000	5.7623e-006	-1.7255e+014	-1.7219e+014	1.7218e+014	5.2500e-015
6.230e+000	5.7635e-006	-1.7291e+014	-1.7255e+014	1.7254e+014	5.2500e-015
6.240e+000	5.7647e-006	-1.7327e+014	-1.7291e+014	1.7290e+014	5.2500e-015
6.250e+000	5.7659e-006	-1.7363e+014	-1.7327e+014	1.7326e+014	5.2500e-015
6.260e+000	5.7672e-006	-1.7399e+014	-1.7363e+014	1.7362e+014	5.2500e-015
6.270e+000	5.7684e-006	-1.7435e+014	-1.7399e+014	1.7398e+014	5.2500e-015
6.280e+000	5.7696e-006	-1.7471e+014	-1.7435e+014	1.7434e+014	5.2500e-015
6.290e+000	5.7708e-006	-1.7507e+014	-1.7471e+014	1.7470e+014	5.2500e-015
6.300e+000	5.7720e-006	-1.7543e+014	-1.7507e+014	1.7506e+014	5.2500e-015
6.310e+000	5.7732e-006	-1.7579e+014	-1.7543e+014	1.7542e+014	5.2500e-015
6.320e+000	5.7744e-006	-1.7615e+014	-1.7579e+014	1.7578e+014	5.2500e-015
6.330e+000	5.7756e-006	-1.7651e+014	-1.7615e+014	1.7615e+014	5.2500e-015
6.340e+000	5.7767e-006	-1.7687e+014	-1.7651e+014	1.7651e+014	5.2500e-015
6.350e+000	5.7779e-006	-1.7723e+014	-1.7687e+014	1.7687e+014	5.2500e-015
6.360e+000	5.7791e-006	-1.7759e+014	-1.7723e+014	1.7723e+014	5.2500e-015
6.370e+000	5.7803e-006	-1.7795e+014	-1.7759e+014	1.7759e+014	5.2500e-015
6.380e+000	5.7815e-006	-1.7831e+014	-1.7795e+014	1.7795e+014	5.2500e-015
6.390e+000	5.7827e-006	-1.7867e+014	-1.7831e+014	1.7831e+014	5.2500e-015
6.400e+000	5.7838e-006	-1.7903e+014	-1.7867e+014	1.7867e+014	5.2500e-015
6.410e+000	5.7850e-006	-1.7939e+014	-1.7903e+014	1.7903e+014	5.2500e-015
6.420e+000	5.7862e-006	-1.7976e+014	-1.7939e+014	1.7939e+014	5.2500e-015
6.430e+000	5.7873e-006	-1.8012e+014	-1.7976e+014	1.7975e+014	5.2500e-015
6.440e+000	5.7885e-006	-1.8048e+014	-1.8012e+014	1.8011e+014	5.2500e-015
6.450e+000	5.7897e-006	-1.8084e+014	-1.8048e+014	1.8048e+014	5.2500e-015
6.460e+000	5.7908e-006	-1.8120e+014	-1.8084e+014	1.8084e+014	5.2500e-015
6.470e+000	5.7920e-006	-1.8156e+014	-1.8120e+014	1.8120e+014	5.2500e-015
6.480e+000	5.7931e-006	-1.8192e+014	-1.8156e+014	1.8156e+014	5.2500e-015
6.490e+000	5.7943e-006	-1.8229e+014	-1.8192e+014	1.8192e+014	5.2500e-015
6.500e+000	5.7954e-006	-1.8265e+014	-1.8229e+014	1.8228e+014	5.2500e-015
6.510e+000	5.7966e-006	-1.8301e+014	-1.8265e+014	1.8265e+014	5.2500e-015
6.520e+000	5.7977e-006	-1.8337e+014	-1.8301e+014	1.8301e+014	5.2500e-015
6.530e+000	5.7988e-006	-1.8373e+014	-1.8337e+014	1.8337e+014	5.2500e-015
6.540e+000	5.8000e-006	-1.8409e+014	-1.8373e+014	1.8373e+014	5.2500e-015
6.550e+000	5.8011e-006	-1.8446e+014	-1.8409e+014	1.8409e+014	5.2500e-015
6.560e+000	5.8022e-006	-1.8482e+014	-1.8446e+014	1.8445e+014	5.2500e-015
6.570e+000	5.8034e-006	-1.8518e+014	-1.8482e+014	1.8482e+014	5.2500e-015
6.580e+000	5.8045e-006	-1.8554e+014	-1.8518e+014	1.8518e+014	5.2500e-015
6.590e+000	5.8056e-006	-1.8591e+014	-1.8554e+014	1.8554e+014	5.2500e-015
6.600e+000	5.8068e-006	-1.8627e+014	-1.8591e+014	1.8590e+014	5.2500e-015
6.610e+000	5.8079e-006	-1.8663e+014	-1.8627e+014	1.8627e+014	5.2500e-015
6.620e+000	5.8090e-006	-1.8699e+014	-1.8663e+014	1.8663e+014	5.2500e-015
6.630e+000	5.8101e-006	-1.8736e+014	-1.8699e+014	1.8699e+014	5.2500e-015
6.640e+000	5.8112e-006	-1.8772e+014	-1.8736e+014	1.8735e+014	5.2500e-015
6.650e+000	5.8123e-006	-1.8808e+014	-1.8772e+014	1.8772e+014	5.2500e-015
6.660e+000	5.8134e-006	-1.8844e+014	-1.8808e+014	1.8808e+014	5.2500e-015
6.670e+000	5.8146e-006	-1.8881e+014	-1.8844e+014	1.8844e+014	5.2500e-015
6.680e+000	5.8157e-006	-1.8917e+014	-1.8881e+014	1.8881e+014	5.2500e-015
6.690e+000	5.8168e-006	-1.8953e+014	-1.8917e+014	1.8917e+014	5.2500e-015
6.700e+000	5.8179e-006	-1.8990e+014	-1.8953e+014	1.8953e+014	5.2500e-015
6.710e+000	5.8190e-006	-1.9026e+014	-1.8990e+014	1.8989e+014	5.2500e-015
6.720e+000	5.8200e-006	-1.9062e+014	-1.9026e+014	1.9026e+014	5.2500e-015
6.730e+000	5.8211e-006	-1.9099e+014	-1.9062e+014	1.9062e+014	5.2500e-015
6.740e+000	5.8222e-006	-1.9135e+014	-1.9099e+014	1.9098e+014	5.2500e-015
6.750e+000	5.8233e-006	-1.9171e+014	-1.9135e+014	1.9135e+014	5.2500e-015
6.760e+000	5.8244e-006	-1.9208e+014	-1.9171e+014	1.9171e+014	5.2500e-015
6.770e+000	5.8255e-006	-1.9244e+014	-1.9208e+014	1.9207e+014	5.2500e-015
6.780e+000	5.8266e-006	-1.9280e+014	-1.9244e+014	1.9244e+014	5.2500e-015
6.790e+000	5.8276e-006	-1.9317e+014	-1.9280e+014	1.9280e+014	5.2500e-015
6.800e+000	5.8287e-006	-1.9353e+014	-1.9317e+014	1.9317e+014	5.2500e-015
6.810e+000	5.8298e-006	-1.9389e+014	-1.9353e+014	1.9353e+014	5.2500e-015
6.820e+000	5.8309e-006	-1.9426e+014	-1.9389e+014	1.9389e+014	5.2500e-015
6.830e+000	5.8319e-006	-1.9462e+014	-1.9426e+014	1.9426e+014	5.2500e-015
6.840e+000	5.8330e-006	-1.9499e+014	-1.9462e+014	1.9462e+014	5.2500e-015
6.850e+000	5.8341e-006	-1.9535e+014	-1.9499e+014	1.9499e+014	5.2500e-015
6.860e+000	5.8351e-006	-1.9572e+014	-1.9535e+014	1.9535e+014	5.2500e-015
6.870e+000	5.8362e-006	-1.9608e+014	-1.9572e+014	1.9571e+014	5.2500e-015
6.880e+000	5.8373e-006	-1.9644e+014	-1.9608e+014	1.9608e+014	5.2500e-015
6.890e+000	5.8383e-006	-1.9681e+014	-1.9644e+014	1.9644e+014	5.2500e-015
6.900e+000	5.8394e-006	-1.9717e+014	-1.9681e+014	1.9681e+014	5.2500e-015
6.910e+000	5.8404e-006	-1.9754e+014	-1.9717e+014	1.9717e+014	5.2500e-015
6.920e+000	5.8415e-006	-1.9790e+014	-1.9754e+014	1.9754e+014	5.2500e-015
6.930e+000	5.8425e-006	-1.9827e+014	-1.9790e+014	1.9790e+014	5.2500e-015
6.940e+000	5.8436e-006	-1.9863e+014	-1.9827e+014	1.9826e+014	5.2500e-015
6.950e+000	5.8446e-006	-1.9900e+014	-1.9863e+014	1.9863e+014	5.2500e-015
6.960e+000	5.8457e-006	-1.9936e+014	-1.9900e+014	1.9899e+014	5.2500e-015
6.970e+000	5.8467e-006	-1.9973e+014	-1.9936e+014	1.9936e+014	5.2500e-015
6.980e+000	5.8477e-006	-2.0009e+014	-1.9973e+014	1.9972e+014	5.2500e-015
6.990e+000	5.8488e-006	-2.0046e+014	-2.0009e+014	2.0009e+014	5.2500e-015
7.000e+000	5.8498e-006	-2.0082e+014	-2.0046e+014	2.0045e+014	5.2500e-015
