V	C (Fcm-2)	Initcharge (cm-2)	Finalcharge (cm-2)	ns Total (cm-2)	ps Total (cm-2)
-7.000e+000	4.8034e-017	-9.3462e+000	-6.3481e+000	6.3476e+000	5.2500e-015
-6.990e+000	4.8034e-017	-9.3462e+000	-6.3481e+000	6.3476e+000	5.2500e-015
-6.980e+000	4.8034e-017	-9.3462e+000	-6.3481e+000	6.3476e+000	5.2500e-015
-6.970e+000	4.8034e-017	-9.3462e+000	-6.3481e+000	6.3476e+000	5.2500e-015
-6.960e+000	4.8034e-017	-9.3462e+000	-6.3481e+000	6.3476e+000	5.2500e-015
-6.950e+000	4.8034e-017	-9.3462e+000	-6.3481e+000	6.3476e+000	5.2500e-015
-6.940e+000	4.8034e-017	-9.3462e+000	-6.3481e+000	6.3476e+000	5.2500e-015
-6.930e+000	4.8034e-017	-9.3462e+000	-6.3481e+000	6.3476e+000	5.2500e-015
-6.920e+000	4.8034e-017	-9.3462e+000	-6.3481e+000	6.3476e+000	5.2500e-015
-6.910e+000	4.8034e-017	-9.3462e+000	-6.3481e+000	6.3476e+000	5.2500e-015
-6.900e+000	4.8034e-017	-9.3462e+000	-6.3481e+000	6.3476e+000	5.2500e-015
-6.890e+000	4.8034e-017	-9.3462e+000	-6.3481e+000	6.3476e+000	5.2500e-015
-6.880e+000	4.8034e-017	-9.3462e+000	-6.3481e+000	6.3476e+000	5.2500e-015
-6.870e+000	4.8034e-017	-9.3462e+000	-6.3481e+000	6.3476e+000	5.2500e-015
-6.860e+000	4.8034e-017	-9.3462e+000	-6.3481e+000	6.3476e+000	5.2500e-015
-6.850e+000	4.8034e-017	-9.3462e+000	-6.3481e+000	6.3476e+000	5.2500e-015
-6.840e+000	4.8034e-017	-9.3462e+000	-6.3481e+000	6.3476e+000	5.2500e-015
-6.830e+000	4.8034e-017	-9.3462e+000	-6.3481e+000	6.3476e+000	5.2500e-015
-6.820e+000	4.8034e-017	-9.3462e+000	-6.3481e+000	6.3476e+000	5.2500e-015
-6.810e+000	4.8034e-017	-9.3462e+000	-6.3481e+000	6.3476e+000	5.2500e-015
-6.800e+000	4.8034e-017	-9.3462e+000	-6.3481e+000	6.3476e+000	5.2500e-015
-6.790e+000	4.8034e-017	-9.3462e+000	-6.3481e+000	6.3476e+000	5.2500e-015
-6.780e+000	4.8034e-017	-9.3462e+000	-6.3481e+000	6.3476e+000	5.2500e-015
-6.770e+000	4.8034e-017	-9.3462e+000	-6.3481e+000	6.3476e+000	5.2500e-015
-6.760e+000	4.8034e-017	-9.3462e+000	-6.3481e+000	6.3476e+000	5.2500e-015
-6.750e+000	4.8034e-017	-9.3462e+000	-6.3481e+000	6.3476e+000	5.2500e-015
-6.740e+000	4.8034e-017	-9.3462e+000	-6.3481e+000	6.3476e+000	5.2500e-015
-6.730e+000	4.8034e-017	-9.3462e+000	-6.3482e+000	6.3476e+000	5.2500e-015
-6.720e+000	4.8035e-017	-9.3462e+000	-6.3482e+000	6.3476e+000	5.2500e-015
-6.710e+000	4.8035e-017	-9.3463e+000	-6.3482e+000	6.3477e+000	5.2500e-015
-6.700e+000	4.8035e-017	-9.3463e+000	-6.3482e+000	6.3477e+000	5.2500e-015
-6.690e+000	4.8035e-017	-9.3464e+000	-6.3483e+000	6.3478e+000	5.2500e-015
-6.680e+000	4.8036e-017	-9.3466e+000	-6.3484e+000	6.3478e+000	5.2500e-015
-6.670e+000	4.8037e-017	-9.3467e+000	-6.3485e+000	6.3480e+000	5.2500e-015
-6.660e+000	4.8038e-017	-9.3470e+000	-6.3487e+000	6.3482e+000	5.2500e-015
-6.650e+000	4.8041e-017	-9.3474e+000	-6.3490e+000	6.3484e+000	5.2500e-015
-6.640e+000	4.8044e-017	-9.3480e+000	-6.3494e+000	6.3488e+000	5.2500e-015
-6.630e+000	4.8048e-017	-9.3489e+000	-6.3500e+000	6.3494e+000	5.2500e-015
-6.620e+000	4.8055e-017	-9.3501e+000	-6.3508e+000	6.3503e+000	5.2500e-015
-6.610e+000	4.8064e-017	-9.3520e+000	-6.3521e+000	6.3516e+000	5.2500e-015
-6.600e+000	4.8079e-017	-9.3548e+000	-6.3540e+000	6.3535e+000	5.2500e-015
-6.590e+000	4.8100e-017	-9.3589e+000	-6.3568e+000	6.3562e+000	5.2500e-015
-6.580e+000	4.8130e-017	-9.3649e+000	-6.3609e+000	6.3603e+000	5.2500e-015
-6.570e+000	4.8178e-017	-9.3739e+000	-6.3669e+000	6.3664e+000	5.2500e-015
-6.560e+000	4.8243e-017	-9.3870e+000	-6.3759e+000	6.3752e+000	5.2500e-015
-6.550e+000	4.8342e-017	-9.4062e+000	-6.3889e+000	6.3883e+000	5.2500e-015
-6.540e+000	4.8489e-017	-9.4345e+000	-6.4081e+000	6.4075e+000	5.2500e-015
-6.530e+000	4.8702e-017	-9.4762e+000	-6.4365e+000	6.4358e+000	5.2500e-015
-6.520e+000	4.9018e-017	-9.5377e+000	-6.4782e+000	6.4775e+000	5.2500e-015
-6.510e+000	4.9482e-017	-9.6280e+000	-6.5396e+000	6.5388e+000	5.2500e-015
-6.500e+000	5.0168e-017	-9.7612e+000	-6.6300e+000	6.6291e+000	5.2500e-015
-6.490e+000	5.1191e-017	-9.9582e+000	-6.7632e+000	6.7621e+000	5.2500e-015
-6.480e+000	5.2659e-017	-1.0247e+001	-6.9602e+000	6.9578e+000	5.2500e-015
-6.470e+000	5.4841e-017	-1.0672e+001	-7.2489e+000	7.2461e+000	5.2500e-015
-6.460e+000	5.8088e-017	-1.1299e+001	-7.6737e+000	7.6704e+000	5.2500e-015
-6.450e+000	6.2792e-017	-1.2220e+001	-8.3012e+000	8.2951e+000	5.2500e-015
-6.440e+000	6.9775e-017	-1.3577e+001	-9.2223e+000	9.2149e+000	5.2500e-015
-6.430e+000	8.0085e-017	-1.5578e+001	-1.0579e+001	1.0569e+001	5.2500e-015
-6.420e+000	9.5224e-017	-1.8523e+001	-1.2580e+001	1.2563e+001	5.2500e-015
-6.410e+000	1.1748e-016	-2.2858e+001	-1.5525e+001	1.5498e+001	5.2500e-015
-6.400e+000	1.5027e-016	-2.9239e+001	-1.9860e+001	1.9820e+001	5.2500e-015
-6.390e+000	1.9858e-016	-3.8635e+001	-2.6241e+001	2.6183e+001	5.2500e-015
-6.380e+000	2.6971e-016	-5.2471e+001	-3.5637e+001	3.5551e+001	5.2500e-015
-6.370e+000	3.7432e-016	-7.2837e+001	-4.9473e+001	4.9344e+001	5.2500e-015
-6.360e+000	5.2851e-016	-1.0283e+002	-6.9838e+001	6.9651e+001	5.2500e-015
-6.350e+000	7.5538e-016	-1.4697e+002	-9.9827e+001	9.9548e+001	5.2500e-015
-6.340e+000	1.0894e-015	-2.1197e+002	-1.4398e+002	1.4357e+002	5.2500e-015
-6.330e+000	1.5813e-015	-3.0767e+002	-2.0898e+002	2.0837e+002	5.2500e-015
-6.320e+000	2.3054e-015	-4.4857e+002	-3.0468e+002	3.0378e+002	5.2500e-015
-6.310e+000	3.3716e-015	-6.5601e+002	-4.4557e+002	4.4426e+002	5.2500e-015
-6.300e+000	4.9413e-015	-9.6142e+002	-6.5301e+002	6.5108e+002	5.2500e-015
-6.290e+000	7.2523e-015	-1.4111e+003	-9.5843e+002	9.5558e+002	5.2500e-015
-6.280e+000	1.0655e-014	-2.0731e+003	-1.4081e+003	1.4039e+003	5.2500e-015
-6.270e+000	1.5664e-014	-3.0478e+003	-2.0701e+003	2.0639e+003	5.2500e-015
-6.260e+000	2.3040e-014	-4.4828e+003	-3.0448e+003	3.0357e+003	5.2500e-015
-6.250e+000	3.3898e-014	-6.5956e+003	-4.4798e+003	4.4664e+003	5.2500e-015
-6.240e+000	4.9885e-014	-9.7061e+003	-6.5926e+003	6.5729e+003	5.2500e-015
-6.230e+000	7.3422e-014	-1.4286e+004	-9.7031e+003	9.6742e+003	5.2500e-015
-6.220e+000	1.0808e-013	-2.1028e+004	-1.4283e+004	1.4240e+004	5.2500e-015
-6.210e+000	1.5910e-013	-3.0955e+004	-2.1025e+004	2.0963e+004	5.2500e-015
-6.200e+000	2.3421e-013	-4.5571e+004	-3.0952e+004	3.0860e+004	5.2500e-015
-6.190e+000	3.4480e-013	-6.7089e+004	-4.5568e+004	4.5432e+004	5.2500e-015
-6.180e+000	5.0762e-013	-9.8769e+004	-6.7086e+004	6.6885e+004	5.2500e-015
-6.170e+000	7.4733e-013	-1.4541e+005	-9.8766e+004	9.8471e+004	5.2500e-015
-6.160e+000	1.1003e-012	-2.1408e+005	-1.4541e+005	1.4497e+005	5.2500e-015
-6.150e+000	1.6198e-012	-3.1518e+005	-2.1408e+005	2.1344e+005	5.2500e-015
-6.140e+000	2.3847e-012	-4.6402e+005	-3.1518e+005	3.1423e+005	5.2500e-015
-6.130e+000	3.5108e-012	-6.8314e+005	-4.6402e+005	4.6263e+005	5.2500e-015
-6.120e+000	5.1685e-012	-1.0057e+006	-6.8314e+005	6.8110e+005	5.2500e-015
-6.110e+000	7.6087e-012	-1.4806e+006	-1.0057e+006	1.0027e+006	5.2500e-015
-6.100e+000	1.1200e-011	-2.1797e+006	-1.4806e+006	1.4762e+006	5.2500e-015
-6.090e+000	1.6486e-011	-3.2087e+006	-2.1797e+006	2.1732e+006	5.2500e-015
-6.080e+000	2.4263e-011	-4.7230e+006	-3.2086e+006	3.1991e+006	5.2500e-015
-6.070e+000	3.5704e-011	-6.9515e+006	-4.7230e+006	4.7089e+006	5.2500e-015
-6.060e+000	5.2525e-011	-1.0230e+007	-6.9515e+006	6.9307e+006	5.2500e-015
-6.050e+000	7.7243e-011	-1.5051e+007	-1.0230e+007	1.0199e+007	5.2500e-015
-6.040e+000	1.1353e-010	-2.2137e+007	-1.5051e+007	1.5006e+007	5.2500e-015
-6.030e+000	1.6674e-010	-3.2544e+007	-2.2137e+007	2.2071e+007	5.2500e-015
-6.020e+000	2.4461e-010	-4.7811e+007	-3.2544e+007	3.2447e+007	5.2500e-015
-6.010e+000	3.5823e-010	-7.0170e+007	-4.7811e+007	4.7669e+007	5.2500e-015
-6.000e+000	5.2337e-010	-1.0284e+008	-7.0170e+007	6.9962e+007	5.2500e-015
-5.990e+000	7.6200e-010	-1.5040e+008	-1.0284e+008	1.0253e+008	5.2500e-015
-5.980e+000	1.1040e-009	-2.1930e+008	-1.5040e+008	1.4995e+008	5.2500e-015
-5.970e+000	1.5885e-009	-3.1845e+008	-2.1930e+008	2.1866e+008	5.2500e-015
-5.960e+000	2.2644e-009	-4.5979e+008	-3.1845e+008	3.1752e+008	5.2500e-015
-5.950e+000	3.1882e-009	-6.5878e+008	-4.5979e+008	4.5845e+008	5.2500e-015
-5.940e+000	4.4184e-009	-9.3455e+008	-6.5878e+008	6.5688e+008	5.2500e-015
-5.930e+000	6.0074e-009	-1.3095e+009	-9.3455e+008	9.3191e+008	5.2500e-015
-5.920e+000	7.9915e-009	-1.8083e+009	-1.3095e+009	1.3059e+009	5.2500e-015
-5.910e+000	1.0385e-008	-2.4565e+009	-1.8083e+009	1.8034e+009	5.2500e-015
-5.900e+000	1.3186e-008	-3.2795e+009	-2.4565e+009	2.4501e+009	5.2500e-015
-5.890e+000	1.6384e-008	-4.3021e+009	-3.2795e+009	3.2714e+009	5.2500e-015
-5.880e+000	1.9974e-008	-5.5488e+009	-4.3021e+009	4.2920e+009	5.2500e-015
-5.870e+000	2.3968e-008	-7.0447e+009	-5.5488e+009	5.5366e+009	5.2500e-015
-5.860e+000	2.8396e-008	-8.8170e+009	-7.0447e+009	7.0303e+009	5.2500e-015
-5.850e+000	3.3297e-008	-1.0895e+010	-8.8170e+009	8.8004e+009	5.2500e-015
-5.840e+000	3.8716e-008	-1.3312e+010	-1.0895e+010	1.0876e+010	5.2500e-015
-5.830e+000	4.4692e-008	-1.6101e+010	-1.3312e+010	1.3291e+010	5.2500e-015
-5.820e+000	5.1247e-008	-1.9300e+010	-1.6101e+010	1.6078e+010	5.2500e-015
-5.810e+000	5.8386e-008	-2.2944e+010	-1.9300e+010	1.9275e+010	5.2500e-015
-5.800e+000	6.6089e-008	-2.7069e+010	-2.2944e+010	2.2918e+010	5.2500e-015
-5.790e+000	7.4309e-008	-3.1707e+010	-2.7069e+010	2.7041e+010	5.2500e-015
-5.780e+000	8.2978e-008	-3.6886e+010	-3.1707e+010	3.1678e+010	5.2500e-015
-5.770e+000	9.2007e-008	-4.2629e+010	-3.6886e+010	3.6855e+010	5.2500e-015
-5.760e+000	1.0130e-007	-4.8951e+010	-4.2629e+010	4.2597e+010	5.2500e-015
-5.750e+000	1.1074e-007	-5.5862e+010	-4.8951e+010	4.8918e+010	5.2500e-015
-5.740e+000	1.2022e-007	-6.3366e+010	-5.5862e+010	5.5829e+010	5.2500e-015
-5.730e+000	1.2965e-007	-7.1458e+010	-6.3366e+010	6.3332e+010	5.2500e-015
-5.720e+000	1.3893e-007	-8.0129e+010	-7.1458e+010	7.1423e+010	5.2500e-015
-5.710e+000	1.4799e-007	-8.9365e+010	-8.0129e+010	8.0094e+010	5.2500e-015
-5.700e+000	1.5676e-007	-9.9150e+010	-8.9365e+010	8.9330e+010	5.2500e-015
-5.690e+000	1.6521e-007	-1.0946e+011	-9.9150e+010	9.9114e+010	5.2500e-015
-5.680e+000	1.7285e-007	-1.2025e+011	-1.0946e+011	1.0942e+011	5.2500e-015
-5.670e+000	1.8025e-007	-1.3150e+011	-1.2025e+011	1.2021e+011	5.2500e-015
-5.660e+000	1.8766e-007	-1.4321e+011	-1.3150e+011	1.3146e+011	5.2500e-015
-5.650e+000	1.9464e-007	-1.5536e+011	-1.4321e+011	1.4318e+011	5.2500e-015
-5.640e+000	2.0099e-007	-1.6791e+011	-1.5536e+011	1.5532e+011	5.2500e-015
-5.630e+000	2.0719e-007	-1.8084e+011	-1.6791e+011	1.6787e+011	5.2500e-015
-5.620e+000	2.1291e-007	-1.9413e+011	-1.8084e+011	1.8080e+011	5.2500e-015
-5.610e+000	2.1816e-007	-2.0774e+011	-1.9413e+011	1.9409e+011	5.2500e-015
-5.600e+000	2.2333e-007	-2.2168e+011	-2.0774e+011	2.0771e+011	5.2500e-015
-5.590e+000	2.2814e-007	-2.3592e+011	-2.2168e+011	2.2164e+011	5.2500e-015
-5.580e+000	2.3254e-007	-2.5044e+011	-2.3592e+011	2.3588e+011	5.2500e-015
-5.570e+000	2.3674e-007	-2.6521e+011	-2.5044e+011	2.5040e+011	5.2500e-015
-5.560e+000	2.4072e-007	-2.8024e+011	-2.6521e+011	2.6517e+011	5.2500e-015
-5.550e+000	2.4438e-007	-2.9549e+011	-2.8024e+011	2.8020e+011	5.2500e-015
-5.540e+000	2.4791e-007	-3.1096e+011	-2.9549e+011	2.9545e+011	5.2500e-015
-5.530e+000	2.5118e-007	-3.2664e+011	-3.1096e+011	3.1092e+011	5.2500e-015
-5.520e+000	2.5424e-007	-3.4251e+011	-3.2664e+011	3.2660e+011	5.2500e-015
-5.510e+000	2.5718e-007	-3.5856e+011	-3.4251e+011	3.4247e+011	5.2500e-015
-5.500e+000	2.5990e-007	-3.7478e+011	-3.5856e+011	3.5852e+011	5.2500e-015
-5.490e+000	2.6252e-007	-3.9117e+011	-3.7478e+011	3.7474e+011	5.2500e-015
-5.480e+000	2.6496e-007	-4.0770e+011	-3.9117e+011	3.9113e+011	5.2500e-015
-5.470e+000	2.6728e-007	-4.2439e+011	-4.0770e+011	4.0767e+011	5.2500e-015
-5.460e+000	2.6944e-007	-4.4120e+011	-4.2439e+011	4.2435e+011	5.2500e-015
-5.450e+000	2.7154e-007	-4.5815e+011	-4.4120e+011	4.4117e+011	5.2500e-015
-5.440e+000	2.7350e-007	-4.7522e+011	-4.5815e+011	4.5811e+011	5.2500e-015
-5.430e+000	2.7536e-007	-4.9241e+011	-4.7522e+011	4.7518e+011	5.2500e-015
-5.420e+000	2.7711e-007	-5.0971e+011	-4.9241e+011	4.9237e+011	5.2500e-015
-5.410e+000	2.7880e-007	-5.2711e+011	-5.0971e+011	5.0967e+011	5.2500e-015
-5.400e+000	2.8040e-007	-5.4461e+011	-5.2711e+011	5.2707e+011	5.2500e-015
-5.390e+000	2.8191e-007	-5.6220e+011	-5.4461e+011	5.4457e+011	5.2500e-015
-5.380e+000	2.8335e-007	-5.7989e+011	-5.6220e+011	5.6216e+011	5.2500e-015
-5.370e+000	2.8472e-007	-5.9766e+011	-5.7989e+011	5.7985e+011	5.2500e-015
-5.360e+000	2.8603e-007	-6.1551e+011	-5.9766e+011	5.9762e+011	5.2500e-015
-5.350e+000	2.8726e-007	-6.3344e+011	-6.1551e+011	6.1547e+011	5.2500e-015
-5.340e+000	2.8846e-007	-6.5145e+011	-6.3344e+011	6.3340e+011	5.2500e-015
-5.330e+000	2.8959e-007	-6.6952e+011	-6.5145e+011	6.5141e+011	5.2500e-015
-5.320e+000	2.9068e-007	-6.8766e+011	-6.6952e+011	6.6948e+011	5.2500e-015
-5.310e+000	2.9171e-007	-7.0587e+011	-6.8766e+011	6.8762e+011	5.2500e-015
-5.300e+000	2.9270e-007	-7.2414e+011	-7.0587e+011	7.0583e+011	5.2500e-015
-5.290e+000	2.9364e-007	-7.4247e+011	-7.2414e+011	7.2410e+011	5.2500e-015
-5.280e+000	2.9455e-007	-7.6085e+011	-7.4247e+011	7.4243e+011	5.2500e-015
-5.270e+000	2.9541e-007	-7.7929e+011	-7.6085e+011	7.6081e+011	5.2500e-015
-5.260e+000	2.9624e-007	-7.9778e+011	-7.7929e+011	7.7925e+011	5.2500e-015
-5.250e+000	2.9704e-007	-8.1632e+011	-7.9778e+011	7.9774e+011	5.2500e-015
-5.240e+000	2.9780e-007	-8.3491e+011	-8.1632e+011	8.1628e+011	5.2500e-015
-5.230e+000	2.9853e-007	-8.5354e+011	-8.3491e+011	8.3487e+011	5.2500e-015
-5.220e+000	2.9924e-007	-8.7222e+011	-8.5354e+011	8.5350e+011	5.2500e-015
-5.210e+000	2.9991e-007	-8.9093e+011	-8.7222e+011	8.7218e+011	5.2500e-015
-5.200e+000	3.0056e-007	-9.0969e+011	-8.9093e+011	8.9090e+011	5.2500e-015
-5.190e+000	3.0119e-007	-9.2849e+011	-9.0969e+011	9.0965e+011	5.2500e-015
-5.180e+000	3.0179e-007	-9.4733e+011	-9.2849e+011	9.2845e+011	5.2500e-015
-5.170e+000	3.0237e-007	-9.6620e+011	-9.4733e+011	9.4729e+011	5.2500e-015
-5.160e+000	3.0292e-007	-9.8511e+011	-9.6620e+011	9.6616e+011	5.2500e-015
-5.150e+000	3.0346e-007	-1.0040e+012	-9.8511e+011	9.8507e+011	5.2500e-015
-5.140e+000	3.0398e-007	-1.0230e+012	-1.0040e+012	1.0040e+012	5.2500e-015
-5.130e+000	3.0448e-007	-1.0420e+012	-1.0230e+012	1.0230e+012	5.2500e-015
-5.120e+000	3.0495e-007	-1.0611e+012	-1.0420e+012	1.0420e+012	5.2500e-015
-5.110e+000	3.0542e-007	-1.0801e+012	-1.0611e+012	1.0610e+012	5.2500e-015
-5.100e+000	3.0587e-007	-1.0992e+012	-1.0801e+012	1.0801e+012	5.2500e-015
-5.090e+000	3.0630e-007	-1.1183e+012	-1.0992e+012	1.0992e+012	5.2500e-015
-5.080e+000	3.0672e-007	-1.1375e+012	-1.1183e+012	1.1183e+012	5.2500e-015
-5.070e+000	3.0713e-007	-1.1566e+012	-1.1375e+012	1.1374e+012	5.2500e-015
-5.060e+000	3.0752e-007	-1.1758e+012	-1.1566e+012	1.1566e+012	5.2500e-015
-5.050e+000	3.0790e-007	-1.1951e+012	-1.1758e+012	1.1758e+012	5.2500e-015
-5.040e+000	3.0827e-007	-1.2143e+012	-1.1951e+012	1.1950e+012	5.2500e-015
-5.030e+000	3.0863e-007	-1.2336e+012	-1.2143e+012	1.2143e+012	5.2500e-015
-5.020e+000	3.0897e-007	-1.2528e+012	-1.2336e+012	1.2335e+012	5.2500e-015
-5.010e+000	3.0931e-007	-1.2721e+012	-1.2528e+012	1.2528e+012	5.2500e-015
-5.000e+000	3.0963e-007	-1.2915e+012	-1.2721e+012	1.2721e+012	5.2500e-015
-4.990e+000	3.0995e-007	-1.3108e+012	-1.2915e+012	1.2914e+012	5.2500e-015
-4.980e+000	3.1025e-007	-1.3302e+012	-1.3108e+012	1.3108e+012	5.2500e-015
-4.970e+000	3.1055e-007	-1.3496e+012	-1.3302e+012	1.3301e+012	5.2500e-015
-4.960e+000	3.1084e-007	-1.3690e+012	-1.3496e+012	1.3495e+012	5.2500e-015
-4.950e+000	3.1112e-007	-1.3884e+012	-1.3690e+012	1.3689e+012	5.2500e-015
-4.940e+000	3.1139e-007	-1.4078e+012	-1.3884e+012	1.3883e+012	5.2500e-015
-4.930e+000	3.1165e-007	-1.4273e+012	-1.4078e+012	1.4078e+012	5.2500e-015
-4.920e+000	3.1191e-007	-1.4467e+012	-1.4273e+012	1.4272e+012	5.2500e-015
-4.910e+000	3.1216e-007	-1.4662e+012	-1.4467e+012	1.4467e+012	5.2500e-015
-4.900e+000	3.1241e-007	-1.4857e+012	-1.4662e+012	1.4662e+012	5.2500e-015
-4.890e+000	3.1264e-007	-1.5052e+012	-1.4857e+012	1.4857e+012	5.2500e-015
-4.880e+000	3.1287e-007	-1.5248e+012	-1.5052e+012	1.5052e+012	5.2500e-015
-4.870e+000	3.1310e-007	-1.5443e+012	-1.5248e+012	1.5247e+012	5.2500e-015
-4.860e+000	3.1332e-007	-1.5639e+012	-1.5443e+012	1.5443e+012	5.2500e-015
-4.850e+000	3.1353e-007	-1.5834e+012	-1.5639e+012	1.5638e+012	5.2500e-015
-4.840e+000	3.1374e-007	-1.6030e+012	-1.5834e+012	1.5834e+012	5.2500e-015
-4.830e+000	3.1395e-007	-1.6226e+012	-1.6030e+012	1.6030e+012	5.2500e-015
-4.820e+000	3.1414e-007	-1.6422e+012	-1.6226e+012	1.6226e+012	5.2500e-015
-4.810e+000	3.1434e-007	-1.6618e+012	-1.6422e+012	1.6422e+012	5.2500e-015
-4.800e+000	3.1453e-007	-1.6815e+012	-1.6618e+012	1.6618e+012	5.2500e-015
-4.790e+000	3.1471e-007	-1.7011e+012	-1.6815e+012	1.6814e+012	5.2500e-015
-4.780e+000	3.1489e-007	-1.7208e+012	-1.7011e+012	1.7011e+012	5.2500e-015
-4.770e+000	3.1507e-007	-1.7404e+012	-1.7208e+012	1.7207e+012	5.2500e-015
-4.760e+000	3.1524e-007	-1.7601e+012	-1.7404e+012	1.7404e+012	5.2500e-015
-4.750e+000	3.1541e-007	-1.7798e+012	-1.7601e+012	1.7601e+012	5.2500e-015
-4.740e+000	3.1558e-007	-1.7995e+012	-1.7798e+012	1.7798e+012	5.2500e-015
-4.730e+000	3.1574e-007	-1.8192e+012	-1.7995e+012	1.7994e+012	5.2500e-015
-4.720e+000	3.1590e-007	-1.8389e+012	-1.8192e+012	1.8192e+012	5.2500e-015
-4.710e+000	3.1605e-007	-1.8586e+012	-1.8389e+012	1.8389e+012	5.2500e-015
-4.700e+000	3.1620e-007	-1.8784e+012	-1.8586e+012	1.8586e+012	5.2500e-015
-4.690e+000	3.1635e-007	-1.8981e+012	-1.8784e+012	1.8783e+012	5.2500e-015
-4.680e+000	3.1649e-007	-1.9179e+012	-1.8981e+012	1.8981e+012	5.2500e-015
-4.670e+000	3.1664e-007	-1.9376e+012	-1.9179e+012	1.9178e+012	5.2500e-015
-4.660e+000	3.1678e-007	-1.9574e+012	-1.9376e+012	1.9376e+012	5.2500e-015
-4.650e+000	3.1691e-007	-1.9772e+012	-1.9574e+012	1.9574e+012	5.2500e-015
-4.640e+000	3.1705e-007	-1.9970e+012	-1.9772e+012	1.9771e+012	5.2500e-015
-4.630e+000	3.1718e-007	-2.0168e+012	-1.9970e+012	1.9969e+012	5.2500e-015
-4.620e+000	3.1730e-007	-2.0366e+012	-2.0168e+012	2.0167e+012	5.2500e-015
-4.610e+000	3.1743e-007	-2.0564e+012	-2.0366e+012	2.0365e+012	5.2500e-015
-4.600e+000	3.1755e-007	-2.0762e+012	-2.0564e+012	2.0563e+012	5.2500e-015
-4.590e+000	3.1768e-007	-2.0960e+012	-2.0762e+012	2.0762e+012	5.2500e-015
-4.580e+000	3.1779e-007	-2.1159e+012	-2.0960e+012	2.0960e+012	5.2500e-015
-4.570e+000	3.1791e-007	-2.1357e+012	-2.1159e+012	2.1158e+012	5.2500e-015
-4.560e+000	3.1803e-007	-2.1556e+012	-2.1357e+012	2.1357e+012	5.2500e-015
-4.550e+000	3.1814e-007	-2.1754e+012	-2.1556e+012	2.1555e+012	5.2500e-015
-4.540e+000	3.1825e-007	-2.1953e+012	-2.1754e+012	2.1754e+012	5.2500e-015
-4.530e+000	3.1836e-007	-2.2152e+012	-2.1953e+012	2.1952e+012	5.2500e-015
-4.520e+000	3.1847e-007	-2.2350e+012	-2.2152e+012	2.2151e+012	5.2500e-015
-4.510e+000	3.1857e-007	-2.2549e+012	-2.2350e+012	2.2350e+012	5.2500e-015
-4.500e+000	3.1867e-007	-2.2748e+012	-2.2549e+012	2.2549e+012	5.2500e-015
-4.490e+000	3.1877e-007	-2.2947e+012	-2.2748e+012	2.2748e+012	5.2500e-015
-4.480e+000	3.1887e-007	-2.3146e+012	-2.2947e+012	2.2947e+012	5.2500e-015
-4.470e+000	3.1897e-007	-2.3345e+012	-2.3146e+012	2.3146e+012	5.2500e-015
-4.460e+000	3.1907e-007	-2.3544e+012	-2.3345e+012	2.3345e+012	5.2500e-015
-4.450e+000	3.1916e-007	-2.3743e+012	-2.3544e+012	2.3544e+012	5.2500e-015
-4.440e+000	3.1926e-007	-2.3943e+012	-2.3743e+012	2.3743e+012	5.2500e-015
-4.430e+000	3.1935e-007	-2.4142e+012	-2.3943e+012	2.3942e+012	5.2500e-015
-4.420e+000	3.1944e-007	-2.4341e+012	-2.4142e+012	2.4142e+012	5.2500e-015
-4.410e+000	3.1953e-007	-2.4541e+012	-2.4341e+012	2.4341e+012	5.2500e-015
-4.400e+000	3.1962e-007	-2.4740e+012	-2.4541e+012	2.4540e+012	5.2500e-015
-4.390e+000	3.1970e-007	-2.4940e+012	-2.4740e+012	2.4740e+012	5.2500e-015
-4.380e+000	3.1979e-007	-2.5139e+012	-2.4940e+012	2.4939e+012	5.2500e-015
-4.370e+000	3.1987e-007	-2.5339e+012	-2.5139e+012	2.5139e+012	5.2500e-015
-4.360e+000	3.1995e-007	-2.5539e+012	-2.5339e+012	2.5339e+012	5.2500e-015
-4.350e+000	3.2003e-007	-2.5739e+012	-2.5539e+012	2.5538e+012	5.2500e-015
-4.340e+000	3.2011e-007	-2.5938e+012	-2.5739e+012	2.5738e+012	5.2500e-015
-4.330e+000	3.2019e-007	-2.6138e+012	-2.5938e+012	2.5938e+012	5.2500e-015
-4.320e+000	3.2027e-007	-2.6338e+012	-2.6138e+012	2.6138e+012	5.2500e-015
-4.310e+000	3.2035e-007	-2.6538e+012	-2.6338e+012	2.6338e+012	5.2500e-015
-4.300e+000	3.2042e-007	-2.6738e+012	-2.6538e+012	2.6538e+012	5.2500e-015
-4.290e+000	3.2050e-007	-2.6938e+012	-2.6738e+012	2.6738e+012	5.2500e-015
-4.280e+000	3.2057e-007	-2.7138e+012	-2.6938e+012	2.6938e+012	5.2500e-015
-4.270e+000	3.2064e-007	-2.7338e+012	-2.7138e+012	2.7138e+012	5.2500e-015
-4.260e+000	3.2071e-007	-2.7538e+012	-2.7338e+012	2.7338e+012	5.2500e-015
-4.250e+000	3.2078e-007	-2.7739e+012	-2.7538e+012	2.7538e+012	5.2500e-015
-4.240e+000	3.2085e-007	-2.7939e+012	-2.7739e+012	2.7738e+012	5.2500e-015
-4.230e+000	3.2092e-007	-2.8139e+012	-2.7939e+012	2.7939e+012	5.2500e-015
-4.220e+000	3.2099e-007	-2.8340e+012	-2.8139e+012	2.8139e+012	5.2500e-015
-4.210e+000	3.2106e-007	-2.8540e+012	-2.8340e+012	2.8339e+012	5.2500e-015
-4.200e+000	3.2112e-007	-2.8740e+012	-2.8540e+012	2.8540e+012	5.2500e-015
-4.190e+000	3.2119e-007	-2.8941e+012	-2.8740e+012	2.8740e+012	5.2500e-015
-4.180e+000	3.2125e-007	-2.9141e+012	-2.8941e+012	2.8941e+012	5.2500e-015
-4.170e+000	3.2132e-007	-2.9342e+012	-2.9141e+012	2.9141e+012	5.2500e-015
-4.160e+000	3.2138e-007	-2.9543e+012	-2.9342e+012	2.9342e+012	5.2500e-015
-4.150e+000	3.2144e-007	-2.9743e+012	-2.9543e+012	2.9542e+012	5.2500e-015
-4.140e+000	3.2150e-007	-2.9944e+012	-2.9743e+012	2.9743e+012	5.2500e-015
-4.130e+000	3.2156e-007	-3.0145e+012	-2.9944e+012	2.9943e+012	5.2500e-015
-4.120e+000	3.2162e-007	-3.0345e+012	-3.0145e+012	3.0144e+012	5.2500e-015
-4.110e+000	3.2168e-007	-3.0546e+012	-3.0345e+012	3.0345e+012	5.2500e-015
-4.100e+000	3.2174e-007	-3.0747e+012	-3.0546e+012	3.0546e+012	5.2500e-015
-4.090e+000	3.2180e-007	-3.0948e+012	-3.0747e+012	3.0746e+012	5.2500e-015
-4.080e+000	3.2185e-007	-3.1149e+012	-3.0948e+012	3.0947e+012	5.2500e-015
-4.070e+000	3.2191e-007	-3.1350e+012	-3.1149e+012	3.1148e+012	5.2500e-015
-4.060e+000	3.2196e-007	-3.1550e+012	-3.1350e+012	3.1349e+012	5.2500e-015
-4.050e+000	3.2202e-007	-3.1751e+012	-3.1550e+012	3.1550e+012	5.2500e-015
-4.040e+000	3.2207e-007	-3.1952e+012	-3.1751e+012	3.1751e+012	5.2500e-015
-4.030e+000	3.2213e-007	-3.2154e+012	-3.1952e+012	3.1952e+012	5.2500e-015
-4.020e+000	3.2218e-007	-3.2355e+012	-3.2154e+012	3.2153e+012	5.2500e-015
-4.010e+000	3.2223e-007	-3.2556e+012	-3.2355e+012	3.2354e+012	5.2500e-015
-4.000e+000	3.2229e-007	-3.2757e+012	-3.2556e+012	3.2555e+012	5.2500e-015
-3.990e+000	3.2234e-007	-3.2958e+012	-3.2757e+012	3.2757e+012	5.2500e-015
-3.980e+000	3.2239e-007	-3.3159e+012	-3.2958e+012	3.2958e+012	5.2500e-015
-3.970e+000	3.2244e-007	-3.3361e+012	-3.3159e+012	3.3159e+012	5.2500e-015
-3.960e+000	3.2249e-007	-3.3562e+012	-3.3361e+012	3.3360e+012	5.2500e-015
-3.950e+000	3.2254e-007	-3.3763e+012	-3.3562e+012	3.3561e+012	5.2500e-015
-3.940e+000	3.2259e-007	-3.3965e+012	-3.3763e+012	3.3763e+012	5.2500e-015
-3.930e+000	3.2263e-007	-3.4166e+012	-3.3965e+012	3.3964e+012	5.2500e-015
-3.920e+000	3.2268e-007	-3.4367e+012	-3.4166e+012	3.4165e+012	5.2500e-015
-3.910e+000	3.2273e-007	-3.4569e+012	-3.4367e+012	3.4367e+012	5.2500e-015
-3.900e+000	3.2278e-007	-3.4770e+012	-3.4569e+012	3.4568e+012	5.2500e-015
-3.890e+000	3.2282e-007	-3.4972e+012	-3.4770e+012	3.4770e+012	5.2500e-015
-3.880e+000	3.2287e-007	-3.5173e+012	-3.4972e+012	3.4971e+012	5.2500e-015
-3.870e+000	3.2291e-007	-3.5375e+012	-3.5173e+012	3.5173e+012	5.2500e-015
-3.860e+000	3.2296e-007	-3.5576e+012	-3.5375e+012	3.5374e+012	5.2500e-015
-3.850e+000	3.2300e-007	-3.5778e+012	-3.5576e+012	3.5576e+012	5.2500e-015
-3.840e+000	3.2305e-007	-3.5980e+012	-3.5778e+012	3.5777e+012	5.2500e-015
-3.830e+000	3.2309e-007	-3.6181e+012	-3.5980e+012	3.5979e+012	5.2500e-015
-3.820e+000	3.2313e-007	-3.6383e+012	-3.6181e+012	3.6181e+012	5.2500e-015
-3.810e+000	3.2318e-007	-3.6585e+012	-3.6383e+012	3.6382e+012	5.2500e-015
-3.800e+000	3.2322e-007	-3.6786e+012	-3.6585e+012	3.6584e+012	5.2500e-015
-3.790e+000	3.2326e-007	-3.6988e+012	-3.6786e+012	3.6786e+012	5.2500e-015
-3.780e+000	3.2330e-007	-3.7190e+012	-3.6988e+012	3.6988e+012	5.2500e-015
-3.770e+000	3.2334e-007	-3.7392e+012	-3.7190e+012	3.7189e+012	5.2500e-015
-3.760e+000	3.2338e-007	-3.7594e+012	-3.7392e+012	3.7391e+012	5.2500e-015
-3.750e+000	3.2342e-007	-3.7795e+012	-3.7594e+012	3.7593e+012	5.2500e-015
-3.740e+000	3.2346e-007	-3.7997e+012	-3.7795e+012	3.7795e+012	5.2500e-015
-3.730e+000	3.2350e-007	-3.8199e+012	-3.7997e+012	3.7997e+012	5.2500e-015
-3.720e+000	3.2354e-007	-3.8401e+012	-3.8199e+012	3.8199e+012	5.2500e-015
-3.710e+000	3.2358e-007	-3.8603e+012	-3.8401e+012	3.8401e+012	5.2500e-015
-3.700e+000	3.2362e-007	-3.8805e+012	-3.8603e+012	3.8603e+012	5.2500e-015
-3.690e+000	3.2366e-007	-3.9007e+012	-3.8805e+012	3.8805e+012	5.2500e-015
-3.680e+000	3.2370e-007	-3.9209e+012	-3.9007e+012	3.9007e+012	5.2500e-015
-3.670e+000	3.2373e-007	-3.9411e+012	-3.9209e+012	3.9209e+012	5.2500e-015
-3.660e+000	3.2377e-007	-3.9613e+012	-3.9411e+012	3.9411e+012	5.2500e-015
-3.650e+000	3.2381e-007	-3.9815e+012	-3.9613e+012	3.9613e+012	5.2500e-015
-3.640e+000	3.2385e-007	-4.0017e+012	-3.9815e+012	3.9815e+012	5.2500e-015
-3.630e+000	3.2388e-007	-4.0220e+012	-4.0017e+012	4.0017e+012	5.2500e-015
-3.620e+000	3.2392e-007	-4.0422e+012	-4.0220e+012	4.0219e+012	5.2500e-015
-3.610e+000	3.2395e-007	-4.0624e+012	-4.0422e+012	4.0421e+012	5.2500e-015
-3.600e+000	3.2399e-007	-4.0826e+012	-4.0624e+012	4.0624e+012	5.2500e-015
-3.590e+000	3.2403e-007	-4.1028e+012	-4.0826e+012	4.0826e+012	5.2500e-015
-3.580e+000	3.2406e-007	-4.1231e+012	-4.1028e+012	4.1028e+012	5.2500e-015
-3.570e+000	3.2410e-007	-4.1433e+012	-4.1231e+012	4.1230e+012	5.2500e-015
-3.560e+000	3.2413e-007	-4.1635e+012	-4.1433e+012	4.1433e+012	5.2500e-015
-3.550e+000	3.2416e-007	-4.1838e+012	-4.1635e+012	4.1635e+012	5.2500e-015
-3.540e+000	3.2420e-007	-4.2040e+012	-4.1838e+012	4.1837e+012	5.2500e-015
-3.530e+000	3.2423e-007	-4.2242e+012	-4.2040e+012	4.2040e+012	5.2500e-015
-3.520e+000	3.2426e-007	-4.2445e+012	-4.2242e+012	4.2242e+012	5.2500e-015
-3.510e+000	3.2430e-007	-4.2647e+012	-4.2445e+012	4.2444e+012	5.2500e-015
-3.500e+000	3.2433e-007	-4.2850e+012	-4.2647e+012	4.2647e+012	5.2500e-015
-3.490e+000	3.2436e-007	-4.3052e+012	-4.2850e+012	4.2849e+012	5.2500e-015
-3.480e+000	3.2440e-007	-4.3255e+012	-4.3052e+012	4.3052e+012	5.2500e-015
-3.470e+000	3.2443e-007	-4.3457e+012	-4.3255e+012	4.3254e+012	5.2500e-015
-3.460e+000	3.2446e-007	-4.3660e+012	-4.3457e+012	4.3457e+012	5.2500e-015
-3.450e+000	3.2449e-007	-4.3862e+012	-4.3660e+012	4.3659e+012	5.2500e-015
-3.440e+000	3.2452e-007	-4.4065e+012	-4.3862e+012	4.3862e+012	5.2500e-015
-3.430e+000	3.2455e-007	-4.4267e+012	-4.4065e+012	4.4064e+012	5.2500e-015
-3.420e+000	3.2458e-007	-4.4470e+012	-4.4267e+012	4.4267e+012	5.2500e-015
-3.410e+000	3.2462e-007	-4.4672e+012	-4.4470e+012	4.4469e+012	5.2500e-015
-3.400e+000	3.2465e-007	-4.4875e+012	-4.4672e+012	4.4672e+012	5.2500e-015
-3.390e+000	3.2468e-007	-4.5078e+012	-4.4875e+012	4.4875e+012	5.2500e-015
-3.380e+000	3.2471e-007	-4.5280e+012	-4.5078e+012	4.5077e+012	5.2500e-015
-3.370e+000	3.2474e-007	-4.5483e+012	-4.5280e+012	4.5280e+012	5.2500e-015
-3.360e+000	3.2477e-007	-4.5686e+012	-4.5483e+012	4.5483e+012	5.2500e-015
-3.350e+000	3.2480e-007	-4.5888e+012	-4.5686e+012	4.5685e+012	5.2500e-015
-3.340e+000	3.2482e-007	-4.6091e+012	-4.5888e+012	4.5888e+012	5.2500e-015
-3.330e+000	3.2485e-007	-4.6294e+012	-4.6091e+012	4.6091e+012	5.2500e-015
-3.320e+000	3.2488e-007	-4.6497e+012	-4.6294e+012	4.6294e+012	5.2500e-015
-3.310e+000	3.2491e-007	-4.6699e+012	-4.6497e+012	4.6496e+012	5.2500e-015
-3.300e+000	3.2494e-007	-4.6902e+012	-4.6699e+012	4.6699e+012	5.2500e-015
-3.290e+000	3.2497e-007	-4.7105e+012	-4.6902e+012	4.6902e+012	5.2500e-015
-3.280e+000	3.2500e-007	-4.7308e+012	-4.7105e+012	4.7105e+012	5.2500e-015
-3.270e+000	3.2502e-007	-4.7511e+012	-4.7308e+012	4.7308e+012	5.2500e-015
-3.260e+000	3.2505e-007	-4.7714e+012	-4.7511e+012	4.7510e+012	5.2500e-015
-3.250e+000	3.2508e-007	-4.7917e+012	-4.7714e+012	4.7713e+012	5.2500e-015
-3.240e+000	3.2511e-007	-4.8120e+012	-4.7917e+012	4.7916e+012	5.2500e-015
-3.230e+000	3.2513e-007	-4.8322e+012	-4.8120e+012	4.8119e+012	5.2500e-015
-3.220e+000	3.2516e-007	-4.8525e+012	-4.8322e+012	4.8322e+012	5.2500e-015
-3.210e+000	3.2519e-007	-4.8728e+012	-4.8525e+012	4.8525e+012	5.2500e-015
-3.200e+000	3.2521e-007	-4.8931e+012	-4.8728e+012	4.8728e+012	5.2500e-015
-3.190e+000	3.2524e-007	-4.9134e+012	-4.8931e+012	4.8931e+012	5.2500e-015
-3.180e+000	3.2527e-007	-4.9337e+012	-4.9134e+012	4.9134e+012	5.2500e-015
-3.170e+000	3.2529e-007	-4.9540e+012	-4.9337e+012	4.9337e+012	5.2500e-015
-3.160e+000	3.2532e-007	-4.9743e+012	-4.9540e+012	4.9540e+012	5.2500e-015
-3.150e+000	3.2534e-007	-4.9947e+012	-4.9743e+012	4.9743e+012	5.2500e-015
-3.140e+000	3.2537e-007	-5.0150e+012	-4.9947e+012	4.9946e+012	5.2500e-015
-3.130e+000	3.2540e-007	-5.0353e+012	-5.0150e+012	5.0149e+012	5.2500e-015
-3.120e+000	3.2542e-007	-5.0556e+012	-5.0353e+012	5.0352e+012	5.2500e-015
-3.110e+000	3.2545e-007	-5.0759e+012	-5.0556e+012	5.0555e+012	5.2500e-015
-3.100e+000	3.2547e-007	-5.0962e+012	-5.0759e+012	5.0759e+012	5.2500e-015
-3.090e+000	3.2550e-007	-5.1165e+012	-5.0962e+012	5.0962e+012	5.2500e-015
-3.080e+000	3.2552e-007	-5.1368e+012	-5.1165e+012	5.1165e+012	5.2500e-015
-3.070e+000	3.2555e-007	-5.1572e+012	-5.1368e+012	5.1368e+012	5.2500e-015
-3.060e+000	3.2557e-007	-5.1775e+012	-5.1572e+012	5.1571e+012	5.2500e-015
-3.050e+000	3.2559e-007	-5.1978e+012	-5.1775e+012	5.1774e+012	5.2500e-015
-3.040e+000	3.2562e-007	-5.2181e+012	-5.1978e+012	5.1978e+012	5.2500e-015
-3.030e+000	3.2564e-007	-5.2384e+012	-5.2181e+012	5.2181e+012	5.2500e-015
-3.020e+000	3.2567e-007	-5.2588e+012	-5.2384e+012	5.2384e+012	5.2500e-015
-3.010e+000	3.2569e-007	-5.2791e+012	-5.2588e+012	5.2587e+012	5.2500e-015
-3.000e+000	3.2571e-007	-5.2994e+012	-5.2791e+012	5.2791e+012	5.2500e-015
-2.990e+000	3.2574e-007	-5.3198e+012	-5.2994e+012	5.2994e+012	5.2500e-015
-2.980e+000	3.2576e-007	-5.3401e+012	-5.3198e+012	5.3197e+012	5.2500e-015
-2.970e+000	3.2578e-007	-5.3604e+012	-5.3401e+012	5.3401e+012	5.2500e-015
-2.960e+000	3.2581e-007	-5.3808e+012	-5.3604e+012	5.3604e+012	5.2500e-015
-2.950e+000	3.2583e-007	-5.4011e+012	-5.3808e+012	5.3807e+012	5.2500e-015
-2.940e+000	3.2585e-007	-5.4214e+012	-5.4011e+012	5.4011e+012	5.2500e-015
-2.930e+000	3.2587e-007	-5.4418e+012	-5.4214e+012	5.4214e+012	5.2500e-015
-2.920e+000	3.2590e-007	-5.4621e+012	-5.4418e+012	5.4417e+012	5.2500e-015
-2.910e+000	3.2592e-007	-5.4825e+012	-5.4621e+012	5.4621e+012	5.2500e-015
-2.900e+000	3.2594e-007	-5.5028e+012	-5.4825e+012	5.4824e+012	5.2500e-015
-2.890e+000	3.2596e-007	-5.5232e+012	-5.5028e+012	5.5028e+012	5.2500e-015
-2.880e+000	3.2599e-007	-5.5435e+012	-5.5232e+012	5.5231e+012	5.2500e-015
-2.870e+000	3.2601e-007	-5.5638e+012	-5.5435e+012	5.5435e+012	5.2500e-015
-2.860e+000	3.2603e-007	-5.5842e+012	-5.5638e+012	5.5638e+012	5.2500e-015
-2.850e+000	3.2605e-007	-5.6045e+012	-5.5842e+012	5.5842e+012	5.2500e-015
-2.840e+000	3.2607e-007	-5.6249e+012	-5.6045e+012	5.6045e+012	5.2500e-015
-2.830e+000	3.2609e-007	-5.6452e+012	-5.6249e+012	5.6249e+012	5.2500e-015
-2.820e+000	3.2612e-007	-5.6656e+012	-5.6452e+012	5.6452e+012	5.2500e-015
-2.810e+000	3.2614e-007	-5.6860e+012	-5.6656e+012	5.6656e+012	5.2500e-015
-2.800e+000	3.2616e-007	-5.7063e+012	-5.6860e+012	5.6859e+012	5.2500e-015
-2.790e+000	3.2618e-007	-5.7267e+012	-5.7063e+012	5.7063e+012	5.2500e-015
-2.780e+000	3.2620e-007	-5.7470e+012	-5.7267e+012	5.7266e+012	5.2500e-015
-2.770e+000	3.2622e-007	-5.7674e+012	-5.7470e+012	5.7470e+012	5.2500e-015
-2.760e+000	3.2624e-007	-5.7878e+012	-5.7674e+012	5.7674e+012	5.2500e-015
-2.750e+000	3.2626e-007	-5.8081e+012	-5.7878e+012	5.7877e+012	5.2500e-015
-2.740e+000	3.2628e-007	-5.8285e+012	-5.8081e+012	5.8081e+012	5.2500e-015
-2.730e+000	3.2630e-007	-5.8489e+012	-5.8285e+012	5.8284e+012	5.2500e-015
-2.720e+000	3.2632e-007	-5.8692e+012	-5.8489e+012	5.8488e+012	5.2500e-015
-2.710e+000	3.2634e-007	-5.8896e+012	-5.8692e+012	5.8692e+012	5.2500e-015
-2.700e+000	3.2636e-007	-5.9100e+012	-5.8896e+012	5.8895e+012	5.2500e-015
-2.690e+000	3.2638e-007	-5.9303e+012	-5.9100e+012	5.9099e+012	5.2500e-015
-2.680e+000	3.2640e-007	-5.9507e+012	-5.9303e+012	5.9303e+012	5.2500e-015
-2.670e+000	3.2642e-007	-5.9711e+012	-5.9507e+012	5.9507e+012	5.2500e-015
-2.660e+000	3.2644e-007	-5.9915e+012	-5.9711e+012	5.9710e+012	5.2500e-015
-2.650e+000	3.2646e-007	-6.0118e+012	-5.9915e+012	5.9914e+012	5.2500e-015
-2.640e+000	3.2648e-007	-6.0322e+012	-6.0118e+012	6.0118e+012	5.2500e-015
-2.630e+000	3.2650e-007	-6.0526e+012	-6.0322e+012	6.0322e+012	5.2500e-015
-2.620e+000	3.2652e-007	-6.0730e+012	-6.0526e+012	6.0525e+012	5.2500e-015
-2.610e+000	3.2654e-007	-6.0933e+012	-6.0730e+012	6.0729e+012	5.2500e-015
-2.600e+000	3.2656e-007	-6.1137e+012	-6.0933e+012	6.0933e+012	5.2500e-015
-2.590e+000	3.2658e-007	-6.1341e+012	-6.1137e+012	6.1137e+012	5.2500e-015
-2.580e+000	3.2660e-007	-6.1545e+012	-6.1341e+012	6.1341e+012	5.2500e-015
-2.570e+000	3.2662e-007	-6.1749e+012	-6.1545e+012	6.1545e+012	5.2500e-015
-2.560e+000	3.2664e-007	-6.1953e+012	-6.1749e+012	6.1748e+012	5.2500e-015
-2.550e+000	3.2665e-007	-6.2157e+012	-6.1953e+012	6.1952e+012	5.2500e-015
-2.540e+000	3.2667e-007	-6.2360e+012	-6.2157e+012	6.2156e+012	5.2500e-015
-2.530e+000	3.2669e-007	-6.2564e+012	-6.2360e+012	6.2360e+012	5.2500e-015
-2.520e+000	3.2671e-007	-6.2768e+012	-6.2564e+012	6.2564e+012	5.2500e-015
-2.510e+000	3.2673e-007	-6.2972e+012	-6.2768e+012	6.2768e+012	5.2500e-015
-2.500e+000	3.2675e-007	-6.3176e+012	-6.2972e+012	6.2972e+012	5.2500e-015
-2.490e+000	3.2676e-007	-6.3380e+012	-6.3176e+012	6.3176e+012	5.2500e-015
-2.480e+000	3.2678e-007	-6.3584e+012	-6.3380e+012	6.3380e+012	5.2500e-015
-2.470e+000	3.2680e-007	-6.3788e+012	-6.3584e+012	6.3584e+012	5.2500e-015
-2.460e+000	3.2682e-007	-6.3992e+012	-6.3788e+012	6.3788e+012	5.2500e-015
-2.450e+000	3.2674e-007	-6.4196e+012	-6.3992e+012	6.3992e+012	5.2500e-015
-2.440e+000	3.2657e-007	-6.4400e+012	-6.4196e+012	6.4196e+012	5.2500e-015
-2.430e+000	3.2659e-007	-6.4604e+012	-6.4400e+012	6.4399e+012	5.2500e-015
-2.420e+000	3.2660e-007	-6.4807e+012	-6.4604e+012	6.4603e+012	5.2500e-015
-2.410e+000	3.2662e-007	-6.5011e+012	-6.4807e+012	6.4807e+012	5.2500e-015
-2.400e+000	3.2663e-007	-6.5215e+012	-6.5011e+012	6.5011e+012	5.2500e-015
-2.390e+000	3.2665e-007	-6.5419e+012	-6.5215e+012	6.5215e+012	5.2500e-015
-2.380e+000	3.2666e-007	-6.5623e+012	-6.5419e+012	6.5419e+012	5.2500e-015
-2.370e+000	3.2668e-007	-6.5827e+012	-6.5623e+012	6.5623e+012	5.2500e-015
-2.360e+000	3.2669e-007	-6.6031e+012	-6.5827e+012	6.5826e+012	5.2500e-015
-2.350e+000	3.2671e-007	-6.6235e+012	-6.6031e+012	6.6030e+012	5.2500e-015
-2.340e+000	3.2672e-007	-6.6439e+012	-6.6235e+012	6.6234e+012	5.2500e-015
-2.330e+000	3.2674e-007	-6.6643e+012	-6.6439e+012	6.6438e+012	5.2500e-015
-2.320e+000	3.2675e-007	-6.6846e+012	-6.6643e+012	6.6642e+012	5.2500e-015
-2.310e+000	3.2677e-007	-6.7050e+012	-6.6846e+012	6.6846e+012	5.2500e-015
-2.300e+000	3.2678e-007	-6.7254e+012	-6.7050e+012	6.7050e+012	5.2500e-015
-2.290e+000	3.2679e-007	-6.7458e+012	-6.7254e+012	6.7254e+012	5.2500e-015
-2.280e+000	3.2681e-007	-6.7662e+012	-6.7458e+012	6.7458e+012	5.2500e-015
-2.270e+000	3.2682e-007	-6.7866e+012	-6.7662e+012	6.7662e+012	5.2500e-015
-2.260e+000	3.2684e-007	-6.8070e+012	-6.7866e+012	6.7866e+012	5.2500e-015
-2.250e+000	3.2685e-007	-6.8274e+012	-6.8070e+012	6.8070e+012	5.2500e-015
-2.240e+000	3.2686e-007	-6.8478e+012	-6.8274e+012	6.8274e+012	5.2500e-015
-2.230e+000	3.2688e-007	-6.8682e+012	-6.8478e+012	6.8478e+012	5.2500e-015
-2.220e+000	3.2689e-007	-6.8886e+012	-6.8682e+012	6.8682e+012	5.2500e-015
-2.210e+000	3.2691e-007	-6.9090e+012	-6.8886e+012	6.8886e+012	5.2500e-015
-2.200e+000	3.2692e-007	-6.9294e+012	-6.9090e+012	6.9090e+012	5.2500e-015
-2.190e+000	3.2693e-007	-6.9499e+012	-6.9294e+012	6.9294e+012	5.2500e-015
-2.180e+000	3.2695e-007	-6.9703e+012	-6.9499e+012	6.9498e+012	5.2500e-015
-2.170e+000	3.2696e-007	-6.9907e+012	-6.9703e+012	6.9702e+012	5.2500e-015
-2.160e+000	3.2697e-007	-7.0111e+012	-6.9907e+012	6.9906e+012	5.2500e-015
-2.150e+000	3.2699e-007	-7.0315e+012	-7.0111e+012	7.0110e+012	5.2500e-015
-2.140e+000	3.2700e-007	-7.0519e+012	-7.0315e+012	7.0314e+012	5.2500e-015
-2.130e+000	3.2701e-007	-7.0723e+012	-7.0519e+012	7.0519e+012	5.2500e-015
-2.120e+000	3.2703e-007	-7.0927e+012	-7.0723e+012	7.0723e+012	5.2500e-015
-2.110e+000	3.2704e-007	-7.1131e+012	-7.0927e+012	7.0927e+012	5.2500e-015
-2.100e+000	3.2705e-007	-7.1335e+012	-7.1131e+012	7.1131e+012	5.2500e-015
-2.090e+000	3.2707e-007	-7.1540e+012	-7.1335e+012	7.1335e+012	5.2500e-015
-2.080e+000	3.2708e-007	-7.1744e+012	-7.1540e+012	7.1539e+012	5.2500e-015
-2.070e+000	3.2709e-007	-7.1948e+012	-7.1744e+012	7.1743e+012	5.2500e-015
-2.060e+000	3.2710e-007	-7.2152e+012	-7.1948e+012	7.1947e+012	5.2500e-015
-2.050e+000	3.2712e-007	-7.2356e+012	-7.2152e+012	7.2152e+012	5.2500e-015
-2.040e+000	3.2713e-007	-7.2560e+012	-7.2356e+012	7.2356e+012	5.2500e-015
-2.030e+000	3.2714e-007	-7.2765e+012	-7.2560e+012	7.2560e+012	5.2500e-015
-2.020e+000	3.2716e-007	-7.2969e+012	-7.2765e+012	7.2764e+012	5.2500e-015
-2.010e+000	3.2717e-007	-7.3173e+012	-7.2969e+012	7.2968e+012	5.2500e-015
-2.000e+000	3.2718e-007	-7.3377e+012	-7.3173e+012	7.3173e+012	5.2500e-015
-1.990e+000	3.2719e-007	-7.3581e+012	-7.3377e+012	7.3377e+012	5.2500e-015
-1.980e+000	3.2721e-007	-7.3786e+012	-7.3581e+012	7.3581e+012	5.2500e-015
-1.970e+000	3.2722e-007	-7.3990e+012	-7.3786e+012	7.3785e+012	5.2500e-015
-1.960e+000	3.2723e-007	-7.4194e+012	-7.3990e+012	7.3989e+012	5.2500e-015
-1.950e+000	3.2724e-007	-7.4398e+012	-7.4194e+012	7.4194e+012	5.2500e-015
-1.940e+000	3.2725e-007	-7.4603e+012	-7.4398e+012	7.4398e+012	5.2500e-015
-1.930e+000	3.2727e-007	-7.4807e+012	-7.4603e+012	7.4602e+012	5.2500e-015
-1.920e+000	3.2728e-007	-7.5011e+012	-7.4807e+012	7.4806e+012	5.2500e-015
-1.910e+000	3.2729e-007	-7.5215e+012	-7.5011e+012	7.5011e+012	5.2500e-015
-1.900e+000	3.2730e-007	-7.5420e+012	-7.5215e+012	7.5215e+012	5.2500e-015
-1.890e+000	3.2731e-007	-7.5624e+012	-7.5420e+012	7.5419e+012	5.2500e-015
-1.880e+000	3.2733e-007	-7.5828e+012	-7.5624e+012	7.5624e+012	5.2500e-015
-1.870e+000	3.2734e-007	-7.6033e+012	-7.5828e+012	7.5828e+012	5.2500e-015
-1.860e+000	3.2735e-007	-7.6237e+012	-7.6033e+012	7.6032e+012	5.2500e-015
-1.850e+000	3.2736e-007	-7.6441e+012	-7.6237e+012	7.6236e+012	5.2500e-015
-1.840e+000	3.2737e-007	-7.6646e+012	-7.6441e+012	7.6441e+012	5.2500e-015
-1.830e+000	3.2739e-007	-7.6850e+012	-7.6646e+012	7.6645e+012	5.2500e-015
-1.820e+000	3.2740e-007	-7.7054e+012	-7.6850e+012	7.6849e+012	5.2500e-015
-1.810e+000	3.2741e-007	-7.7259e+012	-7.7054e+012	7.7054e+012	5.2500e-015
-1.800e+000	3.2742e-007	-7.7463e+012	-7.7259e+012	7.7258e+012	5.2500e-015
-1.790e+000	3.2743e-007	-7.7667e+012	-7.7463e+012	7.7463e+012	5.2500e-015
-1.780e+000	3.2744e-007	-7.7872e+012	-7.7667e+012	7.7667e+012	5.2500e-015
-1.770e+000	3.2745e-007	-7.8076e+012	-7.7872e+012	7.7871e+012	5.2500e-015
-1.760e+000	3.2747e-007	-7.8280e+012	-7.8076e+012	7.8076e+012	5.2500e-015
-1.750e+000	3.2748e-007	-7.8485e+012	-7.8280e+012	7.8280e+012	5.2500e-015
-1.740e+000	3.2749e-007	-7.8689e+012	-7.8485e+012	7.8484e+012	5.2500e-015
-1.730e+000	3.2750e-007	-7.8894e+012	-7.8689e+012	7.8689e+012	5.2500e-015
-1.720e+000	3.2751e-007	-7.9098e+012	-7.8894e+012	7.8893e+012	5.2500e-015
-1.710e+000	3.2752e-007	-7.9302e+012	-7.9098e+012	7.9098e+012	5.2500e-015
-1.700e+000	3.2753e-007	-7.9507e+012	-7.9302e+012	7.9302e+012	5.2500e-015
-1.690e+000	3.2754e-007	-7.9711e+012	-7.9507e+012	7.9506e+012	5.2500e-015
-1.680e+000	3.2755e-007	-7.9916e+012	-7.9711e+012	7.9711e+012	5.2500e-015
-1.670e+000	3.2757e-007	-8.0120e+012	-7.9916e+012	7.9915e+012	5.2500e-015
-1.660e+000	3.2758e-007	-8.0325e+012	-8.0120e+012	8.0120e+012	5.2500e-015
-1.650e+000	3.2759e-007	-8.0529e+012	-8.0325e+012	8.0324e+012	5.2500e-015
-1.640e+000	3.2760e-007	-8.0734e+012	-8.0529e+012	8.0529e+012	5.2500e-015
-1.630e+000	3.2761e-007	-8.0938e+012	-8.0734e+012	8.0733e+012	5.2500e-015
-1.620e+000	3.2762e-007	-8.1143e+012	-8.0938e+012	8.0938e+012	5.2500e-015
-1.610e+000	3.2763e-007	-8.1347e+012	-8.1143e+012	8.1142e+012	5.2500e-015
-1.600e+000	3.2764e-007	-8.1552e+012	-8.1347e+012	8.1347e+012	5.2500e-015
-1.590e+000	3.2765e-007	-8.1756e+012	-8.1552e+012	8.1551e+012	5.2500e-015
-1.580e+000	3.2766e-007	-8.1961e+012	-8.1756e+012	8.1756e+012	5.2500e-015
-1.570e+000	3.2767e-007	-8.2165e+012	-8.1961e+012	8.1960e+012	5.2500e-015
-1.560e+000	3.2768e-007	-8.2370e+012	-8.2165e+012	8.2165e+012	5.2500e-015
-1.550e+000	3.2769e-007	-8.2574e+012	-8.2370e+012	8.2369e+012	5.2500e-015
-1.540e+000	3.2770e-007	-8.2779e+012	-8.2574e+012	8.2574e+012	5.2500e-015
-1.530e+000	3.2772e-007	-8.2983e+012	-8.2779e+012	8.2778e+012	5.2500e-015
-1.520e+000	3.2773e-007	-8.3188e+012	-8.2983e+012	8.2983e+012	5.2500e-015
-1.510e+000	3.2774e-007	-8.3392e+012	-8.3188e+012	8.3187e+012	5.2500e-015
-1.500e+000	3.2775e-007	-8.3597e+012	-8.3392e+012	8.3392e+012	5.2500e-015
-1.490e+000	3.2776e-007	-8.3801e+012	-8.3597e+012	8.3596e+012	5.2500e-015
-1.480e+000	3.2777e-007	-8.4006e+012	-8.3801e+012	8.3801e+012	5.2500e-015
-1.470e+000	3.2778e-007	-8.4211e+012	-8.4006e+012	8.4006e+012	5.2500e-015
-1.460e+000	3.2779e-007	-8.4415e+012	-8.4211e+012	8.4210e+012	5.2500e-015
-1.450e+000	3.2780e-007	-8.4620e+012	-8.4415e+012	8.4415e+012	5.2500e-015
-1.440e+000	3.2781e-007	-8.4824e+012	-8.4620e+012	8.4619e+012	5.2500e-015
-1.430e+000	3.2782e-007	-8.5029e+012	-8.4824e+012	8.4824e+012	5.2500e-015
-1.420e+000	3.2783e-007	-8.5234e+012	-8.5029e+012	8.5029e+012	5.2500e-015
-1.410e+000	3.2784e-007	-8.5438e+012	-8.5234e+012	8.5233e+012	5.2500e-015
-1.400e+000	3.2785e-007	-8.5643e+012	-8.5438e+012	8.5438e+012	5.2500e-015
-1.390e+000	3.2786e-007	-8.5848e+012	-8.5643e+012	8.5642e+012	5.2500e-015
-1.380e+000	3.2787e-007	-8.6052e+012	-8.5848e+012	8.5847e+012	5.2500e-015
-1.370e+000	3.2788e-007	-8.6257e+012	-8.6052e+012	8.6052e+012	5.2500e-015
-1.360e+000	3.2789e-007	-8.6461e+012	-8.6257e+012	8.6256e+012	5.2500e-015
-1.350e+000	3.2790e-007	-8.6666e+012	-8.6461e+012	8.6461e+012	5.2500e-015
-1.340e+000	3.2791e-007	-8.6871e+012	-8.6666e+012	8.6666e+012	5.2500e-015
-1.330e+000	3.2792e-007	-8.7075e+012	-8.6871e+012	8.6870e+012	5.2500e-015
-1.320e+000	3.2793e-007	-8.7280e+012	-8.7075e+012	8.7075e+012	5.2500e-015
-1.310e+000	3.2794e-007	-8.7485e+012	-8.7280e+012	8.7280e+012	5.2500e-015
-1.300e+000	3.2794e-007	-8.7689e+012	-8.7485e+012	8.7484e+012	5.2500e-015
-1.290e+000	3.2795e-007	-8.7894e+012	-8.7689e+012	8.7689e+012	5.2500e-015
-1.280e+000	3.2796e-007	-8.8099e+012	-8.7894e+012	8.7894e+012	5.2500e-015
-1.270e+000	3.2797e-007	-8.8304e+012	-8.8099e+012	8.8098e+012	5.2500e-015
-1.260e+000	3.2798e-007	-8.8508e+012	-8.8304e+012	8.8303e+012	5.2500e-015
-1.250e+000	3.2799e-007	-8.8713e+012	-8.8508e+012	8.8508e+012	5.2500e-015
-1.240e+000	3.2800e-007	-8.8918e+012	-8.8713e+012	8.8713e+012	5.2500e-015
-1.230e+000	3.2801e-007	-8.9122e+012	-8.8918e+012	8.8917e+012	5.2500e-015
-1.220e+000	3.2802e-007	-8.9327e+012	-8.9122e+012	8.9122e+012	5.2500e-015
-1.210e+000	3.2803e-007	-8.9532e+012	-8.9327e+012	8.9327e+012	5.2500e-015
-1.200e+000	3.2804e-007	-8.9737e+012	-8.9532e+012	8.9532e+012	5.2500e-015
-1.190e+000	3.2805e-007	-8.9941e+012	-8.9737e+012	8.9736e+012	5.2500e-015
-1.180e+000	3.2806e-007	-9.0146e+012	-8.9941e+012	8.9941e+012	5.2500e-015
-1.170e+000	3.2807e-007	-9.0351e+012	-9.0146e+012	9.0146e+012	5.2500e-015
-1.160e+000	3.2808e-007	-9.0556e+012	-9.0351e+012	9.0351e+012	5.2500e-015
-1.150e+000	3.2809e-007	-9.0760e+012	-9.0556e+012	9.0555e+012	5.2500e-015
-1.140e+000	3.2809e-007	-9.0965e+012	-9.0760e+012	9.0760e+012	5.2500e-015
-1.130e+000	3.2810e-007	-9.1170e+012	-9.0965e+012	9.0965e+012	5.2500e-015
-1.120e+000	3.2811e-007	-9.1375e+012	-9.1170e+012	9.1170e+012	5.2500e-015
-1.110e+000	3.2812e-007	-9.1580e+012	-9.1375e+012	9.1374e+012	5.2500e-015
-1.100e+000	3.2813e-007	-9.1784e+012	-9.1580e+012	9.1579e+012	5.2500e-015
-1.090e+000	3.2814e-007	-9.1989e+012	-9.1784e+012	9.1784e+012	5.2500e-015
-1.080e+000	3.2815e-007	-9.2194e+012	-9.1989e+012	9.1989e+012	5.2500e-015
-1.070e+000	3.2816e-007	-9.2399e+012	-9.2194e+012	9.2194e+012	5.2500e-015
-1.060e+000	3.2817e-007	-9.2604e+012	-9.2399e+012	9.2398e+012	5.2500e-015
-1.050e+000	3.2818e-007	-9.2809e+012	-9.2604e+012	9.2603e+012	5.2500e-015
-1.040e+000	3.2818e-007	-9.3013e+012	-9.2809e+012	9.2808e+012	5.2500e-015
-1.030e+000	3.2819e-007	-9.3218e+012	-9.3013e+012	9.3013e+012	5.2500e-015
-1.020e+000	3.2820e-007	-9.3423e+012	-9.3218e+012	9.3218e+012	5.2500e-015
-1.010e+000	3.2821e-007	-9.3628e+012	-9.3423e+012	9.3423e+012	5.2500e-015
-1.000e+000	3.2822e-007	-9.3833e+012	-9.3628e+012	9.3627e+012	5.2500e-015
-9.900e-001	3.2823e-007	-9.4038e+012	-9.3833e+012	9.3832e+012	5.2500e-015
-9.800e-001	3.2824e-007	-9.4242e+012	-9.4038e+012	9.4037e+012	5.2500e-015
-9.700e-001	3.2825e-007	-9.4447e+012	-9.4242e+012	9.4242e+012	5.2500e-015
-9.600e-001	3.2825e-007	-9.4652e+012	-9.4447e+012	9.4447e+012	5.2500e-015
-9.500e-001	3.2826e-007	-9.4857e+012	-9.4652e+012	9.4652e+012	5.2500e-015
-9.400e-001	3.2827e-007	-9.5062e+012	-9.4857e+012	9.4857e+012	5.2500e-015
-9.300e-001	3.2828e-007	-9.5267e+012	-9.5062e+012	9.5062e+012	5.2500e-015
-9.200e-001	3.2829e-007	-9.5472e+012	-9.5267e+012	9.5267e+012	5.2500e-015
-9.100e-001	3.2830e-007	-9.5677e+012	-9.5472e+012	9.5471e+012	5.2500e-015
-9.000e-001	3.2831e-007	-9.5882e+012	-9.5677e+012	9.5676e+012	5.2500e-015
-8.900e-001	3.2831e-007	-9.6087e+012	-9.5882e+012	9.5881e+012	5.2500e-015
-8.800e-001	3.2832e-007	-9.6291e+012	-9.6087e+012	9.6086e+012	5.2500e-015
-8.700e-001	3.2833e-007	-9.6496e+012	-9.6291e+012	9.6291e+012	5.2500e-015
-8.600e-001	3.2834e-007	-9.6701e+012	-9.6496e+012	9.6496e+012	5.2500e-015
-8.500e-001	3.2835e-007	-9.6906e+012	-9.6701e+012	9.6701e+012	5.2500e-015
-8.400e-001	3.2836e-007	-9.7111e+012	-9.6906e+012	9.6906e+012	5.2500e-015
-8.300e-001	3.2836e-007	-9.7316e+012	-9.7111e+012	9.7111e+012	5.2500e-015
-8.200e-001	3.2837e-007	-9.7521e+012	-9.7316e+012	9.7316e+012	5.2500e-015
-8.100e-001	3.2838e-007	-9.7726e+012	-9.7521e+012	9.7521e+012	5.2500e-015
-8.000e-001	3.2839e-007	-9.7931e+012	-9.7726e+012	9.7726e+012	5.2500e-015
-7.900e-001	3.2840e-007	-9.8136e+012	-9.7931e+012	9.7931e+012	5.2500e-015
-7.800e-001	3.2840e-007	-9.8341e+012	-9.8136e+012	9.8136e+012	5.2500e-015
-7.700e-001	3.2841e-007	-9.8546e+012	-9.8341e+012	9.8341e+012	5.2500e-015
-7.600e-001	3.2842e-007	-9.8751e+012	-9.8546e+012	9.8546e+012	5.2500e-015
-7.500e-001	3.2843e-007	-9.8956e+012	-9.8751e+012	9.8751e+012	5.2500e-015
-7.400e-001	3.2844e-007	-9.9161e+012	-9.8956e+012	9.8956e+012	5.2500e-015
-7.300e-001	3.2845e-007	-9.9366e+012	-9.9161e+012	9.9161e+012	5.2500e-015
-7.200e-001	3.2845e-007	-9.9571e+012	-9.9366e+012	9.9366e+012	5.2500e-015
-7.100e-001	3.2846e-007	-9.9776e+012	-9.9571e+012	9.9571e+012	5.2500e-015
-7.000e-001	3.2847e-007	-9.9981e+012	-9.9776e+012	9.9776e+012	5.2500e-015
-6.900e-001	3.2848e-007	-1.0019e+013	-9.9981e+012	9.9981e+012	5.2500e-015
-6.800e-001	3.2849e-007	-1.0039e+013	-1.0019e+013	1.0019e+013	5.2500e-015
-6.700e-001	3.2849e-007	-1.0060e+013	-1.0039e+013	1.0039e+013	5.2500e-015
-6.600e-001	3.2850e-007	-1.0080e+013	-1.0060e+013	1.0060e+013	5.2500e-015
-6.500e-001	3.2851e-007	-1.0101e+013	-1.0080e+013	1.0080e+013	5.2500e-015
-6.400e-001	3.2852e-007	-1.0121e+013	-1.0101e+013	1.0101e+013	5.2500e-015
-6.300e-001	3.2852e-007	-1.0142e+013	-1.0121e+013	1.0121e+013	5.2500e-015
-6.200e-001	3.2853e-007	-1.0162e+013	-1.0142e+013	1.0142e+013	5.2500e-015
-6.100e-001	3.2854e-007	-1.0183e+013	-1.0162e+013	1.0162e+013	5.2500e-015
-6.000e-001	3.2855e-007	-1.0203e+013	-1.0183e+013	1.0183e+013	5.2500e-015
-5.900e-001	3.2856e-007	-1.0224e+013	-1.0203e+013	1.0203e+013	5.2500e-015
-5.800e-001	3.2856e-007	-1.0244e+013	-1.0224e+013	1.0224e+013	5.2500e-015
-5.700e-001	3.2857e-007	-1.0265e+013	-1.0244e+013	1.0244e+013	5.2500e-015
-5.600e-001	3.2858e-007	-1.0285e+013	-1.0265e+013	1.0265e+013	5.2500e-015
-5.500e-001	3.2859e-007	-1.0306e+013	-1.0285e+013	1.0285e+013	5.2500e-015
-5.400e-001	3.2859e-007	-1.0326e+013	-1.0306e+013	1.0306e+013	5.2500e-015
-5.300e-001	3.2860e-007	-1.0347e+013	-1.0326e+013	1.0326e+013	5.2500e-015
-5.200e-001	3.2861e-007	-1.0367e+013	-1.0347e+013	1.0347e+013	5.2500e-015
-5.100e-001	3.2862e-007	-1.0388e+013	-1.0367e+013	1.0367e+013	5.2500e-015
-5.000e-001	3.2862e-007	-1.0408e+013	-1.0388e+013	1.0388e+013	5.2500e-015
-4.900e-001	3.2863e-007	-1.0429e+013	-1.0408e+013	1.0408e+013	5.2500e-015
-4.800e-001	3.2864e-007	-1.0449e+013	-1.0429e+013	1.0429e+013	5.2500e-015
-4.700e-001	3.2865e-007	-1.0470e+013	-1.0449e+013	1.0449e+013	5.2500e-015
-4.600e-001	3.2865e-007	-1.0490e+013	-1.0470e+013	1.0470e+013	5.2500e-015
-4.500e-001	3.2866e-007	-1.0511e+013	-1.0490e+013	1.0490e+013	5.2500e-015
-4.400e-001	3.2867e-007	-1.0531e+013	-1.0511e+013	1.0511e+013	5.2500e-015
-4.300e-001	3.2868e-007	-1.0552e+013	-1.0531e+013	1.0531e+013	5.2500e-015
-4.200e-001	3.2868e-007	-1.0572e+013	-1.0552e+013	1.0552e+013	5.2500e-015
-4.100e-001	3.2869e-007	-1.0593e+013	-1.0572e+013	1.0572e+013	5.2500e-015
-4.000e-001	3.2870e-007	-1.0613e+013	-1.0593e+013	1.0593e+013	5.2500e-015
-3.900e-001	3.2871e-007	-1.0634e+013	-1.0613e+013	1.0613e+013	5.2500e-015
-3.800e-001	3.2871e-007	-1.0654e+013	-1.0634e+013	1.0634e+013	5.2500e-015
-3.700e-001	3.2872e-007	-1.0675e+013	-1.0654e+013	1.0654e+013	5.2500e-015
-3.600e-001	3.2873e-007	-1.0695e+013	-1.0675e+013	1.0675e+013	5.2500e-015
-3.500e-001	3.2874e-007	-1.0716e+013	-1.0695e+013	1.0695e+013	5.2500e-015
-3.400e-001	3.2874e-007	-1.0736e+013	-1.0716e+013	1.0716e+013	5.2500e-015
-3.300e-001	3.2875e-007	-1.0757e+013	-1.0736e+013	1.0736e+013	5.2500e-015
-3.200e-001	3.2876e-007	-1.0778e+013	-1.0757e+013	1.0757e+013	5.2500e-015
-3.100e-001	3.2876e-007	-1.0798e+013	-1.0778e+013	1.0777e+013	5.2500e-015
-3.000e-001	3.2877e-007	-1.0819e+013	-1.0798e+013	1.0798e+013	5.2500e-015
-2.900e-001	3.2878e-007	-1.0839e+013	-1.0819e+013	1.0819e+013	5.2500e-015
-2.800e-001	3.2879e-007	-1.0860e+013	-1.0839e+013	1.0839e+013	5.2500e-015
-2.700e-001	3.2879e-007	-1.0880e+013	-1.0860e+013	1.0860e+013	5.2500e-015
-2.600e-001	3.2880e-007	-1.0901e+013	-1.0880e+013	1.0880e+013	5.2500e-015
-2.500e-001	3.2881e-007	-1.0921e+013	-1.0901e+013	1.0901e+013	5.2500e-015
-2.400e-001	3.2881e-007	-1.0942e+013	-1.0921e+013	1.0921e+013	5.2500e-015
-2.300e-001	3.2882e-007	-1.0962e+013	-1.0942e+013	1.0942e+013	5.2500e-015
-2.200e-001	3.2883e-007	-1.0983e+013	-1.0962e+013	1.0962e+013	5.2500e-015
-2.100e-001	3.2883e-007	-1.1003e+013	-1.0983e+013	1.0983e+013	5.2500e-015
-2.000e-001	3.2884e-007	-1.1024e+013	-1.1003e+013	1.1003e+013	5.2500e-015
-1.900e-001	3.2885e-007	-1.1044e+013	-1.1024e+013	1.1024e+013	5.2500e-015
-1.800e-001	3.2886e-007	-1.1065e+013	-1.1044e+013	1.1044e+013	5.2500e-015
-1.700e-001	3.2886e-007	-1.1085e+013	-1.1065e+013	1.1065e+013	5.2500e-015
-1.600e-001	3.2887e-007	-1.1106e+013	-1.1085e+013	1.1085e+013	5.2500e-015
-1.500e-001	3.2888e-007	-1.1126e+013	-1.1106e+013	1.1106e+013	5.2500e-015
-1.400e-001	3.2888e-007	-1.1147e+013	-1.1126e+013	1.1126e+013	5.2500e-015
-1.300e-001	3.2889e-007	-1.1167e+013	-1.1147e+013	1.1147e+013	5.2500e-015
-1.200e-001	3.2890e-007	-1.1188e+013	-1.1167e+013	1.1167e+013	5.2500e-015
-1.100e-001	3.2890e-007	-1.1209e+013	-1.1188e+013	1.1188e+013	5.2500e-015
-1.000e-001	3.2891e-007	-1.1229e+013	-1.1209e+013	1.1208e+013	5.2500e-015
-9.000e-002	3.2892e-007	-1.1250e+013	-1.1229e+013	1.1229e+013	5.2500e-015
-8.000e-002	3.2892e-007	-1.1270e+013	-1.1250e+013	1.1250e+013	5.2500e-015
-7.000e-002	3.2893e-007	-1.1291e+013	-1.1270e+013	1.1270e+013	5.2500e-015
-6.000e-002	3.2894e-007	-1.1311e+013	-1.1291e+013	1.1291e+013	5.2500e-015
-5.000e-002	3.2894e-007	-1.1332e+013	-1.1311e+013	1.1311e+013	5.2500e-015
-4.000e-002	3.2895e-007	-1.1352e+013	-1.1332e+013	1.1332e+013	5.2500e-015
-3.000e-002	3.2896e-007	-1.1373e+013	-1.1352e+013	1.1352e+013	5.2500e-015
-2.000e-002	3.2896e-007	-1.1393e+013	-1.1373e+013	1.1373e+013	5.2500e-015
-1.000e-002	3.2897e-007	-1.1414e+013	-1.1393e+013	1.1393e+013	5.2500e-015
0.000e+000	3.2898e-007	-1.1434e+013	-1.1414e+013	1.1414e+013	5.2500e-015
1.000e-002	3.2898e-007	-1.1455e+013	-1.1434e+013	1.1434e+013	5.2500e-015
2.000e-002	3.2899e-007	-1.1475e+013	-1.1455e+013	1.1455e+013	5.2500e-015
3.000e-002	3.2900e-007	-1.1496e+013	-1.1475e+013	1.1475e+013	5.2500e-015
4.000e-002	3.2900e-007	-1.1516e+013	-1.1496e+013	1.1496e+013	5.2500e-015
5.000e-002	3.2901e-007	-1.1537e+013	-1.1516e+013	1.1516e+013	5.2500e-015
6.000e-002	3.2902e-007	-1.1558e+013	-1.1537e+013	1.1537e+013	5.2500e-015
7.000e-002	3.2902e-007	-1.1578e+013	-1.1558e+013	1.1558e+013	5.2500e-015
8.000e-002	3.2903e-007	-1.1599e+013	-1.1578e+013	1.1578e+013	5.2500e-015
9.000e-002	3.2904e-007	-1.1619e+013	-1.1599e+013	1.1599e+013	5.2500e-015
1.000e-001	3.2904e-007	-1.1640e+013	-1.1619e+013	1.1619e+013	5.2500e-015
1.100e-001	3.2905e-007	-1.1660e+013	-1.1640e+013	1.1640e+013	5.2500e-015
1.200e-001	3.2906e-007	-1.1681e+013	-1.1660e+013	1.1660e+013	5.2500e-015
1.300e-001	3.2906e-007	-1.1701e+013	-1.1681e+013	1.1681e+013	5.2500e-015
1.400e-001	3.2907e-007	-1.1722e+013	-1.1701e+013	1.1701e+013	5.2500e-015
1.500e-001	3.2908e-007	-1.1742e+013	-1.1722e+013	1.1722e+013	5.2500e-015
1.600e-001	3.2908e-007	-1.1763e+013	-1.1742e+013	1.1742e+013	5.2500e-015
1.700e-001	3.2909e-007	-1.1783e+013	-1.1763e+013	1.1763e+013	5.2500e-015
1.800e-001	3.2909e-007	-1.1804e+013	-1.1783e+013	1.1783e+013	5.2500e-015
1.900e-001	3.2910e-007	-1.1825e+013	-1.1804e+013	1.1804e+013	5.2500e-015
2.000e-001	3.2911e-007	-1.1845e+013	-1.1825e+013	1.1825e+013	5.2500e-015
2.100e-001	3.2911e-007	-1.1866e+013	-1.1845e+013	1.1845e+013	5.2500e-015
2.200e-001	3.2912e-007	-1.1886e+013	-1.1866e+013	1.1866e+013	5.2500e-015
2.300e-001	3.2913e-007	-1.1907e+013	-1.1886e+013	1.1886e+013	5.2500e-015
2.400e-001	3.2913e-007	-1.1927e+013	-1.1907e+013	1.1907e+013	5.2500e-015
2.500e-001	3.2914e-007	-1.1948e+013	-1.1927e+013	1.1927e+013	5.2500e-015
2.600e-001	3.2914e-007	-1.1968e+013	-1.1948e+013	1.1948e+013	5.2500e-015
2.700e-001	3.2915e-007	-1.1989e+013	-1.1968e+013	1.1968e+013	5.2500e-015
2.800e-001	3.2916e-007	-1.2009e+013	-1.1989e+013	1.1989e+013	5.2500e-015
2.900e-001	3.2916e-007	-1.2030e+013	-1.2009e+013	1.2009e+013	5.2500e-015
3.000e-001	3.2917e-007	-1.2051e+013	-1.2030e+013	1.2030e+013	5.2500e-015
3.100e-001	3.2918e-007	-1.2071e+013	-1.2051e+013	1.2050e+013	5.2500e-015
3.200e-001	3.2918e-007	-1.2092e+013	-1.2071e+013	1.2071e+013	5.2500e-015
3.300e-001	3.2919e-007	-1.2112e+013	-1.2092e+013	1.2092e+013	5.2500e-015
3.400e-001	3.2919e-007	-1.2133e+013	-1.2112e+013	1.2112e+013	5.2500e-015
3.500e-001	3.2920e-007	-1.2153e+013	-1.2133e+013	1.2133e+013	5.2500e-015
3.600e-001	3.2921e-007	-1.2174e+013	-1.2153e+013	1.2153e+013	5.2500e-015
3.700e-001	3.2921e-007	-1.2194e+013	-1.2174e+013	1.2174e+013	5.2500e-015
3.800e-001	3.2922e-007	-1.2215e+013	-1.2194e+013	1.2194e+013	5.2500e-015
3.900e-001	3.2922e-007	-1.2235e+013	-1.2215e+013	1.2215e+013	5.2500e-015
4.000e-001	3.2923e-007	-1.2256e+013	-1.2235e+013	1.2235e+013	5.2500e-015
4.100e-001	3.2924e-007	-1.2277e+013	-1.2256e+013	1.2256e+013	5.2500e-015
4.200e-001	3.2924e-007	-1.2297e+013	-1.2277e+013	1.2277e+013	5.2500e-015
4.300e-001	3.2925e-007	-1.2318e+013	-1.2297e+013	1.2297e+013	5.2500e-015
4.400e-001	3.2925e-007	-1.2338e+013	-1.2318e+013	1.2318e+013	5.2500e-015
4.500e-001	3.2926e-007	-1.2359e+013	-1.2338e+013	1.2338e+013	5.2500e-015
4.600e-001	3.2927e-007	-1.2379e+013	-1.2359e+013	1.2359e+013	5.2500e-015
4.700e-001	3.2927e-007	-1.2400e+013	-1.2379e+013	1.2379e+013	5.2500e-015
4.800e-001	3.2928e-007	-1.2420e+013	-1.2400e+013	1.2400e+013	5.2500e-015
4.900e-001	3.2928e-007	-1.2441e+013	-1.2420e+013	1.2420e+013	5.2500e-015
5.000e-001	3.2929e-007	-1.2462e+013	-1.2441e+013	1.2441e+013	5.2500e-015
5.100e-001	3.2930e-007	-1.2482e+013	-1.2462e+013	1.2461e+013	5.2500e-015
5.200e-001	3.2930e-007	-1.2503e+013	-1.2482e+013	1.2482e+013	5.2500e-015
5.300e-001	3.2931e-007	-1.2523e+013	-1.2503e+013	1.2503e+013	5.2500e-015
5.400e-001	3.2931e-007	-1.2544e+013	-1.2523e+013	1.2523e+013	5.2500e-015
5.500e-001	3.2932e-007	-1.2564e+013	-1.2544e+013	1.2544e+013	5.2500e-015
5.600e-001	3.2933e-007	-1.2585e+013	-1.2564e+013	1.2564e+013	5.2500e-015
5.700e-001	3.2933e-007	-1.2605e+013	-1.2585e+013	1.2585e+013	5.2500e-015
5.800e-001	3.2934e-007	-1.2626e+013	-1.2605e+013	1.2605e+013	5.2500e-015
5.900e-001	3.2934e-007	-1.2647e+013	-1.2626e+013	1.2626e+013	5.2500e-015
6.000e-001	3.2935e-007	-1.2667e+013	-1.2647e+013	1.2646e+013	5.2500e-015
6.100e-001	3.2935e-007	-1.2688e+013	-1.2667e+013	1.2667e+013	5.2500e-015
6.200e-001	3.2936e-007	-1.2708e+013	-1.2688e+013	1.2688e+013	5.2500e-015
6.300e-001	3.2937e-007	-1.2729e+013	-1.2708e+013	1.2708e+013	5.2500e-015
6.400e-001	3.2937e-007	-1.2749e+013	-1.2729e+013	1.2729e+013	5.2500e-015
6.500e-001	3.2938e-007	-1.2770e+013	-1.2749e+013	1.2749e+013	5.2500e-015
6.600e-001	3.2938e-007	-1.2790e+013	-1.2770e+013	1.2770e+013	5.2500e-015
6.700e-001	3.2939e-007	-1.2811e+013	-1.2790e+013	1.2790e+013	5.2500e-015
6.800e-001	3.2939e-007	-1.2832e+013	-1.2811e+013	1.2811e+013	5.2500e-015
6.900e-001	3.2940e-007	-1.2852e+013	-1.2832e+013	1.2831e+013	5.2500e-015
7.000e-001	3.2941e-007	-1.2873e+013	-1.2852e+013	1.2852e+013	5.2500e-015
7.100e-001	3.2941e-007	-1.2893e+013	-1.2873e+013	1.2873e+013	5.2500e-015
7.200e-001	3.2942e-007	-1.2914e+013	-1.2893e+013	1.2893e+013	5.2500e-015
7.300e-001	3.2942e-007	-1.2934e+013	-1.2914e+013	1.2914e+013	5.2500e-015
7.400e-001	3.2943e-007	-1.2955e+013	-1.2934e+013	1.2934e+013	5.2500e-015
7.500e-001	3.2943e-007	-1.2975e+013	-1.2955e+013	1.2955e+013	5.2500e-015
7.600e-001	3.2944e-007	-1.2996e+013	-1.2975e+013	1.2975e+013	5.2500e-015
7.700e-001	3.2945e-007	-1.3017e+013	-1.2996e+013	1.2996e+013	5.2500e-015
7.800e-001	3.2945e-007	-1.3037e+013	-1.3017e+013	1.3017e+013	5.2500e-015
7.900e-001	3.2946e-007	-1.3058e+013	-1.3037e+013	1.3037e+013	5.2500e-015
8.000e-001	3.2946e-007	-1.3078e+013	-1.3058e+013	1.3058e+013	5.2500e-015
8.100e-001	3.2947e-007	-1.3099e+013	-1.3078e+013	1.3078e+013	5.2500e-015
8.200e-001	3.2947e-007	-1.3119e+013	-1.3099e+013	1.3099e+013	5.2500e-015
8.300e-001	3.2948e-007	-1.3140e+013	-1.3119e+013	1.3119e+013	5.2500e-015
8.400e-001	3.2949e-007	-1.3161e+013	-1.3140e+013	1.3140e+013	5.2500e-015
8.500e-001	3.2949e-007	-1.3181e+013	-1.3161e+013	1.3160e+013	5.2500e-015
8.600e-001	3.2950e-007	-1.3202e+013	-1.3181e+013	1.3181e+013	5.2500e-015
8.700e-001	3.2950e-007	-1.3222e+013	-1.3202e+013	1.3202e+013	5.2500e-015
8.800e-001	3.2951e-007	-1.3243e+013	-1.3222e+013	1.3222e+013	5.2500e-015
8.900e-001	3.2951e-007	-1.3263e+013	-1.3243e+013	1.3243e+013	5.2500e-015
9.000e-001	3.2952e-007	-1.3284e+013	-1.3263e+013	1.3263e+013	5.2500e-015
9.100e-001	3.2953e-007	-1.3304e+013	-1.3284e+013	1.3284e+013	5.2500e-015
9.200e-001	3.2953e-007	-1.3325e+013	-1.3304e+013	1.3304e+013	5.2500e-015
9.300e-001	3.2954e-007	-1.3346e+013	-1.3325e+013	1.3325e+013	5.2500e-015
9.400e-001	3.2954e-007	-1.3366e+013	-1.3346e+013	1.3346e+013	5.2500e-015
9.500e-001	3.2955e-007	-1.3387e+013	-1.3366e+013	1.3366e+013	5.2500e-015
9.600e-001	3.2956e-007	-1.3407e+013	-1.3387e+013	1.3387e+013	5.2500e-015
9.700e-001	3.2956e-007	-1.3428e+013	-1.3407e+013	1.3407e+013	5.2500e-015
9.800e-001	3.2957e-007	-1.3448e+013	-1.3428e+013	1.3428e+013	5.2500e-015
9.900e-001	3.2958e-007	-1.3469e+013	-1.3448e+013	1.3448e+013	5.2500e-015
1.000e+000	3.2958e-007	-1.3490e+013	-1.3469e+013	1.3469e+013	5.2500e-015
1.010e+000	3.2959e-007	-1.3510e+013	-1.3490e+013	1.3490e+013	5.2500e-015
1.020e+000	3.2960e-007	-1.3531e+013	-1.3510e+013	1.3510e+013	5.2500e-015
1.030e+000	3.2961e-007	-1.3551e+013	-1.3531e+013	1.3531e+013	5.2500e-015
1.040e+000	3.2962e-007	-1.3572e+013	-1.3551e+013	1.3551e+013	5.2500e-015
1.050e+000	3.2963e-007	-1.3592e+013	-1.3572e+013	1.3572e+013	5.2500e-015
1.060e+000	3.2964e-007	-1.3613e+013	-1.3592e+013	1.3592e+013	5.2500e-015
1.070e+000	3.2965e-007	-1.3634e+013	-1.3613e+013	1.3613e+013	5.2500e-015
1.080e+000	3.2967e-007	-1.3654e+013	-1.3634e+013	1.3634e+013	5.2500e-015
1.090e+000	3.2969e-007	-1.3675e+013	-1.3654e+013	1.3654e+013	5.2500e-015
1.100e+000	3.2971e-007	-1.3695e+013	-1.3675e+013	1.3675e+013	5.2500e-015
1.110e+000	3.2974e-007	-1.3716e+013	-1.3695e+013	1.3695e+013	5.2500e-015
1.120e+000	3.2978e-007	-1.3737e+013	-1.3716e+013	1.3716e+013	5.2500e-015
1.130e+000	3.2982e-007	-1.3757e+013	-1.3737e+013	1.3736e+013	5.2500e-015
1.140e+000	3.2988e-007	-1.3778e+013	-1.3757e+013	1.3757e+013	5.2500e-015
1.150e+000	3.2996e-007	-1.3798e+013	-1.3778e+013	1.3778e+013	5.2500e-015
1.160e+000	3.3006e-007	-1.3819e+013	-1.3798e+013	1.3798e+013	5.2500e-015
1.170e+000	3.3020e-007	-1.3839e+013	-1.3819e+013	1.3819e+013	5.2500e-015
1.180e+000	3.3038e-007	-1.3860e+013	-1.3839e+013	1.3839e+013	5.2500e-015
1.190e+000	3.3062e-007	-1.3881e+013	-1.3860e+013	1.3860e+013	5.2500e-015
1.200e+000	3.3095e-007	-1.3901e+013	-1.3881e+013	1.3881e+013	5.2500e-015
1.210e+000	3.3140e-007	-1.3922e+013	-1.3901e+013	1.3901e+013	5.2500e-015
1.220e+000	3.3201e-007	-1.3943e+013	-1.3922e+013	1.3922e+013	5.2500e-015
1.230e+000	3.3284e-007	-1.3964e+013	-1.3943e+013	1.3943e+013	5.2500e-015
1.240e+000	3.3399e-007	-1.3984e+013	-1.3964e+013	1.3964e+013	5.2500e-015
1.250e+000	3.3557e-007	-1.4005e+013	-1.3984e+013	1.3984e+013	5.2500e-015
1.260e+000	3.3774e-007	-1.4026e+013	-1.4005e+013	1.4005e+013	5.2500e-015
1.270e+000	3.4075e-007	-1.4048e+013	-1.4026e+013	1.4026e+013	5.2500e-015
1.280e+000	3.4491e-007	-1.4069e+013	-1.4048e+013	1.4048e+013	5.2500e-015
1.290e+000	3.5067e-007	-1.4091e+013	-1.4069e+013	1.4069e+013	5.2500e-015
1.300e+000	3.5864e-007	-1.4114e+013	-1.4091e+013	1.4091e+013	5.2500e-015
1.310e+000	3.6968e-007	-1.4137e+013	-1.4114e+013	1.4113e+013	5.2500e-015
1.320e+000	3.8491e-007	-1.4161e+013	-1.4137e+013	1.4137e+013	5.2500e-015
1.330e+000	4.0539e-007	-1.4186e+013	-1.4161e+013	1.4161e+013	5.2500e-015
1.340e+000	4.3353e-007	-1.4213e+013	-1.4186e+013	1.4186e+013	5.2500e-015
1.350e+000	4.7154e-007	-1.4242e+013	-1.4213e+013	1.4213e+013	5.2500e-015
1.360e+000	5.2193e-007	-1.4275e+013	-1.4242e+013	1.4242e+013	5.2500e-015
1.370e+000	5.8909e-007	-1.4312e+013	-1.4275e+013	1.4275e+013	5.2500e-015
1.380e+000	6.7428e-007	-1.4354e+013	-1.4312e+013	1.4312e+013	5.2500e-015
1.390e+000	7.8128e-007	-1.4403e+013	-1.4354e+013	1.4354e+013	5.2500e-015
1.400e+000	9.1107e-007	-1.4459e+013	-1.4403e+013	1.4403e+013	5.2500e-015
1.410e+000	1.0631e-006	-1.4526e+013	-1.4459e+013	1.4459e+013	5.2500e-015
1.420e+000	1.2339e-006	-1.4603e+013	-1.4526e+013	1.4526e+013	5.2500e-015
1.430e+000	1.4189e-006	-1.4691e+013	-1.4603e+013	1.4603e+013	5.2500e-015
1.440e+000	1.6111e-006	-1.4792e+013	-1.4691e+013	1.4691e+013	5.2500e-015
1.450e+000	1.8038e-006	-1.4905e+013	-1.4792e+013	1.4792e+013	5.2500e-015
1.460e+000	1.9913e-006	-1.5029e+013	-1.4905e+013	1.4905e+013	5.2500e-015
1.470e+000	2.1689e-006	-1.5164e+013	-1.5029e+013	1.5029e+013	5.2500e-015
1.480e+000	2.3340e-006	-1.5310e+013	-1.5164e+013	1.5164e+013	5.2500e-015
1.490e+000	2.4853e-006	-1.5465e+013	-1.5310e+013	1.5310e+013	5.2500e-015
1.500e+000	2.6230e-006	-1.5629e+013	-1.5465e+013	1.5465e+013	5.2500e-015
1.510e+000	2.7475e-006	-1.5800e+013	-1.5629e+013	1.5629e+013	5.2500e-015
1.520e+000	2.8601e-006	-1.5979e+013	-1.5800e+013	1.5800e+013	5.2500e-015
1.530e+000	2.9621e-006	-1.6164e+013	-1.5979e+013	1.5979e+013	5.2500e-015
1.540e+000	3.0546e-006	-1.6354e+013	-1.6164e+013	1.6164e+013	5.2500e-015
1.550e+000	3.1390e-006	-1.6550e+013	-1.6354e+013	1.6354e+013	5.2500e-015
1.560e+000	3.2162e-006	-1.6751e+013	-1.6550e+013	1.6550e+013	5.2500e-015
1.570e+000	3.2873e-006	-1.6956e+013	-1.6751e+013	1.6751e+013	5.2500e-015
1.580e+000	3.3531e-006	-1.7165e+013	-1.6956e+013	1.6956e+013	5.2500e-015
1.590e+000	3.4142e-006	-1.7378e+013	-1.7165e+013	1.7165e+013	5.2500e-015
1.600e+000	3.4713e-006	-1.7595e+013	-1.7378e+013	1.7378e+013	5.2500e-015
1.610e+000	3.5249e-006	-1.7815e+013	-1.7595e+013	1.7595e+013	5.2500e-015
1.620e+000	3.5754e-006	-1.8038e+013	-1.7815e+013	1.7815e+013	5.2500e-015
1.630e+000	3.6231e-006	-1.8264e+013	-1.8038e+013	1.8038e+013	5.2500e-015
1.640e+000	3.6684e-006	-1.8493e+013	-1.8264e+013	1.8264e+013	5.2500e-015
1.650e+000	3.7115e-006	-1.8725e+013	-1.8493e+013	1.8493e+013	5.2500e-015
1.660e+000	3.7527e-006	-1.8959e+013	-1.8725e+013	1.8725e+013	5.2500e-015
1.670e+000	3.7922e-006	-1.9196e+013	-1.8959e+013	1.8959e+013	5.2500e-015
1.680e+000	3.8300e-006	-1.9435e+013	-1.9196e+013	1.9196e+013	5.2500e-015
1.690e+000	3.8664e-006	-1.9676e+013	-1.9435e+013	1.9435e+013	5.2500e-015
1.700e+000	3.9015e-006	-1.9920e+013	-1.9676e+013	1.9676e+013	5.2500e-015
1.710e+000	3.9354e-006	-2.0165e+013	-1.9920e+013	1.9920e+013	5.2500e-015
1.720e+000	3.9590e-006	-2.0413e+013	-2.0165e+013	2.0165e+013	5.2500e-015
1.730e+000	3.9552e-006	-2.0659e+013	-2.0413e+013	2.0413e+013	5.2500e-015
1.740e+000	3.9806e-006	-2.0908e+013	-2.0659e+013	2.0659e+013	5.2500e-015
1.750e+000	4.0050e-006	-2.1158e+013	-2.0908e+013	2.0908e+013	5.2500e-015
1.760e+000	4.0286e-006	-2.1409e+013	-2.1158e+013	2.1158e+013	5.2500e-015
1.770e+000	4.0513e-006	-2.1662e+013	-2.1409e+013	2.1409e+013	5.2500e-015
1.780e+000	4.0732e-006	-2.1916e+013	-2.1662e+013	2.1662e+013	5.2500e-015
1.790e+000	4.0945e-006	-2.2172e+013	-2.1916e+013	2.1916e+013	5.2500e-015
1.800e+000	4.1151e-006	-2.2429e+013	-2.2172e+013	2.2172e+013	5.2500e-015
1.810e+000	4.1351e-006	-2.2687e+013	-2.2429e+013	2.2429e+013	5.2500e-015
1.820e+000	4.1544e-006	-2.2946e+013	-2.2687e+013	2.2687e+013	5.2500e-015
1.830e+000	4.1732e-006	-2.3207e+013	-2.2946e+013	2.2946e+013	5.2500e-015
1.840e+000	4.1915e-006	-2.3468e+013	-2.3207e+013	2.3207e+013	5.2500e-015
1.850e+000	4.2094e-006	-2.3731e+013	-2.3468e+013	2.3468e+013	5.2500e-015
1.860e+000	4.2267e-006	-2.3995e+013	-2.3731e+013	2.3731e+013	5.2500e-015
1.870e+000	4.2436e-006	-2.4260e+013	-2.3995e+013	2.3995e+013	5.2500e-015
1.880e+000	4.2601e-006	-2.4526e+013	-2.4260e+013	2.4260e+013	5.2500e-015
1.890e+000	4.2761e-006	-2.4792e+013	-2.4526e+013	2.4526e+013	5.2500e-015
1.900e+000	4.2918e-006	-2.5060e+013	-2.4792e+013	2.4792e+013	5.2500e-015
1.910e+000	4.3071e-006	-2.5329e+013	-2.5060e+013	2.5060e+013	5.2500e-015
1.920e+000	4.3221e-006	-2.5599e+013	-2.5329e+013	2.5329e+013	5.2500e-015
1.930e+000	4.3368e-006	-2.5870e+013	-2.5599e+013	2.5599e+013	5.2500e-015
1.940e+000	4.3511e-006	-2.6141e+013	-2.5870e+013	2.5870e+013	5.2500e-015
1.950e+000	4.3651e-006	-2.6414e+013	-2.6141e+013	2.6141e+013	5.2500e-015
1.960e+000	4.3789e-006	-2.6687e+013	-2.6414e+013	2.6414e+013	5.2500e-015
1.970e+000	4.3923e-006	-2.6961e+013	-2.6687e+013	2.6687e+013	5.2500e-015
1.980e+000	4.3982e-006	-2.7236e+013	-2.6961e+013	2.6961e+013	5.2500e-015
1.990e+000	4.4088e-006	-2.7511e+013	-2.7236e+013	2.7236e+013	5.2500e-015
2.000e+000	4.4210e-006	-2.7787e+013	-2.7511e+013	2.7511e+013	5.2500e-015
2.010e+000	4.4330e-006	-2.8063e+013	-2.7787e+013	2.7787e+013	5.2500e-015
2.020e+000	4.4447e-006	-2.8341e+013	-2.8063e+013	2.8063e+013	5.2500e-015
2.030e+000	4.4563e-006	-2.8619e+013	-2.8341e+013	2.8341e+013	5.2500e-015
2.040e+000	4.4676e-006	-2.8898e+013	-2.8619e+013	2.8619e+013	5.2500e-015
2.050e+000	4.4787e-006	-2.9177e+013	-2.8898e+013	2.8898e+013	5.2500e-015
2.060e+000	4.4897e-006	-2.9458e+013	-2.9177e+013	2.9177e+013	5.2500e-015
2.070e+000	4.5004e-006	-2.9738e+013	-2.9458e+013	2.9458e+013	5.2500e-015
2.080e+000	4.5110e-006	-3.0020e+013	-2.9738e+013	2.9738e+013	5.2500e-015
2.090e+000	4.5214e-006	-3.0302e+013	-3.0020e+013	3.0020e+013	5.2500e-015
2.100e+000	4.5316e-006	-3.0585e+013	-3.0302e+013	3.0302e+013	5.2500e-015
2.110e+000	4.5417e-006	-3.0868e+013	-3.0585e+013	3.0585e+013	5.2500e-015
2.120e+000	4.5516e-006	-3.1153e+013	-3.0868e+013	3.0868e+013	5.2500e-015
2.130e+000	4.5613e-006	-3.1437e+013	-3.1153e+013	3.1153e+013	5.2500e-015
2.140e+000	4.5709e-006	-3.1723e+013	-3.1437e+013	3.1437e+013	5.2500e-015
2.150e+000	4.5803e-006	-3.2008e+013	-3.1723e+013	3.1723e+013	5.2500e-015
2.160e+000	4.5897e-006	-3.2295e+013	-3.2008e+013	3.2008e+013	5.2500e-015
2.170e+000	4.5988e-006	-3.2582e+013	-3.2295e+013	3.2295e+013	5.2500e-015
2.180e+000	4.6079e-006	-3.2870e+013	-3.2582e+013	3.2582e+013	5.2500e-015
2.190e+000	4.6168e-006	-3.3158e+013	-3.2870e+013	3.2870e+013	5.2500e-015
2.200e+000	4.6256e-006	-3.3446e+013	-3.3158e+013	3.3158e+013	5.2500e-015
2.210e+000	4.6342e-006	-3.3736e+013	-3.3446e+013	3.3446e+013	5.2500e-015
2.220e+000	4.6428e-006	-3.4025e+013	-3.3736e+013	3.3736e+013	5.2500e-015
2.230e+000	4.6512e-006	-3.4316e+013	-3.4025e+013	3.4025e+013	5.2500e-015
2.240e+000	4.6595e-006	-3.4607e+013	-3.4316e+013	3.4316e+013	5.2500e-015
2.250e+000	4.6677e-006	-3.4898e+013	-3.4607e+013	3.4607e+013	5.2500e-015
2.260e+000	4.6758e-006	-3.5190e+013	-3.4898e+013	3.4898e+013	5.2500e-015
2.270e+000	4.6838e-006	-3.5482e+013	-3.5190e+013	3.5190e+013	5.2500e-015
2.280e+000	4.6917e-006	-3.5775e+013	-3.5482e+013	3.5482e+013	5.2500e-015
2.290e+000	4.6995e-006	-3.6068e+013	-3.5775e+013	3.5775e+013	5.2500e-015
2.300e+000	4.7072e-006	-3.6362e+013	-3.6068e+013	3.6068e+013	5.2500e-015
2.310e+000	4.7148e-006	-3.6656e+013	-3.6362e+013	3.6362e+013	5.2500e-015
2.320e+000	4.7223e-006	-3.6951e+013	-3.6656e+013	3.6656e+013	5.2500e-015
2.330e+000	4.7297e-006	-3.7246e+013	-3.6951e+013	3.6951e+013	5.2500e-015
2.340e+000	4.7371e-006	-3.7542e+013	-3.7246e+013	3.7246e+013	5.2500e-015
2.350e+000	4.7443e-006	-3.7838e+013	-3.7542e+013	3.7542e+013	5.2500e-015
2.360e+000	4.7515e-006	-3.8135e+013	-3.7838e+013	3.7838e+013	5.2500e-015
2.370e+000	4.7586e-006	-3.8432e+013	-3.8135e+013	3.8135e+013	5.2500e-015
2.380e+000	4.7656e-006	-3.8729e+013	-3.8432e+013	3.8432e+013	5.2500e-015
2.390e+000	4.7725e-006	-3.9027e+013	-3.8729e+013	3.8729e+013	5.2500e-015
2.400e+000	4.7793e-006	-3.9325e+013	-3.9027e+013	3.9027e+013	5.2500e-015
2.410e+000	4.7861e-006	-3.9624e+013	-3.9325e+013	3.9325e+013	5.2500e-015
2.420e+000	4.7928e-006	-3.9923e+013	-3.9624e+013	3.9624e+013	5.2500e-015
2.430e+000	4.7994e-006	-4.0223e+013	-3.9923e+013	3.9923e+013	5.2500e-015
2.440e+000	4.8060e-006	-4.0523e+013	-4.0223e+013	4.0223e+013	5.2500e-015
2.450e+000	4.8125e-006	-4.0823e+013	-4.0523e+013	4.0523e+013	5.2500e-015
2.460e+000	4.8189e-006	-4.1124e+013	-4.0823e+013	4.0823e+013	5.2500e-015
2.470e+000	4.8253e-006	-4.1425e+013	-4.1124e+013	4.1124e+013	5.2500e-015
2.480e+000	4.8315e-006	-4.1726e+013	-4.1425e+013	4.1425e+013	5.2500e-015
2.490e+000	4.8378e-006	-4.2028e+013	-4.1726e+013	4.1726e+013	5.2500e-015
2.500e+000	4.8439e-006	-4.2331e+013	-4.2028e+013	4.2028e+013	5.2500e-015
2.510e+000	4.8500e-006	-4.2633e+013	-4.2331e+013	4.2331e+013	5.2500e-015
2.520e+000	4.8561e-006	-4.2937e+013	-4.2633e+013	4.2633e+013	5.2500e-015
2.530e+000	4.8621e-006	-4.3240e+013	-4.2937e+013	4.2937e+013	5.2500e-015
2.540e+000	4.8680e-006	-4.3544e+013	-4.3240e+013	4.3240e+013	5.2500e-015
2.550e+000	4.8739e-006	-4.3848e+013	-4.3544e+013	4.3544e+013	5.2500e-015
2.560e+000	4.8783e-006	-4.4153e+013	-4.3848e+013	4.3848e+013	5.2500e-015
2.570e+000	4.8838e-006	-4.4457e+013	-4.4153e+013	4.4153e+013	5.2500e-015
2.580e+000	4.8895e-006	-4.4763e+013	-4.4457e+013	4.4457e+013	5.2500e-015
2.590e+000	4.8951e-006	-4.5068e+013	-4.4763e+013	4.4763e+013	5.2500e-015
2.600e+000	4.9007e-006	-4.5374e+013	-4.5068e+013	4.5068e+013	5.2500e-015
2.610e+000	4.9062e-006	-4.5680e+013	-4.5374e+013	4.5374e+013	5.2500e-015
2.620e+000	4.9117e-006	-4.5987e+013	-4.5680e+013	4.5680e+013	5.2500e-015
2.630e+000	4.9172e-006	-4.6294e+013	-4.5987e+013	4.5987e+013	5.2500e-015
2.640e+000	4.9225e-006	-4.6601e+013	-4.6294e+013	4.6294e+013	5.2500e-015
2.650e+000	4.9279e-006	-4.6908e+013	-4.6601e+013	4.6601e+013	5.2500e-015
2.660e+000	4.9331e-006	-4.7216e+013	-4.6908e+013	4.6908e+013	5.2500e-015
2.670e+000	4.9384e-006	-4.7525e+013	-4.7216e+013	4.7216e+013	5.2500e-015
2.680e+000	4.9436e-006	-4.7833e+013	-4.7525e+013	4.7525e+013	5.2500e-015
2.690e+000	4.9487e-006	-4.8142e+013	-4.7833e+013	4.7833e+013	5.2500e-015
2.700e+000	4.9538e-006	-4.8451e+013	-4.8142e+013	4.8142e+013	5.2500e-015
2.710e+000	4.9589e-006	-4.8761e+013	-4.8451e+013	4.8451e+013	5.2500e-015
2.720e+000	4.9639e-006	-4.9071e+013	-4.8761e+013	4.8761e+013	5.2500e-015
2.730e+000	4.9689e-006	-4.9381e+013	-4.9071e+013	4.9071e+013	5.2500e-015
2.740e+000	4.9739e-006	-4.9691e+013	-4.9381e+013	4.9381e+013	5.2500e-015
2.750e+000	4.9788e-006	-5.0002e+013	-4.9691e+013	4.9691e+013	5.2500e-015
2.760e+000	4.9836e-006	-5.0313e+013	-5.0002e+013	5.0002e+013	5.2500e-015
2.770e+000	4.9884e-006	-5.0624e+013	-5.0313e+013	5.0313e+013	5.2500e-015
2.780e+000	4.9932e-006	-5.0936e+013	-5.0624e+013	5.0624e+013	5.2500e-015
2.790e+000	4.9980e-006	-5.1248e+013	-5.0936e+013	5.0936e+013	5.2500e-015
2.800e+000	5.0027e-006	-5.1560e+013	-5.1248e+013	5.1248e+013	5.2500e-015
2.810e+000	5.0074e-006	-5.1873e+013	-5.1560e+013	5.1560e+013	5.2500e-015
2.820e+000	5.0120e-006	-5.2185e+013	-5.1873e+013	5.1873e+013	5.2500e-015
2.830e+000	5.0166e-006	-5.2499e+013	-5.2185e+013	5.2185e+013	5.2500e-015
2.840e+000	5.0212e-006	-5.2812e+013	-5.2499e+013	5.2499e+013	5.2500e-015
2.850e+000	5.0257e-006	-5.3126e+013	-5.2812e+013	5.2812e+013	5.2500e-015
2.860e+000	5.0302e-006	-5.3440e+013	-5.3126e+013	5.3126e+013	5.2500e-015
2.870e+000	5.0347e-006	-5.3754e+013	-5.3440e+013	5.3440e+013	5.2500e-015
2.880e+000	5.0391e-006	-5.4068e+013	-5.3754e+013	5.3754e+013	5.2500e-015
2.890e+000	5.0435e-006	-5.4383e+013	-5.4068e+013	5.4068e+013	5.2500e-015
2.900e+000	5.0479e-006	-5.4698e+013	-5.4383e+013	5.4383e+013	5.2500e-015
2.910e+000	5.0522e-006	-5.5014e+013	-5.4698e+013	5.4698e+013	5.2500e-015
2.920e+000	5.0565e-006	-5.5329e+013	-5.5014e+013	5.5014e+013	5.2500e-015
2.930e+000	5.0608e-006	-5.5645e+013	-5.5329e+013	5.5329e+013	5.2500e-015
2.940e+000	5.0650e-006	-5.5961e+013	-5.5645e+013	5.5645e+013	5.2500e-015
2.950e+000	5.0693e-006	-5.6278e+013	-5.5961e+013	5.5961e+013	5.2500e-015
2.960e+000	5.0734e-006	-5.6594e+013	-5.6278e+013	5.6278e+013	5.2500e-015
2.970e+000	5.0776e-006	-5.6911e+013	-5.6594e+013	5.6594e+013	5.2500e-015
2.980e+000	5.0817e-006	-5.7228e+013	-5.6911e+013	5.6911e+013	5.2500e-015
2.990e+000	5.0858e-006	-5.7546e+013	-5.7228e+013	5.7228e+013	5.2500e-015
3.000e+000	5.0899e-006	-5.7863e+013	-5.7546e+013	5.7546e+013	5.2500e-015
3.010e+000	5.0940e-006	-5.8181e+013	-5.7863e+013	5.7863e+013	5.2500e-015
3.020e+000	5.0980e-006	-5.8500e+013	-5.8181e+013	5.8181e+013	5.2500e-015
3.030e+000	5.1020e-006	-5.8818e+013	-5.8500e+013	5.8500e+013	5.2500e-015
3.040e+000	5.1059e-006	-5.9137e+013	-5.8818e+013	5.8818e+013	5.2500e-015
3.050e+000	5.1099e-006	-5.9456e+013	-5.9137e+013	5.9137e+013	5.2500e-015
3.060e+000	5.1138e-006	-5.9775e+013	-5.9456e+013	5.9456e+013	5.2500e-015
3.070e+000	5.1177e-006	-6.0094e+013	-5.9775e+013	5.9775e+013	5.2500e-015
3.080e+000	5.1215e-006	-6.0414e+013	-6.0094e+013	6.0094e+013	5.2500e-015
3.090e+000	5.1254e-006	-6.0734e+013	-6.0414e+013	6.0414e+013	5.2500e-015
3.100e+000	5.1292e-006	-6.1054e+013	-6.0734e+013	6.0734e+013	5.2500e-015
3.110e+000	5.1330e-006	-6.1374e+013	-6.1054e+013	6.1054e+013	5.2500e-015
3.120e+000	5.1367e-006	-6.1695e+013	-6.1374e+013	6.1374e+013	5.2500e-015
3.130e+000	5.1405e-006	-6.2016e+013	-6.1695e+013	6.1695e+013	5.2500e-015
3.140e+000	5.1442e-006	-6.2337e+013	-6.2016e+013	6.2016e+013	5.2500e-015
3.150e+000	5.1479e-006	-6.2658e+013	-6.2337e+013	6.2337e+013	5.2500e-015
3.160e+000	5.1515e-006	-6.2980e+013	-6.2658e+013	6.2658e+013	5.2500e-015
3.170e+000	5.1552e-006	-6.3301e+013	-6.2980e+013	6.2980e+013	5.2500e-015
3.180e+000	5.1588e-006	-6.3623e+013	-6.3301e+013	6.3301e+013	5.2500e-015
3.190e+000	5.1624e-006	-6.3946e+013	-6.3623e+013	6.3623e+013	5.2500e-015
3.200e+000	5.1660e-006	-6.4268e+013	-6.3946e+013	6.3946e+013	5.2500e-015
3.210e+000	5.1696e-006	-6.4591e+013	-6.4268e+013	6.4268e+013	5.2500e-015
3.220e+000	5.1731e-006	-6.4914e+013	-6.4591e+013	6.4591e+013	5.2500e-015
3.230e+000	5.1766e-006	-6.5237e+013	-6.4914e+013	6.4914e+013	5.2500e-015
3.240e+000	5.1801e-006	-6.5560e+013	-6.5237e+013	6.5237e+013	5.2500e-015
3.250e+000	5.1836e-006	-6.5884e+013	-6.5560e+013	6.5560e+013	5.2500e-015
3.260e+000	5.1871e-006	-6.6207e+013	-6.5884e+013	6.5884e+013	5.2500e-015
3.270e+000	5.1905e-006	-6.6531e+013	-6.6207e+013	6.6207e+013	5.2500e-015
3.280e+000	5.1939e-006	-6.6855e+013	-6.6531e+013	6.6531e+013	5.2500e-015
3.290e+000	5.1973e-006	-6.7180e+013	-6.6855e+013	6.6855e+013	5.2500e-015
3.300e+000	5.2007e-006	-6.7504e+013	-6.7180e+013	6.7180e+013	5.2500e-015
3.310e+000	5.2040e-006	-6.7829e+013	-6.7504e+013	6.7504e+013	5.2500e-015
3.320e+000	5.2074e-006	-6.8154e+013	-6.7829e+013	6.7829e+013	5.2500e-015
3.330e+000	5.2107e-006	-6.8479e+013	-6.8154e+013	6.8154e+013	5.2500e-015
3.340e+000	5.2140e-006	-6.8805e+013	-6.8479e+013	6.8479e+013	5.2500e-015
3.350e+000	5.2173e-006	-6.9131e+013	-6.8805e+013	6.8805e+013	5.2500e-015
3.360e+000	5.2205e-006	-6.9456e+013	-6.9131e+013	6.9131e+013	5.2500e-015
3.370e+000	5.2238e-006	-6.9782e+013	-6.9456e+013	6.9456e+013	5.2500e-015
3.380e+000	5.2270e-006	-7.0109e+013	-6.9782e+013	6.9782e+013	5.2500e-015
3.390e+000	5.2302e-006	-7.0435e+013	-7.0109e+013	7.0109e+013	5.2500e-015
3.400e+000	5.2334e-006	-7.0762e+013	-7.0435e+013	7.0435e+013	5.2500e-015
3.410e+000	5.2366e-006	-7.1089e+013	-7.0762e+013	7.0762e+013	5.2500e-015
3.420e+000	5.2398e-006	-7.1416e+013	-7.1089e+013	7.1089e+013	5.2500e-015
3.430e+000	5.2429e-006	-7.1743e+013	-7.1416e+013	7.1416e+013	5.2500e-015
3.440e+000	5.2460e-006	-7.2070e+013	-7.1743e+013	7.1743e+013	5.2500e-015
3.450e+000	5.2491e-006	-7.2398e+013	-7.2070e+013	7.2070e+013	5.2500e-015
3.460e+000	5.2522e-006	-7.2726e+013	-7.2398e+013	7.2398e+013	5.2500e-015
3.470e+000	5.2553e-006	-7.3054e+013	-7.2726e+013	7.2726e+013	5.2500e-015
3.480e+000	5.2584e-006	-7.3382e+013	-7.3054e+013	7.3054e+013	5.2500e-015
3.490e+000	5.2614e-006	-7.3710e+013	-7.3382e+013	7.3382e+013	5.2500e-015
3.500e+000	5.2644e-006	-7.4039e+013	-7.3710e+013	7.3710e+013	5.2500e-015
3.510e+000	5.2674e-006	-7.4368e+013	-7.4039e+013	7.4039e+013	5.2500e-015
3.520e+000	5.2704e-006	-7.4697e+013	-7.4368e+013	7.4368e+013	5.2500e-015
3.530e+000	5.2734e-006	-7.5026e+013	-7.4697e+013	7.4697e+013	5.2500e-015
3.540e+000	5.2764e-006	-7.5355e+013	-7.5026e+013	7.5026e+013	5.2500e-015
3.550e+000	5.2793e-006	-7.5685e+013	-7.5355e+013	7.5355e+013	5.2500e-015
3.560e+000	5.2823e-006	-7.6014e+013	-7.5685e+013	7.5685e+013	5.2500e-015
3.570e+000	5.2852e-006	-7.6344e+013	-7.6014e+013	7.6014e+013	5.2500e-015
3.580e+000	5.2881e-006	-7.6674e+013	-7.6344e+013	7.6344e+013	5.2500e-015
3.590e+000	5.2910e-006	-7.7004e+013	-7.6674e+013	7.6674e+013	5.2500e-015
3.600e+000	5.2939e-006	-7.7335e+013	-7.7004e+013	7.7004e+013	5.2500e-015
3.610e+000	5.2967e-006	-7.7666e+013	-7.7335e+013	7.7335e+013	5.2500e-015
3.620e+000	5.2996e-006	-7.7996e+013	-7.7666e+013	7.7665e+013	5.2500e-015
3.630e+000	5.3024e-006	-7.8327e+013	-7.7996e+013	7.7996e+013	5.2500e-015
3.640e+000	5.3052e-006	-7.8658e+013	-7.8327e+013	7.8327e+013	5.2500e-015
3.650e+000	5.3081e-006	-7.8990e+013	-7.8658e+013	7.8658e+013	5.2500e-015
3.660e+000	5.3108e-006	-7.9321e+013	-7.8990e+013	7.8990e+013	5.2500e-015
3.670e+000	5.3136e-006	-7.9653e+013	-7.9321e+013	7.9321e+013	5.2500e-015
3.680e+000	5.3164e-006	-7.9985e+013	-7.9653e+013	7.9653e+013	5.2500e-015
3.690e+000	5.3192e-006	-8.0317e+013	-7.9985e+013	7.9985e+013	5.2500e-015
3.700e+000	5.3219e-006	-8.0649e+013	-8.0317e+013	8.0317e+013	5.2500e-015
3.710e+000	5.3246e-006	-8.0981e+013	-8.0649e+013	8.0649e+013	5.2500e-015
3.720e+000	5.3273e-006	-8.1314e+013	-8.0981e+013	8.0981e+013	5.2500e-015
3.730e+000	5.3300e-006	-8.1646e+013	-8.1314e+013	8.1314e+013	5.2500e-015
3.740e+000	5.3327e-006	-8.1979e+013	-8.1646e+013	8.1646e+013	5.2500e-015
3.750e+000	5.3354e-006	-8.2312e+013	-8.1979e+013	8.1979e+013	5.2500e-015
3.760e+000	5.3381e-006	-8.2645e+013	-8.2312e+013	8.2312e+013	5.2500e-015
3.770e+000	5.3407e-006	-8.2979e+013	-8.2645e+013	8.2645e+013	5.2500e-015
3.780e+000	5.3434e-006	-8.3312e+013	-8.2979e+013	8.2979e+013	5.2500e-015
3.790e+000	5.3460e-006	-8.3646e+013	-8.3312e+013	8.3312e+013	5.2500e-015
3.800e+000	5.3486e-006	-8.3980e+013	-8.3646e+013	8.3646e+013	5.2500e-015
3.810e+000	5.3512e-006	-8.4314e+013	-8.3980e+013	8.3980e+013	5.2500e-015
3.820e+000	5.3538e-006	-8.4648e+013	-8.4314e+013	8.4314e+013	5.2500e-015
3.830e+000	5.3564e-006	-8.4982e+013	-8.4648e+013	8.4648e+013	5.2500e-015
3.840e+000	5.3590e-006	-8.5317e+013	-8.4982e+013	8.4982e+013	5.2500e-015
3.850e+000	5.3615e-006	-8.5651e+013	-8.5317e+013	8.5317e+013	5.2500e-015
3.860e+000	5.3641e-006	-8.5986e+013	-8.5651e+013	8.5651e+013	5.2500e-015
3.870e+000	5.3666e-006	-8.6321e+013	-8.5986e+013	8.5986e+013	5.2500e-015
3.880e+000	5.3691e-006	-8.6656e+013	-8.6321e+013	8.6321e+013	5.2500e-015
3.890e+000	5.3716e-006	-8.6991e+013	-8.6656e+013	8.6656e+013	5.2500e-015
3.900e+000	5.3742e-006	-8.7327e+013	-8.6991e+013	8.6991e+013	5.2500e-015
3.910e+000	5.3766e-006	-8.7662e+013	-8.7327e+013	8.7327e+013	5.2500e-015
3.920e+000	5.3791e-006	-8.7998e+013	-8.7662e+013	8.7662e+013	5.2500e-015
3.930e+000	5.3816e-006	-8.8334e+013	-8.7998e+013	8.7998e+013	5.2500e-015
3.940e+000	5.3841e-006	-8.8670e+013	-8.8334e+013	8.8334e+013	5.2500e-015
3.950e+000	5.3865e-006	-8.9006e+013	-8.8670e+013	8.8670e+013	5.2500e-015
3.960e+000	5.3889e-006	-8.9343e+013	-8.9006e+013	8.9006e+013	5.2500e-015
3.970e+000	5.3914e-006	-8.9679e+013	-8.9343e+013	8.9343e+013	5.2500e-015
3.980e+000	5.3938e-006	-9.0016e+013	-8.9679e+013	8.9679e+013	5.2500e-015
3.990e+000	5.3962e-006	-9.0353e+013	-9.0016e+013	9.0016e+013	5.2500e-015
4.000e+000	5.3986e-006	-9.0690e+013	-9.0353e+013	9.0353e+013	5.2500e-015
4.010e+000	5.4010e-006	-9.1027e+013	-9.0690e+013	9.0689e+013	5.2500e-015
4.020e+000	5.4034e-006	-9.1364e+013	-9.1027e+013	9.1027e+013	5.2500e-015
4.030e+000	5.4057e-006	-9.1701e+013	-9.1364e+013	9.1364e+013	5.2500e-015
4.040e+000	5.4081e-006	-9.2039e+013	-9.1701e+013	9.1701e+013	5.2500e-015
4.050e+000	5.4104e-006	-9.2377e+013	-9.2039e+013	9.2039e+013	5.2500e-015
4.060e+000	5.4128e-006	-9.2714e+013	-9.2377e+013	9.2376e+013	5.2500e-015
4.070e+000	5.4151e-006	-9.3052e+013	-9.2714e+013	9.2714e+013	5.2500e-015
4.080e+000	5.4174e-006	-9.3390e+013	-9.3052e+013	9.3052e+013	5.2500e-015
4.090e+000	5.4197e-006	-9.3729e+013	-9.3390e+013	9.3390e+013	5.2500e-015
4.100e+000	5.4218e-006	-9.4067e+013	-9.3729e+013	9.3729e+013	5.2500e-015
4.110e+000	5.4241e-006	-9.4406e+013	-9.4067e+013	9.4067e+013	5.2500e-015
4.120e+000	5.4264e-006	-9.4744e+013	-9.4406e+013	9.4406e+013	5.2500e-015
4.130e+000	5.4287e-006	-9.5083e+013	-9.4744e+013	9.4744e+013	5.2500e-015
4.140e+000	5.4309e-006	-9.5422e+013	-9.5083e+013	9.5083e+013	5.2500e-015
4.150e+000	5.4332e-006	-9.5761e+013	-9.5422e+013	9.5422e+013	5.2500e-015
4.160e+000	5.4354e-006	-9.6101e+013	-9.5761e+013	9.5761e+013	5.2500e-015
4.170e+000	5.4377e-006	-9.6440e+013	-9.6101e+013	9.6101e+013	5.2500e-015
4.180e+000	5.4399e-006	-9.6779e+013	-9.6440e+013	9.6440e+013	5.2500e-015
4.190e+000	5.4421e-006	-9.7119e+013	-9.6779e+013	9.6779e+013	5.2500e-015
4.200e+000	5.4443e-006	-9.7459e+013	-9.7119e+013	9.7119e+013	5.2500e-015
4.210e+000	5.4465e-006	-9.7799e+013	-9.7459e+013	9.7459e+013	5.2500e-015
4.220e+000	5.4487e-006	-9.8139e+013	-9.7799e+013	9.7799e+013	5.2500e-015
4.230e+000	5.4509e-006	-9.8479e+013	-9.8139e+013	9.8139e+013	5.2500e-015
4.240e+000	5.4531e-006	-9.8820e+013	-9.8479e+013	9.8479e+013	5.2500e-015
4.250e+000	5.4553e-006	-9.9160e+013	-9.8820e+013	9.8820e+013	5.2500e-015
4.260e+000	5.4574e-006	-9.9501e+013	-9.9160e+013	9.9160e+013	5.2500e-015
4.270e+000	5.4596e-006	-9.9841e+013	-9.9501e+013	9.9501e+013	5.2500e-015
4.280e+000	5.4617e-006	-1.0018e+014	-9.9841e+013	9.9841e+013	5.2500e-015
4.290e+000	5.4639e-006	-1.0052e+014	-1.0018e+014	1.0018e+014	5.2500e-015
4.300e+000	5.4660e-006	-1.0086e+014	-1.0052e+014	1.0052e+014	5.2500e-015
4.310e+000	5.4681e-006	-1.0121e+014	-1.0086e+014	1.0086e+014	5.2500e-015
4.320e+000	5.4702e-006	-1.0155e+014	-1.0121e+014	1.0121e+014	5.2500e-015
4.330e+000	5.4723e-006	-1.0189e+014	-1.0155e+014	1.0155e+014	5.2500e-015
4.340e+000	5.4744e-006	-1.0223e+014	-1.0189e+014	1.0189e+014	5.2500e-015
4.350e+000	5.4765e-006	-1.0257e+014	-1.0223e+014	1.0223e+014	5.2500e-015
4.360e+000	5.4786e-006	-1.0291e+014	-1.0257e+014	1.0257e+014	5.2500e-015
4.370e+000	5.4806e-006	-1.0326e+014	-1.0291e+014	1.0291e+014	5.2500e-015
4.380e+000	5.4827e-006	-1.0360e+014	-1.0326e+014	1.0326e+014	5.2500e-015
4.390e+000	5.4848e-006	-1.0394e+014	-1.0360e+014	1.0360e+014	5.2500e-015
4.400e+000	5.4868e-006	-1.0428e+014	-1.0394e+014	1.0394e+014	5.2500e-015
4.410e+000	5.4889e-006	-1.0463e+014	-1.0428e+014	1.0428e+014	5.2500e-015
4.420e+000	5.4909e-006	-1.0497e+014	-1.0463e+014	1.0463e+014	5.2500e-015
4.430e+000	5.4929e-006	-1.0531e+014	-1.0497e+014	1.0497e+014	5.2500e-015
4.440e+000	5.4949e-006	-1.0565e+014	-1.0531e+014	1.0531e+014	5.2500e-015
4.450e+000	5.4970e-006	-1.0600e+014	-1.0565e+014	1.0565e+014	5.2500e-015
4.460e+000	5.4990e-006	-1.0634e+014	-1.0600e+014	1.0600e+014	5.2500e-015
4.470e+000	5.5010e-006	-1.0668e+014	-1.0634e+014	1.0634e+014	5.2500e-015
4.480e+000	5.5029e-006	-1.0703e+014	-1.0668e+014	1.0668e+014	5.2500e-015
4.490e+000	5.5049e-006	-1.0737e+014	-1.0703e+014	1.0703e+014	5.2500e-015
4.500e+000	5.5069e-006	-1.0771e+014	-1.0737e+014	1.0737e+014	5.2500e-015
4.510e+000	5.5089e-006	-1.0806e+014	-1.0771e+014	1.0771e+014	5.2500e-015
4.520e+000	5.5108e-006	-1.0840e+014	-1.0806e+014	1.0806e+014	5.2500e-015
4.530e+000	5.5128e-006	-1.0875e+014	-1.0840e+014	1.0840e+014	5.2500e-015
4.540e+000	5.5147e-006	-1.0909e+014	-1.0875e+014	1.0875e+014	5.2500e-015
4.550e+000	5.5167e-006	-1.0944e+014	-1.0909e+014	1.0909e+014	5.2500e-015
4.560e+000	5.5186e-006	-1.0978e+014	-1.0944e+014	1.0944e+014	5.2500e-015
4.570e+000	5.5206e-006	-1.1012e+014	-1.0978e+014	1.0978e+014	5.2500e-015
4.580e+000	5.5225e-006	-1.1047e+014	-1.1012e+014	1.1012e+014	5.2500e-015
4.590e+000	5.5244e-006	-1.1081e+014	-1.1047e+014	1.1047e+014	5.2500e-015
4.600e+000	5.5263e-006	-1.1116e+014	-1.1081e+014	1.1081e+014	5.2500e-015
4.610e+000	5.5282e-006	-1.1150e+014	-1.1116e+014	1.1116e+014	5.2500e-015
4.620e+000	5.5301e-006	-1.1185e+014	-1.1150e+014	1.1150e+014	5.2500e-015
4.630e+000	5.5320e-006	-1.1219e+014	-1.1185e+014	1.1185e+014	5.2500e-015
4.640e+000	5.5339e-006	-1.1254e+014	-1.1219e+014	1.1219e+014	5.2500e-015
4.650e+000	5.5357e-006	-1.1289e+014	-1.1254e+014	1.1254e+014	5.2500e-015
4.660e+000	5.5376e-006	-1.1323e+014	-1.1289e+014	1.1289e+014	5.2500e-015
4.670e+000	5.5395e-006	-1.1358e+014	-1.1323e+014	1.1323e+014	5.2500e-015
4.680e+000	5.5413e-006	-1.1392e+014	-1.1358e+014	1.1358e+014	5.2500e-015
4.690e+000	5.5432e-006	-1.1427e+014	-1.1392e+014	1.1392e+014	5.2500e-015
4.700e+000	5.5450e-006	-1.1461e+014	-1.1427e+014	1.1427e+014	5.2500e-015
4.710e+000	5.5469e-006	-1.1496e+014	-1.1461e+014	1.1461e+014	5.2500e-015
4.720e+000	5.5487e-006	-1.1531e+014	-1.1496e+014	1.1496e+014	5.2500e-015
4.730e+000	5.5505e-006	-1.1565e+014	-1.1531e+014	1.1531e+014	5.2500e-015
4.740e+000	5.5524e-006	-1.1600e+014	-1.1565e+014	1.1565e+014	5.2500e-015
4.750e+000	5.5542e-006	-1.1635e+014	-1.1600e+014	1.1600e+014	5.2500e-015
4.760e+000	5.5560e-006	-1.1669e+014	-1.1635e+014	1.1635e+014	5.2500e-015
4.770e+000	5.5578e-006	-1.1704e+014	-1.1669e+014	1.1669e+014	5.2500e-015
4.780e+000	5.5596e-006	-1.1739e+014	-1.1704e+014	1.1704e+014	5.2500e-015
4.790e+000	5.5614e-006	-1.1773e+014	-1.1739e+014	1.1739e+014	5.2500e-015
4.800e+000	5.5632e-006	-1.1808e+014	-1.1773e+014	1.1773e+014	5.2500e-015
4.810e+000	5.5649e-006	-1.1843e+014	-1.1808e+014	1.1808e+014	5.2500e-015
4.820e+000	5.5667e-006	-1.1878e+014	-1.1843e+014	1.1843e+014	5.2500e-015
4.830e+000	5.5685e-006	-1.1912e+014	-1.1878e+014	1.1878e+014	5.2500e-015
4.840e+000	5.5702e-006	-1.1947e+014	-1.1912e+014	1.1912e+014	5.2500e-015
4.850e+000	5.5720e-006	-1.1982e+014	-1.1947e+014	1.1947e+014	5.2500e-015
4.860e+000	5.5738e-006	-1.2017e+014	-1.1982e+014	1.1982e+014	5.2500e-015
4.870e+000	5.5755e-006	-1.2052e+014	-1.2017e+014	1.2017e+014	5.2500e-015
4.880e+000	5.5772e-006	-1.2086e+014	-1.2052e+014	1.2052e+014	5.2500e-015
4.890e+000	5.5790e-006	-1.2121e+014	-1.2086e+014	1.2086e+014	5.2500e-015
4.900e+000	5.5807e-006	-1.2156e+014	-1.2121e+014	1.2121e+014	5.2500e-015
4.910e+000	5.5824e-006	-1.2191e+014	-1.2156e+014	1.2156e+014	5.2500e-015
4.920e+000	5.5841e-006	-1.2226e+014	-1.2191e+014	1.2191e+014	5.2500e-015
4.930e+000	5.5859e-006	-1.2261e+014	-1.2226e+014	1.2226e+014	5.2500e-015
4.940e+000	5.5876e-006	-1.2295e+014	-1.2261e+014	1.2261e+014	5.2500e-015
4.950e+000	5.5893e-006	-1.2330e+014	-1.2295e+014	1.2295e+014	5.2500e-015
4.960e+000	5.5910e-006	-1.2365e+014	-1.2330e+014	1.2330e+014	5.2500e-015
4.970e+000	5.5927e-006	-1.2400e+014	-1.2365e+014	1.2365e+014	5.2500e-015
4.980e+000	5.5944e-006	-1.2435e+014	-1.2400e+014	1.2400e+014	5.2500e-015
4.990e+000	5.5960e-006	-1.2470e+014	-1.2435e+014	1.2435e+014	5.2500e-015
5.000e+000	5.5977e-006	-1.2505e+014	-1.2470e+014	1.2470e+014	5.2500e-015
5.010e+000	5.5994e-006	-1.2540e+014	-1.2505e+014	1.2505e+014	5.2500e-015
5.020e+000	5.6010e-006	-1.2575e+014	-1.2540e+014	1.2540e+014	5.2500e-015
5.030e+000	5.6027e-006	-1.2610e+014	-1.2575e+014	1.2575e+014	5.2500e-015
5.040e+000	5.6044e-006	-1.2645e+014	-1.2610e+014	1.2610e+014	5.2500e-015
5.050e+000	5.6060e-006	-1.2680e+014	-1.2645e+014	1.2645e+014	5.2500e-015
5.060e+000	5.6077e-006	-1.2715e+014	-1.2680e+014	1.2680e+014	5.2500e-015
5.070e+000	5.6093e-006	-1.2750e+014	-1.2715e+014	1.2715e+014	5.2500e-015
5.080e+000	5.6109e-006	-1.2785e+014	-1.2750e+014	1.2750e+014	5.2500e-015
5.090e+000	5.6126e-006	-1.2820e+014	-1.2785e+014	1.2785e+014	5.2500e-015
5.100e+000	5.6142e-006	-1.2855e+014	-1.2820e+014	1.2820e+014	5.2500e-015
5.110e+000	5.6158e-006	-1.2890e+014	-1.2855e+014	1.2855e+014	5.2500e-015
5.120e+000	5.6174e-006	-1.2925e+014	-1.2890e+014	1.2890e+014	5.2500e-015
5.130e+000	5.6191e-006	-1.2960e+014	-1.2925e+014	1.2925e+014	5.2500e-015
5.140e+000	5.6207e-006	-1.2995e+014	-1.2960e+014	1.2960e+014	5.2500e-015
5.150e+000	5.6223e-006	-1.3030e+014	-1.2995e+014	1.2995e+014	5.2500e-015
5.160e+000	5.6239e-006	-1.3065e+014	-1.3030e+014	1.3030e+014	5.2500e-015
5.170e+000	5.6255e-006	-1.3100e+014	-1.3065e+014	1.3065e+014	5.2500e-015
5.180e+000	5.6270e-006	-1.3136e+014	-1.3100e+014	1.3100e+014	5.2500e-015
5.190e+000	5.6286e-006	-1.3171e+014	-1.3136e+014	1.3136e+014	5.2500e-015
5.200e+000	5.6302e-006	-1.3206e+014	-1.3171e+014	1.3171e+014	5.2500e-015
5.210e+000	5.6318e-006	-1.3241e+014	-1.3206e+014	1.3206e+014	5.2500e-015
5.220e+000	5.6334e-006	-1.3276e+014	-1.3241e+014	1.3241e+014	5.2500e-015
5.230e+000	5.6349e-006	-1.3311e+014	-1.3276e+014	1.3276e+014	5.2500e-015
5.240e+000	5.6365e-006	-1.3346e+014	-1.3311e+014	1.3311e+014	5.2500e-015
5.250e+000	5.6380e-006	-1.3382e+014	-1.3346e+014	1.3346e+014	5.2500e-015
5.260e+000	5.6396e-006	-1.3417e+014	-1.3382e+014	1.3382e+014	5.2500e-015
5.270e+000	5.6411e-006	-1.3452e+014	-1.3417e+014	1.3417e+014	5.2500e-015
5.280e+000	5.6427e-006	-1.3487e+014	-1.3452e+014	1.3452e+014	5.2500e-015
5.290e+000	5.6442e-006	-1.3523e+014	-1.3487e+014	1.3487e+014	5.2500e-015
5.300e+000	5.6458e-006	-1.3558e+014	-1.3523e+014	1.3523e+014	5.2500e-015
5.310e+000	5.6473e-006	-1.3593e+014	-1.3558e+014	1.3558e+014	5.2500e-015
5.320e+000	5.6488e-006	-1.3628e+014	-1.3593e+014	1.3593e+014	5.2500e-015
5.330e+000	5.6503e-006	-1.3664e+014	-1.3628e+014	1.3628e+014	5.2500e-015
5.340e+000	5.6519e-006	-1.3699e+014	-1.3664e+014	1.3664e+014	5.2500e-015
5.350e+000	5.6534e-006	-1.3734e+014	-1.3699e+014	1.3699e+014	5.2500e-015
5.360e+000	5.6549e-006	-1.3769e+014	-1.3734e+014	1.3734e+014	5.2500e-015
5.370e+000	5.6564e-006	-1.3805e+014	-1.3769e+014	1.3769e+014	5.2500e-015
5.380e+000	5.6579e-006	-1.3840e+014	-1.3805e+014	1.3805e+014	5.2500e-015
5.390e+000	5.6594e-006	-1.3875e+014	-1.3840e+014	1.3840e+014	5.2500e-015
5.400e+000	5.6609e-006	-1.3911e+014	-1.3875e+014	1.3875e+014	5.2500e-015
5.410e+000	5.6624e-006	-1.3946e+014	-1.3911e+014	1.3911e+014	5.2500e-015
5.420e+000	5.6638e-006	-1.3981e+014	-1.3946e+014	1.3946e+014	5.2500e-015
5.430e+000	5.6653e-006	-1.4017e+014	-1.3981e+014	1.3981e+014	5.2500e-015
5.440e+000	5.6668e-006	-1.4052e+014	-1.4017e+014	1.4017e+014	5.2500e-015
5.450e+000	5.6683e-006	-1.4087e+014	-1.4052e+014	1.4052e+014	5.2500e-015
5.460e+000	5.6697e-006	-1.4123e+014	-1.4087e+014	1.4087e+014	5.2500e-015
5.470e+000	5.6712e-006	-1.4158e+014	-1.4123e+014	1.4123e+014	5.2500e-015
5.480e+000	5.6727e-006	-1.4194e+014	-1.4158e+014	1.4158e+014	5.2500e-015
5.490e+000	5.6741e-006	-1.4229e+014	-1.4194e+014	1.4194e+014	5.2500e-015
5.500e+000	5.6756e-006	-1.4264e+014	-1.4229e+014	1.4229e+014	5.2500e-015
5.510e+000	5.6770e-006	-1.4300e+014	-1.4264e+014	1.4264e+014	5.2500e-015
5.520e+000	5.6785e-006	-1.4335e+014	-1.4300e+014	1.4300e+014	5.2500e-015
5.530e+000	5.6799e-006	-1.4371e+014	-1.4335e+014	1.4335e+014	5.2500e-015
5.540e+000	5.6813e-006	-1.4406e+014	-1.4371e+014	1.4371e+014	5.2500e-015
5.550e+000	5.6828e-006	-1.4442e+014	-1.4406e+014	1.4406e+014	5.2500e-015
5.560e+000	5.6842e-006	-1.4477e+014	-1.4442e+014	1.4442e+014	5.2500e-015
5.570e+000	5.6856e-006	-1.4513e+014	-1.4477e+014	1.4477e+014	5.2500e-015
5.580e+000	5.6871e-006	-1.4548e+014	-1.4513e+014	1.4513e+014	5.2500e-015
5.590e+000	5.6885e-006	-1.4584e+014	-1.4548e+014	1.4548e+014	5.2500e-015
5.600e+000	5.6899e-006	-1.4619e+014	-1.4584e+014	1.4584e+014	5.2500e-015
5.610e+000	5.6913e-006	-1.4655e+014	-1.4619e+014	1.4619e+014	5.2500e-015
5.620e+000	5.6927e-006	-1.4690e+014	-1.4655e+014	1.4655e+014	5.2500e-015
5.630e+000	5.6941e-006	-1.4726e+014	-1.4690e+014	1.4690e+014	5.2500e-015
5.640e+000	5.6955e-006	-1.4761e+014	-1.4726e+014	1.4726e+014	5.2500e-015
5.650e+000	5.6969e-006	-1.4797e+014	-1.4761e+014	1.4761e+014	5.2500e-015
5.660e+000	5.6983e-006	-1.4832e+014	-1.4797e+014	1.4797e+014	5.2500e-015
5.670e+000	5.6997e-006	-1.4868e+014	-1.4832e+014	1.4832e+014	5.2500e-015
5.680e+000	5.7011e-006	-1.4904e+014	-1.4868e+014	1.4868e+014	5.2500e-015
5.690e+000	5.7024e-006	-1.4939e+014	-1.4904e+014	1.4904e+014	5.2500e-015
5.700e+000	5.7038e-006	-1.4975e+014	-1.4939e+014	1.4939e+014	5.2500e-015
5.710e+000	5.7052e-006	-1.5010e+014	-1.4975e+014	1.4975e+014	5.2500e-015
5.720e+000	5.7066e-006	-1.5046e+014	-1.5010e+014	1.5010e+014	5.2500e-015
5.730e+000	5.7079e-006	-1.5082e+014	-1.5046e+014	1.5046e+014	5.2500e-015
5.740e+000	5.7093e-006	-1.5117e+014	-1.5082e+014	1.5082e+014	5.2500e-015
5.750e+000	5.7107e-006	-1.5153e+014	-1.5117e+014	1.5117e+014	5.2500e-015
5.760e+000	5.7120e-006	-1.5189e+014	-1.5153e+014	1.5153e+014	5.2500e-015
5.770e+000	5.7134e-006	-1.5224e+014	-1.5189e+014	1.5189e+014	5.2500e-015
5.780e+000	5.7147e-006	-1.5260e+014	-1.5224e+014	1.5224e+014	5.2500e-015
5.790e+000	5.7161e-006	-1.5296e+014	-1.5260e+014	1.5260e+014	5.2500e-015
5.800e+000	5.7174e-006	-1.5331e+014	-1.5296e+014	1.5296e+014	5.2500e-015
5.810e+000	5.7187e-006	-1.5367e+014	-1.5331e+014	1.5331e+014	5.2500e-015
5.820e+000	5.7201e-006	-1.5403e+014	-1.5367e+014	1.5367e+014	5.2500e-015
5.830e+000	5.7214e-006	-1.5438e+014	-1.5403e+014	1.5403e+014	5.2500e-015
5.840e+000	5.7227e-006	-1.5474e+014	-1.5438e+014	1.5438e+014	5.2500e-015
5.850e+000	5.7241e-006	-1.5510e+014	-1.5474e+014	1.5474e+014	5.2500e-015
5.860e+000	5.7254e-006	-1.5546e+014	-1.5510e+014	1.5510e+014	5.2500e-015
5.870e+000	5.7267e-006	-1.5581e+014	-1.5546e+014	1.5546e+014	5.2500e-015
5.880e+000	5.7280e-006	-1.5617e+014	-1.5581e+014	1.5581e+014	5.2500e-015
5.890e+000	5.7293e-006	-1.5653e+014	-1.5617e+014	1.5617e+014	5.2500e-015
5.900e+000	5.7307e-006	-1.5689e+014	-1.5653e+014	1.5653e+014	5.2500e-015
5.910e+000	5.7320e-006	-1.5724e+014	-1.5689e+014	1.5689e+014	5.2500e-015
5.920e+000	5.7333e-006	-1.5760e+014	-1.5724e+014	1.5724e+014	5.2500e-015
5.930e+000	5.7346e-006	-1.5796e+014	-1.5760e+014	1.5760e+014	5.2500e-015
5.940e+000	5.7359e-006	-1.5832e+014	-1.5796e+014	1.5796e+014	5.2500e-015
5.950e+000	5.7372e-006	-1.5868e+014	-1.5832e+014	1.5832e+014	5.2500e-015
5.960e+000	5.7384e-006	-1.5903e+014	-1.5868e+014	1.5868e+014	5.2500e-015
5.970e+000	5.7397e-006	-1.5939e+014	-1.5903e+014	1.5903e+014	5.2500e-015
5.980e+000	5.7410e-006	-1.5975e+014	-1.5939e+014	1.5939e+014	5.2500e-015
5.990e+000	5.7423e-006	-1.6011e+014	-1.5975e+014	1.5975e+014	5.2500e-015
6.000e+000	5.7436e-006	-1.6047e+014	-1.6011e+014	1.6011e+014	5.2500e-015
6.010e+000	5.7448e-006	-1.6083e+014	-1.6047e+014	1.6047e+014	5.2500e-015
6.020e+000	5.7461e-006	-1.6118e+014	-1.6083e+014	1.6083e+014	5.2500e-015
6.030e+000	5.7474e-006	-1.6154e+014	-1.6118e+014	1.6118e+014	5.2500e-015
6.040e+000	5.7487e-006	-1.6190e+014	-1.6154e+014	1.6154e+014	5.2500e-015
6.050e+000	5.7499e-006	-1.6226e+014	-1.6190e+014	1.6190e+014	5.2500e-015
6.060e+000	5.7512e-006	-1.6262e+014	-1.6226e+014	1.6226e+014	5.2500e-015
6.070e+000	5.7524e-006	-1.6298e+014	-1.6262e+014	1.6262e+014	5.2500e-015
6.080e+000	5.7537e-006	-1.6334e+014	-1.6298e+014	1.6298e+014	5.2500e-015
6.090e+000	5.7549e-006	-1.6370e+014	-1.6334e+014	1.6334e+014	5.2500e-015
6.100e+000	5.7562e-006	-1.6406e+014	-1.6370e+014	1.6370e+014	5.2500e-015
6.110e+000	5.7574e-006	-1.6442e+014	-1.6406e+014	1.6406e+014	5.2500e-015
6.120e+000	5.7587e-006	-1.6478e+014	-1.6442e+014	1.6442e+014	5.2500e-015
6.130e+000	5.7599e-006	-1.6513e+014	-1.6478e+014	1.6478e+014	5.2500e-015
6.140e+000	5.7612e-006	-1.6549e+014	-1.6513e+014	1.6513e+014	5.2500e-015
6.150e+000	5.7624e-006	-1.6585e+014	-1.6549e+014	1.6549e+014	5.2500e-015
6.160e+000	5.7636e-006	-1.6621e+014	-1.6585e+014	1.6585e+014	5.2500e-015
6.170e+000	5.7648e-006	-1.6657e+014	-1.6621e+014	1.6621e+014	5.2500e-015
6.180e+000	5.7661e-006	-1.6693e+014	-1.6657e+014	1.6657e+014	5.2500e-015
6.190e+000	5.7673e-006	-1.6729e+014	-1.6693e+014	1.6693e+014	5.2500e-015
6.200e+000	5.7685e-006	-1.6765e+014	-1.6729e+014	1.6729e+014	5.2500e-015
6.210e+000	5.7697e-006	-1.6801e+014	-1.6765e+014	1.6765e+014	5.2500e-015
6.220e+000	5.7709e-006	-1.6837e+014	-1.6801e+014	1.6801e+014	5.2500e-015
6.230e+000	5.7722e-006	-1.6873e+014	-1.6837e+014	1.6837e+014	5.2500e-015
6.240e+000	5.7734e-006	-1.6909e+014	-1.6873e+014	1.6873e+014	5.2500e-015
6.250e+000	5.7746e-006	-1.6945e+014	-1.6909e+014	1.6909e+014	5.2500e-015
6.260e+000	5.7758e-006	-1.6982e+014	-1.6945e+014	1.6945e+014	5.2500e-015
6.270e+000	5.7770e-006	-1.7018e+014	-1.6982e+014	1.6982e+014	5.2500e-015
6.280e+000	5.7782e-006	-1.7054e+014	-1.7018e+014	1.7018e+014	5.2500e-015
6.290e+000	5.7794e-006	-1.7090e+014	-1.7054e+014	1.7054e+014	5.2500e-015
6.300e+000	5.7805e-006	-1.7126e+014	-1.7090e+014	1.7090e+014	5.2500e-015
6.310e+000	5.7817e-006	-1.7162e+014	-1.7126e+014	1.7126e+014	5.2500e-015
6.320e+000	5.7829e-006	-1.7198e+014	-1.7162e+014	1.7162e+014	5.2500e-015
6.330e+000	5.7841e-006	-1.7234e+014	-1.7198e+014	1.7198e+014	5.2500e-015
6.340e+000	5.7853e-006	-1.7270e+014	-1.7234e+014	1.7234e+014	5.2500e-015
6.350e+000	5.7865e-006	-1.7306e+014	-1.7270e+014	1.7270e+014	5.2500e-015
6.360e+000	5.7876e-006	-1.7342e+014	-1.7306e+014	1.7306e+014	5.2500e-015
6.370e+000	5.7888e-006	-1.7379e+014	-1.7342e+014	1.7342e+014	5.2500e-015
6.380e+000	5.7900e-006	-1.7415e+014	-1.7379e+014	1.7379e+014	5.2500e-015
6.390e+000	5.7912e-006	-1.7451e+014	-1.7415e+014	1.7415e+014	5.2500e-015
6.400e+000	5.7923e-006	-1.7487e+014	-1.7451e+014	1.7451e+014	5.2500e-015
6.410e+000	5.7935e-006	-1.7523e+014	-1.7487e+014	1.7487e+014	5.2500e-015
6.420e+000	5.7946e-006	-1.7559e+014	-1.7523e+014	1.7523e+014	5.2500e-015
6.430e+000	5.7958e-006	-1.7596e+014	-1.7559e+014	1.7559e+014	5.2500e-015
6.440e+000	5.7969e-006	-1.7632e+014	-1.7596e+014	1.7595e+014	5.2500e-015
6.450e+000	5.7981e-006	-1.7668e+014	-1.7632e+014	1.7632e+014	5.2500e-015
6.460e+000	5.7993e-006	-1.7704e+014	-1.7668e+014	1.7668e+014	5.2500e-015
6.470e+000	5.8004e-006	-1.7740e+014	-1.7704e+014	1.7704e+014	5.2500e-015
6.480e+000	5.8015e-006	-1.7776e+014	-1.7740e+014	1.7740e+014	5.2500e-015
6.490e+000	5.8027e-006	-1.7813e+014	-1.7776e+014	1.7776e+014	5.2500e-015
6.500e+000	5.8038e-006	-1.7849e+014	-1.7813e+014	1.7813e+014	5.2500e-015
6.510e+000	5.8050e-006	-1.7885e+014	-1.7849e+014	1.7849e+014	5.2500e-015
6.520e+000	5.8061e-006	-1.7921e+014	-1.7885e+014	1.7885e+014	5.2500e-015
6.530e+000	5.8072e-006	-1.7958e+014	-1.7921e+014	1.7921e+014	5.2500e-015
6.540e+000	5.8084e-006	-1.7994e+014	-1.7958e+014	1.7958e+014	5.2500e-015
6.550e+000	5.8095e-006	-1.8030e+014	-1.7994e+014	1.7994e+014	5.2500e-015
6.560e+000	5.8106e-006	-1.8066e+014	-1.8030e+014	1.8030e+014	5.2500e-015
6.570e+000	5.8117e-006	-1.8103e+014	-1.8066e+014	1.8066e+014	5.2500e-015
6.580e+000	5.8129e-006	-1.8139e+014	-1.8103e+014	1.8103e+014	5.2500e-015
6.590e+000	5.8140e-006	-1.8175e+014	-1.8139e+014	1.8139e+014	5.2500e-015
6.600e+000	5.8151e-006	-1.8212e+014	-1.8175e+014	1.8175e+014	5.2500e-015
6.610e+000	5.8162e-006	-1.8248e+014	-1.8212e+014	1.8212e+014	5.2500e-015
6.620e+000	5.8173e-006	-1.8284e+014	-1.8248e+014	1.8248e+014	5.2500e-015
6.630e+000	5.8184e-006	-1.8320e+014	-1.8284e+014	1.8284e+014	5.2500e-015
6.640e+000	5.8195e-006	-1.8357e+014	-1.8320e+014	1.8320e+014	5.2500e-015
6.650e+000	5.8206e-006	-1.8393e+014	-1.8357e+014	1.8357e+014	5.2500e-015
6.660e+000	5.8217e-006	-1.8429e+014	-1.8393e+014	1.8393e+014	5.2500e-015
6.670e+000	5.8228e-006	-1.8466e+014	-1.8429e+014	1.8429e+014	5.2500e-015
6.680e+000	5.8239e-006	-1.8502e+014	-1.8466e+014	1.8466e+014	5.2500e-015
6.690e+000	5.8250e-006	-1.8539e+014	-1.8502e+014	1.8502e+014	5.2500e-015
6.700e+000	5.8261e-006	-1.8575e+014	-1.8539e+014	1.8539e+014	5.2500e-015
6.710e+000	5.8272e-006	-1.8611e+014	-1.8575e+014	1.8575e+014	5.2500e-015
6.720e+000	5.8283e-006	-1.8648e+014	-1.8611e+014	1.8611e+014	5.2500e-015
6.730e+000	5.8294e-006	-1.8684e+014	-1.8648e+014	1.8648e+014	5.2500e-015
6.740e+000	5.8304e-006	-1.8720e+014	-1.8684e+014	1.8684e+014	5.2500e-015
6.750e+000	5.8315e-006	-1.8757e+014	-1.8720e+014	1.8720e+014	5.2500e-015
6.760e+000	5.8326e-006	-1.8793e+014	-1.8757e+014	1.8757e+014	5.2500e-015
6.770e+000	5.8337e-006	-1.8830e+014	-1.8793e+014	1.8793e+014	5.2500e-015
6.780e+000	5.8348e-006	-1.8866e+014	-1.8830e+014	1.8830e+014	5.2500e-015
6.790e+000	5.8358e-006	-1.8902e+014	-1.8866e+014	1.8866e+014	5.2500e-015
6.800e+000	5.8369e-006	-1.8939e+014	-1.8902e+014	1.8902e+014	5.2500e-015
6.810e+000	5.8380e-006	-1.8975e+014	-1.8939e+014	1.8939e+014	5.2500e-015
6.820e+000	5.8390e-006	-1.9012e+014	-1.8975e+014	1.8975e+014	5.2500e-015
6.830e+000	5.8401e-006	-1.9048e+014	-1.9012e+014	1.9012e+014	5.2500e-015
6.840e+000	5.8411e-006	-1.9085e+014	-1.9048e+014	1.9048e+014	5.2500e-015
6.850e+000	5.8422e-006	-1.9121e+014	-1.9085e+014	1.9085e+014	5.2500e-015
6.860e+000	5.8433e-006	-1.9158e+014	-1.9121e+014	1.9121e+014	5.2500e-015
6.870e+000	5.8443e-006	-1.9194e+014	-1.9158e+014	1.9158e+014	5.2500e-015
6.880e+000	5.8454e-006	-1.9231e+014	-1.9194e+014	1.9194e+014	5.2500e-015
6.890e+000	5.8464e-006	-1.9267e+014	-1.9231e+014	1.9231e+014	5.2500e-015
6.900e+000	5.8475e-006	-1.9304e+014	-1.9267e+014	1.9267e+014	5.2500e-015
6.910e+000	5.8485e-006	-1.9340e+014	-1.9304e+014	1.9304e+014	5.2500e-015
6.920e+000	5.8496e-006	-1.9377e+014	-1.9340e+014	1.9340e+014	5.2500e-015
6.930e+000	5.8506e-006	-1.9413e+014	-1.9377e+014	1.9377e+014	5.2500e-015
6.940e+000	5.8516e-006	-1.9450e+014	-1.9413e+014	1.9413e+014	5.2500e-015
6.950e+000	5.8527e-006	-1.9486e+014	-1.9450e+014	1.9450e+014	5.2500e-015
6.960e+000	5.8537e-006	-1.9523e+014	-1.9486e+014	1.9486e+014	5.2500e-015
6.970e+000	5.8547e-006	-1.9559e+014	-1.9523e+014	1.9523e+014	5.2500e-015
6.980e+000	5.8558e-006	-1.9596e+014	-1.9559e+014	1.9559e+014	5.2500e-015
6.990e+000	5.8568e-006	-1.9632e+014	-1.9596e+014	1.9596e+014	5.2500e-015
7.000e+000	5.8578e-006	-1.9669e+014	-1.9632e+014	1.9632e+014	5.2500e-015
