Y (ang)	Ec (eV)	Ev (eV)	E (V/cm)	Ef (eV)	n (cm-3)	p (cm-3)	Nd - Na (cm-3)	el eval 1 (eV)	el eval 2 (eV)	el eval 3 (eV)	el eval 4 (eV)	el eval 5 (eV)	el eval 6 (eV)	el eval 7 (eV)	el eval 8 (eV)	el eval 9 (eV)	el eval 10 (eV)	el eval 11 (eV)
0.000000e+000	6.00000000e-001	-2.80000000e+000	2.80896104e+006	-0.00000000e+000	1.8691e+008	1.0000e-010	0.0000e+000
1.000000e+001	1.55289610e+000	-2.68710390e+000	-4.02966838e+005	0.00000000e+000	1.8238e-008	1.0000e-010	-1.6796e+020
2.000000e+001	1.51259942e+000	-2.72740058e+000	-4.02966838e+005	0.00000000e+000	8.7223e-008	1.0000e-010	0.0000e+000	-1.4895e-001	-3.5556e-003	4.7898e-002	7.5253e-002	9.3534e-002	1.0719e-001	1.1806e-001	1.2708e-001	1.3478e-001	1.4151e-001	1.4765e-001
3.000000e+001	1.47230274e+000	-2.76769726e+000	-4.02966838e+005	0.00000000e+000	4.1456e-007	1.0000e-010	0.0000e+000
4.000000e+001	1.43200605e+000	-2.80799395e+000	-4.02966838e+005	0.00000000e+000	1.9703e-006	1.0000e-010	0.0000e+000
5.000000e+001	1.39170937e+000	-2.84829063e+000	-4.02966838e+005	0.00000000e+000	9.3647e-006	1.0000e-010	0.0000e+000
6.000000e+001	1.35141269e+000	-2.88858731e+000	-4.02966838e+005	0.00000000e+000	4.4509e-005	1.0000e-010	0.0000e+000
7.000000e+001	1.31111600e+000	-2.92888400e+000	-4.02966838e+005	0.00000000e+000	2.1155e-004	1.0000e-010	0.0000e+000
8.000000e+001	1.27081932e+000	-2.96918068e+000	-4.02966838e+005	0.00000000e+000	1.0054e-003	1.0000e-010	0.0000e+000
9.000000e+001	1.23052263e+000	-3.00947737e+000	-4.02966838e+005	0.00000000e+000	4.7787e-003	1.0000e-010	0.0000e+000
1.000000e+002	1.19022595e+000	-3.04977405e+000	-4.02966838e+005	0.00000000e+000	2.2713e-002	1.0000e-010	0.0000e+000
1.100000e+002	1.14992927e+000	-3.09007073e+000	-4.02966838e+005	0.00000000e+000	1.0795e-001	1.0000e-010	0.0000e+000
1.200000e+002	1.10963258e+000	-3.13036742e+000	-4.02966838e+005	0.00000000e+000	5.1307e-001	1.0000e-010	0.0000e+000
1.300000e+002	1.06933590e+000	-3.17066410e+000	-4.02966838e+005	0.00000000e+000	2.4386e+000	1.0000e-010	0.0000e+000
1.400000e+002	1.02903922e+000	-3.21096078e+000	-4.02966838e+005	0.00000000e+000	1.1590e+001	1.0000e-010	0.0000e+000
1.500000e+002	9.88742531e-001	-3.25125747e+000	-4.02966838e+005	0.00000000e+000	5.5086e+001	1.0000e-010	0.0000e+000
1.600000e+002	9.48445847e-001	-3.29155415e+000	-4.02966838e+005	0.00000000e+000	2.6182e+002	1.0000e-010	0.0000e+000
1.700000e+002	9.08149164e-001	-3.33185084e+000	-4.02966838e+005	0.00000000e+000	1.2444e+003	1.0000e-010	0.0000e+000
1.800000e+002	8.67852480e-001	-3.37214752e+000	-4.02966838e+005	0.00000000e+000	5.9168e+003	1.0000e-010	0.0000e+000
1.900000e+002	8.27555796e-001	-3.41244420e+000	-4.02966838e+005	0.00000000e+000	2.8213e+004	1.0000e-010	0.0000e+000
2.000000e+002	7.87259112e-001	-3.45274089e+000	-4.02966838e+005	0.00000000e+000	1.3782e+005	1.0000e-010	0.0000e+000
2.100000e+002	7.46962428e-001	-3.49303757e+000	-4.02966838e+005	0.00000000e+000	8.0044e+005	1.0000e-010	0.0000e+000
2.200000e+002	7.06665745e-001	-3.53333426e+000	-4.02966838e+005	0.00000000e+000	9.2197e+006	1.0000e-010	0.0000e+000
2.300000e+002	6.66369061e-001	-3.57363094e+000	-4.02966838e+005	0.00000000e+000	2.3602e+008	1.0000e-010	0.0000e+000
2.400000e+002	6.26072377e-001	-3.61392762e+000	-4.02966838e+005	0.00000000e+000	7.6022e+009	1.0000e-010	0.0000e+000
2.500000e+002	5.85775693e-001	-3.65422431e+000	-4.02966843e+005	0.00000000e+000	2.4284e+011	1.0000e-010	0.0000e+000
2.600000e+002	5.45479009e-001	-3.69452099e+000	-4.02966988e+005	0.00000000e+000	7.3614e+012	1.0000e-010	0.0000e+000
2.700000e+002	5.05182310e-001	-3.73481769e+000	-4.02971108e+005	0.00000000e+000	2.0947e+014	1.0000e-010	0.0000e+000
2.800000e+002	4.64885199e-001	-3.77511480e+000	-4.03080454e+005	0.00000000e+000	5.5594e+015	1.0000e-010	0.0000e+000
2.900000e+002	4.24577154e-001	-3.81542285e+000	-4.05770970e+005	0.00000000e+000	1.3679e+017	1.0000e-010	0.0000e+000
3.000000e+002	3.84000057e-001	-3.85599994e+000	-4.66773702e+005	0.00000000e+000	3.1015e+018	1.0000e-010	0.0000e+000
3.100000e+002	-3.34677313e-001	-3.73467731e+000	1.52074564e+006	0.00000000e+000	6.4388e+019	1.0000e-010	1.6796e+020
3.200000e+002	-1.82602749e-001	-3.58260275e+000	7.45545368e+005	0.00000000e+000	4.0698e+019	1.0000e-010	0.0000e+000
3.300000e+002	-1.08048212e-001	-3.50804821e+000	4.41008177e+005	0.00000000e+000	1.5989e+019	1.0000e-010	0.0000e+000
3.400000e+002	-6.39473947e-002	-3.46394739e+000	2.97446626e+005	0.00000000e+000	7.5374e+018	1.0000e-010	0.0000e+000
3.500000e+002	-3.42027321e-002	-3.43420273e+000	2.11171796e+005	0.00000000e+000	4.5299e+018	1.0000e-010	0.0000e+000
3.600000e+002	-1.30855525e-002	-3.41308555e+000	1.57023116e+005	0.00000000e+000	2.8433e+018	1.0000e-010	0.0000e+000
3.700000e+002	2.61675910e-003	-3.39738324e+000	1.22716712e+005	0.00000000e+000	1.8015e+018	1.0000e-010	0.0000e+000
3.800000e+002	1.48884303e-002	-3.38511157e+000	1.00065708e+005	0.00000000e+000	1.1895e+018	1.0000e-010	0.0000e+000
3.900000e+002	2.48950011e-002	-3.37510500e+000	8.42520953e+004	0.00000000e+000	8.3051e+017	1.0000e-010	0.0000e+000
4.000000e+002	3.33202107e-002	-3.36667979e+000	7.26291745e+004	0.00000000e+000	6.1045e+017	1.0000e-010	0.0000e+000
4.100000e+002	4.05831281e-002	-3.35941687e+000	6.37503547e+004	0.00000000e+000	4.6635e+017	1.0000e-010	0.0000e+000
4.200000e+002	4.69581636e-002	-3.35304184e+000	5.67803031e+004	0.00000000e+000	3.6611e+017	1.0000e-010	0.0000e+000
4.300000e+002	5.26361939e-002	-3.34736381e+000	5.11773424e+004	0.00000000e+000	2.9432e+017	1.0000e-010	0.0000e+000
4.400000e+002	5.77539281e-002	-3.34224607e+000	4.65702831e+004	0.00000000e+000	2.4202e+017	1.0000e-010	0.0000e+000
4.500000e+002	6.24109564e-002	-3.33758904e+000	4.27144023e+004	0.00000000e+000	2.0256e+017	1.0000e-010	0.0000e+000
4.600000e+002	6.66823967e-002	-3.33331760e+000	3.94474879e+004	0.00000000e+000	1.7163e+017	1.0000e-010	0.0000e+000
4.700000e+002	7.06271455e-002	-3.32937285e+000	3.66483512e+004	0.00000000e+000	1.4706e+017	1.0000e-010	0.0000e+000
4.800000e+002	7.42919806e-002	-3.32570802e+000	3.42197480e+004	0.00000000e+000	1.2760e+017	1.0000e-010	0.0000e+000
4.900000e+002	7.77139554e-002	-3.32228604e+000	3.20888519e+004	0.00000000e+000	1.1196e+017	1.0000e-010	0.0000e+000
5.000000e+002	8.09228406e-002	-3.31907716e+000	3.02053958e+004	0.00000000e+000	9.8959e+016	1.0000e-010	0.0000e+000
5.100000e+002	8.39433801e-002	-3.31605662e+000	2.85322495e+004	0.00000000e+000	8.7911e+016	1.0000e-010	0.0000e+000
5.200000e+002	8.67966051e-002	-3.31320339e+000	2.70370018e+004	0.00000000e+000	7.8566e+016	1.0000e-010	0.0000e+000
5.300000e+002	8.95003053e-002	-3.31049969e+000	2.56905456e+004	0.00000000e+000	7.0750e+016	1.0000e-010	0.0000e+000
5.400000e+002	9.20693598e-002	-3.30793064e+000	2.44696923e+004	0.00000000e+000	6.4151e+016	1.0000e-010	0.0000e+000
5.500000e+002	9.45163291e-002	-3.30548367e+000	2.33580118e+004	0.00000000e+000	5.8416e+016	1.0000e-010	0.0000e+000
5.600000e+002	9.68521302e-002	-3.30314787e+000	2.23433331e+004	0.00000000e+000	5.3319e+016	1.0000e-010	0.0000e+000
5.700000e+002	9.90864636e-002	-3.30091354e+000	2.14145917e+004	0.00000000e+000	4.8804e+016	1.0000e-010	0.0000e+000
5.800000e+002	1.01227923e-001	-3.29877208e+000	2.05607308e+004	0.00000000e+000	4.4870e+016	1.0000e-010	0.0000e+000
5.900000e+002	1.03283996e-001	-3.29671600e+000	1.97716926e+004	0.00000000e+000	4.1465e+016	1.0000e-010	0.0000e+000
6.000000e+002	1.05261165e-001	-3.29473883e+000	1.90396675e+004	0.00000000e+000	3.8469e+016	1.0000e-010	0.0000e+000
6.100000e+002	1.07165132e-001	-3.29283487e+000	1.83591511e+004	0.00000000e+000	3.5763e+016	1.0000e-010	0.0000e+000
6.200000e+002	1.09001047e-001	-3.29099895e+000	1.77258788e+004	0.00000000e+000	3.3280e+016	1.0000e-010	0.0000e+000
6.300000e+002	1.10773635e-001	-3.28922637e+000	1.71356775e+004	0.00000000e+000	3.1017e+016	1.0000e-010	0.0000e+000
6.400000e+002	1.12487203e-001	-3.28751280e+000	1.65840771e+004	0.00000000e+000	2.8989e+016	1.0000e-010	0.0000e+000
6.500000e+002	1.14145610e-001	-3.28585439e+000	1.60667067e+004	0.00000000e+000	2.7190e+016	1.0000e-010	0.0000e+000
6.600000e+002	1.15752281e-001	-3.28424772e+000	1.55799107e+004	0.00000000e+000	2.5584e+016	1.0000e-010	0.0000e+000
6.700000e+002	1.17310272e-001	-3.28268973e+000	1.51210210e+004	0.00000000e+000	2.4117e+016	1.0000e-010	0.0000e+000
6.800000e+002	1.18822374e-001	-3.28117763e+000	1.46881310e+004	0.00000000e+000	2.2751e+016	1.0000e-010	0.0000e+000
6.900000e+002	1.20291187e-001	-3.27970881e+000	1.42796082e+004	0.00000000e+000	2.1470e+016	1.0000e-010	0.0000e+000
7.000000e+002	1.21719148e-001	-3.27828085e+000	1.38937010e+004	0.00000000e+000	2.0282e+016	1.0000e-010	0.0000e+000
7.100000e+002	1.23108518e-001	-3.27689148e+000	1.35284459e+004	0.00000000e+000	1.9197e+016	1.0000e-010	0.0000e+000
7.200000e+002	1.24461363e-001	-3.27553864e+000	1.31818472e+004	0.00000000e+000	1.8216e+016	1.0000e-010	0.0000e+000
7.300000e+002	1.25779547e-001	-3.27422045e+000	1.28521463e+004	0.00000000e+000	1.7328e+016	1.0000e-010	0.0000e+000
7.400000e+002	1.27064762e-001	-3.27293524e+000	1.25379958e+004	0.00000000e+000	1.6511e+016	1.0000e-010	0.0000e+000
7.500000e+002	1.28318562e-001	-3.27168144e+000	1.22384515e+004	0.00000000e+000	1.5744e+016	1.0000e-010	0.0000e+000
7.600000e+002	1.29542407e-001	-3.27045759e+000	1.19528166e+004	0.00000000e+000	1.5013e+016	1.0000e-010	0.0000e+000
7.700000e+002	1.30737688e-001	-3.26926231e+000	1.16804388e+004	0.00000000e+000	1.4316e+016	1.0000e-010	0.0000e+000
7.800000e+002	1.31905732e-001	-3.26809427e+000	1.14205615e+004	0.00000000e+000	1.3659e+016	1.0000e-010	0.0000e+000
7.900000e+002	1.33047788e-001	-3.26695221e+000	1.11722860e+004	0.00000000e+000	1.3049e+016	1.0000e-010	0.0000e+000
8.000000e+002	1.34165017e-001	-3.26583498e+000	1.09346294e+004	0.00000000e+000	1.2491e+016	1.0000e-010	0.0000e+000
8.100000e+002	1.35258480e-001	-3.26474152e+000	1.07066396e+004	0.00000000e+000	1.1983e+016	1.0000e-010	0.0000e+000
8.200000e+002	1.36329144e-001	-3.26367086e+000	1.04875073e+004	0.00000000e+000	1.1517e+016	1.0000e-010	0.0000e+000
8.300000e+002	1.37377895e-001	-3.26262211e+000	1.02766327e+004	0.00000000e+000	1.1083e+016	1.0000e-010	0.0000e+000
8.400000e+002	1.38405558e-001	-3.26159444e+000	1.00736298e+004	0.00000000e+000	1.0670e+016	1.0000e-010	0.0000e+000
8.500000e+002	1.39412921e-001	-3.26058708e+000	9.87827900e+003	0.00000000e+000	1.0268e+016	1.0000e-010	0.0000e+000
8.600000e+002	1.40400749e-001	-3.25959925e+000	9.69044929e+003	0.00000000e+000	9.8723e+015	1.0000e-010	0.0000e+000
8.700000e+002	1.41369794e-001	-3.25863021e+000	9.51001761e+003	0.00000000e+000	9.4834e+015	1.0000e-010	0.0000e+000
8.800000e+002	1.42320796e-001	-3.25767920e+000	9.33680524e+003	0.00000000e+000	9.1038e+015	1.0000e-010	0.0000e+000
8.900000e+002	1.43254476e-001	-3.25674552e+000	9.17054250e+003	0.00000000e+000	8.7384e+015	1.0000e-010	0.0000e+000
9.000000e+002	1.44171530e-001	-3.25582847e+000	9.01086278e+003	0.00000000e+000	8.3923e+015	1.0000e-010	0.0000e+000
9.100000e+002	1.45072617e-001	-3.25492738e+000	8.85731970e+003	0.00000000e+000	8.0696e+015	1.0000e-010	0.0000e+000
9.200000e+002	1.45958349e-001	-3.25404165e+000	8.70941858e+003	0.00000000e+000	7.7729e+015	1.0000e-010	0.0000e+000
9.300000e+002	1.46829290e-001	-3.25317071e+000	8.56665250e+003	0.00000000e+000	7.5028e+015	1.0000e-010	0.0000e+000
9.400000e+002	1.47685956e-001	-3.25231404e+000	8.42853387e+003	0.00000000e+000	7.2585e+015	1.0000e-010	0.0000e+000
9.500000e+002	1.48528809e-001	-3.25147119e+000	8.29462574e+003	0.00000000e+000	7.0371e+015	1.0000e-010	0.0000e+000
9.600000e+002	1.49358272e-001	-3.25064173e+000	8.16455516e+003	0.00000000e+000	6.8353e+015	1.0000e-010	0.0000e+000
9.700000e+002	1.50174727e-001	-3.24982527e+000	8.03802441e+003	0.00000000e+000	6.6492e+015	1.0000e-010	0.0000e+000
9.800000e+002	1.50978530e-001	-3.24902147e+000	7.91481662e+003	0.00000000e+000	6.4746e+015	1.0000e-010	0.0000e+000
9.900000e+002	1.51770011e-001	-3.24822999e+000	7.79480068e+003	0.00000000e+000	6.3069e+015	1.0000e-010	0.0000e+000
1.000000e+003	1.52549491e-001	-3.24745051e+000	7.67801293e+003	0.00000000e+000	6.1375e+015	1.0000e-010	0.0000e+000	-1.4895e-001	-3.5556e-003	4.7898e-002	7.5253e-002	9.3534e-002	1.0719e-001	1.1806e-001	1.2708e-001	1.3478e-001	1.4151e-001	1.4765e-001
1.010000e+003	1.53317293e-001	-3.24668271e+000	7.56440409e+003	0.00000000e+000	5.9663e+015	1.0000e-010	0.0000e+000
1.020000e+003	1.54073733e-001	-3.24592627e+000	7.45407133e+003	0.00000000e+000	5.7943e+015	1.0000e-010	0.0000e+000
1.030000e+003	1.54819140e-001	-3.24518086e+000	7.34687443e+003	0.00000000e+000	5.6296e+015	1.0000e-010	0.0000e+000
1.040000e+003	1.55553828e-001	-3.24444617e+000	7.24268108e+003	0.00000000e+000	5.4718e+015	1.0000e-010	0.0000e+000
1.050000e+003	1.56278096e-001	-3.24372190e+000	7.14136630e+003	0.00000000e+000	5.3206e+015	1.0000e-010	0.0000e+000
1.060000e+003	1.56992232e-001	-3.24300777e+000	7.04281194e+003	0.00000000e+000	5.1756e+015	1.0000e-010	0.0000e+000
1.070000e+003	1.57696514e-001	-3.24230349e+000	6.94690623e+003	0.00000000e+000	5.0365e+015	1.0000e-010	0.0000e+000
1.080000e+003	1.58391204e-001	-3.24160880e+000	6.85354337e+003	0.00000000e+000	4.9029e+015	1.0000e-010	0.0000e+000
1.090000e+003	1.59076558e-001	-3.24092344e+000	6.76262310e+003	0.00000000e+000	4.7747e+015	1.0000e-010	0.0000e+000
1.100000e+003	1.59752821e-001	-3.24024718e+000	6.67405038e+003	0.00000000e+000	4.6514e+015	1.0000e-010	0.0000e+000
1.110000e+003	1.60420226e-001	-3.23957977e+000	6.58773503e+003	0.00000000e+000	4.5328e+015	1.0000e-010	0.0000e+000
1.120000e+003	1.61078999e-001	-3.23892100e+000	6.50359141e+003	0.00000000e+000	4.4187e+015	1.0000e-010	0.0000e+000
1.130000e+003	1.61729358e-001	-3.23827064e+000	6.42153820e+003	0.00000000e+000	4.3089e+015	1.0000e-010	0.0000e+000
1.140000e+003	1.62371512e-001	-3.23762849e+000	6.34149805e+003	0.00000000e+000	4.2032e+015	1.0000e-010	0.0000e+000
1.150000e+003	1.63005662e-001	-3.23699434e+000	6.26339740e+003	0.00000000e+000	4.1014e+015	1.0000e-010	0.0000e+000
1.160000e+003	1.63632002e-001	-3.23636800e+000	6.18716623e+003	0.00000000e+000	4.0032e+015	1.0000e-010	0.0000e+000
1.170000e+003	1.64250718e-001	-3.23574928e+000	6.11273784e+003	0.00000000e+000	3.9085e+015	1.0000e-010	0.0000e+000
1.180000e+003	1.64861992e-001	-3.23513801e+000	6.04004868e+003	0.00000000e+000	3.8171e+015	1.0000e-010	0.0000e+000
1.190000e+003	1.65465997e-001	-3.23453400e+000	5.96903814e+003	0.00000000e+000	3.7290e+015	1.0000e-010	0.0000e+000
1.200000e+003	1.66062901e-001	-3.23393710e+000	5.89964839e+003	0.00000000e+000	3.6439e+015	1.0000e-010	0.0000e+000
1.210000e+003	1.66652866e-001	-3.23334713e+000	5.83182425e+003	0.00000000e+000	3.5616e+015	1.0000e-010	0.0000e+000
1.220000e+003	1.67236048e-001	-3.23276395e+000	5.76551300e+003	0.00000000e+000	3.4822e+015	1.0000e-010	0.0000e+000
1.230000e+003	1.67812600e-001	-3.23218740e+000	5.70066425e+003	0.00000000e+000	3.4054e+015	1.0000e-010	0.0000e+000
1.240000e+003	1.68382666e-001	-3.23161733e+000	5.63722983e+003	0.00000000e+000	3.3311e+015	1.0000e-010	0.0000e+000
1.250000e+003	1.68946389e-001	-3.23105361e+000	5.57516369e+003	0.00000000e+000	3.2592e+015	1.0000e-010	0.0000e+000
1.260000e+003	1.69503905e-001	-3.23049609e+000	5.51442171e+003	0.00000000e+000	3.1897e+015	1.0000e-010	0.0000e+000
1.270000e+003	1.70055347e-001	-3.22994465e+000	5.45496168e+003	0.00000000e+000	3.1224e+015	1.0000e-010	0.0000e+000
1.280000e+003	1.70600844e-001	-3.22939916e+000	5.39674316e+003	0.00000000e+000	3.0572e+015	1.0000e-010	0.0000e+000
1.290000e+003	1.71140518e-001	-3.22885948e+000	5.33972739e+003	0.00000000e+000	2.9940e+015	1.0000e-010	0.0000e+000
1.300000e+003	1.71674491e-001	-3.22832551e+000	5.28387719e+003	0.00000000e+000	2.9328e+015	1.0000e-010	0.0000e+000
1.310000e+003	1.72202878e-001	-3.22779712e+000	5.22915693e+003	0.00000000e+000	2.8734e+015	1.0000e-010	0.0000e+000
1.320000e+003	1.72725794e-001	-3.22727421e+000	5.17553240e+003	0.00000000e+000	2.8159e+015	1.0000e-010	0.0000e+000
1.330000e+003	1.73243347e-001	-3.22675665e+000	5.12297074e+003	0.00000000e+000	2.7601e+015	1.0000e-010	0.0000e+000
1.340000e+003	1.73755644e-001	-3.22624436e+000	5.07144042e+003	0.00000000e+000	2.7059e+015	1.0000e-010	0.0000e+000
1.350000e+003	1.74262788e-001	-3.22573721e+000	5.02091113e+003	0.00000000e+000	2.6533e+015	1.0000e-010	0.0000e+000
1.360000e+003	1.74764880e-001	-3.22523512e+000	4.97135375e+003	0.00000000e+000	2.6023e+015	1.0000e-010	0.0000e+000
1.370000e+003	1.75262015e-001	-3.22473799e+000	4.92274024e+003	0.00000000e+000	2.5527e+015	1.0000e-010	0.0000e+000
1.380000e+003	1.75754289e-001	-3.22424571e+000	4.87504368e+003	0.00000000e+000	2.5046e+015	1.0000e-010	0.0000e+000
1.390000e+003	1.76241793e-001	-3.22375821e+000	4.82823813e+003	0.00000000e+000	2.4578e+015	1.0000e-010	0.0000e+000
1.400000e+003	1.76724617e-001	-3.22327538e+000	4.78229863e+003	0.00000000e+000	2.4123e+015	1.0000e-010	0.0000e+000
1.410000e+003	1.77202847e-001	-3.22279715e+000	4.73720115e+003	0.00000000e+000	2.3681e+015	1.0000e-010	0.0000e+000
1.420000e+003	1.77676567e-001	-3.22232343e+000	4.69292251e+003	0.00000000e+000	2.3251e+015	1.0000e-010	0.0000e+000
1.430000e+003	1.78145859e-001	-3.22185414e+000	4.64944042e+003	0.00000000e+000	2.2833e+015	1.0000e-010	0.0000e+000
1.440000e+003	1.78610803e-001	-3.22138920e+000	4.60673336e+003	0.00000000e+000	2.2426e+015	1.0000e-010	0.0000e+000
1.450000e+003	1.79071477e-001	-3.22092852e+000	4.56478058e+003	0.00000000e+000	2.2029e+015	1.0000e-010	0.0000e+000
1.460000e+003	1.79527955e-001	-3.22047205e+000	4.52356207e+003	0.00000000e+000	2.1644e+015	1.0000e-010	0.0000e+000
1.470000e+003	1.79980311e-001	-3.22001969e+000	4.48305853e+003	0.00000000e+000	2.1268e+015	1.0000e-010	0.0000e+000
1.480000e+003	1.80428617e-001	-3.21957138e+000	4.44325132e+003	0.00000000e+000	2.0903e+015	1.0000e-010	0.0000e+000
1.490000e+003	1.80872942e-001	-3.21912706e+000	4.40412244e+003	0.00000000e+000	2.0546e+015	1.0000e-010	0.0000e+000
1.500000e+003	1.81313354e-001	-3.21868665e+000	4.36565450e+003	0.00000000e+000	2.0199e+015	1.0000e-010	0.0000e+000
1.510000e+003	1.81749920e-001	-3.21825008e+000	4.32783073e+003	0.00000000e+000	1.9861e+015	1.0000e-010	0.0000e+000
1.520000e+003	1.82182703e-001	-3.21781730e+000	4.29063489e+003	0.00000000e+000	1.9531e+015	1.0000e-010	0.0000e+000
1.530000e+003	1.82611766e-001	-3.21738823e+000	4.25405128e+003	0.00000000e+000	1.9210e+015	1.0000e-010	0.0000e+000
1.540000e+003	1.83037171e-001	-3.21696283e+000	4.21806475e+003	0.00000000e+000	1.8896e+015	1.0000e-010	0.0000e+000
1.550000e+003	1.83458978e-001	-3.21654102e+000	4.18266062e+003	0.00000000e+000	1.8590e+015	1.0000e-010	0.0000e+000
1.560000e+003	1.83877244e-001	-3.21612276e+000	4.14782469e+003	0.00000000e+000	1.8292e+015	1.0000e-010	0.0000e+000
1.570000e+003	1.84292026e-001	-3.21570797e+000	4.11354323e+003	0.00000000e+000	1.8001e+015	1.0000e-010	0.0000e+000
1.580000e+003	1.84703381e-001	-3.21529662e+000	4.07980294e+003	0.00000000e+000	1.7717e+015	1.0000e-010	0.0000e+000
1.590000e+003	1.85111361e-001	-3.21488864e+000	4.04659093e+003	0.00000000e+000	1.7439e+015	1.0000e-010	0.0000e+000
1.600000e+003	1.85516020e-001	-3.21448398e+000	4.01389474e+003	0.00000000e+000	1.7168e+015	1.0000e-010	0.0000e+000
1.610000e+003	1.85917410e-001	-3.21408259e+000	3.98170229e+003	0.00000000e+000	1.6904e+015	1.0000e-010	0.0000e+000
1.620000e+003	1.86315580e-001	-3.21368442e+000	3.95000186e+003	0.00000000e+000	1.6645e+015	1.0000e-010	0.0000e+000
1.630000e+003	1.86710580e-001	-3.21328942e+000	3.91878211e+003	0.00000000e+000	1.6393e+015	1.0000e-010	0.0000e+000
1.640000e+003	1.87102458e-001	-3.21289754e+000	3.88803204e+003	0.00000000e+000	1.6146e+015	1.0000e-010	0.0000e+000
1.650000e+003	1.87491261e-001	-3.21250874e+000	3.85774097e+003	0.00000000e+000	1.5905e+015	1.0000e-010	0.0000e+000
1.660000e+003	1.87877035e-001	-3.21212296e+000	3.82789857e+003	0.00000000e+000	1.5670e+015	1.0000e-010	0.0000e+000
1.670000e+003	1.88259825e-001	-3.21174017e+000	3.79849479e+003	0.00000000e+000	1.5439e+015	1.0000e-010	0.0000e+000
1.680000e+003	1.88639675e-001	-3.21136033e+000	3.76951988e+003	0.00000000e+000	1.5214e+015	1.0000e-010	0.0000e+000
1.690000e+003	1.89016627e-001	-3.21098337e+000	3.74096440e+003	0.00000000e+000	1.4994e+015	1.0000e-010	0.0000e+000
1.700000e+003	1.89390723e-001	-3.21060928e+000	3.71281916e+003	0.00000000e+000	1.4779e+015	1.0000e-010	0.0000e+000
1.710000e+003	1.89762005e-001	-3.21023799e+000	3.68507524e+003	0.00000000e+000	1.4568e+015	1.0000e-010	0.0000e+000
1.720000e+003	1.90130513e-001	-3.20986949e+000	3.65772400e+003	0.00000000e+000	1.4362e+015	1.0000e-010	0.0000e+000
1.730000e+003	1.90496285e-001	-3.20950371e+000	3.63075702e+003	0.00000000e+000	1.4160e+015	1.0000e-010	0.0000e+000
1.740000e+003	1.90859361e-001	-3.20914064e+000	3.60416613e+003	0.00000000e+000	1.3962e+015	1.0000e-010	0.0000e+000
1.750000e+003	1.91219777e-001	-3.20878022e+000	3.57794338e+003	0.00000000e+000	1.3769e+015	1.0000e-010	0.0000e+000
1.760000e+003	1.91577572e-001	-3.20842243e+000	3.55208106e+003	0.00000000e+000	1.3580e+015	1.0000e-010	0.0000e+000
1.770000e+003	1.91932780e-001	-3.20806722e+000	3.52657166e+003	0.00000000e+000	1.3394e+015	1.0000e-010	0.0000e+000
1.780000e+003	1.92285437e-001	-3.20771456e+000	3.50140788e+003	0.00000000e+000	1.3213e+015	1.0000e-010	0.0000e+000
1.790000e+003	1.92635578e-001	-3.20736442e+000	3.47658262e+003	0.00000000e+000	1.3035e+015	1.0000e-010	0.0000e+000
1.800000e+003	1.92983236e-001	-3.20701676e+000	3.45208897e+003	0.00000000e+000	1.2861e+015	1.0000e-010	0.0000e+000
1.810000e+003	1.93328445e-001	-3.20667156e+000	3.42792023e+003	0.00000000e+000	1.2690e+015	1.0000e-010	0.0000e+000
1.820000e+003	1.93671237e-001	-3.20632876e+000	3.40406984e+003	0.00000000e+000	1.2523e+015	1.0000e-010	0.0000e+000
1.830000e+003	1.94011644e-001	-3.20598836e+000	3.38053144e+003	0.00000000e+000	1.2359e+015	1.0000e-010	0.0000e+000
1.840000e+003	1.94349697e-001	-3.20565030e+000	3.35729884e+003	0.00000000e+000	1.2199e+015	1.0000e-010	0.0000e+000
1.850000e+003	1.94685427e-001	-3.20531457e+000	3.33436600e+003	0.00000000e+000	1.2041e+015	1.0000e-010	0.0000e+000
1.860000e+003	1.95018864e-001	-3.20498114e+000	3.31172705e+003	0.00000000e+000	1.1887e+015	1.0000e-010	0.0000e+000
1.870000e+003	1.95350036e-001	-3.20464996e+000	3.28937626e+003	0.00000000e+000	1.1736e+015	1.0000e-010	0.0000e+000
1.880000e+003	1.95678974e-001	-3.20432103e+000	3.26730805e+003	0.00000000e+000	1.1587e+015	1.0000e-010	0.0000e+000
1.890000e+003	1.96005705e-001	-3.20399430e+000	3.24551701e+003	0.00000000e+000	1.1442e+015	1.0000e-010	0.0000e+000
1.900000e+003	1.96330256e-001	-3.20366974e+000	3.22399782e+003	0.00000000e+000	1.1299e+015	1.0000e-010	0.0000e+000
1.910000e+003	1.96652656e-001	-3.20334734e+000	3.20274533e+003	0.00000000e+000	1.1159e+015	1.0000e-010	0.0000e+000
1.920000e+003	1.96972931e-001	-3.20302707e+000	3.18175451e+003	0.00000000e+000	1.1022e+015	1.0000e-010	0.0000e+000
1.930000e+003	1.97291106e-001	-3.20270889e+000	3.16102045e+003	0.00000000e+000	1.0887e+015	1.0000e-010	0.0000e+000
1.940000e+003	1.97607208e-001	-3.20239279e+000	3.14053837e+003	0.00000000e+000	1.0755e+015	1.0000e-010	0.0000e+000
1.950000e+003	1.97921262e-001	-3.20207874e+000	3.12030360e+003	0.00000000e+000	1.0625e+015	1.0000e-010	0.0000e+000
1.960000e+003	1.98233292e-001	-3.20176671e+000	3.10031160e+003	0.00000000e+000	1.0497e+015	1.0000e-010	0.0000e+000
1.970000e+003	1.98543324e-001	-3.20145668e+000	3.08055792e+003	0.00000000e+000	1.0372e+015	1.0000e-010	0.0000e+000
1.980000e+003	1.98851379e-001	-3.20114862e+000	3.06103823e+003	0.00000000e+000	1.0249e+015	1.0000e-010	0.0000e+000
1.990000e+003	1.99157483e-001	-3.20084252e+000	3.04174831e+003	0.00000000e+000	1.0129e+015	1.0000e-010	0.0000e+000
2.000000e+003	1.99461658e-001	-3.20053834e+000	3.02268402e+003	0.00000000e+000	1.0010e+015	1.0000e-010	0.0000e+000
2.010000e+003	1.99763926e-001	-3.20023607e+000	3.00384133e+003	0.00000000e+000	9.8937e+014	1.0000e-010	0.0000e+000
2.020000e+003	2.00064311e-001	-3.19993569e+000	2.98521632e+003	0.00000000e+000	9.7794e+014	1.0000e-010	0.0000e+000
2.030000e+003	2.00362832e-001	-3.19963717e+000	2.96680515e+003	0.00000000e+000	9.6671e+014	1.0000e-010	0.0000e+000
2.040000e+003	2.00659513e-001	-3.19934049e+000	2.94860405e+003	0.00000000e+000	9.5568e+014	1.0000e-010	0.0000e+000
2.050000e+003	2.00954373e-001	-3.19904563e+000	2.93060937e+003	0.00000000e+000	9.4484e+014	1.0000e-010	0.0000e+000
2.060000e+003	2.01247434e-001	-3.19875257e+000	2.91281753e+003	0.00000000e+000	9.3419e+014	1.0000e-010	0.0000e+000
2.070000e+003	2.01538716e-001	-3.19846128e+000	2.89522502e+003	0.00000000e+000	9.2372e+014	1.0000e-010	0.0000e+000
2.080000e+003	2.01828238e-001	-3.19817176e+000	2.87782845e+003	0.00000000e+000	9.1343e+014	1.0000e-010	0.0000e+000
2.090000e+003	2.02116021e-001	-3.19788398e+000	2.86062445e+003	0.00000000e+000	9.0332e+014	1.0000e-010	0.0000e+000
2.100000e+003	2.02402084e-001	-3.19759792e+000	2.84360978e+003	0.00000000e+000	8.9338e+014	1.0000e-010	0.0000e+000
2.110000e+003	2.02686445e-001	-3.19731356e+000	2.82678123e+003	0.00000000e+000	8.8360e+014	1.0000e-010	0.0000e+000
2.120000e+003	2.02969123e-001	-3.19703088e+000	2.81013569e+003	0.00000000e+000	8.7399e+014	1.0000e-010	0.0000e+000
2.130000e+003	2.03250136e-001	-3.19674986e+000	2.79367012e+003	0.00000000e+000	8.6454e+014	1.0000e-010	0.0000e+000
2.140000e+003	2.03529503e-001	-3.19647050e+000	2.77738151e+003	0.00000000e+000	8.5525e+014	1.0000e-010	0.0000e+000
2.150000e+003	2.03807241e-001	-3.19619276e+000	2.76126697e+003	0.00000000e+000	8.4611e+014	1.0000e-010	0.0000e+000
2.160000e+003	2.04083368e-001	-3.19591663e+000	2.74532363e+003	0.00000000e+000	8.3712e+014	1.0000e-010	0.0000e+000
2.170000e+003	2.04357901e-001	-3.19564210e+000	2.72954870e+003	0.00000000e+000	8.2828e+014	1.0000e-010	0.0000e+000
2.180000e+003	2.04630855e-001	-3.19536914e+000	2.71393946e+003	0.00000000e+000	8.1958e+014	1.0000e-010	0.0000e+000
2.190000e+003	2.04902249e-001	-3.19509775e+000	2.69849322e+003	0.00000000e+000	8.1102e+014	1.0000e-010	0.0000e+000
2.200000e+003	2.05172099e-001	-3.19482790e+000	2.68320738e+003	0.00000000e+000	8.0260e+014	1.0000e-010	0.0000e+000
2.210000e+003	2.05440419e-001	-3.19455958e+000	2.66807936e+003	0.00000000e+000	7.9431e+014	1.0000e-010	0.0000e+000
2.220000e+003	2.05707227e-001	-3.19429277e+000	2.65310668e+003	0.00000000e+000	7.8615e+014	1.0000e-010	0.0000e+000
2.230000e+003	2.05972538e-001	-3.19402746e+000	2.63828687e+003	0.00000000e+000	7.7813e+014	1.0000e-010	0.0000e+000
2.240000e+003	2.06236367e-001	-3.19376363e+000	2.62361753e+003	0.00000000e+000	7.7023e+014	1.0000e-010	0.0000e+000
2.250000e+003	2.06498728e-001	-3.19350127e+000	2.60909632e+003	0.00000000e+000	7.6245e+014	1.0000e-010	0.0000e+000
2.260000e+003	2.06759638e-001	-3.19324036e+000	2.59472092e+003	0.00000000e+000	7.5479e+014	1.0000e-010	0.0000e+000
2.270000e+003	2.07019110e-001	-3.19298089e+000	2.58048908e+003	0.00000000e+000	7.4725e+014	1.0000e-010	0.0000e+000
2.280000e+003	2.07277159e-001	-3.19272284e+000	2.56639859e+003	0.00000000e+000	7.3983e+014	1.0000e-010	0.0000e+000
2.290000e+003	2.07533799e-001	-3.19246620e+000	2.55244730e+003	0.00000000e+000	7.3252e+014	1.0000e-010	0.0000e+000
2.300000e+003	2.07789044e-001	-3.19221096e+000	2.53863307e+003	0.00000000e+000	7.2533e+014	1.0000e-010	0.0000e+000
2.310000e+003	2.08042907e-001	-3.19195709e+000	2.52495383e+003	0.00000000e+000	7.1824e+014	1.0000e-010	0.0000e+000
2.320000e+003	2.08295402e-001	-3.19170460e+000	2.51140754e+003	0.00000000e+000	7.1126e+014	1.0000e-010	0.0000e+000
2.330000e+003	2.08546543e-001	-3.19145346e+000	2.49799221e+003	0.00000000e+000	7.0438e+014	1.0000e-010	0.0000e+000
2.340000e+003	2.08796342e-001	-3.19120366e+000	2.48470589e+003	0.00000000e+000	6.9761e+014	1.0000e-010	0.0000e+000
2.350000e+003	2.09044813e-001	-3.19095519e+000	2.47154666e+003	0.00000000e+000	6.9093e+014	1.0000e-010	0.0000e+000
2.360000e+003	2.09291968e-001	-3.19070803e+000	2.45851263e+003	0.00000000e+000	6.8436e+014	1.0000e-010	0.0000e+000
2.370000e+003	2.09537819e-001	-3.19046218e+000	2.44560197e+003	0.00000000e+000	6.7788e+014	1.0000e-010	0.0000e+000
2.380000e+003	2.09782379e-001	-3.19021762e+000	2.43281286e+003	0.00000000e+000	6.7150e+014	1.0000e-010	0.0000e+000
2.390000e+003	2.10025660e-001	-3.18997434e+000	2.42014355e+003	0.00000000e+000	6.6521e+014	1.0000e-010	0.0000e+000
2.400000e+003	2.10267675e-001	-3.18973233e+000	2.40759228e+003	0.00000000e+000	6.5901e+014	1.0000e-010	0.0000e+000
2.410000e+003	2.10508434e-001	-3.18949157e+000	2.39515736e+003	0.00000000e+000	6.5290e+014	1.0000e-010	0.0000e+000
2.420000e+003	2.10747950e-001	-3.18925205e+000	2.38283712e+003	0.00000000e+000	6.4688e+014	1.0000e-010	0.0000e+000
2.430000e+003	2.10986233e-001	-3.18901377e+000	2.37062992e+003	0.00000000e+000	6.4094e+014	1.0000e-010	0.0000e+000
2.440000e+003	2.11223296e-001	-3.18877670e+000	2.35853414e+003	0.00000000e+000	6.3509e+014	1.0000e-010	0.0000e+000
2.450000e+003	2.11459150e-001	-3.18854085e+000	2.34654822e+003	0.00000000e+000	6.2932e+014	1.0000e-010	0.0000e+000
2.460000e+003	2.11693805e-001	-3.18830620e+000	2.33467059e+003	0.00000000e+000	6.2364e+014	1.0000e-010	0.0000e+000
2.470000e+003	2.11927272e-001	-3.18807273e+000	2.32289975e+003	0.00000000e+000	6.1803e+014	1.0000e-010	0.0000e+000
2.480000e+003	2.12159562e-001	-3.18784044e+000	2.31123420e+003	0.00000000e+000	6.1250e+014	1.0000e-010	0.0000e+000
2.490000e+003	2.12390685e-001	-3.18760931e+000	2.29967248e+003	0.00000000e+000	6.0705e+014	1.0000e-010	0.0000e+000
2.500000e+003	2.12620652e-001	-3.18737935e+000	2.28821315e+003	0.00000000e+000	6.0167e+014	1.0000e-010	0.0000e+000
2.510000e+003	2.12849474e-001	-3.18715053e+000	2.27685481e+003	0.00000000e+000	5.9637e+014	1.0000e-010	0.0000e+000
2.520000e+003	2.13077159e-001	-3.18692284e+000	2.26559606e+003	0.00000000e+000	5.9114e+014	1.0000e-010	0.0000e+000
2.530000e+003	2.13303719e-001	-3.18669628e+000	2.25443554e+003	0.00000000e+000	5.8598e+014	1.0000e-010	0.0000e+000
2.540000e+003	2.13529162e-001	-3.18647084e+000	2.24337193e+003	0.00000000e+000	5.8090e+014	1.0000e-010	0.0000e+000
2.550000e+003	2.13753499e-001	-3.18624650e+000	2.23240391e+003	0.00000000e+000	5.7588e+014	1.0000e-010	0.0000e+000
2.560000e+003	2.13976740e-001	-3.18602326e+000	2.22153020e+003	0.00000000e+000	5.7092e+014	1.0000e-010	0.0000e+000
2.570000e+003	2.14198893e-001	-3.18580111e+000	2.21074952e+003	0.00000000e+000	5.6604e+014	1.0000e-010	0.0000e+000
2.580000e+003	2.14419968e-001	-3.18558003e+000	2.20006065e+003	0.00000000e+000	5.6122e+014	1.0000e-010	0.0000e+000
2.590000e+003	2.14639974e-001	-3.18536003e+000	2.18946235e+003	0.00000000e+000	5.5646e+014	1.0000e-010	0.0000e+000
2.600000e+003	2.14858920e-001	-3.18514108e+000	2.17895344e+003	0.00000000e+000	5.5177e+014	1.0000e-010	0.0000e+000
2.610000e+003	2.15076815e-001	-3.18492318e+000	2.16853272e+003	0.00000000e+000	5.4714e+014	1.0000e-010	0.0000e+000
2.620000e+003	2.15293669e-001	-3.18470633e+000	2.15819906e+003	0.00000000e+000	5.4257e+014	1.0000e-010	0.0000e+000
2.630000e+003	2.15509489e-001	-3.18449051e+000	2.14795130e+003	0.00000000e+000	5.3806e+014	1.0000e-010	0.0000e+000
2.640000e+003	2.15724284e-001	-3.18427572e+000	2.13778833e+003	0.00000000e+000	5.3360e+014	1.0000e-010	0.0000e+000
2.650000e+003	2.15938063e-001	-3.18406194e+000	2.12770906e+003	0.00000000e+000	5.2921e+014	1.0000e-010	0.0000e+000
2.660000e+003	2.16150833e-001	-3.18384917e+000	2.11771241e+003	0.00000000e+000	5.2487e+014	1.0000e-010	0.0000e+000
2.670000e+003	2.16362605e-001	-3.18363740e+000	2.10779731e+003	0.00000000e+000	5.2059e+014	1.0000e-010	0.0000e+000
2.680000e+003	2.16573384e-001	-3.18342662e+000	2.09796272e+003	0.00000000e+000	5.1636e+014	1.0000e-010	0.0000e+000
2.690000e+003	2.16783181e-001	-3.18321682e+000	2.08820762e+003	0.00000000e+000	5.1219e+014	1.0000e-010	0.0000e+000
2.700000e+003	2.16992001e-001	-3.18300800e+000	2.07853100e+003	0.00000000e+000	5.0807e+014	1.0000e-010	0.0000e+000
2.710000e+003	2.17199855e-001	-3.18280015e+000	2.06893186e+003	0.00000000e+000	5.0400e+014	1.0000e-010	0.0000e+000
2.720000e+003	2.17406748e-001	-3.18259325e+000	2.05940925e+003	0.00000000e+000	4.9998e+014	1.0000e-010	0.0000e+000
2.730000e+003	2.17612689e-001	-3.18238731e+000	2.04996219e+003	0.00000000e+000	4.9601e+014	1.0000e-010	0.0000e+000
2.740000e+003	2.17817685e-001	-3.18218232e+000	2.04058974e+003	0.00000000e+000	4.9210e+014	1.0000e-010	0.0000e+000
2.750000e+003	2.18021744e-001	-3.18197826e+000	2.03129099e+003	0.00000000e+000	4.8823e+014	1.0000e-010	0.0000e+000
2.760000e+003	2.18224873e-001	-3.18177513e+000	2.02206501e+003	0.00000000e+000	4.8441e+014	1.0000e-010	0.0000e+000
2.770000e+003	2.18427079e-001	-3.18157292e+000	2.01291092e+003	0.00000000e+000	4.8063e+014	1.0000e-010	0.0000e+000
2.780000e+003	2.18628371e-001	-3.18137163e+000	2.00382782e+003	0.00000000e+000	4.7690e+014	1.0000e-010	0.0000e+000
2.790000e+003	2.18828753e-001	-3.18117125e+000	1.99481485e+003	0.00000000e+000	4.7322e+014	1.0000e-010	0.0000e+000
2.800000e+003	2.19028235e-001	-3.18097177e+000	1.98587117e+003	0.00000000e+000	4.6958e+014	1.0000e-010	0.0000e+000
2.810000e+003	2.19226822e-001	-3.18077318e+000	1.97699592e+003	0.00000000e+000	4.6599e+014	1.0000e-010	0.0000e+000
2.820000e+003	2.19424522e-001	-3.18057548e+000	1.96818829e+003	0.00000000e+000	4.6244e+014	1.0000e-010	0.0000e+000
2.830000e+003	2.19621340e-001	-3.18037866e+000	1.95944746e+003	0.00000000e+000	4.5893e+014	1.0000e-010	0.0000e+000
2.840000e+003	2.19817285e-001	-3.18018271e+000	1.95077263e+003	0.00000000e+000	4.5547e+014	1.0000e-010	0.0000e+000
2.850000e+003	2.20012362e-001	-3.17998764e+000	1.94216301e+003	0.00000000e+000	4.5204e+014	1.0000e-010	0.0000e+000
2.860000e+003	2.20206579e-001	-3.17979342e+000	1.93361783e+003	0.00000000e+000	4.4866e+014	1.0000e-010	0.0000e+000
2.870000e+003	2.20399940e-001	-3.17960006e+000	1.92513633e+003	0.00000000e+000	4.4532e+014	1.0000e-010	0.0000e+000
2.880000e+003	2.20592454e-001	-3.17940755e+000	1.91671775e+003	0.00000000e+000	4.4201e+014	1.0000e-010	0.0000e+000
2.890000e+003	2.20784126e-001	-3.17921587e+000	1.90836136e+003	0.00000000e+000	4.3875e+014	1.0000e-010	0.0000e+000
2.900000e+003	2.20974962e-001	-3.17902504e+000	1.90006642e+003	0.00000000e+000	4.3552e+014	1.0000e-010	0.0000e+000
2.910000e+003	2.21164969e-001	-3.17883503e+000	1.89183223e+003	0.00000000e+000	4.3233e+014	1.0000e-010	0.0000e+000
2.920000e+003	2.21354152e-001	-3.17864585e+000	1.88365808e+003	0.00000000e+000	4.2918e+014	1.0000e-010	0.0000e+000
2.930000e+003	2.21542518e-001	-3.17845748e+000	1.87554327e+003	0.00000000e+000	4.2606e+014	1.0000e-010	0.0000e+000
2.940000e+003	2.21730072e-001	-3.17826993e+000	1.86748712e+003	0.00000000e+000	4.2298e+014	1.0000e-010	0.0000e+000
2.950000e+003	2.21916821e-001	-3.17808318e+000	1.85948895e+003	0.00000000e+000	4.1994e+014	1.0000e-010	0.0000e+000
2.960000e+003	2.22102770e-001	-3.17789723e+000	1.85154811e+003	0.00000000e+000	4.1693e+014	1.0000e-010	0.0000e+000
2.970000e+003	2.22287924e-001	-3.17771208e+000	1.84366394e+003	0.00000000e+000	4.1395e+014	1.0000e-010	0.0000e+000
2.980000e+003	2.22472291e-001	-3.17752771e+000	1.83583579e+003	0.00000000e+000	4.1101e+014	1.0000e-010	0.0000e+000
2.990000e+003	2.22655874e-001	-3.17734413e+000	1.82806304e+003	0.00000000e+000	4.0810e+014	1.0000e-010	0.0000e+000
3.000000e+003	2.22838681e-001	-3.17716132e+000	1.82034506e+003	0.00000000e+000	4.0523e+014	1.0000e-010	0.0000e+000
3.010000e+003	2.23020715e-001	-3.17697928e+000	1.81268123e+003	0.00000000e+000	4.0238e+014	1.0000e-010	0.0000e+000
3.020000e+003	2.23201983e-001	-3.17679802e+000	1.80507095e+003	0.00000000e+000	3.9957e+014	1.0000e-010	0.0000e+000
3.030000e+003	2.23382490e-001	-3.17661751e+000	1.79751362e+003	0.00000000e+000	3.9679e+014	1.0000e-010	0.0000e+000
3.040000e+003	2.23562242e-001	-3.17643776e+000	1.79000866e+003	0.00000000e+000	3.9404e+014	1.0000e-010	0.0000e+000
3.050000e+003	2.23741243e-001	-3.17625876e+000	1.78255548e+003	0.00000000e+000	3.9132e+014	1.0000e-010	0.0000e+000
3.060000e+003	2.23919498e-001	-3.17608050e+000	1.77515352e+003	0.00000000e+000	3.8863e+014	1.0000e-010	0.0000e+000
3.070000e+003	2.24097014e-001	-3.17590299e+000	1.76780221e+003	0.00000000e+000	3.8597e+014	1.0000e-010	0.0000e+000
3.080000e+003	2.24273794e-001	-3.17572621e+000	1.76050100e+003	0.00000000e+000	3.8334e+014	1.0000e-010	0.0000e+000
3.090000e+003	2.24449844e-001	-3.17555016e+000	1.75324934e+003	0.00000000e+000	3.8074e+014	1.0000e-010	0.0000e+000
3.100000e+003	2.24625169e-001	-3.17537483e+000	1.74604669e+003	0.00000000e+000	3.7817e+014	1.0000e-010	0.0000e+000
3.110000e+003	2.24799774e-001	-3.17520023e+000	1.73889253e+003	0.00000000e+000	3.7562e+014	1.0000e-010	0.0000e+000
3.120000e+003	2.24973663e-001	-3.17502634e+000	1.73178633e+003	0.00000000e+000	3.7310e+014	1.0000e-010	0.0000e+000
3.130000e+003	2.25146841e-001	-3.17485316e+000	1.72472757e+003	0.00000000e+000	3.7061e+014	1.0000e-010	0.0000e+000
3.140000e+003	2.25319314e-001	-3.17468069e+000	1.71771574e+003	0.00000000e+000	3.6815e+014	1.0000e-010	0.0000e+000
3.150000e+003	2.25491086e-001	-3.17450891e+000	1.71075035e+003	0.00000000e+000	3.6571e+014	1.0000e-010	0.0000e+000
3.160000e+003	2.25662161e-001	-3.17433784e+000	1.70383091e+003	0.00000000e+000	3.6330e+014	1.0000e-010	0.0000e+000
3.170000e+003	2.25832544e-001	-3.17416746e+000	1.69695691e+003	0.00000000e+000	3.6091e+014	1.0000e-010	0.0000e+000
3.180000e+003	2.26002240e-001	-3.17399776e+000	1.69012789e+003	0.00000000e+000	3.5855e+014	1.0000e-010	0.0000e+000
3.190000e+003	2.26171252e-001	-3.17382875e+000	1.68334338e+003	0.00000000e+000	3.5621e+014	1.0000e-010	0.0000e+000
3.200000e+003	2.26339587e-001	-3.17366041e+000	1.67660289e+003	0.00000000e+000	3.5390e+014	1.0000e-010	0.0000e+000
3.210000e+003	2.26507247e-001	-3.17349275e+000	1.66990598e+003	0.00000000e+000	3.5161e+014	1.0000e-010	0.0000e+000
3.220000e+003	2.26674238e-001	-3.17332576e+000	1.66325219e+003	0.00000000e+000	3.4935e+014	1.0000e-010	0.0000e+000
3.230000e+003	2.26840563e-001	-3.17315944e+000	1.65664107e+003	0.00000000e+000	3.4711e+014	1.0000e-010	0.0000e+000
3.240000e+003	2.27006227e-001	-3.17299377e+000	1.65007217e+003	0.00000000e+000	3.4489e+014	1.0000e-010	0.0000e+000
3.250000e+003	2.27171234e-001	-3.17282877e+000	1.64354508e+003	0.00000000e+000	3.4270e+014	1.0000e-010	0.0000e+000
3.260000e+003	2.27335589e-001	-3.17266441e+000	1.63705934e+003	0.00000000e+000	3.4053e+014	1.0000e-010	0.0000e+000
3.270000e+003	2.27499295e-001	-3.17250071e+000	1.63061455e+003	0.00000000e+000	3.3838e+014	1.0000e-010	0.0000e+000
3.280000e+003	2.27662356e-001	-3.17233764e+000	1.62421028e+003	0.00000000e+000	3.3625e+014	1.0000e-010	0.0000e+000
3.290000e+003	2.27824777e-001	-3.17217522e+000	1.61784612e+003	0.00000000e+000	3.3414e+014	1.0000e-010	0.0000e+000
3.300000e+003	2.27986562e-001	-3.17201344e+000	1.61152167e+003	0.00000000e+000	3.3206e+014	1.0000e-010	0.0000e+000
3.310000e+003	2.28147714e-001	-3.17185229e+000	1.60523651e+003	0.00000000e+000	3.2999e+014	1.0000e-010	0.0000e+000
3.320000e+003	2.28308237e-001	-3.17169176e+000	1.59899026e+003	0.00000000e+000	3.2795e+014	1.0000e-010	0.0000e+000
3.330000e+003	2.28468136e-001	-3.17153186e+000	1.59278253e+003	0.00000000e+000	3.2593e+014	1.0000e-010	0.0000e+000
3.340000e+003	2.28627415e-001	-3.17137259e+000	1.58661293e+003	0.00000000e+000	3.2393e+014	1.0000e-010	0.0000e+000
3.350000e+003	2.28786076e-001	-3.17121392e+000	1.58048107e+003	0.00000000e+000	3.2194e+014	1.0000e-010	0.0000e+000
3.360000e+003	2.28944124e-001	-3.17105588e+000	1.57438659e+003	0.00000000e+000	3.1998e+014	1.0000e-010	0.0000e+000
3.370000e+003	2.29101563e-001	-3.17089844e+000	1.56832911e+003	0.00000000e+000	3.1804e+014	1.0000e-010	0.0000e+000
3.380000e+003	2.29258396e-001	-3.17074160e+000	1.56230827e+003	0.00000000e+000	3.1612e+014	1.0000e-010	0.0000e+000
3.390000e+003	2.29414627e-001	-3.17058537e+000	1.55632370e+003	0.00000000e+000	3.1421e+014	1.0000e-010	0.0000e+000
3.400000e+003	2.29570259e-001	-3.17042974e+000	1.55037505e+003	0.00000000e+000	3.1233e+014	1.0000e-010	0.0000e+000
3.410000e+003	2.29725296e-001	-3.17027470e+000	1.54446197e+003	0.00000000e+000	3.1046e+014	1.0000e-010	0.0000e+000
3.420000e+003	2.29879743e-001	-3.17012026e+000	1.53858411e+003	0.00000000e+000	3.0861e+014	1.0000e-010	0.0000e+000
3.430000e+003	2.30033601e-001	-3.16996640e+000	1.53274113e+003	0.00000000e+000	3.0678e+014	1.0000e-010	0.0000e+000
3.440000e+003	2.30186875e-001	-3.16981312e+000	1.52693269e+003	0.00000000e+000	3.0496e+014	1.0000e-010	0.0000e+000
3.450000e+003	2.30339568e-001	-3.16966043e+000	1.52115846e+003	0.00000000e+000	3.0317e+014	1.0000e-010	0.0000e+000
3.460000e+003	2.30491684e-001	-3.16950832e+000	1.51541810e+003	0.00000000e+000	3.0139e+014	1.0000e-010	0.0000e+000
3.470000e+003	2.30643226e-001	-3.16935677e+000	1.50971130e+003	0.00000000e+000	2.9963e+014	1.0000e-010	0.0000e+000
3.480000e+003	2.30794197e-001	-3.16920580e+000	1.50403772e+003	0.00000000e+000	2.9788e+014	1.0000e-010	0.0000e+000
3.490000e+003	2.30944601e-001	-3.16905540e+000	1.49839705e+003	0.00000000e+000	2.9615e+014	1.0000e-010	0.0000e+000
3.500000e+003	2.31094441e-001	-3.16890556e+000	1.49278899e+003	0.00000000e+000	2.9444e+014	1.0000e-010	0.0000e+000
3.510000e+003	2.31243720e-001	-3.16875628e+000	1.48721321e+003	0.00000000e+000	2.9275e+014	1.0000e-010	0.0000e+000
3.520000e+003	2.31392441e-001	-3.16860756e+000	1.48166942e+003	0.00000000e+000	2.9107e+014	1.0000e-010	0.0000e+000
3.530000e+003	2.31540608e-001	-3.16845939e+000	1.47615731e+003	0.00000000e+000	2.8940e+014	1.0000e-010	0.0000e+000
3.540000e+003	2.31688224e-001	-3.16831178e+000	1.47067659e+003	0.00000000e+000	2.8776e+014	1.0000e-010	0.0000e+000
3.550000e+003	2.31835291e-001	-3.16816471e+000	1.46522695e+003	0.00000000e+000	2.8612e+014	1.0000e-010	0.0000e+000
3.560000e+003	2.31981814e-001	-3.16801819e+000	1.45980812e+003	0.00000000e+000	2.8451e+014	1.0000e-010	0.0000e+000
3.570000e+003	2.32127795e-001	-3.16787221e+000	1.45441980e+003	0.00000000e+000	2.8291e+014	1.0000e-010	0.0000e+000
3.580000e+003	2.32273237e-001	-3.16772676e+000	1.44906170e+003	0.00000000e+000	2.8132e+014	1.0000e-010	0.0000e+000
3.590000e+003	2.32418143e-001	-3.16758186e+000	1.44373356e+003	0.00000000e+000	2.7975e+014	1.0000e-010	0.0000e+000
3.600000e+003	2.32562516e-001	-3.16743748e+000	1.43843509e+003	0.00000000e+000	2.7819e+014	1.0000e-010	0.0000e+000
3.610000e+003	2.32706360e-001	-3.16729364e+000	1.43316602e+003	0.00000000e+000	2.7664e+014	1.0000e-010	0.0000e+000
3.620000e+003	2.32849676e-001	-3.16715032e+000	1.42792608e+003	0.00000000e+000	2.7511e+014	1.0000e-010	0.0000e+000
3.630000e+003	2.32992469e-001	-3.16700753e+000	1.42271500e+003	0.00000000e+000	2.7360e+014	1.0000e-010	0.0000e+000
3.640000e+003	2.33134740e-001	-3.16686526e+000	1.41753252e+003	0.00000000e+000	2.7210e+014	1.0000e-010	0.0000e+000
3.650000e+003	2.33276494e-001	-3.16672351e+000	1.41237838e+003	0.00000000e+000	2.7061e+014	1.0000e-010	0.0000e+000
3.660000e+003	2.33417732e-001	-3.16658227e+000	1.40725232e+003	0.00000000e+000	2.6913e+014	1.0000e-010	0.0000e+000
3.670000e+003	2.33558457e-001	-3.16644154e+000	1.40215409e+003	0.00000000e+000	2.6767e+014	1.0000e-010	0.0000e+000
3.680000e+003	2.33698672e-001	-3.16630133e+000	1.39708344e+003	0.00000000e+000	2.6623e+014	1.0000e-010	0.0000e+000
3.690000e+003	2.33838381e-001	-3.16616162e+000	1.39204012e+003	0.00000000e+000	2.6479e+014	1.0000e-010	0.0000e+000
3.700000e+003	2.33977585e-001	-3.16602242e+000	1.38702388e+003	0.00000000e+000	2.6337e+014	1.0000e-010	0.0000e+000
3.710000e+003	2.34116287e-001	-3.16588371e+000	1.38203448e+003	0.00000000e+000	2.6196e+014	1.0000e-010	0.0000e+000
3.720000e+003	2.34254490e-001	-3.16574551e+000	1.37707168e+003	0.00000000e+000	2.6056e+014	1.0000e-010	0.0000e+000
3.730000e+003	2.34392198e-001	-3.16560780e+000	1.37213525e+003	0.00000000e+000	2.5918e+014	1.0000e-010	0.0000e+000
3.740000e+003	2.34529411e-001	-3.16547059e+000	1.36722495e+003	0.00000000e+000	2.5781e+014	1.0000e-010	0.0000e+000
3.750000e+003	2.34666134e-001	-3.16533387e+000	1.36234055e+003	0.00000000e+000	2.5645e+014	1.0000e-010	0.0000e+000
3.760000e+003	2.34802368e-001	-3.16519763e+000	1.35748182e+003	0.00000000e+000	2.5510e+014	1.0000e-010	0.0000e+000
3.770000e+003	2.34938116e-001	-3.16506188e+000	1.35264853e+003	0.00000000e+000	2.5376e+014	1.0000e-010	0.0000e+000
3.780000e+003	2.35073381e-001	-3.16492662e+000	1.34784048e+003	0.00000000e+000	2.5244e+014	1.0000e-010	0.0000e+000
3.790000e+003	2.35208165e-001	-3.16479184e+000	1.34305742e+003	0.00000000e+000	2.5113e+014	1.0000e-010	0.0000e+000
3.800000e+003	2.35342470e-001	-3.16465753e+000	1.33829915e+003	0.00000000e+000	2.4982e+014	1.0000e-010	0.0000e+000
3.810000e+003	2.35476300e-001	-3.16452370e+000	1.33356544e+003	0.00000000e+000	2.4853e+014	1.0000e-010	0.0000e+000
3.820000e+003	2.35609657e-001	-3.16439034e+000	1.32885609e+003	0.00000000e+000	2.4726e+014	1.0000e-010	0.0000e+000
3.830000e+003	2.35742542e-001	-3.16425746e+000	1.32417089e+003	0.00000000e+000	2.4599e+014	1.0000e-010	0.0000e+000
3.840000e+003	2.35874960e-001	-3.16412504e+000	1.31950963e+003	0.00000000e+000	2.4473e+014	1.0000e-010	0.0000e+000
3.850000e+003	2.36006911e-001	-3.16399309e+000	1.31487209e+003	0.00000000e+000	2.4348e+014	1.0000e-010	0.0000e+000
3.860000e+003	2.36138398e-001	-3.16386160e+000	1.31025808e+003	0.00000000e+000	2.4225e+014	1.0000e-010	0.0000e+000
3.870000e+003	2.36269424e-001	-3.16373058e+000	1.30566740e+003	0.00000000e+000	2.4102e+014	1.0000e-010	0.0000e+000
3.880000e+003	2.36399990e-001	-3.16360001e+000	1.30109985e+003	0.00000000e+000	2.3981e+014	1.0000e-010	0.0000e+000
3.890000e+003	2.36530100e-001	-3.16346990e+000	1.29655522e+003	0.00000000e+000	2.3861e+014	1.0000e-010	0.0000e+000
3.900000e+003	2.36659756e-001	-3.16334024e+000	1.29203333e+003	0.00000000e+000	2.3741e+014	1.0000e-010	0.0000e+000
3.910000e+003	2.36788959e-001	-3.16321104e+000	1.28753399e+003	0.00000000e+000	2.3623e+014	1.0000e-010	0.0000e+000
3.920000e+003	2.36917713e-001	-3.16308229e+000	1.28305700e+003	0.00000000e+000	2.3506e+014	1.0000e-010	0.0000e+000
3.930000e+003	2.37046018e-001	-3.16295398e+000	1.27860217e+003	0.00000000e+000	2.3389e+014	1.0000e-010	0.0000e+000
3.940000e+003	2.37173878e-001	-3.16282612e+000	1.27416932e+003	0.00000000e+000	2.3274e+014	1.0000e-010	0.0000e+000
3.950000e+003	2.37301295e-001	-3.16269870e+000	1.26975826e+003	0.00000000e+000	2.3159e+014	1.0000e-010	0.0000e+000
3.960000e+003	2.37428271e-001	-3.16257173e+000	1.26536882e+003	0.00000000e+000	2.3046e+014	1.0000e-010	0.0000e+000
3.970000e+003	2.37554808e-001	-3.16244519e+000	1.26100081e+003	0.00000000e+000	2.2933e+014	1.0000e-010	0.0000e+000
3.980000e+003	2.37680908e-001	-3.16231909e+000	1.25665406e+003	0.00000000e+000	2.2822e+014	1.0000e-010	0.0000e+000
3.990000e+003	2.37806574e-001	-3.16219343e+000	1.25232838e+003	0.00000000e+000	2.2711e+014	1.0000e-010	0.0000e+000
4.000000e+003	2.37931806e-001	-3.16206819e+000	1.24802360e+003	0.00000000e+000	2.2601e+014	1.0000e-010	0.0000e+000
4.010000e+003	2.38056609e-001	-3.16194339e+000	1.24373956e+003	0.00000000e+000	2.2492e+014	1.0000e-010	0.0000e+000
4.020000e+003	2.38180983e-001	-3.16181902e+000	1.23947608e+003	0.00000000e+000	2.2385e+014	1.0000e-010	0.0000e+000
4.030000e+003	2.38304930e-001	-3.16169507e+000	1.23523299e+003	0.00000000e+000	2.2277e+014	1.0000e-010	0.0000e+000
4.040000e+003	2.38428454e-001	-3.16157155e+000	1.23101013e+003	0.00000000e+000	2.2171e+014	1.0000e-010	0.0000e+000
4.050000e+003	2.38551555e-001	-3.16144845e+000	1.22680732e+003	0.00000000e+000	2.2066e+014	1.0000e-010	0.0000e+000
4.060000e+003	2.38674235e-001	-3.16132576e+000	1.22262442e+003	0.00000000e+000	2.1961e+014	1.0000e-010	0.0000e+000
4.070000e+003	2.38796498e-001	-3.16120350e+000	1.21846125e+003	0.00000000e+000	2.1858e+014	1.0000e-010	0.0000e+000
4.080000e+003	2.38918344e-001	-3.16108166e+000	1.21431765e+003	0.00000000e+000	2.1755e+014	1.0000e-010	0.0000e+000
4.090000e+003	2.39039776e-001	-3.16096022e+000	1.21019348e+003	0.00000000e+000	2.1653e+014	1.0000e-010	0.0000e+000
4.100000e+003	2.39160795e-001	-3.16083920e+000	1.20608856e+003	0.00000000e+000	2.1552e+014	1.0000e-010	0.0000e+000
4.110000e+003	2.39281404e-001	-3.16071860e+000	1.20200275e+003	0.00000000e+000	2.1452e+014	1.0000e-010	0.0000e+000
4.120000e+003	2.39401604e-001	-3.16059840e+000	1.19793589e+003	0.00000000e+000	2.1352e+014	1.0000e-010	0.0000e+000
4.130000e+003	2.39521398e-001	-3.16047860e+000	1.19388784e+003	0.00000000e+000	2.1253e+014	1.0000e-010	0.0000e+000
4.140000e+003	2.39640787e-001	-3.16035921e+000	1.18985844e+003	0.00000000e+000	2.1156e+014	1.0000e-010	0.0000e+000
4.150000e+003	2.39759772e-001	-3.16024023e+000	1.18584754e+003	0.00000000e+000	2.1058e+014	1.0000e-010	0.0000e+000
4.160000e+003	2.39878357e-001	-3.16012164e+000	1.18185499e+003	0.00000000e+000	2.0962e+014	1.0000e-010	0.0000e+000
4.170000e+003	2.39996543e-001	-3.16000346e+000	1.17788066e+003	0.00000000e+000	2.0866e+014	1.0000e-010	0.0000e+000
4.180000e+003	2.40114331e-001	-3.15988567e+000	1.17392439e+003	0.00000000e+000	2.0772e+014	1.0000e-010	0.0000e+000
4.190000e+003	2.40231723e-001	-3.15976828e+000	1.16998605e+003	0.00000000e+000	2.0677e+014	1.0000e-010	0.0000e+000
4.200000e+003	2.40348722e-001	-3.15965128e+000	1.16606549e+003	0.00000000e+000	2.0584e+014	1.0000e-010	0.0000e+000
4.210000e+003	2.40465328e-001	-3.15953467e+000	1.16216258e+003	0.00000000e+000	2.0491e+014	1.0000e-010	0.0000e+000
4.220000e+003	2.40581545e-001	-3.15941846e+000	1.15827717e+003	0.00000000e+000	2.0399e+014	1.0000e-010	0.0000e+000
4.230000e+003	2.40697372e-001	-3.15930263e+000	1.15440913e+003	0.00000000e+000	2.0308e+014	1.0000e-010	0.0000e+000
4.240000e+003	2.40812813e-001	-3.15918719e+000	1.15055832e+003	0.00000000e+000	2.0218e+014	1.0000e-010	0.0000e+000
4.250000e+003	2.40927869e-001	-3.15907213e+000	1.14672462e+003	0.00000000e+000	2.0128e+014	1.0000e-010	0.0000e+000
4.260000e+003	2.41042542e-001	-3.15895746e+000	1.14290788e+003	0.00000000e+000	2.0039e+014	1.0000e-010	0.0000e+000
4.270000e+003	2.41156832e-001	-3.15884317e+000	1.13910798e+003	0.00000000e+000	1.9951e+014	1.0000e-010	0.0000e+000
4.280000e+003	2.41270743e-001	-3.15872926e+000	1.13532479e+003	0.00000000e+000	1.9863e+014	1.0000e-010	0.0000e+000
4.290000e+003	2.41384276e-001	-3.15861572e+000	1.13155817e+003	0.00000000e+000	1.9776e+014	1.0000e-010	0.0000e+000
4.300000e+003	2.41497431e-001	-3.15850257e+000	1.12780800e+003	0.00000000e+000	1.9689e+014	1.0000e-010	0.0000e+000
4.310000e+003	2.41610212e-001	-3.15838979e+000	1.12407416e+003	0.00000000e+000	1.9604e+014	1.0000e-010	0.0000e+000
4.320000e+003	2.41722620e-001	-3.15827738e+000	1.12035652e+003	0.00000000e+000	1.9519e+014	1.0000e-010	0.0000e+000
4.330000e+003	2.41834655e-001	-3.15816534e+000	1.11665496e+003	0.00000000e+000	1.9434e+014	1.0000e-010	0.0000e+000
4.340000e+003	2.41946321e-001	-3.15805368e+000	1.11296935e+003	0.00000000e+000	1.9350e+014	1.0000e-010	0.0000e+000
4.350000e+003	2.42057618e-001	-3.15794238e+000	1.10929957e+003	0.00000000e+000	1.9267e+014	1.0000e-010	0.0000e+000
4.360000e+003	2.42168548e-001	-3.15783145e+000	1.10564550e+003	0.00000000e+000	1.9185e+014	1.0000e-010	0.0000e+000
4.370000e+003	2.42279112e-001	-3.15772089e+000	1.10200703e+003	0.00000000e+000	1.9103e+014	1.0000e-010	0.0000e+000
4.380000e+003	2.42389313e-001	-3.15761069e+000	1.09838404e+003	0.00000000e+000	1.9022e+014	1.0000e-010	0.0000e+000
4.390000e+003	2.42499151e-001	-3.15750085e+000	1.09477641e+003	0.00000000e+000	1.8941e+014	1.0000e-010	0.0000e+000
4.400000e+003	2.42608629e-001	-3.15739137e+000	1.09118402e+003	0.00000000e+000	1.8861e+014	1.0000e-010	0.0000e+000
4.410000e+003	2.42717747e-001	-3.15728225e+000	1.08760676e+003	0.00000000e+000	1.8782e+014	1.0000e-010	0.0000e+000
4.420000e+003	2.42826508e-001	-3.15717349e+000	1.08404453e+003	0.00000000e+000	1.8703e+014	1.0000e-010	0.0000e+000
4.430000e+003	2.42934912e-001	-3.15706509e+000	1.08049719e+003	0.00000000e+000	1.8624e+014	1.0000e-010	0.0000e+000
4.440000e+003	2.43042962e-001	-3.15695704e+000	1.07696466e+003	0.00000000e+000	1.8547e+014	1.0000e-010	0.0000e+000
4.450000e+003	2.43150659e-001	-3.15684934e+000	1.07344681e+003	0.00000000e+000	1.8470e+014	1.0000e-010	0.0000e+000
4.460000e+003	2.43258003e-001	-3.15674200e+000	1.06994353e+003	0.00000000e+000	1.8393e+014	1.0000e-010	0.0000e+000
4.470000e+003	2.43364998e-001	-3.15663500e+000	1.06645473e+003	0.00000000e+000	1.8317e+014	1.0000e-010	0.0000e+000
4.480000e+003	2.43471643e-001	-3.15652836e+000	1.06298028e+003	0.00000000e+000	1.8242e+014	1.0000e-010	0.0000e+000
4.490000e+003	2.43577941e-001	-3.15642206e+000	1.05952010e+003	0.00000000e+000	1.8167e+014	1.0000e-010	0.0000e+000
4.500000e+003	2.43683893e-001	-3.15631611e+000	1.05607406e+003	0.00000000e+000	1.8093e+014	1.0000e-010	0.0000e+000
4.510000e+003	2.43789501e-001	-3.15621050e+000	1.05264208e+003	0.00000000e+000	1.8019e+014	1.0000e-010	0.0000e+000
4.520000e+003	2.43894765e-001	-3.15610524e+000	1.04922404e+003	0.00000000e+000	1.7946e+014	1.0000e-010	0.0000e+000
4.530000e+003	2.43999687e-001	-3.15600031e+000	1.04581985e+003	0.00000000e+000	1.7873e+014	1.0000e-010	0.0000e+000
4.540000e+003	2.44104269e-001	-3.15589573e+000	1.04242939e+003	0.00000000e+000	1.7801e+014	1.0000e-010	0.0000e+000
4.550000e+003	2.44208512e-001	-3.15579149e+000	1.03905259e+003	0.00000000e+000	1.7729e+014	1.0000e-010	0.0000e+000
4.560000e+003	2.44312417e-001	-3.15568758e+000	1.03568932e+003	0.00000000e+000	1.7658e+014	1.0000e-010	0.0000e+000
4.570000e+003	2.44415986e-001	-3.15558401e+000	1.03233951e+003	0.00000000e+000	1.7587e+014	1.0000e-010	0.0000e+000
4.580000e+003	2.44519220e-001	-3.15548078e+000	1.02900304e+003	0.00000000e+000	1.7517e+014	1.0000e-010	0.0000e+000
4.590000e+003	2.44622121e-001	-3.15537788e+000	1.02567983e+003	0.00000000e+000	1.7448e+014	1.0000e-010	0.0000e+000
4.600000e+003	2.44724689e-001	-3.15527531e+000	1.02236978e+003	0.00000000e+000	1.7379e+014	1.0000e-010	0.0000e+000
4.610000e+003	2.44826926e-001	-3.15517307e+000	1.01907279e+003	0.00000000e+000	1.7310e+014	1.0000e-010	0.0000e+000
4.620000e+003	2.44928833e-001	-3.15507117e+000	1.01578877e+003	0.00000000e+000	1.7242e+014	1.0000e-010	0.0000e+000
4.630000e+003	2.45030412e-001	-3.15496959e+000	1.01251763e+003	0.00000000e+000	1.7174e+014	1.0000e-010	0.0000e+000
4.640000e+003	2.45131663e-001	-3.15486834e+000	1.00925928e+003	0.00000000e+000	1.7107e+014	1.0000e-010	0.0000e+000
4.650000e+003	2.45232589e-001	-3.15476741e+000	1.00601363e+003	0.00000000e+000	1.7041e+014	1.0000e-010	0.0000e+000
4.660000e+003	2.45333191e-001	-3.15466681e+000	1.00278058e+003	0.00000000e+000	1.6974e+014	1.0000e-010	0.0000e+000
4.670000e+003	2.45433469e-001	-3.15456653e+000	9.99560041e+002	0.00000000e+000	1.6909e+014	1.0000e-010	0.0000e+000
4.680000e+003	2.45533425e-001	-3.15446658e+000	9.96351935e+002	0.00000000e+000	1.6843e+014	1.0000e-010	0.0000e+000
4.690000e+003	2.45633060e-001	-3.15436694e+000	9.93156169e+002	0.00000000e+000	1.6779e+014	1.0000e-010	0.0000e+000
4.700000e+003	2.45732376e-001	-3.15426762e+000	9.89972657e+002	0.00000000e+000	1.6714e+014	1.0000e-010	0.0000e+000
4.710000e+003	2.45831373e-001	-3.15416863e+000	9.86801312e+002	0.00000000e+000	1.6650e+014	1.0000e-010	0.0000e+000
4.720000e+003	2.45930053e-001	-3.15406995e+000	9.83642050e+002	0.00000000e+000	1.6587e+014	1.0000e-010	0.0000e+000
4.730000e+003	2.46028417e-001	-3.15397158e+000	9.80494786e+002	0.00000000e+000	1.6524e+014	1.0000e-010	0.0000e+000
4.740000e+003	2.46126467e-001	-3.15387353e+000	9.77359435e+002	0.00000000e+000	1.6461e+014	1.0000e-010	0.0000e+000
4.750000e+003	2.46224203e-001	-3.15377580e+000	9.74235916e+002	0.00000000e+000	1.6399e+014	1.0000e-010	0.0000e+000
4.760000e+003	2.46321626e-001	-3.15367837e+000	9.71124146e+002	0.00000000e+000	1.6338e+014	1.0000e-010	0.0000e+000
4.770000e+003	2.46418739e-001	-3.15358126e+000	9.68024043e+002	0.00000000e+000	1.6276e+014	1.0000e-010	0.0000e+000
4.780000e+003	2.46515541e-001	-3.15348446e+000	9.64935527e+002	0.00000000e+000	1.6215e+014	1.0000e-010	0.0000e+000
4.790000e+003	2.46612035e-001	-3.15338797e+000	9.61858517e+002	0.00000000e+000	1.6155e+014	1.0000e-010	0.0000e+000
4.800000e+003	2.46708220e-001	-3.15329178e+000	9.58792934e+002	0.00000000e+000	1.6095e+014	1.0000e-010	0.0000e+000
4.810000e+003	2.46804100e-001	-3.15319590e+000	9.55738700e+002	0.00000000e+000	1.6035e+014	1.0000e-010	0.0000e+000
4.820000e+003	2.46899674e-001	-3.15310033e+000	9.52695736e+002	0.00000000e+000	1.5976e+014	1.0000e-010	0.0000e+000
4.830000e+003	2.46994943e-001	-3.15300506e+000	9.49663966e+002	0.00000000e+000	1.5918e+014	1.0000e-010	0.0000e+000
4.840000e+003	2.47089910e-001	-3.15291009e+000	9.46643312e+002	0.00000000e+000	1.5859e+014	1.0000e-010	0.0000e+000
4.850000e+003	2.47184574e-001	-3.15281543e+000	9.43633699e+002	0.00000000e+000	1.5801e+014	1.0000e-010	0.0000e+000
4.860000e+003	2.47278937e-001	-3.15272106e+000	9.40635052e+002	0.00000000e+000	1.5744e+014	1.0000e-010	0.0000e+000
4.870000e+003	2.47373001e-001	-3.15262700e+000	9.37647295e+002	0.00000000e+000	1.5686e+014	1.0000e-010	0.0000e+000
4.880000e+003	2.47466766e-001	-3.15253323e+000	9.34670356e+002	0.00000000e+000	1.5630e+014	1.0000e-010	0.0000e+000
4.890000e+003	2.47560233e-001	-3.15243977e+000	9.31704160e+002	0.00000000e+000	1.5573e+014	1.0000e-010	0.0000e+000
4.900000e+003	2.47653403e-001	-3.15234660e+000	9.28748635e+002	0.00000000e+000	1.5517e+014	1.0000e-010	0.0000e+000
4.910000e+003	2.47746278e-001	-3.15225372e+000	9.25803708e+002	0.00000000e+000	1.5462e+014	1.0000e-010	0.0000e+000
4.920000e+003	2.47838858e-001	-3.15216114e+000	9.22869309e+002	0.00000000e+000	1.5406e+014	1.0000e-010	0.0000e+000
4.930000e+003	2.47931145e-001	-3.15206885e+000	9.19945367e+002	0.00000000e+000	1.5351e+014	1.0000e-010	0.0000e+000
4.940000e+003	2.48023140e-001	-3.15197686e+000	9.17031811e+002	0.00000000e+000	1.5297e+014	1.0000e-010	0.0000e+000
4.950000e+003	2.48114843e-001	-3.15188516e+000	9.14128572e+002	0.00000000e+000	1.5243e+014	1.0000e-010	0.0000e+000
4.960000e+003	2.48206256e-001	-3.15179374e+000	9.11235581e+002	0.00000000e+000	1.5189e+014	1.0000e-010	0.0000e+000
4.970000e+003	2.48297379e-001	-3.15170262e+000	9.08352769e+002	0.00000000e+000	1.5135e+014	1.0000e-010	0.0000e+000
4.980000e+003	2.48388215e-001	-3.15161179e+000	9.05480068e+002	0.00000000e+000	1.5082e+014	1.0000e-010	0.0000e+000
4.990000e+003	2.48478763e-001	-3.15152124e+000	9.02617412e+002	0.00000000e+000	1.5030e+014	1.0000e-010	0.0000e+000
5.000000e+003	2.48569024e-001	-3.15143098e+000	8.99764733e+002	0.00000000e+000	1.4977e+014	1.0000e-010	0.0000e+000
5.010000e+003	2.48659001e-001	-3.15134100e+000	8.96921965e+002	0.00000000e+000	1.4925e+014	1.0000e-010	0.0000e+000
5.020000e+003	2.48748693e-001	-3.15125131e+000	8.94089044e+002	0.00000000e+000	1.4873e+014	1.0000e-010	0.0000e+000
5.030000e+003	2.48838102e-001	-3.15116190e+000	8.91265902e+002	0.00000000e+000	1.4822e+014	1.0000e-010	0.0000e+000
5.040000e+003	2.48927228e-001	-3.15107277e+000	8.88452478e+002	0.00000000e+000	1.4771e+014	1.0000e-010	0.0000e+000
5.050000e+003	2.49016074e-001	-3.15098393e+000	8.85648705e+002	0.00000000e+000	1.4720e+014	1.0000e-010	0.0000e+000
5.060000e+003	2.49104639e-001	-3.15089536e+000	8.82854521e+002	0.00000000e+000	1.4670e+014	1.0000e-010	0.0000e+000
5.070000e+003	2.49192924e-001	-3.15080708e+000	8.80069863e+002	0.00000000e+000	1.4620e+014	1.0000e-010	0.0000e+000
5.080000e+003	2.49280931e-001	-3.15071907e+000	8.77294669e+002	0.00000000e+000	1.4570e+014	1.0000e-010	0.0000e+000
5.090000e+003	2.49368661e-001	-3.15063134e+000	8.74528877e+002	0.00000000e+000	1.4521e+014	1.0000e-010	0.0000e+000
5.100000e+003	2.49456113e-001	-3.15054389e+000	8.71772425e+002	0.00000000e+000	1.4472e+014	1.0000e-010	0.0000e+000
5.110000e+003	2.49543291e-001	-3.15045671e+000	8.69025252e+002	0.00000000e+000	1.4423e+014	1.0000e-010	0.0000e+000
5.120000e+003	2.49630193e-001	-3.15036981e+000	8.66287299e+002	0.00000000e+000	1.4375e+014	1.0000e-010	0.0000e+000
5.130000e+003	2.49716822e-001	-3.15028318e+000	8.63558505e+002	0.00000000e+000	1.4327e+014	1.0000e-010	0.0000e+000
5.140000e+003	2.49803178e-001	-3.15019682e+000	8.60838811e+002	0.00000000e+000	1.4279e+014	1.0000e-010	0.0000e+000
5.150000e+003	2.49889262e-001	-3.15011074e+000	8.58128159e+002	0.00000000e+000	1.4232e+014	1.0000e-010	0.0000e+000
5.160000e+003	2.49975074e-001	-3.15002493e+000	8.55426489e+002	0.00000000e+000	1.4184e+014	1.0000e-010	0.0000e+000
5.170000e+003	2.50060617e-001	-3.14993938e+000	8.52733744e+002	0.00000000e+000	1.4138e+014	1.0000e-010	0.0000e+000
5.180000e+003	2.50145890e-001	-3.14985411e+000	8.50049866e+002	0.00000000e+000	1.4091e+014	1.0000e-010	0.0000e+000
5.190000e+003	2.50230895e-001	-3.14976910e+000	8.47374799e+002	0.00000000e+000	1.4045e+014	1.0000e-010	0.0000e+000
5.200000e+003	2.50315633e-001	-3.14968437e+000	8.44708486e+002	0.00000000e+000	1.3999e+014	1.0000e-010	0.0000e+000
5.210000e+003	2.50400104e-001	-3.14959990e+000	8.42050871e+002	0.00000000e+000	1.3953e+014	1.0000e-010	0.0000e+000
5.220000e+003	2.50484309e-001	-3.14951569e+000	8.39401898e+002	0.00000000e+000	1.3908e+014	1.0000e-010	0.0000e+000
5.230000e+003	2.50568249e-001	-3.14943175e+000	8.36761512e+002	0.00000000e+000	1.3863e+014	1.0000e-010	0.0000e+000
5.240000e+003	2.50651925e-001	-3.14934807e+000	8.34129659e+002	0.00000000e+000	1.3818e+014	1.0000e-010	0.0000e+000
5.250000e+003	2.50735338e-001	-3.14926466e+000	8.31506284e+002	0.00000000e+000	1.3773e+014	1.0000e-010	0.0000e+000
5.260000e+003	2.50818489e-001	-3.14918151e+000	8.28891333e+002	0.00000000e+000	1.3729e+014	1.0000e-010	0.0000e+000
5.270000e+003	2.50901378e-001	-3.14909862e+000	8.26284753e+002	0.00000000e+000	1.3685e+014	1.0000e-010	0.0000e+000
5.280000e+003	2.50984006e-001	-3.14901599e+000	8.23686491e+002	0.00000000e+000	1.3641e+014	1.0000e-010	0.0000e+000
5.290000e+003	2.51066375e-001	-3.14893362e+000	8.21096494e+002	0.00000000e+000	1.3598e+014	1.0000e-010	0.0000e+000
5.300000e+003	2.51148485e-001	-3.14885152e+000	8.18514710e+002	0.00000000e+000	1.3555e+014	1.0000e-010	0.0000e+000
5.310000e+003	2.51230336e-001	-3.14876966e+000	8.15941088e+002	0.00000000e+000	1.3512e+014	1.0000e-010	0.0000e+000
5.320000e+003	2.51311930e-001	-3.14868807e+000	8.13375576e+002	0.00000000e+000	1.3469e+014	1.0000e-010	0.0000e+000
5.330000e+003	2.51393268e-001	-3.14860673e+000	8.10818123e+002	0.00000000e+000	1.3427e+014	1.0000e-010	0.0000e+000
5.340000e+003	2.51474350e-001	-3.14852565e+000	8.08268678e+002	0.00000000e+000	1.3385e+014	1.0000e-010	0.0000e+000
5.350000e+003	2.51555177e-001	-3.14844482e+000	8.05727192e+002	0.00000000e+000	1.3343e+014	1.0000e-010	0.0000e+000
5.360000e+003	2.51635749e-001	-3.14836425e+000	8.03193615e+002	0.00000000e+000	1.3302e+014	1.0000e-010	0.0000e+000
5.370000e+003	2.51716069e-001	-3.14828393e+000	8.00667897e+002	0.00000000e+000	1.3261e+014	1.0000e-010	0.0000e+000
5.380000e+003	2.51796135e-001	-3.14820386e+000	7.98149989e+002	0.00000000e+000	1.3220e+014	1.0000e-010	0.0000e+000
5.390000e+003	2.51875950e-001	-3.14812405e+000	7.95639843e+002	0.00000000e+000	1.3179e+014	1.0000e-010	0.0000e+000
5.400000e+003	2.51955514e-001	-3.14804449e+000	7.93137411e+002	0.00000000e+000	1.3138e+014	1.0000e-010	0.0000e+000
5.410000e+003	2.52034828e-001	-3.14796517e+000	7.90642645e+002	0.00000000e+000	1.3098e+014	1.0000e-010	0.0000e+000
5.420000e+003	2.52113892e-001	-3.14788611e+000	7.88155496e+002	0.00000000e+000	1.3058e+014	1.0000e-010	0.0000e+000
5.430000e+003	2.52192708e-001	-3.14780729e+000	7.85675919e+002	0.00000000e+000	1.3018e+014	1.0000e-010	0.0000e+000
5.440000e+003	2.52271276e-001	-3.14772872e+000	7.83203866e+002	0.00000000e+000	1.2979e+014	1.0000e-010	0.0000e+000
5.450000e+003	2.52349596e-001	-3.14765040e+000	7.80739291e+002	0.00000000e+000	1.2940e+014	1.0000e-010	0.0000e+000
5.460000e+003	2.52427670e-001	-3.14757233e+000	7.78282147e+002	0.00000000e+000	1.2901e+014	1.0000e-010	0.0000e+000
5.470000e+003	2.52505498e-001	-3.14749450e+000	7.75832390e+002	0.00000000e+000	1.2862e+014	1.0000e-010	0.0000e+000
5.480000e+003	2.52583081e-001	-3.14741692e+000	7.73389974e+002	0.00000000e+000	1.2823e+014	1.0000e-010	0.0000e+000
5.490000e+003	2.52660420e-001	-3.14733958e+000	7.70954854e+002	0.00000000e+000	1.2785e+014	1.0000e-010	0.0000e+000
5.500000e+003	2.52737516e-001	-3.14726248e+000	7.68526984e+002	0.00000000e+000	1.2747e+014	1.0000e-010	0.0000e+000
5.510000e+003	2.52814368e-001	-3.14718563e+000	7.66106322e+002	0.00000000e+000	1.2709e+014	1.0000e-010	0.0000e+000
5.520000e+003	2.52890979e-001	-3.14710902e+000	7.63692823e+002	0.00000000e+000	1.2671e+014	1.0000e-010	0.0000e+000
5.530000e+003	2.52967348e-001	-3.14703265e+000	7.61286442e+002	0.00000000e+000	1.2634e+014	1.0000e-010	0.0000e+000
5.540000e+003	2.53043477e-001	-3.14695652e+000	7.58887138e+002	0.00000000e+000	1.2597e+014	1.0000e-010	0.0000e+000
5.550000e+003	2.53119366e-001	-3.14688063e+000	7.56494866e+002	0.00000000e+000	1.2560e+014	1.0000e-010	0.0000e+000
5.560000e+003	2.53195015e-001	-3.14680498e+000	7.54109585e+002	0.00000000e+000	1.2523e+014	1.0000e-010	0.0000e+000
5.570000e+003	2.53270426e-001	-3.14672957e+000	7.51731251e+002	0.00000000e+000	1.2487e+014	1.0000e-010	0.0000e+000
5.580000e+003	2.53345599e-001	-3.14665440e+000	7.49359823e+002	0.00000000e+000	1.2450e+014	1.0000e-010	0.0000e+000
5.590000e+003	2.53420535e-001	-3.14657946e+000	7.46995259e+002	0.00000000e+000	1.2414e+014	1.0000e-010	0.0000e+000
5.600000e+003	2.53495235e-001	-3.14650477e+000	7.44637518e+002	0.00000000e+000	1.2379e+014	1.0000e-010	0.0000e+000
5.610000e+003	2.53569699e-001	-3.14643030e+000	7.42286558e+002	0.00000000e+000	1.2343e+014	1.0000e-010	0.0000e+000
5.620000e+003	2.53643927e-001	-3.14635607e+000	7.39942338e+002	0.00000000e+000	1.2308e+014	1.0000e-010	0.0000e+000
5.630000e+003	2.53717921e-001	-3.14628208e+000	7.37604819e+002	0.00000000e+000	1.2272e+014	1.0000e-010	0.0000e+000
5.640000e+003	2.53791682e-001	-3.14620832e+000	7.35273960e+002	0.00000000e+000	1.2237e+014	1.0000e-010	0.0000e+000
5.650000e+003	2.53865209e-001	-3.14613479e+000	7.32949720e+002	0.00000000e+000	1.2203e+014	1.0000e-010	0.0000e+000
5.660000e+003	2.53938504e-001	-3.14606150e+000	7.30632061e+002	0.00000000e+000	1.2168e+014	1.0000e-010	0.0000e+000
5.670000e+003	2.54011568e-001	-3.14598843e+000	7.28320943e+002	0.00000000e+000	1.2134e+014	1.0000e-010	0.0000e+000
5.680000e+003	2.54084400e-001	-3.14591560e+000	7.26016327e+002	0.00000000e+000	1.2100e+014	1.0000e-010	0.0000e+000
5.690000e+003	2.54157001e-001	-3.14584300e+000	7.23718174e+002	0.00000000e+000	1.2066e+014	1.0000e-010	0.0000e+000
5.700000e+003	2.54229373e-001	-3.14577063e+000	7.21426445e+002	0.00000000e+000	1.2032e+014	1.0000e-010	0.0000e+000
5.710000e+003	2.54301516e-001	-3.14569848e+000	7.19141103e+002	0.00000000e+000	1.1998e+014	1.0000e-010	0.0000e+000
5.720000e+003	2.54373430e-001	-3.14562657e+000	7.16862109e+002	0.00000000e+000	1.1965e+014	1.0000e-010	0.0000e+000
5.730000e+003	2.54445116e-001	-3.14555488e+000	7.14589426e+002	0.00000000e+000	1.1932e+014	1.0000e-010	0.0000e+000
5.740000e+003	2.54516575e-001	-3.14548343e+000	7.12323016e+002	0.00000000e+000	1.1899e+014	1.0000e-010	0.0000e+000
5.750000e+003	2.54587807e-001	-3.14541219e+000	7.10062843e+002	0.00000000e+000	1.1866e+014	1.0000e-010	0.0000e+000
5.760000e+003	2.54658814e-001	-3.14534119e+000	7.07808869e+002	0.00000000e+000	1.1834e+014	1.0000e-010	0.0000e+000
5.770000e+003	2.54729594e-001	-3.14527041e+000	7.05561058e+002	0.00000000e+000	1.1801e+014	1.0000e-010	0.0000e+000
5.780000e+003	2.54800151e-001	-3.14519985e+000	7.03319373e+002	0.00000000e+000	1.1769e+014	1.0000e-010	0.0000e+000
5.790000e+003	2.54870483e-001	-3.14512952e+000	7.01083779e+002	0.00000000e+000	1.1737e+014	1.0000e-010	0.0000e+000
5.800000e+003	2.54940591e-001	-3.14505941e+000	6.98854239e+002	0.00000000e+000	1.1706e+014	1.0000e-010	0.0000e+000
5.810000e+003	2.55010476e-001	-3.14498952e+000	6.96630718e+002	0.00000000e+000	1.1674e+014	1.0000e-010	0.0000e+000
5.820000e+003	2.55080139e-001	-3.14491986e+000	6.94413181e+002	0.00000000e+000	1.1643e+014	1.0000e-010	0.0000e+000
5.830000e+003	2.55149581e-001	-3.14485042e+000	6.92201592e+002	0.00000000e+000	1.1611e+014	1.0000e-010	0.0000e+000
5.840000e+003	2.55218801e-001	-3.14478120e+000	6.89995917e+002	0.00000000e+000	1.1580e+014	1.0000e-010	0.0000e+000
5.850000e+003	2.55287800e-001	-3.14471220e+000	6.87796121e+002	0.00000000e+000	1.1549e+014	1.0000e-010	0.0000e+000
5.860000e+003	2.55356580e-001	-3.14464342e+000	6.85602170e+002	0.00000000e+000	1.1519e+014	1.0000e-010	0.0000e+000
5.870000e+003	2.55425140e-001	-3.14457486e+000	6.83414030e+002	0.00000000e+000	1.1488e+014	1.0000e-010	0.0000e+000
5.880000e+003	2.55493482e-001	-3.14450652e+000	6.81231666e+002	0.00000000e+000	1.1458e+014	1.0000e-010	0.0000e+000
5.890000e+003	2.55561605e-001	-3.14443840e+000	6.79055046e+002	0.00000000e+000	1.1428e+014	1.0000e-010	0.0000e+000
5.900000e+003	2.55629510e-001	-3.14437049e+000	6.76884136e+002	0.00000000e+000	1.1398e+014	1.0000e-010	0.0000e+000
5.910000e+003	2.55697199e-001	-3.14430280e+000	6.74718902e+002	0.00000000e+000	1.1368e+014	1.0000e-010	0.0000e+000
5.920000e+003	2.55764671e-001	-3.14423533e+000	6.72559312e+002	0.00000000e+000	1.1338e+014	1.0000e-010	0.0000e+000
5.930000e+003	2.55831927e-001	-3.14416807e+000	6.70405333e+002	0.00000000e+000	1.1309e+014	1.0000e-010	0.0000e+000
5.940000e+003	2.55898967e-001	-3.14410103e+000	6.68256933e+002	0.00000000e+000	1.1280e+014	1.0000e-010	0.0000e+000
5.950000e+003	2.55965793e-001	-3.14403421e+000	6.66114079e+002	0.00000000e+000	1.1250e+014	1.0000e-010	0.0000e+000
5.960000e+003	2.56032404e-001	-3.14396760e+000	6.63976739e+002	0.00000000e+000	1.1221e+014	1.0000e-010	0.0000e+000
5.970000e+003	2.56098802e-001	-3.14390120e+000	6.61844881e+002	0.00000000e+000	1.1193e+014	1.0000e-010	0.0000e+000
5.980000e+003	2.56164986e-001	-3.14383501e+000	6.59718475e+002	0.00000000e+000	1.1164e+014	1.0000e-010	0.0000e+000
5.990000e+003	2.56230958e-001	-3.14376904e+000	6.57597488e+002	0.00000000e+000	1.1136e+014	1.0000e-010	0.0000e+000
6.000000e+003	2.56296718e-001	-3.14370328e+000	6.55481889e+002	0.00000000e+000	1.1107e+014	1.0000e-010	0.0000e+000
6.010000e+003	2.56362266e-001	-3.14363773e+000	6.53371648e+002	0.00000000e+000	1.1079e+014	1.0000e-010	0.0000e+000
6.020000e+003	2.56427603e-001	-3.14357240e+000	6.51266733e+002	0.00000000e+000	1.1051e+014	1.0000e-010	0.0000e+000
6.030000e+003	2.56492730e-001	-3.14350727e+000	6.49167114e+002	0.00000000e+000	1.1023e+014	1.0000e-010	0.0000e+000
6.040000e+003	2.56557647e-001	-3.14344235e+000	6.47072761e+002	0.00000000e+000	1.0996e+014	1.0000e-010	0.0000e+000
6.050000e+003	2.56622354e-001	-3.14337765e+000	6.44983644e+002	0.00000000e+000	1.0968e+014	1.0000e-010	0.0000e+000
6.060000e+003	2.56686852e-001	-3.14331315e+000	6.42899732e+002	0.00000000e+000	1.0941e+014	1.0000e-010	0.0000e+000
6.070000e+003	2.56751142e-001	-3.14324886e+000	6.40820996e+002	0.00000000e+000	1.0914e+014	1.0000e-010	0.0000e+000
6.080000e+003	2.56815224e-001	-3.14318478e+000	6.38747406e+002	0.00000000e+000	1.0887e+014	1.0000e-010	0.0000e+000
6.090000e+003	2.56879099e-001	-3.14312090e+000	6.36678934e+002	0.00000000e+000	1.0860e+014	1.0000e-010	0.0000e+000
6.100000e+003	2.56942767e-001	-3.14305723e+000	6.34615550e+002	0.00000000e+000	1.0833e+014	1.0000e-010	0.0000e+000
6.110000e+003	2.57006229e-001	-3.14299377e+000	6.32557224e+002	0.00000000e+000	1.0807e+014	1.0000e-010	0.0000e+000
6.120000e+003	2.57069484e-001	-3.14293052e+000	6.30503929e+002	0.00000000e+000	1.0780e+014	1.0000e-010	0.0000e+000
6.130000e+003	2.57132535e-001	-3.14286747e+000	6.28455635e+002	0.00000000e+000	1.0754e+014	1.0000e-010	0.0000e+000
6.140000e+003	2.57195380e-001	-3.14280462e+000	6.26412315e+002	0.00000000e+000	1.0728e+014	1.0000e-010	0.0000e+000
6.150000e+003	2.57258022e-001	-3.14274198e+000	6.24373940e+002	0.00000000e+000	1.0702e+014	1.0000e-010	0.0000e+000
6.160000e+003	2.57320459e-001	-3.14267954e+000	6.22340482e+002	0.00000000e+000	1.0676e+014	1.0000e-010	0.0000e+000
6.170000e+003	2.57382693e-001	-3.14261731e+000	6.20311913e+002	0.00000000e+000	1.0650e+014	1.0000e-010	0.0000e+000
6.180000e+003	2.57444724e-001	-3.14255528e+000	6.18288206e+002	0.00000000e+000	1.0625e+014	1.0000e-010	0.0000e+000
6.190000e+003	2.57506553e-001	-3.14249345e+000	6.16269334e+002	0.00000000e+000	1.0599e+014	1.0000e-010	0.0000e+000
6.200000e+003	2.57568180e-001	-3.14243182e+000	6.14255268e+002	0.00000000e+000	1.0574e+014	1.0000e-010	0.0000e+000
6.210000e+003	2.57629605e-001	-3.14237039e+000	6.12245982e+002	0.00000000e+000	1.0549e+014	1.0000e-010	0.0000e+000
6.220000e+003	2.57690830e-001	-3.14230917e+000	6.10241449e+002	0.00000000e+000	1.0524e+014	1.0000e-010	0.0000e+000
6.230000e+003	2.57751854e-001	-3.14224815e+000	6.08241642e+002	0.00000000e+000	1.0499e+014	1.0000e-010	0.0000e+000
6.240000e+003	2.57812678e-001	-3.14218732e+000	6.06246534e+002	0.00000000e+000	1.0475e+014	1.0000e-010	0.0000e+000
6.250000e+003	2.57873303e-001	-3.14212670e+000	6.04256100e+002	0.00000000e+000	1.0450e+014	1.0000e-010	0.0000e+000
6.260000e+003	2.57933729e-001	-3.14206627e+000	6.02270313e+002	0.00000000e+000	1.0426e+014	1.0000e-010	0.0000e+000
6.270000e+003	2.57993956e-001	-3.14200604e+000	6.00289146e+002	0.00000000e+000	1.0401e+014	1.0000e-010	0.0000e+000
6.280000e+003	2.58053985e-001	-3.14194602e+000	5.98312575e+002	0.00000000e+000	1.0377e+014	1.0000e-010	0.0000e+000
6.290000e+003	2.58113816e-001	-3.14188618e+000	5.96340573e+002	0.00000000e+000	1.0353e+014	1.0000e-010	0.0000e+000
6.300000e+003	2.58173450e-001	-3.14182655e+000	5.94373114e+002	0.00000000e+000	1.0330e+014	1.0000e-010	0.0000e+000
6.310000e+003	2.58232887e-001	-3.14176711e+000	5.92410174e+002	0.00000000e+000	1.0306e+014	1.0000e-010	0.0000e+000
6.320000e+003	2.58292128e-001	-3.14170787e+000	5.90451727e+002	0.00000000e+000	1.0282e+014	1.0000e-010	0.0000e+000
6.330000e+003	2.58351173e-001	-3.14164883e+000	5.88497747e+002	0.00000000e+000	1.0259e+014	1.0000e-010	0.0000e+000
6.340000e+003	2.58410023e-001	-3.14158998e+000	5.86548211e+002	0.00000000e+000	1.0235e+014	1.0000e-010	0.0000e+000
6.350000e+003	2.58468678e-001	-3.14153132e+000	5.84603093e+002	0.00000000e+000	1.0212e+014	1.0000e-010	0.0000e+000
6.360000e+003	2.58527138e-001	-3.14147286e+000	5.82662369e+002	0.00000000e+000	1.0189e+014	1.0000e-010	0.0000e+000
6.370000e+003	2.58585405e-001	-3.14141460e+000	5.80726013e+002	0.00000000e+000	1.0166e+014	1.0000e-010	0.0000e+000
6.380000e+003	2.58643477e-001	-3.14135652e+000	5.78794003e+002	0.00000000e+000	1.0143e+014	1.0000e-010	0.0000e+000
6.390000e+003	2.58701357e-001	-3.14129864e+000	5.76866313e+002	0.00000000e+000	1.0121e+014	1.0000e-010	0.0000e+000
6.400000e+003	2.58759043e-001	-3.14124096e+000	5.74942920e+002	0.00000000e+000	1.0098e+014	1.0000e-010	0.0000e+000
6.410000e+003	2.58816537e-001	-3.14118346e+000	5.73023800e+002	0.00000000e+000	1.0076e+014	1.0000e-010	0.0000e+000
6.420000e+003	2.58873840e-001	-3.14112616e+000	5.71108929e+002	0.00000000e+000	1.0053e+014	1.0000e-010	0.0000e+000
6.430000e+003	2.58930951e-001	-3.14106905e+000	5.69198283e+002	0.00000000e+000	1.0031e+014	1.0000e-010	0.0000e+000
6.440000e+003	2.58987871e-001	-3.14101213e+000	5.67291840e+002	0.00000000e+000	1.0009e+014	1.0000e-010	0.0000e+000
6.450000e+003	2.59044600e-001	-3.14095540e+000	5.65389575e+002	0.00000000e+000	9.9872e+013	1.0000e-010	0.0000e+000
6.460000e+003	2.59101139e-001	-3.14089886e+000	5.63491467e+002	0.00000000e+000	9.9654e+013	1.0000e-010	0.0000e+000
6.470000e+003	2.59157488e-001	-3.14084251e+000	5.61597491e+002	0.00000000e+000	9.9437e+013	1.0000e-010	0.0000e+000
6.480000e+003	2.59213648e-001	-3.14078635e+000	5.59707625e+002	0.00000000e+000	9.9221e+013	1.0000e-010	0.0000e+000
6.490000e+003	2.59269618e-001	-3.14073038e+000	5.57821846e+002	0.00000000e+000	9.9007e+013	1.0000e-010	0.0000e+000
6.500000e+003	2.59325401e-001	-3.14067460e+000	5.55940132e+002	0.00000000e+000	9.8793e+013	1.0000e-010	0.0000e+000
6.510000e+003	2.59380995e-001	-3.14061901e+000	5.54062460e+002	0.00000000e+000	9.8581e+013	1.0000e-010	0.0000e+000
6.520000e+003	2.59436401e-001	-3.14056360e+000	5.52188808e+002	0.00000000e+000	9.8370e+013	1.0000e-010	0.0000e+000
6.530000e+003	2.59491620e-001	-3.14050838e+000	5.50319153e+002	0.00000000e+000	9.8160e+013	1.0000e-010	0.0000e+000
6.540000e+003	2.59546652e-001	-3.14045335e+000	5.48453475e+002	0.00000000e+000	9.7951e+013	1.0000e-010	0.0000e+000
6.550000e+003	2.59601497e-001	-3.14039850e+000	5.46591750e+002	0.00000000e+000	9.7744e+013	1.0000e-010	0.0000e+000
6.560000e+003	2.59656156e-001	-3.14034384e+000	5.44733958e+002	0.00000000e+000	9.7537e+013	1.0000e-010	0.0000e+000
6.570000e+003	2.59710630e-001	-3.14028937e+000	5.42880076e+002	0.00000000e+000	9.7332e+013	1.0000e-010	0.0000e+000
6.580000e+003	2.59764918e-001	-3.14023508e+000	5.41030083e+002	0.00000000e+000	9.7128e+013	1.0000e-010	0.0000e+000
6.590000e+003	2.59819021e-001	-3.14018098e+000	5.39183957e+002	0.00000000e+000	9.6925e+013	1.0000e-010	0.0000e+000
6.600000e+003	2.59872939e-001	-3.14012706e+000	5.37341678e+002	0.00000000e+000	9.6723e+013	1.0000e-010	0.0000e+000
6.610000e+003	2.59926673e-001	-3.14007333e+000	5.35503225e+002	0.00000000e+000	9.6522e+013	1.0000e-010	0.0000e+000
6.620000e+003	2.59980223e-001	-3.14001978e+000	5.33668575e+002	0.00000000e+000	9.6322e+013	1.0000e-010	0.0000e+000
6.630000e+003	2.60033590e-001	-3.13996641e+000	5.31837709e+002	0.00000000e+000	9.6124e+013	1.0000e-010	0.0000e+000
6.640000e+003	2.60086774e-001	-3.13991323e+000	5.30010605e+002	0.00000000e+000	9.5926e+013	1.0000e-010	0.0000e+000
6.650000e+003	2.60139775e-001	-3.13986022e+000	5.28187244e+002	0.00000000e+000	9.5730e+013	1.0000e-010	0.0000e+000
6.660000e+003	2.60192594e-001	-3.13980741e+000	5.26367604e+002	0.00000000e+000	9.5534e+013	1.0000e-010	0.0000e+000
6.670000e+003	2.60245231e-001	-3.13975477e+000	5.24551665e+002	0.00000000e+000	9.5340e+013	1.0000e-010	0.0000e+000
6.680000e+003	2.60297686e-001	-3.13970231e+000	5.22739408e+002	0.00000000e+000	9.5147e+013	1.0000e-010	0.0000e+000
6.690000e+003	2.60349960e-001	-3.13965004e+000	5.20930811e+002	0.00000000e+000	9.4954e+013	1.0000e-010	0.0000e+000
6.700000e+003	2.60402053e-001	-3.13959795e+000	5.19125854e+002	0.00000000e+000	9.4763e+013	1.0000e-010	0.0000e+000
6.710000e+003	2.60453965e-001	-3.13954603e+000	5.17324519e+002	0.00000000e+000	9.4573e+013	1.0000e-010	0.0000e+000
6.720000e+003	2.60505698e-001	-3.13949430e+000	5.15526785e+002	0.00000000e+000	9.4384e+013	1.0000e-010	0.0000e+000
6.730000e+003	2.60557250e-001	-3.13944275e+000	5.13732632e+002	0.00000000e+000	9.4196e+013	1.0000e-010	0.0000e+000
6.740000e+003	2.60608624e-001	-3.13939138e+000	5.11942040e+002	0.00000000e+000	9.4009e+013	1.0000e-010	0.0000e+000
6.750000e+003	2.60659818e-001	-3.13934018e+000	5.10154991e+002	0.00000000e+000	9.3823e+013	1.0000e-010	0.0000e+000
6.760000e+003	2.60710833e-001	-3.13928917e+000	5.08371466e+002	0.00000000e+000	9.3638e+013	1.0000e-010	0.0000e+000
6.770000e+003	2.60761671e-001	-3.13923833e+000	5.06591444e+002	0.00000000e+000	9.3454e+013	1.0000e-010	0.0000e+000
6.780000e+003	2.60812330e-001	-3.13918767e+000	5.04814906e+002	0.00000000e+000	9.3271e+013	1.0000e-010	0.0000e+000
6.790000e+003	2.60862811e-001	-3.13913719e+000	5.03041835e+002	0.00000000e+000	9.3089e+013	1.0000e-010	0.0000e+000
6.800000e+003	2.60913115e-001	-3.13908688e+000	5.01272210e+002	0.00000000e+000	9.2908e+013	1.0000e-010	0.0000e+000
6.810000e+003	2.60963243e-001	-3.13903676e+000	4.99506013e+002	0.00000000e+000	9.2728e+013	1.0000e-010	0.0000e+000
6.820000e+003	2.61013193e-001	-3.13898681e+000	4.97743225e+002	0.00000000e+000	9.2549e+013	1.0000e-010	0.0000e+000
6.830000e+003	2.61062968e-001	-3.13893703e+000	4.95983829e+002	0.00000000e+000	9.2371e+013	1.0000e-010	0.0000e+000
6.840000e+003	2.61112566e-001	-3.13888743e+000	4.94227804e+002	0.00000000e+000	9.2194e+013	1.0000e-010	0.0000e+000
6.850000e+003	2.61161989e-001	-3.13883801e+000	4.92475133e+002	0.00000000e+000	9.2018e+013	1.0000e-010	0.0000e+000
6.860000e+003	2.61211236e-001	-3.13878876e+000	4.90725798e+002	0.00000000e+000	9.1843e+013	1.0000e-010	0.0000e+000
6.870000e+003	2.61260309e-001	-3.13873969e+000	4.88979781e+002	0.00000000e+000	9.1669e+013	1.0000e-010	0.0000e+000
6.880000e+003	2.61309207e-001	-3.13869079e+000	4.87237063e+002	0.00000000e+000	9.1496e+013	1.0000e-010	0.0000e+000
6.890000e+003	2.61357930e-001	-3.13864207e+000	4.85497626e+002	0.00000000e+000	9.1323e+013	1.0000e-010	0.0000e+000
6.900000e+003	2.61406480e-001	-3.13859352e+000	4.83761453e+002	0.00000000e+000	9.1152e+013	1.0000e-010	0.0000e+000
6.910000e+003	2.61454856e-001	-3.13854514e+000	4.82028525e+002	0.00000000e+000	9.0982e+013	1.0000e-010	0.0000e+000
6.920000e+003	2.61503059e-001	-3.13849694e+000	4.80298826e+002	0.00000000e+000	9.0812e+013	1.0000e-010	0.0000e+000
6.930000e+003	2.61551089e-001	-3.13844891e+000	4.78572337e+002	0.00000000e+000	9.0643e+013	1.0000e-010	0.0000e+000
6.940000e+003	2.61598946e-001	-3.13840105e+000	4.76849042e+002	0.00000000e+000	9.0476e+013	1.0000e-010	0.0000e+000
6.950000e+003	2.61646631e-001	-3.13835337e+000	4.75128922e+002	0.00000000e+000	9.0309e+013	1.0000e-010	0.0000e+000
6.960000e+003	2.61694144e-001	-3.13830586e+000	4.73411961e+002	0.00000000e+000	9.0143e+013	1.0000e-010	0.0000e+000
6.970000e+003	2.61741485e-001	-3.13825851e+000	4.71698141e+002	0.00000000e+000	8.9978e+013	1.0000e-010	0.0000e+000
6.980000e+003	2.61788655e-001	-3.13821134e+000	4.69987445e+002	0.00000000e+000	8.9814e+013	1.0000e-010	0.0000e+000
6.990000e+003	2.61835654e-001	-3.13816435e+000	4.68279857e+002	0.00000000e+000	8.9651e+013	1.0000e-010	0.0000e+000
7.000000e+003	2.61882482e-001	-3.13811752e+000	4.66575358e+002	0.00000000e+000	8.9489e+013	1.0000e-010	0.0000e+000
7.010000e+003	2.61929139e-001	-3.13807086e+000	4.64873934e+002	0.00000000e+000	8.9328e+013	1.0000e-010	0.0000e+000
7.020000e+003	2.61975627e-001	-3.13802437e+000	4.63175566e+002	0.00000000e+000	8.9167e+013	1.0000e-010	0.0000e+000
7.030000e+003	2.62021944e-001	-3.13797806e+000	4.61480238e+002	0.00000000e+000	8.9007e+013	1.0000e-010	0.0000e+000
7.040000e+003	2.62068092e-001	-3.13793191e+000	4.59787934e+002	0.00000000e+000	8.8849e+013	1.0000e-010	0.0000e+000
7.050000e+003	2.62114071e-001	-3.13788593e+000	4.58098636e+002	0.00000000e+000	8.8691e+013	1.0000e-010	0.0000e+000
7.060000e+003	2.62159881e-001	-3.13784012e+000	4.56412330e+002	0.00000000e+000	8.8534e+013	1.0000e-010	0.0000e+000
7.070000e+003	2.62205522e-001	-3.13779448e+000	4.54728998e+002	0.00000000e+000	8.8378e+013	1.0000e-010	0.0000e+000
7.080000e+003	2.62250995e-001	-3.13774900e+000	4.53048625e+002	0.00000000e+000	8.8222e+013	1.0000e-010	0.0000e+000
7.090000e+003	2.62296300e-001	-3.13770370e+000	4.51371194e+002	0.00000000e+000	8.8068e+013	1.0000e-010	0.0000e+000
7.100000e+003	2.62341437e-001	-3.13765856e+000	4.49696689e+002	0.00000000e+000	8.7914e+013	1.0000e-010	0.0000e+000
7.110000e+003	2.62386407e-001	-3.13761359e+000	4.48025094e+002	0.00000000e+000	8.7761e+013	1.0000e-010	0.0000e+000
7.120000e+003	2.62431209e-001	-3.13756879e+000	4.46356394e+002	0.00000000e+000	8.7609e+013	1.0000e-010	0.0000e+000
7.130000e+003	2.62475845e-001	-3.13752415e+000	4.44690572e+002	0.00000000e+000	8.7458e+013	1.0000e-010	0.0000e+000
7.140000e+003	2.62520314e-001	-3.13747969e+000	4.43027613e+002	0.00000000e+000	8.7308e+013	1.0000e-010	0.0000e+000
7.150000e+003	2.62564617e-001	-3.13743538e+000	4.41367502e+002	0.00000000e+000	8.7158e+013	1.0000e-010	0.0000e+000
7.160000e+003	2.62608754e-001	-3.13739125e+000	4.39710223e+002	0.00000000e+000	8.7010e+013	1.0000e-010	0.0000e+000
7.170000e+003	2.62652725e-001	-3.13734728e+000	4.38055760e+002	0.00000000e+000	8.6862e+013	1.0000e-010	0.0000e+000
7.180000e+003	2.62696530e-001	-3.13730347e+000	4.36404098e+002	0.00000000e+000	8.6715e+013	1.0000e-010	0.0000e+000
7.190000e+003	2.62740171e-001	-3.13725983e+000	4.34755222e+002	0.00000000e+000	8.6569e+013	1.0000e-010	0.0000e+000
7.200000e+003	2.62783646e-001	-3.13721635e+000	4.33109116e+002	0.00000000e+000	8.6423e+013	1.0000e-010	0.0000e+000
7.210000e+003	2.62826957e-001	-3.13717304e+000	4.31465766e+002	0.00000000e+000	8.6278e+013	1.0000e-010	0.0000e+000
7.220000e+003	2.62870104e-001	-3.13712990e+000	4.29825157e+002	0.00000000e+000	8.6135e+013	1.0000e-010	0.0000e+000
7.230000e+003	2.62913086e-001	-3.13708691e+000	4.28187273e+002	0.00000000e+000	8.5991e+013	1.0000e-010	0.0000e+000
7.240000e+003	2.62955905e-001	-3.13704410e+000	4.26552099e+002	0.00000000e+000	8.5849e+013	1.0000e-010	0.0000e+000
7.250000e+003	2.62998560e-001	-3.13700144e+000	4.24919621e+002	0.00000000e+000	8.5708e+013	1.0000e-010	0.0000e+000
7.260000e+003	2.63041052e-001	-3.13695895e+000	4.23289825e+002	0.00000000e+000	8.5567e+013	1.0000e-010	0.0000e+000
7.270000e+003	2.63083381e-001	-3.13691662e+000	4.21662694e+002	0.00000000e+000	8.5427e+013	1.0000e-010	0.0000e+000
7.280000e+003	2.63125547e-001	-3.13687445e+000	4.20038216e+002	0.00000000e+000	8.5288e+013	1.0000e-010	0.0000e+000
7.290000e+003	2.63167551e-001	-3.13683245e+000	4.18416375e+002	0.00000000e+000	8.5149e+013	1.0000e-010	0.0000e+000
7.300000e+003	2.63209393e-001	-3.13679061e+000	4.16797156e+002	0.00000000e+000	8.5011e+013	1.0000e-010	0.0000e+000
7.310000e+003	2.63251072e-001	-3.13674893e+000	4.15180546e+002	0.00000000e+000	8.4875e+013	1.0000e-010	0.0000e+000
7.320000e+003	2.63292590e-001	-3.13670741e+000	4.13566530e+002	0.00000000e+000	8.4738e+013	1.0000e-010	0.0000e+000
7.330000e+003	2.63333947e-001	-3.13666605e+000	4.11955095e+002	0.00000000e+000	8.4603e+013	1.0000e-010	0.0000e+000
7.340000e+003	2.63375143e-001	-3.13662486e+000	4.10346225e+002	0.00000000e+000	8.4468e+013	1.0000e-010	0.0000e+000
7.350000e+003	2.63416177e-001	-3.13658382e+000	4.08739906e+002	0.00000000e+000	8.4334e+013	1.0000e-010	0.0000e+000
7.360000e+003	2.63457051e-001	-3.13654295e+000	4.07136126e+002	0.00000000e+000	8.4201e+013	1.0000e-010	0.0000e+000
7.370000e+003	2.63497765e-001	-3.13650224e+000	4.05534869e+002	0.00000000e+000	8.4068e+013	1.0000e-010	0.0000e+000
7.380000e+003	2.63538318e-001	-3.13646168e+000	4.03936122e+002	0.00000000e+000	8.3937e+013	1.0000e-010	0.0000e+000
7.390000e+003	2.63578712e-001	-3.13642129e+000	4.02339871e+002	0.00000000e+000	8.3806e+013	1.0000e-010	0.0000e+000
7.400000e+003	2.63618946e-001	-3.13638105e+000	4.00746103e+002	0.00000000e+000	8.3675e+013	1.0000e-010	0.0000e+000
7.410000e+003	2.63659021e-001	-3.13634098e+000	3.99154803e+002	0.00000000e+000	8.3546e+013	1.0000e-010	0.0000e+000
7.420000e+003	2.63698936e-001	-3.13630106e+000	3.97565958e+002	0.00000000e+000	8.3417e+013	1.0000e-010	0.0000e+000
7.430000e+003	2.63738693e-001	-3.13626131e+000	3.95979555e+002	0.00000000e+000	8.3289e+013	1.0000e-010	0.0000e+000
7.440000e+003	2.63778291e-001	-3.13622171e+000	3.94395580e+002	0.00000000e+000	8.3161e+013	1.0000e-010	0.0000e+000
7.450000e+003	2.63817730e-001	-3.13618227e+000	3.92814019e+002	0.00000000e+000	8.3034e+013	1.0000e-010	0.0000e+000
7.460000e+003	2.63857012e-001	-3.13614299e+000	3.91234860e+002	0.00000000e+000	8.2908e+013	1.0000e-010	0.0000e+000
7.470000e+003	2.63896135e-001	-3.13610386e+000	3.89658089e+002	0.00000000e+000	8.2783e+013	1.0000e-010	0.0000e+000
7.480000e+003	2.63935101e-001	-3.13606490e+000	3.88083693e+002	0.00000000e+000	8.2658e+013	1.0000e-010	0.0000e+000
7.490000e+003	2.63973909e-001	-3.13602609e+000	3.86511658e+002	0.00000000e+000	8.2534e+013	1.0000e-010	0.0000e+000
7.500000e+003	2.64012560e-001	-3.13598744e+000	3.84941972e+002	0.00000000e+000	8.2411e+013	1.0000e-010	0.0000e+000
7.510000e+003	2.64051055e-001	-3.13594895e+000	3.83374621e+002	0.00000000e+000	8.2288e+013	1.0000e-010	0.0000e+000
7.520000e+003	2.64089392e-001	-3.13591061e+000	3.81809593e+002	0.00000000e+000	8.2166e+013	1.0000e-010	0.0000e+000
7.530000e+003	2.64127573e-001	-3.13587243e+000	3.80246875e+002	0.00000000e+000	8.2045e+013	1.0000e-010	0.0000e+000
7.540000e+003	2.64165598e-001	-3.13583440e+000	3.78686454e+002	0.00000000e+000	8.1924e+013	1.0000e-010	0.0000e+000
7.550000e+003	2.64203466e-001	-3.13579653e+000	3.77128316e+002	0.00000000e+000	8.1805e+013	1.0000e-010	0.0000e+000
7.560000e+003	2.64241179e-001	-3.13575882e+000	3.75572450e+002	0.00000000e+000	8.1685e+013	1.0000e-010	0.0000e+000
7.570000e+003	2.64278736e-001	-3.13572126e+000	3.74018843e+002	0.00000000e+000	8.1567e+013	1.0000e-010	0.0000e+000
7.580000e+003	2.64316138e-001	-3.13568386e+000	3.72467482e+002	0.00000000e+000	8.1449e+013	1.0000e-010	0.0000e+000
7.590000e+003	2.64353385e-001	-3.13564661e+000	3.70918354e+002	0.00000000e+000	8.1332e+013	1.0000e-010	0.0000e+000
7.600000e+003	2.64390477e-001	-3.13560952e+000	3.69371448e+002	0.00000000e+000	8.1215e+013	1.0000e-010	0.0000e+000
7.610000e+003	2.64427414e-001	-3.13557259e+000	3.67826750e+002	0.00000000e+000	8.1099e+013	1.0000e-010	0.0000e+000
7.620000e+003	2.64464197e-001	-3.13553580e+000	3.66284248e+002	0.00000000e+000	8.0984e+013	1.0000e-010	0.0000e+000
7.630000e+003	2.64500825e-001	-3.13549917e+000	3.64743930e+002	0.00000000e+000	8.0869e+013	1.0000e-010	0.0000e+000
7.640000e+003	2.64537300e-001	-3.13546270e+000	3.63205784e+002	0.00000000e+000	8.0755e+013	1.0000e-010	0.0000e+000
7.650000e+003	2.64573620e-001	-3.13542638e+000	3.61669798e+002	0.00000000e+000	8.0642e+013	1.0000e-010	0.0000e+000
7.660000e+003	2.64609787e-001	-3.13539021e+000	3.60135959e+002	0.00000000e+000	8.0529e+013	1.0000e-010	0.0000e+000
7.670000e+003	2.64645801e-001	-3.13535420e+000	3.58604255e+002	0.00000000e+000	8.0417e+013	1.0000e-010	0.0000e+000
7.680000e+003	2.64681661e-001	-3.13531834e+000	3.57074674e+002	0.00000000e+000	8.0305e+013	1.0000e-010	0.0000e+000
7.690000e+003	2.64717369e-001	-3.13528263e+000	3.55547205e+002	0.00000000e+000	8.0194e+013	1.0000e-010	0.0000e+000
7.700000e+003	2.64752923e-001	-3.13524708e+000	3.54021834e+002	0.00000000e+000	8.0084e+013	1.0000e-010	0.0000e+000
7.710000e+003	2.64788325e-001	-3.13521167e+000	3.52498552e+002	0.00000000e+000	7.9975e+013	1.0000e-010	0.0000e+000
7.720000e+003	2.64823575e-001	-3.13517642e+000	3.50977344e+002	0.00000000e+000	7.9866e+013	1.0000e-010	0.0000e+000
7.730000e+003	2.64858673e-001	-3.13514133e+000	3.49458201e+002	0.00000000e+000	7.9757e+013	1.0000e-010	0.0000e+000
7.740000e+003	2.64893619e-001	-3.13510638e+000	3.47941110e+002	0.00000000e+000	7.9650e+013	1.0000e-010	0.0000e+000
7.750000e+003	2.64928413e-001	-3.13507159e+000	3.46426059e+002	0.00000000e+000	7.9542e+013	1.0000e-010	0.0000e+000
7.760000e+003	2.64963056e-001	-3.13503694e+000	3.44913038e+002	0.00000000e+000	7.9436e+013	1.0000e-010	0.0000e+000
7.770000e+003	2.64997547e-001	-3.13500245e+000	3.43402033e+002	0.00000000e+000	7.9330e+013	1.0000e-010	0.0000e+000
7.780000e+003	2.65031887e-001	-3.13496811e+000	3.41893034e+002	0.00000000e+000	7.9225e+013	1.0000e-010	0.0000e+000
7.790000e+003	2.65066076e-001	-3.13493392e+000	3.40386030e+002	0.00000000e+000	7.9120e+013	1.0000e-010	0.0000e+000
7.800000e+003	2.65100115e-001	-3.13489988e+000	3.38881009e+002	0.00000000e+000	7.9016e+013	1.0000e-010	0.0000e+000
7.810000e+003	2.65134003e-001	-3.13486600e+000	3.37377959e+002	0.00000000e+000	7.8912e+013	1.0000e-010	0.0000e+000
7.820000e+003	2.65167741e-001	-3.13483226e+000	3.35876869e+002	0.00000000e+000	7.8809e+013	1.0000e-010	0.0000e+000
7.830000e+003	2.65201329e-001	-3.13479867e+000	3.34377729e+002	0.00000000e+000	7.8707e+013	1.0000e-010	0.0000e+000
7.840000e+003	2.65234766e-001	-3.13476523e+000	3.32880526e+002	0.00000000e+000	7.8605e+013	1.0000e-010	0.0000e+000
7.850000e+003	2.65268054e-001	-3.13473195e+000	3.31385250e+002	0.00000000e+000	7.8504e+013	1.0000e-010	0.0000e+000
7.860000e+003	2.65301193e-001	-3.13469881e+000	3.29891889e+002	0.00000000e+000	7.8404e+013	1.0000e-010	0.0000e+000
7.870000e+003	2.65334182e-001	-3.13466582e+000	3.28400433e+002	0.00000000e+000	7.8304e+013	1.0000e-010	0.0000e+000
7.880000e+003	2.65367022e-001	-3.13463298e+000	3.26910870e+002	0.00000000e+000	7.8204e+013	1.0000e-010	0.0000e+000
7.890000e+003	2.65399713e-001	-3.13460029e+000	3.25423189e+002	0.00000000e+000	7.8105e+013	1.0000e-010	0.0000e+000
7.900000e+003	2.65432256e-001	-3.13456774e+000	3.23937380e+002	0.00000000e+000	7.8007e+013	1.0000e-010	0.0000e+000
7.910000e+003	2.65464649e-001	-3.13453535e+000	3.22453432e+002	0.00000000e+000	7.7909e+013	1.0000e-010	0.0000e+000
7.920000e+003	2.65496895e-001	-3.13450311e+000	3.20971333e+002	0.00000000e+000	7.7812e+013	1.0000e-010	0.0000e+000
7.930000e+003	2.65528992e-001	-3.13447101e+000	3.19491074e+002	0.00000000e+000	7.7716e+013	1.0000e-010	0.0000e+000
7.940000e+003	2.65560941e-001	-3.13443906e+000	3.18012643e+002	0.00000000e+000	7.7620e+013	1.0000e-010	0.0000e+000
7.950000e+003	2.65592742e-001	-3.13440726e+000	3.16536029e+002	0.00000000e+000	7.7524e+013	1.0000e-010	0.0000e+000
7.960000e+003	2.65624396e-001	-3.13437560e+000	3.15061222e+002	0.00000000e+000	7.7429e+013	1.0000e-010	0.0000e+000
7.970000e+003	2.65655902e-001	-3.13434410e+000	3.13588211e+002	0.00000000e+000	7.7335e+013	1.0000e-010	0.0000e+000
7.980000e+003	2.65687261e-001	-3.13431274e+000	3.12116986e+002	0.00000000e+000	7.7241e+013	1.0000e-010	0.0000e+000
7.990000e+003	2.65718472e-001	-3.13428153e+000	3.10647537e+002	0.00000000e+000	7.7148e+013	1.0000e-010	0.0000e+000
8.000000e+003	2.65749537e-001	-3.13425046e+000	3.09179852e+002	0.00000000e+000	7.7056e+013	1.0000e-010	0.0000e+000
8.010000e+003	2.65780455e-001	-3.13421954e+000	3.07713921e+002	0.00000000e+000	7.6963e+013	1.0000e-010	0.0000e+000
8.020000e+003	2.65811227e-001	-3.13418877e+000	3.06249734e+002	0.00000000e+000	7.6872e+013	1.0000e-010	0.0000e+000
8.030000e+003	2.65841852e-001	-3.13415815e+000	3.04787280e+002	0.00000000e+000	7.6781e+013	1.0000e-010	0.0000e+000
8.040000e+003	2.65872330e-001	-3.13412767e+000	3.03326550e+002	0.00000000e+000	7.6690e+013	1.0000e-010	0.0000e+000
8.050000e+003	2.65902663e-001	-3.13409734e+000	3.01867533e+002	0.00000000e+000	7.6600e+013	1.0000e-010	0.0000e+000
8.060000e+003	2.65932850e-001	-3.13406715e+000	3.00410218e+002	0.00000000e+000	7.6511e+013	1.0000e-010	0.0000e+000
8.070000e+003	2.65962891e-001	-3.13403711e+000	2.98954596e+002	0.00000000e+000	7.6422e+013	1.0000e-010	0.0000e+000
8.080000e+003	2.65992786e-001	-3.13400721e+000	2.97500656e+002	0.00000000e+000	7.6334e+013	1.0000e-010	0.0000e+000
8.090000e+003	2.66022536e-001	-3.13397746e+000	2.96048388e+002	0.00000000e+000	7.6246e+013	1.0000e-010	0.0000e+000
8.100000e+003	2.66052141e-001	-3.13394786e+000	2.94597783e+002	0.00000000e+000	7.6159e+013	1.0000e-010	0.0000e+000
8.110000e+003	2.66081601e-001	-3.13391840e+000	2.93148829e+002	0.00000000e+000	7.6072e+013	1.0000e-010	0.0000e+000
8.120000e+003	2.66110916e-001	-3.13388908e+000	2.91701518e+002	0.00000000e+000	7.5986e+013	1.0000e-010	0.0000e+000
8.130000e+003	2.66140086e-001	-3.13385991e+000	2.90255838e+002	0.00000000e+000	7.5900e+013	1.0000e-010	0.0000e+000
8.140000e+003	2.66169111e-001	-3.13383089e+000	2.88811782e+002	0.00000000e+000	7.5815e+013	1.0000e-010	0.0000e+000
8.150000e+003	2.66197993e-001	-3.13380201e+000	2.87369337e+002	0.00000000e+000	7.5730e+013	1.0000e-010	0.0000e+000
8.160000e+003	2.66226730e-001	-3.13377327e+000	2.85928495e+002	0.00000000e+000	7.5646e+013	1.0000e-010	0.0000e+000
8.170000e+003	2.66255322e-001	-3.13374468e+000	2.84489245e+002	0.00000000e+000	7.5563e+013	1.0000e-010	0.0000e+000
8.180000e+003	2.66283771e-001	-3.13371623e+000	2.83051579e+002	0.00000000e+000	7.5480e+013	1.0000e-010	0.0000e+000
8.190000e+003	2.66312076e-001	-3.13368792e+000	2.81615486e+002	0.00000000e+000	7.5397e+013	1.0000e-010	0.0000e+000
8.200000e+003	2.66340238e-001	-3.13365976e+000	2.80180956e+002	0.00000000e+000	7.5315e+013	1.0000e-010	0.0000e+000
8.210000e+003	2.66368256e-001	-3.13363174e+000	2.78747980e+002	0.00000000e+000	7.5233e+013	1.0000e-010	0.0000e+000
8.220000e+003	2.66396131e-001	-3.13360387e+000	2.77316549e+002	0.00000000e+000	7.5152e+013	1.0000e-010	0.0000e+000
8.230000e+003	2.66423863e-001	-3.13357614e+000	2.75886652e+002	0.00000000e+000	7.5072e+013	1.0000e-010	0.0000e+000
8.240000e+003	2.66451451e-001	-3.13354855e+000	2.74458280e+002	0.00000000e+000	7.4992e+013	1.0000e-010	0.0000e+000
8.250000e+003	2.66478897e-001	-3.13352110e+000	2.73031424e+002	0.00000000e+000	7.4912e+013	1.0000e-010	0.0000e+000
8.260000e+003	2.66506200e-001	-3.13349380e+000	2.71606075e+002	0.00000000e+000	7.4833e+013	1.0000e-010	0.0000e+000
8.270000e+003	2.66533361e-001	-3.13346664e+000	2.70182221e+002	0.00000000e+000	7.4754e+013	1.0000e-010	0.0000e+000
8.280000e+003	2.66560379e-001	-3.13343962e+000	2.68759856e+002	0.00000000e+000	7.4676e+013	1.0000e-010	0.0000e+000
8.290000e+003	2.66587255e-001	-3.13341274e+000	2.67338968e+002	0.00000000e+000	7.4599e+013	1.0000e-010	0.0000e+000
8.300000e+003	2.66613989e-001	-3.13338601e+000	2.65919548e+002	0.00000000e+000	7.4521e+013	1.0000e-010	0.0000e+000
8.310000e+003	2.66640581e-001	-3.13335942e+000	2.64501588e+002	0.00000000e+000	7.4445e+013	1.0000e-010	0.0000e+000
8.320000e+003	2.66667031e-001	-3.13333297e+000	2.63085078e+002	0.00000000e+000	7.4369e+013	1.0000e-010	0.0000e+000
8.330000e+003	2.66693340e-001	-3.13330666e+000	2.61670009e+002	0.00000000e+000	7.4293e+013	1.0000e-010	0.0000e+000
8.340000e+003	2.66719507e-001	-3.13328049e+000	2.60256371e+002	0.00000000e+000	7.4218e+013	1.0000e-010	0.0000e+000
8.350000e+003	2.66745532e-001	-3.13325447e+000	2.58844156e+002	0.00000000e+000	7.4143e+013	1.0000e-010	0.0000e+000
8.360000e+003	2.66771417e-001	-3.13322858e+000	2.57433354e+002	0.00000000e+000	7.4069e+013	1.0000e-010	0.0000e+000
8.370000e+003	2.66797160e-001	-3.13320284e+000	2.56023957e+002	0.00000000e+000	7.3995e+013	1.0000e-010	0.0000e+000
8.380000e+003	2.66822762e-001	-3.13317724e+000	2.54615954e+002	0.00000000e+000	7.3922e+013	1.0000e-010	0.0000e+000
8.390000e+003	2.66848224e-001	-3.13315178e+000	2.53209337e+002	0.00000000e+000	7.3849e+013	1.0000e-010	0.0000e+000
8.400000e+003	2.66873545e-001	-3.13312646e+000	2.51804098e+002	0.00000000e+000	7.3777e+013	1.0000e-010	0.0000e+000
8.410000e+003	2.66898725e-001	-3.13310127e+000	2.50400226e+002	0.00000000e+000	7.3705e+013	1.0000e-010	0.0000e+000
8.420000e+003	2.66923765e-001	-3.13307623e+000	2.48997714e+002	0.00000000e+000	7.3634e+013	1.0000e-010	0.0000e+000
8.430000e+003	2.66948665e-001	-3.13305133e+000	2.47596552e+002	0.00000000e+000	7.3563e+013	1.0000e-010	0.0000e+000
8.440000e+003	2.66973425e-001	-3.13302658e+000	2.46196731e+002	0.00000000e+000	7.3493e+013	1.0000e-010	0.0000e+000
8.450000e+003	2.66998044e-001	-3.13300196e+000	2.44798243e+002	0.00000000e+000	7.3423e+013	1.0000e-010	0.0000e+000
8.460000e+003	2.67022524e-001	-3.13297748e+000	2.43401078e+002	0.00000000e+000	7.3353e+013	1.0000e-010	0.0000e+000
8.470000e+003	2.67046864e-001	-3.13295314e+000	2.42005228e+002	0.00000000e+000	7.3284e+013	1.0000e-010	0.0000e+000
8.480000e+003	2.67071065e-001	-3.13292894e+000	2.40610684e+002	0.00000000e+000	7.3215e+013	1.0000e-010	0.0000e+000
8.490000e+003	2.67095126e-001	-3.13290487e+000	2.39217438e+002	0.00000000e+000	7.3147e+013	1.0000e-010	0.0000e+000
8.500000e+003	2.67119048e-001	-3.13288095e+000	2.37825480e+002	0.00000000e+000	7.3080e+013	1.0000e-010	0.0000e+000
8.510000e+003	2.67142830e-001	-3.13285717e+000	2.36434802e+002	0.00000000e+000	7.3012e+013	1.0000e-010	0.0000e+000
8.520000e+003	2.67166474e-001	-3.13283353e+000	2.35045395e+002	0.00000000e+000	7.2946e+013	1.0000e-010	0.0000e+000
8.530000e+003	2.67189978e-001	-3.13281002e+000	2.33657251e+002	0.00000000e+000	7.2879e+013	1.0000e-010	0.0000e+000
8.540000e+003	2.67213344e-001	-3.13278666e+000	2.32270361e+002	0.00000000e+000	7.2814e+013	1.0000e-010	0.0000e+000
8.550000e+003	2.67236571e-001	-3.13276343e+000	2.30884717e+002	0.00000000e+000	7.2748e+013	1.0000e-010	0.0000e+000
8.560000e+003	2.67259659e-001	-3.13274034e+000	2.29500309e+002	0.00000000e+000	7.2683e+013	1.0000e-010	0.0000e+000
8.570000e+003	2.67282610e-001	-3.13271739e+000	2.28117130e+002	0.00000000e+000	7.2619e+013	1.0000e-010	0.0000e+000
8.580000e+003	2.67305421e-001	-3.13269458e+000	2.26735171e+002	0.00000000e+000	7.2555e+013	1.0000e-010	0.0000e+000
8.590000e+003	2.67328095e-001	-3.13267191e+000	2.25354424e+002	0.00000000e+000	7.2491e+013	1.0000e-010	0.0000e+000
8.600000e+003	2.67350630e-001	-3.13264937e+000	2.23974880e+002	0.00000000e+000	7.2428e+013	1.0000e-010	0.0000e+000
8.610000e+003	2.67373028e-001	-3.13262697e+000	2.22596530e+002	0.00000000e+000	7.2365e+013	1.0000e-010	0.0000e+000
8.620000e+003	2.67395287e-001	-3.13260471e+000	2.21219366e+002	0.00000000e+000	7.2303e+013	1.0000e-010	0.0000e+000
8.630000e+003	2.67417409e-001	-3.13258259e+000	2.19843381e+002	0.00000000e+000	7.2241e+013	1.0000e-010	0.0000e+000
8.640000e+003	2.67439394e-001	-3.13256061e+000	2.18468565e+002	0.00000000e+000	7.2180e+013	1.0000e-010	0.0000e+000
8.650000e+003	2.67461240e-001	-3.13253876e+000	2.17094911e+002	0.00000000e+000	7.2119e+013	1.0000e-010	0.0000e+000
8.660000e+003	2.67482950e-001	-3.13251705e+000	2.15722409e+002	0.00000000e+000	7.2058e+013	1.0000e-010	0.0000e+000
8.670000e+003	2.67504522e-001	-3.13249548e+000	2.14351053e+002	0.00000000e+000	7.1998e+013	1.0000e-010	0.0000e+000
8.680000e+003	2.67525957e-001	-3.13247404e+000	2.12980833e+002	0.00000000e+000	7.1938e+013	1.0000e-010	0.0000e+000
8.690000e+003	2.67547255e-001	-3.13245274e+000	2.11611741e+002	0.00000000e+000	7.1879e+013	1.0000e-010	0.0000e+000
8.700000e+003	2.67568417e-001	-3.13243158e+000	2.10243769e+002	0.00000000e+000	7.1820e+013	1.0000e-010	0.0000e+000
8.710000e+003	2.67589441e-001	-3.13241056e+000	2.08876910e+002	0.00000000e+000	7.1762e+013	1.0000e-010	0.0000e+000
8.720000e+003	2.67610329e-001	-3.13238967e+000	2.07511155e+002	0.00000000e+000	7.1704e+013	1.0000e-010	0.0000e+000
8.730000e+003	2.67631080e-001	-3.13236892e+000	2.06146495e+002	0.00000000e+000	7.1646e+013	1.0000e-010	0.0000e+000
8.740000e+003	2.67651694e-001	-3.13234831e+000	2.04782923e+002	0.00000000e+000	7.1589e+013	1.0000e-010	0.0000e+000
8.750000e+003	2.67672173e-001	-3.13232783e+000	2.03420431e+002	0.00000000e+000	7.1533e+013	1.0000e-010	0.0000e+000
8.760000e+003	2.67692515e-001	-3.13230749e+000	2.02059011e+002	0.00000000e+000	7.1476e+013	1.0000e-010	0.0000e+000
8.770000e+003	2.67712721e-001	-3.13228728e+000	2.00698654e+002	0.00000000e+000	7.1421e+013	1.0000e-010	0.0000e+000
8.780000e+003	2.67732790e-001	-3.13226721e+000	1.99339353e+002	0.00000000e+000	7.1365e+013	1.0000e-010	0.0000e+000
8.790000e+003	2.67752724e-001	-3.13224728e+000	1.97981099e+002	0.00000000e+000	7.1310e+013	1.0000e-010	0.0000e+000
8.800000e+003	2.67772523e-001	-3.13222748e+000	1.96623886e+002	0.00000000e+000	7.1256e+013	1.0000e-010	0.0000e+000
8.810000e+003	2.67792185e-001	-3.13220782e+000	1.95267704e+002	0.00000000e+000	7.1201e+013	1.0000e-010	0.0000e+000
8.820000e+003	2.67811712e-001	-3.13218829e+000	1.93912546e+002	0.00000000e+000	7.1148e+013	1.0000e-010	0.0000e+000
8.830000e+003	2.67831103e-001	-3.13216890e+000	1.92558405e+002	0.00000000e+000	7.1094e+013	1.0000e-010	0.0000e+000
8.840000e+003	2.67850359e-001	-3.13214964e+000	1.91205271e+002	0.00000000e+000	7.1041e+013	1.0000e-010	0.0000e+000
8.850000e+003	2.67869479e-001	-3.13213052e+000	1.89853138e+002	0.00000000e+000	7.0989e+013	1.0000e-010	0.0000e+000
8.860000e+003	2.67888465e-001	-3.13211154e+000	1.88501998e+002	0.00000000e+000	7.0937e+013	1.0000e-010	0.0000e+000
8.870000e+003	2.67907315e-001	-3.13209269e+000	1.87151843e+002	0.00000000e+000	7.0885e+013	1.0000e-010	0.0000e+000
8.880000e+003	2.67926030e-001	-3.13207397e+000	1.85802664e+002	0.00000000e+000	7.0834e+013	1.0000e-010	0.0000e+000
8.890000e+003	2.67944610e-001	-3.13205539e+000	1.84454455e+002	0.00000000e+000	7.0783e+013	1.0000e-010	0.0000e+000
8.900000e+003	2.67963056e-001	-3.13203694e+000	1.83107208e+002	0.00000000e+000	7.0732e+013	1.0000e-010	0.0000e+000
8.910000e+003	2.67981366e-001	-3.13201863e+000	1.81760914e+002	0.00000000e+000	7.0682e+013	1.0000e-010	0.0000e+000
8.920000e+003	2.67999543e-001	-3.13200046e+000	1.80415567e+002	0.00000000e+000	7.0633e+013	1.0000e-010	0.0000e+000
8.930000e+003	2.68017584e-001	-3.13198242e+000	1.79071158e+002	0.00000000e+000	7.0583e+013	1.0000e-010	0.0000e+000
8.940000e+003	2.68035491e-001	-3.13196451e+000	1.77727680e+002	0.00000000e+000	7.0534e+013	1.0000e-010	0.0000e+000
8.950000e+003	2.68053264e-001	-3.13194674e+000	1.76385125e+002	0.00000000e+000	7.0486e+013	1.0000e-010	0.0000e+000
8.960000e+003	2.68070902e-001	-3.13192910e+000	1.75043487e+002	0.00000000e+000	7.0438e+013	1.0000e-010	0.0000e+000
8.970000e+003	2.68088407e-001	-3.13191159e+000	1.73702756e+002	0.00000000e+000	7.0390e+013	1.0000e-010	0.0000e+000
8.980000e+003	2.68105777e-001	-3.13189422e+000	1.72362926e+002	0.00000000e+000	7.0343e+013	1.0000e-010	0.0000e+000
8.990000e+003	2.68123013e-001	-3.13187699e+000	1.71023988e+002	0.00000000e+000	7.0296e+013	1.0000e-010	0.0000e+000
9.000000e+003	2.68140116e-001	-3.13185988e+000	1.69685937e+002	0.00000000e+000	7.0249e+013	1.0000e-010	0.0000e+000
9.010000e+003	2.68157084e-001	-3.13184292e+000	1.68348763e+002	0.00000000e+000	7.0203e+013	1.0000e-010	0.0000e+000
9.020000e+003	2.68173919e-001	-3.13182608e+000	1.67012460e+002	0.00000000e+000	7.0158e+013	1.0000e-010	0.0000e+000
9.030000e+003	2.68190621e-001	-3.13180938e+000	1.65677019e+002	0.00000000e+000	7.0112e+013	1.0000e-010	0.0000e+000
9.040000e+003	2.68207188e-001	-3.13179281e+000	1.64342435e+002	0.00000000e+000	7.0067e+013	1.0000e-010	0.0000e+000
9.050000e+003	2.68223622e-001	-3.13177638e+000	1.63008698e+002	0.00000000e+000	7.0023e+013	1.0000e-010	0.0000e+000
9.060000e+003	2.68239923e-001	-3.13176008e+000	1.61675802e+002	0.00000000e+000	6.9979e+013	1.0000e-010	0.0000e+000
9.070000e+003	2.68256091e-001	-3.13174391e+000	1.60343740e+002	0.00000000e+000	6.9935e+013	1.0000e-010	0.0000e+000
9.080000e+003	2.68272125e-001	-3.13172787e+000	1.59012503e+002	0.00000000e+000	6.9892e+013	1.0000e-010	0.0000e+000
9.090000e+003	2.68288027e-001	-3.13171197e+000	1.57682085e+002	0.00000000e+000	6.9849e+013	1.0000e-010	0.0000e+000
9.100000e+003	2.68303795e-001	-3.13169621e+000	1.56352479e+002	0.00000000e+000	6.9806e+013	1.0000e-010	0.0000e+000
9.110000e+003	2.68319430e-001	-3.13168057e+000	1.55023676e+002	0.00000000e+000	6.9764e+013	1.0000e-010	0.0000e+000
9.120000e+003	2.68334932e-001	-3.13166507e+000	1.53695670e+002	0.00000000e+000	6.9722e+013	1.0000e-010	0.0000e+000
9.130000e+003	2.68350302e-001	-3.13164970e+000	1.52368453e+002	0.00000000e+000	6.9681e+013	1.0000e-010	0.0000e+000
9.140000e+003	2.68365539e-001	-3.13163446e+000	1.51042018e+002	0.00000000e+000	6.9640e+013	1.0000e-010	0.0000e+000
9.150000e+003	2.68380643e-001	-3.13161936e+000	1.49716357e+002	0.00000000e+000	6.9599e+013	1.0000e-010	0.0000e+000
9.160000e+003	2.68395615e-001	-3.13160439e+000	1.48391465e+002	0.00000000e+000	6.9559e+013	1.0000e-010	0.0000e+000
9.170000e+003	2.68410454e-001	-3.13158955e+000	1.47067332e+002	0.00000000e+000	6.9519e+013	1.0000e-010	0.0000e+000
9.180000e+003	2.68425160e-001	-3.13157484e+000	1.45743953e+002	0.00000000e+000	6.9479e+013	1.0000e-010	0.0000e+000
9.190000e+003	2.68439735e-001	-3.13156027e+000	1.44421319e+002	0.00000000e+000	6.9440e+013	1.0000e-010	0.0000e+000
9.200000e+003	2.68454177e-001	-3.13154582e+000	1.43099425e+002	0.00000000e+000	6.9401e+013	1.0000e-010	0.0000e+000
9.210000e+003	2.68468487e-001	-3.13153151e+000	1.41778261e+002	0.00000000e+000	6.9363e+013	1.0000e-010	0.0000e+000
9.220000e+003	2.68482665e-001	-3.13151734e+000	1.40457822e+002	0.00000000e+000	6.9325e+013	1.0000e-010	0.0000e+000
9.230000e+003	2.68496711e-001	-3.13150329e+000	1.39138101e+002	0.00000000e+000	6.9287e+013	1.0000e-010	0.0000e+000
9.240000e+003	2.68510624e-001	-3.13148938e+000	1.37819089e+002	0.00000000e+000	6.9250e+013	1.0000e-010	0.0000e+000
9.250000e+003	2.68524406e-001	-3.13147559e+000	1.36500780e+002	0.00000000e+000	6.9213e+013	1.0000e-010	0.0000e+000
9.260000e+003	2.68538056e-001	-3.13146194e+000	1.35183168e+002	0.00000000e+000	6.9176e+013	1.0000e-010	0.0000e+000
9.270000e+003	2.68551575e-001	-3.13144843e+000	1.33866244e+002	0.00000000e+000	6.9140e+013	1.0000e-010	0.0000e+000
9.280000e+003	2.68564961e-001	-3.13143504e+000	1.32550001e+002	0.00000000e+000	6.9104e+013	1.0000e-010	0.0000e+000
9.290000e+003	2.68578216e-001	-3.13142178e+000	1.31234434e+002	0.00000000e+000	6.9069e+013	1.0000e-010	0.0000e+000
9.300000e+003	2.68591340e-001	-3.13140866e+000	1.29919534e+002	0.00000000e+000	6.9034e+013	1.0000e-010	0.0000e+000
9.310000e+003	2.68604332e-001	-3.13139567e+000	1.28605295e+002	0.00000000e+000	6.8999e+013	1.0000e-010	0.0000e+000
9.320000e+003	2.68617192e-001	-3.13138281e+000	1.27291709e+002	0.00000000e+000	6.8965e+013	1.0000e-010	0.0000e+000
9.330000e+003	2.68629921e-001	-3.13137008e+000	1.25978770e+002	0.00000000e+000	6.8931e+013	1.0000e-010	0.0000e+000
9.340000e+003	2.68642519e-001	-3.13135748e+000	1.24666471e+002	0.00000000e+000	6.8897e+013	1.0000e-010	0.0000e+000
9.350000e+003	2.68654986e-001	-3.13134501e+000	1.23354804e+002	0.00000000e+000	6.8864e+013	1.0000e-010	0.0000e+000
9.360000e+003	2.68667321e-001	-3.13133268e+000	1.22043764e+002	0.00000000e+000	6.8831e+013	1.0000e-010	0.0000e+000
9.370000e+003	2.68679526e-001	-3.13132047e+000	1.20733342e+002	0.00000000e+000	6.8799e+013	1.0000e-010	0.0000e+000
9.380000e+003	2.68691599e-001	-3.13130840e+000	1.19423531e+002	0.00000000e+000	6.8767e+013	1.0000e-010	0.0000e+000
9.390000e+003	2.68703541e-001	-3.13129646e+000	1.18114326e+002	0.00000000e+000	6.8735e+013	1.0000e-010	0.0000e+000
9.400000e+003	2.68715353e-001	-3.13128465e+000	1.16805719e+002	0.00000000e+000	6.8704e+013	1.0000e-010	0.0000e+000
9.410000e+003	2.68727033e-001	-3.13127297e+000	1.15497702e+002	0.00000000e+000	6.8673e+013	1.0000e-010	0.0000e+000
9.420000e+003	2.68738583e-001	-3.13126142e+000	1.14190271e+002	0.00000000e+000	6.8642e+013	1.0000e-010	0.0000e+000
9.430000e+003	2.68750002e-001	-3.13125000e+000	1.12883416e+002	0.00000000e+000	6.8612e+013	1.0000e-010	0.0000e+000
9.440000e+003	2.68761291e-001	-3.13123871e+000	1.11577132e+002	0.00000000e+000	6.8582e+013	1.0000e-010	0.0000e+000
9.450000e+003	2.68772448e-001	-3.13122755e+000	1.10271412e+002	0.00000000e+000	6.8552e+013	1.0000e-010	0.0000e+000
9.460000e+003	2.68783475e-001	-3.13121652e+000	1.08966248e+002	0.00000000e+000	6.8523e+013	1.0000e-010	0.0000e+000
9.470000e+003	2.68794372e-001	-3.13120563e+000	1.07661635e+002	0.00000000e+000	6.8494e+013	1.0000e-010	0.0000e+000
9.480000e+003	2.68805138e-001	-3.13119486e+000	1.06357564e+002	0.00000000e+000	6.8465e+013	1.0000e-010	0.0000e+000
9.490000e+003	2.68815774e-001	-3.13118423e+000	1.05054030e+002	0.00000000e+000	6.8437e+013	1.0000e-010	0.0000e+000
9.500000e+003	2.68826279e-001	-3.13117372e+000	1.03751026e+002	0.00000000e+000	6.8409e+013	1.0000e-010	0.0000e+000
9.510000e+003	2.68836655e-001	-3.13116335e+000	1.02448545e+002	0.00000000e+000	6.8382e+013	1.0000e-010	0.0000e+000
9.520000e+003	2.68846899e-001	-3.13115310e+000	1.01146579e+002	0.00000000e+000	6.8355e+013	1.0000e-010	0.0000e+000
9.530000e+003	2.68857014e-001	-3.13114299e+000	9.98451229e+001	0.00000000e+000	6.8328e+013	1.0000e-010	0.0000e+000
9.540000e+003	2.68866999e-001	-3.13113300e+000	9.85441693e+001	0.00000000e+000	6.8302e+013	1.0000e-010	0.0000e+000
9.550000e+003	2.68876853e-001	-3.13112315e+000	9.72437116e+001	0.00000000e+000	6.8276e+013	1.0000e-010	0.0000e+000
9.560000e+003	2.68886577e-001	-3.13111342e+000	9.59437429e+001	0.00000000e+000	6.8250e+013	1.0000e-010	0.0000e+000
9.570000e+003	2.68896172e-001	-3.13110383e+000	9.46442565e+001	0.00000000e+000	6.8225e+013	1.0000e-010	0.0000e+000
9.580000e+003	2.68905636e-001	-3.13109436e+000	9.33452459e+001	0.00000000e+000	6.8200e+013	1.0000e-010	0.0000e+000
9.590000e+003	2.68914971e-001	-3.13108503e+000	9.20467042e+001	0.00000000e+000	6.8175e+013	1.0000e-010	0.0000e+000
9.600000e+003	2.68924175e-001	-3.13107582e+000	9.07486247e+001	0.00000000e+000	6.8151e+013	1.0000e-010	0.0000e+000
9.610000e+003	2.68933250e-001	-3.13106675e+000	8.94510008e+001	0.00000000e+000	6.8127e+013	1.0000e-010	0.0000e+000
9.620000e+003	2.68942195e-001	-3.13105780e+000	8.81538259e+001	0.00000000e+000	6.8103e+013	1.0000e-010	0.0000e+000
9.630000e+003	2.68951011e-001	-3.13104899e+000	8.68570932e+001	0.00000000e+000	6.8080e+013	1.0000e-010	0.0000e+000
9.640000e+003	2.68959696e-001	-3.13104030e+000	8.55607961e+001	0.00000000e+000	6.8057e+013	1.0000e-010	0.0000e+000
9.650000e+003	2.68968252e-001	-3.13103175e+000	8.42649280e+001	0.00000000e+000	6.8035e+013	1.0000e-010	0.0000e+000
9.660000e+003	2.68976679e-001	-3.13102332e+000	8.29694821e+001	0.00000000e+000	6.8013e+013	1.0000e-010	0.0000e+000
9.670000e+003	2.68984976e-001	-3.13101502e+000	8.16744520e+001	0.00000000e+000	6.7991e+013	1.0000e-010	0.0000e+000
9.680000e+003	2.68993143e-001	-3.13100686e+000	8.03798310e+001	0.00000000e+000	6.7969e+013	1.0000e-010	0.0000e+000
9.690000e+003	2.69001181e-001	-3.13099882e+000	7.90856124e+001	0.00000000e+000	6.7948e+013	1.0000e-010	0.0000e+000
9.700000e+003	2.69009090e-001	-3.13099091e+000	7.77917897e+001	0.00000000e+000	6.7927e+013	1.0000e-010	0.0000e+000
9.710000e+003	2.69016869e-001	-3.13098313e+000	7.64983562e+001	0.00000000e+000	6.7907e+013	1.0000e-010	0.0000e+000
9.720000e+003	2.69024519e-001	-3.13097548e+000	7.52053055e+001	0.00000000e+000	6.7887e+013	1.0000e-010	0.0000e+000
9.730000e+003	2.69032039e-001	-3.13096796e+000	7.39126308e+001	0.00000000e+000	6.7867e+013	1.0000e-010	0.0000e+000
9.740000e+003	2.69039431e-001	-3.13096057e+000	7.26203257e+001	0.00000000e+000	6.7848e+013	1.0000e-010	0.0000e+000
9.750000e+003	2.69046693e-001	-3.13095331e+000	7.13283835e+001	0.00000000e+000	6.7829e+013	1.0000e-010	0.0000e+000
9.760000e+003	2.69053826e-001	-3.13094617e+000	7.00367977e+001	0.00000000e+000	6.7810e+013	1.0000e-010	0.0000e+000
9.770000e+003	2.69060829e-001	-3.13093917e+000	6.87455619e+001	0.00000000e+000	6.7792e+013	1.0000e-010	0.0000e+000
9.780000e+003	2.69067704e-001	-3.13093230e+000	6.74546693e+001	0.00000000e+000	6.7774e+013	1.0000e-010	0.0000e+000
9.790000e+003	2.69074449e-001	-3.13092555e+000	6.61641135e+001	0.00000000e+000	6.7756e+013	1.0000e-010	0.0000e+000
9.800000e+003	2.69081066e-001	-3.13091893e+000	6.48738880e+001	0.00000000e+000	6.7738e+013	1.0000e-010	0.0000e+000
9.810000e+003	2.69087553e-001	-3.13091245e+000	6.35839862e+001	0.00000000e+000	6.7721e+013	1.0000e-010	0.0000e+000
9.820000e+003	2.69093911e-001	-3.13090609e+000	6.22944016e+001	0.00000000e+000	6.7705e+013	1.0000e-010	0.0000e+000
9.830000e+003	2.69100141e-001	-3.13089986e+000	6.10051277e+001	0.00000000e+000	6.7689e+013	1.0000e-010	0.0000e+000
9.840000e+003	2.69106241e-001	-3.13089376e+000	5.97161580e+001	0.00000000e+000	6.7673e+013	1.0000e-010	0.0000e+000
9.850000e+003	2.69112213e-001	-3.13088779e+000	5.84274861e+001	0.00000000e+000	6.7657e+013	1.0000e-010	0.0000e+000
9.860000e+003	2.69118056e-001	-3.13088194e+000	5.71391053e+001	0.00000000e+000	6.7642e+013	1.0000e-010	0.0000e+000
9.870000e+003	2.69123770e-001	-3.13087623e+000	5.58510093e+001	0.00000000e+000	6.7627e+013	1.0000e-010	0.0000e+000
9.880000e+003	2.69129355e-001	-3.13087065e+000	5.45631916e+001	0.00000000e+000	6.7612e+013	1.0000e-010	0.0000e+000
9.890000e+003	2.69134811e-001	-3.13086519e+000	5.32756456e+001	0.00000000e+000	6.7598e+013	1.0000e-010	0.0000e+000
9.900000e+003	2.69140139e-001	-3.13085986e+000	5.19883649e+001	0.00000000e+000	6.7584e+013	1.0000e-010	0.0000e+000
9.910000e+003	2.69145338e-001	-3.13085466e+000	5.07013431e+001	0.00000000e+000	6.7570e+013	1.0000e-010	0.0000e+000
9.920000e+003	2.69150408e-001	-3.13084959e+000	4.94145736e+001	0.00000000e+000	6.7557e+013	1.0000e-010	0.0000e+000
9.930000e+003	2.69155349e-001	-3.13084465e+000	4.81280501e+001	0.00000000e+000	6.7544e+013	1.0000e-010	0.0000e+000
9.940000e+003	2.69160162e-001	-3.13083984e+000	4.68417661e+001	0.00000000e+000	6.7532e+013	1.0000e-010	0.0000e+000
9.950000e+003	2.69164846e-001	-3.13083515e+000	4.55557151e+001	0.00000000e+000	6.7519e+013	1.0000e-010	0.0000e+000
9.960000e+003	2.69169402e-001	-3.13083060e+000	4.42698908e+001	0.00000000e+000	6.7507e+013	1.0000e-010	0.0000e+000
9.970000e+003	2.69173829e-001	-3.13082617e+000	4.29842866e+001	0.00000000e+000	6.7496e+013	1.0000e-010	0.0000e+000
9.980000e+003	2.69178127e-001	-3.13082187e+000	4.16988961e+001	0.00000000e+000	6.7485e+013	1.0000e-010	0.0000e+000
9.990000e+003	2.69182297e-001	-3.13081770e+000	4.04137130e+001	0.00000000e+000	6.7474e+013	1.0000e-010	0.0000e+000
1.000000e+004	2.69186338e-001	-3.13081366e+000	3.91287307e+001	0.00000000e+000	6.7463e+013	1.0000e-010	0.0000e+000
1.001000e+004	2.69190251e-001	-3.13080975e+000	3.78439430e+001	0.00000000e+000	6.7453e+013	1.0000e-010	0.0000e+000
1.002000e+004	2.69194036e-001	-3.13080596e+000	3.65593432e+001	0.00000000e+000	6.7443e+013	1.0000e-010	0.0000e+000
1.003000e+004	2.69197692e-001	-3.13080231e+000	3.52749252e+001	0.00000000e+000	6.7434e+013	1.0000e-010	0.0000e+000
1.004000e+004	2.69201219e-001	-3.13079878e+000	3.39906824e+001	0.00000000e+000	6.7424e+013	1.0000e-010	0.0000e+000
1.005000e+004	2.69204618e-001	-3.13079538e+000	3.27066084e+001	0.00000000e+000	6.7416e+013	1.0000e-010	0.0000e+000
1.006000e+004	2.69207889e-001	-3.13079211e+000	3.14226969e+001	0.00000000e+000	6.7407e+013	1.0000e-010	0.0000e+000
1.007000e+004	2.69211031e-001	-3.13078897e+000	3.01389414e+001	0.00000000e+000	6.7399e+013	1.0000e-010	0.0000e+000
1.008000e+004	2.69214045e-001	-3.13078596e+000	2.88553356e+001	0.00000000e+000	6.7391e+013	1.0000e-010	0.0000e+000
1.009000e+004	2.69216930e-001	-3.13078307e+000	2.75718730e+001	0.00000000e+000	6.7383e+013	1.0000e-010	0.0000e+000
1.010000e+004	2.69219688e-001	-3.13078031e+000	2.62885473e+001	0.00000000e+000	6.7376e+013	1.0000e-010	0.0000e+000
1.011000e+004	2.69222317e-001	-3.13077768e+000	2.50053522e+001	0.00000000e+000	6.7369e+013	1.0000e-010	0.0000e+000
1.012000e+004	2.69224817e-001	-3.13077518e+000	2.37222811e+001	0.00000000e+000	6.7363e+013	1.0000e-010	0.0000e+000
1.013000e+004	2.69227189e-001	-3.13077281e+000	2.24393277e+001	0.00000000e+000	6.7357e+013	1.0000e-010	0.0000e+000
1.014000e+004	2.69229433e-001	-3.13077057e+000	2.11564858e+001	0.00000000e+000	6.7351e+013	1.0000e-010	0.0000e+000
1.015000e+004	2.69231549e-001	-3.13076845e+000	1.98737487e+001	0.00000000e+000	6.7345e+013	1.0000e-010	0.0000e+000
1.016000e+004	2.69233536e-001	-3.13076646e+000	1.85911103e+001	0.00000000e+000	6.7340e+013	1.0000e-010	0.0000e+000
1.017000e+004	2.69235395e-001	-3.13076460e+000	1.73085642e+001	0.00000000e+000	6.7335e+013	1.0000e-010	0.0000e+000
1.018000e+004	2.69237126e-001	-3.13076287e+000	1.60261039e+001	0.00000000e+000	6.7331e+013	1.0000e-010	0.0000e+000
1.019000e+004	2.69238729e-001	-3.13076127e+000	1.47437231e+001	0.00000000e+000	6.7327e+013	1.0000e-010	0.0000e+000
1.020000e+004	2.69240203e-001	-3.13075980e+000	1.34614154e+001	0.00000000e+000	6.7323e+013	1.0000e-010	0.0000e+000
1.021000e+004	2.69241549e-001	-3.13075845e+000	1.21791745e+001	0.00000000e+000	6.7319e+013	1.0000e-010	0.0000e+000
1.022000e+004	2.69242767e-001	-3.13075723e+000	1.08969940e+001	0.00000000e+000	6.7316e+013	1.0000e-010	0.0000e+000
1.023000e+004	2.69243857e-001	-3.13075614e+000	9.61486757e+000	0.00000000e+000	6.7313e+013	1.0000e-010	0.0000e+000
1.024000e+004	2.69244818e-001	-3.13075518e+000	8.33278881e+000	0.00000000e+000	6.7311e+013	1.0000e-010	0.0000e+000
1.025000e+004	2.69245652e-001	-3.13075435e+000	7.05075137e+000	0.00000000e+000	6.7309e+013	1.0000e-010	0.0000e+000
1.026000e+004	2.69246357e-001	-3.13075364e+000	5.76874890e+000	0.00000000e+000	6.7307e+013	1.0000e-010	0.0000e+000
1.027000e+004	2.69246934e-001	-3.13075307e+000	4.48677504e+000	0.00000000e+000	6.7305e+013	1.0000e-010	0.0000e+000
1.028000e+004	2.69247382e-001	-3.13075262e+000	3.20482342e+000	0.00000000e+000	6.7304e+013	1.0000e-010	0.0000e+000
1.029000e+004	2.69247703e-001	-3.13075230e+000	1.92288769e+000	0.00000000e+000	6.7303e+013	1.0000e-010	0.0000e+000
1.030000e+004	2.69247895e-001	-3.13075210e+000	6.40961506e-001	0.00000000e+000	6.7303e+013	1.0000e-010	0.0000e+000
1.031000e+004	2.69247959e-001	-3.13075204e+000	6.40961506e-001	0.00000000e+000	6.7303e+013	1.0000e-010	0.0000e+000
