V	C (Fcm-2)	Initcharge (cm-2)	Finalcharge (cm-2)	ns Total (cm-2)	ps Total (cm-2)
-7.000e+000	4.8034e-017	-9.3457e+000	-6.3477e+000	6.3476e+000	5.2500e-015
-6.990e+000	4.8034e-017	-9.3457e+000	-6.3477e+000	6.3476e+000	5.2500e-015
-6.980e+000	4.8034e-017	-9.3457e+000	-6.3477e+000	6.3476e+000	5.2500e-015
-6.970e+000	4.8034e-017	-9.3457e+000	-6.3477e+000	6.3476e+000	5.2500e-015
-6.960e+000	4.8034e-017	-9.3457e+000	-6.3477e+000	6.3476e+000	5.2500e-015
-6.950e+000	4.8034e-017	-9.3457e+000	-6.3477e+000	6.3476e+000	5.2500e-015
-6.940e+000	4.8034e-017	-9.3457e+000	-6.3477e+000	6.3476e+000	5.2500e-015
-6.930e+000	4.8034e-017	-9.3457e+000	-6.3477e+000	6.3476e+000	5.2500e-015
-6.920e+000	4.8034e-017	-9.3457e+000	-6.3477e+000	6.3476e+000	5.2500e-015
-6.910e+000	4.8034e-017	-9.3457e+000	-6.3477e+000	6.3476e+000	5.2500e-015
-6.900e+000	4.8034e-017	-9.3457e+000	-6.3477e+000	6.3476e+000	5.2500e-015
-6.890e+000	4.8034e-017	-9.3457e+000	-6.3477e+000	6.3476e+000	5.2500e-015
-6.880e+000	4.8034e-017	-9.3457e+000	-6.3477e+000	6.3476e+000	5.2500e-015
-6.870e+000	4.8034e-017	-9.3457e+000	-6.3477e+000	6.3476e+000	5.2500e-015
-6.860e+000	4.8034e-017	-9.3457e+000	-6.3477e+000	6.3476e+000	5.2500e-015
-6.850e+000	4.8034e-017	-9.3457e+000	-6.3477e+000	6.3476e+000	5.2500e-015
-6.840e+000	4.8034e-017	-9.3457e+000	-6.3477e+000	6.3476e+000	5.2500e-015
-6.830e+000	4.8034e-017	-9.3457e+000	-6.3477e+000	6.3476e+000	5.2500e-015
-6.820e+000	4.8034e-017	-9.3457e+000	-6.3477e+000	6.3476e+000	5.2500e-015
-6.810e+000	4.8034e-017	-9.3457e+000	-6.3477e+000	6.3476e+000	5.2500e-015
-6.800e+000	4.8034e-017	-9.3457e+000	-6.3477e+000	6.3476e+000	5.2500e-015
-6.790e+000	4.8034e-017	-9.3457e+000	-6.3477e+000	6.3476e+000	5.2500e-015
-6.780e+000	4.8034e-017	-9.3457e+000	-6.3477e+000	6.3476e+000	5.2500e-015
-6.770e+000	4.8034e-017	-9.3457e+000	-6.3477e+000	6.3476e+000	5.2500e-015
-6.760e+000	4.8034e-017	-9.3457e+000	-6.3477e+000	6.3476e+000	5.2500e-015
-6.750e+000	4.8034e-017	-9.3457e+000	-6.3477e+000	6.3476e+000	5.2500e-015
-6.740e+000	4.8034e-017	-9.3457e+000	-6.3477e+000	6.3476e+000	5.2500e-015
-6.730e+000	4.8034e-017	-9.3457e+000	-6.3477e+000	6.3476e+000	5.2500e-015
-6.720e+000	4.8034e-017	-9.3457e+000	-6.3477e+000	6.3476e+000	5.2500e-015
-6.710e+000	4.8034e-017	-9.3457e+000	-6.3477e+000	6.3476e+000	5.2500e-015
-6.700e+000	4.8034e-017	-9.3457e+000	-6.3477e+000	6.3476e+000	5.2500e-015
-6.690e+000	4.8034e-017	-9.3457e+000	-6.3477e+000	6.3476e+000	5.2500e-015
-6.680e+000	4.8034e-017	-9.3457e+000	-6.3477e+000	6.3476e+000	5.2500e-015
-6.670e+000	4.8034e-017	-9.3457e+000	-6.3477e+000	6.3476e+000	5.2500e-015
-6.660e+000	4.8034e-017	-9.3457e+000	-6.3477e+000	6.3476e+000	5.2500e-015
-6.650e+000	4.8034e-017	-9.3457e+000	-6.3477e+000	6.3476e+000	5.2500e-015
-6.640e+000	4.8034e-017	-9.3457e+000	-6.3477e+000	6.3476e+000	5.2500e-015
-6.630e+000	4.8034e-017	-9.3457e+000	-6.3477e+000	6.3476e+000	5.2500e-015
-6.620e+000	4.8034e-017	-9.3457e+000	-6.3477e+000	6.3476e+000	5.2500e-015
-6.610e+000	4.8034e-017	-9.3457e+000	-6.3477e+000	6.3476e+000	5.2500e-015
-6.600e+000	4.8034e-017	-9.3457e+000	-6.3477e+000	6.3476e+000	5.2500e-015
-6.590e+000	4.8034e-017	-9.3457e+000	-6.3477e+000	6.3476e+000	5.2500e-015
-6.580e+000	4.8034e-017	-9.3457e+000	-6.3477e+000	6.3476e+000	5.2500e-015
-6.570e+000	4.8034e-017	-9.3457e+000	-6.3477e+000	6.3476e+000	5.2500e-015
-6.560e+000	4.8034e-017	-9.3457e+000	-6.3477e+000	6.3476e+000	5.2500e-015
-6.550e+000	4.8034e-017	-9.3457e+000	-6.3477e+000	6.3476e+000	5.2500e-015
-6.540e+000	4.8034e-017	-9.3457e+000	-6.3477e+000	6.3476e+000	5.2500e-015
-6.530e+000	4.8034e-017	-9.3457e+000	-6.3477e+000	6.3476e+000	5.2500e-015
-6.520e+000	4.8034e-017	-9.3457e+000	-6.3477e+000	6.3476e+000	5.2500e-015
-6.510e+000	4.8034e-017	-9.3457e+000	-6.3477e+000	6.3476e+000	5.2500e-015
-6.500e+000	4.8034e-017	-9.3457e+000	-6.3477e+000	6.3476e+000	5.2500e-015
-6.490e+000	4.8034e-017	-9.3457e+000	-6.3477e+000	6.3476e+000	5.2500e-015
-6.480e+000	4.8034e-017	-9.3457e+000	-6.3477e+000	6.3476e+000	5.2500e-015
-6.470e+000	4.8034e-017	-9.3457e+000	-6.3477e+000	6.3476e+000	5.2500e-015
-6.460e+000	4.8034e-017	-9.3457e+000	-6.3477e+000	6.3476e+000	5.2500e-015
-6.450e+000	4.8034e-017	-9.3457e+000	-6.3477e+000	6.3476e+000	5.2500e-015
-6.440e+000	4.8034e-017	-9.3457e+000	-6.3477e+000	6.3476e+000	5.2500e-015
-6.430e+000	4.8034e-017	-9.3457e+000	-6.3477e+000	6.3476e+000	5.2500e-015
-6.420e+000	4.8034e-017	-9.3457e+000	-6.3477e+000	6.3476e+000	5.2500e-015
-6.410e+000	4.8034e-017	-9.3457e+000	-6.3477e+000	6.3476e+000	5.2500e-015
-6.400e+000	4.8034e-017	-9.3457e+000	-6.3477e+000	6.3476e+000	5.2500e-015
-6.390e+000	4.8034e-017	-9.3457e+000	-6.3477e+000	6.3476e+000	5.2500e-015
-6.380e+000	4.8034e-017	-9.3457e+000	-6.3477e+000	6.3476e+000	5.2500e-015
-6.370e+000	4.8034e-017	-9.3457e+000	-6.3477e+000	6.3476e+000	5.2500e-015
-6.360e+000	4.8034e-017	-9.3457e+000	-6.3477e+000	6.3476e+000	5.2500e-015
-6.350e+000	4.8034e-017	-9.3457e+000	-6.3477e+000	6.3476e+000	5.2500e-015
-6.340e+000	4.8034e-017	-9.3457e+000	-6.3477e+000	6.3476e+000	5.2500e-015
-6.330e+000	4.8034e-017	-9.3457e+000	-6.3477e+000	6.3476e+000	5.2500e-015
-6.320e+000	4.8034e-017	-9.3457e+000	-6.3477e+000	6.3476e+000	5.2500e-015
-6.310e+000	4.8034e-017	-9.3457e+000	-6.3477e+000	6.3476e+000	5.2500e-015
-6.300e+000	4.8034e-017	-9.3457e+000	-6.3477e+000	6.3476e+000	5.2500e-015
-6.290e+000	4.8034e-017	-9.3457e+000	-6.3477e+000	6.3476e+000	5.2500e-015
-6.280e+000	4.8034e-017	-9.3457e+000	-6.3477e+000	6.3476e+000	5.2500e-015
-6.270e+000	4.8034e-017	-9.3457e+000	-6.3477e+000	6.3476e+000	5.2500e-015
-6.260e+000	4.8034e-017	-9.3457e+000	-6.3477e+000	6.3476e+000	5.2500e-015
-6.250e+000	4.8034e-017	-9.3457e+000	-6.3477e+000	6.3476e+000	5.2500e-015
-6.240e+000	4.8034e-017	-9.3457e+000	-6.3477e+000	6.3476e+000	5.2500e-015
-6.230e+000	4.8034e-017	-9.3457e+000	-6.3477e+000	6.3476e+000	5.2500e-015
-6.220e+000	4.8034e-017	-9.3457e+000	-6.3477e+000	6.3476e+000	5.2500e-015
-6.210e+000	4.8034e-017	-9.3457e+000	-6.3477e+000	6.3476e+000	5.2500e-015
-6.200e+000	4.8034e-017	-9.3457e+000	-6.3477e+000	6.3476e+000	5.2500e-015
-6.190e+000	4.8034e-017	-9.3457e+000	-6.3477e+000	6.3476e+000	5.2500e-015
-6.180e+000	4.8034e-017	-9.3457e+000	-6.3477e+000	6.3476e+000	5.2500e-015
-6.170e+000	4.8034e-017	-9.3457e+000	-6.3477e+000	6.3476e+000	5.2500e-015
-6.160e+000	4.8034e-017	-9.3457e+000	-6.3477e+000	6.3476e+000	5.2500e-015
-6.150e+000	4.8034e-017	-9.3457e+000	-6.3477e+000	6.3476e+000	5.2500e-015
-6.140e+000	4.8034e-017	-9.3457e+000	-6.3477e+000	6.3476e+000	5.2500e-015
-6.130e+000	4.8034e-017	-9.3457e+000	-6.3477e+000	6.3476e+000	5.2500e-015
-6.120e+000	4.8034e-017	-9.3457e+000	-6.3477e+000	6.3476e+000	5.2500e-015
-6.110e+000	4.8034e-017	-9.3457e+000	-6.3477e+000	6.3476e+000	5.2500e-015
-6.100e+000	4.8034e-017	-9.3457e+000	-6.3477e+000	6.3476e+000	5.2500e-015
-6.090e+000	4.8034e-017	-9.3457e+000	-6.3477e+000	6.3476e+000	5.2500e-015
-6.080e+000	4.8034e-017	-9.3457e+000	-6.3477e+000	6.3476e+000	5.2500e-015
-6.070e+000	4.8034e-017	-9.3457e+000	-6.3477e+000	6.3476e+000	5.2500e-015
-6.060e+000	4.8034e-017	-9.3457e+000	-6.3477e+000	6.3476e+000	5.2500e-015
-6.050e+000	4.8034e-017	-9.3457e+000	-6.3477e+000	6.3476e+000	5.2500e-015
-6.040e+000	4.8034e-017	-9.3457e+000	-6.3477e+000	6.3476e+000	5.2500e-015
-6.030e+000	4.8034e-017	-9.3457e+000	-6.3477e+000	6.3476e+000	5.2500e-015
-6.020e+000	4.8034e-017	-9.3457e+000	-6.3477e+000	6.3476e+000	5.2500e-015
-6.010e+000	4.8034e-017	-9.3457e+000	-6.3477e+000	6.3476e+000	5.2500e-015
-6.000e+000	4.8034e-017	-9.3457e+000	-6.3477e+000	6.3476e+000	5.2500e-015
-5.990e+000	4.8034e-017	-9.3457e+000	-6.3477e+000	6.3476e+000	5.2500e-015
-5.980e+000	4.8034e-017	-9.3457e+000	-6.3477e+000	6.3476e+000	5.2500e-015
-5.970e+000	4.8034e-017	-9.3457e+000	-6.3477e+000	6.3476e+000	5.2500e-015
-5.960e+000	4.8034e-017	-9.3457e+000	-6.3477e+000	6.3476e+000	5.2500e-015
-5.950e+000	4.8034e-017	-9.3457e+000	-6.3477e+000	6.3476e+000	5.2500e-015
-5.940e+000	4.8034e-017	-9.3457e+000	-6.3477e+000	6.3476e+000	5.2500e-015
-5.930e+000	4.8034e-017	-9.3457e+000	-6.3477e+000	6.3476e+000	5.2500e-015
-5.920e+000	4.8034e-017	-9.3457e+000	-6.3477e+000	6.3476e+000	5.2500e-015
-5.910e+000	4.8034e-017	-9.3457e+000	-6.3477e+000	6.3476e+000	5.2500e-015
-5.900e+000	4.8034e-017	-9.3457e+000	-6.3477e+000	6.3476e+000	5.2500e-015
-5.890e+000	4.8034e-017	-9.3457e+000	-6.3477e+000	6.3476e+000	5.2500e-015
-5.880e+000	4.8034e-017	-9.3457e+000	-6.3477e+000	6.3476e+000	5.2500e-015
-5.870e+000	4.8034e-017	-9.3457e+000	-6.3477e+000	6.3476e+000	5.2500e-015
-5.860e+000	4.8034e-017	-9.3457e+000	-6.3477e+000	6.3476e+000	5.2500e-015
-5.850e+000	4.8034e-017	-9.3457e+000	-6.3477e+000	6.3476e+000	5.2500e-015
-5.840e+000	4.8034e-017	-9.3457e+000	-6.3477e+000	6.3476e+000	5.2500e-015
-5.830e+000	4.8034e-017	-9.3457e+000	-6.3477e+000	6.3476e+000	5.2500e-015
-5.820e+000	4.8034e-017	-9.3457e+000	-6.3477e+000	6.3476e+000	5.2500e-015
-5.810e+000	4.8034e-017	-9.3457e+000	-6.3477e+000	6.3476e+000	5.2500e-015
-5.800e+000	4.8034e-017	-9.3457e+000	-6.3477e+000	6.3476e+000	5.2500e-015
-5.790e+000	4.8034e-017	-9.3457e+000	-6.3477e+000	6.3476e+000	5.2500e-015
-5.780e+000	4.8034e-017	-9.3457e+000	-6.3477e+000	6.3476e+000	5.2500e-015
-5.770e+000	4.8034e-017	-9.3457e+000	-6.3477e+000	6.3476e+000	5.2500e-015
-5.760e+000	4.8034e-017	-9.3457e+000	-6.3477e+000	6.3476e+000	5.2500e-015
-5.750e+000	4.8034e-017	-9.3457e+000	-6.3477e+000	6.3476e+000	5.2500e-015
-5.740e+000	4.8034e-017	-9.3457e+000	-6.3477e+000	6.3476e+000	5.2500e-015
-5.730e+000	4.8034e-017	-9.3457e+000	-6.3477e+000	6.3476e+000	5.2500e-015
-5.720e+000	4.8034e-017	-9.3457e+000	-6.3477e+000	6.3476e+000	5.2500e-015
-5.710e+000	4.8034e-017	-9.3457e+000	-6.3477e+000	6.3476e+000	5.2500e-015
-5.700e+000	4.8034e-017	-9.3457e+000	-6.3477e+000	6.3476e+000	5.2500e-015
-5.690e+000	4.8034e-017	-9.3457e+000	-6.3477e+000	6.3476e+000	5.2500e-015
-5.680e+000	4.8034e-017	-9.3457e+000	-6.3477e+000	6.3476e+000	5.2500e-015
-5.670e+000	4.8034e-017	-9.3457e+000	-6.3477e+000	6.3476e+000	5.2500e-015
-5.660e+000	4.8034e-017	-9.3457e+000	-6.3477e+000	6.3476e+000	5.2500e-015
-5.650e+000	4.8034e-017	-9.3457e+000	-6.3477e+000	6.3476e+000	5.2500e-015
-5.640e+000	4.8034e-017	-9.3457e+000	-6.3477e+000	6.3476e+000	5.2500e-015
-5.630e+000	4.8034e-017	-9.3457e+000	-6.3477e+000	6.3476e+000	5.2500e-015
-5.620e+000	4.8034e-017	-9.3457e+000	-6.3477e+000	6.3476e+000	5.2500e-015
-5.610e+000	4.8034e-017	-9.3457e+000	-6.3477e+000	6.3476e+000	5.2500e-015
-5.600e+000	4.8034e-017	-9.3457e+000	-6.3477e+000	6.3476e+000	5.2500e-015
-5.590e+000	4.8034e-017	-9.3457e+000	-6.3477e+000	6.3476e+000	5.2500e-015
-5.580e+000	4.8034e-017	-9.3457e+000	-6.3477e+000	6.3476e+000	5.2500e-015
-5.570e+000	4.8034e-017	-9.3457e+000	-6.3477e+000	6.3476e+000	5.2500e-015
-5.560e+000	4.8034e-017	-9.3457e+000	-6.3477e+000	6.3476e+000	5.2500e-015
-5.550e+000	4.8034e-017	-9.3457e+000	-6.3477e+000	6.3476e+000	5.2500e-015
-5.540e+000	4.8034e-017	-9.3457e+000	-6.3477e+000	6.3476e+000	5.2500e-015
-5.530e+000	4.8034e-017	-9.3457e+000	-6.3477e+000	6.3476e+000	5.2500e-015
-5.520e+000	4.8034e-017	-9.3457e+000	-6.3477e+000	6.3476e+000	5.2500e-015
-5.510e+000	4.8034e-017	-9.3457e+000	-6.3477e+000	6.3476e+000	5.2500e-015
-5.500e+000	4.8034e-017	-9.3457e+000	-6.3477e+000	6.3476e+000	5.2500e-015
-5.490e+000	4.8034e-017	-9.3457e+000	-6.3477e+000	6.3476e+000	5.2500e-015
-5.480e+000	4.8034e-017	-9.3457e+000	-6.3477e+000	6.3476e+000	5.2500e-015
-5.470e+000	4.8034e-017	-9.3457e+000	-6.3477e+000	6.3476e+000	5.2500e-015
-5.460e+000	4.8034e-017	-9.3457e+000	-6.3477e+000	6.3476e+000	5.2500e-015
-5.450e+000	4.8034e-017	-9.3457e+000	-6.3477e+000	6.3476e+000	5.2500e-015
-5.440e+000	4.8034e-017	-9.3457e+000	-6.3477e+000	6.3476e+000	5.2500e-015
-5.430e+000	4.8034e-017	-9.3457e+000	-6.3477e+000	6.3476e+000	5.2500e-015
-5.420e+000	4.8034e-017	-9.3457e+000	-6.3477e+000	6.3476e+000	5.2500e-015
-5.410e+000	4.8034e-017	-9.3457e+000	-6.3477e+000	6.3476e+000	5.2500e-015
-5.400e+000	4.8034e-017	-9.3457e+000	-6.3477e+000	6.3476e+000	5.2500e-015
-5.390e+000	4.8034e-017	-9.3457e+000	-6.3477e+000	6.3476e+000	5.2500e-015
-5.380e+000	4.8034e-017	-9.3457e+000	-6.3477e+000	6.3476e+000	5.2500e-015
-5.370e+000	4.8034e-017	-9.3457e+000	-6.3477e+000	6.3476e+000	5.2500e-015
-5.360e+000	4.8034e-017	-9.3457e+000	-6.3477e+000	6.3476e+000	5.2500e-015
-5.350e+000	4.8034e-017	-9.3457e+000	-6.3477e+000	6.3476e+000	5.2500e-015
-5.340e+000	4.8034e-017	-9.3457e+000	-6.3477e+000	6.3476e+000	5.2500e-015
-5.330e+000	4.8034e-017	-9.3457e+000	-6.3477e+000	6.3476e+000	5.2500e-015
-5.320e+000	4.8034e-017	-9.3457e+000	-6.3477e+000	6.3476e+000	5.2500e-015
-5.310e+000	4.8034e-017	-9.3457e+000	-6.3477e+000	6.3476e+000	5.2500e-015
-5.300e+000	4.8034e-017	-9.3457e+000	-6.3477e+000	6.3476e+000	5.2500e-015
-5.290e+000	4.8034e-017	-9.3457e+000	-6.3477e+000	6.3476e+000	5.2500e-015
-5.280e+000	4.8034e-017	-9.3457e+000	-6.3477e+000	6.3476e+000	5.2500e-015
-5.270e+000	4.8034e-017	-9.3457e+000	-6.3477e+000	6.3476e+000	5.2500e-015
-5.260e+000	4.8034e-017	-9.3457e+000	-6.3477e+000	6.3476e+000	5.2500e-015
-5.250e+000	4.8034e-017	-9.3457e+000	-6.3477e+000	6.3476e+000	5.2500e-015
-5.240e+000	4.8034e-017	-9.3457e+000	-6.3477e+000	6.3476e+000	5.2500e-015
-5.230e+000	4.8034e-017	-9.3457e+000	-6.3477e+000	6.3476e+000	5.2500e-015
-5.220e+000	4.8034e-017	-9.3457e+000	-6.3477e+000	6.3476e+000	5.2500e-015
-5.210e+000	4.8034e-017	-9.3457e+000	-6.3477e+000	6.3476e+000	5.2500e-015
-5.200e+000	4.8034e-017	-9.3457e+000	-6.3477e+000	6.3476e+000	5.2500e-015
-5.190e+000	4.8034e-017	-9.3457e+000	-6.3477e+000	6.3476e+000	5.2500e-015
-5.180e+000	4.8034e-017	-9.3457e+000	-6.3477e+000	6.3476e+000	5.2500e-015
-5.170e+000	4.8034e-017	-9.3457e+000	-6.3477e+000	6.3476e+000	5.2500e-015
-5.160e+000	4.8034e-017	-9.3457e+000	-6.3477e+000	6.3476e+000	5.2500e-015
-5.150e+000	4.8034e-017	-9.3457e+000	-6.3477e+000	6.3476e+000	5.2500e-015
-5.140e+000	4.8034e-017	-9.3457e+000	-6.3477e+000	6.3476e+000	5.2500e-015
-5.130e+000	4.8034e-017	-9.3457e+000	-6.3477e+000	6.3476e+000	5.2500e-015
-5.120e+000	4.8034e-017	-9.3457e+000	-6.3477e+000	6.3476e+000	5.2500e-015
-5.110e+000	4.8034e-017	-9.3457e+000	-6.3477e+000	6.3476e+000	5.2500e-015
-5.100e+000	4.8034e-017	-9.3457e+000	-6.3477e+000	6.3476e+000	5.2500e-015
-5.090e+000	4.8034e-017	-9.3457e+000	-6.3477e+000	6.3476e+000	5.2500e-015
-5.080e+000	4.8034e-017	-9.3457e+000	-6.3477e+000	6.3476e+000	5.2500e-015
-5.070e+000	4.8034e-017	-9.3457e+000	-6.3477e+000	6.3476e+000	5.2500e-015
-5.060e+000	4.8034e-017	-9.3457e+000	-6.3477e+000	6.3476e+000	5.2500e-015
-5.050e+000	4.8034e-017	-9.3457e+000	-6.3477e+000	6.3476e+000	5.2500e-015
-5.040e+000	4.8034e-017	-9.3457e+000	-6.3477e+000	6.3476e+000	5.2500e-015
-5.030e+000	4.8034e-017	-9.3457e+000	-6.3477e+000	6.3476e+000	5.2500e-015
-5.020e+000	4.8034e-017	-9.3457e+000	-6.3477e+000	6.3476e+000	5.2500e-015
-5.010e+000	4.8034e-017	-9.3457e+000	-6.3477e+000	6.3476e+000	5.2500e-015
-5.000e+000	4.8034e-017	-9.3457e+000	-6.3477e+000	6.3476e+000	5.2500e-015
-4.990e+000	4.8034e-017	-9.3457e+000	-6.3477e+000	6.3476e+000	5.2500e-015
-4.980e+000	4.8034e-017	-9.3457e+000	-6.3477e+000	6.3476e+000	5.2500e-015
-4.970e+000	4.8034e-017	-9.3457e+000	-6.3477e+000	6.3476e+000	5.2500e-015
-4.960e+000	4.8034e-017	-9.3457e+000	-6.3477e+000	6.3476e+000	5.2500e-015
-4.950e+000	4.8034e-017	-9.3457e+000	-6.3477e+000	6.3476e+000	5.2500e-015
-4.940e+000	4.8034e-017	-9.3457e+000	-6.3477e+000	6.3476e+000	5.2500e-015
-4.930e+000	4.8034e-017	-9.3457e+000	-6.3477e+000	6.3476e+000	5.2500e-015
-4.920e+000	4.8034e-017	-9.3457e+000	-6.3477e+000	6.3476e+000	5.2500e-015
-4.910e+000	4.8034e-017	-9.3457e+000	-6.3477e+000	6.3476e+000	5.2500e-015
-4.900e+000	4.8034e-017	-9.3457e+000	-6.3477e+000	6.3476e+000	5.2500e-015
-4.890e+000	4.8034e-017	-9.3457e+000	-6.3477e+000	6.3476e+000	5.2500e-015
-4.880e+000	4.8034e-017	-9.3457e+000	-6.3477e+000	6.3476e+000	5.2500e-015
-4.870e+000	4.8034e-017	-9.3457e+000	-6.3477e+000	6.3476e+000	5.2500e-015
-4.860e+000	4.8034e-017	-9.3457e+000	-6.3477e+000	6.3476e+000	5.2500e-015
-4.850e+000	4.8034e-017	-9.3457e+000	-6.3477e+000	6.3476e+000	5.2500e-015
-4.840e+000	4.8034e-017	-9.3457e+000	-6.3477e+000	6.3476e+000	5.2500e-015
-4.830e+000	4.8034e-017	-9.3457e+000	-6.3477e+000	6.3476e+000	5.2500e-015
-4.820e+000	4.8034e-017	-9.3457e+000	-6.3477e+000	6.3476e+000	5.2500e-015
-4.810e+000	4.8034e-017	-9.3457e+000	-6.3477e+000	6.3476e+000	5.2500e-015
-4.800e+000	4.8034e-017	-9.3457e+000	-6.3477e+000	6.3476e+000	5.2500e-015
-4.790e+000	4.8034e-017	-9.3457e+000	-6.3477e+000	6.3476e+000	5.2500e-015
-4.780e+000	4.8034e-017	-9.3457e+000	-6.3477e+000	6.3476e+000	5.2500e-015
-4.770e+000	4.8034e-017	-9.3457e+000	-6.3477e+000	6.3476e+000	5.2500e-015
-4.760e+000	4.8034e-017	-9.3457e+000	-6.3477e+000	6.3476e+000	5.2500e-015
-4.750e+000	4.8034e-017	-9.3457e+000	-6.3477e+000	6.3476e+000	5.2500e-015
-4.740e+000	4.8034e-017	-9.3457e+000	-6.3477e+000	6.3476e+000	5.2500e-015
-4.730e+000	4.8034e-017	-9.3457e+000	-6.3477e+000	6.3476e+000	5.2500e-015
-4.720e+000	4.8034e-017	-9.3457e+000	-6.3477e+000	6.3476e+000	5.2500e-015
-4.710e+000	4.8034e-017	-9.3457e+000	-6.3477e+000	6.3476e+000	5.2500e-015
-4.700e+000	4.8034e-017	-9.3457e+000	-6.3477e+000	6.3476e+000	5.2500e-015
-4.690e+000	4.8034e-017	-9.3457e+000	-6.3477e+000	6.3476e+000	5.2500e-015
-4.680e+000	4.8034e-017	-9.3457e+000	-6.3477e+000	6.3476e+000	5.2500e-015
-4.670e+000	4.8034e-017	-9.3457e+000	-6.3477e+000	6.3476e+000	5.2500e-015
-4.660e+000	4.8034e-017	-9.3457e+000	-6.3477e+000	6.3476e+000	5.2500e-015
-4.650e+000	4.8034e-017	-9.3457e+000	-6.3477e+000	6.3476e+000	5.2500e-015
-4.640e+000	4.8034e-017	-9.3457e+000	-6.3477e+000	6.3476e+000	5.2500e-015
-4.630e+000	4.8034e-017	-9.3457e+000	-6.3477e+000	6.3476e+000	5.2500e-015
-4.620e+000	4.8034e-017	-9.3457e+000	-6.3477e+000	6.3476e+000	5.2500e-015
-4.610e+000	4.8034e-017	-9.3457e+000	-6.3477e+000	6.3476e+000	5.2500e-015
-4.600e+000	4.8034e-017	-9.3457e+000	-6.3477e+000	6.3476e+000	5.2500e-015
-4.590e+000	4.8034e-017	-9.3457e+000	-6.3477e+000	6.3476e+000	5.2500e-015
-4.580e+000	4.8034e-017	-9.3457e+000	-6.3477e+000	6.3476e+000	5.2500e-015
-4.570e+000	4.8034e-017	-9.3457e+000	-6.3477e+000	6.3476e+000	5.2500e-015
-4.560e+000	4.8034e-017	-9.3457e+000	-6.3477e+000	6.3476e+000	5.2500e-015
-4.550e+000	4.8034e-017	-9.3457e+000	-6.3477e+000	6.3476e+000	5.2500e-015
-4.540e+000	4.8034e-017	-9.3457e+000	-6.3477e+000	6.3476e+000	5.2500e-015
-4.530e+000	4.8034e-017	-9.3457e+000	-6.3477e+000	6.3476e+000	5.2500e-015
-4.520e+000	4.8034e-017	-9.3457e+000	-6.3477e+000	6.3476e+000	5.2500e-015
-4.510e+000	4.8034e-017	-9.3457e+000	-6.3477e+000	6.3476e+000	5.2500e-015
-4.500e+000	4.8034e-017	-9.3457e+000	-6.3477e+000	6.3476e+000	5.2500e-015
-4.490e+000	4.8034e-017	-9.3457e+000	-6.3477e+000	6.3476e+000	5.2500e-015
-4.480e+000	4.8034e-017	-9.3457e+000	-6.3477e+000	6.3476e+000	5.2500e-015
-4.470e+000	4.8034e-017	-9.3457e+000	-6.3477e+000	6.3476e+000	5.2500e-015
-4.460e+000	4.8034e-017	-9.3457e+000	-6.3477e+000	6.3476e+000	5.2500e-015
-4.450e+000	4.8034e-017	-9.3457e+000	-6.3477e+000	6.3476e+000	5.2500e-015
-4.440e+000	4.8034e-017	-9.3457e+000	-6.3477e+000	6.3476e+000	5.2500e-015
-4.430e+000	4.8034e-017	-9.3457e+000	-6.3477e+000	6.3476e+000	5.2500e-015
-4.420e+000	4.8034e-017	-9.3457e+000	-6.3477e+000	6.3476e+000	5.2500e-015
-4.410e+000	4.8034e-017	-9.3457e+000	-6.3477e+000	6.3476e+000	5.2500e-015
-4.400e+000	4.8034e-017	-9.3457e+000	-6.3477e+000	6.3476e+000	5.2500e-015
-4.390e+000	4.8034e-017	-9.3457e+000	-6.3477e+000	6.3476e+000	5.2500e-015
-4.380e+000	4.8034e-017	-9.3457e+000	-6.3477e+000	6.3476e+000	5.2500e-015
-4.370e+000	4.8034e-017	-9.3457e+000	-6.3477e+000	6.3476e+000	5.2500e-015
-4.360e+000	4.8034e-017	-9.3457e+000	-6.3477e+000	6.3476e+000	5.2500e-015
-4.350e+000	4.8034e-017	-9.3457e+000	-6.3477e+000	6.3476e+000	5.2500e-015
-4.340e+000	4.8034e-017	-9.3457e+000	-6.3477e+000	6.3476e+000	5.2500e-015
-4.330e+000	4.8034e-017	-9.3457e+000	-6.3477e+000	6.3476e+000	5.2500e-015
-4.320e+000	4.8034e-017	-9.3457e+000	-6.3477e+000	6.3476e+000	5.2500e-015
-4.310e+000	4.8034e-017	-9.3457e+000	-6.3477e+000	6.3476e+000	5.2500e-015
-4.300e+000	4.8034e-017	-9.3457e+000	-6.3477e+000	6.3476e+000	5.2500e-015
-4.290e+000	4.8034e-017	-9.3457e+000	-6.3477e+000	6.3476e+000	5.2500e-015
-4.280e+000	4.8034e-017	-9.3457e+000	-6.3477e+000	6.3476e+000	5.2500e-015
-4.270e+000	4.8034e-017	-9.3457e+000	-6.3477e+000	6.3476e+000	5.2500e-015
-4.260e+000	4.8034e-017	-9.3457e+000	-6.3477e+000	6.3476e+000	5.2500e-015
-4.250e+000	4.8034e-017	-9.3457e+000	-6.3477e+000	6.3476e+000	5.2500e-015
-4.240e+000	4.8034e-017	-9.3457e+000	-6.3477e+000	6.3476e+000	5.2500e-015
-4.230e+000	4.8034e-017	-9.3457e+000	-6.3477e+000	6.3476e+000	5.2500e-015
-4.220e+000	4.8034e-017	-9.3457e+000	-6.3477e+000	6.3476e+000	5.2500e-015
-4.210e+000	4.8034e-017	-9.3457e+000	-6.3477e+000	6.3476e+000	5.2500e-015
-4.200e+000	4.8034e-017	-9.3457e+000	-6.3477e+000	6.3476e+000	5.2500e-015
-4.190e+000	4.8034e-017	-9.3457e+000	-6.3477e+000	6.3476e+000	5.2500e-015
-4.180e+000	4.8034e-017	-9.3457e+000	-6.3477e+000	6.3476e+000	5.2500e-015
-4.170e+000	4.8034e-017	-9.3457e+000	-6.3477e+000	6.3476e+000	5.2500e-015
-4.160e+000	4.8034e-017	-9.3457e+000	-6.3477e+000	6.3476e+000	5.2500e-015
-4.150e+000	4.8034e-017	-9.3457e+000	-6.3477e+000	6.3476e+000	5.2500e-015
-4.140e+000	4.8034e-017	-9.3457e+000	-6.3477e+000	6.3476e+000	5.2500e-015
-4.130e+000	4.8034e-017	-9.3457e+000	-6.3477e+000	6.3476e+000	5.2500e-015
-4.120e+000	4.8034e-017	-9.3457e+000	-6.3477e+000	6.3476e+000	5.2500e-015
-4.110e+000	4.8034e-017	-9.3457e+000	-6.3477e+000	6.3476e+000	5.2500e-015
-4.100e+000	4.8034e-017	-9.3457e+000	-6.3477e+000	6.3476e+000	5.2500e-015
-4.090e+000	4.8034e-017	-9.3457e+000	-6.3477e+000	6.3476e+000	5.2500e-015
-4.080e+000	4.8034e-017	-9.3457e+000	-6.3477e+000	6.3476e+000	5.2500e-015
-4.070e+000	4.8034e-017	-9.3457e+000	-6.3477e+000	6.3476e+000	5.2500e-015
-4.060e+000	4.8034e-017	-9.3457e+000	-6.3477e+000	6.3476e+000	5.2500e-015
-4.050e+000	4.8034e-017	-9.3457e+000	-6.3477e+000	6.3476e+000	5.2500e-015
-4.040e+000	4.8034e-017	-9.3457e+000	-6.3477e+000	6.3476e+000	5.2500e-015
-4.030e+000	4.8034e-017	-9.3457e+000	-6.3477e+000	6.3476e+000	5.2500e-015
-4.020e+000	4.8034e-017	-9.3457e+000	-6.3477e+000	6.3476e+000	5.2500e-015
-4.010e+000	4.8034e-017	-9.3457e+000	-6.3477e+000	6.3476e+000	5.2500e-015
-4.000e+000	4.8034e-017	-9.3457e+000	-6.3477e+000	6.3476e+000	5.2500e-015
-3.990e+000	4.8034e-017	-9.3457e+000	-6.3477e+000	6.3476e+000	5.2500e-015
-3.980e+000	4.8034e-017	-9.3457e+000	-6.3477e+000	6.3476e+000	5.2500e-015
-3.970e+000	4.8034e-017	-9.3458e+000	-6.3477e+000	6.3476e+000	5.2500e-015
-3.960e+000	4.8035e-017	-9.3458e+000	-6.3477e+000	6.3476e+000	5.2500e-015
-3.950e+000	4.8035e-017	-9.3458e+000	-6.3478e+000	6.3477e+000	5.2500e-015
-3.940e+000	4.8035e-017	-9.3459e+000	-6.3478e+000	6.3477e+000	5.2500e-015
-3.930e+000	4.8036e-017	-9.3460e+000	-6.3479e+000	6.3478e+000	5.2500e-015
-3.920e+000	4.8036e-017	-9.3461e+000	-6.3480e+000	6.3479e+000	5.2500e-015
-3.910e+000	4.8037e-017	-9.3464e+000	-6.3481e+000	6.3480e+000	5.2500e-015
-3.900e+000	4.8039e-017	-9.3467e+000	-6.3483e+000	6.3482e+000	5.2500e-015
-3.890e+000	4.8041e-017	-9.3471e+000	-6.3486e+000	6.3485e+000	5.2500e-015
-3.880e+000	4.8045e-017	-9.3478e+000	-6.3491e+000	6.3490e+000	5.2500e-015
-3.870e+000	4.8050e-017	-9.3488e+000	-6.3497e+000	6.3497e+000	5.2500e-015
-3.860e+000	4.8057e-017	-9.3502e+000	-6.3507e+000	6.3507e+000	5.2500e-015
-3.850e+000	4.8068e-017	-9.3524e+000	-6.3522e+000	6.3521e+000	5.2500e-015
-3.840e+000	4.8085e-017	-9.3555e+000	-6.3543e+000	6.3543e+000	5.2500e-015
-3.830e+000	4.8108e-017	-9.3602e+000	-6.3575e+000	6.3574e+000	5.2500e-015
-3.820e+000	4.8144e-017	-9.3670e+000	-6.3621e+000	6.3620e+000	5.2500e-015
-3.810e+000	4.8195e-017	-9.3771e+000	-6.3690e+000	6.3689e+000	5.2500e-015
-3.800e+000	4.8271e-017	-9.3919e+000	-6.3790e+000	6.3789e+000	5.2500e-015
-3.790e+000	4.8383e-017	-9.4137e+000	-6.3938e+000	6.3938e+000	5.2500e-015
-3.780e+000	4.8548e-017	-9.4458e+000	-6.4156e+000	6.4156e+000	5.2500e-015
-3.770e+000	4.8791e-017	-9.4931e+000	-6.4477e+000	6.4477e+000	5.2500e-015
-3.760e+000	4.9149e-017	-9.5626e+000	-6.4950e+000	6.4949e+000	5.2500e-015
-3.750e+000	4.9676e-017	-9.6651e+000	-6.5646e+000	6.5645e+000	5.2500e-015
-3.740e+000	5.0498e-017	-9.8189e+000	-6.6671e+000	6.6670e+000	5.2500e-015
-3.730e+000	5.1593e-017	-1.0041e+001	-6.8208e+000	6.8178e+000	5.2500e-015
-3.720e+000	5.3273e-017	-1.0368e+001	-7.0429e+000	7.0399e+000	5.2500e-015
-3.710e+000	5.5779e-017	-1.0851e+001	-7.3699e+000	7.3669e+000	5.2500e-015
-3.700e+000	5.9437e-017	-1.1563e+001	-7.8533e+000	7.8484e+000	5.2500e-015
-3.690e+000	6.4801e-017	-1.2610e+001	-8.5650e+000	8.5571e+000	5.2500e-015
-3.680e+000	7.2713e-017	-1.4150e+001	-9.6115e+000	9.6007e+000	5.2500e-015
-3.670e+000	8.4401e-017	-1.6420e+001	-1.1152e+001	1.1137e+001	5.2500e-015
-3.660e+000	1.0155e-016	-1.9760e+001	-1.3422e+001	1.3399e+001	5.2500e-015
-3.650e+000	1.2684e-016	-2.4679e+001	-1.6762e+001	1.6730e+001	5.2500e-015
-3.640e+000	1.6399e-016	-3.1916e+001	-2.1681e+001	2.1633e+001	5.2500e-015
-3.630e+000	2.1884e-016	-4.2577e+001	-2.8918e+001	2.8852e+001	5.2500e-015
-3.620e+000	2.9954e-016	-5.8275e+001	-3.9579e+001	3.9480e+001	5.2500e-015
-3.610e+000	4.1825e-016	-8.1382e+001	-5.5277e+001	5.5128e+001	5.2500e-015
-3.600e+000	5.9310e-016	-1.1540e+002	-7.8384e+001	7.8167e+001	5.2500e-015
-3.590e+000	8.5054e-016	-1.6549e+002	-1.1240e+002	1.1209e+002	5.2500e-015
-3.580e+000	1.2296e-015	-2.3924e+002	-1.6249e+002	1.6203e+002	5.2500e-015
-3.570e+000	1.7876e-015	-3.4781e+002	-2.3624e+002	2.3555e+002	5.2500e-015
-3.560e+000	2.6092e-015	-5.0766e+002	-3.4481e+002	3.4380e+002	5.2500e-015
-3.550e+000	3.8188e-015	-7.4301e+002	-5.0467e+002	5.0317e+002	5.2500e-015
-3.540e+000	5.5996e-015	-1.0895e+003	-7.4002e+002	7.3782e+002	5.2500e-015
-3.530e+000	8.2215e-015	-1.5997e+003	-1.0865e+003	1.0833e+003	5.2500e-015
-3.520e+000	1.2082e-014	-2.3508e+003	-1.5967e+003	1.5919e+003	5.2500e-015
-3.510e+000	1.7765e-014	-3.4566e+003	-2.3478e+003	2.3407e+003	5.2500e-015
-3.500e+000	2.6133e-014	-5.0847e+003	-3.4536e+003	3.4433e+003	5.2500e-015
-3.490e+000	3.8452e-014	-7.4817e+003	-5.0817e+003	5.0665e+003	5.2500e-015
-3.480e+000	5.6590e-014	-1.1011e+004	-7.4787e+003	7.4563e+003	5.2500e-015
-3.470e+000	8.3294e-014	-1.6207e+004	-1.1008e+004	1.0975e+004	5.2500e-015
-3.460e+000	1.2261e-013	-2.3856e+004	-1.6204e+004	1.6155e+004	5.2500e-015
-3.450e+000	1.8049e-013	-3.5119e+004	-2.3853e+004	2.3782e+004	5.2500e-015
-3.440e+000	2.6572e-013	-5.1700e+004	-3.5116e+004	3.5011e+004	5.2500e-015
-3.430e+000	3.9119e-013	-7.6113e+004	-5.1697e+004	5.1543e+004	5.2500e-015
-3.420e+000	5.7591e-013	-1.1206e+005	-7.6110e+004	7.5882e+004	5.2500e-015
-3.410e+000	8.4787e-013	-1.6497e+005	-1.1205e+005	1.1172e+005	5.2500e-015
-3.400e+000	1.2483e-012	-2.4288e+005	-1.6497e+005	1.6448e+005	5.2500e-015
-3.390e+000	1.8377e-012	-3.5758e+005	-2.4288e+005	2.4215e+005	5.2500e-015
-3.380e+000	2.7055e-012	-5.2644e+005	-3.5758e+005	3.5651e+005	5.2500e-015
-3.370e+000	3.9831e-012	-7.7504e+005	-5.2644e+005	5.2486e+005	5.2500e-015
-3.360e+000	5.8637e-012	-1.1410e+006	-7.7504e+005	7.7272e+005	5.2500e-015
-3.350e+000	8.6319e-012	-1.6798e+006	-1.1410e+006	1.1376e+006	5.2500e-015
-3.340e+000	1.2706e-011	-2.4728e+006	-1.6798e+006	1.6747e+006	5.2500e-015
-3.330e+000	1.8702e-011	-3.6401e+006	-2.4728e+006	2.4654e+006	5.2500e-015
-3.320e+000	2.7523e-011	-5.3580e+006	-3.6401e+006	3.6292e+006	5.2500e-015
-3.310e+000	4.0498e-011	-7.8857e+006	-5.3580e+006	5.3419e+006	5.2500e-015
-3.300e+000	5.9572e-011	-1.1604e+007	-7.8857e+006	7.8621e+006	5.2500e-015
-3.290e+000	8.7593e-011	-1.7071e+007	-1.1604e+007	1.1569e+007	5.2500e-015
-3.280e+000	1.2872e-010	-2.5105e+007	-1.7071e+007	1.7020e+007	5.2500e-015
-3.270e+000	1.8898e-010	-3.6900e+007	-2.5105e+007	2.5030e+007	5.2500e-015
-3.260e+000	2.7709e-010	-5.4194e+007	-3.6900e+007	3.6790e+007	5.2500e-015
-3.250e+000	4.0552e-010	-7.9505e+007	-5.4194e+007	5.4033e+007	5.2500e-015
-3.240e+000	5.9186e-010	-1.1645e+008	-7.9505e+007	7.9268e+007	5.2500e-015
-3.230e+000	8.6047e-010	-1.7015e+008	-1.1645e+008	1.1610e+008	5.2500e-015
-3.220e+000	1.2441e-009	-2.4780e+008	-1.7015e+008	1.6965e+008	5.2500e-015
-3.210e+000	1.7852e-009	-3.5922e+008	-2.4780e+008	2.4707e+008	5.2500e-015
-3.200e+000	2.5352e-009	-5.1746e+008	-3.5922e+008	3.5817e+008	5.2500e-015
-3.190e+000	3.5520e-009	-7.3915e+008	-5.1746e+008	5.1595e+008	5.2500e-015
-3.180e+000	4.8931e-009	-1.0446e+009	-7.3915e+008	7.3704e+008	5.2500e-015
-3.170e+000	6.6062e-009	-1.4569e+009	-1.0446e+009	1.0416e+009	5.2500e-015
-3.160e+000	8.7203e-009	-2.0012e+009	-1.4569e+009	1.4529e+009	5.2500e-015
-3.150e+000	1.1243e-008	-2.7029e+009	-2.0012e+009	1.9958e+009	5.2500e-015
-3.140e+000	1.4166e-008	-3.5871e+009	-2.7029e+009	2.6960e+009	5.2500e-015
-3.130e+000	1.7480e-008	-4.6781e+009	-3.5871e+009	3.5783e+009	5.2500e-015
-3.120e+000	2.1183e-008	-6.0002e+009	-4.6781e+009	4.6673e+009	5.2500e-015
-3.110e+000	2.5291e-008	-7.5788e+009	-6.0002e+009	5.9873e+009	5.2500e-015
-3.100e+000	2.9836e-008	-9.4410e+009	-7.5788e+009	7.5636e+009	5.2500e-015
-3.090e+000	3.4857e-008	-1.1617e+010	-9.4410e+009	9.4236e+009	5.2500e-015
-3.080e+000	4.0395e-008	-1.4138e+010	-1.1617e+010	1.1597e+010	5.2500e-015
-3.070e+000	4.6482e-008	-1.7039e+010	-1.4138e+010	1.4116e+010	5.2500e-015
-3.060e+000	5.3131e-008	-2.0355e+010	-1.7039e+010	1.7015e+010	5.2500e-015
-3.050e+000	6.0336e-008	-2.4121e+010	-2.0355e+010	2.0330e+010	5.2500e-015
-3.040e+000	6.8065e-008	-2.8369e+010	-2.4121e+010	2.4094e+010	5.2500e-015
-3.030e+000	7.6262e-008	-3.3129e+010	-2.8369e+010	2.8341e+010	5.2500e-015
-3.020e+000	8.4851e-008	-3.8425e+010	-3.3129e+010	3.3099e+010	5.2500e-015
-3.010e+000	9.3738e-008	-4.4276e+010	-3.8425e+010	3.8394e+010	5.2500e-015
-3.000e+000	1.0282e-007	-5.0693e+010	-4.4276e+010	4.4244e+010	5.2500e-015
-2.990e+000	1.1199e-007	-5.7683e+010	-5.0693e+010	5.0661e+010	5.2500e-015
-2.980e+000	1.2115e-007	-6.5245e+010	-5.7683e+010	5.7650e+010	5.2500e-015
-2.970e+000	1.3020e-007	-7.3371e+010	-6.5245e+010	6.5211e+010	5.2500e-015
-2.960e+000	1.3905e-007	-8.2050e+010	-7.3371e+010	7.3336e+010	5.2500e-015
-2.950e+000	1.4765e-007	-9.1266e+010	-8.2050e+010	8.2015e+010	5.2500e-015
-2.940e+000	1.5594e-007	-1.0100e+011	-9.1266e+010	9.1230e+010	5.2500e-015
-2.930e+000	1.6365e-007	-1.1121e+011	-1.0100e+011	1.0096e+011	5.2500e-015
-2.920e+000	1.7075e-007	-1.2187e+011	-1.1121e+011	1.1118e+011	5.2500e-015
-2.910e+000	1.7817e-007	-1.3299e+011	-1.2187e+011	1.2183e+011	5.2500e-015
-2.900e+000	1.8472e-007	-1.4452e+011	-1.3299e+011	1.3295e+011	5.2500e-015
-2.890e+000	1.9117e-007	-1.5645e+011	-1.4452e+011	1.4448e+011	5.2500e-015
-2.880e+000	1.9699e-007	-1.6875e+011	-1.5645e+011	1.5641e+011	5.2500e-015
-2.870e+000	2.0267e-007	-1.8140e+011	-1.6875e+011	1.6871e+011	5.2500e-015
-2.860e+000	2.0789e-007	-1.9437e+011	-1.8140e+011	1.8136e+011	5.2500e-015
-2.850e+000	2.1278e-007	-2.0765e+011	-1.9437e+011	1.9434e+011	5.2500e-015
-2.840e+000	2.1736e-007	-2.2122e+011	-2.0765e+011	2.0762e+011	5.2500e-015
-2.830e+000	2.2169e-007	-2.3506e+011	-2.2122e+011	2.2118e+011	5.2500e-015
-2.820e+000	2.2563e-007	-2.4914e+011	-2.3506e+011	2.3502e+011	5.2500e-015
-2.810e+000	2.2938e-007	-2.6346e+011	-2.4914e+011	2.4910e+011	5.2500e-015
-2.800e+000	2.3293e-007	-2.7800e+011	-2.6346e+011	2.6342e+011	5.2500e-015
-2.790e+000	2.3617e-007	-2.9274e+011	-2.7800e+011	2.7796e+011	5.2500e-015
-2.780e+000	2.3928e-007	-3.0767e+011	-2.9274e+011	2.9270e+011	5.2500e-015
-2.770e+000	2.4213e-007	-3.2278e+011	-3.0767e+011	3.0763e+011	5.2500e-015
-2.760e+000	2.4486e-007	-3.3807e+011	-3.2278e+011	3.2274e+011	5.2500e-015
-2.750e+000	2.4740e-007	-3.5351e+011	-3.3807e+011	3.3803e+011	5.2500e-015
-2.740e+000	2.4976e-007	-3.6910e+011	-3.5351e+011	3.5347e+011	5.2500e-015
-2.730e+000	2.5203e-007	-3.8483e+011	-3.6910e+011	3.6906e+011	5.2500e-015
-2.720e+000	2.5414e-007	-4.0069e+011	-3.8483e+011	3.8479e+011	5.2500e-015
-2.710e+000	2.5612e-007	-4.1667e+011	-4.0069e+011	4.0065e+011	5.2500e-015
-2.700e+000	2.5798e-007	-4.3278e+011	-4.1667e+011	4.1664e+011	5.2500e-015
-2.690e+000	2.5977e-007	-4.4899e+011	-4.3278e+011	4.3274e+011	5.2500e-015
-2.680e+000	2.6144e-007	-4.6531e+011	-4.4899e+011	4.4895e+011	5.2500e-015
-2.670e+000	2.6302e-007	-4.8172e+011	-4.6531e+011	4.6527e+011	5.2500e-015
-2.660e+000	2.6449e-007	-4.9823e+011	-4.8172e+011	4.8168e+011	5.2500e-015
-2.650e+000	2.6593e-007	-5.1483e+011	-4.9823e+011	4.9819e+011	5.2500e-015
-2.640e+000	2.6727e-007	-5.3151e+011	-5.1483e+011	5.1479e+011	5.2500e-015
-2.630e+000	2.6854e-007	-5.4827e+011	-5.3151e+011	5.3147e+011	5.2500e-015
-2.620e+000	2.6975e-007	-5.6511e+011	-5.4827e+011	5.4823e+011	5.2500e-015
-2.610e+000	2.7089e-007	-5.8202e+011	-5.6511e+011	5.6507e+011	5.2500e-015
-2.600e+000	2.7197e-007	-5.9899e+011	-5.8202e+011	5.8198e+011	5.2500e-015
-2.590e+000	2.7302e-007	-6.1603e+011	-5.9899e+011	5.9895e+011	5.2500e-015
-2.580e+000	2.7401e-007	-6.3313e+011	-6.1603e+011	6.1599e+011	5.2500e-015
-2.570e+000	2.7495e-007	-6.5030e+011	-6.3313e+011	6.3309e+011	5.2500e-015
-2.560e+000	2.7585e-007	-6.6751e+011	-6.5030e+011	6.5026e+011	5.2500e-015
-2.550e+000	2.7671e-007	-6.8478e+011	-6.6751e+011	6.6747e+011	5.2500e-015
-2.540e+000	2.7753e-007	-7.0210e+011	-6.8478e+011	6.8474e+011	5.2500e-015
-2.530e+000	2.7831e-007	-7.1948e+011	-7.0210e+011	7.0207e+011	5.2500e-015
-2.520e+000	2.7905e-007	-7.3689e+011	-7.1948e+011	7.1944e+011	5.2500e-015
-2.510e+000	2.7977e-007	-7.5435e+011	-7.3689e+011	7.3685e+011	5.2500e-015
-2.500e+000	2.8046e-007	-7.7186e+011	-7.5435e+011	7.5431e+011	5.2500e-015
-2.490e+000	2.8112e-007	-7.8941e+011	-7.7186e+011	7.7182e+011	5.2500e-015
-2.480e+000	2.8175e-007	-8.0699e+011	-7.8941e+011	7.8937e+011	5.2500e-015
-2.470e+000	2.8235e-007	-8.2461e+011	-8.0699e+011	8.0695e+011	5.2500e-015
-2.460e+000	2.8293e-007	-8.4227e+011	-8.2461e+011	8.2457e+011	5.2500e-015
-2.450e+000	2.8349e-007	-8.5997e+011	-8.4227e+011	8.4223e+011	5.2500e-015
-2.440e+000	2.8403e-007	-8.7769e+011	-8.5997e+011	8.5993e+011	5.2500e-015
-2.430e+000	2.8454e-007	-8.9545e+011	-8.7769e+011	8.7765e+011	5.2500e-015
-2.420e+000	2.8504e-007	-9.1324e+011	-8.9545e+011	8.9541e+011	5.2500e-015
-2.410e+000	2.8551e-007	-9.3106e+011	-9.1324e+011	9.1320e+011	5.2500e-015
-2.400e+000	2.8597e-007	-9.4891e+011	-9.3106e+011	9.3103e+011	5.2500e-015
-2.390e+000	2.8642e-007	-9.6679e+011	-9.4891e+011	9.4887e+011	5.2500e-015
-2.380e+000	2.8684e-007	-9.8469e+011	-9.6679e+011	9.6675e+011	5.2500e-015
-2.370e+000	2.8726e-007	-1.0026e+012	-9.8469e+011	9.8465e+011	5.2500e-015
-2.360e+000	2.8765e-007	-1.0206e+012	-1.0026e+012	1.0026e+012	5.2500e-015
-2.350e+000	2.8804e-007	-1.0386e+012	-1.0206e+012	1.0205e+012	5.2500e-015
-2.340e+000	2.8841e-007	-1.0566e+012	-1.0386e+012	1.0385e+012	5.2500e-015
-2.330e+000	2.8877e-007	-1.0746e+012	-1.0566e+012	1.0565e+012	5.2500e-015
-2.320e+000	2.8911e-007	-1.0926e+012	-1.0746e+012	1.0745e+012	5.2500e-015
-2.310e+000	2.8945e-007	-1.1107e+012	-1.0926e+012	1.0926e+012	5.2500e-015
-2.300e+000	2.8977e-007	-1.1288e+012	-1.1107e+012	1.1107e+012	5.2500e-015
-2.290e+000	2.9009e-007	-1.1469e+012	-1.1288e+012	1.1287e+012	5.2500e-015
-2.280e+000	2.9039e-007	-1.1650e+012	-1.1469e+012	1.1468e+012	5.2500e-015
-2.270e+000	2.9069e-007	-1.1832e+012	-1.1650e+012	1.1650e+012	5.2500e-015
-2.260e+000	2.9098e-007	-1.2013e+012	-1.1832e+012	1.1831e+012	5.2500e-015
-2.250e+000	2.9125e-007	-1.2195e+012	-1.2013e+012	1.2013e+012	5.2500e-015
-2.240e+000	2.9152e-007	-1.2377e+012	-1.2195e+012	1.2195e+012	5.2500e-015
-2.230e+000	2.9178e-007	-1.2559e+012	-1.2377e+012	1.2376e+012	5.2500e-015
-2.220e+000	2.9204e-007	-1.2741e+012	-1.2559e+012	1.2559e+012	5.2500e-015
-2.210e+000	2.9228e-007	-1.2924e+012	-1.2741e+012	1.2741e+012	5.2500e-015
-2.200e+000	2.9252e-007	-1.3106e+012	-1.2924e+012	1.2923e+012	5.2500e-015
-2.190e+000	2.9276e-007	-1.3289e+012	-1.3106e+012	1.3106e+012	5.2500e-015
-2.180e+000	2.9298e-007	-1.3472e+012	-1.3289e+012	1.3289e+012	5.2500e-015
-2.170e+000	2.9320e-007	-1.3655e+012	-1.3472e+012	1.3471e+012	5.2500e-015
-2.160e+000	2.9342e-007	-1.3838e+012	-1.3655e+012	1.3654e+012	5.2500e-015
-2.150e+000	2.9362e-007	-1.4021e+012	-1.3838e+012	1.3838e+012	5.2500e-015
-2.140e+000	2.9383e-007	-1.4205e+012	-1.4021e+012	1.4021e+012	5.2500e-015
-2.130e+000	2.9403e-007	-1.4388e+012	-1.4205e+012	1.4204e+012	5.2500e-015
-2.120e+000	2.9422e-007	-1.4572e+012	-1.4388e+012	1.4388e+012	5.2500e-015
-2.110e+000	2.9441e-007	-1.4756e+012	-1.4572e+012	1.4571e+012	5.2500e-015
-2.100e+000	2.9459e-007	-1.4939e+012	-1.4756e+012	1.4755e+012	5.2500e-015
-2.090e+000	2.9477e-007	-1.5123e+012	-1.4939e+012	1.4939e+012	5.2500e-015
-2.080e+000	2.9494e-007	-1.5307e+012	-1.5123e+012	1.5123e+012	5.2500e-015
-2.070e+000	2.9511e-007	-1.5492e+012	-1.5307e+012	1.5307e+012	5.2500e-015
-2.060e+000	2.9528e-007	-1.5676e+012	-1.5492e+012	1.5491e+012	5.2500e-015
-2.050e+000	2.9544e-007	-1.5860e+012	-1.5676e+012	1.5676e+012	5.2500e-015
-2.040e+000	2.9560e-007	-1.6045e+012	-1.5860e+012	1.5860e+012	5.2500e-015
-2.030e+000	2.9575e-007	-1.6229e+012	-1.6045e+012	1.6044e+012	5.2500e-015
-2.020e+000	2.9590e-007	-1.6414e+012	-1.6229e+012	1.6229e+012	5.2500e-015
-2.010e+000	2.9605e-007	-1.6599e+012	-1.6414e+012	1.6414e+012	5.2500e-015
-2.000e+000	2.9619e-007	-1.6784e+012	-1.6599e+012	1.6599e+012	5.2500e-015
-1.990e+000	2.9634e-007	-1.6969e+012	-1.6784e+012	1.6783e+012	5.2500e-015
-1.980e+000	2.9647e-007	-1.7154e+012	-1.6969e+012	1.6968e+012	5.2500e-015
-1.970e+000	2.9661e-007	-1.7339e+012	-1.7154e+012	1.7153e+012	5.2500e-015
-1.960e+000	2.9674e-007	-1.7524e+012	-1.7339e+012	1.7339e+012	5.2500e-015
-1.950e+000	2.9687e-007	-1.7709e+012	-1.7524e+012	1.7524e+012	5.2500e-015
-1.940e+000	2.9700e-007	-1.7895e+012	-1.7709e+012	1.7709e+012	5.2500e-015
-1.930e+000	2.9712e-007	-1.8080e+012	-1.7895e+012	1.7894e+012	5.2500e-015
-1.920e+000	2.9724e-007	-1.8266e+012	-1.8080e+012	1.8080e+012	5.2500e-015
-1.910e+000	2.9736e-007	-1.8451e+012	-1.8266e+012	1.8265e+012	5.2500e-015
-1.900e+000	2.9748e-007	-1.8637e+012	-1.8451e+012	1.8451e+012	5.2500e-015
-1.890e+000	2.9759e-007	-1.8823e+012	-1.8637e+012	1.8637e+012	5.2500e-015
-1.880e+000	2.9770e-007	-1.9009e+012	-1.8823e+012	1.8822e+012	5.2500e-015
-1.870e+000	2.9781e-007	-1.9194e+012	-1.9009e+012	1.9008e+012	5.2500e-015
-1.860e+000	2.9792e-007	-1.9380e+012	-1.9194e+012	1.9194e+012	5.2500e-015
-1.850e+000	2.9803e-007	-1.9566e+012	-1.9380e+012	1.9380e+012	5.2500e-015
-1.840e+000	2.9813e-007	-1.9752e+012	-1.9566e+012	1.9566e+012	5.2500e-015
-1.830e+000	2.9823e-007	-1.9939e+012	-1.9752e+012	1.9752e+012	5.2500e-015
-1.820e+000	2.9833e-007	-2.0125e+012	-1.9939e+012	1.9938e+012	5.2500e-015
-1.810e+000	2.9843e-007	-2.0311e+012	-2.0125e+012	2.0124e+012	5.2500e-015
-1.800e+000	2.9853e-007	-2.0497e+012	-2.0311e+012	2.0311e+012	5.2500e-015
-1.790e+000	2.9862e-007	-2.0684e+012	-2.0497e+012	2.0497e+012	5.2500e-015
-1.780e+000	2.9871e-007	-2.0870e+012	-2.0684e+012	2.0683e+012	5.2500e-015
-1.770e+000	2.9881e-007	-2.1057e+012	-2.0870e+012	2.0870e+012	5.2500e-015
-1.760e+000	2.9889e-007	-2.1243e+012	-2.1057e+012	2.1056e+012	5.2500e-015
-1.750e+000	2.9898e-007	-2.1430e+012	-2.1243e+012	2.1243e+012	5.2500e-015
-1.740e+000	2.9907e-007	-2.1617e+012	-2.1430e+012	2.1430e+012	5.2500e-015
-1.730e+000	2.9915e-007	-2.1803e+012	-2.1617e+012	2.1616e+012	5.2500e-015
-1.720e+000	2.9924e-007	-2.1990e+012	-2.1803e+012	2.1803e+012	5.2500e-015
-1.710e+000	2.9932e-007	-2.2177e+012	-2.1990e+012	2.1990e+012	5.2500e-015
-1.700e+000	2.9940e-007	-2.2364e+012	-2.2177e+012	2.2176e+012	5.2500e-015
-1.690e+000	2.9948e-007	-2.2551e+012	-2.2364e+012	2.2363e+012	5.2500e-015
-1.680e+000	2.9956e-007	-2.2738e+012	-2.2551e+012	2.2550e+012	5.2500e-015
-1.670e+000	2.9964e-007	-2.2925e+012	-2.2738e+012	2.2737e+012	5.2500e-015
-1.660e+000	2.9971e-007	-2.3112e+012	-2.2925e+012	2.2924e+012	5.2500e-015
-1.650e+000	2.9979e-007	-2.3299e+012	-2.3112e+012	2.3111e+012	5.2500e-015
-1.640e+000	2.9986e-007	-2.3486e+012	-2.3299e+012	2.3298e+012	5.2500e-015
-1.630e+000	2.9994e-007	-2.3673e+012	-2.3486e+012	2.3486e+012	5.2500e-015
-1.620e+000	3.0001e-007	-2.3860e+012	-2.3673e+012	2.3673e+012	5.2500e-015
-1.610e+000	3.0008e-007	-2.4048e+012	-2.3860e+012	2.3860e+012	5.2500e-015
-1.600e+000	3.0015e-007	-2.4235e+012	-2.4048e+012	2.4047e+012	5.2500e-015
-1.590e+000	3.0021e-007	-2.4422e+012	-2.4235e+012	2.4235e+012	5.2500e-015
-1.580e+000	3.0028e-007	-2.4610e+012	-2.4422e+012	2.4422e+012	5.2500e-015
-1.570e+000	3.0035e-007	-2.4797e+012	-2.4610e+012	2.4609e+012	5.2500e-015
-1.560e+000	3.0041e-007	-2.4985e+012	-2.4797e+012	2.4797e+012	5.2500e-015
-1.550e+000	3.0048e-007	-2.5172e+012	-2.4985e+012	2.4984e+012	5.2500e-015
-1.540e+000	3.0054e-007	-2.5360e+012	-2.5172e+012	2.5172e+012	5.2500e-015
-1.530e+000	3.0061e-007	-2.5548e+012	-2.5360e+012	2.5360e+012	5.2500e-015
-1.520e+000	3.0067e-007	-2.5735e+012	-2.5548e+012	2.5547e+012	5.2500e-015
-1.510e+000	3.0073e-007	-2.5923e+012	-2.5735e+012	2.5735e+012	5.2500e-015
-1.500e+000	3.0079e-007	-2.6111e+012	-2.5923e+012	2.5923e+012	5.2500e-015
-1.490e+000	3.0085e-007	-2.6298e+012	-2.6111e+012	2.6110e+012	5.2500e-015
-1.480e+000	3.0091e-007	-2.6486e+012	-2.6298e+012	2.6298e+012	5.2500e-015
-1.470e+000	3.0096e-007	-2.6674e+012	-2.6486e+012	2.6486e+012	5.2500e-015
-1.460e+000	3.0102e-007	-2.6862e+012	-2.6674e+012	2.6674e+012	5.2500e-015
-1.450e+000	3.0108e-007	-2.7050e+012	-2.6862e+012	2.6862e+012	5.2500e-015
-1.440e+000	3.0113e-007	-2.7238e+012	-2.7050e+012	2.7050e+012	5.2500e-015
-1.430e+000	3.0119e-007	-2.7426e+012	-2.7238e+012	2.7237e+012	5.2500e-015
-1.420e+000	3.0124e-007	-2.7614e+012	-2.7426e+012	2.7425e+012	5.2500e-015
-1.410e+000	3.0130e-007	-2.7802e+012	-2.7614e+012	2.7614e+012	5.2500e-015
-1.400e+000	3.0135e-007	-2.7990e+012	-2.7802e+012	2.7802e+012	5.2500e-015
-1.390e+000	3.0140e-007	-2.8178e+012	-2.7990e+012	2.7990e+012	5.2500e-015
-1.380e+000	3.0145e-007	-2.8366e+012	-2.8178e+012	2.8178e+012	5.2500e-015
-1.370e+000	3.0150e-007	-2.8555e+012	-2.8366e+012	2.8366e+012	5.2500e-015
-1.360e+000	3.0155e-007	-2.8743e+012	-2.8555e+012	2.8554e+012	5.2500e-015
-1.350e+000	3.0160e-007	-2.8931e+012	-2.8743e+012	2.8742e+012	5.2500e-015
-1.340e+000	3.0165e-007	-2.9119e+012	-2.8931e+012	2.8931e+012	5.2500e-015
-1.330e+000	3.0170e-007	-2.9308e+012	-2.9119e+012	2.9119e+012	5.2500e-015
-1.320e+000	3.0175e-007	-2.9496e+012	-2.9308e+012	2.9307e+012	5.2500e-015
-1.310e+000	3.0180e-007	-2.9684e+012	-2.9496e+012	2.9495e+012	5.2500e-015
-1.300e+000	3.0185e-007	-2.9873e+012	-2.9684e+012	2.9684e+012	5.2500e-015
-1.290e+000	3.0189e-007	-3.0061e+012	-2.9873e+012	2.9872e+012	5.2500e-015
-1.280e+000	3.0194e-007	-3.0250e+012	-3.0061e+012	3.0061e+012	5.2500e-015
-1.270e+000	3.0198e-007	-3.0438e+012	-3.0250e+012	3.0249e+012	5.2500e-015
-1.260e+000	3.0203e-007	-3.0627e+012	-3.0438e+012	3.0438e+012	5.2500e-015
-1.250e+000	3.0207e-007	-3.0815e+012	-3.0627e+012	3.0626e+012	5.2500e-015
-1.240e+000	3.0212e-007	-3.1004e+012	-3.0815e+012	3.0815e+012	5.2500e-015
-1.230e+000	3.0216e-007	-3.1192e+012	-3.1004e+012	3.1003e+012	5.2500e-015
-1.220e+000	3.0220e-007	-3.1381e+012	-3.1192e+012	3.1192e+012	5.2500e-015
-1.210e+000	3.0225e-007	-3.1569e+012	-3.1381e+012	3.1380e+012	5.2500e-015
-1.200e+000	3.0229e-007	-3.1758e+012	-3.1569e+012	3.1569e+012	5.2500e-015
-1.190e+000	3.0233e-007	-3.1947e+012	-3.1758e+012	3.1758e+012	5.2500e-015
-1.180e+000	3.0237e-007	-3.2136e+012	-3.1947e+012	3.1946e+012	5.2500e-015
-1.170e+000	3.0241e-007	-3.2324e+012	-3.2136e+012	3.2135e+012	5.2500e-015
-1.160e+000	3.0245e-007	-3.2513e+012	-3.2324e+012	3.2324e+012	5.2500e-015
-1.150e+000	3.0249e-007	-3.2702e+012	-3.2513e+012	3.2513e+012	5.2500e-015
-1.140e+000	3.0253e-007	-3.2891e+012	-3.2702e+012	3.2702e+012	5.2500e-015
-1.130e+000	3.0257e-007	-3.3080e+012	-3.2891e+012	3.2890e+012	5.2500e-015
-1.120e+000	3.0261e-007	-3.3268e+012	-3.3080e+012	3.3079e+012	5.2500e-015
-1.110e+000	3.0265e-007	-3.3457e+012	-3.3268e+012	3.3268e+012	5.2500e-015
-1.100e+000	3.0269e-007	-3.3646e+012	-3.3457e+012	3.3457e+012	5.2500e-015
-1.090e+000	3.0273e-007	-3.3835e+012	-3.3646e+012	3.3646e+012	5.2500e-015
-1.080e+000	3.0277e-007	-3.4024e+012	-3.3835e+012	3.3835e+012	5.2500e-015
-1.070e+000	3.0280e-007	-3.4213e+012	-3.4024e+012	3.4024e+012	5.2500e-015
-1.060e+000	3.0284e-007	-3.4402e+012	-3.4213e+012	3.4213e+012	5.2500e-015
-1.050e+000	3.0288e-007	-3.4591e+012	-3.4402e+012	3.4402e+012	5.2500e-015
-1.040e+000	3.0292e-007	-3.4780e+012	-3.4591e+012	3.4591e+012	5.2500e-015
-1.030e+000	3.0296e-007	-3.4969e+012	-3.4780e+012	3.4780e+012	5.2500e-015
-1.020e+000	3.0300e-007	-3.5159e+012	-3.4969e+012	3.4969e+012	5.2500e-015
-1.010e+000	3.0304e-007	-3.5348e+012	-3.5159e+012	3.5158e+012	5.2500e-015
-1.000e+000	3.0308e-007	-3.5537e+012	-3.5348e+012	3.5347e+012	5.2500e-015
-9.900e-001	3.0312e-007	-3.5726e+012	-3.5537e+012	3.5536e+012	5.2500e-015
-9.800e-001	3.0317e-007	-3.5915e+012	-3.5726e+012	3.5726e+012	5.2500e-015
-9.700e-001	3.0322e-007	-3.6105e+012	-3.5915e+012	3.5915e+012	5.2500e-015
-9.600e-001	3.0327e-007	-3.6294e+012	-3.6105e+012	3.6104e+012	5.2500e-015
-9.500e-001	3.0333e-007	-3.6483e+012	-3.6294e+012	3.6293e+012	5.2500e-015
-9.400e-001	3.0340e-007	-3.6672e+012	-3.6483e+012	3.6483e+012	5.2500e-015
-9.300e-001	3.0348e-007	-3.6862e+012	-3.6672e+012	3.6672e+012	5.2500e-015
-9.200e-001	3.0357e-007	-3.7051e+012	-3.6862e+012	3.6862e+012	5.2500e-015
-9.100e-001	3.0368e-007	-3.7241e+012	-3.7051e+012	3.7051e+012	5.2500e-015
-9.000e-001	3.0382e-007	-3.7431e+012	-3.7241e+012	3.7241e+012	5.2500e-015
-8.900e-001	3.0399e-007	-3.7620e+012	-3.7431e+012	3.7430e+012	5.2500e-015
-8.800e-001	3.0420e-007	-3.7810e+012	-3.7620e+012	3.7620e+012	5.2500e-015
-8.700e-001	3.0447e-007	-3.8000e+012	-3.7810e+012	3.7810e+012	5.2500e-015
-8.600e-001	3.0481e-007	-3.8190e+012	-3.8000e+012	3.8000e+012	5.2500e-015
-8.500e-001	3.0524e-007	-3.8381e+012	-3.8190e+012	3.8190e+012	5.2500e-015
-8.400e-001	3.0580e-007	-3.8572e+012	-3.8381e+012	3.8381e+012	5.2500e-015
-8.300e-001	3.0652e-007	-3.8763e+012	-3.8572e+012	3.8571e+012	5.2500e-015
-8.200e-001	3.0746e-007	-3.8955e+012	-3.8763e+012	3.8763e+012	5.2500e-015
-8.100e-001	3.0867e-007	-3.9148e+012	-3.8955e+012	3.8955e+012	5.2500e-015
-8.000e-001	3.1023e-007	-3.9341e+012	-3.9148e+012	3.9147e+012	5.2500e-015
-7.900e-001	3.1226e-007	-3.9536e+012	-3.9341e+012	3.9341e+012	5.2500e-015
-7.800e-001	3.1488e-007	-3.9733e+012	-3.9536e+012	3.9536e+012	5.2500e-015
-7.700e-001	3.1776e-007	-3.9931e+012	-3.9733e+012	3.9732e+012	5.2500e-015
-7.600e-001	3.2224e-007	-4.0132e+012	-3.9931e+012	3.9931e+012	5.2500e-015
-7.500e-001	3.2753e-007	-4.0337e+012	-4.0132e+012	4.0132e+012	5.2500e-015
-7.400e-001	3.3415e-007	-4.0545e+012	-4.0337e+012	4.0336e+012	5.2500e-015
-7.300e-001	3.4232e-007	-4.0759e+012	-4.0545e+012	4.0545e+012	5.2500e-015
-7.200e-001	3.5227e-007	-4.0979e+012	-4.0759e+012	4.0758e+012	5.2500e-015
-7.100e-001	3.6416e-007	-4.1206e+012	-4.0979e+012	4.0978e+012	5.2500e-015
-7.000e-001	3.7810e-007	-4.1442e+012	-4.1206e+012	4.1206e+012	5.2500e-015
-6.900e-001	3.9407e-007	-4.1688e+012	-4.1442e+012	4.1442e+012	5.2500e-015
-6.800e-001	4.1192e-007	-4.1945e+012	-4.1688e+012	4.1688e+012	5.2500e-015
-6.700e-001	4.3136e-007	-4.2214e+012	-4.1945e+012	4.1945e+012	5.2500e-015
-6.600e-001	4.5198e-007	-4.2496e+012	-4.2214e+012	4.2214e+012	5.2500e-015
-6.500e-001	4.7330e-007	-4.2792e+012	-4.2496e+012	4.2496e+012	5.2500e-015
-6.400e-001	4.9485e-007	-4.3101e+012	-4.2792e+012	4.2791e+012	5.2500e-015
-6.300e-001	5.1616e-007	-4.3423e+012	-4.3101e+012	4.3100e+012	5.2500e-015
-6.200e-001	5.3686e-007	-4.3758e+012	-4.3423e+012	4.3422e+012	5.2500e-015
-6.100e-001	5.5666e-007	-4.4105e+012	-4.3758e+012	4.3758e+012	5.2500e-015
-6.000e-001	5.7516e-007	-4.4464e+012	-4.4105e+012	4.4105e+012	5.2500e-015
-5.900e-001	5.9281e-007	-4.4834e+012	-4.4464e+012	4.4464e+012	5.2500e-015
-5.800e-001	6.0908e-007	-4.5214e+012	-4.4834e+012	4.4834e+012	5.2500e-015
-5.700e-001	6.2413e-007	-4.5604e+012	-4.5214e+012	4.5214e+012	5.2500e-015
-5.600e-001	6.3801e-007	-4.6002e+012	-4.5604e+012	4.5604e+012	5.2500e-015
-5.500e-001	6.5080e-007	-4.6408e+012	-4.6002e+012	4.6002e+012	5.2500e-015
-5.400e-001	6.6259e-007	-4.6822e+012	-4.6408e+012	4.6408e+012	5.2500e-015
-5.300e-001	6.7345e-007	-4.7242e+012	-4.6822e+012	4.6822e+012	5.2500e-015
-5.200e-001	6.8348e-007	-4.7669e+012	-4.7242e+012	4.7242e+012	5.2500e-015
-5.100e-001	6.9276e-007	-4.8101e+012	-4.7669e+012	4.7669e+012	5.2500e-015
-5.000e-001	7.0136e-007	-4.8539e+012	-4.8101e+012	4.8101e+012	5.2500e-015
-4.900e-001	7.0936e-007	-4.8982e+012	-4.8539e+012	4.8539e+012	5.2500e-015
-4.800e-001	7.1682e-007	-4.9429e+012	-4.8982e+012	4.8981e+012	5.2500e-015
-4.700e-001	7.2380e-007	-4.9881e+012	-4.9429e+012	4.9429e+012	5.2500e-015
-4.600e-001	7.3035e-007	-5.0337e+012	-4.9881e+012	4.9881e+012	5.2500e-015
-4.500e-001	7.3651e-007	-5.0797e+012	-5.0337e+012	5.0336e+012	5.2500e-015
-4.400e-001	7.4232e-007	-5.1260e+012	-5.0797e+012	5.0796e+012	5.2500e-015
-4.300e-001	7.4782e-007	-5.1727e+012	-5.1260e+012	5.1259e+012	5.2500e-015
-4.200e-001	7.5304e-007	-5.2197e+012	-5.1727e+012	5.1726e+012	5.2500e-015
-4.100e-001	7.5801e-007	-5.2670e+012	-5.2197e+012	5.2196e+012	5.2500e-015
-4.000e-001	7.6274e-007	-5.3146e+012	-5.2670e+012	5.2669e+012	5.2500e-015
-3.900e-001	7.6726e-007	-5.3625e+012	-5.3146e+012	5.3145e+012	5.2500e-015
-3.800e-001	7.7158e-007	-5.4106e+012	-5.3625e+012	5.3624e+012	5.2500e-015
-3.700e-001	7.7573e-007	-5.4590e+012	-5.4106e+012	5.4106e+012	5.2500e-015
-3.600e-001	7.7971e-007	-5.5077e+012	-5.4590e+012	5.4590e+012	5.2500e-015
-3.500e-001	7.8354e-007	-5.5566e+012	-5.5077e+012	5.5077e+012	5.2500e-015
-3.400e-001	7.8723e-007	-5.6057e+012	-5.5566e+012	5.5566e+012	5.2500e-015
-3.300e-001	7.9078e-007	-5.6551e+012	-5.6057e+012	5.6057e+012	5.2500e-015
-3.200e-001	7.9421e-007	-5.7047e+012	-5.6551e+012	5.6551e+012	5.2500e-015
-3.100e-001	7.9752e-007	-5.7545e+012	-5.7047e+012	5.7046e+012	5.2500e-015
-3.000e-001	8.0072e-007	-5.8044e+012	-5.7545e+012	5.7544e+012	5.2500e-015
-2.900e-001	8.0381e-007	-5.8546e+012	-5.8044e+012	5.8044e+012	5.2500e-015
-2.800e-001	8.0680e-007	-5.9050e+012	-5.8546e+012	5.8546e+012	5.2500e-015
-2.700e-001	8.0969e-007	-5.9555e+012	-5.9050e+012	5.9049e+012	5.2500e-015
-2.600e-001	8.1249e-007	-6.0062e+012	-5.9555e+012	5.9555e+012	5.2500e-015
-2.500e-001	8.1519e-007	-6.0571e+012	-6.0062e+012	6.0062e+012	5.2500e-015
-2.400e-001	8.1782e-007	-6.1081e+012	-6.0571e+012	6.0570e+012	5.2500e-015
-2.300e-001	8.2036e-007	-6.1593e+012	-6.1081e+012	6.1081e+012	5.2500e-015
-2.200e-001	8.2275e-007	-6.2107e+012	-6.1593e+012	6.1593e+012	5.2500e-015
-2.100e-001	8.2519e-007	-6.2622e+012	-6.2107e+012	6.2106e+012	5.2500e-015
-2.000e-001	8.2750e-007	-6.3138e+012	-6.2622e+012	6.2621e+012	5.2500e-015
-1.900e-001	8.2974e-007	-6.3656e+012	-6.3138e+012	6.3138e+012	5.2500e-015
-1.800e-001	8.3191e-007	-6.4175e+012	-6.3656e+012	6.3656e+012	5.2500e-015
-1.700e-001	8.3401e-007	-6.4696e+012	-6.4175e+012	6.4175e+012	5.2500e-015
-1.600e-001	8.3605e-007	-6.5218e+012	-6.4696e+012	6.4696e+012	5.2500e-015
-1.500e-001	8.3803e-007	-6.5741e+012	-6.5218e+012	6.5217e+012	5.2500e-015
-1.400e-001	8.3994e-007	-6.6265e+012	-6.5741e+012	6.5740e+012	5.2500e-015
-1.300e-001	8.4180e-007	-6.6791e+012	-6.6265e+012	6.6265e+012	5.2500e-015
-1.200e-001	8.4360e-007	-6.7317e+012	-6.6791e+012	6.6790e+012	5.2500e-015
-1.100e-001	8.4536e-007	-6.7845e+012	-6.7317e+012	6.7317e+012	5.2500e-015
-1.000e-001	8.4705e-007	-6.8373e+012	-6.7845e+012	6.7844e+012	5.2500e-015
-9.000e-002	8.4870e-007	-6.8903e+012	-6.8373e+012	6.8373e+012	5.2500e-015
-8.000e-002	8.5031e-007	-6.9434e+012	-6.8903e+012	6.8903e+012	5.2500e-015
-7.000e-002	8.5186e-007	-6.9966e+012	-6.9434e+012	6.9433e+012	5.2500e-015
-6.000e-002	8.5337e-007	-7.0498e+012	-6.9966e+012	6.9965e+012	5.2500e-015
-5.000e-002	8.5484e-007	-7.1032e+012	-7.0498e+012	7.0498e+012	5.2500e-015
-4.000e-002	8.5627e-007	-7.1566e+012	-7.1032e+012	7.1031e+012	5.2500e-015
-3.000e-002	8.5766e-007	-7.2101e+012	-7.1566e+012	7.1566e+012	5.2500e-015
-2.000e-002	8.5901e-007	-7.2638e+012	-7.2101e+012	7.2101e+012	5.2500e-015
-1.000e-002	8.6033e-007	-7.3175e+012	-7.2638e+012	7.2637e+012	5.2500e-015
0.000e+000	8.6161e-007	-7.3712e+012	-7.3175e+012	7.3174e+012	5.2500e-015
1.000e-002	8.6286e-007	-7.4251e+012	-7.3712e+012	7.3712e+012	5.2500e-015
2.000e-002	8.6408e-007	-7.4790e+012	-7.4251e+012	7.4250e+012	5.2500e-015
3.000e-002	8.6526e-007	-7.5330e+012	-7.4790e+012	7.4790e+012	5.2500e-015
4.000e-002	8.6642e-007	-7.5871e+012	-7.5330e+012	7.5330e+012	5.2500e-015
5.000e-002	8.6754e-007	-7.6413e+012	-7.5871e+012	7.5871e+012	5.2500e-015
6.000e-002	8.6864e-007	-7.6955e+012	-7.6413e+012	7.6412e+012	5.2500e-015
7.000e-002	8.6972e-007	-7.7498e+012	-7.6955e+012	7.6954e+012	5.2500e-015
8.000e-002	8.7076e-007	-7.8041e+012	-7.7498e+012	7.7497e+012	5.2500e-015
9.000e-002	8.7179e-007	-7.8585e+012	-7.8041e+012	7.8041e+012	5.2500e-015
1.000e-001	8.7279e-007	-7.9130e+012	-7.8585e+012	7.8585e+012	5.2500e-015
1.100e-001	8.7377e-007	-7.9675e+012	-7.9130e+012	7.9129e+012	5.2500e-015
1.200e-001	8.7472e-007	-8.0221e+012	-7.9675e+012	7.9675e+012	5.2500e-015
1.300e-001	8.7566e-007	-8.0768e+012	-8.0221e+012	8.0221e+012	5.2500e-015
1.400e-001	8.7657e-007	-8.1315e+012	-8.0768e+012	8.0767e+012	5.2500e-015
1.500e-001	8.7747e-007	-8.1863e+012	-8.1315e+012	8.1314e+012	5.2500e-015
1.600e-001	8.7651e-007	-8.2410e+012	-8.1863e+012	8.1862e+012	5.2500e-015
1.700e-001	8.7600e-007	-8.2956e+012	-8.2410e+012	8.2409e+012	5.2500e-015
1.800e-001	8.7677e-007	-8.3504e+012	-8.2956e+012	8.2956e+012	5.2500e-015
1.900e-001	8.7752e-007	-8.4051e+012	-8.3504e+012	8.3503e+012	5.2500e-015
2.000e-001	8.7826e-007	-8.4599e+012	-8.4051e+012	8.4051e+012	5.2500e-015
2.100e-001	8.7898e-007	-8.5148e+012	-8.4599e+012	8.4599e+012	5.2500e-015
2.200e-001	8.7968e-007	-8.5697e+012	-8.5148e+012	8.5148e+012	5.2500e-015
2.300e-001	8.8038e-007	-8.6247e+012	-8.5697e+012	8.5697e+012	5.2500e-015
2.400e-001	8.8105e-007	-8.6797e+012	-8.6247e+012	8.6246e+012	5.2500e-015
2.500e-001	8.8172e-007	-8.7347e+012	-8.6797e+012	8.6796e+012	5.2500e-015
2.600e-001	8.8238e-007	-8.7898e+012	-8.7347e+012	8.7346e+012	5.2500e-015
2.700e-001	8.8302e-007	-8.8449e+012	-8.7898e+012	8.7897e+012	5.2500e-015
2.800e-001	8.8365e-007	-8.9000e+012	-8.8449e+012	8.8448e+012	5.2500e-015
2.900e-001	8.8427e-007	-8.9552e+012	-8.9000e+012	8.9000e+012	5.2500e-015
3.000e-001	8.8488e-007	-9.0104e+012	-8.9552e+012	8.9552e+012	5.2500e-015
3.100e-001	8.8548e-007	-9.0657e+012	-9.0104e+012	9.0104e+012	5.2500e-015
3.200e-001	8.8607e-007	-9.1210e+012	-9.0657e+012	9.0657e+012	5.2500e-015
3.300e-001	8.8665e-007	-9.1764e+012	-9.1210e+012	9.1210e+012	5.2500e-015
3.400e-001	8.8722e-007	-9.2317e+012	-9.1764e+012	9.1763e+012	5.2500e-015
3.500e-001	8.8778e-007	-9.2871e+012	-9.2317e+012	9.2317e+012	5.2500e-015
3.600e-001	8.8833e-007	-9.3426e+012	-9.2871e+012	9.2871e+012	5.2500e-015
3.700e-001	8.8887e-007	-9.3981e+012	-9.3426e+012	9.3425e+012	5.2500e-015
3.800e-001	8.8941e-007	-9.4536e+012	-9.3981e+012	9.3980e+012	5.2500e-015
3.900e-001	8.8993e-007	-9.5091e+012	-9.4536e+012	9.4535e+012	5.2500e-015
4.000e-001	8.9045e-007	-9.5647e+012	-9.5091e+012	9.5091e+012	5.2500e-015
4.100e-001	8.9096e-007	-9.6203e+012	-9.5647e+012	9.5647e+012	5.2500e-015
4.200e-001	8.9147e-007	-9.6760e+012	-9.6203e+012	9.6203e+012	5.2500e-015
4.300e-001	8.9196e-007	-9.7316e+012	-9.6760e+012	9.6759e+012	5.2500e-015
4.400e-001	8.9245e-007	-9.7873e+012	-9.7316e+012	9.7316e+012	5.2500e-015
4.500e-001	8.9293e-007	-9.8431e+012	-9.7873e+012	9.7873e+012	5.2500e-015
4.600e-001	8.9341e-007	-9.8988e+012	-9.8431e+012	9.8430e+012	5.2500e-015
4.700e-001	8.9387e-007	-9.9546e+012	-9.8988e+012	9.8988e+012	5.2500e-015
4.800e-001	8.9434e-007	-1.0010e+013	-9.9546e+012	9.9546e+012	5.2500e-015
4.900e-001	8.9479e-007	-1.0066e+013	-1.0010e+013	1.0010e+013	5.2500e-015
5.000e-001	8.9524e-007	-1.0122e+013	-1.0066e+013	1.0066e+013	5.2500e-015
5.100e-001	8.9568e-007	-1.0178e+013	-1.0122e+013	1.0122e+013	5.2500e-015
5.200e-001	8.9612e-007	-1.0234e+013	-1.0178e+013	1.0178e+013	5.2500e-015
5.300e-001	8.9655e-007	-1.0290e+013	-1.0234e+013	1.0234e+013	5.2500e-015
5.400e-001	8.9698e-007	-1.0346e+013	-1.0290e+013	1.0290e+013	5.2500e-015
5.500e-001	8.9740e-007	-1.0402e+013	-1.0346e+013	1.0346e+013	5.2500e-015
5.600e-001	8.9781e-007	-1.0458e+013	-1.0402e+013	1.0402e+013	5.2500e-015
5.700e-001	8.9822e-007	-1.0514e+013	-1.0458e+013	1.0458e+013	5.2500e-015
5.800e-001	8.9863e-007	-1.0570e+013	-1.0514e+013	1.0514e+013	5.2500e-015
5.900e-001	8.9902e-007	-1.0626e+013	-1.0570e+013	1.0570e+013	5.2500e-015
6.000e-001	8.9942e-007	-1.0682e+013	-1.0626e+013	1.0626e+013	5.2500e-015
6.100e-001	8.9981e-007	-1.0739e+013	-1.0682e+013	1.0682e+013	5.2500e-015
6.200e-001	9.0019e-007	-1.0795e+013	-1.0739e+013	1.0739e+013	5.2500e-015
6.300e-001	9.0057e-007	-1.0851e+013	-1.0795e+013	1.0795e+013	5.2500e-015
6.400e-001	9.0095e-007	-1.0907e+013	-1.0851e+013	1.0851e+013	5.2500e-015
6.500e-001	9.0132e-007	-1.0963e+013	-1.0907e+013	1.0907e+013	5.2500e-015
6.600e-001	9.0168e-007	-1.1020e+013	-1.0963e+013	1.0963e+013	5.2500e-015
6.700e-001	9.0204e-007	-1.1076e+013	-1.1020e+013	1.1020e+013	5.2500e-015
6.800e-001	9.0237e-007	-1.1132e+013	-1.1076e+013	1.1076e+013	5.2500e-015
6.900e-001	9.0275e-007	-1.1189e+013	-1.1132e+013	1.1132e+013	5.2500e-015
7.000e-001	9.0310e-007	-1.1245e+013	-1.1189e+013	1.1189e+013	5.2500e-015
7.100e-001	9.0345e-007	-1.1301e+013	-1.1245e+013	1.1245e+013	5.2500e-015
7.200e-001	9.0379e-007	-1.1358e+013	-1.1301e+013	1.1301e+013	5.2500e-015
7.300e-001	9.0412e-007	-1.1414e+013	-1.1358e+013	1.1358e+013	5.2500e-015
7.400e-001	9.0445e-007	-1.1471e+013	-1.1414e+013	1.1414e+013	5.2500e-015
7.500e-001	9.0478e-007	-1.1527e+013	-1.1471e+013	1.1471e+013	5.2500e-015
7.600e-001	9.0511e-007	-1.1584e+013	-1.1527e+013	1.1527e+013	5.2500e-015
7.700e-001	9.0543e-007	-1.1640e+013	-1.1584e+013	1.1584e+013	5.2500e-015
7.800e-001	9.0575e-007	-1.1697e+013	-1.1640e+013	1.1640e+013	5.2500e-015
7.900e-001	9.0606e-007	-1.1753e+013	-1.1697e+013	1.1697e+013	5.2500e-015
8.000e-001	9.0637e-007	-1.1810e+013	-1.1753e+013	1.1753e+013	5.2500e-015
8.100e-001	9.0668e-007	-1.1866e+013	-1.1810e+013	1.1810e+013	5.2500e-015
8.200e-001	9.0698e-007	-1.1923e+013	-1.1866e+013	1.1866e+013	5.2500e-015
8.300e-001	9.0728e-007	-1.1980e+013	-1.1923e+013	1.1923e+013	5.2500e-015
8.400e-001	9.0758e-007	-1.2036e+013	-1.1980e+013	1.1980e+013	5.2500e-015
8.500e-001	9.0787e-007	-1.2093e+013	-1.2036e+013	1.2036e+013	5.2500e-015
8.600e-001	9.0816e-007	-1.2150e+013	-1.2093e+013	1.2093e+013	5.2500e-015
8.700e-001	9.0845e-007	-1.2206e+013	-1.2150e+013	1.2150e+013	5.2500e-015
8.800e-001	9.0874e-007	-1.2263e+013	-1.2206e+013	1.2206e+013	5.2500e-015
8.900e-001	9.0902e-007	-1.2320e+013	-1.2263e+013	1.2263e+013	5.2500e-015
9.000e-001	9.0930e-007	-1.2377e+013	-1.2320e+013	1.2320e+013	5.2500e-015
9.100e-001	9.0957e-007	-1.2433e+013	-1.2377e+013	1.2377e+013	5.2500e-015
9.200e-001	9.0984e-007	-1.2490e+013	-1.2433e+013	1.2433e+013	5.2500e-015
9.300e-001	9.1011e-007	-1.2547e+013	-1.2490e+013	1.2490e+013	5.2500e-015
9.400e-001	9.1038e-007	-1.2604e+013	-1.2547e+013	1.2547e+013	5.2500e-015
9.500e-001	9.1064e-007	-1.2661e+013	-1.2604e+013	1.2604e+013	5.2500e-015
9.600e-001	9.1090e-007	-1.2717e+013	-1.2661e+013	1.2661e+013	5.2500e-015
9.700e-001	9.1116e-007	-1.2774e+013	-1.2717e+013	1.2717e+013	5.2500e-015
9.800e-001	9.1142e-007	-1.2831e+013	-1.2774e+013	1.2774e+013	5.2500e-015
9.900e-001	9.1167e-007	-1.2888e+013	-1.2831e+013	1.2831e+013	5.2500e-015
1.000e+000	9.1192e-007	-1.2945e+013	-1.2888e+013	1.2888e+013	5.2500e-015
1.010e+000	9.1217e-007	-1.3002e+013	-1.2945e+013	1.2945e+013	5.2500e-015
1.020e+000	9.1242e-007	-1.3059e+013	-1.3002e+013	1.3002e+013	5.2500e-015
1.030e+000	9.1266e-007	-1.3116e+013	-1.3059e+013	1.3059e+013	5.2500e-015
1.040e+000	9.1290e-007	-1.3173e+013	-1.3116e+013	1.3116e+013	5.2500e-015
1.050e+000	9.1314e-007	-1.3230e+013	-1.3173e+013	1.3173e+013	5.2500e-015
1.060e+000	9.1338e-007	-1.3287e+013	-1.3230e+013	1.3230e+013	5.2500e-015
1.070e+000	9.1361e-007	-1.3344e+013	-1.3287e+013	1.3287e+013	5.2500e-015
1.080e+000	9.1385e-007	-1.3401e+013	-1.3344e+013	1.3344e+013	5.2500e-015
1.090e+000	9.1408e-007	-1.3458e+013	-1.3401e+013	1.3401e+013	5.2500e-015
1.100e+000	9.1431e-007	-1.3515e+013	-1.3458e+013	1.3458e+013	5.2500e-015
1.110e+000	9.1454e-007	-1.3572e+013	-1.3515e+013	1.3515e+013	5.2500e-015
1.120e+000	9.1477e-007	-1.3629e+013	-1.3572e+013	1.3572e+013	5.2500e-015
1.130e+000	9.1500e-007	-1.3686e+013	-1.3629e+013	1.3629e+013	5.2500e-015
1.140e+000	9.1524e-007	-1.3743e+013	-1.3686e+013	1.3686e+013	5.2500e-015
1.150e+000	9.1547e-007	-1.3801e+013	-1.3743e+013	1.3743e+013	5.2500e-015
1.160e+000	9.1571e-007	-1.3858e+013	-1.3801e+013	1.3801e+013	5.2500e-015
1.170e+000	9.1596e-007	-1.3915e+013	-1.3858e+013	1.3858e+013	5.2500e-015
1.180e+000	9.1622e-007	-1.3972e+013	-1.3915e+013	1.3915e+013	5.2500e-015
1.190e+000	9.1649e-007	-1.4029e+013	-1.3972e+013	1.3972e+013	5.2500e-015
1.200e+000	9.1678e-007	-1.4087e+013	-1.4029e+013	1.4029e+013	5.2500e-015
1.210e+000	9.1710e-007	-1.4144e+013	-1.4087e+013	1.4086e+013	5.2500e-015
1.220e+000	9.1746e-007	-1.4201e+013	-1.4144e+013	1.4144e+013	5.2500e-015
1.230e+000	9.1788e-007	-1.4258e+013	-1.4201e+013	1.4201e+013	5.2500e-015
1.240e+000	9.1837e-007	-1.4316e+013	-1.4258e+013	1.4258e+013	5.2500e-015
1.250e+000	9.1896e-007	-1.4373e+013	-1.4316e+013	1.4316e+013	5.2500e-015
1.260e+000	9.1971e-007	-1.4430e+013	-1.4373e+013	1.4373e+013	5.2500e-015
1.270e+000	9.2065e-007	-1.4488e+013	-1.4430e+013	1.4430e+013	5.2500e-015
1.280e+000	9.2187e-007	-1.4545e+013	-1.4488e+013	1.4488e+013	5.2500e-015
1.290e+000	9.2348e-007	-1.4603e+013	-1.4545e+013	1.4545e+013	5.2500e-015
1.300e+000	9.2561e-007	-1.4661e+013	-1.4603e+013	1.4603e+013	5.2500e-015
1.310e+000	9.2849e-007	-1.4719e+013	-1.4661e+013	1.4661e+013	5.2500e-015
1.320e+000	9.3237e-007	-1.4777e+013	-1.4719e+013	1.4719e+013	5.2500e-015
1.330e+000	9.3766e-007	-1.4835e+013	-1.4777e+013	1.4777e+013	5.2500e-015
1.340e+000	9.4489e-007	-1.4894e+013	-1.4835e+013	1.4835e+013	5.2500e-015
1.350e+000	9.5407e-007	-1.4954e+013	-1.4894e+013	1.4894e+013	5.2500e-015
1.360e+000	9.6766e-007	-1.5014e+013	-1.4954e+013	1.4954e+013	5.2500e-015
1.370e+000	9.8521e-007	-1.5076e+013	-1.5014e+013	1.5014e+013	5.2500e-015
1.380e+000	1.0095e-006	-1.5139e+013	-1.5076e+013	1.5076e+013	5.2500e-015
1.390e+000	1.0415e-006	-1.5204e+013	-1.5139e+013	1.5139e+013	5.2500e-015
1.400e+000	1.0838e-006	-1.5272e+013	-1.5204e+013	1.5204e+013	5.2500e-015
1.410e+000	1.1381e-006	-1.5343e+013	-1.5272e+013	1.5272e+013	5.2500e-015
1.420e+000	1.2075e-006	-1.5418e+013	-1.5343e+013	1.5343e+013	5.2500e-015
1.430e+000	1.2928e-006	-1.5499e+013	-1.5418e+013	1.5418e+013	5.2500e-015
1.440e+000	1.3945e-006	-1.5586e+013	-1.5499e+013	1.5499e+013	5.2500e-015
1.450e+000	1.5116e-006	-1.5680e+013	-1.5586e+013	1.5586e+013	5.2500e-015
1.460e+000	1.6413e-006	-1.5782e+013	-1.5680e+013	1.5680e+013	5.2500e-015
1.470e+000	1.7804e-006	-1.5894e+013	-1.5782e+013	1.5782e+013	5.2500e-015
1.480e+000	1.9240e-006	-1.6014e+013	-1.5894e+013	1.5894e+013	5.2500e-015
1.490e+000	2.0680e-006	-1.6143e+013	-1.6014e+013	1.6014e+013	5.2500e-015
1.500e+000	2.2090e-006	-1.6281e+013	-1.6143e+013	1.6143e+013	5.2500e-015
1.510e+000	2.3444e-006	-1.6427e+013	-1.6281e+013	1.6281e+013	5.2500e-015
1.520e+000	2.4726e-006	-1.6581e+013	-1.6427e+013	1.6427e+013	5.2500e-015
1.530e+000	2.5929e-006	-1.6743e+013	-1.6581e+013	1.6581e+013	5.2500e-015
1.540e+000	2.7051e-006	-1.6912e+013	-1.6743e+013	1.6743e+013	5.2500e-015
1.550e+000	2.8094e-006	-1.7087e+013	-1.6912e+013	1.6912e+013	5.2500e-015
1.560e+000	2.9061e-006	-1.7269e+013	-1.7087e+013	1.7087e+013	5.2500e-015
1.570e+000	2.9958e-006	-1.7456e+013	-1.7269e+013	1.7269e+013	5.2500e-015
1.580e+000	3.0794e-006	-1.7648e+013	-1.7456e+013	1.7456e+013	5.2500e-015
1.590e+000	3.1571e-006	-1.7845e+013	-1.7648e+013	1.7648e+013	5.2500e-015
1.600e+000	3.2297e-006	-1.8047e+013	-1.7845e+013	1.7845e+013	5.2500e-015
1.610e+000	3.2976e-006	-1.8252e+013	-1.8047e+013	1.8046e+013	5.2500e-015
1.620e+000	3.3613e-006	-1.8462e+013	-1.8252e+013	1.8252e+013	5.2500e-015
1.630e+000	3.4213e-006	-1.8676e+013	-1.8462e+013	1.8462e+013	5.2500e-015
1.640e+000	3.4779e-006	-1.8893e+013	-1.8676e+013	1.8676e+013	5.2500e-015
1.650e+000	3.5315e-006	-1.9113e+013	-1.8893e+013	1.8893e+013	5.2500e-015
1.660e+000	3.5824e-006	-1.9337e+013	-1.9113e+013	1.9113e+013	5.2500e-015
1.670e+000	3.6308e-006	-1.9563e+013	-1.9337e+013	1.9337e+013	5.2500e-015
1.680e+000	3.6769e-006	-1.9793e+013	-1.9563e+013	1.9563e+013	5.2500e-015
1.690e+000	3.7210e-006	-2.0025e+013	-1.9793e+013	1.9793e+013	5.2500e-015
1.700e+000	3.7633e-006	-2.0260e+013	-2.0025e+013	2.0025e+013	5.2500e-015
1.710e+000	3.8038e-006	-2.0497e+013	-2.0260e+013	2.0260e+013	5.2500e-015
1.720e+000	3.8427e-006	-2.0737e+013	-2.0497e+013	2.0497e+013	5.2500e-015
1.730e+000	3.8772e-006	-2.0979e+013	-2.0737e+013	2.0737e+013	5.2500e-015
1.740e+000	3.8708e-006	-2.1221e+013	-2.0979e+013	2.0979e+013	5.2500e-015
1.750e+000	3.9001e-006	-2.1464e+013	-2.1221e+013	2.1221e+013	5.2500e-015
1.760e+000	3.9282e-006	-2.1709e+013	-2.1464e+013	2.1464e+013	5.2500e-015
1.770e+000	3.9551e-006	-2.1956e+013	-2.1709e+013	2.1709e+013	5.2500e-015
1.780e+000	3.9811e-006	-2.2205e+013	-2.1956e+013	2.1956e+013	5.2500e-015
1.790e+000	4.0061e-006	-2.2455e+013	-2.2205e+013	2.2205e+013	5.2500e-015
1.800e+000	4.0302e-006	-2.2706e+013	-2.2455e+013	2.2455e+013	5.2500e-015
1.810e+000	4.0534e-006	-2.2959e+013	-2.2706e+013	2.2706e+013	5.2500e-015
1.820e+000	4.0759e-006	-2.3214e+013	-2.2959e+013	2.2959e+013	5.2500e-015
1.830e+000	4.0977e-006	-2.3470e+013	-2.3214e+013	2.3214e+013	5.2500e-015
1.840e+000	4.1187e-006	-2.3727e+013	-2.3470e+013	2.3469e+013	5.2500e-015
1.850e+000	4.1391e-006	-2.3985e+013	-2.3727e+013	2.3727e+013	5.2500e-015
1.860e+000	4.1589e-006	-2.4244e+013	-2.3985e+013	2.3985e+013	5.2500e-015
1.870e+000	4.1782e-006	-2.4505e+013	-2.4244e+013	2.4244e+013	5.2500e-015
1.880e+000	4.1968e-006	-2.4767e+013	-2.4505e+013	2.4505e+013	5.2500e-015
1.890e+000	4.2150e-006	-2.5030e+013	-2.4767e+013	2.4767e+013	5.2500e-015
1.900e+000	4.2327e-006	-2.5294e+013	-2.5030e+013	2.5030e+013	5.2500e-015
1.910e+000	4.2499e-006	-2.5560e+013	-2.5294e+013	2.5294e+013	5.2500e-015
1.920e+000	4.2667e-006	-2.5826e+013	-2.5560e+013	2.5560e+013	5.2500e-015
1.930e+000	4.2830e-006	-2.6093e+013	-2.5826e+013	2.5826e+013	5.2500e-015
1.940e+000	4.2990e-006	-2.6362e+013	-2.6093e+013	2.6093e+013	5.2500e-015
1.950e+000	4.3146e-006	-2.6631e+013	-2.6362e+013	2.6362e+013	5.2500e-015
1.960e+000	4.3298e-006	-2.6901e+013	-2.6631e+013	2.6631e+013	5.2500e-015
1.970e+000	4.3447e-006	-2.7172e+013	-2.6901e+013	2.6901e+013	5.2500e-015
1.980e+000	4.3592e-006	-2.7444e+013	-2.7172e+013	2.7172e+013	5.2500e-015
1.990e+000	4.3735e-006	-2.7717e+013	-2.7444e+013	2.7444e+013	5.2500e-015
2.000e+000	4.3874e-006	-2.7991e+013	-2.7717e+013	2.7717e+013	5.2500e-015
2.010e+000	4.4010e-006	-2.8266e+013	-2.7991e+013	2.7991e+013	5.2500e-015
2.020e+000	4.4085e-006	-2.8541e+013	-2.8266e+013	2.8266e+013	5.2500e-015
2.030e+000	4.4175e-006	-2.8817e+013	-2.8541e+013	2.8541e+013	5.2500e-015
2.040e+000	4.4299e-006	-2.9093e+013	-2.8817e+013	2.8817e+013	5.2500e-015
2.050e+000	4.4420e-006	-2.9371e+013	-2.9093e+013	2.9093e+013	5.2500e-015
2.060e+000	4.4538e-006	-2.9649e+013	-2.9371e+013	2.9371e+013	5.2500e-015
2.070e+000	4.4655e-006	-2.9927e+013	-2.9649e+013	2.9649e+013	5.2500e-015
2.080e+000	4.4769e-006	-3.0207e+013	-2.9927e+013	2.9927e+013	5.2500e-015
2.090e+000	4.4881e-006	-3.0487e+013	-3.0207e+013	3.0207e+013	5.2500e-015
2.100e+000	4.4991e-006	-3.0768e+013	-3.0487e+013	3.0487e+013	5.2500e-015
2.110e+000	4.5100e-006	-3.1049e+013	-3.0768e+013	3.0768e+013	5.2500e-015
2.120e+000	4.5206e-006	-3.1331e+013	-3.1049e+013	3.1049e+013	5.2500e-015
2.130e+000	4.5311e-006	-3.1614e+013	-3.1331e+013	3.1331e+013	5.2500e-015
2.140e+000	4.5414e-006	-3.1898e+013	-3.1614e+013	3.1614e+013	5.2500e-015
2.150e+000	4.5515e-006	-3.2182e+013	-3.1898e+013	3.1898e+013	5.2500e-015
2.160e+000	4.5614e-006	-3.2466e+013	-3.2182e+013	3.2182e+013	5.2500e-015
2.170e+000	4.5712e-006	-3.2752e+013	-3.2466e+013	3.2466e+013	5.2500e-015
2.180e+000	4.5808e-006	-3.3038e+013	-3.2752e+013	3.2752e+013	5.2500e-015
2.190e+000	4.5903e-006	-3.3324e+013	-3.3038e+013	3.3038e+013	5.2500e-015
2.200e+000	4.5997e-006	-3.3611e+013	-3.3324e+013	3.3324e+013	5.2500e-015
2.210e+000	4.6089e-006	-3.3899e+013	-3.3611e+013	3.3611e+013	5.2500e-015
2.220e+000	4.6179e-006	-3.4187e+013	-3.3899e+013	3.3899e+013	5.2500e-015
2.230e+000	4.6269e-006	-3.4476e+013	-3.4187e+013	3.4187e+013	5.2500e-015
2.240e+000	4.6357e-006	-3.4765e+013	-3.4476e+013	3.4476e+013	5.2500e-015
2.250e+000	4.6444e-006	-3.5055e+013	-3.4765e+013	3.4765e+013	5.2500e-015
2.260e+000	4.6529e-006	-3.5345e+013	-3.5055e+013	3.5055e+013	5.2500e-015
2.270e+000	4.6614e-006	-3.5636e+013	-3.5345e+013	3.5345e+013	5.2500e-015
2.280e+000	4.6697e-006	-3.5928e+013	-3.5636e+013	3.5636e+013	5.2500e-015
2.290e+000	4.6779e-006	-3.6220e+013	-3.5928e+013	3.5928e+013	5.2500e-015
2.300e+000	4.6860e-006	-3.6512e+013	-3.6220e+013	3.6220e+013	5.2500e-015
2.310e+000	4.6940e-006	-3.6805e+013	-3.6512e+013	3.6512e+013	5.2500e-015
2.320e+000	4.7019e-006	-3.7099e+013	-3.6805e+013	3.6805e+013	5.2500e-015
2.330e+000	4.7097e-006	-3.7393e+013	-3.7099e+013	3.7099e+013	5.2500e-015
2.340e+000	4.7174e-006	-3.7687e+013	-3.7393e+013	3.7393e+013	5.2500e-015
2.350e+000	4.7250e-006	-3.7982e+013	-3.7687e+013	3.7687e+013	5.2500e-015
2.360e+000	4.7325e-006	-3.8277e+013	-3.7982e+013	3.7982e+013	5.2500e-015
2.370e+000	4.7399e-006	-3.8573e+013	-3.8277e+013	3.8277e+013	5.2500e-015
2.380e+000	4.7472e-006	-3.8870e+013	-3.8573e+013	3.8573e+013	5.2500e-015
2.390e+000	4.7545e-006	-3.9166e+013	-3.8870e+013	3.8870e+013	5.2500e-015
2.400e+000	4.7616e-006	-3.9464e+013	-3.9166e+013	3.9166e+013	5.2500e-015
2.410e+000	4.7687e-006	-3.9761e+013	-3.9464e+013	3.9463e+013	5.2500e-015
2.420e+000	4.7757e-006	-4.0059e+013	-3.9761e+013	3.9761e+013	5.2500e-015
2.430e+000	4.7826e-006	-4.0358e+013	-4.0059e+013	4.0059e+013	5.2500e-015
2.440e+000	4.7894e-006	-4.0657e+013	-4.0358e+013	4.0358e+013	5.2500e-015
2.450e+000	4.7962e-006	-4.0956e+013	-4.0657e+013	4.0657e+013	5.2500e-015
2.460e+000	4.8029e-006	-4.1256e+013	-4.0956e+013	4.0956e+013	5.2500e-015
2.470e+000	4.8095e-006	-4.1556e+013	-4.1256e+013	4.1256e+013	5.2500e-015
2.480e+000	4.8160e-006	-4.1857e+013	-4.1556e+013	4.1556e+013	5.2500e-015
2.490e+000	4.8225e-006	-4.2158e+013	-4.1857e+013	4.1857e+013	5.2500e-015
2.500e+000	4.8289e-006	-4.2459e+013	-4.2158e+013	4.2158e+013	5.2500e-015
2.510e+000	4.8352e-006	-4.2761e+013	-4.2459e+013	4.2459e+013	5.2500e-015
2.520e+000	4.8415e-006	-4.3063e+013	-4.2761e+013	4.2761e+013	5.2500e-015
2.530e+000	4.8477e-006	-4.3365e+013	-4.3063e+013	4.3063e+013	5.2500e-015
2.540e+000	4.8538e-006	-4.3668e+013	-4.3365e+013	4.3365e+013	5.2500e-015
2.550e+000	4.8599e-006	-4.3972e+013	-4.3668e+013	4.3668e+013	5.2500e-015
2.560e+000	4.8659e-006	-4.4275e+013	-4.3972e+013	4.3972e+013	5.2500e-015
2.570e+000	4.8719e-006	-4.4580e+013	-4.4275e+013	4.4275e+013	5.2500e-015
2.580e+000	4.8778e-006	-4.4884e+013	-4.4580e+013	4.4580e+013	5.2500e-015
2.590e+000	4.8836e-006	-4.5189e+013	-4.4884e+013	4.4884e+013	5.2500e-015
2.600e+000	4.8894e-006	-4.5494e+013	-4.5189e+013	4.5189e+013	5.2500e-015
2.610e+000	4.8952e-006	-4.5800e+013	-4.5494e+013	4.5494e+013	5.2500e-015
2.620e+000	4.9008e-006	-4.6105e+013	-4.5800e+013	4.5799e+013	5.2500e-015
2.630e+000	4.9065e-006	-4.6412e+013	-4.6105e+013	4.6105e+013	5.2500e-015
2.640e+000	4.9120e-006	-4.6718e+013	-4.6412e+013	4.6412e+013	5.2500e-015
2.650e+000	4.9176e-006	-4.7025e+013	-4.6718e+013	4.6718e+013	5.2500e-015
2.660e+000	4.9230e-006	-4.7332e+013	-4.7025e+013	4.7025e+013	5.2500e-015
2.670e+000	4.9285e-006	-4.7640e+013	-4.7332e+013	4.7332e+013	5.2500e-015
2.680e+000	4.9338e-006	-4.7948e+013	-4.7640e+013	4.7640e+013	5.2500e-015
2.690e+000	4.9392e-006	-4.8256e+013	-4.7948e+013	4.7948e+013	5.2500e-015
2.700e+000	4.9444e-006	-4.8565e+013	-4.8256e+013	4.8256e+013	5.2500e-015
2.710e+000	4.9481e-006	-4.8874e+013	-4.8565e+013	4.8565e+013	5.2500e-015
2.720e+000	4.9533e-006	-4.9183e+013	-4.8874e+013	4.8874e+013	5.2500e-015
2.730e+000	4.9584e-006	-4.9492e+013	-4.9183e+013	4.9183e+013	5.2500e-015
2.740e+000	4.9635e-006	-4.9802e+013	-4.9492e+013	4.9492e+013	5.2500e-015
2.750e+000	4.9685e-006	-5.0112e+013	-4.9802e+013	4.9802e+013	5.2500e-015
2.760e+000	4.9735e-006	-5.0423e+013	-5.0112e+013	5.0112e+013	5.2500e-015
2.770e+000	4.9784e-006	-5.0733e+013	-5.0423e+013	5.0423e+013	5.2500e-015
2.780e+000	4.9834e-006	-5.1044e+013	-5.0733e+013	5.0733e+013	5.2500e-015
2.790e+000	4.9882e-006	-5.1356e+013	-5.1044e+013	5.1044e+013	5.2500e-015
2.800e+000	4.9931e-006	-5.1667e+013	-5.1356e+013	5.1356e+013	5.2500e-015
2.810e+000	4.9978e-006	-5.1979e+013	-5.1667e+013	5.1667e+013	5.2500e-015
2.820e+000	5.0026e-006	-5.2292e+013	-5.1979e+013	5.1979e+013	5.2500e-015
2.830e+000	5.0073e-006	-5.2604e+013	-5.2292e+013	5.2292e+013	5.2500e-015
2.840e+000	5.0120e-006	-5.2917e+013	-5.2604e+013	5.2604e+013	5.2500e-015
2.850e+000	5.0166e-006	-5.3230e+013	-5.2917e+013	5.2917e+013	5.2500e-015
2.860e+000	5.0212e-006	-5.3543e+013	-5.3230e+013	5.3230e+013	5.2500e-015
2.870e+000	5.0258e-006	-5.3857e+013	-5.3543e+013	5.3543e+013	5.2500e-015
2.880e+000	5.0304e-006	-5.4171e+013	-5.3857e+013	5.3857e+013	5.2500e-015
2.890e+000	5.0349e-006	-5.4485e+013	-5.4171e+013	5.4171e+013	5.2500e-015
2.900e+000	5.0393e-006	-5.4800e+013	-5.4485e+013	5.4485e+013	5.2500e-015
2.910e+000	5.0438e-006	-5.5115e+013	-5.4800e+013	5.4800e+013	5.2500e-015
2.920e+000	5.0482e-006	-5.5430e+013	-5.5115e+013	5.5115e+013	5.2500e-015
2.930e+000	5.0525e-006	-5.5745e+013	-5.5430e+013	5.5430e+013	5.2500e-015
2.940e+000	5.0569e-006	-5.6061e+013	-5.5745e+013	5.5745e+013	5.2500e-015
2.950e+000	5.0612e-006	-5.6377e+013	-5.6061e+013	5.6061e+013	5.2500e-015
2.960e+000	5.0655e-006	-5.6693e+013	-5.6377e+013	5.6377e+013	5.2500e-015
2.970e+000	5.0697e-006	-5.7009e+013	-5.6693e+013	5.6693e+013	5.2500e-015
2.980e+000	5.0739e-006	-5.7326e+013	-5.7009e+013	5.7009e+013	5.2500e-015
2.990e+000	5.0781e-006	-5.7643e+013	-5.7326e+013	5.7326e+013	5.2500e-015
3.000e+000	5.0823e-006	-5.7960e+013	-5.7643e+013	5.7643e+013	5.2500e-015
3.010e+000	5.0864e-006	-5.8278e+013	-5.7960e+013	5.7960e+013	5.2500e-015
3.020e+000	5.0905e-006	-5.8595e+013	-5.8278e+013	5.8278e+013	5.2500e-015
3.030e+000	5.0946e-006	-5.8913e+013	-5.8595e+013	5.8595e+013	5.2500e-015
3.040e+000	5.0986e-006	-5.9231e+013	-5.8913e+013	5.8913e+013	5.2500e-015
3.050e+000	5.1026e-006	-5.9550e+013	-5.9231e+013	5.9231e+013	5.2500e-015
3.060e+000	5.1066e-006	-5.9869e+013	-5.9550e+013	5.9550e+013	5.2500e-015
3.070e+000	5.1106e-006	-6.0188e+013	-5.9869e+013	5.9869e+013	5.2500e-015
3.080e+000	5.1145e-006	-6.0507e+013	-6.0188e+013	6.0188e+013	5.2500e-015
3.090e+000	5.1184e-006	-6.0826e+013	-6.0507e+013	6.0507e+013	5.2500e-015
3.100e+000	5.1223e-006	-6.1146e+013	-6.0826e+013	6.0826e+013	5.2500e-015
3.110e+000	5.1261e-006	-6.1466e+013	-6.1146e+013	6.1146e+013	5.2500e-015
3.120e+000	5.1300e-006	-6.1786e+013	-6.1466e+013	6.1466e+013	5.2500e-015
3.130e+000	5.1338e-006	-6.2107e+013	-6.1786e+013	6.1786e+013	5.2500e-015
3.140e+000	5.1376e-006	-6.2427e+013	-6.2107e+013	6.2107e+013	5.2500e-015
3.150e+000	5.1413e-006	-6.2748e+013	-6.2427e+013	6.2427e+013	5.2500e-015
3.160e+000	5.1451e-006	-6.3069e+013	-6.2748e+013	6.2748e+013	5.2500e-015
3.170e+000	5.1488e-006	-6.3391e+013	-6.3069e+013	6.3069e+013	5.2500e-015
3.180e+000	5.1525e-006	-6.3712e+013	-6.3391e+013	6.3391e+013	5.2500e-015
3.190e+000	5.1561e-006	-6.4034e+013	-6.3712e+013	6.3712e+013	5.2500e-015
3.200e+000	5.1598e-006	-6.4356e+013	-6.4034e+013	6.4034e+013	5.2500e-015
3.210e+000	5.1634e-006	-6.4678e+013	-6.4356e+013	6.4356e+013	5.2500e-015
3.220e+000	5.1670e-006	-6.5001e+013	-6.4678e+013	6.4678e+013	5.2500e-015
3.230e+000	5.1706e-006	-6.5324e+013	-6.5001e+013	6.5001e+013	5.2500e-015
3.240e+000	5.1741e-006	-6.5647e+013	-6.5324e+013	6.5324e+013	5.2500e-015
3.250e+000	5.1776e-006	-6.5970e+013	-6.5647e+013	6.5646e+013	5.2500e-015
3.260e+000	5.1812e-006	-6.6293e+013	-6.5970e+013	6.5970e+013	5.2500e-015
3.270e+000	5.1847e-006	-6.6617e+013	-6.6293e+013	6.6293e+013	5.2500e-015
3.280e+000	5.1881e-006	-6.6940e+013	-6.6617e+013	6.6617e+013	5.2500e-015
3.290e+000	5.1916e-006	-6.7265e+013	-6.6940e+013	6.6940e+013	5.2500e-015
3.300e+000	5.1950e-006	-6.7589e+013	-6.7265e+013	6.7264e+013	5.2500e-015
3.310e+000	5.1984e-006	-6.7913e+013	-6.7589e+013	6.7589e+013	5.2500e-015
3.320e+000	5.2018e-006	-6.8238e+013	-6.7913e+013	6.7913e+013	5.2500e-015
3.330e+000	5.2052e-006	-6.8563e+013	-6.8238e+013	6.8238e+013	5.2500e-015
3.340e+000	5.2085e-006	-6.8888e+013	-6.8563e+013	6.8563e+013	5.2500e-015
3.350e+000	5.2118e-006	-6.9213e+013	-6.8888e+013	6.8888e+013	5.2500e-015
3.360e+000	5.2152e-006	-6.9539e+013	-6.9213e+013	6.9213e+013	5.2500e-015
3.370e+000	5.2185e-006	-6.9864e+013	-6.9539e+013	6.9539e+013	5.2500e-015
3.380e+000	5.2217e-006	-7.0190e+013	-6.9864e+013	6.9864e+013	5.2500e-015
3.390e+000	5.2250e-006	-7.0516e+013	-7.0190e+013	7.0190e+013	5.2500e-015
3.400e+000	5.2282e-006	-7.0843e+013	-7.0516e+013	7.0516e+013	5.2500e-015
3.410e+000	5.2314e-006	-7.1169e+013	-7.0843e+013	7.0843e+013	5.2500e-015
3.420e+000	5.2347e-006	-7.1496e+013	-7.1169e+013	7.1169e+013	5.2500e-015
3.430e+000	5.2378e-006	-7.1823e+013	-7.1496e+013	7.1496e+013	5.2500e-015
3.440e+000	5.2410e-006	-7.2150e+013	-7.1823e+013	7.1823e+013	5.2500e-015
3.450e+000	5.2442e-006	-7.2477e+013	-7.2150e+013	7.2150e+013	5.2500e-015
3.460e+000	5.2473e-006	-7.2805e+013	-7.2477e+013	7.2477e+013	5.2500e-015
3.470e+000	5.2504e-006	-7.3133e+013	-7.2805e+013	7.2805e+013	5.2500e-015
3.480e+000	5.2535e-006	-7.3460e+013	-7.3133e+013	7.3133e+013	5.2500e-015
3.490e+000	5.2566e-006	-7.3789e+013	-7.3460e+013	7.3460e+013	5.2500e-015
3.500e+000	5.2597e-006	-7.4117e+013	-7.3789e+013	7.3788e+013	5.2500e-015
3.510e+000	5.2627e-006	-7.4445e+013	-7.4117e+013	7.4117e+013	5.2500e-015
3.520e+000	5.2657e-006	-7.4774e+013	-7.4445e+013	7.4445e+013	5.2500e-015
3.530e+000	5.2688e-006	-7.5103e+013	-7.4774e+013	7.4774e+013	5.2500e-015
3.540e+000	5.2718e-006	-7.5432e+013	-7.5103e+013	7.5103e+013	5.2500e-015
3.550e+000	5.2748e-006	-7.5761e+013	-7.5432e+013	7.5432e+013	5.2500e-015
3.560e+000	5.2777e-006	-7.6090e+013	-7.5761e+013	7.5761e+013	5.2500e-015
3.570e+000	5.2807e-006	-7.6420e+013	-7.6090e+013	7.6090e+013	5.2500e-015
3.580e+000	5.2836e-006	-7.6750e+013	-7.6420e+013	7.6420e+013	5.2500e-015
3.590e+000	5.2866e-006	-7.7080e+013	-7.6750e+013	7.6750e+013	5.2500e-015
3.600e+000	5.2895e-006	-7.7410e+013	-7.7080e+013	7.7080e+013	5.2500e-015
3.610e+000	5.2924e-006	-7.7740e+013	-7.7410e+013	7.7410e+013	5.2500e-015
3.620e+000	5.2953e-006	-7.8071e+013	-7.7740e+013	7.7740e+013	5.2500e-015
3.630e+000	5.2981e-006	-7.8401e+013	-7.8071e+013	7.8071e+013	5.2500e-015
3.640e+000	5.3010e-006	-7.8732e+013	-7.8401e+013	7.8401e+013	5.2500e-015
3.650e+000	5.3038e-006	-7.9063e+013	-7.8732e+013	7.8732e+013	5.2500e-015
3.660e+000	5.3066e-006	-7.9395e+013	-7.9063e+013	7.9063e+013	5.2500e-015
3.670e+000	5.3095e-006	-7.9726e+013	-7.9395e+013	7.9395e+013	5.2500e-015
3.680e+000	5.3123e-006	-8.0058e+013	-7.9726e+013	7.9726e+013	5.2500e-015
3.690e+000	5.3150e-006	-8.0389e+013	-8.0058e+013	8.0057e+013	5.2500e-015
3.700e+000	5.3178e-006	-8.0721e+013	-8.0389e+013	8.0389e+013	5.2500e-015
3.710e+000	5.3206e-006	-8.1053e+013	-8.0721e+013	8.0721e+013	5.2500e-015
3.720e+000	5.3233e-006	-8.1386e+013	-8.1053e+013	8.1053e+013	5.2500e-015
3.730e+000	5.3261e-006	-8.1718e+013	-8.1386e+013	8.1385e+013	5.2500e-015
3.740e+000	5.3288e-006	-8.2051e+013	-8.1718e+013	8.1718e+013	5.2500e-015
3.750e+000	5.3315e-006	-8.2383e+013	-8.2051e+013	8.2050e+013	5.2500e-015
3.760e+000	5.3342e-006	-8.2716e+013	-8.2383e+013	8.2383e+013	5.2500e-015
3.770e+000	5.3369e-006	-8.3049e+013	-8.2716e+013	8.2716e+013	5.2500e-015
3.780e+000	5.3395e-006	-8.3383e+013	-8.3049e+013	8.3049e+013	5.2500e-015
3.790e+000	5.3422e-006	-8.3716e+013	-8.3383e+013	8.3383e+013	5.2500e-015
3.800e+000	5.3448e-006	-8.4050e+013	-8.3716e+013	8.3716e+013	5.2500e-015
3.810e+000	5.3475e-006	-8.4383e+013	-8.4050e+013	8.4050e+013	5.2500e-015
3.820e+000	5.3501e-006	-8.4717e+013	-8.4383e+013	8.4383e+013	5.2500e-015
3.830e+000	5.3527e-006	-8.5051e+013	-8.4717e+013	8.4717e+013	5.2500e-015
3.840e+000	5.3553e-006	-8.5386e+013	-8.5051e+013	8.5051e+013	5.2500e-015
3.850e+000	5.3579e-006	-8.5720e+013	-8.5386e+013	8.5386e+013	5.2500e-015
3.860e+000	5.3605e-006	-8.6055e+013	-8.5720e+013	8.5720e+013	5.2500e-015
3.870e+000	5.3630e-006	-8.6389e+013	-8.6055e+013	8.6055e+013	5.2500e-015
3.880e+000	5.3656e-006	-8.6724e+013	-8.6389e+013	8.6389e+013	5.2500e-015
3.890e+000	5.3681e-006	-8.7059e+013	-8.6724e+013	8.6724e+013	5.2500e-015
3.900e+000	5.3706e-006	-8.7395e+013	-8.7059e+013	8.7059e+013	5.2500e-015
3.910e+000	5.3731e-006	-8.7730e+013	-8.7395e+013	8.7394e+013	5.2500e-015
3.920e+000	5.3757e-006	-8.8065e+013	-8.7730e+013	8.7730e+013	5.2500e-015
3.930e+000	5.3781e-006	-8.8401e+013	-8.8065e+013	8.8065e+013	5.2500e-015
3.940e+000	5.3806e-006	-8.8737e+013	-8.8401e+013	8.8401e+013	5.2500e-015
3.950e+000	5.3831e-006	-8.9073e+013	-8.8737e+013	8.8737e+013	5.2500e-015
3.960e+000	5.3856e-006	-8.9409e+013	-8.9073e+013	8.9073e+013	5.2500e-015
3.970e+000	5.3880e-006	-8.9745e+013	-8.9409e+013	8.9409e+013	5.2500e-015
3.980e+000	5.3905e-006	-9.0082e+013	-8.9745e+013	8.9745e+013	5.2500e-015
3.990e+000	5.3929e-006	-9.0418e+013	-9.0082e+013	9.0082e+013	5.2500e-015
4.000e+000	5.3953e-006	-9.0755e+013	-9.0418e+013	9.0418e+013	5.2500e-015
4.010e+000	5.3977e-006	-9.1092e+013	-9.0755e+013	9.0755e+013	5.2500e-015
4.020e+000	5.4001e-006	-9.1429e+013	-9.1092e+013	9.1092e+013	5.2500e-015
4.030e+000	5.4025e-006	-9.1766e+013	-9.1429e+013	9.1429e+013	5.2500e-015
4.040e+000	5.4049e-006	-9.2104e+013	-9.1766e+013	9.1766e+013	5.2500e-015
4.050e+000	5.4073e-006	-9.2441e+013	-9.2104e+013	9.2104e+013	5.2500e-015
4.060e+000	5.4096e-006	-9.2779e+013	-9.2441e+013	9.2441e+013	5.2500e-015
4.070e+000	5.4120e-006	-9.3117e+013	-9.2779e+013	9.2779e+013	5.2500e-015
4.080e+000	5.4143e-006	-9.3454e+013	-9.3117e+013	9.3116e+013	5.2500e-015
4.090e+000	5.4166e-006	-9.3793e+013	-9.3454e+013	9.3454e+013	5.2500e-015
4.100e+000	5.4190e-006	-9.4131e+013	-9.3793e+013	9.3792e+013	5.2500e-015
4.110e+000	5.4213e-006	-9.4469e+013	-9.4131e+013	9.4131e+013	5.2500e-015
4.120e+000	5.4236e-006	-9.4808e+013	-9.4469e+013	9.4469e+013	5.2500e-015
4.130e+000	5.4259e-006	-9.5146e+013	-9.4808e+013	9.4808e+013	5.2500e-015
4.140e+000	5.4281e-006	-9.5485e+013	-9.5146e+013	9.5146e+013	5.2500e-015
4.150e+000	5.4304e-006	-9.5824e+013	-9.5485e+013	9.5485e+013	5.2500e-015
4.160e+000	5.4327e-006	-9.6163e+013	-9.5824e+013	9.5824e+013	5.2500e-015
4.170e+000	5.4349e-006	-9.6502e+013	-9.6163e+013	9.6163e+013	5.2500e-015
4.180e+000	5.4372e-006	-9.6842e+013	-9.6502e+013	9.6502e+013	5.2500e-015
4.190e+000	5.4394e-006	-9.7181e+013	-9.6842e+013	9.6842e+013	5.2500e-015
4.200e+000	5.4416e-006	-9.7521e+013	-9.7181e+013	9.7181e+013	5.2500e-015
4.210e+000	5.4439e-006	-9.7861e+013	-9.7521e+013	9.7521e+013	5.2500e-015
4.220e+000	5.4461e-006	-9.8201e+013	-9.7861e+013	9.7861e+013	5.2500e-015
4.230e+000	5.4483e-006	-9.8541e+013	-9.8201e+013	9.8200e+013	5.2500e-015
4.240e+000	5.4505e-006	-9.8881e+013	-9.8541e+013	9.8541e+013	5.2500e-015
4.250e+000	5.4527e-006	-9.9221e+013	-9.8881e+013	9.8881e+013	5.2500e-015
4.260e+000	5.4548e-006	-9.9562e+013	-9.9221e+013	9.9221e+013	5.2500e-015
4.270e+000	5.4570e-006	-9.9902e+013	-9.9562e+013	9.9562e+013	5.2500e-015
4.280e+000	5.4592e-006	-1.0024e+014	-9.9902e+013	9.9902e+013	5.2500e-015
4.290e+000	5.4613e-006	-1.0058e+014	-1.0024e+014	1.0024e+014	5.2500e-015
4.300e+000	5.4635e-006	-1.0092e+014	-1.0058e+014	1.0058e+014	5.2500e-015
4.310e+000	5.4656e-006	-1.0127e+014	-1.0092e+014	1.0092e+014	5.2500e-015
4.320e+000	5.4677e-006	-1.0161e+014	-1.0127e+014	1.0127e+014	5.2500e-015
4.330e+000	5.4698e-006	-1.0195e+014	-1.0161e+014	1.0161e+014	5.2500e-015
4.340e+000	5.4720e-006	-1.0229e+014	-1.0195e+014	1.0195e+014	5.2500e-015
4.350e+000	5.4741e-006	-1.0263e+014	-1.0229e+014	1.0229e+014	5.2500e-015
4.360e+000	5.4762e-006	-1.0297e+014	-1.0263e+014	1.0263e+014	5.2500e-015
4.370e+000	5.4782e-006	-1.0332e+014	-1.0297e+014	1.0297e+014	5.2500e-015
4.380e+000	5.4803e-006	-1.0366e+014	-1.0332e+014	1.0332e+014	5.2500e-015
4.390e+000	5.4824e-006	-1.0400e+014	-1.0366e+014	1.0366e+014	5.2500e-015
4.400e+000	5.4845e-006	-1.0434e+014	-1.0400e+014	1.0400e+014	5.2500e-015
4.410e+000	5.4865e-006	-1.0468e+014	-1.0434e+014	1.0434e+014	5.2500e-015
4.420e+000	5.4886e-006	-1.0503e+014	-1.0468e+014	1.0468e+014	5.2500e-015
4.430e+000	5.4906e-006	-1.0537e+014	-1.0503e+014	1.0503e+014	5.2500e-015
4.440e+000	5.4926e-006	-1.0571e+014	-1.0537e+014	1.0537e+014	5.2500e-015
4.450e+000	5.4947e-006	-1.0606e+014	-1.0571e+014	1.0571e+014	5.2500e-015
4.460e+000	5.4967e-006	-1.0640e+014	-1.0606e+014	1.0606e+014	5.2500e-015
4.470e+000	5.4987e-006	-1.0674e+014	-1.0640e+014	1.0640e+014	5.2500e-015
4.480e+000	5.5007e-006	-1.0709e+014	-1.0674e+014	1.0674e+014	5.2500e-015
4.490e+000	5.5027e-006	-1.0743e+014	-1.0709e+014	1.0709e+014	5.2500e-015
4.500e+000	5.5047e-006	-1.0777e+014	-1.0743e+014	1.0743e+014	5.2500e-015
4.510e+000	5.5067e-006	-1.0812e+014	-1.0777e+014	1.0777e+014	5.2500e-015
4.520e+000	5.5087e-006	-1.0846e+014	-1.0812e+014	1.0812e+014	5.2500e-015
4.530e+000	5.5106e-006	-1.0880e+014	-1.0846e+014	1.0846e+014	5.2500e-015
4.540e+000	5.5126e-006	-1.0915e+014	-1.0880e+014	1.0880e+014	5.2500e-015
4.550e+000	5.5145e-006	-1.0949e+014	-1.0915e+014	1.0915e+014	5.2500e-015
4.560e+000	5.5165e-006	-1.0984e+014	-1.0949e+014	1.0949e+014	5.2500e-015
4.570e+000	5.5184e-006	-1.1018e+014	-1.0984e+014	1.0984e+014	5.2500e-015
4.580e+000	5.5204e-006	-1.1053e+014	-1.1018e+014	1.1018e+014	5.2500e-015
4.590e+000	5.5223e-006	-1.1087e+014	-1.1053e+014	1.1053e+014	5.2500e-015
4.600e+000	5.5242e-006	-1.1121e+014	-1.1087e+014	1.1087e+014	5.2500e-015
4.610e+000	5.5261e-006	-1.1156e+014	-1.1121e+014	1.1121e+014	5.2500e-015
4.620e+000	5.5281e-006	-1.1190e+014	-1.1156e+014	1.1156e+014	5.2500e-015
4.630e+000	5.5300e-006	-1.1225e+014	-1.1190e+014	1.1190e+014	5.2500e-015
4.640e+000	5.5318e-006	-1.1260e+014	-1.1225e+014	1.1225e+014	5.2500e-015
4.650e+000	5.5337e-006	-1.1294e+014	-1.1260e+014	1.1259e+014	5.2500e-015
4.660e+000	5.5356e-006	-1.1329e+014	-1.1294e+014	1.1294e+014	5.2500e-015
4.670e+000	5.5375e-006	-1.1363e+014	-1.1329e+014	1.1329e+014	5.2500e-015
4.680e+000	5.5394e-006	-1.1398e+014	-1.1363e+014	1.1363e+014	5.2500e-015
4.690e+000	5.5412e-006	-1.1432e+014	-1.1398e+014	1.1398e+014	5.2500e-015
4.700e+000	5.5431e-006	-1.1467e+014	-1.1432e+014	1.1432e+014	5.2500e-015
4.710e+000	5.5449e-006	-1.1502e+014	-1.1467e+014	1.1467e+014	5.2500e-015
4.720e+000	5.5468e-006	-1.1536e+014	-1.1502e+014	1.1502e+014	5.2500e-015
4.730e+000	5.5486e-006	-1.1571e+014	-1.1536e+014	1.1536e+014	5.2500e-015
4.740e+000	5.5503e-006	-1.1605e+014	-1.1571e+014	1.1571e+014	5.2500e-015
4.750e+000	5.5521e-006	-1.1640e+014	-1.1605e+014	1.1605e+014	5.2500e-015
4.760e+000	5.5539e-006	-1.1675e+014	-1.1640e+014	1.1640e+014	5.2500e-015
4.770e+000	5.5557e-006	-1.1709e+014	-1.1675e+014	1.1675e+014	5.2500e-015
4.780e+000	5.5576e-006	-1.1744e+014	-1.1709e+014	1.1709e+014	5.2500e-015
4.790e+000	5.5593e-006	-1.1779e+014	-1.1744e+014	1.1744e+014	5.2500e-015
4.800e+000	5.5611e-006	-1.1814e+014	-1.1779e+014	1.1779e+014	5.2500e-015
4.810e+000	5.5629e-006	-1.1848e+014	-1.1814e+014	1.1813e+014	5.2500e-015
4.820e+000	5.5647e-006	-1.1883e+014	-1.1848e+014	1.1848e+014	5.2500e-015
4.830e+000	5.5665e-006	-1.1918e+014	-1.1883e+014	1.1883e+014	5.2500e-015
4.840e+000	5.5683e-006	-1.1952e+014	-1.1918e+014	1.1918e+014	5.2500e-015
4.850e+000	5.5700e-006	-1.1987e+014	-1.1952e+014	1.1952e+014	5.2500e-015
4.860e+000	5.5718e-006	-1.2022e+014	-1.1987e+014	1.1987e+014	5.2500e-015
4.870e+000	5.5736e-006	-1.2057e+014	-1.2022e+014	1.2022e+014	5.2500e-015
4.880e+000	5.5753e-006	-1.2092e+014	-1.2057e+014	1.2057e+014	5.2500e-015
4.890e+000	5.5771e-006	-1.2126e+014	-1.2092e+014	1.2092e+014	5.2500e-015
4.900e+000	5.5788e-006	-1.2161e+014	-1.2126e+014	1.2126e+014	5.2500e-015
4.910e+000	5.5805e-006	-1.2196e+014	-1.2161e+014	1.2161e+014	5.2500e-015
4.920e+000	5.5823e-006	-1.2231e+014	-1.2196e+014	1.2196e+014	5.2500e-015
4.930e+000	5.5840e-006	-1.2266e+014	-1.2231e+014	1.2231e+014	5.2500e-015
4.940e+000	5.5857e-006	-1.2301e+014	-1.2266e+014	1.2266e+014	5.2500e-015
4.950e+000	5.5874e-006	-1.2335e+014	-1.2301e+014	1.2301e+014	5.2500e-015
4.960e+000	5.5891e-006	-1.2370e+014	-1.2335e+014	1.2335e+014	5.2500e-015
4.970e+000	5.5908e-006	-1.2405e+014	-1.2370e+014	1.2370e+014	5.2500e-015
4.980e+000	5.5925e-006	-1.2440e+014	-1.2405e+014	1.2405e+014	5.2500e-015
4.990e+000	5.5942e-006	-1.2475e+014	-1.2440e+014	1.2440e+014	5.2500e-015
5.000e+000	5.5959e-006	-1.2510e+014	-1.2475e+014	1.2475e+014	5.2500e-015
5.010e+000	5.5976e-006	-1.2545e+014	-1.2510e+014	1.2510e+014	5.2500e-015
5.020e+000	5.5992e-006	-1.2580e+014	-1.2545e+014	1.2545e+014	5.2500e-015
5.030e+000	5.6009e-006	-1.2615e+014	-1.2580e+014	1.2580e+014	5.2500e-015
5.040e+000	5.6026e-006	-1.2650e+014	-1.2615e+014	1.2615e+014	5.2500e-015
5.050e+000	5.6042e-006	-1.2685e+014	-1.2650e+014	1.2650e+014	5.2500e-015
5.060e+000	5.6059e-006	-1.2720e+014	-1.2685e+014	1.2685e+014	5.2500e-015
5.070e+000	5.6075e-006	-1.2755e+014	-1.2720e+014	1.2720e+014	5.2500e-015
5.080e+000	5.6092e-006	-1.2790e+014	-1.2755e+014	1.2755e+014	5.2500e-015
5.090e+000	5.6108e-006	-1.2825e+014	-1.2790e+014	1.2790e+014	5.2500e-015
5.100e+000	5.6125e-006	-1.2860e+014	-1.2825e+014	1.2825e+014	5.2500e-015
5.110e+000	5.6141e-006	-1.2895e+014	-1.2860e+014	1.2860e+014	5.2500e-015
5.120e+000	5.6157e-006	-1.2930e+014	-1.2895e+014	1.2895e+014	5.2500e-015
5.130e+000	5.6173e-006	-1.2965e+014	-1.2930e+014	1.2930e+014	5.2500e-015
5.140e+000	5.6190e-006	-1.3000e+014	-1.2965e+014	1.2965e+014	5.2500e-015
5.150e+000	5.6206e-006	-1.3035e+014	-1.3000e+014	1.3000e+014	5.2500e-015
5.160e+000	5.6222e-006	-1.3070e+014	-1.3035e+014	1.3035e+014	5.2500e-015
5.170e+000	5.6238e-006	-1.3105e+014	-1.3070e+014	1.3070e+014	5.2500e-015
5.180e+000	5.6254e-006	-1.3140e+014	-1.3105e+014	1.3105e+014	5.2500e-015
5.190e+000	5.6270e-006	-1.3176e+014	-1.3140e+014	1.3140e+014	5.2500e-015
5.200e+000	5.6286e-006	-1.3211e+014	-1.3176e+014	1.3176e+014	5.2500e-015
5.210e+000	5.6301e-006	-1.3246e+014	-1.3211e+014	1.3211e+014	5.2500e-015
5.220e+000	5.6317e-006	-1.3281e+014	-1.3246e+014	1.3246e+014	5.2500e-015
5.230e+000	5.6333e-006	-1.3316e+014	-1.3281e+014	1.3281e+014	5.2500e-015
5.240e+000	5.6349e-006	-1.3351e+014	-1.3316e+014	1.3316e+014	5.2500e-015
5.250e+000	5.6364e-006	-1.3386e+014	-1.3351e+014	1.3351e+014	5.2500e-015
5.260e+000	5.6380e-006	-1.3422e+014	-1.3386e+014	1.3386e+014	5.2500e-015
5.270e+000	5.6395e-006	-1.3457e+014	-1.3422e+014	1.3422e+014	5.2500e-015
5.280e+000	5.6411e-006	-1.3492e+014	-1.3457e+014	1.3457e+014	5.2500e-015
5.290e+000	5.6426e-006	-1.3527e+014	-1.3492e+014	1.3492e+014	5.2500e-015
5.300e+000	5.6442e-006	-1.3563e+014	-1.3527e+014	1.3527e+014	5.2500e-015
5.310e+000	5.6457e-006	-1.3598e+014	-1.3563e+014	1.3563e+014	5.2500e-015
5.320e+000	5.6472e-006	-1.3633e+014	-1.3598e+014	1.3598e+014	5.2500e-015
5.330e+000	5.6488e-006	-1.3668e+014	-1.3633e+014	1.3633e+014	5.2500e-015
5.340e+000	5.6503e-006	-1.3704e+014	-1.3668e+014	1.3668e+014	5.2500e-015
5.350e+000	5.6518e-006	-1.3739e+014	-1.3704e+014	1.3704e+014	5.2500e-015
5.360e+000	5.6533e-006	-1.3774e+014	-1.3739e+014	1.3739e+014	5.2500e-015
5.370e+000	5.6548e-006	-1.3809e+014	-1.3774e+014	1.3774e+014	5.2500e-015
5.380e+000	5.6564e-006	-1.3845e+014	-1.3809e+014	1.3809e+014	5.2500e-015
5.390e+000	5.6579e-006	-1.3880e+014	-1.3845e+014	1.3845e+014	5.2500e-015
5.400e+000	5.6594e-006	-1.3915e+014	-1.3880e+014	1.3880e+014	5.2500e-015
5.410e+000	5.6609e-006	-1.3951e+014	-1.3915e+014	1.3915e+014	5.2500e-015
5.420e+000	5.6623e-006	-1.3986e+014	-1.3951e+014	1.3951e+014	5.2500e-015
5.430e+000	5.6638e-006	-1.4021e+014	-1.3986e+014	1.3986e+014	5.2500e-015
5.440e+000	5.6653e-006	-1.4057e+014	-1.4021e+014	1.4021e+014	5.2500e-015
5.450e+000	5.6668e-006	-1.4092e+014	-1.4057e+014	1.4057e+014	5.2500e-015
5.460e+000	5.6683e-006	-1.4127e+014	-1.4092e+014	1.4092e+014	5.2500e-015
5.470e+000	5.6697e-006	-1.4163e+014	-1.4127e+014	1.4127e+014	5.2500e-015
5.480e+000	5.6712e-006	-1.4198e+014	-1.4163e+014	1.4163e+014	5.2500e-015
5.490e+000	5.6727e-006	-1.4234e+014	-1.4198e+014	1.4198e+014	5.2500e-015
5.500e+000	5.6741e-006	-1.4269e+014	-1.4234e+014	1.4234e+014	5.2500e-015
5.510e+000	5.6756e-006	-1.4305e+014	-1.4269e+014	1.4269e+014	5.2500e-015
5.520e+000	5.6770e-006	-1.4340e+014	-1.4305e+014	1.4305e+014	5.2500e-015
5.530e+000	5.6785e-006	-1.4375e+014	-1.4340e+014	1.4340e+014	5.2500e-015
5.540e+000	5.6799e-006	-1.4411e+014	-1.4375e+014	1.4375e+014	5.2500e-015
5.550e+000	5.6814e-006	-1.4446e+014	-1.4411e+014	1.4411e+014	5.2500e-015
5.560e+000	5.6828e-006	-1.4482e+014	-1.4446e+014	1.4446e+014	5.2500e-015
5.570e+000	5.6842e-006	-1.4517e+014	-1.4482e+014	1.4482e+014	5.2500e-015
5.580e+000	5.6857e-006	-1.4553e+014	-1.4517e+014	1.4517e+014	5.2500e-015
5.590e+000	5.6871e-006	-1.4588e+014	-1.4553e+014	1.4553e+014	5.2500e-015
5.600e+000	5.6885e-006	-1.4624e+014	-1.4588e+014	1.4588e+014	5.2500e-015
5.610e+000	5.6899e-006	-1.4659e+014	-1.4624e+014	1.4624e+014	5.2500e-015
5.620e+000	5.6913e-006	-1.4695e+014	-1.4659e+014	1.4659e+014	5.2500e-015
5.630e+000	5.6927e-006	-1.4730e+014	-1.4695e+014	1.4695e+014	5.2500e-015
5.640e+000	5.6941e-006	-1.4766e+014	-1.4730e+014	1.4730e+014	5.2500e-015
5.650e+000	5.6955e-006	-1.4801e+014	-1.4766e+014	1.4766e+014	5.2500e-015
5.660e+000	5.6969e-006	-1.4837e+014	-1.4801e+014	1.4801e+014	5.2500e-015
5.670e+000	5.6983e-006	-1.4873e+014	-1.4837e+014	1.4837e+014	5.2500e-015
5.680e+000	5.6997e-006	-1.4908e+014	-1.4873e+014	1.4873e+014	5.2500e-015
5.690e+000	5.7011e-006	-1.4944e+014	-1.4908e+014	1.4908e+014	5.2500e-015
5.700e+000	5.7025e-006	-1.4979e+014	-1.4944e+014	1.4944e+014	5.2500e-015
5.710e+000	5.7039e-006	-1.5015e+014	-1.4979e+014	1.4979e+014	5.2500e-015
5.720e+000	5.7052e-006	-1.5050e+014	-1.5015e+014	1.5015e+014	5.2500e-015
5.730e+000	5.7066e-006	-1.5086e+014	-1.5050e+014	1.5050e+014	5.2500e-015
5.740e+000	5.7080e-006	-1.5122e+014	-1.5086e+014	1.5086e+014	5.2500e-015
5.750e+000	5.7094e-006	-1.5157e+014	-1.5122e+014	1.5122e+014	5.2500e-015
5.760e+000	5.7107e-006	-1.5193e+014	-1.5157e+014	1.5157e+014	5.2500e-015
5.770e+000	5.7121e-006	-1.5229e+014	-1.5193e+014	1.5193e+014	5.2500e-015
5.780e+000	5.7134e-006	-1.5264e+014	-1.5229e+014	1.5229e+014	5.2500e-015
5.790e+000	5.7148e-006	-1.5300e+014	-1.5264e+014	1.5264e+014	5.2500e-015
5.800e+000	5.7161e-006	-1.5336e+014	-1.5300e+014	1.5300e+014	5.2500e-015
5.810e+000	5.7175e-006	-1.5371e+014	-1.5336e+014	1.5336e+014	5.2500e-015
5.820e+000	5.7188e-006	-1.5407e+014	-1.5371e+014	1.5371e+014	5.2500e-015
5.830e+000	5.7201e-006	-1.5443e+014	-1.5407e+014	1.5407e+014	5.2500e-015
5.840e+000	5.7215e-006	-1.5478e+014	-1.5443e+014	1.5443e+014	5.2500e-015
5.850e+000	5.7228e-006	-1.5514e+014	-1.5478e+014	1.5478e+014	5.2500e-015
5.860e+000	5.7241e-006	-1.5550e+014	-1.5514e+014	1.5514e+014	5.2500e-015
5.870e+000	5.7255e-006	-1.5586e+014	-1.5550e+014	1.5550e+014	5.2500e-015
5.880e+000	5.7268e-006	-1.5621e+014	-1.5586e+014	1.5586e+014	5.2500e-015
5.890e+000	5.7281e-006	-1.5657e+014	-1.5621e+014	1.5621e+014	5.2500e-015
5.900e+000	5.7294e-006	-1.5693e+014	-1.5657e+014	1.5657e+014	5.2500e-015
5.910e+000	5.7307e-006	-1.5729e+014	-1.5693e+014	1.5693e+014	5.2500e-015
5.920e+000	5.7320e-006	-1.5764e+014	-1.5729e+014	1.5729e+014	5.2500e-015
5.930e+000	5.7333e-006	-1.5800e+014	-1.5764e+014	1.5764e+014	5.2500e-015
5.940e+000	5.7346e-006	-1.5836e+014	-1.5800e+014	1.5800e+014	5.2500e-015
5.950e+000	5.7359e-006	-1.5872e+014	-1.5836e+014	1.5836e+014	5.2500e-015
5.960e+000	5.7372e-006	-1.5908e+014	-1.5872e+014	1.5872e+014	5.2500e-015
5.970e+000	5.7385e-006	-1.5943e+014	-1.5908e+014	1.5908e+014	5.2500e-015
5.980e+000	5.7398e-006	-1.5979e+014	-1.5943e+014	1.5943e+014	5.2500e-015
5.990e+000	5.7411e-006	-1.6015e+014	-1.5979e+014	1.5979e+014	5.2500e-015
6.000e+000	5.7424e-006	-1.6051e+014	-1.6015e+014	1.6015e+014	5.2500e-015
6.010e+000	5.7437e-006	-1.6087e+014	-1.6051e+014	1.6051e+014	5.2500e-015
6.020e+000	5.7449e-006	-1.6123e+014	-1.6087e+014	1.6087e+014	5.2500e-015
6.030e+000	5.7462e-006	-1.6158e+014	-1.6123e+014	1.6123e+014	5.2500e-015
6.040e+000	5.7475e-006	-1.6194e+014	-1.6158e+014	1.6158e+014	5.2500e-015
6.050e+000	5.7488e-006	-1.6230e+014	-1.6194e+014	1.6194e+014	5.2500e-015
6.060e+000	5.7500e-006	-1.6266e+014	-1.6230e+014	1.6230e+014	5.2500e-015
6.070e+000	5.7513e-006	-1.6302e+014	-1.6266e+014	1.6266e+014	5.2500e-015
6.080e+000	5.7525e-006	-1.6338e+014	-1.6302e+014	1.6302e+014	5.2500e-015
6.090e+000	5.7538e-006	-1.6374e+014	-1.6338e+014	1.6338e+014	5.2500e-015
6.100e+000	5.7550e-006	-1.6410e+014	-1.6374e+014	1.6374e+014	5.2500e-015
6.110e+000	5.7563e-006	-1.6446e+014	-1.6410e+014	1.6410e+014	5.2500e-015
6.120e+000	5.7575e-006	-1.6482e+014	-1.6446e+014	1.6446e+014	5.2500e-015
6.130e+000	5.7588e-006	-1.6518e+014	-1.6482e+014	1.6482e+014	5.2500e-015
6.140e+000	5.7600e-006	-1.6554e+014	-1.6518e+014	1.6518e+014	5.2500e-015
6.150e+000	5.7613e-006	-1.6589e+014	-1.6554e+014	1.6554e+014	5.2500e-015
6.160e+000	5.7625e-006	-1.6625e+014	-1.6589e+014	1.6589e+014	5.2500e-015
6.170e+000	5.7637e-006	-1.6661e+014	-1.6625e+014	1.6625e+014	5.2500e-015
6.180e+000	5.7650e-006	-1.6697e+014	-1.6661e+014	1.6661e+014	5.2500e-015
6.190e+000	5.7662e-006	-1.6733e+014	-1.6697e+014	1.6697e+014	5.2500e-015
6.200e+000	5.7674e-006	-1.6769e+014	-1.6733e+014	1.6733e+014	5.2500e-015
6.210e+000	5.7686e-006	-1.6805e+014	-1.6769e+014	1.6769e+014	5.2500e-015
6.220e+000	5.7698e-006	-1.6841e+014	-1.6805e+014	1.6805e+014	5.2500e-015
6.230e+000	5.7711e-006	-1.6877e+014	-1.6841e+014	1.6841e+014	5.2500e-015
6.240e+000	5.7723e-006	-1.6913e+014	-1.6877e+014	1.6877e+014	5.2500e-015
6.250e+000	5.7735e-006	-1.6949e+014	-1.6913e+014	1.6913e+014	5.2500e-015
6.260e+000	5.7747e-006	-1.6986e+014	-1.6949e+014	1.6949e+014	5.2500e-015
6.270e+000	5.7759e-006	-1.7022e+014	-1.6986e+014	1.6986e+014	5.2500e-015
6.280e+000	5.7771e-006	-1.7058e+014	-1.7022e+014	1.7022e+014	5.2500e-015
6.290e+000	5.7783e-006	-1.7094e+014	-1.7058e+014	1.7058e+014	5.2500e-015
6.300e+000	5.7795e-006	-1.7130e+014	-1.7094e+014	1.7094e+014	5.2500e-015
6.310e+000	5.7807e-006	-1.7166e+014	-1.7130e+014	1.7130e+014	5.2500e-015
6.320e+000	5.7819e-006	-1.7202e+014	-1.7166e+014	1.7166e+014	5.2500e-015
6.330e+000	5.7831e-006	-1.7238e+014	-1.7202e+014	1.7202e+014	5.2500e-015
6.340e+000	5.7842e-006	-1.7274e+014	-1.7238e+014	1.7238e+014	5.2500e-015
6.350e+000	5.7854e-006	-1.7310e+014	-1.7274e+014	1.7274e+014	5.2500e-015
6.360e+000	5.7866e-006	-1.7346e+014	-1.7310e+014	1.7310e+014	5.2500e-015
6.370e+000	5.7878e-006	-1.7383e+014	-1.7346e+014	1.7346e+014	5.2500e-015
6.380e+000	5.7890e-006	-1.7419e+014	-1.7383e+014	1.7383e+014	5.2500e-015
6.390e+000	5.7901e-006	-1.7455e+014	-1.7419e+014	1.7419e+014	5.2500e-015
6.400e+000	5.7913e-006	-1.7491e+014	-1.7455e+014	1.7455e+014	5.2500e-015
6.410e+000	5.7925e-006	-1.7527e+014	-1.7491e+014	1.7491e+014	5.2500e-015
6.420e+000	5.7936e-006	-1.7563e+014	-1.7527e+014	1.7527e+014	5.2500e-015
6.430e+000	5.7948e-006	-1.7599e+014	-1.7563e+014	1.7563e+014	5.2500e-015
6.440e+000	5.7959e-006	-1.7636e+014	-1.7599e+014	1.7599e+014	5.2500e-015
6.450e+000	5.7971e-006	-1.7672e+014	-1.7636e+014	1.7636e+014	5.2500e-015
6.460e+000	5.7983e-006	-1.7708e+014	-1.7672e+014	1.7672e+014	5.2500e-015
6.470e+000	5.7994e-006	-1.7744e+014	-1.7708e+014	1.7708e+014	5.2500e-015
6.480e+000	5.8005e-006	-1.7780e+014	-1.7744e+014	1.7744e+014	5.2500e-015
6.490e+000	5.8017e-006	-1.7817e+014	-1.7780e+014	1.7780e+014	5.2500e-015
6.500e+000	5.8028e-006	-1.7853e+014	-1.7817e+014	1.7817e+014	5.2500e-015
6.510e+000	5.8040e-006	-1.7889e+014	-1.7853e+014	1.7853e+014	5.2500e-015
6.520e+000	5.8051e-006	-1.7925e+014	-1.7889e+014	1.7889e+014	5.2500e-015
6.530e+000	5.8063e-006	-1.7961e+014	-1.7925e+014	1.7925e+014	5.2500e-015
6.540e+000	5.8074e-006	-1.7998e+014	-1.7961e+014	1.7961e+014	5.2500e-015
6.550e+000	5.8085e-006	-1.8034e+014	-1.7998e+014	1.7998e+014	5.2500e-015
6.560e+000	5.8096e-006	-1.8070e+014	-1.8034e+014	1.8034e+014	5.2500e-015
6.570e+000	5.8108e-006	-1.8107e+014	-1.8070e+014	1.8070e+014	5.2500e-015
6.580e+000	5.8119e-006	-1.8143e+014	-1.8107e+014	1.8107e+014	5.2500e-015
6.590e+000	5.8130e-006	-1.8179e+014	-1.8143e+014	1.8143e+014	5.2500e-015
6.600e+000	5.8141e-006	-1.8215e+014	-1.8179e+014	1.8179e+014	5.2500e-015
6.610e+000	5.8152e-006	-1.8252e+014	-1.8215e+014	1.8215e+014	5.2500e-015
6.620e+000	5.8164e-006	-1.8288e+014	-1.8252e+014	1.8252e+014	5.2500e-015
6.630e+000	5.8175e-006	-1.8324e+014	-1.8288e+014	1.8288e+014	5.2500e-015
6.640e+000	5.8186e-006	-1.8361e+014	-1.8324e+014	1.8324e+014	5.2500e-015
6.650e+000	5.8197e-006	-1.8397e+014	-1.8361e+014	1.8361e+014	5.2500e-015
6.660e+000	5.8208e-006	-1.8433e+014	-1.8397e+014	1.8397e+014	5.2500e-015
6.670e+000	5.8219e-006	-1.8470e+014	-1.8433e+014	1.8433e+014	5.2500e-015
6.680e+000	5.8230e-006	-1.8506e+014	-1.8470e+014	1.8470e+014	5.2500e-015
6.690e+000	5.8241e-006	-1.8542e+014	-1.8506e+014	1.8506e+014	5.2500e-015
6.700e+000	5.8252e-006	-1.8579e+014	-1.8542e+014	1.8542e+014	5.2500e-015
6.710e+000	5.8263e-006	-1.8615e+014	-1.8579e+014	1.8579e+014	5.2500e-015
6.720e+000	5.8274e-006	-1.8651e+014	-1.8615e+014	1.8615e+014	5.2500e-015
6.730e+000	5.8285e-006	-1.8688e+014	-1.8651e+014	1.8651e+014	5.2500e-015
6.740e+000	5.8295e-006	-1.8724e+014	-1.8688e+014	1.8688e+014	5.2500e-015
6.750e+000	5.8306e-006	-1.8761e+014	-1.8724e+014	1.8724e+014	5.2500e-015
6.760e+000	5.8317e-006	-1.8797e+014	-1.8761e+014	1.8761e+014	5.2500e-015
6.770e+000	5.8328e-006	-1.8833e+014	-1.8797e+014	1.8797e+014	5.2500e-015
6.780e+000	5.8339e-006	-1.8870e+014	-1.8833e+014	1.8833e+014	5.2500e-015
6.790e+000	5.8349e-006	-1.8906e+014	-1.8870e+014	1.8870e+014	5.2500e-015
6.800e+000	5.8360e-006	-1.8943e+014	-1.8906e+014	1.8906e+014	5.2500e-015
6.810e+000	5.8371e-006	-1.8979e+014	-1.8943e+014	1.8943e+014	5.2500e-015
6.820e+000	5.8381e-006	-1.9015e+014	-1.8979e+014	1.8979e+014	5.2500e-015
6.830e+000	5.8392e-006	-1.9052e+014	-1.9015e+014	1.9015e+014	5.2500e-015
6.840e+000	5.8403e-006	-1.9088e+014	-1.9052e+014	1.9052e+014	5.2500e-015
6.850e+000	5.8413e-006	-1.9125e+014	-1.9088e+014	1.9088e+014	5.2500e-015
6.860e+000	5.8424e-006	-1.9161e+014	-1.9125e+014	1.9125e+014	5.2500e-015
6.870e+000	5.8434e-006	-1.9198e+014	-1.9161e+014	1.9161e+014	5.2500e-015
6.880e+000	5.8445e-006	-1.9234e+014	-1.9198e+014	1.9198e+014	5.2500e-015
6.890e+000	5.8456e-006	-1.9271e+014	-1.9234e+014	1.9234e+014	5.2500e-015
6.900e+000	5.8466e-006	-1.9307e+014	-1.9271e+014	1.9271e+014	5.2500e-015
6.910e+000	5.8477e-006	-1.9344e+014	-1.9307e+014	1.9307e+014	5.2500e-015
6.920e+000	5.8487e-006	-1.9380e+014	-1.9344e+014	1.9344e+014	5.2500e-015
6.930e+000	5.8497e-006	-1.9417e+014	-1.9380e+014	1.9380e+014	5.2500e-015
6.940e+000	5.8508e-006	-1.9453e+014	-1.9417e+014	1.9417e+014	5.2500e-015
6.950e+000	5.8518e-006	-1.9490e+014	-1.9453e+014	1.9453e+014	5.2500e-015
6.960e+000	5.8529e-006	-1.9526e+014	-1.9490e+014	1.9490e+014	5.2500e-015
6.970e+000	5.8539e-006	-1.9563e+014	-1.9526e+014	1.9526e+014	5.2500e-015
6.980e+000	5.8549e-006	-1.9599e+014	-1.9563e+014	1.9563e+014	5.2500e-015
6.990e+000	5.8560e-006	-1.9636e+014	-1.9599e+014	1.9599e+014	5.2500e-015
7.000e+000	5.8570e-006	-1.9672e+014	-1.9636e+014	1.9636e+014	5.2500e-015
