V	C (Fcm-2)	Initcharge (cm-2)	Finalcharge (cm-2)	ns Total (cm-2)	ps Total (cm-2)
-7.000e+000	4.8034e-017	-9.3457e+000	-6.3477e+000	6.3476e+000	5.2500e-015
-6.990e+000	4.8034e-017	-9.3457e+000	-6.3477e+000	6.3476e+000	5.2500e-015
-6.980e+000	4.8034e-017	-9.3457e+000	-6.3477e+000	6.3476e+000	5.2500e-015
-6.970e+000	4.8034e-017	-9.3457e+000	-6.3477e+000	6.3476e+000	5.2500e-015
-6.960e+000	4.8034e-017	-9.3457e+000	-6.3477e+000	6.3476e+000	5.2500e-015
-6.950e+000	4.8034e-017	-9.3457e+000	-6.3477e+000	6.3476e+000	5.2500e-015
-6.940e+000	4.8034e-017	-9.3457e+000	-6.3477e+000	6.3476e+000	5.2500e-015
-6.930e+000	4.8034e-017	-9.3457e+000	-6.3477e+000	6.3476e+000	5.2500e-015
-6.920e+000	4.8034e-017	-9.3457e+000	-6.3477e+000	6.3476e+000	5.2500e-015
-6.910e+000	4.8034e-017	-9.3457e+000	-6.3477e+000	6.3476e+000	5.2500e-015
-6.900e+000	4.8034e-017	-9.3457e+000	-6.3477e+000	6.3476e+000	5.2500e-015
-6.890e+000	4.8034e-017	-9.3457e+000	-6.3477e+000	6.3476e+000	5.2500e-015
-6.880e+000	4.8034e-017	-9.3457e+000	-6.3477e+000	6.3476e+000	5.2500e-015
-6.870e+000	4.8034e-017	-9.3457e+000	-6.3477e+000	6.3476e+000	5.2500e-015
-6.860e+000	4.8034e-017	-9.3457e+000	-6.3477e+000	6.3476e+000	5.2500e-015
-6.850e+000	4.8034e-017	-9.3457e+000	-6.3477e+000	6.3476e+000	5.2500e-015
-6.840e+000	4.8034e-017	-9.3457e+000	-6.3477e+000	6.3476e+000	5.2500e-015
-6.830e+000	4.8034e-017	-9.3457e+000	-6.3477e+000	6.3476e+000	5.2500e-015
-6.820e+000	4.8034e-017	-9.3457e+000	-6.3477e+000	6.3476e+000	5.2500e-015
-6.810e+000	4.8034e-017	-9.3457e+000	-6.3477e+000	6.3476e+000	5.2500e-015
-6.800e+000	4.8034e-017	-9.3457e+000	-6.3477e+000	6.3476e+000	5.2500e-015
-6.790e+000	4.8034e-017	-9.3457e+000	-6.3477e+000	6.3476e+000	5.2500e-015
-6.780e+000	4.8034e-017	-9.3457e+000	-6.3477e+000	6.3476e+000	5.2500e-015
-6.770e+000	4.8034e-017	-9.3457e+000	-6.3477e+000	6.3476e+000	5.2500e-015
-6.760e+000	4.8034e-017	-9.3457e+000	-6.3477e+000	6.3476e+000	5.2500e-015
-6.750e+000	4.8034e-017	-9.3457e+000	-6.3477e+000	6.3476e+000	5.2500e-015
-6.740e+000	4.8034e-017	-9.3457e+000	-6.3477e+000	6.3476e+000	5.2500e-015
-6.730e+000	4.8034e-017	-9.3457e+000	-6.3477e+000	6.3476e+000	5.2500e-015
-6.720e+000	4.8034e-017	-9.3457e+000	-6.3477e+000	6.3476e+000	5.2500e-015
-6.710e+000	4.8034e-017	-9.3458e+000	-6.3477e+000	6.3476e+000	5.2500e-015
-6.700e+000	4.8035e-017	-9.3458e+000	-6.3477e+000	6.3476e+000	5.2500e-015
-6.690e+000	4.8035e-017	-9.3458e+000	-6.3477e+000	6.3477e+000	5.2500e-015
-6.680e+000	4.8035e-017	-9.3459e+000	-6.3478e+000	6.3477e+000	5.2500e-015
-6.670e+000	4.8035e-017	-9.3460e+000	-6.3478e+000	6.3478e+000	5.2500e-015
-6.660e+000	4.8036e-017	-9.3461e+000	-6.3479e+000	6.3478e+000	5.2500e-015
-6.650e+000	4.8037e-017	-9.3463e+000	-6.3481e+000	6.3480e+000	5.2500e-015
-6.640e+000	4.8039e-017	-9.3466e+000	-6.3482e+000	6.3482e+000	5.2500e-015
-6.630e+000	4.8041e-017	-9.3470e+000	-6.3485e+000	6.3484e+000	5.2500e-015
-6.620e+000	4.8044e-017	-9.3476e+000	-6.3489e+000	6.3488e+000	5.2500e-015
-6.610e+000	4.8048e-017	-9.3485e+000	-6.3495e+000	6.3494e+000	5.2500e-015
-6.600e+000	4.8055e-017	-9.3498e+000	-6.3504e+000	6.3503e+000	5.2500e-015
-6.590e+000	4.8065e-017	-9.3517e+000	-6.3517e+000	6.3516e+000	5.2500e-015
-6.580e+000	4.8079e-017	-9.3545e+000	-6.3536e+000	6.3535e+000	5.2500e-015
-6.570e+000	4.8101e-017	-9.3586e+000	-6.3564e+000	6.3564e+000	5.2500e-015
-6.560e+000	4.8132e-017	-9.3647e+000	-6.3606e+000	6.3605e+000	5.2500e-015
-6.550e+000	4.8178e-017	-9.3737e+000	-6.3667e+000	6.3666e+000	5.2500e-015
-6.540e+000	4.8246e-017	-9.3870e+000	-6.3757e+000	6.3756e+000	5.2500e-015
-6.530e+000	4.8346e-017	-9.4065e+000	-6.3889e+000	6.3888e+000	5.2500e-015
-6.520e+000	4.8494e-017	-9.4352e+000	-6.4084e+000	6.4083e+000	5.2500e-015
-6.510e+000	4.8711e-017	-9.4774e+000	-6.4371e+000	6.4370e+000	5.2500e-015
-6.500e+000	4.9031e-017	-9.5396e+000	-6.4794e+000	6.4793e+000	5.2500e-015
-6.490e+000	4.9501e-017	-9.6312e+000	-6.5416e+000	6.5415e+000	5.2500e-015
-6.480e+000	5.0210e-017	-9.7670e+000	-6.6332e+000	6.6331e+000	5.2500e-015
-6.470e+000	5.1215e-017	-9.9655e+000	-6.7690e+000	6.7679e+000	5.2500e-015
-6.460e+000	5.2717e-017	-1.0258e+001	-6.9675e+000	6.9664e+000	5.2500e-015
-6.450e+000	5.4975e-017	-1.0691e+001	-7.2598e+000	7.2587e+000	5.2500e-015
-6.440e+000	5.8200e-017	-1.1326e+001	-7.6930e+000	7.6890e+000	5.2500e-015
-6.430e+000	6.3026e-017	-1.2261e+001	-8.3275e+000	8.3226e+000	5.2500e-015
-6.420e+000	7.0099e-017	-1.3638e+001	-9.2632e+000	9.2553e+000	5.2500e-015
-6.410e+000	8.0538e-017	-1.5667e+001	-1.0640e+001	1.0629e+001	5.2500e-015
-6.400e+000	9.5853e-017	-1.8652e+001	-1.2669e+001	1.2651e+001	5.2500e-015
-6.390e+000	1.1849e-016	-2.3049e+001	-1.5654e+001	1.5627e+001	5.2500e-015
-6.380e+000	1.5173e-016	-2.9521e+001	-2.0051e+001	2.0010e+001	5.2500e-015
-6.370e+000	2.0068e-016	-3.9049e+001	-2.6523e+001	2.6463e+001	5.2500e-015
-6.360e+000	2.7280e-016	-5.3077e+001	-3.6051e+001	3.5963e+001	5.2500e-015
-6.350e+000	3.7897e-016	-7.3733e+001	-5.0079e+001	4.9949e+001	5.2500e-015
-6.340e+000	5.3523e-016	-1.0414e+002	-7.0735e+001	7.0542e+001	5.2500e-015
-6.330e+000	7.6536e-016	-1.4891e+002	-1.0114e+002	1.0086e+002	5.2500e-015
-6.320e+000	1.1041e-015	-2.1483e+002	-1.4591e+002	1.4550e+002	5.2500e-015
-6.310e+000	1.6029e-015	-3.1188e+002	-2.1183e+002	2.1122e+002	5.2500e-015
-6.300e+000	2.3373e-015	-4.5476e+002	-3.0888e+002	3.0797e+002	5.2500e-015
-6.290e+000	3.4184e-015	-6.6512e+002	-4.5176e+002	4.5043e+002	5.2500e-015
-6.280e+000	5.0102e-015	-9.7484e+002	-6.6212e+002	6.6016e+002	5.2500e-015
-6.270e+000	7.3538e-015	-1.4308e+003	-9.7184e+002	9.6895e+002	5.2500e-015
-6.260e+000	1.0804e-014	-2.1022e+003	-1.4278e+003	1.4236e+003	5.2500e-015
-6.250e+000	1.5884e-014	-3.0906e+003	-2.0992e+003	2.0929e+003	5.2500e-015
-6.240e+000	2.3364e-014	-4.5458e+003	-3.0876e+003	3.0784e+003	5.2500e-015
-6.230e+000	3.4375e-014	-6.6884e+003	-4.5428e+003	4.5293e+003	5.2500e-015
-6.220e+000	5.0587e-014	-9.8428e+003	-6.6854e+003	6.6654e+003	5.2500e-015
-6.210e+000	7.4456e-014	-1.4487e+004	-9.8398e+003	9.8103e+003	5.2500e-015
-6.200e+000	1.0960e-013	-2.1325e+004	-1.4484e+004	1.4441e+004	5.2500e-015
-6.190e+000	1.6134e-013	-3.1391e+004	-2.1322e+004	2.1258e+004	5.2500e-015
-6.180e+000	2.3751e-013	-4.6213e+004	-3.1388e+004	3.1294e+004	5.2500e-015
-6.170e+000	3.4966e-013	-6.8034e+004	-4.6210e+004	4.6071e+004	5.2500e-015
-6.160e+000	5.1477e-013	-1.0016e+005	-6.8031e+004	6.7827e+004	5.2500e-015
-6.150e+000	7.5786e-013	-1.4746e+005	-1.0016e+005	9.9857e+004	5.2500e-015
-6.140e+000	1.1158e-012	-2.1710e+005	-1.4746e+005	1.4701e+005	5.2500e-015
-6.130e+000	1.6426e-012	-3.1962e+005	-2.1709e+005	2.1644e+005	5.2500e-015
-6.120e+000	2.4183e-012	-4.7056e+005	-3.1962e+005	3.1866e+005	5.2500e-015
-6.110e+000	3.5603e-012	-6.9277e+005	-4.7055e+005	4.6914e+005	5.2500e-015
-6.100e+000	5.2413e-012	-1.0199e+006	-6.9276e+005	6.9069e+005	5.2500e-015
-6.090e+000	7.7158e-012	-1.5015e+006	-1.0199e+006	1.0168e+006	5.2500e-015
-6.080e+000	1.1358e-011	-2.2104e+006	-1.5015e+006	1.4970e+006	5.2500e-015
-6.070e+000	1.6718e-011	-3.2538e+006	-2.2104e+006	2.2038e+006	5.2500e-015
-6.060e+000	2.4605e-011	-4.7895e+006	-3.2538e+006	3.2441e+006	5.2500e-015
-6.050e+000	3.6206e-011	-7.0493e+006	-4.7895e+006	4.7752e+006	5.2500e-015
-6.040e+000	5.3263e-011	-1.0374e+007	-7.0493e+006	7.0282e+006	5.2500e-015
-6.030e+000	7.8327e-011	-1.5262e+007	-1.0374e+007	1.0343e+007	5.2500e-015
-6.020e+000	1.1512e-010	-2.2448e+007	-1.5262e+007	1.5217e+007	5.2500e-015
-6.010e+000	1.6907e-010	-3.3000e+007	-2.2448e+007	2.2381e+007	5.2500e-015
-6.000e+000	2.4800e-010	-4.8479e+007	-3.3000e+007	3.2902e+007	5.2500e-015
-5.990e+000	3.6318e-010	-7.1147e+007	-4.8479e+007	4.8335e+007	5.2500e-015
-5.980e+000	5.3053e-010	-1.0426e+008	-7.1147e+007	7.0935e+007	5.2500e-015
-5.970e+000	7.7227e-010	-1.5246e+008	-1.0426e+008	1.0395e+008	5.2500e-015
-5.960e+000	1.1186e-009	-2.2228e+008	-1.5246e+008	1.5201e+008	5.2500e-015
-5.950e+000	1.6089e-009	-3.2270e+008	-2.2228e+008	2.2162e+008	5.2500e-015
-5.940e+000	2.2924e-009	-4.6578e+008	-3.2270e+008	3.2175e+008	5.2500e-015
-5.930e+000	3.2254e-009	-6.6709e+008	-4.6578e+008	4.6442e+008	5.2500e-015
-5.920e+000	4.4663e-009	-9.4585e+008	-6.6709e+008	6.6517e+008	5.2500e-015
-5.910e+000	6.0665e-009	-1.3245e+009	-9.4585e+008	9.4318e+008	5.2500e-015
-5.900e+000	8.0609e-009	-1.8276e+009	-1.3245e+009	1.3208e+009	5.2500e-015
-5.890e+000	1.0463e-008	-2.4806e+009	-1.8276e+009	1.8227e+009	5.2500e-015
-5.880e+000	1.3267e-008	-3.3087e+009	-2.4806e+009	2.4742e+009	5.2500e-015
-5.870e+000	1.6463e-008	-4.3363e+009	-3.3087e+009	3.3005e+009	5.2500e-015
-5.860e+000	2.0045e-008	-5.5874e+009	-4.3363e+009	4.3261e+009	5.2500e-015
-5.850e+000	2.4024e-008	-7.0868e+009	-5.5874e+009	5.5751e+009	5.2500e-015
-5.840e+000	2.8425e-008	-8.8610e+009	-7.0868e+009	7.0723e+009	5.2500e-015
-5.830e+000	3.3287e-008	-1.0939e+010	-8.8610e+009	8.8443e+009	5.2500e-015
-5.820e+000	3.8650e-008	-1.3351e+010	-1.0939e+010	1.0920e+010	5.2500e-015
-5.810e+000	4.4548e-008	-1.6131e+010	-1.3351e+010	1.3330e+010	5.2500e-015
-5.800e+000	5.0999e-008	-1.9315e+010	-1.6131e+010	1.6108e+010	5.2500e-015
-5.790e+000	5.8003e-008	-2.2935e+010	-1.9315e+010	1.9290e+010	5.2500e-015
-5.780e+000	6.5533e-008	-2.7025e+010	-2.2935e+010	2.2908e+010	5.2500e-015
-5.770e+000	7.3542e-008	-3.1615e+010	-2.7025e+010	2.6997e+010	5.2500e-015
-5.760e+000	8.1957e-008	-3.6730e+010	-3.1615e+010	3.1586e+010	5.2500e-015
-5.750e+000	9.0690e-008	-4.2391e+010	-3.6730e+010	3.6700e+010	5.2500e-015
-5.740e+000	9.9640e-008	-4.8610e+010	-4.2391e+010	4.2359e+010	5.2500e-015
-5.730e+000	1.0870e-007	-5.5395e+010	-4.8610e+010	4.8577e+010	5.2500e-015
-5.720e+000	1.1778e-007	-6.2746e+010	-5.5395e+010	5.5361e+010	5.2500e-015
-5.710e+000	1.2676e-007	-7.0658e+010	-6.2746e+010	6.2712e+010	5.2500e-015
-5.700e+000	1.3558e-007	-7.9120e+010	-7.0658e+010	7.0623e+010	5.2500e-015
-5.690e+000	1.4415e-007	-8.8117e+010	-7.9120e+010	7.9084e+010	5.2500e-015
-5.680e+000	1.5243e-007	-9.7631e+010	-8.8117e+010	8.8081e+010	5.2500e-015
-5.670e+000	1.6017e-007	-1.0763e+011	-9.7631e+010	9.7595e+010	5.2500e-015
-5.660e+000	1.6747e-007	-1.1808e+011	-1.0763e+011	1.0759e+011	5.2500e-015
-5.650e+000	1.7458e-007	-1.2898e+011	-1.1808e+011	1.1804e+011	5.2500e-015
-5.640e+000	1.8144e-007	-1.4030e+011	-1.2898e+011	1.2894e+011	5.2500e-015
-5.630e+000	1.8765e-007	-1.5201e+011	-1.4030e+011	1.4026e+011	5.2500e-015
-5.620e+000	1.9374e-007	-1.6411e+011	-1.5201e+011	1.5198e+011	5.2500e-015
-5.610e+000	1.9933e-007	-1.7655e+011	-1.6411e+011	1.6407e+011	5.2500e-015
-5.600e+000	2.0458e-007	-1.8932e+011	-1.7655e+011	1.7651e+011	5.2500e-015
-5.590e+000	2.0949e-007	-2.0239e+011	-1.8932e+011	1.8928e+011	5.2500e-015
-5.580e+000	2.1409e-007	-2.1575e+011	-2.0239e+011	2.0235e+011	5.2500e-015
-5.570e+000	2.1840e-007	-2.2939e+011	-2.1575e+011	2.1572e+011	5.2500e-015
-5.560e+000	2.2243e-007	-2.4327e+011	-2.2939e+011	2.2935e+011	5.2500e-015
-5.550e+000	2.2625e-007	-2.5739e+011	-2.4327e+011	2.4323e+011	5.2500e-015
-5.540e+000	2.2972e-007	-2.7173e+011	-2.5739e+011	2.5735e+011	5.2500e-015
-5.530e+000	2.3307e-007	-2.8627e+011	-2.7173e+011	2.7169e+011	5.2500e-015
-5.520e+000	2.3612e-007	-3.0101e+011	-2.8627e+011	2.8624e+011	5.2500e-015
-5.510e+000	2.3905e-007	-3.1593e+011	-3.0101e+011	3.0097e+011	5.2500e-015
-5.500e+000	2.4174e-007	-3.3102e+011	-3.1593e+011	3.1589e+011	5.2500e-015
-5.490e+000	2.4432e-007	-3.4627e+011	-3.3102e+011	3.3098e+011	5.2500e-015
-5.480e+000	2.4672e-007	-3.6167e+011	-3.4627e+011	3.4623e+011	5.2500e-015
-5.470e+000	2.4894e-007	-3.7721e+011	-3.6167e+011	3.6163e+011	5.2500e-015
-5.460e+000	2.5109e-007	-3.9288e+011	-3.7721e+011	3.7717e+011	5.2500e-015
-5.450e+000	2.5309e-007	-4.0868e+011	-3.9288e+011	3.9284e+011	5.2500e-015
-5.440e+000	2.5495e-007	-4.2459e+011	-4.0868e+011	4.0864e+011	5.2500e-015
-5.430e+000	2.5675e-007	-4.4061e+011	-4.2459e+011	4.2455e+011	5.2500e-015
-5.420e+000	2.5843e-007	-4.5674e+011	-4.4061e+011	4.4057e+011	5.2500e-015
-5.410e+000	2.6002e-007	-4.7297e+011	-4.5674e+011	4.5670e+011	5.2500e-015
-5.400e+000	2.6150e-007	-4.8929e+011	-4.7297e+011	4.7293e+011	5.2500e-015
-5.390e+000	2.6294e-007	-5.0570e+011	-4.8929e+011	4.8925e+011	5.2500e-015
-5.380e+000	2.6428e-007	-5.2220e+011	-5.0570e+011	5.0567e+011	5.2500e-015
-5.370e+000	2.6556e-007	-5.3877e+011	-5.2220e+011	5.2216e+011	5.2500e-015
-5.360e+000	2.6677e-007	-5.5543e+011	-5.3877e+011	5.3874e+011	5.2500e-015
-5.350e+000	2.6793e-007	-5.7215e+011	-5.5543e+011	5.5539e+011	5.2500e-015
-5.340e+000	2.6901e-007	-5.8894e+011	-5.7215e+011	5.7211e+011	5.2500e-015
-5.330e+000	2.7006e-007	-6.0579e+011	-5.8894e+011	5.8890e+011	5.2500e-015
-5.320e+000	2.7105e-007	-6.2271e+011	-6.0579e+011	6.0575e+011	5.2500e-015
-5.310e+000	2.7200e-007	-6.3969e+011	-6.2271e+011	6.2267e+011	5.2500e-015
-5.300e+000	2.7290e-007	-6.5672e+011	-6.3969e+011	6.3965e+011	5.2500e-015
-5.290e+000	2.7376e-007	-6.7381e+011	-6.5672e+011	6.5668e+011	5.2500e-015
-5.280e+000	2.7458e-007	-6.9095e+011	-6.7381e+011	6.7377e+011	5.2500e-015
-5.270e+000	2.7537e-007	-7.0813e+011	-6.9095e+011	6.9091e+011	5.2500e-015
-5.260e+000	2.7612e-007	-7.2537e+011	-7.0813e+011	7.0809e+011	5.2500e-015
-5.250e+000	2.7683e-007	-7.4265e+011	-7.2537e+011	7.2533e+011	5.2500e-015
-5.240e+000	2.7753e-007	-7.5997e+011	-7.4265e+011	7.4261e+011	5.2500e-015
-5.230e+000	2.7819e-007	-7.7733e+011	-7.5997e+011	7.5993e+011	5.2500e-015
-5.220e+000	2.7882e-007	-7.9473e+011	-7.7733e+011	7.7729e+011	5.2500e-015
-5.210e+000	2.7942e-007	-8.1217e+011	-7.9473e+011	7.9469e+011	5.2500e-015
-5.200e+000	2.8001e-007	-8.2965e+011	-8.1217e+011	8.1213e+011	5.2500e-015
-5.190e+000	2.8057e-007	-8.4716e+011	-8.2965e+011	8.2961e+011	5.2500e-015
-5.180e+000	2.8110e-007	-8.6471e+011	-8.4716e+011	8.4712e+011	5.2500e-015
-5.170e+000	2.8162e-007	-8.8228e+011	-8.6471e+011	8.6467e+011	5.2500e-015
-5.160e+000	2.8212e-007	-8.9989e+011	-8.8228e+011	8.8224e+011	5.2500e-015
-5.150e+000	2.8260e-007	-9.1753e+011	-8.9989e+011	8.9985e+011	5.2500e-015
-5.140e+000	2.8306e-007	-9.3520e+011	-9.1753e+011	9.1749e+011	5.2500e-015
-5.130e+000	2.8350e-007	-9.5289e+011	-9.3520e+011	9.3516e+011	5.2500e-015
-5.120e+000	2.8394e-007	-9.7061e+011	-9.5289e+011	9.5285e+011	5.2500e-015
-5.110e+000	2.8435e-007	-9.8836e+011	-9.7061e+011	9.7057e+011	5.2500e-015
-5.100e+000	2.8475e-007	-1.0061e+012	-9.8836e+011	9.8832e+011	5.2500e-015
-5.090e+000	2.8514e-007	-1.0239e+012	-1.0061e+012	1.0061e+012	5.2500e-015
-5.080e+000	2.8551e-007	-1.0418e+012	-1.0239e+012	1.0239e+012	5.2500e-015
-5.070e+000	2.8587e-007	-1.0596e+012	-1.0418e+012	1.0417e+012	5.2500e-015
-5.060e+000	2.8622e-007	-1.0775e+012	-1.0596e+012	1.0596e+012	5.2500e-015
-5.050e+000	2.8656e-007	-1.0953e+012	-1.0775e+012	1.0774e+012	5.2500e-015
-5.040e+000	2.8689e-007	-1.1133e+012	-1.0953e+012	1.0953e+012	5.2500e-015
-5.030e+000	2.8720e-007	-1.1312e+012	-1.1133e+012	1.1132e+012	5.2500e-015
-5.020e+000	2.8751e-007	-1.1491e+012	-1.1312e+012	1.1311e+012	5.2500e-015
-5.010e+000	2.8781e-007	-1.1671e+012	-1.1491e+012	1.1491e+012	5.2500e-015
-5.000e+000	2.8810e-007	-1.1851e+012	-1.1671e+012	1.1670e+012	5.2500e-015
-4.990e+000	2.8838e-007	-1.2031e+012	-1.1851e+012	1.1850e+012	5.2500e-015
-4.980e+000	2.8866e-007	-1.2211e+012	-1.2031e+012	1.2030e+012	5.2500e-015
-4.970e+000	2.8892e-007	-1.2391e+012	-1.2211e+012	1.2210e+012	5.2500e-015
-4.960e+000	2.8918e-007	-1.2572e+012	-1.2391e+012	1.2391e+012	5.2500e-015
-4.950e+000	2.8943e-007	-1.2752e+012	-1.2572e+012	1.2571e+012	5.2500e-015
-4.940e+000	2.8967e-007	-1.2933e+012	-1.2752e+012	1.2752e+012	5.2500e-015
-4.930e+000	2.8991e-007	-1.3114e+012	-1.2933e+012	1.2933e+012	5.2500e-015
-4.920e+000	2.9015e-007	-1.3295e+012	-1.3114e+012	1.3114e+012	5.2500e-015
-4.910e+000	2.9037e-007	-1.3476e+012	-1.3295e+012	1.3295e+012	5.2500e-015
-4.900e+000	2.9059e-007	-1.3658e+012	-1.3476e+012	1.3476e+012	5.2500e-015
-4.890e+000	2.9081e-007	-1.3839e+012	-1.3658e+012	1.3657e+012	5.2500e-015
-4.880e+000	2.9102e-007	-1.4021e+012	-1.3839e+012	1.3839e+012	5.2500e-015
-4.870e+000	2.9123e-007	-1.4203e+012	-1.4021e+012	1.4021e+012	5.2500e-015
-4.860e+000	2.9143e-007	-1.4385e+012	-1.4203e+012	1.4202e+012	5.2500e-015
-4.850e+000	2.9163e-007	-1.4567e+012	-1.4385e+012	1.4384e+012	5.2500e-015
-4.840e+000	2.9182e-007	-1.4749e+012	-1.4567e+012	1.4566e+012	5.2500e-015
-4.830e+000	2.9201e-007	-1.4931e+012	-1.4749e+012	1.4748e+012	5.2500e-015
-4.820e+000	2.9220e-007	-1.5113e+012	-1.4931e+012	1.4931e+012	5.2500e-015
-4.810e+000	2.9238e-007	-1.5296e+012	-1.5113e+012	1.5113e+012	5.2500e-015
-4.800e+000	2.9256e-007	-1.5478e+012	-1.5296e+012	1.5295e+012	5.2500e-015
-4.790e+000	2.9273e-007	-1.5661e+012	-1.5478e+012	1.5478e+012	5.2500e-015
-4.780e+000	2.9291e-007	-1.5844e+012	-1.5661e+012	1.5661e+012	5.2500e-015
-4.770e+000	2.9308e-007	-1.6027e+012	-1.5844e+012	1.5844e+012	5.2500e-015
-4.760e+000	2.9325e-007	-1.6210e+012	-1.6027e+012	1.6026e+012	5.2500e-015
-4.750e+000	2.9341e-007	-1.6393e+012	-1.6210e+012	1.6210e+012	5.2500e-015
-4.740e+000	2.9358e-007	-1.6576e+012	-1.6393e+012	1.6393e+012	5.2500e-015
-4.730e+000	2.9374e-007	-1.6760e+012	-1.6576e+012	1.6576e+012	5.2500e-015
-4.720e+000	2.9390e-007	-1.6943e+012	-1.6760e+012	1.6759e+012	5.2500e-015
-4.710e+000	2.9406e-007	-1.7127e+012	-1.6943e+012	1.6943e+012	5.2500e-015
-4.700e+000	2.9422e-007	-1.7310e+012	-1.7127e+012	1.7126e+012	5.2500e-015
-4.690e+000	2.9437e-007	-1.7494e+012	-1.7310e+012	1.7310e+012	5.2500e-015
-4.680e+000	2.9453e-007	-1.7678e+012	-1.7494e+012	1.7494e+012	5.2500e-015
-4.670e+000	2.9468e-007	-1.7862e+012	-1.7678e+012	1.7677e+012	5.2500e-015
-4.660e+000	2.9483e-007	-1.8046e+012	-1.7862e+012	1.7861e+012	5.2500e-015
-4.650e+000	2.9499e-007	-1.8230e+012	-1.8046e+012	1.8045e+012	5.2500e-015
-4.640e+000	2.9514e-007	-1.8414e+012	-1.8230e+012	1.8229e+012	5.2500e-015
-4.630e+000	2.9529e-007	-1.8598e+012	-1.8414e+012	1.8414e+012	5.2500e-015
-4.620e+000	2.9545e-007	-1.8783e+012	-1.8598e+012	1.8598e+012	5.2500e-015
-4.610e+000	2.9552e-007	-1.8967e+012	-1.8783e+012	1.8782e+012	5.2500e-015
-4.600e+000	2.9575e-007	-1.9152e+012	-1.8967e+012	1.8967e+012	5.2500e-015
-4.590e+000	2.9590e-007	-1.9337e+012	-1.9152e+012	1.9151e+012	5.2500e-015
-4.580e+000	2.9605e-007	-1.9521e+012	-1.9337e+012	1.9336e+012	5.2500e-015
-4.570e+000	2.9621e-007	-1.9706e+012	-1.9521e+012	1.9521e+012	5.2500e-015
-4.560e+000	2.9637e-007	-1.9891e+012	-1.9706e+012	1.9706e+012	5.2500e-015
-4.550e+000	2.9653e-007	-2.0076e+012	-1.9891e+012	1.9891e+012	5.2500e-015
-4.540e+000	2.9669e-007	-2.0261e+012	-2.0076e+012	2.0076e+012	5.2500e-015
-4.530e+000	2.9685e-007	-2.0447e+012	-2.0261e+012	2.0261e+012	5.2500e-015
-4.520e+000	2.9701e-007	-2.0632e+012	-2.0447e+012	2.0446e+012	5.2500e-015
-4.510e+000	2.9718e-007	-2.0818e+012	-2.0632e+012	2.0632e+012	5.2500e-015
-4.500e+000	2.9735e-007	-2.1003e+012	-2.0818e+012	2.0817e+012	5.2500e-015
-4.490e+000	2.9752e-007	-2.1189e+012	-2.1003e+012	2.1003e+012	5.2500e-015
-4.480e+000	2.9770e-007	-2.1375e+012	-2.1189e+012	2.1188e+012	5.2500e-015
-4.470e+000	2.9787e-007	-2.1561e+012	-2.1375e+012	2.1374e+012	5.2500e-015
-4.460e+000	2.9806e-007	-2.1747e+012	-2.1561e+012	2.1560e+012	5.2500e-015
-4.450e+000	2.9824e-007	-2.1933e+012	-2.1747e+012	2.1746e+012	5.2500e-015
-4.440e+000	2.9843e-007	-2.2119e+012	-2.1933e+012	2.1932e+012	5.2500e-015
-4.430e+000	2.9863e-007	-2.2305e+012	-2.2119e+012	2.2119e+012	5.2500e-015
-4.420e+000	2.9882e-007	-2.2492e+012	-2.2305e+012	2.2305e+012	5.2500e-015
-4.410e+000	2.9903e-007	-2.2679e+012	-2.2492e+012	2.2492e+012	5.2500e-015
-4.400e+000	2.9923e-007	-2.2865e+012	-2.2679e+012	2.2678e+012	5.2500e-015
-4.390e+000	2.9945e-007	-2.3052e+012	-2.2865e+012	2.2865e+012	5.2500e-015
-4.380e+000	2.9966e-007	-2.3239e+012	-2.3052e+012	2.3052e+012	5.2500e-015
-4.370e+000	2.9989e-007	-2.3426e+012	-2.3239e+012	2.3239e+012	5.2500e-015
-4.360e+000	3.0012e-007	-2.3614e+012	-2.3426e+012	2.3426e+012	5.2500e-015
-4.350e+000	3.0035e-007	-2.3801e+012	-2.3614e+012	2.3613e+012	5.2500e-015
-4.340e+000	3.0059e-007	-2.3989e+012	-2.3801e+012	2.3801e+012	5.2500e-015
-4.330e+000	3.0084e-007	-2.4177e+012	-2.3989e+012	2.3988e+012	5.2500e-015
-4.320e+000	3.0109e-007	-2.4364e+012	-2.4177e+012	2.4176e+012	5.2500e-015
-4.310e+000	3.0135e-007	-2.4553e+012	-2.4364e+012	2.4364e+012	5.2500e-015
-4.300e+000	3.0161e-007	-2.4741e+012	-2.4553e+012	2.4552e+012	5.2500e-015
-4.290e+000	3.0188e-007	-2.4929e+012	-2.4741e+012	2.4740e+012	5.2500e-015
-4.280e+000	3.0216e-007	-2.5118e+012	-2.4929e+012	2.4929e+012	5.2500e-015
-4.270e+000	3.0244e-007	-2.5307e+012	-2.5118e+012	2.5117e+012	5.2500e-015
-4.260e+000	3.0273e-007	-2.5496e+012	-2.5307e+012	2.5306e+012	5.2500e-015
-4.250e+000	3.0303e-007	-2.5685e+012	-2.5496e+012	2.5495e+012	5.2500e-015
-4.240e+000	3.0333e-007	-2.5874e+012	-2.5685e+012	2.5684e+012	5.2500e-015
-4.230e+000	3.0364e-007	-2.6064e+012	-2.5874e+012	2.5874e+012	5.2500e-015
-4.220e+000	3.0395e-007	-2.6253e+012	-2.6064e+012	2.6063e+012	5.2500e-015
-4.210e+000	3.0427e-007	-2.6443e+012	-2.6253e+012	2.6253e+012	5.2500e-015
-4.200e+000	3.0460e-007	-2.6633e+012	-2.6443e+012	2.6443e+012	5.2500e-015
-4.190e+000	3.0493e-007	-2.6824e+012	-2.6633e+012	2.6633e+012	5.2500e-015
-4.180e+000	3.0526e-007	-2.7014e+012	-2.6824e+012	2.6823e+012	5.2500e-015
-4.170e+000	3.0561e-007	-2.7205e+012	-2.7014e+012	2.7014e+012	5.2500e-015
-4.160e+000	3.0595e-007	-2.7396e+012	-2.7205e+012	2.7204e+012	5.2500e-015
-4.150e+000	3.0630e-007	-2.7587e+012	-2.7396e+012	2.7395e+012	5.2500e-015
-4.140e+000	3.0665e-007	-2.7778e+012	-2.7587e+012	2.7587e+012	5.2500e-015
-4.130e+000	3.0701e-007	-2.7970e+012	-2.7778e+012	2.7778e+012	5.2500e-015
-4.120e+000	3.0737e-007	-2.8162e+012	-2.7970e+012	2.7970e+012	5.2500e-015
-4.110e+000	3.0773e-007	-2.8354e+012	-2.8162e+012	2.8161e+012	5.2500e-015
-4.100e+000	3.0810e-007	-2.8546e+012	-2.8354e+012	2.8354e+012	5.2500e-015
-4.090e+000	3.0846e-007	-2.8739e+012	-2.8546e+012	2.8546e+012	5.2500e-015
-4.080e+000	3.0883e-007	-2.8932e+012	-2.8739e+012	2.8738e+012	5.2500e-015
-4.070e+000	3.0920e-007	-2.9125e+012	-2.8932e+012	2.8931e+012	5.2500e-015
-4.060e+000	3.0957e-007	-2.9318e+012	-2.9125e+012	2.9124e+012	5.2500e-015
-4.050e+000	3.0994e-007	-2.9511e+012	-2.9318e+012	2.9317e+012	5.2500e-015
-4.040e+000	3.1031e-007	-2.9705e+012	-2.9511e+012	2.9511e+012	5.2500e-015
-4.030e+000	3.1068e-007	-2.9899e+012	-2.9705e+012	2.9704e+012	5.2500e-015
-4.020e+000	3.1105e-007	-3.0093e+012	-2.9899e+012	2.9898e+012	5.2500e-015
-4.010e+000	3.1142e-007	-3.0287e+012	-3.0093e+012	3.0093e+012	5.2500e-015
-4.000e+000	3.1179e-007	-3.0482e+012	-3.0287e+012	3.0287e+012	5.2500e-015
-3.990e+000	3.1215e-007	-3.0677e+012	-3.0482e+012	3.0481e+012	5.2500e-015
-3.980e+000	3.1252e-007	-3.0872e+012	-3.0677e+012	3.0676e+012	5.2500e-015
-3.970e+000	3.1288e-007	-3.1067e+012	-3.0872e+012	3.0871e+012	5.2500e-015
-3.960e+000	3.1323e-007	-3.1263e+012	-3.1067e+012	3.1067e+012	5.2500e-015
-3.950e+000	3.1359e-007	-3.1458e+012	-3.1263e+012	3.1262e+012	5.2500e-015
-3.940e+000	3.1394e-007	-3.1654e+012	-3.1458e+012	3.1458e+012	5.2500e-015
-3.930e+000	3.1429e-007	-3.1850e+012	-3.1654e+012	3.1654e+012	5.2500e-015
-3.920e+000	3.1463e-007	-3.2047e+012	-3.1850e+012	3.1850e+012	5.2500e-015
-3.910e+000	3.1497e-007	-3.2243e+012	-3.2047e+012	3.2046e+012	5.2500e-015
-3.900e+000	3.1531e-007	-3.2440e+012	-3.2243e+012	3.2243e+012	5.2500e-015
-3.890e+000	3.1564e-007	-3.2637e+012	-3.2440e+012	3.2440e+012	5.2500e-015
-3.880e+000	3.1597e-007	-3.2834e+012	-3.2637e+012	3.2637e+012	5.2500e-015
-3.870e+000	3.1629e-007	-3.3032e+012	-3.2834e+012	3.2834e+012	5.2500e-015
-3.860e+000	3.1661e-007	-3.3229e+012	-3.3032e+012	3.3031e+012	5.2500e-015
-3.850e+000	3.1692e-007	-3.3427e+012	-3.3229e+012	3.3229e+012	5.2500e-015
-3.840e+000	3.1723e-007	-3.3625e+012	-3.3427e+012	3.3427e+012	5.2500e-015
-3.830e+000	3.1754e-007	-3.3823e+012	-3.3625e+012	3.3625e+012	5.2500e-015
-3.820e+000	3.1784e-007	-3.4022e+012	-3.3823e+012	3.3823e+012	5.2500e-015
-3.810e+000	3.1813e-007	-3.4220e+012	-3.4022e+012	3.4021e+012	5.2500e-015
-3.800e+000	3.1842e-007	-3.4419e+012	-3.4220e+012	3.4220e+012	5.2500e-015
-3.790e+000	3.1870e-007	-3.4618e+012	-3.4419e+012	3.4419e+012	5.2500e-015
-3.780e+000	3.1898e-007	-3.4817e+012	-3.4618e+012	3.4618e+012	5.2500e-015
-3.770e+000	3.1926e-007	-3.5016e+012	-3.4817e+012	3.4817e+012	5.2500e-015
-3.760e+000	3.1953e-007	-3.5216e+012	-3.5016e+012	3.5016e+012	5.2500e-015
-3.750e+000	3.1979e-007	-3.5415e+012	-3.5216e+012	3.5215e+012	5.2500e-015
-3.740e+000	3.2005e-007	-3.5615e+012	-3.5415e+012	3.5415e+012	5.2500e-015
-3.730e+000	3.2031e-007	-3.5815e+012	-3.5615e+012	3.5615e+012	5.2500e-015
-3.720e+000	3.2056e-007	-3.6015e+012	-3.5815e+012	3.5815e+012	5.2500e-015
-3.710e+000	3.2080e-007	-3.6215e+012	-3.6015e+012	3.6015e+012	5.2500e-015
-3.700e+000	3.2104e-007	-3.6416e+012	-3.6215e+012	3.6215e+012	5.2500e-015
-3.690e+000	3.2128e-007	-3.6616e+012	-3.6416e+012	3.6415e+012	5.2500e-015
-3.680e+000	3.2151e-007	-3.6817e+012	-3.6616e+012	3.6616e+012	5.2500e-015
-3.670e+000	3.2174e-007	-3.7018e+012	-3.6817e+012	3.6817e+012	5.2500e-015
-3.660e+000	3.2196e-007	-3.7219e+012	-3.7018e+012	3.7017e+012	5.2500e-015
-3.650e+000	3.2218e-007	-3.7420e+012	-3.7219e+012	3.7218e+012	5.2500e-015
-3.640e+000	3.2240e-007	-3.7621e+012	-3.7420e+012	3.7419e+012	5.2500e-015
-3.630e+000	3.2261e-007	-3.7822e+012	-3.7621e+012	3.7621e+012	5.2500e-015
-3.620e+000	3.2281e-007	-3.8024e+012	-3.7822e+012	3.7822e+012	5.2500e-015
-3.610e+000	3.2302e-007	-3.8225e+012	-3.8024e+012	3.8023e+012	5.2500e-015
-3.600e+000	3.2321e-007	-3.8427e+012	-3.8225e+012	3.8225e+012	5.2500e-015
-3.590e+000	3.2341e-007	-3.8629e+012	-3.8427e+012	3.8427e+012	5.2500e-015
-3.580e+000	3.2360e-007	-3.8831e+012	-3.8629e+012	3.8629e+012	5.2500e-015
-3.570e+000	3.2379e-007	-3.9033e+012	-3.8831e+012	3.8831e+012	5.2500e-015
-3.560e+000	3.2397e-007	-3.9235e+012	-3.9033e+012	3.9033e+012	5.2500e-015
-3.550e+000	3.2415e-007	-3.9438e+012	-3.9235e+012	3.9235e+012	5.2500e-015
-3.540e+000	3.2433e-007	-3.9640e+012	-3.9438e+012	3.9437e+012	5.2500e-015
-3.530e+000	3.2450e-007	-3.9843e+012	-3.9640e+012	3.9640e+012	5.2500e-015
-3.520e+000	3.2467e-007	-4.0045e+012	-3.9843e+012	3.9842e+012	5.2500e-015
-3.510e+000	3.2484e-007	-4.0248e+012	-4.0045e+012	4.0045e+012	5.2500e-015
-3.500e+000	3.2500e-007	-4.0451e+012	-4.0248e+012	4.0248e+012	5.2500e-015
-3.490e+000	3.2516e-007	-4.0654e+012	-4.0451e+012	4.0450e+012	5.2500e-015
-3.480e+000	3.2532e-007	-4.0857e+012	-4.0654e+012	4.0653e+012	5.2500e-015
-3.470e+000	3.2548e-007	-4.1060e+012	-4.0857e+012	4.0856e+012	5.2500e-015
-3.460e+000	3.2563e-007	-4.1263e+012	-4.1060e+012	4.1060e+012	5.2500e-015
-3.450e+000	3.2578e-007	-4.1467e+012	-4.1263e+012	4.1263e+012	5.2500e-015
-3.440e+000	3.2593e-007	-4.1670e+012	-4.1467e+012	4.1466e+012	5.2500e-015
-3.430e+000	3.2607e-007	-4.1874e+012	-4.1670e+012	4.1670e+012	5.2500e-015
-3.420e+000	3.2621e-007	-4.2077e+012	-4.1874e+012	4.1873e+012	5.2500e-015
-3.410e+000	3.2635e-007	-4.2281e+012	-4.2077e+012	4.2077e+012	5.2500e-015
-3.400e+000	3.2649e-007	-4.2485e+012	-4.2281e+012	4.2280e+012	5.2500e-015
-3.390e+000	3.2662e-007	-4.2688e+012	-4.2485e+012	4.2484e+012	5.2500e-015
-3.380e+000	3.2676e-007	-4.2892e+012	-4.2688e+012	4.2688e+012	5.2500e-015
-3.370e+000	3.2689e-007	-4.3096e+012	-4.2892e+012	4.2892e+012	5.2500e-015
-3.360e+000	3.2702e-007	-4.3301e+012	-4.3096e+012	4.3096e+012	5.2500e-015
-3.350e+000	3.2714e-007	-4.3505e+012	-4.3301e+012	4.3300e+012	5.2500e-015
-3.340e+000	3.2726e-007	-4.3709e+012	-4.3505e+012	4.3504e+012	5.2500e-015
-3.330e+000	3.2739e-007	-4.3913e+012	-4.3709e+012	4.3709e+012	5.2500e-015
-3.320e+000	3.2751e-007	-4.4118e+012	-4.3913e+012	4.3913e+012	5.2500e-015
-3.310e+000	3.2762e-007	-4.4322e+012	-4.4118e+012	4.4117e+012	5.2500e-015
-3.300e+000	3.2774e-007	-4.4527e+012	-4.4322e+012	4.4322e+012	5.2500e-015
-3.290e+000	3.2785e-007	-4.4731e+012	-4.4527e+012	4.4526e+012	5.2500e-015
-3.280e+000	3.2797e-007	-4.4936e+012	-4.4731e+012	4.4731e+012	5.2500e-015
-3.270e+000	3.2808e-007	-4.5141e+012	-4.4936e+012	4.4936e+012	5.2500e-015
-3.260e+000	3.2819e-007	-4.5346e+012	-4.5141e+012	4.5141e+012	5.2500e-015
-3.250e+000	3.2829e-007	-4.5551e+012	-4.5346e+012	4.5345e+012	5.2500e-015
-3.240e+000	3.2840e-007	-4.5756e+012	-4.5551e+012	4.5550e+012	5.2500e-015
-3.230e+000	3.2850e-007	-4.5961e+012	-4.5756e+012	4.5755e+012	5.2500e-015
-3.220e+000	3.2861e-007	-4.6166e+012	-4.5961e+012	4.5960e+012	5.2500e-015
-3.210e+000	3.2871e-007	-4.6371e+012	-4.6166e+012	4.6165e+012	5.2500e-015
-3.200e+000	3.2881e-007	-4.6576e+012	-4.6371e+012	4.6371e+012	5.2500e-015
-3.190e+000	3.2890e-007	-4.6781e+012	-4.6576e+012	4.6576e+012	5.2500e-015
-3.180e+000	3.2900e-007	-4.6987e+012	-4.6781e+012	4.6781e+012	5.2500e-015
-3.170e+000	3.2910e-007	-4.7192e+012	-4.6987e+012	4.6986e+012	5.2500e-015
-3.160e+000	3.2919e-007	-4.7398e+012	-4.7192e+012	4.7192e+012	5.2500e-015
-3.150e+000	3.2928e-007	-4.7603e+012	-4.7398e+012	4.7397e+012	5.2500e-015
-3.140e+000	3.2938e-007	-4.7809e+012	-4.7603e+012	4.7603e+012	5.2500e-015
-3.130e+000	3.2947e-007	-4.8014e+012	-4.7809e+012	4.7808e+012	5.2500e-015
-3.120e+000	3.2955e-007	-4.8220e+012	-4.8014e+012	4.8014e+012	5.2500e-015
-3.110e+000	3.2964e-007	-4.8426e+012	-4.8220e+012	4.8220e+012	5.2500e-015
-3.100e+000	3.2973e-007	-4.8632e+012	-4.8426e+012	4.8425e+012	5.2500e-015
-3.090e+000	3.2982e-007	-4.8837e+012	-4.8632e+012	4.8631e+012	5.2500e-015
-3.080e+000	3.2990e-007	-4.9043e+012	-4.8837e+012	4.8837e+012	5.2500e-015
-3.070e+000	3.2998e-007	-4.9249e+012	-4.9043e+012	4.9043e+012	5.2500e-015
-3.060e+000	3.3007e-007	-4.9455e+012	-4.9249e+012	4.9249e+012	5.2500e-015
-3.050e+000	3.3015e-007	-4.9661e+012	-4.9455e+012	4.9455e+012	5.2500e-015
-3.040e+000	3.3023e-007	-4.9868e+012	-4.9661e+012	4.9661e+012	5.2500e-015
-3.030e+000	3.3031e-007	-5.0074e+012	-4.9868e+012	4.9867e+012	5.2500e-015
-3.020e+000	3.3039e-007	-5.0280e+012	-5.0074e+012	5.0073e+012	5.2500e-015
-3.010e+000	3.3046e-007	-5.0486e+012	-5.0280e+012	5.0279e+012	5.2500e-015
-3.000e+000	3.3054e-007	-5.0692e+012	-5.0486e+012	5.0486e+012	5.2500e-015
-2.990e+000	3.3062e-007	-5.0899e+012	-5.0692e+012	5.0692e+012	5.2500e-015
-2.980e+000	3.3069e-007	-5.1105e+012	-5.0899e+012	5.0898e+012	5.2500e-015
-2.970e+000	3.3077e-007	-5.1312e+012	-5.1105e+012	5.1105e+012	5.2500e-015
-2.960e+000	3.3084e-007	-5.1518e+012	-5.1312e+012	5.1311e+012	5.2500e-015
-2.950e+000	3.3091e-007	-5.1725e+012	-5.1518e+012	5.1518e+012	5.2500e-015
-2.940e+000	3.3098e-007	-5.1931e+012	-5.1725e+012	5.1724e+012	5.2500e-015
-2.930e+000	3.3105e-007	-5.2138e+012	-5.1931e+012	5.1931e+012	5.2500e-015
-2.920e+000	3.3112e-007	-5.2345e+012	-5.2138e+012	5.2138e+012	5.2500e-015
-2.910e+000	3.3119e-007	-5.2551e+012	-5.2345e+012	5.2344e+012	5.2500e-015
-2.900e+000	3.3126e-007	-5.2758e+012	-5.2551e+012	5.2551e+012	5.2500e-015
-2.890e+000	3.3133e-007	-5.2965e+012	-5.2758e+012	5.2758e+012	5.2500e-015
-2.880e+000	3.3140e-007	-5.3172e+012	-5.2965e+012	5.2964e+012	5.2500e-015
-2.870e+000	3.3146e-007	-5.3379e+012	-5.3172e+012	5.3171e+012	5.2500e-015
-2.860e+000	3.3153e-007	-5.3585e+012	-5.3379e+012	5.3378e+012	5.2500e-015
-2.850e+000	3.3159e-007	-5.3792e+012	-5.3585e+012	5.3585e+012	5.2500e-015
-2.840e+000	3.3166e-007	-5.3999e+012	-5.3792e+012	5.3792e+012	5.2500e-015
-2.830e+000	3.3172e-007	-5.4207e+012	-5.3999e+012	5.3999e+012	5.2500e-015
-2.820e+000	3.3179e-007	-5.4414e+012	-5.4207e+012	5.4206e+012	5.2500e-015
-2.810e+000	3.3185e-007	-5.4621e+012	-5.4414e+012	5.4413e+012	5.2500e-015
-2.800e+000	3.3191e-007	-5.4828e+012	-5.4621e+012	5.4620e+012	5.2500e-015
-2.790e+000	3.3197e-007	-5.5035e+012	-5.4828e+012	5.4827e+012	5.2500e-015
-2.780e+000	3.3203e-007	-5.5242e+012	-5.5035e+012	5.5035e+012	5.2500e-015
-2.770e+000	3.3209e-007	-5.5450e+012	-5.5242e+012	5.5242e+012	5.2500e-015
-2.760e+000	3.3215e-007	-5.5657e+012	-5.5450e+012	5.5449e+012	5.2500e-015
-2.750e+000	3.3221e-007	-5.5864e+012	-5.5657e+012	5.5656e+012	5.2500e-015
-2.740e+000	3.3227e-007	-5.6072e+012	-5.5864e+012	5.5864e+012	5.2500e-015
-2.730e+000	3.3233e-007	-5.6279e+012	-5.6072e+012	5.6071e+012	5.2500e-015
-2.720e+000	3.3238e-007	-5.6487e+012	-5.6279e+012	5.6279e+012	5.2500e-015
-2.710e+000	3.3244e-007	-5.6694e+012	-5.6487e+012	5.6486e+012	5.2500e-015
-2.700e+000	3.3250e-007	-5.6902e+012	-5.6694e+012	5.6694e+012	5.2500e-015
-2.690e+000	3.3255e-007	-5.7109e+012	-5.6902e+012	5.6901e+012	5.2500e-015
-2.680e+000	3.3261e-007	-5.7317e+012	-5.7109e+012	5.7109e+012	5.2500e-015
-2.670e+000	3.3266e-007	-5.7524e+012	-5.7317e+012	5.7316e+012	5.2500e-015
-2.660e+000	3.3272e-007	-5.7732e+012	-5.7524e+012	5.7524e+012	5.2500e-015
-2.650e+000	3.3277e-007	-5.7940e+012	-5.7732e+012	5.7732e+012	5.2500e-015
-2.640e+000	3.3283e-007	-5.8147e+012	-5.7940e+012	5.7939e+012	5.2500e-015
-2.630e+000	3.3288e-007	-5.8355e+012	-5.8147e+012	5.8147e+012	5.2500e-015
-2.620e+000	3.3293e-007	-5.8563e+012	-5.8355e+012	5.8355e+012	5.2500e-015
-2.610e+000	3.3299e-007	-5.8771e+012	-5.8563e+012	5.8563e+012	5.2500e-015
-2.600e+000	3.3304e-007	-5.8979e+012	-5.8771e+012	5.8770e+012	5.2500e-015
-2.590e+000	3.3309e-007	-5.9187e+012	-5.8979e+012	5.8978e+012	5.2500e-015
-2.580e+000	3.3314e-007	-5.9395e+012	-5.9187e+012	5.9186e+012	5.2500e-015
-2.570e+000	3.3319e-007	-5.9602e+012	-5.9395e+012	5.9394e+012	5.2500e-015
-2.560e+000	3.3324e-007	-5.9810e+012	-5.9602e+012	5.9602e+012	5.2500e-015
-2.550e+000	3.3329e-007	-6.0019e+012	-5.9810e+012	5.9810e+012	5.2500e-015
-2.540e+000	3.3334e-007	-6.0227e+012	-6.0019e+012	6.0018e+012	5.2500e-015
-2.530e+000	3.3339e-007	-6.0435e+012	-6.0227e+012	6.0226e+012	5.2500e-015
-2.520e+000	3.3344e-007	-6.0643e+012	-6.0435e+012	6.0434e+012	5.2500e-015
-2.510e+000	3.3349e-007	-6.0851e+012	-6.0643e+012	6.0642e+012	5.2500e-015
-2.500e+000	3.3353e-007	-6.1059e+012	-6.0851e+012	6.0850e+012	5.2500e-015
-2.490e+000	3.3358e-007	-6.1267e+012	-6.1059e+012	6.1059e+012	5.2500e-015
-2.480e+000	3.3363e-007	-6.1476e+012	-6.1267e+012	6.1267e+012	5.2500e-015
-2.470e+000	3.3368e-007	-6.1684e+012	-6.1476e+012	6.1475e+012	5.2500e-015
-2.460e+000	3.3372e-007	-6.1892e+012	-6.1684e+012	6.1683e+012	5.2500e-015
-2.450e+000	3.3377e-007	-6.2100e+012	-6.1892e+012	6.1892e+012	5.2500e-015
-2.440e+000	3.3382e-007	-6.2309e+012	-6.2100e+012	6.2100e+012	5.2500e-015
-2.430e+000	3.3386e-007	-6.2517e+012	-6.2309e+012	6.2308e+012	5.2500e-015
-2.420e+000	3.3391e-007	-6.2726e+012	-6.2517e+012	6.2517e+012	5.2500e-015
-2.410e+000	3.3395e-007	-6.2934e+012	-6.2726e+012	6.2725e+012	5.2500e-015
-2.400e+000	3.3400e-007	-6.3142e+012	-6.2934e+012	6.2934e+012	5.2500e-015
-2.390e+000	3.3404e-007	-6.3351e+012	-6.3142e+012	6.3142e+012	5.2500e-015
-2.380e+000	3.3408e-007	-6.3559e+012	-6.3351e+012	6.3351e+012	5.2500e-015
-2.370e+000	3.3413e-007	-6.3768e+012	-6.3559e+012	6.3559e+012	5.2500e-015
-2.360e+000	3.3417e-007	-6.3977e+012	-6.3768e+012	6.3768e+012	5.2500e-015
-2.350e+000	3.3422e-007	-6.4185e+012	-6.3977e+012	6.3976e+012	5.2500e-015
-2.340e+000	3.3426e-007	-6.4394e+012	-6.4185e+012	6.4185e+012	5.2500e-015
-2.330e+000	3.3430e-007	-6.4602e+012	-6.4394e+012	6.4393e+012	5.2500e-015
-2.320e+000	3.3434e-007	-6.4811e+012	-6.4602e+012	6.4602e+012	5.2500e-015
-2.310e+000	3.3439e-007	-6.5020e+012	-6.4811e+012	6.4811e+012	5.2500e-015
-2.300e+000	3.3443e-007	-6.5229e+012	-6.5020e+012	6.5019e+012	5.2500e-015
-2.290e+000	3.3447e-007	-6.5437e+012	-6.5229e+012	6.5228e+012	5.2500e-015
-2.280e+000	3.3451e-007	-6.5646e+012	-6.5437e+012	6.5437e+012	5.2500e-015
-2.270e+000	3.3455e-007	-6.5855e+012	-6.5646e+012	6.5646e+012	5.2500e-015
-2.260e+000	3.3459e-007	-6.6064e+012	-6.5855e+012	6.5855e+012	5.2500e-015
-2.250e+000	3.3463e-007	-6.6273e+012	-6.6064e+012	6.6063e+012	5.2500e-015
-2.240e+000	3.3467e-007	-6.6481e+012	-6.6273e+012	6.6272e+012	5.2500e-015
-2.230e+000	3.3471e-007	-6.6690e+012	-6.6481e+012	6.6481e+012	5.2500e-015
-2.220e+000	3.3475e-007	-6.6899e+012	-6.6690e+012	6.6690e+012	5.2500e-015
-2.210e+000	3.3479e-007	-6.7108e+012	-6.6899e+012	6.6899e+012	5.2500e-015
-2.200e+000	3.3483e-007	-6.7317e+012	-6.7108e+012	6.7108e+012	5.2500e-015
-2.190e+000	3.3487e-007	-6.7526e+012	-6.7317e+012	6.7317e+012	5.2500e-015
-2.180e+000	3.3491e-007	-6.7735e+012	-6.7526e+012	6.7526e+012	5.2500e-015
-2.170e+000	3.3495e-007	-6.7944e+012	-6.7735e+012	6.7735e+012	5.2500e-015
-2.160e+000	3.3499e-007	-6.8153e+012	-6.7944e+012	6.7944e+012	5.2500e-015
-2.150e+000	3.3502e-007	-6.8363e+012	-6.8153e+012	6.8153e+012	5.2500e-015
-2.140e+000	3.3506e-007	-6.8572e+012	-6.8363e+012	6.8362e+012	5.2500e-015
-2.130e+000	3.3510e-007	-6.8781e+012	-6.8572e+012	6.8571e+012	5.2500e-015
-2.120e+000	3.3514e-007	-6.8990e+012	-6.8781e+012	6.8780e+012	5.2500e-015
-2.110e+000	3.3517e-007	-6.9199e+012	-6.8990e+012	6.8990e+012	5.2500e-015
-2.100e+000	3.3521e-007	-6.9408e+012	-6.9199e+012	6.9199e+012	5.2500e-015
-2.090e+000	3.3525e-007	-6.9618e+012	-6.9408e+012	6.9408e+012	5.2500e-015
-2.080e+000	3.3528e-007	-6.9827e+012	-6.9618e+012	6.9617e+012	5.2500e-015
-2.070e+000	3.3532e-007	-7.0036e+012	-6.9827e+012	6.9827e+012	5.2500e-015
-2.060e+000	3.3536e-007	-7.0246e+012	-7.0036e+012	7.0036e+012	5.2500e-015
-2.050e+000	3.3539e-007	-7.0455e+012	-7.0246e+012	7.0245e+012	5.2500e-015
-2.040e+000	3.3543e-007	-7.0664e+012	-7.0455e+012	7.0454e+012	5.2500e-015
-2.030e+000	3.3546e-007	-7.0874e+012	-7.0664e+012	7.0664e+012	5.2500e-015
-2.020e+000	3.3550e-007	-7.1083e+012	-7.0874e+012	7.0873e+012	5.2500e-015
-2.010e+000	3.3553e-007	-7.1292e+012	-7.1083e+012	7.1083e+012	5.2500e-015
-2.000e+000	3.3557e-007	-7.1502e+012	-7.1292e+012	7.1292e+012	5.2500e-015
-1.990e+000	3.3560e-007	-7.1711e+012	-7.1502e+012	7.1501e+012	5.2500e-015
-1.980e+000	3.3564e-007	-7.1921e+012	-7.1711e+012	7.1711e+012	5.2500e-015
-1.970e+000	3.3567e-007	-7.2130e+012	-7.1921e+012	7.1920e+012	5.2500e-015
-1.960e+000	3.3571e-007	-7.2340e+012	-7.2130e+012	7.2130e+012	5.2500e-015
-1.950e+000	3.3574e-007	-7.2549e+012	-7.2340e+012	7.2339e+012	5.2500e-015
-1.940e+000	3.3578e-007	-7.2759e+012	-7.2549e+012	7.2549e+012	5.2500e-015
-1.930e+000	3.3581e-007	-7.2969e+012	-7.2759e+012	7.2759e+012	5.2500e-015
-1.920e+000	3.3584e-007	-7.3178e+012	-7.2969e+012	7.2968e+012	5.2500e-015
-1.910e+000	3.3588e-007	-7.3388e+012	-7.3178e+012	7.3178e+012	5.2500e-015
-1.900e+000	3.3591e-007	-7.3598e+012	-7.3388e+012	7.3387e+012	5.2500e-015
-1.890e+000	3.3594e-007	-7.3807e+012	-7.3598e+012	7.3597e+012	5.2500e-015
-1.880e+000	3.3598e-007	-7.4017e+012	-7.3807e+012	7.3807e+012	5.2500e-015
-1.870e+000	3.3601e-007	-7.4227e+012	-7.4017e+012	7.4017e+012	5.2500e-015
-1.860e+000	3.3604e-007	-7.4436e+012	-7.4227e+012	7.4226e+012	5.2500e-015
-1.850e+000	3.3607e-007	-7.4646e+012	-7.4436e+012	7.4436e+012	5.2500e-015
-1.840e+000	3.3611e-007	-7.4856e+012	-7.4646e+012	7.4646e+012	5.2500e-015
-1.830e+000	3.3614e-007	-7.5066e+012	-7.4856e+012	7.4856e+012	5.2500e-015
-1.820e+000	3.3617e-007	-7.5276e+012	-7.5066e+012	7.5065e+012	5.2500e-015
-1.810e+000	3.3620e-007	-7.5485e+012	-7.5276e+012	7.5275e+012	5.2500e-015
-1.800e+000	3.3623e-007	-7.5695e+012	-7.5485e+012	7.5485e+012	5.2500e-015
-1.790e+000	3.3627e-007	-7.5905e+012	-7.5695e+012	7.5695e+012	5.2500e-015
-1.780e+000	3.3630e-007	-7.6115e+012	-7.5905e+012	7.5905e+012	5.2500e-015
-1.770e+000	3.3633e-007	-7.6325e+012	-7.6115e+012	7.6115e+012	5.2500e-015
-1.760e+000	3.3636e-007	-7.6535e+012	-7.6325e+012	7.6325e+012	5.2500e-015
-1.750e+000	3.3639e-007	-7.6745e+012	-7.6535e+012	7.6534e+012	5.2500e-015
-1.740e+000	3.3642e-007	-7.6955e+012	-7.6745e+012	7.6744e+012	5.2500e-015
-1.730e+000	3.3645e-007	-7.7165e+012	-7.6955e+012	7.6954e+012	5.2500e-015
-1.720e+000	3.3648e-007	-7.7375e+012	-7.7165e+012	7.7164e+012	5.2500e-015
-1.710e+000	3.3651e-007	-7.7585e+012	-7.7375e+012	7.7374e+012	5.2500e-015
-1.700e+000	3.3654e-007	-7.7795e+012	-7.7585e+012	7.7584e+012	5.2500e-015
-1.690e+000	3.3657e-007	-7.8005e+012	-7.7795e+012	7.7794e+012	5.2500e-015
-1.680e+000	3.3660e-007	-7.8215e+012	-7.8005e+012	7.8005e+012	5.2500e-015
-1.670e+000	3.3663e-007	-7.8425e+012	-7.8215e+012	7.8215e+012	5.2500e-015
-1.660e+000	3.3666e-007	-7.8635e+012	-7.8425e+012	7.8425e+012	5.2500e-015
-1.650e+000	3.3669e-007	-7.8845e+012	-7.8635e+012	7.8635e+012	5.2500e-015
-1.640e+000	3.3672e-007	-7.9056e+012	-7.8845e+012	7.8845e+012	5.2500e-015
-1.630e+000	3.3675e-007	-7.9266e+012	-7.9056e+012	7.9055e+012	5.2500e-015
-1.620e+000	3.3678e-007	-7.9476e+012	-7.9266e+012	7.9265e+012	5.2500e-015
-1.610e+000	3.3681e-007	-7.9686e+012	-7.9476e+012	7.9476e+012	5.2500e-015
-1.600e+000	3.3684e-007	-7.9896e+012	-7.9686e+012	7.9686e+012	5.2500e-015
-1.590e+000	3.3686e-007	-8.0107e+012	-7.9896e+012	7.9896e+012	5.2500e-015
-1.580e+000	3.3664e-007	-8.0317e+012	-8.0107e+012	8.0106e+012	5.2500e-015
-1.570e+000	3.3647e-007	-8.0527e+012	-8.0317e+012	8.0316e+012	5.2500e-015
-1.560e+000	3.3649e-007	-8.0737e+012	-8.0527e+012	8.0526e+012	5.2500e-015
-1.550e+000	3.3651e-007	-8.0947e+012	-8.0737e+012	8.0736e+012	5.2500e-015
-1.540e+000	3.3653e-007	-8.1157e+012	-8.0947e+012	8.0946e+012	5.2500e-015
-1.530e+000	3.3656e-007	-8.1367e+012	-8.1157e+012	8.1157e+012	5.2500e-015
-1.520e+000	3.3658e-007	-8.1577e+012	-8.1367e+012	8.1367e+012	5.2500e-015
-1.510e+000	3.3660e-007	-8.1787e+012	-8.1577e+012	8.1577e+012	5.2500e-015
-1.500e+000	3.3663e-007	-8.1997e+012	-8.1787e+012	8.1787e+012	5.2500e-015
-1.490e+000	3.3665e-007	-8.2207e+012	-8.1997e+012	8.1997e+012	5.2500e-015
-1.480e+000	3.3667e-007	-8.2418e+012	-8.2207e+012	8.2207e+012	5.2500e-015
-1.470e+000	3.3669e-007	-8.2628e+012	-8.2418e+012	8.2417e+012	5.2500e-015
-1.460e+000	3.3671e-007	-8.2838e+012	-8.2628e+012	8.2627e+012	5.2500e-015
-1.450e+000	3.3674e-007	-8.3048e+012	-8.2838e+012	8.2837e+012	5.2500e-015
-1.440e+000	3.3676e-007	-8.3258e+012	-8.3048e+012	8.3048e+012	5.2500e-015
-1.430e+000	3.3678e-007	-8.3468e+012	-8.3258e+012	8.3258e+012	5.2500e-015
-1.420e+000	3.3680e-007	-8.3679e+012	-8.3468e+012	8.3468e+012	5.2500e-015
-1.410e+000	3.3682e-007	-8.3889e+012	-8.3679e+012	8.3678e+012	5.2500e-015
-1.400e+000	3.3684e-007	-8.4099e+012	-8.3889e+012	8.3888e+012	5.2500e-015
-1.390e+000	3.3686e-007	-8.4309e+012	-8.4099e+012	8.4099e+012	5.2500e-015
-1.380e+000	3.3689e-007	-8.4520e+012	-8.4309e+012	8.4309e+012	5.2500e-015
-1.370e+000	3.3691e-007	-8.4730e+012	-8.4520e+012	8.4519e+012	5.2500e-015
-1.360e+000	3.3693e-007	-8.4940e+012	-8.4730e+012	8.4729e+012	5.2500e-015
-1.350e+000	3.3695e-007	-8.5150e+012	-8.4940e+012	8.4940e+012	5.2500e-015
-1.340e+000	3.3695e-007	-8.5361e+012	-8.5150e+012	8.5150e+012	5.2500e-015
-1.330e+000	3.3699e-007	-8.5571e+012	-8.5361e+012	8.5360e+012	5.2500e-015
-1.320e+000	3.3701e-007	-8.5781e+012	-8.5571e+012	8.5571e+012	5.2500e-015
-1.310e+000	3.3703e-007	-8.5992e+012	-8.5781e+012	8.5781e+012	5.2500e-015
-1.300e+000	3.3705e-007	-8.6202e+012	-8.5992e+012	8.5991e+012	5.2500e-015
-1.290e+000	3.3707e-007	-8.6413e+012	-8.6202e+012	8.6202e+012	5.2500e-015
-1.280e+000	3.3709e-007	-8.6623e+012	-8.6413e+012	8.6412e+012	5.2500e-015
-1.270e+000	3.3711e-007	-8.6833e+012	-8.6623e+012	8.6623e+012	5.2500e-015
-1.260e+000	3.3713e-007	-8.7044e+012	-8.6833e+012	8.6833e+012	5.2500e-015
-1.250e+000	3.3715e-007	-8.7254e+012	-8.7044e+012	8.7043e+012	5.2500e-015
-1.240e+000	3.3717e-007	-8.7465e+012	-8.7254e+012	8.7254e+012	5.2500e-015
-1.230e+000	3.3719e-007	-8.7675e+012	-8.7465e+012	8.7464e+012	5.2500e-015
-1.220e+000	3.3721e-007	-8.7886e+012	-8.7675e+012	8.7675e+012	5.2500e-015
-1.210e+000	3.3723e-007	-8.8096e+012	-8.7886e+012	8.7885e+012	5.2500e-015
-1.200e+000	3.3725e-007	-8.8307e+012	-8.8096e+012	8.8096e+012	5.2500e-015
-1.190e+000	3.3727e-007	-8.8517e+012	-8.8307e+012	8.8306e+012	5.2500e-015
-1.180e+000	3.3729e-007	-8.8728e+012	-8.8517e+012	8.8517e+012	5.2500e-015
-1.170e+000	3.3731e-007	-8.8938e+012	-8.8728e+012	8.8727e+012	5.2500e-015
-1.160e+000	3.3733e-007	-8.9149e+012	-8.8938e+012	8.8938e+012	5.2500e-015
-1.150e+000	3.3735e-007	-8.9359e+012	-8.9149e+012	8.9148e+012	5.2500e-015
-1.140e+000	3.3737e-007	-8.9570e+012	-8.9359e+012	8.9359e+012	5.2500e-015
-1.130e+000	3.3739e-007	-8.9780e+012	-8.9570e+012	8.9569e+012	5.2500e-015
-1.120e+000	3.3741e-007	-8.9991e+012	-8.9780e+012	8.9780e+012	5.2500e-015
-1.110e+000	3.3743e-007	-9.0202e+012	-8.9991e+012	8.9991e+012	5.2500e-015
-1.100e+000	3.3744e-007	-9.0412e+012	-9.0202e+012	9.0201e+012	5.2500e-015
-1.090e+000	3.3746e-007	-9.0623e+012	-9.0412e+012	9.0412e+012	5.2500e-015
-1.080e+000	3.3748e-007	-9.0833e+012	-9.0623e+012	9.0622e+012	5.2500e-015
-1.070e+000	3.3750e-007	-9.1044e+012	-9.0833e+012	9.0833e+012	5.2500e-015
-1.060e+000	3.3752e-007	-9.1255e+012	-9.1044e+012	9.1044e+012	5.2500e-015
-1.050e+000	3.3754e-007	-9.1465e+012	-9.1255e+012	9.1254e+012	5.2500e-015
-1.040e+000	3.3756e-007	-9.1676e+012	-9.1465e+012	9.1465e+012	5.2500e-015
-1.030e+000	3.3758e-007	-9.1887e+012	-9.1676e+012	9.1676e+012	5.2500e-015
-1.020e+000	3.3759e-007	-9.2098e+012	-9.1887e+012	9.1886e+012	5.2500e-015
-1.010e+000	3.3761e-007	-9.2308e+012	-9.2098e+012	9.2097e+012	5.2500e-015
-1.000e+000	3.3763e-007	-9.2519e+012	-9.2308e+012	9.2308e+012	5.2500e-015
-9.900e-001	3.3765e-007	-9.2730e+012	-9.2519e+012	9.2519e+012	5.2500e-015
-9.800e-001	3.3767e-007	-9.2940e+012	-9.2730e+012	9.2729e+012	5.2500e-015
-9.700e-001	3.3768e-007	-9.3151e+012	-9.2940e+012	9.2940e+012	5.2500e-015
-9.600e-001	3.3770e-007	-9.3362e+012	-9.3151e+012	9.3151e+012	5.2500e-015
-9.500e-001	3.3772e-007	-9.3573e+012	-9.3362e+012	9.3362e+012	5.2500e-015
-9.400e-001	3.3774e-007	-9.3784e+012	-9.3573e+012	9.3572e+012	5.2500e-015
-9.300e-001	3.3776e-007	-9.3994e+012	-9.3784e+012	9.3783e+012	5.2500e-015
-9.200e-001	3.3777e-007	-9.4205e+012	-9.3994e+012	9.3994e+012	5.2500e-015
-9.100e-001	3.3779e-007	-9.4416e+012	-9.4205e+012	9.4205e+012	5.2500e-015
-9.000e-001	3.3781e-007	-9.4627e+012	-9.4416e+012	9.4416e+012	5.2500e-015
-8.900e-001	3.3783e-007	-9.4838e+012	-9.4627e+012	9.4627e+012	5.2500e-015
-8.800e-001	3.3784e-007	-9.5049e+012	-9.4838e+012	9.4837e+012	5.2500e-015
-8.700e-001	3.3786e-007	-9.5260e+012	-9.5049e+012	9.5048e+012	5.2500e-015
-8.600e-001	3.3788e-007	-9.5470e+012	-9.5260e+012	9.5259e+012	5.2500e-015
-8.500e-001	3.3790e-007	-9.5681e+012	-9.5470e+012	9.5470e+012	5.2500e-015
-8.400e-001	3.3791e-007	-9.5892e+012	-9.5681e+012	9.5681e+012	5.2500e-015
-8.300e-001	3.3793e-007	-9.6103e+012	-9.5892e+012	9.5892e+012	5.2500e-015
-8.200e-001	3.3795e-007	-9.6314e+012	-9.6103e+012	9.6103e+012	5.2500e-015
-8.100e-001	3.3797e-007	-9.6525e+012	-9.6314e+012	9.6314e+012	5.2500e-015
-8.000e-001	3.3798e-007	-9.6736e+012	-9.6525e+012	9.6525e+012	5.2500e-015
-7.900e-001	3.3800e-007	-9.6947e+012	-9.6736e+012	9.6736e+012	5.2500e-015
-7.800e-001	3.3802e-007	-9.7158e+012	-9.6947e+012	9.6947e+012	5.2500e-015
-7.700e-001	3.3803e-007	-9.7369e+012	-9.7158e+012	9.7157e+012	5.2500e-015
-7.600e-001	3.3805e-007	-9.7580e+012	-9.7369e+012	9.7368e+012	5.2500e-015
-7.500e-001	3.3807e-007	-9.7791e+012	-9.7580e+012	9.7579e+012	5.2500e-015
-7.400e-001	3.3809e-007	-9.8002e+012	-9.7791e+012	9.7790e+012	5.2500e-015
-7.300e-001	3.3810e-007	-9.8213e+012	-9.8002e+012	9.8001e+012	5.2500e-015
-7.200e-001	3.3812e-007	-9.8424e+012	-9.8213e+012	9.8213e+012	5.2500e-015
-7.100e-001	3.3814e-007	-9.8635e+012	-9.8424e+012	9.8424e+012	5.2500e-015
-7.000e-001	3.3815e-007	-9.8846e+012	-9.8635e+012	9.8635e+012	5.2500e-015
-6.900e-001	3.3817e-007	-9.9057e+012	-9.8846e+012	9.8846e+012	5.2500e-015
-6.800e-001	3.3819e-007	-9.9268e+012	-9.9057e+012	9.9057e+012	5.2500e-015
-6.700e-001	3.3820e-007	-9.9479e+012	-9.9268e+012	9.9268e+012	5.2500e-015
-6.600e-001	3.3822e-007	-9.9690e+012	-9.9479e+012	9.9479e+012	5.2500e-015
-6.500e-001	3.3824e-007	-9.9902e+012	-9.9690e+012	9.9690e+012	5.2500e-015
-6.400e-001	3.3825e-007	-1.0011e+013	-9.9902e+012	9.9901e+012	5.2500e-015
-6.300e-001	3.3827e-007	-1.0032e+013	-1.0011e+013	1.0011e+013	5.2500e-015
-6.200e-001	3.3828e-007	-1.0053e+013	-1.0032e+013	1.0032e+013	5.2500e-015
-6.100e-001	3.3830e-007	-1.0075e+013	-1.0053e+013	1.0053e+013	5.2500e-015
-6.000e-001	3.3832e-007	-1.0096e+013	-1.0075e+013	1.0075e+013	5.2500e-015
-5.900e-001	3.3833e-007	-1.0117e+013	-1.0096e+013	1.0096e+013	5.2500e-015
-5.800e-001	3.3835e-007	-1.0138e+013	-1.0117e+013	1.0117e+013	5.2500e-015
-5.700e-001	3.3837e-007	-1.0159e+013	-1.0138e+013	1.0138e+013	5.2500e-015
-5.600e-001	3.3838e-007	-1.0180e+013	-1.0159e+013	1.0159e+013	5.2500e-015
-5.500e-001	3.3840e-007	-1.0201e+013	-1.0180e+013	1.0180e+013	5.2500e-015
-5.400e-001	3.3841e-007	-1.0222e+013	-1.0201e+013	1.0201e+013	5.2500e-015
-5.300e-001	3.3843e-007	-1.0244e+013	-1.0222e+013	1.0222e+013	5.2500e-015
-5.200e-001	3.3845e-007	-1.0265e+013	-1.0244e+013	1.0244e+013	5.2500e-015
-5.100e-001	3.3846e-007	-1.0286e+013	-1.0265e+013	1.0265e+013	5.2500e-015
-5.000e-001	3.3848e-007	-1.0307e+013	-1.0286e+013	1.0286e+013	5.2500e-015
-4.900e-001	3.3849e-007	-1.0328e+013	-1.0307e+013	1.0307e+013	5.2500e-015
-4.800e-001	3.3851e-007	-1.0349e+013	-1.0328e+013	1.0328e+013	5.2500e-015
-4.700e-001	3.3852e-007	-1.0370e+013	-1.0349e+013	1.0349e+013	5.2500e-015
-4.600e-001	3.3854e-007	-1.0391e+013	-1.0370e+013	1.0370e+013	5.2500e-015
-4.500e-001	3.3856e-007	-1.0413e+013	-1.0391e+013	1.0391e+013	5.2500e-015
-4.400e-001	3.3857e-007	-1.0434e+013	-1.0413e+013	1.0413e+013	5.2500e-015
-4.300e-001	3.3859e-007	-1.0455e+013	-1.0434e+013	1.0434e+013	5.2500e-015
-4.200e-001	3.3860e-007	-1.0476e+013	-1.0455e+013	1.0455e+013	5.2500e-015
-4.100e-001	3.3862e-007	-1.0497e+013	-1.0476e+013	1.0476e+013	5.2500e-015
-4.000e-001	3.3863e-007	-1.0518e+013	-1.0497e+013	1.0497e+013	5.2500e-015
-3.900e-001	3.3865e-007	-1.0539e+013	-1.0518e+013	1.0518e+013	5.2500e-015
-3.800e-001	3.3867e-007	-1.0561e+013	-1.0539e+013	1.0539e+013	5.2500e-015
-3.700e-001	3.3868e-007	-1.0582e+013	-1.0561e+013	1.0560e+013	5.2500e-015
-3.600e-001	3.3870e-007	-1.0603e+013	-1.0582e+013	1.0582e+013	5.2500e-015
-3.500e-001	3.3871e-007	-1.0624e+013	-1.0603e+013	1.0603e+013	5.2500e-015
-3.400e-001	3.3873e-007	-1.0645e+013	-1.0624e+013	1.0624e+013	5.2500e-015
-3.300e-001	3.3874e-007	-1.0666e+013	-1.0645e+013	1.0645e+013	5.2500e-015
-3.200e-001	3.3876e-007	-1.0687e+013	-1.0666e+013	1.0666e+013	5.2500e-015
-3.100e-001	3.3877e-007	-1.0709e+013	-1.0687e+013	1.0687e+013	5.2500e-015
-3.000e-001	3.3879e-007	-1.0730e+013	-1.0709e+013	1.0708e+013	5.2500e-015
-2.900e-001	3.3880e-007	-1.0751e+013	-1.0730e+013	1.0730e+013	5.2500e-015
-2.800e-001	3.3882e-007	-1.0772e+013	-1.0751e+013	1.0751e+013	5.2500e-015
-2.700e-001	3.3883e-007	-1.0793e+013	-1.0772e+013	1.0772e+013	5.2500e-015
-2.600e-001	3.3885e-007	-1.0814e+013	-1.0793e+013	1.0793e+013	5.2500e-015
-2.500e-001	3.3886e-007	-1.0835e+013	-1.0814e+013	1.0814e+013	5.2500e-015
-2.400e-001	3.3888e-007	-1.0857e+013	-1.0835e+013	1.0835e+013	5.2500e-015
-2.300e-001	3.3889e-007	-1.0878e+013	-1.0857e+013	1.0857e+013	5.2500e-015
-2.200e-001	3.3891e-007	-1.0899e+013	-1.0878e+013	1.0878e+013	5.2500e-015
-2.100e-001	3.3892e-007	-1.0920e+013	-1.0899e+013	1.0899e+013	5.2500e-015
-2.000e-001	3.3894e-007	-1.0941e+013	-1.0920e+013	1.0920e+013	5.2500e-015
-1.900e-001	3.3895e-007	-1.0962e+013	-1.0941e+013	1.0941e+013	5.2500e-015
-1.800e-001	3.3897e-007	-1.0983e+013	-1.0962e+013	1.0962e+013	5.2500e-015
-1.700e-001	3.3898e-007	-1.1005e+013	-1.0983e+013	1.0983e+013	5.2500e-015
-1.600e-001	3.3900e-007	-1.1026e+013	-1.1005e+013	1.1005e+013	5.2500e-015
-1.500e-001	3.3901e-007	-1.1047e+013	-1.1026e+013	1.1026e+013	5.2500e-015
-1.400e-001	3.3903e-007	-1.1068e+013	-1.1047e+013	1.1047e+013	5.2500e-015
-1.300e-001	3.3904e-007	-1.1089e+013	-1.1068e+013	1.1068e+013	5.2500e-015
-1.200e-001	3.3906e-007	-1.1110e+013	-1.1089e+013	1.1089e+013	5.2500e-015
-1.100e-001	3.3907e-007	-1.1132e+013	-1.1110e+013	1.1110e+013	5.2500e-015
-1.000e-001	3.3909e-007	-1.1153e+013	-1.1132e+013	1.1132e+013	5.2500e-015
-9.000e-002	3.3910e-007	-1.1174e+013	-1.1153e+013	1.1153e+013	5.2500e-015
-8.000e-002	3.3912e-007	-1.1195e+013	-1.1174e+013	1.1174e+013	5.2500e-015
-7.000e-002	3.3913e-007	-1.1216e+013	-1.1195e+013	1.1195e+013	5.2500e-015
-6.000e-002	3.3915e-007	-1.1237e+013	-1.1216e+013	1.1216e+013	5.2500e-015
-5.000e-002	3.3916e-007	-1.1259e+013	-1.1237e+013	1.1237e+013	5.2500e-015
-4.000e-002	3.3918e-007	-1.1280e+013	-1.1259e+013	1.1259e+013	5.2500e-015
-3.000e-002	3.3919e-007	-1.1301e+013	-1.1280e+013	1.1280e+013	5.2500e-015
-2.000e-002	3.3921e-007	-1.1322e+013	-1.1301e+013	1.1301e+013	5.2500e-015
-1.000e-002	3.3922e-007	-1.1343e+013	-1.1322e+013	1.1322e+013	5.2500e-015
0.000e+000	3.3924e-007	-1.1364e+013	-1.1343e+013	1.1343e+013	5.2500e-015
1.000e-002	3.3925e-007	-1.1386e+013	-1.1364e+013	1.1364e+013	5.2500e-015
2.000e-002	3.3926e-007	-1.1407e+013	-1.1386e+013	1.1386e+013	5.2500e-015
3.000e-002	3.3928e-007	-1.1428e+013	-1.1407e+013	1.1407e+013	5.2500e-015
4.000e-002	3.3929e-007	-1.1449e+013	-1.1428e+013	1.1428e+013	5.2500e-015
5.000e-002	3.3931e-007	-1.1470e+013	-1.1449e+013	1.1449e+013	5.2500e-015
6.000e-002	3.3932e-007	-1.1492e+013	-1.1470e+013	1.1470e+013	5.2500e-015
7.000e-002	3.3934e-007	-1.1513e+013	-1.1492e+013	1.1491e+013	5.2500e-015
8.000e-002	3.3935e-007	-1.1534e+013	-1.1513e+013	1.1513e+013	5.2500e-015
9.000e-002	3.3937e-007	-1.1555e+013	-1.1534e+013	1.1534e+013	5.2500e-015
1.000e-001	3.3938e-007	-1.1576e+013	-1.1555e+013	1.1555e+013	5.2500e-015
1.100e-001	3.3939e-007	-1.1597e+013	-1.1576e+013	1.1576e+013	5.2500e-015
1.200e-001	3.3941e-007	-1.1619e+013	-1.1597e+013	1.1597e+013	5.2500e-015
1.300e-001	3.3942e-007	-1.1640e+013	-1.1619e+013	1.1619e+013	5.2500e-015
1.400e-001	3.3944e-007	-1.1661e+013	-1.1640e+013	1.1640e+013	5.2500e-015
1.500e-001	3.3945e-007	-1.1682e+013	-1.1661e+013	1.1661e+013	5.2500e-015
1.600e-001	3.3947e-007	-1.1703e+013	-1.1682e+013	1.1682e+013	5.2500e-015
1.700e-001	3.3948e-007	-1.1725e+013	-1.1703e+013	1.1703e+013	5.2500e-015
1.800e-001	3.3950e-007	-1.1746e+013	-1.1725e+013	1.1725e+013	5.2500e-015
1.900e-001	3.3951e-007	-1.1767e+013	-1.1746e+013	1.1746e+013	5.2500e-015
2.000e-001	3.3952e-007	-1.1788e+013	-1.1767e+013	1.1767e+013	5.2500e-015
2.100e-001	3.3954e-007	-1.1809e+013	-1.1788e+013	1.1788e+013	5.2500e-015
2.200e-001	3.3955e-007	-1.1831e+013	-1.1809e+013	1.1809e+013	5.2500e-015
2.300e-001	3.3957e-007	-1.1852e+013	-1.1831e+013	1.1830e+013	5.2500e-015
2.400e-001	3.3958e-007	-1.1873e+013	-1.1852e+013	1.1852e+013	5.2500e-015
2.500e-001	3.3960e-007	-1.1894e+013	-1.1873e+013	1.1873e+013	5.2500e-015
2.600e-001	3.3961e-007	-1.1915e+013	-1.1894e+013	1.1894e+013	5.2500e-015
2.700e-001	3.3962e-007	-1.1936e+013	-1.1915e+013	1.1915e+013	5.2500e-015
2.800e-001	3.3964e-007	-1.1958e+013	-1.1936e+013	1.1936e+013	5.2500e-015
2.900e-001	3.3965e-007	-1.1979e+013	-1.1958e+013	1.1958e+013	5.2500e-015
3.000e-001	3.3967e-007	-1.2000e+013	-1.1979e+013	1.1979e+013	5.2500e-015
3.100e-001	3.3968e-007	-1.2021e+013	-1.2000e+013	1.2000e+013	5.2500e-015
3.200e-001	3.3970e-007	-1.2042e+013	-1.2021e+013	1.2021e+013	5.2500e-015
3.300e-001	3.3971e-007	-1.2064e+013	-1.2042e+013	1.2042e+013	5.2500e-015
3.400e-001	3.3972e-007	-1.2085e+013	-1.2064e+013	1.2064e+013	5.2500e-015
3.500e-001	3.3974e-007	-1.2106e+013	-1.2085e+013	1.2085e+013	5.2500e-015
3.600e-001	3.3975e-007	-1.2127e+013	-1.2106e+013	1.2106e+013	5.2500e-015
3.700e-001	3.3977e-007	-1.2149e+013	-1.2127e+013	1.2127e+013	5.2500e-015
3.800e-001	3.3978e-007	-1.2170e+013	-1.2149e+013	1.2148e+013	5.2500e-015
3.900e-001	3.3979e-007	-1.2191e+013	-1.2170e+013	1.2170e+013	5.2500e-015
4.000e-001	3.3981e-007	-1.2212e+013	-1.2191e+013	1.2191e+013	5.2500e-015
4.100e-001	3.3982e-007	-1.2233e+013	-1.2212e+013	1.2212e+013	5.2500e-015
4.200e-001	3.3984e-007	-1.2255e+013	-1.2233e+013	1.2233e+013	5.2500e-015
4.300e-001	3.3985e-007	-1.2276e+013	-1.2255e+013	1.2255e+013	5.2500e-015
4.400e-001	3.3986e-007	-1.2297e+013	-1.2276e+013	1.2276e+013	5.2500e-015
4.500e-001	3.3988e-007	-1.2318e+013	-1.2297e+013	1.2297e+013	5.2500e-015
4.600e-001	3.3989e-007	-1.2339e+013	-1.2318e+013	1.2318e+013	5.2500e-015
4.700e-001	3.3991e-007	-1.2361e+013	-1.2339e+013	1.2339e+013	5.2500e-015
4.800e-001	3.3992e-007	-1.2382e+013	-1.2361e+013	1.2361e+013	5.2500e-015
4.900e-001	3.3993e-007	-1.2403e+013	-1.2382e+013	1.2382e+013	5.2500e-015
5.000e-001	3.3995e-007	-1.2424e+013	-1.2403e+013	1.2403e+013	5.2500e-015
5.100e-001	3.3996e-007	-1.2445e+013	-1.2424e+013	1.2424e+013	5.2500e-015
5.200e-001	3.3998e-007	-1.2467e+013	-1.2445e+013	1.2445e+013	5.2500e-015
5.300e-001	3.3999e-007	-1.2488e+013	-1.2467e+013	1.2467e+013	5.2500e-015
5.400e-001	3.4000e-007	-1.2509e+013	-1.2488e+013	1.2488e+013	5.2500e-015
5.500e-001	3.4002e-007	-1.2530e+013	-1.2509e+013	1.2509e+013	5.2500e-015
5.600e-001	3.4003e-007	-1.2552e+013	-1.2530e+013	1.2530e+013	5.2500e-015
5.700e-001	3.4005e-007	-1.2573e+013	-1.2552e+013	1.2552e+013	5.2500e-015
5.800e-001	3.4006e-007	-1.2594e+013	-1.2573e+013	1.2573e+013	5.2500e-015
5.900e-001	3.4007e-007	-1.2615e+013	-1.2594e+013	1.2594e+013	5.2500e-015
6.000e-001	3.4009e-007	-1.2636e+013	-1.2615e+013	1.2615e+013	5.2500e-015
6.100e-001	3.4010e-007	-1.2658e+013	-1.2636e+013	1.2636e+013	5.2500e-015
6.200e-001	3.4012e-007	-1.2679e+013	-1.2658e+013	1.2658e+013	5.2500e-015
6.300e-001	3.4013e-007	-1.2700e+013	-1.2679e+013	1.2679e+013	5.2500e-015
6.400e-001	3.4014e-007	-1.2721e+013	-1.2700e+013	1.2700e+013	5.2500e-015
6.500e-001	3.4016e-007	-1.2743e+013	-1.2721e+013	1.2721e+013	5.2500e-015
6.600e-001	3.4017e-007	-1.2764e+013	-1.2743e+013	1.2743e+013	5.2500e-015
6.700e-001	3.4018e-007	-1.2785e+013	-1.2764e+013	1.2764e+013	5.2500e-015
6.800e-001	3.4020e-007	-1.2806e+013	-1.2785e+013	1.2785e+013	5.2500e-015
6.900e-001	3.4021e-007	-1.2828e+013	-1.2806e+013	1.2806e+013	5.2500e-015
7.000e-001	3.4023e-007	-1.2849e+013	-1.2828e+013	1.2828e+013	5.2500e-015
7.100e-001	3.4024e-007	-1.2870e+013	-1.2849e+013	1.2849e+013	5.2500e-015
7.200e-001	3.4025e-007	-1.2891e+013	-1.2870e+013	1.2870e+013	5.2500e-015
7.300e-001	3.4025e-007	-1.2913e+013	-1.2891e+013	1.2891e+013	5.2500e-015
7.400e-001	3.4026e-007	-1.2934e+013	-1.2913e+013	1.2912e+013	5.2500e-015
7.500e-001	3.4027e-007	-1.2955e+013	-1.2934e+013	1.2934e+013	5.2500e-015
7.600e-001	3.4029e-007	-1.2976e+013	-1.2955e+013	1.2955e+013	5.2500e-015
7.700e-001	3.4030e-007	-1.2997e+013	-1.2976e+013	1.2976e+013	5.2500e-015
7.800e-001	3.4032e-007	-1.3019e+013	-1.2997e+013	1.2997e+013	5.2500e-015
7.900e-001	3.4033e-007	-1.3040e+013	-1.3019e+013	1.3019e+013	5.2500e-015
8.000e-001	3.4034e-007	-1.3061e+013	-1.3040e+013	1.3040e+013	5.2500e-015
8.100e-001	3.4036e-007	-1.3082e+013	-1.3061e+013	1.3061e+013	5.2500e-015
8.200e-001	3.4037e-007	-1.3104e+013	-1.3082e+013	1.3082e+013	5.2500e-015
8.300e-001	3.4039e-007	-1.3125e+013	-1.3104e+013	1.3104e+013	5.2500e-015
8.400e-001	3.4040e-007	-1.3146e+013	-1.3125e+013	1.3125e+013	5.2500e-015
8.500e-001	3.4041e-007	-1.3167e+013	-1.3146e+013	1.3146e+013	5.2500e-015
8.600e-001	3.4043e-007	-1.3189e+013	-1.3167e+013	1.3167e+013	5.2500e-015
8.700e-001	3.4044e-007	-1.3210e+013	-1.3189e+013	1.3189e+013	5.2500e-015
8.800e-001	3.4045e-007	-1.3231e+013	-1.3210e+013	1.3210e+013	5.2500e-015
8.900e-001	3.4047e-007	-1.3252e+013	-1.3231e+013	1.3231e+013	5.2500e-015
9.000e-001	3.4048e-007	-1.3274e+013	-1.3252e+013	1.3252e+013	5.2500e-015
9.100e-001	3.4050e-007	-1.3295e+013	-1.3274e+013	1.3274e+013	5.2500e-015
9.200e-001	3.4051e-007	-1.3316e+013	-1.3295e+013	1.3295e+013	5.2500e-015
9.300e-001	3.4052e-007	-1.3337e+013	-1.3316e+013	1.3316e+013	5.2500e-015
9.400e-001	3.4054e-007	-1.3359e+013	-1.3337e+013	1.3337e+013	5.2500e-015
9.500e-001	3.4055e-007	-1.3380e+013	-1.3359e+013	1.3359e+013	5.2500e-015
9.600e-001	3.4057e-007	-1.3401e+013	-1.3380e+013	1.3380e+013	5.2500e-015
9.700e-001	3.4058e-007	-1.3422e+013	-1.3401e+013	1.3401e+013	5.2500e-015
9.800e-001	3.4060e-007	-1.3444e+013	-1.3422e+013	1.3422e+013	5.2500e-015
9.900e-001	3.4061e-007	-1.3465e+013	-1.3444e+013	1.3444e+013	5.2500e-015
1.000e+000	3.4063e-007	-1.3486e+013	-1.3465e+013	1.3465e+013	5.2500e-015
1.010e+000	3.4064e-007	-1.3507e+013	-1.3486e+013	1.3486e+013	5.2500e-015
1.020e+000	3.4066e-007	-1.3529e+013	-1.3507e+013	1.3507e+013	5.2500e-015
1.030e+000	3.4067e-007	-1.3550e+013	-1.3529e+013	1.3529e+013	5.2500e-015
1.040e+000	3.4069e-007	-1.3571e+013	-1.3550e+013	1.3550e+013	5.2500e-015
1.050e+000	3.4071e-007	-1.3593e+013	-1.3571e+013	1.3571e+013	5.2500e-015
1.060e+000	3.4073e-007	-1.3614e+013	-1.3593e+013	1.3593e+013	5.2500e-015
1.070e+000	3.4075e-007	-1.3635e+013	-1.3614e+013	1.3614e+013	5.2500e-015
1.080e+000	3.4077e-007	-1.3656e+013	-1.3635e+013	1.3635e+013	5.2500e-015
1.090e+000	3.4080e-007	-1.3678e+013	-1.3656e+013	1.3656e+013	5.2500e-015
1.100e+000	3.4083e-007	-1.3699e+013	-1.3678e+013	1.3678e+013	5.2500e-015
1.110e+000	3.4086e-007	-1.3720e+013	-1.3699e+013	1.3699e+013	5.2500e-015
1.120e+000	3.4091e-007	-1.3741e+013	-1.3720e+013	1.3720e+013	5.2500e-015
1.130e+000	3.4096e-007	-1.3763e+013	-1.3741e+013	1.3741e+013	5.2500e-015
1.140e+000	3.4102e-007	-1.3784e+013	-1.3763e+013	1.3763e+013	5.2500e-015
1.150e+000	3.4110e-007	-1.3805e+013	-1.3784e+013	1.3784e+013	5.2500e-015
1.160e+000	3.4120e-007	-1.3827e+013	-1.3805e+013	1.3805e+013	5.2500e-015
1.170e+000	3.4134e-007	-1.3848e+013	-1.3827e+013	1.3827e+013	5.2500e-015
1.180e+000	3.4152e-007	-1.3869e+013	-1.3848e+013	1.3848e+013	5.2500e-015
1.190e+000	3.4175e-007	-1.3891e+013	-1.3869e+013	1.3869e+013	5.2500e-015
1.200e+000	3.4207e-007	-1.3912e+013	-1.3891e+013	1.3891e+013	5.2500e-015
1.210e+000	3.4250e-007	-1.3933e+013	-1.3912e+013	1.3912e+013	5.2500e-015
1.220e+000	3.4307e-007	-1.3955e+013	-1.3933e+013	1.3933e+013	5.2500e-015
1.230e+000	3.4387e-007	-1.3976e+013	-1.3955e+013	1.3955e+013	5.2500e-015
1.240e+000	3.4495e-007	-1.3998e+013	-1.3976e+013	1.3976e+013	5.2500e-015
1.250e+000	3.4644e-007	-1.4019e+013	-1.3998e+013	1.3998e+013	5.2500e-015
1.260e+000	3.4849e-007	-1.4041e+013	-1.4019e+013	1.4019e+013	5.2500e-015
1.270e+000	3.5133e-007	-1.4063e+013	-1.4041e+013	1.4041e+013	5.2500e-015
1.280e+000	3.5526e-007	-1.4085e+013	-1.4063e+013	1.4063e+013	5.2500e-015
1.290e+000	3.6069e-007	-1.4108e+013	-1.4085e+013	1.4085e+013	5.2500e-015
1.300e+000	3.6823e-007	-1.4131e+013	-1.4108e+013	1.4108e+013	5.2500e-015
1.310e+000	3.7866e-007	-1.4154e+013	-1.4131e+013	1.4131e+013	5.2500e-015
1.320e+000	3.9309e-007	-1.4179e+013	-1.4154e+013	1.4154e+013	5.2500e-015
1.330e+000	4.1250e-007	-1.4205e+013	-1.4179e+013	1.4179e+013	5.2500e-015
1.340e+000	4.3926e-007	-1.4232e+013	-1.4205e+013	1.4205e+013	5.2500e-015
1.350e+000	4.7550e-007	-1.4262e+013	-1.4232e+013	1.4232e+013	5.2500e-015
1.360e+000	5.2399e-007	-1.4294e+013	-1.4262e+013	1.4262e+013	5.2500e-015
1.370e+000	5.8789e-007	-1.4331e+013	-1.4294e+013	1.4294e+013	5.2500e-015
1.380e+000	6.7038e-007	-1.4373e+013	-1.4331e+013	1.4331e+013	5.2500e-015
1.390e+000	7.7416e-007	-1.4421e+013	-1.4373e+013	1.4373e+013	5.2500e-015
1.400e+000	9.0092e-007	-1.4477e+013	-1.4421e+013	1.4421e+013	5.2500e-015
1.410e+000	1.0497e-006	-1.4543e+013	-1.4477e+013	1.4477e+013	5.2500e-015
1.420e+000	1.2186e-006	-1.4619e+013	-1.4543e+013	1.4543e+013	5.2500e-015
1.430e+000	1.4019e-006	-1.4707e+013	-1.4619e+013	1.4619e+013	5.2500e-015
1.440e+000	1.5938e-006	-1.4806e+013	-1.4707e+013	1.4706e+013	5.2500e-015
1.450e+000	1.7868e-006	-1.4918e+013	-1.4806e+013	1.4806e+013	5.2500e-015
1.460e+000	1.9749e-006	-1.5041e+013	-1.4918e+013	1.4917e+013	5.2500e-015
1.470e+000	2.1537e-006	-1.5175e+013	-1.5041e+013	1.5041e+013	5.2500e-015
1.480e+000	2.3201e-006	-1.5320e+013	-1.5175e+013	1.5175e+013	5.2500e-015
1.490e+000	2.4728e-006	-1.5474e+013	-1.5320e+013	1.5320e+013	5.2500e-015
1.500e+000	2.6117e-006	-1.5637e+013	-1.5474e+013	1.5474e+013	5.2500e-015
1.510e+000	2.7375e-006	-1.5808e+013	-1.5637e+013	1.5637e+013	5.2500e-015
1.520e+000	2.8511e-006	-1.5986e+013	-1.5808e+013	1.5808e+013	5.2500e-015
1.530e+000	2.9541e-006	-1.6171e+013	-1.5986e+013	1.5986e+013	5.2500e-015
1.540e+000	3.0475e-006	-1.6361e+013	-1.6171e+013	1.6171e+013	5.2500e-015
1.550e+000	3.1326e-006	-1.6556e+013	-1.6361e+013	1.6361e+013	5.2500e-015
1.560e+000	3.2105e-006	-1.6757e+013	-1.6556e+013	1.6556e+013	5.2500e-015
1.570e+000	3.2821e-006	-1.6962e+013	-1.6757e+013	1.6757e+013	5.2500e-015
1.580e+000	3.3484e-006	-1.7171e+013	-1.6962e+013	1.6962e+013	5.2500e-015
1.590e+000	3.4100e-006	-1.7383e+013	-1.7171e+013	1.7170e+013	5.2500e-015
1.600e+000	3.4674e-006	-1.7600e+013	-1.7383e+013	1.7383e+013	5.2500e-015
1.610e+000	3.5213e-006	-1.7820e+013	-1.7600e+013	1.7600e+013	5.2500e-015
1.620e+000	3.5721e-006	-1.8043e+013	-1.7820e+013	1.7820e+013	5.2500e-015
1.630e+000	3.6201e-006	-1.8268e+013	-1.8043e+013	1.8042e+013	5.2500e-015
1.640e+000	3.6656e-006	-1.8497e+013	-1.8268e+013	1.8268e+013	5.2500e-015
1.650e+000	3.7090e-006	-1.8729e+013	-1.8497e+013	1.8497e+013	5.2500e-015
1.660e+000	3.7504e-006	-1.8963e+013	-1.8729e+013	1.8729e+013	5.2500e-015
1.670e+000	3.7900e-006	-1.9199e+013	-1.8963e+013	1.8963e+013	5.2500e-015
1.680e+000	3.8280e-006	-1.9438e+013	-1.9199e+013	1.9199e+013	5.2500e-015
1.690e+000	3.8645e-006	-1.9680e+013	-1.9438e+013	1.9438e+013	5.2500e-015
1.700e+000	3.8997e-006	-1.9923e+013	-1.9680e+013	1.9679e+013	5.2500e-015
1.710e+000	3.9337e-006	-2.0168e+013	-1.9923e+013	1.9923e+013	5.2500e-015
1.720e+000	3.9579e-006	-2.0415e+013	-2.0168e+013	2.0168e+013	5.2500e-015
1.730e+000	3.9538e-006	-2.0662e+013	-2.0415e+013	2.0415e+013	5.2500e-015
1.740e+000	3.9792e-006	-2.0911e+013	-2.0662e+013	2.0662e+013	5.2500e-015
1.750e+000	4.0037e-006	-2.1160e+013	-2.0911e+013	2.0911e+013	5.2500e-015
1.760e+000	4.0273e-006	-2.1412e+013	-2.1160e+013	2.1160e+013	5.2500e-015
1.770e+000	4.0501e-006	-2.1665e+013	-2.1412e+013	2.1412e+013	5.2500e-015
1.780e+000	4.0721e-006	-2.1919e+013	-2.1665e+013	2.1665e+013	5.2500e-015
1.790e+000	4.0935e-006	-2.2174e+013	-2.1919e+013	2.1919e+013	5.2500e-015
1.800e+000	4.1141e-006	-2.2431e+013	-2.2174e+013	2.2174e+013	5.2500e-015
1.810e+000	4.1341e-006	-2.2689e+013	-2.2431e+013	2.2431e+013	5.2500e-015
1.820e+000	4.1535e-006	-2.2948e+013	-2.2689e+013	2.2689e+013	5.2500e-015
1.830e+000	4.1724e-006	-2.3209e+013	-2.2948e+013	2.2948e+013	5.2500e-015
1.840e+000	4.1907e-006	-2.3470e+013	-2.3209e+013	2.3209e+013	5.2500e-015
1.850e+000	4.2086e-006	-2.3733e+013	-2.3470e+013	2.3470e+013	5.2500e-015
1.860e+000	4.2259e-006	-2.3997e+013	-2.3733e+013	2.3733e+013	5.2500e-015
1.870e+000	4.2429e-006	-2.4262e+013	-2.3997e+013	2.3997e+013	5.2500e-015
1.880e+000	4.2594e-006	-2.4527e+013	-2.4262e+013	2.4262e+013	5.2500e-015
1.890e+000	4.2755e-006	-2.4794e+013	-2.4527e+013	2.4527e+013	5.2500e-015
1.900e+000	4.2912e-006	-2.5062e+013	-2.4794e+013	2.4794e+013	5.2500e-015
1.910e+000	4.3065e-006	-2.5331e+013	-2.5062e+013	2.5062e+013	5.2500e-015
1.920e+000	4.3215e-006	-2.5601e+013	-2.5331e+013	2.5331e+013	5.2500e-015
1.930e+000	4.3362e-006	-2.5871e+013	-2.5601e+013	2.5601e+013	5.2500e-015
1.940e+000	4.3505e-006	-2.6143e+013	-2.5871e+013	2.5871e+013	5.2500e-015
1.950e+000	4.3646e-006	-2.6415e+013	-2.6143e+013	2.6143e+013	5.2500e-015
1.960e+000	4.3783e-006	-2.6689e+013	-2.6415e+013	2.6415e+013	5.2500e-015
1.970e+000	4.3918e-006	-2.6963e+013	-2.6689e+013	2.6688e+013	5.2500e-015
1.980e+000	4.3980e-006	-2.7237e+013	-2.6963e+013	2.6963e+013	5.2500e-015
1.990e+000	4.4083e-006	-2.7512e+013	-2.7237e+013	2.7237e+013	5.2500e-015
2.000e+000	4.4205e-006	-2.7788e+013	-2.7512e+013	2.7512e+013	5.2500e-015
2.010e+000	4.4325e-006	-2.8065e+013	-2.7788e+013	2.7788e+013	5.2500e-015
2.020e+000	4.4443e-006	-2.8342e+013	-2.8065e+013	2.8065e+013	5.2500e-015
2.030e+000	4.4559e-006	-2.8620e+013	-2.8342e+013	2.8342e+013	5.2500e-015
2.040e+000	4.4672e-006	-2.8899e+013	-2.8620e+013	2.8620e+013	5.2500e-015
2.050e+000	4.4784e-006	-2.9179e+013	-2.8899e+013	2.8899e+013	5.2500e-015
2.060e+000	4.4893e-006	-2.9459e+013	-2.9179e+013	2.9179e+013	5.2500e-015
2.070e+000	4.5001e-006	-2.9740e+013	-2.9459e+013	2.9459e+013	5.2500e-015
2.080e+000	4.5106e-006	-3.0021e+013	-2.9740e+013	2.9740e+013	5.2500e-015
2.090e+000	4.5211e-006	-3.0303e+013	-3.0021e+013	3.0021e+013	5.2500e-015
2.100e+000	4.5313e-006	-3.0586e+013	-3.0303e+013	3.0303e+013	5.2500e-015
2.110e+000	4.5413e-006	-3.0870e+013	-3.0586e+013	3.0586e+013	5.2500e-015
2.120e+000	4.5513e-006	-3.1154e+013	-3.0870e+013	3.0870e+013	5.2500e-015
2.130e+000	4.5610e-006	-3.1438e+013	-3.1154e+013	3.1154e+013	5.2500e-015
2.140e+000	4.5706e-006	-3.1724e+013	-3.1438e+013	3.1438e+013	5.2500e-015
2.150e+000	4.5801e-006	-3.2010e+013	-3.1724e+013	3.1724e+013	5.2500e-015
2.160e+000	4.5894e-006	-3.2296e+013	-3.2010e+013	3.2010e+013	5.2500e-015
2.170e+000	4.5986e-006	-3.2583e+013	-3.2296e+013	3.2296e+013	5.2500e-015
2.180e+000	4.6076e-006	-3.2871e+013	-3.2583e+013	3.2583e+013	5.2500e-015
2.190e+000	4.6165e-006	-3.3159e+013	-3.2871e+013	3.2871e+013	5.2500e-015
2.200e+000	4.6253e-006	-3.3448e+013	-3.3159e+013	3.3159e+013	5.2500e-015
2.210e+000	4.6340e-006	-3.3737e+013	-3.3448e+013	3.3447e+013	5.2500e-015
2.220e+000	4.6425e-006	-3.4027e+013	-3.3737e+013	3.3737e+013	5.2500e-015
2.230e+000	4.6510e-006	-3.4317e+013	-3.4027e+013	3.4026e+013	5.2500e-015
2.240e+000	4.6593e-006	-3.4608e+013	-3.4317e+013	3.4317e+013	5.2500e-015
2.250e+000	4.6675e-006	-3.4899e+013	-3.4608e+013	3.4608e+013	5.2500e-015
2.260e+000	4.6756e-006	-3.5191e+013	-3.4899e+013	3.4899e+013	5.2500e-015
2.270e+000	4.6836e-006	-3.5483e+013	-3.5191e+013	3.5191e+013	5.2500e-015
2.280e+000	4.6915e-006	-3.5776e+013	-3.5483e+013	3.5483e+013	5.2500e-015
2.290e+000	4.6993e-006	-3.6069e+013	-3.5776e+013	3.5776e+013	5.2500e-015
2.300e+000	4.7070e-006	-3.6363e+013	-3.6069e+013	3.6069e+013	5.2500e-015
2.310e+000	4.7146e-006	-3.6657e+013	-3.6363e+013	3.6363e+013	5.2500e-015
2.320e+000	4.7221e-006	-3.6952e+013	-3.6657e+013	3.6657e+013	5.2500e-015
2.330e+000	4.7296e-006	-3.7247e+013	-3.6952e+013	3.6952e+013	5.2500e-015
2.340e+000	4.7369e-006	-3.7543e+013	-3.7247e+013	3.7247e+013	5.2500e-015
2.350e+000	4.7441e-006	-3.7839e+013	-3.7543e+013	3.7543e+013	5.2500e-015
2.360e+000	4.7513e-006	-3.8135e+013	-3.7839e+013	3.7839e+013	5.2500e-015
2.370e+000	4.7584e-006	-3.8432e+013	-3.8135e+013	3.8135e+013	5.2500e-015
2.380e+000	4.7654e-006	-3.8730e+013	-3.8432e+013	3.8432e+013	5.2500e-015
2.390e+000	4.7723e-006	-3.9028e+013	-3.8730e+013	3.8730e+013	5.2500e-015
2.400e+000	4.7792e-006	-3.9326e+013	-3.9028e+013	3.9028e+013	5.2500e-015
2.410e+000	4.7860e-006	-3.9625e+013	-3.9326e+013	3.9326e+013	5.2500e-015
2.420e+000	4.7927e-006	-3.9924e+013	-3.9625e+013	3.9625e+013	5.2500e-015
2.430e+000	4.7993e-006	-4.0223e+013	-3.9924e+013	3.9924e+013	5.2500e-015
2.440e+000	4.8059e-006	-4.0523e+013	-4.0223e+013	4.0223e+013	5.2500e-015
2.450e+000	4.8123e-006	-4.0824e+013	-4.0523e+013	4.0523e+013	5.2500e-015
2.460e+000	4.8188e-006	-4.1125e+013	-4.0824e+013	4.0824e+013	5.2500e-015
2.470e+000	4.8251e-006	-4.1426e+013	-4.1125e+013	4.1125e+013	5.2500e-015
2.480e+000	4.8314e-006	-4.1727e+013	-4.1426e+013	4.1426e+013	5.2500e-015
2.490e+000	4.8376e-006	-4.2029e+013	-4.1727e+013	4.1727e+013	5.2500e-015
2.500e+000	4.8438e-006	-4.2332e+013	-4.2029e+013	4.2029e+013	5.2500e-015
2.510e+000	4.8499e-006	-4.2634e+013	-4.2332e+013	4.2332e+013	5.2500e-015
2.520e+000	4.8560e-006	-4.2937e+013	-4.2634e+013	4.2634e+013	5.2500e-015
2.530e+000	4.8619e-006	-4.3241e+013	-4.2937e+013	4.2937e+013	5.2500e-015
2.540e+000	4.8679e-006	-4.3545e+013	-4.3241e+013	4.3241e+013	5.2500e-015
2.550e+000	4.8737e-006	-4.3849e+013	-4.3545e+013	4.3545e+013	5.2500e-015
2.560e+000	4.8784e-006	-4.4153e+013	-4.3849e+013	4.3849e+013	5.2500e-015
2.570e+000	4.8837e-006	-4.4458e+013	-4.4153e+013	4.4153e+013	5.2500e-015
2.580e+000	4.8894e-006	-4.4763e+013	-4.4458e+013	4.4458e+013	5.2500e-015
2.590e+000	4.8950e-006	-4.5069e+013	-4.4763e+013	4.4763e+013	5.2500e-015
2.600e+000	4.9006e-006	-4.5375e+013	-4.5069e+013	4.5069e+013	5.2500e-015
2.610e+000	4.9061e-006	-4.5681e+013	-4.5375e+013	4.5375e+013	5.2500e-015
2.620e+000	4.9116e-006	-4.5987e+013	-4.5681e+013	4.5681e+013	5.2500e-015
2.630e+000	4.9171e-006	-4.6294e+013	-4.5987e+013	4.5987e+013	5.2500e-015
2.640e+000	4.9224e-006	-4.6602e+013	-4.6294e+013	4.6294e+013	5.2500e-015
2.650e+000	4.9278e-006	-4.6909e+013	-4.6602e+013	4.6602e+013	5.2500e-015
2.660e+000	4.9331e-006	-4.7217e+013	-4.6909e+013	4.6909e+013	5.2500e-015
2.670e+000	4.9383e-006	-4.7525e+013	-4.7217e+013	4.7217e+013	5.2500e-015
2.680e+000	4.9435e-006	-4.7834e+013	-4.7525e+013	4.7525e+013	5.2500e-015
2.690e+000	4.9486e-006	-4.8143e+013	-4.7834e+013	4.7834e+013	5.2500e-015
2.700e+000	4.9538e-006	-4.8452e+013	-4.8143e+013	4.8143e+013	5.2500e-015
2.710e+000	4.9588e-006	-4.8761e+013	-4.8452e+013	4.8452e+013	5.2500e-015
2.720e+000	4.9638e-006	-4.9071e+013	-4.8761e+013	4.8761e+013	5.2500e-015
2.730e+000	4.9688e-006	-4.9381e+013	-4.9071e+013	4.9071e+013	5.2500e-015
2.740e+000	4.9738e-006	-4.9692e+013	-4.9381e+013	4.9381e+013	5.2500e-015
2.750e+000	4.9787e-006	-5.0003e+013	-4.9692e+013	4.9692e+013	5.2500e-015
2.760e+000	4.9835e-006	-5.0314e+013	-5.0003e+013	5.0002e+013	5.2500e-015
2.770e+000	4.9884e-006	-5.0625e+013	-5.0314e+013	5.0314e+013	5.2500e-015
2.780e+000	4.9932e-006	-5.0937e+013	-5.0625e+013	5.0625e+013	5.2500e-015
2.790e+000	4.9979e-006	-5.1249e+013	-5.0937e+013	5.0937e+013	5.2500e-015
2.800e+000	5.0026e-006	-5.1561e+013	-5.1249e+013	5.1248e+013	5.2500e-015
2.810e+000	5.0073e-006	-5.1873e+013	-5.1561e+013	5.1561e+013	5.2500e-015
2.820e+000	5.0119e-006	-5.2186e+013	-5.1873e+013	5.1873e+013	5.2500e-015
2.830e+000	5.0165e-006	-5.2499e+013	-5.2186e+013	5.2186e+013	5.2500e-015
2.840e+000	5.0211e-006	-5.2813e+013	-5.2499e+013	5.2499e+013	5.2500e-015
2.850e+000	5.0256e-006	-5.3126e+013	-5.2813e+013	5.2813e+013	5.2500e-015
2.860e+000	5.0301e-006	-5.3440e+013	-5.3126e+013	5.3126e+013	5.2500e-015
2.870e+000	5.0346e-006	-5.3754e+013	-5.3440e+013	5.3440e+013	5.2500e-015
2.880e+000	5.0390e-006	-5.4069e+013	-5.3754e+013	5.3754e+013	5.2500e-015
2.890e+000	5.0434e-006	-5.4384e+013	-5.4069e+013	5.4069e+013	5.2500e-015
2.900e+000	5.0478e-006	-5.4699e+013	-5.4384e+013	5.4384e+013	5.2500e-015
2.910e+000	5.0522e-006	-5.5014e+013	-5.4699e+013	5.4699e+013	5.2500e-015
2.920e+000	5.0565e-006	-5.5330e+013	-5.5014e+013	5.5014e+013	5.2500e-015
2.930e+000	5.0607e-006	-5.5646e+013	-5.5330e+013	5.5330e+013	5.2500e-015
2.940e+000	5.0650e-006	-5.5962e+013	-5.5646e+013	5.5646e+013	5.2500e-015
2.950e+000	5.0692e-006	-5.6278e+013	-5.5962e+013	5.5962e+013	5.2500e-015
2.960e+000	5.0734e-006	-5.6595e+013	-5.6278e+013	5.6278e+013	5.2500e-015
2.970e+000	5.0775e-006	-5.6912e+013	-5.6595e+013	5.6595e+013	5.2500e-015
2.980e+000	5.0817e-006	-5.7229e+013	-5.6912e+013	5.6912e+013	5.2500e-015
2.990e+000	5.0858e-006	-5.7546e+013	-5.7229e+013	5.7229e+013	5.2500e-015
3.000e+000	5.0898e-006	-5.7864e+013	-5.7546e+013	5.7546e+013	5.2500e-015
3.010e+000	5.0939e-006	-5.8182e+013	-5.7864e+013	5.7864e+013	5.2500e-015
3.020e+000	5.0979e-006	-5.8500e+013	-5.8182e+013	5.8182e+013	5.2500e-015
3.030e+000	5.1019e-006	-5.8819e+013	-5.8500e+013	5.8500e+013	5.2500e-015
3.040e+000	5.1059e-006	-5.9137e+013	-5.8819e+013	5.8819e+013	5.2500e-015
3.050e+000	5.1098e-006	-5.9456e+013	-5.9137e+013	5.9137e+013	5.2500e-015
3.060e+000	5.1137e-006	-5.9775e+013	-5.9456e+013	5.9456e+013	5.2500e-015
3.070e+000	5.1176e-006	-6.0095e+013	-5.9775e+013	5.9775e+013	5.2500e-015
3.080e+000	5.1215e-006	-6.0414e+013	-6.0095e+013	6.0095e+013	5.2500e-015
3.090e+000	5.1253e-006	-6.0734e+013	-6.0414e+013	6.0414e+013	5.2500e-015
3.100e+000	5.1291e-006	-6.1054e+013	-6.0734e+013	6.0734e+013	5.2500e-015
3.110e+000	5.1329e-006	-6.1375e+013	-6.1054e+013	6.1054e+013	5.2500e-015
3.120e+000	5.1367e-006	-6.1695e+013	-6.1375e+013	6.1375e+013	5.2500e-015
3.130e+000	5.1404e-006	-6.2016e+013	-6.1695e+013	6.1695e+013	5.2500e-015
3.140e+000	5.1441e-006	-6.2337e+013	-6.2016e+013	6.2016e+013	5.2500e-015
3.150e+000	5.1478e-006	-6.2659e+013	-6.2337e+013	6.2337e+013	5.2500e-015
3.160e+000	5.1515e-006	-6.2980e+013	-6.2659e+013	6.2659e+013	5.2500e-015
3.170e+000	5.1551e-006	-6.3302e+013	-6.2980e+013	6.2980e+013	5.2500e-015
3.180e+000	5.1588e-006	-6.3624e+013	-6.3302e+013	6.3302e+013	5.2500e-015
3.190e+000	5.1624e-006	-6.3946e+013	-6.3624e+013	6.3624e+013	5.2500e-015
3.200e+000	5.1660e-006	-6.4269e+013	-6.3946e+013	6.3946e+013	5.2500e-015
3.210e+000	5.1695e-006	-6.4591e+013	-6.4269e+013	6.4268e+013	5.2500e-015
3.220e+000	5.1731e-006	-6.4914e+013	-6.4591e+013	6.4591e+013	5.2500e-015
3.230e+000	5.1766e-006	-6.5237e+013	-6.4914e+013	6.4914e+013	5.2500e-015
3.240e+000	5.1801e-006	-6.5560e+013	-6.5237e+013	6.5237e+013	5.2500e-015
3.250e+000	5.1836e-006	-6.5884e+013	-6.5560e+013	6.5560e+013	5.2500e-015
3.260e+000	5.1870e-006	-6.6208e+013	-6.5884e+013	6.5884e+013	5.2500e-015
3.270e+000	5.1904e-006	-6.6532e+013	-6.6208e+013	6.6208e+013	5.2500e-015
3.280e+000	5.1939e-006	-6.6856e+013	-6.6532e+013	6.6532e+013	5.2500e-015
3.290e+000	5.1973e-006	-6.7180e+013	-6.6856e+013	6.6856e+013	5.2500e-015
3.300e+000	5.2006e-006	-6.7505e+013	-6.7180e+013	6.7180e+013	5.2500e-015
3.310e+000	5.2040e-006	-6.7830e+013	-6.7505e+013	6.7505e+013	5.2500e-015
3.320e+000	5.2073e-006	-6.8155e+013	-6.7830e+013	6.7830e+013	5.2500e-015
3.330e+000	5.2107e-006	-6.8480e+013	-6.8155e+013	6.8155e+013	5.2500e-015
3.340e+000	5.2140e-006	-6.8805e+013	-6.8480e+013	6.8480e+013	5.2500e-015
3.350e+000	5.2172e-006	-6.9131e+013	-6.8805e+013	6.8805e+013	5.2500e-015
3.360e+000	5.2205e-006	-6.9457e+013	-6.9131e+013	6.9131e+013	5.2500e-015
3.370e+000	5.2238e-006	-6.9783e+013	-6.9457e+013	6.9457e+013	5.2500e-015
3.380e+000	5.2270e-006	-7.0109e+013	-6.9783e+013	6.9783e+013	5.2500e-015
3.390e+000	5.2302e-006	-7.0436e+013	-7.0109e+013	7.0109e+013	5.2500e-015
3.400e+000	5.2334e-006	-7.0762e+013	-7.0436e+013	7.0435e+013	5.2500e-015
3.410e+000	5.2366e-006	-7.1089e+013	-7.0762e+013	7.0762e+013	5.2500e-015
3.420e+000	5.2397e-006	-7.1416e+013	-7.1089e+013	7.1089e+013	5.2500e-015
3.430e+000	5.2429e-006	-7.1743e+013	-7.1416e+013	7.1416e+013	5.2500e-015
3.440e+000	5.2460e-006	-7.2071e+013	-7.1743e+013	7.1743e+013	5.2500e-015
3.450e+000	5.2491e-006	-7.2398e+013	-7.2071e+013	7.2071e+013	5.2500e-015
3.460e+000	5.2522e-006	-7.2726e+013	-7.2398e+013	7.2398e+013	5.2500e-015
3.470e+000	5.2553e-006	-7.3054e+013	-7.2726e+013	7.2726e+013	5.2500e-015
3.480e+000	5.2583e-006	-7.3382e+013	-7.3054e+013	7.3054e+013	5.2500e-015
3.490e+000	5.2614e-006	-7.3711e+013	-7.3382e+013	7.3382e+013	5.2500e-015
3.500e+000	5.2644e-006	-7.4039e+013	-7.3711e+013	7.3711e+013	5.2500e-015
3.510e+000	5.2674e-006	-7.4368e+013	-7.4039e+013	7.4039e+013	5.2500e-015
3.520e+000	5.2704e-006	-7.4697e+013	-7.4368e+013	7.4368e+013	5.2500e-015
3.530e+000	5.2734e-006	-7.5026e+013	-7.4697e+013	7.4697e+013	5.2500e-015
3.540e+000	5.2764e-006	-7.5356e+013	-7.5026e+013	7.5026e+013	5.2500e-015
3.550e+000	5.2793e-006	-7.5685e+013	-7.5356e+013	7.5355e+013	5.2500e-015
3.560e+000	5.2822e-006	-7.6015e+013	-7.5685e+013	7.5685e+013	5.2500e-015
3.570e+000	5.2852e-006	-7.6345e+013	-7.6015e+013	7.6015e+013	5.2500e-015
3.580e+000	5.2881e-006	-7.6675e+013	-7.6345e+013	7.6345e+013	5.2500e-015
3.590e+000	5.2910e-006	-7.7005e+013	-7.6675e+013	7.6675e+013	5.2500e-015
3.600e+000	5.2938e-006	-7.7335e+013	-7.7005e+013	7.7005e+013	5.2500e-015
3.610e+000	5.2967e-006	-7.7666e+013	-7.7335e+013	7.7335e+013	5.2500e-015
3.620e+000	5.2996e-006	-7.7997e+013	-7.7666e+013	7.7666e+013	5.2500e-015
3.630e+000	5.3024e-006	-7.8328e+013	-7.7997e+013	7.7997e+013	5.2500e-015
3.640e+000	5.3052e-006	-7.8659e+013	-7.8328e+013	7.8328e+013	5.2500e-015
3.650e+000	5.3080e-006	-7.8990e+013	-7.8659e+013	7.8659e+013	5.2500e-015
3.660e+000	5.3108e-006	-7.9321e+013	-7.8990e+013	7.8990e+013	5.2500e-015
3.670e+000	5.3136e-006	-7.9653e+013	-7.9321e+013	7.9321e+013	5.2500e-015
3.680e+000	5.3164e-006	-7.9985e+013	-7.9653e+013	7.9653e+013	5.2500e-015
3.690e+000	5.3191e-006	-8.0317e+013	-7.9985e+013	7.9985e+013	5.2500e-015
3.700e+000	5.3219e-006	-8.0649e+013	-8.0317e+013	8.0317e+013	5.2500e-015
3.710e+000	5.3246e-006	-8.0981e+013	-8.0649e+013	8.0649e+013	5.2500e-015
3.720e+000	5.3273e-006	-8.1314e+013	-8.0981e+013	8.0981e+013	5.2500e-015
3.730e+000	5.3300e-006	-8.1647e+013	-8.1314e+013	8.1314e+013	5.2500e-015
3.740e+000	5.3327e-006	-8.1979e+013	-8.1647e+013	8.1647e+013	5.2500e-015
3.750e+000	5.3354e-006	-8.2312e+013	-8.1979e+013	8.1979e+013	5.2500e-015
3.760e+000	5.3380e-006	-8.2646e+013	-8.2312e+013	8.2312e+013	5.2500e-015
3.770e+000	5.3407e-006	-8.2979e+013	-8.2646e+013	8.2646e+013	5.2500e-015
3.780e+000	5.3433e-006	-8.3313e+013	-8.2979e+013	8.2979e+013	5.2500e-015
3.790e+000	5.3460e-006	-8.3646e+013	-8.3313e+013	8.3312e+013	5.2500e-015
3.800e+000	5.3486e-006	-8.3980e+013	-8.3646e+013	8.3646e+013	5.2500e-015
3.810e+000	5.3512e-006	-8.4314e+013	-8.3980e+013	8.3980e+013	5.2500e-015
3.820e+000	5.3538e-006	-8.4648e+013	-8.4314e+013	8.4314e+013	5.2500e-015
3.830e+000	5.3564e-006	-8.4982e+013	-8.4648e+013	8.4648e+013	5.2500e-015
3.840e+000	5.3589e-006	-8.5317e+013	-8.4982e+013	8.4982e+013	5.2500e-015
3.850e+000	5.3615e-006	-8.5652e+013	-8.5317e+013	8.5317e+013	5.2500e-015
3.860e+000	5.3640e-006	-8.5986e+013	-8.5652e+013	8.5652e+013	5.2500e-015
3.870e+000	5.3666e-006	-8.6321e+013	-8.5986e+013	8.5986e+013	5.2500e-015
3.880e+000	5.3691e-006	-8.6656e+013	-8.6321e+013	8.6321e+013	5.2500e-015
3.890e+000	5.3716e-006	-8.6992e+013	-8.6656e+013	8.6656e+013	5.2500e-015
3.900e+000	5.3741e-006	-8.7327e+013	-8.6992e+013	8.6992e+013	5.2500e-015
3.910e+000	5.3766e-006	-8.7663e+013	-8.7327e+013	8.7327e+013	5.2500e-015
3.920e+000	5.3791e-006	-8.7998e+013	-8.7663e+013	8.7663e+013	5.2500e-015
3.930e+000	5.3816e-006	-8.8334e+013	-8.7998e+013	8.7998e+013	5.2500e-015
3.940e+000	5.3840e-006	-8.8670e+013	-8.8334e+013	8.8334e+013	5.2500e-015
3.950e+000	5.3865e-006	-8.9007e+013	-8.8670e+013	8.8670e+013	5.2500e-015
3.960e+000	5.3889e-006	-8.9343e+013	-8.9007e+013	8.9007e+013	5.2500e-015
3.970e+000	5.3913e-006	-8.9679e+013	-8.9343e+013	8.9343e+013	5.2500e-015
3.980e+000	5.3938e-006	-9.0016e+013	-8.9679e+013	8.9679e+013	5.2500e-015
3.990e+000	5.3962e-006	-9.0353e+013	-9.0016e+013	9.0016e+013	5.2500e-015
4.000e+000	5.3986e-006	-9.0690e+013	-9.0353e+013	9.0353e+013	5.2500e-015
4.010e+000	5.4010e-006	-9.1027e+013	-9.0690e+013	9.0690e+013	5.2500e-015
4.020e+000	5.4033e-006	-9.1364e+013	-9.1027e+013	9.1027e+013	5.2500e-015
4.030e+000	5.4057e-006	-9.1702e+013	-9.1364e+013	9.1364e+013	5.2500e-015
4.040e+000	5.4081e-006	-9.2039e+013	-9.1702e+013	9.1702e+013	5.2500e-015
4.050e+000	5.4104e-006	-9.2377e+013	-9.2039e+013	9.2039e+013	5.2500e-015
4.060e+000	5.4128e-006	-9.2715e+013	-9.2377e+013	9.2377e+013	5.2500e-015
4.070e+000	5.4151e-006	-9.3053e+013	-9.2715e+013	9.2715e+013	5.2500e-015
4.080e+000	5.4174e-006	-9.3391e+013	-9.3053e+013	9.3053e+013	5.2500e-015
4.090e+000	5.4197e-006	-9.3729e+013	-9.3391e+013	9.3391e+013	5.2500e-015
4.100e+000	5.4218e-006	-9.4067e+013	-9.3729e+013	9.3729e+013	5.2500e-015
4.110e+000	5.4241e-006	-9.4406e+013	-9.4067e+013	9.4067e+013	5.2500e-015
4.120e+000	5.4264e-006	-9.4745e+013	-9.4406e+013	9.4406e+013	5.2500e-015
4.130e+000	5.4287e-006	-9.5084e+013	-9.4745e+013	9.4745e+013	5.2500e-015
4.140e+000	5.4309e-006	-9.5422e+013	-9.5084e+013	9.5083e+013	5.2500e-015
4.150e+000	5.4332e-006	-9.5762e+013	-9.5422e+013	9.5422e+013	5.2500e-015
4.160e+000	5.4354e-006	-9.6101e+013	-9.5762e+013	9.5762e+013	5.2500e-015
4.170e+000	5.4377e-006	-9.6440e+013	-9.6101e+013	9.6101e+013	5.2500e-015
4.180e+000	5.4399e-006	-9.6780e+013	-9.6440e+013	9.6440e+013	5.2500e-015
4.190e+000	5.4421e-006	-9.7119e+013	-9.6780e+013	9.6780e+013	5.2500e-015
4.200e+000	5.4443e-006	-9.7459e+013	-9.7119e+013	9.7119e+013	5.2500e-015
4.210e+000	5.4465e-006	-9.7799e+013	-9.7459e+013	9.7459e+013	5.2500e-015
4.220e+000	5.4487e-006	-9.8139e+013	-9.7799e+013	9.7799e+013	5.2500e-015
4.230e+000	5.4509e-006	-9.8480e+013	-9.8139e+013	9.8139e+013	5.2500e-015
4.240e+000	5.4531e-006	-9.8820e+013	-9.8480e+013	9.8479e+013	5.2500e-015
4.250e+000	5.4552e-006	-9.9160e+013	-9.8820e+013	9.8820e+013	5.2500e-015
4.260e+000	5.4574e-006	-9.9501e+013	-9.9160e+013	9.9160e+013	5.2500e-015
4.270e+000	5.4596e-006	-9.9842e+013	-9.9501e+013	9.9501e+013	5.2500e-015
4.280e+000	5.4617e-006	-1.0018e+014	-9.9842e+013	9.9842e+013	5.2500e-015
4.290e+000	5.4638e-006	-1.0052e+014	-1.0018e+014	1.0018e+014	5.2500e-015
4.300e+000	5.4660e-006	-1.0086e+014	-1.0052e+014	1.0052e+014	5.2500e-015
4.310e+000	5.4681e-006	-1.0121e+014	-1.0086e+014	1.0086e+014	5.2500e-015
4.320e+000	5.4702e-006	-1.0155e+014	-1.0121e+014	1.0121e+014	5.2500e-015
4.330e+000	5.4723e-006	-1.0189e+014	-1.0155e+014	1.0155e+014	5.2500e-015
4.340e+000	5.4744e-006	-1.0223e+014	-1.0189e+014	1.0189e+014	5.2500e-015
4.350e+000	5.4765e-006	-1.0257e+014	-1.0223e+014	1.0223e+014	5.2500e-015
4.360e+000	5.4786e-006	-1.0291e+014	-1.0257e+014	1.0257e+014	5.2500e-015
4.370e+000	5.4806e-006	-1.0326e+014	-1.0291e+014	1.0291e+014	5.2500e-015
4.380e+000	5.4827e-006	-1.0360e+014	-1.0326e+014	1.0326e+014	5.2500e-015
4.390e+000	5.4848e-006	-1.0394e+014	-1.0360e+014	1.0360e+014	5.2500e-015
4.400e+000	5.4868e-006	-1.0428e+014	-1.0394e+014	1.0394e+014	5.2500e-015
4.410e+000	5.4888e-006	-1.0463e+014	-1.0428e+014	1.0428e+014	5.2500e-015
4.420e+000	5.4909e-006	-1.0497e+014	-1.0463e+014	1.0463e+014	5.2500e-015
4.430e+000	5.4929e-006	-1.0531e+014	-1.0497e+014	1.0497e+014	5.2500e-015
4.440e+000	5.4949e-006	-1.0565e+014	-1.0531e+014	1.0531e+014	5.2500e-015
4.450e+000	5.4969e-006	-1.0600e+014	-1.0565e+014	1.0565e+014	5.2500e-015
4.460e+000	5.4989e-006	-1.0634e+014	-1.0600e+014	1.0600e+014	5.2500e-015
4.470e+000	5.5009e-006	-1.0668e+014	-1.0634e+014	1.0634e+014	5.2500e-015
4.480e+000	5.5029e-006	-1.0703e+014	-1.0668e+014	1.0668e+014	5.2500e-015
4.490e+000	5.5049e-006	-1.0737e+014	-1.0703e+014	1.0703e+014	5.2500e-015
4.500e+000	5.5069e-006	-1.0772e+014	-1.0737e+014	1.0737e+014	5.2500e-015
4.510e+000	5.5089e-006	-1.0806e+014	-1.0772e+014	1.0772e+014	5.2500e-015
4.520e+000	5.5108e-006	-1.0840e+014	-1.0806e+014	1.0806e+014	5.2500e-015
4.530e+000	5.5128e-006	-1.0875e+014	-1.0840e+014	1.0840e+014	5.2500e-015
4.540e+000	5.5147e-006	-1.0909e+014	-1.0875e+014	1.0875e+014	5.2500e-015
4.550e+000	5.5167e-006	-1.0944e+014	-1.0909e+014	1.0909e+014	5.2500e-015
4.560e+000	5.5186e-006	-1.0978e+014	-1.0944e+014	1.0944e+014	5.2500e-015
4.570e+000	5.5205e-006	-1.1012e+014	-1.0978e+014	1.0978e+014	5.2500e-015
4.580e+000	5.5225e-006	-1.1047e+014	-1.1012e+014	1.1012e+014	5.2500e-015
4.590e+000	5.5244e-006	-1.1081e+014	-1.1047e+014	1.1047e+014	5.2500e-015
4.600e+000	5.5263e-006	-1.1116e+014	-1.1081e+014	1.1081e+014	5.2500e-015
4.610e+000	5.5282e-006	-1.1150e+014	-1.1116e+014	1.1116e+014	5.2500e-015
4.620e+000	5.5301e-006	-1.1185e+014	-1.1150e+014	1.1150e+014	5.2500e-015
4.630e+000	5.5320e-006	-1.1219e+014	-1.1185e+014	1.1185e+014	5.2500e-015
4.640e+000	5.5339e-006	-1.1254e+014	-1.1219e+014	1.1219e+014	5.2500e-015
4.650e+000	5.5357e-006	-1.1289e+014	-1.1254e+014	1.1254e+014	5.2500e-015
4.660e+000	5.5376e-006	-1.1323e+014	-1.1289e+014	1.1289e+014	5.2500e-015
4.670e+000	5.5395e-006	-1.1358e+014	-1.1323e+014	1.1323e+014	5.2500e-015
4.680e+000	5.5413e-006	-1.1392e+014	-1.1358e+014	1.1358e+014	5.2500e-015
4.690e+000	5.5432e-006	-1.1427e+014	-1.1392e+014	1.1392e+014	5.2500e-015
4.700e+000	5.5450e-006	-1.1461e+014	-1.1427e+014	1.1427e+014	5.2500e-015
4.710e+000	5.5469e-006	-1.1496e+014	-1.1461e+014	1.1461e+014	5.2500e-015
4.720e+000	5.5487e-006	-1.1531e+014	-1.1496e+014	1.1496e+014	5.2500e-015
4.730e+000	5.5505e-006	-1.1565e+014	-1.1531e+014	1.1531e+014	5.2500e-015
4.740e+000	5.5523e-006	-1.1600e+014	-1.1565e+014	1.1565e+014	5.2500e-015
4.750e+000	5.5542e-006	-1.1635e+014	-1.1600e+014	1.1600e+014	5.2500e-015
4.760e+000	5.5560e-006	-1.1669e+014	-1.1635e+014	1.1635e+014	5.2500e-015
4.770e+000	5.5578e-006	-1.1704e+014	-1.1669e+014	1.1669e+014	5.2500e-015
4.780e+000	5.5596e-006	-1.1739e+014	-1.1704e+014	1.1704e+014	5.2500e-015
4.790e+000	5.5614e-006	-1.1773e+014	-1.1739e+014	1.1739e+014	5.2500e-015
4.800e+000	5.5631e-006	-1.1808e+014	-1.1773e+014	1.1773e+014	5.2500e-015
4.810e+000	5.5649e-006	-1.1843e+014	-1.1808e+014	1.1808e+014	5.2500e-015
4.820e+000	5.5667e-006	-1.1878e+014	-1.1843e+014	1.1843e+014	5.2500e-015
4.830e+000	5.5685e-006	-1.1912e+014	-1.1878e+014	1.1878e+014	5.2500e-015
4.840e+000	5.5702e-006	-1.1947e+014	-1.1912e+014	1.1912e+014	5.2500e-015
4.850e+000	5.5720e-006	-1.1982e+014	-1.1947e+014	1.1947e+014	5.2500e-015
4.860e+000	5.5737e-006	-1.2017e+014	-1.1982e+014	1.1982e+014	5.2500e-015
4.870e+000	5.5755e-006	-1.2052e+014	-1.2017e+014	1.2017e+014	5.2500e-015
4.880e+000	5.5772e-006	-1.2086e+014	-1.2052e+014	1.2052e+014	5.2500e-015
4.890e+000	5.5790e-006	-1.2121e+014	-1.2086e+014	1.2086e+014	5.2500e-015
4.900e+000	5.5807e-006	-1.2156e+014	-1.2121e+014	1.2121e+014	5.2500e-015
4.910e+000	5.5824e-006	-1.2191e+014	-1.2156e+014	1.2156e+014	5.2500e-015
4.920e+000	5.5841e-006	-1.2226e+014	-1.2191e+014	1.2191e+014	5.2500e-015
4.930e+000	5.5859e-006	-1.2261e+014	-1.2226e+014	1.2226e+014	5.2500e-015
4.940e+000	5.5876e-006	-1.2295e+014	-1.2261e+014	1.2261e+014	5.2500e-015
4.950e+000	5.5893e-006	-1.2330e+014	-1.2295e+014	1.2295e+014	5.2500e-015
4.960e+000	5.5910e-006	-1.2365e+014	-1.2330e+014	1.2330e+014	5.2500e-015
4.970e+000	5.5927e-006	-1.2400e+014	-1.2365e+014	1.2365e+014	5.2500e-015
4.980e+000	5.5943e-006	-1.2435e+014	-1.2400e+014	1.2400e+014	5.2500e-015
4.990e+000	5.5960e-006	-1.2470e+014	-1.2435e+014	1.2435e+014	5.2500e-015
5.000e+000	5.5977e-006	-1.2505e+014	-1.2470e+014	1.2470e+014	5.2500e-015
5.010e+000	5.5994e-006	-1.2540e+014	-1.2505e+014	1.2505e+014	5.2500e-015
5.020e+000	5.6010e-006	-1.2575e+014	-1.2540e+014	1.2540e+014	5.2500e-015
5.030e+000	5.6027e-006	-1.2610e+014	-1.2575e+014	1.2575e+014	5.2500e-015
5.040e+000	5.6044e-006	-1.2645e+014	-1.2610e+014	1.2610e+014	5.2500e-015
5.050e+000	5.6060e-006	-1.2680e+014	-1.2645e+014	1.2645e+014	5.2500e-015
5.060e+000	5.6077e-006	-1.2715e+014	-1.2680e+014	1.2680e+014	5.2500e-015
5.070e+000	5.6093e-006	-1.2750e+014	-1.2715e+014	1.2715e+014	5.2500e-015
5.080e+000	5.6109e-006	-1.2785e+014	-1.2750e+014	1.2750e+014	5.2500e-015
5.090e+000	5.6126e-006	-1.2820e+014	-1.2785e+014	1.2785e+014	5.2500e-015
5.100e+000	5.6142e-006	-1.2855e+014	-1.2820e+014	1.2820e+014	5.2500e-015
5.110e+000	5.6158e-006	-1.2890e+014	-1.2855e+014	1.2855e+014	5.2500e-015
5.120e+000	5.6174e-006	-1.2925e+014	-1.2890e+014	1.2890e+014	5.2500e-015
5.130e+000	5.6190e-006	-1.2960e+014	-1.2925e+014	1.2925e+014	5.2500e-015
5.140e+000	5.6206e-006	-1.2995e+014	-1.2960e+014	1.2960e+014	5.2500e-015
5.150e+000	5.6223e-006	-1.3030e+014	-1.2995e+014	1.2995e+014	5.2500e-015
5.160e+000	5.6239e-006	-1.3065e+014	-1.3030e+014	1.3030e+014	5.2500e-015
5.170e+000	5.6254e-006	-1.3100e+014	-1.3065e+014	1.3065e+014	5.2500e-015
5.180e+000	5.6270e-006	-1.3136e+014	-1.3100e+014	1.3100e+014	5.2500e-015
5.190e+000	5.6286e-006	-1.3171e+014	-1.3136e+014	1.3136e+014	5.2500e-015
5.200e+000	5.6302e-006	-1.3206e+014	-1.3171e+014	1.3171e+014	5.2500e-015
5.210e+000	5.6318e-006	-1.3241e+014	-1.3206e+014	1.3206e+014	5.2500e-015
5.220e+000	5.6333e-006	-1.3276e+014	-1.3241e+014	1.3241e+014	5.2500e-015
5.230e+000	5.6349e-006	-1.3311e+014	-1.3276e+014	1.3276e+014	5.2500e-015
5.240e+000	5.6365e-006	-1.3346e+014	-1.3311e+014	1.3311e+014	5.2500e-015
5.250e+000	5.6380e-006	-1.3382e+014	-1.3346e+014	1.3346e+014	5.2500e-015
5.260e+000	5.6396e-006	-1.3417e+014	-1.3382e+014	1.3382e+014	5.2500e-015
5.270e+000	5.6411e-006	-1.3452e+014	-1.3417e+014	1.3417e+014	5.2500e-015
5.280e+000	5.6427e-006	-1.3487e+014	-1.3452e+014	1.3452e+014	5.2500e-015
5.290e+000	5.6442e-006	-1.3523e+014	-1.3487e+014	1.3487e+014	5.2500e-015
5.300e+000	5.6457e-006	-1.3558e+014	-1.3523e+014	1.3523e+014	5.2500e-015
5.310e+000	5.6473e-006	-1.3593e+014	-1.3558e+014	1.3558e+014	5.2500e-015
5.320e+000	5.6488e-006	-1.3628e+014	-1.3593e+014	1.3593e+014	5.2500e-015
5.330e+000	5.6503e-006	-1.3664e+014	-1.3628e+014	1.3628e+014	5.2500e-015
5.340e+000	5.6518e-006	-1.3699e+014	-1.3664e+014	1.3664e+014	5.2500e-015
5.350e+000	5.6534e-006	-1.3734e+014	-1.3699e+014	1.3699e+014	5.2500e-015
5.360e+000	5.6549e-006	-1.3769e+014	-1.3734e+014	1.3734e+014	5.2500e-015
5.370e+000	5.6564e-006	-1.3805e+014	-1.3769e+014	1.3769e+014	5.2500e-015
5.380e+000	5.6579e-006	-1.3840e+014	-1.3805e+014	1.3805e+014	5.2500e-015
5.390e+000	5.6594e-006	-1.3875e+014	-1.3840e+014	1.3840e+014	5.2500e-015
5.400e+000	5.6609e-006	-1.3911e+014	-1.3875e+014	1.3875e+014	5.2500e-015
5.410e+000	5.6623e-006	-1.3946e+014	-1.3911e+014	1.3911e+014	5.2500e-015
5.420e+000	5.6638e-006	-1.3981e+014	-1.3946e+014	1.3946e+014	5.2500e-015
5.430e+000	5.6653e-006	-1.4017e+014	-1.3981e+014	1.3981e+014	5.2500e-015
5.440e+000	5.6668e-006	-1.4052e+014	-1.4017e+014	1.4017e+014	5.2500e-015
5.450e+000	5.6683e-006	-1.4087e+014	-1.4052e+014	1.4052e+014	5.2500e-015
5.460e+000	5.6697e-006	-1.4123e+014	-1.4087e+014	1.4087e+014	5.2500e-015
5.470e+000	5.6712e-006	-1.4158e+014	-1.4123e+014	1.4123e+014	5.2500e-015
5.480e+000	5.6727e-006	-1.4194e+014	-1.4158e+014	1.4158e+014	5.2500e-015
5.490e+000	5.6741e-006	-1.4229e+014	-1.4194e+014	1.4194e+014	5.2500e-015
5.500e+000	5.6756e-006	-1.4264e+014	-1.4229e+014	1.4229e+014	5.2500e-015
5.510e+000	5.6770e-006	-1.4300e+014	-1.4264e+014	1.4264e+014	5.2500e-015
5.520e+000	5.6785e-006	-1.4335e+014	-1.4300e+014	1.4300e+014	5.2500e-015
5.530e+000	5.6799e-006	-1.4371e+014	-1.4335e+014	1.4335e+014	5.2500e-015
5.540e+000	5.6813e-006	-1.4406e+014	-1.4371e+014	1.4371e+014	5.2500e-015
5.550e+000	5.6828e-006	-1.4442e+014	-1.4406e+014	1.4406e+014	5.2500e-015
5.560e+000	5.6842e-006	-1.4477e+014	-1.4442e+014	1.4442e+014	5.2500e-015
5.570e+000	5.6856e-006	-1.4513e+014	-1.4477e+014	1.4477e+014	5.2500e-015
5.580e+000	5.6870e-006	-1.4548e+014	-1.4513e+014	1.4513e+014	5.2500e-015
5.590e+000	5.6885e-006	-1.4584e+014	-1.4548e+014	1.4548e+014	5.2500e-015
5.600e+000	5.6899e-006	-1.4619e+014	-1.4584e+014	1.4584e+014	5.2500e-015
5.610e+000	5.6913e-006	-1.4655e+014	-1.4619e+014	1.4619e+014	5.2500e-015
5.620e+000	5.6927e-006	-1.4690e+014	-1.4655e+014	1.4655e+014	5.2500e-015
5.630e+000	5.6941e-006	-1.4726e+014	-1.4690e+014	1.4690e+014	5.2500e-015
5.640e+000	5.6955e-006	-1.4761e+014	-1.4726e+014	1.4726e+014	5.2500e-015
5.650e+000	5.6969e-006	-1.4797e+014	-1.4761e+014	1.4761e+014	5.2500e-015
5.660e+000	5.6983e-006	-1.4832e+014	-1.4797e+014	1.4797e+014	5.2500e-015
5.670e+000	5.6997e-006	-1.4868e+014	-1.4832e+014	1.4832e+014	5.2500e-015
5.680e+000	5.7011e-006	-1.4904e+014	-1.4868e+014	1.4868e+014	5.2500e-015
5.690e+000	5.7024e-006	-1.4939e+014	-1.4904e+014	1.4904e+014	5.2500e-015
5.700e+000	5.7038e-006	-1.4975e+014	-1.4939e+014	1.4939e+014	5.2500e-015
5.710e+000	5.7052e-006	-1.5010e+014	-1.4975e+014	1.4975e+014	5.2500e-015
5.720e+000	5.7066e-006	-1.5046e+014	-1.5010e+014	1.5010e+014	5.2500e-015
5.730e+000	5.7079e-006	-1.5082e+014	-1.5046e+014	1.5046e+014	5.2500e-015
5.740e+000	5.7093e-006	-1.5117e+014	-1.5082e+014	1.5082e+014	5.2500e-015
5.750e+000	5.7106e-006	-1.5153e+014	-1.5117e+014	1.5117e+014	5.2500e-015
5.760e+000	5.7120e-006	-1.5189e+014	-1.5153e+014	1.5153e+014	5.2500e-015
5.770e+000	5.7134e-006	-1.5224e+014	-1.5189e+014	1.5189e+014	5.2500e-015
5.780e+000	5.7147e-006	-1.5260e+014	-1.5224e+014	1.5224e+014	5.2500e-015
5.790e+000	5.7161e-006	-1.5296e+014	-1.5260e+014	1.5260e+014	5.2500e-015
5.800e+000	5.7174e-006	-1.5331e+014	-1.5296e+014	1.5296e+014	5.2500e-015
5.810e+000	5.7187e-006	-1.5367e+014	-1.5331e+014	1.5331e+014	5.2500e-015
5.820e+000	5.7201e-006	-1.5403e+014	-1.5367e+014	1.5367e+014	5.2500e-015
5.830e+000	5.7214e-006	-1.5438e+014	-1.5403e+014	1.5403e+014	5.2500e-015
5.840e+000	5.7227e-006	-1.5474e+014	-1.5438e+014	1.5438e+014	5.2500e-015
5.850e+000	5.7241e-006	-1.5510e+014	-1.5474e+014	1.5474e+014	5.2500e-015
5.860e+000	5.7254e-006	-1.5546e+014	-1.5510e+014	1.5510e+014	5.2500e-015
5.870e+000	5.7267e-006	-1.5581e+014	-1.5546e+014	1.5546e+014	5.2500e-015
5.880e+000	5.7280e-006	-1.5617e+014	-1.5581e+014	1.5581e+014	5.2500e-015
5.890e+000	5.7293e-006	-1.5653e+014	-1.5617e+014	1.5617e+014	5.2500e-015
5.900e+000	5.7306e-006	-1.5689e+014	-1.5653e+014	1.5653e+014	5.2500e-015
5.910e+000	5.7320e-006	-1.5724e+014	-1.5689e+014	1.5689e+014	5.2500e-015
5.920e+000	5.7333e-006	-1.5760e+014	-1.5724e+014	1.5724e+014	5.2500e-015
5.930e+000	5.7346e-006	-1.5796e+014	-1.5760e+014	1.5760e+014	5.2500e-015
5.940e+000	5.7359e-006	-1.5832e+014	-1.5796e+014	1.5796e+014	5.2500e-015
5.950e+000	5.7371e-006	-1.5868e+014	-1.5832e+014	1.5832e+014	5.2500e-015
5.960e+000	5.7384e-006	-1.5903e+014	-1.5868e+014	1.5868e+014	5.2500e-015
5.970e+000	5.7397e-006	-1.5939e+014	-1.5903e+014	1.5903e+014	5.2500e-015
5.980e+000	5.7410e-006	-1.5975e+014	-1.5939e+014	1.5939e+014	5.2500e-015
5.990e+000	5.7423e-006	-1.6011e+014	-1.5975e+014	1.5975e+014	5.2500e-015
6.000e+000	5.7436e-006	-1.6047e+014	-1.6011e+014	1.6011e+014	5.2500e-015
6.010e+000	5.7448e-006	-1.6083e+014	-1.6047e+014	1.6047e+014	5.2500e-015
6.020e+000	5.7461e-006	-1.6118e+014	-1.6083e+014	1.6083e+014	5.2500e-015
6.030e+000	5.7474e-006	-1.6154e+014	-1.6118e+014	1.6118e+014	5.2500e-015
6.040e+000	5.7487e-006	-1.6190e+014	-1.6154e+014	1.6154e+014	5.2500e-015
6.050e+000	5.7499e-006	-1.6226e+014	-1.6190e+014	1.6190e+014	5.2500e-015
6.060e+000	5.7512e-006	-1.6262e+014	-1.6226e+014	1.6226e+014	5.2500e-015
6.070e+000	5.7524e-006	-1.6298e+014	-1.6262e+014	1.6262e+014	5.2500e-015
6.080e+000	5.7537e-006	-1.6334e+014	-1.6298e+014	1.6298e+014	5.2500e-015
6.090e+000	5.7549e-006	-1.6370e+014	-1.6334e+014	1.6334e+014	5.2500e-015
6.100e+000	5.7562e-006	-1.6406e+014	-1.6370e+014	1.6370e+014	5.2500e-015
6.110e+000	5.7574e-006	-1.6442e+014	-1.6406e+014	1.6406e+014	5.2500e-015
6.120e+000	5.7587e-006	-1.6478e+014	-1.6442e+014	1.6442e+014	5.2500e-015
6.130e+000	5.7599e-006	-1.6513e+014	-1.6478e+014	1.6478e+014	5.2500e-015
6.140e+000	5.7611e-006	-1.6549e+014	-1.6513e+014	1.6513e+014	5.2500e-015
6.150e+000	5.7624e-006	-1.6585e+014	-1.6549e+014	1.6549e+014	5.2500e-015
6.160e+000	5.7636e-006	-1.6621e+014	-1.6585e+014	1.6585e+014	5.2500e-015
6.170e+000	5.7648e-006	-1.6657e+014	-1.6621e+014	1.6621e+014	5.2500e-015
6.180e+000	5.7661e-006	-1.6693e+014	-1.6657e+014	1.6657e+014	5.2500e-015
6.190e+000	5.7673e-006	-1.6729e+014	-1.6693e+014	1.6693e+014	5.2500e-015
6.200e+000	5.7685e-006	-1.6765e+014	-1.6729e+014	1.6729e+014	5.2500e-015
6.210e+000	5.7697e-006	-1.6801e+014	-1.6765e+014	1.6765e+014	5.2500e-015
6.220e+000	5.7709e-006	-1.6837e+014	-1.6801e+014	1.6801e+014	5.2500e-015
6.230e+000	5.7721e-006	-1.6873e+014	-1.6837e+014	1.6837e+014	5.2500e-015
6.240e+000	5.7734e-006	-1.6909e+014	-1.6873e+014	1.6873e+014	5.2500e-015
6.250e+000	5.7746e-006	-1.6945e+014	-1.6909e+014	1.6909e+014	5.2500e-015
6.260e+000	5.7758e-006	-1.6982e+014	-1.6945e+014	1.6945e+014	5.2500e-015
6.270e+000	5.7770e-006	-1.7018e+014	-1.6982e+014	1.6982e+014	5.2500e-015
6.280e+000	5.7782e-006	-1.7054e+014	-1.7018e+014	1.7018e+014	5.2500e-015
6.290e+000	5.7794e-006	-1.7090e+014	-1.7054e+014	1.7054e+014	5.2500e-015
6.300e+000	5.7805e-006	-1.7126e+014	-1.7090e+014	1.7090e+014	5.2500e-015
6.310e+000	5.7817e-006	-1.7162e+014	-1.7126e+014	1.7126e+014	5.2500e-015
6.320e+000	5.7829e-006	-1.7198e+014	-1.7162e+014	1.7162e+014	5.2500e-015
6.330e+000	5.7841e-006	-1.7234e+014	-1.7198e+014	1.7198e+014	5.2500e-015
6.340e+000	5.7853e-006	-1.7270e+014	-1.7234e+014	1.7234e+014	5.2500e-015
6.350e+000	5.7865e-006	-1.7306e+014	-1.7270e+014	1.7270e+014	5.2500e-015
6.360e+000	5.7876e-006	-1.7342e+014	-1.7306e+014	1.7306e+014	5.2500e-015
6.370e+000	5.7888e-006	-1.7379e+014	-1.7342e+014	1.7342e+014	5.2500e-015
6.380e+000	5.7900e-006	-1.7415e+014	-1.7379e+014	1.7379e+014	5.2500e-015
6.390e+000	5.7911e-006	-1.7451e+014	-1.7415e+014	1.7415e+014	5.2500e-015
6.400e+000	5.7923e-006	-1.7487e+014	-1.7451e+014	1.7451e+014	5.2500e-015
6.410e+000	5.7935e-006	-1.7523e+014	-1.7487e+014	1.7487e+014	5.2500e-015
6.420e+000	5.7946e-006	-1.7559e+014	-1.7523e+014	1.7523e+014	5.2500e-015
6.430e+000	5.7958e-006	-1.7596e+014	-1.7559e+014	1.7559e+014	5.2500e-015
6.440e+000	5.7969e-006	-1.7632e+014	-1.7596e+014	1.7596e+014	5.2500e-015
6.450e+000	5.7981e-006	-1.7668e+014	-1.7632e+014	1.7632e+014	5.2500e-015
6.460e+000	5.7992e-006	-1.7704e+014	-1.7668e+014	1.7668e+014	5.2500e-015
6.470e+000	5.8004e-006	-1.7740e+014	-1.7704e+014	1.7704e+014	5.2500e-015
6.480e+000	5.8015e-006	-1.7776e+014	-1.7740e+014	1.7740e+014	5.2500e-015
6.490e+000	5.8027e-006	-1.7813e+014	-1.7776e+014	1.7776e+014	5.2500e-015
6.500e+000	5.8038e-006	-1.7849e+014	-1.7813e+014	1.7813e+014	5.2500e-015
6.510e+000	5.8050e-006	-1.7885e+014	-1.7849e+014	1.7849e+014	5.2500e-015
6.520e+000	5.8061e-006	-1.7921e+014	-1.7885e+014	1.7885e+014	5.2500e-015
6.530e+000	5.8072e-006	-1.7958e+014	-1.7921e+014	1.7921e+014	5.2500e-015
6.540e+000	5.8084e-006	-1.7994e+014	-1.7958e+014	1.7958e+014	5.2500e-015
6.550e+000	5.8095e-006	-1.8030e+014	-1.7994e+014	1.7994e+014	5.2500e-015
6.560e+000	5.8106e-006	-1.8066e+014	-1.8030e+014	1.8030e+014	5.2500e-015
6.570e+000	5.8117e-006	-1.8103e+014	-1.8066e+014	1.8066e+014	5.2500e-015
6.580e+000	5.8128e-006	-1.8139e+014	-1.8103e+014	1.8103e+014	5.2500e-015
6.590e+000	5.8140e-006	-1.8175e+014	-1.8139e+014	1.8139e+014	5.2500e-015
6.600e+000	5.8151e-006	-1.8212e+014	-1.8175e+014	1.8175e+014	5.2500e-015
6.610e+000	5.8162e-006	-1.8248e+014	-1.8212e+014	1.8212e+014	5.2500e-015
6.620e+000	5.8173e-006	-1.8284e+014	-1.8248e+014	1.8248e+014	5.2500e-015
6.630e+000	5.8184e-006	-1.8320e+014	-1.8284e+014	1.8284e+014	5.2500e-015
6.640e+000	5.8195e-006	-1.8357e+014	-1.8320e+014	1.8320e+014	5.2500e-015
6.650e+000	5.8206e-006	-1.8393e+014	-1.8357e+014	1.8357e+014	5.2500e-015
6.660e+000	5.8217e-006	-1.8429e+014	-1.8393e+014	1.8393e+014	5.2500e-015
6.670e+000	5.8228e-006	-1.8466e+014	-1.8429e+014	1.8429e+014	5.2500e-015
6.680e+000	5.8239e-006	-1.8502e+014	-1.8466e+014	1.8466e+014	5.2500e-015
6.690e+000	5.8250e-006	-1.8539e+014	-1.8502e+014	1.8502e+014	5.2500e-015
6.700e+000	5.8261e-006	-1.8575e+014	-1.8539e+014	1.8539e+014	5.2500e-015
6.710e+000	5.8272e-006	-1.8611e+014	-1.8575e+014	1.8575e+014	5.2500e-015
6.720e+000	5.8283e-006	-1.8648e+014	-1.8611e+014	1.8611e+014	5.2500e-015
6.730e+000	5.8294e-006	-1.8684e+014	-1.8648e+014	1.8648e+014	5.2500e-015
6.740e+000	5.8304e-006	-1.8720e+014	-1.8684e+014	1.8684e+014	5.2500e-015
6.750e+000	5.8315e-006	-1.8757e+014	-1.8720e+014	1.8720e+014	5.2500e-015
6.760e+000	5.8326e-006	-1.8793e+014	-1.8757e+014	1.8757e+014	5.2500e-015
6.770e+000	5.8337e-006	-1.8830e+014	-1.8793e+014	1.8793e+014	5.2500e-015
6.780e+000	5.8348e-006	-1.8866e+014	-1.8830e+014	1.8830e+014	5.2500e-015
6.790e+000	5.8358e-006	-1.8902e+014	-1.8866e+014	1.8866e+014	5.2500e-015
6.800e+000	5.8369e-006	-1.8939e+014	-1.8902e+014	1.8902e+014	5.2500e-015
6.810e+000	5.8380e-006	-1.8975e+014	-1.8939e+014	1.8939e+014	5.2500e-015
6.820e+000	5.8390e-006	-1.9012e+014	-1.8975e+014	1.8975e+014	5.2500e-015
6.830e+000	5.8401e-006	-1.9048e+014	-1.9012e+014	1.9012e+014	5.2500e-015
6.840e+000	5.8411e-006	-1.9085e+014	-1.9048e+014	1.9048e+014	5.2500e-015
6.850e+000	5.8422e-006	-1.9121e+014	-1.9085e+014	1.9085e+014	5.2500e-015
6.860e+000	5.8433e-006	-1.9158e+014	-1.9121e+014	1.9121e+014	5.2500e-015
6.870e+000	5.8443e-006	-1.9194e+014	-1.9158e+014	1.9158e+014	5.2500e-015
6.880e+000	5.8454e-006	-1.9231e+014	-1.9194e+014	1.9194e+014	5.2500e-015
6.890e+000	5.8464e-006	-1.9267e+014	-1.9231e+014	1.9231e+014	5.2500e-015
6.900e+000	5.8475e-006	-1.9304e+014	-1.9267e+014	1.9267e+014	5.2500e-015
6.910e+000	5.8485e-006	-1.9340e+014	-1.9304e+014	1.9304e+014	5.2500e-015
6.920e+000	5.8495e-006	-1.9377e+014	-1.9340e+014	1.9340e+014	5.2500e-015
6.930e+000	5.8506e-006	-1.9413e+014	-1.9377e+014	1.9377e+014	5.2500e-015
6.940e+000	5.8516e-006	-1.9450e+014	-1.9413e+014	1.9413e+014	5.2500e-015
6.950e+000	5.8527e-006	-1.9486e+014	-1.9450e+014	1.9450e+014	5.2500e-015
6.960e+000	5.8537e-006	-1.9523e+014	-1.9486e+014	1.9486e+014	5.2500e-015
6.970e+000	5.8547e-006	-1.9559e+014	-1.9523e+014	1.9523e+014	5.2500e-015
6.980e+000	5.8558e-006	-1.9596e+014	-1.9559e+014	1.9559e+014	5.2500e-015
6.990e+000	5.8568e-006	-1.9632e+014	-1.9596e+014	1.9596e+014	5.2500e-015
7.000e+000	5.8578e-006	-1.9669e+014	-1.9632e+014	1.9632e+014	5.2500e-015
