V	C (Fcm-2)	Initcharge (cm-2)	Finalcharge (cm-2)	ns Total (cm-2)	ps Total (cm-2)
-8.000e+000	4.8034e-017	-9.3457e+000	-6.3477e+000	6.3476e+000	5.2500e-015
-7.990e+000	4.8034e-017	-9.3457e+000	-6.3477e+000	6.3476e+000	5.2500e-015
-7.980e+000	4.8034e-017	-9.3457e+000	-6.3477e+000	6.3476e+000	5.2500e-015
-7.970e+000	4.8034e-017	-9.3457e+000	-6.3477e+000	6.3476e+000	5.2500e-015
-7.960e+000	4.8034e-017	-9.3457e+000	-6.3477e+000	6.3476e+000	5.2500e-015
-7.950e+000	4.8034e-017	-9.3457e+000	-6.3477e+000	6.3476e+000	5.2500e-015
-7.940e+000	4.8034e-017	-9.3457e+000	-6.3477e+000	6.3476e+000	5.2500e-015
-7.930e+000	4.8034e-017	-9.3457e+000	-6.3477e+000	6.3476e+000	5.2500e-015
-7.920e+000	4.8034e-017	-9.3457e+000	-6.3477e+000	6.3476e+000	5.2500e-015
-7.910e+000	4.8034e-017	-9.3457e+000	-6.3477e+000	6.3476e+000	5.2500e-015
-7.900e+000	4.8034e-017	-9.3457e+000	-6.3477e+000	6.3476e+000	5.2500e-015
-7.890e+000	4.8034e-017	-9.3457e+000	-6.3477e+000	6.3476e+000	5.2500e-015
-7.880e+000	4.8034e-017	-9.3457e+000	-6.3477e+000	6.3476e+000	5.2500e-015
-7.870e+000	4.8034e-017	-9.3457e+000	-6.3477e+000	6.3476e+000	5.2500e-015
-7.860e+000	4.8034e-017	-9.3457e+000	-6.3477e+000	6.3476e+000	5.2500e-015
-7.850e+000	4.8034e-017	-9.3457e+000	-6.3477e+000	6.3476e+000	5.2500e-015
-7.840e+000	4.8034e-017	-9.3457e+000	-6.3477e+000	6.3476e+000	5.2500e-015
-7.830e+000	4.8034e-017	-9.3457e+000	-6.3477e+000	6.3476e+000	5.2500e-015
-7.820e+000	4.8034e-017	-9.3457e+000	-6.3477e+000	6.3476e+000	5.2500e-015
-7.810e+000	4.8034e-017	-9.3457e+000	-6.3477e+000	6.3476e+000	5.2500e-015
-7.800e+000	4.8034e-017	-9.3457e+000	-6.3477e+000	6.3476e+000	5.2500e-015
-7.790e+000	4.8034e-017	-9.3457e+000	-6.3477e+000	6.3476e+000	5.2500e-015
-7.780e+000	4.8034e-017	-9.3457e+000	-6.3477e+000	6.3476e+000	5.2500e-015
-7.770e+000	4.8034e-017	-9.3457e+000	-6.3477e+000	6.3476e+000	5.2500e-015
-7.760e+000	4.8034e-017	-9.3457e+000	-6.3477e+000	6.3476e+000	5.2500e-015
-7.750e+000	4.8034e-017	-9.3457e+000	-6.3477e+000	6.3476e+000	5.2500e-015
-7.740e+000	4.8034e-017	-9.3457e+000	-6.3477e+000	6.3476e+000	5.2500e-015
-7.730e+000	4.8034e-017	-9.3457e+000	-6.3477e+000	6.3476e+000	5.2500e-015
-7.720e+000	4.8034e-017	-9.3457e+000	-6.3477e+000	6.3476e+000	5.2500e-015
-7.710e+000	4.8034e-017	-9.3457e+000	-6.3477e+000	6.3476e+000	5.2500e-015
-7.700e+000	4.8034e-017	-9.3457e+000	-6.3477e+000	6.3476e+000	5.2500e-015
-7.690e+000	4.8034e-017	-9.3457e+000	-6.3477e+000	6.3476e+000	5.2500e-015
-7.680e+000	4.8034e-017	-9.3457e+000	-6.3477e+000	6.3476e+000	5.2500e-015
-7.670e+000	4.8034e-017	-9.3457e+000	-6.3477e+000	6.3476e+000	5.2500e-015
-7.660e+000	4.8034e-017	-9.3457e+000	-6.3477e+000	6.3476e+000	5.2500e-015
-7.650e+000	4.8034e-017	-9.3457e+000	-6.3477e+000	6.3476e+000	5.2500e-015
-7.640e+000	4.8034e-017	-9.3457e+000	-6.3477e+000	6.3476e+000	5.2500e-015
-7.630e+000	4.8034e-017	-9.3457e+000	-6.3477e+000	6.3476e+000	5.2500e-015
-7.620e+000	4.8034e-017	-9.3457e+000	-6.3477e+000	6.3476e+000	5.2500e-015
-7.610e+000	4.8034e-017	-9.3457e+000	-6.3477e+000	6.3476e+000	5.2500e-015
-7.600e+000	4.8034e-017	-9.3457e+000	-6.3477e+000	6.3476e+000	5.2500e-015
-7.590e+000	4.8034e-017	-9.3457e+000	-6.3477e+000	6.3476e+000	5.2500e-015
-7.580e+000	4.8034e-017	-9.3457e+000	-6.3477e+000	6.3476e+000	5.2500e-015
-7.570e+000	4.8034e-017	-9.3457e+000	-6.3477e+000	6.3476e+000	5.2500e-015
-7.560e+000	4.8034e-017	-9.3457e+000	-6.3477e+000	6.3476e+000	5.2500e-015
-7.550e+000	4.8034e-017	-9.3457e+000	-6.3477e+000	6.3476e+000	5.2500e-015
-7.540e+000	4.8034e-017	-9.3457e+000	-6.3477e+000	6.3476e+000	5.2500e-015
-7.530e+000	4.8034e-017	-9.3457e+000	-6.3477e+000	6.3476e+000	5.2500e-015
-7.520e+000	4.8034e-017	-9.3457e+000	-6.3477e+000	6.3476e+000	5.2500e-015
-7.510e+000	4.8034e-017	-9.3457e+000	-6.3477e+000	6.3476e+000	5.2500e-015
-7.500e+000	4.8034e-017	-9.3457e+000	-6.3477e+000	6.3476e+000	5.2500e-015
-7.490e+000	4.8034e-017	-9.3457e+000	-6.3477e+000	6.3476e+000	5.2500e-015
-7.480e+000	4.8034e-017	-9.3457e+000	-6.3477e+000	6.3476e+000	5.2500e-015
-7.470e+000	4.8034e-017	-9.3457e+000	-6.3477e+000	6.3476e+000	5.2500e-015
-7.460e+000	4.8034e-017	-9.3457e+000	-6.3477e+000	6.3476e+000	5.2500e-015
-7.450e+000	4.8034e-017	-9.3457e+000	-6.3477e+000	6.3476e+000	5.2500e-015
-7.440e+000	4.8034e-017	-9.3457e+000	-6.3477e+000	6.3476e+000	5.2500e-015
-7.430e+000	4.8034e-017	-9.3457e+000	-6.3477e+000	6.3476e+000	5.2500e-015
-7.420e+000	4.8034e-017	-9.3457e+000	-6.3477e+000	6.3476e+000	5.2500e-015
-7.410e+000	4.8034e-017	-9.3457e+000	-6.3477e+000	6.3476e+000	5.2500e-015
-7.400e+000	4.8034e-017	-9.3457e+000	-6.3477e+000	6.3476e+000	5.2500e-015
-7.390e+000	4.8034e-017	-9.3457e+000	-6.3477e+000	6.3476e+000	5.2500e-015
-7.380e+000	4.8034e-017	-9.3457e+000	-6.3477e+000	6.3476e+000	5.2500e-015
-7.370e+000	4.8034e-017	-9.3457e+000	-6.3477e+000	6.3476e+000	5.2500e-015
-7.360e+000	4.8034e-017	-9.3457e+000	-6.3477e+000	6.3476e+000	5.2500e-015
-7.350e+000	4.8034e-017	-9.3457e+000	-6.3477e+000	6.3476e+000	5.2500e-015
-7.340e+000	4.8034e-017	-9.3457e+000	-6.3477e+000	6.3476e+000	5.2500e-015
-7.330e+000	4.8034e-017	-9.3457e+000	-6.3477e+000	6.3476e+000	5.2500e-015
-7.320e+000	4.8034e-017	-9.3458e+000	-6.3477e+000	6.3476e+000	5.2500e-015
-7.310e+000	4.8035e-017	-9.3458e+000	-6.3477e+000	6.3476e+000	5.2500e-015
-7.300e+000	4.8035e-017	-9.3458e+000	-6.3477e+000	6.3477e+000	5.2500e-015
-7.290e+000	4.8035e-017	-9.3459e+000	-6.3478e+000	6.3477e+000	5.2500e-015
-7.280e+000	4.8036e-017	-9.3460e+000	-6.3478e+000	6.3478e+000	5.2500e-015
-7.270e+000	4.8036e-017	-9.3461e+000	-6.3479e+000	6.3479e+000	5.2500e-015
-7.260e+000	4.8037e-017	-9.3463e+000	-6.3481e+000	6.3480e+000	5.2500e-015
-7.250e+000	4.8039e-017	-9.3466e+000	-6.3483e+000	6.3482e+000	5.2500e-015
-7.240e+000	4.8041e-017	-9.3470e+000	-6.3485e+000	6.3485e+000	5.2500e-015
-7.230e+000	4.8044e-017	-9.3476e+000	-6.3489e+000	6.3489e+000	5.2500e-015
-7.220e+000	4.8048e-017	-9.3485e+000	-6.3496e+000	6.3495e+000	5.2500e-015
-7.210e+000	4.8055e-017	-9.3498e+000	-6.3505e+000	6.3504e+000	5.2500e-015
-7.200e+000	4.8065e-017	-9.3518e+000	-6.3518e+000	6.3517e+000	5.2500e-015
-7.190e+000	4.8080e-017	-9.3546e+000	-6.3537e+000	6.3536e+000	5.2500e-015
-7.180e+000	4.8102e-017	-9.3588e+000	-6.3566e+000	6.3565e+000	5.2500e-015
-7.170e+000	4.8134e-017	-9.3651e+000	-6.3608e+000	6.3607e+000	5.2500e-015
-7.160e+000	4.8181e-017	-9.3742e+000	-6.3670e+000	6.3669e+000	5.2500e-015
-7.150e+000	4.8250e-017	-9.3877e+000	-6.3762e+000	6.3761e+000	5.2500e-015
-7.140e+000	4.8352e-017	-9.4075e+000	-6.3896e+000	6.3895e+000	5.2500e-015
-7.130e+000	4.8502e-017	-9.4366e+000	-6.4094e+000	6.4093e+000	5.2500e-015
-7.120e+000	4.8722e-017	-9.4796e+000	-6.4386e+000	6.4385e+000	5.2500e-015
-7.110e+000	4.9047e-017	-9.5428e+000	-6.4816e+000	6.4815e+000	5.2500e-015
-7.100e+000	4.9526e-017	-9.6359e+000	-6.5448e+000	6.5447e+000	5.2500e-015
-7.090e+000	5.0262e-017	-9.7750e+000	-6.6379e+000	6.6378e+000	5.2500e-015
-7.080e+000	5.1268e-017	-9.9768e+000	-6.7769e+000	6.7749e+000	5.2500e-015
-7.070e+000	5.2795e-017	-1.0274e+001	-6.9787e+000	6.9767e+000	5.2500e-015
-7.060e+000	5.5074e-017	-1.0713e+001	-7.2759e+000	7.2738e+000	5.2500e-015
-7.050e+000	5.8353e-017	-1.1357e+001	-7.7153e+000	7.7113e+000	5.2500e-015
-7.040e+000	6.3305e-017	-1.2311e+001	-8.3593e+000	8.3554e+000	5.2500e-015
-7.030e+000	7.0449e-017	-1.3710e+001	-9.3125e+000	9.3036e+000	5.2500e-015
-7.020e+000	8.1076e-017	-1.5772e+001	-1.0711e+001	1.0700e+001	5.2500e-015
-7.010e+000	9.6692e-017	-1.8809e+001	-1.2774e+001	1.2755e+001	5.2500e-015
-7.000e+000	1.1961e-016	-2.3276e+001	-1.5811e+001	1.5781e+001	5.2500e-015
-6.990e+000	1.5346e-016	-2.9856e+001	-2.0278e+001	2.0237e+001	5.2500e-015
-6.980e+000	2.0324e-016	-3.9543e+001	-2.6858e+001	2.6797e+001	5.2500e-015
-6.970e+000	2.7651e-016	-5.3803e+001	-3.6545e+001	3.6454e+001	5.2500e-015
-6.960e+000	3.8446e-016	-7.4801e+001	-5.0805e+001	5.0673e+001	5.2500e-015
-6.950e+000	5.4331e-016	-1.0571e+002	-7.1803e+001	7.1608e+001	5.2500e-015
-6.940e+000	7.7730e-016	-1.5123e+002	-1.0272e+002	1.0243e+002	5.2500e-015
-6.930e+000	1.1216e-015	-2.1824e+002	-1.4823e+002	1.4781e+002	5.2500e-015
-6.920e+000	1.6288e-015	-3.1690e+002	-2.1524e+002	2.1462e+002	5.2500e-015
-6.910e+000	2.3752e-015	-4.6215e+002	-3.1390e+002	3.1298e+002	5.2500e-015
-6.900e+000	3.4744e-015	-6.7601e+002	-4.5916e+002	4.5780e+002	5.2500e-015
-6.890e+000	5.0926e-015	-9.9087e+002	-6.7301e+002	6.7102e+002	5.2500e-015
-6.880e+000	7.4751e-015	-1.4544e+003	-9.8787e+002	9.8493e+002	5.2500e-015
-6.870e+000	1.0983e-014	-2.1369e+003	-1.4514e+003	1.4471e+003	5.2500e-015
-6.860e+000	1.6147e-014	-3.1417e+003	-2.1339e+003	2.1276e+003	5.2500e-015
-6.850e+000	2.3751e-014	-4.6211e+003	-3.1388e+003	3.1294e+003	5.2500e-015
-6.840e+000	3.4945e-014	-6.7992e+003	-4.6181e+003	4.6043e+003	5.2500e-015
-6.830e+000	5.1426e-014	-1.0006e+004	-6.7962e+003	6.7759e+003	5.2500e-015
-6.820e+000	7.5692e-014	-1.4727e+004	-1.0003e+004	9.9731e+003	5.2500e-015
-6.810e+000	1.1142e-013	-2.1678e+004	-1.4724e+004	1.4680e+004	5.2500e-015
-6.800e+000	1.6401e-013	-3.1912e+004	-2.1675e+004	2.1611e+004	5.2500e-015
-6.790e+000	2.4145e-013	-4.6980e+004	-3.1909e+004	3.1814e+004	5.2500e-015
-6.780e+000	3.5546e-013	-6.9163e+004	-4.6977e+004	4.6836e+004	5.2500e-015
-6.770e+000	5.2332e-013	-1.0182e+005	-6.9160e+004	6.8953e+004	5.2500e-015
-6.760e+000	7.7044e-013	-1.4991e+005	-1.0182e+005	1.0152e+005	5.2500e-015
-6.750e+000	1.1343e-012	-2.2070e+005	-1.4990e+005	1.4946e+005	5.2500e-015
-6.740e+000	1.6699e-012	-3.2492e+005	-2.2070e+005	2.2004e+005	5.2500e-015
-6.730e+000	2.4585e-012	-4.7837e+005	-3.2492e+005	3.2395e+005	5.2500e-015
-6.720e+000	3.6194e-012	-7.0427e+005	-4.7836e+005	4.7693e+005	5.2500e-015
-6.710e+000	5.3283e-012	-1.0368e+006	-7.0426e+005	7.0216e+005	5.2500e-015
-6.700e+000	7.8439e-012	-1.5264e+006	-1.0368e+006	1.0337e+006	5.2500e-015
-6.690e+000	1.1546e-011	-2.2471e+006	-1.5264e+006	1.5218e+006	5.2500e-015
-6.680e+000	1.6995e-011	-3.3078e+006	-2.2471e+006	2.2403e+006	5.2500e-015
-6.670e+000	2.5013e-011	-4.8690e+006	-3.3078e+006	3.2979e+006	5.2500e-015
-6.660e+000	3.6806e-011	-7.1662e+006	-4.8690e+006	4.8544e+006	5.2500e-015
-6.650e+000	5.4145e-011	-1.0546e+007	-7.1662e+006	7.1448e+006	5.2500e-015
-6.640e+000	7.9622e-011	-1.5515e+007	-1.0546e+007	1.0514e+007	5.2500e-015
-6.630e+000	1.1702e-010	-2.2819e+007	-1.5515e+007	1.5469e+007	5.2500e-015
-6.620e+000	1.7185e-010	-3.3545e+007	-2.2819e+007	2.2751e+007	5.2500e-015
-6.610e+000	2.5207e-010	-4.9279e+007	-3.3545e+007	3.3445e+007	5.2500e-015
-6.600e+000	3.6910e-010	-7.2316e+007	-4.9279e+007	4.9131e+007	5.2500e-015
-6.590e+000	5.3911e-010	-1.0596e+008	-7.2316e+007	7.2100e+007	5.2500e-015
-6.580e+000	7.8463e-010	-1.5494e+008	-1.0596e+008	1.0565e+008	5.2500e-015
-6.570e+000	1.1362e-009	-2.2585e+008	-1.5494e+008	1.5448e+008	5.2500e-015
-6.560e+000	1.6337e-009	-3.2782e+008	-2.2585e+008	2.2518e+008	5.2500e-015
-6.550e+000	2.3265e-009	-4.7303e+008	-3.2782e+008	3.2685e+008	5.2500e-015
-6.540e+000	3.2714e-009	-6.7721e+008	-4.7303e+008	4.7165e+008	5.2500e-015
-6.530e+000	4.5265e-009	-9.5973e+008	-6.7721e+008	6.7526e+008	5.2500e-015
-6.520e+000	6.1427e-009	-1.3431e+009	-9.5973e+008	9.5702e+008	5.2500e-015
-6.510e+000	8.1539e-009	-1.8521e+009	-1.3431e+009	1.3394e+009	5.2500e-015
-6.500e+000	1.0573e-008	-2.5119e+009	-1.8521e+009	1.8471e+009	5.2500e-015
-6.490e+000	1.3393e-008	-3.3479e+009	-2.5119e+009	2.5054e+009	5.2500e-015
-6.480e+000	1.6604e-008	-4.3842e+009	-3.3479e+009	3.3396e+009	5.2500e-015
-6.470e+000	2.0201e-008	-5.6451e+009	-4.3842e+009	4.3740e+009	5.2500e-015
-6.460e+000	2.4195e-008	-7.1552e+009	-5.6451e+009	5.6327e+009	5.2500e-015
-6.450e+000	2.8612e-008	-8.9411e+009	-7.1552e+009	7.1406e+009	5.2500e-015
-6.440e+000	3.3491e-008	-1.1031e+010	-8.9411e+009	8.9242e+009	5.2500e-015
-6.430e+000	3.8871e-008	-1.3458e+010	-1.1031e+010	1.1012e+010	5.2500e-015
-6.420e+000	4.4786e-008	-1.6253e+010	-1.3458e+010	1.3436e+010	5.2500e-015
-6.410e+000	5.1253e-008	-1.9452e+010	-1.6253e+010	1.6230e+010	5.2500e-015
-6.400e+000	5.8271e-008	-2.3089e+010	-1.9452e+010	1.9427e+010	5.2500e-015
-6.390e+000	6.5812e-008	-2.7196e+010	-2.3089e+010	2.3062e+010	5.2500e-015
-6.380e+000	7.3826e-008	-3.1804e+010	-2.7196e+010	2.7168e+010	5.2500e-015
-6.370e+000	8.2241e-008	-3.6937e+010	-3.1804e+010	3.1775e+010	5.2500e-015
-6.360e+000	9.0968e-008	-4.2615e+010	-3.6937e+010	3.6907e+010	5.2500e-015
-6.350e+000	9.9906e-008	-4.8851e+010	-4.2615e+010	4.2583e+010	5.2500e-015
-6.340e+000	1.0895e-007	-5.5651e+010	-4.8851e+010	4.8818e+010	5.2500e-015
-6.330e+000	1.1800e-007	-6.3016e+010	-5.5651e+010	5.5618e+010	5.2500e-015
-6.320e+000	1.2696e-007	-7.0940e+010	-6.3016e+010	6.2982e+010	5.2500e-015
-6.310e+000	1.3574e-007	-7.9412e+010	-7.0940e+010	7.0905e+010	5.2500e-015
-6.300e+000	1.4428e-007	-8.8418e+010	-7.9412e+010	7.9377e+010	5.2500e-015
-6.290e+000	1.5253e-007	-9.7938e+010	-8.8418e+010	8.8382e+010	5.2500e-015
-6.280e+000	1.6023e-007	-1.0794e+011	-9.7938e+010	9.7902e+010	5.2500e-015
-6.270e+000	1.6748e-007	-1.1839e+011	-1.0794e+011	1.0790e+011	5.2500e-015
-6.260e+000	1.7455e-007	-1.2929e+011	-1.1839e+011	1.1835e+011	5.2500e-015
-6.250e+000	1.8139e-007	-1.4061e+011	-1.2929e+011	1.2925e+011	5.2500e-015
-6.240e+000	1.8755e-007	-1.5231e+011	-1.4061e+011	1.4057e+011	5.2500e-015
-6.230e+000	1.9361e-007	-1.6440e+011	-1.5231e+011	1.5228e+011	5.2500e-015
-6.220e+000	1.9917e-007	-1.7683e+011	-1.6440e+011	1.6436e+011	5.2500e-015
-6.210e+000	2.0431e-007	-1.8958e+011	-1.7683e+011	1.7679e+011	5.2500e-015
-6.200e+000	2.0936e-007	-2.0265e+011	-1.8958e+011	1.8954e+011	5.2500e-015
-6.190e+000	2.1385e-007	-2.1600e+011	-2.0265e+011	2.0261e+011	5.2500e-015
-6.180e+000	2.1813e-007	-2.2961e+011	-2.1600e+011	2.1596e+011	5.2500e-015
-6.170e+000	2.2214e-007	-2.4347e+011	-2.2961e+011	2.2957e+011	5.2500e-015
-6.160e+000	2.2593e-007	-2.5758e+011	-2.4347e+011	2.4344e+011	5.2500e-015
-6.150e+000	2.2939e-007	-2.7189e+011	-2.5758e+011	2.5754e+011	5.2500e-015
-6.140e+000	2.3271e-007	-2.8642e+011	-2.7189e+011	2.7185e+011	5.2500e-015
-6.130e+000	2.3575e-007	-3.0113e+011	-2.8642e+011	2.8638e+011	5.2500e-015
-6.120e+000	2.3867e-007	-3.1603e+011	-3.0113e+011	3.0109e+011	5.2500e-015
-6.110e+000	2.4133e-007	-3.3109e+011	-3.1603e+011	3.1599e+011	5.2500e-015
-6.100e+000	2.4390e-007	-3.4631e+011	-3.3109e+011	3.3105e+011	5.2500e-015
-6.090e+000	2.4629e-007	-3.6169e+011	-3.4631e+011	3.4628e+011	5.2500e-015
-6.080e+000	2.4850e-007	-3.7720e+011	-3.6169e+011	3.6165e+011	5.2500e-015
-6.070e+000	2.5064e-007	-3.9284e+011	-3.7720e+011	3.7716e+011	5.2500e-015
-6.060e+000	2.5263e-007	-4.0861e+011	-3.9284e+011	3.9280e+011	5.2500e-015
-6.050e+000	2.5448e-007	-4.2449e+011	-4.0861e+011	4.0857e+011	5.2500e-015
-6.040e+000	2.5627e-007	-4.4049e+011	-4.2449e+011	4.2445e+011	5.2500e-015
-6.030e+000	2.5794e-007	-4.5659e+011	-4.4049e+011	4.4045e+011	5.2500e-015
-6.020e+000	2.5952e-007	-4.7278e+011	-4.5659e+011	4.5655e+011	5.2500e-015
-6.010e+000	2.6099e-007	-4.8907e+011	-4.7278e+011	4.7274e+011	5.2500e-015
-6.000e+000	2.6242e-007	-5.0545e+011	-4.8907e+011	4.8903e+011	5.2500e-015
-5.990e+000	2.6376e-007	-5.2192e+011	-5.0545e+011	5.0541e+011	5.2500e-015
-5.980e+000	2.6503e-007	-5.3846e+011	-5.2192e+011	5.2188e+011	5.2500e-015
-5.970e+000	2.6624e-007	-5.5507e+011	-5.3846e+011	5.3842e+011	5.2500e-015
-5.960e+000	2.6739e-007	-5.7176e+011	-5.5507e+011	5.5504e+011	5.2500e-015
-5.950e+000	2.6846e-007	-5.8852e+011	-5.7176e+011	5.7172e+011	5.2500e-015
-5.940e+000	2.6951e-007	-6.0534e+011	-5.8852e+011	5.8848e+011	5.2500e-015
-5.930e+000	2.7050e-007	-6.2222e+011	-6.0534e+011	6.0530e+011	5.2500e-015
-5.920e+000	2.7144e-007	-6.3917e+011	-6.2222e+011	6.2218e+011	5.2500e-015
-5.910e+000	2.7234e-007	-6.5616e+011	-6.3917e+011	6.3913e+011	5.2500e-015
-5.900e+000	2.7319e-007	-6.7322e+011	-6.5616e+011	6.5612e+011	5.2500e-015
-5.890e+000	2.7401e-007	-6.9032e+011	-6.7322e+011	6.7318e+011	5.2500e-015
-5.880e+000	2.7479e-007	-7.0747e+011	-6.9032e+011	6.9028e+011	5.2500e-015
-5.870e+000	2.7554e-007	-7.2467e+011	-7.0747e+011	7.0743e+011	5.2500e-015
-5.860e+000	2.7625e-007	-7.4191e+011	-7.2467e+011	7.2463e+011	5.2500e-015
-5.850e+000	2.7694e-007	-7.5919e+011	-7.4191e+011	7.4187e+011	5.2500e-015
-5.840e+000	2.7759e-007	-7.7652e+011	-7.5919e+011	7.5915e+011	5.2500e-015
-5.830e+000	2.7822e-007	-7.9388e+011	-7.7652e+011	7.7648e+011	5.2500e-015
-5.820e+000	2.7883e-007	-8.1129e+011	-7.9388e+011	7.9385e+011	5.2500e-015
-5.810e+000	2.7941e-007	-8.2873e+011	-8.1129e+011	8.1125e+011	5.2500e-015
-5.800e+000	2.7996e-007	-8.4620e+011	-8.2873e+011	8.2869e+011	5.2500e-015
-5.790e+000	2.8050e-007	-8.6371e+011	-8.4620e+011	8.4616e+011	5.2500e-015
-5.780e+000	2.8101e-007	-8.8125e+011	-8.6371e+011	8.6367e+011	5.2500e-015
-5.770e+000	2.8151e-007	-8.9882e+011	-8.8125e+011	8.8121e+011	5.2500e-015
-5.760e+000	2.8198e-007	-9.1642e+011	-8.9882e+011	8.9878e+011	5.2500e-015
-5.750e+000	2.8244e-007	-9.3405e+011	-9.1642e+011	9.1638e+011	5.2500e-015
-5.740e+000	2.8288e-007	-9.5170e+011	-9.3405e+011	9.3401e+011	5.2500e-015
-5.730e+000	2.8331e-007	-9.6938e+011	-9.5170e+011	9.5166e+011	5.2500e-015
-5.720e+000	2.8372e-007	-9.8709e+011	-9.6938e+011	9.6934e+011	5.2500e-015
-5.710e+000	2.8412e-007	-1.0048e+012	-9.8709e+011	9.8705e+011	5.2500e-015
-5.700e+000	2.8450e-007	-1.0226e+012	-1.0048e+012	1.0048e+012	5.2500e-015
-5.690e+000	2.8487e-007	-1.0404e+012	-1.0226e+012	1.0225e+012	5.2500e-015
-5.680e+000	2.8523e-007	-1.0582e+012	-1.0404e+012	1.0403e+012	5.2500e-015
-5.670e+000	2.8557e-007	-1.0760e+012	-1.0582e+012	1.0581e+012	5.2500e-015
-5.660e+000	2.8591e-007	-1.0938e+012	-1.0760e+012	1.0759e+012	5.2500e-015
-5.650e+000	2.8623e-007	-1.1117e+012	-1.0938e+012	1.0938e+012	5.2500e-015
-5.640e+000	2.8654e-007	-1.1296e+012	-1.1117e+012	1.1117e+012	5.2500e-015
-5.630e+000	2.8685e-007	-1.1475e+012	-1.1296e+012	1.1295e+012	5.2500e-015
-5.620e+000	2.8714e-007	-1.1654e+012	-1.1475e+012	1.1474e+012	5.2500e-015
-5.610e+000	2.8743e-007	-1.1833e+012	-1.1654e+012	1.1654e+012	5.2500e-015
-5.600e+000	2.8770e-007	-1.2013e+012	-1.1833e+012	1.1833e+012	5.2500e-015
-5.590e+000	2.8797e-007	-1.2193e+012	-1.2013e+012	1.2013e+012	5.2500e-015
-5.580e+000	2.8823e-007	-1.2373e+012	-1.2193e+012	1.2192e+012	5.2500e-015
-5.570e+000	2.8848e-007	-1.2553e+012	-1.2373e+012	1.2372e+012	5.2500e-015
-5.560e+000	2.8873e-007	-1.2733e+012	-1.2553e+012	1.2552e+012	5.2500e-015
-5.550e+000	2.8896e-007	-1.2913e+012	-1.2733e+012	1.2733e+012	5.2500e-015
-5.540e+000	2.8920e-007	-1.3094e+012	-1.2913e+012	1.2913e+012	5.2500e-015
-5.530e+000	2.8942e-007	-1.3274e+012	-1.3094e+012	1.3093e+012	5.2500e-015
-5.520e+000	2.8964e-007	-1.3455e+012	-1.3274e+012	1.3274e+012	5.2500e-015
-5.510e+000	2.8986e-007	-1.3636e+012	-1.3455e+012	1.3455e+012	5.2500e-015
-5.500e+000	2.9006e-007	-1.3817e+012	-1.3636e+012	1.3636e+012	5.2500e-015
-5.490e+000	2.9027e-007	-1.3998e+012	-1.3817e+012	1.3817e+012	5.2500e-015
-5.480e+000	2.9046e-007	-1.4180e+012	-1.3998e+012	1.3998e+012	5.2500e-015
-5.470e+000	2.9066e-007	-1.4361e+012	-1.4180e+012	1.4179e+012	5.2500e-015
-5.460e+000	2.9084e-007	-1.4543e+012	-1.4361e+012	1.4361e+012	5.2500e-015
-5.450e+000	2.9102e-007	-1.4724e+012	-1.4543e+012	1.4542e+012	5.2500e-015
-5.440e+000	2.9120e-007	-1.4906e+012	-1.4724e+012	1.4724e+012	5.2500e-015
-5.430e+000	2.9138e-007	-1.5088e+012	-1.4906e+012	1.4906e+012	5.2500e-015
-5.420e+000	2.9154e-007	-1.5270e+012	-1.5088e+012	1.5087e+012	5.2500e-015
-5.410e+000	2.9171e-007	-1.5452e+012	-1.5270e+012	1.5269e+012	5.2500e-015
-5.400e+000	2.9187e-007	-1.5634e+012	-1.5452e+012	1.5451e+012	5.2500e-015
-5.390e+000	2.9203e-007	-1.5816e+012	-1.5634e+012	1.5634e+012	5.2500e-015
-5.380e+000	2.9218e-007	-1.5999e+012	-1.5816e+012	1.5816e+012	5.2500e-015
-5.370e+000	2.9233e-007	-1.6181e+012	-1.5999e+012	1.5998e+012	5.2500e-015
-5.360e+000	2.9248e-007	-1.6364e+012	-1.6181e+012	1.6181e+012	5.2500e-015
-5.350e+000	2.9262e-007	-1.6546e+012	-1.6364e+012	1.6363e+012	5.2500e-015
-5.340e+000	2.9276e-007	-1.6729e+012	-1.6546e+012	1.6546e+012	5.2500e-015
-5.330e+000	2.9290e-007	-1.6912e+012	-1.6729e+012	1.6729e+012	5.2500e-015
-5.320e+000	2.9303e-007	-1.7095e+012	-1.6912e+012	1.6911e+012	5.2500e-015
-5.310e+000	2.9316e-007	-1.7278e+012	-1.7095e+012	1.7094e+012	5.2500e-015
-5.300e+000	2.9329e-007	-1.7461e+012	-1.7278e+012	1.7277e+012	5.2500e-015
-5.290e+000	2.9342e-007	-1.7644e+012	-1.7461e+012	1.7460e+012	5.2500e-015
-5.280e+000	2.9354e-007	-1.7827e+012	-1.7644e+012	1.7644e+012	5.2500e-015
-5.270e+000	2.9366e-007	-1.8010e+012	-1.7827e+012	1.7827e+012	5.2500e-015
-5.260e+000	2.9378e-007	-1.8194e+012	-1.8010e+012	1.8010e+012	5.2500e-015
-5.250e+000	2.9390e-007	-1.8377e+012	-1.8194e+012	1.8193e+012	5.2500e-015
-5.240e+000	2.9401e-007	-1.8561e+012	-1.8377e+012	1.8377e+012	5.2500e-015
-5.230e+000	2.9412e-007	-1.8744e+012	-1.8561e+012	1.8560e+012	5.2500e-015
-5.220e+000	2.9423e-007	-1.8928e+012	-1.8744e+012	1.8744e+012	5.2500e-015
-5.210e+000	2.9434e-007	-1.9112e+012	-1.8928e+012	1.8928e+012	5.2500e-015
-5.200e+000	2.9444e-007	-1.9295e+012	-1.9112e+012	1.9111e+012	5.2500e-015
-5.190e+000	2.9455e-007	-1.9479e+012	-1.9295e+012	1.9295e+012	5.2500e-015
-5.180e+000	2.9465e-007	-1.9663e+012	-1.9479e+012	1.9479e+012	5.2500e-015
-5.170e+000	2.9475e-007	-1.9847e+012	-1.9663e+012	1.9663e+012	5.2500e-015
-5.160e+000	2.9484e-007	-2.0031e+012	-1.9847e+012	1.9847e+012	5.2500e-015
-5.150e+000	2.9494e-007	-2.0215e+012	-2.0031e+012	2.0031e+012	5.2500e-015
-5.140e+000	2.9503e-007	-2.0399e+012	-2.0215e+012	2.0215e+012	5.2500e-015
-5.130e+000	2.9512e-007	-2.0584e+012	-2.0399e+012	2.0399e+012	5.2500e-015
-5.120e+000	2.9521e-007	-2.0768e+012	-2.0584e+012	2.0583e+012	5.2500e-015
-5.110e+000	2.9530e-007	-2.0952e+012	-2.0768e+012	2.0767e+012	5.2500e-015
-5.100e+000	2.9539e-007	-2.1137e+012	-2.0952e+012	2.0952e+012	5.2500e-015
-5.090e+000	2.9548e-007	-2.1321e+012	-2.1137e+012	2.1136e+012	5.2500e-015
-5.080e+000	2.9556e-007	-2.1505e+012	-2.1321e+012	2.1321e+012	5.2500e-015
-5.070e+000	2.9565e-007	-2.1690e+012	-2.1505e+012	2.1505e+012	5.2500e-015
-5.060e+000	2.9573e-007	-2.1875e+012	-2.1690e+012	2.1690e+012	5.2500e-015
-5.050e+000	2.9581e-007	-2.2059e+012	-2.1875e+012	2.1874e+012	5.2500e-015
-5.040e+000	2.9589e-007	-2.2244e+012	-2.2059e+012	2.2059e+012	5.2500e-015
-5.030e+000	2.9596e-007	-2.2429e+012	-2.2244e+012	2.2243e+012	5.2500e-015
-5.020e+000	2.9604e-007	-2.2613e+012	-2.2429e+012	2.2428e+012	5.2500e-015
-5.010e+000	2.9612e-007	-2.2798e+012	-2.2613e+012	2.2613e+012	5.2500e-015
-5.000e+000	2.9619e-007	-2.2983e+012	-2.2798e+012	2.2798e+012	5.2500e-015
-4.990e+000	2.9626e-007	-2.3168e+012	-2.2983e+012	2.2983e+012	5.2500e-015
-4.980e+000	2.9634e-007	-2.3353e+012	-2.3168e+012	2.3168e+012	5.2500e-015
-4.970e+000	2.9641e-007	-2.3538e+012	-2.3353e+012	2.3353e+012	5.2500e-015
-4.960e+000	2.9648e-007	-2.3723e+012	-2.3538e+012	2.3538e+012	5.2500e-015
-4.950e+000	2.9655e-007	-2.3908e+012	-2.3723e+012	2.3723e+012	5.2500e-015
-4.940e+000	2.9661e-007	-2.4093e+012	-2.3908e+012	2.3908e+012	5.2500e-015
-4.930e+000	2.9668e-007	-2.4278e+012	-2.4093e+012	2.4093e+012	5.2500e-015
-4.920e+000	2.9675e-007	-2.4464e+012	-2.4278e+012	2.4278e+012	5.2500e-015
-4.910e+000	2.9681e-007	-2.4649e+012	-2.4464e+012	2.4463e+012	5.2500e-015
-4.900e+000	2.9687e-007	-2.4834e+012	-2.4649e+012	2.4648e+012	5.2500e-015
-4.890e+000	2.9694e-007	-2.5019e+012	-2.4834e+012	2.4834e+012	5.2500e-015
-4.880e+000	2.9700e-007	-2.5205e+012	-2.5019e+012	2.5019e+012	5.2500e-015
-4.870e+000	2.9706e-007	-2.5390e+012	-2.5205e+012	2.5204e+012	5.2500e-015
-4.860e+000	2.9712e-007	-2.5576e+012	-2.5390e+012	2.5390e+012	5.2500e-015
-4.850e+000	2.9718e-007	-2.5761e+012	-2.5576e+012	2.5575e+012	5.2500e-015
-4.840e+000	2.9724e-007	-2.5947e+012	-2.5761e+012	2.5761e+012	5.2500e-015
-4.830e+000	2.9730e-007	-2.6132e+012	-2.5947e+012	2.5946e+012	5.2500e-015
-4.820e+000	2.9736e-007	-2.6318e+012	-2.6132e+012	2.6132e+012	5.2500e-015
-4.810e+000	2.9741e-007	-2.6503e+012	-2.6318e+012	2.6317e+012	5.2500e-015
-4.800e+000	2.9747e-007	-2.6689e+012	-2.6503e+012	2.6503e+012	5.2500e-015
-4.790e+000	2.9752e-007	-2.6875e+012	-2.6689e+012	2.6689e+012	5.2500e-015
-4.780e+000	2.9758e-007	-2.7061e+012	-2.6875e+012	2.6874e+012	5.2500e-015
-4.770e+000	2.9763e-007	-2.7246e+012	-2.7061e+012	2.7060e+012	5.2500e-015
-4.760e+000	2.9768e-007	-2.7432e+012	-2.7246e+012	2.7246e+012	5.2500e-015
-4.750e+000	2.9774e-007	-2.7618e+012	-2.7432e+012	2.7432e+012	5.2500e-015
-4.740e+000	2.9779e-007	-2.7804e+012	-2.7618e+012	2.7618e+012	5.2500e-015
-4.730e+000	2.9784e-007	-2.7990e+012	-2.7804e+012	2.7803e+012	5.2500e-015
-4.720e+000	2.9789e-007	-2.8176e+012	-2.7990e+012	2.7989e+012	5.2500e-015
-4.710e+000	2.9794e-007	-2.8362e+012	-2.8176e+012	2.8175e+012	5.2500e-015
-4.700e+000	2.9799e-007	-2.8548e+012	-2.8362e+012	2.8361e+012	5.2500e-015
-4.690e+000	2.9804e-007	-2.8734e+012	-2.8548e+012	2.8547e+012	5.2500e-015
-4.680e+000	2.9809e-007	-2.8920e+012	-2.8734e+012	2.8733e+012	5.2500e-015
-4.670e+000	2.9813e-007	-2.9106e+012	-2.8920e+012	2.8919e+012	5.2500e-015
-4.660e+000	2.9818e-007	-2.9292e+012	-2.9106e+012	2.9105e+012	5.2500e-015
-4.650e+000	2.9823e-007	-2.9478e+012	-2.9292e+012	2.9291e+012	5.2500e-015
-4.640e+000	2.9827e-007	-2.9664e+012	-2.9478e+012	2.9478e+012	5.2500e-015
-4.630e+000	2.9832e-007	-2.9850e+012	-2.9664e+012	2.9664e+012	5.2500e-015
-4.620e+000	2.9836e-007	-3.0037e+012	-2.9850e+012	2.9850e+012	5.2500e-015
-4.610e+000	2.9841e-007	-3.0223e+012	-3.0037e+012	3.0036e+012	5.2500e-015
-4.600e+000	2.9845e-007	-3.0409e+012	-3.0223e+012	3.0222e+012	5.2500e-015
-4.590e+000	2.9850e-007	-3.0595e+012	-3.0409e+012	3.0409e+012	5.2500e-015
-4.580e+000	2.9854e-007	-3.0782e+012	-3.0595e+012	3.0595e+012	5.2500e-015
-4.570e+000	2.9858e-007	-3.0968e+012	-3.0782e+012	3.0781e+012	5.2500e-015
-4.560e+000	2.9862e-007	-3.1155e+012	-3.0968e+012	3.0968e+012	5.2500e-015
-4.550e+000	2.9866e-007	-3.1341e+012	-3.1155e+012	3.1154e+012	5.2500e-015
-4.540e+000	2.9871e-007	-3.1527e+012	-3.1341e+012	3.1341e+012	5.2500e-015
-4.530e+000	2.9875e-007	-3.1714e+012	-3.1527e+012	3.1527e+012	5.2500e-015
-4.520e+000	2.9879e-007	-3.1900e+012	-3.1714e+012	3.1713e+012	5.2500e-015
-4.510e+000	2.9883e-007	-3.2087e+012	-3.1900e+012	3.1900e+012	5.2500e-015
-4.500e+000	2.9887e-007	-3.2273e+012	-3.2087e+012	3.2086e+012	5.2500e-015
-4.490e+000	2.9891e-007	-3.2460e+012	-3.2273e+012	3.2273e+012	5.2500e-015
-4.480e+000	2.9894e-007	-3.2647e+012	-3.2460e+012	3.2460e+012	5.2500e-015
-4.470e+000	2.9898e-007	-3.2833e+012	-3.2647e+012	3.2646e+012	5.2500e-015
-4.460e+000	2.9902e-007	-3.3020e+012	-3.2833e+012	3.2833e+012	5.2500e-015
-4.450e+000	2.9906e-007	-3.3206e+012	-3.3020e+012	3.3019e+012	5.2500e-015
-4.440e+000	2.9910e-007	-3.3393e+012	-3.3206e+012	3.3206e+012	5.2500e-015
-4.430e+000	2.9913e-007	-3.3580e+012	-3.3393e+012	3.3393e+012	5.2500e-015
-4.420e+000	2.9917e-007	-3.3767e+012	-3.3580e+012	3.3579e+012	5.2500e-015
-4.410e+000	2.9921e-007	-3.3953e+012	-3.3767e+012	3.3766e+012	5.2500e-015
-4.400e+000	2.9924e-007	-3.4140e+012	-3.3953e+012	3.3953e+012	5.2500e-015
-4.390e+000	2.9928e-007	-3.4327e+012	-3.4140e+012	3.4140e+012	5.2500e-015
-4.380e+000	2.9931e-007	-3.4514e+012	-3.4327e+012	3.4326e+012	5.2500e-015
-4.370e+000	2.9935e-007	-3.4700e+012	-3.4514e+012	3.4513e+012	5.2500e-015
-4.360e+000	2.9938e-007	-3.4887e+012	-3.4700e+012	3.4700e+012	5.2500e-015
-4.350e+000	2.9942e-007	-3.5074e+012	-3.4887e+012	3.4887e+012	5.2500e-015
-4.340e+000	2.9945e-007	-3.5261e+012	-3.5074e+012	3.5074e+012	5.2500e-015
-4.330e+000	2.9948e-007	-3.5448e+012	-3.5261e+012	3.5261e+012	5.2500e-015
-4.320e+000	2.9952e-007	-3.5635e+012	-3.5448e+012	3.5448e+012	5.2500e-015
-4.310e+000	2.9955e-007	-3.5822e+012	-3.5635e+012	3.5635e+012	5.2500e-015
-4.300e+000	2.9958e-007	-3.6009e+012	-3.5822e+012	3.5822e+012	5.2500e-015
-4.290e+000	2.9962e-007	-3.6196e+012	-3.6009e+012	3.6009e+012	5.2500e-015
-4.280e+000	2.9965e-007	-3.6383e+012	-3.6196e+012	3.6196e+012	5.2500e-015
-4.270e+000	2.9968e-007	-3.6570e+012	-3.6383e+012	3.6383e+012	5.2500e-015
-4.260e+000	2.9971e-007	-3.6757e+012	-3.6570e+012	3.6570e+012	5.2500e-015
-4.250e+000	2.9974e-007	-3.6944e+012	-3.6757e+012	3.6757e+012	5.2500e-015
-4.240e+000	2.9977e-007	-3.7131e+012	-3.6944e+012	3.6944e+012	5.2500e-015
-4.230e+000	2.9981e-007	-3.7318e+012	-3.7131e+012	3.7131e+012	5.2500e-015
-4.220e+000	2.9984e-007	-3.7506e+012	-3.7318e+012	3.7318e+012	5.2500e-015
-4.210e+000	2.9987e-007	-3.7693e+012	-3.7506e+012	3.7505e+012	5.2500e-015
-4.200e+000	2.9990e-007	-3.7880e+012	-3.7693e+012	3.7692e+012	5.2500e-015
-4.190e+000	2.9993e-007	-3.8067e+012	-3.7880e+012	3.7879e+012	5.2500e-015
-4.180e+000	2.9996e-007	-3.8254e+012	-3.8067e+012	3.8067e+012	5.2500e-015
-4.170e+000	2.9999e-007	-3.8442e+012	-3.8254e+012	3.8254e+012	5.2500e-015
-4.160e+000	3.0002e-007	-3.8629e+012	-3.8442e+012	3.8441e+012	5.2500e-015
-4.150e+000	3.0004e-007	-3.8816e+012	-3.8629e+012	3.8628e+012	5.2500e-015
-4.140e+000	3.0007e-007	-3.9003e+012	-3.8816e+012	3.8816e+012	5.2500e-015
-4.130e+000	3.0010e-007	-3.9191e+012	-3.9003e+012	3.9003e+012	5.2500e-015
-4.120e+000	3.0013e-007	-3.9378e+012	-3.9191e+012	3.9190e+012	5.2500e-015
-4.110e+000	3.0016e-007	-3.9565e+012	-3.9378e+012	3.9378e+012	5.2500e-015
-4.100e+000	3.0019e-007	-3.9753e+012	-3.9565e+012	3.9565e+012	5.2500e-015
-4.090e+000	3.0021e-007	-3.9940e+012	-3.9753e+012	3.9752e+012	5.2500e-015
-4.080e+000	3.0024e-007	-4.0127e+012	-3.9940e+012	3.9940e+012	5.2500e-015
-4.070e+000	3.0027e-007	-4.0315e+012	-4.0127e+012	4.0127e+012	5.2500e-015
-4.060e+000	3.0030e-007	-4.0502e+012	-4.0315e+012	4.0314e+012	5.2500e-015
-4.050e+000	3.0032e-007	-4.0690e+012	-4.0502e+012	4.0502e+012	5.2500e-015
-4.040e+000	3.0035e-007	-4.0877e+012	-4.0690e+012	4.0689e+012	5.2500e-015
-4.030e+000	3.0038e-007	-4.1065e+012	-4.0877e+012	4.0877e+012	5.2500e-015
-4.020e+000	3.0040e-007	-4.1252e+012	-4.1065e+012	4.1064e+012	5.2500e-015
-4.010e+000	3.0043e-007	-4.1440e+012	-4.1252e+012	4.1252e+012	5.2500e-015
-4.000e+000	3.0045e-007	-4.1627e+012	-4.1440e+012	4.1439e+012	5.2500e-015
-3.990e+000	3.0048e-007	-4.1815e+012	-4.1627e+012	4.1627e+012	5.2500e-015
-3.980e+000	3.0051e-007	-4.2002e+012	-4.1815e+012	4.1814e+012	5.2500e-015
-3.970e+000	3.0053e-007	-4.2190e+012	-4.2002e+012	4.2002e+012	5.2500e-015
-3.960e+000	3.0056e-007	-4.2378e+012	-4.2190e+012	4.2190e+012	5.2500e-015
-3.950e+000	3.0058e-007	-4.2565e+012	-4.2378e+012	4.2377e+012	5.2500e-015
-3.940e+000	3.0061e-007	-4.2753e+012	-4.2565e+012	4.2565e+012	5.2500e-015
-3.930e+000	3.0063e-007	-4.2940e+012	-4.2753e+012	4.2752e+012	5.2500e-015
-3.920e+000	3.0066e-007	-4.3128e+012	-4.2940e+012	4.2940e+012	5.2500e-015
-3.910e+000	3.0068e-007	-4.3316e+012	-4.3128e+012	4.3128e+012	5.2500e-015
-3.900e+000	3.0070e-007	-4.3503e+012	-4.3316e+012	4.3315e+012	5.2500e-015
-3.890e+000	3.0073e-007	-4.3691e+012	-4.3503e+012	4.3503e+012	5.2500e-015
-3.880e+000	3.0075e-007	-4.3879e+012	-4.3691e+012	4.3691e+012	5.2500e-015
-3.870e+000	3.0078e-007	-4.4067e+012	-4.3879e+012	4.3878e+012	5.2500e-015
-3.860e+000	3.0080e-007	-4.4254e+012	-4.4067e+012	4.4066e+012	5.2500e-015
-3.850e+000	3.0082e-007	-4.4442e+012	-4.4254e+012	4.4254e+012	5.2500e-015
-3.840e+000	3.0085e-007	-4.4630e+012	-4.4442e+012	4.4442e+012	5.2500e-015
-3.830e+000	3.0087e-007	-4.4818e+012	-4.4630e+012	4.4629e+012	5.2500e-015
-3.820e+000	3.0089e-007	-4.5005e+012	-4.4818e+012	4.4817e+012	5.2500e-015
-3.810e+000	3.0091e-007	-4.5193e+012	-4.5005e+012	4.5005e+012	5.2500e-015
-3.800e+000	3.0094e-007	-4.5381e+012	-4.5193e+012	4.5193e+012	5.2500e-015
-3.790e+000	3.0096e-007	-4.5569e+012	-4.5381e+012	4.5381e+012	5.2500e-015
-3.780e+000	3.0098e-007	-4.5757e+012	-4.5569e+012	4.5568e+012	5.2500e-015
-3.770e+000	3.0100e-007	-4.5945e+012	-4.5757e+012	4.5756e+012	5.2500e-015
-3.760e+000	3.0103e-007	-4.6132e+012	-4.5945e+012	4.5944e+012	5.2500e-015
-3.750e+000	3.0105e-007	-4.6320e+012	-4.6132e+012	4.6132e+012	5.2500e-015
-3.740e+000	3.0107e-007	-4.6508e+012	-4.6320e+012	4.6320e+012	5.2500e-015
-3.730e+000	3.0109e-007	-4.6696e+012	-4.6508e+012	4.6508e+012	5.2500e-015
-3.720e+000	3.0111e-007	-4.6884e+012	-4.6696e+012	4.6696e+012	5.2500e-015
-3.710e+000	3.0114e-007	-4.7072e+012	-4.6884e+012	4.6884e+012	5.2500e-015
-3.700e+000	3.0116e-007	-4.7260e+012	-4.7072e+012	4.7072e+012	5.2500e-015
-3.690e+000	3.0118e-007	-4.7448e+012	-4.7260e+012	4.7260e+012	5.2500e-015
-3.680e+000	3.0120e-007	-4.7636e+012	-4.7448e+012	4.7448e+012	5.2500e-015
-3.670e+000	3.0122e-007	-4.7824e+012	-4.7636e+012	4.7636e+012	5.2500e-015
-3.660e+000	3.0124e-007	-4.8012e+012	-4.7824e+012	4.7824e+012	5.2500e-015
-3.650e+000	3.0126e-007	-4.8200e+012	-4.8012e+012	4.8012e+012	5.2500e-015
-3.640e+000	3.0128e-007	-4.8388e+012	-4.8200e+012	4.8200e+012	5.2500e-015
-3.630e+000	3.0130e-007	-4.8576e+012	-4.8388e+012	4.8388e+012	5.2500e-015
-3.620e+000	3.0132e-007	-4.8764e+012	-4.8576e+012	4.8576e+012	5.2500e-015
-3.610e+000	3.0134e-007	-4.8952e+012	-4.8764e+012	4.8764e+012	5.2500e-015
-3.600e+000	3.0136e-007	-4.9140e+012	-4.8952e+012	4.8952e+012	5.2500e-015
-3.590e+000	3.0138e-007	-4.9329e+012	-4.9140e+012	4.9140e+012	5.2500e-015
-3.580e+000	3.0140e-007	-4.9517e+012	-4.9329e+012	4.9328e+012	5.2500e-015
-3.570e+000	3.0142e-007	-4.9705e+012	-4.9517e+012	4.9516e+012	5.2500e-015
-3.560e+000	3.0144e-007	-4.9893e+012	-4.9705e+012	4.9704e+012	5.2500e-015
-3.550e+000	3.0146e-007	-5.0081e+012	-4.9893e+012	4.9893e+012	5.2500e-015
-3.540e+000	3.0148e-007	-5.0269e+012	-5.0081e+012	5.0081e+012	5.2500e-015
-3.530e+000	3.0150e-007	-5.0457e+012	-5.0269e+012	5.0269e+012	5.2500e-015
-3.520e+000	3.0152e-007	-5.0646e+012	-5.0457e+012	5.0457e+012	5.2500e-015
-3.510e+000	3.0154e-007	-5.0834e+012	-5.0646e+012	5.0645e+012	5.2500e-015
-3.500e+000	3.0156e-007	-5.1022e+012	-5.0834e+012	5.0833e+012	5.2500e-015
-3.490e+000	3.0158e-007	-5.1210e+012	-5.1022e+012	5.1022e+012	5.2500e-015
-3.480e+000	3.0160e-007	-5.1399e+012	-5.1210e+012	5.1210e+012	5.2500e-015
-3.470e+000	3.0161e-007	-5.1587e+012	-5.1399e+012	5.1398e+012	5.2500e-015
-3.460e+000	3.0163e-007	-5.1775e+012	-5.1587e+012	5.1586e+012	5.2500e-015
-3.450e+000	3.0165e-007	-5.1963e+012	-5.1775e+012	5.1775e+012	5.2500e-015
-3.440e+000	3.0167e-007	-5.2152e+012	-5.1963e+012	5.1963e+012	5.2500e-015
-3.430e+000	3.0169e-007	-5.2340e+012	-5.2152e+012	5.2151e+012	5.2500e-015
-3.420e+000	3.0171e-007	-5.2528e+012	-5.2340e+012	5.2340e+012	5.2500e-015
-3.410e+000	3.0173e-007	-5.2717e+012	-5.2528e+012	5.2528e+012	5.2500e-015
-3.400e+000	3.0174e-007	-5.2905e+012	-5.2717e+012	5.2716e+012	5.2500e-015
-3.390e+000	3.0176e-007	-5.3093e+012	-5.2905e+012	5.2905e+012	5.2500e-015
-3.380e+000	3.0178e-007	-5.3282e+012	-5.3093e+012	5.3093e+012	5.2500e-015
-3.370e+000	3.0180e-007	-5.3470e+012	-5.3282e+012	5.3281e+012	5.2500e-015
-3.360e+000	3.0181e-007	-5.3658e+012	-5.3470e+012	5.3470e+012	5.2500e-015
-3.350e+000	3.0183e-007	-5.3847e+012	-5.3658e+012	5.3658e+012	5.2500e-015
-3.340e+000	3.0185e-007	-5.4035e+012	-5.3847e+012	5.3846e+012	5.2500e-015
-3.330e+000	3.0187e-007	-5.4224e+012	-5.4035e+012	5.4035e+012	5.2500e-015
-3.320e+000	3.0188e-007	-5.4412e+012	-5.4224e+012	5.4223e+012	5.2500e-015
-3.310e+000	3.0190e-007	-5.4600e+012	-5.4412e+012	5.4412e+012	5.2500e-015
-3.300e+000	3.0192e-007	-5.4789e+012	-5.4600e+012	5.4600e+012	5.2500e-015
-3.290e+000	3.0194e-007	-5.4977e+012	-5.4789e+012	5.4788e+012	5.2500e-015
-3.280e+000	3.0195e-007	-5.5166e+012	-5.4977e+012	5.4977e+012	5.2500e-015
-3.270e+000	3.0197e-007	-5.5354e+012	-5.5166e+012	5.5165e+012	5.2500e-015
-3.260e+000	3.0199e-007	-5.5543e+012	-5.5354e+012	5.5354e+012	5.2500e-015
-3.250e+000	3.0200e-007	-5.5731e+012	-5.5543e+012	5.5542e+012	5.2500e-015
-3.240e+000	3.0202e-007	-5.5920e+012	-5.5731e+012	5.5731e+012	5.2500e-015
-3.230e+000	3.0204e-007	-5.6108e+012	-5.5920e+012	5.5919e+012	5.2500e-015
-3.220e+000	3.0205e-007	-5.6297e+012	-5.6108e+012	5.6108e+012	5.2500e-015
-3.210e+000	3.0207e-007	-5.6485e+012	-5.6297e+012	5.6296e+012	5.2500e-015
-3.200e+000	3.0209e-007	-5.6674e+012	-5.6485e+012	5.6485e+012	5.2500e-015
-3.190e+000	3.0210e-007	-5.6862e+012	-5.6674e+012	5.6673e+012	5.2500e-015
-3.180e+000	3.0212e-007	-5.7051e+012	-5.6862e+012	5.6862e+012	5.2500e-015
-3.170e+000	3.0213e-007	-5.7240e+012	-5.7051e+012	5.7051e+012	5.2500e-015
-3.160e+000	3.0215e-007	-5.7428e+012	-5.7240e+012	5.7239e+012	5.2500e-015
-3.150e+000	3.0217e-007	-5.7617e+012	-5.7428e+012	5.7428e+012	5.2500e-015
-3.140e+000	3.0218e-007	-5.7805e+012	-5.7617e+012	5.7616e+012	5.2500e-015
-3.130e+000	3.0220e-007	-5.7994e+012	-5.7805e+012	5.7805e+012	5.2500e-015
-3.120e+000	3.0221e-007	-5.8183e+012	-5.7994e+012	5.7994e+012	5.2500e-015
-3.110e+000	3.0223e-007	-5.8371e+012	-5.8183e+012	5.8182e+012	5.2500e-015
-3.100e+000	3.0225e-007	-5.8560e+012	-5.8371e+012	5.8371e+012	5.2500e-015
-3.090e+000	3.0226e-007	-5.8749e+012	-5.8560e+012	5.8559e+012	5.2500e-015
-3.080e+000	3.0228e-007	-5.8937e+012	-5.8749e+012	5.8748e+012	5.2500e-015
-3.070e+000	3.0229e-007	-5.9126e+012	-5.8937e+012	5.8937e+012	5.2500e-015
-3.060e+000	3.0231e-007	-5.9315e+012	-5.9126e+012	5.9125e+012	5.2500e-015
-3.050e+000	3.0232e-007	-5.9503e+012	-5.9315e+012	5.9314e+012	5.2500e-015
-3.040e+000	3.0234e-007	-5.9692e+012	-5.9503e+012	5.9503e+012	5.2500e-015
-3.030e+000	3.0235e-007	-5.9881e+012	-5.9692e+012	5.9692e+012	5.2500e-015
-3.020e+000	3.0237e-007	-6.0069e+012	-5.9881e+012	5.9880e+012	5.2500e-015
-3.010e+000	3.0238e-007	-6.0258e+012	-6.0069e+012	6.0069e+012	5.2500e-015
-3.000e+000	3.0240e-007	-6.0447e+012	-6.0258e+012	6.0258e+012	5.2500e-015
-2.990e+000	3.0241e-007	-6.0636e+012	-6.0447e+012	6.0446e+012	5.2500e-015
-2.980e+000	3.0243e-007	-6.0824e+012	-6.0636e+012	6.0635e+012	5.2500e-015
-2.970e+000	3.0244e-007	-6.1013e+012	-6.0824e+012	6.0824e+012	5.2500e-015
-2.960e+000	3.0246e-007	-6.1202e+012	-6.1013e+012	6.1013e+012	5.2500e-015
-2.950e+000	3.0247e-007	-6.1391e+012	-6.1202e+012	6.1202e+012	5.2500e-015
-2.940e+000	3.0249e-007	-6.1580e+012	-6.1391e+012	6.1390e+012	5.2500e-015
-2.930e+000	3.0250e-007	-6.1768e+012	-6.1580e+012	6.1579e+012	5.2500e-015
-2.920e+000	3.0252e-007	-6.1957e+012	-6.1768e+012	6.1768e+012	5.2500e-015
-2.910e+000	3.0253e-007	-6.2146e+012	-6.1957e+012	6.1957e+012	5.2500e-015
-2.900e+000	3.0254e-007	-6.2335e+012	-6.2146e+012	6.2146e+012	5.2500e-015
-2.890e+000	3.0256e-007	-6.2524e+012	-6.2335e+012	6.2334e+012	5.2500e-015
-2.880e+000	3.0257e-007	-6.2712e+012	-6.2524e+012	6.2523e+012	5.2500e-015
-2.870e+000	3.0259e-007	-6.2901e+012	-6.2712e+012	6.2712e+012	5.2500e-015
-2.860e+000	3.0260e-007	-6.3090e+012	-6.2901e+012	6.2901e+012	5.2500e-015
-2.850e+000	3.0262e-007	-6.3279e+012	-6.3090e+012	6.3090e+012	5.2500e-015
-2.840e+000	3.0263e-007	-6.3468e+012	-6.3279e+012	6.3279e+012	5.2500e-015
-2.830e+000	3.0264e-007	-6.3657e+012	-6.3468e+012	6.3468e+012	5.2500e-015
-2.820e+000	3.0266e-007	-6.3846e+012	-6.3657e+012	6.3656e+012	5.2500e-015
-2.810e+000	3.0267e-007	-6.4035e+012	-6.3846e+012	6.3845e+012	5.2500e-015
-2.800e+000	3.0269e-007	-6.4224e+012	-6.4035e+012	6.4034e+012	5.2500e-015
-2.790e+000	3.0270e-007	-6.4413e+012	-6.4224e+012	6.4223e+012	5.2500e-015
-2.780e+000	3.0271e-007	-6.4601e+012	-6.4413e+012	6.4412e+012	5.2500e-015
-2.770e+000	3.0273e-007	-6.4790e+012	-6.4601e+012	6.4601e+012	5.2500e-015
-2.760e+000	3.0274e-007	-6.4979e+012	-6.4790e+012	6.4790e+012	5.2500e-015
-2.750e+000	3.0275e-007	-6.5168e+012	-6.4979e+012	6.4979e+012	5.2500e-015
-2.740e+000	3.0269e-007	-6.5357e+012	-6.5168e+012	6.5168e+012	5.2500e-015
-2.730e+000	3.0255e-007	-6.5546e+012	-6.5357e+012	6.5357e+012	5.2500e-015
-2.720e+000	3.0256e-007	-6.5735e+012	-6.5546e+012	6.5546e+012	5.2500e-015
-2.710e+000	3.0257e-007	-6.5924e+012	-6.5735e+012	6.5735e+012	5.2500e-015
-2.700e+000	3.0258e-007	-6.6113e+012	-6.5924e+012	6.5923e+012	5.2500e-015
-2.690e+000	3.0259e-007	-6.6302e+012	-6.6113e+012	6.6112e+012	5.2500e-015
-2.680e+000	3.0260e-007	-6.6490e+012	-6.6302e+012	6.6301e+012	5.2500e-015
-2.670e+000	3.0261e-007	-6.6679e+012	-6.6490e+012	6.6490e+012	5.2500e-015
-2.660e+000	3.0262e-007	-6.6868e+012	-6.6679e+012	6.6679e+012	5.2500e-015
-2.650e+000	3.0264e-007	-6.7057e+012	-6.6868e+012	6.6868e+012	5.2500e-015
-2.640e+000	3.0265e-007	-6.7246e+012	-6.7057e+012	6.7057e+012	5.2500e-015
-2.630e+000	3.0266e-007	-6.7435e+012	-6.7246e+012	6.7246e+012	5.2500e-015
-2.620e+000	3.0267e-007	-6.7624e+012	-6.7435e+012	6.7434e+012	5.2500e-015
-2.610e+000	3.0268e-007	-6.7813e+012	-6.7624e+012	6.7623e+012	5.2500e-015
-2.600e+000	3.0269e-007	-6.8002e+012	-6.7813e+012	6.7812e+012	5.2500e-015
-2.590e+000	3.0270e-007	-6.8191e+012	-6.8002e+012	6.8001e+012	5.2500e-015
-2.580e+000	3.0271e-007	-6.8379e+012	-6.8191e+012	6.8190e+012	5.2500e-015
-2.570e+000	3.0272e-007	-6.8568e+012	-6.8379e+012	6.8379e+012	5.2500e-015
-2.560e+000	3.0273e-007	-6.8757e+012	-6.8568e+012	6.8568e+012	5.2500e-015
-2.550e+000	3.0274e-007	-6.8946e+012	-6.8757e+012	6.8757e+012	5.2500e-015
-2.540e+000	3.0275e-007	-6.9135e+012	-6.8946e+012	6.8946e+012	5.2500e-015
-2.530e+000	3.0276e-007	-6.9324e+012	-6.9135e+012	6.9135e+012	5.2500e-015
-2.520e+000	3.0278e-007	-6.9513e+012	-6.9324e+012	6.9324e+012	5.2500e-015
-2.510e+000	3.0279e-007	-6.9702e+012	-6.9513e+012	6.9513e+012	5.2500e-015
-2.500e+000	3.0280e-007	-6.9891e+012	-6.9702e+012	6.9702e+012	5.2500e-015
-2.490e+000	3.0281e-007	-7.0080e+012	-6.9891e+012	6.9891e+012	5.2500e-015
-2.480e+000	3.0282e-007	-7.0269e+012	-7.0080e+012	7.0080e+012	5.2500e-015
-2.470e+000	3.0283e-007	-7.0458e+012	-7.0269e+012	7.0269e+012	5.2500e-015
-2.460e+000	3.0284e-007	-7.0647e+012	-7.0458e+012	7.0458e+012	5.2500e-015
-2.450e+000	3.0285e-007	-7.0836e+012	-7.0647e+012	7.0647e+012	5.2500e-015
-2.440e+000	3.0286e-007	-7.1025e+012	-7.0836e+012	7.0836e+012	5.2500e-015
-2.430e+000	3.0287e-007	-7.1214e+012	-7.1025e+012	7.1025e+012	5.2500e-015
-2.420e+000	3.0288e-007	-7.1403e+012	-7.1214e+012	7.1214e+012	5.2500e-015
-2.410e+000	3.0289e-007	-7.1592e+012	-7.1403e+012	7.1403e+012	5.2500e-015
-2.400e+000	3.0290e-007	-7.1781e+012	-7.1592e+012	7.1592e+012	5.2500e-015
-2.390e+000	3.0291e-007	-7.1971e+012	-7.1781e+012	7.1781e+012	5.2500e-015
-2.380e+000	3.0292e-007	-7.2160e+012	-7.1971e+012	7.1970e+012	5.2500e-015
-2.370e+000	3.0293e-007	-7.2349e+012	-7.2160e+012	7.2159e+012	5.2500e-015
-2.360e+000	3.0294e-007	-7.2538e+012	-7.2349e+012	7.2348e+012	5.2500e-015
-2.350e+000	3.0295e-007	-7.2727e+012	-7.2538e+012	7.2537e+012	5.2500e-015
-2.340e+000	3.0296e-007	-7.2916e+012	-7.2727e+012	7.2726e+012	5.2500e-015
-2.330e+000	3.0297e-007	-7.3105e+012	-7.2916e+012	7.2915e+012	5.2500e-015
-2.320e+000	3.0298e-007	-7.3294e+012	-7.3105e+012	7.3105e+012	5.2500e-015
-2.310e+000	3.0299e-007	-7.3483e+012	-7.3294e+012	7.3294e+012	5.2500e-015
-2.300e+000	3.0300e-007	-7.3672e+012	-7.3483e+012	7.3483e+012	5.2500e-015
-2.290e+000	3.0301e-007	-7.3861e+012	-7.3672e+012	7.3672e+012	5.2500e-015
-2.280e+000	3.0301e-007	-7.4051e+012	-7.3861e+012	7.3861e+012	5.2500e-015
-2.270e+000	3.0302e-007	-7.4240e+012	-7.4051e+012	7.4050e+012	5.2500e-015
-2.260e+000	3.0303e-007	-7.4429e+012	-7.4240e+012	7.4239e+012	5.2500e-015
-2.250e+000	3.0304e-007	-7.4618e+012	-7.4429e+012	7.4428e+012	5.2500e-015
-2.240e+000	3.0305e-007	-7.4807e+012	-7.4618e+012	7.4618e+012	5.2500e-015
-2.230e+000	3.0306e-007	-7.4996e+012	-7.4807e+012	7.4807e+012	5.2500e-015
-2.220e+000	3.0307e-007	-7.5185e+012	-7.4996e+012	7.4996e+012	5.2500e-015
-2.210e+000	3.0308e-007	-7.5375e+012	-7.5185e+012	7.5185e+012	5.2500e-015
-2.200e+000	3.0309e-007	-7.5564e+012	-7.5375e+012	7.5374e+012	5.2500e-015
-2.190e+000	3.0310e-007	-7.5753e+012	-7.5564e+012	7.5563e+012	5.2500e-015
-2.180e+000	3.0311e-007	-7.5942e+012	-7.5753e+012	7.5753e+012	5.2500e-015
-2.170e+000	3.0312e-007	-7.6131e+012	-7.5942e+012	7.5942e+012	5.2500e-015
-2.160e+000	3.0313e-007	-7.6321e+012	-7.6131e+012	7.6131e+012	5.2500e-015
-2.150e+000	3.0314e-007	-7.6510e+012	-7.6321e+012	7.6320e+012	5.2500e-015
-2.140e+000	3.0314e-007	-7.6699e+012	-7.6510e+012	7.6509e+012	5.2500e-015
-2.130e+000	3.0315e-007	-7.6888e+012	-7.6699e+012	7.6699e+012	5.2500e-015
-2.120e+000	3.0316e-007	-7.7077e+012	-7.6888e+012	7.6888e+012	5.2500e-015
-2.110e+000	3.0317e-007	-7.7267e+012	-7.7077e+012	7.7077e+012	5.2500e-015
-2.100e+000	3.0318e-007	-7.7456e+012	-7.7267e+012	7.7266e+012	5.2500e-015
-2.090e+000	3.0319e-007	-7.7645e+012	-7.7456e+012	7.7455e+012	5.2500e-015
-2.080e+000	3.0320e-007	-7.7834e+012	-7.7645e+012	7.7645e+012	5.2500e-015
-2.070e+000	3.0321e-007	-7.8024e+012	-7.7834e+012	7.7834e+012	5.2500e-015
-2.060e+000	3.0322e-007	-7.8213e+012	-7.8024e+012	7.8023e+012	5.2500e-015
-2.050e+000	3.0323e-007	-7.8402e+012	-7.8213e+012	7.8212e+012	5.2500e-015
-2.040e+000	3.0323e-007	-7.8591e+012	-7.8402e+012	7.8402e+012	5.2500e-015
-2.030e+000	3.0324e-007	-7.8781e+012	-7.8591e+012	7.8591e+012	5.2500e-015
-2.020e+000	3.0325e-007	-7.8970e+012	-7.8781e+012	7.8780e+012	5.2500e-015
-2.010e+000	3.0326e-007	-7.9159e+012	-7.8970e+012	7.8969e+012	5.2500e-015
-2.000e+000	3.0327e-007	-7.9348e+012	-7.9159e+012	7.9159e+012	5.2500e-015
-1.990e+000	3.0328e-007	-7.9538e+012	-7.9348e+012	7.9348e+012	5.2500e-015
-1.980e+000	3.0329e-007	-7.9727e+012	-7.9538e+012	7.9537e+012	5.2500e-015
-1.970e+000	3.0329e-007	-7.9916e+012	-7.9727e+012	7.9727e+012	5.2500e-015
-1.960e+000	3.0330e-007	-8.0106e+012	-7.9916e+012	7.9916e+012	5.2500e-015
-1.950e+000	3.0331e-007	-8.0295e+012	-8.0106e+012	8.0105e+012	5.2500e-015
-1.940e+000	3.0332e-007	-8.0484e+012	-8.0295e+012	8.0295e+012	5.2500e-015
-1.930e+000	3.0333e-007	-8.0674e+012	-8.0484e+012	8.0484e+012	5.2500e-015
-1.920e+000	3.0334e-007	-8.0863e+012	-8.0674e+012	8.0673e+012	5.2500e-015
-1.910e+000	3.0334e-007	-8.1052e+012	-8.0863e+012	8.0863e+012	5.2500e-015
-1.900e+000	3.0335e-007	-8.1242e+012	-8.1052e+012	8.1052e+012	5.2500e-015
-1.890e+000	3.0336e-007	-8.1431e+012	-8.1242e+012	8.1241e+012	5.2500e-015
-1.880e+000	3.0337e-007	-8.1620e+012	-8.1431e+012	8.1431e+012	5.2500e-015
-1.870e+000	3.0338e-007	-8.1810e+012	-8.1620e+012	8.1620e+012	5.2500e-015
-1.860e+000	3.0339e-007	-8.1999e+012	-8.1810e+012	8.1809e+012	5.2500e-015
-1.850e+000	3.0339e-007	-8.2188e+012	-8.1999e+012	8.1999e+012	5.2500e-015
-1.840e+000	3.0340e-007	-8.2378e+012	-8.2188e+012	8.2188e+012	5.2500e-015
-1.830e+000	3.0341e-007	-8.2567e+012	-8.2378e+012	8.2377e+012	5.2500e-015
-1.820e+000	3.0342e-007	-8.2756e+012	-8.2567e+012	8.2567e+012	5.2500e-015
-1.810e+000	3.0343e-007	-8.2946e+012	-8.2756e+012	8.2756e+012	5.2500e-015
-1.800e+000	3.0344e-007	-8.3135e+012	-8.2946e+012	8.2945e+012	5.2500e-015
-1.790e+000	3.0344e-007	-8.3325e+012	-8.3135e+012	8.3135e+012	5.2500e-015
-1.780e+000	3.0345e-007	-8.3514e+012	-8.3325e+012	8.3324e+012	5.2500e-015
-1.770e+000	3.0346e-007	-8.3703e+012	-8.3514e+012	8.3514e+012	5.2500e-015
-1.760e+000	3.0347e-007	-8.3893e+012	-8.3703e+012	8.3703e+012	5.2500e-015
-1.750e+000	3.0348e-007	-8.4082e+012	-8.3893e+012	8.3892e+012	5.2500e-015
-1.740e+000	3.0348e-007	-8.4272e+012	-8.4082e+012	8.4082e+012	5.2500e-015
-1.730e+000	3.0349e-007	-8.4461e+012	-8.4272e+012	8.4271e+012	5.2500e-015
-1.720e+000	3.0350e-007	-8.4651e+012	-8.4461e+012	8.4461e+012	5.2500e-015
-1.710e+000	3.0351e-007	-8.4840e+012	-8.4651e+012	8.4650e+012	5.2500e-015
-1.700e+000	3.0351e-007	-8.5029e+012	-8.4840e+012	8.4840e+012	5.2500e-015
-1.690e+000	3.0352e-007	-8.5219e+012	-8.5029e+012	8.5029e+012	5.2500e-015
-1.680e+000	3.0353e-007	-8.5408e+012	-8.5219e+012	8.5218e+012	5.2500e-015
-1.670e+000	3.0354e-007	-8.5598e+012	-8.5408e+012	8.5408e+012	5.2500e-015
-1.660e+000	3.0355e-007	-8.5787e+012	-8.5598e+012	8.5597e+012	5.2500e-015
-1.650e+000	3.0355e-007	-8.5977e+012	-8.5787e+012	8.5787e+012	5.2500e-015
-1.640e+000	3.0356e-007	-8.6166e+012	-8.5977e+012	8.5976e+012	5.2500e-015
-1.630e+000	3.0357e-007	-8.6356e+012	-8.6166e+012	8.6166e+012	5.2500e-015
-1.620e+000	3.0358e-007	-8.6545e+012	-8.6356e+012	8.6355e+012	5.2500e-015
-1.610e+000	3.0358e-007	-8.6735e+012	-8.6545e+012	8.6545e+012	5.2500e-015
-1.600e+000	3.0359e-007	-8.6924e+012	-8.6735e+012	8.6734e+012	5.2500e-015
-1.590e+000	3.0360e-007	-8.7114e+012	-8.6924e+012	8.6924e+012	5.2500e-015
-1.580e+000	3.0361e-007	-8.7303e+012	-8.7114e+012	8.7113e+012	5.2500e-015
-1.570e+000	3.0361e-007	-8.7493e+012	-8.7303e+012	8.7303e+012	5.2500e-015
-1.560e+000	3.0362e-007	-8.7682e+012	-8.7493e+012	8.7492e+012	5.2500e-015
-1.550e+000	3.0363e-007	-8.7872e+012	-8.7682e+012	8.7682e+012	5.2500e-015
-1.540e+000	3.0364e-007	-8.8061e+012	-8.7872e+012	8.7871e+012	5.2500e-015
-1.530e+000	3.0364e-007	-8.8251e+012	-8.8061e+012	8.8061e+012	5.2500e-015
-1.520e+000	3.0365e-007	-8.8440e+012	-8.8251e+012	8.8250e+012	5.2500e-015
-1.510e+000	3.0366e-007	-8.8630e+012	-8.8440e+012	8.8440e+012	5.2500e-015
-1.500e+000	3.0367e-007	-8.8819e+012	-8.8630e+012	8.8629e+012	5.2500e-015
-1.490e+000	3.0367e-007	-8.9009e+012	-8.8819e+012	8.8819e+012	5.2500e-015
-1.480e+000	3.0368e-007	-8.9198e+012	-8.9009e+012	8.9008e+012	5.2500e-015
-1.470e+000	3.0369e-007	-8.9388e+012	-8.9198e+012	8.9198e+012	5.2500e-015
-1.460e+000	3.0370e-007	-8.9577e+012	-8.9388e+012	8.9387e+012	5.2500e-015
-1.450e+000	3.0370e-007	-8.9767e+012	-8.9577e+012	8.9577e+012	5.2500e-015
-1.440e+000	3.0371e-007	-8.9956e+012	-8.9767e+012	8.9767e+012	5.2500e-015
-1.430e+000	3.0372e-007	-9.0146e+012	-8.9956e+012	8.9956e+012	5.2500e-015
-1.420e+000	3.0372e-007	-9.0336e+012	-9.0146e+012	9.0146e+012	5.2500e-015
-1.410e+000	3.0373e-007	-9.0525e+012	-9.0336e+012	9.0335e+012	5.2500e-015
-1.400e+000	3.0374e-007	-9.0715e+012	-9.0525e+012	9.0525e+012	5.2500e-015
-1.390e+000	3.0375e-007	-9.0904e+012	-9.0715e+012	9.0714e+012	5.2500e-015
-1.380e+000	3.0375e-007	-9.1094e+012	-9.0904e+012	9.0904e+012	5.2500e-015
-1.370e+000	3.0376e-007	-9.1284e+012	-9.1094e+012	9.1094e+012	5.2500e-015
-1.360e+000	3.0377e-007	-9.1473e+012	-9.1284e+012	9.1283e+012	5.2500e-015
-1.350e+000	3.0377e-007	-9.1663e+012	-9.1473e+012	9.1473e+012	5.2500e-015
-1.340e+000	3.0378e-007	-9.1852e+012	-9.1663e+012	9.1662e+012	5.2500e-015
-1.330e+000	3.0379e-007	-9.2042e+012	-9.1852e+012	9.1852e+012	5.2500e-015
-1.320e+000	3.0379e-007	-9.2232e+012	-9.2042e+012	9.2042e+012	5.2500e-015
-1.310e+000	3.0380e-007	-9.2421e+012	-9.2232e+012	9.2231e+012	5.2500e-015
-1.300e+000	3.0381e-007	-9.2611e+012	-9.2421e+012	9.2421e+012	5.2500e-015
-1.290e+000	3.0382e-007	-9.2800e+012	-9.2611e+012	9.2610e+012	5.2500e-015
-1.280e+000	3.0382e-007	-9.2990e+012	-9.2800e+012	9.2800e+012	5.2500e-015
-1.270e+000	3.0383e-007	-9.3180e+012	-9.2990e+012	9.2990e+012	5.2500e-015
-1.260e+000	3.0384e-007	-9.3369e+012	-9.3180e+012	9.3179e+012	5.2500e-015
-1.250e+000	3.0384e-007	-9.3559e+012	-9.3369e+012	9.3369e+012	5.2500e-015
-1.240e+000	3.0385e-007	-9.3749e+012	-9.3559e+012	9.3559e+012	5.2500e-015
-1.230e+000	3.0386e-007	-9.3938e+012	-9.3749e+012	9.3748e+012	5.2500e-015
-1.220e+000	3.0386e-007	-9.4128e+012	-9.3938e+012	9.3938e+012	5.2500e-015
-1.210e+000	3.0387e-007	-9.4318e+012	-9.4128e+012	9.4128e+012	5.2500e-015
-1.200e+000	3.0388e-007	-9.4507e+012	-9.4318e+012	9.4317e+012	5.2500e-015
-1.190e+000	3.0388e-007	-9.4697e+012	-9.4507e+012	9.4507e+012	5.2500e-015
-1.180e+000	3.0389e-007	-9.4887e+012	-9.4697e+012	9.4697e+012	5.2500e-015
-1.170e+000	3.0390e-007	-9.5076e+012	-9.4887e+012	9.4886e+012	5.2500e-015
-1.160e+000	3.0390e-007	-9.5266e+012	-9.5076e+012	9.5076e+012	5.2500e-015
-1.150e+000	3.0391e-007	-9.5456e+012	-9.5266e+012	9.5266e+012	5.2500e-015
-1.140e+000	3.0392e-007	-9.5645e+012	-9.5456e+012	9.5455e+012	5.2500e-015
-1.130e+000	3.0392e-007	-9.5835e+012	-9.5645e+012	9.5645e+012	5.2500e-015
-1.120e+000	3.0393e-007	-9.6025e+012	-9.5835e+012	9.5835e+012	5.2500e-015
-1.110e+000	3.0394e-007	-9.6214e+012	-9.6025e+012	9.6024e+012	5.2500e-015
-1.100e+000	3.0394e-007	-9.6404e+012	-9.6214e+012	9.6214e+012	5.2500e-015
-1.090e+000	3.0395e-007	-9.6594e+012	-9.6404e+012	9.6404e+012	5.2500e-015
-1.080e+000	3.0396e-007	-9.6784e+012	-9.6594e+012	9.6593e+012	5.2500e-015
-1.070e+000	3.0396e-007	-9.6973e+012	-9.6784e+012	9.6783e+012	5.2500e-015
-1.060e+000	3.0397e-007	-9.7163e+012	-9.6973e+012	9.6973e+012	5.2500e-015
-1.050e+000	3.0398e-007	-9.7353e+012	-9.7163e+012	9.7163e+012	5.2500e-015
-1.040e+000	3.0398e-007	-9.7542e+012	-9.7353e+012	9.7352e+012	5.2500e-015
-1.030e+000	3.0399e-007	-9.7732e+012	-9.7542e+012	9.7542e+012	5.2500e-015
-1.020e+000	3.0399e-007	-9.7922e+012	-9.7732e+012	9.7732e+012	5.2500e-015
-1.010e+000	3.0400e-007	-9.8112e+012	-9.7922e+012	9.7922e+012	5.2500e-015
-1.000e+000	3.0401e-007	-9.8301e+012	-9.8112e+012	9.8111e+012	5.2500e-015
-9.900e-001	3.0401e-007	-9.8491e+012	-9.8301e+012	9.8301e+012	5.2500e-015
-9.800e-001	3.0402e-007	-9.8681e+012	-9.8491e+012	9.8491e+012	5.2500e-015
-9.700e-001	3.0403e-007	-9.8871e+012	-9.8681e+012	9.8680e+012	5.2500e-015
-9.600e-001	3.0403e-007	-9.9060e+012	-9.8871e+012	9.8870e+012	5.2500e-015
-9.500e-001	3.0404e-007	-9.9250e+012	-9.9060e+012	9.9060e+012	5.2500e-015
-9.400e-001	3.0405e-007	-9.9440e+012	-9.9250e+012	9.9250e+012	5.2500e-015
-9.300e-001	3.0405e-007	-9.9630e+012	-9.9440e+012	9.9440e+012	5.2500e-015
-9.200e-001	3.0406e-007	-9.9820e+012	-9.9630e+012	9.9629e+012	5.2500e-015
-9.100e-001	3.0406e-007	-1.0001e+013	-9.9820e+012	9.9819e+012	5.2500e-015
-9.000e-001	3.0407e-007	-1.0020e+013	-1.0001e+013	1.0001e+013	5.2500e-015
-8.900e-001	3.0408e-007	-1.0039e+013	-1.0020e+013	1.0020e+013	5.2500e-015
-8.800e-001	3.0408e-007	-1.0058e+013	-1.0039e+013	1.0039e+013	5.2500e-015
-8.700e-001	3.0409e-007	-1.0077e+013	-1.0058e+013	1.0058e+013	5.2500e-015
-8.600e-001	3.0410e-007	-1.0096e+013	-1.0077e+013	1.0077e+013	5.2500e-015
-8.500e-001	3.0410e-007	-1.0115e+013	-1.0096e+013	1.0096e+013	5.2500e-015
-8.400e-001	3.0411e-007	-1.0134e+013	-1.0115e+013	1.0115e+013	5.2500e-015
-8.300e-001	3.0411e-007	-1.0153e+013	-1.0134e+013	1.0134e+013	5.2500e-015
-8.200e-001	3.0412e-007	-1.0172e+013	-1.0153e+013	1.0153e+013	5.2500e-015
-8.100e-001	3.0413e-007	-1.0191e+013	-1.0172e+013	1.0172e+013	5.2500e-015
-8.000e-001	3.0413e-007	-1.0210e+013	-1.0191e+013	1.0191e+013	5.2500e-015
-7.900e-001	3.0414e-007	-1.0229e+013	-1.0210e+013	1.0210e+013	5.2500e-015
-7.800e-001	3.0414e-007	-1.0248e+013	-1.0229e+013	1.0229e+013	5.2500e-015
-7.700e-001	3.0415e-007	-1.0267e+013	-1.0248e+013	1.0248e+013	5.2500e-015
-7.600e-001	3.0416e-007	-1.0286e+013	-1.0267e+013	1.0267e+013	5.2500e-015
-7.500e-001	3.0416e-007	-1.0305e+013	-1.0286e+013	1.0286e+013	5.2500e-015
-7.400e-001	3.0417e-007	-1.0324e+013	-1.0305e+013	1.0305e+013	5.2500e-015
-7.300e-001	3.0417e-007	-1.0343e+013	-1.0324e+013	1.0324e+013	5.2500e-015
-7.200e-001	3.0418e-007	-1.0362e+013	-1.0343e+013	1.0343e+013	5.2500e-015
-7.100e-001	3.0419e-007	-1.0381e+013	-1.0362e+013	1.0362e+013	5.2500e-015
-7.000e-001	3.0419e-007	-1.0400e+013	-1.0381e+013	1.0381e+013	5.2500e-015
-6.900e-001	3.0420e-007	-1.0419e+013	-1.0400e+013	1.0400e+013	5.2500e-015
-6.800e-001	3.0420e-007	-1.0438e+013	-1.0419e+013	1.0419e+013	5.2500e-015
-6.700e-001	3.0421e-007	-1.0457e+013	-1.0438e+013	1.0437e+013	5.2500e-015
-6.600e-001	3.0421e-007	-1.0476e+013	-1.0457e+013	1.0456e+013	5.2500e-015
-6.500e-001	3.0422e-007	-1.0494e+013	-1.0476e+013	1.0475e+013	5.2500e-015
-6.400e-001	3.0423e-007	-1.0513e+013	-1.0494e+013	1.0494e+013	5.2500e-015
-6.300e-001	3.0423e-007	-1.0532e+013	-1.0513e+013	1.0513e+013	5.2500e-015
-6.200e-001	3.0424e-007	-1.0551e+013	-1.0532e+013	1.0532e+013	5.2500e-015
-6.100e-001	3.0424e-007	-1.0570e+013	-1.0551e+013	1.0551e+013	5.2500e-015
-6.000e-001	3.0425e-007	-1.0589e+013	-1.0570e+013	1.0570e+013	5.2500e-015
-5.900e-001	3.0426e-007	-1.0608e+013	-1.0589e+013	1.0589e+013	5.2500e-015
-5.800e-001	3.0426e-007	-1.0627e+013	-1.0608e+013	1.0608e+013	5.2500e-015
-5.700e-001	3.0427e-007	-1.0646e+013	-1.0627e+013	1.0627e+013	5.2500e-015
-5.600e-001	3.0427e-007	-1.0665e+013	-1.0646e+013	1.0646e+013	5.2500e-015
-5.500e-001	3.0428e-007	-1.0684e+013	-1.0665e+013	1.0665e+013	5.2500e-015
-5.400e-001	3.0428e-007	-1.0703e+013	-1.0684e+013	1.0684e+013	5.2500e-015
-5.300e-001	3.0429e-007	-1.0722e+013	-1.0703e+013	1.0703e+013	5.2500e-015
-5.200e-001	3.0430e-007	-1.0741e+013	-1.0722e+013	1.0722e+013	5.2500e-015
-5.100e-001	3.0430e-007	-1.0760e+013	-1.0741e+013	1.0741e+013	5.2500e-015
-5.000e-001	3.0431e-007	-1.0779e+013	-1.0760e+013	1.0760e+013	5.2500e-015
-4.900e-001	3.0431e-007	-1.0798e+013	-1.0779e+013	1.0779e+013	5.2500e-015
-4.800e-001	3.0432e-007	-1.0817e+013	-1.0798e+013	1.0798e+013	5.2500e-015
-4.700e-001	3.0432e-007	-1.0836e+013	-1.0817e+013	1.0817e+013	5.2500e-015
-4.600e-001	3.0433e-007	-1.0855e+013	-1.0836e+013	1.0836e+013	5.2500e-015
-4.500e-001	3.0433e-007	-1.0874e+013	-1.0855e+013	1.0855e+013	5.2500e-015
-4.400e-001	3.0434e-007	-1.0893e+013	-1.0874e+013	1.0874e+013	5.2500e-015
-4.300e-001	3.0435e-007	-1.0912e+013	-1.0893e+013	1.0893e+013	5.2500e-015
-4.200e-001	3.0435e-007	-1.0931e+013	-1.0912e+013	1.0912e+013	5.2500e-015
-4.100e-001	3.0436e-007	-1.0950e+013	-1.0931e+013	1.0931e+013	5.2500e-015
-4.000e-001	3.0436e-007	-1.0969e+013	-1.0950e+013	1.0950e+013	5.2500e-015
-3.900e-001	3.0437e-007	-1.0988e+013	-1.0969e+013	1.0969e+013	5.2500e-015
-3.800e-001	3.0437e-007	-1.1007e+013	-1.0988e+013	1.0988e+013	5.2500e-015
-3.700e-001	3.0438e-007	-1.1026e+013	-1.1007e+013	1.1007e+013	5.2500e-015
-3.600e-001	3.0438e-007	-1.1045e+013	-1.1026e+013	1.1026e+013	5.2500e-015
-3.500e-001	3.0439e-007	-1.1064e+013	-1.1045e+013	1.1045e+013	5.2500e-015
-3.400e-001	3.0439e-007	-1.1083e+013	-1.1064e+013	1.1064e+013	5.2500e-015
-3.300e-001	3.0440e-007	-1.1102e+013	-1.1083e+013	1.1083e+013	5.2500e-015
-3.200e-001	3.0441e-007	-1.1121e+013	-1.1102e+013	1.1102e+013	5.2500e-015
-3.100e-001	3.0441e-007	-1.1140e+013	-1.1121e+013	1.1121e+013	5.2500e-015
-3.000e-001	3.0442e-007	-1.1159e+013	-1.1140e+013	1.1140e+013	5.2500e-015
-2.900e-001	3.0442e-007	-1.1178e+013	-1.1159e+013	1.1159e+013	5.2500e-015
-2.800e-001	3.0443e-007	-1.1197e+013	-1.1178e+013	1.1178e+013	5.2500e-015
-2.700e-001	3.0443e-007	-1.1216e+013	-1.1197e+013	1.1197e+013	5.2500e-015
-2.600e-001	3.0444e-007	-1.1235e+013	-1.1216e+013	1.1216e+013	5.2500e-015
-2.500e-001	3.0444e-007	-1.1254e+013	-1.1235e+013	1.1235e+013	5.2500e-015
-2.400e-001	3.0445e-007	-1.1273e+013	-1.1254e+013	1.1254e+013	5.2500e-015
-2.300e-001	3.0445e-007	-1.1292e+013	-1.1273e+013	1.1273e+013	5.2500e-015
-2.200e-001	3.0446e-007	-1.1311e+013	-1.1292e+013	1.1292e+013	5.2500e-015
-2.100e-001	3.0446e-007	-1.1330e+013	-1.1311e+013	1.1311e+013	5.2500e-015
-2.000e-001	3.0447e-007	-1.1349e+013	-1.1330e+013	1.1330e+013	5.2500e-015
-1.900e-001	3.0447e-007	-1.1368e+013	-1.1349e+013	1.1349e+013	5.2500e-015
-1.800e-001	3.0448e-007	-1.1387e+013	-1.1368e+013	1.1368e+013	5.2500e-015
-1.700e-001	3.0448e-007	-1.1406e+013	-1.1387e+013	1.1387e+013	5.2500e-015
-1.600e-001	3.0449e-007	-1.1425e+013	-1.1406e+013	1.1406e+013	5.2500e-015
-1.500e-001	3.0449e-007	-1.1444e+013	-1.1425e+013	1.1425e+013	5.2500e-015
-1.400e-001	3.0450e-007	-1.1463e+013	-1.1444e+013	1.1444e+013	5.2500e-015
-1.300e-001	3.0451e-007	-1.1482e+013	-1.1463e+013	1.1463e+013	5.2500e-015
-1.200e-001	3.0451e-007	-1.1501e+013	-1.1482e+013	1.1482e+013	5.2500e-015
-1.100e-001	3.0452e-007	-1.1520e+013	-1.1501e+013	1.1501e+013	5.2500e-015
-1.000e-001	3.0452e-007	-1.1539e+013	-1.1520e+013	1.1520e+013	5.2500e-015
-9.000e-002	3.0453e-007	-1.1558e+013	-1.1539e+013	1.1539e+013	5.2500e-015
-8.000e-002	3.0453e-007	-1.1577e+013	-1.1558e+013	1.1558e+013	5.2500e-015
-7.000e-002	3.0454e-007	-1.1596e+013	-1.1577e+013	1.1577e+013	5.2500e-015
-6.000e-002	3.0454e-007	-1.1615e+013	-1.1596e+013	1.1596e+013	5.2500e-015
-5.000e-002	3.0455e-007	-1.1634e+013	-1.1615e+013	1.1615e+013	5.2500e-015
-4.000e-002	3.0455e-007	-1.1653e+013	-1.1634e+013	1.1634e+013	5.2500e-015
-3.000e-002	3.0456e-007	-1.1672e+013	-1.1653e+013	1.1653e+013	5.2500e-015
-2.000e-002	3.0456e-007	-1.1691e+013	-1.1672e+013	1.1672e+013	5.2500e-015
-1.000e-002	3.0457e-007	-1.1710e+013	-1.1691e+013	1.1691e+013	5.2500e-015
0.000e+000	3.0457e-007	-1.1729e+013	-1.1710e+013	1.1710e+013	5.2500e-015
1.000e-002	3.0458e-007	-1.1748e+013	-1.1729e+013	1.1729e+013	5.2500e-015
2.000e-002	3.0458e-007	-1.1767e+013	-1.1748e+013	1.1748e+013	5.2500e-015
3.000e-002	3.0459e-007	-1.1786e+013	-1.1767e+013	1.1767e+013	5.2500e-015
4.000e-002	3.0459e-007	-1.1805e+013	-1.1786e+013	1.1786e+013	5.2500e-015
5.000e-002	3.0460e-007	-1.1825e+013	-1.1805e+013	1.1805e+013	5.2500e-015
6.000e-002	3.0460e-007	-1.1844e+013	-1.1825e+013	1.1824e+013	5.2500e-015
7.000e-002	3.0461e-007	-1.1863e+013	-1.1844e+013	1.1843e+013	5.2500e-015
8.000e-002	3.0461e-007	-1.1882e+013	-1.1863e+013	1.1862e+013	5.2500e-015
9.000e-002	3.0462e-007	-1.1901e+013	-1.1882e+013	1.1881e+013	5.2500e-015
1.000e-001	3.0462e-007	-1.1920e+013	-1.1901e+013	1.1901e+013	5.2500e-015
1.100e-001	3.0463e-007	-1.1939e+013	-1.1920e+013	1.1920e+013	5.2500e-015
1.200e-001	3.0463e-007	-1.1958e+013	-1.1939e+013	1.1939e+013	5.2500e-015
1.300e-001	3.0464e-007	-1.1977e+013	-1.1958e+013	1.1958e+013	5.2500e-015
1.400e-001	3.0464e-007	-1.1996e+013	-1.1977e+013	1.1977e+013	5.2500e-015
1.500e-001	3.0465e-007	-1.2015e+013	-1.1996e+013	1.1996e+013	5.2500e-015
1.600e-001	3.0465e-007	-1.2034e+013	-1.2015e+013	1.2015e+013	5.2500e-015
1.700e-001	3.0465e-007	-1.2053e+013	-1.2034e+013	1.2034e+013	5.2500e-015
1.800e-001	3.0466e-007	-1.2072e+013	-1.2053e+013	1.2053e+013	5.2500e-015
1.900e-001	3.0466e-007	-1.2091e+013	-1.2072e+013	1.2072e+013	5.2500e-015
2.000e-001	3.0467e-007	-1.2110e+013	-1.2091e+013	1.2091e+013	5.2500e-015
2.100e-001	3.0467e-007	-1.2129e+013	-1.2110e+013	1.2110e+013	5.2500e-015
2.200e-001	3.0468e-007	-1.2148e+013	-1.2129e+013	1.2129e+013	5.2500e-015
2.300e-001	3.0468e-007	-1.2167e+013	-1.2148e+013	1.2148e+013	5.2500e-015
2.400e-001	3.0469e-007	-1.2186e+013	-1.2167e+013	1.2167e+013	5.2500e-015
2.500e-001	3.0469e-007	-1.2205e+013	-1.2186e+013	1.2186e+013	5.2500e-015
2.600e-001	3.0470e-007	-1.2224e+013	-1.2205e+013	1.2205e+013	5.2500e-015
2.700e-001	3.0470e-007	-1.2243e+013	-1.2224e+013	1.2224e+013	5.2500e-015
2.800e-001	3.0471e-007	-1.2262e+013	-1.2243e+013	1.2243e+013	5.2500e-015
2.900e-001	3.0471e-007	-1.2281e+013	-1.2262e+013	1.2262e+013	5.2500e-015
3.000e-001	3.0472e-007	-1.2300e+013	-1.2281e+013	1.2281e+013	5.2500e-015
3.100e-001	3.0472e-007	-1.2319e+013	-1.2300e+013	1.2300e+013	5.2500e-015
3.200e-001	3.0473e-007	-1.2338e+013	-1.2319e+013	1.2319e+013	5.2500e-015
3.300e-001	3.0473e-007	-1.2357e+013	-1.2338e+013	1.2338e+013	5.2500e-015
3.400e-001	3.0474e-007	-1.2376e+013	-1.2357e+013	1.2357e+013	5.2500e-015
3.500e-001	3.0474e-007	-1.2395e+013	-1.2376e+013	1.2376e+013	5.2500e-015
3.600e-001	3.0474e-007	-1.2414e+013	-1.2395e+013	1.2395e+013	5.2500e-015
3.700e-001	3.0475e-007	-1.2433e+013	-1.2414e+013	1.2414e+013	5.2500e-015
3.800e-001	3.0475e-007	-1.2452e+013	-1.2433e+013	1.2433e+013	5.2500e-015
3.900e-001	3.0476e-007	-1.2471e+013	-1.2452e+013	1.2452e+013	5.2500e-015
4.000e-001	3.0476e-007	-1.2490e+013	-1.2471e+013	1.2471e+013	5.2500e-015
4.100e-001	3.0477e-007	-1.2509e+013	-1.2490e+013	1.2490e+013	5.2500e-015
4.200e-001	3.0477e-007	-1.2528e+013	-1.2509e+013	1.2509e+013	5.2500e-015
4.300e-001	3.0478e-007	-1.2547e+013	-1.2528e+013	1.2528e+013	5.2500e-015
4.400e-001	3.0478e-007	-1.2566e+013	-1.2547e+013	1.2547e+013	5.2500e-015
4.500e-001	3.0479e-007	-1.2585e+013	-1.2566e+013	1.2566e+013	5.2500e-015
4.600e-001	3.0479e-007	-1.2604e+013	-1.2585e+013	1.2585e+013	5.2500e-015
4.700e-001	3.0480e-007	-1.2623e+013	-1.2604e+013	1.2604e+013	5.2500e-015
4.800e-001	3.0480e-007	-1.2642e+013	-1.2623e+013	1.2623e+013	5.2500e-015
4.900e-001	3.0480e-007	-1.2661e+013	-1.2642e+013	1.2642e+013	5.2500e-015
5.000e-001	3.0481e-007	-1.2680e+013	-1.2661e+013	1.2661e+013	5.2500e-015
5.100e-001	3.0481e-007	-1.2699e+013	-1.2680e+013	1.2680e+013	5.2500e-015
5.200e-001	3.0482e-007	-1.2718e+013	-1.2699e+013	1.2699e+013	5.2500e-015
5.300e-001	3.0482e-007	-1.2737e+013	-1.2718e+013	1.2718e+013	5.2500e-015
5.400e-001	3.0483e-007	-1.2756e+013	-1.2737e+013	1.2737e+013	5.2500e-015
5.500e-001	3.0483e-007	-1.2775e+013	-1.2756e+013	1.2756e+013	5.2500e-015
5.600e-001	3.0484e-007	-1.2794e+013	-1.2775e+013	1.2775e+013	5.2500e-015
5.700e-001	3.0484e-007	-1.2814e+013	-1.2794e+013	1.2794e+013	5.2500e-015
5.800e-001	3.0484e-007	-1.2833e+013	-1.2814e+013	1.2813e+013	5.2500e-015
5.900e-001	3.0485e-007	-1.2852e+013	-1.2833e+013	1.2832e+013	5.2500e-015
6.000e-001	3.0485e-007	-1.2871e+013	-1.2852e+013	1.2852e+013	5.2500e-015
6.100e-001	3.0486e-007	-1.2890e+013	-1.2871e+013	1.2871e+013	5.2500e-015
6.200e-001	3.0486e-007	-1.2909e+013	-1.2890e+013	1.2890e+013	5.2500e-015
6.300e-001	3.0487e-007	-1.2928e+013	-1.2909e+013	1.2909e+013	5.2500e-015
6.400e-001	3.0487e-007	-1.2947e+013	-1.2928e+013	1.2928e+013	5.2500e-015
6.500e-001	3.0488e-007	-1.2966e+013	-1.2947e+013	1.2947e+013	5.2500e-015
6.600e-001	3.0488e-007	-1.2985e+013	-1.2966e+013	1.2966e+013	5.2500e-015
6.700e-001	3.0488e-007	-1.3004e+013	-1.2985e+013	1.2985e+013	5.2500e-015
6.800e-001	3.0489e-007	-1.3023e+013	-1.3004e+013	1.3004e+013	5.2500e-015
6.900e-001	3.0489e-007	-1.3042e+013	-1.3023e+013	1.3023e+013	5.2500e-015
7.000e-001	3.0490e-007	-1.3061e+013	-1.3042e+013	1.3042e+013	5.2500e-015
7.100e-001	3.0490e-007	-1.3080e+013	-1.3061e+013	1.3061e+013	5.2500e-015
7.200e-001	3.0487e-007	-1.3099e+013	-1.3080e+013	1.3080e+013	5.2500e-015
7.300e-001	3.0487e-007	-1.3118e+013	-1.3099e+013	1.3099e+013	5.2500e-015
7.400e-001	3.0487e-007	-1.3137e+013	-1.3118e+013	1.3118e+013	5.2500e-015
7.500e-001	3.0488e-007	-1.3156e+013	-1.3137e+013	1.3137e+013	5.2500e-015
7.600e-001	3.0488e-007	-1.3175e+013	-1.3156e+013	1.3156e+013	5.2500e-015
7.700e-001	3.0488e-007	-1.3194e+013	-1.3175e+013	1.3175e+013	5.2500e-015
7.800e-001	3.0489e-007	-1.3213e+013	-1.3194e+013	1.3194e+013	5.2500e-015
7.900e-001	3.0489e-007	-1.3232e+013	-1.3213e+013	1.3213e+013	5.2500e-015
8.000e-001	3.0490e-007	-1.3251e+013	-1.3232e+013	1.3232e+013	5.2500e-015
8.100e-001	3.0490e-007	-1.3270e+013	-1.3251e+013	1.3251e+013	5.2500e-015
8.200e-001	3.0491e-007	-1.3289e+013	-1.3270e+013	1.3270e+013	5.2500e-015
8.300e-001	3.0491e-007	-1.3308e+013	-1.3289e+013	1.3289e+013	5.2500e-015
8.400e-001	3.0491e-007	-1.3327e+013	-1.3308e+013	1.3308e+013	5.2500e-015
8.500e-001	3.0492e-007	-1.3346e+013	-1.3327e+013	1.3327e+013	5.2500e-015
8.600e-001	3.0492e-007	-1.3365e+013	-1.3346e+013	1.3346e+013	5.2500e-015
8.700e-001	3.0493e-007	-1.3384e+013	-1.3365e+013	1.3365e+013	5.2500e-015
8.800e-001	3.0493e-007	-1.3403e+013	-1.3384e+013	1.3384e+013	5.2500e-015
8.900e-001	3.0494e-007	-1.3422e+013	-1.3403e+013	1.3403e+013	5.2500e-015
9.000e-001	3.0494e-007	-1.3441e+013	-1.3422e+013	1.3422e+013	5.2500e-015
9.100e-001	3.0495e-007	-1.3461e+013	-1.3441e+013	1.3441e+013	5.2500e-015
9.200e-001	3.0495e-007	-1.3480e+013	-1.3461e+013	1.3460e+013	5.2500e-015
9.300e-001	3.0496e-007	-1.3499e+013	-1.3480e+013	1.3480e+013	5.2500e-015
9.400e-001	3.0496e-007	-1.3518e+013	-1.3499e+013	1.3499e+013	5.2500e-015
9.500e-001	3.0497e-007	-1.3537e+013	-1.3518e+013	1.3518e+013	5.2500e-015
9.600e-001	3.0498e-007	-1.3556e+013	-1.3537e+013	1.3537e+013	5.2500e-015
9.700e-001	3.0498e-007	-1.3575e+013	-1.3556e+013	1.3556e+013	5.2500e-015
9.800e-001	3.0499e-007	-1.3594e+013	-1.3575e+013	1.3575e+013	5.2500e-015
9.900e-001	3.0500e-007	-1.3613e+013	-1.3594e+013	1.3594e+013	5.2500e-015
1.000e+000	3.0501e-007	-1.3632e+013	-1.3613e+013	1.3613e+013	5.2500e-015
1.010e+000	3.0502e-007	-1.3651e+013	-1.3632e+013	1.3632e+013	5.2500e-015
1.020e+000	3.0503e-007	-1.3670e+013	-1.3651e+013	1.3651e+013	5.2500e-015
1.030e+000	3.0505e-007	-1.3689e+013	-1.3670e+013	1.3670e+013	5.2500e-015
1.040e+000	3.0507e-007	-1.3708e+013	-1.3689e+013	1.3689e+013	5.2500e-015
1.050e+000	3.0509e-007	-1.3727e+013	-1.3708e+013	1.3708e+013	5.2500e-015
1.060e+000	3.0512e-007	-1.3746e+013	-1.3727e+013	1.3727e+013	5.2500e-015
1.070e+000	3.0515e-007	-1.3765e+013	-1.3746e+013	1.3746e+013	5.2500e-015
1.080e+000	3.0519e-007	-1.3784e+013	-1.3765e+013	1.3765e+013	5.2500e-015
1.090e+000	3.0525e-007	-1.3803e+013	-1.3784e+013	1.3784e+013	5.2500e-015
1.100e+000	3.0532e-007	-1.3822e+013	-1.3803e+013	1.3803e+013	5.2500e-015
1.110e+000	3.0541e-007	-1.3841e+013	-1.3822e+013	1.3822e+013	5.2500e-015
1.120e+000	3.0552e-007	-1.3860e+013	-1.3841e+013	1.3841e+013	5.2500e-015
1.130e+000	3.0567e-007	-1.3879e+013	-1.3860e+013	1.3860e+013	5.2500e-015
1.140e+000	3.0587e-007	-1.3899e+013	-1.3879e+013	1.3879e+013	5.2500e-015
1.150e+000	3.0613e-007	-1.3918e+013	-1.3899e+013	1.3899e+013	5.2500e-015
1.160e+000	3.0647e-007	-1.3937e+013	-1.3918e+013	1.3918e+013	5.2500e-015
1.170e+000	3.0692e-007	-1.3956e+013	-1.3937e+013	1.3937e+013	5.2500e-015
1.180e+000	3.0752e-007	-1.3975e+013	-1.3956e+013	1.3956e+013	5.2500e-015
1.190e+000	3.0831e-007	-1.3994e+013	-1.3975e+013	1.3975e+013	5.2500e-015
1.200e+000	3.0937e-007	-1.4014e+013	-1.3994e+013	1.3994e+013	5.2500e-015
1.210e+000	3.1079e-007	-1.4033e+013	-1.4014e+013	1.4014e+013	5.2500e-015
1.220e+000	3.1269e-007	-1.4053e+013	-1.4033e+013	1.4033e+013	5.2500e-015
1.230e+000	3.1522e-007	-1.4072e+013	-1.4053e+013	1.4053e+013	5.2500e-015
1.240e+000	3.1862e-007	-1.4092e+013	-1.4072e+013	1.4072e+013	5.2500e-015
1.250e+000	3.2315e-007	-1.4112e+013	-1.4092e+013	1.4092e+013	5.2500e-015
1.260e+000	3.2921e-007	-1.4133e+013	-1.4112e+013	1.4112e+013	5.2500e-015
1.270e+000	3.3729e-007	-1.4154e+013	-1.4133e+013	1.4133e+013	5.2500e-015
1.280e+000	3.4800e-007	-1.4176e+013	-1.4154e+013	1.4154e+013	5.2500e-015
1.290e+000	3.6180e-007	-1.4198e+013	-1.4176e+013	1.4176e+013	5.2500e-015
1.300e+000	3.8004e-007	-1.4222e+013	-1.4198e+013	1.4198e+013	5.2500e-015
1.310e+000	4.0363e-007	-1.4247e+013	-1.4222e+013	1.4222e+013	5.2500e-015
1.320e+000	4.3375e-007	-1.4274e+013	-1.4247e+013	1.4247e+013	5.2500e-015
1.330e+000	4.7142e-007	-1.4304e+013	-1.4274e+013	1.4274e+013	5.2500e-015
1.340e+000	5.1791e-007	-1.4336e+013	-1.4304e+013	1.4304e+013	5.2500e-015
1.350e+000	5.7423e-007	-1.4372e+013	-1.4336e+013	1.4336e+013	5.2500e-015
1.360e+000	6.4112e-007	-1.4412e+013	-1.4372e+013	1.4372e+013	5.2500e-015
1.370e+000	7.1842e-007	-1.4457e+013	-1.4412e+013	1.4412e+013	5.2500e-015
1.380e+000	8.0706e-007	-1.4507e+013	-1.4457e+013	1.4457e+013	5.2500e-015
1.390e+000	9.0593e-007	-1.4564e+013	-1.4507e+013	1.4507e+013	5.2500e-015
1.400e+000	1.0167e-006	-1.4627e+013	-1.4564e+013	1.4564e+013	5.2500e-015
1.410e+000	1.1377e-006	-1.4698e+013	-1.4627e+013	1.4627e+013	5.2500e-015
1.420e+000	1.2688e-006	-1.4777e+013	-1.4698e+013	1.4698e+013	5.2500e-015
1.430e+000	1.4085e-006	-1.4865e+013	-1.4777e+013	1.4777e+013	5.2500e-015
1.440e+000	1.5545e-006	-1.4962e+013	-1.4865e+013	1.4865e+013	5.2500e-015
1.450e+000	1.7045e-006	-1.5069e+013	-1.4962e+013	1.4962e+013	5.2500e-015
1.460e+000	1.8547e-006	-1.5184e+013	-1.5069e+013	1.5069e+013	5.2500e-015
1.470e+000	2.0021e-006	-1.5309e+013	-1.5184e+013	1.5184e+013	5.2500e-015
1.480e+000	2.1444e-006	-1.5443e+013	-1.5309e+013	1.5309e+013	5.2500e-015
1.490e+000	2.2797e-006	-1.5585e+013	-1.5443e+013	1.5443e+013	5.2500e-015
1.500e+000	2.4075e-006	-1.5736e+013	-1.5585e+013	1.5585e+013	5.2500e-015
1.510e+000	2.5272e-006	-1.5893e+013	-1.5736e+013	1.5736e+013	5.2500e-015
1.520e+000	2.6390e-006	-1.6058e+013	-1.5893e+013	1.5893e+013	5.2500e-015
1.530e+000	2.7433e-006	-1.6229e+013	-1.6058e+013	1.6058e+013	5.2500e-015
1.540e+000	2.8407e-006	-1.6407e+013	-1.6229e+013	1.6229e+013	5.2500e-015
1.550e+000	2.9317e-006	-1.6590e+013	-1.6407e+013	1.6407e+013	5.2500e-015
1.560e+000	3.0168e-006	-1.6778e+013	-1.6590e+013	1.6590e+013	5.2500e-015
1.570e+000	3.0964e-006	-1.6971e+013	-1.6778e+013	1.6778e+013	5.2500e-015
1.580e+000	3.1712e-006	-1.7169e+013	-1.6971e+013	1.6971e+013	5.2500e-015
1.590e+000	3.2414e-006	-1.7371e+013	-1.7169e+013	1.7169e+013	5.2500e-015
1.600e+000	3.3074e-006	-1.7578e+013	-1.7371e+013	1.7371e+013	5.2500e-015
1.610e+000	3.3698e-006	-1.7788e+013	-1.7578e+013	1.7578e+013	5.2500e-015
1.620e+000	3.4286e-006	-1.8002e+013	-1.7788e+013	1.7788e+013	5.2500e-015
1.630e+000	3.4844e-006	-1.8220e+013	-1.8002e+013	1.8002e+013	5.2500e-015
1.640e+000	3.5373e-006	-1.8440e+013	-1.8220e+013	1.8220e+013	5.2500e-015
1.650e+000	3.5876e-006	-1.8664e+013	-1.8440e+013	1.8440e+013	5.2500e-015
1.660e+000	3.6355e-006	-1.8891e+013	-1.8664e+013	1.8664e+013	5.2500e-015
1.670e+000	3.6813e-006	-1.9121e+013	-1.8891e+013	1.8891e+013	5.2500e-015
1.680e+000	3.7251e-006	-1.9354e+013	-1.9121e+013	1.9121e+013	5.2500e-015
1.690e+000	3.7670e-006	-1.9589e+013	-1.9354e+013	1.9354e+013	5.2500e-015
1.700e+000	3.8073e-006	-1.9826e+013	-1.9589e+013	1.9589e+013	5.2500e-015
1.710e+000	3.8460e-006	-2.0066e+013	-1.9826e+013	1.9826e+013	5.2500e-015
1.720e+000	3.8574e-006	-2.0307e+013	-2.0066e+013	2.0066e+013	5.2500e-015
1.730e+000	3.8705e-006	-2.0549e+013	-2.0307e+013	2.0307e+013	5.2500e-015
1.740e+000	3.8996e-006	-2.0792e+013	-2.0549e+013	2.0549e+013	5.2500e-015
1.750e+000	3.9275e-006	-2.1037e+013	-2.0792e+013	2.0792e+013	5.2500e-015
1.760e+000	3.9543e-006	-2.1284e+013	-2.1037e+013	2.1037e+013	5.2500e-015
1.770e+000	3.9801e-006	-2.1532e+013	-2.1284e+013	2.1284e+013	5.2500e-015
1.780e+000	4.0049e-006	-2.1782e+013	-2.1532e+013	2.1532e+013	5.2500e-015
1.790e+000	4.0289e-006	-2.2034e+013	-2.1782e+013	2.1782e+013	5.2500e-015
1.800e+000	4.0520e-006	-2.2287e+013	-2.2034e+013	2.2034e+013	5.2500e-015
1.810e+000	4.0744e-006	-2.2541e+013	-2.2287e+013	2.2287e+013	5.2500e-015
1.820e+000	4.0960e-006	-2.2797e+013	-2.2541e+013	2.2541e+013	5.2500e-015
1.830e+000	4.1169e-006	-2.3054e+013	-2.2797e+013	2.2797e+013	5.2500e-015
1.840e+000	4.1372e-006	-2.3312e+013	-2.3054e+013	2.3054e+013	5.2500e-015
1.850e+000	4.1569e-006	-2.3571e+013	-2.3312e+013	2.3312e+013	5.2500e-015
1.860e+000	4.1761e-006	-2.3832e+013	-2.3571e+013	2.3571e+013	5.2500e-015
1.870e+000	4.1946e-006	-2.4094e+013	-2.3832e+013	2.3832e+013	5.2500e-015
1.880e+000	4.2127e-006	-2.4357e+013	-2.4094e+013	2.4094e+013	5.2500e-015
1.890e+000	4.2303e-006	-2.4621e+013	-2.4357e+013	2.4357e+013	5.2500e-015
1.900e+000	4.2474e-006	-2.4886e+013	-2.4621e+013	2.4621e+013	5.2500e-015
1.910e+000	4.2641e-006	-2.5152e+013	-2.4886e+013	2.4886e+013	5.2500e-015
1.920e+000	4.2804e-006	-2.5419e+013	-2.5152e+013	2.5152e+013	5.2500e-015
1.930e+000	4.2963e-006	-2.5687e+013	-2.5419e+013	2.5419e+013	5.2500e-015
1.940e+000	4.3118e-006	-2.5956e+013	-2.5687e+013	2.5687e+013	5.2500e-015
1.950e+000	4.3269e-006	-2.6227e+013	-2.5956e+013	2.5956e+013	5.2500e-015
1.960e+000	4.3417e-006	-2.6498e+013	-2.6227e+013	2.6227e+013	5.2500e-015
1.970e+000	4.3562e-006	-2.6769e+013	-2.6498e+013	2.6497e+013	5.2500e-015
1.980e+000	4.3703e-006	-2.7042e+013	-2.6769e+013	2.6769e+013	5.2500e-015
1.990e+000	4.3842e-006	-2.7316e+013	-2.7042e+013	2.7042e+013	5.2500e-015
2.000e+000	4.3977e-006	-2.7590e+013	-2.7316e+013	2.7316e+013	5.2500e-015
2.010e+000	4.4110e-006	-2.7866e+013	-2.7590e+013	2.7590e+013	5.2500e-015
2.020e+000	4.4240e-006	-2.8142e+013	-2.7866e+013	2.7866e+013	5.2500e-015
2.030e+000	4.4368e-006	-2.8419e+013	-2.8142e+013	2.8142e+013	5.2500e-015
2.040e+000	4.4493e-006	-2.8696e+013	-2.8419e+013	2.8419e+013	5.2500e-015
2.050e+000	4.4616e-006	-2.8975e+013	-2.8696e+013	2.8696e+013	5.2500e-015
2.060e+000	4.4736e-006	-2.9254e+013	-2.8975e+013	2.8975e+013	5.2500e-015
2.070e+000	4.4854e-006	-2.9534e+013	-2.9254e+013	2.9254e+013	5.2500e-015
2.080e+000	4.4970e-006	-2.9815e+013	-2.9534e+013	2.9534e+013	5.2500e-015
2.090e+000	4.5010e-006	-3.0096e+013	-2.9815e+013	2.9815e+013	5.2500e-015
2.100e+000	4.5104e-006	-3.0377e+013	-3.0096e+013	3.0096e+013	5.2500e-015
2.110e+000	4.5210e-006	-3.0659e+013	-3.0377e+013	3.0377e+013	5.2500e-015
2.120e+000	4.5314e-006	-3.0942e+013	-3.0659e+013	3.0659e+013	5.2500e-015
2.130e+000	4.5416e-006	-3.1226e+013	-3.0942e+013	3.0942e+013	5.2500e-015
2.140e+000	4.5517e-006	-3.1510e+013	-3.1226e+013	3.1226e+013	5.2500e-015
2.150e+000	4.5616e-006	-3.1794e+013	-3.1510e+013	3.1510e+013	5.2500e-015
2.160e+000	4.5713e-006	-3.2080e+013	-3.1794e+013	3.1794e+013	5.2500e-015
2.170e+000	4.5809e-006	-3.2366e+013	-3.2080e+013	3.2080e+013	5.2500e-015
2.180e+000	4.5903e-006	-3.2652e+013	-3.2366e+013	3.2366e+013	5.2500e-015
2.190e+000	4.5996e-006	-3.2939e+013	-3.2652e+013	3.2652e+013	5.2500e-015
2.200e+000	4.6088e-006	-3.3227e+013	-3.2939e+013	3.2939e+013	5.2500e-015
2.210e+000	4.6178e-006	-3.3515e+013	-3.3227e+013	3.3227e+013	5.2500e-015
2.220e+000	4.6267e-006	-3.3804e+013	-3.3515e+013	3.3515e+013	5.2500e-015
2.230e+000	4.6354e-006	-3.4093e+013	-3.3804e+013	3.3804e+013	5.2500e-015
2.240e+000	4.6441e-006	-3.4383e+013	-3.4093e+013	3.4093e+013	5.2500e-015
2.250e+000	4.6526e-006	-3.4673e+013	-3.4383e+013	3.4383e+013	5.2500e-015
2.260e+000	4.6610e-006	-3.4964e+013	-3.4673e+013	3.4673e+013	5.2500e-015
2.270e+000	4.6693e-006	-3.5256e+013	-3.4964e+013	3.4964e+013	5.2500e-015
2.280e+000	4.6775e-006	-3.5548e+013	-3.5256e+013	3.5256e+013	5.2500e-015
2.290e+000	4.6855e-006	-3.5840e+013	-3.5548e+013	3.5548e+013	5.2500e-015
2.300e+000	4.6935e-006	-3.6133e+013	-3.5840e+013	3.5840e+013	5.2500e-015
2.310e+000	4.7013e-006	-3.6427e+013	-3.6133e+013	3.6133e+013	5.2500e-015
2.320e+000	4.7091e-006	-3.6721e+013	-3.6427e+013	3.6427e+013	5.2500e-015
2.330e+000	4.7168e-006	-3.7015e+013	-3.6721e+013	3.6720e+013	5.2500e-015
2.340e+000	4.7243e-006	-3.7310e+013	-3.7015e+013	3.7015e+013	5.2500e-015
2.350e+000	4.7318e-006	-3.7605e+013	-3.7310e+013	3.7310e+013	5.2500e-015
2.360e+000	4.7392e-006	-3.7901e+013	-3.7605e+013	3.7605e+013	5.2500e-015
2.370e+000	4.7465e-006	-3.8197e+013	-3.7901e+013	3.7901e+013	5.2500e-015
2.380e+000	4.7537e-006	-3.8494e+013	-3.8197e+013	3.8197e+013	5.2500e-015
2.390e+000	4.7608e-006	-3.8791e+013	-3.8494e+013	3.8494e+013	5.2500e-015
2.400e+000	4.7679e-006	-3.9089e+013	-3.8791e+013	3.8791e+013	5.2500e-015
2.410e+000	4.7748e-006	-3.9387e+013	-3.9089e+013	3.9089e+013	5.2500e-015
2.420e+000	4.7817e-006	-3.9685e+013	-3.9387e+013	3.9387e+013	5.2500e-015
2.430e+000	4.7885e-006	-3.9984e+013	-3.9685e+013	3.9685e+013	5.2500e-015
2.440e+000	4.7952e-006	-4.0283e+013	-3.9984e+013	3.9984e+013	5.2500e-015
2.450e+000	4.8019e-006	-4.0583e+013	-4.0283e+013	4.0283e+013	5.2500e-015
2.460e+000	4.8085e-006	-4.0883e+013	-4.0583e+013	4.0583e+013	5.2500e-015
2.470e+000	4.8150e-006	-4.1184e+013	-4.0883e+013	4.0883e+013	5.2500e-015
2.480e+000	4.8214e-006	-4.1485e+013	-4.1184e+013	4.1184e+013	5.2500e-015
2.490e+000	4.8278e-006	-4.1786e+013	-4.1485e+013	4.1484e+013	5.2500e-015
2.500e+000	4.8341e-006	-4.2088e+013	-4.1786e+013	4.1786e+013	5.2500e-015
2.510e+000	4.8404e-006	-4.2390e+013	-4.2088e+013	4.2088e+013	5.2500e-015
2.520e+000	4.8466e-006	-4.2692e+013	-4.2390e+013	4.2390e+013	5.2500e-015
2.530e+000	4.8527e-006	-4.2995e+013	-4.2692e+013	4.2692e+013	5.2500e-015
2.540e+000	4.8588e-006	-4.3298e+013	-4.2995e+013	4.2995e+013	5.2500e-015
2.550e+000	4.8648e-006	-4.3602e+013	-4.3298e+013	4.3298e+013	5.2500e-015
2.560e+000	4.8707e-006	-4.3906e+013	-4.3602e+013	4.3602e+013	5.2500e-015
2.570e+000	4.8766e-006	-4.4210e+013	-4.3906e+013	4.3906e+013	5.2500e-015
2.580e+000	4.8824e-006	-4.4515e+013	-4.4210e+013	4.4210e+013	5.2500e-015
2.590e+000	4.8882e-006	-4.4820e+013	-4.4515e+013	4.4515e+013	5.2500e-015
2.600e+000	4.8939e-006	-4.5126e+013	-4.4820e+013	4.4820e+013	5.2500e-015
2.610e+000	4.8996e-006	-4.5431e+013	-4.5126e+013	4.5126e+013	5.2500e-015
2.620e+000	4.9052e-006	-4.5738e+013	-4.5431e+013	4.5431e+013	5.2500e-015
2.630e+000	4.9108e-006	-4.6044e+013	-4.5738e+013	4.5738e+013	5.2500e-015
2.640e+000	4.9163e-006	-4.6351e+013	-4.6044e+013	4.6044e+013	5.2500e-015
2.650e+000	4.9217e-006	-4.6658e+013	-4.6351e+013	4.6351e+013	5.2500e-015
2.660e+000	4.9272e-006	-4.6966e+013	-4.6658e+013	4.6658e+013	5.2500e-015
2.670e+000	4.9325e-006	-4.7274e+013	-4.6966e+013	4.6966e+013	5.2500e-015
2.680e+000	4.9378e-006	-4.7582e+013	-4.7274e+013	4.7273e+013	5.2500e-015
2.690e+000	4.9431e-006	-4.7890e+013	-4.7582e+013	4.7582e+013	5.2500e-015
2.700e+000	4.9483e-006	-4.8199e+013	-4.7890e+013	4.7890e+013	5.2500e-015
2.710e+000	4.9535e-006	-4.8508e+013	-4.8199e+013	4.8199e+013	5.2500e-015
2.720e+000	4.9587e-006	-4.8818e+013	-4.8508e+013	4.8508e+013	5.2500e-015
2.730e+000	4.9637e-006	-4.9128e+013	-4.8818e+013	4.8818e+013	5.2500e-015
2.740e+000	4.9688e-006	-4.9438e+013	-4.9128e+013	4.9128e+013	5.2500e-015
2.750e+000	4.9738e-006	-4.9748e+013	-4.9438e+013	4.9438e+013	5.2500e-015
2.760e+000	4.9788e-006	-5.0059e+013	-4.9748e+013	4.9748e+013	5.2500e-015
2.770e+000	4.9837e-006	-5.0370e+013	-5.0059e+013	5.0059e+013	5.2500e-015
2.780e+000	4.9886e-006	-5.0681e+013	-5.0370e+013	5.0370e+013	5.2500e-015
2.790e+000	4.9934e-006	-5.0993e+013	-5.0681e+013	5.0681e+013	5.2500e-015
2.800e+000	4.9983e-006	-5.1305e+013	-5.0993e+013	5.0993e+013	5.2500e-015
2.810e+000	5.0030e-006	-5.1617e+013	-5.1305e+013	5.1305e+013	5.2500e-015
2.820e+000	5.0078e-006	-5.1930e+013	-5.1617e+013	5.1617e+013	5.2500e-015
2.830e+000	5.0125e-006	-5.2243e+013	-5.1930e+013	5.1930e+013	5.2500e-015
2.840e+000	5.0171e-006	-5.2556e+013	-5.2243e+013	5.2243e+013	5.2500e-015
2.850e+000	5.0217e-006	-5.2869e+013	-5.2556e+013	5.2556e+013	5.2500e-015
2.860e+000	5.0263e-006	-5.3183e+013	-5.2869e+013	5.2869e+013	5.2500e-015
2.870e+000	5.0309e-006	-5.3497e+013	-5.3183e+013	5.3183e+013	5.2500e-015
2.880e+000	5.0354e-006	-5.3811e+013	-5.3497e+013	5.3497e+013	5.2500e-015
2.890e+000	5.0399e-006	-5.4126e+013	-5.3811e+013	5.3811e+013	5.2500e-015
2.900e+000	5.0443e-006	-5.4441e+013	-5.4126e+013	5.4126e+013	5.2500e-015
2.910e+000	5.0488e-006	-5.4756e+013	-5.4441e+013	5.4441e+013	5.2500e-015
2.920e+000	5.0531e-006	-5.5071e+013	-5.4756e+013	5.4756e+013	5.2500e-015
2.930e+000	5.0575e-006	-5.5387e+013	-5.5071e+013	5.5071e+013	5.2500e-015
2.940e+000	5.0618e-006	-5.5703e+013	-5.5387e+013	5.5387e+013	5.2500e-015
2.950e+000	5.0661e-006	-5.6019e+013	-5.5703e+013	5.5703e+013	5.2500e-015
2.960e+000	5.0704e-006	-5.6335e+013	-5.6019e+013	5.6019e+013	5.2500e-015
2.970e+000	5.0746e-006	-5.6652e+013	-5.6335e+013	5.6335e+013	5.2500e-015
2.980e+000	5.0788e-006	-5.6969e+013	-5.6652e+013	5.6652e+013	5.2500e-015
2.990e+000	5.0830e-006	-5.7286e+013	-5.6969e+013	5.6969e+013	5.2500e-015
3.000e+000	5.0871e-006	-5.7604e+013	-5.7286e+013	5.7286e+013	5.2500e-015
3.010e+000	5.0912e-006	-5.7922e+013	-5.7604e+013	5.7604e+013	5.2500e-015
3.020e+000	5.0953e-006	-5.8240e+013	-5.7922e+013	5.7922e+013	5.2500e-015
3.030e+000	5.0994e-006	-5.8558e+013	-5.8240e+013	5.8240e+013	5.2500e-015
3.040e+000	5.1034e-006	-5.8876e+013	-5.8558e+013	5.8558e+013	5.2500e-015
3.050e+000	5.1063e-006	-5.9195e+013	-5.8876e+013	5.8876e+013	5.2500e-015
3.060e+000	5.1102e-006	-5.9514e+013	-5.9195e+013	5.9195e+013	5.2500e-015
3.070e+000	5.1141e-006	-5.9833e+013	-5.9514e+013	5.9514e+013	5.2500e-015
3.080e+000	5.1180e-006	-6.0153e+013	-5.9833e+013	5.9833e+013	5.2500e-015
3.090e+000	5.1219e-006	-6.0472e+013	-6.0153e+013	6.0153e+013	5.2500e-015
3.100e+000	5.1258e-006	-6.0792e+013	-6.0472e+013	6.0472e+013	5.2500e-015
3.110e+000	5.1296e-006	-6.1113e+013	-6.0792e+013	6.0792e+013	5.2500e-015
3.120e+000	5.1334e-006	-6.1433e+013	-6.1113e+013	6.1113e+013	5.2500e-015
3.130e+000	5.1372e-006	-6.1754e+013	-6.1433e+013	6.1433e+013	5.2500e-015
3.140e+000	5.1409e-006	-6.2074e+013	-6.1754e+013	6.1754e+013	5.2500e-015
3.150e+000	5.1447e-006	-6.2396e+013	-6.2074e+013	6.2074e+013	5.2500e-015
3.160e+000	5.1484e-006	-6.2717e+013	-6.2396e+013	6.2396e+013	5.2500e-015
3.170e+000	5.1521e-006	-6.3038e+013	-6.2717e+013	6.2717e+013	5.2500e-015
3.180e+000	5.1557e-006	-6.3360e+013	-6.3038e+013	6.3038e+013	5.2500e-015
3.190e+000	5.1594e-006	-6.3682e+013	-6.3360e+013	6.3360e+013	5.2500e-015
3.200e+000	5.1630e-006	-6.4005e+013	-6.3682e+013	6.3682e+013	5.2500e-015
3.210e+000	5.1665e-006	-6.4327e+013	-6.4005e+013	6.4004e+013	5.2500e-015
3.220e+000	5.1699e-006	-6.4650e+013	-6.4327e+013	6.4327e+013	5.2500e-015
3.230e+000	5.1734e-006	-6.4973e+013	-6.4650e+013	6.4650e+013	5.2500e-015
3.240e+000	5.1770e-006	-6.5296e+013	-6.4973e+013	6.4973e+013	5.2500e-015
3.250e+000	5.1805e-006	-6.5619e+013	-6.5296e+013	6.5296e+013	5.2500e-015
3.260e+000	5.1840e-006	-6.5943e+013	-6.5619e+013	6.5619e+013	5.2500e-015
3.270e+000	5.1874e-006	-6.6266e+013	-6.5943e+013	6.5943e+013	5.2500e-015
3.280e+000	5.1909e-006	-6.6590e+013	-6.6266e+013	6.6266e+013	5.2500e-015
3.290e+000	5.1943e-006	-6.6915e+013	-6.6590e+013	6.6590e+013	5.2500e-015
3.300e+000	5.1977e-006	-6.7239e+013	-6.6915e+013	6.6915e+013	5.2500e-015
3.310e+000	5.2011e-006	-6.7564e+013	-6.7239e+013	6.7239e+013	5.2500e-015
3.320e+000	5.2045e-006	-6.7888e+013	-6.7564e+013	6.7564e+013	5.2500e-015
3.330e+000	5.2078e-006	-6.8213e+013	-6.7888e+013	6.7888e+013	5.2500e-015
3.340e+000	5.2111e-006	-6.8539e+013	-6.8213e+013	6.8213e+013	5.2500e-015
3.350e+000	5.2145e-006	-6.8864e+013	-6.8539e+013	6.8539e+013	5.2500e-015
3.360e+000	5.2177e-006	-6.9190e+013	-6.8864e+013	6.8864e+013	5.2500e-015
3.370e+000	5.2210e-006	-6.9516e+013	-6.9190e+013	6.9190e+013	5.2500e-015
3.380e+000	5.2243e-006	-6.9842e+013	-6.9516e+013	6.9516e+013	5.2500e-015
3.390e+000	5.2275e-006	-7.0168e+013	-6.9842e+013	6.9842e+013	5.2500e-015
3.400e+000	5.2307e-006	-7.0495e+013	-7.0168e+013	7.0168e+013	5.2500e-015
3.410e+000	5.2339e-006	-7.0821e+013	-7.0495e+013	7.0495e+013	5.2500e-015
3.420e+000	5.2371e-006	-7.1148e+013	-7.0821e+013	7.0821e+013	5.2500e-015
3.430e+000	5.2403e-006	-7.1475e+013	-7.1148e+013	7.1148e+013	5.2500e-015
3.440e+000	5.2434e-006	-7.1802e+013	-7.1475e+013	7.1475e+013	5.2500e-015
3.450e+000	5.2466e-006	-7.2130e+013	-7.1802e+013	7.1802e+013	5.2500e-015
3.460e+000	5.2497e-006	-7.2458e+013	-7.2130e+013	7.2130e+013	5.2500e-015
3.470e+000	5.2528e-006	-7.2785e+013	-7.2458e+013	7.2458e+013	5.2500e-015
3.480e+000	5.2559e-006	-7.3113e+013	-7.2785e+013	7.2785e+013	5.2500e-015
3.490e+000	5.2589e-006	-7.3442e+013	-7.3113e+013	7.3113e+013	5.2500e-015
3.500e+000	5.2620e-006	-7.3770e+013	-7.3442e+013	7.3442e+013	5.2500e-015
3.510e+000	5.2650e-006	-7.4099e+013	-7.3770e+013	7.3770e+013	5.2500e-015
3.520e+000	5.2681e-006	-7.4428e+013	-7.4099e+013	7.4099e+013	5.2500e-015
3.530e+000	5.2711e-006	-7.4757e+013	-7.4428e+013	7.4428e+013	5.2500e-015
3.540e+000	5.2740e-006	-7.5086e+013	-7.4757e+013	7.4757e+013	5.2500e-015
3.550e+000	5.2770e-006	-7.5415e+013	-7.5086e+013	7.5086e+013	5.2500e-015
3.560e+000	5.2800e-006	-7.5745e+013	-7.5415e+013	7.5415e+013	5.2500e-015
3.570e+000	5.2829e-006	-7.6074e+013	-7.5745e+013	7.5745e+013	5.2500e-015
3.580e+000	5.2858e-006	-7.6404e+013	-7.6074e+013	7.6074e+013	5.2500e-015
3.590e+000	5.2888e-006	-7.6734e+013	-7.6404e+013	7.6404e+013	5.2500e-015
3.600e+000	5.2917e-006	-7.7065e+013	-7.6734e+013	7.6734e+013	5.2500e-015
3.610e+000	5.2945e-006	-7.7395e+013	-7.7065e+013	7.7065e+013	5.2500e-015
3.620e+000	5.2974e-006	-7.7726e+013	-7.7395e+013	7.7395e+013	5.2500e-015
3.630e+000	5.3003e-006	-7.8057e+013	-7.7726e+013	7.7726e+013	5.2500e-015
3.640e+000	5.3031e-006	-7.8388e+013	-7.8057e+013	7.8057e+013	5.2500e-015
3.650e+000	5.3059e-006	-7.8719e+013	-7.8388e+013	7.8388e+013	5.2500e-015
3.660e+000	5.3087e-006	-7.9050e+013	-7.8719e+013	7.8719e+013	5.2500e-015
3.670e+000	5.3115e-006	-7.9382e+013	-7.9050e+013	7.9050e+013	5.2500e-015
3.680e+000	5.3143e-006	-7.9713e+013	-7.9382e+013	7.9382e+013	5.2500e-015
3.690e+000	5.3171e-006	-8.0045e+013	-7.9713e+013	7.9713e+013	5.2500e-015
3.700e+000	5.3199e-006	-8.0377e+013	-8.0045e+013	8.0045e+013	5.2500e-015
3.710e+000	5.3226e-006	-8.0709e+013	-8.0377e+013	8.0377e+013	5.2500e-015
3.720e+000	5.3253e-006	-8.1042e+013	-8.0709e+013	8.0709e+013	5.2500e-015
3.730e+000	5.3281e-006	-8.1374e+013	-8.1042e+013	8.1042e+013	5.2500e-015
3.740e+000	5.3308e-006	-8.1707e+013	-8.1374e+013	8.1374e+013	5.2500e-015
3.750e+000	5.3335e-006	-8.2040e+013	-8.1707e+013	8.1707e+013	5.2500e-015
3.760e+000	5.3362e-006	-8.2373e+013	-8.2040e+013	8.2040e+013	5.2500e-015
3.770e+000	5.3388e-006	-8.2706e+013	-8.2373e+013	8.2373e+013	5.2500e-015
3.780e+000	5.3415e-006	-8.3040e+013	-8.2706e+013	8.2706e+013	5.2500e-015
3.790e+000	5.3441e-006	-8.3373e+013	-8.3040e+013	8.3040e+013	5.2500e-015
3.800e+000	5.3468e-006	-8.3707e+013	-8.3373e+013	8.3373e+013	5.2500e-015
3.810e+000	5.3494e-006	-8.4041e+013	-8.3707e+013	8.3707e+013	5.2500e-015
3.820e+000	5.3520e-006	-8.4375e+013	-8.4041e+013	8.4041e+013	5.2500e-015
3.830e+000	5.3546e-006	-8.4709e+013	-8.4375e+013	8.4375e+013	5.2500e-015
3.840e+000	5.3572e-006	-8.5043e+013	-8.4709e+013	8.4709e+013	5.2500e-015
3.850e+000	5.3598e-006	-8.5378e+013	-8.5043e+013	8.5043e+013	5.2500e-015
3.860e+000	5.3623e-006	-8.5713e+013	-8.5378e+013	8.5378e+013	5.2500e-015
3.870e+000	5.3649e-006	-8.6047e+013	-8.5713e+013	8.5713e+013	5.2500e-015
3.880e+000	5.3674e-006	-8.6382e+013	-8.6047e+013	8.6047e+013	5.2500e-015
3.890e+000	5.3699e-006	-8.6718e+013	-8.6382e+013	8.6382e+013	5.2500e-015
3.900e+000	5.3724e-006	-8.7053e+013	-8.6718e+013	8.6718e+013	5.2500e-015
3.910e+000	5.3750e-006	-8.7388e+013	-8.7053e+013	8.7053e+013	5.2500e-015
3.920e+000	5.3775e-006	-8.7724e+013	-8.7388e+013	8.7388e+013	5.2500e-015
3.930e+000	5.3799e-006	-8.8060e+013	-8.7724e+013	8.7724e+013	5.2500e-015
3.940e+000	5.3824e-006	-8.8396e+013	-8.8060e+013	8.8060e+013	5.2500e-015
3.950e+000	5.3849e-006	-8.8732e+013	-8.8396e+013	8.8396e+013	5.2500e-015
3.960e+000	5.3873e-006	-8.9068e+013	-8.8732e+013	8.8732e+013	5.2500e-015
3.970e+000	5.3898e-006	-8.9405e+013	-8.9068e+013	8.9068e+013	5.2500e-015
3.980e+000	5.3922e-006	-8.9741e+013	-8.9405e+013	8.9405e+013	5.2500e-015
3.990e+000	5.3946e-006	-9.0078e+013	-8.9741e+013	8.9741e+013	5.2500e-015
4.000e+000	5.3970e-006	-9.0415e+013	-9.0078e+013	9.0078e+013	5.2500e-015
4.010e+000	5.3994e-006	-9.0752e+013	-9.0415e+013	9.0415e+013	5.2500e-015
4.020e+000	5.4018e-006	-9.1089e+013	-9.0752e+013	9.0752e+013	5.2500e-015
4.030e+000	5.4042e-006	-9.1426e+013	-9.1089e+013	9.1089e+013	5.2500e-015
4.040e+000	5.4066e-006	-9.1764e+013	-9.1426e+013	9.1426e+013	5.2500e-015
4.050e+000	5.4089e-006	-9.2101e+013	-9.1764e+013	9.1764e+013	5.2500e-015
4.060e+000	5.4113e-006	-9.2439e+013	-9.2101e+013	9.2101e+013	5.2500e-015
4.070e+000	5.4136e-006	-9.2777e+013	-9.2439e+013	9.2439e+013	5.2500e-015
4.080e+000	5.4160e-006	-9.3115e+013	-9.2777e+013	9.2777e+013	5.2500e-015
4.090e+000	5.4183e-006	-9.3453e+013	-9.3115e+013	9.3115e+013	5.2500e-015
4.100e+000	5.4206e-006	-9.3791e+013	-9.3453e+013	9.3453e+013	5.2500e-015
4.110e+000	5.4229e-006	-9.4130e+013	-9.3791e+013	9.3791e+013	5.2500e-015
4.120e+000	5.4252e-006	-9.4468e+013	-9.4130e+013	9.4130e+013	5.2500e-015
4.130e+000	5.4275e-006	-9.4807e+013	-9.4468e+013	9.4468e+013	5.2500e-015
4.140e+000	5.4297e-006	-9.5146e+013	-9.4807e+013	9.4807e+013	5.2500e-015
4.150e+000	5.4320e-006	-9.5485e+013	-9.5146e+013	9.5146e+013	5.2500e-015
4.160e+000	5.4343e-006	-9.5824e+013	-9.5485e+013	9.5485e+013	5.2500e-015
4.170e+000	5.4365e-006	-9.6164e+013	-9.5824e+013	9.5824e+013	5.2500e-015
4.180e+000	5.4388e-006	-9.6503e+013	-9.6164e+013	9.6164e+013	5.2500e-015
4.190e+000	5.4410e-006	-9.6843e+013	-9.6503e+013	9.6503e+013	5.2500e-015
4.200e+000	5.4432e-006	-9.7182e+013	-9.6843e+013	9.6843e+013	5.2500e-015
4.210e+000	5.4454e-006	-9.7522e+013	-9.7182e+013	9.7182e+013	5.2500e-015
4.220e+000	5.4476e-006	-9.7862e+013	-9.7522e+013	9.7522e+013	5.2500e-015
4.230e+000	5.4498e-006	-9.8202e+013	-9.7862e+013	9.7862e+013	5.2500e-015
4.240e+000	5.4520e-006	-9.8543e+013	-9.8202e+013	9.8202e+013	5.2500e-015
4.250e+000	5.4542e-006	-9.8883e+013	-9.8543e+013	9.8543e+013	5.2500e-015
4.260e+000	5.4564e-006	-9.9224e+013	-9.8883e+013	9.8883e+013	5.2500e-015
4.270e+000	5.4585e-006	-9.9564e+013	-9.9224e+013	9.9224e+013	5.2500e-015
4.280e+000	5.4607e-006	-9.9905e+013	-9.9564e+013	9.9564e+013	5.2500e-015
4.290e+000	5.4628e-006	-1.0025e+014	-9.9905e+013	9.9905e+013	5.2500e-015
4.300e+000	5.4649e-006	-1.0059e+014	-1.0025e+014	1.0025e+014	5.2500e-015
4.310e+000	5.4671e-006	-1.0093e+014	-1.0059e+014	1.0059e+014	5.2500e-015
4.320e+000	5.4692e-006	-1.0127e+014	-1.0093e+014	1.0093e+014	5.2500e-015
4.330e+000	5.4713e-006	-1.0161e+014	-1.0127e+014	1.0127e+014	5.2500e-015
4.340e+000	5.4734e-006	-1.0195e+014	-1.0161e+014	1.0161e+014	5.2500e-015
4.350e+000	5.4755e-006	-1.0229e+014	-1.0195e+014	1.0195e+014	5.2500e-015
4.360e+000	5.4776e-006	-1.0264e+014	-1.0229e+014	1.0229e+014	5.2500e-015
4.370e+000	5.4797e-006	-1.0298e+014	-1.0264e+014	1.0264e+014	5.2500e-015
4.380e+000	5.4818e-006	-1.0332e+014	-1.0298e+014	1.0298e+014	5.2500e-015
4.390e+000	5.4838e-006	-1.0366e+014	-1.0332e+014	1.0332e+014	5.2500e-015
4.400e+000	5.4859e-006	-1.0401e+014	-1.0366e+014	1.0366e+014	5.2500e-015
4.410e+000	5.4879e-006	-1.0435e+014	-1.0401e+014	1.0401e+014	5.2500e-015
4.420e+000	5.4900e-006	-1.0469e+014	-1.0435e+014	1.0435e+014	5.2500e-015
4.430e+000	5.4920e-006	-1.0503e+014	-1.0469e+014	1.0469e+014	5.2500e-015
4.440e+000	5.4940e-006	-1.0538e+014	-1.0503e+014	1.0503e+014	5.2500e-015
4.450e+000	5.4961e-006	-1.0572e+014	-1.0538e+014	1.0538e+014	5.2500e-015
4.460e+000	5.4981e-006	-1.0606e+014	-1.0572e+014	1.0572e+014	5.2500e-015
4.470e+000	5.5001e-006	-1.0641e+014	-1.0606e+014	1.0606e+014	5.2500e-015
4.480e+000	5.5021e-006	-1.0675e+014	-1.0641e+014	1.0641e+014	5.2500e-015
4.490e+000	5.5041e-006	-1.0709e+014	-1.0675e+014	1.0675e+014	5.2500e-015
4.500e+000	5.5061e-006	-1.0744e+014	-1.0709e+014	1.0709e+014	5.2500e-015
4.510e+000	5.5080e-006	-1.0778e+014	-1.0744e+014	1.0744e+014	5.2500e-015
4.520e+000	5.5100e-006	-1.0812e+014	-1.0778e+014	1.0778e+014	5.2500e-015
4.530e+000	5.5120e-006	-1.0847e+014	-1.0812e+014	1.0812e+014	5.2500e-015
4.540e+000	5.5139e-006	-1.0881e+014	-1.0847e+014	1.0847e+014	5.2500e-015
4.550e+000	5.5159e-006	-1.0916e+014	-1.0881e+014	1.0881e+014	5.2500e-015
4.560e+000	5.5178e-006	-1.0950e+014	-1.0916e+014	1.0916e+014	5.2500e-015
4.570e+000	5.5198e-006	-1.0985e+014	-1.0950e+014	1.0950e+014	5.2500e-015
4.580e+000	5.5217e-006	-1.1019e+014	-1.0985e+014	1.0985e+014	5.2500e-015
4.590e+000	5.5236e-006	-1.1053e+014	-1.1019e+014	1.1019e+014	5.2500e-015
4.600e+000	5.5255e-006	-1.1088e+014	-1.1053e+014	1.1053e+014	5.2500e-015
4.610e+000	5.5274e-006	-1.1122e+014	-1.1088e+014	1.1088e+014	5.2500e-015
4.620e+000	5.5293e-006	-1.1157e+014	-1.1122e+014	1.1122e+014	5.2500e-015
4.630e+000	5.5312e-006	-1.1192e+014	-1.1157e+014	1.1157e+014	5.2500e-015
4.640e+000	5.5331e-006	-1.1226e+014	-1.1192e+014	1.1192e+014	5.2500e-015
4.650e+000	5.5350e-006	-1.1261e+014	-1.1226e+014	1.1226e+014	5.2500e-015
4.660e+000	5.5369e-006	-1.1295e+014	-1.1261e+014	1.1261e+014	5.2500e-015
4.670e+000	5.5388e-006	-1.1330e+014	-1.1295e+014	1.1295e+014	5.2500e-015
4.680e+000	5.5406e-006	-1.1364e+014	-1.1330e+014	1.1330e+014	5.2500e-015
4.690e+000	5.5425e-006	-1.1399e+014	-1.1364e+014	1.1364e+014	5.2500e-015
4.700e+000	5.5443e-006	-1.1434e+014	-1.1399e+014	1.1399e+014	5.2500e-015
4.710e+000	5.5462e-006	-1.1468e+014	-1.1434e+014	1.1433e+014	5.2500e-015
4.720e+000	5.5480e-006	-1.1503e+014	-1.1468e+014	1.1468e+014	5.2500e-015
4.730e+000	5.5499e-006	-1.1537e+014	-1.1503e+014	1.1503e+014	5.2500e-015
4.740e+000	5.5517e-006	-1.1572e+014	-1.1537e+014	1.1537e+014	5.2500e-015
4.750e+000	5.5535e-006	-1.1607e+014	-1.1572e+014	1.1572e+014	5.2500e-015
4.760e+000	5.5553e-006	-1.1641e+014	-1.1607e+014	1.1607e+014	5.2500e-015
4.770e+000	5.5571e-006	-1.1676e+014	-1.1641e+014	1.1641e+014	5.2500e-015
4.780e+000	5.5589e-006	-1.1711e+014	-1.1676e+014	1.1676e+014	5.2500e-015
4.790e+000	5.5607e-006	-1.1745e+014	-1.1711e+014	1.1711e+014	5.2500e-015
4.800e+000	5.5625e-006	-1.1780e+014	-1.1745e+014	1.1745e+014	5.2500e-015
4.810e+000	5.5643e-006	-1.1815e+014	-1.1780e+014	1.1780e+014	5.2500e-015
4.820e+000	5.5661e-006	-1.1850e+014	-1.1815e+014	1.1815e+014	5.2500e-015
4.830e+000	5.5679e-006	-1.1884e+014	-1.1850e+014	1.1850e+014	5.2500e-015
4.840e+000	5.5696e-006	-1.1919e+014	-1.1884e+014	1.1884e+014	5.2500e-015
4.850e+000	5.5714e-006	-1.1954e+014	-1.1919e+014	1.1919e+014	5.2500e-015
4.860e+000	5.5732e-006	-1.1989e+014	-1.1954e+014	1.1954e+014	5.2500e-015
4.870e+000	5.5749e-006	-1.2024e+014	-1.1989e+014	1.1989e+014	5.2500e-015
4.880e+000	5.5767e-006	-1.2058e+014	-1.2024e+014	1.2024e+014	5.2500e-015
4.890e+000	5.5784e-006	-1.2093e+014	-1.2058e+014	1.2058e+014	5.2500e-015
4.900e+000	5.5801e-006	-1.2128e+014	-1.2093e+014	1.2093e+014	5.2500e-015
4.910e+000	5.5819e-006	-1.2163e+014	-1.2128e+014	1.2128e+014	5.2500e-015
4.920e+000	5.5836e-006	-1.2198e+014	-1.2163e+014	1.2163e+014	5.2500e-015
4.930e+000	5.5853e-006	-1.2233e+014	-1.2198e+014	1.2198e+014	5.2500e-015
4.940e+000	5.5870e-006	-1.2267e+014	-1.2233e+014	1.2233e+014	5.2500e-015
4.950e+000	5.5887e-006	-1.2302e+014	-1.2267e+014	1.2267e+014	5.2500e-015
4.960e+000	5.5904e-006	-1.2337e+014	-1.2302e+014	1.2302e+014	5.2500e-015
4.970e+000	5.5921e-006	-1.2372e+014	-1.2337e+014	1.2337e+014	5.2500e-015
4.980e+000	5.5938e-006	-1.2407e+014	-1.2372e+014	1.2372e+014	5.2500e-015
4.990e+000	5.5955e-006	-1.2442e+014	-1.2407e+014	1.2407e+014	5.2500e-015
5.000e+000	5.5972e-006	-1.2477e+014	-1.2442e+014	1.2442e+014	5.2500e-015
5.010e+000	5.5989e-006	-1.2512e+014	-1.2477e+014	1.2477e+014	5.2500e-015
5.020e+000	5.6005e-006	-1.2547e+014	-1.2512e+014	1.2512e+014	5.2500e-015
5.030e+000	5.6022e-006	-1.2582e+014	-1.2547e+014	1.2547e+014	5.2500e-015
5.040e+000	5.6039e-006	-1.2617e+014	-1.2582e+014	1.2582e+014	5.2500e-015
5.050e+000	5.6055e-006	-1.2652e+014	-1.2617e+014	1.2617e+014	5.2500e-015
5.060e+000	5.6072e-006	-1.2687e+014	-1.2652e+014	1.2652e+014	5.2500e-015
5.070e+000	5.6088e-006	-1.2722e+014	-1.2687e+014	1.2687e+014	5.2500e-015
5.080e+000	5.6105e-006	-1.2757e+014	-1.2722e+014	1.2722e+014	5.2500e-015
5.090e+000	5.6121e-006	-1.2792e+014	-1.2757e+014	1.2757e+014	5.2500e-015
5.100e+000	5.6137e-006	-1.2827e+014	-1.2792e+014	1.2792e+014	5.2500e-015
5.110e+000	5.6154e-006	-1.2862e+014	-1.2827e+014	1.2827e+014	5.2500e-015
5.120e+000	5.6170e-006	-1.2897e+014	-1.2862e+014	1.2862e+014	5.2500e-015
5.130e+000	5.6186e-006	-1.2932e+014	-1.2897e+014	1.2897e+014	5.2500e-015
5.140e+000	5.6202e-006	-1.2967e+014	-1.2932e+014	1.2932e+014	5.2500e-015
5.150e+000	5.6218e-006	-1.3002e+014	-1.2967e+014	1.2967e+014	5.2500e-015
5.160e+000	5.6234e-006	-1.3037e+014	-1.3002e+014	1.3002e+014	5.2500e-015
5.170e+000	5.6250e-006	-1.3072e+014	-1.3037e+014	1.3037e+014	5.2500e-015
5.180e+000	5.6266e-006	-1.3107e+014	-1.3072e+014	1.3072e+014	5.2500e-015
5.190e+000	5.6282e-006	-1.3143e+014	-1.3107e+014	1.3107e+014	5.2500e-015
5.200e+000	5.6298e-006	-1.3178e+014	-1.3143e+014	1.3143e+014	5.2500e-015
5.210e+000	5.6314e-006	-1.3213e+014	-1.3178e+014	1.3178e+014	5.2500e-015
5.220e+000	5.6329e-006	-1.3248e+014	-1.3213e+014	1.3213e+014	5.2500e-015
5.230e+000	5.6345e-006	-1.3283e+014	-1.3248e+014	1.3248e+014	5.2500e-015
5.240e+000	5.6361e-006	-1.3318e+014	-1.3283e+014	1.3283e+014	5.2500e-015
5.250e+000	5.6376e-006	-1.3354e+014	-1.3318e+014	1.3318e+014	5.2500e-015
5.260e+000	5.6392e-006	-1.3389e+014	-1.3354e+014	1.3354e+014	5.2500e-015
5.270e+000	5.6407e-006	-1.3424e+014	-1.3389e+014	1.3389e+014	5.2500e-015
5.280e+000	5.6423e-006	-1.3459e+014	-1.3424e+014	1.3424e+014	5.2500e-015
5.290e+000	5.6438e-006	-1.3494e+014	-1.3459e+014	1.3459e+014	5.2500e-015
5.300e+000	5.6454e-006	-1.3530e+014	-1.3494e+014	1.3494e+014	5.2500e-015
5.310e+000	5.6469e-006	-1.3565e+014	-1.3530e+014	1.3530e+014	5.2500e-015
5.320e+000	5.6484e-006	-1.3600e+014	-1.3565e+014	1.3565e+014	5.2500e-015
5.330e+000	5.6500e-006	-1.3635e+014	-1.3600e+014	1.3600e+014	5.2500e-015
5.340e+000	5.6515e-006	-1.3671e+014	-1.3635e+014	1.3635e+014	5.2500e-015
5.350e+000	5.6530e-006	-1.3706e+014	-1.3671e+014	1.3671e+014	5.2500e-015
5.360e+000	5.6545e-006	-1.3741e+014	-1.3706e+014	1.3706e+014	5.2500e-015
5.370e+000	5.6560e-006	-1.3777e+014	-1.3741e+014	1.3741e+014	5.2500e-015
5.380e+000	5.6575e-006	-1.3812e+014	-1.3777e+014	1.3777e+014	5.2500e-015
5.390e+000	5.6590e-006	-1.3847e+014	-1.3812e+014	1.3812e+014	5.2500e-015
5.400e+000	5.6605e-006	-1.3882e+014	-1.3847e+014	1.3847e+014	5.2500e-015
5.410e+000	5.6620e-006	-1.3918e+014	-1.3882e+014	1.3882e+014	5.2500e-015
5.420e+000	5.6635e-006	-1.3953e+014	-1.3918e+014	1.3918e+014	5.2500e-015
5.430e+000	5.6650e-006	-1.3989e+014	-1.3953e+014	1.3953e+014	5.2500e-015
5.440e+000	5.6665e-006	-1.4024e+014	-1.3989e+014	1.3989e+014	5.2500e-015
5.450e+000	5.6679e-006	-1.4059e+014	-1.4024e+014	1.4024e+014	5.2500e-015
5.460e+000	5.6694e-006	-1.4095e+014	-1.4059e+014	1.4059e+014	5.2500e-015
5.470e+000	5.6709e-006	-1.4130e+014	-1.4095e+014	1.4095e+014	5.2500e-015
5.480e+000	5.6724e-006	-1.4165e+014	-1.4130e+014	1.4130e+014	5.2500e-015
5.490e+000	5.6738e-006	-1.4201e+014	-1.4165e+014	1.4165e+014	5.2500e-015
5.500e+000	5.6753e-006	-1.4236e+014	-1.4201e+014	1.4201e+014	5.2500e-015
5.510e+000	5.6767e-006	-1.4272e+014	-1.4236e+014	1.4236e+014	5.2500e-015
5.520e+000	5.6782e-006	-1.4307e+014	-1.4272e+014	1.4272e+014	5.2500e-015
5.530e+000	5.6796e-006	-1.4343e+014	-1.4307e+014	1.4307e+014	5.2500e-015
5.540e+000	5.6811e-006	-1.4378e+014	-1.4343e+014	1.4343e+014	5.2500e-015
5.550e+000	5.6825e-006	-1.4414e+014	-1.4378e+014	1.4378e+014	5.2500e-015
5.560e+000	5.6839e-006	-1.4449e+014	-1.4414e+014	1.4414e+014	5.2500e-015
5.570e+000	5.6854e-006	-1.4485e+014	-1.4449e+014	1.4449e+014	5.2500e-015
5.580e+000	5.6868e-006	-1.4520e+014	-1.4485e+014	1.4485e+014	5.2500e-015
5.590e+000	5.6882e-006	-1.4556e+014	-1.4520e+014	1.4520e+014	5.2500e-015
5.600e+000	5.6896e-006	-1.4591e+014	-1.4556e+014	1.4556e+014	5.2500e-015
5.610e+000	5.6910e-006	-1.4627e+014	-1.4591e+014	1.4591e+014	5.2500e-015
5.620e+000	5.6924e-006	-1.4662e+014	-1.4627e+014	1.4627e+014	5.2500e-015
5.630e+000	5.6938e-006	-1.4698e+014	-1.4662e+014	1.4662e+014	5.2500e-015
5.640e+000	5.6952e-006	-1.4733e+014	-1.4698e+014	1.4698e+014	5.2500e-015
5.650e+000	5.6966e-006	-1.4769e+014	-1.4733e+014	1.4733e+014	5.2500e-015
5.660e+000	5.6980e-006	-1.4804e+014	-1.4769e+014	1.4769e+014	5.2500e-015
5.670e+000	5.6994e-006	-1.4840e+014	-1.4804e+014	1.4804e+014	5.2500e-015
5.680e+000	5.7008e-006	-1.4875e+014	-1.4840e+014	1.4840e+014	5.2500e-015
5.690e+000	5.7022e-006	-1.4911e+014	-1.4875e+014	1.4875e+014	5.2500e-015
5.700e+000	5.7036e-006	-1.4947e+014	-1.4911e+014	1.4911e+014	5.2500e-015
5.710e+000	5.7050e-006	-1.4982e+014	-1.4947e+014	1.4947e+014	5.2500e-015
5.720e+000	5.7063e-006	-1.5018e+014	-1.4982e+014	1.4982e+014	5.2500e-015
5.730e+000	5.7077e-006	-1.5053e+014	-1.5018e+014	1.5018e+014	5.2500e-015
5.740e+000	5.7091e-006	-1.5089e+014	-1.5053e+014	1.5053e+014	5.2500e-015
5.750e+000	5.7104e-006	-1.5125e+014	-1.5089e+014	1.5089e+014	5.2500e-015
5.760e+000	5.7118e-006	-1.5160e+014	-1.5125e+014	1.5125e+014	5.2500e-015
5.770e+000	5.7132e-006	-1.5196e+014	-1.5160e+014	1.5160e+014	5.2500e-015
5.780e+000	5.7145e-006	-1.5232e+014	-1.5196e+014	1.5196e+014	5.2500e-015
5.790e+000	5.7159e-006	-1.5267e+014	-1.5232e+014	1.5232e+014	5.2500e-015
5.800e+000	5.7172e-006	-1.5303e+014	-1.5267e+014	1.5267e+014	5.2500e-015
5.810e+000	5.7185e-006	-1.5339e+014	-1.5303e+014	1.5303e+014	5.2500e-015
5.820e+000	5.7199e-006	-1.5374e+014	-1.5339e+014	1.5339e+014	5.2500e-015
5.830e+000	5.7212e-006	-1.5410e+014	-1.5374e+014	1.5374e+014	5.2500e-015
5.840e+000	5.7225e-006	-1.5446e+014	-1.5410e+014	1.5410e+014	5.2500e-015
5.850e+000	5.7239e-006	-1.5482e+014	-1.5446e+014	1.5446e+014	5.2500e-015
5.860e+000	5.7252e-006	-1.5517e+014	-1.5482e+014	1.5482e+014	5.2500e-015
5.870e+000	5.7265e-006	-1.5553e+014	-1.5517e+014	1.5517e+014	5.2500e-015
5.880e+000	5.7278e-006	-1.5589e+014	-1.5553e+014	1.5553e+014	5.2500e-015
5.890e+000	5.7292e-006	-1.5625e+014	-1.5589e+014	1.5589e+014	5.2500e-015
5.900e+000	5.7305e-006	-1.5660e+014	-1.5625e+014	1.5625e+014	5.2500e-015
5.910e+000	5.7318e-006	-1.5696e+014	-1.5660e+014	1.5660e+014	5.2500e-015
5.920e+000	5.7331e-006	-1.5732e+014	-1.5696e+014	1.5696e+014	5.2500e-015
5.930e+000	5.7344e-006	-1.5768e+014	-1.5732e+014	1.5732e+014	5.2500e-015
5.940e+000	5.7357e-006	-1.5804e+014	-1.5768e+014	1.5768e+014	5.2500e-015
5.950e+000	5.7370e-006	-1.5839e+014	-1.5804e+014	1.5804e+014	5.2500e-015
5.960e+000	5.7383e-006	-1.5875e+014	-1.5839e+014	1.5839e+014	5.2500e-015
5.970e+000	5.7396e-006	-1.5911e+014	-1.5875e+014	1.5875e+014	5.2500e-015
5.980e+000	5.7409e-006	-1.5947e+014	-1.5911e+014	1.5911e+014	5.2500e-015
5.990e+000	5.7421e-006	-1.5983e+014	-1.5947e+014	1.5947e+014	5.2500e-015
6.000e+000	5.7434e-006	-1.6018e+014	-1.5983e+014	1.5983e+014	5.2500e-015
6.010e+000	5.7447e-006	-1.6054e+014	-1.6018e+014	1.6018e+014	5.2500e-015
6.020e+000	5.7460e-006	-1.6090e+014	-1.6054e+014	1.6054e+014	5.2500e-015
6.030e+000	5.7472e-006	-1.6126e+014	-1.6090e+014	1.6090e+014	5.2500e-015
6.040e+000	5.7485e-006	-1.6162e+014	-1.6126e+014	1.6126e+014	5.2500e-015
6.050e+000	5.7498e-006	-1.6198e+014	-1.6162e+014	1.6162e+014	5.2500e-015
6.060e+000	5.7510e-006	-1.6234e+014	-1.6198e+014	1.6198e+014	5.2500e-015
6.070e+000	5.7523e-006	-1.6270e+014	-1.6234e+014	1.6234e+014	5.2500e-015
6.080e+000	5.7536e-006	-1.6306e+014	-1.6270e+014	1.6270e+014	5.2500e-015
6.090e+000	5.7548e-006	-1.6341e+014	-1.6306e+014	1.6306e+014	5.2500e-015
6.100e+000	5.7561e-006	-1.6377e+014	-1.6341e+014	1.6341e+014	5.2500e-015
6.110e+000	5.7573e-006	-1.6413e+014	-1.6377e+014	1.6377e+014	5.2500e-015
6.120e+000	5.7586e-006	-1.6449e+014	-1.6413e+014	1.6413e+014	5.2500e-015
6.130e+000	5.7598e-006	-1.6485e+014	-1.6449e+014	1.6449e+014	5.2500e-015
6.140e+000	5.7610e-006	-1.6521e+014	-1.6485e+014	1.6485e+014	5.2500e-015
6.150e+000	5.7623e-006	-1.6557e+014	-1.6521e+014	1.6521e+014	5.2500e-015
6.160e+000	5.7635e-006	-1.6593e+014	-1.6557e+014	1.6557e+014	5.2500e-015
6.170e+000	5.7647e-006	-1.6629e+014	-1.6593e+014	1.6593e+014	5.2500e-015
6.180e+000	5.7660e-006	-1.6665e+014	-1.6629e+014	1.6629e+014	5.2500e-015
6.190e+000	5.7672e-006	-1.6701e+014	-1.6665e+014	1.6665e+014	5.2500e-015
6.200e+000	5.7684e-006	-1.6737e+014	-1.6701e+014	1.6701e+014	5.2500e-015
6.210e+000	5.7696e-006	-1.6773e+014	-1.6737e+014	1.6737e+014	5.2500e-015
6.220e+000	5.7708e-006	-1.6809e+014	-1.6773e+014	1.6773e+014	5.2500e-015
6.230e+000	5.7720e-006	-1.6845e+014	-1.6809e+014	1.6809e+014	5.2500e-015
6.240e+000	5.7733e-006	-1.6881e+014	-1.6845e+014	1.6845e+014	5.2500e-015
6.250e+000	5.7745e-006	-1.6917e+014	-1.6881e+014	1.6881e+014	5.2500e-015
6.260e+000	5.7757e-006	-1.6953e+014	-1.6917e+014	1.6917e+014	5.2500e-015
6.270e+000	5.7769e-006	-1.6989e+014	-1.6953e+014	1.6953e+014	5.2500e-015
6.280e+000	5.7781e-006	-1.7025e+014	-1.6989e+014	1.6989e+014	5.2500e-015
6.290e+000	5.7793e-006	-1.7061e+014	-1.7025e+014	1.7025e+014	5.2500e-015
6.300e+000	5.7805e-006	-1.7098e+014	-1.7061e+014	1.7061e+014	5.2500e-015
6.310e+000	5.7817e-006	-1.7134e+014	-1.7098e+014	1.7098e+014	5.2500e-015
6.320e+000	5.7828e-006	-1.7170e+014	-1.7134e+014	1.7134e+014	5.2500e-015
6.330e+000	5.7840e-006	-1.7206e+014	-1.7170e+014	1.7170e+014	5.2500e-015
6.340e+000	5.7852e-006	-1.7242e+014	-1.7206e+014	1.7206e+014	5.2500e-015
6.350e+000	5.7864e-006	-1.7278e+014	-1.7242e+014	1.7242e+014	5.2500e-015
6.360e+000	5.7876e-006	-1.7314e+014	-1.7278e+014	1.7278e+014	5.2500e-015
6.370e+000	5.7887e-006	-1.7350e+014	-1.7314e+014	1.7314e+014	5.2500e-015
6.380e+000	5.7899e-006	-1.7386e+014	-1.7350e+014	1.7350e+014	5.2500e-015
6.390e+000	5.7911e-006	-1.7423e+014	-1.7386e+014	1.7386e+014	5.2500e-015
6.400e+000	5.7922e-006	-1.7459e+014	-1.7423e+014	1.7423e+014	5.2500e-015
6.410e+000	5.7934e-006	-1.7495e+014	-1.7459e+014	1.7459e+014	5.2500e-015
6.420e+000	5.7946e-006	-1.7531e+014	-1.7495e+014	1.7495e+014	5.2500e-015
6.430e+000	5.7957e-006	-1.7567e+014	-1.7531e+014	1.7531e+014	5.2500e-015
6.440e+000	5.7969e-006	-1.7603e+014	-1.7567e+014	1.7567e+014	5.2500e-015
6.450e+000	5.7980e-006	-1.7640e+014	-1.7603e+014	1.7603e+014	5.2500e-015
6.460e+000	5.7992e-006	-1.7676e+014	-1.7640e+014	1.7640e+014	5.2500e-015
6.470e+000	5.8003e-006	-1.7712e+014	-1.7676e+014	1.7676e+014	5.2500e-015
6.480e+000	5.8015e-006	-1.7748e+014	-1.7712e+014	1.7712e+014	5.2500e-015
6.490e+000	5.8026e-006	-1.7784e+014	-1.7748e+014	1.7748e+014	5.2500e-015
6.500e+000	5.8038e-006	-1.7821e+014	-1.7784e+014	1.7784e+014	5.2500e-015
6.510e+000	5.8049e-006	-1.7857e+014	-1.7821e+014	1.7821e+014	5.2500e-015
6.520e+000	5.8061e-006	-1.7893e+014	-1.7857e+014	1.7857e+014	5.2500e-015
6.530e+000	5.8072e-006	-1.7929e+014	-1.7893e+014	1.7893e+014	5.2500e-015
6.540e+000	5.8083e-006	-1.7966e+014	-1.7929e+014	1.7929e+014	5.2500e-015
6.550e+000	5.8094e-006	-1.8002e+014	-1.7966e+014	1.7966e+014	5.2500e-015
6.560e+000	5.8106e-006	-1.8038e+014	-1.8002e+014	1.8002e+014	5.2500e-015
6.570e+000	5.8117e-006	-1.8074e+014	-1.8038e+014	1.8038e+014	5.2500e-015
6.580e+000	5.8128e-006	-1.8111e+014	-1.8074e+014	1.8074e+014	5.2500e-015
6.590e+000	5.8139e-006	-1.8147e+014	-1.8111e+014	1.8111e+014	5.2500e-015
6.600e+000	5.8151e-006	-1.8183e+014	-1.8147e+014	1.8147e+014	5.2500e-015
6.610e+000	5.8162e-006	-1.8220e+014	-1.8183e+014	1.8183e+014	5.2500e-015
6.620e+000	5.8173e-006	-1.8256e+014	-1.8220e+014	1.8220e+014	5.2500e-015
6.630e+000	5.8184e-006	-1.8292e+014	-1.8256e+014	1.8256e+014	5.2500e-015
6.640e+000	5.8195e-006	-1.8329e+014	-1.8292e+014	1.8292e+014	5.2500e-015
6.650e+000	5.8206e-006	-1.8365e+014	-1.8329e+014	1.8329e+014	5.2500e-015
6.660e+000	5.8217e-006	-1.8401e+014	-1.8365e+014	1.8365e+014	5.2500e-015
6.670e+000	5.8228e-006	-1.8438e+014	-1.8401e+014	1.8401e+014	5.2500e-015
6.680e+000	5.8239e-006	-1.8474e+014	-1.8438e+014	1.8438e+014	5.2500e-015
6.690e+000	5.8250e-006	-1.8510e+014	-1.8474e+014	1.8474e+014	5.2500e-015
6.700e+000	5.8261e-006	-1.8547e+014	-1.8510e+014	1.8510e+014	5.2500e-015
6.710e+000	5.8272e-006	-1.8583e+014	-1.8547e+014	1.8547e+014	5.2500e-015
6.720e+000	5.8283e-006	-1.8619e+014	-1.8583e+014	1.8583e+014	5.2500e-015
6.730e+000	5.8294e-006	-1.8656e+014	-1.8619e+014	1.8619e+014	5.2500e-015
6.740e+000	5.8304e-006	-1.8692e+014	-1.8656e+014	1.8656e+014	5.2500e-015
6.750e+000	5.8315e-006	-1.8729e+014	-1.8692e+014	1.8692e+014	5.2500e-015
6.760e+000	5.8326e-006	-1.8765e+014	-1.8729e+014	1.8729e+014	5.2500e-015
6.770e+000	5.8337e-006	-1.8801e+014	-1.8765e+014	1.8765e+014	5.2500e-015
6.780e+000	5.8348e-006	-1.8838e+014	-1.8801e+014	1.8801e+014	5.2500e-015
6.790e+000	5.8358e-006	-1.8874e+014	-1.8838e+014	1.8838e+014	5.2500e-015
6.800e+000	5.8369e-006	-1.8911e+014	-1.8874e+014	1.8874e+014	5.2500e-015
6.810e+000	5.8380e-006	-1.8947e+014	-1.8911e+014	1.8911e+014	5.2500e-015
6.820e+000	5.8390e-006	-1.8983e+014	-1.8947e+014	1.8947e+014	5.2500e-015
6.830e+000	5.8401e-006	-1.9020e+014	-1.8983e+014	1.8983e+014	5.2500e-015
6.840e+000	5.8412e-006	-1.9056e+014	-1.9020e+014	1.9020e+014	5.2500e-015
6.850e+000	5.8422e-006	-1.9093e+014	-1.9056e+014	1.9056e+014	5.2500e-015
6.860e+000	5.8433e-006	-1.9129e+014	-1.9093e+014	1.9093e+014	5.2500e-015
6.870e+000	5.8443e-006	-1.9166e+014	-1.9129e+014	1.9129e+014	5.2500e-015
6.880e+000	5.8454e-006	-1.9202e+014	-1.9166e+014	1.9166e+014	5.2500e-015
6.890e+000	5.8464e-006	-1.9239e+014	-1.9202e+014	1.9202e+014	5.2500e-015
6.900e+000	5.8475e-006	-1.9275e+014	-1.9239e+014	1.9239e+014	5.2500e-015
6.910e+000	5.8485e-006	-1.9312e+014	-1.9275e+014	1.9275e+014	5.2500e-015
6.920e+000	5.8496e-006	-1.9348e+014	-1.9312e+014	1.9312e+014	5.2500e-015
6.930e+000	5.8506e-006	-1.9385e+014	-1.9348e+014	1.9348e+014	5.2500e-015
6.940e+000	5.8517e-006	-1.9421e+014	-1.9385e+014	1.9385e+014	5.2500e-015
6.950e+000	5.8527e-006	-1.9458e+014	-1.9421e+014	1.9421e+014	5.2500e-015
6.960e+000	5.8537e-006	-1.9494e+014	-1.9458e+014	1.9458e+014	5.2500e-015
6.970e+000	5.8548e-006	-1.9531e+014	-1.9494e+014	1.9494e+014	5.2500e-015
6.980e+000	5.8558e-006	-1.9567e+014	-1.9531e+014	1.9531e+014	5.2500e-015
6.990e+000	5.8568e-006	-1.9604e+014	-1.9567e+014	1.9567e+014	5.2500e-015
7.000e+000	5.8579e-006	-1.9641e+014	-1.9604e+014	1.9604e+014	5.2500e-015
