V	C (Fcm-2)	Initcharge (cm-2)	Finalcharge (cm-2)	ns Total (cm-2)	ps Total (cm-2)
-7.000e+000	4.8034e-017	-9.3457e+000	-6.3477e+000	6.3476e+000	5.2500e-015
-6.990e+000	4.8034e-017	-9.3457e+000	-6.3477e+000	6.3476e+000	5.2500e-015
-6.980e+000	4.8034e-017	-9.3457e+000	-6.3477e+000	6.3476e+000	5.2500e-015
-6.970e+000	4.8034e-017	-9.3457e+000	-6.3477e+000	6.3476e+000	5.2500e-015
-6.960e+000	4.8034e-017	-9.3457e+000	-6.3477e+000	6.3476e+000	5.2500e-015
-6.950e+000	4.8034e-017	-9.3457e+000	-6.3477e+000	6.3476e+000	5.2500e-015
-6.940e+000	4.8034e-017	-9.3457e+000	-6.3477e+000	6.3476e+000	5.2500e-015
-6.930e+000	4.8034e-017	-9.3457e+000	-6.3477e+000	6.3476e+000	5.2500e-015
-6.920e+000	4.8034e-017	-9.3457e+000	-6.3477e+000	6.3476e+000	5.2500e-015
-6.910e+000	4.8034e-017	-9.3457e+000	-6.3477e+000	6.3476e+000	5.2500e-015
-6.900e+000	4.8034e-017	-9.3457e+000	-6.3477e+000	6.3476e+000	5.2500e-015
-6.890e+000	4.8034e-017	-9.3457e+000	-6.3477e+000	6.3476e+000	5.2500e-015
-6.880e+000	4.8034e-017	-9.3457e+000	-6.3477e+000	6.3476e+000	5.2500e-015
-6.870e+000	4.8034e-017	-9.3457e+000	-6.3477e+000	6.3476e+000	5.2500e-015
-6.860e+000	4.8034e-017	-9.3457e+000	-6.3477e+000	6.3476e+000	5.2500e-015
-6.850e+000	4.8034e-017	-9.3457e+000	-6.3477e+000	6.3476e+000	5.2500e-015
-6.840e+000	4.8034e-017	-9.3457e+000	-6.3477e+000	6.3476e+000	5.2500e-015
-6.830e+000	4.8034e-017	-9.3457e+000	-6.3477e+000	6.3476e+000	5.2500e-015
-6.820e+000	4.8034e-017	-9.3457e+000	-6.3477e+000	6.3476e+000	5.2500e-015
-6.810e+000	4.8034e-017	-9.3457e+000	-6.3477e+000	6.3476e+000	5.2500e-015
-6.800e+000	4.8034e-017	-9.3457e+000	-6.3477e+000	6.3476e+000	5.2500e-015
-6.790e+000	4.8034e-017	-9.3457e+000	-6.3477e+000	6.3476e+000	5.2500e-015
-6.780e+000	4.8034e-017	-9.3457e+000	-6.3477e+000	6.3476e+000	5.2500e-015
-6.770e+000	4.8034e-017	-9.3457e+000	-6.3477e+000	6.3476e+000	5.2500e-015
-6.760e+000	4.8034e-017	-9.3457e+000	-6.3477e+000	6.3476e+000	5.2500e-015
-6.750e+000	4.8034e-017	-9.3457e+000	-6.3477e+000	6.3476e+000	5.2500e-015
-6.740e+000	4.8034e-017	-9.3457e+000	-6.3477e+000	6.3476e+000	5.2500e-015
-6.730e+000	4.8034e-017	-9.3457e+000	-6.3477e+000	6.3476e+000	5.2500e-015
-6.720e+000	4.8034e-017	-9.3457e+000	-6.3477e+000	6.3476e+000	5.2500e-015
-6.710e+000	4.8034e-017	-9.3457e+000	-6.3477e+000	6.3476e+000	5.2500e-015
-6.700e+000	4.8034e-017	-9.3457e+000	-6.3477e+000	6.3476e+000	5.2500e-015
-6.690e+000	4.8034e-017	-9.3457e+000	-6.3477e+000	6.3476e+000	5.2500e-015
-6.680e+000	4.8034e-017	-9.3457e+000	-6.3477e+000	6.3476e+000	5.2500e-015
-6.670e+000	4.8034e-017	-9.3457e+000	-6.3477e+000	6.3476e+000	5.2500e-015
-6.660e+000	4.8034e-017	-9.3457e+000	-6.3477e+000	6.3476e+000	5.2500e-015
-6.650e+000	4.8034e-017	-9.3457e+000	-6.3477e+000	6.3476e+000	5.2500e-015
-6.640e+000	4.8034e-017	-9.3457e+000	-6.3477e+000	6.3476e+000	5.2500e-015
-6.630e+000	4.8034e-017	-9.3457e+000	-6.3477e+000	6.3476e+000	5.2500e-015
-6.620e+000	4.8034e-017	-9.3457e+000	-6.3477e+000	6.3476e+000	5.2500e-015
-6.610e+000	4.8034e-017	-9.3457e+000	-6.3477e+000	6.3476e+000	5.2500e-015
-6.600e+000	4.8034e-017	-9.3457e+000	-6.3477e+000	6.3476e+000	5.2500e-015
-6.590e+000	4.8034e-017	-9.3457e+000	-6.3477e+000	6.3476e+000	5.2500e-015
-6.580e+000	4.8034e-017	-9.3457e+000	-6.3477e+000	6.3476e+000	5.2500e-015
-6.570e+000	4.8034e-017	-9.3457e+000	-6.3477e+000	6.3476e+000	5.2500e-015
-6.560e+000	4.8034e-017	-9.3457e+000	-6.3477e+000	6.3476e+000	5.2500e-015
-6.550e+000	4.8034e-017	-9.3457e+000	-6.3477e+000	6.3476e+000	5.2500e-015
-6.540e+000	4.8034e-017	-9.3457e+000	-6.3477e+000	6.3476e+000	5.2500e-015
-6.530e+000	4.8034e-017	-9.3457e+000	-6.3477e+000	6.3476e+000	5.2500e-015
-6.520e+000	4.8034e-017	-9.3457e+000	-6.3477e+000	6.3476e+000	5.2500e-015
-6.510e+000	4.8034e-017	-9.3457e+000	-6.3477e+000	6.3476e+000	5.2500e-015
-6.500e+000	4.8034e-017	-9.3457e+000	-6.3477e+000	6.3476e+000	5.2500e-015
-6.490e+000	4.8034e-017	-9.3457e+000	-6.3477e+000	6.3476e+000	5.2500e-015
-6.480e+000	4.8034e-017	-9.3457e+000	-6.3477e+000	6.3476e+000	5.2500e-015
-6.470e+000	4.8034e-017	-9.3457e+000	-6.3477e+000	6.3476e+000	5.2500e-015
-6.460e+000	4.8034e-017	-9.3457e+000	-6.3477e+000	6.3476e+000	5.2500e-015
-6.450e+000	4.8034e-017	-9.3457e+000	-6.3477e+000	6.3476e+000	5.2500e-015
-6.440e+000	4.8034e-017	-9.3457e+000	-6.3477e+000	6.3476e+000	5.2500e-015
-6.430e+000	4.8034e-017	-9.3457e+000	-6.3477e+000	6.3476e+000	5.2500e-015
-6.420e+000	4.8034e-017	-9.3457e+000	-6.3477e+000	6.3476e+000	5.2500e-015
-6.410e+000	4.8034e-017	-9.3457e+000	-6.3477e+000	6.3476e+000	5.2500e-015
-6.400e+000	4.8034e-017	-9.3457e+000	-6.3477e+000	6.3476e+000	5.2500e-015
-6.390e+000	4.8034e-017	-9.3457e+000	-6.3477e+000	6.3476e+000	5.2500e-015
-6.380e+000	4.8034e-017	-9.3457e+000	-6.3477e+000	6.3476e+000	5.2500e-015
-6.370e+000	4.8034e-017	-9.3457e+000	-6.3477e+000	6.3476e+000	5.2500e-015
-6.360e+000	4.8034e-017	-9.3457e+000	-6.3477e+000	6.3476e+000	5.2500e-015
-6.350e+000	4.8034e-017	-9.3457e+000	-6.3477e+000	6.3476e+000	5.2500e-015
-6.340e+000	4.8034e-017	-9.3457e+000	-6.3477e+000	6.3476e+000	5.2500e-015
-6.330e+000	4.8034e-017	-9.3457e+000	-6.3477e+000	6.3476e+000	5.2500e-015
-6.320e+000	4.8034e-017	-9.3457e+000	-6.3477e+000	6.3476e+000	5.2500e-015
-6.310e+000	4.8034e-017	-9.3457e+000	-6.3477e+000	6.3476e+000	5.2500e-015
-6.300e+000	4.8034e-017	-9.3457e+000	-6.3477e+000	6.3476e+000	5.2500e-015
-6.290e+000	4.8034e-017	-9.3457e+000	-6.3477e+000	6.3476e+000	5.2500e-015
-6.280e+000	4.8034e-017	-9.3457e+000	-6.3477e+000	6.3476e+000	5.2500e-015
-6.270e+000	4.8034e-017	-9.3457e+000	-6.3477e+000	6.3476e+000	5.2500e-015
-6.260e+000	4.8034e-017	-9.3457e+000	-6.3477e+000	6.3476e+000	5.2500e-015
-6.250e+000	4.8034e-017	-9.3457e+000	-6.3477e+000	6.3476e+000	5.2500e-015
-6.240e+000	4.8034e-017	-9.3457e+000	-6.3477e+000	6.3476e+000	5.2500e-015
-6.230e+000	4.8034e-017	-9.3457e+000	-6.3477e+000	6.3476e+000	5.2500e-015
-6.220e+000	4.8034e-017	-9.3457e+000	-6.3477e+000	6.3476e+000	5.2500e-015
-6.210e+000	4.8034e-017	-9.3457e+000	-6.3477e+000	6.3476e+000	5.2500e-015
-6.200e+000	4.8034e-017	-9.3457e+000	-6.3477e+000	6.3476e+000	5.2500e-015
-6.190e+000	4.8034e-017	-9.3457e+000	-6.3477e+000	6.3476e+000	5.2500e-015
-6.180e+000	4.8034e-017	-9.3457e+000	-6.3477e+000	6.3476e+000	5.2500e-015
-6.170e+000	4.8034e-017	-9.3457e+000	-6.3477e+000	6.3476e+000	5.2500e-015
-6.160e+000	4.8034e-017	-9.3457e+000	-6.3477e+000	6.3476e+000	5.2500e-015
-6.150e+000	4.8034e-017	-9.3457e+000	-6.3477e+000	6.3476e+000	5.2500e-015
-6.140e+000	4.8034e-017	-9.3457e+000	-6.3477e+000	6.3476e+000	5.2500e-015
-6.130e+000	4.8034e-017	-9.3457e+000	-6.3477e+000	6.3476e+000	5.2500e-015
-6.120e+000	4.8034e-017	-9.3457e+000	-6.3477e+000	6.3476e+000	5.2500e-015
-6.110e+000	4.8034e-017	-9.3457e+000	-6.3477e+000	6.3476e+000	5.2500e-015
-6.100e+000	4.8034e-017	-9.3457e+000	-6.3477e+000	6.3476e+000	5.2500e-015
-6.090e+000	4.8034e-017	-9.3457e+000	-6.3477e+000	6.3476e+000	5.2500e-015
-6.080e+000	4.8034e-017	-9.3457e+000	-6.3477e+000	6.3476e+000	5.2500e-015
-6.070e+000	4.8034e-017	-9.3457e+000	-6.3477e+000	6.3476e+000	5.2500e-015
-6.060e+000	4.8034e-017	-9.3457e+000	-6.3477e+000	6.3476e+000	5.2500e-015
-6.050e+000	4.8034e-017	-9.3457e+000	-6.3477e+000	6.3476e+000	5.2500e-015
-6.040e+000	4.8034e-017	-9.3457e+000	-6.3477e+000	6.3476e+000	5.2500e-015
-6.030e+000	4.8034e-017	-9.3457e+000	-6.3477e+000	6.3476e+000	5.2500e-015
-6.020e+000	4.8034e-017	-9.3457e+000	-6.3477e+000	6.3476e+000	5.2500e-015
-6.010e+000	4.8034e-017	-9.3457e+000	-6.3477e+000	6.3476e+000	5.2500e-015
-6.000e+000	4.8034e-017	-9.3457e+000	-6.3477e+000	6.3476e+000	5.2500e-015
-5.990e+000	4.8034e-017	-9.3457e+000	-6.3477e+000	6.3476e+000	5.2500e-015
-5.980e+000	4.8034e-017	-9.3457e+000	-6.3477e+000	6.3476e+000	5.2500e-015
-5.970e+000	4.8034e-017	-9.3457e+000	-6.3477e+000	6.3476e+000	5.2500e-015
-5.960e+000	4.8034e-017	-9.3457e+000	-6.3477e+000	6.3476e+000	5.2500e-015
-5.950e+000	4.8034e-017	-9.3457e+000	-6.3477e+000	6.3476e+000	5.2500e-015
-5.940e+000	4.8034e-017	-9.3457e+000	-6.3477e+000	6.3476e+000	5.2500e-015
-5.930e+000	4.8034e-017	-9.3457e+000	-6.3477e+000	6.3476e+000	5.2500e-015
-5.920e+000	4.8034e-017	-9.3457e+000	-6.3477e+000	6.3476e+000	5.2500e-015
-5.910e+000	4.8034e-017	-9.3457e+000	-6.3477e+000	6.3476e+000	5.2500e-015
-5.900e+000	4.8034e-017	-9.3457e+000	-6.3477e+000	6.3476e+000	5.2500e-015
-5.890e+000	4.8034e-017	-9.3457e+000	-6.3477e+000	6.3476e+000	5.2500e-015
-5.880e+000	4.8034e-017	-9.3457e+000	-6.3477e+000	6.3476e+000	5.2500e-015
-5.870e+000	4.8034e-017	-9.3457e+000	-6.3477e+000	6.3476e+000	5.2500e-015
-5.860e+000	4.8034e-017	-9.3457e+000	-6.3477e+000	6.3476e+000	5.2500e-015
-5.850e+000	4.8034e-017	-9.3457e+000	-6.3477e+000	6.3476e+000	5.2500e-015
-5.840e+000	4.8034e-017	-9.3457e+000	-6.3477e+000	6.3476e+000	5.2500e-015
-5.830e+000	4.8034e-017	-9.3457e+000	-6.3477e+000	6.3476e+000	5.2500e-015
-5.820e+000	4.8034e-017	-9.3457e+000	-6.3477e+000	6.3476e+000	5.2500e-015
-5.810e+000	4.8034e-017	-9.3457e+000	-6.3477e+000	6.3476e+000	5.2500e-015
-5.800e+000	4.8034e-017	-9.3457e+000	-6.3477e+000	6.3476e+000	5.2500e-015
-5.790e+000	4.8034e-017	-9.3457e+000	-6.3477e+000	6.3476e+000	5.2500e-015
-5.780e+000	4.8034e-017	-9.3457e+000	-6.3477e+000	6.3476e+000	5.2500e-015
-5.770e+000	4.8034e-017	-9.3457e+000	-6.3477e+000	6.3476e+000	5.2500e-015
-5.760e+000	4.8034e-017	-9.3457e+000	-6.3477e+000	6.3476e+000	5.2500e-015
-5.750e+000	4.8034e-017	-9.3457e+000	-6.3477e+000	6.3476e+000	5.2500e-015
-5.740e+000	4.8034e-017	-9.3457e+000	-6.3477e+000	6.3476e+000	5.2500e-015
-5.730e+000	4.8034e-017	-9.3457e+000	-6.3477e+000	6.3476e+000	5.2500e-015
-5.720e+000	4.8034e-017	-9.3457e+000	-6.3477e+000	6.3476e+000	5.2500e-015
-5.710e+000	4.8034e-017	-9.3457e+000	-6.3477e+000	6.3476e+000	5.2500e-015
-5.700e+000	4.8034e-017	-9.3457e+000	-6.3477e+000	6.3476e+000	5.2500e-015
-5.690e+000	4.8034e-017	-9.3457e+000	-6.3477e+000	6.3476e+000	5.2500e-015
-5.680e+000	4.8034e-017	-9.3457e+000	-6.3477e+000	6.3476e+000	5.2500e-015
-5.670e+000	4.8034e-017	-9.3457e+000	-6.3477e+000	6.3476e+000	5.2500e-015
-5.660e+000	4.8034e-017	-9.3457e+000	-6.3477e+000	6.3476e+000	5.2500e-015
-5.650e+000	4.8034e-017	-9.3457e+000	-6.3477e+000	6.3476e+000	5.2500e-015
-5.640e+000	4.8034e-017	-9.3457e+000	-6.3477e+000	6.3476e+000	5.2500e-015
-5.630e+000	4.8034e-017	-9.3457e+000	-6.3477e+000	6.3476e+000	5.2500e-015
-5.620e+000	4.8034e-017	-9.3457e+000	-6.3477e+000	6.3476e+000	5.2500e-015
-5.610e+000	4.8034e-017	-9.3457e+000	-6.3477e+000	6.3476e+000	5.2500e-015
-5.600e+000	4.8034e-017	-9.3457e+000	-6.3477e+000	6.3476e+000	5.2500e-015
-5.590e+000	4.8034e-017	-9.3457e+000	-6.3477e+000	6.3476e+000	5.2500e-015
-5.580e+000	4.8034e-017	-9.3457e+000	-6.3477e+000	6.3476e+000	5.2500e-015
-5.570e+000	4.8034e-017	-9.3457e+000	-6.3477e+000	6.3476e+000	5.2500e-015
-5.560e+000	4.8034e-017	-9.3457e+000	-6.3477e+000	6.3476e+000	5.2500e-015
-5.550e+000	4.8034e-017	-9.3457e+000	-6.3477e+000	6.3476e+000	5.2500e-015
-5.540e+000	4.8034e-017	-9.3457e+000	-6.3477e+000	6.3476e+000	5.2500e-015
-5.530e+000	4.8034e-017	-9.3457e+000	-6.3477e+000	6.3476e+000	5.2500e-015
-5.520e+000	4.8034e-017	-9.3457e+000	-6.3477e+000	6.3476e+000	5.2500e-015
-5.510e+000	4.8034e-017	-9.3457e+000	-6.3477e+000	6.3476e+000	5.2500e-015
-5.500e+000	4.8034e-017	-9.3457e+000	-6.3477e+000	6.3476e+000	5.2500e-015
-5.490e+000	4.8034e-017	-9.3457e+000	-6.3477e+000	6.3476e+000	5.2500e-015
-5.480e+000	4.8034e-017	-9.3457e+000	-6.3477e+000	6.3476e+000	5.2500e-015
-5.470e+000	4.8034e-017	-9.3457e+000	-6.3477e+000	6.3476e+000	5.2500e-015
-5.460e+000	4.8034e-017	-9.3457e+000	-6.3477e+000	6.3476e+000	5.2500e-015
-5.450e+000	4.8034e-017	-9.3457e+000	-6.3477e+000	6.3476e+000	5.2500e-015
-5.440e+000	4.8034e-017	-9.3457e+000	-6.3477e+000	6.3476e+000	5.2500e-015
-5.430e+000	4.8034e-017	-9.3457e+000	-6.3477e+000	6.3476e+000	5.2500e-015
-5.420e+000	4.8034e-017	-9.3457e+000	-6.3477e+000	6.3476e+000	5.2500e-015
-5.410e+000	4.8034e-017	-9.3457e+000	-6.3477e+000	6.3476e+000	5.2500e-015
-5.400e+000	4.8034e-017	-9.3457e+000	-6.3477e+000	6.3476e+000	5.2500e-015
-5.390e+000	4.8034e-017	-9.3457e+000	-6.3477e+000	6.3476e+000	5.2500e-015
-5.380e+000	4.8034e-017	-9.3457e+000	-6.3477e+000	6.3476e+000	5.2500e-015
-5.370e+000	4.8034e-017	-9.3457e+000	-6.3477e+000	6.3476e+000	5.2500e-015
-5.360e+000	4.8034e-017	-9.3457e+000	-6.3477e+000	6.3476e+000	5.2500e-015
-5.350e+000	4.8034e-017	-9.3457e+000	-6.3477e+000	6.3476e+000	5.2500e-015
-5.340e+000	4.8034e-017	-9.3457e+000	-6.3477e+000	6.3476e+000	5.2500e-015
-5.330e+000	4.8034e-017	-9.3457e+000	-6.3477e+000	6.3476e+000	5.2500e-015
-5.320e+000	4.8034e-017	-9.3457e+000	-6.3477e+000	6.3476e+000	5.2500e-015
-5.310e+000	4.8034e-017	-9.3457e+000	-6.3477e+000	6.3476e+000	5.2500e-015
-5.300e+000	4.8034e-017	-9.3457e+000	-6.3477e+000	6.3476e+000	5.2500e-015
-5.290e+000	4.8034e-017	-9.3457e+000	-6.3477e+000	6.3476e+000	5.2500e-015
-5.280e+000	4.8034e-017	-9.3457e+000	-6.3477e+000	6.3476e+000	5.2500e-015
-5.270e+000	4.8034e-017	-9.3457e+000	-6.3477e+000	6.3476e+000	5.2500e-015
-5.260e+000	4.8034e-017	-9.3457e+000	-6.3477e+000	6.3476e+000	5.2500e-015
-5.250e+000	4.8034e-017	-9.3457e+000	-6.3477e+000	6.3476e+000	5.2500e-015
-5.240e+000	4.8034e-017	-9.3457e+000	-6.3477e+000	6.3476e+000	5.2500e-015
-5.230e+000	4.8034e-017	-9.3457e+000	-6.3477e+000	6.3476e+000	5.2500e-015
-5.220e+000	4.8034e-017	-9.3457e+000	-6.3477e+000	6.3476e+000	5.2500e-015
-5.210e+000	4.8034e-017	-9.3457e+000	-6.3477e+000	6.3476e+000	5.2500e-015
-5.200e+000	4.8034e-017	-9.3457e+000	-6.3477e+000	6.3476e+000	5.2500e-015
-5.190e+000	4.8034e-017	-9.3457e+000	-6.3477e+000	6.3476e+000	5.2500e-015
-5.180e+000	4.8034e-017	-9.3457e+000	-6.3477e+000	6.3476e+000	5.2500e-015
-5.170e+000	4.8034e-017	-9.3457e+000	-6.3477e+000	6.3476e+000	5.2500e-015
-5.160e+000	4.8034e-017	-9.3457e+000	-6.3477e+000	6.3476e+000	5.2500e-015
-5.150e+000	4.8034e-017	-9.3457e+000	-6.3477e+000	6.3476e+000	5.2500e-015
-5.140e+000	4.8034e-017	-9.3457e+000	-6.3477e+000	6.3476e+000	5.2500e-015
-5.130e+000	4.8034e-017	-9.3457e+000	-6.3477e+000	6.3476e+000	5.2500e-015
-5.120e+000	4.8034e-017	-9.3457e+000	-6.3477e+000	6.3476e+000	5.2500e-015
-5.110e+000	4.8034e-017	-9.3457e+000	-6.3477e+000	6.3476e+000	5.2500e-015
-5.100e+000	4.8034e-017	-9.3457e+000	-6.3477e+000	6.3476e+000	5.2500e-015
-5.090e+000	4.8034e-017	-9.3457e+000	-6.3477e+000	6.3476e+000	5.2500e-015
-5.080e+000	4.8034e-017	-9.3457e+000	-6.3477e+000	6.3476e+000	5.2500e-015
-5.070e+000	4.8034e-017	-9.3457e+000	-6.3477e+000	6.3476e+000	5.2500e-015
-5.060e+000	4.8034e-017	-9.3457e+000	-6.3477e+000	6.3476e+000	5.2500e-015
-5.050e+000	4.8034e-017	-9.3457e+000	-6.3477e+000	6.3476e+000	5.2500e-015
-5.040e+000	4.8034e-017	-9.3457e+000	-6.3477e+000	6.3476e+000	5.2500e-015
-5.030e+000	4.8034e-017	-9.3457e+000	-6.3477e+000	6.3476e+000	5.2500e-015
-5.020e+000	4.8034e-017	-9.3457e+000	-6.3477e+000	6.3476e+000	5.2500e-015
-5.010e+000	4.8034e-017	-9.3457e+000	-6.3477e+000	6.3476e+000	5.2500e-015
-5.000e+000	4.8034e-017	-9.3457e+000	-6.3477e+000	6.3476e+000	5.2500e-015
-4.990e+000	4.8034e-017	-9.3457e+000	-6.3477e+000	6.3476e+000	5.2500e-015
-4.980e+000	4.8034e-017	-9.3457e+000	-6.3477e+000	6.3476e+000	5.2500e-015
-4.970e+000	4.8034e-017	-9.3457e+000	-6.3477e+000	6.3476e+000	5.2500e-015
-4.960e+000	4.8034e-017	-9.3457e+000	-6.3477e+000	6.3476e+000	5.2500e-015
-4.950e+000	4.8034e-017	-9.3457e+000	-6.3477e+000	6.3476e+000	5.2500e-015
-4.940e+000	4.8034e-017	-9.3457e+000	-6.3477e+000	6.3476e+000	5.2500e-015
-4.930e+000	4.8034e-017	-9.3457e+000	-6.3477e+000	6.3476e+000	5.2500e-015
-4.920e+000	4.8034e-017	-9.3457e+000	-6.3477e+000	6.3476e+000	5.2500e-015
-4.910e+000	4.8034e-017	-9.3457e+000	-6.3477e+000	6.3476e+000	5.2500e-015
-4.900e+000	4.8034e-017	-9.3457e+000	-6.3477e+000	6.3476e+000	5.2500e-015
-4.890e+000	4.8034e-017	-9.3457e+000	-6.3477e+000	6.3476e+000	5.2500e-015
-4.880e+000	4.8034e-017	-9.3457e+000	-6.3477e+000	6.3476e+000	5.2500e-015
-4.870e+000	4.8034e-017	-9.3457e+000	-6.3477e+000	6.3476e+000	5.2500e-015
-4.860e+000	4.8034e-017	-9.3457e+000	-6.3477e+000	6.3476e+000	5.2500e-015
-4.850e+000	4.8034e-017	-9.3457e+000	-6.3477e+000	6.3476e+000	5.2500e-015
-4.840e+000	4.8034e-017	-9.3457e+000	-6.3477e+000	6.3476e+000	5.2500e-015
-4.830e+000	4.8034e-017	-9.3457e+000	-6.3477e+000	6.3476e+000	5.2500e-015
-4.820e+000	4.8034e-017	-9.3457e+000	-6.3477e+000	6.3476e+000	5.2500e-015
-4.810e+000	4.8034e-017	-9.3457e+000	-6.3477e+000	6.3476e+000	5.2500e-015
-4.800e+000	4.8034e-017	-9.3457e+000	-6.3477e+000	6.3476e+000	5.2500e-015
-4.790e+000	4.8034e-017	-9.3457e+000	-6.3477e+000	6.3476e+000	5.2500e-015
-4.780e+000	4.8034e-017	-9.3457e+000	-6.3477e+000	6.3476e+000	5.2500e-015
-4.770e+000	4.8034e-017	-9.3457e+000	-6.3477e+000	6.3476e+000	5.2500e-015
-4.760e+000	4.8034e-017	-9.3458e+000	-6.3477e+000	6.3476e+000	5.2500e-015
-4.750e+000	4.8035e-017	-9.3458e+000	-6.3477e+000	6.3476e+000	5.2500e-015
-4.740e+000	4.8035e-017	-9.3458e+000	-6.3477e+000	6.3477e+000	5.2500e-015
-4.730e+000	4.8035e-017	-9.3459e+000	-6.3478e+000	6.3477e+000	5.2500e-015
-4.720e+000	4.8036e-017	-9.3460e+000	-6.3479e+000	6.3478e+000	5.2500e-015
-4.710e+000	4.8036e-017	-9.3461e+000	-6.3480e+000	6.3479e+000	5.2500e-015
-4.700e+000	4.8037e-017	-9.3463e+000	-6.3481e+000	6.3480e+000	5.2500e-015
-4.690e+000	4.8039e-017	-9.3467e+000	-6.3483e+000	6.3482e+000	5.2500e-015
-4.680e+000	4.8041e-017	-9.3471e+000	-6.3486e+000	6.3485e+000	5.2500e-015
-4.670e+000	4.8045e-017	-9.3478e+000	-6.3491e+000	6.3490e+000	5.2500e-015
-4.660e+000	4.8050e-017	-9.3487e+000	-6.3497e+000	6.3496e+000	5.2500e-015
-4.650e+000	4.8057e-017	-9.3502e+000	-6.3507e+000	6.3506e+000	5.2500e-015
-4.640e+000	4.8068e-017	-9.3523e+000	-6.3521e+000	6.3520e+000	5.2500e-015
-4.630e+000	4.8084e-017	-9.3554e+000	-6.3542e+000	6.3541e+000	5.2500e-015
-4.620e+000	4.8107e-017	-9.3599e+000	-6.3573e+000	6.3572e+000	5.2500e-015
-4.610e+000	4.8142e-017	-9.3666e+000	-6.3619e+000	6.3618e+000	5.2500e-015
-4.600e+000	4.8192e-017	-9.3765e+000	-6.3686e+000	6.3685e+000	5.2500e-015
-4.590e+000	4.8267e-017	-9.3911e+000	-6.3785e+000	6.3784e+000	5.2500e-015
-4.580e+000	4.8377e-017	-9.4125e+000	-6.3930e+000	6.3929e+000	5.2500e-015
-4.570e+000	4.8539e-017	-9.4440e+000	-6.4144e+000	6.4143e+000	5.2500e-015
-4.560e+000	4.8778e-017	-9.4904e+000	-6.4460e+000	6.4459e+000	5.2500e-015
-4.550e+000	4.9129e-017	-9.5588e+000	-6.4924e+000	6.4923e+000	5.2500e-015
-4.540e+000	4.9646e-017	-9.6594e+000	-6.5607e+000	6.5607e+000	5.2500e-015
-4.530e+000	5.0439e-017	-9.8095e+000	-6.6614e+000	6.6613e+000	5.2500e-015
-4.520e+000	5.1529e-017	-1.0028e+001	-6.8115e+000	6.8094e+000	5.2500e-015
-4.510e+000	5.3180e-017	-1.0349e+001	-7.0296e+000	7.0276e+000	5.2500e-015
-4.500e+000	5.5672e-017	-1.0826e+001	-7.3508e+000	7.3487e+000	5.2500e-015
-4.490e+000	5.9219e-017	-1.1524e+001	-7.8275e+000	7.8216e+000	5.2500e-015
-4.480e+000	6.4471e-017	-1.2550e+001	-8.5256e+000	8.5177e+000	5.2500e-015
-4.470e+000	7.2305e-017	-1.4064e+001	-9.5515e+000	9.5426e+000	5.2500e-015
-4.460e+000	8.3707e-017	-1.6291e+001	-1.1066e+001	1.1052e+001	5.2500e-015
-4.450e+000	1.0060e-016	-1.9572e+001	-1.3293e+001	1.3273e+001	5.2500e-015
-4.440e+000	1.2543e-016	-2.4402e+001	-1.6574e+001	1.6544e+001	5.2500e-015
-4.430e+000	1.6199e-016	-3.1515e+001	-2.1404e+001	2.1360e+001	5.2500e-015
-4.420e+000	2.1581e-016	-4.1986e+001	-2.8516e+001	2.8450e+001	5.2500e-015
-4.410e+000	2.9499e-016	-5.7400e+001	-3.8988e+001	3.8889e+001	5.2500e-015
-4.400e+000	4.1164e-016	-8.0095e+001	-5.4402e+001	5.4257e+001	5.2500e-015
-4.390e+000	5.8339e-016	-1.1351e+002	-7.7097e+001	7.6885e+001	5.2500e-015
-4.380e+000	8.3621e-016	-1.6270e+002	-1.1051e+002	1.1020e+002	5.2500e-015
-4.370e+000	1.2085e-015	-2.3513e+002	-1.5970e+002	1.5925e+002	5.2500e-015
-4.360e+000	1.7565e-015	-3.4177e+002	-2.3213e+002	2.3146e+002	5.2500e-015
-4.350e+000	2.5634e-015	-4.9877e+002	-3.3877e+002	3.3777e+002	5.2500e-015
-4.340e+000	3.7515e-015	-7.2992e+002	-4.9577e+002	4.9430e+002	5.2500e-015
-4.330e+000	5.5005e-015	-1.0702e+003	-7.2692e+002	7.2476e+002	5.2500e-015
-4.320e+000	8.0757e-015	-1.5713e+003	-1.0672e+003	1.0641e+003	5.2500e-015
-4.310e+000	1.1867e-014	-2.3090e+003	-1.5683e+003	1.5636e+003	5.2500e-015
-4.300e+000	1.7449e-014	-3.3950e+003	-2.3060e+003	2.2991e+003	5.2500e-015
-4.290e+000	2.5667e-014	-4.9940e+003	-3.3920e+003	3.3819e+003	5.2500e-015
-4.280e+000	3.7767e-014	-7.3483e+003	-4.9910e+003	4.9761e+003	5.2500e-015
-4.270e+000	5.5581e-014	-1.0814e+004	-7.3453e+003	7.3233e+003	5.2500e-015
-4.260e+000	8.1808e-014	-1.5917e+004	-1.0811e+004	1.0779e+004	5.2500e-015
-4.250e+000	1.2042e-013	-2.3430e+004	-1.5914e+004	1.5867e+004	5.2500e-015
-4.240e+000	1.7727e-013	-3.4492e+004	-2.3427e+004	2.3357e+004	5.2500e-015
-4.230e+000	2.6097e-013	-5.0778e+004	-3.4489e+004	3.4386e+004	5.2500e-015
-4.220e+000	3.8420e-013	-7.4755e+004	-5.0775e+004	5.0623e+004	5.2500e-015
-4.210e+000	5.6563e-013	-1.1006e+005	-7.4752e+004	7.4528e+004	5.2500e-015
-4.200e+000	8.3273e-013	-1.6203e+005	-1.1005e+005	1.0972e+005	5.2500e-015
-4.190e+000	1.2260e-012	-2.3854e+005	-1.6202e+005	1.6154e+005	5.2500e-015
-4.180e+000	1.8049e-012	-3.5119e+005	-2.3854e+005	2.3783e+005	5.2500e-015
-4.170e+000	2.6572e-012	-5.1704e+005	-3.5119e+005	3.5014e+005	5.2500e-015
-4.160e+000	3.9120e-012	-7.6121e+005	-5.1704e+005	5.1549e+005	5.2500e-015
-4.150e+000	5.7590e-012	-1.1207e+006	-7.6120e+005	7.5892e+005	5.2500e-015
-4.140e+000	8.4779e-012	-1.6498e+006	-1.1206e+006	1.1173e+006	5.2500e-015
-4.130e+000	1.2480e-011	-2.4287e+006	-1.6498e+006	1.6449e+006	5.2500e-015
-4.120e+000	1.8368e-011	-3.5752e+006	-2.4287e+006	2.4214e+006	5.2500e-015
-4.110e+000	2.7033e-011	-5.2624e+006	-3.5752e+006	3.5645e+006	5.2500e-015
-4.100e+000	3.9776e-011	-7.7450e+006	-5.2624e+006	5.2466e+006	5.2500e-015
-4.090e+000	5.8511e-011	-1.1397e+007	-7.7450e+006	7.7218e+006	5.2500e-015
-4.080e+000	8.6035e-011	-1.6767e+007	-1.1397e+007	1.1363e+007	5.2500e-015
-4.070e+000	1.2643e-010	-2.4658e+007	-1.6767e+007	1.6717e+007	5.2500e-015
-4.060e+000	1.8563e-010	-3.6244e+007	-2.4658e+007	2.4584e+007	5.2500e-015
-4.050e+000	2.7220e-010	-5.3234e+007	-3.6244e+007	3.6136e+007	5.2500e-015
-4.040e+000	3.9841e-010	-7.8100e+007	-5.3234e+007	5.3075e+007	5.2500e-015
-4.030e+000	5.8157e-010	-1.1440e+008	-7.8100e+007	7.7868e+007	5.2500e-015
-4.020e+000	8.4568e-010	-1.6718e+008	-1.1440e+008	1.1406e+008	5.2500e-015
-4.010e+000	1.2231e-009	-2.4352e+008	-1.6718e+008	1.6669e+008	5.2500e-015
-4.000e+000	1.7557e-009	-3.5310e+008	-2.4352e+008	2.4280e+008	5.2500e-015
-3.990e+000	2.4947e-009	-5.0881e+008	-3.5310e+008	3.5207e+008	5.2500e-015
-3.980e+000	3.4977e-009	-7.2711e+008	-5.0881e+008	5.0733e+008	5.2500e-015
-3.970e+000	4.8223e-009	-1.0281e+009	-7.2711e+008	7.2503e+008	5.2500e-015
-3.960e+000	6.5169e-009	-1.4349e+009	-1.0281e+009	1.0252e+009	5.2500e-015
-3.950e+000	8.6114e-009	-1.9723e+009	-1.4349e+009	1.4309e+009	5.2500e-015
-3.940e+000	1.1114e-008	-2.6660e+009	-1.9723e+009	1.9671e+009	5.2500e-015
-3.930e+000	1.4018e-008	-3.5410e+009	-2.6660e+009	2.6592e+009	5.2500e-015
-3.920e+000	1.7312e-008	-4.6215e+009	-3.5410e+009	3.5323e+009	5.2500e-015
-3.910e+000	2.0994e-008	-5.9319e+009	-4.6215e+009	4.6108e+009	5.2500e-015
-3.900e+000	2.5080e-008	-7.4973e+009	-5.9319e+009	5.9191e+009	5.2500e-015
-3.890e+000	2.9600e-008	-9.3447e+009	-7.4973e+009	7.4822e+009	5.2500e-015
-3.880e+000	3.4593e-008	-1.1504e+010	-9.3447e+009	9.3274e+009	5.2500e-015
-3.870e+000	4.0100e-008	-1.4007e+010	-1.1504e+010	1.1484e+010	5.2500e-015
-3.860e+000	4.6152e-008	-1.6887e+010	-1.4007e+010	1.3985e+010	5.2500e-015
-3.850e+000	5.2764e-008	-2.0180e+010	-1.6887e+010	1.6864e+010	5.2500e-015
-3.840e+000	5.9931e-008	-2.3921e+010	-2.0180e+010	2.0155e+010	5.2500e-015
-3.830e+000	6.7621e-008	-2.8142e+010	-2.3921e+010	2.3894e+010	5.2500e-015
-3.820e+000	7.5780e-008	-3.2871e+010	-2.8142e+010	2.8113e+010	5.2500e-015
-3.810e+000	8.4332e-008	-3.8135e+010	-3.2871e+010	3.2842e+010	5.2500e-015
-3.800e+000	9.3184e-008	-4.3951e+010	-3.8135e+010	3.8104e+010	5.2500e-015
-3.790e+000	1.0223e-007	-5.0332e+010	-4.3951e+010	4.3919e+010	5.2500e-015
-3.780e+000	1.1137e-007	-5.7283e+010	-5.0332e+010	5.0299e+010	5.2500e-015
-3.770e+000	1.2050e-007	-6.4805e+010	-5.7283e+010	5.7250e+010	5.2500e-015
-3.760e+000	1.2953e-007	-7.2889e+010	-6.4805e+010	6.4770e+010	5.2500e-015
-3.750e+000	1.3837e-007	-8.1525e+010	-7.2889e+010	7.2854e+010	5.2500e-015
-3.740e+000	1.4695e-007	-9.0697e+010	-8.1525e+010	8.1490e+010	5.2500e-015
-3.730e+000	1.5522e-007	-1.0039e+011	-9.0697e+010	9.0661e+010	5.2500e-015
-3.720e+000	1.6293e-007	-1.1055e+011	-1.0039e+011	1.0035e+011	5.2500e-015
-3.710e+000	1.7018e-007	-1.2118e+011	-1.1055e+011	1.1052e+011	5.2500e-015
-3.700e+000	1.7726e-007	-1.3224e+011	-1.2118e+011	1.2114e+011	5.2500e-015
-3.690e+000	1.8397e-007	-1.4372e+011	-1.3224e+011	1.3220e+011	5.2500e-015
-3.680e+000	1.9041e-007	-1.5561e+011	-1.4372e+011	1.4369e+011	5.2500e-015
-3.670e+000	1.9623e-007	-1.6785e+011	-1.5561e+011	1.5557e+011	5.2500e-015
-3.660e+000	2.0190e-007	-1.8046e+011	-1.6785e+011	1.6782e+011	5.2500e-015
-3.650e+000	2.0712e-007	-1.9338e+011	-1.8046e+011	1.8042e+011	5.2500e-015
-3.640e+000	2.1200e-007	-2.0662e+011	-1.9338e+011	1.9335e+011	5.2500e-015
-3.630e+000	2.1657e-007	-2.2013e+011	-2.0662e+011	2.0658e+011	5.2500e-015
-3.620e+000	2.2091e-007	-2.3392e+011	-2.2013e+011	2.2010e+011	5.2500e-015
-3.610e+000	2.2484e-007	-2.4796e+011	-2.3392e+011	2.3388e+011	5.2500e-015
-3.600e+000	2.2859e-007	-2.6222e+011	-2.4796e+011	2.4792e+011	5.2500e-015
-3.590e+000	2.3214e-007	-2.7671e+011	-2.6222e+011	2.6218e+011	5.2500e-015
-3.580e+000	2.3537e-007	-2.9140e+011	-2.7671e+011	2.7667e+011	5.2500e-015
-3.570e+000	2.3848e-007	-3.0629e+011	-2.9140e+011	2.9136e+011	5.2500e-015
-3.560e+000	2.4136e-007	-3.2135e+011	-3.0629e+011	3.0625e+011	5.2500e-015
-3.550e+000	2.4402e-007	-3.3658e+011	-3.2135e+011	3.2131e+011	5.2500e-015
-3.540e+000	2.4659e-007	-3.5197e+011	-3.3658e+011	3.3654e+011	5.2500e-015
-3.530e+000	2.4895e-007	-3.6751e+011	-3.5197e+011	3.5193e+011	5.2500e-015
-3.520e+000	2.5122e-007	-3.8319e+011	-3.6751e+011	3.6747e+011	5.2500e-015
-3.510e+000	2.5332e-007	-3.9900e+011	-3.8319e+011	3.8315e+011	5.2500e-015
-3.500e+000	2.5531e-007	-4.1494e+011	-3.9900e+011	3.9896e+011	5.2500e-015
-3.490e+000	2.5716e-007	-4.3099e+011	-4.1494e+011	4.1490e+011	5.2500e-015
-3.480e+000	2.5895e-007	-4.4715e+011	-4.3099e+011	4.3095e+011	5.2500e-015
-3.470e+000	2.6062e-007	-4.6342e+011	-4.4715e+011	4.4711e+011	5.2500e-015
-3.460e+000	2.6220e-007	-4.7978e+011	-4.6342e+011	4.6338e+011	5.2500e-015
-3.450e+000	2.6367e-007	-4.9624e+011	-4.7978e+011	4.7974e+011	5.2500e-015
-3.440e+000	2.6510e-007	-5.1279e+011	-4.9624e+011	4.9620e+011	5.2500e-015
-3.430e+000	2.6644e-007	-5.2942e+011	-5.1279e+011	5.1275e+011	5.2500e-015
-3.420e+000	2.6771e-007	-5.4612e+011	-5.2942e+011	5.2938e+011	5.2500e-015
-3.410e+000	2.6892e-007	-5.6291e+011	-5.4612e+011	5.4608e+011	5.2500e-015
-3.400e+000	2.7007e-007	-5.7977e+011	-5.6291e+011	5.6287e+011	5.2500e-015
-3.390e+000	2.7114e-007	-5.9669e+011	-5.7977e+011	5.7973e+011	5.2500e-015
-3.380e+000	2.7219e-007	-6.1368e+011	-5.9669e+011	5.9665e+011	5.2500e-015
-3.370e+000	2.7318e-007	-6.3073e+011	-6.1368e+011	6.1364e+011	5.2500e-015
-3.360e+000	2.7412e-007	-6.4784e+011	-6.3073e+011	6.3069e+011	5.2500e-015
-3.350e+000	2.7502e-007	-6.6500e+011	-6.4784e+011	6.4780e+011	5.2500e-015
-3.340e+000	2.7588e-007	-6.8222e+011	-6.6500e+011	6.6496e+011	5.2500e-015
-3.330e+000	2.7669e-007	-6.9949e+011	-6.8222e+011	6.8218e+011	5.2500e-015
-3.320e+000	2.7748e-007	-7.1681e+011	-6.9949e+011	6.9945e+011	5.2500e-015
-3.310e+000	2.7822e-007	-7.3417e+011	-7.1681e+011	7.1677e+011	5.2500e-015
-3.300e+000	2.7894e-007	-7.5158e+011	-7.3417e+011	7.3414e+011	5.2500e-015
-3.290e+000	2.7962e-007	-7.6904e+011	-7.5158e+011	7.5155e+011	5.2500e-015
-3.280e+000	2.8028e-007	-7.8653e+011	-7.6904e+011	7.6900e+011	5.2500e-015
-3.270e+000	2.8091e-007	-8.0406e+011	-7.8653e+011	7.8649e+011	5.2500e-015
-3.260e+000	2.8151e-007	-8.2164e+011	-8.0406e+011	8.0402e+011	5.2500e-015
-3.250e+000	2.8209e-007	-8.3924e+011	-8.2164e+011	8.2160e+011	5.2500e-015
-3.240e+000	2.8265e-007	-8.5688e+011	-8.3924e+011	8.3920e+011	5.2500e-015
-3.230e+000	2.8319e-007	-8.7456e+011	-8.5688e+011	8.5684e+011	5.2500e-015
-3.220e+000	2.8370e-007	-8.9227e+011	-8.7456e+011	8.7452e+011	5.2500e-015
-3.210e+000	2.8420e-007	-9.1000e+011	-8.9227e+011	8.9223e+011	5.2500e-015
-3.200e+000	2.8467e-007	-9.2777e+011	-9.1000e+011	9.0996e+011	5.2500e-015
-3.190e+000	2.8513e-007	-9.4557e+011	-9.2777e+011	9.2773e+011	5.2500e-015
-3.180e+000	2.8558e-007	-9.6339e+011	-9.4557e+011	9.4553e+011	5.2500e-015
-3.170e+000	2.8600e-007	-9.8124e+011	-9.6339e+011	9.6335e+011	5.2500e-015
-3.160e+000	2.8641e-007	-9.9912e+011	-9.8124e+011	9.8120e+011	5.2500e-015
-3.150e+000	2.8681e-007	-1.0170e+012	-9.9912e+011	9.9908e+011	5.2500e-015
-3.140e+000	2.8719e-007	-1.0349e+012	-1.0170e+012	1.0170e+012	5.2500e-015
-3.130e+000	2.8757e-007	-1.0529e+012	-1.0349e+012	1.0349e+012	5.2500e-015
-3.120e+000	2.8792e-007	-1.0709e+012	-1.0529e+012	1.0529e+012	5.2500e-015
-3.110e+000	2.8827e-007	-1.0889e+012	-1.0709e+012	1.0708e+012	5.2500e-015
-3.100e+000	2.8860e-007	-1.1069e+012	-1.0889e+012	1.0888e+012	5.2500e-015
-3.090e+000	2.8893e-007	-1.1249e+012	-1.1069e+012	1.1068e+012	5.2500e-015
-3.080e+000	2.8924e-007	-1.1430e+012	-1.1249e+012	1.1249e+012	5.2500e-015
-3.070e+000	2.8955e-007	-1.1610e+012	-1.1430e+012	1.1429e+012	5.2500e-015
-3.060e+000	2.8984e-007	-1.1791e+012	-1.1610e+012	1.1610e+012	5.2500e-015
-3.050e+000	2.9013e-007	-1.1972e+012	-1.1791e+012	1.1791e+012	5.2500e-015
-3.040e+000	2.9040e-007	-1.2154e+012	-1.1972e+012	1.1972e+012	5.2500e-015
-3.030e+000	2.9067e-007	-1.2335e+012	-1.2154e+012	1.2153e+012	5.2500e-015
-3.020e+000	2.9093e-007	-1.2517e+012	-1.2335e+012	1.2335e+012	5.2500e-015
-3.010e+000	2.9119e-007	-1.2698e+012	-1.2517e+012	1.2516e+012	5.2500e-015
-3.000e+000	2.9143e-007	-1.2880e+012	-1.2698e+012	1.2698e+012	5.2500e-015
-2.990e+000	2.9167e-007	-1.3062e+012	-1.2880e+012	1.2880e+012	5.2500e-015
-2.980e+000	2.9191e-007	-1.3244e+012	-1.3062e+012	1.3062e+012	5.2500e-015
-2.970e+000	2.9213e-007	-1.3427e+012	-1.3244e+012	1.3244e+012	5.2500e-015
-2.960e+000	2.9235e-007	-1.3609e+012	-1.3427e+012	1.3426e+012	5.2500e-015
-2.950e+000	2.9257e-007	-1.3792e+012	-1.3609e+012	1.3609e+012	5.2500e-015
-2.940e+000	2.9277e-007	-1.3975e+012	-1.3792e+012	1.3791e+012	5.2500e-015
-2.930e+000	2.9298e-007	-1.4157e+012	-1.3975e+012	1.3974e+012	5.2500e-015
-2.920e+000	2.9317e-007	-1.4340e+012	-1.4157e+012	1.4157e+012	5.2500e-015
-2.910e+000	2.9337e-007	-1.4524e+012	-1.4340e+012	1.4340e+012	5.2500e-015
-2.900e+000	2.9355e-007	-1.4707e+012	-1.4524e+012	1.4523e+012	5.2500e-015
-2.890e+000	2.9374e-007	-1.4890e+012	-1.4707e+012	1.4706e+012	5.2500e-015
-2.880e+000	2.9391e-007	-1.5074e+012	-1.4890e+012	1.4890e+012	5.2500e-015
-2.870e+000	2.9409e-007	-1.5257e+012	-1.5074e+012	1.5073e+012	5.2500e-015
-2.860e+000	2.9426e-007	-1.5441e+012	-1.5257e+012	1.5257e+012	5.2500e-015
-2.850e+000	2.9442e-007	-1.5625e+012	-1.5441e+012	1.5440e+012	5.2500e-015
-2.840e+000	2.9459e-007	-1.5808e+012	-1.5625e+012	1.5624e+012	5.2500e-015
-2.830e+000	2.9474e-007	-1.5992e+012	-1.5808e+012	1.5808e+012	5.2500e-015
-2.820e+000	2.9490e-007	-1.6176e+012	-1.5992e+012	1.5992e+012	5.2500e-015
-2.810e+000	2.9505e-007	-1.6361e+012	-1.6176e+012	1.6176e+012	5.2500e-015
-2.800e+000	2.9520e-007	-1.6545e+012	-1.6361e+012	1.6360e+012	5.2500e-015
-2.790e+000	2.9534e-007	-1.6729e+012	-1.6545e+012	1.6544e+012	5.2500e-015
-2.780e+000	2.9548e-007	-1.6914e+012	-1.6729e+012	1.6729e+012	5.2500e-015
-2.770e+000	2.9562e-007	-1.7098e+012	-1.6914e+012	1.6913e+012	5.2500e-015
-2.760e+000	2.9575e-007	-1.7283e+012	-1.7098e+012	1.7098e+012	5.2500e-015
-2.750e+000	2.9588e-007	-1.7467e+012	-1.7283e+012	1.7282e+012	5.2500e-015
-2.740e+000	2.9601e-007	-1.7652e+012	-1.7467e+012	1.7467e+012	5.2500e-015
-2.730e+000	2.9614e-007	-1.7837e+012	-1.7652e+012	1.7652e+012	5.2500e-015
-2.720e+000	2.9626e-007	-1.8022e+012	-1.7837e+012	1.7837e+012	5.2500e-015
-2.710e+000	2.9638e-007	-1.8207e+012	-1.8022e+012	1.8021e+012	5.2500e-015
-2.700e+000	2.9650e-007	-1.8392e+012	-1.8207e+012	1.8206e+012	5.2500e-015
-2.690e+000	2.9662e-007	-1.8577e+012	-1.8392e+012	1.8391e+012	5.2500e-015
-2.680e+000	2.9673e-007	-1.8762e+012	-1.8577e+012	1.8577e+012	5.2500e-015
-2.670e+000	2.9684e-007	-1.8948e+012	-1.8762e+012	1.8762e+012	5.2500e-015
-2.660e+000	2.9696e-007	-1.9133e+012	-1.8948e+012	1.8947e+012	5.2500e-015
-2.650e+000	2.9706e-007	-1.9318e+012	-1.9133e+012	1.9132e+012	5.2500e-015
-2.640e+000	2.9717e-007	-1.9504e+012	-1.9318e+012	1.9318e+012	5.2500e-015
-2.630e+000	2.9727e-007	-1.9689e+012	-1.9504e+012	1.9503e+012	5.2500e-015
-2.620e+000	2.9737e-007	-1.9875e+012	-1.9689e+012	1.9689e+012	5.2500e-015
-2.610e+000	2.9747e-007	-2.0061e+012	-1.9875e+012	1.9874e+012	5.2500e-015
-2.600e+000	2.9757e-007	-2.0246e+012	-2.0061e+012	2.0060e+012	5.2500e-015
-2.590e+000	2.9767e-007	-2.0432e+012	-2.0246e+012	2.0246e+012	5.2500e-015
-2.580e+000	2.9776e-007	-2.0618e+012	-2.0432e+012	2.0432e+012	5.2500e-015
-2.570e+000	2.9785e-007	-2.0804e+012	-2.0618e+012	2.0618e+012	5.2500e-015
-2.560e+000	2.9795e-007	-2.0990e+012	-2.0804e+012	2.0803e+012	5.2500e-015
-2.550e+000	2.9804e-007	-2.1176e+012	-2.0990e+012	2.0989e+012	5.2500e-015
-2.540e+000	2.9812e-007	-2.1362e+012	-2.1176e+012	2.1175e+012	5.2500e-015
-2.530e+000	2.9821e-007	-2.1548e+012	-2.1362e+012	2.1361e+012	5.2500e-015
-2.520e+000	2.9829e-007	-2.1734e+012	-2.1548e+012	2.1548e+012	5.2500e-015
-2.510e+000	2.9838e-007	-2.1920e+012	-2.1734e+012	2.1734e+012	5.2500e-015
-2.500e+000	2.9846e-007	-2.2107e+012	-2.1920e+012	2.1920e+012	5.2500e-015
-2.490e+000	2.9854e-007	-2.2293e+012	-2.2107e+012	2.2106e+012	5.2500e-015
-2.480e+000	2.9862e-007	-2.2479e+012	-2.2293e+012	2.2293e+012	5.2500e-015
-2.470e+000	2.9870e-007	-2.2666e+012	-2.2479e+012	2.2479e+012	5.2500e-015
-2.460e+000	2.9878e-007	-2.2852e+012	-2.2666e+012	2.2665e+012	5.2500e-015
-2.450e+000	2.9885e-007	-2.3039e+012	-2.2852e+012	2.2852e+012	5.2500e-015
-2.440e+000	2.9893e-007	-2.3225e+012	-2.3039e+012	2.3038e+012	5.2500e-015
-2.430e+000	2.9900e-007	-2.3412e+012	-2.3225e+012	2.3225e+012	5.2500e-015
-2.420e+000	2.9907e-007	-2.3599e+012	-2.3412e+012	2.3412e+012	5.2500e-015
-2.410e+000	2.9914e-007	-2.3785e+012	-2.3599e+012	2.3598e+012	5.2500e-015
-2.400e+000	2.9921e-007	-2.3972e+012	-2.3785e+012	2.3785e+012	5.2500e-015
-2.390e+000	2.9928e-007	-2.4159e+012	-2.3972e+012	2.3972e+012	5.2500e-015
-2.380e+000	2.9935e-007	-2.4346e+012	-2.4159e+012	2.4159e+012	5.2500e-015
-2.370e+000	2.9942e-007	-2.4533e+012	-2.4346e+012	2.4345e+012	5.2500e-015
-2.360e+000	2.9949e-007	-2.4720e+012	-2.4533e+012	2.4532e+012	5.2500e-015
-2.350e+000	2.9955e-007	-2.4907e+012	-2.4720e+012	2.4719e+012	5.2500e-015
-2.340e+000	2.9962e-007	-2.5094e+012	-2.4907e+012	2.4906e+012	5.2500e-015
-2.330e+000	2.9968e-007	-2.5281e+012	-2.5094e+012	2.5093e+012	5.2500e-015
-2.320e+000	2.9974e-007	-2.5468e+012	-2.5281e+012	2.5280e+012	5.2500e-015
-2.310e+000	2.9980e-007	-2.5655e+012	-2.5468e+012	2.5467e+012	5.2500e-015
-2.300e+000	2.9986e-007	-2.5842e+012	-2.5655e+012	2.5654e+012	5.2500e-015
-2.290e+000	2.9992e-007	-2.6029e+012	-2.5842e+012	2.5842e+012	5.2500e-015
-2.280e+000	2.9998e-007	-2.6216e+012	-2.6029e+012	2.6029e+012	5.2500e-015
-2.270e+000	3.0004e-007	-2.6404e+012	-2.6216e+012	2.6216e+012	5.2500e-015
-2.260e+000	3.0010e-007	-2.6591e+012	-2.6404e+012	2.6403e+012	5.2500e-015
-2.250e+000	3.0016e-007	-2.6778e+012	-2.6591e+012	2.6591e+012	5.2500e-015
-2.240e+000	3.0021e-007	-2.6966e+012	-2.6778e+012	2.6778e+012	5.2500e-015
-2.230e+000	3.0027e-007	-2.7153e+012	-2.6966e+012	2.6965e+012	5.2500e-015
-2.220e+000	3.0032e-007	-2.7341e+012	-2.7153e+012	2.7153e+012	5.2500e-015
-2.210e+000	3.0038e-007	-2.7528e+012	-2.7341e+012	2.7340e+012	5.2500e-015
-2.200e+000	3.0043e-007	-2.7716e+012	-2.7528e+012	2.7528e+012	5.2500e-015
-2.190e+000	3.0048e-007	-2.7903e+012	-2.7716e+012	2.7715e+012	5.2500e-015
-2.180e+000	3.0054e-007	-2.8091e+012	-2.7903e+012	2.7903e+012	5.2500e-015
-2.170e+000	3.0059e-007	-2.8278e+012	-2.8091e+012	2.8090e+012	5.2500e-015
-2.160e+000	3.0064e-007	-2.8466e+012	-2.8278e+012	2.8278e+012	5.2500e-015
-2.150e+000	3.0069e-007	-2.8654e+012	-2.8466e+012	2.8466e+012	5.2500e-015
-2.140e+000	3.0074e-007	-2.8841e+012	-2.8654e+012	2.8653e+012	5.2500e-015
-2.130e+000	3.0079e-007	-2.9029e+012	-2.8841e+012	2.8841e+012	5.2500e-015
-2.120e+000	3.0084e-007	-2.9217e+012	-2.9029e+012	2.9029e+012	5.2500e-015
-2.110e+000	3.0088e-007	-2.9405e+012	-2.9217e+012	2.9216e+012	5.2500e-015
-2.100e+000	3.0093e-007	-2.9592e+012	-2.9405e+012	2.9404e+012	5.2500e-015
-2.090e+000	3.0098e-007	-2.9780e+012	-2.9592e+012	2.9592e+012	5.2500e-015
-2.080e+000	3.0102e-007	-2.9968e+012	-2.9780e+012	2.9780e+012	5.2500e-015
-2.070e+000	3.0107e-007	-3.0156e+012	-2.9968e+012	2.9968e+012	5.2500e-015
-2.060e+000	3.0111e-007	-3.0344e+012	-3.0156e+012	3.0156e+012	5.2500e-015
-2.050e+000	3.0116e-007	-3.0532e+012	-3.0344e+012	3.0344e+012	5.2500e-015
-2.040e+000	3.0121e-007	-3.0720e+012	-3.0532e+012	3.0532e+012	5.2500e-015
-2.030e+000	3.0125e-007	-3.0908e+012	-3.0720e+012	3.0720e+012	5.2500e-015
-2.020e+000	3.0129e-007	-3.1096e+012	-3.0908e+012	3.0908e+012	5.2500e-015
-2.010e+000	3.0134e-007	-3.1284e+012	-3.1096e+012	3.1096e+012	5.2500e-015
-2.000e+000	3.0138e-007	-3.1472e+012	-3.1284e+012	3.1284e+012	5.2500e-015
-1.990e+000	3.0142e-007	-3.1660e+012	-3.1472e+012	3.1472e+012	5.2500e-015
-1.980e+000	3.0146e-007	-3.1849e+012	-3.1660e+012	3.1660e+012	5.2500e-015
-1.970e+000	3.0150e-007	-3.2037e+012	-3.1849e+012	3.1848e+012	5.2500e-015
-1.960e+000	3.0154e-007	-3.2225e+012	-3.2037e+012	3.2036e+012	5.2500e-015
-1.950e+000	3.0158e-007	-3.2413e+012	-3.2225e+012	3.2225e+012	5.2500e-015
-1.940e+000	3.0162e-007	-3.2601e+012	-3.2413e+012	3.2413e+012	5.2500e-015
-1.930e+000	3.0166e-007	-3.2790e+012	-3.2601e+012	3.2601e+012	5.2500e-015
-1.920e+000	3.0170e-007	-3.2978e+012	-3.2790e+012	3.2789e+012	5.2500e-015
-1.910e+000	3.0174e-007	-3.3166e+012	-3.2978e+012	3.2978e+012	5.2500e-015
-1.900e+000	3.0178e-007	-3.3355e+012	-3.3166e+012	3.3166e+012	5.2500e-015
-1.890e+000	3.0182e-007	-3.3543e+012	-3.3355e+012	3.3354e+012	5.2500e-015
-1.880e+000	3.0186e-007	-3.3732e+012	-3.3543e+012	3.3543e+012	5.2500e-015
-1.870e+000	3.0189e-007	-3.3920e+012	-3.3732e+012	3.3731e+012	5.2500e-015
-1.860e+000	3.0193e-007	-3.4108e+012	-3.3920e+012	3.3920e+012	5.2500e-015
-1.850e+000	3.0197e-007	-3.4297e+012	-3.4108e+012	3.4108e+012	5.2500e-015
-1.840e+000	3.0200e-007	-3.4485e+012	-3.4297e+012	3.4296e+012	5.2500e-015
-1.830e+000	3.0204e-007	-3.4674e+012	-3.4485e+012	3.4485e+012	5.2500e-015
-1.820e+000	3.0207e-007	-3.4862e+012	-3.4674e+012	3.4674e+012	5.2500e-015
-1.810e+000	3.0211e-007	-3.5051e+012	-3.4862e+012	3.4862e+012	5.2500e-015
-1.800e+000	3.0214e-007	-3.5240e+012	-3.5051e+012	3.5051e+012	5.2500e-015
-1.790e+000	3.0218e-007	-3.5428e+012	-3.5240e+012	3.5239e+012	5.2500e-015
-1.780e+000	3.0221e-007	-3.5617e+012	-3.5428e+012	3.5428e+012	5.2500e-015
-1.770e+000	3.0225e-007	-3.5805e+012	-3.5617e+012	3.5616e+012	5.2500e-015
-1.760e+000	3.0228e-007	-3.5994e+012	-3.5805e+012	3.5805e+012	5.2500e-015
-1.750e+000	3.0231e-007	-3.6183e+012	-3.5994e+012	3.5994e+012	5.2500e-015
-1.740e+000	3.0235e-007	-3.6372e+012	-3.6183e+012	3.6182e+012	5.2500e-015
-1.730e+000	3.0238e-007	-3.6560e+012	-3.6372e+012	3.6371e+012	5.2500e-015
-1.720e+000	3.0241e-007	-3.6749e+012	-3.6560e+012	3.6560e+012	5.2500e-015
-1.710e+000	3.0245e-007	-3.6938e+012	-3.6749e+012	3.6749e+012	5.2500e-015
-1.700e+000	3.0248e-007	-3.7127e+012	-3.6938e+012	3.6937e+012	5.2500e-015
-1.690e+000	3.0251e-007	-3.7315e+012	-3.7127e+012	3.7126e+012	5.2500e-015
-1.680e+000	3.0254e-007	-3.7504e+012	-3.7315e+012	3.7315e+012	5.2500e-015
-1.670e+000	3.0257e-007	-3.7693e+012	-3.7504e+012	3.7504e+012	5.2500e-015
-1.660e+000	3.0260e-007	-3.7882e+012	-3.7693e+012	3.7693e+012	5.2500e-015
-1.650e+000	3.0263e-007	-3.8071e+012	-3.7882e+012	3.7882e+012	5.2500e-015
-1.640e+000	3.0266e-007	-3.8260e+012	-3.8071e+012	3.8070e+012	5.2500e-015
-1.630e+000	3.0270e-007	-3.8449e+012	-3.8260e+012	3.8259e+012	5.2500e-015
-1.620e+000	3.0273e-007	-3.8638e+012	-3.8449e+012	3.8448e+012	5.2500e-015
-1.610e+000	3.0275e-007	-3.8827e+012	-3.8638e+012	3.8637e+012	5.2500e-015
-1.600e+000	3.0278e-007	-3.9016e+012	-3.8827e+012	3.8826e+012	5.2500e-015
-1.590e+000	3.0281e-007	-3.9205e+012	-3.9016e+012	3.9015e+012	5.2500e-015
-1.580e+000	3.0284e-007	-3.9394e+012	-3.9205e+012	3.9204e+012	5.2500e-015
-1.570e+000	3.0287e-007	-3.9583e+012	-3.9394e+012	3.9393e+012	5.2500e-015
-1.560e+000	3.0290e-007	-3.9772e+012	-3.9583e+012	3.9582e+012	5.2500e-015
-1.550e+000	3.0293e-007	-3.9961e+012	-3.9772e+012	3.9771e+012	5.2500e-015
-1.540e+000	3.0296e-007	-4.0150e+012	-3.9961e+012	3.9960e+012	5.2500e-015
-1.530e+000	3.0298e-007	-4.0339e+012	-4.0150e+012	4.0149e+012	5.2500e-015
-1.520e+000	3.0301e-007	-4.0528e+012	-4.0339e+012	4.0339e+012	5.2500e-015
-1.510e+000	3.0304e-007	-4.0717e+012	-4.0528e+012	4.0528e+012	5.2500e-015
-1.500e+000	3.0307e-007	-4.0906e+012	-4.0717e+012	4.0717e+012	5.2500e-015
-1.490e+000	3.0309e-007	-4.1096e+012	-4.0906e+012	4.0906e+012	5.2500e-015
-1.480e+000	3.0312e-007	-4.1285e+012	-4.1096e+012	4.1095e+012	5.2500e-015
-1.470e+000	3.0315e-007	-4.1474e+012	-4.1285e+012	4.1284e+012	5.2500e-015
-1.460e+000	3.0318e-007	-4.1663e+012	-4.1474e+012	4.1474e+012	5.2500e-015
-1.450e+000	3.0320e-007	-4.1852e+012	-4.1663e+012	4.1663e+012	5.2500e-015
-1.440e+000	3.0323e-007	-4.2042e+012	-4.1852e+012	4.1852e+012	5.2500e-015
-1.430e+000	3.0325e-007	-4.2231e+012	-4.2042e+012	4.2041e+012	5.2500e-015
-1.420e+000	3.0328e-007	-4.2420e+012	-4.2231e+012	4.2231e+012	5.2500e-015
-1.410e+000	3.0331e-007	-4.2610e+012	-4.2420e+012	4.2420e+012	5.2500e-015
-1.400e+000	3.0333e-007	-4.2799e+012	-4.2610e+012	4.2609e+012	5.2500e-015
-1.390e+000	3.0336e-007	-4.2988e+012	-4.2799e+012	4.2798e+012	5.2500e-015
-1.380e+000	3.0338e-007	-4.3178e+012	-4.2988e+012	4.2988e+012	5.2500e-015
-1.370e+000	3.0341e-007	-4.3367e+012	-4.3178e+012	4.3177e+012	5.2500e-015
-1.360e+000	3.0343e-007	-4.3556e+012	-4.3367e+012	4.3367e+012	5.2500e-015
-1.350e+000	3.0346e-007	-4.3746e+012	-4.3556e+012	4.3556e+012	5.2500e-015
-1.340e+000	3.0348e-007	-4.3935e+012	-4.3746e+012	4.3745e+012	5.2500e-015
-1.330e+000	3.0350e-007	-4.4125e+012	-4.3935e+012	4.3935e+012	5.2500e-015
-1.320e+000	3.0353e-007	-4.4314e+012	-4.4125e+012	4.4124e+012	5.2500e-015
-1.310e+000	3.0355e-007	-4.4504e+012	-4.4314e+012	4.4314e+012	5.2500e-015
-1.300e+000	3.0358e-007	-4.4693e+012	-4.4504e+012	4.4503e+012	5.2500e-015
-1.290e+000	3.0360e-007	-4.4882e+012	-4.4693e+012	4.4693e+012	5.2500e-015
-1.280e+000	3.0362e-007	-4.5072e+012	-4.4882e+012	4.4882e+012	5.2500e-015
-1.270e+000	3.0365e-007	-4.5262e+012	-4.5072e+012	4.5072e+012	5.2500e-015
-1.260e+000	3.0367e-007	-4.5451e+012	-4.5262e+012	4.5261e+012	5.2500e-015
-1.250e+000	3.0369e-007	-4.5641e+012	-4.5451e+012	4.5451e+012	5.2500e-015
-1.240e+000	3.0372e-007	-4.5830e+012	-4.5641e+012	4.5640e+012	5.2500e-015
-1.230e+000	3.0374e-007	-4.6020e+012	-4.5830e+012	4.5830e+012	5.2500e-015
-1.220e+000	3.0376e-007	-4.6209e+012	-4.6020e+012	4.6019e+012	5.2500e-015
-1.210e+000	3.0378e-007	-4.6399e+012	-4.6209e+012	4.6209e+012	5.2500e-015
-1.200e+000	3.0381e-007	-4.6589e+012	-4.6399e+012	4.6399e+012	5.2500e-015
-1.190e+000	3.0383e-007	-4.6778e+012	-4.6589e+012	4.6588e+012	5.2500e-015
-1.180e+000	3.0385e-007	-4.6968e+012	-4.6778e+012	4.6778e+012	5.2500e-015
-1.170e+000	3.0387e-007	-4.7158e+012	-4.6968e+012	4.6967e+012	5.2500e-015
-1.160e+000	3.0390e-007	-4.7347e+012	-4.7158e+012	4.7157e+012	5.2500e-015
-1.150e+000	3.0392e-007	-4.7537e+012	-4.7347e+012	4.7347e+012	5.2500e-015
-1.140e+000	3.0394e-007	-4.7727e+012	-4.7537e+012	4.7536e+012	5.2500e-015
-1.130e+000	3.0396e-007	-4.7916e+012	-4.7727e+012	4.7726e+012	5.2500e-015
-1.120e+000	3.0398e-007	-4.8106e+012	-4.7916e+012	4.7916e+012	5.2500e-015
-1.110e+000	3.0400e-007	-4.8296e+012	-4.8106e+012	4.8106e+012	5.2500e-015
-1.100e+000	3.0402e-007	-4.8486e+012	-4.8296e+012	4.8295e+012	5.2500e-015
-1.090e+000	3.0405e-007	-4.8675e+012	-4.8486e+012	4.8485e+012	5.2500e-015
-1.080e+000	3.0407e-007	-4.8865e+012	-4.8675e+012	4.8675e+012	5.2500e-015
-1.070e+000	3.0409e-007	-4.9055e+012	-4.8865e+012	4.8865e+012	5.2500e-015
-1.060e+000	3.0411e-007	-4.9245e+012	-4.9055e+012	4.9054e+012	5.2500e-015
-1.050e+000	3.0413e-007	-4.9434e+012	-4.9245e+012	4.9244e+012	5.2500e-015
-1.040e+000	3.0415e-007	-4.9624e+012	-4.9434e+012	4.9434e+012	5.2500e-015
-1.030e+000	3.0417e-007	-4.9814e+012	-4.9624e+012	4.9624e+012	5.2500e-015
-1.020e+000	3.0419e-007	-5.0004e+012	-4.9814e+012	4.9814e+012	5.2500e-015
-1.010e+000	3.0421e-007	-5.0194e+012	-5.0004e+012	5.0004e+012	5.2500e-015
-1.000e+000	3.0423e-007	-5.0384e+012	-5.0194e+012	5.0194e+012	5.2500e-015
-9.900e-001	3.0425e-007	-5.0574e+012	-5.0384e+012	5.0383e+012	5.2500e-015
-9.800e-001	3.0427e-007	-5.0764e+012	-5.0574e+012	5.0573e+012	5.2500e-015
-9.700e-001	3.0429e-007	-5.0954e+012	-5.0764e+012	5.0763e+012	5.2500e-015
-9.600e-001	3.0431e-007	-5.1143e+012	-5.0954e+012	5.0953e+012	5.2500e-015
-9.500e-001	3.0434e-007	-5.1333e+012	-5.1143e+012	5.1143e+012	5.2500e-015
-9.400e-001	3.0436e-007	-5.1523e+012	-5.1333e+012	5.1333e+012	5.2500e-015
-9.300e-001	3.0438e-007	-5.1713e+012	-5.1523e+012	5.1523e+012	5.2500e-015
-9.200e-001	3.0440e-007	-5.1903e+012	-5.1713e+012	5.1713e+012	5.2500e-015
-9.100e-001	3.0443e-007	-5.2093e+012	-5.1903e+012	5.1903e+012	5.2500e-015
-9.000e-001	3.0446e-007	-5.2283e+012	-5.2093e+012	5.2093e+012	5.2500e-015
-8.900e-001	3.0448e-007	-5.2473e+012	-5.2283e+012	5.2283e+012	5.2500e-015
-8.800e-001	3.0452e-007	-5.2664e+012	-5.2473e+012	5.2473e+012	5.2500e-015
-8.700e-001	3.0455e-007	-5.2854e+012	-5.2664e+012	5.2663e+012	5.2500e-015
-8.600e-001	3.0459e-007	-5.3044e+012	-5.2854e+012	5.2853e+012	5.2500e-015
-8.500e-001	3.0464e-007	-5.3234e+012	-5.3044e+012	5.3043e+012	5.2500e-015
-8.400e-001	3.0469e-007	-5.3424e+012	-5.3234e+012	5.3233e+012	5.2500e-015
-8.300e-001	3.0476e-007	-5.3614e+012	-5.3424e+012	5.3424e+012	5.2500e-015
-8.200e-001	3.0483e-007	-5.3804e+012	-5.3614e+012	5.3614e+012	5.2500e-015
-8.100e-001	3.0493e-007	-5.3995e+012	-5.3804e+012	5.3804e+012	5.2500e-015
-8.000e-001	3.0505e-007	-5.4185e+012	-5.3995e+012	5.3994e+012	5.2500e-015
-7.900e-001	3.0520e-007	-5.4376e+012	-5.4185e+012	5.4185e+012	5.2500e-015
-7.800e-001	3.0538e-007	-5.4566e+012	-5.4376e+012	5.4375e+012	5.2500e-015
-7.700e-001	3.0562e-007	-5.4757e+012	-5.4566e+012	5.4566e+012	5.2500e-015
-7.600e-001	3.0592e-007	-5.4948e+012	-5.4757e+012	5.4757e+012	5.2500e-015
-7.500e-001	3.0630e-007	-5.5139e+012	-5.4948e+012	5.4948e+012	5.2500e-015
-7.400e-001	3.0678e-007	-5.5331e+012	-5.5139e+012	5.5139e+012	5.2500e-015
-7.300e-001	3.0740e-007	-5.5523e+012	-5.5331e+012	5.5330e+012	5.2500e-015
-7.200e-001	3.0820e-007	-5.5715e+012	-5.5523e+012	5.5522e+012	5.2500e-015
-7.100e-001	3.0921e-007	-5.5908e+012	-5.5715e+012	5.5714e+012	5.2500e-015
-7.000e-001	3.1051e-007	-5.6102e+012	-5.5908e+012	5.5907e+012	5.2500e-015
-6.900e-001	3.1217e-007	-5.6297e+012	-5.6102e+012	5.6101e+012	5.2500e-015
-6.800e-001	3.1429e-007	-5.6493e+012	-5.6297e+012	5.6296e+012	5.2500e-015
-6.700e-001	3.1656e-007	-5.6690e+012	-5.6493e+012	5.6492e+012	5.2500e-015
-6.600e-001	3.2011e-007	-5.6890e+012	-5.6690e+012	5.6690e+012	5.2500e-015
-6.500e-001	3.2424e-007	-5.7092e+012	-5.6890e+012	5.6890e+012	5.2500e-015
-6.400e-001	3.2934e-007	-5.7298e+012	-5.7092e+012	5.7092e+012	5.2500e-015
-6.300e-001	3.3559e-007	-5.7507e+012	-5.7298e+012	5.7298e+012	5.2500e-015
-6.200e-001	3.4315e-007	-5.7722e+012	-5.7507e+012	5.7507e+012	5.2500e-015
-6.100e-001	3.5216e-007	-5.7941e+012	-5.7722e+012	5.7721e+012	5.2500e-015
-6.000e-001	3.6270e-007	-5.8168e+012	-5.7941e+012	5.7941e+012	5.2500e-015
-5.900e-001	3.7480e-007	-5.8402e+012	-5.8168e+012	5.8167e+012	5.2500e-015
-5.800e-001	3.8839e-007	-5.8644e+012	-5.8402e+012	5.8401e+012	5.2500e-015
-5.700e-001	4.0331e-007	-5.8896e+012	-5.8644e+012	5.8644e+012	5.2500e-015
-5.600e-001	4.1931e-007	-5.9158e+012	-5.8896e+012	5.8895e+012	5.2500e-015
-5.500e-001	4.3608e-007	-5.9430e+012	-5.9158e+012	5.9157e+012	5.2500e-015
-5.400e-001	4.5326e-007	-5.9713e+012	-5.9430e+012	5.9429e+012	5.2500e-015
-5.300e-001	4.7050e-007	-6.0006e+012	-5.9713e+012	5.9712e+012	5.2500e-015
-5.200e-001	4.8748e-007	-6.0311e+012	-6.0006e+012	6.0006e+012	5.2500e-015
-5.100e-001	5.0394e-007	-6.0625e+012	-6.0311e+012	6.0310e+012	5.2500e-015
-5.000e-001	5.1968e-007	-6.0949e+012	-6.0625e+012	6.0625e+012	5.2500e-015
-4.900e-001	5.3457e-007	-6.1283e+012	-6.0949e+012	6.0949e+012	5.2500e-015
-4.800e-001	5.4853e-007	-6.1625e+012	-6.1283e+012	6.1283e+012	5.2500e-015
-4.700e-001	5.6154e-007	-6.1976e+012	-6.1625e+012	6.1625e+012	5.2500e-015
-4.600e-001	5.7360e-007	-6.2334e+012	-6.1976e+012	6.1976e+012	5.2500e-015
-4.500e-001	5.8474e-007	-6.2699e+012	-6.2334e+012	6.2334e+012	5.2500e-015
-4.400e-001	5.9503e-007	-6.3070e+012	-6.2699e+012	6.2699e+012	5.2500e-015
-4.300e-001	6.0451e-007	-6.3448e+012	-6.3070e+012	6.3070e+012	5.2500e-015
-4.200e-001	6.1326e-007	-6.3830e+012	-6.3448e+012	6.3447e+012	5.2500e-015
-4.100e-001	6.2133e-007	-6.4218e+012	-6.3830e+012	6.3830e+012	5.2500e-015
-4.000e-001	6.2878e-007	-6.4611e+012	-6.4218e+012	6.4218e+012	5.2500e-015
-3.900e-001	6.3568e-007	-6.5007e+012	-6.4611e+012	6.4610e+012	5.2500e-015
-3.800e-001	6.4207e-007	-6.5408e+012	-6.5007e+012	6.5007e+012	5.2500e-015
-3.700e-001	6.4801e-007	-6.5813e+012	-6.5408e+012	6.5408e+012	5.2500e-015
-3.600e-001	6.5355e-007	-6.6221e+012	-6.5813e+012	6.5812e+012	5.2500e-015
-3.500e-001	6.5858e-007	-6.6632e+012	-6.6221e+012	6.6220e+012	5.2500e-015
-3.400e-001	6.6352e-007	-6.7046e+012	-6.6632e+012	6.6631e+012	5.2500e-015
-3.300e-001	6.6805e-007	-6.7463e+012	-6.7046e+012	6.7045e+012	5.2500e-015
-3.200e-001	6.7231e-007	-6.7882e+012	-6.7463e+012	6.7462e+012	5.2500e-015
-3.100e-001	6.7633e-007	-6.8304e+012	-6.7882e+012	6.7882e+012	5.2500e-015
-3.000e-001	6.8013e-007	-6.8729e+012	-6.8304e+012	6.8304e+012	5.2500e-015
-2.900e-001	6.8372e-007	-6.9156e+012	-6.8729e+012	6.8729e+012	5.2500e-015
-2.800e-001	6.8714e-007	-6.9585e+012	-6.9156e+012	6.9155e+012	5.2500e-015
-2.700e-001	6.9039e-007	-7.0015e+012	-6.9585e+012	6.9584e+012	5.2500e-015
-2.600e-001	6.9349e-007	-7.0448e+012	-7.0015e+012	7.0015e+012	5.2500e-015
-2.500e-001	6.9646e-007	-7.0883e+012	-7.0448e+012	7.0448e+012	5.2500e-015
-2.400e-001	6.9930e-007	-7.1319e+012	-7.0883e+012	7.0883e+012	5.2500e-015
-2.300e-001	7.0203e-007	-7.1758e+012	-7.1319e+012	7.1319e+012	5.2500e-015
-2.200e-001	7.0465e-007	-7.2197e+012	-7.1758e+012	7.1757e+012	5.2500e-015
-2.100e-001	7.0718e-007	-7.2639e+012	-7.2197e+012	7.2197e+012	5.2500e-015
-2.000e-001	7.0962e-007	-7.3082e+012	-7.2639e+012	7.2638e+012	5.2500e-015
-1.900e-001	7.1198e-007	-7.3526e+012	-7.3082e+012	7.3081e+012	5.2500e-015
-1.800e-001	7.1427e-007	-7.3972e+012	-7.3526e+012	7.3526e+012	5.2500e-015
-1.700e-001	7.1648e-007	-7.4419e+012	-7.3972e+012	7.3972e+012	5.2500e-015
-1.600e-001	7.1864e-007	-7.4868e+012	-7.4419e+012	7.4419e+012	5.2500e-015
-1.500e-001	7.2073e-007	-7.5318e+012	-7.4868e+012	7.4867e+012	5.2500e-015
-1.400e-001	7.2277e-007	-7.5769e+012	-7.5318e+012	7.5317e+012	5.2500e-015
-1.300e-001	7.2476e-007	-7.6221e+012	-7.5769e+012	7.5768e+012	5.2500e-015
-1.200e-001	7.2670e-007	-7.6675e+012	-7.6221e+012	7.6221e+012	5.2500e-015
-1.100e-001	7.2860e-007	-7.7129e+012	-7.6675e+012	7.6674e+012	5.2500e-015
-1.000e-001	7.3046e-007	-7.7585e+012	-7.7129e+012	7.7129e+012	5.2500e-015
-9.000e-002	7.3227e-007	-7.8042e+012	-7.7585e+012	7.7585e+012	5.2500e-015
-8.000e-002	7.3405e-007	-7.8500e+012	-7.8042e+012	7.8042e+012	5.2500e-015
-7.000e-002	7.3579e-007	-7.8960e+012	-7.8500e+012	7.8500e+012	5.2500e-015
-6.000e-002	7.3750e-007	-7.9420e+012	-7.8960e+012	7.8959e+012	5.2500e-015
-5.000e-002	7.3918e-007	-7.9881e+012	-7.9420e+012	7.9420e+012	5.2500e-015
-4.000e-002	7.4083e-007	-8.0344e+012	-7.9881e+012	7.9881e+012	5.2500e-015
-3.000e-002	7.4245e-007	-8.0807e+012	-8.0344e+012	8.0343e+012	5.2500e-015
-2.000e-002	7.4404e-007	-8.1272e+012	-8.0807e+012	8.0807e+012	5.2500e-015
-1.000e-002	7.4560e-007	-8.1737e+012	-8.1272e+012	8.1271e+012	5.2500e-015
0.000e+000	7.4714e-007	-8.2203e+012	-8.1737e+012	8.1737e+012	5.2500e-015
1.000e-002	7.4864e-007	-8.2671e+012	-8.2203e+012	8.2203e+012	5.2500e-015
2.000e-002	7.5013e-007	-8.3139e+012	-8.2671e+012	8.2670e+012	5.2500e-015
3.000e-002	7.5159e-007	-8.3608e+012	-8.3139e+012	8.3138e+012	5.2500e-015
4.000e-002	7.5302e-007	-8.4078e+012	-8.3608e+012	8.3607e+012	5.2500e-015
5.000e-002	7.5443e-007	-8.4549e+012	-8.4078e+012	8.4077e+012	5.2500e-015
6.000e-002	7.5582e-007	-8.5020e+012	-8.4549e+012	8.4548e+012	5.2500e-015
7.000e-002	7.5718e-007	-8.5493e+012	-8.5020e+012	8.5020e+012	5.2500e-015
8.000e-002	7.5852e-007	-8.5966e+012	-8.5493e+012	8.5493e+012	5.2500e-015
9.000e-002	7.5984e-007	-8.6441e+012	-8.5966e+012	8.5966e+012	5.2500e-015
1.000e-001	7.6113e-007	-8.6916e+012	-8.6441e+012	8.6440e+012	5.2500e-015
1.100e-001	7.6240e-007	-8.7392e+012	-8.6916e+012	8.6915e+012	5.2500e-015
1.200e-001	7.6365e-007	-8.7868e+012	-8.7392e+012	8.7391e+012	5.2500e-015
1.300e-001	7.6487e-007	-8.8346e+012	-8.7868e+012	8.7868e+012	5.2500e-015
1.400e-001	7.6607e-007	-8.8824e+012	-8.8346e+012	8.8345e+012	5.2500e-015
1.500e-001	7.6725e-007	-8.9303e+012	-8.8824e+012	8.8823e+012	5.2500e-015
1.600e-001	7.6841e-007	-8.9782e+012	-8.9303e+012	8.9302e+012	5.2500e-015
1.700e-001	7.6955e-007	-9.0263e+012	-8.9782e+012	8.9782e+012	5.2500e-015
1.800e-001	7.7067e-007	-9.0744e+012	-9.0263e+012	9.0262e+012	5.2500e-015
1.900e-001	7.7176e-007	-9.1225e+012	-9.0744e+012	9.0743e+012	5.2500e-015
2.000e-001	7.7283e-007	-9.1708e+012	-9.1225e+012	9.1225e+012	5.2500e-015
2.100e-001	7.7388e-007	-9.2191e+012	-9.1708e+012	9.1707e+012	5.2500e-015
2.200e-001	7.7492e-007	-9.2674e+012	-9.2191e+012	9.2190e+012	5.2500e-015
2.300e-001	7.7593e-007	-9.3159e+012	-9.2674e+012	9.2674e+012	5.2500e-015
2.400e-001	7.7692e-007	-9.3644e+012	-9.3159e+012	9.3158e+012	5.2500e-015
2.500e-001	7.7789e-007	-9.4129e+012	-9.3644e+012	9.3643e+012	5.2500e-015
2.600e-001	7.7884e-007	-9.4615e+012	-9.4129e+012	9.4129e+012	5.2500e-015
2.700e-001	7.7977e-007	-9.5102e+012	-9.4615e+012	9.4615e+012	5.2500e-015
2.800e-001	7.8068e-007	-9.5589e+012	-9.5102e+012	9.5101e+012	5.2500e-015
2.900e-001	7.8022e-007	-9.6076e+012	-9.5589e+012	9.5589e+012	5.2500e-015
3.000e-001	7.7932e-007	-9.6563e+012	-9.6076e+012	9.6076e+012	5.2500e-015
3.100e-001	7.8012e-007	-9.7049e+012	-9.6563e+012	9.6562e+012	5.2500e-015
3.200e-001	7.8090e-007	-9.7537e+012	-9.7049e+012	9.7049e+012	5.2500e-015
3.300e-001	7.8166e-007	-9.8025e+012	-9.7537e+012	9.7536e+012	5.2500e-015
3.400e-001	7.8240e-007	-9.8513e+012	-9.8025e+012	9.8024e+012	5.2500e-015
3.500e-001	7.8313e-007	-9.9002e+012	-9.8513e+012	9.8513e+012	5.2500e-015
3.600e-001	7.8385e-007	-9.9491e+012	-9.9002e+012	9.9001e+012	5.2500e-015
3.700e-001	7.8455e-007	-9.9981e+012	-9.9491e+012	9.9491e+012	5.2500e-015
3.800e-001	7.8523e-007	-1.0047e+013	-9.9981e+012	9.9980e+012	5.2500e-015
3.900e-001	7.8591e-007	-1.0096e+013	-1.0047e+013	1.0047e+013	5.2500e-015
4.000e-001	7.8657e-007	-1.0145e+013	-1.0096e+013	1.0096e+013	5.2500e-015
4.100e-001	7.8721e-007	-1.0194e+013	-1.0145e+013	1.0145e+013	5.2500e-015
4.200e-001	7.8784e-007	-1.0244e+013	-1.0194e+013	1.0194e+013	5.2500e-015
4.300e-001	7.8846e-007	-1.0293e+013	-1.0244e+013	1.0243e+013	5.2500e-015
4.400e-001	7.8907e-007	-1.0342e+013	-1.0293e+013	1.0293e+013	5.2500e-015
4.500e-001	7.8966e-007	-1.0391e+013	-1.0342e+013	1.0342e+013	5.2500e-015
4.600e-001	7.9025e-007	-1.0441e+013	-1.0391e+013	1.0391e+013	5.2500e-015
4.700e-001	7.9082e-007	-1.0490e+013	-1.0441e+013	1.0441e+013	5.2500e-015
4.800e-001	7.9138e-007	-1.0539e+013	-1.0490e+013	1.0490e+013	5.2500e-015
4.900e-001	7.9193e-007	-1.0589e+013	-1.0539e+013	1.0539e+013	5.2500e-015
5.000e-001	7.9247e-007	-1.0638e+013	-1.0589e+013	1.0589e+013	5.2500e-015
5.100e-001	7.9300e-007	-1.0688e+013	-1.0638e+013	1.0638e+013	5.2500e-015
5.200e-001	7.9352e-007	-1.0737e+013	-1.0688e+013	1.0688e+013	5.2500e-015
5.300e-001	7.9402e-007	-1.0787e+013	-1.0737e+013	1.0737e+013	5.2500e-015
5.400e-001	7.9452e-007	-1.0836e+013	-1.0787e+013	1.0787e+013	5.2500e-015
5.500e-001	7.9497e-007	-1.0886e+013	-1.0836e+013	1.0836e+013	5.2500e-015
5.600e-001	7.9549e-007	-1.0936e+013	-1.0886e+013	1.0886e+013	5.2500e-015
5.700e-001	7.9596e-007	-1.0985e+013	-1.0936e+013	1.0936e+013	5.2500e-015
5.800e-001	7.9643e-007	-1.1035e+013	-1.0985e+013	1.0985e+013	5.2500e-015
5.900e-001	7.9688e-007	-1.1085e+013	-1.1035e+013	1.1035e+013	5.2500e-015
6.000e-001	7.9733e-007	-1.1135e+013	-1.1085e+013	1.1085e+013	5.2500e-015
6.100e-001	7.9777e-007	-1.1184e+013	-1.1135e+013	1.1135e+013	5.2500e-015
6.200e-001	7.9820e-007	-1.1234e+013	-1.1184e+013	1.1184e+013	5.2500e-015
6.300e-001	7.9862e-007	-1.1284e+013	-1.1234e+013	1.1234e+013	5.2500e-015
6.400e-001	7.9904e-007	-1.1334e+013	-1.1284e+013	1.1284e+013	5.2500e-015
6.500e-001	7.9945e-007	-1.1384e+013	-1.1334e+013	1.1334e+013	5.2500e-015
6.600e-001	7.9986e-007	-1.1434e+013	-1.1384e+013	1.1384e+013	5.2500e-015
6.700e-001	8.0025e-007	-1.1484e+013	-1.1434e+013	1.1434e+013	5.2500e-015
6.800e-001	8.0064e-007	-1.1534e+013	-1.1484e+013	1.1484e+013	5.2500e-015
6.900e-001	8.0103e-007	-1.1584e+013	-1.1534e+013	1.1534e+013	5.2500e-015
7.000e-001	8.0141e-007	-1.1634e+013	-1.1584e+013	1.1584e+013	5.2500e-015
7.100e-001	8.0178e-007	-1.1684e+013	-1.1634e+013	1.1634e+013	5.2500e-015
7.200e-001	8.0215e-007	-1.1734e+013	-1.1684e+013	1.1684e+013	5.2500e-015
7.300e-001	8.0251e-007	-1.1784e+013	-1.1734e+013	1.1734e+013	5.2500e-015
7.400e-001	8.0287e-007	-1.1834e+013	-1.1784e+013	1.1784e+013	5.2500e-015
7.500e-001	8.0322e-007	-1.1884e+013	-1.1834e+013	1.1834e+013	5.2500e-015
7.600e-001	8.0356e-007	-1.1934e+013	-1.1884e+013	1.1884e+013	5.2500e-015
7.700e-001	8.0391e-007	-1.1984e+013	-1.1934e+013	1.1934e+013	5.2500e-015
7.800e-001	8.0424e-007	-1.2035e+013	-1.1984e+013	1.1984e+013	5.2500e-015
7.900e-001	8.0457e-007	-1.2085e+013	-1.2035e+013	1.2035e+013	5.2500e-015
8.000e-001	8.0490e-007	-1.2135e+013	-1.2085e+013	1.2085e+013	5.2500e-015
8.100e-001	8.0522e-007	-1.2185e+013	-1.2135e+013	1.2135e+013	5.2500e-015
8.200e-001	8.0554e-007	-1.2236e+013	-1.2185e+013	1.2185e+013	5.2500e-015
8.300e-001	8.0586e-007	-1.2286e+013	-1.2236e+013	1.2236e+013	5.2500e-015
8.400e-001	8.0617e-007	-1.2336e+013	-1.2286e+013	1.2286e+013	5.2500e-015
8.500e-001	8.0647e-007	-1.2387e+013	-1.2336e+013	1.2336e+013	5.2500e-015
8.600e-001	8.0677e-007	-1.2437e+013	-1.2387e+013	1.2387e+013	5.2500e-015
8.700e-001	8.0707e-007	-1.2487e+013	-1.2437e+013	1.2437e+013	5.2500e-015
8.800e-001	8.0737e-007	-1.2538e+013	-1.2487e+013	1.2487e+013	5.2500e-015
8.900e-001	8.0766e-007	-1.2588e+013	-1.2538e+013	1.2538e+013	5.2500e-015
9.000e-001	8.0794e-007	-1.2639e+013	-1.2588e+013	1.2588e+013	5.2500e-015
9.100e-001	8.0823e-007	-1.2689e+013	-1.2639e+013	1.2638e+013	5.2500e-015
9.200e-001	8.0851e-007	-1.2739e+013	-1.2689e+013	1.2689e+013	5.2500e-015
9.300e-001	8.0879e-007	-1.2790e+013	-1.2739e+013	1.2739e+013	5.2500e-015
9.400e-001	8.0906e-007	-1.2840e+013	-1.2790e+013	1.2790e+013	5.2500e-015
9.500e-001	8.0933e-007	-1.2891e+013	-1.2840e+013	1.2840e+013	5.2500e-015
9.600e-001	8.0960e-007	-1.2941e+013	-1.2891e+013	1.2891e+013	5.2500e-015
9.700e-001	8.0987e-007	-1.2992e+013	-1.2941e+013	1.2941e+013	5.2500e-015
9.800e-001	8.1013e-007	-1.3043e+013	-1.2992e+013	1.2992e+013	5.2500e-015
9.900e-001	8.1039e-007	-1.3093e+013	-1.3043e+013	1.3043e+013	5.2500e-015
1.000e+000	8.1064e-007	-1.3144e+013	-1.3093e+013	1.3093e+013	5.2500e-015
1.010e+000	8.1090e-007	-1.3194e+013	-1.3144e+013	1.3144e+013	5.2500e-015
1.020e+000	8.1115e-007	-1.3245e+013	-1.3194e+013	1.3194e+013	5.2500e-015
1.030e+000	8.1140e-007	-1.3296e+013	-1.3245e+013	1.3245e+013	5.2500e-015
1.040e+000	8.1165e-007	-1.3346e+013	-1.3296e+013	1.3296e+013	5.2500e-015
1.050e+000	8.1189e-007	-1.3397e+013	-1.3346e+013	1.3346e+013	5.2500e-015
1.060e+000	8.1213e-007	-1.3448e+013	-1.3397e+013	1.3397e+013	5.2500e-015
1.070e+000	8.1238e-007	-1.3498e+013	-1.3448e+013	1.3448e+013	5.2500e-015
1.080e+000	8.1261e-007	-1.3549e+013	-1.3498e+013	1.3498e+013	5.2500e-015
1.090e+000	8.1285e-007	-1.3600e+013	-1.3549e+013	1.3549e+013	5.2500e-015
1.100e+000	8.1309e-007	-1.3651e+013	-1.3600e+013	1.3600e+013	5.2500e-015
1.110e+000	8.1333e-007	-1.3701e+013	-1.3651e+013	1.3651e+013	5.2500e-015
1.120e+000	8.1356e-007	-1.3752e+013	-1.3701e+013	1.3701e+013	5.2500e-015
1.130e+000	8.1380e-007	-1.3803e+013	-1.3752e+013	1.3752e+013	5.2500e-015
1.140e+000	8.1404e-007	-1.3854e+013	-1.3803e+013	1.3803e+013	5.2500e-015
1.150e+000	8.1428e-007	-1.3905e+013	-1.3854e+013	1.3854e+013	5.2500e-015
1.160e+000	8.1452e-007	-1.3955e+013	-1.3905e+013	1.3904e+013	5.2500e-015
1.170e+000	8.1477e-007	-1.4006e+013	-1.3955e+013	1.3955e+013	5.2500e-015
1.180e+000	8.1504e-007	-1.4057e+013	-1.4006e+013	1.4006e+013	5.2500e-015
1.190e+000	8.1531e-007	-1.4108e+013	-1.4057e+013	1.4057e+013	5.2500e-015
1.200e+000	8.1561e-007	-1.4159e+013	-1.4108e+013	1.4108e+013	5.2500e-015
1.210e+000	8.1594e-007	-1.4210e+013	-1.4159e+013	1.4159e+013	5.2500e-015
1.220e+000	8.1631e-007	-1.4261e+013	-1.4210e+013	1.4210e+013	5.2500e-015
1.230e+000	8.1673e-007	-1.4312e+013	-1.4261e+013	1.4261e+013	5.2500e-015
1.240e+000	8.1724e-007	-1.4363e+013	-1.4312e+013	1.4312e+013	5.2500e-015
1.250e+000	8.1785e-007	-1.4414e+013	-1.4363e+013	1.4363e+013	5.2500e-015
1.260e+000	8.1862e-007	-1.4465e+013	-1.4414e+013	1.4414e+013	5.2500e-015
1.270e+000	8.1960e-007	-1.4516e+013	-1.4465e+013	1.4465e+013	5.2500e-015
1.280e+000	8.2088e-007	-1.4567e+013	-1.4516e+013	1.4516e+013	5.2500e-015
1.290e+000	8.2257e-007	-1.4619e+013	-1.4567e+013	1.4567e+013	5.2500e-015
1.300e+000	8.2483e-007	-1.4670e+013	-1.4619e+013	1.4619e+013	5.2500e-015
1.310e+000	8.2788e-007	-1.4722e+013	-1.4670e+013	1.4670e+013	5.2500e-015
1.320e+000	8.3203e-007	-1.4774e+013	-1.4722e+013	1.4722e+013	5.2500e-015
1.330e+000	8.3772e-007	-1.4826e+013	-1.4774e+013	1.4774e+013	5.2500e-015
1.340e+000	8.4514e-007	-1.4879e+013	-1.4826e+013	1.4826e+013	5.2500e-015
1.350e+000	8.5587e-007	-1.4932e+013	-1.4879e+013	1.4879e+013	5.2500e-015
1.360e+000	8.7027e-007	-1.4986e+013	-1.4932e+013	1.4932e+013	5.2500e-015
1.370e+000	8.8944e-007	-1.5042e+013	-1.4986e+013	1.4986e+013	5.2500e-015
1.380e+000	9.1605e-007	-1.5099e+013	-1.5042e+013	1.5042e+013	5.2500e-015
1.390e+000	9.5132e-007	-1.5159e+013	-1.5099e+013	1.5099e+013	5.2500e-015
1.400e+000	9.9753e-007	-1.5221e+013	-1.5159e+013	1.5159e+013	5.2500e-015
1.410e+000	1.0579e-006	-1.5287e+013	-1.5221e+013	1.5221e+013	5.2500e-015
1.420e+000	1.1340e-006	-1.5358e+013	-1.5287e+013	1.5287e+013	5.2500e-015
1.430e+000	1.2275e-006	-1.5434e+013	-1.5358e+013	1.5358e+013	5.2500e-015
1.440e+000	1.3386e-006	-1.5518e+013	-1.5434e+013	1.5434e+013	5.2500e-015
1.450e+000	1.4655e-006	-1.5609e+013	-1.5518e+013	1.5518e+013	5.2500e-015
1.460e+000	1.6058e-006	-1.5709e+013	-1.5609e+013	1.5609e+013	5.2500e-015
1.470e+000	1.7545e-006	-1.5819e+013	-1.5709e+013	1.5709e+013	5.2500e-015
1.480e+000	1.9069e-006	-1.5938e+013	-1.5819e+013	1.5819e+013	5.2500e-015
1.490e+000	2.0586e-006	-1.6066e+013	-1.5938e+013	1.5938e+013	5.2500e-015
1.500e+000	2.2060e-006	-1.6204e+013	-1.6066e+013	1.6066e+013	5.2500e-015
1.510e+000	2.3466e-006	-1.6351e+013	-1.6204e+013	1.6204e+013	5.2500e-015
1.520e+000	2.4789e-006	-1.6505e+013	-1.6351e+013	1.6351e+013	5.2500e-015
1.530e+000	2.6023e-006	-1.6668e+013	-1.6505e+013	1.6505e+013	5.2500e-015
1.540e+000	2.7169e-006	-1.6837e+013	-1.6668e+013	1.6668e+013	5.2500e-015
1.550e+000	2.8230e-006	-1.7014e+013	-1.6837e+013	1.6837e+013	5.2500e-015
1.560e+000	2.9210e-006	-1.7196e+013	-1.7014e+013	1.7014e+013	5.2500e-015
1.570e+000	3.0117e-006	-1.7384e+013	-1.7196e+013	1.7196e+013	5.2500e-015
1.580e+000	3.0957e-006	-1.7577e+013	-1.7384e+013	1.7384e+013	5.2500e-015
1.590e+000	3.1737e-006	-1.7775e+013	-1.7577e+013	1.7577e+013	5.2500e-015
1.600e+000	3.2464e-006	-1.7978e+013	-1.7775e+013	1.7775e+013	5.2500e-015
1.610e+000	3.3143e-006	-1.8185e+013	-1.7978e+013	1.7978e+013	5.2500e-015
1.620e+000	3.3780e-006	-1.8395e+013	-1.8185e+013	1.8185e+013	5.2500e-015
1.630e+000	3.4378e-006	-1.8610e+013	-1.8395e+013	1.8395e+013	5.2500e-015
1.640e+000	3.4942e-006	-1.8828e+013	-1.8610e+013	1.8610e+013	5.2500e-015
1.650e+000	3.5475e-006	-1.9050e+013	-1.8828e+013	1.8828e+013	5.2500e-015
1.660e+000	3.5981e-006	-1.9274e+013	-1.9050e+013	1.9050e+013	5.2500e-015
1.670e+000	3.6462e-006	-1.9502e+013	-1.9274e+013	1.9274e+013	5.2500e-015
1.680e+000	3.6920e-006	-1.9732e+013	-1.9502e+013	1.9502e+013	5.2500e-015
1.690e+000	3.7357e-006	-1.9965e+013	-1.9732e+013	1.9732e+013	5.2500e-015
1.700e+000	3.7776e-006	-2.0201e+013	-1.9965e+013	1.9965e+013	5.2500e-015
1.710e+000	3.8177e-006	-2.0439e+013	-2.0201e+013	2.0201e+013	5.2500e-015
1.720e+000	3.8563e-006	-2.0680e+013	-2.0439e+013	2.0439e+013	5.2500e-015
1.730e+000	3.8818e-006	-2.0922e+013	-2.0680e+013	2.0680e+013	5.2500e-015
1.740e+000	3.8827e-006	-2.1165e+013	-2.0922e+013	2.0922e+013	5.2500e-015
1.750e+000	3.9117e-006	-2.1409e+013	-2.1165e+013	2.1165e+013	5.2500e-015
1.760e+000	3.9395e-006	-2.1655e+013	-2.1409e+013	2.1409e+013	5.2500e-015
1.770e+000	3.9662e-006	-2.1902e+013	-2.1655e+013	2.1655e+013	5.2500e-015
1.780e+000	3.9918e-006	-2.2151e+013	-2.1902e+013	2.1902e+013	5.2500e-015
1.790e+000	4.0166e-006	-2.2402e+013	-2.2151e+013	2.2151e+013	5.2500e-015
1.800e+000	4.0404e-006	-2.2654e+013	-2.2402e+013	2.2402e+013	5.2500e-015
1.810e+000	4.0634e-006	-2.2908e+013	-2.2654e+013	2.2654e+013	5.2500e-015
1.820e+000	4.0856e-006	-2.3163e+013	-2.2908e+013	2.2908e+013	5.2500e-015
1.830e+000	4.1071e-006	-2.3419e+013	-2.3163e+013	2.3163e+013	5.2500e-015
1.840e+000	4.1279e-006	-2.3677e+013	-2.3419e+013	2.3419e+013	5.2500e-015
1.850e+000	4.1481e-006	-2.3936e+013	-2.3677e+013	2.3677e+013	5.2500e-015
1.860e+000	4.1677e-006	-2.4196e+013	-2.3936e+013	2.3936e+013	5.2500e-015
1.870e+000	4.1867e-006	-2.4457e+013	-2.4196e+013	2.4196e+013	5.2500e-015
1.880e+000	4.2052e-006	-2.4720e+013	-2.4457e+013	2.4457e+013	5.2500e-015
1.890e+000	4.2232e-006	-2.4983e+013	-2.4720e+013	2.4720e+013	5.2500e-015
1.900e+000	4.2407e-006	-2.5248e+013	-2.4983e+013	2.4983e+013	5.2500e-015
1.910e+000	4.2577e-006	-2.5514e+013	-2.5248e+013	2.5248e+013	5.2500e-015
1.920e+000	4.2743e-006	-2.5781e+013	-2.5514e+013	2.5514e+013	5.2500e-015
1.930e+000	4.2905e-006	-2.6048e+013	-2.5781e+013	2.5780e+013	5.2500e-015
1.940e+000	4.3063e-006	-2.6317e+013	-2.6048e+013	2.6048e+013	5.2500e-015
1.950e+000	4.3217e-006	-2.6587e+013	-2.6317e+013	2.6317e+013	5.2500e-015
1.960e+000	4.3368e-006	-2.6857e+013	-2.6587e+013	2.6587e+013	5.2500e-015
1.970e+000	4.3515e-006	-2.7129e+013	-2.6857e+013	2.6857e+013	5.2500e-015
1.980e+000	4.3659e-006	-2.7402e+013	-2.7129e+013	2.7129e+013	5.2500e-015
1.990e+000	4.3800e-006	-2.7675e+013	-2.7402e+013	2.7402e+013	5.2500e-015
2.000e+000	4.3938e-006	-2.7949e+013	-2.7675e+013	2.7675e+013	5.2500e-015
2.010e+000	4.4030e-006	-2.8224e+013	-2.7949e+013	2.7949e+013	5.2500e-015
2.020e+000	4.4107e-006	-2.8499e+013	-2.8224e+013	2.8224e+013	5.2500e-015
2.030e+000	4.4232e-006	-2.8775e+013	-2.8499e+013	2.8499e+013	5.2500e-015
2.040e+000	4.4354e-006	-2.9052e+013	-2.8775e+013	2.8775e+013	5.2500e-015
2.050e+000	4.4474e-006	-2.9330e+013	-2.9052e+013	2.9052e+013	5.2500e-015
2.060e+000	4.4591e-006	-2.9608e+013	-2.9330e+013	2.9330e+013	5.2500e-015
2.070e+000	4.4707e-006	-2.9887e+013	-2.9608e+013	2.9608e+013	5.2500e-015
2.080e+000	4.4820e-006	-3.0167e+013	-2.9887e+013	2.9887e+013	5.2500e-015
2.090e+000	4.4931e-006	-3.0447e+013	-3.0167e+013	3.0167e+013	5.2500e-015
2.100e+000	4.5041e-006	-3.0728e+013	-3.0447e+013	3.0447e+013	5.2500e-015
2.110e+000	4.5148e-006	-3.1010e+013	-3.0728e+013	3.0728e+013	5.2500e-015
2.120e+000	4.5254e-006	-3.1293e+013	-3.1010e+013	3.1010e+013	5.2500e-015
2.130e+000	4.5357e-006	-3.1576e+013	-3.1293e+013	3.1293e+013	5.2500e-015
2.140e+000	4.5459e-006	-3.1860e+013	-3.1576e+013	3.1576e+013	5.2500e-015
2.150e+000	4.5560e-006	-3.2144e+013	-3.1860e+013	3.1859e+013	5.2500e-015
2.160e+000	4.5658e-006	-3.2429e+013	-3.2144e+013	3.2144e+013	5.2500e-015
2.170e+000	4.5755e-006	-3.2714e+013	-3.2429e+013	3.2429e+013	5.2500e-015
2.180e+000	4.5851e-006	-3.3001e+013	-3.2714e+013	3.2714e+013	5.2500e-015
2.190e+000	4.5945e-006	-3.3287e+013	-3.3001e+013	3.3001e+013	5.2500e-015
2.200e+000	4.6038e-006	-3.3575e+013	-3.3287e+013	3.3287e+013	5.2500e-015
2.210e+000	4.6129e-006	-3.3863e+013	-3.3575e+013	3.3575e+013	5.2500e-015
2.220e+000	4.6219e-006	-3.4151e+013	-3.3863e+013	3.3863e+013	5.2500e-015
2.230e+000	4.6308e-006	-3.4440e+013	-3.4151e+013	3.4151e+013	5.2500e-015
2.240e+000	4.6395e-006	-3.4730e+013	-3.4440e+013	3.4440e+013	5.2500e-015
2.250e+000	4.6482e-006	-3.5020e+013	-3.4730e+013	3.4730e+013	5.2500e-015
2.260e+000	4.6567e-006	-3.5311e+013	-3.5020e+013	3.5020e+013	5.2500e-015
2.270e+000	4.6650e-006	-3.5602e+013	-3.5311e+013	3.5310e+013	5.2500e-015
2.280e+000	4.6733e-006	-3.5893e+013	-3.5602e+013	3.5602e+013	5.2500e-015
2.290e+000	4.6815e-006	-3.6186e+013	-3.5893e+013	3.5893e+013	5.2500e-015
2.300e+000	4.6895e-006	-3.6478e+013	-3.6186e+013	3.6186e+013	5.2500e-015
2.310e+000	4.6975e-006	-3.6771e+013	-3.6478e+013	3.6478e+013	5.2500e-015
2.320e+000	4.7053e-006	-3.7065e+013	-3.6771e+013	3.6771e+013	5.2500e-015
2.330e+000	4.7131e-006	-3.7359e+013	-3.7065e+013	3.7065e+013	5.2500e-015
2.340e+000	4.7207e-006	-3.7654e+013	-3.7359e+013	3.7359e+013	5.2500e-015
2.350e+000	4.7283e-006	-3.7949e+013	-3.7654e+013	3.7654e+013	5.2500e-015
2.360e+000	4.7357e-006	-3.8245e+013	-3.7949e+013	3.7949e+013	5.2500e-015
2.370e+000	4.7431e-006	-3.8541e+013	-3.8245e+013	3.8245e+013	5.2500e-015
2.380e+000	4.7504e-006	-3.8837e+013	-3.8541e+013	3.8541e+013	5.2500e-015
2.390e+000	4.7576e-006	-3.9134e+013	-3.8837e+013	3.8837e+013	5.2500e-015
2.400e+000	4.7647e-006	-3.9432e+013	-3.9134e+013	3.9134e+013	5.2500e-015
2.410e+000	4.7717e-006	-3.9729e+013	-3.9432e+013	3.9431e+013	5.2500e-015
2.420e+000	4.7787e-006	-4.0028e+013	-3.9729e+013	3.9729e+013	5.2500e-015
2.430e+000	4.7855e-006	-4.0326e+013	-4.0028e+013	4.0028e+013	5.2500e-015
2.440e+000	4.7923e-006	-4.0625e+013	-4.0326e+013	4.0326e+013	5.2500e-015
2.450e+000	4.7990e-006	-4.0925e+013	-4.0625e+013	4.0625e+013	5.2500e-015
2.460e+000	4.8057e-006	-4.1225e+013	-4.0925e+013	4.0925e+013	5.2500e-015
2.470e+000	4.8123e-006	-4.1525e+013	-4.1225e+013	4.1225e+013	5.2500e-015
2.480e+000	4.8188e-006	-4.1826e+013	-4.1525e+013	4.1525e+013	5.2500e-015
2.490e+000	4.8252e-006	-4.2127e+013	-4.1826e+013	4.1826e+013	5.2500e-015
2.500e+000	4.8316e-006	-4.2429e+013	-4.2127e+013	4.2127e+013	5.2500e-015
2.510e+000	4.8379e-006	-4.2731e+013	-4.2429e+013	4.2429e+013	5.2500e-015
2.520e+000	4.8441e-006	-4.3033e+013	-4.2731e+013	4.2731e+013	5.2500e-015
2.530e+000	4.8503e-006	-4.3336e+013	-4.3033e+013	4.3033e+013	5.2500e-015
2.540e+000	4.8564e-006	-4.3639e+013	-4.3336e+013	4.3336e+013	5.2500e-015
2.550e+000	4.8624e-006	-4.3942e+013	-4.3639e+013	4.3639e+013	5.2500e-015
2.560e+000	4.8684e-006	-4.4246e+013	-4.3942e+013	4.3942e+013	5.2500e-015
2.570e+000	4.8744e-006	-4.4550e+013	-4.4246e+013	4.4246e+013	5.2500e-015
2.580e+000	4.8802e-006	-4.4855e+013	-4.4550e+013	4.4550e+013	5.2500e-015
2.590e+000	4.8860e-006	-4.5160e+013	-4.4855e+013	4.4855e+013	5.2500e-015
2.600e+000	4.8918e-006	-4.5465e+013	-4.5160e+013	4.5160e+013	5.2500e-015
2.610e+000	4.8975e-006	-4.5771e+013	-4.5465e+013	4.5465e+013	5.2500e-015
2.620e+000	4.9032e-006	-4.6077e+013	-4.5771e+013	4.5771e+013	5.2500e-015
2.630e+000	4.9088e-006	-4.6383e+013	-4.6077e+013	4.6077e+013	5.2500e-015
2.640e+000	4.9143e-006	-4.6690e+013	-4.6383e+013	4.6383e+013	5.2500e-015
2.650e+000	4.9198e-006	-4.6997e+013	-4.6690e+013	4.6690e+013	5.2500e-015
2.660e+000	4.9253e-006	-4.7305e+013	-4.6997e+013	4.6997e+013	5.2500e-015
2.670e+000	4.9298e-006	-4.7612e+013	-4.7305e+013	4.7305e+013	5.2500e-015
2.680e+000	4.9344e-006	-4.7920e+013	-4.7612e+013	4.7612e+013	5.2500e-015
2.690e+000	4.9397e-006	-4.8229e+013	-4.7920e+013	4.7920e+013	5.2500e-015
2.700e+000	4.9449e-006	-4.8537e+013	-4.8229e+013	4.8229e+013	5.2500e-015
2.710e+000	4.9501e-006	-4.8846e+013	-4.8537e+013	4.8537e+013	5.2500e-015
2.720e+000	4.9552e-006	-4.9155e+013	-4.8846e+013	4.8846e+013	5.2500e-015
2.730e+000	4.9603e-006	-4.9465e+013	-4.9155e+013	4.9155e+013	5.2500e-015
2.740e+000	4.9654e-006	-4.9775e+013	-4.9465e+013	4.9465e+013	5.2500e-015
2.750e+000	4.9704e-006	-5.0085e+013	-4.9775e+013	4.9775e+013	5.2500e-015
2.760e+000	4.9754e-006	-5.0396e+013	-5.0085e+013	5.0085e+013	5.2500e-015
2.770e+000	4.9803e-006	-5.0707e+013	-5.0396e+013	5.0396e+013	5.2500e-015
2.780e+000	4.9852e-006	-5.1018e+013	-5.0707e+013	5.0707e+013	5.2500e-015
2.790e+000	4.9901e-006	-5.1329e+013	-5.1018e+013	5.1018e+013	5.2500e-015
2.800e+000	4.9949e-006	-5.1641e+013	-5.1329e+013	5.1329e+013	5.2500e-015
2.810e+000	4.9996e-006	-5.1953e+013	-5.1641e+013	5.1641e+013	5.2500e-015
2.820e+000	5.0044e-006	-5.2265e+013	-5.1953e+013	5.1953e+013	5.2500e-015
2.830e+000	5.0091e-006	-5.2578e+013	-5.2265e+013	5.2265e+013	5.2500e-015
2.840e+000	5.0137e-006	-5.2891e+013	-5.2578e+013	5.2578e+013	5.2500e-015
2.850e+000	5.0184e-006	-5.3204e+013	-5.2891e+013	5.2891e+013	5.2500e-015
2.860e+000	5.0230e-006	-5.3518e+013	-5.3204e+013	5.3204e+013	5.2500e-015
2.870e+000	5.0275e-006	-5.3831e+013	-5.3518e+013	5.3518e+013	5.2500e-015
2.880e+000	5.0320e-006	-5.4146e+013	-5.3831e+013	5.3831e+013	5.2500e-015
2.890e+000	5.0365e-006	-5.4460e+013	-5.4146e+013	5.4145e+013	5.2500e-015
2.900e+000	5.0410e-006	-5.4775e+013	-5.4460e+013	5.4460e+013	5.2500e-015
2.910e+000	5.0454e-006	-5.5089e+013	-5.4775e+013	5.4774e+013	5.2500e-015
2.920e+000	5.0498e-006	-5.5405e+013	-5.5089e+013	5.5089e+013	5.2500e-015
2.930e+000	5.0541e-006	-5.5720e+013	-5.5405e+013	5.5405e+013	5.2500e-015
2.940e+000	5.0585e-006	-5.6036e+013	-5.5720e+013	5.5720e+013	5.2500e-015
2.950e+000	5.0627e-006	-5.6352e+013	-5.6036e+013	5.6036e+013	5.2500e-015
2.960e+000	5.0670e-006	-5.6668e+013	-5.6352e+013	5.6352e+013	5.2500e-015
2.970e+000	5.0712e-006	-5.6985e+013	-5.6668e+013	5.6668e+013	5.2500e-015
2.980e+000	5.0754e-006	-5.7301e+013	-5.6985e+013	5.6985e+013	5.2500e-015
2.990e+000	5.0796e-006	-5.7618e+013	-5.7301e+013	5.7301e+013	5.2500e-015
3.000e+000	5.0837e-006	-5.7936e+013	-5.7618e+013	5.7618e+013	5.2500e-015
3.010e+000	5.0879e-006	-5.8253e+013	-5.7936e+013	5.7936e+013	5.2500e-015
3.020e+000	5.0919e-006	-5.8571e+013	-5.8253e+013	5.8253e+013	5.2500e-015
3.030e+000	5.0960e-006	-5.8889e+013	-5.8571e+013	5.8571e+013	5.2500e-015
3.040e+000	5.1000e-006	-5.9207e+013	-5.8889e+013	5.8889e+013	5.2500e-015
3.050e+000	5.1040e-006	-5.9526e+013	-5.9207e+013	5.9207e+013	5.2500e-015
3.060e+000	5.1080e-006	-5.9845e+013	-5.9526e+013	5.9526e+013	5.2500e-015
3.070e+000	5.1120e-006	-6.0164e+013	-5.9845e+013	5.9845e+013	5.2500e-015
3.080e+000	5.1159e-006	-6.0483e+013	-6.0164e+013	6.0164e+013	5.2500e-015
3.090e+000	5.1198e-006	-6.0803e+013	-6.0483e+013	6.0483e+013	5.2500e-015
3.100e+000	5.1236e-006	-6.1123e+013	-6.0803e+013	6.0803e+013	5.2500e-015
3.110e+000	5.1275e-006	-6.1443e+013	-6.1123e+013	6.1122e+013	5.2500e-015
3.120e+000	5.1313e-006	-6.1763e+013	-6.1443e+013	6.1443e+013	5.2500e-015
3.130e+000	5.1351e-006	-6.2083e+013	-6.1763e+013	6.1763e+013	5.2500e-015
3.140e+000	5.1389e-006	-6.2404e+013	-6.2083e+013	6.2083e+013	5.2500e-015
3.150e+000	5.1426e-006	-6.2725e+013	-6.2404e+013	6.2404e+013	5.2500e-015
3.160e+000	5.1464e-006	-6.3046e+013	-6.2725e+013	6.2725e+013	5.2500e-015
3.170e+000	5.1501e-006	-6.3368e+013	-6.3046e+013	6.3046e+013	5.2500e-015
3.180e+000	5.1537e-006	-6.3689e+013	-6.3368e+013	6.3368e+013	5.2500e-015
3.190e+000	5.1574e-006	-6.4011e+013	-6.3689e+013	6.3689e+013	5.2500e-015
3.200e+000	5.1610e-006	-6.4333e+013	-6.4011e+013	6.4011e+013	5.2500e-015
3.210e+000	5.1646e-006	-6.4656e+013	-6.4333e+013	6.4333e+013	5.2500e-015
3.220e+000	5.1682e-006	-6.4978e+013	-6.4656e+013	6.4656e+013	5.2500e-015
3.230e+000	5.1718e-006	-6.5301e+013	-6.4978e+013	6.4978e+013	5.2500e-015
3.240e+000	5.1753e-006	-6.5624e+013	-6.5301e+013	6.5301e+013	5.2500e-015
3.250e+000	5.1789e-006	-6.5947e+013	-6.5624e+013	6.5624e+013	5.2500e-015
3.260e+000	5.1824e-006	-6.6271e+013	-6.5947e+013	6.5947e+013	5.2500e-015
3.270e+000	5.1858e-006	-6.6595e+013	-6.6271e+013	6.6271e+013	5.2500e-015
3.280e+000	5.1893e-006	-6.6918e+013	-6.6595e+013	6.6594e+013	5.2500e-015
3.290e+000	5.1927e-006	-6.7243e+013	-6.6918e+013	6.6918e+013	5.2500e-015
3.300e+000	5.1962e-006	-6.7567e+013	-6.7243e+013	6.7242e+013	5.2500e-015
3.310e+000	5.1996e-006	-6.7891e+013	-6.7567e+013	6.7567e+013	5.2500e-015
3.320e+000	5.2029e-006	-6.8216e+013	-6.7891e+013	6.7891e+013	5.2500e-015
3.330e+000	5.2063e-006	-6.8541e+013	-6.8216e+013	6.8216e+013	5.2500e-015
3.340e+000	5.2096e-006	-6.8866e+013	-6.8541e+013	6.8541e+013	5.2500e-015
3.350e+000	5.2130e-006	-6.9192e+013	-6.8866e+013	6.8866e+013	5.2500e-015
3.360e+000	5.2163e-006	-6.9517e+013	-6.9192e+013	6.9192e+013	5.2500e-015
3.370e+000	5.2196e-006	-6.9843e+013	-6.9517e+013	6.9517e+013	5.2500e-015
3.380e+000	5.2228e-006	-7.0169e+013	-6.9843e+013	6.9843e+013	5.2500e-015
3.390e+000	5.2261e-006	-7.0495e+013	-7.0169e+013	7.0169e+013	5.2500e-015
3.400e+000	5.2293e-006	-7.0821e+013	-7.0495e+013	7.0495e+013	5.2500e-015
3.410e+000	5.2325e-006	-7.1148e+013	-7.0821e+013	7.0821e+013	5.2500e-015
3.420e+000	5.2357e-006	-7.1475e+013	-7.1148e+013	7.1148e+013	5.2500e-015
3.430e+000	5.2389e-006	-7.1802e+013	-7.1475e+013	7.1475e+013	5.2500e-015
3.440e+000	5.2420e-006	-7.2129e+013	-7.1802e+013	7.1802e+013	5.2500e-015
3.450e+000	5.2452e-006	-7.2456e+013	-7.2129e+013	7.2129e+013	5.2500e-015
3.460e+000	5.2483e-006	-7.2784e+013	-7.2456e+013	7.2456e+013	5.2500e-015
3.470e+000	5.2514e-006	-7.3112e+013	-7.2784e+013	7.2784e+013	5.2500e-015
3.480e+000	5.2545e-006	-7.3440e+013	-7.3112e+013	7.3112e+013	5.2500e-015
3.490e+000	5.2576e-006	-7.3768e+013	-7.3440e+013	7.3440e+013	5.2500e-015
3.500e+000	5.2607e-006	-7.4096e+013	-7.3768e+013	7.3768e+013	5.2500e-015
3.510e+000	5.2637e-006	-7.4425e+013	-7.4096e+013	7.4096e+013	5.2500e-015
3.520e+000	5.2667e-006	-7.4753e+013	-7.4425e+013	7.4425e+013	5.2500e-015
3.530e+000	5.2697e-006	-7.5082e+013	-7.4753e+013	7.4753e+013	5.2500e-015
3.540e+000	5.2727e-006	-7.5411e+013	-7.5082e+013	7.5082e+013	5.2500e-015
3.550e+000	5.2757e-006	-7.5741e+013	-7.5411e+013	7.5411e+013	5.2500e-015
3.560e+000	5.2787e-006	-7.6070e+013	-7.5741e+013	7.5741e+013	5.2500e-015
3.570e+000	5.2816e-006	-7.6400e+013	-7.6070e+013	7.6070e+013	5.2500e-015
3.580e+000	5.2846e-006	-7.6730e+013	-7.6400e+013	7.6400e+013	5.2500e-015
3.590e+000	5.2875e-006	-7.7060e+013	-7.6730e+013	7.6730e+013	5.2500e-015
3.600e+000	5.2904e-006	-7.7390e+013	-7.7060e+013	7.7060e+013	5.2500e-015
3.610e+000	5.2933e-006	-7.7720e+013	-7.7390e+013	7.7390e+013	5.2500e-015
3.620e+000	5.2962e-006	-7.8051e+013	-7.7720e+013	7.7720e+013	5.2500e-015
3.630e+000	5.2990e-006	-7.8382e+013	-7.8051e+013	7.8051e+013	5.2500e-015
3.640e+000	5.3019e-006	-7.8713e+013	-7.8382e+013	7.8382e+013	5.2500e-015
3.650e+000	5.3047e-006	-7.9044e+013	-7.8713e+013	7.8712e+013	5.2500e-015
3.660e+000	5.3075e-006	-7.9375e+013	-7.9044e+013	7.9044e+013	5.2500e-015
3.670e+000	5.3103e-006	-7.9706e+013	-7.9375e+013	7.9375e+013	5.2500e-015
3.680e+000	5.3131e-006	-8.0038e+013	-7.9706e+013	7.9706e+013	5.2500e-015
3.690e+000	5.3159e-006	-8.0370e+013	-8.0038e+013	8.0038e+013	5.2500e-015
3.700e+000	5.3187e-006	-8.0702e+013	-8.0370e+013	8.0370e+013	5.2500e-015
3.710e+000	5.3214e-006	-8.1034e+013	-8.0702e+013	8.0702e+013	5.2500e-015
3.720e+000	5.3242e-006	-8.1366e+013	-8.1034e+013	8.1034e+013	5.2500e-015
3.730e+000	5.3269e-006	-8.1699e+013	-8.1366e+013	8.1366e+013	5.2500e-015
3.740e+000	5.3296e-006	-8.2031e+013	-8.1699e+013	8.1699e+013	5.2500e-015
3.750e+000	5.3323e-006	-8.2364e+013	-8.2031e+013	8.2031e+013	5.2500e-015
3.760e+000	5.3350e-006	-8.2697e+013	-8.2364e+013	8.2364e+013	5.2500e-015
3.770e+000	5.3377e-006	-8.3030e+013	-8.2697e+013	8.2697e+013	5.2500e-015
3.780e+000	5.3404e-006	-8.3364e+013	-8.3030e+013	8.3030e+013	5.2500e-015
3.790e+000	5.3430e-006	-8.3697e+013	-8.3364e+013	8.3364e+013	5.2500e-015
3.800e+000	5.3456e-006	-8.4031e+013	-8.3697e+013	8.3697e+013	5.2500e-015
3.810e+000	5.3483e-006	-8.4364e+013	-8.4031e+013	8.4031e+013	5.2500e-015
3.820e+000	5.3509e-006	-8.4698e+013	-8.4364e+013	8.4364e+013	5.2500e-015
3.830e+000	5.3535e-006	-8.5033e+013	-8.4698e+013	8.4698e+013	5.2500e-015
3.840e+000	5.3561e-006	-8.5367e+013	-8.5033e+013	8.5033e+013	5.2500e-015
3.850e+000	5.3587e-006	-8.5701e+013	-8.5367e+013	8.5367e+013	5.2500e-015
3.860e+000	5.3612e-006	-8.6036e+013	-8.5701e+013	8.5701e+013	5.2500e-015
3.870e+000	5.3638e-006	-8.6371e+013	-8.6036e+013	8.6036e+013	5.2500e-015
3.880e+000	5.3663e-006	-8.6706e+013	-8.6371e+013	8.6371e+013	5.2500e-015
3.890e+000	5.3689e-006	-8.7041e+013	-8.6706e+013	8.6706e+013	5.2500e-015
3.900e+000	5.3714e-006	-8.7376e+013	-8.7041e+013	8.7041e+013	5.2500e-015
3.910e+000	5.3739e-006	-8.7711e+013	-8.7376e+013	8.7376e+013	5.2500e-015
3.920e+000	5.3764e-006	-8.8047e+013	-8.7711e+013	8.7711e+013	5.2500e-015
3.930e+000	5.3789e-006	-8.8383e+013	-8.8047e+013	8.8047e+013	5.2500e-015
3.940e+000	5.3814e-006	-8.8719e+013	-8.8383e+013	8.8383e+013	5.2500e-015
3.950e+000	5.3838e-006	-8.9055e+013	-8.8719e+013	8.8719e+013	5.2500e-015
3.960e+000	5.3863e-006	-8.9391e+013	-8.9055e+013	8.9055e+013	5.2500e-015
3.970e+000	5.3887e-006	-8.9727e+013	-8.9391e+013	8.9391e+013	5.2500e-015
3.980e+000	5.3912e-006	-9.0064e+013	-8.9727e+013	8.9727e+013	5.2500e-015
3.990e+000	5.3936e-006	-9.0400e+013	-9.0064e+013	9.0064e+013	5.2500e-015
4.000e+000	5.3960e-006	-9.0737e+013	-9.0400e+013	9.0400e+013	5.2500e-015
4.010e+000	5.3984e-006	-9.1074e+013	-9.0737e+013	9.0737e+013	5.2500e-015
4.020e+000	5.4008e-006	-9.1411e+013	-9.1074e+013	9.1074e+013	5.2500e-015
4.030e+000	5.4032e-006	-9.1748e+013	-9.1411e+013	9.1411e+013	5.2500e-015
4.040e+000	5.4056e-006	-9.2086e+013	-9.1748e+013	9.1748e+013	5.2500e-015
4.050e+000	5.4080e-006	-9.2423e+013	-9.2086e+013	9.2086e+013	5.2500e-015
4.060e+000	5.4103e-006	-9.2761e+013	-9.2423e+013	9.2423e+013	5.2500e-015
4.070e+000	5.4127e-006	-9.3099e+013	-9.2761e+013	9.2761e+013	5.2500e-015
4.080e+000	5.4150e-006	-9.3437e+013	-9.3099e+013	9.3099e+013	5.2500e-015
4.090e+000	5.4173e-006	-9.3775e+013	-9.3437e+013	9.3437e+013	5.2500e-015
4.100e+000	5.4196e-006	-9.4113e+013	-9.3775e+013	9.3775e+013	5.2500e-015
4.110e+000	5.4219e-006	-9.4452e+013	-9.4113e+013	9.4113e+013	5.2500e-015
4.120e+000	5.4242e-006	-9.4790e+013	-9.4452e+013	9.4452e+013	5.2500e-015
4.130e+000	5.4265e-006	-9.5129e+013	-9.4790e+013	9.4790e+013	5.2500e-015
4.140e+000	5.4288e-006	-9.5468e+013	-9.5129e+013	9.5129e+013	5.2500e-015
4.150e+000	5.4311e-006	-9.5807e+013	-9.5468e+013	9.5468e+013	5.2500e-015
4.160e+000	5.4333e-006	-9.6146e+013	-9.5807e+013	9.5807e+013	5.2500e-015
4.170e+000	5.4356e-006	-9.6485e+013	-9.6146e+013	9.6146e+013	5.2500e-015
4.180e+000	5.4378e-006	-9.6824e+013	-9.6485e+013	9.6485e+013	5.2500e-015
4.190e+000	5.4401e-006	-9.7164e+013	-9.6824e+013	9.6824e+013	5.2500e-015
4.200e+000	5.4423e-006	-9.7504e+013	-9.7164e+013	9.7164e+013	5.2500e-015
4.210e+000	5.4445e-006	-9.7844e+013	-9.7504e+013	9.7504e+013	5.2500e-015
4.220e+000	5.4467e-006	-9.8183e+013	-9.7844e+013	9.7843e+013	5.2500e-015
4.230e+000	5.4489e-006	-9.8524e+013	-9.8183e+013	9.8183e+013	5.2500e-015
4.240e+000	5.4511e-006	-9.8864e+013	-9.8524e+013	9.8524e+013	5.2500e-015
4.250e+000	5.4533e-006	-9.9204e+013	-9.8864e+013	9.8864e+013	5.2500e-015
4.260e+000	5.4555e-006	-9.9545e+013	-9.9204e+013	9.9204e+013	5.2500e-015
4.270e+000	5.4576e-006	-9.9885e+013	-9.9545e+013	9.9545e+013	5.2500e-015
4.280e+000	5.4598e-006	-1.0023e+014	-9.9885e+013	9.9885e+013	5.2500e-015
4.290e+000	5.4619e-006	-1.0057e+014	-1.0023e+014	1.0023e+014	5.2500e-015
4.300e+000	5.4641e-006	-1.0091e+014	-1.0057e+014	1.0057e+014	5.2500e-015
4.310e+000	5.4662e-006	-1.0125e+014	-1.0091e+014	1.0091e+014	5.2500e-015
4.320e+000	5.4683e-006	-1.0159e+014	-1.0125e+014	1.0125e+014	5.2500e-015
4.330e+000	5.4705e-006	-1.0193e+014	-1.0159e+014	1.0159e+014	5.2500e-015
4.340e+000	5.4726e-006	-1.0227e+014	-1.0193e+014	1.0193e+014	5.2500e-015
4.350e+000	5.4747e-006	-1.0262e+014	-1.0227e+014	1.0227e+014	5.2500e-015
4.360e+000	5.4768e-006	-1.0296e+014	-1.0262e+014	1.0262e+014	5.2500e-015
4.370e+000	5.4788e-006	-1.0330e+014	-1.0296e+014	1.0296e+014	5.2500e-015
4.380e+000	5.4809e-006	-1.0364e+014	-1.0330e+014	1.0330e+014	5.2500e-015
4.390e+000	5.4830e-006	-1.0398e+014	-1.0364e+014	1.0364e+014	5.2500e-015
4.400e+000	5.4850e-006	-1.0433e+014	-1.0398e+014	1.0398e+014	5.2500e-015
4.410e+000	5.4871e-006	-1.0467e+014	-1.0433e+014	1.0433e+014	5.2500e-015
4.420e+000	5.4891e-006	-1.0501e+014	-1.0467e+014	1.0467e+014	5.2500e-015
4.430e+000	5.4912e-006	-1.0535e+014	-1.0501e+014	1.0501e+014	5.2500e-015
4.440e+000	5.4932e-006	-1.0570e+014	-1.0535e+014	1.0535e+014	5.2500e-015
4.450e+000	5.4952e-006	-1.0604e+014	-1.0570e+014	1.0570e+014	5.2500e-015
4.460e+000	5.4973e-006	-1.0638e+014	-1.0604e+014	1.0604e+014	5.2500e-015
4.470e+000	5.4993e-006	-1.0673e+014	-1.0638e+014	1.0638e+014	5.2500e-015
4.480e+000	5.5013e-006	-1.0707e+014	-1.0673e+014	1.0673e+014	5.2500e-015
4.490e+000	5.5033e-006	-1.0741e+014	-1.0707e+014	1.0707e+014	5.2500e-015
4.500e+000	5.5053e-006	-1.0776e+014	-1.0741e+014	1.0741e+014	5.2500e-015
4.510e+000	5.5072e-006	-1.0810e+014	-1.0776e+014	1.0776e+014	5.2500e-015
4.520e+000	5.5092e-006	-1.0844e+014	-1.0810e+014	1.0810e+014	5.2500e-015
4.530e+000	5.5112e-006	-1.0879e+014	-1.0844e+014	1.0844e+014	5.2500e-015
4.540e+000	5.5131e-006	-1.0913e+014	-1.0879e+014	1.0879e+014	5.2500e-015
4.550e+000	5.5151e-006	-1.0948e+014	-1.0913e+014	1.0913e+014	5.2500e-015
4.560e+000	5.5169e-006	-1.0982e+014	-1.0948e+014	1.0948e+014	5.2500e-015
4.570e+000	5.5188e-006	-1.1016e+014	-1.0982e+014	1.0982e+014	5.2500e-015
4.580e+000	5.5207e-006	-1.1051e+014	-1.1016e+014	1.1016e+014	5.2500e-015
4.590e+000	5.5227e-006	-1.1085e+014	-1.1051e+014	1.1051e+014	5.2500e-015
4.600e+000	5.5246e-006	-1.1120e+014	-1.1085e+014	1.1085e+014	5.2500e-015
4.610e+000	5.5265e-006	-1.1154e+014	-1.1120e+014	1.1120e+014	5.2500e-015
4.620e+000	5.5284e-006	-1.1189e+014	-1.1154e+014	1.1154e+014	5.2500e-015
4.630e+000	5.5303e-006	-1.1223e+014	-1.1189e+014	1.1189e+014	5.2500e-015
4.640e+000	5.5322e-006	-1.1258e+014	-1.1223e+014	1.1223e+014	5.2500e-015
4.650e+000	5.5341e-006	-1.1292e+014	-1.1258e+014	1.1258e+014	5.2500e-015
4.660e+000	5.5359e-006	-1.1327e+014	-1.1292e+014	1.1292e+014	5.2500e-015
4.670e+000	5.5378e-006	-1.1362e+014	-1.1327e+014	1.1327e+014	5.2500e-015
4.680e+000	5.5397e-006	-1.1396e+014	-1.1362e+014	1.1362e+014	5.2500e-015
4.690e+000	5.5416e-006	-1.1431e+014	-1.1396e+014	1.1396e+014	5.2500e-015
4.700e+000	5.5434e-006	-1.1465e+014	-1.1431e+014	1.1431e+014	5.2500e-015
4.710e+000	5.5453e-006	-1.1500e+014	-1.1465e+014	1.1465e+014	5.2500e-015
4.720e+000	5.5471e-006	-1.1535e+014	-1.1500e+014	1.1500e+014	5.2500e-015
4.730e+000	5.5489e-006	-1.1569e+014	-1.1535e+014	1.1535e+014	5.2500e-015
4.740e+000	5.5508e-006	-1.1604e+014	-1.1569e+014	1.1569e+014	5.2500e-015
4.750e+000	5.5526e-006	-1.1639e+014	-1.1604e+014	1.1604e+014	5.2500e-015
4.760e+000	5.5544e-006	-1.1673e+014	-1.1639e+014	1.1639e+014	5.2500e-015
4.770e+000	5.5562e-006	-1.1708e+014	-1.1673e+014	1.1673e+014	5.2500e-015
4.780e+000	5.5580e-006	-1.1743e+014	-1.1708e+014	1.1708e+014	5.2500e-015
4.790e+000	5.5598e-006	-1.1777e+014	-1.1743e+014	1.1743e+014	5.2500e-015
4.800e+000	5.5616e-006	-1.1812e+014	-1.1777e+014	1.1777e+014	5.2500e-015
4.810e+000	5.5634e-006	-1.1847e+014	-1.1812e+014	1.1812e+014	5.2500e-015
4.820e+000	5.5652e-006	-1.1881e+014	-1.1847e+014	1.1847e+014	5.2500e-015
4.830e+000	5.5670e-006	-1.1916e+014	-1.1881e+014	1.1881e+014	5.2500e-015
4.840e+000	5.5687e-006	-1.1951e+014	-1.1916e+014	1.1916e+014	5.2500e-015
4.850e+000	5.5705e-006	-1.1986e+014	-1.1951e+014	1.1951e+014	5.2500e-015
4.860e+000	5.5723e-006	-1.2020e+014	-1.1986e+014	1.1986e+014	5.2500e-015
4.870e+000	5.5740e-006	-1.2055e+014	-1.2020e+014	1.2020e+014	5.2500e-015
4.880e+000	5.5758e-006	-1.2090e+014	-1.2055e+014	1.2055e+014	5.2500e-015
4.890e+000	5.5775e-006	-1.2125e+014	-1.2090e+014	1.2090e+014	5.2500e-015
4.900e+000	5.5792e-006	-1.2160e+014	-1.2125e+014	1.2125e+014	5.2500e-015
4.910e+000	5.5810e-006	-1.2195e+014	-1.2160e+014	1.2160e+014	5.2500e-015
4.920e+000	5.5827e-006	-1.2229e+014	-1.2195e+014	1.2195e+014	5.2500e-015
4.930e+000	5.5844e-006	-1.2264e+014	-1.2229e+014	1.2229e+014	5.2500e-015
4.940e+000	5.5861e-006	-1.2299e+014	-1.2264e+014	1.2264e+014	5.2500e-015
4.950e+000	5.5878e-006	-1.2334e+014	-1.2299e+014	1.2299e+014	5.2500e-015
4.960e+000	5.5895e-006	-1.2369e+014	-1.2334e+014	1.2334e+014	5.2500e-015
4.970e+000	5.5912e-006	-1.2404e+014	-1.2369e+014	1.2369e+014	5.2500e-015
4.980e+000	5.5929e-006	-1.2439e+014	-1.2404e+014	1.2404e+014	5.2500e-015
4.990e+000	5.5946e-006	-1.2474e+014	-1.2439e+014	1.2439e+014	5.2500e-015
5.000e+000	5.5963e-006	-1.2509e+014	-1.2474e+014	1.2474e+014	5.2500e-015
5.010e+000	5.5980e-006	-1.2543e+014	-1.2509e+014	1.2509e+014	5.2500e-015
5.020e+000	5.5997e-006	-1.2578e+014	-1.2543e+014	1.2543e+014	5.2500e-015
5.030e+000	5.6013e-006	-1.2613e+014	-1.2578e+014	1.2578e+014	5.2500e-015
5.040e+000	5.6030e-006	-1.2648e+014	-1.2613e+014	1.2613e+014	5.2500e-015
5.050e+000	5.6047e-006	-1.2683e+014	-1.2648e+014	1.2648e+014	5.2500e-015
5.060e+000	5.6063e-006	-1.2718e+014	-1.2683e+014	1.2683e+014	5.2500e-015
5.070e+000	5.6080e-006	-1.2753e+014	-1.2718e+014	1.2718e+014	5.2500e-015
5.080e+000	5.6096e-006	-1.2788e+014	-1.2753e+014	1.2753e+014	5.2500e-015
5.090e+000	5.6112e-006	-1.2823e+014	-1.2788e+014	1.2788e+014	5.2500e-015
5.100e+000	5.6129e-006	-1.2858e+014	-1.2823e+014	1.2823e+014	5.2500e-015
5.110e+000	5.6145e-006	-1.2893e+014	-1.2858e+014	1.2858e+014	5.2500e-015
5.120e+000	5.6161e-006	-1.2928e+014	-1.2893e+014	1.2893e+014	5.2500e-015
5.130e+000	5.6177e-006	-1.2964e+014	-1.2928e+014	1.2928e+014	5.2500e-015
5.140e+000	5.6194e-006	-1.2999e+014	-1.2964e+014	1.2964e+014	5.2500e-015
5.150e+000	5.6210e-006	-1.3034e+014	-1.2999e+014	1.2999e+014	5.2500e-015
5.160e+000	5.6226e-006	-1.3069e+014	-1.3034e+014	1.3034e+014	5.2500e-015
5.170e+000	5.6242e-006	-1.3104e+014	-1.3069e+014	1.3069e+014	5.2500e-015
5.180e+000	5.6258e-006	-1.3139e+014	-1.3104e+014	1.3104e+014	5.2500e-015
5.190e+000	5.6274e-006	-1.3174e+014	-1.3139e+014	1.3139e+014	5.2500e-015
5.200e+000	5.6289e-006	-1.3209e+014	-1.3174e+014	1.3174e+014	5.2500e-015
5.210e+000	5.6305e-006	-1.3244e+014	-1.3209e+014	1.3209e+014	5.2500e-015
5.220e+000	5.6321e-006	-1.3280e+014	-1.3244e+014	1.3244e+014	5.2500e-015
5.230e+000	5.6337e-006	-1.3315e+014	-1.3280e+014	1.3280e+014	5.2500e-015
5.240e+000	5.6352e-006	-1.3350e+014	-1.3315e+014	1.3315e+014	5.2500e-015
5.250e+000	5.6368e-006	-1.3385e+014	-1.3350e+014	1.3350e+014	5.2500e-015
5.260e+000	5.6384e-006	-1.3420e+014	-1.3385e+014	1.3385e+014	5.2500e-015
5.270e+000	5.6399e-006	-1.3455e+014	-1.3420e+014	1.3420e+014	5.2500e-015
5.280e+000	5.6415e-006	-1.3491e+014	-1.3455e+014	1.3455e+014	5.2500e-015
5.290e+000	5.6430e-006	-1.3526e+014	-1.3491e+014	1.3491e+014	5.2500e-015
5.300e+000	5.6446e-006	-1.3561e+014	-1.3526e+014	1.3526e+014	5.2500e-015
5.310e+000	5.6461e-006	-1.3596e+014	-1.3561e+014	1.3561e+014	5.2500e-015
5.320e+000	5.6476e-006	-1.3632e+014	-1.3596e+014	1.3596e+014	5.2500e-015
5.330e+000	5.6491e-006	-1.3667e+014	-1.3632e+014	1.3632e+014	5.2500e-015
5.340e+000	5.6507e-006	-1.3702e+014	-1.3667e+014	1.3667e+014	5.2500e-015
5.350e+000	5.6522e-006	-1.3737e+014	-1.3702e+014	1.3702e+014	5.2500e-015
5.360e+000	5.6537e-006	-1.3773e+014	-1.3737e+014	1.3737e+014	5.2500e-015
5.370e+000	5.6552e-006	-1.3808e+014	-1.3773e+014	1.3773e+014	5.2500e-015
5.380e+000	5.6567e-006	-1.3843e+014	-1.3808e+014	1.3808e+014	5.2500e-015
5.390e+000	5.6582e-006	-1.3879e+014	-1.3843e+014	1.3843e+014	5.2500e-015
5.400e+000	5.6597e-006	-1.3914e+014	-1.3879e+014	1.3879e+014	5.2500e-015
5.410e+000	5.6612e-006	-1.3949e+014	-1.3914e+014	1.3914e+014	5.2500e-015
5.420e+000	5.6627e-006	-1.3985e+014	-1.3949e+014	1.3949e+014	5.2500e-015
5.430e+000	5.6642e-006	-1.4020e+014	-1.3985e+014	1.3985e+014	5.2500e-015
5.440e+000	5.6657e-006	-1.4055e+014	-1.4020e+014	1.4020e+014	5.2500e-015
5.450e+000	5.6671e-006	-1.4091e+014	-1.4055e+014	1.4055e+014	5.2500e-015
5.460e+000	5.6686e-006	-1.4126e+014	-1.4091e+014	1.4091e+014	5.2500e-015
5.470e+000	5.6701e-006	-1.4162e+014	-1.4126e+014	1.4126e+014	5.2500e-015
5.480e+000	5.6716e-006	-1.4197e+014	-1.4162e+014	1.4162e+014	5.2500e-015
5.490e+000	5.6730e-006	-1.4232e+014	-1.4197e+014	1.4197e+014	5.2500e-015
5.500e+000	5.6745e-006	-1.4268e+014	-1.4232e+014	1.4232e+014	5.2500e-015
5.510e+000	5.6759e-006	-1.4303e+014	-1.4268e+014	1.4268e+014	5.2500e-015
5.520e+000	5.6774e-006	-1.4339e+014	-1.4303e+014	1.4303e+014	5.2500e-015
5.530e+000	5.6788e-006	-1.4374e+014	-1.4339e+014	1.4339e+014	5.2500e-015
5.540e+000	5.6803e-006	-1.4409e+014	-1.4374e+014	1.4374e+014	5.2500e-015
5.550e+000	5.6817e-006	-1.4445e+014	-1.4409e+014	1.4409e+014	5.2500e-015
5.560e+000	5.6831e-006	-1.4480e+014	-1.4445e+014	1.4445e+014	5.2500e-015
5.570e+000	5.6846e-006	-1.4516e+014	-1.4480e+014	1.4480e+014	5.2500e-015
5.580e+000	5.6860e-006	-1.4551e+014	-1.4516e+014	1.4516e+014	5.2500e-015
5.590e+000	5.6874e-006	-1.4587e+014	-1.4551e+014	1.4551e+014	5.2500e-015
5.600e+000	5.6888e-006	-1.4622e+014	-1.4587e+014	1.4587e+014	5.2500e-015
5.610e+000	5.6902e-006	-1.4658e+014	-1.4622e+014	1.4622e+014	5.2500e-015
5.620e+000	5.6917e-006	-1.4693e+014	-1.4658e+014	1.4658e+014	5.2500e-015
5.630e+000	5.6931e-006	-1.4729e+014	-1.4693e+014	1.4693e+014	5.2500e-015
5.640e+000	5.6945e-006	-1.4765e+014	-1.4729e+014	1.4729e+014	5.2500e-015
5.650e+000	5.6959e-006	-1.4800e+014	-1.4765e+014	1.4765e+014	5.2500e-015
5.660e+000	5.6973e-006	-1.4836e+014	-1.4800e+014	1.4800e+014	5.2500e-015
5.670e+000	5.6987e-006	-1.4871e+014	-1.4836e+014	1.4836e+014	5.2500e-015
5.680e+000	5.7000e-006	-1.4907e+014	-1.4871e+014	1.4871e+014	5.2500e-015
5.690e+000	5.7014e-006	-1.4942e+014	-1.4907e+014	1.4907e+014	5.2500e-015
5.700e+000	5.7028e-006	-1.4978e+014	-1.4942e+014	1.4942e+014	5.2500e-015
5.710e+000	5.7042e-006	-1.5014e+014	-1.4978e+014	1.4978e+014	5.2500e-015
5.720e+000	5.7056e-006	-1.5049e+014	-1.5014e+014	1.5014e+014	5.2500e-015
5.730e+000	5.7069e-006	-1.5085e+014	-1.5049e+014	1.5049e+014	5.2500e-015
5.740e+000	5.7083e-006	-1.5120e+014	-1.5085e+014	1.5085e+014	5.2500e-015
5.750e+000	5.7097e-006	-1.5156e+014	-1.5120e+014	1.5120e+014	5.2500e-015
5.760e+000	5.7110e-006	-1.5192e+014	-1.5156e+014	1.5156e+014	5.2500e-015
5.770e+000	5.7124e-006	-1.5227e+014	-1.5192e+014	1.5192e+014	5.2500e-015
5.780e+000	5.7137e-006	-1.5263e+014	-1.5227e+014	1.5227e+014	5.2500e-015
5.790e+000	5.7151e-006	-1.5299e+014	-1.5263e+014	1.5263e+014	5.2500e-015
5.800e+000	5.7164e-006	-1.5334e+014	-1.5299e+014	1.5299e+014	5.2500e-015
5.810e+000	5.7178e-006	-1.5370e+014	-1.5334e+014	1.5334e+014	5.2500e-015
5.820e+000	5.7191e-006	-1.5406e+014	-1.5370e+014	1.5370e+014	5.2500e-015
5.830e+000	5.7205e-006	-1.5441e+014	-1.5406e+014	1.5406e+014	5.2500e-015
5.840e+000	5.7218e-006	-1.5477e+014	-1.5441e+014	1.5441e+014	5.2500e-015
5.850e+000	5.7231e-006	-1.5513e+014	-1.5477e+014	1.5477e+014	5.2500e-015
5.860e+000	5.7244e-006	-1.5549e+014	-1.5513e+014	1.5513e+014	5.2500e-015
5.870e+000	5.7258e-006	-1.5584e+014	-1.5549e+014	1.5549e+014	5.2500e-015
5.880e+000	5.7271e-006	-1.5620e+014	-1.5584e+014	1.5584e+014	5.2500e-015
5.890e+000	5.7284e-006	-1.5656e+014	-1.5620e+014	1.5620e+014	5.2500e-015
5.900e+000	5.7297e-006	-1.5692e+014	-1.5656e+014	1.5656e+014	5.2500e-015
5.910e+000	5.7310e-006	-1.5727e+014	-1.5692e+014	1.5692e+014	5.2500e-015
5.920e+000	5.7323e-006	-1.5763e+014	-1.5727e+014	1.5727e+014	5.2500e-015
5.930e+000	5.7336e-006	-1.5799e+014	-1.5763e+014	1.5763e+014	5.2500e-015
5.940e+000	5.7349e-006	-1.5835e+014	-1.5799e+014	1.5799e+014	5.2500e-015
5.950e+000	5.7362e-006	-1.5871e+014	-1.5835e+014	1.5835e+014	5.2500e-015
5.960e+000	5.7375e-006	-1.5906e+014	-1.5871e+014	1.5871e+014	5.2500e-015
5.970e+000	5.7388e-006	-1.5942e+014	-1.5906e+014	1.5906e+014	5.2500e-015
5.980e+000	5.7401e-006	-1.5978e+014	-1.5942e+014	1.5942e+014	5.2500e-015
5.990e+000	5.7414e-006	-1.6014e+014	-1.5978e+014	1.5978e+014	5.2500e-015
6.000e+000	5.7427e-006	-1.6050e+014	-1.6014e+014	1.6014e+014	5.2500e-015
6.010e+000	5.7440e-006	-1.6086e+014	-1.6050e+014	1.6050e+014	5.2500e-015
6.020e+000	5.7452e-006	-1.6121e+014	-1.6086e+014	1.6086e+014	5.2500e-015
6.030e+000	5.7465e-006	-1.6157e+014	-1.6121e+014	1.6121e+014	5.2500e-015
6.040e+000	5.7478e-006	-1.6193e+014	-1.6157e+014	1.6157e+014	5.2500e-015
6.050e+000	5.7490e-006	-1.6229e+014	-1.6193e+014	1.6193e+014	5.2500e-015
6.060e+000	5.7503e-006	-1.6265e+014	-1.6229e+014	1.6229e+014	5.2500e-015
6.070e+000	5.7516e-006	-1.6301e+014	-1.6265e+014	1.6265e+014	5.2500e-015
6.080e+000	5.7528e-006	-1.6337e+014	-1.6301e+014	1.6301e+014	5.2500e-015
6.090e+000	5.7541e-006	-1.6373e+014	-1.6337e+014	1.6337e+014	5.2500e-015
6.100e+000	5.7553e-006	-1.6409e+014	-1.6373e+014	1.6373e+014	5.2500e-015
6.110e+000	5.7566e-006	-1.6444e+014	-1.6409e+014	1.6409e+014	5.2500e-015
6.120e+000	5.7578e-006	-1.6480e+014	-1.6444e+014	1.6444e+014	5.2500e-015
6.130e+000	5.7591e-006	-1.6516e+014	-1.6480e+014	1.6480e+014	5.2500e-015
6.140e+000	5.7603e-006	-1.6552e+014	-1.6516e+014	1.6516e+014	5.2500e-015
6.150e+000	5.7615e-006	-1.6588e+014	-1.6552e+014	1.6552e+014	5.2500e-015
6.160e+000	5.7628e-006	-1.6624e+014	-1.6588e+014	1.6588e+014	5.2500e-015
6.170e+000	5.7640e-006	-1.6660e+014	-1.6624e+014	1.6624e+014	5.2500e-015
6.180e+000	5.7652e-006	-1.6696e+014	-1.6660e+014	1.6660e+014	5.2500e-015
6.190e+000	5.7665e-006	-1.6732e+014	-1.6696e+014	1.6696e+014	5.2500e-015
6.200e+000	5.7677e-006	-1.6768e+014	-1.6732e+014	1.6732e+014	5.2500e-015
6.210e+000	5.7689e-006	-1.6804e+014	-1.6768e+014	1.6768e+014	5.2500e-015
6.220e+000	5.7701e-006	-1.6840e+014	-1.6804e+014	1.6804e+014	5.2500e-015
6.230e+000	5.7713e-006	-1.6876e+014	-1.6840e+014	1.6840e+014	5.2500e-015
6.240e+000	5.7725e-006	-1.6912e+014	-1.6876e+014	1.6876e+014	5.2500e-015
6.250e+000	5.7738e-006	-1.6948e+014	-1.6912e+014	1.6912e+014	5.2500e-015
6.260e+000	5.7750e-006	-1.6984e+014	-1.6948e+014	1.6948e+014	5.2500e-015
6.270e+000	5.7762e-006	-1.7020e+014	-1.6984e+014	1.6984e+014	5.2500e-015
6.280e+000	5.7774e-006	-1.7056e+014	-1.7020e+014	1.7020e+014	5.2500e-015
6.290e+000	5.7786e-006	-1.7093e+014	-1.7056e+014	1.7056e+014	5.2500e-015
6.300e+000	5.7798e-006	-1.7129e+014	-1.7093e+014	1.7093e+014	5.2500e-015
6.310e+000	5.7809e-006	-1.7165e+014	-1.7129e+014	1.7129e+014	5.2500e-015
6.320e+000	5.7821e-006	-1.7201e+014	-1.7165e+014	1.7165e+014	5.2500e-015
6.330e+000	5.7833e-006	-1.7237e+014	-1.7201e+014	1.7201e+014	5.2500e-015
6.340e+000	5.7845e-006	-1.7273e+014	-1.7237e+014	1.7237e+014	5.2500e-015
6.350e+000	5.7857e-006	-1.7309e+014	-1.7273e+014	1.7273e+014	5.2500e-015
6.360e+000	5.7869e-006	-1.7345e+014	-1.7309e+014	1.7309e+014	5.2500e-015
6.370e+000	5.7880e-006	-1.7381e+014	-1.7345e+014	1.7345e+014	5.2500e-015
6.380e+000	5.7892e-006	-1.7417e+014	-1.7381e+014	1.7381e+014	5.2500e-015
6.390e+000	5.7904e-006	-1.7454e+014	-1.7417e+014	1.7417e+014	5.2500e-015
6.400e+000	5.7916e-006	-1.7490e+014	-1.7454e+014	1.7454e+014	5.2500e-015
6.410e+000	5.7927e-006	-1.7526e+014	-1.7490e+014	1.7490e+014	5.2500e-015
6.420e+000	5.7939e-006	-1.7562e+014	-1.7526e+014	1.7526e+014	5.2500e-015
6.430e+000	5.7950e-006	-1.7598e+014	-1.7562e+014	1.7562e+014	5.2500e-015
6.440e+000	5.7962e-006	-1.7634e+014	-1.7598e+014	1.7598e+014	5.2500e-015
6.450e+000	5.7973e-006	-1.7671e+014	-1.7634e+014	1.7634e+014	5.2500e-015
6.460e+000	5.7985e-006	-1.7707e+014	-1.7671e+014	1.7671e+014	5.2500e-015
6.470e+000	5.7997e-006	-1.7743e+014	-1.7707e+014	1.7707e+014	5.2500e-015
6.480e+000	5.8008e-006	-1.7779e+014	-1.7743e+014	1.7743e+014	5.2500e-015
6.490e+000	5.8019e-006	-1.7815e+014	-1.7779e+014	1.7779e+014	5.2500e-015
6.500e+000	5.8031e-006	-1.7852e+014	-1.7815e+014	1.7815e+014	5.2500e-015
6.510e+000	5.8042e-006	-1.7888e+014	-1.7852e+014	1.7852e+014	5.2500e-015
6.520e+000	5.8054e-006	-1.7924e+014	-1.7888e+014	1.7888e+014	5.2500e-015
6.530e+000	5.8065e-006	-1.7960e+014	-1.7924e+014	1.7924e+014	5.2500e-015
6.540e+000	5.8076e-006	-1.7997e+014	-1.7960e+014	1.7960e+014	5.2500e-015
6.550e+000	5.8088e-006	-1.8033e+014	-1.7997e+014	1.7997e+014	5.2500e-015
6.560e+000	5.8099e-006	-1.8069e+014	-1.8033e+014	1.8033e+014	5.2500e-015
6.570e+000	5.8110e-006	-1.8105e+014	-1.8069e+014	1.8069e+014	5.2500e-015
6.580e+000	5.8121e-006	-1.8142e+014	-1.8105e+014	1.8105e+014	5.2500e-015
6.590e+000	5.8133e-006	-1.8178e+014	-1.8142e+014	1.8142e+014	5.2500e-015
6.600e+000	5.8144e-006	-1.8214e+014	-1.8178e+014	1.8178e+014	5.2500e-015
6.610e+000	5.8155e-006	-1.8251e+014	-1.8214e+014	1.8214e+014	5.2500e-015
6.620e+000	5.8166e-006	-1.8287e+014	-1.8251e+014	1.8250e+014	5.2500e-015
6.630e+000	5.8177e-006	-1.8323e+014	-1.8287e+014	1.8287e+014	5.2500e-015
6.640e+000	5.8188e-006	-1.8359e+014	-1.8323e+014	1.8323e+014	5.2500e-015
6.650e+000	5.8199e-006	-1.8396e+014	-1.8359e+014	1.8359e+014	5.2500e-015
6.660e+000	5.8210e-006	-1.8432e+014	-1.8396e+014	1.8396e+014	5.2500e-015
6.670e+000	5.8221e-006	-1.8468e+014	-1.8432e+014	1.8432e+014	5.2500e-015
6.680e+000	5.8232e-006	-1.8505e+014	-1.8468e+014	1.8468e+014	5.2500e-015
6.690e+000	5.8243e-006	-1.8541e+014	-1.8505e+014	1.8505e+014	5.2500e-015
6.700e+000	5.8254e-006	-1.8577e+014	-1.8541e+014	1.8541e+014	5.2500e-015
6.710e+000	5.8265e-006	-1.8614e+014	-1.8577e+014	1.8577e+014	5.2500e-015
6.720e+000	5.8276e-006	-1.8650e+014	-1.8614e+014	1.8614e+014	5.2500e-015
6.730e+000	5.8287e-006	-1.8687e+014	-1.8650e+014	1.8650e+014	5.2500e-015
6.740e+000	5.8298e-006	-1.8723e+014	-1.8687e+014	1.8687e+014	5.2500e-015
6.750e+000	5.8309e-006	-1.8759e+014	-1.8723e+014	1.8723e+014	5.2500e-015
6.760e+000	5.8319e-006	-1.8796e+014	-1.8759e+014	1.8759e+014	5.2500e-015
6.770e+000	5.8330e-006	-1.8832e+014	-1.8796e+014	1.8796e+014	5.2500e-015
6.780e+000	5.8341e-006	-1.8869e+014	-1.8832e+014	1.8832e+014	5.2500e-015
6.790e+000	5.8352e-006	-1.8905e+014	-1.8869e+014	1.8869e+014	5.2500e-015
6.800e+000	5.8362e-006	-1.8941e+014	-1.8905e+014	1.8905e+014	5.2500e-015
6.810e+000	5.8373e-006	-1.8978e+014	-1.8941e+014	1.8941e+014	5.2500e-015
6.820e+000	5.8384e-006	-1.9014e+014	-1.8978e+014	1.8978e+014	5.2500e-015
6.830e+000	5.8394e-006	-1.9051e+014	-1.9014e+014	1.9014e+014	5.2500e-015
6.840e+000	5.8405e-006	-1.9087e+014	-1.9051e+014	1.9051e+014	5.2500e-015
6.850e+000	5.8416e-006	-1.9124e+014	-1.9087e+014	1.9087e+014	5.2500e-015
6.860e+000	5.8426e-006	-1.9160e+014	-1.9124e+014	1.9124e+014	5.2500e-015
6.870e+000	5.8437e-006	-1.9197e+014	-1.9160e+014	1.9160e+014	5.2500e-015
6.880e+000	5.8447e-006	-1.9233e+014	-1.9197e+014	1.9197e+014	5.2500e-015
6.890e+000	5.8458e-006	-1.9270e+014	-1.9233e+014	1.9233e+014	5.2500e-015
6.900e+000	5.8468e-006	-1.9306e+014	-1.9270e+014	1.9270e+014	5.2500e-015
6.910e+000	5.8479e-006	-1.9343e+014	-1.9306e+014	1.9306e+014	5.2500e-015
6.920e+000	5.8489e-006	-1.9379e+014	-1.9343e+014	1.9343e+014	5.2500e-015
6.930e+000	5.8500e-006	-1.9416e+014	-1.9379e+014	1.9379e+014	5.2500e-015
6.940e+000	5.8510e-006	-1.9452e+014	-1.9416e+014	1.9416e+014	5.2500e-015
6.950e+000	5.8520e-006	-1.9489e+014	-1.9452e+014	1.9452e+014	5.2500e-015
6.960e+000	5.8531e-006	-1.9525e+014	-1.9489e+014	1.9489e+014	5.2500e-015
6.970e+000	5.8541e-006	-1.9562e+014	-1.9525e+014	1.9525e+014	5.2500e-015
6.980e+000	5.8551e-006	-1.9598e+014	-1.9562e+014	1.9562e+014	5.2500e-015
6.990e+000	5.8562e-006	-1.9635e+014	-1.9598e+014	1.9598e+014	5.2500e-015
7.000e+000	5.8572e-006	-1.9671e+014	-1.9635e+014	1.9635e+014	5.2500e-015
