V	C (Fcm-2)	Initcharge (cm-2)	Finalcharge (cm-2)	ns Total (cm-2)	ps Total (cm-2)
-9.000e+000	4.8034e-017	-9.3457e+000	-6.3477e+000	6.3476e+000	5.2500e-015
-8.990e+000	4.8034e-017	-9.3457e+000	-6.3477e+000	6.3476e+000	5.2500e-015
-8.980e+000	4.8034e-017	-9.3457e+000	-6.3477e+000	6.3476e+000	5.2500e-015
-8.970e+000	4.8034e-017	-9.3457e+000	-6.3477e+000	6.3476e+000	5.2500e-015
-8.960e+000	4.8034e-017	-9.3457e+000	-6.3477e+000	6.3476e+000	5.2500e-015
-8.950e+000	4.8034e-017	-9.3457e+000	-6.3477e+000	6.3476e+000	5.2500e-015
-8.940e+000	4.8034e-017	-9.3457e+000	-6.3477e+000	6.3476e+000	5.2500e-015
-8.930e+000	4.8034e-017	-9.3457e+000	-6.3477e+000	6.3476e+000	5.2500e-015
-8.920e+000	4.8034e-017	-9.3457e+000	-6.3477e+000	6.3476e+000	5.2500e-015
-8.910e+000	4.8034e-017	-9.3457e+000	-6.3477e+000	6.3476e+000	5.2500e-015
-8.900e+000	4.8034e-017	-9.3457e+000	-6.3477e+000	6.3476e+000	5.2500e-015
-8.890e+000	4.8034e-017	-9.3457e+000	-6.3477e+000	6.3476e+000	5.2500e-015
-8.880e+000	4.8034e-017	-9.3457e+000	-6.3477e+000	6.3476e+000	5.2500e-015
-8.870e+000	4.8034e-017	-9.3457e+000	-6.3477e+000	6.3476e+000	5.2500e-015
-8.860e+000	4.8034e-017	-9.3457e+000	-6.3477e+000	6.3476e+000	5.2500e-015
-8.850e+000	4.8034e-017	-9.3457e+000	-6.3477e+000	6.3476e+000	5.2500e-015
-8.840e+000	4.8034e-017	-9.3457e+000	-6.3477e+000	6.3476e+000	5.2500e-015
-8.830e+000	4.8034e-017	-9.3457e+000	-6.3477e+000	6.3476e+000	5.2500e-015
-8.820e+000	4.8034e-017	-9.3457e+000	-6.3477e+000	6.3476e+000	5.2500e-015
-8.810e+000	4.8034e-017	-9.3457e+000	-6.3477e+000	6.3476e+000	5.2500e-015
-8.800e+000	4.8034e-017	-9.3457e+000	-6.3477e+000	6.3476e+000	5.2500e-015
-8.790e+000	4.8034e-017	-9.3457e+000	-6.3477e+000	6.3476e+000	5.2500e-015
-8.780e+000	4.8034e-017	-9.3457e+000	-6.3477e+000	6.3476e+000	5.2500e-015
-8.770e+000	4.8034e-017	-9.3457e+000	-6.3477e+000	6.3476e+000	5.2500e-015
-8.760e+000	4.8034e-017	-9.3457e+000	-6.3477e+000	6.3476e+000	5.2500e-015
-8.750e+000	4.8034e-017	-9.3457e+000	-6.3477e+000	6.3476e+000	5.2500e-015
-8.740e+000	4.8034e-017	-9.3457e+000	-6.3477e+000	6.3476e+000	5.2500e-015
-8.730e+000	4.8034e-017	-9.3457e+000	-6.3477e+000	6.3476e+000	5.2500e-015
-8.720e+000	4.8034e-017	-9.3457e+000	-6.3477e+000	6.3476e+000	5.2500e-015
-8.710e+000	4.8034e-017	-9.3457e+000	-6.3477e+000	6.3476e+000	5.2500e-015
-8.700e+000	4.8034e-017	-9.3457e+000	-6.3477e+000	6.3476e+000	5.2500e-015
-8.690e+000	4.8034e-017	-9.3457e+000	-6.3477e+000	6.3476e+000	5.2500e-015
-8.680e+000	4.8034e-017	-9.3457e+000	-6.3477e+000	6.3476e+000	5.2500e-015
-8.670e+000	4.8034e-017	-9.3457e+000	-6.3477e+000	6.3476e+000	5.2500e-015
-8.660e+000	4.8034e-017	-9.3457e+000	-6.3477e+000	6.3476e+000	5.2500e-015
-8.650e+000	4.8034e-017	-9.3457e+000	-6.3477e+000	6.3476e+000	5.2500e-015
-8.640e+000	4.8034e-017	-9.3457e+000	-6.3477e+000	6.3476e+000	5.2500e-015
-8.630e+000	4.8034e-017	-9.3457e+000	-6.3477e+000	6.3476e+000	5.2500e-015
-8.620e+000	4.8034e-017	-9.3457e+000	-6.3477e+000	6.3476e+000	5.2500e-015
-8.610e+000	4.8034e-017	-9.3457e+000	-6.3477e+000	6.3476e+000	5.2500e-015
-8.600e+000	4.8034e-017	-9.3457e+000	-6.3477e+000	6.3476e+000	5.2500e-015
-8.590e+000	4.8034e-017	-9.3457e+000	-6.3477e+000	6.3476e+000	5.2500e-015
-8.580e+000	4.8034e-017	-9.3457e+000	-6.3477e+000	6.3476e+000	5.2500e-015
-8.570e+000	4.8034e-017	-9.3457e+000	-6.3477e+000	6.3476e+000	5.2500e-015
-8.560e+000	4.8034e-017	-9.3457e+000	-6.3477e+000	6.3476e+000	5.2500e-015
-8.550e+000	4.8034e-017	-9.3457e+000	-6.3477e+000	6.3476e+000	5.2500e-015
-8.540e+000	4.8034e-017	-9.3457e+000	-6.3477e+000	6.3476e+000	5.2500e-015
-8.530e+000	4.8034e-017	-9.3457e+000	-6.3477e+000	6.3476e+000	5.2500e-015
-8.520e+000	4.8034e-017	-9.3457e+000	-6.3477e+000	6.3476e+000	5.2500e-015
-8.510e+000	4.8034e-017	-9.3457e+000	-6.3477e+000	6.3476e+000	5.2500e-015
-8.500e+000	4.8034e-017	-9.3457e+000	-6.3477e+000	6.3476e+000	5.2500e-015
-8.490e+000	4.8034e-017	-9.3457e+000	-6.3477e+000	6.3476e+000	5.2500e-015
-8.480e+000	4.8034e-017	-9.3457e+000	-6.3477e+000	6.3476e+000	5.2500e-015
-8.470e+000	4.8034e-017	-9.3457e+000	-6.3477e+000	6.3476e+000	5.2500e-015
-8.460e+000	4.8034e-017	-9.3457e+000	-6.3477e+000	6.3476e+000	5.2500e-015
-8.450e+000	4.8034e-017	-9.3457e+000	-6.3477e+000	6.3476e+000	5.2500e-015
-8.440e+000	4.8034e-017	-9.3457e+000	-6.3477e+000	6.3476e+000	5.2500e-015
-8.430e+000	4.8034e-017	-9.3457e+000	-6.3477e+000	6.3476e+000	5.2500e-015
-8.420e+000	4.8034e-017	-9.3457e+000	-6.3477e+000	6.3476e+000	5.2500e-015
-8.410e+000	4.8034e-017	-9.3457e+000	-6.3477e+000	6.3476e+000	5.2500e-015
-8.400e+000	4.8034e-017	-9.3457e+000	-6.3477e+000	6.3476e+000	5.2500e-015
-8.390e+000	4.8034e-017	-9.3457e+000	-6.3477e+000	6.3476e+000	5.2500e-015
-8.380e+000	4.8034e-017	-9.3457e+000	-6.3477e+000	6.3476e+000	5.2500e-015
-8.370e+000	4.8034e-017	-9.3457e+000	-6.3477e+000	6.3476e+000	5.2500e-015
-8.360e+000	4.8034e-017	-9.3457e+000	-6.3477e+000	6.3476e+000	5.2500e-015
-8.350e+000	4.8034e-017	-9.3457e+000	-6.3477e+000	6.3476e+000	5.2500e-015
-8.340e+000	4.8034e-017	-9.3457e+000	-6.3477e+000	6.3476e+000	5.2500e-015
-8.330e+000	4.8034e-017	-9.3457e+000	-6.3477e+000	6.3476e+000	5.2500e-015
-8.320e+000	4.8034e-017	-9.3457e+000	-6.3477e+000	6.3476e+000	5.2500e-015
-8.310e+000	4.8034e-017	-9.3457e+000	-6.3477e+000	6.3476e+000	5.2500e-015
-8.300e+000	4.8034e-017	-9.3457e+000	-6.3477e+000	6.3476e+000	5.2500e-015
-8.290e+000	4.8034e-017	-9.3457e+000	-6.3477e+000	6.3476e+000	5.2500e-015
-8.280e+000	4.8034e-017	-9.3457e+000	-6.3477e+000	6.3476e+000	5.2500e-015
-8.270e+000	4.8034e-017	-9.3457e+000	-6.3477e+000	6.3476e+000	5.2500e-015
-8.260e+000	4.8034e-017	-9.3457e+000	-6.3477e+000	6.3476e+000	5.2500e-015
-8.250e+000	4.8034e-017	-9.3457e+000	-6.3477e+000	6.3476e+000	5.2500e-015
-8.240e+000	4.8034e-017	-9.3457e+000	-6.3477e+000	6.3476e+000	5.2500e-015
-8.230e+000	4.8034e-017	-9.3457e+000	-6.3477e+000	6.3476e+000	5.2500e-015
-8.220e+000	4.8034e-017	-9.3457e+000	-6.3477e+000	6.3476e+000	5.2500e-015
-8.210e+000	4.8034e-017	-9.3457e+000	-6.3477e+000	6.3476e+000	5.2500e-015
-8.200e+000	4.8034e-017	-9.3457e+000	-6.3477e+000	6.3476e+000	5.2500e-015
-8.190e+000	4.8034e-017	-9.3457e+000	-6.3477e+000	6.3476e+000	5.2500e-015
-8.180e+000	4.8034e-017	-9.3457e+000	-6.3477e+000	6.3476e+000	5.2500e-015
-8.170e+000	4.8034e-017	-9.3457e+000	-6.3477e+000	6.3476e+000	5.2500e-015
-8.160e+000	4.8034e-017	-9.3457e+000	-6.3477e+000	6.3476e+000	5.2500e-015
-8.150e+000	4.8034e-017	-9.3457e+000	-6.3477e+000	6.3476e+000	5.2500e-015
-8.140e+000	4.8034e-017	-9.3457e+000	-6.3477e+000	6.3476e+000	5.2500e-015
-8.130e+000	4.8034e-017	-9.3457e+000	-6.3477e+000	6.3476e+000	5.2500e-015
-8.120e+000	4.8034e-017	-9.3457e+000	-6.3477e+000	6.3476e+000	5.2500e-015
-8.110e+000	4.8034e-017	-9.3457e+000	-6.3477e+000	6.3476e+000	5.2500e-015
-8.100e+000	4.8034e-017	-9.3457e+000	-6.3477e+000	6.3476e+000	5.2500e-015
-8.090e+000	4.8034e-017	-9.3457e+000	-6.3477e+000	6.3476e+000	5.2500e-015
-8.080e+000	4.8034e-017	-9.3457e+000	-6.3477e+000	6.3476e+000	5.2500e-015
-8.070e+000	4.8034e-017	-9.3457e+000	-6.3477e+000	6.3476e+000	5.2500e-015
-8.060e+000	4.8034e-017	-9.3457e+000	-6.3477e+000	6.3476e+000	5.2500e-015
-8.050e+000	4.8034e-017	-9.3457e+000	-6.3477e+000	6.3476e+000	5.2500e-015
-8.040e+000	4.8034e-017	-9.3457e+000	-6.3477e+000	6.3476e+000	5.2500e-015
-8.030e+000	4.8034e-017	-9.3457e+000	-6.3477e+000	6.3476e+000	5.2500e-015
-8.020e+000	4.8034e-017	-9.3457e+000	-6.3477e+000	6.3476e+000	5.2500e-015
-8.010e+000	4.8034e-017	-9.3457e+000	-6.3477e+000	6.3476e+000	5.2500e-015
-8.000e+000	4.8034e-017	-9.3457e+000	-6.3477e+000	6.3476e+000	5.2500e-015
-7.990e+000	4.8034e-017	-9.3457e+000	-6.3477e+000	6.3476e+000	5.2500e-015
-7.980e+000	4.8034e-017	-9.3457e+000	-6.3477e+000	6.3476e+000	5.2500e-015
-7.970e+000	4.8034e-017	-9.3457e+000	-6.3477e+000	6.3476e+000	5.2500e-015
-7.960e+000	4.8034e-017	-9.3457e+000	-6.3477e+000	6.3476e+000	5.2500e-015
-7.950e+000	4.8034e-017	-9.3457e+000	-6.3477e+000	6.3476e+000	5.2500e-015
-7.940e+000	4.8034e-017	-9.3457e+000	-6.3477e+000	6.3476e+000	5.2500e-015
-7.930e+000	4.8034e-017	-9.3457e+000	-6.3477e+000	6.3476e+000	5.2500e-015
-7.920e+000	4.8034e-017	-9.3457e+000	-6.3477e+000	6.3476e+000	5.2500e-015
-7.910e+000	4.8034e-017	-9.3457e+000	-6.3477e+000	6.3476e+000	5.2500e-015
-7.900e+000	4.8034e-017	-9.3457e+000	-6.3477e+000	6.3476e+000	5.2500e-015
-7.890e+000	4.8034e-017	-9.3457e+000	-6.3477e+000	6.3476e+000	5.2500e-015
-7.880e+000	4.8034e-017	-9.3458e+000	-6.3477e+000	6.3476e+000	5.2500e-015
-7.870e+000	4.8035e-017	-9.3458e+000	-6.3477e+000	6.3476e+000	5.2500e-015
-7.860e+000	4.8035e-017	-9.3458e+000	-6.3477e+000	6.3477e+000	5.2500e-015
-7.850e+000	4.8035e-017	-9.3459e+000	-6.3478e+000	6.3477e+000	5.2500e-015
-7.840e+000	4.8036e-017	-9.3460e+000	-6.3479e+000	6.3478e+000	5.2500e-015
-7.830e+000	4.8036e-017	-9.3461e+000	-6.3480e+000	6.3479e+000	5.2500e-015
-7.820e+000	4.8037e-017	-9.3463e+000	-6.3481e+000	6.3480e+000	5.2500e-015
-7.810e+000	4.8039e-017	-9.3466e+000	-6.3483e+000	6.3482e+000	5.2500e-015
-7.800e+000	4.8041e-017	-9.3471e+000	-6.3486e+000	6.3485e+000	5.2500e-015
-7.790e+000	4.8045e-017	-9.3477e+000	-6.3490e+000	6.3490e+000	5.2500e-015
-7.780e+000	4.8050e-017	-9.3487e+000	-6.3497e+000	6.3496e+000	5.2500e-015
-7.770e+000	4.8057e-017	-9.3501e+000	-6.3507e+000	6.3506e+000	5.2500e-015
-7.760e+000	4.8068e-017	-9.3522e+000	-6.3521e+000	6.3520e+000	5.2500e-015
-7.750e+000	4.8083e-017	-9.3553e+000	-6.3542e+000	6.3541e+000	5.2500e-015
-7.740e+000	4.8107e-017	-9.3598e+000	-6.3572e+000	6.3572e+000	5.2500e-015
-7.730e+000	4.8141e-017	-9.3665e+000	-6.3618e+000	6.3617e+000	5.2500e-015
-7.720e+000	4.8191e-017	-9.3763e+000	-6.3684e+000	6.3684e+000	5.2500e-015
-7.710e+000	4.8266e-017	-9.3908e+000	-6.3783e+000	6.3782e+000	5.2500e-015
-7.700e+000	4.8375e-017	-9.4120e+000	-6.3927e+000	6.3926e+000	5.2500e-015
-7.690e+000	4.8536e-017	-9.4433e+000	-6.4140e+000	6.4139e+000	5.2500e-015
-7.680e+000	4.8773e-017	-9.4895e+000	-6.4453e+000	6.4452e+000	5.2500e-015
-7.670e+000	4.9122e-017	-9.5574e+000	-6.4914e+000	6.4913e+000	5.2500e-015
-7.660e+000	4.9636e-017	-9.6573e+000	-6.5593e+000	6.5592e+000	5.2500e-015
-7.650e+000	5.0423e-017	-9.8065e+000	-6.6593e+000	6.6592e+000	5.2500e-015
-7.640e+000	5.1506e-017	-1.0023e+001	-6.8084e+000	6.8064e+000	5.2500e-015
-7.630e+000	5.3145e-017	-1.0342e+001	-7.0251e+000	7.0231e+000	5.2500e-015
-7.620e+000	5.5591e-017	-1.0814e+001	-7.3441e+000	7.3421e+000	5.2500e-015
-7.610e+000	5.9160e-017	-1.1508e+001	-7.8158e+000	7.8118e+000	5.2500e-015
-7.600e+000	6.4377e-017	-1.2528e+001	-8.5102e+000	8.5033e+000	5.2500e-015
-7.590e+000	7.2144e-017	-1.4033e+001	-9.5303e+000	9.5214e+000	5.2500e-015
-7.580e+000	8.3455e-017	-1.6244e+001	-1.1035e+001	1.1020e+001	5.2500e-015
-7.570e+000	1.0026e-016	-1.9504e+001	-1.3246e+001	1.3227e+001	5.2500e-015
-7.560e+000	1.2491e-016	-2.4302e+001	-1.6506e+001	1.6476e+001	5.2500e-015
-7.550e+000	1.6122e-016	-3.1367e+001	-2.1304e+001	2.1260e+001	5.2500e-015
-7.540e+000	2.1464e-016	-4.1766e+001	-2.8369e+001	2.8303e+001	5.2500e-015
-7.530e+000	2.9340e-016	-5.7080e+001	-3.8767e+001	3.8673e+001	5.2500e-015
-7.520e+000	4.0924e-016	-7.9625e+001	-5.4082e+001	5.3939e+001	5.2500e-015
-7.510e+000	5.7983e-016	-1.1282e+002	-7.6627e+001	7.6416e+001	5.2500e-015
-7.500e+000	8.3101e-016	-1.6169e+002	-1.0982e+002	1.0951e+002	5.2500e-015
-7.490e+000	1.2007e-015	-2.3363e+002	-1.5869e+002	1.5823e+002	5.2500e-015
-7.480e+000	1.7452e-015	-3.3956e+002	-2.3063e+002	2.2996e+002	5.2500e-015
-7.470e+000	2.5467e-015	-4.9552e+002	-3.3656e+002	3.3558e+002	5.2500e-015
-7.460e+000	3.7269e-015	-7.2513e+002	-4.9252e+002	4.9107e+002	5.2500e-015
-7.450e+000	5.4643e-015	-1.0632e+003	-7.2213e+002	7.1999e+002	5.2500e-015
-7.440e+000	8.0224e-015	-1.5609e+003	-1.0602e+003	1.0570e+003	5.2500e-015
-7.430e+000	1.1789e-014	-2.2937e+003	-1.5579e+003	1.5533e+003	5.2500e-015
-7.420e+000	1.7333e-014	-3.3726e+003	-2.2907e+003	2.2839e+003	5.2500e-015
-7.410e+000	2.5497e-014	-4.9610e+003	-3.3696e+003	3.3595e+003	5.2500e-015
-7.400e+000	3.7516e-014	-7.2995e+003	-4.9580e+003	4.9431e+003	5.2500e-015
-7.390e+000	5.5212e-014	-1.0743e+004	-7.2965e+003	7.2747e+003	5.2500e-015
-7.380e+000	8.1265e-014	-1.5812e+004	-1.0740e+004	1.0707e+004	5.2500e-015
-7.370e+000	1.1962e-013	-2.3275e+004	-1.5809e+004	1.5761e+004	5.2500e-015
-7.360e+000	1.7610e-013	-3.4263e+004	-2.3272e+004	2.3202e+004	5.2500e-015
-7.350e+000	2.5924e-013	-5.0441e+004	-3.4260e+004	3.4158e+004	5.2500e-015
-7.340e+000	3.8165e-013	-7.4258e+004	-5.0438e+004	5.0287e+004	5.2500e-015
-7.330e+000	5.6187e-013	-1.0932e+005	-7.4255e+004	7.4033e+004	5.2500e-015
-7.320e+000	8.2721e-013	-1.6095e+005	-1.0932e+005	1.0899e+005	5.2500e-015
-7.310e+000	1.2178e-012	-2.3696e+005	-1.6095e+005	1.6047e+005	5.2500e-015
-7.300e+000	1.7929e-012	-3.4886e+005	-2.3696e+005	2.3625e+005	5.2500e-015
-7.290e+000	2.6396e-012	-5.1361e+005	-3.4886e+005	3.4782e+005	5.2500e-015
-7.280e+000	3.8860e-012	-7.5615e+005	-5.1361e+005	5.1207e+005	5.2500e-015
-7.270e+000	5.7208e-012	-1.1132e+006	-7.5615e+005	7.5389e+005	5.2500e-015
-7.260e+000	8.4216e-012	-1.6388e+006	-1.1132e+006	1.1099e+006	5.2500e-015
-7.250e+000	1.2397e-011	-2.4126e+006	-1.6388e+006	1.6339e+006	5.2500e-015
-7.240e+000	1.8247e-011	-3.5514e+006	-2.4126e+006	2.4054e+006	5.2500e-015
-7.230e+000	2.6853e-011	-5.2275e+006	-3.5514e+006	3.5408e+006	5.2500e-015
-7.220e+000	3.9513e-011	-7.6937e+006	-5.2275e+006	5.2118e+006	5.2500e-015
-7.210e+000	5.8124e-011	-1.1321e+007	-7.6937e+006	7.6706e+006	5.2500e-015
-7.200e+000	8.5466e-011	-1.6656e+007	-1.1321e+007	1.1288e+007	5.2500e-015
-7.190e+000	1.2560e-010	-2.4495e+007	-1.6656e+007	1.6606e+007	5.2500e-015
-7.180e+000	1.8441e-010	-3.6005e+007	-2.4495e+007	2.4422e+007	5.2500e-015
-7.170e+000	2.7041e-010	-5.2882e+007	-3.6005e+007	3.5897e+007	5.2500e-015
-7.160e+000	3.9580e-010	-7.7586e+007	-5.2882e+007	5.2725e+007	5.2500e-015
-7.150e+000	5.7778e-010	-1.1365e+008	-7.7586e+007	7.7355e+007	5.2500e-015
-7.140e+000	8.4023e-010	-1.6609e+008	-1.1365e+008	1.1331e+008	5.2500e-015
-7.130e+000	1.2153e-009	-2.4195e+008	-1.6609e+008	1.6560e+008	5.2500e-015
-7.120e+000	1.7447e-009	-3.5084e+008	-2.4195e+008	2.4123e+008	5.2500e-015
-7.110e+000	2.4794e-009	-5.0560e+008	-3.5084e+008	3.4981e+008	5.2500e-015
-7.100e+000	3.4770e-009	-7.2261e+008	-5.0560e+008	5.0413e+008	5.2500e-015
-7.090e+000	4.7949e-009	-1.0219e+009	-7.2261e+008	7.2054e+008	5.2500e-015
-7.080e+000	6.4816e-009	-1.4264e+009	-1.0219e+009	1.0190e+009	5.2500e-015
-7.070e+000	8.5670e-009	-1.9611e+009	-1.4264e+009	1.4225e+009	5.2500e-015
-7.060e+000	1.1060e-008	-2.6514e+009	-1.9611e+009	1.9559e+009	5.2500e-015
-7.050e+000	1.3952e-008	-3.5223e+009	-2.6514e+009	2.6446e+009	5.2500e-015
-7.040e+000	1.7233e-008	-4.5979e+009	-3.5223e+009	3.5137e+009	5.2500e-015
-7.030e+000	2.0900e-008	-5.9024e+009	-4.5979e+009	4.5872e+009	5.2500e-015
-7.020e+000	2.4967e-008	-7.4607e+009	-5.9024e+009	5.8896e+009	5.2500e-015
-7.010e+000	2.9464e-008	-9.2997e+009	-7.4607e+009	7.4457e+009	5.2500e-015
-7.000e+000	3.4428e-008	-1.1449e+010	-9.2997e+009	9.2824e+009	5.2500e-015
-6.990e+000	3.9900e-008	-1.3939e+010	-1.1449e+010	1.1429e+010	5.2500e-015
-6.980e+000	4.5910e-008	-1.6804e+010	-1.3939e+010	1.3917e+010	5.2500e-015
-6.970e+000	5.2472e-008	-2.0079e+010	-1.6804e+010	1.6781e+010	5.2500e-015
-6.960e+000	5.9580e-008	-2.3798e+010	-2.0079e+010	2.0054e+010	5.2500e-015
-6.950e+000	6.7202e-008	-2.7993e+010	-2.3798e+010	2.3771e+010	5.2500e-015
-6.940e+000	7.5284e-008	-3.2691e+010	-2.7993e+010	2.7964e+010	5.2500e-015
-6.930e+000	8.3749e-008	-3.7919e+010	-3.2691e+010	3.2662e+010	5.2500e-015
-6.920e+000	9.2508e-008	-4.3692e+010	-3.7919e+010	3.7888e+010	5.2500e-015
-6.910e+000	1.0146e-007	-5.0025e+010	-4.3692e+010	4.3661e+010	5.2500e-015
-6.900e+000	1.1049e-007	-5.6921e+010	-5.0025e+010	4.9992e+010	5.2500e-015
-6.890e+000	1.1951e-007	-6.4380e+010	-5.6921e+010	5.6888e+010	5.2500e-015
-6.880e+000	1.2842e-007	-7.2396e+010	-6.4380e+010	6.4346e+010	5.2500e-015
-6.870e+000	1.3715e-007	-8.0956e+010	-7.2396e+010	7.2361e+010	5.2500e-015
-6.860e+000	1.4562e-007	-9.0045e+010	-8.0956e+010	8.0921e+010	5.2500e-015
-6.850e+000	1.5378e-007	-9.9643e+010	-9.0045e+010	9.0009e+010	5.2500e-015
-6.840e+000	1.6138e-007	-1.0972e+011	-9.9643e+010	9.9607e+010	5.2500e-015
-6.830e+000	1.6854e-007	-1.2023e+011	-1.0972e+011	1.0968e+011	5.2500e-015
-6.820e+000	1.7552e-007	-1.3119e+011	-1.2023e+011	1.2020e+011	5.2500e-015
-6.810e+000	1.8214e-007	-1.4256e+011	-1.3119e+011	1.3115e+011	5.2500e-015
-6.800e+000	1.8849e-007	-1.5432e+011	-1.4256e+011	1.4252e+011	5.2500e-015
-6.790e+000	1.9433e-007	-1.6645e+011	-1.5432e+011	1.5429e+011	5.2500e-015
-6.780e+000	1.9972e-007	-1.7892e+011	-1.6645e+011	1.6641e+011	5.2500e-015
-6.770e+000	2.0496e-007	-1.9171e+011	-1.7892e+011	1.7888e+011	5.2500e-015
-6.760e+000	2.0978e-007	-2.0480e+011	-1.9171e+011	1.9167e+011	5.2500e-015
-6.750e+000	2.1435e-007	-2.1818e+011	-2.0480e+011	2.0476e+011	5.2500e-015
-6.740e+000	2.1849e-007	-2.3182e+011	-2.1818e+011	2.1814e+011	5.2500e-015
-6.730e+000	2.2244e-007	-2.4570e+011	-2.3182e+011	2.3178e+011	5.2500e-015
-6.720e+000	2.2618e-007	-2.5982e+011	-2.4570e+011	2.4566e+011	5.2500e-015
-6.710e+000	2.2958e-007	-2.7415e+011	-2.5982e+011	2.5978e+011	5.2500e-015
-6.700e+000	2.3282e-007	-2.8868e+011	-2.7415e+011	2.7411e+011	5.2500e-015
-6.690e+000	2.3589e-007	-3.0340e+011	-2.8868e+011	2.8864e+011	5.2500e-015
-6.680e+000	2.3873e-007	-3.1830e+011	-3.0340e+011	3.0336e+011	5.2500e-015
-6.670e+000	2.4136e-007	-3.3337e+011	-3.1830e+011	3.1826e+011	5.2500e-015
-6.660e+000	2.4390e-007	-3.4859e+011	-3.3337e+011	3.3333e+011	5.2500e-015
-6.650e+000	2.4622e-007	-3.6396e+011	-3.4859e+011	3.4855e+011	5.2500e-015
-6.640e+000	2.4846e-007	-3.7947e+011	-3.6396e+011	3.6392e+011	5.2500e-015
-6.630e+000	2.5054e-007	-3.9510e+011	-3.7947e+011	3.7943e+011	5.2500e-015
-6.620e+000	2.5250e-007	-4.1086e+011	-3.9510e+011	3.9506e+011	5.2500e-015
-6.610e+000	2.5433e-007	-4.2674e+011	-4.1086e+011	4.1082e+011	5.2500e-015
-6.600e+000	2.5609e-007	-4.4272e+011	-4.2674e+011	4.2670e+011	5.2500e-015
-6.590e+000	2.5774e-007	-4.5881e+011	-4.4272e+011	4.4268e+011	5.2500e-015
-6.580e+000	2.5930e-007	-4.7499e+011	-4.5881e+011	4.5877e+011	5.2500e-015
-6.570e+000	2.6076e-007	-4.9127e+011	-4.7499e+011	4.7495e+011	5.2500e-015
-6.560e+000	2.6217e-007	-5.0763e+011	-4.9127e+011	4.9123e+011	5.2500e-015
-6.550e+000	2.6350e-007	-5.2408e+011	-5.0763e+011	5.0759e+011	5.2500e-015
-6.540e+000	2.6475e-007	-5.4060e+011	-5.2408e+011	5.2404e+011	5.2500e-015
-6.530e+000	2.6594e-007	-5.5720e+011	-5.4060e+011	5.4056e+011	5.2500e-015
-6.520e+000	2.6708e-007	-5.7387e+011	-5.5720e+011	5.5716e+011	5.2500e-015
-6.510e+000	2.6814e-007	-5.9061e+011	-5.7387e+011	5.7383e+011	5.2500e-015
-6.500e+000	2.6918e-007	-6.0741e+011	-5.9061e+011	5.9057e+011	5.2500e-015
-6.490e+000	2.7016e-007	-6.2427e+011	-6.0741e+011	6.0737e+011	5.2500e-015
-6.480e+000	2.7109e-007	-6.4119e+011	-6.2427e+011	6.2423e+011	5.2500e-015
-6.470e+000	2.7197e-007	-6.5816e+011	-6.4119e+011	6.4115e+011	5.2500e-015
-6.460e+000	2.7282e-007	-6.7519e+011	-6.5816e+011	6.5812e+011	5.2500e-015
-6.450e+000	2.7363e-007	-6.9227e+011	-6.7519e+011	6.7515e+011	5.2500e-015
-6.440e+000	2.7440e-007	-7.0940e+011	-6.9227e+011	6.9223e+011	5.2500e-015
-6.430e+000	2.7513e-007	-7.2657e+011	-7.0940e+011	7.0936e+011	5.2500e-015
-6.420e+000	2.7585e-007	-7.4379e+011	-7.2657e+011	7.2653e+011	5.2500e-015
-6.410e+000	2.7653e-007	-7.6105e+011	-7.4379e+011	7.4375e+011	5.2500e-015
-6.400e+000	2.7718e-007	-7.7835e+011	-7.6105e+011	7.6101e+011	5.2500e-015
-6.390e+000	2.7780e-007	-7.9569e+011	-7.7835e+011	7.7831e+011	5.2500e-015
-6.380e+000	2.7840e-007	-8.1306e+011	-7.9569e+011	7.9565e+011	5.2500e-015
-6.370e+000	2.7897e-007	-8.3047e+011	-8.1306e+011	8.1302e+011	5.2500e-015
-6.360e+000	2.7952e-007	-8.4792e+011	-8.3047e+011	8.3043e+011	5.2500e-015
-6.350e+000	2.8005e-007	-8.6540e+011	-8.4792e+011	8.4788e+011	5.2500e-015
-6.340e+000	2.8056e-007	-8.8291e+011	-8.6540e+011	8.6536e+011	5.2500e-015
-6.330e+000	2.8105e-007	-9.0045e+011	-8.8291e+011	8.8287e+011	5.2500e-015
-6.320e+000	2.8152e-007	-9.1802e+011	-9.0045e+011	9.0041e+011	5.2500e-015
-6.310e+000	2.8198e-007	-9.3562e+011	-9.1802e+011	9.1798e+011	5.2500e-015
-6.300e+000	2.8241e-007	-9.5325e+011	-9.3562e+011	9.3558e+011	5.2500e-015
-6.290e+000	2.8284e-007	-9.7090e+011	-9.5325e+011	9.5321e+011	5.2500e-015
-6.280e+000	2.8325e-007	-9.8858e+011	-9.7090e+011	9.7086e+011	5.2500e-015
-6.270e+000	2.8364e-007	-1.0063e+012	-9.8858e+011	9.8854e+011	5.2500e-015
-6.260e+000	2.8402e-007	-1.0240e+012	-1.0063e+012	1.0062e+012	5.2500e-015
-6.250e+000	2.8439e-007	-1.0418e+012	-1.0240e+012	1.0240e+012	5.2500e-015
-6.240e+000	2.8474e-007	-1.0595e+012	-1.0418e+012	1.0417e+012	5.2500e-015
-6.230e+000	2.8509e-007	-1.0773e+012	-1.0595e+012	1.0595e+012	5.2500e-015
-6.220e+000	2.8542e-007	-1.0951e+012	-1.0773e+012	1.0773e+012	5.2500e-015
-6.210e+000	2.8574e-007	-1.1130e+012	-1.0951e+012	1.0951e+012	5.2500e-015
-6.200e+000	2.8605e-007	-1.1308e+012	-1.1130e+012	1.1129e+012	5.2500e-015
-6.190e+000	2.8635e-007	-1.1487e+012	-1.1308e+012	1.1308e+012	5.2500e-015
-6.180e+000	2.8664e-007	-1.1666e+012	-1.1487e+012	1.1487e+012	5.2500e-015
-6.170e+000	2.8693e-007	-1.1845e+012	-1.1666e+012	1.1666e+012	5.2500e-015
-6.160e+000	2.8720e-007	-1.2024e+012	-1.1845e+012	1.1845e+012	5.2500e-015
-6.150e+000	2.8747e-007	-1.2204e+012	-1.2024e+012	1.2024e+012	5.2500e-015
-6.140e+000	2.8772e-007	-1.2383e+012	-1.2204e+012	1.2203e+012	5.2500e-015
-6.130e+000	2.8798e-007	-1.2563e+012	-1.2383e+012	1.2383e+012	5.2500e-015
-6.120e+000	2.8822e-007	-1.2743e+012	-1.2563e+012	1.2563e+012	5.2500e-015
-6.110e+000	2.8845e-007	-1.2923e+012	-1.2743e+012	1.2743e+012	5.2500e-015
-6.100e+000	2.8869e-007	-1.3103e+012	-1.2923e+012	1.2923e+012	5.2500e-015
-6.090e+000	2.8891e-007	-1.3283e+012	-1.3103e+012	1.3103e+012	5.2500e-015
-6.080e+000	2.8913e-007	-1.3464e+012	-1.3283e+012	1.3283e+012	5.2500e-015
-6.070e+000	2.8934e-007	-1.3645e+012	-1.3464e+012	1.3464e+012	5.2500e-015
-6.060e+000	2.8955e-007	-1.3825e+012	-1.3645e+012	1.3644e+012	5.2500e-015
-6.050e+000	2.8975e-007	-1.4006e+012	-1.3825e+012	1.3825e+012	5.2500e-015
-6.040e+000	2.8994e-007	-1.4187e+012	-1.4006e+012	1.4006e+012	5.2500e-015
-6.030e+000	2.9013e-007	-1.4368e+012	-1.4187e+012	1.4187e+012	5.2500e-015
-6.020e+000	2.9032e-007	-1.4549e+012	-1.4368e+012	1.4368e+012	5.2500e-015
-6.010e+000	2.9050e-007	-1.4731e+012	-1.4549e+012	1.4549e+012	5.2500e-015
-6.000e+000	2.9068e-007	-1.4912e+012	-1.4731e+012	1.4730e+012	5.2500e-015
-5.990e+000	2.9085e-007	-1.5094e+012	-1.4912e+012	1.4912e+012	5.2500e-015
-5.980e+000	2.9102e-007	-1.5275e+012	-1.5094e+012	1.5093e+012	5.2500e-015
-5.970e+000	2.9118e-007	-1.5457e+012	-1.5275e+012	1.5275e+012	5.2500e-015
-5.960e+000	2.9134e-007	-1.5639e+012	-1.5457e+012	1.5457e+012	5.2500e-015
-5.950e+000	2.9150e-007	-1.5821e+012	-1.5639e+012	1.5638e+012	5.2500e-015
-5.940e+000	2.9165e-007	-1.6003e+012	-1.5821e+012	1.5820e+012	5.2500e-015
-5.930e+000	2.9180e-007	-1.6185e+012	-1.6003e+012	1.6002e+012	5.2500e-015
-5.920e+000	2.9194e-007	-1.6367e+012	-1.6185e+012	1.6185e+012	5.2500e-015
-5.910e+000	2.9209e-007	-1.6549e+012	-1.6367e+012	1.6367e+012	5.2500e-015
-5.900e+000	2.9223e-007	-1.6732e+012	-1.6549e+012	1.6549e+012	5.2500e-015
-5.890e+000	2.9236e-007	-1.6914e+012	-1.6732e+012	1.6731e+012	5.2500e-015
-5.880e+000	2.9250e-007	-1.7097e+012	-1.6914e+012	1.6914e+012	5.2500e-015
-5.870e+000	2.9263e-007	-1.7280e+012	-1.7097e+012	1.7096e+012	5.2500e-015
-5.860e+000	2.9275e-007	-1.7462e+012	-1.7280e+012	1.7279e+012	5.2500e-015
-5.850e+000	2.9288e-007	-1.7645e+012	-1.7462e+012	1.7462e+012	5.2500e-015
-5.840e+000	2.9300e-007	-1.7828e+012	-1.7645e+012	1.7645e+012	5.2500e-015
-5.830e+000	2.9312e-007	-1.8011e+012	-1.7828e+012	1.7828e+012	5.2500e-015
-5.820e+000	2.9324e-007	-1.8194e+012	-1.8011e+012	1.8010e+012	5.2500e-015
-5.810e+000	2.9335e-007	-1.8377e+012	-1.8194e+012	1.8193e+012	5.2500e-015
-5.800e+000	2.9347e-007	-1.8560e+012	-1.8377e+012	1.8377e+012	5.2500e-015
-5.790e+000	2.9358e-007	-1.8743e+012	-1.8560e+012	1.8560e+012	5.2500e-015
-5.780e+000	2.9368e-007	-1.8927e+012	-1.8743e+012	1.8743e+012	5.2500e-015
-5.770e+000	2.9379e-007	-1.9110e+012	-1.8927e+012	1.8926e+012	5.2500e-015
-5.760e+000	2.9390e-007	-1.9294e+012	-1.9110e+012	1.9110e+012	5.2500e-015
-5.750e+000	2.9400e-007	-1.9477e+012	-1.9294e+012	1.9293e+012	5.2500e-015
-5.740e+000	2.9410e-007	-1.9661e+012	-1.9477e+012	1.9477e+012	5.2500e-015
-5.730e+000	2.9420e-007	-1.9844e+012	-1.9661e+012	1.9660e+012	5.2500e-015
-5.720e+000	2.9429e-007	-2.0028e+012	-1.9844e+012	1.9844e+012	5.2500e-015
-5.710e+000	2.9439e-007	-2.0212e+012	-2.0028e+012	2.0027e+012	5.2500e-015
-5.700e+000	2.9448e-007	-2.0395e+012	-2.0212e+012	2.0211e+012	5.2500e-015
-5.690e+000	2.9458e-007	-2.0579e+012	-2.0395e+012	2.0395e+012	5.2500e-015
-5.680e+000	2.9467e-007	-2.0763e+012	-2.0579e+012	2.0579e+012	5.2500e-015
-5.670e+000	2.9475e-007	-2.0947e+012	-2.0763e+012	2.0763e+012	5.2500e-015
-5.660e+000	2.9484e-007	-2.1131e+012	-2.0947e+012	2.0947e+012	5.2500e-015
-5.650e+000	2.9493e-007	-2.1315e+012	-2.1131e+012	2.1131e+012	5.2500e-015
-5.640e+000	2.9501e-007	-2.1499e+012	-2.1315e+012	2.1315e+012	5.2500e-015
-5.630e+000	2.9509e-007	-2.1684e+012	-2.1499e+012	2.1499e+012	5.2500e-015
-5.620e+000	2.9517e-007	-2.1868e+012	-2.1684e+012	2.1683e+012	5.2500e-015
-5.610e+000	2.9525e-007	-2.2052e+012	-2.1868e+012	2.1867e+012	5.2500e-015
-5.600e+000	2.9533e-007	-2.2236e+012	-2.2052e+012	2.2052e+012	5.2500e-015
-5.590e+000	2.9541e-007	-2.2421e+012	-2.2236e+012	2.2236e+012	5.2500e-015
-5.580e+000	2.9549e-007	-2.2605e+012	-2.2421e+012	2.2420e+012	5.2500e-015
-5.570e+000	2.9556e-007	-2.2790e+012	-2.2605e+012	2.2605e+012	5.2500e-015
-5.560e+000	2.9564e-007	-2.2974e+012	-2.2790e+012	2.2789e+012	5.2500e-015
-5.550e+000	2.9571e-007	-2.3159e+012	-2.2974e+012	2.2974e+012	5.2500e-015
-5.540e+000	2.9578e-007	-2.3343e+012	-2.3159e+012	2.3158e+012	5.2500e-015
-5.530e+000	2.9585e-007	-2.3528e+012	-2.3343e+012	2.3343e+012	5.2500e-015
-5.520e+000	2.9592e-007	-2.3713e+012	-2.3528e+012	2.3528e+012	5.2500e-015
-5.510e+000	2.9599e-007	-2.3898e+012	-2.3713e+012	2.3712e+012	5.2500e-015
-5.500e+000	2.9606e-007	-2.4082e+012	-2.3898e+012	2.3897e+012	5.2500e-015
-5.490e+000	2.9612e-007	-2.4267e+012	-2.4082e+012	2.4082e+012	5.2500e-015
-5.480e+000	2.9619e-007	-2.4452e+012	-2.4267e+012	2.4267e+012	5.2500e-015
-5.470e+000	2.9625e-007	-2.4637e+012	-2.4452e+012	2.4452e+012	5.2500e-015
-5.460e+000	2.9632e-007	-2.4822e+012	-2.4637e+012	2.4636e+012	5.2500e-015
-5.450e+000	2.9638e-007	-2.5007e+012	-2.4822e+012	2.4821e+012	5.2500e-015
-5.440e+000	2.9644e-007	-2.5192e+012	-2.5007e+012	2.5006e+012	5.2500e-015
-5.430e+000	2.9650e-007	-2.5377e+012	-2.5192e+012	2.5191e+012	5.2500e-015
-5.420e+000	2.9656e-007	-2.5562e+012	-2.5377e+012	2.5376e+012	5.2500e-015
-5.410e+000	2.9662e-007	-2.5747e+012	-2.5562e+012	2.5562e+012	5.2500e-015
-5.400e+000	2.9668e-007	-2.5932e+012	-2.5747e+012	2.5747e+012	5.2500e-015
-5.390e+000	2.9674e-007	-2.6118e+012	-2.5932e+012	2.5932e+012	5.2500e-015
-5.380e+000	2.9680e-007	-2.6303e+012	-2.6118e+012	2.6117e+012	5.2500e-015
-5.370e+000	2.9685e-007	-2.6488e+012	-2.6303e+012	2.6302e+012	5.2500e-015
-5.360e+000	2.9691e-007	-2.6673e+012	-2.6488e+012	2.6488e+012	5.2500e-015
-5.350e+000	2.9696e-007	-2.6859e+012	-2.6673e+012	2.6673e+012	5.2500e-015
-5.340e+000	2.9702e-007	-2.7044e+012	-2.6859e+012	2.6858e+012	5.2500e-015
-5.330e+000	2.9707e-007	-2.7230e+012	-2.7044e+012	2.7044e+012	5.2500e-015
-5.320e+000	2.9712e-007	-2.7415e+012	-2.7230e+012	2.7229e+012	5.2500e-015
-5.310e+000	2.9717e-007	-2.7600e+012	-2.7415e+012	2.7415e+012	5.2500e-015
-5.300e+000	2.9723e-007	-2.7786e+012	-2.7600e+012	2.7600e+012	5.2500e-015
-5.290e+000	2.9728e-007	-2.7971e+012	-2.7786e+012	2.7786e+012	5.2500e-015
-5.280e+000	2.9733e-007	-2.8157e+012	-2.7971e+012	2.7971e+012	5.2500e-015
-5.270e+000	2.9738e-007	-2.8343e+012	-2.8157e+012	2.8157e+012	5.2500e-015
-5.260e+000	2.9743e-007	-2.8528e+012	-2.8343e+012	2.8342e+012	5.2500e-015
-5.250e+000	2.9747e-007	-2.8714e+012	-2.8528e+012	2.8528e+012	5.2500e-015
-5.240e+000	2.9752e-007	-2.8900e+012	-2.8714e+012	2.8714e+012	5.2500e-015
-5.230e+000	2.9757e-007	-2.9085e+012	-2.8900e+012	2.8899e+012	5.2500e-015
-5.220e+000	2.9762e-007	-2.9271e+012	-2.9085e+012	2.9085e+012	5.2500e-015
-5.210e+000	2.9766e-007	-2.9457e+012	-2.9271e+012	2.9271e+012	5.2500e-015
-5.200e+000	2.9771e-007	-2.9643e+012	-2.9457e+012	2.9457e+012	5.2500e-015
-5.190e+000	2.9775e-007	-2.9829e+012	-2.9643e+012	2.9642e+012	5.2500e-015
-5.180e+000	2.9780e-007	-3.0014e+012	-2.9829e+012	2.9828e+012	5.2500e-015
-5.170e+000	2.9784e-007	-3.0200e+012	-3.0014e+012	3.0014e+012	5.2500e-015
-5.160e+000	2.9789e-007	-3.0386e+012	-3.0200e+012	3.0200e+012	5.2500e-015
-5.150e+000	2.9793e-007	-3.0572e+012	-3.0386e+012	3.0386e+012	5.2500e-015
-5.140e+000	2.9797e-007	-3.0758e+012	-3.0572e+012	3.0572e+012	5.2500e-015
-5.130e+000	2.9802e-007	-3.0944e+012	-3.0758e+012	3.0758e+012	5.2500e-015
-5.120e+000	2.9806e-007	-3.1130e+012	-3.0944e+012	3.0944e+012	5.2500e-015
-5.110e+000	2.9810e-007	-3.1316e+012	-3.1130e+012	3.1130e+012	5.2500e-015
-5.100e+000	2.9814e-007	-3.1502e+012	-3.1316e+012	3.1316e+012	5.2500e-015
-5.090e+000	2.9818e-007	-3.1689e+012	-3.1502e+012	3.1502e+012	5.2500e-015
-5.080e+000	2.9822e-007	-3.1875e+012	-3.1689e+012	3.1688e+012	5.2500e-015
-5.070e+000	2.9826e-007	-3.2061e+012	-3.1875e+012	3.1874e+012	5.2500e-015
-5.060e+000	2.9830e-007	-3.2247e+012	-3.2061e+012	3.2060e+012	5.2500e-015
-5.050e+000	2.9834e-007	-3.2433e+012	-3.2247e+012	3.2247e+012	5.2500e-015
-5.040e+000	2.9838e-007	-3.2619e+012	-3.2433e+012	3.2433e+012	5.2500e-015
-5.030e+000	2.9842e-007	-3.2806e+012	-3.2619e+012	3.2619e+012	5.2500e-015
-5.020e+000	2.9845e-007	-3.2992e+012	-3.2806e+012	3.2805e+012	5.2500e-015
-5.010e+000	2.9849e-007	-3.3178e+012	-3.2992e+012	3.2992e+012	5.2500e-015
-5.000e+000	2.9853e-007	-3.3365e+012	-3.3178e+012	3.3178e+012	5.2500e-015
-4.990e+000	2.9857e-007	-3.3551e+012	-3.3365e+012	3.3364e+012	5.2500e-015
-4.980e+000	2.9860e-007	-3.3737e+012	-3.3551e+012	3.3551e+012	5.2500e-015
-4.970e+000	2.9864e-007	-3.3924e+012	-3.3737e+012	3.3737e+012	5.2500e-015
-4.960e+000	2.9867e-007	-3.4110e+012	-3.3924e+012	3.3923e+012	5.2500e-015
-4.950e+000	2.9871e-007	-3.4297e+012	-3.4110e+012	3.4110e+012	5.2500e-015
-4.940e+000	2.9874e-007	-3.4483e+012	-3.4297e+012	3.4296e+012	5.2500e-015
-4.930e+000	2.9878e-007	-3.4670e+012	-3.4483e+012	3.4483e+012	5.2500e-015
-4.920e+000	2.9881e-007	-3.4856e+012	-3.4670e+012	3.4669e+012	5.2500e-015
-4.910e+000	2.9885e-007	-3.5043e+012	-3.4856e+012	3.4856e+012	5.2500e-015
-4.900e+000	2.9888e-007	-3.5229e+012	-3.5043e+012	3.5042e+012	5.2500e-015
-4.890e+000	2.9892e-007	-3.5416e+012	-3.5229e+012	3.5229e+012	5.2500e-015
-4.880e+000	2.9895e-007	-3.5602e+012	-3.5416e+012	3.5415e+012	5.2500e-015
-4.870e+000	2.9898e-007	-3.5789e+012	-3.5602e+012	3.5602e+012	5.2500e-015
-4.860e+000	2.9901e-007	-3.5976e+012	-3.5789e+012	3.5788e+012	5.2500e-015
-4.850e+000	2.9905e-007	-3.6162e+012	-3.5976e+012	3.5975e+012	5.2500e-015
-4.840e+000	2.9908e-007	-3.6349e+012	-3.6162e+012	3.6162e+012	5.2500e-015
-4.830e+000	2.9911e-007	-3.6536e+012	-3.6349e+012	3.6348e+012	5.2500e-015
-4.820e+000	2.9914e-007	-3.6722e+012	-3.6536e+012	3.6535e+012	5.2500e-015
-4.810e+000	2.9917e-007	-3.6909e+012	-3.6722e+012	3.6722e+012	5.2500e-015
-4.800e+000	2.9920e-007	-3.7096e+012	-3.6909e+012	3.6909e+012	5.2500e-015
-4.790e+000	2.9924e-007	-3.7282e+012	-3.7096e+012	3.7095e+012	5.2500e-015
-4.780e+000	2.9927e-007	-3.7469e+012	-3.7282e+012	3.7282e+012	5.2500e-015
-4.770e+000	2.9930e-007	-3.7656e+012	-3.7469e+012	3.7469e+012	5.2500e-015
-4.760e+000	2.9933e-007	-3.7843e+012	-3.7656e+012	3.7656e+012	5.2500e-015
-4.750e+000	2.9936e-007	-3.8030e+012	-3.7843e+012	3.7842e+012	5.2500e-015
-4.740e+000	2.9939e-007	-3.8217e+012	-3.8030e+012	3.8029e+012	5.2500e-015
-4.730e+000	2.9941e-007	-3.8403e+012	-3.8217e+012	3.8216e+012	5.2500e-015
-4.720e+000	2.9944e-007	-3.8590e+012	-3.8403e+012	3.8403e+012	5.2500e-015
-4.710e+000	2.9947e-007	-3.8777e+012	-3.8590e+012	3.8590e+012	5.2500e-015
-4.700e+000	2.9950e-007	-3.8964e+012	-3.8777e+012	3.8777e+012	5.2500e-015
-4.690e+000	2.9953e-007	-3.9151e+012	-3.8964e+012	3.8964e+012	5.2500e-015
-4.680e+000	2.9956e-007	-3.9338e+012	-3.9151e+012	3.9151e+012	5.2500e-015
-4.670e+000	2.9959e-007	-3.9525e+012	-3.9338e+012	3.9338e+012	5.2500e-015
-4.660e+000	2.9961e-007	-3.9712e+012	-3.9525e+012	3.9525e+012	5.2500e-015
-4.650e+000	2.9964e-007	-3.9899e+012	-3.9712e+012	3.9712e+012	5.2500e-015
-4.640e+000	2.9967e-007	-4.0086e+012	-3.9899e+012	3.9899e+012	5.2500e-015
-4.630e+000	2.9970e-007	-4.0273e+012	-4.0086e+012	4.0086e+012	5.2500e-015
-4.620e+000	2.9972e-007	-4.0460e+012	-4.0273e+012	4.0273e+012	5.2500e-015
-4.610e+000	2.9975e-007	-4.0647e+012	-4.0460e+012	4.0460e+012	5.2500e-015
-4.600e+000	2.9978e-007	-4.0835e+012	-4.0647e+012	4.0647e+012	5.2500e-015
-4.590e+000	2.9980e-007	-4.1022e+012	-4.0835e+012	4.0834e+012	5.2500e-015
-4.580e+000	2.9983e-007	-4.1209e+012	-4.1022e+012	4.1021e+012	5.2500e-015
-4.570e+000	2.9986e-007	-4.1396e+012	-4.1209e+012	4.1208e+012	5.2500e-015
-4.560e+000	2.9988e-007	-4.1583e+012	-4.1396e+012	4.1396e+012	5.2500e-015
-4.550e+000	2.9991e-007	-4.1770e+012	-4.1583e+012	4.1583e+012	5.2500e-015
-4.540e+000	2.9993e-007	-4.1957e+012	-4.1770e+012	4.1770e+012	5.2500e-015
-4.530e+000	2.9996e-007	-4.2145e+012	-4.1957e+012	4.1957e+012	5.2500e-015
-4.520e+000	2.9998e-007	-4.2332e+012	-4.2145e+012	4.2144e+012	5.2500e-015
-4.510e+000	3.0001e-007	-4.2519e+012	-4.2332e+012	4.2332e+012	5.2500e-015
-4.500e+000	3.0003e-007	-4.2706e+012	-4.2519e+012	4.2519e+012	5.2500e-015
-4.490e+000	3.0006e-007	-4.2894e+012	-4.2706e+012	4.2706e+012	5.2500e-015
-4.480e+000	3.0008e-007	-4.3081e+012	-4.2894e+012	4.2893e+012	5.2500e-015
-4.470e+000	3.0011e-007	-4.3268e+012	-4.3081e+012	4.3081e+012	5.2500e-015
-4.460e+000	3.0013e-007	-4.3456e+012	-4.3268e+012	4.3268e+012	5.2500e-015
-4.450e+000	3.0015e-007	-4.3643e+012	-4.3456e+012	4.3455e+012	5.2500e-015
-4.440e+000	3.0018e-007	-4.3830e+012	-4.3643e+012	4.3643e+012	5.2500e-015
-4.430e+000	3.0020e-007	-4.4018e+012	-4.3830e+012	4.3830e+012	5.2500e-015
-4.420e+000	3.0022e-007	-4.4205e+012	-4.4018e+012	4.4017e+012	5.2500e-015
-4.410e+000	3.0025e-007	-4.4393e+012	-4.4205e+012	4.4205e+012	5.2500e-015
-4.400e+000	3.0027e-007	-4.4580e+012	-4.4393e+012	4.4392e+012	5.2500e-015
-4.390e+000	3.0029e-007	-4.4767e+012	-4.4580e+012	4.4580e+012	5.2500e-015
-4.380e+000	3.0032e-007	-4.4955e+012	-4.4767e+012	4.4767e+012	5.2500e-015
-4.370e+000	3.0034e-007	-4.5142e+012	-4.4955e+012	4.4954e+012	5.2500e-015
-4.360e+000	3.0036e-007	-4.5330e+012	-4.5142e+012	4.5142e+012	5.2500e-015
-4.350e+000	3.0038e-007	-4.5517e+012	-4.5330e+012	4.5329e+012	5.2500e-015
-4.340e+000	3.0041e-007	-4.5705e+012	-4.5517e+012	4.5517e+012	5.2500e-015
-4.330e+000	3.0043e-007	-4.5892e+012	-4.5705e+012	4.5704e+012	5.2500e-015
-4.320e+000	3.0045e-007	-4.6080e+012	-4.5892e+012	4.5892e+012	5.2500e-015
-4.310e+000	3.0047e-007	-4.6267e+012	-4.6080e+012	4.6079e+012	5.2500e-015
-4.300e+000	3.0049e-007	-4.6455e+012	-4.6267e+012	4.6267e+012	5.2500e-015
-4.290e+000	3.0052e-007	-4.6642e+012	-4.6455e+012	4.6454e+012	5.2500e-015
-4.280e+000	3.0054e-007	-4.6830e+012	-4.6642e+012	4.6642e+012	5.2500e-015
-4.270e+000	3.0056e-007	-4.7018e+012	-4.6830e+012	4.6830e+012	5.2500e-015
-4.260e+000	3.0058e-007	-4.7205e+012	-4.7018e+012	4.7017e+012	5.2500e-015
-4.250e+000	3.0060e-007	-4.7393e+012	-4.7205e+012	4.7205e+012	5.2500e-015
-4.240e+000	3.0062e-007	-4.7580e+012	-4.7393e+012	4.7392e+012	5.2500e-015
-4.230e+000	3.0064e-007	-4.7768e+012	-4.7580e+012	4.7580e+012	5.2500e-015
-4.220e+000	3.0066e-007	-4.7956e+012	-4.7768e+012	4.7768e+012	5.2500e-015
-4.210e+000	3.0068e-007	-4.8143e+012	-4.7956e+012	4.7955e+012	5.2500e-015
-4.200e+000	3.0071e-007	-4.8331e+012	-4.8143e+012	4.8143e+012	5.2500e-015
-4.190e+000	3.0073e-007	-4.8519e+012	-4.8331e+012	4.8331e+012	5.2500e-015
-4.180e+000	3.0075e-007	-4.8707e+012	-4.8519e+012	4.8518e+012	5.2500e-015
-4.170e+000	3.0077e-007	-4.8894e+012	-4.8707e+012	4.8706e+012	5.2500e-015
-4.160e+000	3.0079e-007	-4.9082e+012	-4.8894e+012	4.8894e+012	5.2500e-015
-4.150e+000	3.0081e-007	-4.9270e+012	-4.9082e+012	4.9082e+012	5.2500e-015
-4.140e+000	3.0083e-007	-4.9457e+012	-4.9270e+012	4.9269e+012	5.2500e-015
-4.130e+000	3.0085e-007	-4.9645e+012	-4.9457e+012	4.9457e+012	5.2500e-015
-4.120e+000	3.0087e-007	-4.9833e+012	-4.9645e+012	4.9645e+012	5.2500e-015
-4.110e+000	3.0088e-007	-5.0021e+012	-4.9833e+012	4.9833e+012	5.2500e-015
-4.100e+000	3.0090e-007	-5.0209e+012	-5.0021e+012	5.0020e+012	5.2500e-015
-4.090e+000	3.0092e-007	-5.0396e+012	-5.0209e+012	5.0208e+012	5.2500e-015
-4.080e+000	3.0094e-007	-5.0584e+012	-5.0396e+012	5.0396e+012	5.2500e-015
-4.070e+000	3.0096e-007	-5.0772e+012	-5.0584e+012	5.0584e+012	5.2500e-015
-4.060e+000	3.0098e-007	-5.0960e+012	-5.0772e+012	5.0772e+012	5.2500e-015
-4.050e+000	3.0100e-007	-5.1148e+012	-5.0960e+012	5.0960e+012	5.2500e-015
-4.040e+000	3.0102e-007	-5.1336e+012	-5.1148e+012	5.1147e+012	5.2500e-015
-4.030e+000	3.0104e-007	-5.1524e+012	-5.1336e+012	5.1335e+012	5.2500e-015
-4.020e+000	3.0106e-007	-5.1712e+012	-5.1524e+012	5.1523e+012	5.2500e-015
-4.010e+000	3.0107e-007	-5.1899e+012	-5.1712e+012	5.1711e+012	5.2500e-015
-4.000e+000	3.0109e-007	-5.2087e+012	-5.1899e+012	5.1899e+012	5.2500e-015
-3.990e+000	3.0111e-007	-5.2275e+012	-5.2087e+012	5.2087e+012	5.2500e-015
-3.980e+000	3.0113e-007	-5.2463e+012	-5.2275e+012	5.2275e+012	5.2500e-015
-3.970e+000	3.0115e-007	-5.2651e+012	-5.2463e+012	5.2463e+012	5.2500e-015
-3.960e+000	3.0117e-007	-5.2839e+012	-5.2651e+012	5.2651e+012	5.2500e-015
-3.950e+000	3.0118e-007	-5.3027e+012	-5.2839e+012	5.2839e+012	5.2500e-015
-3.940e+000	3.0120e-007	-5.3215e+012	-5.3027e+012	5.3027e+012	5.2500e-015
-3.930e+000	3.0122e-007	-5.3403e+012	-5.3215e+012	5.3215e+012	5.2500e-015
-3.920e+000	3.0124e-007	-5.3591e+012	-5.3403e+012	5.3403e+012	5.2500e-015
-3.910e+000	3.0125e-007	-5.3779e+012	-5.3591e+012	5.3591e+012	5.2500e-015
-3.900e+000	3.0127e-007	-5.3967e+012	-5.3779e+012	5.3779e+012	5.2500e-015
-3.890e+000	3.0129e-007	-5.4155e+012	-5.3967e+012	5.3967e+012	5.2500e-015
-3.880e+000	3.0131e-007	-5.4343e+012	-5.4155e+012	5.4155e+012	5.2500e-015
-3.870e+000	3.0132e-007	-5.4531e+012	-5.4343e+012	5.4343e+012	5.2500e-015
-3.860e+000	3.0134e-007	-5.4720e+012	-5.4531e+012	5.4531e+012	5.2500e-015
-3.850e+000	3.0136e-007	-5.4908e+012	-5.4720e+012	5.4719e+012	5.2500e-015
-3.840e+000	3.0137e-007	-5.5096e+012	-5.4908e+012	5.4907e+012	5.2500e-015
-3.830e+000	3.0139e-007	-5.5284e+012	-5.5096e+012	5.5095e+012	5.2500e-015
-3.820e+000	3.0141e-007	-5.5472e+012	-5.5284e+012	5.5283e+012	5.2500e-015
-3.810e+000	3.0142e-007	-5.5660e+012	-5.5472e+012	5.5472e+012	5.2500e-015
-3.800e+000	3.0144e-007	-5.5848e+012	-5.5660e+012	5.5660e+012	5.2500e-015
-3.790e+000	3.0146e-007	-5.6036e+012	-5.5848e+012	5.5848e+012	5.2500e-015
-3.780e+000	3.0147e-007	-5.6225e+012	-5.6036e+012	5.6036e+012	5.2500e-015
-3.770e+000	3.0149e-007	-5.6413e+012	-5.6225e+012	5.6224e+012	5.2500e-015
-3.760e+000	3.0151e-007	-5.6601e+012	-5.6413e+012	5.6412e+012	5.2500e-015
-3.750e+000	3.0152e-007	-5.6789e+012	-5.6601e+012	5.6601e+012	5.2500e-015
-3.740e+000	3.0154e-007	-5.6977e+012	-5.6789e+012	5.6789e+012	5.2500e-015
-3.730e+000	3.0156e-007	-5.7166e+012	-5.6977e+012	5.6977e+012	5.2500e-015
-3.720e+000	3.0157e-007	-5.7354e+012	-5.7166e+012	5.7165e+012	5.2500e-015
-3.710e+000	3.0159e-007	-5.7542e+012	-5.7354e+012	5.7353e+012	5.2500e-015
-3.700e+000	3.0160e-007	-5.7730e+012	-5.7542e+012	5.7542e+012	5.2500e-015
-3.690e+000	3.0162e-007	-5.7919e+012	-5.7730e+012	5.7730e+012	5.2500e-015
-3.680e+000	3.0163e-007	-5.8107e+012	-5.7919e+012	5.7918e+012	5.2500e-015
-3.670e+000	3.0165e-007	-5.8295e+012	-5.8107e+012	5.8106e+012	5.2500e-015
-3.660e+000	3.0167e-007	-5.8483e+012	-5.8295e+012	5.8295e+012	5.2500e-015
-3.650e+000	3.0168e-007	-5.8672e+012	-5.8483e+012	5.8483e+012	5.2500e-015
-3.640e+000	3.0170e-007	-5.8860e+012	-5.8672e+012	5.8671e+012	5.2500e-015
-3.630e+000	3.0171e-007	-5.9048e+012	-5.8860e+012	5.8860e+012	5.2500e-015
-3.620e+000	3.0173e-007	-5.9237e+012	-5.9048e+012	5.9048e+012	5.2500e-015
-3.610e+000	3.0174e-007	-5.9425e+012	-5.9237e+012	5.9236e+012	5.2500e-015
-3.600e+000	3.0176e-007	-5.9613e+012	-5.9425e+012	5.9424e+012	5.2500e-015
-3.590e+000	3.0177e-007	-5.9802e+012	-5.9613e+012	5.9613e+012	5.2500e-015
-3.580e+000	3.0179e-007	-5.9990e+012	-5.9802e+012	5.9801e+012	5.2500e-015
-3.570e+000	3.0180e-007	-6.0178e+012	-5.9990e+012	5.9990e+012	5.2500e-015
-3.560e+000	3.0182e-007	-6.0367e+012	-6.0178e+012	6.0178e+012	5.2500e-015
-3.550e+000	3.0183e-007	-6.0555e+012	-6.0367e+012	6.0366e+012	5.2500e-015
-3.540e+000	3.0185e-007	-6.0743e+012	-6.0555e+012	6.0555e+012	5.2500e-015
-3.530e+000	3.0186e-007	-6.0932e+012	-6.0743e+012	6.0743e+012	5.2500e-015
-3.520e+000	3.0188e-007	-6.1120e+012	-6.0932e+012	6.0931e+012	5.2500e-015
-3.510e+000	3.0189e-007	-6.1309e+012	-6.1120e+012	6.1120e+012	5.2500e-015
-3.500e+000	3.0191e-007	-6.1497e+012	-6.1309e+012	6.1308e+012	5.2500e-015
-3.490e+000	3.0192e-007	-6.1686e+012	-6.1497e+012	6.1497e+012	5.2500e-015
-3.480e+000	3.0193e-007	-6.1874e+012	-6.1686e+012	6.1685e+012	5.2500e-015
-3.470e+000	3.0195e-007	-6.2063e+012	-6.1874e+012	6.1874e+012	5.2500e-015
-3.460e+000	3.0196e-007	-6.2251e+012	-6.2063e+012	6.2062e+012	5.2500e-015
-3.450e+000	3.0198e-007	-6.2439e+012	-6.2251e+012	6.2251e+012	5.2500e-015
-3.440e+000	3.0199e-007	-6.2628e+012	-6.2439e+012	6.2439e+012	5.2500e-015
-3.430e+000	3.0201e-007	-6.2816e+012	-6.2628e+012	6.2628e+012	5.2500e-015
-3.420e+000	3.0202e-007	-6.3005e+012	-6.2816e+012	6.2816e+012	5.2500e-015
-3.410e+000	3.0203e-007	-6.3193e+012	-6.3005e+012	6.3005e+012	5.2500e-015
-3.400e+000	3.0205e-007	-6.3382e+012	-6.3193e+012	6.3193e+012	5.2500e-015
-3.390e+000	3.0206e-007	-6.3571e+012	-6.3382e+012	6.3382e+012	5.2500e-015
-3.380e+000	3.0208e-007	-6.3759e+012	-6.3571e+012	6.3570e+012	5.2500e-015
-3.370e+000	3.0209e-007	-6.3948e+012	-6.3759e+012	6.3759e+012	5.2500e-015
-3.360e+000	3.0210e-007	-6.4136e+012	-6.3948e+012	6.3947e+012	5.2500e-015
-3.350e+000	3.0212e-007	-6.4325e+012	-6.4136e+012	6.4136e+012	5.2500e-015
-3.340e+000	3.0213e-007	-6.4513e+012	-6.4325e+012	6.4324e+012	5.2500e-015
-3.330e+000	3.0214e-007	-6.4702e+012	-6.4513e+012	6.4513e+012	5.2500e-015
-3.320e+000	3.0216e-007	-6.4891e+012	-6.4702e+012	6.4702e+012	5.2500e-015
-3.310e+000	3.0217e-007	-6.5079e+012	-6.4891e+012	6.4890e+012	5.2500e-015
-3.300e+000	3.0218e-007	-6.5268e+012	-6.5079e+012	6.5079e+012	5.2500e-015
-3.290e+000	3.0200e-007	-6.5456e+012	-6.5268e+012	6.5267e+012	5.2500e-015
-3.280e+000	3.0198e-007	-6.5645e+012	-6.5456e+012	6.5456e+012	5.2500e-015
-3.270e+000	3.0199e-007	-6.5833e+012	-6.5645e+012	6.5644e+012	5.2500e-015
-3.260e+000	3.0200e-007	-6.6022e+012	-6.5833e+012	6.5833e+012	5.2500e-015
-3.250e+000	3.0201e-007	-6.6210e+012	-6.6022e+012	6.6021e+012	5.2500e-015
-3.240e+000	3.0202e-007	-6.6399e+012	-6.6210e+012	6.6210e+012	5.2500e-015
-3.230e+000	3.0203e-007	-6.6587e+012	-6.6399e+012	6.6398e+012	5.2500e-015
-3.220e+000	3.0204e-007	-6.6776e+012	-6.6587e+012	6.6587e+012	5.2500e-015
-3.210e+000	3.0206e-007	-6.6964e+012	-6.6776e+012	6.6775e+012	5.2500e-015
-3.200e+000	3.0207e-007	-6.7153e+012	-6.6964e+012	6.6964e+012	5.2500e-015
-3.190e+000	3.0208e-007	-6.7341e+012	-6.7153e+012	6.7152e+012	5.2500e-015
-3.180e+000	3.0209e-007	-6.7530e+012	-6.7341e+012	6.7341e+012	5.2500e-015
-3.170e+000	3.0210e-007	-6.7718e+012	-6.7530e+012	6.7529e+012	5.2500e-015
-3.160e+000	3.0211e-007	-6.7907e+012	-6.7718e+012	6.7718e+012	5.2500e-015
-3.150e+000	3.0212e-007	-6.8096e+012	-6.7907e+012	6.7907e+012	5.2500e-015
-3.140e+000	3.0213e-007	-6.8284e+012	-6.8096e+012	6.8095e+012	5.2500e-015
-3.130e+000	3.0214e-007	-6.8473e+012	-6.8284e+012	6.8284e+012	5.2500e-015
-3.120e+000	3.0215e-007	-6.8661e+012	-6.8473e+012	6.8472e+012	5.2500e-015
-3.110e+000	3.0216e-007	-6.8850e+012	-6.8661e+012	6.8661e+012	5.2500e-015
-3.100e+000	3.0217e-007	-6.9038e+012	-6.8850e+012	6.8849e+012	5.2500e-015
-3.090e+000	3.0218e-007	-6.9227e+012	-6.9038e+012	6.9038e+012	5.2500e-015
-3.080e+000	3.0219e-007	-6.9416e+012	-6.9227e+012	6.9227e+012	5.2500e-015
-3.070e+000	3.0220e-007	-6.9604e+012	-6.9416e+012	6.9415e+012	5.2500e-015
-3.060e+000	3.0221e-007	-6.9793e+012	-6.9604e+012	6.9604e+012	5.2500e-015
-3.050e+000	3.0223e-007	-6.9982e+012	-6.9793e+012	6.9793e+012	5.2500e-015
-3.040e+000	3.0224e-007	-7.0170e+012	-6.9982e+012	6.9981e+012	5.2500e-015
-3.030e+000	3.0225e-007	-7.0359e+012	-7.0170e+012	7.0170e+012	5.2500e-015
-3.020e+000	3.0226e-007	-7.0548e+012	-7.0359e+012	7.0358e+012	5.2500e-015
-3.010e+000	3.0227e-007	-7.0736e+012	-7.0548e+012	7.0547e+012	5.2500e-015
-3.000e+000	3.0228e-007	-7.0925e+012	-7.0736e+012	7.0736e+012	5.2500e-015
-2.990e+000	3.0229e-007	-7.1114e+012	-7.0925e+012	7.0924e+012	5.2500e-015
-2.980e+000	3.0230e-007	-7.1302e+012	-7.1114e+012	7.1113e+012	5.2500e-015
-2.970e+000	3.0231e-007	-7.1491e+012	-7.1302e+012	7.1302e+012	5.2500e-015
-2.960e+000	3.0232e-007	-7.1680e+012	-7.1491e+012	7.1490e+012	5.2500e-015
-2.950e+000	3.0233e-007	-7.1868e+012	-7.1680e+012	7.1679e+012	5.2500e-015
-2.940e+000	3.0234e-007	-7.2057e+012	-7.1868e+012	7.1868e+012	5.2500e-015
-2.930e+000	3.0235e-007	-7.2246e+012	-7.2057e+012	7.2057e+012	5.2500e-015
-2.920e+000	3.0236e-007	-7.2434e+012	-7.2246e+012	7.2245e+012	5.2500e-015
-2.910e+000	3.0237e-007	-7.2623e+012	-7.2434e+012	7.2434e+012	5.2500e-015
-2.900e+000	3.0238e-007	-7.2812e+012	-7.2623e+012	7.2623e+012	5.2500e-015
-2.890e+000	3.0238e-007	-7.3001e+012	-7.2812e+012	7.2811e+012	5.2500e-015
-2.880e+000	3.0239e-007	-7.3189e+012	-7.3001e+012	7.3000e+012	5.2500e-015
-2.870e+000	3.0240e-007	-7.3378e+012	-7.3189e+012	7.3189e+012	5.2500e-015
-2.860e+000	3.0241e-007	-7.3567e+012	-7.3378e+012	7.3378e+012	5.2500e-015
-2.850e+000	3.0242e-007	-7.3756e+012	-7.3567e+012	7.3566e+012	5.2500e-015
-2.840e+000	3.0243e-007	-7.3944e+012	-7.3756e+012	7.3755e+012	5.2500e-015
-2.830e+000	3.0244e-007	-7.4133e+012	-7.3944e+012	7.3944e+012	5.2500e-015
-2.820e+000	3.0245e-007	-7.4322e+012	-7.4133e+012	7.4133e+012	5.2500e-015
-2.810e+000	3.0246e-007	-7.4511e+012	-7.4322e+012	7.4321e+012	5.2500e-015
-2.800e+000	3.0247e-007	-7.4699e+012	-7.4511e+012	7.4510e+012	5.2500e-015
-2.790e+000	3.0248e-007	-7.4888e+012	-7.4699e+012	7.4699e+012	5.2500e-015
-2.780e+000	3.0249e-007	-7.5077e+012	-7.4888e+012	7.4888e+012	5.2500e-015
-2.770e+000	3.0250e-007	-7.5266e+012	-7.5077e+012	7.5077e+012	5.2500e-015
-2.760e+000	3.0251e-007	-7.5455e+012	-7.5266e+012	7.5265e+012	5.2500e-015
-2.750e+000	3.0252e-007	-7.5643e+012	-7.5455e+012	7.5454e+012	5.2500e-015
-2.740e+000	3.0253e-007	-7.5832e+012	-7.5643e+012	7.5643e+012	5.2500e-015
-2.730e+000	3.0254e-007	-7.6021e+012	-7.5832e+012	7.5832e+012	5.2500e-015
-2.720e+000	3.0254e-007	-7.6210e+012	-7.6021e+012	7.6021e+012	5.2500e-015
-2.710e+000	3.0255e-007	-7.6399e+012	-7.6210e+012	7.6210e+012	5.2500e-015
-2.700e+000	3.0256e-007	-7.6588e+012	-7.6399e+012	7.6398e+012	5.2500e-015
-2.690e+000	3.0257e-007	-7.6776e+012	-7.6588e+012	7.6587e+012	5.2500e-015
-2.680e+000	3.0258e-007	-7.6965e+012	-7.6776e+012	7.6776e+012	5.2500e-015
-2.670e+000	3.0259e-007	-7.7154e+012	-7.6965e+012	7.6965e+012	5.2500e-015
-2.660e+000	3.0260e-007	-7.7343e+012	-7.7154e+012	7.7154e+012	5.2500e-015
-2.650e+000	3.0261e-007	-7.7532e+012	-7.7343e+012	7.7343e+012	5.2500e-015
-2.640e+000	3.0262e-007	-7.7721e+012	-7.7532e+012	7.7532e+012	5.2500e-015
-2.630e+000	3.0262e-007	-7.7910e+012	-7.7721e+012	7.7720e+012	5.2500e-015
-2.620e+000	3.0263e-007	-7.8099e+012	-7.7910e+012	7.7909e+012	5.2500e-015
-2.610e+000	3.0264e-007	-7.8287e+012	-7.8099e+012	7.8098e+012	5.2500e-015
-2.600e+000	3.0265e-007	-7.8476e+012	-7.8287e+012	7.8287e+012	5.2500e-015
-2.590e+000	3.0266e-007	-7.8665e+012	-7.8476e+012	7.8476e+012	5.2500e-015
-2.580e+000	3.0267e-007	-7.8854e+012	-7.8665e+012	7.8665e+012	5.2500e-015
-2.570e+000	3.0268e-007	-7.9043e+012	-7.8854e+012	7.8854e+012	5.2500e-015
-2.560e+000	3.0269e-007	-7.9232e+012	-7.9043e+012	7.9043e+012	5.2500e-015
-2.550e+000	3.0269e-007	-7.9421e+012	-7.9232e+012	7.9232e+012	5.2500e-015
-2.540e+000	3.0270e-007	-7.9610e+012	-7.9421e+012	7.9421e+012	5.2500e-015
-2.530e+000	3.0271e-007	-7.9799e+012	-7.9610e+012	7.9609e+012	5.2500e-015
-2.520e+000	3.0272e-007	-7.9988e+012	-7.9799e+012	7.9798e+012	5.2500e-015
-2.510e+000	3.0273e-007	-8.0177e+012	-7.9988e+012	7.9987e+012	5.2500e-015
-2.500e+000	3.0274e-007	-8.0366e+012	-8.0177e+012	8.0176e+012	5.2500e-015
-2.490e+000	3.0275e-007	-8.0555e+012	-8.0366e+012	8.0365e+012	5.2500e-015
-2.480e+000	3.0275e-007	-8.0744e+012	-8.0555e+012	8.0554e+012	5.2500e-015
-2.470e+000	3.0276e-007	-8.0933e+012	-8.0744e+012	8.0743e+012	5.2500e-015
-2.460e+000	3.0277e-007	-8.1122e+012	-8.0933e+012	8.0932e+012	5.2500e-015
-2.450e+000	3.0278e-007	-8.1311e+012	-8.1122e+012	8.1121e+012	5.2500e-015
-2.440e+000	3.0279e-007	-8.1500e+012	-8.1311e+012	8.1310e+012	5.2500e-015
-2.430e+000	3.0279e-007	-8.1688e+012	-8.1500e+012	8.1499e+012	5.2500e-015
-2.420e+000	3.0280e-007	-8.1877e+012	-8.1688e+012	8.1688e+012	5.2500e-015
-2.410e+000	3.0281e-007	-8.2066e+012	-8.1877e+012	8.1877e+012	5.2500e-015
-2.400e+000	3.0282e-007	-8.2255e+012	-8.2066e+012	8.2066e+012	5.2500e-015
-2.390e+000	3.0283e-007	-8.2444e+012	-8.2255e+012	8.2255e+012	5.2500e-015
-2.380e+000	3.0284e-007	-8.2634e+012	-8.2444e+012	8.2444e+012	5.2500e-015
-2.370e+000	3.0284e-007	-8.2823e+012	-8.2634e+012	8.2633e+012	5.2500e-015
-2.360e+000	3.0285e-007	-8.3012e+012	-8.2823e+012	8.2822e+012	5.2500e-015
-2.350e+000	3.0286e-007	-8.3201e+012	-8.3012e+012	8.3011e+012	5.2500e-015
-2.340e+000	3.0287e-007	-8.3390e+012	-8.3201e+012	8.3200e+012	5.2500e-015
-2.330e+000	3.0288e-007	-8.3579e+012	-8.3390e+012	8.3389e+012	5.2500e-015
-2.320e+000	3.0288e-007	-8.3768e+012	-8.3579e+012	8.3578e+012	5.2500e-015
-2.310e+000	3.0289e-007	-8.3957e+012	-8.3768e+012	8.3767e+012	5.2500e-015
-2.300e+000	3.0290e-007	-8.4146e+012	-8.3957e+012	8.3956e+012	5.2500e-015
-2.290e+000	3.0291e-007	-8.4335e+012	-8.4146e+012	8.4145e+012	5.2500e-015
-2.280e+000	3.0292e-007	-8.4524e+012	-8.4335e+012	8.4334e+012	5.2500e-015
-2.270e+000	3.0292e-007	-8.4713e+012	-8.4524e+012	8.4524e+012	5.2500e-015
-2.260e+000	3.0293e-007	-8.4902e+012	-8.4713e+012	8.4713e+012	5.2500e-015
-2.250e+000	3.0294e-007	-8.5091e+012	-8.4902e+012	8.4902e+012	5.2500e-015
-2.240e+000	3.0295e-007	-8.5280e+012	-8.5091e+012	8.5091e+012	5.2500e-015
-2.230e+000	3.0295e-007	-8.5469e+012	-8.5280e+012	8.5280e+012	5.2500e-015
-2.220e+000	3.0296e-007	-8.5658e+012	-8.5469e+012	8.5469e+012	5.2500e-015
-2.210e+000	3.0297e-007	-8.5848e+012	-8.5658e+012	8.5658e+012	5.2500e-015
-2.200e+000	3.0298e-007	-8.6037e+012	-8.5848e+012	8.5847e+012	5.2500e-015
-2.190e+000	3.0298e-007	-8.6226e+012	-8.6037e+012	8.6036e+012	5.2500e-015
-2.180e+000	3.0299e-007	-8.6415e+012	-8.6226e+012	8.6225e+012	5.2500e-015
-2.170e+000	3.0300e-007	-8.6604e+012	-8.6415e+012	8.6414e+012	5.2500e-015
-2.160e+000	3.0301e-007	-8.6793e+012	-8.6604e+012	8.6604e+012	5.2500e-015
-2.150e+000	3.0301e-007	-8.6982e+012	-8.6793e+012	8.6793e+012	5.2500e-015
-2.140e+000	3.0302e-007	-8.7171e+012	-8.6982e+012	8.6982e+012	5.2500e-015
-2.130e+000	3.0303e-007	-8.7360e+012	-8.7171e+012	8.7171e+012	5.2500e-015
-2.120e+000	3.0304e-007	-8.7550e+012	-8.7360e+012	8.7360e+012	5.2500e-015
-2.110e+000	3.0304e-007	-8.7739e+012	-8.7550e+012	8.7549e+012	5.2500e-015
-2.100e+000	3.0305e-007	-8.7928e+012	-8.7739e+012	8.7738e+012	5.2500e-015
-2.090e+000	3.0306e-007	-8.8117e+012	-8.7928e+012	8.7928e+012	5.2500e-015
-2.080e+000	3.0307e-007	-8.8306e+012	-8.8117e+012	8.8117e+012	5.2500e-015
-2.070e+000	3.0307e-007	-8.8495e+012	-8.8306e+012	8.8306e+012	5.2500e-015
-2.060e+000	3.0308e-007	-8.8685e+012	-8.8495e+012	8.8495e+012	5.2500e-015
-2.050e+000	3.0309e-007	-8.8874e+012	-8.8685e+012	8.8684e+012	5.2500e-015
-2.040e+000	3.0310e-007	-8.9063e+012	-8.8874e+012	8.8873e+012	5.2500e-015
-2.030e+000	3.0310e-007	-8.9252e+012	-8.9063e+012	8.9063e+012	5.2500e-015
-2.020e+000	3.0311e-007	-8.9441e+012	-8.9252e+012	8.9252e+012	5.2500e-015
-2.010e+000	3.0312e-007	-8.9630e+012	-8.9441e+012	8.9441e+012	5.2500e-015
-2.000e+000	3.0313e-007	-8.9820e+012	-8.9630e+012	8.9630e+012	5.2500e-015
-1.990e+000	3.0313e-007	-9.0009e+012	-8.9820e+012	8.9819e+012	5.2500e-015
-1.980e+000	3.0314e-007	-9.0198e+012	-9.0009e+012	9.0008e+012	5.2500e-015
-1.970e+000	3.0315e-007	-9.0387e+012	-9.0198e+012	9.0198e+012	5.2500e-015
-1.960e+000	3.0315e-007	-9.0576e+012	-9.0387e+012	9.0387e+012	5.2500e-015
-1.950e+000	3.0316e-007	-9.0766e+012	-9.0576e+012	9.0576e+012	5.2500e-015
-1.940e+000	3.0317e-007	-9.0955e+012	-9.0766e+012	9.0765e+012	5.2500e-015
-1.930e+000	3.0317e-007	-9.1144e+012	-9.0955e+012	9.0955e+012	5.2500e-015
-1.920e+000	3.0318e-007	-9.1333e+012	-9.1144e+012	9.1144e+012	5.2500e-015
-1.910e+000	3.0319e-007	-9.1523e+012	-9.1333e+012	9.1333e+012	5.2500e-015
-1.900e+000	3.0320e-007	-9.1712e+012	-9.1523e+012	9.1522e+012	5.2500e-015
-1.890e+000	3.0320e-007	-9.1901e+012	-9.1712e+012	9.1711e+012	5.2500e-015
-1.880e+000	3.0321e-007	-9.2090e+012	-9.1901e+012	9.1901e+012	5.2500e-015
-1.870e+000	3.0322e-007	-9.2280e+012	-9.2090e+012	9.2090e+012	5.2500e-015
-1.860e+000	3.0322e-007	-9.2469e+012	-9.2280e+012	9.2279e+012	5.2500e-015
-1.850e+000	3.0323e-007	-9.2658e+012	-9.2469e+012	9.2468e+012	5.2500e-015
-1.840e+000	3.0324e-007	-9.2847e+012	-9.2658e+012	9.2658e+012	5.2500e-015
-1.830e+000	3.0324e-007	-9.3037e+012	-9.2847e+012	9.2847e+012	5.2500e-015
-1.820e+000	3.0325e-007	-9.3226e+012	-9.3037e+012	9.3036e+012	5.2500e-015
-1.810e+000	3.0326e-007	-9.3415e+012	-9.3226e+012	9.3226e+012	5.2500e-015
-1.800e+000	3.0326e-007	-9.3604e+012	-9.3415e+012	9.3415e+012	5.2500e-015
-1.790e+000	3.0327e-007	-9.3794e+012	-9.3604e+012	9.3604e+012	5.2500e-015
-1.780e+000	3.0328e-007	-9.3983e+012	-9.3794e+012	9.3793e+012	5.2500e-015
-1.770e+000	3.0328e-007	-9.4172e+012	-9.3983e+012	9.3983e+012	5.2500e-015
-1.760e+000	3.0329e-007	-9.4362e+012	-9.4172e+012	9.4172e+012	5.2500e-015
-1.750e+000	3.0330e-007	-9.4551e+012	-9.4362e+012	9.4361e+012	5.2500e-015
-1.740e+000	3.0330e-007	-9.4740e+012	-9.4551e+012	9.4551e+012	5.2500e-015
-1.730e+000	3.0331e-007	-9.4930e+012	-9.4740e+012	9.4740e+012	5.2500e-015
-1.720e+000	3.0332e-007	-9.5119e+012	-9.4930e+012	9.4929e+012	5.2500e-015
-1.710e+000	3.0332e-007	-9.5308e+012	-9.5119e+012	9.5119e+012	5.2500e-015
-1.700e+000	3.0333e-007	-9.5498e+012	-9.5308e+012	9.5308e+012	5.2500e-015
-1.690e+000	3.0334e-007	-9.5687e+012	-9.5498e+012	9.5497e+012	5.2500e-015
-1.680e+000	3.0334e-007	-9.5876e+012	-9.5687e+012	9.5686e+012	5.2500e-015
-1.670e+000	3.0335e-007	-9.6066e+012	-9.5876e+012	9.5876e+012	5.2500e-015
-1.660e+000	3.0336e-007	-9.6255e+012	-9.6066e+012	9.6065e+012	5.2500e-015
-1.650e+000	3.0336e-007	-9.6444e+012	-9.6255e+012	9.6254e+012	5.2500e-015
-1.640e+000	3.0337e-007	-9.6634e+012	-9.6444e+012	9.6444e+012	5.2500e-015
-1.630e+000	3.0338e-007	-9.6823e+012	-9.6634e+012	9.6633e+012	5.2500e-015
-1.620e+000	3.0338e-007	-9.7012e+012	-9.6823e+012	9.6823e+012	5.2500e-015
-1.610e+000	3.0339e-007	-9.7202e+012	-9.7012e+012	9.7012e+012	5.2500e-015
-1.600e+000	3.0340e-007	-9.7391e+012	-9.7202e+012	9.7201e+012	5.2500e-015
-1.590e+000	3.0340e-007	-9.7580e+012	-9.7391e+012	9.7391e+012	5.2500e-015
-1.580e+000	3.0341e-007	-9.7770e+012	-9.7580e+012	9.7580e+012	5.2500e-015
-1.570e+000	3.0342e-007	-9.7959e+012	-9.7770e+012	9.7769e+012	5.2500e-015
-1.560e+000	3.0342e-007	-9.8149e+012	-9.7959e+012	9.7959e+012	5.2500e-015
-1.550e+000	3.0343e-007	-9.8338e+012	-9.8149e+012	9.8148e+012	5.2500e-015
-1.540e+000	3.0343e-007	-9.8527e+012	-9.8338e+012	9.8337e+012	5.2500e-015
-1.530e+000	3.0344e-007	-9.8717e+012	-9.8527e+012	9.8527e+012	5.2500e-015
-1.520e+000	3.0345e-007	-9.8906e+012	-9.8717e+012	9.8716e+012	5.2500e-015
-1.510e+000	3.0345e-007	-9.9095e+012	-9.8906e+012	9.8906e+012	5.2500e-015
-1.500e+000	3.0346e-007	-9.9285e+012	-9.9095e+012	9.9095e+012	5.2500e-015
-1.490e+000	3.0347e-007	-9.9474e+012	-9.9285e+012	9.9284e+012	5.2500e-015
-1.480e+000	3.0347e-007	-9.9664e+012	-9.9474e+012	9.9474e+012	5.2500e-015
-1.470e+000	3.0348e-007	-9.9853e+012	-9.9664e+012	9.9663e+012	5.2500e-015
-1.460e+000	3.0348e-007	-1.0004e+013	-9.9853e+012	9.9853e+012	5.2500e-015
-1.450e+000	3.0349e-007	-1.0023e+013	-1.0004e+013	1.0004e+013	5.2500e-015
-1.440e+000	3.0350e-007	-1.0042e+013	-1.0023e+013	1.0023e+013	5.2500e-015
-1.430e+000	3.0350e-007	-1.0061e+013	-1.0042e+013	1.0042e+013	5.2500e-015
-1.420e+000	3.0351e-007	-1.0080e+013	-1.0061e+013	1.0061e+013	5.2500e-015
-1.410e+000	3.0352e-007	-1.0099e+013	-1.0080e+013	1.0080e+013	5.2500e-015
-1.400e+000	3.0352e-007	-1.0118e+013	-1.0099e+013	1.0099e+013	5.2500e-015
-1.390e+000	3.0353e-007	-1.0137e+013	-1.0118e+013	1.0118e+013	5.2500e-015
-1.380e+000	3.0353e-007	-1.0156e+013	-1.0137e+013	1.0137e+013	5.2500e-015
-1.370e+000	3.0354e-007	-1.0175e+013	-1.0156e+013	1.0156e+013	5.2500e-015
-1.360e+000	3.0355e-007	-1.0194e+013	-1.0175e+013	1.0175e+013	5.2500e-015
-1.350e+000	3.0355e-007	-1.0213e+013	-1.0194e+013	1.0194e+013	5.2500e-015
-1.340e+000	3.0356e-007	-1.0232e+013	-1.0213e+013	1.0213e+013	5.2500e-015
-1.330e+000	3.0356e-007	-1.0251e+013	-1.0232e+013	1.0232e+013	5.2500e-015
-1.320e+000	3.0357e-007	-1.0269e+013	-1.0251e+013	1.0250e+013	5.2500e-015
-1.310e+000	3.0358e-007	-1.0288e+013	-1.0269e+013	1.0269e+013	5.2500e-015
-1.300e+000	3.0358e-007	-1.0307e+013	-1.0288e+013	1.0288e+013	5.2500e-015
-1.290e+000	3.0359e-007	-1.0326e+013	-1.0307e+013	1.0307e+013	5.2500e-015
-1.280e+000	3.0359e-007	-1.0345e+013	-1.0326e+013	1.0326e+013	5.2500e-015
-1.270e+000	3.0360e-007	-1.0364e+013	-1.0345e+013	1.0345e+013	5.2500e-015
-1.260e+000	3.0361e-007	-1.0383e+013	-1.0364e+013	1.0364e+013	5.2500e-015
-1.250e+000	3.0361e-007	-1.0402e+013	-1.0383e+013	1.0383e+013	5.2500e-015
-1.240e+000	3.0362e-007	-1.0421e+013	-1.0402e+013	1.0402e+013	5.2500e-015
-1.230e+000	3.0362e-007	-1.0440e+013	-1.0421e+013	1.0421e+013	5.2500e-015
-1.220e+000	3.0363e-007	-1.0459e+013	-1.0440e+013	1.0440e+013	5.2500e-015
-1.210e+000	3.0363e-007	-1.0478e+013	-1.0459e+013	1.0459e+013	5.2500e-015
-1.200e+000	3.0364e-007	-1.0497e+013	-1.0478e+013	1.0478e+013	5.2500e-015
-1.190e+000	3.0365e-007	-1.0516e+013	-1.0497e+013	1.0497e+013	5.2500e-015
-1.180e+000	3.0365e-007	-1.0535e+013	-1.0516e+013	1.0516e+013	5.2500e-015
-1.170e+000	3.0366e-007	-1.0554e+013	-1.0535e+013	1.0535e+013	5.2500e-015
-1.160e+000	3.0366e-007	-1.0573e+013	-1.0554e+013	1.0554e+013	5.2500e-015
-1.150e+000	3.0367e-007	-1.0592e+013	-1.0573e+013	1.0573e+013	5.2500e-015
-1.140e+000	3.0367e-007	-1.0611e+013	-1.0592e+013	1.0592e+013	5.2500e-015
-1.130e+000	3.0368e-007	-1.0630e+013	-1.0611e+013	1.0611e+013	5.2500e-015
-1.120e+000	3.0369e-007	-1.0649e+013	-1.0630e+013	1.0630e+013	5.2500e-015
-1.110e+000	3.0369e-007	-1.0667e+013	-1.0649e+013	1.0648e+013	5.2500e-015
-1.100e+000	3.0370e-007	-1.0686e+013	-1.0667e+013	1.0667e+013	5.2500e-015
-1.090e+000	3.0370e-007	-1.0705e+013	-1.0686e+013	1.0686e+013	5.2500e-015
-1.080e+000	3.0371e-007	-1.0724e+013	-1.0705e+013	1.0705e+013	5.2500e-015
-1.070e+000	3.0371e-007	-1.0743e+013	-1.0724e+013	1.0724e+013	5.2500e-015
-1.060e+000	3.0372e-007	-1.0762e+013	-1.0743e+013	1.0743e+013	5.2500e-015
-1.050e+000	3.0373e-007	-1.0781e+013	-1.0762e+013	1.0762e+013	5.2500e-015
-1.040e+000	3.0373e-007	-1.0800e+013	-1.0781e+013	1.0781e+013	5.2500e-015
-1.030e+000	3.0374e-007	-1.0819e+013	-1.0800e+013	1.0800e+013	5.2500e-015
-1.020e+000	3.0374e-007	-1.0838e+013	-1.0819e+013	1.0819e+013	5.2500e-015
-1.010e+000	3.0375e-007	-1.0857e+013	-1.0838e+013	1.0838e+013	5.2500e-015
-1.000e+000	3.0375e-007	-1.0876e+013	-1.0857e+013	1.0857e+013	5.2500e-015
-9.900e-001	3.0376e-007	-1.0895e+013	-1.0876e+013	1.0876e+013	5.2500e-015
-9.800e-001	3.0376e-007	-1.0914e+013	-1.0895e+013	1.0895e+013	5.2500e-015
-9.700e-001	3.0377e-007	-1.0933e+013	-1.0914e+013	1.0914e+013	5.2500e-015
-9.600e-001	3.0378e-007	-1.0952e+013	-1.0933e+013	1.0933e+013	5.2500e-015
-9.500e-001	3.0378e-007	-1.0971e+013	-1.0952e+013	1.0952e+013	5.2500e-015
-9.400e-001	3.0379e-007	-1.0990e+013	-1.0971e+013	1.0971e+013	5.2500e-015
-9.300e-001	3.0379e-007	-1.1009e+013	-1.0990e+013	1.0990e+013	5.2500e-015
-9.200e-001	3.0380e-007	-1.1028e+013	-1.1009e+013	1.1009e+013	5.2500e-015
-9.100e-001	3.0380e-007	-1.1047e+013	-1.1028e+013	1.1028e+013	5.2500e-015
-9.000e-001	3.0381e-007	-1.1066e+013	-1.1047e+013	1.1047e+013	5.2500e-015
-8.900e-001	3.0381e-007	-1.1085e+013	-1.1066e+013	1.1066e+013	5.2500e-015
-8.800e-001	3.0382e-007	-1.1104e+013	-1.1085e+013	1.1085e+013	5.2500e-015
-8.700e-001	3.0382e-007	-1.1122e+013	-1.1104e+013	1.1103e+013	5.2500e-015
-8.600e-001	3.0383e-007	-1.1141e+013	-1.1122e+013	1.1122e+013	5.2500e-015
-8.500e-001	3.0383e-007	-1.1160e+013	-1.1141e+013	1.1141e+013	5.2500e-015
-8.400e-001	3.0384e-007	-1.1179e+013	-1.1160e+013	1.1160e+013	5.2500e-015
-8.300e-001	3.0384e-007	-1.1198e+013	-1.1179e+013	1.1179e+013	5.2500e-015
-8.200e-001	3.0385e-007	-1.1217e+013	-1.1198e+013	1.1198e+013	5.2500e-015
-8.100e-001	3.0386e-007	-1.1236e+013	-1.1217e+013	1.1217e+013	5.2500e-015
-8.000e-001	3.0386e-007	-1.1255e+013	-1.1236e+013	1.1236e+013	5.2500e-015
-7.900e-001	3.0387e-007	-1.1274e+013	-1.1255e+013	1.1255e+013	5.2500e-015
-7.800e-001	3.0387e-007	-1.1293e+013	-1.1274e+013	1.1274e+013	5.2500e-015
-7.700e-001	3.0388e-007	-1.1312e+013	-1.1293e+013	1.1293e+013	5.2500e-015
-7.600e-001	3.0388e-007	-1.1331e+013	-1.1312e+013	1.1312e+013	5.2500e-015
-7.500e-001	3.0389e-007	-1.1350e+013	-1.1331e+013	1.1331e+013	5.2500e-015
-7.400e-001	3.0389e-007	-1.1369e+013	-1.1350e+013	1.1350e+013	5.2500e-015
-7.300e-001	3.0390e-007	-1.1388e+013	-1.1369e+013	1.1369e+013	5.2500e-015
-7.200e-001	3.0390e-007	-1.1407e+013	-1.1388e+013	1.1388e+013	5.2500e-015
-7.100e-001	3.0391e-007	-1.1426e+013	-1.1407e+013	1.1407e+013	5.2500e-015
-7.000e-001	3.0391e-007	-1.1445e+013	-1.1426e+013	1.1426e+013	5.2500e-015
-6.900e-001	3.0392e-007	-1.1464e+013	-1.1445e+013	1.1445e+013	5.2500e-015
-6.800e-001	3.0392e-007	-1.1483e+013	-1.1464e+013	1.1464e+013	5.2500e-015
-6.700e-001	3.0393e-007	-1.1502e+013	-1.1483e+013	1.1483e+013	5.2500e-015
-6.600e-001	3.0393e-007	-1.1521e+013	-1.1502e+013	1.1502e+013	5.2500e-015
-6.500e-001	3.0394e-007	-1.1540e+013	-1.1521e+013	1.1521e+013	5.2500e-015
-6.400e-001	3.0394e-007	-1.1559e+013	-1.1540e+013	1.1540e+013	5.2500e-015
-6.300e-001	3.0395e-007	-1.1578e+013	-1.1559e+013	1.1559e+013	5.2500e-015
-6.200e-001	3.0395e-007	-1.1597e+013	-1.1578e+013	1.1578e+013	5.2500e-015
-6.100e-001	3.0396e-007	-1.1616e+013	-1.1597e+013	1.1597e+013	5.2500e-015
-6.000e-001	3.0396e-007	-1.1635e+013	-1.1616e+013	1.1616e+013	5.2500e-015
-5.900e-001	3.0397e-007	-1.1654e+013	-1.1635e+013	1.1635e+013	5.2500e-015
-5.800e-001	3.0397e-007	-1.1673e+013	-1.1654e+013	1.1654e+013	5.2500e-015
-5.700e-001	3.0398e-007	-1.1692e+013	-1.1673e+013	1.1673e+013	5.2500e-015
-5.600e-001	3.0398e-007	-1.1711e+013	-1.1692e+013	1.1691e+013	5.2500e-015
-5.500e-001	3.0399e-007	-1.1729e+013	-1.1711e+013	1.1710e+013	5.2500e-015
-5.400e-001	3.0399e-007	-1.1748e+013	-1.1729e+013	1.1729e+013	5.2500e-015
-5.300e-001	3.0400e-007	-1.1767e+013	-1.1748e+013	1.1748e+013	5.2500e-015
-5.200e-001	3.0400e-007	-1.1786e+013	-1.1767e+013	1.1767e+013	5.2500e-015
-5.100e-001	3.0401e-007	-1.1805e+013	-1.1786e+013	1.1786e+013	5.2500e-015
-5.000e-001	3.0401e-007	-1.1824e+013	-1.1805e+013	1.1805e+013	5.2500e-015
-4.900e-001	3.0402e-007	-1.1843e+013	-1.1824e+013	1.1824e+013	5.2500e-015
-4.800e-001	3.0402e-007	-1.1862e+013	-1.1843e+013	1.1843e+013	5.2500e-015
-4.700e-001	3.0403e-007	-1.1881e+013	-1.1862e+013	1.1862e+013	5.2500e-015
-4.600e-001	3.0403e-007	-1.1900e+013	-1.1881e+013	1.1881e+013	5.2500e-015
-4.500e-001	3.0404e-007	-1.1919e+013	-1.1900e+013	1.1900e+013	5.2500e-015
-4.400e-001	3.0404e-007	-1.1938e+013	-1.1919e+013	1.1919e+013	5.2500e-015
-4.300e-001	3.0405e-007	-1.1957e+013	-1.1938e+013	1.1938e+013	5.2500e-015
-4.200e-001	3.0405e-007	-1.1976e+013	-1.1957e+013	1.1957e+013	5.2500e-015
-4.100e-001	3.0406e-007	-1.1995e+013	-1.1976e+013	1.1976e+013	5.2500e-015
-4.000e-001	3.0406e-007	-1.2014e+013	-1.1995e+013	1.1995e+013	5.2500e-015
-3.900e-001	3.0407e-007	-1.2033e+013	-1.2014e+013	1.2014e+013	5.2500e-015
-3.800e-001	3.0407e-007	-1.2052e+013	-1.2033e+013	1.2033e+013	5.2500e-015
-3.700e-001	3.0408e-007	-1.2071e+013	-1.2052e+013	1.2052e+013	5.2500e-015
-3.600e-001	3.0408e-007	-1.2090e+013	-1.2071e+013	1.2071e+013	5.2500e-015
-3.500e-001	3.0409e-007	-1.2109e+013	-1.2090e+013	1.2090e+013	5.2500e-015
-3.400e-001	3.0409e-007	-1.2128e+013	-1.2109e+013	1.2109e+013	5.2500e-015
-3.300e-001	3.0410e-007	-1.2147e+013	-1.2128e+013	1.2128e+013	5.2500e-015
-3.200e-001	3.0410e-007	-1.2166e+013	-1.2147e+013	1.2147e+013	5.2500e-015
-3.100e-001	3.0411e-007	-1.2185e+013	-1.2166e+013	1.2166e+013	5.2500e-015
-3.000e-001	3.0411e-007	-1.2204e+013	-1.2185e+013	1.2185e+013	5.2500e-015
-2.900e-001	3.0411e-007	-1.2223e+013	-1.2204e+013	1.2204e+013	5.2500e-015
-2.800e-001	3.0412e-007	-1.2242e+013	-1.2223e+013	1.2223e+013	5.2500e-015
-2.700e-001	3.0412e-007	-1.2261e+013	-1.2242e+013	1.2242e+013	5.2500e-015
-2.600e-001	3.0413e-007	-1.2280e+013	-1.2261e+013	1.2261e+013	5.2500e-015
-2.500e-001	3.0413e-007	-1.2299e+013	-1.2280e+013	1.2280e+013	5.2500e-015
-2.400e-001	3.0414e-007	-1.2318e+013	-1.2299e+013	1.2299e+013	5.2500e-015
-2.300e-001	3.0414e-007	-1.2337e+013	-1.2318e+013	1.2318e+013	5.2500e-015
-2.200e-001	3.0415e-007	-1.2356e+013	-1.2337e+013	1.2337e+013	5.2500e-015
-2.100e-001	3.0415e-007	-1.2375e+013	-1.2356e+013	1.2356e+013	5.2500e-015
-2.000e-001	3.0416e-007	-1.2394e+013	-1.2375e+013	1.2375e+013	5.2500e-015
-1.900e-001	3.0416e-007	-1.2413e+013	-1.2394e+013	1.2394e+013	5.2500e-015
-1.800e-001	3.0417e-007	-1.2432e+013	-1.2413e+013	1.2413e+013	5.2500e-015
-1.700e-001	3.0417e-007	-1.2451e+013	-1.2432e+013	1.2432e+013	5.2500e-015
-1.600e-001	3.0418e-007	-1.2470e+013	-1.2451e+013	1.2451e+013	5.2500e-015
-1.500e-001	3.0418e-007	-1.2489e+013	-1.2470e+013	1.2470e+013	5.2500e-015
-1.400e-001	3.0418e-007	-1.2508e+013	-1.2489e+013	1.2489e+013	5.2500e-015
-1.300e-001	3.0419e-007	-1.2527e+013	-1.2508e+013	1.2508e+013	5.2500e-015
-1.200e-001	3.0419e-007	-1.2546e+013	-1.2527e+013	1.2527e+013	5.2500e-015
-1.100e-001	3.0420e-007	-1.2565e+013	-1.2546e+013	1.2546e+013	5.2500e-015
-1.000e-001	3.0420e-007	-1.2584e+013	-1.2565e+013	1.2565e+013	5.2500e-015
-9.000e-002	3.0421e-007	-1.2603e+013	-1.2584e+013	1.2584e+013	5.2500e-015
-8.000e-002	3.0421e-007	-1.2622e+013	-1.2603e+013	1.2603e+013	5.2500e-015
-7.000e-002	3.0422e-007	-1.2641e+013	-1.2622e+013	1.2622e+013	5.2500e-015
-6.000e-002	3.0422e-007	-1.2660e+013	-1.2641e+013	1.2641e+013	5.2500e-015
-5.000e-002	3.0422e-007	-1.2679e+013	-1.2660e+013	1.2659e+013	5.2500e-015
-4.000e-002	3.0423e-007	-1.2698e+013	-1.2679e+013	1.2678e+013	5.2500e-015
-3.000e-002	3.0423e-007	-1.2717e+013	-1.2698e+013	1.2697e+013	5.2500e-015
-2.000e-002	3.0424e-007	-1.2735e+013	-1.2717e+013	1.2716e+013	5.2500e-015
-1.000e-002	3.0424e-007	-1.2754e+013	-1.2735e+013	1.2735e+013	5.2500e-015
0.000e+000	3.0425e-007	-1.2773e+013	-1.2754e+013	1.2754e+013	5.2500e-015
1.000e-002	3.0425e-007	-1.2792e+013	-1.2773e+013	1.2773e+013	5.2500e-015
2.000e-002	3.0426e-007	-1.2811e+013	-1.2792e+013	1.2792e+013	5.2500e-015
3.000e-002	3.0426e-007	-1.2830e+013	-1.2811e+013	1.2811e+013	5.2500e-015
4.000e-002	3.0427e-007	-1.2849e+013	-1.2830e+013	1.2830e+013	5.2500e-015
5.000e-002	3.0427e-007	-1.2868e+013	-1.2849e+013	1.2849e+013	5.2500e-015
6.000e-002	3.0427e-007	-1.2887e+013	-1.2868e+013	1.2868e+013	5.2500e-015
7.000e-002	3.0428e-007	-1.2906e+013	-1.2887e+013	1.2887e+013	5.2500e-015
8.000e-002	3.0428e-007	-1.2925e+013	-1.2906e+013	1.2906e+013	5.2500e-015
9.000e-002	3.0429e-007	-1.2944e+013	-1.2925e+013	1.2925e+013	5.2500e-015
1.000e-001	3.0429e-007	-1.2963e+013	-1.2944e+013	1.2944e+013	5.2500e-015
1.100e-001	3.0430e-007	-1.2982e+013	-1.2963e+013	1.2963e+013	5.2500e-015
1.200e-001	3.0430e-007	-1.3001e+013	-1.2982e+013	1.2982e+013	5.2500e-015
1.300e-001	3.0430e-007	-1.3020e+013	-1.3001e+013	1.3001e+013	5.2500e-015
1.400e-001	3.0431e-007	-1.3039e+013	-1.3020e+013	1.3020e+013	5.2500e-015
1.500e-001	3.0431e-007	-1.3058e+013	-1.3039e+013	1.3039e+013	5.2500e-015
1.600e-001	3.0432e-007	-1.3077e+013	-1.3058e+013	1.3058e+013	5.2500e-015
1.700e-001	3.0429e-007	-1.3096e+013	-1.3077e+013	1.3077e+013	5.2500e-015
1.800e-001	3.0428e-007	-1.3115e+013	-1.3096e+013	1.3096e+013	5.2500e-015
1.900e-001	3.0429e-007	-1.3134e+013	-1.3115e+013	1.3115e+013	5.2500e-015
2.000e-001	3.0429e-007	-1.3153e+013	-1.3134e+013	1.3134e+013	5.2500e-015
2.100e-001	3.0429e-007	-1.3172e+013	-1.3153e+013	1.3153e+013	5.2500e-015
2.200e-001	3.0430e-007	-1.3191e+013	-1.3172e+013	1.3172e+013	5.2500e-015
2.300e-001	3.0430e-007	-1.3210e+013	-1.3191e+013	1.3191e+013	5.2500e-015
2.400e-001	3.0431e-007	-1.3229e+013	-1.3210e+013	1.3210e+013	5.2500e-015
2.500e-001	3.0431e-007	-1.3248e+013	-1.3229e+013	1.3229e+013	5.2500e-015
2.600e-001	3.0432e-007	-1.3267e+013	-1.3248e+013	1.3248e+013	5.2500e-015
2.700e-001	3.0432e-007	-1.3286e+013	-1.3267e+013	1.3267e+013	5.2500e-015
2.800e-001	3.0432e-007	-1.3305e+013	-1.3286e+013	1.3286e+013	5.2500e-015
2.900e-001	3.0433e-007	-1.3324e+013	-1.3305e+013	1.3305e+013	5.2500e-015
3.000e-001	3.0433e-007	-1.3343e+013	-1.3324e+013	1.3324e+013	5.2500e-015
3.100e-001	3.0434e-007	-1.3362e+013	-1.3343e+013	1.3343e+013	5.2500e-015
3.200e-001	3.0434e-007	-1.3381e+013	-1.3362e+013	1.3362e+013	5.2500e-015
3.300e-001	3.0434e-007	-1.3400e+013	-1.3381e+013	1.3381e+013	5.2500e-015
3.400e-001	3.0435e-007	-1.3419e+013	-1.3400e+013	1.3400e+013	5.2500e-015
3.500e-001	3.0435e-007	-1.3438e+013	-1.3419e+013	1.3419e+013	5.2500e-015
3.600e-001	3.0436e-007	-1.3457e+013	-1.3438e+013	1.3438e+013	5.2500e-015
3.700e-001	3.0436e-007	-1.3476e+013	-1.3457e+013	1.3457e+013	5.2500e-015
3.800e-001	3.0436e-007	-1.3495e+013	-1.3476e+013	1.3476e+013	5.2500e-015
3.900e-001	3.0437e-007	-1.3514e+013	-1.3495e+013	1.3495e+013	5.2500e-015
4.000e-001	3.0437e-007	-1.3533e+013	-1.3514e+013	1.3514e+013	5.2500e-015
4.100e-001	3.0438e-007	-1.3552e+013	-1.3533e+013	1.3533e+013	5.2500e-015
4.200e-001	3.0438e-007	-1.3571e+013	-1.3552e+013	1.3552e+013	5.2500e-015
4.300e-001	3.0438e-007	-1.3590e+013	-1.3571e+013	1.3571e+013	5.2500e-015
4.400e-001	3.0439e-007	-1.3609e+013	-1.3590e+013	1.3590e+013	5.2500e-015
4.500e-001	3.0439e-007	-1.3628e+013	-1.3609e+013	1.3609e+013	5.2500e-015
4.600e-001	3.0440e-007	-1.3647e+013	-1.3628e+013	1.3628e+013	5.2500e-015
4.700e-001	3.0440e-007	-1.3666e+013	-1.3647e+013	1.3647e+013	5.2500e-015
4.800e-001	3.0440e-007	-1.3685e+013	-1.3666e+013	1.3666e+013	5.2500e-015
4.900e-001	3.0441e-007	-1.3704e+013	-1.3685e+013	1.3685e+013	5.2500e-015
5.000e-001	3.0441e-007	-1.3723e+013	-1.3704e+013	1.3704e+013	5.2500e-015
5.100e-001	3.0442e-007	-1.3742e+013	-1.3723e+013	1.3723e+013	5.2500e-015
5.200e-001	3.0442e-007	-1.3761e+013	-1.3742e+013	1.3742e+013	5.2500e-015
5.300e-001	3.0442e-007	-1.3780e+013	-1.3761e+013	1.3761e+013	5.2500e-015
5.400e-001	3.0443e-007	-1.3799e+013	-1.3780e+013	1.3780e+013	5.2500e-015
5.500e-001	3.0443e-007	-1.3818e+013	-1.3799e+013	1.3799e+013	5.2500e-015
5.600e-001	3.0444e-007	-1.3837e+013	-1.3818e+013	1.3818e+013	5.2500e-015
5.700e-001	3.0444e-007	-1.3856e+013	-1.3837e+013	1.3837e+013	5.2500e-015
5.800e-001	3.0444e-007	-1.3875e+013	-1.3856e+013	1.3856e+013	5.2500e-015
5.900e-001	3.0445e-007	-1.3894e+013	-1.3875e+013	1.3875e+013	5.2500e-015
6.000e-001	3.0445e-007	-1.3913e+013	-1.3894e+013	1.3894e+013	5.2500e-015
6.100e-001	3.0446e-007	-1.3932e+013	-1.3913e+013	1.3913e+013	5.2500e-015
6.200e-001	3.0446e-007	-1.3951e+013	-1.3932e+013	1.3932e+013	5.2500e-015
6.300e-001	3.0446e-007	-1.3970e+013	-1.3951e+013	1.3951e+013	5.2500e-015
6.400e-001	3.0447e-007	-1.3989e+013	-1.3970e+013	1.3970e+013	5.2500e-015
6.500e-001	3.0447e-007	-1.4008e+013	-1.3989e+013	1.3989e+013	5.2500e-015
6.600e-001	3.0448e-007	-1.4027e+013	-1.4008e+013	1.4008e+013	5.2500e-015
6.700e-001	3.0448e-007	-1.4046e+013	-1.4027e+013	1.4027e+013	5.2500e-015
6.800e-001	3.0448e-007	-1.4065e+013	-1.4046e+013	1.4046e+013	5.2500e-015
6.900e-001	3.0449e-007	-1.4084e+013	-1.4065e+013	1.4065e+013	5.2500e-015
7.000e-001	3.0449e-007	-1.4103e+013	-1.4084e+013	1.4084e+013	5.2500e-015
7.100e-001	3.0450e-007	-1.4122e+013	-1.4103e+013	1.4103e+013	5.2500e-015
7.200e-001	3.0450e-007	-1.4141e+013	-1.4122e+013	1.4122e+013	5.2500e-015
7.300e-001	3.0451e-007	-1.4160e+013	-1.4141e+013	1.4141e+013	5.2500e-015
7.400e-001	3.0451e-007	-1.4179e+013	-1.4160e+013	1.4160e+013	5.2500e-015
7.500e-001	3.0451e-007	-1.4198e+013	-1.4179e+013	1.4179e+013	5.2500e-015
7.600e-001	3.0452e-007	-1.4217e+013	-1.4198e+013	1.4198e+013	5.2500e-015
7.700e-001	3.0452e-007	-1.4236e+013	-1.4217e+013	1.4217e+013	5.2500e-015
7.800e-001	3.0453e-007	-1.4255e+013	-1.4236e+013	1.4236e+013	5.2500e-015
7.900e-001	3.0453e-007	-1.4274e+013	-1.4255e+013	1.4255e+013	5.2500e-015
8.000e-001	3.0453e-007	-1.4293e+013	-1.4274e+013	1.4274e+013	5.2500e-015
8.100e-001	3.0454e-007	-1.4312e+013	-1.4293e+013	1.4293e+013	5.2500e-015
8.200e-001	3.0454e-007	-1.4331e+013	-1.4312e+013	1.4312e+013	5.2500e-015
8.300e-001	3.0455e-007	-1.4350e+013	-1.4331e+013	1.4331e+013	5.2500e-015
8.400e-001	3.0455e-007	-1.4369e+013	-1.4350e+013	1.4350e+013	5.2500e-015
8.500e-001	3.0455e-007	-1.4388e+013	-1.4369e+013	1.4369e+013	5.2500e-015
8.600e-001	3.0456e-007	-1.4407e+013	-1.4388e+013	1.4388e+013	5.2500e-015
8.700e-001	3.0456e-007	-1.4426e+013	-1.4407e+013	1.4407e+013	5.2500e-015
8.800e-001	3.0457e-007	-1.4445e+013	-1.4426e+013	1.4426e+013	5.2500e-015
8.900e-001	3.0457e-007	-1.4464e+013	-1.4445e+013	1.4445e+013	5.2500e-015
9.000e-001	3.0458e-007	-1.4483e+013	-1.4464e+013	1.4464e+013	5.2500e-015
9.100e-001	3.0458e-007	-1.4502e+013	-1.4483e+013	1.4483e+013	5.2500e-015
9.200e-001	3.0459e-007	-1.4521e+013	-1.4502e+013	1.4502e+013	5.2500e-015
9.300e-001	3.0459e-007	-1.4540e+013	-1.4521e+013	1.4521e+013	5.2500e-015
9.400e-001	3.0459e-007	-1.4559e+013	-1.4540e+013	1.4540e+013	5.2500e-015
9.500e-001	3.0460e-007	-1.4578e+013	-1.4559e+013	1.4559e+013	5.2500e-015
9.600e-001	3.0460e-007	-1.4597e+013	-1.4578e+013	1.4578e+013	5.2500e-015
9.700e-001	3.0461e-007	-1.4616e+013	-1.4597e+013	1.4597e+013	5.2500e-015
9.800e-001	3.0461e-007	-1.4635e+013	-1.4616e+013	1.4616e+013	5.2500e-015
9.900e-001	3.0462e-007	-1.4655e+013	-1.4635e+013	1.4635e+013	5.2500e-015
1.000e+000	3.0462e-007	-1.4674e+013	-1.4655e+013	1.4654e+013	5.2500e-015
1.010e+000	3.0463e-007	-1.4693e+013	-1.4674e+013	1.4673e+013	5.2500e-015
1.020e+000	3.0463e-007	-1.4712e+013	-1.4693e+013	1.4692e+013	5.2500e-015
1.030e+000	3.0464e-007	-1.4731e+013	-1.4712e+013	1.4712e+013	5.2500e-015
1.040e+000	3.0464e-007	-1.4750e+013	-1.4731e+013	1.4731e+013	5.2500e-015
1.050e+000	3.0465e-007	-1.4769e+013	-1.4750e+013	1.4750e+013	5.2500e-015
1.060e+000	3.0465e-007	-1.4788e+013	-1.4769e+013	1.4769e+013	5.2500e-015
1.070e+000	3.0466e-007	-1.4807e+013	-1.4788e+013	1.4788e+013	5.2500e-015
1.080e+000	3.0466e-007	-1.4826e+013	-1.4807e+013	1.4807e+013	5.2500e-015
1.090e+000	3.0467e-007	-1.4845e+013	-1.4826e+013	1.4826e+013	5.2500e-015
1.100e+000	3.0468e-007	-1.4864e+013	-1.4845e+013	1.4845e+013	5.2500e-015
1.110e+000	3.0468e-007	-1.4883e+013	-1.4864e+013	1.4864e+013	5.2500e-015
1.120e+000	3.0469e-007	-1.4902e+013	-1.4883e+013	1.4883e+013	5.2500e-015
1.130e+000	3.0470e-007	-1.4921e+013	-1.4902e+013	1.4902e+013	5.2500e-015
1.140e+000	3.0471e-007	-1.4940e+013	-1.4921e+013	1.4921e+013	5.2500e-015
1.150e+000	3.0472e-007	-1.4959e+013	-1.4940e+013	1.4940e+013	5.2500e-015
1.160e+000	3.0474e-007	-1.4978e+013	-1.4959e+013	1.4959e+013	5.2500e-015
1.170e+000	3.0475e-007	-1.4997e+013	-1.4978e+013	1.4978e+013	5.2500e-015
1.180e+000	3.0478e-007	-1.5016e+013	-1.4997e+013	1.4997e+013	5.2500e-015
1.190e+000	3.0481e-007	-1.5035e+013	-1.5016e+013	1.5016e+013	5.2500e-015
1.200e+000	3.0485e-007	-1.5054e+013	-1.5035e+013	1.5035e+013	5.2500e-015
1.210e+000	3.0491e-007	-1.5073e+013	-1.5054e+013	1.5054e+013	5.2500e-015
1.220e+000	3.0499e-007	-1.5092e+013	-1.5073e+013	1.5073e+013	5.2500e-015
1.230e+000	3.0510e-007	-1.5111e+013	-1.5092e+013	1.5092e+013	5.2500e-015
1.240e+000	3.0526e-007	-1.5130e+013	-1.5111e+013	1.5111e+013	5.2500e-015
1.250e+000	3.0549e-007	-1.5149e+013	-1.5130e+013	1.5130e+013	5.2500e-015
1.260e+000	3.0581e-007	-1.5168e+013	-1.5149e+013	1.5149e+013	5.2500e-015
1.270e+000	3.0627e-007	-1.5187e+013	-1.5168e+013	1.5168e+013	5.2500e-015
1.280e+000	3.0694e-007	-1.5206e+013	-1.5187e+013	1.5187e+013	5.2500e-015
1.290e+000	3.0789e-007	-1.5226e+013	-1.5206e+013	1.5206e+013	5.2500e-015
1.300e+000	3.0926e-007	-1.5245e+013	-1.5226e+013	1.5226e+013	5.2500e-015
1.310e+000	3.1124e-007	-1.5264e+013	-1.5245e+013	1.5245e+013	5.2500e-015
1.320e+000	3.1408e-007	-1.5284e+013	-1.5264e+013	1.5264e+013	5.2500e-015
1.330e+000	3.1818e-007	-1.5304e+013	-1.5284e+013	1.5284e+013	5.2500e-015
1.340e+000	3.2407e-007	-1.5324e+013	-1.5304e+013	1.5304e+013	5.2500e-015
1.350e+000	3.3212e-007	-1.5345e+013	-1.5324e+013	1.5324e+013	5.2500e-015
1.360e+000	3.4426e-007	-1.5366e+013	-1.5345e+013	1.5345e+013	5.2500e-015
1.370e+000	3.6120e-007	-1.5389e+013	-1.5366e+013	1.5366e+013	5.2500e-015
1.380e+000	3.8508e-007	-1.5413e+013	-1.5389e+013	1.5389e+013	5.2500e-015
1.390e+000	4.1793e-007	-1.5439e+013	-1.5413e+013	1.5413e+013	5.2500e-015
1.400e+000	4.6385e-007	-1.5468e+013	-1.5439e+013	1.5439e+013	5.2500e-015
1.410e+000	5.2546e-007	-1.5501e+013	-1.5468e+013	1.5468e+013	5.2500e-015
1.420e+000	6.0655e-007	-1.5539e+013	-1.5501e+013	1.5501e+013	5.2500e-015
1.430e+000	7.0952e-007	-1.5583e+013	-1.5539e+013	1.5539e+013	5.2500e-015
1.440e+000	8.3681e-007	-1.5635e+013	-1.5583e+013	1.5583e+013	5.2500e-015
1.450e+000	9.8657e-007	-1.5697e+013	-1.5635e+013	1.5635e+013	5.2500e-015
1.460e+000	1.1555e-006	-1.5769e+013	-1.5697e+013	1.5697e+013	5.2500e-015
1.470e+000	1.3377e-006	-1.5852e+013	-1.5769e+013	1.5769e+013	5.2500e-015
1.480e+000	1.5273e-006	-1.5948e+013	-1.5852e+013	1.5852e+013	5.2500e-015
1.490e+000	1.7172e-006	-1.6055e+013	-1.5948e+013	1.5948e+013	5.2500e-015
1.500e+000	1.9024e-006	-1.6174e+013	-1.6055e+013	1.6055e+013	5.2500e-015
1.510e+000	2.0790e-006	-1.6303e+013	-1.6174e+013	1.6173e+013	5.2500e-015
1.520e+000	2.2449e-006	-1.6443e+013	-1.6303e+013	1.6303e+013	5.2500e-015
1.530e+000	2.3986e-006	-1.6593e+013	-1.6443e+013	1.6443e+013	5.2500e-015
1.540e+000	2.5408e-006	-1.6752e+013	-1.6593e+013	1.6593e+013	5.2500e-015
1.550e+000	2.6710e-006	-1.6918e+013	-1.6752e+013	1.6752e+013	5.2500e-015
1.560e+000	2.7904e-006	-1.7093e+013	-1.6918e+013	1.6918e+013	5.2500e-015
1.570e+000	2.8997e-006	-1.7274e+013	-1.7093e+013	1.7093e+013	5.2500e-015
1.580e+000	2.9999e-006	-1.7461e+013	-1.7274e+013	1.7274e+013	5.2500e-015
1.590e+000	3.0921e-006	-1.7654e+013	-1.7461e+013	1.7461e+013	5.2500e-015
1.600e+000	3.1769e-006	-1.7852e+013	-1.7654e+013	1.7654e+013	5.2500e-015
1.610e+000	3.2555e-006	-1.8055e+013	-1.7852e+013	1.7852e+013	5.2500e-015
1.620e+000	3.3283e-006	-1.8263e+013	-1.8055e+013	1.8055e+013	5.2500e-015
1.630e+000	3.3961e-006	-1.8475e+013	-1.8263e+013	1.8263e+013	5.2500e-015
1.640e+000	3.4594e-006	-1.8691e+013	-1.8475e+013	1.8475e+013	5.2500e-015
1.650e+000	3.5187e-006	-1.8911e+013	-1.8691e+013	1.8691e+013	5.2500e-015
1.660e+000	3.5744e-006	-1.9134e+013	-1.8911e+013	1.8910e+013	5.2500e-015
1.670e+000	3.6270e-006	-1.9360e+013	-1.9134e+013	1.9134e+013	5.2500e-015
1.680e+000	3.6768e-006	-1.9589e+013	-1.9360e+013	1.9360e+013	5.2500e-015
1.690e+000	3.7239e-006	-1.9822e+013	-1.9589e+013	1.9589e+013	5.2500e-015
1.700e+000	3.7688e-006	-2.0057e+013	-1.9822e+013	1.9822e+013	5.2500e-015
1.710e+000	3.8116e-006	-2.0295e+013	-2.0057e+013	2.0057e+013	5.2500e-015
1.720e+000	3.8524e-006	-2.0535e+013	-2.0295e+013	2.0295e+013	5.2500e-015
1.730e+000	3.8565e-006	-2.0776e+013	-2.0535e+013	2.0535e+013	5.2500e-015
1.740e+000	3.8793e-006	-2.1018e+013	-2.0776e+013	2.0776e+013	5.2500e-015
1.750e+000	3.9098e-006	-2.1262e+013	-2.1018e+013	2.1018e+013	5.2500e-015
1.760e+000	3.9389e-006	-2.1508e+013	-2.1262e+013	2.1262e+013	5.2500e-015
1.770e+000	3.9667e-006	-2.1756e+013	-2.1508e+013	2.1508e+013	5.2500e-015
1.780e+000	3.9934e-006	-2.2005e+013	-2.1756e+013	2.1756e+013	5.2500e-015
1.790e+000	4.0190e-006	-2.2256e+013	-2.2005e+013	2.2005e+013	5.2500e-015
1.800e+000	4.0436e-006	-2.2508e+013	-2.2256e+013	2.2256e+013	5.2500e-015
1.810e+000	4.0673e-006	-2.2762e+013	-2.2508e+013	2.2508e+013	5.2500e-015
1.820e+000	4.0901e-006	-2.3017e+013	-2.2762e+013	2.2762e+013	5.2500e-015
1.830e+000	4.1122e-006	-2.3274e+013	-2.3017e+013	2.3017e+013	5.2500e-015
1.840e+000	4.1334e-006	-2.3532e+013	-2.3274e+013	2.3274e+013	5.2500e-015
1.850e+000	4.1540e-006	-2.3791e+013	-2.3532e+013	2.3532e+013	5.2500e-015
1.860e+000	4.1740e-006	-2.4052e+013	-2.3791e+013	2.3791e+013	5.2500e-015
1.870e+000	4.1933e-006	-2.4314e+013	-2.4052e+013	2.4052e+013	5.2500e-015
1.880e+000	4.2120e-006	-2.4576e+013	-2.4314e+013	2.4314e+013	5.2500e-015
1.890e+000	4.2302e-006	-2.4840e+013	-2.4576e+013	2.4576e+013	5.2500e-015
1.900e+000	4.2479e-006	-2.5106e+013	-2.4840e+013	2.4840e+013	5.2500e-015
1.910e+000	4.2651e-006	-2.5372e+013	-2.5106e+013	2.5106e+013	5.2500e-015
1.920e+000	4.2818e-006	-2.5639e+013	-2.5372e+013	2.5372e+013	5.2500e-015
1.930e+000	4.2982e-006	-2.5907e+013	-2.5639e+013	2.5639e+013	5.2500e-015
1.940e+000	4.3140e-006	-2.6177e+013	-2.5907e+013	2.5907e+013	5.2500e-015
1.950e+000	4.3295e-006	-2.6447e+013	-2.6177e+013	2.6177e+013	5.2500e-015
1.960e+000	4.3447e-006	-2.6718e+013	-2.6447e+013	2.6447e+013	5.2500e-015
1.970e+000	4.3594e-006	-2.6990e+013	-2.6718e+013	2.6718e+013	5.2500e-015
1.980e+000	4.3739e-006	-2.7263e+013	-2.6990e+013	2.6990e+013	5.2500e-015
1.990e+000	4.3880e-006	-2.7537e+013	-2.7263e+013	2.7263e+013	5.2500e-015
2.000e+000	4.3996e-006	-2.7812e+013	-2.7537e+013	2.7537e+013	5.2500e-015
2.010e+000	4.4055e-006	-2.8087e+013	-2.7812e+013	2.7812e+013	5.2500e-015
2.020e+000	4.4182e-006	-2.8362e+013	-2.8087e+013	2.8086e+013	5.2500e-015
2.030e+000	4.4307e-006	-2.8639e+013	-2.8362e+013	2.8362e+013	5.2500e-015
2.040e+000	4.4429e-006	-2.8916e+013	-2.8639e+013	2.8639e+013	5.2500e-015
2.050e+000	4.4549e-006	-2.9194e+013	-2.8916e+013	2.8916e+013	5.2500e-015
2.060e+000	4.4666e-006	-2.9473e+013	-2.9194e+013	2.9194e+013	5.2500e-015
2.070e+000	4.4782e-006	-2.9752e+013	-2.9473e+013	2.9473e+013	5.2500e-015
2.080e+000	4.4895e-006	-3.0033e+013	-2.9752e+013	2.9752e+013	5.2500e-015
2.090e+000	4.5005e-006	-3.0314e+013	-3.0033e+013	3.0033e+013	5.2500e-015
2.100e+000	4.5114e-006	-3.0595e+013	-3.0314e+013	3.0314e+013	5.2500e-015
2.110e+000	4.5221e-006	-3.0877e+013	-3.0595e+013	3.0595e+013	5.2500e-015
2.120e+000	4.5326e-006	-3.1160e+013	-3.0877e+013	3.0877e+013	5.2500e-015
2.130e+000	4.5429e-006	-3.1444e+013	-3.1160e+013	3.1160e+013	5.2500e-015
2.140e+000	4.5531e-006	-3.1728e+013	-3.1444e+013	3.1444e+013	5.2500e-015
2.150e+000	4.5631e-006	-3.2013e+013	-3.1728e+013	3.1728e+013	5.2500e-015
2.160e+000	4.5729e-006	-3.2298e+013	-3.2013e+013	3.2013e+013	5.2500e-015
2.170e+000	4.5826e-006	-3.2584e+013	-3.2298e+013	3.2298e+013	5.2500e-015
2.180e+000	4.5921e-006	-3.2871e+013	-3.2584e+013	3.2584e+013	5.2500e-015
2.190e+000	4.6014e-006	-3.3158e+013	-3.2871e+013	3.2871e+013	5.2500e-015
2.200e+000	4.6106e-006	-3.3446e+013	-3.3158e+013	3.3158e+013	5.2500e-015
2.210e+000	4.6197e-006	-3.3734e+013	-3.3446e+013	3.3446e+013	5.2500e-015
2.220e+000	4.6287e-006	-3.4023e+013	-3.3734e+013	3.3734e+013	5.2500e-015
2.230e+000	4.6375e-006	-3.4313e+013	-3.4023e+013	3.4023e+013	5.2500e-015
2.240e+000	4.6461e-006	-3.4603e+013	-3.4313e+013	3.4313e+013	5.2500e-015
2.250e+000	4.6547e-006	-3.4893e+013	-3.4603e+013	3.4603e+013	5.2500e-015
2.260e+000	4.6631e-006	-3.5184e+013	-3.4893e+013	3.4893e+013	5.2500e-015
2.270e+000	4.6715e-006	-3.5476e+013	-3.5184e+013	3.5184e+013	5.2500e-015
2.280e+000	4.6797e-006	-3.5768e+013	-3.5476e+013	3.5476e+013	5.2500e-015
2.290e+000	4.6878e-006	-3.6060e+013	-3.5768e+013	3.5768e+013	5.2500e-015
2.300e+000	4.6958e-006	-3.6353e+013	-3.6060e+013	3.6060e+013	5.2500e-015
2.310e+000	4.7037e-006	-3.6647e+013	-3.6353e+013	3.6353e+013	5.2500e-015
2.320e+000	4.7114e-006	-3.6941e+013	-3.6647e+013	3.6647e+013	5.2500e-015
2.330e+000	4.7191e-006	-3.7236e+013	-3.6941e+013	3.6941e+013	5.2500e-015
2.340e+000	4.7267e-006	-3.7531e+013	-3.7236e+013	3.7236e+013	5.2500e-015
2.350e+000	4.7342e-006	-3.7826e+013	-3.7531e+013	3.7531e+013	5.2500e-015
2.360e+000	4.7416e-006	-3.8122e+013	-3.7826e+013	3.7826e+013	5.2500e-015
2.370e+000	4.7489e-006	-3.8418e+013	-3.8122e+013	3.8122e+013	5.2500e-015
2.380e+000	4.7562e-006	-3.8715e+013	-3.8418e+013	3.8418e+013	5.2500e-015
2.390e+000	4.7633e-006	-3.9013e+013	-3.8715e+013	3.8715e+013	5.2500e-015
2.400e+000	4.7704e-006	-3.9310e+013	-3.9013e+013	3.9013e+013	5.2500e-015
2.410e+000	4.7773e-006	-3.9609e+013	-3.9310e+013	3.9310e+013	5.2500e-015
2.420e+000	4.7842e-006	-3.9907e+013	-3.9609e+013	3.9609e+013	5.2500e-015
2.430e+000	4.7910e-006	-4.0206e+013	-3.9907e+013	3.9907e+013	5.2500e-015
2.440e+000	4.7978e-006	-4.0506e+013	-4.0206e+013	4.0206e+013	5.2500e-015
2.450e+000	4.8045e-006	-4.0806e+013	-4.0506e+013	4.0506e+013	5.2500e-015
2.460e+000	4.8110e-006	-4.1106e+013	-4.0806e+013	4.0805e+013	5.2500e-015
2.470e+000	4.8176e-006	-4.1406e+013	-4.1106e+013	4.1106e+013	5.2500e-015
2.480e+000	4.8240e-006	-4.1708e+013	-4.1406e+013	4.1406e+013	5.2500e-015
2.490e+000	4.8304e-006	-4.2009e+013	-4.1708e+013	4.1708e+013	5.2500e-015
2.500e+000	4.8367e-006	-4.2311e+013	-4.2009e+013	4.2009e+013	5.2500e-015
2.510e+000	4.8430e-006	-4.2613e+013	-4.2311e+013	4.2311e+013	5.2500e-015
2.520e+000	4.8492e-006	-4.2916e+013	-4.2613e+013	4.2613e+013	5.2500e-015
2.530e+000	4.8553e-006	-4.3219e+013	-4.2916e+013	4.2916e+013	5.2500e-015
2.540e+000	4.8613e-006	-4.3522e+013	-4.3219e+013	4.3219e+013	5.2500e-015
2.550e+000	4.8673e-006	-4.3826e+013	-4.3522e+013	4.3522e+013	5.2500e-015
2.560e+000	4.8733e-006	-4.4130e+013	-4.3826e+013	4.3826e+013	5.2500e-015
2.570e+000	4.8792e-006	-4.4435e+013	-4.4130e+013	4.4130e+013	5.2500e-015
2.580e+000	4.8850e-006	-4.4740e+013	-4.4435e+013	4.4435e+013	5.2500e-015
2.590e+000	4.8908e-006	-4.5045e+013	-4.4740e+013	4.4740e+013	5.2500e-015
2.600e+000	4.8965e-006	-4.5351e+013	-4.5045e+013	4.5045e+013	5.2500e-015
2.610e+000	4.9022e-006	-4.5657e+013	-4.5351e+013	4.5351e+013	5.2500e-015
2.620e+000	4.9078e-006	-4.5963e+013	-4.5657e+013	4.5657e+013	5.2500e-015
2.630e+000	4.9130e-006	-4.6270e+013	-4.5963e+013	4.5963e+013	5.2500e-015
2.640e+000	4.9172e-006	-4.6576e+013	-4.6270e+013	4.6270e+013	5.2500e-015
2.650e+000	4.9227e-006	-4.6884e+013	-4.6576e+013	4.6576e+013	5.2500e-015
2.660e+000	4.9280e-006	-4.7191e+013	-4.6884e+013	4.6884e+013	5.2500e-015
2.670e+000	4.9334e-006	-4.7499e+013	-4.7191e+013	4.7191e+013	5.2500e-015
2.680e+000	4.9387e-006	-4.7807e+013	-4.7499e+013	4.7499e+013	5.2500e-015
2.690e+000	4.9439e-006	-4.8116e+013	-4.7807e+013	4.7807e+013	5.2500e-015
2.700e+000	4.9491e-006	-4.8425e+013	-4.8116e+013	4.8116e+013	5.2500e-015
2.710e+000	4.9542e-006	-4.8734e+013	-4.8425e+013	4.8425e+013	5.2500e-015
2.720e+000	4.9594e-006	-4.9044e+013	-4.8734e+013	4.8734e+013	5.2500e-015
2.730e+000	4.9644e-006	-4.9354e+013	-4.9044e+013	4.9044e+013	5.2500e-015
2.740e+000	4.9694e-006	-4.9664e+013	-4.9354e+013	4.9353e+013	5.2500e-015
2.750e+000	4.9744e-006	-4.9974e+013	-4.9664e+013	4.9664e+013	5.2500e-015
2.760e+000	4.9794e-006	-5.0285e+013	-4.9974e+013	4.9974e+013	5.2500e-015
2.770e+000	4.9843e-006	-5.0596e+013	-5.0285e+013	5.0285e+013	5.2500e-015
2.780e+000	4.9891e-006	-5.0907e+013	-5.0596e+013	5.0596e+013	5.2500e-015
2.790e+000	4.9939e-006	-5.1219e+013	-5.0907e+013	5.0907e+013	5.2500e-015
2.800e+000	4.9987e-006	-5.1531e+013	-5.1219e+013	5.1219e+013	5.2500e-015
2.810e+000	5.0034e-006	-5.1843e+013	-5.1531e+013	5.1531e+013	5.2500e-015
2.820e+000	5.0082e-006	-5.2156e+013	-5.1843e+013	5.1843e+013	5.2500e-015
2.830e+000	5.0128e-006	-5.2469e+013	-5.2156e+013	5.2156e+013	5.2500e-015
2.840e+000	5.0174e-006	-5.2782e+013	-5.2469e+013	5.2469e+013	5.2500e-015
2.850e+000	5.0220e-006	-5.3096e+013	-5.2782e+013	5.2782e+013	5.2500e-015
2.860e+000	5.0266e-006	-5.3409e+013	-5.3096e+013	5.3095e+013	5.2500e-015
2.870e+000	5.0311e-006	-5.3723e+013	-5.3409e+013	5.3409e+013	5.2500e-015
2.880e+000	5.0356e-006	-5.4038e+013	-5.3723e+013	5.3723e+013	5.2500e-015
2.890e+000	5.0401e-006	-5.4352e+013	-5.4038e+013	5.4038e+013	5.2500e-015
2.900e+000	5.0445e-006	-5.4667e+013	-5.4352e+013	5.4352e+013	5.2500e-015
2.910e+000	5.0489e-006	-5.4982e+013	-5.4667e+013	5.4667e+013	5.2500e-015
2.920e+000	5.0533e-006	-5.5298e+013	-5.4982e+013	5.4982e+013	5.2500e-015
2.930e+000	5.0576e-006	-5.5613e+013	-5.5298e+013	5.5297e+013	5.2500e-015
2.940e+000	5.0619e-006	-5.5929e+013	-5.5613e+013	5.5613e+013	5.2500e-015
2.950e+000	5.0661e-006	-5.6245e+013	-5.5929e+013	5.5929e+013	5.2500e-015
2.960e+000	5.0704e-006	-5.6562e+013	-5.6245e+013	5.6245e+013	5.2500e-015
2.970e+000	5.0746e-006	-5.6879e+013	-5.6562e+013	5.6562e+013	5.2500e-015
2.980e+000	5.0788e-006	-5.7196e+013	-5.6879e+013	5.6878e+013	5.2500e-015
2.990e+000	5.0829e-006	-5.7513e+013	-5.7196e+013	5.7195e+013	5.2500e-015
3.000e+000	5.0870e-006	-5.7830e+013	-5.7513e+013	5.7513e+013	5.2500e-015
3.010e+000	5.0911e-006	-5.8148e+013	-5.7830e+013	5.7830e+013	5.2500e-015
3.020e+000	5.0952e-006	-5.8466e+013	-5.8148e+013	5.8148e+013	5.2500e-015
3.030e+000	5.0992e-006	-5.8784e+013	-5.8466e+013	5.8466e+013	5.2500e-015
3.040e+000	5.1032e-006	-5.9103e+013	-5.8784e+013	5.8784e+013	5.2500e-015
3.050e+000	5.1072e-006	-5.9422e+013	-5.9103e+013	5.9103e+013	5.2500e-015
3.060e+000	5.1111e-006	-5.9741e+013	-5.9422e+013	5.9422e+013	5.2500e-015
3.070e+000	5.1151e-006	-6.0060e+013	-5.9741e+013	5.9741e+013	5.2500e-015
3.080e+000	5.1190e-006	-6.0379e+013	-6.0060e+013	6.0060e+013	5.2500e-015
3.090e+000	5.1228e-006	-6.0699e+013	-6.0379e+013	6.0379e+013	5.2500e-015
3.100e+000	5.1267e-006	-6.1019e+013	-6.0699e+013	6.0699e+013	5.2500e-015
3.110e+000	5.1305e-006	-6.1339e+013	-6.1019e+013	6.1019e+013	5.2500e-015
3.120e+000	5.1343e-006	-6.1660e+013	-6.1339e+013	6.1339e+013	5.2500e-015
3.130e+000	5.1381e-006	-6.1980e+013	-6.1660e+013	6.1660e+013	5.2500e-015
3.140e+000	5.1418e-006	-6.2301e+013	-6.1980e+013	6.1980e+013	5.2500e-015
3.150e+000	5.1455e-006	-6.2623e+013	-6.2301e+013	6.2301e+013	5.2500e-015
3.160e+000	5.1493e-006	-6.2944e+013	-6.2623e+013	6.2622e+013	5.2500e-015
3.170e+000	5.1529e-006	-6.3266e+013	-6.2944e+013	6.2944e+013	5.2500e-015
3.180e+000	5.1566e-006	-6.3587e+013	-6.3266e+013	6.3266e+013	5.2500e-015
3.190e+000	5.1602e-006	-6.3909e+013	-6.3587e+013	6.3587e+013	5.2500e-015
3.200e+000	5.1638e-006	-6.4232e+013	-6.3909e+013	6.3909e+013	5.2500e-015
3.210e+000	5.1674e-006	-6.4554e+013	-6.4232e+013	6.4232e+013	5.2500e-015
3.220e+000	5.1710e-006	-6.4877e+013	-6.4554e+013	6.4554e+013	5.2500e-015
3.230e+000	5.1745e-006	-6.5200e+013	-6.4877e+013	6.4877e+013	5.2500e-015
3.240e+000	5.1781e-006	-6.5523e+013	-6.5200e+013	6.5200e+013	5.2500e-015
3.250e+000	5.1816e-006	-6.5847e+013	-6.5523e+013	6.5523e+013	5.2500e-015
3.260e+000	5.1851e-006	-6.6170e+013	-6.5847e+013	6.5847e+013	5.2500e-015
3.270e+000	5.1885e-006	-6.6494e+013	-6.6170e+013	6.6170e+013	5.2500e-015
3.280e+000	5.1920e-006	-6.6818e+013	-6.6494e+013	6.6494e+013	5.2500e-015
3.290e+000	5.1954e-006	-6.7142e+013	-6.6818e+013	6.6818e+013	5.2500e-015
3.300e+000	5.1988e-006	-6.7467e+013	-6.7142e+013	6.7142e+013	5.2500e-015
3.310e+000	5.2022e-006	-6.7792e+013	-6.7467e+013	6.7467e+013	5.2500e-015
3.320e+000	5.2055e-006	-6.8116e+013	-6.7792e+013	6.7792e+013	5.2500e-015
3.330e+000	5.2089e-006	-6.8442e+013	-6.8116e+013	6.8116e+013	5.2500e-015
3.340e+000	5.2122e-006	-6.8767e+013	-6.8442e+013	6.8442e+013	5.2500e-015
3.350e+000	5.2155e-006	-6.9092e+013	-6.8767e+013	6.8767e+013	5.2500e-015
3.360e+000	5.2188e-006	-6.9418e+013	-6.9092e+013	6.9092e+013	5.2500e-015
3.370e+000	5.2221e-006	-6.9744e+013	-6.9418e+013	6.9418e+013	5.2500e-015
3.380e+000	5.2253e-006	-7.0070e+013	-6.9744e+013	6.9744e+013	5.2500e-015
3.390e+000	5.2285e-006	-7.0397e+013	-7.0070e+013	7.0070e+013	5.2500e-015
3.400e+000	5.2318e-006	-7.0723e+013	-7.0397e+013	7.0397e+013	5.2500e-015
3.410e+000	5.2350e-006	-7.1050e+013	-7.0723e+013	7.0723e+013	5.2500e-015
3.420e+000	5.2381e-006	-7.1377e+013	-7.1050e+013	7.1050e+013	5.2500e-015
3.430e+000	5.2413e-006	-7.1704e+013	-7.1377e+013	7.1377e+013	5.2500e-015
3.440e+000	5.2444e-006	-7.2031e+013	-7.1704e+013	7.1704e+013	5.2500e-015
3.450e+000	5.2476e-006	-7.2359e+013	-7.2031e+013	7.2031e+013	5.2500e-015
3.460e+000	5.2507e-006	-7.2686e+013	-7.2359e+013	7.2359e+013	5.2500e-015
3.470e+000	5.2538e-006	-7.3014e+013	-7.2686e+013	7.2686e+013	5.2500e-015
3.480e+000	5.2569e-006	-7.3343e+013	-7.3014e+013	7.3014e+013	5.2500e-015
3.490e+000	5.2599e-006	-7.3671e+013	-7.3343e+013	7.3342e+013	5.2500e-015
3.500e+000	5.2630e-006	-7.3999e+013	-7.3671e+013	7.3671e+013	5.2500e-015
3.510e+000	5.2660e-006	-7.4328e+013	-7.3999e+013	7.3999e+013	5.2500e-015
3.520e+000	5.2690e-006	-7.4657e+013	-7.4328e+013	7.4328e+013	5.2500e-015
3.530e+000	5.2720e-006	-7.4986e+013	-7.4657e+013	7.4657e+013	5.2500e-015
3.540e+000	5.2750e-006	-7.5315e+013	-7.4986e+013	7.4986e+013	5.2500e-015
3.550e+000	5.2780e-006	-7.5645e+013	-7.5315e+013	7.5315e+013	5.2500e-015
3.560e+000	5.2809e-006	-7.5974e+013	-7.5645e+013	7.5645e+013	5.2500e-015
3.570e+000	5.2838e-006	-7.6304e+013	-7.5974e+013	7.5974e+013	5.2500e-015
3.580e+000	5.2868e-006	-7.6634e+013	-7.6304e+013	7.6304e+013	5.2500e-015
3.590e+000	5.2897e-006	-7.6964e+013	-7.6634e+013	7.6634e+013	5.2500e-015
3.600e+000	5.2926e-006	-7.7294e+013	-7.6964e+013	7.6964e+013	5.2500e-015
3.610e+000	5.2954e-006	-7.7625e+013	-7.7294e+013	7.7294e+013	5.2500e-015
3.620e+000	5.2983e-006	-7.7956e+013	-7.7625e+013	7.7625e+013	5.2500e-015
3.630e+000	5.3012e-006	-7.8287e+013	-7.7956e+013	7.7956e+013	5.2500e-015
3.640e+000	5.3040e-006	-7.8618e+013	-7.8287e+013	7.8286e+013	5.2500e-015
3.650e+000	5.3068e-006	-7.8949e+013	-7.8618e+013	7.8618e+013	5.2500e-015
3.660e+000	5.3096e-006	-7.9280e+013	-7.8949e+013	7.8949e+013	5.2500e-015
3.670e+000	5.3124e-006	-7.9612e+013	-7.9280e+013	7.9280e+013	5.2500e-015
3.680e+000	5.3152e-006	-7.9943e+013	-7.9612e+013	7.9612e+013	5.2500e-015
3.690e+000	5.3180e-006	-8.0275e+013	-7.9943e+013	7.9943e+013	5.2500e-015
3.700e+000	5.3207e-006	-8.0608e+013	-8.0275e+013	8.0275e+013	5.2500e-015
3.710e+000	5.3235e-006	-8.0940e+013	-8.0608e+013	8.0607e+013	5.2500e-015
3.720e+000	5.3262e-006	-8.1272e+013	-8.0940e+013	8.0940e+013	5.2500e-015
3.730e+000	5.3289e-006	-8.1605e+013	-8.1272e+013	8.1272e+013	5.2500e-015
3.740e+000	5.3316e-006	-8.1938e+013	-8.1605e+013	8.1605e+013	5.2500e-015
3.750e+000	5.3343e-006	-8.2271e+013	-8.1938e+013	8.1938e+013	5.2500e-015
3.760e+000	5.3370e-006	-8.2604e+013	-8.2271e+013	8.2270e+013	5.2500e-015
3.770e+000	5.3397e-006	-8.2937e+013	-8.2604e+013	8.2604e+013	5.2500e-015
3.780e+000	5.3423e-006	-8.3270e+013	-8.2937e+013	8.2937e+013	5.2500e-015
3.790e+000	5.3449e-006	-8.3604e+013	-8.3270e+013	8.3270e+013	5.2500e-015
3.800e+000	5.3476e-006	-8.3938e+013	-8.3604e+013	8.3604e+013	5.2500e-015
3.810e+000	5.3502e-006	-8.4272e+013	-8.3938e+013	8.3938e+013	5.2500e-015
3.820e+000	5.3528e-006	-8.4606e+013	-8.4272e+013	8.4272e+013	5.2500e-015
3.830e+000	5.3554e-006	-8.4940e+013	-8.4606e+013	8.4606e+013	5.2500e-015
3.840e+000	5.3580e-006	-8.5274e+013	-8.4940e+013	8.4940e+013	5.2500e-015
3.850e+000	5.3605e-006	-8.5609e+013	-8.5274e+013	8.5274e+013	5.2500e-015
3.860e+000	5.3631e-006	-8.5944e+013	-8.5609e+013	8.5609e+013	5.2500e-015
3.870e+000	5.3656e-006	-8.6279e+013	-8.5944e+013	8.5944e+013	5.2500e-015
3.880e+000	5.3682e-006	-8.6614e+013	-8.6279e+013	8.6279e+013	5.2500e-015
3.890e+000	5.3707e-006	-8.6949e+013	-8.6614e+013	8.6614e+013	5.2500e-015
3.900e+000	5.3732e-006	-8.7284e+013	-8.6949e+013	8.6949e+013	5.2500e-015
3.910e+000	5.3757e-006	-8.7620e+013	-8.7284e+013	8.7284e+013	5.2500e-015
3.920e+000	5.3782e-006	-8.7955e+013	-8.7620e+013	8.7620e+013	5.2500e-015
3.930e+000	5.3807e-006	-8.8291e+013	-8.7955e+013	8.7955e+013	5.2500e-015
3.940e+000	5.3832e-006	-8.8627e+013	-8.8291e+013	8.8291e+013	5.2500e-015
3.950e+000	5.3856e-006	-8.8963e+013	-8.8627e+013	8.8627e+013	5.2500e-015
3.960e+000	5.3881e-006	-8.9300e+013	-8.8963e+013	8.8963e+013	5.2500e-015
3.970e+000	5.3905e-006	-8.9636e+013	-8.9300e+013	8.9300e+013	5.2500e-015
3.980e+000	5.3929e-006	-8.9973e+013	-8.9636e+013	8.9636e+013	5.2500e-015
3.990e+000	5.3954e-006	-9.0310e+013	-8.9973e+013	8.9973e+013	5.2500e-015
4.000e+000	5.3978e-006	-9.0646e+013	-9.0310e+013	9.0310e+013	5.2500e-015
4.010e+000	5.4002e-006	-9.0984e+013	-9.0646e+013	9.0646e+013	5.2500e-015
4.020e+000	5.4025e-006	-9.1321e+013	-9.0984e+013	9.0983e+013	5.2500e-015
4.030e+000	5.4049e-006	-9.1658e+013	-9.1321e+013	9.1321e+013	5.2500e-015
4.040e+000	5.4073e-006	-9.1996e+013	-9.1658e+013	9.1658e+013	5.2500e-015
4.050e+000	5.4096e-006	-9.2333e+013	-9.1996e+013	9.1996e+013	5.2500e-015
4.060e+000	5.4120e-006	-9.2671e+013	-9.2333e+013	9.2333e+013	5.2500e-015
4.070e+000	5.4143e-006	-9.3009e+013	-9.2671e+013	9.2671e+013	5.2500e-015
4.080e+000	5.4167e-006	-9.3347e+013	-9.3009e+013	9.3009e+013	5.2500e-015
4.090e+000	5.4190e-006	-9.3685e+013	-9.3347e+013	9.3347e+013	5.2500e-015
4.100e+000	5.4213e-006	-9.4024e+013	-9.3685e+013	9.3685e+013	5.2500e-015
4.110e+000	5.4236e-006	-9.4362e+013	-9.4024e+013	9.4024e+013	5.2500e-015
4.120e+000	5.4259e-006	-9.4701e+013	-9.4362e+013	9.4362e+013	5.2500e-015
4.130e+000	5.4282e-006	-9.5040e+013	-9.4701e+013	9.4701e+013	5.2500e-015
4.140e+000	5.4304e-006	-9.5378e+013	-9.5040e+013	9.5040e+013	5.2500e-015
4.150e+000	5.4327e-006	-9.5718e+013	-9.5378e+013	9.5378e+013	5.2500e-015
4.160e+000	5.4349e-006	-9.6057e+013	-9.5718e+013	9.5718e+013	5.2500e-015
4.170e+000	5.4372e-006	-9.6396e+013	-9.6057e+013	9.6057e+013	5.2500e-015
4.180e+000	5.4394e-006	-9.6736e+013	-9.6396e+013	9.6396e+013	5.2500e-015
4.190e+000	5.4416e-006	-9.7075e+013	-9.6736e+013	9.6736e+013	5.2500e-015
4.200e+000	5.4439e-006	-9.7415e+013	-9.7075e+013	9.7075e+013	5.2500e-015
4.210e+000	5.4461e-006	-9.7755e+013	-9.7415e+013	9.7415e+013	5.2500e-015
4.220e+000	5.4483e-006	-9.8095e+013	-9.7755e+013	9.7755e+013	5.2500e-015
4.230e+000	5.4505e-006	-9.8435e+013	-9.8095e+013	9.8095e+013	5.2500e-015
4.240e+000	5.4526e-006	-9.8776e+013	-9.8435e+013	9.8435e+013	5.2500e-015
4.250e+000	5.4548e-006	-9.9116e+013	-9.8776e+013	9.8776e+013	5.2500e-015
4.260e+000	5.4570e-006	-9.9457e+013	-9.9116e+013	9.9116e+013	5.2500e-015
4.270e+000	5.4591e-006	-9.9797e+013	-9.9457e+013	9.9457e+013	5.2500e-015
4.280e+000	5.4613e-006	-1.0014e+014	-9.9797e+013	9.9797e+013	5.2500e-015
4.290e+000	5.4634e-006	-1.0048e+014	-1.0014e+014	1.0014e+014	5.2500e-015
4.300e+000	5.4656e-006	-1.0082e+014	-1.0048e+014	1.0048e+014	5.2500e-015
4.310e+000	5.4677e-006	-1.0116e+014	-1.0082e+014	1.0082e+014	5.2500e-015
4.320e+000	5.4698e-006	-1.0150e+014	-1.0116e+014	1.0116e+014	5.2500e-015
4.330e+000	5.4717e-006	-1.0184e+014	-1.0150e+014	1.0150e+014	5.2500e-015
4.340e+000	5.4738e-006	-1.0219e+014	-1.0184e+014	1.0184e+014	5.2500e-015
4.350e+000	5.4759e-006	-1.0253e+014	-1.0219e+014	1.0219e+014	5.2500e-015
4.360e+000	5.4780e-006	-1.0287e+014	-1.0253e+014	1.0253e+014	5.2500e-015
4.370e+000	5.4801e-006	-1.0321e+014	-1.0287e+014	1.0287e+014	5.2500e-015
4.380e+000	5.4822e-006	-1.0355e+014	-1.0321e+014	1.0321e+014	5.2500e-015
4.390e+000	5.4842e-006	-1.0390e+014	-1.0355e+014	1.0355e+014	5.2500e-015
4.400e+000	5.4863e-006	-1.0424e+014	-1.0390e+014	1.0390e+014	5.2500e-015
4.410e+000	5.4883e-006	-1.0458e+014	-1.0424e+014	1.0424e+014	5.2500e-015
4.420e+000	5.4904e-006	-1.0492e+014	-1.0458e+014	1.0458e+014	5.2500e-015
4.430e+000	5.4924e-006	-1.0527e+014	-1.0492e+014	1.0492e+014	5.2500e-015
4.440e+000	5.4944e-006	-1.0561e+014	-1.0527e+014	1.0527e+014	5.2500e-015
4.450e+000	5.4964e-006	-1.0595e+014	-1.0561e+014	1.0561e+014	5.2500e-015
4.460e+000	5.4985e-006	-1.0630e+014	-1.0595e+014	1.0595e+014	5.2500e-015
4.470e+000	5.5005e-006	-1.0664e+014	-1.0630e+014	1.0630e+014	5.2500e-015
4.480e+000	5.5025e-006	-1.0698e+014	-1.0664e+014	1.0664e+014	5.2500e-015
4.490e+000	5.5044e-006	-1.0733e+014	-1.0698e+014	1.0698e+014	5.2500e-015
4.500e+000	5.5064e-006	-1.0767e+014	-1.0733e+014	1.0733e+014	5.2500e-015
4.510e+000	5.5084e-006	-1.0801e+014	-1.0767e+014	1.0767e+014	5.2500e-015
4.520e+000	5.5104e-006	-1.0836e+014	-1.0801e+014	1.0801e+014	5.2500e-015
4.530e+000	5.5123e-006	-1.0870e+014	-1.0836e+014	1.0836e+014	5.2500e-015
4.540e+000	5.5143e-006	-1.0905e+014	-1.0870e+014	1.0870e+014	5.2500e-015
4.550e+000	5.5162e-006	-1.0939e+014	-1.0905e+014	1.0905e+014	5.2500e-015
4.560e+000	5.5182e-006	-1.0973e+014	-1.0939e+014	1.0939e+014	5.2500e-015
4.570e+000	5.5201e-006	-1.1008e+014	-1.0973e+014	1.0973e+014	5.2500e-015
4.580e+000	5.5220e-006	-1.1042e+014	-1.1008e+014	1.1008e+014	5.2500e-015
4.590e+000	5.5239e-006	-1.1077e+014	-1.1042e+014	1.1042e+014	5.2500e-015
4.600e+000	5.5259e-006	-1.1111e+014	-1.1077e+014	1.1077e+014	5.2500e-015
4.610e+000	5.5278e-006	-1.1146e+014	-1.1111e+014	1.1111e+014	5.2500e-015
4.620e+000	5.5297e-006	-1.1180e+014	-1.1146e+014	1.1146e+014	5.2500e-015
4.630e+000	5.5316e-006	-1.1215e+014	-1.1180e+014	1.1180e+014	5.2500e-015
4.640e+000	5.5334e-006	-1.1249e+014	-1.1215e+014	1.1215e+014	5.2500e-015
4.650e+000	5.5353e-006	-1.1284e+014	-1.1249e+014	1.1249e+014	5.2500e-015
4.660e+000	5.5372e-006	-1.1319e+014	-1.1284e+014	1.1284e+014	5.2500e-015
4.670e+000	5.5391e-006	-1.1353e+014	-1.1319e+014	1.1319e+014	5.2500e-015
4.680e+000	5.5409e-006	-1.1388e+014	-1.1353e+014	1.1353e+014	5.2500e-015
4.690e+000	5.5428e-006	-1.1422e+014	-1.1388e+014	1.1388e+014	5.2500e-015
4.700e+000	5.5446e-006	-1.1457e+014	-1.1422e+014	1.1422e+014	5.2500e-015
4.710e+000	5.5465e-006	-1.1492e+014	-1.1457e+014	1.1457e+014	5.2500e-015
4.720e+000	5.5483e-006	-1.1526e+014	-1.1492e+014	1.1492e+014	5.2500e-015
4.730e+000	5.5501e-006	-1.1561e+014	-1.1526e+014	1.1526e+014	5.2500e-015
4.740e+000	5.5520e-006	-1.1595e+014	-1.1561e+014	1.1561e+014	5.2500e-015
4.750e+000	5.5538e-006	-1.1630e+014	-1.1595e+014	1.1595e+014	5.2500e-015
4.760e+000	5.5556e-006	-1.1665e+014	-1.1630e+014	1.1630e+014	5.2500e-015
4.770e+000	5.5574e-006	-1.1699e+014	-1.1665e+014	1.1665e+014	5.2500e-015
4.780e+000	5.5592e-006	-1.1734e+014	-1.1699e+014	1.1699e+014	5.2500e-015
4.790e+000	5.5610e-006	-1.1769e+014	-1.1734e+014	1.1734e+014	5.2500e-015
4.800e+000	5.5628e-006	-1.1804e+014	-1.1769e+014	1.1769e+014	5.2500e-015
4.810e+000	5.5646e-006	-1.1838e+014	-1.1804e+014	1.1804e+014	5.2500e-015
4.820e+000	5.5664e-006	-1.1873e+014	-1.1838e+014	1.1838e+014	5.2500e-015
4.830e+000	5.5681e-006	-1.1908e+014	-1.1873e+014	1.1873e+014	5.2500e-015
4.840e+000	5.5699e-006	-1.1943e+014	-1.1908e+014	1.1908e+014	5.2500e-015
4.850e+000	5.5717e-006	-1.1977e+014	-1.1943e+014	1.1943e+014	5.2500e-015
4.860e+000	5.5734e-006	-1.2012e+014	-1.1977e+014	1.1977e+014	5.2500e-015
4.870e+000	5.5752e-006	-1.2047e+014	-1.2012e+014	1.2012e+014	5.2500e-015
4.880e+000	5.5769e-006	-1.2082e+014	-1.2047e+014	1.2047e+014	5.2500e-015
4.890e+000	5.5786e-006	-1.2117e+014	-1.2082e+014	1.2082e+014	5.2500e-015
4.900e+000	5.5804e-006	-1.2151e+014	-1.2117e+014	1.2117e+014	5.2500e-015
4.910e+000	5.5821e-006	-1.2186e+014	-1.2151e+014	1.2151e+014	5.2500e-015
4.920e+000	5.5838e-006	-1.2221e+014	-1.2186e+014	1.2186e+014	5.2500e-015
4.930e+000	5.5855e-006	-1.2256e+014	-1.2221e+014	1.2221e+014	5.2500e-015
4.940e+000	5.5873e-006	-1.2291e+014	-1.2256e+014	1.2256e+014	5.2500e-015
4.950e+000	5.5890e-006	-1.2326e+014	-1.2291e+014	1.2291e+014	5.2500e-015
4.960e+000	5.5907e-006	-1.2361e+014	-1.2326e+014	1.2326e+014	5.2500e-015
4.970e+000	5.5924e-006	-1.2396e+014	-1.2361e+014	1.2361e+014	5.2500e-015
4.980e+000	5.5940e-006	-1.2430e+014	-1.2396e+014	1.2396e+014	5.2500e-015
4.990e+000	5.5957e-006	-1.2465e+014	-1.2430e+014	1.2430e+014	5.2500e-015
5.000e+000	5.5974e-006	-1.2500e+014	-1.2465e+014	1.2465e+014	5.2500e-015
5.010e+000	5.5991e-006	-1.2535e+014	-1.2500e+014	1.2500e+014	5.2500e-015
5.020e+000	5.6008e-006	-1.2570e+014	-1.2535e+014	1.2535e+014	5.2500e-015
5.030e+000	5.6024e-006	-1.2605e+014	-1.2570e+014	1.2570e+014	5.2500e-015
5.040e+000	5.6041e-006	-1.2640e+014	-1.2605e+014	1.2605e+014	5.2500e-015
5.050e+000	5.6057e-006	-1.2675e+014	-1.2640e+014	1.2640e+014	5.2500e-015
5.060e+000	5.6074e-006	-1.2710e+014	-1.2675e+014	1.2675e+014	5.2500e-015
5.070e+000	5.6090e-006	-1.2745e+014	-1.2710e+014	1.2710e+014	5.2500e-015
5.080e+000	5.6107e-006	-1.2780e+014	-1.2745e+014	1.2745e+014	5.2500e-015
5.090e+000	5.6123e-006	-1.2815e+014	-1.2780e+014	1.2780e+014	5.2500e-015
5.100e+000	5.6139e-006	-1.2850e+014	-1.2815e+014	1.2815e+014	5.2500e-015
5.110e+000	5.6156e-006	-1.2885e+014	-1.2850e+014	1.2850e+014	5.2500e-015
5.120e+000	5.6172e-006	-1.2920e+014	-1.2885e+014	1.2885e+014	5.2500e-015
5.130e+000	5.6188e-006	-1.2955e+014	-1.2920e+014	1.2920e+014	5.2500e-015
5.140e+000	5.6204e-006	-1.2990e+014	-1.2955e+014	1.2955e+014	5.2500e-015
5.150e+000	5.6220e-006	-1.3026e+014	-1.2990e+014	1.2990e+014	5.2500e-015
5.160e+000	5.6236e-006	-1.3061e+014	-1.3026e+014	1.3026e+014	5.2500e-015
5.170e+000	5.6252e-006	-1.3096e+014	-1.3061e+014	1.3061e+014	5.2500e-015
5.180e+000	5.6268e-006	-1.3131e+014	-1.3096e+014	1.3096e+014	5.2500e-015
5.190e+000	5.6284e-006	-1.3166e+014	-1.3131e+014	1.3131e+014	5.2500e-015
5.200e+000	5.6300e-006	-1.3201e+014	-1.3166e+014	1.3166e+014	5.2500e-015
5.210e+000	5.6315e-006	-1.3236e+014	-1.3201e+014	1.3201e+014	5.2500e-015
5.220e+000	5.6331e-006	-1.3271e+014	-1.3236e+014	1.3236e+014	5.2500e-015
5.230e+000	5.6347e-006	-1.3307e+014	-1.3271e+014	1.3271e+014	5.2500e-015
5.240e+000	5.6362e-006	-1.3342e+014	-1.3307e+014	1.3307e+014	5.2500e-015
5.250e+000	5.6378e-006	-1.3377e+014	-1.3342e+014	1.3342e+014	5.2500e-015
5.260e+000	5.6394e-006	-1.3412e+014	-1.3377e+014	1.3377e+014	5.2500e-015
5.270e+000	5.6409e-006	-1.3447e+014	-1.3412e+014	1.3412e+014	5.2500e-015
5.280e+000	5.6424e-006	-1.3483e+014	-1.3447e+014	1.3447e+014	5.2500e-015
5.290e+000	5.6440e-006	-1.3518e+014	-1.3483e+014	1.3483e+014	5.2500e-015
5.300e+000	5.6455e-006	-1.3553e+014	-1.3518e+014	1.3518e+014	5.2500e-015
5.310e+000	5.6471e-006	-1.3588e+014	-1.3553e+014	1.3553e+014	5.2500e-015
5.320e+000	5.6486e-006	-1.3624e+014	-1.3588e+014	1.3588e+014	5.2500e-015
5.330e+000	5.6501e-006	-1.3659e+014	-1.3624e+014	1.3624e+014	5.2500e-015
5.340e+000	5.6516e-006	-1.3694e+014	-1.3659e+014	1.3659e+014	5.2500e-015
5.350e+000	5.6531e-006	-1.3729e+014	-1.3694e+014	1.3694e+014	5.2500e-015
5.360e+000	5.6547e-006	-1.3765e+014	-1.3729e+014	1.3729e+014	5.2500e-015
5.370e+000	5.6562e-006	-1.3800e+014	-1.3765e+014	1.3765e+014	5.2500e-015
5.380e+000	5.6577e-006	-1.3835e+014	-1.3800e+014	1.3800e+014	5.2500e-015
5.390e+000	5.6592e-006	-1.3871e+014	-1.3835e+014	1.3835e+014	5.2500e-015
5.400e+000	5.6607e-006	-1.3906e+014	-1.3871e+014	1.3871e+014	5.2500e-015
5.410e+000	5.6622e-006	-1.3941e+014	-1.3906e+014	1.3906e+014	5.2500e-015
5.420e+000	5.6636e-006	-1.3977e+014	-1.3941e+014	1.3941e+014	5.2500e-015
5.430e+000	5.6651e-006	-1.4012e+014	-1.3977e+014	1.3977e+014	5.2500e-015
5.440e+000	5.6666e-006	-1.4047e+014	-1.4012e+014	1.4012e+014	5.2500e-015
5.450e+000	5.6681e-006	-1.4083e+014	-1.4047e+014	1.4047e+014	5.2500e-015
5.460e+000	5.6695e-006	-1.4118e+014	-1.4083e+014	1.4083e+014	5.2500e-015
5.470e+000	5.6710e-006	-1.4154e+014	-1.4118e+014	1.4118e+014	5.2500e-015
5.480e+000	5.6725e-006	-1.4189e+014	-1.4154e+014	1.4154e+014	5.2500e-015
5.490e+000	5.6739e-006	-1.4224e+014	-1.4189e+014	1.4189e+014	5.2500e-015
5.500e+000	5.6754e-006	-1.4260e+014	-1.4224e+014	1.4224e+014	5.2500e-015
5.510e+000	5.6768e-006	-1.4295e+014	-1.4260e+014	1.4260e+014	5.2500e-015
5.520e+000	5.6783e-006	-1.4331e+014	-1.4295e+014	1.4295e+014	5.2500e-015
5.530e+000	5.6797e-006	-1.4366e+014	-1.4331e+014	1.4331e+014	5.2500e-015
5.540e+000	5.6812e-006	-1.4402e+014	-1.4366e+014	1.4366e+014	5.2500e-015
5.550e+000	5.6826e-006	-1.4437e+014	-1.4402e+014	1.4402e+014	5.2500e-015
5.560e+000	5.6840e-006	-1.4473e+014	-1.4437e+014	1.4437e+014	5.2500e-015
5.570e+000	5.6855e-006	-1.4508e+014	-1.4473e+014	1.4473e+014	5.2500e-015
5.580e+000	5.6869e-006	-1.4544e+014	-1.4508e+014	1.4508e+014	5.2500e-015
5.590e+000	5.6883e-006	-1.4579e+014	-1.4544e+014	1.4544e+014	5.2500e-015
5.600e+000	5.6897e-006	-1.4615e+014	-1.4579e+014	1.4579e+014	5.2500e-015
5.610e+000	5.6911e-006	-1.4650e+014	-1.4615e+014	1.4615e+014	5.2500e-015
5.620e+000	5.6925e-006	-1.4686e+014	-1.4650e+014	1.4650e+014	5.2500e-015
5.630e+000	5.6939e-006	-1.4721e+014	-1.4686e+014	1.4686e+014	5.2500e-015
5.640e+000	5.6953e-006	-1.4757e+014	-1.4721e+014	1.4721e+014	5.2500e-015
5.650e+000	5.6967e-006	-1.4792e+014	-1.4757e+014	1.4757e+014	5.2500e-015
5.660e+000	5.6981e-006	-1.4828e+014	-1.4792e+014	1.4792e+014	5.2500e-015
5.670e+000	5.6995e-006	-1.4863e+014	-1.4828e+014	1.4828e+014	5.2500e-015
5.680e+000	5.7009e-006	-1.4899e+014	-1.4863e+014	1.4863e+014	5.2500e-015
5.690e+000	5.7023e-006	-1.4935e+014	-1.4899e+014	1.4899e+014	5.2500e-015
5.700e+000	5.7037e-006	-1.4970e+014	-1.4935e+014	1.4935e+014	5.2500e-015
5.710e+000	5.7050e-006	-1.5006e+014	-1.4970e+014	1.4970e+014	5.2500e-015
5.720e+000	5.7064e-006	-1.5041e+014	-1.5006e+014	1.5006e+014	5.2500e-015
5.730e+000	5.7078e-006	-1.5077e+014	-1.5041e+014	1.5041e+014	5.2500e-015
5.740e+000	5.7091e-006	-1.5113e+014	-1.5077e+014	1.5077e+014	5.2500e-015
5.750e+000	5.7105e-006	-1.5148e+014	-1.5113e+014	1.5113e+014	5.2500e-015
5.760e+000	5.7119e-006	-1.5184e+014	-1.5148e+014	1.5148e+014	5.2500e-015
5.770e+000	5.7132e-006	-1.5220e+014	-1.5184e+014	1.5184e+014	5.2500e-015
5.780e+000	5.7146e-006	-1.5255e+014	-1.5220e+014	1.5220e+014	5.2500e-015
5.790e+000	5.7159e-006	-1.5291e+014	-1.5255e+014	1.5255e+014	5.2500e-015
5.800e+000	5.7173e-006	-1.5327e+014	-1.5291e+014	1.5291e+014	5.2500e-015
5.810e+000	5.7186e-006	-1.5362e+014	-1.5327e+014	1.5327e+014	5.2500e-015
5.820e+000	5.7199e-006	-1.5398e+014	-1.5362e+014	1.5362e+014	5.2500e-015
5.830e+000	5.7213e-006	-1.5434e+014	-1.5398e+014	1.5398e+014	5.2500e-015
5.840e+000	5.7226e-006	-1.5469e+014	-1.5434e+014	1.5434e+014	5.2500e-015
5.850e+000	5.7239e-006	-1.5505e+014	-1.5469e+014	1.5469e+014	5.2500e-015
5.860e+000	5.7253e-006	-1.5541e+014	-1.5505e+014	1.5505e+014	5.2500e-015
5.870e+000	5.7266e-006	-1.5577e+014	-1.5541e+014	1.5541e+014	5.2500e-015
5.880e+000	5.7279e-006	-1.5612e+014	-1.5577e+014	1.5577e+014	5.2500e-015
5.890e+000	5.7292e-006	-1.5648e+014	-1.5612e+014	1.5612e+014	5.2500e-015
5.900e+000	5.7305e-006	-1.5684e+014	-1.5648e+014	1.5648e+014	5.2500e-015
5.910e+000	5.7318e-006	-1.5720e+014	-1.5684e+014	1.5684e+014	5.2500e-015
5.920e+000	5.7331e-006	-1.5755e+014	-1.5720e+014	1.5720e+014	5.2500e-015
5.930e+000	5.7344e-006	-1.5791e+014	-1.5755e+014	1.5755e+014	5.2500e-015
5.940e+000	5.7357e-006	-1.5827e+014	-1.5791e+014	1.5791e+014	5.2500e-015
5.950e+000	5.7370e-006	-1.5863e+014	-1.5827e+014	1.5827e+014	5.2500e-015
5.960e+000	5.7383e-006	-1.5899e+014	-1.5863e+014	1.5863e+014	5.2500e-015
5.970e+000	5.7396e-006	-1.5934e+014	-1.5899e+014	1.5899e+014	5.2500e-015
5.980e+000	5.7409e-006	-1.5970e+014	-1.5934e+014	1.5934e+014	5.2500e-015
5.990e+000	5.7422e-006	-1.6006e+014	-1.5970e+014	1.5970e+014	5.2500e-015
6.000e+000	5.7435e-006	-1.6042e+014	-1.6006e+014	1.6006e+014	5.2500e-015
6.010e+000	5.7447e-006	-1.6078e+014	-1.6042e+014	1.6042e+014	5.2500e-015
6.020e+000	5.7460e-006	-1.6114e+014	-1.6078e+014	1.6078e+014	5.2500e-015
6.030e+000	5.7473e-006	-1.6150e+014	-1.6114e+014	1.6114e+014	5.2500e-015
6.040e+000	5.7485e-006	-1.6185e+014	-1.6150e+014	1.6150e+014	5.2500e-015
6.050e+000	5.7498e-006	-1.6221e+014	-1.6185e+014	1.6185e+014	5.2500e-015
6.060e+000	5.7511e-006	-1.6257e+014	-1.6221e+014	1.6221e+014	5.2500e-015
6.070e+000	5.7523e-006	-1.6293e+014	-1.6257e+014	1.6257e+014	5.2500e-015
6.080e+000	5.7536e-006	-1.6329e+014	-1.6293e+014	1.6293e+014	5.2500e-015
6.090e+000	5.7548e-006	-1.6365e+014	-1.6329e+014	1.6329e+014	5.2500e-015
6.100e+000	5.7561e-006	-1.6401e+014	-1.6365e+014	1.6365e+014	5.2500e-015
6.110e+000	5.7573e-006	-1.6437e+014	-1.6401e+014	1.6401e+014	5.2500e-015
6.120e+000	5.7586e-006	-1.6473e+014	-1.6437e+014	1.6437e+014	5.2500e-015
6.130e+000	5.7598e-006	-1.6509e+014	-1.6473e+014	1.6473e+014	5.2500e-015
6.140e+000	5.7611e-006	-1.6545e+014	-1.6509e+014	1.6509e+014	5.2500e-015
6.150e+000	5.7623e-006	-1.6581e+014	-1.6545e+014	1.6545e+014	5.2500e-015
6.160e+000	5.7635e-006	-1.6617e+014	-1.6581e+014	1.6581e+014	5.2500e-015
6.170e+000	5.7647e-006	-1.6653e+014	-1.6617e+014	1.6617e+014	5.2500e-015
6.180e+000	5.7660e-006	-1.6689e+014	-1.6653e+014	1.6653e+014	5.2500e-015
6.190e+000	5.7672e-006	-1.6725e+014	-1.6689e+014	1.6689e+014	5.2500e-015
6.200e+000	5.7684e-006	-1.6761e+014	-1.6725e+014	1.6725e+014	5.2500e-015
6.210e+000	5.7696e-006	-1.6797e+014	-1.6761e+014	1.6761e+014	5.2500e-015
6.220e+000	5.7708e-006	-1.6833e+014	-1.6797e+014	1.6797e+014	5.2500e-015
6.230e+000	5.7721e-006	-1.6869e+014	-1.6833e+014	1.6833e+014	5.2500e-015
6.240e+000	5.7733e-006	-1.6905e+014	-1.6869e+014	1.6869e+014	5.2500e-015
6.250e+000	5.7745e-006	-1.6941e+014	-1.6905e+014	1.6905e+014	5.2500e-015
6.260e+000	5.7757e-006	-1.6977e+014	-1.6941e+014	1.6941e+014	5.2500e-015
6.270e+000	5.7769e-006	-1.7013e+014	-1.6977e+014	1.6977e+014	5.2500e-015
6.280e+000	5.7781e-006	-1.7049e+014	-1.7013e+014	1.7013e+014	5.2500e-015
6.290e+000	5.7793e-006	-1.7085e+014	-1.7049e+014	1.7049e+014	5.2500e-015
6.300e+000	5.7805e-006	-1.7121e+014	-1.7085e+014	1.7085e+014	5.2500e-015
6.310e+000	5.7817e-006	-1.7157e+014	-1.7121e+014	1.7121e+014	5.2500e-015
6.320e+000	5.7828e-006	-1.7193e+014	-1.7157e+014	1.7157e+014	5.2500e-015
6.330e+000	5.7840e-006	-1.7229e+014	-1.7193e+014	1.7193e+014	5.2500e-015
6.340e+000	5.7852e-006	-1.7265e+014	-1.7229e+014	1.7229e+014	5.2500e-015
6.350e+000	5.7864e-006	-1.7302e+014	-1.7265e+014	1.7265e+014	5.2500e-015
6.360e+000	5.7876e-006	-1.7338e+014	-1.7302e+014	1.7302e+014	5.2500e-015
6.370e+000	5.7887e-006	-1.7374e+014	-1.7338e+014	1.7338e+014	5.2500e-015
6.380e+000	5.7899e-006	-1.7410e+014	-1.7374e+014	1.7374e+014	5.2500e-015
6.390e+000	5.7911e-006	-1.7446e+014	-1.7410e+014	1.7410e+014	5.2500e-015
6.400e+000	5.7922e-006	-1.7482e+014	-1.7446e+014	1.7446e+014	5.2500e-015
6.410e+000	5.7934e-006	-1.7518e+014	-1.7482e+014	1.7482e+014	5.2500e-015
6.420e+000	5.7946e-006	-1.7555e+014	-1.7518e+014	1.7518e+014	5.2500e-015
6.430e+000	5.7957e-006	-1.7591e+014	-1.7555e+014	1.7555e+014	5.2500e-015
6.440e+000	5.7969e-006	-1.7627e+014	-1.7591e+014	1.7591e+014	5.2500e-015
6.450e+000	5.7980e-006	-1.7663e+014	-1.7627e+014	1.7627e+014	5.2500e-015
6.460e+000	5.7992e-006	-1.7699e+014	-1.7663e+014	1.7663e+014	5.2500e-015
6.470e+000	5.8003e-006	-1.7736e+014	-1.7699e+014	1.7699e+014	5.2500e-015
6.480e+000	5.8015e-006	-1.7772e+014	-1.7736e+014	1.7736e+014	5.2500e-015
6.490e+000	5.8026e-006	-1.7808e+014	-1.7772e+014	1.7772e+014	5.2500e-015
6.500e+000	5.8038e-006	-1.7844e+014	-1.7808e+014	1.7808e+014	5.2500e-015
6.510e+000	5.8049e-006	-1.7880e+014	-1.7844e+014	1.7844e+014	5.2500e-015
6.520e+000	5.8060e-006	-1.7917e+014	-1.7880e+014	1.7880e+014	5.2500e-015
6.530e+000	5.8072e-006	-1.7953e+014	-1.7917e+014	1.7917e+014	5.2500e-015
6.540e+000	5.8083e-006	-1.7989e+014	-1.7953e+014	1.7953e+014	5.2500e-015
6.550e+000	5.8094e-006	-1.8025e+014	-1.7989e+014	1.7989e+014	5.2500e-015
6.560e+000	5.8105e-006	-1.8062e+014	-1.8025e+014	1.8025e+014	5.2500e-015
6.570e+000	5.8117e-006	-1.8098e+014	-1.8062e+014	1.8062e+014	5.2500e-015
6.580e+000	5.8128e-006	-1.8134e+014	-1.8098e+014	1.8098e+014	5.2500e-015
6.590e+000	5.8139e-006	-1.8171e+014	-1.8134e+014	1.8134e+014	5.2500e-015
6.600e+000	5.8150e-006	-1.8207e+014	-1.8171e+014	1.8171e+014	5.2500e-015
6.610e+000	5.8161e-006	-1.8243e+014	-1.8207e+014	1.8207e+014	5.2500e-015
6.620e+000	5.8173e-006	-1.8279e+014	-1.8243e+014	1.8243e+014	5.2500e-015
6.630e+000	5.8184e-006	-1.8316e+014	-1.8279e+014	1.8279e+014	5.2500e-015
6.640e+000	5.8195e-006	-1.8352e+014	-1.8316e+014	1.8316e+014	5.2500e-015
6.650e+000	5.8206e-006	-1.8388e+014	-1.8352e+014	1.8352e+014	5.2500e-015
6.660e+000	5.8217e-006	-1.8425e+014	-1.8388e+014	1.8388e+014	5.2500e-015
6.670e+000	5.8228e-006	-1.8461e+014	-1.8425e+014	1.8425e+014	5.2500e-015
6.680e+000	5.8239e-006	-1.8497e+014	-1.8461e+014	1.8461e+014	5.2500e-015
6.690e+000	5.8250e-006	-1.8534e+014	-1.8497e+014	1.8497e+014	5.2500e-015
6.700e+000	5.8261e-006	-1.8570e+014	-1.8534e+014	1.8534e+014	5.2500e-015
6.710e+000	5.8271e-006	-1.8606e+014	-1.8570e+014	1.8570e+014	5.2500e-015
6.720e+000	5.8282e-006	-1.8643e+014	-1.8606e+014	1.8606e+014	5.2500e-015
6.730e+000	5.8293e-006	-1.8679e+014	-1.8643e+014	1.8643e+014	5.2500e-015
6.740e+000	5.8304e-006	-1.8716e+014	-1.8679e+014	1.8679e+014	5.2500e-015
6.750e+000	5.8315e-006	-1.8752e+014	-1.8716e+014	1.8716e+014	5.2500e-015
6.760e+000	5.8326e-006	-1.8788e+014	-1.8752e+014	1.8752e+014	5.2500e-015
6.770e+000	5.8336e-006	-1.8825e+014	-1.8788e+014	1.8788e+014	5.2500e-015
6.780e+000	5.8347e-006	-1.8861e+014	-1.8825e+014	1.8825e+014	5.2500e-015
6.790e+000	5.8358e-006	-1.8898e+014	-1.8861e+014	1.8861e+014	5.2500e-015
6.800e+000	5.8369e-006	-1.8934e+014	-1.8898e+014	1.8898e+014	5.2500e-015
6.810e+000	5.8379e-006	-1.8971e+014	-1.8934e+014	1.8934e+014	5.2500e-015
6.820e+000	5.8390e-006	-1.9007e+014	-1.8971e+014	1.8971e+014	5.2500e-015
6.830e+000	5.8400e-006	-1.9043e+014	-1.9007e+014	1.9007e+014	5.2500e-015
6.840e+000	5.8411e-006	-1.9080e+014	-1.9043e+014	1.9043e+014	5.2500e-015
6.850e+000	5.8422e-006	-1.9116e+014	-1.9080e+014	1.9080e+014	5.2500e-015
6.860e+000	5.8432e-006	-1.9153e+014	-1.9116e+014	1.9116e+014	5.2500e-015
6.870e+000	5.8443e-006	-1.9189e+014	-1.9153e+014	1.9153e+014	5.2500e-015
6.880e+000	5.8453e-006	-1.9226e+014	-1.9189e+014	1.9189e+014	5.2500e-015
6.890e+000	5.8464e-006	-1.9262e+014	-1.9226e+014	1.9226e+014	5.2500e-015
6.900e+000	5.8474e-006	-1.9299e+014	-1.9262e+014	1.9262e+014	5.2500e-015
6.910e+000	5.8485e-006	-1.9335e+014	-1.9299e+014	1.9299e+014	5.2500e-015
6.920e+000	5.8495e-006	-1.9372e+014	-1.9335e+014	1.9335e+014	5.2500e-015
6.930e+000	5.8506e-006	-1.9408e+014	-1.9372e+014	1.9372e+014	5.2500e-015
6.940e+000	5.8516e-006	-1.9445e+014	-1.9408e+014	1.9408e+014	5.2500e-015
6.950e+000	5.8526e-006	-1.9481e+014	-1.9445e+014	1.9445e+014	5.2500e-015
6.960e+000	5.8537e-006	-1.9518e+014	-1.9481e+014	1.9481e+014	5.2500e-015
6.970e+000	5.8547e-006	-1.9554e+014	-1.9518e+014	1.9518e+014	5.2500e-015
6.980e+000	5.8557e-006	-1.9591e+014	-1.9554e+014	1.9554e+014	5.2500e-015
6.990e+000	5.8568e-006	-1.9628e+014	-1.9591e+014	1.9591e+014	5.2500e-015
7.000e+000	5.8578e-006	-1.9664e+014	-1.9628e+014	1.9628e+014	5.2500e-015
