V	C (Fcm-2)	Initcharge (cm-2)	Finalcharge (cm-2)	ns Total (cm-2)	ps Total (cm-2)
-7.000e+000	4.8034e-017	-9.3457e+000	-6.3477e+000	6.3476e+000	5.2500e-015
-6.990e+000	4.8034e-017	-9.3457e+000	-6.3477e+000	6.3476e+000	5.2500e-015
-6.980e+000	4.8034e-017	-9.3457e+000	-6.3477e+000	6.3476e+000	5.2500e-015
-6.970e+000	4.8034e-017	-9.3457e+000	-6.3477e+000	6.3476e+000	5.2500e-015
-6.960e+000	4.8034e-017	-9.3457e+000	-6.3477e+000	6.3476e+000	5.2500e-015
-6.950e+000	4.8034e-017	-9.3457e+000	-6.3477e+000	6.3476e+000	5.2500e-015
-6.940e+000	4.8034e-017	-9.3457e+000	-6.3477e+000	6.3476e+000	5.2500e-015
-6.930e+000	4.8034e-017	-9.3457e+000	-6.3477e+000	6.3476e+000	5.2500e-015
-6.920e+000	4.8034e-017	-9.3457e+000	-6.3477e+000	6.3476e+000	5.2500e-015
-6.910e+000	4.8034e-017	-9.3457e+000	-6.3477e+000	6.3476e+000	5.2500e-015
-6.900e+000	4.8034e-017	-9.3457e+000	-6.3477e+000	6.3476e+000	5.2500e-015
-6.890e+000	4.8034e-017	-9.3457e+000	-6.3477e+000	6.3476e+000	5.2500e-015
-6.880e+000	4.8034e-017	-9.3457e+000	-6.3477e+000	6.3476e+000	5.2500e-015
-6.870e+000	4.8034e-017	-9.3457e+000	-6.3477e+000	6.3476e+000	5.2500e-015
-6.860e+000	4.8034e-017	-9.3457e+000	-6.3477e+000	6.3476e+000	5.2500e-015
-6.850e+000	4.8034e-017	-9.3457e+000	-6.3477e+000	6.3476e+000	5.2500e-015
-6.840e+000	4.8034e-017	-9.3457e+000	-6.3477e+000	6.3476e+000	5.2500e-015
-6.830e+000	4.8034e-017	-9.3457e+000	-6.3477e+000	6.3476e+000	5.2500e-015
-6.820e+000	4.8034e-017	-9.3457e+000	-6.3477e+000	6.3476e+000	5.2500e-015
-6.810e+000	4.8034e-017	-9.3457e+000	-6.3477e+000	6.3476e+000	5.2500e-015
-6.800e+000	4.8034e-017	-9.3457e+000	-6.3477e+000	6.3476e+000	5.2500e-015
-6.790e+000	4.8034e-017	-9.3457e+000	-6.3477e+000	6.3476e+000	5.2500e-015
-6.780e+000	4.8034e-017	-9.3457e+000	-6.3477e+000	6.3476e+000	5.2500e-015
-6.770e+000	4.8034e-017	-9.3457e+000	-6.3477e+000	6.3476e+000	5.2500e-015
-6.760e+000	4.8034e-017	-9.3457e+000	-6.3477e+000	6.3476e+000	5.2500e-015
-6.750e+000	4.8034e-017	-9.3457e+000	-6.3477e+000	6.3476e+000	5.2500e-015
-6.740e+000	4.8034e-017	-9.3457e+000	-6.3477e+000	6.3476e+000	5.2500e-015
-6.730e+000	4.8034e-017	-9.3457e+000	-6.3477e+000	6.3476e+000	5.2500e-015
-6.720e+000	4.8034e-017	-9.3457e+000	-6.3477e+000	6.3476e+000	5.2500e-015
-6.710e+000	4.8034e-017	-9.3457e+000	-6.3477e+000	6.3476e+000	5.2500e-015
-6.700e+000	4.8034e-017	-9.3457e+000	-6.3477e+000	6.3476e+000	5.2500e-015
-6.690e+000	4.8034e-017	-9.3457e+000	-6.3477e+000	6.3476e+000	5.2500e-015
-6.680e+000	4.8034e-017	-9.3457e+000	-6.3477e+000	6.3476e+000	5.2500e-015
-6.670e+000	4.8034e-017	-9.3457e+000	-6.3477e+000	6.3476e+000	5.2500e-015
-6.660e+000	4.8034e-017	-9.3457e+000	-6.3477e+000	6.3476e+000	5.2500e-015
-6.650e+000	4.8034e-017	-9.3457e+000	-6.3477e+000	6.3476e+000	5.2500e-015
-6.640e+000	4.8034e-017	-9.3457e+000	-6.3477e+000	6.3476e+000	5.2500e-015
-6.630e+000	4.8034e-017	-9.3457e+000	-6.3477e+000	6.3476e+000	5.2500e-015
-6.620e+000	4.8034e-017	-9.3457e+000	-6.3477e+000	6.3476e+000	5.2500e-015
-6.610e+000	4.8034e-017	-9.3457e+000	-6.3477e+000	6.3476e+000	5.2500e-015
-6.600e+000	4.8034e-017	-9.3457e+000	-6.3477e+000	6.3476e+000	5.2500e-015
-6.590e+000	4.8034e-017	-9.3457e+000	-6.3477e+000	6.3476e+000	5.2500e-015
-6.580e+000	4.8034e-017	-9.3457e+000	-6.3477e+000	6.3476e+000	5.2500e-015
-6.570e+000	4.8034e-017	-9.3457e+000	-6.3477e+000	6.3476e+000	5.2500e-015
-6.560e+000	4.8034e-017	-9.3457e+000	-6.3477e+000	6.3476e+000	5.2500e-015
-6.550e+000	4.8034e-017	-9.3457e+000	-6.3477e+000	6.3476e+000	5.2500e-015
-6.540e+000	4.8034e-017	-9.3457e+000	-6.3477e+000	6.3476e+000	5.2500e-015
-6.530e+000	4.8034e-017	-9.3457e+000	-6.3477e+000	6.3476e+000	5.2500e-015
-6.520e+000	4.8034e-017	-9.3457e+000	-6.3477e+000	6.3476e+000	5.2500e-015
-6.510e+000	4.8034e-017	-9.3457e+000	-6.3477e+000	6.3476e+000	5.2500e-015
-6.500e+000	4.8034e-017	-9.3457e+000	-6.3477e+000	6.3476e+000	5.2500e-015
-6.490e+000	4.8034e-017	-9.3457e+000	-6.3477e+000	6.3476e+000	5.2500e-015
-6.480e+000	4.8034e-017	-9.3457e+000	-6.3477e+000	6.3476e+000	5.2500e-015
-6.470e+000	4.8034e-017	-9.3457e+000	-6.3477e+000	6.3476e+000	5.2500e-015
-6.460e+000	4.8034e-017	-9.3457e+000	-6.3477e+000	6.3476e+000	5.2500e-015
-6.450e+000	4.8034e-017	-9.3457e+000	-6.3477e+000	6.3476e+000	5.2500e-015
-6.440e+000	4.8034e-017	-9.3457e+000	-6.3477e+000	6.3476e+000	5.2500e-015
-6.430e+000	4.8034e-017	-9.3457e+000	-6.3477e+000	6.3476e+000	5.2500e-015
-6.420e+000	4.8034e-017	-9.3457e+000	-6.3477e+000	6.3476e+000	5.2500e-015
-6.410e+000	4.8034e-017	-9.3457e+000	-6.3477e+000	6.3476e+000	5.2500e-015
-6.400e+000	4.8034e-017	-9.3457e+000	-6.3477e+000	6.3476e+000	5.2500e-015
-6.390e+000	4.8034e-017	-9.3457e+000	-6.3477e+000	6.3476e+000	5.2500e-015
-6.380e+000	4.8034e-017	-9.3457e+000	-6.3477e+000	6.3476e+000	5.2500e-015
-6.370e+000	4.8034e-017	-9.3457e+000	-6.3477e+000	6.3476e+000	5.2500e-015
-6.360e+000	4.8034e-017	-9.3457e+000	-6.3477e+000	6.3476e+000	5.2500e-015
-6.350e+000	4.8034e-017	-9.3457e+000	-6.3477e+000	6.3476e+000	5.2500e-015
-6.340e+000	4.8034e-017	-9.3457e+000	-6.3477e+000	6.3476e+000	5.2500e-015
-6.330e+000	4.8034e-017	-9.3457e+000	-6.3477e+000	6.3476e+000	5.2500e-015
-6.320e+000	4.8034e-017	-9.3457e+000	-6.3477e+000	6.3476e+000	5.2500e-015
-6.310e+000	4.8034e-017	-9.3457e+000	-6.3477e+000	6.3476e+000	5.2500e-015
-6.300e+000	4.8034e-017	-9.3457e+000	-6.3477e+000	6.3476e+000	5.2500e-015
-6.290e+000	4.8034e-017	-9.3457e+000	-6.3477e+000	6.3476e+000	5.2500e-015
-6.280e+000	4.8034e-017	-9.3457e+000	-6.3477e+000	6.3476e+000	5.2500e-015
-6.270e+000	4.8034e-017	-9.3457e+000	-6.3477e+000	6.3476e+000	5.2500e-015
-6.260e+000	4.8034e-017	-9.3457e+000	-6.3477e+000	6.3476e+000	5.2500e-015
-6.250e+000	4.8034e-017	-9.3457e+000	-6.3477e+000	6.3476e+000	5.2500e-015
-6.240e+000	4.8034e-017	-9.3457e+000	-6.3477e+000	6.3476e+000	5.2500e-015
-6.230e+000	4.8034e-017	-9.3457e+000	-6.3477e+000	6.3476e+000	5.2500e-015
-6.220e+000	4.8034e-017	-9.3457e+000	-6.3477e+000	6.3476e+000	5.2500e-015
-6.210e+000	4.8034e-017	-9.3457e+000	-6.3477e+000	6.3476e+000	5.2500e-015
-6.200e+000	4.8034e-017	-9.3457e+000	-6.3477e+000	6.3476e+000	5.2500e-015
-6.190e+000	4.8034e-017	-9.3457e+000	-6.3477e+000	6.3476e+000	5.2500e-015
-6.180e+000	4.8034e-017	-9.3457e+000	-6.3477e+000	6.3476e+000	5.2500e-015
-6.170e+000	4.8034e-017	-9.3457e+000	-6.3477e+000	6.3476e+000	5.2500e-015
-6.160e+000	4.8034e-017	-9.3457e+000	-6.3477e+000	6.3476e+000	5.2500e-015
-6.150e+000	4.8034e-017	-9.3457e+000	-6.3477e+000	6.3476e+000	5.2500e-015
-6.140e+000	4.8034e-017	-9.3457e+000	-6.3477e+000	6.3476e+000	5.2500e-015
-6.130e+000	4.8034e-017	-9.3457e+000	-6.3477e+000	6.3476e+000	5.2500e-015
-6.120e+000	4.8034e-017	-9.3457e+000	-6.3477e+000	6.3476e+000	5.2500e-015
-6.110e+000	4.8034e-017	-9.3457e+000	-6.3477e+000	6.3476e+000	5.2500e-015
-6.100e+000	4.8034e-017	-9.3457e+000	-6.3477e+000	6.3476e+000	5.2500e-015
-6.090e+000	4.8034e-017	-9.3457e+000	-6.3477e+000	6.3476e+000	5.2500e-015
-6.080e+000	4.8034e-017	-9.3457e+000	-6.3477e+000	6.3476e+000	5.2500e-015
-6.070e+000	4.8034e-017	-9.3457e+000	-6.3477e+000	6.3476e+000	5.2500e-015
-6.060e+000	4.8034e-017	-9.3457e+000	-6.3477e+000	6.3476e+000	5.2500e-015
-6.050e+000	4.8034e-017	-9.3457e+000	-6.3477e+000	6.3476e+000	5.2500e-015
-6.040e+000	4.8034e-017	-9.3457e+000	-6.3477e+000	6.3476e+000	5.2500e-015
-6.030e+000	4.8034e-017	-9.3457e+000	-6.3477e+000	6.3476e+000	5.2500e-015
-6.020e+000	4.8034e-017	-9.3457e+000	-6.3477e+000	6.3476e+000	5.2500e-015
-6.010e+000	4.8034e-017	-9.3457e+000	-6.3477e+000	6.3476e+000	5.2500e-015
-6.000e+000	4.8034e-017	-9.3457e+000	-6.3477e+000	6.3476e+000	5.2500e-015
-5.990e+000	4.8034e-017	-9.3457e+000	-6.3477e+000	6.3476e+000	5.2500e-015
-5.980e+000	4.8034e-017	-9.3457e+000	-6.3477e+000	6.3476e+000	5.2500e-015
-5.970e+000	4.8034e-017	-9.3457e+000	-6.3477e+000	6.3476e+000	5.2500e-015
-5.960e+000	4.8034e-017	-9.3457e+000	-6.3477e+000	6.3476e+000	5.2500e-015
-5.950e+000	4.8034e-017	-9.3457e+000	-6.3477e+000	6.3476e+000	5.2500e-015
-5.940e+000	4.8034e-017	-9.3457e+000	-6.3477e+000	6.3476e+000	5.2500e-015
-5.930e+000	4.8034e-017	-9.3457e+000	-6.3477e+000	6.3476e+000	5.2500e-015
-5.920e+000	4.8034e-017	-9.3457e+000	-6.3477e+000	6.3476e+000	5.2500e-015
-5.910e+000	4.8034e-017	-9.3457e+000	-6.3477e+000	6.3476e+000	5.2500e-015
-5.900e+000	4.8034e-017	-9.3457e+000	-6.3477e+000	6.3476e+000	5.2500e-015
-5.890e+000	4.8034e-017	-9.3457e+000	-6.3477e+000	6.3476e+000	5.2500e-015
-5.880e+000	4.8034e-017	-9.3457e+000	-6.3477e+000	6.3476e+000	5.2500e-015
-5.870e+000	4.8034e-017	-9.3457e+000	-6.3477e+000	6.3476e+000	5.2500e-015
-5.860e+000	4.8034e-017	-9.3457e+000	-6.3477e+000	6.3476e+000	5.2500e-015
-5.850e+000	4.8034e-017	-9.3457e+000	-6.3477e+000	6.3476e+000	5.2500e-015
-5.840e+000	4.8034e-017	-9.3457e+000	-6.3477e+000	6.3476e+000	5.2500e-015
-5.830e+000	4.8034e-017	-9.3457e+000	-6.3477e+000	6.3476e+000	5.2500e-015
-5.820e+000	4.8034e-017	-9.3457e+000	-6.3477e+000	6.3476e+000	5.2500e-015
-5.810e+000	4.8034e-017	-9.3457e+000	-6.3477e+000	6.3476e+000	5.2500e-015
-5.800e+000	4.8034e-017	-9.3457e+000	-6.3477e+000	6.3476e+000	5.2500e-015
-5.790e+000	4.8034e-017	-9.3457e+000	-6.3477e+000	6.3476e+000	5.2500e-015
-5.780e+000	4.8034e-017	-9.3457e+000	-6.3477e+000	6.3476e+000	5.2500e-015
-5.770e+000	4.8034e-017	-9.3457e+000	-6.3477e+000	6.3476e+000	5.2500e-015
-5.760e+000	4.8034e-017	-9.3457e+000	-6.3477e+000	6.3476e+000	5.2500e-015
-5.750e+000	4.8034e-017	-9.3457e+000	-6.3477e+000	6.3476e+000	5.2500e-015
-5.740e+000	4.8034e-017	-9.3457e+000	-6.3477e+000	6.3476e+000	5.2500e-015
-5.730e+000	4.8034e-017	-9.3457e+000	-6.3477e+000	6.3476e+000	5.2500e-015
-5.720e+000	4.8034e-017	-9.3457e+000	-6.3477e+000	6.3476e+000	5.2500e-015
-5.710e+000	4.8034e-017	-9.3457e+000	-6.3477e+000	6.3476e+000	5.2500e-015
-5.700e+000	4.8034e-017	-9.3457e+000	-6.3477e+000	6.3476e+000	5.2500e-015
-5.690e+000	4.8034e-017	-9.3457e+000	-6.3477e+000	6.3476e+000	5.2500e-015
-5.680e+000	4.8034e-017	-9.3457e+000	-6.3477e+000	6.3476e+000	5.2500e-015
-5.670e+000	4.8034e-017	-9.3457e+000	-6.3477e+000	6.3476e+000	5.2500e-015
-5.660e+000	4.8034e-017	-9.3457e+000	-6.3477e+000	6.3476e+000	5.2500e-015
-5.650e+000	4.8034e-017	-9.3457e+000	-6.3477e+000	6.3476e+000	5.2500e-015
-5.640e+000	4.8034e-017	-9.3457e+000	-6.3477e+000	6.3476e+000	5.2500e-015
-5.630e+000	4.8034e-017	-9.3457e+000	-6.3477e+000	6.3476e+000	5.2500e-015
-5.620e+000	4.8034e-017	-9.3457e+000	-6.3477e+000	6.3476e+000	5.2500e-015
-5.610e+000	4.8034e-017	-9.3457e+000	-6.3477e+000	6.3476e+000	5.2500e-015
-5.600e+000	4.8034e-017	-9.3457e+000	-6.3477e+000	6.3476e+000	5.2500e-015
-5.590e+000	4.8034e-017	-9.3457e+000	-6.3477e+000	6.3476e+000	5.2500e-015
-5.580e+000	4.8034e-017	-9.3457e+000	-6.3477e+000	6.3476e+000	5.2500e-015
-5.570e+000	4.8034e-017	-9.3457e+000	-6.3477e+000	6.3476e+000	5.2500e-015
-5.560e+000	4.8034e-017	-9.3457e+000	-6.3477e+000	6.3476e+000	5.2500e-015
-5.550e+000	4.8034e-017	-9.3457e+000	-6.3477e+000	6.3476e+000	5.2500e-015
-5.540e+000	4.8034e-017	-9.3457e+000	-6.3477e+000	6.3476e+000	5.2500e-015
-5.530e+000	4.8034e-017	-9.3457e+000	-6.3477e+000	6.3476e+000	5.2500e-015
-5.520e+000	4.8034e-017	-9.3457e+000	-6.3477e+000	6.3476e+000	5.2500e-015
-5.510e+000	4.8034e-017	-9.3457e+000	-6.3477e+000	6.3476e+000	5.2500e-015
-5.500e+000	4.8034e-017	-9.3457e+000	-6.3477e+000	6.3476e+000	5.2500e-015
-5.490e+000	4.8034e-017	-9.3457e+000	-6.3477e+000	6.3476e+000	5.2500e-015
-5.480e+000	4.8034e-017	-9.3457e+000	-6.3477e+000	6.3476e+000	5.2500e-015
-5.470e+000	4.8034e-017	-9.3457e+000	-6.3477e+000	6.3476e+000	5.2500e-015
-5.460e+000	4.8034e-017	-9.3457e+000	-6.3477e+000	6.3476e+000	5.2500e-015
-5.450e+000	4.8034e-017	-9.3457e+000	-6.3477e+000	6.3476e+000	5.2500e-015
-5.440e+000	4.8034e-017	-9.3457e+000	-6.3477e+000	6.3476e+000	5.2500e-015
-5.430e+000	4.8034e-017	-9.3457e+000	-6.3477e+000	6.3476e+000	5.2500e-015
-5.420e+000	4.8034e-017	-9.3457e+000	-6.3477e+000	6.3476e+000	5.2500e-015
-5.410e+000	4.8034e-017	-9.3457e+000	-6.3477e+000	6.3476e+000	5.2500e-015
-5.400e+000	4.8034e-017	-9.3457e+000	-6.3477e+000	6.3476e+000	5.2500e-015
-5.390e+000	4.8034e-017	-9.3457e+000	-6.3477e+000	6.3476e+000	5.2500e-015
-5.380e+000	4.8034e-017	-9.3457e+000	-6.3477e+000	6.3476e+000	5.2500e-015
-5.370e+000	4.8034e-017	-9.3457e+000	-6.3477e+000	6.3476e+000	5.2500e-015
-5.360e+000	4.8034e-017	-9.3457e+000	-6.3477e+000	6.3476e+000	5.2500e-015
-5.350e+000	4.8034e-017	-9.3457e+000	-6.3477e+000	6.3476e+000	5.2500e-015
-5.340e+000	4.8034e-017	-9.3457e+000	-6.3477e+000	6.3476e+000	5.2500e-015
-5.330e+000	4.8034e-017	-9.3457e+000	-6.3477e+000	6.3476e+000	5.2500e-015
-5.320e+000	4.8034e-017	-9.3457e+000	-6.3477e+000	6.3476e+000	5.2500e-015
-5.310e+000	4.8034e-017	-9.3457e+000	-6.3477e+000	6.3476e+000	5.2500e-015
-5.300e+000	4.8034e-017	-9.3457e+000	-6.3477e+000	6.3476e+000	5.2500e-015
-5.290e+000	4.8034e-017	-9.3457e+000	-6.3477e+000	6.3476e+000	5.2500e-015
-5.280e+000	4.8034e-017	-9.3457e+000	-6.3477e+000	6.3476e+000	5.2500e-015
-5.270e+000	4.8034e-017	-9.3457e+000	-6.3477e+000	6.3476e+000	5.2500e-015
-5.260e+000	4.8034e-017	-9.3457e+000	-6.3477e+000	6.3476e+000	5.2500e-015
-5.250e+000	4.8034e-017	-9.3457e+000	-6.3477e+000	6.3476e+000	5.2500e-015
-5.240e+000	4.8034e-017	-9.3457e+000	-6.3477e+000	6.3476e+000	5.2500e-015
-5.230e+000	4.8034e-017	-9.3457e+000	-6.3477e+000	6.3476e+000	5.2500e-015
-5.220e+000	4.8034e-017	-9.3457e+000	-6.3477e+000	6.3476e+000	5.2500e-015
-5.210e+000	4.8034e-017	-9.3457e+000	-6.3477e+000	6.3476e+000	5.2500e-015
-5.200e+000	4.8034e-017	-9.3457e+000	-6.3477e+000	6.3476e+000	5.2500e-015
-5.190e+000	4.8034e-017	-9.3457e+000	-6.3477e+000	6.3476e+000	5.2500e-015
-5.180e+000	4.8034e-017	-9.3457e+000	-6.3477e+000	6.3476e+000	5.2500e-015
-5.170e+000	4.8034e-017	-9.3457e+000	-6.3477e+000	6.3476e+000	5.2500e-015
-5.160e+000	4.8034e-017	-9.3457e+000	-6.3477e+000	6.3476e+000	5.2500e-015
-5.150e+000	4.8034e-017	-9.3457e+000	-6.3477e+000	6.3476e+000	5.2500e-015
-5.140e+000	4.8034e-017	-9.3457e+000	-6.3477e+000	6.3476e+000	5.2500e-015
-5.130e+000	4.8034e-017	-9.3457e+000	-6.3477e+000	6.3476e+000	5.2500e-015
-5.120e+000	4.8034e-017	-9.3457e+000	-6.3477e+000	6.3476e+000	5.2500e-015
-5.110e+000	4.8034e-017	-9.3457e+000	-6.3477e+000	6.3476e+000	5.2500e-015
-5.100e+000	4.8034e-017	-9.3457e+000	-6.3477e+000	6.3476e+000	5.2500e-015
-5.090e+000	4.8034e-017	-9.3457e+000	-6.3477e+000	6.3476e+000	5.2500e-015
-5.080e+000	4.8034e-017	-9.3457e+000	-6.3477e+000	6.3476e+000	5.2500e-015
-5.070e+000	4.8034e-017	-9.3457e+000	-6.3477e+000	6.3476e+000	5.2500e-015
-5.060e+000	4.8034e-017	-9.3457e+000	-6.3477e+000	6.3476e+000	5.2500e-015
-5.050e+000	4.8034e-017	-9.3457e+000	-6.3477e+000	6.3476e+000	5.2500e-015
-5.040e+000	4.8034e-017	-9.3457e+000	-6.3477e+000	6.3476e+000	5.2500e-015
-5.030e+000	4.8034e-017	-9.3457e+000	-6.3477e+000	6.3476e+000	5.2500e-015
-5.020e+000	4.8034e-017	-9.3457e+000	-6.3477e+000	6.3476e+000	5.2500e-015
-5.010e+000	4.8034e-017	-9.3457e+000	-6.3477e+000	6.3476e+000	5.2500e-015
-5.000e+000	4.8034e-017	-9.3457e+000	-6.3477e+000	6.3476e+000	5.2500e-015
-4.990e+000	4.8034e-017	-9.3457e+000	-6.3477e+000	6.3476e+000	5.2500e-015
-4.980e+000	4.8034e-017	-9.3457e+000	-6.3477e+000	6.3476e+000	5.2500e-015
-4.970e+000	4.8034e-017	-9.3457e+000	-6.3477e+000	6.3476e+000	5.2500e-015
-4.960e+000	4.8034e-017	-9.3457e+000	-6.3477e+000	6.3476e+000	5.2500e-015
-4.950e+000	4.8034e-017	-9.3457e+000	-6.3477e+000	6.3476e+000	5.2500e-015
-4.940e+000	4.8034e-017	-9.3457e+000	-6.3477e+000	6.3476e+000	5.2500e-015
-4.930e+000	4.8034e-017	-9.3457e+000	-6.3477e+000	6.3476e+000	5.2500e-015
-4.920e+000	4.8034e-017	-9.3457e+000	-6.3477e+000	6.3476e+000	5.2500e-015
-4.910e+000	4.8034e-017	-9.3457e+000	-6.3477e+000	6.3476e+000	5.2500e-015
-4.900e+000	4.8034e-017	-9.3457e+000	-6.3477e+000	6.3476e+000	5.2500e-015
-4.890e+000	4.8034e-017	-9.3457e+000	-6.3477e+000	6.3476e+000	5.2500e-015
-4.880e+000	4.8034e-017	-9.3457e+000	-6.3477e+000	6.3476e+000	5.2500e-015
-4.870e+000	4.8034e-017	-9.3457e+000	-6.3477e+000	6.3476e+000	5.2500e-015
-4.860e+000	4.8034e-017	-9.3457e+000	-6.3477e+000	6.3476e+000	5.2500e-015
-4.850e+000	4.8034e-017	-9.3457e+000	-6.3477e+000	6.3476e+000	5.2500e-015
-4.840e+000	4.8034e-017	-9.3457e+000	-6.3477e+000	6.3476e+000	5.2500e-015
-4.830e+000	4.8034e-017	-9.3457e+000	-6.3477e+000	6.3476e+000	5.2500e-015
-4.820e+000	4.8034e-017	-9.3457e+000	-6.3477e+000	6.3476e+000	5.2500e-015
-4.810e+000	4.8034e-017	-9.3457e+000	-6.3477e+000	6.3476e+000	5.2500e-015
-4.800e+000	4.8034e-017	-9.3457e+000	-6.3477e+000	6.3476e+000	5.2500e-015
-4.790e+000	4.8034e-017	-9.3457e+000	-6.3477e+000	6.3476e+000	5.2500e-015
-4.780e+000	4.8034e-017	-9.3457e+000	-6.3477e+000	6.3476e+000	5.2500e-015
-4.770e+000	4.8034e-017	-9.3457e+000	-6.3477e+000	6.3476e+000	5.2500e-015
-4.760e+000	4.8034e-017	-9.3457e+000	-6.3477e+000	6.3476e+000	5.2500e-015
-4.750e+000	4.8034e-017	-9.3457e+000	-6.3477e+000	6.3476e+000	5.2500e-015
-4.740e+000	4.8034e-017	-9.3457e+000	-6.3477e+000	6.3476e+000	5.2500e-015
-4.730e+000	4.8034e-017	-9.3457e+000	-6.3477e+000	6.3476e+000	5.2500e-015
-4.720e+000	4.8034e-017	-9.3457e+000	-6.3477e+000	6.3476e+000	5.2500e-015
-4.710e+000	4.8034e-017	-9.3457e+000	-6.3477e+000	6.3476e+000	5.2500e-015
-4.700e+000	4.8034e-017	-9.3457e+000	-6.3477e+000	6.3476e+000	5.2500e-015
-4.690e+000	4.8034e-017	-9.3457e+000	-6.3477e+000	6.3476e+000	5.2500e-015
-4.680e+000	4.8034e-017	-9.3457e+000	-6.3477e+000	6.3476e+000	5.2500e-015
-4.670e+000	4.8034e-017	-9.3457e+000	-6.3477e+000	6.3476e+000	5.2500e-015
-4.660e+000	4.8034e-017	-9.3457e+000	-6.3477e+000	6.3476e+000	5.2500e-015
-4.650e+000	4.8034e-017	-9.3457e+000	-6.3477e+000	6.3476e+000	5.2500e-015
-4.640e+000	4.8034e-017	-9.3457e+000	-6.3477e+000	6.3476e+000	5.2500e-015
-4.630e+000	4.8034e-017	-9.3457e+000	-6.3477e+000	6.3476e+000	5.2500e-015
-4.620e+000	4.8034e-017	-9.3457e+000	-6.3477e+000	6.3476e+000	5.2500e-015
-4.610e+000	4.8034e-017	-9.3457e+000	-6.3477e+000	6.3476e+000	5.2500e-015
-4.600e+000	4.8034e-017	-9.3457e+000	-6.3477e+000	6.3476e+000	5.2500e-015
-4.590e+000	4.8034e-017	-9.3457e+000	-6.3477e+000	6.3476e+000	5.2500e-015
-4.580e+000	4.8034e-017	-9.3457e+000	-6.3477e+000	6.3476e+000	5.2500e-015
-4.570e+000	4.8034e-017	-9.3457e+000	-6.3477e+000	6.3476e+000	5.2500e-015
-4.560e+000	4.8034e-017	-9.3457e+000	-6.3477e+000	6.3476e+000	5.2500e-015
-4.550e+000	4.8034e-017	-9.3457e+000	-6.3477e+000	6.3476e+000	5.2500e-015
-4.540e+000	4.8034e-017	-9.3457e+000	-6.3477e+000	6.3476e+000	5.2500e-015
-4.530e+000	4.8034e-017	-9.3457e+000	-6.3477e+000	6.3476e+000	5.2500e-015
-4.520e+000	4.8034e-017	-9.3457e+000	-6.3477e+000	6.3476e+000	5.2500e-015
-4.510e+000	4.8034e-017	-9.3457e+000	-6.3477e+000	6.3476e+000	5.2500e-015
-4.500e+000	4.8034e-017	-9.3457e+000	-6.3477e+000	6.3476e+000	5.2500e-015
-4.490e+000	4.8034e-017	-9.3457e+000	-6.3477e+000	6.3476e+000	5.2500e-015
-4.480e+000	4.8034e-017	-9.3457e+000	-6.3477e+000	6.3476e+000	5.2500e-015
-4.470e+000	4.8034e-017	-9.3457e+000	-6.3477e+000	6.3476e+000	5.2500e-015
-4.460e+000	4.8034e-017	-9.3457e+000	-6.3477e+000	6.3476e+000	5.2500e-015
-4.450e+000	4.8034e-017	-9.3457e+000	-6.3477e+000	6.3476e+000	5.2500e-015
-4.440e+000	4.8034e-017	-9.3457e+000	-6.3477e+000	6.3476e+000	5.2500e-015
-4.430e+000	4.8034e-017	-9.3457e+000	-6.3477e+000	6.3476e+000	5.2500e-015
-4.420e+000	4.8034e-017	-9.3457e+000	-6.3477e+000	6.3476e+000	5.2500e-015
-4.410e+000	4.8034e-017	-9.3457e+000	-6.3477e+000	6.3476e+000	5.2500e-015
-4.400e+000	4.8034e-017	-9.3457e+000	-6.3477e+000	6.3476e+000	5.2500e-015
-4.390e+000	4.8034e-017	-9.3457e+000	-6.3477e+000	6.3476e+000	5.2500e-015
-4.380e+000	4.8034e-017	-9.3457e+000	-6.3477e+000	6.3476e+000	5.2500e-015
-4.370e+000	4.8034e-017	-9.3457e+000	-6.3477e+000	6.3476e+000	5.2500e-015
-4.360e+000	4.8034e-017	-9.3457e+000	-6.3477e+000	6.3476e+000	5.2500e-015
-4.350e+000	4.8034e-017	-9.3457e+000	-6.3477e+000	6.3476e+000	5.2500e-015
-4.340e+000	4.8034e-017	-9.3457e+000	-6.3477e+000	6.3476e+000	5.2500e-015
-4.330e+000	4.8034e-017	-9.3457e+000	-6.3477e+000	6.3476e+000	5.2500e-015
-4.320e+000	4.8034e-017	-9.3457e+000	-6.3477e+000	6.3476e+000	5.2500e-015
-4.310e+000	4.8034e-017	-9.3457e+000	-6.3477e+000	6.3476e+000	5.2500e-015
-4.300e+000	4.8034e-017	-9.3457e+000	-6.3477e+000	6.3476e+000	5.2500e-015
-4.290e+000	4.8034e-017	-9.3457e+000	-6.3477e+000	6.3476e+000	5.2500e-015
-4.280e+000	4.8034e-017	-9.3457e+000	-6.3477e+000	6.3476e+000	5.2500e-015
-4.270e+000	4.8034e-017	-9.3457e+000	-6.3477e+000	6.3476e+000	5.2500e-015
-4.260e+000	4.8034e-017	-9.3457e+000	-6.3477e+000	6.3476e+000	5.2500e-015
-4.250e+000	4.8034e-017	-9.3457e+000	-6.3477e+000	6.3476e+000	5.2500e-015
-4.240e+000	4.8034e-017	-9.3457e+000	-6.3477e+000	6.3476e+000	5.2500e-015
-4.230e+000	4.8034e-017	-9.3457e+000	-6.3477e+000	6.3476e+000	5.2500e-015
-4.220e+000	4.8034e-017	-9.3457e+000	-6.3477e+000	6.3476e+000	5.2500e-015
-4.210e+000	4.8034e-017	-9.3457e+000	-6.3477e+000	6.3476e+000	5.2500e-015
-4.200e+000	4.8034e-017	-9.3457e+000	-6.3477e+000	6.3476e+000	5.2500e-015
-4.190e+000	4.8034e-017	-9.3457e+000	-6.3477e+000	6.3476e+000	5.2500e-015
-4.180e+000	4.8034e-017	-9.3457e+000	-6.3477e+000	6.3476e+000	5.2500e-015
-4.170e+000	4.8034e-017	-9.3457e+000	-6.3477e+000	6.3476e+000	5.2500e-015
-4.160e+000	4.8034e-017	-9.3457e+000	-6.3477e+000	6.3476e+000	5.2500e-015
-4.150e+000	4.8034e-017	-9.3457e+000	-6.3477e+000	6.3476e+000	5.2500e-015
-4.140e+000	4.8034e-017	-9.3457e+000	-6.3477e+000	6.3476e+000	5.2500e-015
-4.130e+000	4.8034e-017	-9.3457e+000	-6.3477e+000	6.3476e+000	5.2500e-015
-4.120e+000	4.8034e-017	-9.3457e+000	-6.3477e+000	6.3476e+000	5.2500e-015
-4.110e+000	4.8034e-017	-9.3457e+000	-6.3477e+000	6.3476e+000	5.2500e-015
-4.100e+000	4.8034e-017	-9.3457e+000	-6.3477e+000	6.3476e+000	5.2500e-015
-4.090e+000	4.8034e-017	-9.3457e+000	-6.3477e+000	6.3476e+000	5.2500e-015
-4.080e+000	4.8034e-017	-9.3457e+000	-6.3477e+000	6.3476e+000	5.2500e-015
-4.070e+000	4.8034e-017	-9.3457e+000	-6.3477e+000	6.3476e+000	5.2500e-015
-4.060e+000	4.8034e-017	-9.3457e+000	-6.3477e+000	6.3476e+000	5.2500e-015
-4.050e+000	4.8034e-017	-9.3457e+000	-6.3477e+000	6.3476e+000	5.2500e-015
-4.040e+000	4.8034e-017	-9.3457e+000	-6.3477e+000	6.3476e+000	5.2500e-015
-4.030e+000	4.8034e-017	-9.3457e+000	-6.3477e+000	6.3476e+000	5.2500e-015
-4.020e+000	4.8034e-017	-9.3457e+000	-6.3477e+000	6.3476e+000	5.2500e-015
-4.010e+000	4.8034e-017	-9.3457e+000	-6.3477e+000	6.3476e+000	5.2500e-015
-4.000e+000	4.8034e-017	-9.3457e+000	-6.3477e+000	6.3476e+000	5.2500e-015
-3.990e+000	4.8034e-017	-9.3457e+000	-6.3477e+000	6.3476e+000	5.2500e-015
-3.980e+000	4.8034e-017	-9.3457e+000	-6.3477e+000	6.3476e+000	5.2500e-015
-3.970e+000	4.8034e-017	-9.3457e+000	-6.3477e+000	6.3476e+000	5.2500e-015
-3.960e+000	4.8034e-017	-9.3457e+000	-6.3477e+000	6.3476e+000	5.2500e-015
-3.950e+000	4.8034e-017	-9.3457e+000	-6.3477e+000	6.3476e+000	5.2500e-015
-3.940e+000	4.8034e-017	-9.3457e+000	-6.3477e+000	6.3476e+000	5.2500e-015
-3.930e+000	4.8034e-017	-9.3457e+000	-6.3477e+000	6.3476e+000	5.2500e-015
-3.920e+000	4.8034e-017	-9.3457e+000	-6.3477e+000	6.3476e+000	5.2500e-015
-3.910e+000	4.8034e-017	-9.3457e+000	-6.3477e+000	6.3476e+000	5.2500e-015
-3.900e+000	4.8034e-017	-9.3457e+000	-6.3477e+000	6.3476e+000	5.2500e-015
-3.890e+000	4.8034e-017	-9.3458e+000	-6.3477e+000	6.3476e+000	5.2500e-015
-3.880e+000	4.8035e-017	-9.3458e+000	-6.3477e+000	6.3476e+000	5.2500e-015
-3.870e+000	4.8035e-017	-9.3458e+000	-6.3478e+000	6.3477e+000	5.2500e-015
-3.860e+000	4.8035e-017	-9.3459e+000	-6.3478e+000	6.3477e+000	5.2500e-015
-3.850e+000	4.8036e-017	-9.3460e+000	-6.3479e+000	6.3478e+000	5.2500e-015
-3.840e+000	4.8036e-017	-9.3461e+000	-6.3480e+000	6.3479e+000	5.2500e-015
-3.830e+000	4.8037e-017	-9.3464e+000	-6.3481e+000	6.3480e+000	5.2500e-015
-3.820e+000	4.8039e-017	-9.3467e+000	-6.3483e+000	6.3482e+000	5.2500e-015
-3.810e+000	4.8041e-017	-9.3471e+000	-6.3486e+000	6.3485e+000	5.2500e-015
-3.800e+000	4.8045e-017	-9.3478e+000	-6.3491e+000	6.3490e+000	5.2500e-015
-3.790e+000	4.8050e-017	-9.3488e+000	-6.3497e+000	6.3497e+000	5.2500e-015
-3.780e+000	4.8057e-017	-9.3502e+000	-6.3507e+000	6.3506e+000	5.2500e-015
-3.770e+000	4.8068e-017	-9.3523e+000	-6.3522e+000	6.3521e+000	5.2500e-015
-3.760e+000	4.8084e-017	-9.3554e+000	-6.3543e+000	6.3542e+000	5.2500e-015
-3.750e+000	4.8108e-017	-9.3600e+000	-6.3574e+000	6.3573e+000	5.2500e-015
-3.740e+000	4.8143e-017	-9.3668e+000	-6.3620e+000	6.3619e+000	5.2500e-015
-3.730e+000	4.8194e-017	-9.3768e+000	-6.3688e+000	6.3687e+000	5.2500e-015
-3.720e+000	4.8269e-017	-9.3915e+000	-6.3788e+000	6.3787e+000	5.2500e-015
-3.710e+000	4.8381e-017	-9.4131e+000	-6.3934e+000	6.3934e+000	5.2500e-015
-3.700e+000	4.8544e-017	-9.4449e+000	-6.4151e+000	6.4150e+000	5.2500e-015
-3.690e+000	4.8785e-017	-9.4918e+000	-6.4469e+000	6.4468e+000	5.2500e-015
-3.680e+000	4.9140e-017	-9.5608e+000	-6.4938e+000	6.4937e+000	5.2500e-015
-3.670e+000	4.9662e-017	-9.6624e+000	-6.5628e+000	6.5627e+000	5.2500e-015
-3.660e+000	5.0462e-017	-9.8139e+000	-6.6644e+000	6.6643e+000	5.2500e-015
-3.650e+000	5.1562e-017	-1.0034e+001	-6.8159e+000	6.8139e+000	5.2500e-015
-3.640e+000	5.3229e-017	-1.0358e+001	-7.0361e+000	7.0341e+000	5.2500e-015
-3.630e+000	5.5729e-017	-1.0839e+001	-7.3603e+000	7.3583e+000	5.2500e-015
-3.620e+000	5.9325e-017	-1.1543e+001	-7.8406e+000	7.8357e+000	5.2500e-015
-3.610e+000	6.4659e-017	-1.2581e+001	-8.5454e+000	8.5384e+000	5.2500e-015
-3.600e+000	7.2504e-017	-1.4108e+001	-9.5830e+000	9.5732e+000	5.2500e-015
-3.590e+000	8.4094e-017	-1.6359e+001	-1.1110e+001	1.1097e+001	5.2500e-015
-3.580e+000	1.0110e-016	-1.9671e+001	-1.3361e+001	1.3339e+001	5.2500e-015
-3.570e+000	1.2618e-016	-2.4548e+001	-1.6673e+001	1.6642e+001	5.2500e-015
-3.560e+000	1.6303e-016	-3.1726e+001	-2.1550e+001	2.1503e+001	5.2500e-015
-3.550e+000	2.1740e-016	-4.2297e+001	-2.8728e+001	2.8661e+001	5.2500e-015
-3.540e+000	2.9737e-016	-5.7859e+001	-3.9299e+001	3.9200e+001	5.2500e-015
-3.530e+000	4.1512e-016	-8.0771e+001	-5.4861e+001	5.4716e+001	5.2500e-015
-3.520e+000	5.8850e-016	-1.1450e+002	-7.7773e+001	7.7559e+001	5.2500e-015
-3.510e+000	8.4379e-016	-1.6417e+002	-1.1151e+002	1.1119e+002	5.2500e-015
-3.500e+000	1.2196e-015	-2.3729e+002	-1.6117e+002	1.6071e+002	5.2500e-015
-3.490e+000	1.7729e-015	-3.4495e+002	-2.3429e+002	2.3361e+002	5.2500e-015
-3.480e+000	2.5875e-015	-5.0345e+002	-3.4195e+002	3.4094e+002	5.2500e-015
-3.470e+000	3.7869e-015	-7.3681e+002	-5.0045e+002	4.9897e+002	5.2500e-015
-3.460e+000	5.5527e-015	-1.0804e+003	-7.3381e+002	7.3163e+002	5.2500e-015
-3.450e+000	8.1524e-015	-1.5862e+003	-1.0774e+003	1.0742e+003	5.2500e-015
-3.440e+000	1.1980e-014	-2.3309e+003	-1.5832e+003	1.5785e+003	5.2500e-015
-3.430e+000	1.7615e-014	-3.4274e+003	-2.3279e+003	2.3210e+003	5.2500e-015
-3.420e+000	2.5912e-014	-5.0417e+003	-3.4244e+003	3.4142e+003	5.2500e-015
-3.410e+000	3.8127e-014	-7.4184e+003	-5.0387e+003	5.0236e+003	5.2500e-015
-3.400e+000	5.6112e-014	-1.0918e+004	-7.4154e+003	7.3932e+003	5.2500e-015
-3.390e+000	8.2590e-014	-1.6069e+004	-1.0915e+004	1.0882e+004	5.2500e-015
-3.380e+000	1.2157e-013	-2.3654e+004	-1.6066e+004	1.6018e+004	5.2500e-015
-3.370e+000	1.7897e-013	-3.4822e+004	-2.3651e+004	2.3581e+004	5.2500e-015
-3.360e+000	2.6347e-013	-5.1263e+004	-3.4819e+004	3.4714e+004	5.2500e-015
-3.350e+000	3.8788e-013	-7.5469e+004	-5.1260e+004	5.1107e+004	5.2500e-015
-3.340e+000	5.7104e-013	-1.1111e+005	-7.5466e+004	7.5240e+004	5.2500e-015
-3.330e+000	8.4070e-013	-1.6358e+005	-1.1110e+005	1.1077e+005	5.2500e-015
-3.320e+000	1.2377e-012	-2.4082e+005	-1.6357e+005	1.6308e+005	5.2500e-015
-3.310e+000	1.8222e-012	-3.5455e+005	-2.4082e+005	2.4010e+005	5.2500e-015
-3.300e+000	2.6826e-012	-5.2199e+005	-3.5455e+005	3.5349e+005	5.2500e-015
-3.290e+000	3.9494e-012	-7.6848e+005	-5.2198e+005	5.2042e+005	5.2500e-015
-3.280e+000	5.8141e-012	-1.1314e+006	-7.6848e+005	7.6618e+005	5.2500e-015
-3.270e+000	8.5589e-012	-1.6656e+006	-1.1314e+006	1.1280e+006	5.2500e-015
-3.260e+000	1.2599e-011	-2.4519e+006	-1.6656e+006	1.6606e+006	5.2500e-015
-3.250e+000	1.8544e-011	-3.6093e+006	-2.4519e+006	2.4446e+006	5.2500e-015
-3.240e+000	2.7291e-011	-5.3127e+006	-3.6093e+006	3.5985e+006	5.2500e-015
-3.230e+000	4.0156e-011	-7.8190e+006	-5.3127e+006	5.2968e+006	5.2500e-015
-3.220e+000	5.9069e-011	-1.1506e+007	-7.8190e+006	7.7956e+006	5.2500e-015
-3.210e+000	8.6855e-011	-1.6927e+007	-1.1506e+007	1.1471e+007	5.2500e-015
-3.200e+000	1.2763e-010	-2.4893e+007	-1.6927e+007	1.6876e+007	5.2500e-015
-3.190e+000	1.8739e-010	-3.6589e+007	-2.4893e+007	2.4819e+007	5.2500e-015
-3.180e+000	2.7477e-010	-5.3739e+007	-3.6589e+007	3.6480e+007	5.2500e-015
-3.170e+000	4.0215e-010	-7.8839e+007	-5.3739e+007	5.3579e+007	5.2500e-015
-3.160e+000	5.8699e-010	-1.1548e+008	-7.8839e+007	7.8604e+007	5.2500e-015
-3.150e+000	8.5347e-010	-1.6875e+008	-1.1548e+008	1.1513e+008	5.2500e-015
-3.140e+000	1.2342e-009	-2.4578e+008	-1.6875e+008	1.6825e+008	5.2500e-015
-3.130e+000	1.7712e-009	-3.5633e+008	-2.4578e+008	2.4505e+008	5.2500e-015
-3.120e+000	2.5161e-009	-5.1337e+008	-3.5633e+008	3.5528e+008	5.2500e-015
-3.110e+000	3.5264e-009	-7.3347e+008	-5.1337e+008	5.1188e+008	5.2500e-015
-3.100e+000	4.8599e-009	-1.0368e+009	-7.3347e+008	7.3137e+008	5.2500e-015
-3.090e+000	6.5644e-009	-1.4465e+009	-1.0368e+009	1.0339e+009	5.2500e-015
-3.080e+000	8.6695e-009	-1.9876e+009	-1.4465e+009	1.4425e+009	5.2500e-015
-3.070e+000	1.1183e-008	-2.6856e+009	-1.9876e+009	1.9823e+009	5.2500e-015
-3.060e+000	1.4098e-008	-3.5656e+009	-2.6856e+009	2.6788e+009	5.2500e-015
-3.050e+000	1.7403e-008	-4.6518e+009	-3.5656e+009	3.5569e+009	5.2500e-015
-3.040e+000	2.1098e-008	-5.9686e+009	-4.6518e+009	4.6411e+009	5.2500e-015
-3.030e+000	2.5197e-008	-7.5413e+009	-5.9686e+009	5.9557e+009	5.2500e-015
-3.020e+000	2.9732e-008	-9.3971e+009	-7.5413e+009	7.5262e+009	5.2500e-015
-3.010e+000	3.4743e-008	-1.1566e+010	-9.3971e+009	9.3797e+009	5.2500e-015
-3.000e+000	4.0271e-008	-1.4079e+010	-1.1566e+010	1.1546e+010	5.2500e-015
-2.990e+000	4.6346e-008	-1.6972e+010	-1.4079e+010	1.4057e+010	5.2500e-015
-2.980e+000	5.2983e-008	-2.0279e+010	-1.6972e+010	1.6948e+010	5.2500e-015
-2.970e+000	6.0178e-008	-2.4035e+010	-2.0279e+010	2.0253e+010	5.2500e-015
-2.960e+000	6.7897e-008	-2.8272e+010	-2.4035e+010	2.4008e+010	5.2500e-015
-2.950e+000	7.6087e-008	-3.3021e+010	-2.8272e+010	2.8244e+010	5.2500e-015
-2.940e+000	8.4670e-008	-3.8306e+010	-3.3021e+010	3.2992e+010	5.2500e-015
-2.930e+000	9.3554e-008	-4.4145e+010	-3.8306e+010	3.8275e+010	5.2500e-015
-2.920e+000	1.0264e-007	-5.0551e+010	-4.4145e+010	4.4113e+010	5.2500e-015
-2.910e+000	1.1181e-007	-5.7530e+010	-5.0551e+010	5.0519e+010	5.2500e-015
-2.900e+000	1.2097e-007	-6.5080e+010	-5.7530e+010	5.7496e+010	5.2500e-015
-2.890e+000	1.3002e-007	-7.3195e+010	-6.5080e+010	6.5046e+010	5.2500e-015
-2.880e+000	1.3889e-007	-8.1864e+010	-7.3195e+010	7.3161e+010	5.2500e-015
-2.870e+000	1.4750e-007	-9.1070e+010	-8.1864e+010	8.1829e+010	5.2500e-015
-2.860e+000	1.5580e-007	-1.0079e+011	-9.1070e+010	9.1034e+010	5.2500e-015
-2.850e+000	1.6352e-007	-1.1100e+011	-1.0079e+011	1.0076e+011	5.2500e-015
-2.840e+000	1.7079e-007	-1.2166e+011	-1.1100e+011	1.1096e+011	5.2500e-015
-2.830e+000	1.7790e-007	-1.3276e+011	-1.2166e+011	1.2162e+011	5.2500e-015
-2.820e+000	1.8462e-007	-1.4429e+011	-1.3276e+011	1.3273e+011	5.2500e-015
-2.810e+000	1.9108e-007	-1.5621e+011	-1.4429e+011	1.4425e+011	5.2500e-015
-2.800e+000	1.9692e-007	-1.6850e+011	-1.5621e+011	1.5618e+011	5.2500e-015
-2.790e+000	2.0261e-007	-1.8115e+011	-1.6850e+011	1.6847e+011	5.2500e-015
-2.780e+000	2.0784e-007	-1.9412e+011	-1.8115e+011	1.8111e+011	5.2500e-015
-2.770e+000	2.1273e-007	-2.0740e+011	-1.9412e+011	1.9408e+011	5.2500e-015
-2.760e+000	2.1732e-007	-2.2096e+011	-2.0740e+011	2.0736e+011	5.2500e-015
-2.750e+000	2.2166e-007	-2.3480e+011	-2.2096e+011	2.2093e+011	5.2500e-015
-2.740e+000	2.2561e-007	-2.4888e+011	-2.3480e+011	2.3476e+011	5.2500e-015
-2.730e+000	2.2937e-007	-2.6320e+011	-2.4888e+011	2.4884e+011	5.2500e-015
-2.720e+000	2.3292e-007	-2.7773e+011	-2.6320e+011	2.6316e+011	5.2500e-015
-2.710e+000	2.3616e-007	-2.9247e+011	-2.7773e+011	2.7770e+011	5.2500e-015
-2.700e+000	2.3928e-007	-3.0741e+011	-2.9247e+011	2.9244e+011	5.2500e-015
-2.690e+000	2.4213e-007	-3.2252e+011	-3.0741e+011	3.0737e+011	5.2500e-015
-2.680e+000	2.4487e-007	-3.3781e+011	-3.2252e+011	3.2248e+011	5.2500e-015
-2.670e+000	2.4742e-007	-3.5325e+011	-3.3781e+011	3.3777e+011	5.2500e-015
-2.660e+000	2.4978e-007	-3.6884e+011	-3.5325e+011	3.5321e+011	5.2500e-015
-2.650e+000	2.5205e-007	-3.8457e+011	-3.6884e+011	3.6880e+011	5.2500e-015
-2.640e+000	2.5416e-007	-4.0043e+011	-3.8457e+011	3.8453e+011	5.2500e-015
-2.630e+000	2.5615e-007	-4.1642e+011	-4.0043e+011	4.0039e+011	5.2500e-015
-2.620e+000	2.5801e-007	-4.3252e+011	-4.1642e+011	4.1638e+011	5.2500e-015
-2.610e+000	2.5980e-007	-4.4874e+011	-4.3252e+011	4.3248e+011	5.2500e-015
-2.600e+000	2.6148e-007	-4.6506e+011	-4.4874e+011	4.4870e+011	5.2500e-015
-2.590e+000	2.6306e-007	-4.8148e+011	-4.6506e+011	4.6502e+011	5.2500e-015
-2.580e+000	2.6454e-007	-4.9799e+011	-4.8148e+011	4.8144e+011	5.2500e-015
-2.570e+000	2.6597e-007	-5.1459e+011	-4.9799e+011	4.9795e+011	5.2500e-015
-2.560e+000	2.6731e-007	-5.3127e+011	-5.1459e+011	5.1455e+011	5.2500e-015
-2.550e+000	2.6859e-007	-5.4804e+011	-5.3127e+011	5.3123e+011	5.2500e-015
-2.540e+000	2.6980e-007	-5.6488e+011	-5.4804e+011	5.4800e+011	5.2500e-015
-2.530e+000	2.7095e-007	-5.8179e+011	-5.6488e+011	5.6484e+011	5.2500e-015
-2.520e+000	2.7203e-007	-5.9877e+011	-5.8179e+011	5.8175e+011	5.2500e-015
-2.510e+000	2.7308e-007	-6.1581e+011	-5.9877e+011	5.9873e+011	5.2500e-015
-2.500e+000	2.7407e-007	-6.3292e+011	-6.1581e+011	6.1577e+011	5.2500e-015
-2.490e+000	2.7501e-007	-6.5008e+011	-6.3292e+011	6.3288e+011	5.2500e-015
-2.480e+000	2.7591e-007	-6.6730e+011	-6.5008e+011	6.5004e+011	5.2500e-015
-2.470e+000	2.7677e-007	-6.8458e+011	-6.6730e+011	6.6726e+011	5.2500e-015
-2.460e+000	2.7759e-007	-7.0190e+011	-6.8458e+011	6.8454e+011	5.2500e-015
-2.450e+000	2.7837e-007	-7.1928e+011	-7.0190e+011	7.0186e+011	5.2500e-015
-2.440e+000	2.7911e-007	-7.3670e+011	-7.1928e+011	7.1924e+011	5.2500e-015
-2.430e+000	2.7984e-007	-7.5416e+011	-7.3670e+011	7.3666e+011	5.2500e-015
-2.420e+000	2.8053e-007	-7.7167e+011	-7.5416e+011	7.5412e+011	5.2500e-015
-2.410e+000	2.8118e-007	-7.8922e+011	-7.7167e+011	7.7163e+011	5.2500e-015
-2.400e+000	2.8181e-007	-8.0681e+011	-7.8922e+011	7.8918e+011	5.2500e-015
-2.390e+000	2.8242e-007	-8.2444e+011	-8.0681e+011	8.0677e+011	5.2500e-015
-2.380e+000	2.8300e-007	-8.4210e+011	-8.2444e+011	8.2440e+011	5.2500e-015
-2.370e+000	2.8356e-007	-8.5980e+011	-8.4210e+011	8.4206e+011	5.2500e-015
-2.360e+000	2.8410e-007	-8.7753e+011	-8.5980e+011	8.5976e+011	5.2500e-015
-2.350e+000	2.8461e-007	-8.9530e+011	-8.7753e+011	8.7749e+011	5.2500e-015
-2.340e+000	2.8511e-007	-9.1309e+011	-8.9530e+011	8.9526e+011	5.2500e-015
-2.330e+000	2.8559e-007	-9.3092e+011	-9.1309e+011	9.1305e+011	5.2500e-015
-2.320e+000	2.8604e-007	-9.4877e+011	-9.3092e+011	9.3088e+011	5.2500e-015
-2.310e+000	2.8649e-007	-9.6665e+011	-9.4877e+011	9.4873e+011	5.2500e-015
-2.300e+000	2.8692e-007	-9.8456e+011	-9.6665e+011	9.6661e+011	5.2500e-015
-2.290e+000	2.8733e-007	-1.0025e+012	-9.8456e+011	9.8452e+011	5.2500e-015
-2.280e+000	2.8773e-007	-1.0205e+012	-1.0025e+012	1.0025e+012	5.2500e-015
-2.270e+000	2.8811e-007	-1.0384e+012	-1.0205e+012	1.0204e+012	5.2500e-015
-2.260e+000	2.8848e-007	-1.0564e+012	-1.0384e+012	1.0384e+012	5.2500e-015
-2.250e+000	2.8884e-007	-1.0745e+012	-1.0564e+012	1.0564e+012	5.2500e-015
-2.240e+000	2.8919e-007	-1.0925e+012	-1.0745e+012	1.0744e+012	5.2500e-015
-2.230e+000	2.8953e-007	-1.1106e+012	-1.0925e+012	1.0925e+012	5.2500e-015
-2.220e+000	2.8985e-007	-1.1287e+012	-1.1106e+012	1.1105e+012	5.2500e-015
-2.210e+000	2.9016e-007	-1.1468e+012	-1.1287e+012	1.1286e+012	5.2500e-015
-2.200e+000	2.9047e-007	-1.1649e+012	-1.1468e+012	1.1467e+012	5.2500e-015
-2.190e+000	2.9077e-007	-1.1831e+012	-1.1649e+012	1.1649e+012	5.2500e-015
-2.180e+000	2.9105e-007	-1.2012e+012	-1.1831e+012	1.1830e+012	5.2500e-015
-2.170e+000	2.9133e-007	-1.2194e+012	-1.2012e+012	1.2012e+012	5.2500e-015
-2.160e+000	2.9160e-007	-1.2376e+012	-1.2194e+012	1.2194e+012	5.2500e-015
-2.150e+000	2.9186e-007	-1.2558e+012	-1.2376e+012	1.2376e+012	5.2500e-015
-2.140e+000	2.9211e-007	-1.2741e+012	-1.2558e+012	1.2558e+012	5.2500e-015
-2.130e+000	2.9236e-007	-1.2923e+012	-1.2741e+012	1.2740e+012	5.2500e-015
-2.120e+000	2.9260e-007	-1.3106e+012	-1.2923e+012	1.2923e+012	5.2500e-015
-2.110e+000	2.9283e-007	-1.3289e+012	-1.3106e+012	1.3105e+012	5.2500e-015
-2.100e+000	2.9306e-007	-1.3471e+012	-1.3289e+012	1.3288e+012	5.2500e-015
-2.090e+000	2.9328e-007	-1.3654e+012	-1.3471e+012	1.3471e+012	5.2500e-015
-2.080e+000	2.9349e-007	-1.3838e+012	-1.3654e+012	1.3654e+012	5.2500e-015
-2.070e+000	2.9370e-007	-1.4021e+012	-1.3838e+012	1.3837e+012	5.2500e-015
-2.060e+000	2.9391e-007	-1.4204e+012	-1.4021e+012	1.4021e+012	5.2500e-015
-2.050e+000	2.9410e-007	-1.4388e+012	-1.4204e+012	1.4204e+012	5.2500e-015
-2.040e+000	2.9430e-007	-1.4572e+012	-1.4388e+012	1.4388e+012	5.2500e-015
-2.030e+000	2.9449e-007	-1.4755e+012	-1.4572e+012	1.4571e+012	5.2500e-015
-2.020e+000	2.9467e-007	-1.4939e+012	-1.4755e+012	1.4755e+012	5.2500e-015
-2.010e+000	2.9485e-007	-1.5123e+012	-1.4939e+012	1.4939e+012	5.2500e-015
-2.000e+000	2.9502e-007	-1.5308e+012	-1.5123e+012	1.5123e+012	5.2500e-015
-1.990e+000	2.9519e-007	-1.5492e+012	-1.5308e+012	1.5307e+012	5.2500e-015
-1.980e+000	2.9536e-007	-1.5676e+012	-1.5492e+012	1.5491e+012	5.2500e-015
-1.970e+000	2.9552e-007	-1.5861e+012	-1.5676e+012	1.5676e+012	5.2500e-015
-1.960e+000	2.9568e-007	-1.6045e+012	-1.5861e+012	1.5860e+012	5.2500e-015
-1.950e+000	2.9583e-007	-1.6230e+012	-1.6045e+012	1.6045e+012	5.2500e-015
-1.940e+000	2.9598e-007	-1.6415e+012	-1.6230e+012	1.6229e+012	5.2500e-015
-1.930e+000	2.9613e-007	-1.6599e+012	-1.6415e+012	1.6414e+012	5.2500e-015
-1.920e+000	2.9628e-007	-1.6784e+012	-1.6599e+012	1.6599e+012	5.2500e-015
-1.910e+000	2.9642e-007	-1.6969e+012	-1.6784e+012	1.6784e+012	5.2500e-015
-1.900e+000	2.9655e-007	-1.7154e+012	-1.6969e+012	1.6969e+012	5.2500e-015
-1.890e+000	2.9669e-007	-1.7340e+012	-1.7154e+012	1.7154e+012	5.2500e-015
-1.880e+000	2.9682e-007	-1.7525e+012	-1.7340e+012	1.7339e+012	5.2500e-015
-1.870e+000	2.9695e-007	-1.7710e+012	-1.7525e+012	1.7524e+012	5.2500e-015
-1.860e+000	2.9708e-007	-1.7896e+012	-1.7710e+012	1.7710e+012	5.2500e-015
-1.850e+000	2.9720e-007	-1.8081e+012	-1.7896e+012	1.7895e+012	5.2500e-015
-1.840e+000	2.9732e-007	-1.8267e+012	-1.8081e+012	1.8081e+012	5.2500e-015
-1.830e+000	2.9744e-007	-1.8452e+012	-1.8267e+012	1.8266e+012	5.2500e-015
-1.820e+000	2.9756e-007	-1.8638e+012	-1.8452e+012	1.8452e+012	5.2500e-015
-1.810e+000	2.9767e-007	-1.8824e+012	-1.8638e+012	1.8638e+012	5.2500e-015
-1.800e+000	2.9778e-007	-1.9010e+012	-1.8824e+012	1.8823e+012	5.2500e-015
-1.790e+000	2.9790e-007	-1.9196e+012	-1.9010e+012	1.9009e+012	5.2500e-015
-1.780e+000	2.9800e-007	-1.9382e+012	-1.9196e+012	1.9195e+012	5.2500e-015
-1.770e+000	2.9811e-007	-1.9568e+012	-1.9382e+012	1.9381e+012	5.2500e-015
-1.760e+000	2.9821e-007	-1.9754e+012	-1.9568e+012	1.9567e+012	5.2500e-015
-1.750e+000	2.9831e-007	-1.9940e+012	-1.9754e+012	1.9753e+012	5.2500e-015
-1.740e+000	2.9841e-007	-2.0126e+012	-1.9940e+012	1.9940e+012	5.2500e-015
-1.730e+000	2.9851e-007	-2.0313e+012	-2.0126e+012	2.0126e+012	5.2500e-015
-1.720e+000	2.9861e-007	-2.0499e+012	-2.0313e+012	2.0312e+012	5.2500e-015
-1.710e+000	2.9870e-007	-2.0685e+012	-2.0499e+012	2.0499e+012	5.2500e-015
-1.700e+000	2.9880e-007	-2.0872e+012	-2.0685e+012	2.0685e+012	5.2500e-015
-1.690e+000	2.9889e-007	-2.1058e+012	-2.0872e+012	2.0871e+012	5.2500e-015
-1.680e+000	2.9898e-007	-2.1245e+012	-2.1058e+012	2.1058e+012	5.2500e-015
-1.670e+000	2.9907e-007	-2.1432e+012	-2.1245e+012	2.1245e+012	5.2500e-015
-1.660e+000	2.9915e-007	-2.1618e+012	-2.1432e+012	2.1431e+012	5.2500e-015
-1.650e+000	2.9924e-007	-2.1805e+012	-2.1618e+012	2.1618e+012	5.2500e-015
-1.640e+000	2.9932e-007	-2.1992e+012	-2.1805e+012	2.1805e+012	5.2500e-015
-1.630e+000	2.9940e-007	-2.2179e+012	-2.1992e+012	2.1992e+012	5.2500e-015
-1.620e+000	2.9949e-007	-2.2366e+012	-2.2179e+012	2.2178e+012	5.2500e-015
-1.610e+000	2.9957e-007	-2.2553e+012	-2.2366e+012	2.2365e+012	5.2500e-015
-1.600e+000	2.9964e-007	-2.2740e+012	-2.2553e+012	2.2552e+012	5.2500e-015
-1.590e+000	2.9972e-007	-2.2927e+012	-2.2740e+012	2.2739e+012	5.2500e-015
-1.580e+000	2.9980e-007	-2.3114e+012	-2.2927e+012	2.2926e+012	5.2500e-015
-1.570e+000	2.9987e-007	-2.3301e+012	-2.3114e+012	2.3114e+012	5.2500e-015
-1.560e+000	2.9995e-007	-2.3488e+012	-2.3301e+012	2.3301e+012	5.2500e-015
-1.550e+000	3.0002e-007	-2.3676e+012	-2.3488e+012	2.3488e+012	5.2500e-015
-1.540e+000	3.0009e-007	-2.3863e+012	-2.3676e+012	2.3675e+012	5.2500e-015
-1.530e+000	3.0016e-007	-2.4050e+012	-2.3863e+012	2.3863e+012	5.2500e-015
-1.520e+000	3.0023e-007	-2.4238e+012	-2.4050e+012	2.4050e+012	5.2500e-015
-1.510e+000	3.0030e-007	-2.4425e+012	-2.4238e+012	2.4237e+012	5.2500e-015
-1.500e+000	3.0037e-007	-2.4613e+012	-2.4425e+012	2.4425e+012	5.2500e-015
-1.490e+000	3.0043e-007	-2.4800e+012	-2.4613e+012	2.4612e+012	5.2500e-015
-1.480e+000	3.0050e-007	-2.4988e+012	-2.4800e+012	2.4800e+012	5.2500e-015
-1.470e+000	3.0056e-007	-2.5175e+012	-2.4988e+012	2.4987e+012	5.2500e-015
-1.460e+000	3.0063e-007	-2.5363e+012	-2.5175e+012	2.5175e+012	5.2500e-015
-1.450e+000	3.0069e-007	-2.5551e+012	-2.5363e+012	2.5362e+012	5.2500e-015
-1.440e+000	3.0075e-007	-2.5738e+012	-2.5551e+012	2.5550e+012	5.2500e-015
-1.430e+000	3.0081e-007	-2.5926e+012	-2.5738e+012	2.5738e+012	5.2500e-015
-1.420e+000	3.0087e-007	-2.6114e+012	-2.5926e+012	2.5926e+012	5.2500e-015
-1.410e+000	3.0093e-007	-2.6302e+012	-2.6114e+012	2.6113e+012	5.2500e-015
-1.400e+000	3.0099e-007	-2.6489e+012	-2.6302e+012	2.6301e+012	5.2500e-015
-1.390e+000	3.0105e-007	-2.6677e+012	-2.6489e+012	2.6489e+012	5.2500e-015
-1.380e+000	3.0111e-007	-2.6865e+012	-2.6677e+012	2.6677e+012	5.2500e-015
-1.370e+000	3.0116e-007	-2.7053e+012	-2.6865e+012	2.6865e+012	5.2500e-015
-1.360e+000	3.0122e-007	-2.7241e+012	-2.7053e+012	2.7053e+012	5.2500e-015
-1.350e+000	3.0127e-007	-2.7429e+012	-2.7241e+012	2.7241e+012	5.2500e-015
-1.340e+000	3.0133e-007	-2.7617e+012	-2.7429e+012	2.7429e+012	5.2500e-015
-1.330e+000	3.0138e-007	-2.7806e+012	-2.7617e+012	2.7617e+012	5.2500e-015
-1.320e+000	3.0143e-007	-2.7994e+012	-2.7806e+012	2.7805e+012	5.2500e-015
-1.310e+000	3.0149e-007	-2.8182e+012	-2.7994e+012	2.7993e+012	5.2500e-015
-1.300e+000	3.0154e-007	-2.8370e+012	-2.8182e+012	2.8181e+012	5.2500e-015
-1.290e+000	3.0159e-007	-2.8558e+012	-2.8370e+012	2.8370e+012	5.2500e-015
-1.280e+000	3.0164e-007	-2.8747e+012	-2.8558e+012	2.8558e+012	5.2500e-015
-1.270e+000	3.0169e-007	-2.8935e+012	-2.8747e+012	2.8746e+012	5.2500e-015
-1.260e+000	3.0174e-007	-2.9123e+012	-2.8935e+012	2.8934e+012	5.2500e-015
-1.250e+000	3.0179e-007	-2.9312e+012	-2.9123e+012	2.9123e+012	5.2500e-015
-1.240e+000	3.0184e-007	-2.9500e+012	-2.9312e+012	2.9311e+012	5.2500e-015
-1.230e+000	3.0188e-007	-2.9688e+012	-2.9500e+012	2.9500e+012	5.2500e-015
-1.220e+000	3.0193e-007	-2.9877e+012	-2.9688e+012	2.9688e+012	5.2500e-015
-1.210e+000	3.0198e-007	-3.0065e+012	-2.9877e+012	2.9876e+012	5.2500e-015
-1.200e+000	3.0202e-007	-3.0254e+012	-3.0065e+012	3.0065e+012	5.2500e-015
-1.190e+000	3.0207e-007	-3.0442e+012	-3.0254e+012	3.0253e+012	5.2500e-015
-1.180e+000	3.0211e-007	-3.0631e+012	-3.0442e+012	3.0442e+012	5.2500e-015
-1.170e+000	3.0216e-007	-3.0819e+012	-3.0631e+012	3.0630e+012	5.2500e-015
-1.160e+000	3.0220e-007	-3.1008e+012	-3.0819e+012	3.0819e+012	5.2500e-015
-1.150e+000	3.0225e-007	-3.1197e+012	-3.1008e+012	3.1008e+012	5.2500e-015
-1.140e+000	3.0229e-007	-3.1385e+012	-3.1197e+012	3.1196e+012	5.2500e-015
-1.130e+000	3.0233e-007	-3.1574e+012	-3.1385e+012	3.1385e+012	5.2500e-015
-1.120e+000	3.0237e-007	-3.1763e+012	-3.1574e+012	3.1574e+012	5.2500e-015
-1.110e+000	3.0241e-007	-3.1952e+012	-3.1763e+012	3.1762e+012	5.2500e-015
-1.100e+000	3.0246e-007	-3.2140e+012	-3.1952e+012	3.1951e+012	5.2500e-015
-1.090e+000	3.0250e-007	-3.2329e+012	-3.2140e+012	3.2140e+012	5.2500e-015
-1.080e+000	3.0254e-007	-3.2518e+012	-3.2329e+012	3.2329e+012	5.2500e-015
-1.070e+000	3.0258e-007	-3.2707e+012	-3.2518e+012	3.2518e+012	5.2500e-015
-1.060e+000	3.0262e-007	-3.2896e+012	-3.2707e+012	3.2706e+012	5.2500e-015
-1.050e+000	3.0266e-007	-3.3085e+012	-3.2896e+012	3.2895e+012	5.2500e-015
-1.040e+000	3.0270e-007	-3.3274e+012	-3.3085e+012	3.3084e+012	5.2500e-015
-1.030e+000	3.0273e-007	-3.3462e+012	-3.3274e+012	3.3273e+012	5.2500e-015
-1.020e+000	3.0277e-007	-3.3651e+012	-3.3462e+012	3.3462e+012	5.2500e-015
-1.010e+000	3.0281e-007	-3.3840e+012	-3.3651e+012	3.3651e+012	5.2500e-015
-1.000e+000	3.0285e-007	-3.4029e+012	-3.3840e+012	3.3840e+012	5.2500e-015
-9.900e-001	3.0288e-007	-3.4219e+012	-3.4029e+012	3.4029e+012	5.2500e-015
-9.800e-001	3.0292e-007	-3.4408e+012	-3.4219e+012	3.4218e+012	5.2500e-015
-9.700e-001	3.0296e-007	-3.4597e+012	-3.4408e+012	3.4407e+012	5.2500e-015
-9.600e-001	3.0299e-007	-3.4786e+012	-3.4597e+012	3.4596e+012	5.2500e-015
-9.500e-001	3.0303e-007	-3.4975e+012	-3.4786e+012	3.4785e+012	5.2500e-015
-9.400e-001	3.0307e-007	-3.5164e+012	-3.4975e+012	3.4975e+012	5.2500e-015
-9.300e-001	3.0310e-007	-3.5353e+012	-3.5164e+012	3.5164e+012	5.2500e-015
-9.200e-001	3.0314e-007	-3.5542e+012	-3.5353e+012	3.5353e+012	5.2500e-015
-9.100e-001	3.0317e-007	-3.5732e+012	-3.5542e+012	3.5542e+012	5.2500e-015
-9.000e-001	3.0320e-007	-3.5921e+012	-3.5732e+012	3.5731e+012	5.2500e-015
-8.900e-001	3.0324e-007	-3.6110e+012	-3.5921e+012	3.5921e+012	5.2500e-015
-8.800e-001	3.0327e-007	-3.6300e+012	-3.6110e+012	3.6110e+012	5.2500e-015
-8.700e-001	3.0331e-007	-3.6489e+012	-3.6300e+012	3.6299e+012	5.2500e-015
-8.600e-001	3.0334e-007	-3.6678e+012	-3.6489e+012	3.6488e+012	5.2500e-015
-8.500e-001	3.0337e-007	-3.6867e+012	-3.6678e+012	3.6678e+012	5.2500e-015
-8.400e-001	3.0341e-007	-3.7057e+012	-3.6867e+012	3.6867e+012	5.2500e-015
-8.300e-001	3.0344e-007	-3.7246e+012	-3.7057e+012	3.7056e+012	5.2500e-015
-8.200e-001	3.0347e-007	-3.7436e+012	-3.7246e+012	3.7246e+012	5.2500e-015
-8.100e-001	3.0351e-007	-3.7625e+012	-3.7436e+012	3.7435e+012	5.2500e-015
-8.000e-001	3.0354e-007	-3.7815e+012	-3.7625e+012	3.7625e+012	5.2500e-015
-7.900e-001	3.0357e-007	-3.8004e+012	-3.7815e+012	3.7814e+012	5.2500e-015
-7.800e-001	3.0361e-007	-3.8194e+012	-3.8004e+012	3.8004e+012	5.2500e-015
-7.700e-001	3.0364e-007	-3.8383e+012	-3.8194e+012	3.8193e+012	5.2500e-015
-7.600e-001	3.0368e-007	-3.8573e+012	-3.8383e+012	3.8383e+012	5.2500e-015
-7.500e-001	3.0372e-007	-3.8762e+012	-3.8573e+012	3.8572e+012	5.2500e-015
-7.400e-001	3.0376e-007	-3.8952e+012	-3.8762e+012	3.8762e+012	5.2500e-015
-7.300e-001	3.0381e-007	-3.9141e+012	-3.8952e+012	3.8951e+012	5.2500e-015
-7.200e-001	3.0386e-007	-3.9331e+012	-3.9141e+012	3.9141e+012	5.2500e-015
-7.100e-001	3.0392e-007	-3.9521e+012	-3.9331e+012	3.9331e+012	5.2500e-015
-7.000e-001	3.0399e-007	-3.9710e+012	-3.9521e+012	3.9520e+012	5.2500e-015
-6.900e-001	3.0407e-007	-3.9900e+012	-3.9710e+012	3.9710e+012	5.2500e-015
-6.800e-001	3.0417e-007	-4.0090e+012	-3.9900e+012	3.9900e+012	5.2500e-015
-6.700e-001	3.0429e-007	-4.0280e+012	-4.0090e+012	4.0090e+012	5.2500e-015
-6.600e-001	3.0444e-007	-4.0470e+012	-4.0280e+012	4.0280e+012	5.2500e-015
-6.500e-001	3.0463e-007	-4.0660e+012	-4.0470e+012	4.0470e+012	5.2500e-015
-6.400e-001	3.0488e-007	-4.0850e+012	-4.0660e+012	4.0660e+012	5.2500e-015
-6.300e-001	3.0520e-007	-4.1041e+012	-4.0850e+012	4.0850e+012	5.2500e-015
-6.200e-001	3.0561e-007	-4.1232e+012	-4.1041e+012	4.1041e+012	5.2500e-015
-6.100e-001	3.0615e-007	-4.1423e+012	-4.1232e+012	4.1231e+012	5.2500e-015
-6.000e-001	3.0686e-007	-4.1614e+012	-4.1423e+012	4.1422e+012	5.2500e-015
-5.900e-001	3.0779e-007	-4.1806e+012	-4.1614e+012	4.1614e+012	5.2500e-015
-5.800e-001	3.0901e-007	-4.1999e+012	-4.1806e+012	4.1806e+012	5.2500e-015
-5.700e-001	3.1062e-007	-4.2193e+012	-4.1999e+012	4.1999e+012	5.2500e-015
-5.600e-001	3.1274e-007	-4.2388e+012	-4.2193e+012	4.2193e+012	5.2500e-015
-5.500e-001	3.1551e-007	-4.2585e+012	-4.2388e+012	4.2388e+012	5.2500e-015
-5.400e-001	3.1869e-007	-4.2784e+012	-4.2585e+012	4.2585e+012	5.2500e-015
-5.300e-001	3.2355e-007	-4.2986e+012	-4.2784e+012	4.2784e+012	5.2500e-015
-5.200e-001	3.2946e-007	-4.3192e+012	-4.2986e+012	4.2986e+012	5.2500e-015
-5.100e-001	3.3697e-007	-4.3402e+012	-4.3192e+012	4.3191e+012	5.2500e-015
-5.000e-001	3.4639e-007	-4.3618e+012	-4.3402e+012	4.3402e+012	5.2500e-015
-4.900e-001	3.5804e-007	-4.3842e+012	-4.3618e+012	4.3618e+012	5.2500e-015
-4.800e-001	3.7218e-007	-4.4074e+012	-4.3842e+012	4.3841e+012	5.2500e-015
-4.700e-001	3.8896e-007	-4.4317e+012	-4.4074e+012	4.4074e+012	5.2500e-015
-4.600e-001	4.0839e-007	-4.4572e+012	-4.4317e+012	4.4316e+012	5.2500e-015
-4.500e-001	4.3029e-007	-4.4840e+012	-4.4572e+012	4.4571e+012	5.2500e-015
-4.400e-001	4.5427e-007	-4.5124e+012	-4.4840e+012	4.4840e+012	5.2500e-015
-4.300e-001	4.7978e-007	-4.5423e+012	-4.5124e+012	4.5123e+012	5.2500e-015
-4.200e-001	5.0618e-007	-4.5739e+012	-4.5423e+012	4.5423e+012	5.2500e-015
-4.100e-001	5.3279e-007	-4.6072e+012	-4.5739e+012	4.5739e+012	5.2500e-015
-4.000e-001	5.5901e-007	-4.6421e+012	-4.6072e+012	4.6071e+012	5.2500e-015
-3.900e-001	5.8434e-007	-4.6785e+012	-4.6421e+012	4.6420e+012	5.2500e-015
-3.800e-001	6.0842e-007	-4.7165e+012	-4.6785e+012	4.6785e+012	5.2500e-015
-3.700e-001	6.3084e-007	-4.7559e+012	-4.7165e+012	4.7165e+012	5.2500e-015
-3.600e-001	6.5201e-007	-4.7966e+012	-4.7559e+012	4.7558e+012	5.2500e-015
-3.500e-001	6.7144e-007	-4.8385e+012	-4.7966e+012	4.7965e+012	5.2500e-015
-3.400e-001	6.8932e-007	-4.8815e+012	-4.8385e+012	4.8384e+012	5.2500e-015
-3.300e-001	7.0574e-007	-4.9256e+012	-4.8815e+012	4.8815e+012	5.2500e-015
-3.200e-001	7.2081e-007	-4.9705e+012	-4.9256e+012	4.9255e+012	5.2500e-015
-3.100e-001	7.3465e-007	-5.0164e+012	-4.9705e+012	4.9705e+012	5.2500e-015
-3.000e-001	7.4738e-007	-5.0630e+012	-5.0164e+012	5.0164e+012	5.2500e-015
-2.900e-001	7.5912e-007	-5.1104e+012	-5.0630e+012	5.0630e+012	5.2500e-015
-2.800e-001	7.6996e-007	-5.1585e+012	-5.1104e+012	5.1104e+012	5.2500e-015
-2.700e-001	7.8002e-007	-5.2072e+012	-5.1585e+012	5.1584e+012	5.2500e-015
-2.600e-001	7.8938e-007	-5.2564e+012	-5.2072e+012	5.2071e+012	5.2500e-015
-2.500e-001	7.9811e-007	-5.3063e+012	-5.2564e+012	5.2564e+012	5.2500e-015
-2.400e-001	8.0629e-007	-5.3566e+012	-5.3063e+012	5.3062e+012	5.2500e-015
-2.300e-001	8.1398e-007	-5.4074e+012	-5.3566e+012	5.3565e+012	5.2500e-015
-2.200e-001	8.2123e-007	-5.4586e+012	-5.4074e+012	5.4073e+012	5.2500e-015
-2.100e-001	8.2809e-007	-5.5103e+012	-5.4586e+012	5.4586e+012	5.2500e-015
-2.000e-001	8.3460e-007	-5.5624e+012	-5.5103e+012	5.5103e+012	5.2500e-015
-1.900e-001	8.4079e-007	-5.6149e+012	-5.5624e+012	5.5624e+012	5.2500e-015
-1.800e-001	8.4670e-007	-5.6677e+012	-5.6149e+012	5.6149e+012	5.2500e-015
-1.700e-001	8.5235e-007	-5.7209e+012	-5.6677e+012	5.6677e+012	5.2500e-015
-1.600e-001	8.5775e-007	-5.7745e+012	-5.7209e+012	5.7209e+012	5.2500e-015
-1.500e-001	8.6295e-007	-5.8283e+012	-5.7745e+012	5.7744e+012	5.2500e-015
-1.400e-001	8.6794e-007	-5.8825e+012	-5.8283e+012	5.8283e+012	5.2500e-015
-1.300e-001	8.7274e-007	-5.9370e+012	-5.8825e+012	5.8825e+012	5.2500e-015
-1.200e-001	8.7737e-007	-5.9917e+012	-5.9370e+012	5.9369e+012	5.2500e-015
-1.100e-001	8.8184e-007	-6.0468e+012	-5.9917e+012	5.9917e+012	5.2500e-015
-1.000e-001	8.8615e-007	-6.1021e+012	-6.0468e+012	6.0467e+012	5.2500e-015
-9.000e-002	8.9032e-007	-6.1577e+012	-6.1021e+012	6.1021e+012	5.2500e-015
-8.000e-002	8.9435e-007	-6.2135e+012	-6.1577e+012	6.1576e+012	5.2500e-015
-7.000e-002	8.9824e-007	-6.2695e+012	-6.2135e+012	6.2134e+012	5.2500e-015
-6.000e-002	9.0201e-007	-6.3258e+012	-6.2695e+012	6.2695e+012	5.2500e-015
-5.000e-002	9.0566e-007	-6.3824e+012	-6.3258e+012	6.3258e+012	5.2500e-015
-4.000e-002	9.0918e-007	-6.4391e+012	-6.3824e+012	6.3823e+012	5.2500e-015
-3.000e-002	9.1260e-007	-6.4961e+012	-6.4391e+012	6.4391e+012	5.2500e-015
-2.000e-002	9.1590e-007	-6.5532e+012	-6.4961e+012	6.4960e+012	5.2500e-015
-1.000e-002	9.1910e-007	-6.6106e+012	-6.5532e+012	6.5532e+012	5.2500e-015
0.000e+000	9.2219e-007	-6.6682e+012	-6.6106e+012	6.6106e+012	5.2500e-015
1.000e-002	9.2519e-007	-6.7259e+012	-6.6682e+012	6.6681e+012	5.2500e-015
2.000e-002	9.2801e-007	-6.7838e+012	-6.7259e+012	6.7259e+012	5.2500e-015
3.000e-002	9.3089e-007	-6.8419e+012	-6.7838e+012	6.7838e+012	5.2500e-015
4.000e-002	9.3361e-007	-6.9002e+012	-6.8419e+012	6.8419e+012	5.2500e-015
5.000e-002	9.3624e-007	-6.9586e+012	-6.9002e+012	6.9002e+012	5.2500e-015
6.000e-002	9.3879e-007	-7.0172e+012	-6.9586e+012	6.9586e+012	5.2500e-015
7.000e-002	9.4125e-007	-7.0760e+012	-7.0172e+012	7.0172e+012	5.2500e-015
8.000e-002	9.4364e-007	-7.1349e+012	-7.0760e+012	7.0759e+012	5.2500e-015
9.000e-002	9.4596e-007	-7.1939e+012	-7.1349e+012	7.1348e+012	5.2500e-015
1.000e-001	9.4820e-007	-7.2531e+012	-7.1939e+012	7.1939e+012	5.2500e-015
1.100e-001	9.5038e-007	-7.3124e+012	-7.2531e+012	7.2531e+012	5.2500e-015
1.200e-001	9.5248e-007	-7.3719e+012	-7.3124e+012	7.3124e+012	5.2500e-015
1.300e-001	9.5453e-007	-7.4315e+012	-7.3719e+012	7.3718e+012	5.2500e-015
1.400e-001	9.5651e-007	-7.4912e+012	-7.4315e+012	7.4314e+012	5.2500e-015
1.500e-001	9.5844e-007	-7.5510e+012	-7.4912e+012	7.4911e+012	5.2500e-015
1.600e-001	9.6030e-007	-7.6109e+012	-7.5510e+012	7.5509e+012	5.2500e-015
1.700e-001	9.6212e-007	-7.6710e+012	-7.6109e+012	7.6109e+012	5.2500e-015
1.800e-001	9.6388e-007	-7.7311e+012	-7.6710e+012	7.6709e+012	5.2500e-015
1.900e-001	9.6559e-007	-7.7914e+012	-7.7311e+012	7.7311e+012	5.2500e-015
2.000e-001	9.6726e-007	-7.8518e+012	-7.7914e+012	7.7913e+012	5.2500e-015
2.100e-001	9.6888e-007	-7.9122e+012	-7.8518e+012	7.8517e+012	5.2500e-015
2.200e-001	9.7045e-007	-7.9728e+012	-7.9122e+012	7.9122e+012	5.2500e-015
2.300e-001	9.7198e-007	-8.0335e+012	-7.9728e+012	7.9728e+012	5.2500e-015
2.400e-001	9.7348e-007	-8.0942e+012	-8.0335e+012	8.0334e+012	5.2500e-015
2.500e-001	9.7493e-007	-8.1551e+012	-8.0942e+012	8.0942e+012	5.2500e-015
2.600e-001	9.7635e-007	-8.2160e+012	-8.1551e+012	8.1550e+012	5.2500e-015
2.700e-001	9.7773e-007	-8.2770e+012	-8.2160e+012	8.2160e+012	5.2500e-015
2.800e-001	9.7908e-007	-8.3382e+012	-8.2770e+012	8.2770e+012	5.2500e-015
2.900e-001	9.8039e-007	-8.3993e+012	-8.3382e+012	8.3381e+012	5.2500e-015
3.000e-001	9.7870e-007	-8.4604e+012	-8.3993e+012	8.3993e+012	5.2500e-015
3.100e-001	9.7878e-007	-8.5215e+012	-8.4604e+012	8.4604e+012	5.2500e-015
3.200e-001	9.7990e-007	-8.5827e+012	-8.5215e+012	8.5215e+012	5.2500e-015
3.300e-001	9.8099e-007	-8.6439e+012	-8.5827e+012	8.5826e+012	5.2500e-015
3.400e-001	9.8205e-007	-8.7052e+012	-8.6439e+012	8.6439e+012	5.2500e-015
3.500e-001	9.8309e-007	-8.7666e+012	-8.7052e+012	8.7052e+012	5.2500e-015
3.600e-001	9.8410e-007	-8.8280e+012	-8.7666e+012	8.7665e+012	5.2500e-015
3.700e-001	9.8510e-007	-8.8895e+012	-8.8280e+012	8.8279e+012	5.2500e-015
3.800e-001	9.8607e-007	-8.9510e+012	-8.8895e+012	8.8894e+012	5.2500e-015
3.900e-001	9.8702e-007	-9.0126e+012	-8.9510e+012	8.9510e+012	5.2500e-015
4.000e-001	9.8796e-007	-9.0743e+012	-9.0126e+012	9.0126e+012	5.2500e-015
4.100e-001	9.8887e-007	-9.1360e+012	-9.0743e+012	9.0742e+012	5.2500e-015
4.200e-001	9.8976e-007	-9.1978e+012	-9.1360e+012	9.1360e+012	5.2500e-015
4.300e-001	9.9064e-007	-9.2596e+012	-9.1978e+012	9.1977e+012	5.2500e-015
4.400e-001	9.9150e-007	-9.3215e+012	-9.2596e+012	9.2596e+012	5.2500e-015
4.500e-001	9.9235e-007	-9.3834e+012	-9.3215e+012	9.3215e+012	5.2500e-015
4.600e-001	9.9318e-007	-9.4454e+012	-9.3834e+012	9.3834e+012	5.2500e-015
4.700e-001	9.9399e-007	-9.5075e+012	-9.4454e+012	9.4454e+012	5.2500e-015
4.800e-001	9.9479e-007	-9.5696e+012	-9.5075e+012	9.5074e+012	5.2500e-015
4.900e-001	9.9557e-007	-9.6317e+012	-9.5696e+012	9.5695e+012	5.2500e-015
5.000e-001	9.9634e-007	-9.6939e+012	-9.6317e+012	9.6316e+012	5.2500e-015
5.100e-001	9.9710e-007	-9.7561e+012	-9.6939e+012	9.6938e+012	5.2500e-015
5.200e-001	9.9784e-007	-9.8184e+012	-9.7561e+012	9.7561e+012	5.2500e-015
5.300e-001	9.9858e-007	-9.8807e+012	-9.8184e+012	9.8184e+012	5.2500e-015
5.400e-001	9.9930e-007	-9.9431e+012	-9.8807e+012	9.8807e+012	5.2500e-015
5.500e-001	1.0000e-006	-1.0006e+013	-9.9431e+012	9.9430e+012	5.2500e-015
5.600e-001	1.0007e-006	-1.0068e+013	-1.0006e+013	1.0005e+013	5.2500e-015
5.700e-001	1.0014e-006	-1.0130e+013	-1.0068e+013	1.0068e+013	5.2500e-015
5.800e-001	1.0021e-006	-1.0193e+013	-1.0130e+013	1.0130e+013	5.2500e-015
5.900e-001	1.0027e-006	-1.0256e+013	-1.0193e+013	1.0193e+013	5.2500e-015
6.000e-001	1.0034e-006	-1.0318e+013	-1.0256e+013	1.0256e+013	5.2500e-015
6.100e-001	1.0040e-006	-1.0381e+013	-1.0318e+013	1.0318e+013	5.2500e-015
6.200e-001	1.0047e-006	-1.0444e+013	-1.0381e+013	1.0381e+013	5.2500e-015
6.300e-001	1.0053e-006	-1.0506e+013	-1.0444e+013	1.0444e+013	5.2500e-015
6.400e-001	1.0059e-006	-1.0569e+013	-1.0506e+013	1.0506e+013	5.2500e-015
6.500e-001	1.0065e-006	-1.0632e+013	-1.0569e+013	1.0569e+013	5.2500e-015
6.600e-001	1.0071e-006	-1.0695e+013	-1.0632e+013	1.0632e+013	5.2500e-015
6.700e-001	1.0077e-006	-1.0758e+013	-1.0695e+013	1.0695e+013	5.2500e-015
6.800e-001	1.0083e-006	-1.0821e+013	-1.0758e+013	1.0758e+013	5.2500e-015
6.900e-001	1.0089e-006	-1.0884e+013	-1.0821e+013	1.0821e+013	5.2500e-015
7.000e-001	1.0094e-006	-1.0947e+013	-1.0884e+013	1.0884e+013	5.2500e-015
7.100e-001	1.0100e-006	-1.1010e+013	-1.0947e+013	1.0947e+013	5.2500e-015
7.200e-001	1.0105e-006	-1.1073e+013	-1.1010e+013	1.1010e+013	5.2500e-015
7.300e-001	1.0111e-006	-1.1136e+013	-1.1073e+013	1.1073e+013	5.2500e-015
7.400e-001	1.0116e-006	-1.1199e+013	-1.1136e+013	1.1136e+013	5.2500e-015
7.500e-001	1.0122e-006	-1.1262e+013	-1.1199e+013	1.1199e+013	5.2500e-015
7.600e-001	1.0127e-006	-1.1325e+013	-1.1262e+013	1.1262e+013	5.2500e-015
7.700e-001	1.0132e-006	-1.1389e+013	-1.1325e+013	1.1325e+013	5.2500e-015
7.800e-001	1.0137e-006	-1.1452e+013	-1.1389e+013	1.1389e+013	5.2500e-015
7.900e-001	1.0142e-006	-1.1515e+013	-1.1452e+013	1.1452e+013	5.2500e-015
8.000e-001	1.0147e-006	-1.1578e+013	-1.1515e+013	1.1515e+013	5.2500e-015
8.100e-001	1.0152e-006	-1.1642e+013	-1.1578e+013	1.1578e+013	5.2500e-015
8.200e-001	1.0157e-006	-1.1705e+013	-1.1642e+013	1.1642e+013	5.2500e-015
8.300e-001	1.0162e-006	-1.1769e+013	-1.1705e+013	1.1705e+013	5.2500e-015
8.400e-001	1.0166e-006	-1.1832e+013	-1.1769e+013	1.1769e+013	5.2500e-015
8.500e-001	1.0171e-006	-1.1896e+013	-1.1832e+013	1.1832e+013	5.2500e-015
8.600e-001	1.0176e-006	-1.1959e+013	-1.1896e+013	1.1896e+013	5.2500e-015
8.700e-001	1.0180e-006	-1.2023e+013	-1.1959e+013	1.1959e+013	5.2500e-015
8.800e-001	1.0185e-006	-1.2086e+013	-1.2023e+013	1.2023e+013	5.2500e-015
8.900e-001	1.0189e-006	-1.2150e+013	-1.2086e+013	1.2086e+013	5.2500e-015
9.000e-001	1.0194e-006	-1.2213e+013	-1.2150e+013	1.2150e+013	5.2500e-015
9.100e-001	1.0198e-006	-1.2277e+013	-1.2213e+013	1.2213e+013	5.2500e-015
9.200e-001	1.0202e-006	-1.2341e+013	-1.2277e+013	1.2277e+013	5.2500e-015
9.300e-001	1.0206e-006	-1.2404e+013	-1.2341e+013	1.2341e+013	5.2500e-015
9.400e-001	1.0211e-006	-1.2468e+013	-1.2404e+013	1.2404e+013	5.2500e-015
9.500e-001	1.0215e-006	-1.2532e+013	-1.2468e+013	1.2468e+013	5.2500e-015
9.600e-001	1.0219e-006	-1.2596e+013	-1.2532e+013	1.2532e+013	5.2500e-015
9.700e-001	1.0223e-006	-1.2660e+013	-1.2596e+013	1.2596e+013	5.2500e-015
9.800e-001	1.0227e-006	-1.2723e+013	-1.2660e+013	1.2659e+013	5.2500e-015
9.900e-001	1.0231e-006	-1.2787e+013	-1.2723e+013	1.2723e+013	5.2500e-015
1.000e+000	1.0235e-006	-1.2851e+013	-1.2787e+013	1.2787e+013	5.2500e-015
1.010e+000	1.0239e-006	-1.2915e+013	-1.2851e+013	1.2851e+013	5.2500e-015
1.020e+000	1.0242e-006	-1.2979e+013	-1.2915e+013	1.2915e+013	5.2500e-015
1.030e+000	1.0246e-006	-1.3043e+013	-1.2979e+013	1.2979e+013	5.2500e-015
1.040e+000	1.0250e-006	-1.3107e+013	-1.3043e+013	1.3043e+013	5.2500e-015
1.050e+000	1.0254e-006	-1.3171e+013	-1.3107e+013	1.3107e+013	5.2500e-015
1.060e+000	1.0257e-006	-1.3235e+013	-1.3171e+013	1.3171e+013	5.2500e-015
1.070e+000	1.0261e-006	-1.3299e+013	-1.3235e+013	1.3235e+013	5.2500e-015
1.080e+000	1.0264e-006	-1.3363e+013	-1.3299e+013	1.3299e+013	5.2500e-015
1.090e+000	1.0268e-006	-1.3427e+013	-1.3363e+013	1.3363e+013	5.2500e-015
1.100e+000	1.0271e-006	-1.3491e+013	-1.3427e+013	1.3427e+013	5.2500e-015
1.110e+000	1.0275e-006	-1.3555e+013	-1.3491e+013	1.3491e+013	5.2500e-015
1.120e+000	1.0278e-006	-1.3619e+013	-1.3555e+013	1.3555e+013	5.2500e-015
1.130e+000	1.0282e-006	-1.3684e+013	-1.3619e+013	1.3619e+013	5.2500e-015
1.140e+000	1.0285e-006	-1.3748e+013	-1.3684e+013	1.3684e+013	5.2500e-015
1.150e+000	1.0289e-006	-1.3812e+013	-1.3748e+013	1.3748e+013	5.2500e-015
1.160e+000	1.0292e-006	-1.3876e+013	-1.3812e+013	1.3812e+013	5.2500e-015
1.170e+000	1.0296e-006	-1.3941e+013	-1.3876e+013	1.3876e+013	5.2500e-015
1.180e+000	1.0299e-006	-1.4005e+013	-1.3941e+013	1.3941e+013	5.2500e-015
1.190e+000	1.0303e-006	-1.4069e+013	-1.4005e+013	1.4005e+013	5.2500e-015
1.200e+000	1.0307e-006	-1.4133e+013	-1.4069e+013	1.4069e+013	5.2500e-015
1.210e+000	1.0311e-006	-1.4198e+013	-1.4133e+013	1.4133e+013	5.2500e-015
1.220e+000	1.0315e-006	-1.4262e+013	-1.4198e+013	1.4198e+013	5.2500e-015
1.230e+000	1.0320e-006	-1.4327e+013	-1.4262e+013	1.4262e+013	5.2500e-015
1.240e+000	1.0326e-006	-1.4391e+013	-1.4327e+013	1.4327e+013	5.2500e-015
1.250e+000	1.0332e-006	-1.4456e+013	-1.4391e+013	1.4391e+013	5.2500e-015
1.260e+000	1.0339e-006	-1.4520e+013	-1.4456e+013	1.4456e+013	5.2500e-015
1.270e+000	1.0348e-006	-1.4585e+013	-1.4520e+013	1.4520e+013	5.2500e-015
1.280e+000	1.0360e-006	-1.4649e+013	-1.4585e+013	1.4585e+013	5.2500e-015
1.290e+000	1.0374e-006	-1.4714e+013	-1.4649e+013	1.4649e+013	5.2500e-015
1.300e+000	1.0393e-006	-1.4779e+013	-1.4714e+013	1.4714e+013	5.2500e-015
1.310e+000	1.0417e-006	-1.4844e+013	-1.4779e+013	1.4779e+013	5.2500e-015
1.320e+000	1.0450e-006	-1.4909e+013	-1.4844e+013	1.4844e+013	5.2500e-015
1.330e+000	1.0494e-006	-1.4975e+013	-1.4909e+013	1.4909e+013	5.2500e-015
1.340e+000	1.0554e-006	-1.5041e+013	-1.4975e+013	1.4975e+013	5.2500e-015
1.350e+000	1.0629e-006	-1.5107e+013	-1.5041e+013	1.5041e+013	5.2500e-015
1.360e+000	1.0740e-006	-1.5174e+013	-1.5107e+013	1.5107e+013	5.2500e-015
1.370e+000	1.0885e-006	-1.5242e+013	-1.5174e+013	1.5174e+013	5.2500e-015
1.380e+000	1.1077e-006	-1.5311e+013	-1.5242e+013	1.5242e+013	5.2500e-015
1.390e+000	1.1339e-006	-1.5382e+013	-1.5311e+013	1.5311e+013	5.2500e-015
1.400e+000	1.1682e-006	-1.5455e+013	-1.5382e+013	1.5382e+013	5.2500e-015
1.410e+000	1.2130e-006	-1.5530e+013	-1.5455e+013	1.5455e+013	5.2500e-015
1.420e+000	1.2701e-006	-1.5610e+013	-1.5530e+013	1.5530e+013	5.2500e-015
1.430e+000	1.3409e-006	-1.5693e+013	-1.5610e+013	1.5610e+013	5.2500e-015
1.440e+000	1.4272e-006	-1.5782e+013	-1.5693e+013	1.5693e+013	5.2500e-015
1.450e+000	1.5282e-006	-1.5878e+013	-1.5782e+013	1.5782e+013	5.2500e-015
1.460e+000	1.6423e-006	-1.5980e+013	-1.5878e+013	1.5878e+013	5.2500e-015
1.470e+000	1.7668e-006	-1.6091e+013	-1.5980e+013	1.5980e+013	5.2500e-015
1.480e+000	1.8979e-006	-1.6209e+013	-1.6091e+013	1.6091e+013	5.2500e-015
1.490e+000	2.0318e-006	-1.6336e+013	-1.6209e+013	1.6209e+013	5.2500e-015
1.500e+000	2.1648e-006	-1.6471e+013	-1.6336e+013	1.6336e+013	5.2500e-015
1.510e+000	2.2946e-006	-1.6614e+013	-1.6471e+013	1.6471e+013	5.2500e-015
1.520e+000	2.4190e-006	-1.6765e+013	-1.6614e+013	1.6614e+013	5.2500e-015
1.530e+000	2.5370e-006	-1.6924e+013	-1.6765e+013	1.6765e+013	5.2500e-015
1.540e+000	2.6480e-006	-1.7089e+013	-1.6924e+013	1.6924e+013	5.2500e-015
1.550e+000	2.7519e-006	-1.7261e+013	-1.7089e+013	1.7089e+013	5.2500e-015
1.560e+000	2.8491e-006	-1.7438e+013	-1.7261e+013	1.7261e+013	5.2500e-015
1.570e+000	2.9397e-006	-1.7622e+013	-1.7438e+013	1.7438e+013	5.2500e-015
1.580e+000	3.0244e-006	-1.7811e+013	-1.7622e+013	1.7622e+013	5.2500e-015
1.590e+000	3.1035e-006	-1.8004e+013	-1.7811e+013	1.7811e+013	5.2500e-015
1.600e+000	3.1776e-006	-1.8203e+013	-1.8004e+013	1.8004e+013	5.2500e-015
1.610e+000	3.2471e-006	-1.8405e+013	-1.8203e+013	1.8203e+013	5.2500e-015
1.620e+000	3.3124e-006	-1.8612e+013	-1.8405e+013	1.8405e+013	5.2500e-015
1.630e+000	3.3741e-006	-1.8823e+013	-1.8612e+013	1.8612e+013	5.2500e-015
1.640e+000	3.4323e-006	-1.9037e+013	-1.8823e+013	1.8823e+013	5.2500e-015
1.650e+000	3.4875e-006	-1.9255e+013	-1.9037e+013	1.9037e+013	5.2500e-015
1.660e+000	3.5399e-006	-1.9476e+013	-1.9255e+013	1.9255e+013	5.2500e-015
1.670e+000	3.5898e-006	-1.9700e+013	-1.9476e+013	1.9475e+013	5.2500e-015
1.680e+000	3.6374e-006	-1.9927e+013	-1.9700e+013	1.9700e+013	5.2500e-015
1.690e+000	3.6828e-006	-2.0156e+013	-1.9927e+013	1.9927e+013	5.2500e-015
1.700e+000	3.7263e-006	-2.0389e+013	-2.0156e+013	2.0156e+013	5.2500e-015
1.710e+000	3.7682e-006	-2.0624e+013	-2.0389e+013	2.0389e+013	5.2500e-015
1.720e+000	3.8083e-006	-2.0862e+013	-2.0624e+013	2.0624e+013	5.2500e-015
1.730e+000	3.8470e-006	-2.1102e+013	-2.0862e+013	2.0862e+013	5.2500e-015
1.740e+000	3.8559e-006	-2.1343e+013	-2.1102e+013	2.1102e+013	5.2500e-015
1.750e+000	3.8711e-006	-2.1584e+013	-2.1343e+013	2.1343e+013	5.2500e-015
1.760e+000	3.9002e-006	-2.1828e+013	-2.1584e+013	2.1584e+013	5.2500e-015
1.770e+000	3.9281e-006	-2.2073e+013	-2.1828e+013	2.1828e+013	5.2500e-015
1.780e+000	3.9549e-006	-2.2320e+013	-2.2073e+013	2.2073e+013	5.2500e-015
1.790e+000	3.9807e-006	-2.2568e+013	-2.2320e+013	2.2320e+013	5.2500e-015
1.800e+000	4.0056e-006	-2.2818e+013	-2.2568e+013	2.2568e+013	5.2500e-015
1.810e+000	4.0296e-006	-2.3070e+013	-2.2818e+013	2.2818e+013	5.2500e-015
1.820e+000	4.0528e-006	-2.3323e+013	-2.3070e+013	2.3070e+013	5.2500e-015
1.830e+000	4.0752e-006	-2.3577e+013	-2.3323e+013	2.3323e+013	5.2500e-015
1.840e+000	4.0969e-006	-2.3833e+013	-2.3577e+013	2.3577e+013	5.2500e-015
1.850e+000	4.1180e-006	-2.4090e+013	-2.3833e+013	2.3833e+013	5.2500e-015
1.860e+000	4.1384e-006	-2.4348e+013	-2.4090e+013	2.4090e+013	5.2500e-015
1.870e+000	4.1582e-006	-2.4608e+013	-2.4348e+013	2.4348e+013	5.2500e-015
1.880e+000	4.1774e-006	-2.4868e+013	-2.4608e+013	2.4608e+013	5.2500e-015
1.890e+000	4.1961e-006	-2.5130e+013	-2.4868e+013	2.4868e+013	5.2500e-015
1.900e+000	4.2142e-006	-2.5393e+013	-2.5130e+013	2.5130e+013	5.2500e-015
1.910e+000	4.2319e-006	-2.5657e+013	-2.5393e+013	2.5393e+013	5.2500e-015
1.920e+000	4.2492e-006	-2.5923e+013	-2.5657e+013	2.5657e+013	5.2500e-015
1.930e+000	4.2660e-006	-2.6189e+013	-2.5923e+013	2.5923e+013	5.2500e-015
1.940e+000	4.2824e-006	-2.6456e+013	-2.6189e+013	2.6189e+013	5.2500e-015
1.950e+000	4.2983e-006	-2.6724e+013	-2.6456e+013	2.6456e+013	5.2500e-015
1.960e+000	4.3140e-006	-2.6994e+013	-2.6724e+013	2.6724e+013	5.2500e-015
1.970e+000	4.3292e-006	-2.7264e+013	-2.6994e+013	2.6994e+013	5.2500e-015
1.980e+000	4.3441e-006	-2.7535e+013	-2.7264e+013	2.7264e+013	5.2500e-015
1.990e+000	4.3587e-006	-2.7807e+013	-2.7535e+013	2.7535e+013	5.2500e-015
2.000e+000	4.3730e-006	-2.8080e+013	-2.7807e+013	2.7807e+013	5.2500e-015
2.010e+000	4.3869e-006	-2.8354e+013	-2.8080e+013	2.8080e+013	5.2500e-015
2.020e+000	4.4006e-006	-2.8629e+013	-2.8354e+013	2.8354e+013	5.2500e-015
2.030e+000	4.4140e-006	-2.8904e+013	-2.8629e+013	2.8628e+013	5.2500e-015
2.040e+000	4.4189e-006	-2.9180e+013	-2.8904e+013	2.8904e+013	5.2500e-015
2.050e+000	4.4298e-006	-2.9456e+013	-2.9180e+013	2.9180e+013	5.2500e-015
2.060e+000	4.4420e-006	-2.9734e+013	-2.9456e+013	2.9456e+013	5.2500e-015
2.070e+000	4.4539e-006	-3.0012e+013	-2.9734e+013	2.9734e+013	5.2500e-015
2.080e+000	4.4656e-006	-3.0290e+013	-3.0012e+013	3.0012e+013	5.2500e-015
2.090e+000	4.4770e-006	-3.0570e+013	-3.0290e+013	3.0290e+013	5.2500e-015
2.100e+000	4.4883e-006	-3.0850e+013	-3.0570e+013	3.0570e+013	5.2500e-015
2.110e+000	4.4993e-006	-3.1131e+013	-3.0850e+013	3.0850e+013	5.2500e-015
2.120e+000	4.5102e-006	-3.1412e+013	-3.1131e+013	3.1131e+013	5.2500e-015
2.130e+000	4.5208e-006	-3.1694e+013	-3.1412e+013	3.1412e+013	5.2500e-015
2.140e+000	4.5313e-006	-3.1977e+013	-3.1694e+013	3.1694e+013	5.2500e-015
2.150e+000	4.5416e-006	-3.2261e+013	-3.1977e+013	3.1977e+013	5.2500e-015
2.160e+000	4.5518e-006	-3.2545e+013	-3.2261e+013	3.2261e+013	5.2500e-015
2.170e+000	4.5617e-006	-3.2829e+013	-3.2545e+013	3.2545e+013	5.2500e-015
2.180e+000	4.5715e-006	-3.3115e+013	-3.2829e+013	3.2829e+013	5.2500e-015
2.190e+000	4.5812e-006	-3.3401e+013	-3.3115e+013	3.3115e+013	5.2500e-015
2.200e+000	4.5907e-006	-3.3687e+013	-3.3401e+013	3.3401e+013	5.2500e-015
2.210e+000	4.6000e-006	-3.3974e+013	-3.3687e+013	3.3687e+013	5.2500e-015
2.220e+000	4.6093e-006	-3.4262e+013	-3.3974e+013	3.3974e+013	5.2500e-015
2.230e+000	4.6184e-006	-3.4550e+013	-3.4262e+013	3.4262e+013	5.2500e-015
2.240e+000	4.6273e-006	-3.4839e+013	-3.4550e+013	3.4550e+013	5.2500e-015
2.250e+000	4.6361e-006	-3.5128e+013	-3.4839e+013	3.4839e+013	5.2500e-015
2.260e+000	4.6448e-006	-3.5418e+013	-3.5128e+013	3.5128e+013	5.2500e-015
2.270e+000	4.6534e-006	-3.5709e+013	-3.5418e+013	3.5418e+013	5.2500e-015
2.280e+000	4.6619e-006	-3.6000e+013	-3.5709e+013	3.5709e+013	5.2500e-015
2.290e+000	4.6702e-006	-3.6291e+013	-3.6000e+013	3.6000e+013	5.2500e-015
2.300e+000	4.6784e-006	-3.6583e+013	-3.6291e+013	3.6291e+013	5.2500e-015
2.310e+000	4.6866e-006	-3.6876e+013	-3.6583e+013	3.6583e+013	5.2500e-015
2.320e+000	4.6946e-006	-3.7169e+013	-3.6876e+013	3.6876e+013	5.2500e-015
2.330e+000	4.7025e-006	-3.7462e+013	-3.7169e+013	3.7169e+013	5.2500e-015
2.340e+000	4.7103e-006	-3.7756e+013	-3.7462e+013	3.7462e+013	5.2500e-015
2.350e+000	4.7180e-006	-3.8051e+013	-3.7756e+013	3.7756e+013	5.2500e-015
2.360e+000	4.7256e-006	-3.8346e+013	-3.8051e+013	3.8051e+013	5.2500e-015
2.370e+000	4.7331e-006	-3.8641e+013	-3.8346e+013	3.8346e+013	5.2500e-015
2.380e+000	4.7406e-006	-3.8937e+013	-3.8641e+013	3.8641e+013	5.2500e-015
2.390e+000	4.7479e-006	-3.9233e+013	-3.8937e+013	3.8937e+013	5.2500e-015
2.400e+000	4.7551e-006	-3.9530e+013	-3.9233e+013	3.9233e+013	5.2500e-015
2.410e+000	4.7623e-006	-3.9827e+013	-3.9530e+013	3.9530e+013	5.2500e-015
2.420e+000	4.7694e-006	-4.0125e+013	-3.9827e+013	3.9827e+013	5.2500e-015
2.430e+000	4.7764e-006	-4.0423e+013	-4.0125e+013	4.0125e+013	5.2500e-015
2.440e+000	4.7833e-006	-4.0722e+013	-4.0423e+013	4.0423e+013	5.2500e-015
2.450e+000	4.7902e-006	-4.1021e+013	-4.0722e+013	4.0722e+013	5.2500e-015
2.460e+000	4.7969e-006	-4.1320e+013	-4.1021e+013	4.1021e+013	5.2500e-015
2.470e+000	4.8036e-006	-4.1620e+013	-4.1320e+013	4.1320e+013	5.2500e-015
2.480e+000	4.8102e-006	-4.1920e+013	-4.1620e+013	4.1620e+013	5.2500e-015
2.490e+000	4.8168e-006	-4.2221e+013	-4.1920e+013	4.1920e+013	5.2500e-015
2.500e+000	4.8232e-006	-4.2522e+013	-4.2221e+013	4.2221e+013	5.2500e-015
2.510e+000	4.8297e-006	-4.2823e+013	-4.2522e+013	4.2522e+013	5.2500e-015
2.520e+000	4.8360e-006	-4.3125e+013	-4.2823e+013	4.2823e+013	5.2500e-015
2.530e+000	4.8423e-006	-4.3427e+013	-4.3125e+013	4.3125e+013	5.2500e-015
2.540e+000	4.8485e-006	-4.3730e+013	-4.3427e+013	4.3427e+013	5.2500e-015
2.550e+000	4.8546e-006	-4.4033e+013	-4.3730e+013	4.3730e+013	5.2500e-015
2.560e+000	4.8607e-006	-4.4336e+013	-4.4033e+013	4.4033e+013	5.2500e-015
2.570e+000	4.8667e-006	-4.4640e+013	-4.4336e+013	4.4336e+013	5.2500e-015
2.580e+000	4.8727e-006	-4.4944e+013	-4.4640e+013	4.4640e+013	5.2500e-015
2.590e+000	4.8786e-006	-4.5249e+013	-4.4944e+013	4.4944e+013	5.2500e-015
2.600e+000	4.8845e-006	-4.5554e+013	-4.5249e+013	4.5249e+013	5.2500e-015
2.610e+000	4.8902e-006	-4.5859e+013	-4.5554e+013	4.5554e+013	5.2500e-015
2.620e+000	4.8960e-006	-4.6164e+013	-4.5859e+013	4.5859e+013	5.2500e-015
2.630e+000	4.9017e-006	-4.6470e+013	-4.6164e+013	4.6164e+013	5.2500e-015
2.640e+000	4.9073e-006	-4.6777e+013	-4.6470e+013	4.6470e+013	5.2500e-015
2.650e+000	4.9129e-006	-4.7083e+013	-4.6777e+013	4.6777e+013	5.2500e-015
2.660e+000	4.9184e-006	-4.7390e+013	-4.7083e+013	4.7083e+013	5.2500e-015
2.670e+000	4.9239e-006	-4.7698e+013	-4.7390e+013	4.7390e+013	5.2500e-015
2.680e+000	4.9293e-006	-4.8005e+013	-4.7698e+013	4.7698e+013	5.2500e-015
2.690e+000	4.9347e-006	-4.8313e+013	-4.8005e+013	4.8005e+013	5.2500e-015
2.700e+000	4.9400e-006	-4.8622e+013	-4.8313e+013	4.8313e+013	5.2500e-015
2.710e+000	4.9453e-006	-4.8930e+013	-4.8622e+013	4.8622e+013	5.2500e-015
2.720e+000	4.9505e-006	-4.9239e+013	-4.8930e+013	4.8930e+013	5.2500e-015
2.730e+000	4.9557e-006	-4.9549e+013	-4.9239e+013	4.9239e+013	5.2500e-015
2.740e+000	4.9609e-006	-4.9858e+013	-4.9549e+013	4.9548e+013	5.2500e-015
2.750e+000	4.9660e-006	-5.0168e+013	-4.9858e+013	4.9858e+013	5.2500e-015
2.760e+000	4.9710e-006	-5.0478e+013	-5.0168e+013	5.0168e+013	5.2500e-015
2.770e+000	4.9761e-006	-5.0789e+013	-5.0478e+013	5.0478e+013	5.2500e-015
2.780e+000	4.9798e-006	-5.1100e+013	-5.0789e+013	5.0789e+013	5.2500e-015
2.790e+000	4.9844e-006	-5.1411e+013	-5.1100e+013	5.1100e+013	5.2500e-015
2.800e+000	4.9893e-006	-5.1722e+013	-5.1411e+013	5.1411e+013	5.2500e-015
2.810e+000	4.9941e-006	-5.2034e+013	-5.1722e+013	5.1722e+013	5.2500e-015
2.820e+000	4.9989e-006	-5.2346e+013	-5.2034e+013	5.2034e+013	5.2500e-015
2.830e+000	5.0037e-006	-5.2658e+013	-5.2346e+013	5.2346e+013	5.2500e-015
2.840e+000	5.0084e-006	-5.2971e+013	-5.2658e+013	5.2658e+013	5.2500e-015
2.850e+000	5.0131e-006	-5.3284e+013	-5.2971e+013	5.2971e+013	5.2500e-015
2.860e+000	5.0177e-006	-5.3597e+013	-5.3284e+013	5.3284e+013	5.2500e-015
2.870e+000	5.0223e-006	-5.3910e+013	-5.3597e+013	5.3597e+013	5.2500e-015
2.880e+000	5.0269e-006	-5.4224e+013	-5.3910e+013	5.3910e+013	5.2500e-015
2.890e+000	5.0314e-006	-5.4538e+013	-5.4224e+013	5.4224e+013	5.2500e-015
2.900e+000	5.0359e-006	-5.4853e+013	-5.4538e+013	5.4538e+013	5.2500e-015
2.910e+000	5.0404e-006	-5.5167e+013	-5.4853e+013	5.4852e+013	5.2500e-015
2.920e+000	5.0448e-006	-5.5482e+013	-5.5167e+013	5.5167e+013	5.2500e-015
2.930e+000	5.0492e-006	-5.5797e+013	-5.5482e+013	5.5482e+013	5.2500e-015
2.940e+000	5.0536e-006	-5.6113e+013	-5.5797e+013	5.5797e+013	5.2500e-015
2.950e+000	5.0579e-006	-5.6428e+013	-5.6113e+013	5.6113e+013	5.2500e-015
2.960e+000	5.0622e-006	-5.6744e+013	-5.6428e+013	5.6428e+013	5.2500e-015
2.970e+000	5.0665e-006	-5.7060e+013	-5.6744e+013	5.6744e+013	5.2500e-015
2.980e+000	5.0708e-006	-5.7377e+013	-5.7060e+013	5.7060e+013	5.2500e-015
2.990e+000	5.0750e-006	-5.7694e+013	-5.7377e+013	5.7377e+013	5.2500e-015
3.000e+000	5.0792e-006	-5.8011e+013	-5.7694e+013	5.7694e+013	5.2500e-015
3.010e+000	5.0833e-006	-5.8328e+013	-5.8011e+013	5.8011e+013	5.2500e-015
3.020e+000	5.0874e-006	-5.8646e+013	-5.8328e+013	5.8328e+013	5.2500e-015
3.030e+000	5.0915e-006	-5.8963e+013	-5.8646e+013	5.8645e+013	5.2500e-015
3.040e+000	5.0956e-006	-5.9281e+013	-5.8963e+013	5.8963e+013	5.2500e-015
3.050e+000	5.0997e-006	-5.9600e+013	-5.9281e+013	5.9281e+013	5.2500e-015
3.060e+000	5.1037e-006	-5.9918e+013	-5.9600e+013	5.9600e+013	5.2500e-015
3.070e+000	5.1077e-006	-6.0237e+013	-5.9918e+013	5.9918e+013	5.2500e-015
3.080e+000	5.1116e-006	-6.0556e+013	-6.0237e+013	6.0237e+013	5.2500e-015
3.090e+000	5.1156e-006	-6.0875e+013	-6.0556e+013	6.0556e+013	5.2500e-015
3.100e+000	5.1195e-006	-6.1195e+013	-6.0875e+013	6.0875e+013	5.2500e-015
3.110e+000	5.1233e-006	-6.1515e+013	-6.1195e+013	6.1195e+013	5.2500e-015
3.120e+000	5.1272e-006	-6.1835e+013	-6.1515e+013	6.1515e+013	5.2500e-015
3.130e+000	5.1310e-006	-6.2155e+013	-6.1835e+013	6.1835e+013	5.2500e-015
3.140e+000	5.1348e-006	-6.2475e+013	-6.2155e+013	6.2155e+013	5.2500e-015
3.150e+000	5.1386e-006	-6.2796e+013	-6.2475e+013	6.2475e+013	5.2500e-015
3.160e+000	5.1424e-006	-6.3117e+013	-6.2796e+013	6.2796e+013	5.2500e-015
3.170e+000	5.1461e-006	-6.3438e+013	-6.3117e+013	6.3117e+013	5.2500e-015
3.180e+000	5.1498e-006	-6.3760e+013	-6.3438e+013	6.3438e+013	5.2500e-015
3.190e+000	5.1535e-006	-6.4081e+013	-6.3760e+013	6.3760e+013	5.2500e-015
3.200e+000	5.1572e-006	-6.4403e+013	-6.4081e+013	6.4081e+013	5.2500e-015
3.210e+000	5.1608e-006	-6.4725e+013	-6.4403e+013	6.4403e+013	5.2500e-015
3.220e+000	5.1644e-006	-6.5048e+013	-6.4725e+013	6.4725e+013	5.2500e-015
3.230e+000	5.1680e-006	-6.5370e+013	-6.5048e+013	6.5048e+013	5.2500e-015
3.240e+000	5.1716e-006	-6.5693e+013	-6.5370e+013	6.5370e+013	5.2500e-015
3.250e+000	5.1752e-006	-6.6016e+013	-6.5693e+013	6.5693e+013	5.2500e-015
3.260e+000	5.1787e-006	-6.6339e+013	-6.6016e+013	6.6016e+013	5.2500e-015
3.270e+000	5.1822e-006	-6.6663e+013	-6.6339e+013	6.6339e+013	5.2500e-015
3.280e+000	5.1857e-006	-6.6986e+013	-6.6663e+013	6.6663e+013	5.2500e-015
3.290e+000	5.1892e-006	-6.7310e+013	-6.6986e+013	6.6986e+013	5.2500e-015
3.300e+000	5.1926e-006	-6.7634e+013	-6.7310e+013	6.7310e+013	5.2500e-015
3.310e+000	5.1960e-006	-6.7959e+013	-6.7634e+013	6.7634e+013	5.2500e-015
3.320e+000	5.1994e-006	-6.8283e+013	-6.7959e+013	6.7959e+013	5.2500e-015
3.330e+000	5.2028e-006	-6.8608e+013	-6.8283e+013	6.8283e+013	5.2500e-015
3.340e+000	5.2062e-006	-6.8933e+013	-6.8608e+013	6.8608e+013	5.2500e-015
3.350e+000	5.2096e-006	-6.9258e+013	-6.8933e+013	6.8933e+013	5.2500e-015
3.360e+000	5.2129e-006	-6.9583e+013	-6.9258e+013	6.9258e+013	5.2500e-015
3.370e+000	5.2162e-006	-6.9909e+013	-6.9583e+013	6.9583e+013	5.2500e-015
3.380e+000	5.2195e-006	-7.0235e+013	-6.9909e+013	6.9909e+013	5.2500e-015
3.390e+000	5.2228e-006	-7.0561e+013	-7.0235e+013	7.0235e+013	5.2500e-015
3.400e+000	5.2260e-006	-7.0887e+013	-7.0561e+013	7.0561e+013	5.2500e-015
3.410e+000	5.2293e-006	-7.1213e+013	-7.0887e+013	7.0887e+013	5.2500e-015
3.420e+000	5.2325e-006	-7.1540e+013	-7.1213e+013	7.1213e+013	5.2500e-015
3.430e+000	5.2357e-006	-7.1867e+013	-7.1540e+013	7.1540e+013	5.2500e-015
3.440e+000	5.2389e-006	-7.2194e+013	-7.1867e+013	7.1867e+013	5.2500e-015
3.450e+000	5.2420e-006	-7.2521e+013	-7.2194e+013	7.2194e+013	5.2500e-015
3.460e+000	5.2452e-006	-7.2848e+013	-7.2521e+013	7.2521e+013	5.2500e-015
3.470e+000	5.2483e-006	-7.3176e+013	-7.2848e+013	7.2848e+013	5.2500e-015
3.480e+000	5.2514e-006	-7.3504e+013	-7.3176e+013	7.3176e+013	5.2500e-015
3.490e+000	5.2545e-006	-7.3831e+013	-7.3504e+013	7.3503e+013	5.2500e-015
3.500e+000	5.2576e-006	-7.4160e+013	-7.3831e+013	7.3831e+013	5.2500e-015
3.510e+000	5.2607e-006	-7.4488e+013	-7.4160e+013	7.4160e+013	5.2500e-015
3.520e+000	5.2637e-006	-7.4817e+013	-7.4488e+013	7.4488e+013	5.2500e-015
3.530e+000	5.2668e-006	-7.5145e+013	-7.4817e+013	7.4816e+013	5.2500e-015
3.540e+000	5.2698e-006	-7.5474e+013	-7.5145e+013	7.5145e+013	5.2500e-015
3.550e+000	5.2728e-006	-7.5803e+013	-7.5474e+013	7.5474e+013	5.2500e-015
3.560e+000	5.2758e-006	-7.6133e+013	-7.5803e+013	7.5803e+013	5.2500e-015
3.570e+000	5.2787e-006	-7.6462e+013	-7.6133e+013	7.6132e+013	5.2500e-015
3.580e+000	5.2817e-006	-7.6792e+013	-7.6462e+013	7.6462e+013	5.2500e-015
3.590e+000	5.2846e-006	-7.7122e+013	-7.6792e+013	7.6792e+013	5.2500e-015
3.600e+000	5.2876e-006	-7.7452e+013	-7.7122e+013	7.7121e+013	5.2500e-015
3.610e+000	5.2905e-006	-7.7782e+013	-7.7452e+013	7.7451e+013	5.2500e-015
3.620e+000	5.2934e-006	-7.8112e+013	-7.7782e+013	7.7782e+013	5.2500e-015
3.630e+000	5.2963e-006	-7.8443e+013	-7.8112e+013	7.8112e+013	5.2500e-015
3.640e+000	5.2991e-006	-7.8773e+013	-7.8443e+013	7.8443e+013	5.2500e-015
3.650e+000	5.3020e-006	-7.9104e+013	-7.8773e+013	7.8773e+013	5.2500e-015
3.660e+000	5.3048e-006	-7.9435e+013	-7.9104e+013	7.9104e+013	5.2500e-015
3.670e+000	5.3076e-006	-7.9767e+013	-7.9435e+013	7.9435e+013	5.2500e-015
3.680e+000	5.3105e-006	-8.0098e+013	-7.9767e+013	7.9767e+013	5.2500e-015
3.690e+000	5.3133e-006	-8.0430e+013	-8.0098e+013	8.0098e+013	5.2500e-015
3.700e+000	5.3160e-006	-8.0762e+013	-8.0430e+013	8.0430e+013	5.2500e-015
3.710e+000	5.3188e-006	-8.1094e+013	-8.0762e+013	8.0762e+013	5.2500e-015
3.720e+000	5.3216e-006	-8.1426e+013	-8.1094e+013	8.1094e+013	5.2500e-015
3.730e+000	5.3243e-006	-8.1758e+013	-8.1426e+013	8.1426e+013	5.2500e-015
3.740e+000	5.3270e-006	-8.2091e+013	-8.1758e+013	8.1758e+013	5.2500e-015
3.750e+000	5.3298e-006	-8.2423e+013	-8.2091e+013	8.2090e+013	5.2500e-015
3.760e+000	5.3325e-006	-8.2756e+013	-8.2423e+013	8.2423e+013	5.2500e-015
3.770e+000	5.3352e-006	-8.3089e+013	-8.2756e+013	8.2756e+013	5.2500e-015
3.780e+000	5.3378e-006	-8.3422e+013	-8.3089e+013	8.3089e+013	5.2500e-015
3.790e+000	5.3405e-006	-8.3755e+013	-8.3422e+013	8.3422e+013	5.2500e-015
3.800e+000	5.3432e-006	-8.4089e+013	-8.3755e+013	8.3755e+013	5.2500e-015
3.810e+000	5.3458e-006	-8.4423e+013	-8.4089e+013	8.4089e+013	5.2500e-015
3.820e+000	5.3484e-006	-8.4756e+013	-8.4423e+013	8.4423e+013	5.2500e-015
3.830e+000	5.3511e-006	-8.5090e+013	-8.4756e+013	8.4756e+013	5.2500e-015
3.840e+000	5.3537e-006	-8.5425e+013	-8.5090e+013	8.5090e+013	5.2500e-015
3.850e+000	5.3563e-006	-8.5759e+013	-8.5425e+013	8.5425e+013	5.2500e-015
3.860e+000	5.3588e-006	-8.6093e+013	-8.5759e+013	8.5759e+013	5.2500e-015
3.870e+000	5.3614e-006	-8.6428e+013	-8.6093e+013	8.6093e+013	5.2500e-015
3.880e+000	5.3640e-006	-8.6763e+013	-8.6428e+013	8.6428e+013	5.2500e-015
3.890e+000	5.3665e-006	-8.7098e+013	-8.6763e+013	8.6763e+013	5.2500e-015
3.900e+000	5.3691e-006	-8.7433e+013	-8.7098e+013	8.7098e+013	5.2500e-015
3.910e+000	5.3716e-006	-8.7768e+013	-8.7433e+013	8.7433e+013	5.2500e-015
3.920e+000	5.3741e-006	-8.8104e+013	-8.7768e+013	8.7768e+013	5.2500e-015
3.930e+000	5.3766e-006	-8.8439e+013	-8.8104e+013	8.8104e+013	5.2500e-015
3.940e+000	5.3791e-006	-8.8775e+013	-8.8439e+013	8.8439e+013	5.2500e-015
3.950e+000	5.3816e-006	-8.9111e+013	-8.8775e+013	8.8775e+013	5.2500e-015
3.960e+000	5.3841e-006	-8.9447e+013	-8.9111e+013	8.9111e+013	5.2500e-015
3.970e+000	5.3865e-006	-8.9783e+013	-8.9447e+013	8.9447e+013	5.2500e-015
3.980e+000	5.3890e-006	-9.0119e+013	-8.9783e+013	8.9783e+013	5.2500e-015
3.990e+000	5.3914e-006	-9.0456e+013	-9.0119e+013	9.0119e+013	5.2500e-015
4.000e+000	5.3938e-006	-9.0793e+013	-9.0456e+013	9.0456e+013	5.2500e-015
4.010e+000	5.3963e-006	-9.1129e+013	-9.0793e+013	9.0792e+013	5.2500e-015
4.020e+000	5.3987e-006	-9.1466e+013	-9.1129e+013	9.1129e+013	5.2500e-015
4.030e+000	5.4011e-006	-9.1803e+013	-9.1466e+013	9.1466e+013	5.2500e-015
4.040e+000	5.4035e-006	-9.2141e+013	-9.1803e+013	9.1803e+013	5.2500e-015
4.050e+000	5.4058e-006	-9.2478e+013	-9.2141e+013	9.2141e+013	5.2500e-015
4.060e+000	5.4082e-006	-9.2816e+013	-9.2478e+013	9.2478e+013	5.2500e-015
4.070e+000	5.4106e-006	-9.3153e+013	-9.2816e+013	9.2816e+013	5.2500e-015
4.080e+000	5.4129e-006	-9.3491e+013	-9.3153e+013	9.3153e+013	5.2500e-015
4.090e+000	5.4152e-006	-9.3829e+013	-9.3491e+013	9.3491e+013	5.2500e-015
4.100e+000	5.4176e-006	-9.4167e+013	-9.3829e+013	9.3829e+013	5.2500e-015
4.110e+000	5.4199e-006	-9.4506e+013	-9.4167e+013	9.4167e+013	5.2500e-015
4.120e+000	5.4222e-006	-9.4844e+013	-9.4506e+013	9.4506e+013	5.2500e-015
4.130e+000	5.4245e-006	-9.5183e+013	-9.4844e+013	9.4844e+013	5.2500e-015
4.140e+000	5.4268e-006	-9.5521e+013	-9.5183e+013	9.5183e+013	5.2500e-015
4.150e+000	5.4291e-006	-9.5860e+013	-9.5521e+013	9.5521e+013	5.2500e-015
4.160e+000	5.4313e-006	-9.6199e+013	-9.5860e+013	9.5860e+013	5.2500e-015
4.170e+000	5.4336e-006	-9.6538e+013	-9.6199e+013	9.6199e+013	5.2500e-015
4.180e+000	5.4359e-006	-9.6878e+013	-9.6538e+013	9.6538e+013	5.2500e-015
4.190e+000	5.4381e-006	-9.7217e+013	-9.6878e+013	9.6878e+013	5.2500e-015
4.200e+000	5.4403e-006	-9.7557e+013	-9.7217e+013	9.7217e+013	5.2500e-015
4.210e+000	5.4426e-006	-9.7896e+013	-9.7557e+013	9.7556e+013	5.2500e-015
4.220e+000	5.4448e-006	-9.8236e+013	-9.7896e+013	9.7896e+013	5.2500e-015
4.230e+000	5.4470e-006	-9.8576e+013	-9.8236e+013	9.8236e+013	5.2500e-015
4.240e+000	5.4492e-006	-9.8916e+013	-9.8576e+013	9.8576e+013	5.2500e-015
4.250e+000	5.4514e-006	-9.9256e+013	-9.8916e+013	9.8916e+013	5.2500e-015
4.260e+000	5.4536e-006	-9.9597e+013	-9.9256e+013	9.9256e+013	5.2500e-015
4.270e+000	5.4558e-006	-9.9937e+013	-9.9597e+013	9.9597e+013	5.2500e-015
4.280e+000	5.4579e-006	-1.0028e+014	-9.9937e+013	9.9937e+013	5.2500e-015
4.290e+000	5.4601e-006	-1.0062e+014	-1.0028e+014	1.0028e+014	5.2500e-015
4.300e+000	5.4622e-006	-1.0096e+014	-1.0062e+014	1.0062e+014	5.2500e-015
4.310e+000	5.4644e-006	-1.0130e+014	-1.0096e+014	1.0096e+014	5.2500e-015
4.320e+000	5.4665e-006	-1.0164e+014	-1.0130e+014	1.0130e+014	5.2500e-015
4.330e+000	5.4686e-006	-1.0198e+014	-1.0164e+014	1.0164e+014	5.2500e-015
4.340e+000	5.4708e-006	-1.0232e+014	-1.0198e+014	1.0198e+014	5.2500e-015
4.350e+000	5.4729e-006	-1.0267e+014	-1.0232e+014	1.0232e+014	5.2500e-015
4.360e+000	5.4750e-006	-1.0301e+014	-1.0267e+014	1.0267e+014	5.2500e-015
4.370e+000	5.4771e-006	-1.0335e+014	-1.0301e+014	1.0301e+014	5.2500e-015
4.380e+000	5.4791e-006	-1.0369e+014	-1.0335e+014	1.0335e+014	5.2500e-015
4.390e+000	5.4812e-006	-1.0403e+014	-1.0369e+014	1.0369e+014	5.2500e-015
4.400e+000	5.4833e-006	-1.0438e+014	-1.0403e+014	1.0403e+014	5.2500e-015
4.410e+000	5.4854e-006	-1.0472e+014	-1.0438e+014	1.0438e+014	5.2500e-015
4.420e+000	5.4874e-006	-1.0506e+014	-1.0472e+014	1.0472e+014	5.2500e-015
4.430e+000	5.4895e-006	-1.0540e+014	-1.0506e+014	1.0506e+014	5.2500e-015
4.440e+000	5.4915e-006	-1.0575e+014	-1.0540e+014	1.0540e+014	5.2500e-015
4.450e+000	5.4935e-006	-1.0609e+014	-1.0575e+014	1.0575e+014	5.2500e-015
4.460e+000	5.4956e-006	-1.0643e+014	-1.0609e+014	1.0609e+014	5.2500e-015
4.470e+000	5.4976e-006	-1.0678e+014	-1.0643e+014	1.0643e+014	5.2500e-015
4.480e+000	5.4996e-006	-1.0712e+014	-1.0678e+014	1.0678e+014	5.2500e-015
4.490e+000	5.5016e-006	-1.0746e+014	-1.0712e+014	1.0712e+014	5.2500e-015
4.500e+000	5.5036e-006	-1.0781e+014	-1.0746e+014	1.0746e+014	5.2500e-015
4.510e+000	5.5056e-006	-1.0815e+014	-1.0781e+014	1.0781e+014	5.2500e-015
4.520e+000	5.5076e-006	-1.0849e+014	-1.0815e+014	1.0815e+014	5.2500e-015
4.530e+000	5.5095e-006	-1.0884e+014	-1.0849e+014	1.0849e+014	5.2500e-015
4.540e+000	5.5115e-006	-1.0918e+014	-1.0884e+014	1.0884e+014	5.2500e-015
4.550e+000	5.5135e-006	-1.0952e+014	-1.0918e+014	1.0918e+014	5.2500e-015
4.560e+000	5.5154e-006	-1.0987e+014	-1.0952e+014	1.0952e+014	5.2500e-015
4.570e+000	5.5174e-006	-1.1021e+014	-1.0987e+014	1.0987e+014	5.2500e-015
4.580e+000	5.5193e-006	-1.1056e+014	-1.1021e+014	1.1021e+014	5.2500e-015
4.590e+000	5.5212e-006	-1.1090e+014	-1.1056e+014	1.1056e+014	5.2500e-015
4.600e+000	5.5232e-006	-1.1125e+014	-1.1090e+014	1.1090e+014	5.2500e-015
4.610e+000	5.5251e-006	-1.1159e+014	-1.1125e+014	1.1125e+014	5.2500e-015
4.620e+000	5.5270e-006	-1.1194e+014	-1.1159e+014	1.1159e+014	5.2500e-015
4.630e+000	5.5289e-006	-1.1228e+014	-1.1194e+014	1.1194e+014	5.2500e-015
4.640e+000	5.5308e-006	-1.1263e+014	-1.1228e+014	1.1228e+014	5.2500e-015
4.650e+000	5.5327e-006	-1.1297e+014	-1.1263e+014	1.1263e+014	5.2500e-015
4.660e+000	5.5346e-006	-1.1332e+014	-1.1297e+014	1.1297e+014	5.2500e-015
4.670e+000	5.5365e-006	-1.1366e+014	-1.1332e+014	1.1332e+014	5.2500e-015
4.680e+000	5.5383e-006	-1.1401e+014	-1.1366e+014	1.1366e+014	5.2500e-015
4.690e+000	5.5402e-006	-1.1436e+014	-1.1401e+014	1.1401e+014	5.2500e-015
4.700e+000	5.5421e-006	-1.1470e+014	-1.1436e+014	1.1436e+014	5.2500e-015
4.710e+000	5.5439e-006	-1.1505e+014	-1.1470e+014	1.1470e+014	5.2500e-015
4.720e+000	5.5458e-006	-1.1539e+014	-1.1505e+014	1.1505e+014	5.2500e-015
4.730e+000	5.5476e-006	-1.1574e+014	-1.1539e+014	1.1539e+014	5.2500e-015
4.740e+000	5.5495e-006	-1.1609e+014	-1.1574e+014	1.1574e+014	5.2500e-015
4.750e+000	5.5513e-006	-1.1643e+014	-1.1609e+014	1.1609e+014	5.2500e-015
4.760e+000	5.5531e-006	-1.1678e+014	-1.1643e+014	1.1643e+014	5.2500e-015
4.770e+000	5.5549e-006	-1.1713e+014	-1.1678e+014	1.1678e+014	5.2500e-015
4.780e+000	5.5568e-006	-1.1747e+014	-1.1713e+014	1.1713e+014	5.2500e-015
4.790e+000	5.5586e-006	-1.1782e+014	-1.1747e+014	1.1747e+014	5.2500e-015
4.800e+000	5.5604e-006	-1.1817e+014	-1.1782e+014	1.1782e+014	5.2500e-015
4.810e+000	5.5622e-006	-1.1851e+014	-1.1817e+014	1.1817e+014	5.2500e-015
4.820e+000	5.5639e-006	-1.1886e+014	-1.1851e+014	1.1851e+014	5.2500e-015
4.830e+000	5.5657e-006	-1.1921e+014	-1.1886e+014	1.1886e+014	5.2500e-015
4.840e+000	5.5675e-006	-1.1956e+014	-1.1921e+014	1.1921e+014	5.2500e-015
4.850e+000	5.5693e-006	-1.1990e+014	-1.1956e+014	1.1956e+014	5.2500e-015
4.860e+000	5.5710e-006	-1.2025e+014	-1.1990e+014	1.1990e+014	5.2500e-015
4.870e+000	5.5728e-006	-1.2060e+014	-1.2025e+014	1.2025e+014	5.2500e-015
4.880e+000	5.5746e-006	-1.2095e+014	-1.2060e+014	1.2060e+014	5.2500e-015
4.890e+000	5.5763e-006	-1.2130e+014	-1.2095e+014	1.2095e+014	5.2500e-015
4.900e+000	5.5781e-006	-1.2164e+014	-1.2130e+014	1.2130e+014	5.2500e-015
4.910e+000	5.5798e-006	-1.2199e+014	-1.2164e+014	1.2164e+014	5.2500e-015
4.920e+000	5.5815e-006	-1.2234e+014	-1.2199e+014	1.2199e+014	5.2500e-015
4.930e+000	5.5833e-006	-1.2269e+014	-1.2234e+014	1.2234e+014	5.2500e-015
4.940e+000	5.5850e-006	-1.2304e+014	-1.2269e+014	1.2269e+014	5.2500e-015
4.950e+000	5.5867e-006	-1.2339e+014	-1.2304e+014	1.2304e+014	5.2500e-015
4.960e+000	5.5884e-006	-1.2373e+014	-1.2339e+014	1.2339e+014	5.2500e-015
4.970e+000	5.5901e-006	-1.2408e+014	-1.2373e+014	1.2373e+014	5.2500e-015
4.980e+000	5.5918e-006	-1.2443e+014	-1.2408e+014	1.2408e+014	5.2500e-015
4.990e+000	5.5935e-006	-1.2478e+014	-1.2443e+014	1.2443e+014	5.2500e-015
5.000e+000	5.5952e-006	-1.2513e+014	-1.2478e+014	1.2478e+014	5.2500e-015
5.010e+000	5.5969e-006	-1.2548e+014	-1.2513e+014	1.2513e+014	5.2500e-015
5.020e+000	5.5986e-006	-1.2583e+014	-1.2548e+014	1.2548e+014	5.2500e-015
5.030e+000	5.6002e-006	-1.2618e+014	-1.2583e+014	1.2583e+014	5.2500e-015
5.040e+000	5.6019e-006	-1.2653e+014	-1.2618e+014	1.2618e+014	5.2500e-015
5.050e+000	5.6036e-006	-1.2688e+014	-1.2653e+014	1.2653e+014	5.2500e-015
5.060e+000	5.6052e-006	-1.2723e+014	-1.2688e+014	1.2688e+014	5.2500e-015
5.070e+000	5.6069e-006	-1.2758e+014	-1.2723e+014	1.2723e+014	5.2500e-015
5.080e+000	5.6085e-006	-1.2793e+014	-1.2758e+014	1.2758e+014	5.2500e-015
5.090e+000	5.6102e-006	-1.2828e+014	-1.2793e+014	1.2793e+014	5.2500e-015
5.100e+000	5.6118e-006	-1.2863e+014	-1.2828e+014	1.2828e+014	5.2500e-015
5.110e+000	5.6134e-006	-1.2898e+014	-1.2863e+014	1.2863e+014	5.2500e-015
5.120e+000	5.6149e-006	-1.2933e+014	-1.2898e+014	1.2898e+014	5.2500e-015
5.130e+000	5.6165e-006	-1.2968e+014	-1.2933e+014	1.2933e+014	5.2500e-015
5.140e+000	5.6182e-006	-1.3003e+014	-1.2968e+014	1.2968e+014	5.2500e-015
5.150e+000	5.6198e-006	-1.3038e+014	-1.3003e+014	1.3003e+014	5.2500e-015
5.160e+000	5.6214e-006	-1.3073e+014	-1.3038e+014	1.3038e+014	5.2500e-015
5.170e+000	5.6230e-006	-1.3108e+014	-1.3073e+014	1.3073e+014	5.2500e-015
5.180e+000	5.6246e-006	-1.3143e+014	-1.3108e+014	1.3108e+014	5.2500e-015
5.190e+000	5.6262e-006	-1.3179e+014	-1.3143e+014	1.3143e+014	5.2500e-015
5.200e+000	5.6278e-006	-1.3214e+014	-1.3179e+014	1.3179e+014	5.2500e-015
5.210e+000	5.6294e-006	-1.3249e+014	-1.3214e+014	1.3214e+014	5.2500e-015
5.220e+000	5.6309e-006	-1.3284e+014	-1.3249e+014	1.3249e+014	5.2500e-015
5.230e+000	5.6325e-006	-1.3319e+014	-1.3284e+014	1.3284e+014	5.2500e-015
5.240e+000	5.6341e-006	-1.3354e+014	-1.3319e+014	1.3319e+014	5.2500e-015
5.250e+000	5.6357e-006	-1.3389e+014	-1.3354e+014	1.3354e+014	5.2500e-015
5.260e+000	5.6372e-006	-1.3425e+014	-1.3389e+014	1.3389e+014	5.2500e-015
5.270e+000	5.6388e-006	-1.3460e+014	-1.3425e+014	1.3425e+014	5.2500e-015
5.280e+000	5.6403e-006	-1.3495e+014	-1.3460e+014	1.3460e+014	5.2500e-015
5.290e+000	5.6419e-006	-1.3530e+014	-1.3495e+014	1.3495e+014	5.2500e-015
5.300e+000	5.6434e-006	-1.3565e+014	-1.3530e+014	1.3530e+014	5.2500e-015
5.310e+000	5.6450e-006	-1.3601e+014	-1.3565e+014	1.3565e+014	5.2500e-015
5.320e+000	5.6465e-006	-1.3636e+014	-1.3601e+014	1.3601e+014	5.2500e-015
5.330e+000	5.6480e-006	-1.3671e+014	-1.3636e+014	1.3636e+014	5.2500e-015
5.340e+000	5.6496e-006	-1.3706e+014	-1.3671e+014	1.3671e+014	5.2500e-015
5.350e+000	5.6511e-006	-1.3742e+014	-1.3706e+014	1.3706e+014	5.2500e-015
5.360e+000	5.6526e-006	-1.3777e+014	-1.3742e+014	1.3742e+014	5.2500e-015
5.370e+000	5.6541e-006	-1.3812e+014	-1.3777e+014	1.3777e+014	5.2500e-015
5.380e+000	5.6556e-006	-1.3848e+014	-1.3812e+014	1.3812e+014	5.2500e-015
5.390e+000	5.6571e-006	-1.3883e+014	-1.3848e+014	1.3848e+014	5.2500e-015
5.400e+000	5.6586e-006	-1.3918e+014	-1.3883e+014	1.3883e+014	5.2500e-015
5.410e+000	5.6601e-006	-1.3954e+014	-1.3918e+014	1.3918e+014	5.2500e-015
5.420e+000	5.6616e-006	-1.3989e+014	-1.3954e+014	1.3954e+014	5.2500e-015
5.430e+000	5.6631e-006	-1.4024e+014	-1.3989e+014	1.3989e+014	5.2500e-015
5.440e+000	5.6646e-006	-1.4060e+014	-1.4024e+014	1.4024e+014	5.2500e-015
5.450e+000	5.6661e-006	-1.4095e+014	-1.4060e+014	1.4060e+014	5.2500e-015
5.460e+000	5.6676e-006	-1.4130e+014	-1.4095e+014	1.4095e+014	5.2500e-015
5.470e+000	5.6690e-006	-1.4166e+014	-1.4130e+014	1.4130e+014	5.2500e-015
5.480e+000	5.6705e-006	-1.4201e+014	-1.4166e+014	1.4166e+014	5.2500e-015
5.490e+000	5.6720e-006	-1.4237e+014	-1.4201e+014	1.4201e+014	5.2500e-015
5.500e+000	5.6734e-006	-1.4272e+014	-1.4237e+014	1.4237e+014	5.2500e-015
5.510e+000	5.6749e-006	-1.4307e+014	-1.4272e+014	1.4272e+014	5.2500e-015
5.520e+000	5.6763e-006	-1.4343e+014	-1.4307e+014	1.4307e+014	5.2500e-015
5.530e+000	5.6778e-006	-1.4378e+014	-1.4343e+014	1.4343e+014	5.2500e-015
5.540e+000	5.6792e-006	-1.4414e+014	-1.4378e+014	1.4378e+014	5.2500e-015
5.550e+000	5.6807e-006	-1.4449e+014	-1.4414e+014	1.4414e+014	5.2500e-015
5.560e+000	5.6821e-006	-1.4485e+014	-1.4449e+014	1.4449e+014	5.2500e-015
5.570e+000	5.6836e-006	-1.4520e+014	-1.4485e+014	1.4485e+014	5.2500e-015
5.580e+000	5.6850e-006	-1.4556e+014	-1.4520e+014	1.4520e+014	5.2500e-015
5.590e+000	5.6864e-006	-1.4591e+014	-1.4556e+014	1.4556e+014	5.2500e-015
5.600e+000	5.6878e-006	-1.4627e+014	-1.4591e+014	1.4591e+014	5.2500e-015
5.610e+000	5.6893e-006	-1.4662e+014	-1.4627e+014	1.4627e+014	5.2500e-015
5.620e+000	5.6907e-006	-1.4698e+014	-1.4662e+014	1.4662e+014	5.2500e-015
5.630e+000	5.6921e-006	-1.4733e+014	-1.4698e+014	1.4698e+014	5.2500e-015
5.640e+000	5.6935e-006	-1.4769e+014	-1.4733e+014	1.4733e+014	5.2500e-015
5.650e+000	5.6949e-006	-1.4804e+014	-1.4769e+014	1.4769e+014	5.2500e-015
5.660e+000	5.6963e-006	-1.4840e+014	-1.4804e+014	1.4804e+014	5.2500e-015
5.670e+000	5.6977e-006	-1.4875e+014	-1.4840e+014	1.4840e+014	5.2500e-015
5.680e+000	5.6991e-006	-1.4911e+014	-1.4875e+014	1.4875e+014	5.2500e-015
5.690e+000	5.7005e-006	-1.4946e+014	-1.4911e+014	1.4911e+014	5.2500e-015
5.700e+000	5.7019e-006	-1.4982e+014	-1.4946e+014	1.4946e+014	5.2500e-015
5.710e+000	5.7032e-006	-1.5018e+014	-1.4982e+014	1.4982e+014	5.2500e-015
5.720e+000	5.7046e-006	-1.5053e+014	-1.5018e+014	1.5018e+014	5.2500e-015
5.730e+000	5.7060e-006	-1.5089e+014	-1.5053e+014	1.5053e+014	5.2500e-015
5.740e+000	5.7074e-006	-1.5124e+014	-1.5089e+014	1.5089e+014	5.2500e-015
5.750e+000	5.7087e-006	-1.5160e+014	-1.5124e+014	1.5124e+014	5.2500e-015
5.760e+000	5.7101e-006	-1.5196e+014	-1.5160e+014	1.5160e+014	5.2500e-015
5.770e+000	5.7114e-006	-1.5231e+014	-1.5196e+014	1.5196e+014	5.2500e-015
5.780e+000	5.7128e-006	-1.5267e+014	-1.5231e+014	1.5231e+014	5.2500e-015
5.790e+000	5.7142e-006	-1.5303e+014	-1.5267e+014	1.5267e+014	5.2500e-015
5.800e+000	5.7155e-006	-1.5338e+014	-1.5303e+014	1.5303e+014	5.2500e-015
5.810e+000	5.7169e-006	-1.5374e+014	-1.5338e+014	1.5338e+014	5.2500e-015
5.820e+000	5.7182e-006	-1.5410e+014	-1.5374e+014	1.5374e+014	5.2500e-015
5.830e+000	5.7195e-006	-1.5445e+014	-1.5410e+014	1.5410e+014	5.2500e-015
5.840e+000	5.7209e-006	-1.5481e+014	-1.5445e+014	1.5445e+014	5.2500e-015
5.850e+000	5.7222e-006	-1.5517e+014	-1.5481e+014	1.5481e+014	5.2500e-015
5.860e+000	5.7235e-006	-1.5553e+014	-1.5517e+014	1.5517e+014	5.2500e-015
5.870e+000	5.7249e-006	-1.5588e+014	-1.5553e+014	1.5553e+014	5.2500e-015
5.880e+000	5.7262e-006	-1.5624e+014	-1.5588e+014	1.5588e+014	5.2500e-015
5.890e+000	5.7275e-006	-1.5660e+014	-1.5624e+014	1.5624e+014	5.2500e-015
5.900e+000	5.7288e-006	-1.5696e+014	-1.5660e+014	1.5660e+014	5.2500e-015
5.910e+000	5.7301e-006	-1.5731e+014	-1.5696e+014	1.5696e+014	5.2500e-015
5.920e+000	5.7314e-006	-1.5767e+014	-1.5731e+014	1.5731e+014	5.2500e-015
5.930e+000	5.7328e-006	-1.5803e+014	-1.5767e+014	1.5767e+014	5.2500e-015
5.940e+000	5.7341e-006	-1.5839e+014	-1.5803e+014	1.5803e+014	5.2500e-015
5.950e+000	5.7354e-006	-1.5874e+014	-1.5839e+014	1.5839e+014	5.2500e-015
5.960e+000	5.7367e-006	-1.5910e+014	-1.5874e+014	1.5874e+014	5.2500e-015
5.970e+000	5.7380e-006	-1.5946e+014	-1.5910e+014	1.5910e+014	5.2500e-015
5.980e+000	5.7392e-006	-1.5982e+014	-1.5946e+014	1.5946e+014	5.2500e-015
5.990e+000	5.7405e-006	-1.6018e+014	-1.5982e+014	1.5982e+014	5.2500e-015
6.000e+000	5.7418e-006	-1.6054e+014	-1.6018e+014	1.6018e+014	5.2500e-015
6.010e+000	5.7431e-006	-1.6089e+014	-1.6054e+014	1.6054e+014	5.2500e-015
6.020e+000	5.7444e-006	-1.6125e+014	-1.6089e+014	1.6089e+014	5.2500e-015
6.030e+000	5.7457e-006	-1.6161e+014	-1.6125e+014	1.6125e+014	5.2500e-015
6.040e+000	5.7469e-006	-1.6197e+014	-1.6161e+014	1.6161e+014	5.2500e-015
6.050e+000	5.7482e-006	-1.6233e+014	-1.6197e+014	1.6197e+014	5.2500e-015
6.060e+000	5.7495e-006	-1.6269e+014	-1.6233e+014	1.6233e+014	5.2500e-015
6.070e+000	5.7507e-006	-1.6305e+014	-1.6269e+014	1.6269e+014	5.2500e-015
6.080e+000	5.7520e-006	-1.6341e+014	-1.6305e+014	1.6305e+014	5.2500e-015
6.090e+000	5.7532e-006	-1.6376e+014	-1.6341e+014	1.6341e+014	5.2500e-015
6.100e+000	5.7545e-006	-1.6412e+014	-1.6376e+014	1.6376e+014	5.2500e-015
6.110e+000	5.7557e-006	-1.6448e+014	-1.6412e+014	1.6412e+014	5.2500e-015
6.120e+000	5.7570e-006	-1.6484e+014	-1.6448e+014	1.6448e+014	5.2500e-015
6.130e+000	5.7582e-006	-1.6520e+014	-1.6484e+014	1.6484e+014	5.2500e-015
6.140e+000	5.7595e-006	-1.6556e+014	-1.6520e+014	1.6520e+014	5.2500e-015
6.150e+000	5.7607e-006	-1.6592e+014	-1.6556e+014	1.6556e+014	5.2500e-015
6.160e+000	5.7620e-006	-1.6628e+014	-1.6592e+014	1.6592e+014	5.2500e-015
6.170e+000	5.7632e-006	-1.6664e+014	-1.6628e+014	1.6628e+014	5.2500e-015
6.180e+000	5.7644e-006	-1.6700e+014	-1.6664e+014	1.6664e+014	5.2500e-015
6.190e+000	5.7656e-006	-1.6736e+014	-1.6700e+014	1.6700e+014	5.2500e-015
6.200e+000	5.7669e-006	-1.6772e+014	-1.6736e+014	1.6736e+014	5.2500e-015
6.210e+000	5.7681e-006	-1.6808e+014	-1.6772e+014	1.6772e+014	5.2500e-015
6.220e+000	5.7693e-006	-1.6844e+014	-1.6808e+014	1.6808e+014	5.2500e-015
6.230e+000	5.7705e-006	-1.6880e+014	-1.6844e+014	1.6844e+014	5.2500e-015
6.240e+000	5.7717e-006	-1.6916e+014	-1.6880e+014	1.6880e+014	5.2500e-015
6.250e+000	5.7730e-006	-1.6952e+014	-1.6916e+014	1.6916e+014	5.2500e-015
6.260e+000	5.7742e-006	-1.6988e+014	-1.6952e+014	1.6952e+014	5.2500e-015
6.270e+000	5.7754e-006	-1.7024e+014	-1.6988e+014	1.6988e+014	5.2500e-015
6.280e+000	5.7766e-006	-1.7060e+014	-1.7024e+014	1.7024e+014	5.2500e-015
6.290e+000	5.7778e-006	-1.7096e+014	-1.7060e+014	1.7060e+014	5.2500e-015
6.300e+000	5.7790e-006	-1.7132e+014	-1.7096e+014	1.7096e+014	5.2500e-015
6.310e+000	5.7802e-006	-1.7168e+014	-1.7132e+014	1.7132e+014	5.2500e-015
6.320e+000	5.7814e-006	-1.7204e+014	-1.7168e+014	1.7168e+014	5.2500e-015
6.330e+000	5.7825e-006	-1.7241e+014	-1.7204e+014	1.7204e+014	5.2500e-015
6.340e+000	5.7837e-006	-1.7277e+014	-1.7241e+014	1.7241e+014	5.2500e-015
6.350e+000	5.7849e-006	-1.7313e+014	-1.7277e+014	1.7277e+014	5.2500e-015
6.360e+000	5.7861e-006	-1.7349e+014	-1.7313e+014	1.7313e+014	5.2500e-015
6.370e+000	5.7873e-006	-1.7385e+014	-1.7349e+014	1.7349e+014	5.2500e-015
6.380e+000	5.7884e-006	-1.7421e+014	-1.7385e+014	1.7385e+014	5.2500e-015
6.390e+000	5.7896e-006	-1.7457e+014	-1.7421e+014	1.7421e+014	5.2500e-015
6.400e+000	5.7908e-006	-1.7493e+014	-1.7457e+014	1.7457e+014	5.2500e-015
6.410e+000	5.7920e-006	-1.7530e+014	-1.7493e+014	1.7493e+014	5.2500e-015
6.420e+000	5.7931e-006	-1.7566e+014	-1.7530e+014	1.7530e+014	5.2500e-015
6.430e+000	5.7943e-006	-1.7602e+014	-1.7566e+014	1.7566e+014	5.2500e-015
6.440e+000	5.7954e-006	-1.7638e+014	-1.7602e+014	1.7602e+014	5.2500e-015
6.450e+000	5.7966e-006	-1.7674e+014	-1.7638e+014	1.7638e+014	5.2500e-015
6.460e+000	5.7978e-006	-1.7710e+014	-1.7674e+014	1.7674e+014	5.2500e-015
6.470e+000	5.7989e-006	-1.7747e+014	-1.7710e+014	1.7710e+014	5.2500e-015
6.480e+000	5.8001e-006	-1.7783e+014	-1.7747e+014	1.7747e+014	5.2500e-015
6.490e+000	5.8012e-006	-1.7819e+014	-1.7783e+014	1.7783e+014	5.2500e-015
6.500e+000	5.8023e-006	-1.7855e+014	-1.7819e+014	1.7819e+014	5.2500e-015
6.510e+000	5.8035e-006	-1.7891e+014	-1.7855e+014	1.7855e+014	5.2500e-015
6.520e+000	5.8046e-006	-1.7928e+014	-1.7891e+014	1.7891e+014	5.2500e-015
6.530e+000	5.8058e-006	-1.7964e+014	-1.7928e+014	1.7928e+014	5.2500e-015
6.540e+000	5.8069e-006	-1.8000e+014	-1.7964e+014	1.7964e+014	5.2500e-015
6.550e+000	5.8080e-006	-1.8036e+014	-1.8000e+014	1.8000e+014	5.2500e-015
6.560e+000	5.8092e-006	-1.8073e+014	-1.8036e+014	1.8036e+014	5.2500e-015
6.570e+000	5.8103e-006	-1.8109e+014	-1.8073e+014	1.8073e+014	5.2500e-015
6.580e+000	5.8114e-006	-1.8145e+014	-1.8109e+014	1.8109e+014	5.2500e-015
6.590e+000	5.8125e-006	-1.8182e+014	-1.8145e+014	1.8145e+014	5.2500e-015
6.600e+000	5.8137e-006	-1.8218e+014	-1.8182e+014	1.8182e+014	5.2500e-015
6.610e+000	5.8148e-006	-1.8254e+014	-1.8218e+014	1.8218e+014	5.2500e-015
6.620e+000	5.8159e-006	-1.8290e+014	-1.8254e+014	1.8254e+014	5.2500e-015
6.630e+000	5.8170e-006	-1.8327e+014	-1.8290e+014	1.8290e+014	5.2500e-015
6.640e+000	5.8181e-006	-1.8363e+014	-1.8327e+014	1.8327e+014	5.2500e-015
6.650e+000	5.8192e-006	-1.8399e+014	-1.8363e+014	1.8363e+014	5.2500e-015
6.660e+000	5.8203e-006	-1.8436e+014	-1.8399e+014	1.8399e+014	5.2500e-015
6.670e+000	5.8214e-006	-1.8472e+014	-1.8436e+014	1.8436e+014	5.2500e-015
6.680e+000	5.8225e-006	-1.8508e+014	-1.8472e+014	1.8472e+014	5.2500e-015
6.690e+000	5.8236e-006	-1.8545e+014	-1.8508e+014	1.8508e+014	5.2500e-015
6.700e+000	5.8247e-006	-1.8581e+014	-1.8545e+014	1.8545e+014	5.2500e-015
6.710e+000	5.8258e-006	-1.8617e+014	-1.8581e+014	1.8581e+014	5.2500e-015
6.720e+000	5.8269e-006	-1.8654e+014	-1.8617e+014	1.8617e+014	5.2500e-015
6.730e+000	5.8280e-006	-1.8690e+014	-1.8654e+014	1.8654e+014	5.2500e-015
6.740e+000	5.8291e-006	-1.8727e+014	-1.8690e+014	1.8690e+014	5.2500e-015
6.750e+000	5.8302e-006	-1.8763e+014	-1.8727e+014	1.8727e+014	5.2500e-015
6.760e+000	5.8312e-006	-1.8799e+014	-1.8763e+014	1.8763e+014	5.2500e-015
6.770e+000	5.8323e-006	-1.8836e+014	-1.8799e+014	1.8799e+014	5.2500e-015
6.780e+000	5.8334e-006	-1.8872e+014	-1.8836e+014	1.8836e+014	5.2500e-015
6.790e+000	5.8345e-006	-1.8909e+014	-1.8872e+014	1.8872e+014	5.2500e-015
6.800e+000	5.8356e-006	-1.8945e+014	-1.8909e+014	1.8909e+014	5.2500e-015
6.810e+000	5.8366e-006	-1.8981e+014	-1.8945e+014	1.8945e+014	5.2500e-015
6.820e+000	5.8377e-006	-1.9018e+014	-1.8981e+014	1.8981e+014	5.2500e-015
6.830e+000	5.8388e-006	-1.9054e+014	-1.9018e+014	1.9018e+014	5.2500e-015
6.840e+000	5.8398e-006	-1.9091e+014	-1.9054e+014	1.9054e+014	5.2500e-015
6.850e+000	5.8409e-006	-1.9127e+014	-1.9091e+014	1.9091e+014	5.2500e-015
6.860e+000	5.8419e-006	-1.9164e+014	-1.9127e+014	1.9127e+014	5.2500e-015
6.870e+000	5.8430e-006	-1.9200e+014	-1.9164e+014	1.9164e+014	5.2500e-015
6.880e+000	5.8441e-006	-1.9237e+014	-1.9200e+014	1.9200e+014	5.2500e-015
6.890e+000	5.8451e-006	-1.9273e+014	-1.9237e+014	1.9237e+014	5.2500e-015
6.900e+000	5.8462e-006	-1.9310e+014	-1.9273e+014	1.9273e+014	5.2500e-015
6.910e+000	5.8472e-006	-1.9346e+014	-1.9310e+014	1.9310e+014	5.2500e-015
6.920e+000	5.8483e-006	-1.9383e+014	-1.9346e+014	1.9346e+014	5.2500e-015
6.930e+000	5.8493e-006	-1.9419e+014	-1.9383e+014	1.9383e+014	5.2500e-015
6.940e+000	5.8503e-006	-1.9456e+014	-1.9419e+014	1.9419e+014	5.2500e-015
6.950e+000	5.8514e-006	-1.9492e+014	-1.9456e+014	1.9456e+014	5.2500e-015
6.960e+000	5.8524e-006	-1.9529e+014	-1.9492e+014	1.9492e+014	5.2500e-015
6.970e+000	5.8535e-006	-1.9565e+014	-1.9529e+014	1.9529e+014	5.2500e-015
6.980e+000	5.8545e-006	-1.9602e+014	-1.9565e+014	1.9565e+014	5.2500e-015
6.990e+000	5.8555e-006	-1.9638e+014	-1.9602e+014	1.9602e+014	5.2500e-015
7.000e+000	5.8566e-006	-1.9675e+014	-1.9638e+014	1.9638e+014	5.2500e-015
