V	C (Fcm-2)	Initcharge (cm-2)	Finalcharge (cm-2)	ns Total (cm-2)	ps Total (cm-2)
-7.000e+000	4.8034e-017	-9.3462e+000	-6.3481e+000	6.3476e+000	5.2500e-015
-6.990e+000	4.8034e-017	-9.3462e+000	-6.3481e+000	6.3476e+000	5.2500e-015
-6.980e+000	4.8034e-017	-9.3462e+000	-6.3481e+000	6.3476e+000	5.2500e-015
-6.970e+000	4.8034e-017	-9.3462e+000	-6.3481e+000	6.3476e+000	5.2500e-015
-6.960e+000	4.8034e-017	-9.3462e+000	-6.3481e+000	6.3476e+000	5.2500e-015
-6.950e+000	4.8034e-017	-9.3462e+000	-6.3481e+000	6.3476e+000	5.2500e-015
-6.940e+000	4.8034e-017	-9.3462e+000	-6.3481e+000	6.3476e+000	5.2500e-015
-6.930e+000	4.8034e-017	-9.3462e+000	-6.3481e+000	6.3476e+000	5.2500e-015
-6.920e+000	4.8034e-017	-9.3462e+000	-6.3481e+000	6.3476e+000	5.2500e-015
-6.910e+000	4.8034e-017	-9.3462e+000	-6.3481e+000	6.3476e+000	5.2500e-015
-6.900e+000	4.8034e-017	-9.3462e+000	-6.3481e+000	6.3476e+000	5.2500e-015
-6.890e+000	4.8034e-017	-9.3462e+000	-6.3481e+000	6.3476e+000	5.2500e-015
-6.880e+000	4.8034e-017	-9.3462e+000	-6.3481e+000	6.3476e+000	5.2500e-015
-6.870e+000	4.8034e-017	-9.3462e+000	-6.3481e+000	6.3476e+000	5.2500e-015
-6.860e+000	4.8034e-017	-9.3462e+000	-6.3481e+000	6.3476e+000	5.2500e-015
-6.850e+000	4.8034e-017	-9.3462e+000	-6.3481e+000	6.3476e+000	5.2500e-015
-6.840e+000	4.8034e-017	-9.3462e+000	-6.3481e+000	6.3476e+000	5.2500e-015
-6.830e+000	4.8034e-017	-9.3462e+000	-6.3481e+000	6.3476e+000	5.2500e-015
-6.820e+000	4.8034e-017	-9.3462e+000	-6.3481e+000	6.3476e+000	5.2500e-015
-6.810e+000	4.8034e-017	-9.3462e+000	-6.3481e+000	6.3476e+000	5.2500e-015
-6.800e+000	4.8034e-017	-9.3462e+000	-6.3481e+000	6.3476e+000	5.2500e-015
-6.790e+000	4.8034e-017	-9.3462e+000	-6.3481e+000	6.3476e+000	5.2500e-015
-6.780e+000	4.8034e-017	-9.3462e+000	-6.3481e+000	6.3476e+000	5.2500e-015
-6.770e+000	4.8034e-017	-9.3462e+000	-6.3481e+000	6.3476e+000	5.2500e-015
-6.760e+000	4.8034e-017	-9.3462e+000	-6.3481e+000	6.3476e+000	5.2500e-015
-6.750e+000	4.8034e-017	-9.3462e+000	-6.3481e+000	6.3476e+000	5.2500e-015
-6.740e+000	4.8034e-017	-9.3462e+000	-6.3481e+000	6.3476e+000	5.2500e-015
-6.730e+000	4.8034e-017	-9.3462e+000	-6.3481e+000	6.3476e+000	5.2500e-015
-6.720e+000	4.8034e-017	-9.3462e+000	-6.3481e+000	6.3476e+000	5.2500e-015
-6.710e+000	4.8034e-017	-9.3462e+000	-6.3481e+000	6.3476e+000	5.2500e-015
-6.700e+000	4.8034e-017	-9.3462e+000	-6.3481e+000	6.3476e+000	5.2500e-015
-6.690e+000	4.8034e-017	-9.3462e+000	-6.3481e+000	6.3476e+000	5.2500e-015
-6.680e+000	4.8034e-017	-9.3462e+000	-6.3481e+000	6.3476e+000	5.2500e-015
-6.670e+000	4.8034e-017	-9.3462e+000	-6.3481e+000	6.3476e+000	5.2500e-015
-6.660e+000	4.8034e-017	-9.3462e+000	-6.3481e+000	6.3476e+000	5.2500e-015
-6.650e+000	4.8034e-017	-9.3462e+000	-6.3481e+000	6.3476e+000	5.2500e-015
-6.640e+000	4.8034e-017	-9.3462e+000	-6.3481e+000	6.3476e+000	5.2500e-015
-6.630e+000	4.8034e-017	-9.3462e+000	-6.3481e+000	6.3476e+000	5.2500e-015
-6.620e+000	4.8034e-017	-9.3462e+000	-6.3481e+000	6.3476e+000	5.2500e-015
-6.610e+000	4.8034e-017	-9.3462e+000	-6.3481e+000	6.3476e+000	5.2500e-015
-6.600e+000	4.8034e-017	-9.3462e+000	-6.3481e+000	6.3476e+000	5.2500e-015
-6.590e+000	4.8034e-017	-9.3462e+000	-6.3481e+000	6.3476e+000	5.2500e-015
-6.580e+000	4.8034e-017	-9.3462e+000	-6.3481e+000	6.3476e+000	5.2500e-015
-6.570e+000	4.8034e-017	-9.3462e+000	-6.3481e+000	6.3476e+000	5.2500e-015
-6.560e+000	4.8034e-017	-9.3462e+000	-6.3481e+000	6.3476e+000	5.2500e-015
-6.550e+000	4.8034e-017	-9.3462e+000	-6.3481e+000	6.3476e+000	5.2500e-015
-6.540e+000	4.8034e-017	-9.3462e+000	-6.3481e+000	6.3476e+000	5.2500e-015
-6.530e+000	4.8034e-017	-9.3462e+000	-6.3481e+000	6.3476e+000	5.2500e-015
-6.520e+000	4.8034e-017	-9.3462e+000	-6.3481e+000	6.3476e+000	5.2500e-015
-6.510e+000	4.8034e-017	-9.3462e+000	-6.3481e+000	6.3476e+000	5.2500e-015
-6.500e+000	4.8034e-017	-9.3462e+000	-6.3481e+000	6.3476e+000	5.2500e-015
-6.490e+000	4.8034e-017	-9.3462e+000	-6.3481e+000	6.3476e+000	5.2500e-015
-6.480e+000	4.8034e-017	-9.3462e+000	-6.3481e+000	6.3476e+000	5.2500e-015
-6.470e+000	4.8034e-017	-9.3462e+000	-6.3481e+000	6.3476e+000	5.2500e-015
-6.460e+000	4.8034e-017	-9.3462e+000	-6.3481e+000	6.3476e+000	5.2500e-015
-6.450e+000	4.8034e-017	-9.3462e+000	-6.3481e+000	6.3476e+000	5.2500e-015
-6.440e+000	4.8034e-017	-9.3462e+000	-6.3481e+000	6.3476e+000	5.2500e-015
-6.430e+000	4.8034e-017	-9.3462e+000	-6.3481e+000	6.3476e+000	5.2500e-015
-6.420e+000	4.8034e-017	-9.3462e+000	-6.3481e+000	6.3476e+000	5.2500e-015
-6.410e+000	4.8034e-017	-9.3462e+000	-6.3481e+000	6.3476e+000	5.2500e-015
-6.400e+000	4.8034e-017	-9.3462e+000	-6.3481e+000	6.3476e+000	5.2500e-015
-6.390e+000	4.8034e-017	-9.3462e+000	-6.3481e+000	6.3476e+000	5.2500e-015
-6.380e+000	4.8034e-017	-9.3462e+000	-6.3481e+000	6.3476e+000	5.2500e-015
-6.370e+000	4.8034e-017	-9.3462e+000	-6.3481e+000	6.3476e+000	5.2500e-015
-6.360e+000	4.8034e-017	-9.3462e+000	-6.3481e+000	6.3476e+000	5.2500e-015
-6.350e+000	4.8034e-017	-9.3462e+000	-6.3481e+000	6.3476e+000	5.2500e-015
-6.340e+000	4.8034e-017	-9.3462e+000	-6.3481e+000	6.3476e+000	5.2500e-015
-6.330e+000	4.8034e-017	-9.3462e+000	-6.3481e+000	6.3476e+000	5.2500e-015
-6.320e+000	4.8034e-017	-9.3462e+000	-6.3481e+000	6.3476e+000	5.2500e-015
-6.310e+000	4.8034e-017	-9.3462e+000	-6.3481e+000	6.3476e+000	5.2500e-015
-6.300e+000	4.8034e-017	-9.3462e+000	-6.3481e+000	6.3476e+000	5.2500e-015
-6.290e+000	4.8034e-017	-9.3462e+000	-6.3481e+000	6.3476e+000	5.2500e-015
-6.280e+000	4.8034e-017	-9.3462e+000	-6.3481e+000	6.3476e+000	5.2500e-015
-6.270e+000	4.8034e-017	-9.3462e+000	-6.3481e+000	6.3476e+000	5.2500e-015
-6.260e+000	4.8034e-017	-9.3462e+000	-6.3481e+000	6.3476e+000	5.2500e-015
-6.250e+000	4.8034e-017	-9.3462e+000	-6.3481e+000	6.3476e+000	5.2500e-015
-6.240e+000	4.8034e-017	-9.3462e+000	-6.3481e+000	6.3476e+000	5.2500e-015
-6.230e+000	4.8034e-017	-9.3462e+000	-6.3481e+000	6.3476e+000	5.2500e-015
-6.220e+000	4.8034e-017	-9.3462e+000	-6.3481e+000	6.3476e+000	5.2500e-015
-6.210e+000	4.8034e-017	-9.3462e+000	-6.3481e+000	6.3476e+000	5.2500e-015
-6.200e+000	4.8034e-017	-9.3462e+000	-6.3481e+000	6.3476e+000	5.2500e-015
-6.190e+000	4.8034e-017	-9.3462e+000	-6.3481e+000	6.3476e+000	5.2500e-015
-6.180e+000	4.8034e-017	-9.3462e+000	-6.3481e+000	6.3476e+000	5.2500e-015
-6.170e+000	4.8034e-017	-9.3462e+000	-6.3481e+000	6.3476e+000	5.2500e-015
-6.160e+000	4.8034e-017	-9.3462e+000	-6.3481e+000	6.3476e+000	5.2500e-015
-6.150e+000	4.8034e-017	-9.3462e+000	-6.3481e+000	6.3476e+000	5.2500e-015
-6.140e+000	4.8034e-017	-9.3462e+000	-6.3481e+000	6.3476e+000	5.2500e-015
-6.130e+000	4.8034e-017	-9.3462e+000	-6.3481e+000	6.3476e+000	5.2500e-015
-6.120e+000	4.8034e-017	-9.3462e+000	-6.3481e+000	6.3476e+000	5.2500e-015
-6.110e+000	4.8034e-017	-9.3462e+000	-6.3481e+000	6.3476e+000	5.2500e-015
-6.100e+000	4.8034e-017	-9.3462e+000	-6.3481e+000	6.3476e+000	5.2500e-015
-6.090e+000	4.8034e-017	-9.3462e+000	-6.3481e+000	6.3476e+000	5.2500e-015
-6.080e+000	4.8034e-017	-9.3462e+000	-6.3481e+000	6.3476e+000	5.2500e-015
-6.070e+000	4.8034e-017	-9.3462e+000	-6.3481e+000	6.3476e+000	5.2500e-015
-6.060e+000	4.8034e-017	-9.3462e+000	-6.3481e+000	6.3476e+000	5.2500e-015
-6.050e+000	4.8034e-017	-9.3462e+000	-6.3481e+000	6.3476e+000	5.2500e-015
-6.040e+000	4.8034e-017	-9.3462e+000	-6.3481e+000	6.3476e+000	5.2500e-015
-6.030e+000	4.8034e-017	-9.3462e+000	-6.3481e+000	6.3476e+000	5.2500e-015
-6.020e+000	4.8034e-017	-9.3462e+000	-6.3481e+000	6.3476e+000	5.2500e-015
-6.010e+000	4.8034e-017	-9.3462e+000	-6.3481e+000	6.3476e+000	5.2500e-015
-6.000e+000	4.8034e-017	-9.3462e+000	-6.3481e+000	6.3476e+000	5.2500e-015
-5.990e+000	4.8034e-017	-9.3462e+000	-6.3481e+000	6.3476e+000	5.2500e-015
-5.980e+000	4.8034e-017	-9.3462e+000	-6.3481e+000	6.3476e+000	5.2500e-015
-5.970e+000	4.8034e-017	-9.3462e+000	-6.3481e+000	6.3476e+000	5.2500e-015
-5.960e+000	4.8034e-017	-9.3462e+000	-6.3481e+000	6.3476e+000	5.2500e-015
-5.950e+000	4.8034e-017	-9.3462e+000	-6.3481e+000	6.3476e+000	5.2500e-015
-5.940e+000	4.8034e-017	-9.3462e+000	-6.3481e+000	6.3476e+000	5.2500e-015
-5.930e+000	4.8034e-017	-9.3462e+000	-6.3481e+000	6.3476e+000	5.2500e-015
-5.920e+000	4.8034e-017	-9.3462e+000	-6.3481e+000	6.3476e+000	5.2500e-015
-5.910e+000	4.8034e-017	-9.3462e+000	-6.3481e+000	6.3476e+000	5.2500e-015
-5.900e+000	4.8034e-017	-9.3462e+000	-6.3481e+000	6.3476e+000	5.2500e-015
-5.890e+000	4.8034e-017	-9.3462e+000	-6.3481e+000	6.3476e+000	5.2500e-015
-5.880e+000	4.8034e-017	-9.3462e+000	-6.3481e+000	6.3476e+000	5.2500e-015
-5.870e+000	4.8034e-017	-9.3462e+000	-6.3481e+000	6.3476e+000	5.2500e-015
-5.860e+000	4.8034e-017	-9.3462e+000	-6.3481e+000	6.3476e+000	5.2500e-015
-5.850e+000	4.8034e-017	-9.3462e+000	-6.3481e+000	6.3476e+000	5.2500e-015
-5.840e+000	4.8034e-017	-9.3462e+000	-6.3481e+000	6.3476e+000	5.2500e-015
-5.830e+000	4.8034e-017	-9.3462e+000	-6.3481e+000	6.3476e+000	5.2500e-015
-5.820e+000	4.8034e-017	-9.3462e+000	-6.3481e+000	6.3476e+000	5.2500e-015
-5.810e+000	4.8034e-017	-9.3462e+000	-6.3481e+000	6.3476e+000	5.2500e-015
-5.800e+000	4.8034e-017	-9.3462e+000	-6.3481e+000	6.3476e+000	5.2500e-015
-5.790e+000	4.8034e-017	-9.3462e+000	-6.3481e+000	6.3476e+000	5.2500e-015
-5.780e+000	4.8034e-017	-9.3462e+000	-6.3481e+000	6.3476e+000	5.2500e-015
-5.770e+000	4.8034e-017	-9.3462e+000	-6.3481e+000	6.3476e+000	5.2500e-015
-5.760e+000	4.8034e-017	-9.3462e+000	-6.3481e+000	6.3476e+000	5.2500e-015
-5.750e+000	4.8034e-017	-9.3462e+000	-6.3481e+000	6.3476e+000	5.2500e-015
-5.740e+000	4.8034e-017	-9.3462e+000	-6.3481e+000	6.3476e+000	5.2500e-015
-5.730e+000	4.8034e-017	-9.3462e+000	-6.3481e+000	6.3476e+000	5.2500e-015
-5.720e+000	4.8034e-017	-9.3462e+000	-6.3481e+000	6.3476e+000	5.2500e-015
-5.710e+000	4.8034e-017	-9.3462e+000	-6.3481e+000	6.3476e+000	5.2500e-015
-5.700e+000	4.8034e-017	-9.3462e+000	-6.3481e+000	6.3476e+000	5.2500e-015
-5.690e+000	4.8034e-017	-9.3462e+000	-6.3481e+000	6.3476e+000	5.2500e-015
-5.680e+000	4.8034e-017	-9.3462e+000	-6.3481e+000	6.3476e+000	5.2500e-015
-5.670e+000	4.8034e-017	-9.3462e+000	-6.3481e+000	6.3476e+000	5.2500e-015
-5.660e+000	4.8034e-017	-9.3462e+000	-6.3481e+000	6.3476e+000	5.2500e-015
-5.650e+000	4.8034e-017	-9.3462e+000	-6.3481e+000	6.3476e+000	5.2500e-015
-5.640e+000	4.8034e-017	-9.3462e+000	-6.3481e+000	6.3476e+000	5.2500e-015
-5.630e+000	4.8034e-017	-9.3462e+000	-6.3481e+000	6.3476e+000	5.2500e-015
-5.620e+000	4.8034e-017	-9.3462e+000	-6.3481e+000	6.3476e+000	5.2500e-015
-5.610e+000	4.8034e-017	-9.3462e+000	-6.3481e+000	6.3476e+000	5.2500e-015
-5.600e+000	4.8034e-017	-9.3462e+000	-6.3481e+000	6.3476e+000	5.2500e-015
-5.590e+000	4.8034e-017	-9.3462e+000	-6.3481e+000	6.3476e+000	5.2500e-015
-5.580e+000	4.8034e-017	-9.3462e+000	-6.3481e+000	6.3476e+000	5.2500e-015
-5.570e+000	4.8034e-017	-9.3462e+000	-6.3481e+000	6.3476e+000	5.2500e-015
-5.560e+000	4.8034e-017	-9.3462e+000	-6.3481e+000	6.3476e+000	5.2500e-015
-5.550e+000	4.8034e-017	-9.3462e+000	-6.3481e+000	6.3476e+000	5.2500e-015
-5.540e+000	4.8034e-017	-9.3462e+000	-6.3481e+000	6.3476e+000	5.2500e-015
-5.530e+000	4.8034e-017	-9.3462e+000	-6.3481e+000	6.3476e+000	5.2500e-015
-5.520e+000	4.8034e-017	-9.3462e+000	-6.3481e+000	6.3476e+000	5.2500e-015
-5.510e+000	4.8034e-017	-9.3462e+000	-6.3481e+000	6.3476e+000	5.2500e-015
-5.500e+000	4.8034e-017	-9.3462e+000	-6.3481e+000	6.3476e+000	5.2500e-015
-5.490e+000	4.8034e-017	-9.3462e+000	-6.3481e+000	6.3476e+000	5.2500e-015
-5.480e+000	4.8034e-017	-9.3462e+000	-6.3481e+000	6.3476e+000	5.2500e-015
-5.470e+000	4.8034e-017	-9.3462e+000	-6.3481e+000	6.3476e+000	5.2500e-015
-5.460e+000	4.8034e-017	-9.3462e+000	-6.3481e+000	6.3476e+000	5.2500e-015
-5.450e+000	4.8034e-017	-9.3462e+000	-6.3481e+000	6.3476e+000	5.2500e-015
-5.440e+000	4.8034e-017	-9.3462e+000	-6.3481e+000	6.3476e+000	5.2500e-015
-5.430e+000	4.8034e-017	-9.3462e+000	-6.3481e+000	6.3476e+000	5.2500e-015
-5.420e+000	4.8034e-017	-9.3462e+000	-6.3481e+000	6.3476e+000	5.2500e-015
-5.410e+000	4.8034e-017	-9.3462e+000	-6.3481e+000	6.3476e+000	5.2500e-015
-5.400e+000	4.8034e-017	-9.3462e+000	-6.3481e+000	6.3476e+000	5.2500e-015
-5.390e+000	4.8034e-017	-9.3462e+000	-6.3481e+000	6.3476e+000	5.2500e-015
-5.380e+000	4.8034e-017	-9.3462e+000	-6.3481e+000	6.3476e+000	5.2500e-015
-5.370e+000	4.8034e-017	-9.3462e+000	-6.3481e+000	6.3476e+000	5.2500e-015
-5.360e+000	4.8034e-017	-9.3462e+000	-6.3481e+000	6.3476e+000	5.2500e-015
-5.350e+000	4.8034e-017	-9.3462e+000	-6.3481e+000	6.3476e+000	5.2500e-015
-5.340e+000	4.8034e-017	-9.3462e+000	-6.3481e+000	6.3476e+000	5.2500e-015
-5.330e+000	4.8034e-017	-9.3462e+000	-6.3481e+000	6.3476e+000	5.2500e-015
-5.320e+000	4.8034e-017	-9.3462e+000	-6.3481e+000	6.3476e+000	5.2500e-015
-5.310e+000	4.8034e-017	-9.3462e+000	-6.3481e+000	6.3476e+000	5.2500e-015
-5.300e+000	4.8034e-017	-9.3462e+000	-6.3481e+000	6.3476e+000	5.2500e-015
-5.290e+000	4.8034e-017	-9.3462e+000	-6.3481e+000	6.3476e+000	5.2500e-015
-5.280e+000	4.8034e-017	-9.3462e+000	-6.3481e+000	6.3476e+000	5.2500e-015
-5.270e+000	4.8034e-017	-9.3462e+000	-6.3481e+000	6.3476e+000	5.2500e-015
-5.260e+000	4.8034e-017	-9.3462e+000	-6.3481e+000	6.3476e+000	5.2500e-015
-5.250e+000	4.8034e-017	-9.3462e+000	-6.3481e+000	6.3476e+000	5.2500e-015
-5.240e+000	4.8034e-017	-9.3462e+000	-6.3481e+000	6.3476e+000	5.2500e-015
-5.230e+000	4.8034e-017	-9.3462e+000	-6.3481e+000	6.3476e+000	5.2500e-015
-5.220e+000	4.8034e-017	-9.3462e+000	-6.3481e+000	6.3476e+000	5.2500e-015
-5.210e+000	4.8034e-017	-9.3462e+000	-6.3481e+000	6.3476e+000	5.2500e-015
-5.200e+000	4.8034e-017	-9.3462e+000	-6.3481e+000	6.3476e+000	5.2500e-015
-5.190e+000	4.8034e-017	-9.3462e+000	-6.3481e+000	6.3476e+000	5.2500e-015
-5.180e+000	4.8034e-017	-9.3462e+000	-6.3481e+000	6.3476e+000	5.2500e-015
-5.170e+000	4.8034e-017	-9.3462e+000	-6.3481e+000	6.3476e+000	5.2500e-015
-5.160e+000	4.8034e-017	-9.3462e+000	-6.3481e+000	6.3476e+000	5.2500e-015
-5.150e+000	4.8034e-017	-9.3462e+000	-6.3481e+000	6.3476e+000	5.2500e-015
-5.140e+000	4.8034e-017	-9.3462e+000	-6.3481e+000	6.3476e+000	5.2500e-015
-5.130e+000	4.8034e-017	-9.3462e+000	-6.3481e+000	6.3476e+000	5.2500e-015
-5.120e+000	4.8034e-017	-9.3462e+000	-6.3481e+000	6.3476e+000	5.2500e-015
-5.110e+000	4.8034e-017	-9.3462e+000	-6.3481e+000	6.3476e+000	5.2500e-015
-5.100e+000	4.8034e-017	-9.3462e+000	-6.3481e+000	6.3476e+000	5.2500e-015
-5.090e+000	4.8034e-017	-9.3462e+000	-6.3481e+000	6.3476e+000	5.2500e-015
-5.080e+000	4.8034e-017	-9.3462e+000	-6.3481e+000	6.3476e+000	5.2500e-015
-5.070e+000	4.8034e-017	-9.3462e+000	-6.3481e+000	6.3476e+000	5.2500e-015
-5.060e+000	4.8034e-017	-9.3462e+000	-6.3481e+000	6.3476e+000	5.2500e-015
-5.050e+000	4.8034e-017	-9.3462e+000	-6.3481e+000	6.3476e+000	5.2500e-015
-5.040e+000	4.8034e-017	-9.3462e+000	-6.3481e+000	6.3476e+000	5.2500e-015
-5.030e+000	4.8034e-017	-9.3462e+000	-6.3481e+000	6.3476e+000	5.2500e-015
-5.020e+000	4.8034e-017	-9.3462e+000	-6.3481e+000	6.3476e+000	5.2500e-015
-5.010e+000	4.8034e-017	-9.3462e+000	-6.3481e+000	6.3476e+000	5.2500e-015
-5.000e+000	4.8034e-017	-9.3462e+000	-6.3481e+000	6.3476e+000	5.2500e-015
-4.990e+000	4.8034e-017	-9.3462e+000	-6.3481e+000	6.3476e+000	5.2500e-015
-4.980e+000	4.8034e-017	-9.3462e+000	-6.3481e+000	6.3476e+000	5.2500e-015
-4.970e+000	4.8034e-017	-9.3462e+000	-6.3481e+000	6.3476e+000	5.2500e-015
-4.960e+000	4.8034e-017	-9.3462e+000	-6.3481e+000	6.3476e+000	5.2500e-015
-4.950e+000	4.8034e-017	-9.3462e+000	-6.3481e+000	6.3476e+000	5.2500e-015
-4.940e+000	4.8034e-017	-9.3462e+000	-6.3481e+000	6.3476e+000	5.2500e-015
-4.930e+000	4.8034e-017	-9.3462e+000	-6.3481e+000	6.3476e+000	5.2500e-015
-4.920e+000	4.8034e-017	-9.3462e+000	-6.3481e+000	6.3476e+000	5.2500e-015
-4.910e+000	4.8034e-017	-9.3462e+000	-6.3481e+000	6.3476e+000	5.2500e-015
-4.900e+000	4.8034e-017	-9.3462e+000	-6.3481e+000	6.3476e+000	5.2500e-015
-4.890e+000	4.8034e-017	-9.3462e+000	-6.3481e+000	6.3476e+000	5.2500e-015
-4.880e+000	4.8034e-017	-9.3462e+000	-6.3481e+000	6.3476e+000	5.2500e-015
-4.870e+000	4.8034e-017	-9.3462e+000	-6.3481e+000	6.3476e+000	5.2500e-015
-4.860e+000	4.8034e-017	-9.3462e+000	-6.3481e+000	6.3476e+000	5.2500e-015
-4.850e+000	4.8034e-017	-9.3462e+000	-6.3481e+000	6.3476e+000	5.2500e-015
-4.840e+000	4.8034e-017	-9.3462e+000	-6.3481e+000	6.3476e+000	5.2500e-015
-4.830e+000	4.8034e-017	-9.3462e+000	-6.3481e+000	6.3476e+000	5.2500e-015
-4.820e+000	4.8034e-017	-9.3462e+000	-6.3481e+000	6.3476e+000	5.2500e-015
-4.810e+000	4.8034e-017	-9.3462e+000	-6.3481e+000	6.3476e+000	5.2500e-015
-4.800e+000	4.8034e-017	-9.3462e+000	-6.3481e+000	6.3476e+000	5.2500e-015
-4.790e+000	4.8034e-017	-9.3462e+000	-6.3481e+000	6.3476e+000	5.2500e-015
-4.780e+000	4.8034e-017	-9.3462e+000	-6.3481e+000	6.3476e+000	5.2500e-015
-4.770e+000	4.8034e-017	-9.3462e+000	-6.3481e+000	6.3476e+000	5.2500e-015
-4.760e+000	4.8034e-017	-9.3462e+000	-6.3481e+000	6.3476e+000	5.2500e-015
-4.750e+000	4.8034e-017	-9.3462e+000	-6.3481e+000	6.3476e+000	5.2500e-015
-4.740e+000	4.8034e-017	-9.3462e+000	-6.3481e+000	6.3476e+000	5.2500e-015
-4.730e+000	4.8034e-017	-9.3462e+000	-6.3481e+000	6.3476e+000	5.2500e-015
-4.720e+000	4.8034e-017	-9.3462e+000	-6.3481e+000	6.3476e+000	5.2500e-015
-4.710e+000	4.8034e-017	-9.3462e+000	-6.3481e+000	6.3476e+000	5.2500e-015
-4.700e+000	4.8034e-017	-9.3462e+000	-6.3481e+000	6.3476e+000	5.2500e-015
-4.690e+000	4.8034e-017	-9.3462e+000	-6.3481e+000	6.3476e+000	5.2500e-015
-4.680e+000	4.8034e-017	-9.3462e+000	-6.3481e+000	6.3476e+000	5.2500e-015
-4.670e+000	4.8034e-017	-9.3462e+000	-6.3481e+000	6.3476e+000	5.2500e-015
-4.660e+000	4.8034e-017	-9.3462e+000	-6.3481e+000	6.3476e+000	5.2500e-015
-4.650e+000	4.8034e-017	-9.3462e+000	-6.3481e+000	6.3476e+000	5.2500e-015
-4.640e+000	4.8034e-017	-9.3462e+000	-6.3481e+000	6.3476e+000	5.2500e-015
-4.630e+000	4.8034e-017	-9.3462e+000	-6.3481e+000	6.3476e+000	5.2500e-015
-4.620e+000	4.8034e-017	-9.3462e+000	-6.3481e+000	6.3476e+000	5.2500e-015
-4.610e+000	4.8034e-017	-9.3462e+000	-6.3481e+000	6.3476e+000	5.2500e-015
-4.600e+000	4.8034e-017	-9.3462e+000	-6.3481e+000	6.3476e+000	5.2500e-015
-4.590e+000	4.8034e-017	-9.3462e+000	-6.3481e+000	6.3476e+000	5.2500e-015
-4.580e+000	4.8034e-017	-9.3462e+000	-6.3481e+000	6.3476e+000	5.2500e-015
-4.570e+000	4.8034e-017	-9.3462e+000	-6.3481e+000	6.3476e+000	5.2500e-015
-4.560e+000	4.8034e-017	-9.3462e+000	-6.3481e+000	6.3476e+000	5.2500e-015
-4.550e+000	4.8034e-017	-9.3462e+000	-6.3481e+000	6.3476e+000	5.2500e-015
-4.540e+000	4.8034e-017	-9.3462e+000	-6.3481e+000	6.3476e+000	5.2500e-015
-4.530e+000	4.8034e-017	-9.3462e+000	-6.3481e+000	6.3476e+000	5.2500e-015
-4.520e+000	4.8034e-017	-9.3462e+000	-6.3481e+000	6.3476e+000	5.2500e-015
-4.510e+000	4.8034e-017	-9.3462e+000	-6.3481e+000	6.3476e+000	5.2500e-015
-4.500e+000	4.8034e-017	-9.3462e+000	-6.3481e+000	6.3476e+000	5.2500e-015
-4.490e+000	4.8034e-017	-9.3462e+000	-6.3481e+000	6.3476e+000	5.2500e-015
-4.480e+000	4.8034e-017	-9.3462e+000	-6.3481e+000	6.3476e+000	5.2500e-015
-4.470e+000	4.8034e-017	-9.3462e+000	-6.3481e+000	6.3476e+000	5.2500e-015
-4.460e+000	4.8034e-017	-9.3462e+000	-6.3481e+000	6.3476e+000	5.2500e-015
-4.450e+000	4.8034e-017	-9.3462e+000	-6.3481e+000	6.3476e+000	5.2500e-015
-4.440e+000	4.8034e-017	-9.3462e+000	-6.3481e+000	6.3476e+000	5.2500e-015
-4.430e+000	4.8034e-017	-9.3462e+000	-6.3481e+000	6.3476e+000	5.2500e-015
-4.420e+000	4.8034e-017	-9.3462e+000	-6.3481e+000	6.3476e+000	5.2500e-015
-4.410e+000	4.8034e-017	-9.3462e+000	-6.3481e+000	6.3476e+000	5.2500e-015
-4.400e+000	4.8034e-017	-9.3462e+000	-6.3481e+000	6.3476e+000	5.2500e-015
-4.390e+000	4.8034e-017	-9.3462e+000	-6.3481e+000	6.3476e+000	5.2500e-015
-4.380e+000	4.8034e-017	-9.3462e+000	-6.3481e+000	6.3476e+000	5.2500e-015
-4.370e+000	4.8034e-017	-9.3462e+000	-6.3481e+000	6.3476e+000	5.2500e-015
-4.360e+000	4.8034e-017	-9.3462e+000	-6.3481e+000	6.3476e+000	5.2500e-015
-4.350e+000	4.8034e-017	-9.3462e+000	-6.3481e+000	6.3476e+000	5.2500e-015
-4.340e+000	4.8034e-017	-9.3462e+000	-6.3481e+000	6.3476e+000	5.2500e-015
-4.330e+000	4.8034e-017	-9.3462e+000	-6.3481e+000	6.3476e+000	5.2500e-015
-4.320e+000	4.8034e-017	-9.3462e+000	-6.3481e+000	6.3476e+000	5.2500e-015
-4.310e+000	4.8034e-017	-9.3462e+000	-6.3481e+000	6.3476e+000	5.2500e-015
-4.300e+000	4.8034e-017	-9.3462e+000	-6.3481e+000	6.3476e+000	5.2500e-015
-4.290e+000	4.8034e-017	-9.3462e+000	-6.3481e+000	6.3476e+000	5.2500e-015
-4.280e+000	4.8034e-017	-9.3462e+000	-6.3481e+000	6.3476e+000	5.2500e-015
-4.270e+000	4.8034e-017	-9.3462e+000	-6.3481e+000	6.3476e+000	5.2500e-015
-4.260e+000	4.8034e-017	-9.3462e+000	-6.3481e+000	6.3476e+000	5.2500e-015
-4.250e+000	4.8034e-017	-9.3462e+000	-6.3481e+000	6.3476e+000	5.2500e-015
-4.240e+000	4.8034e-017	-9.3462e+000	-6.3481e+000	6.3476e+000	5.2500e-015
-4.230e+000	4.8034e-017	-9.3462e+000	-6.3481e+000	6.3476e+000	5.2500e-015
-4.220e+000	4.8034e-017	-9.3462e+000	-6.3481e+000	6.3476e+000	5.2500e-015
-4.210e+000	4.8034e-017	-9.3462e+000	-6.3481e+000	6.3476e+000	5.2500e-015
-4.200e+000	4.8034e-017	-9.3462e+000	-6.3481e+000	6.3476e+000	5.2500e-015
-4.190e+000	4.8034e-017	-9.3462e+000	-6.3481e+000	6.3476e+000	5.2500e-015
-4.180e+000	4.8034e-017	-9.3462e+000	-6.3481e+000	6.3476e+000	5.2500e-015
-4.170e+000	4.8034e-017	-9.3462e+000	-6.3481e+000	6.3476e+000	5.2500e-015
-4.160e+000	4.8034e-017	-9.3462e+000	-6.3481e+000	6.3476e+000	5.2500e-015
-4.150e+000	4.8034e-017	-9.3462e+000	-6.3481e+000	6.3476e+000	5.2500e-015
-4.140e+000	4.8034e-017	-9.3462e+000	-6.3481e+000	6.3476e+000	5.2500e-015
-4.130e+000	4.8034e-017	-9.3462e+000	-6.3481e+000	6.3476e+000	5.2500e-015
-4.120e+000	4.8034e-017	-9.3462e+000	-6.3481e+000	6.3476e+000	5.2500e-015
-4.110e+000	4.8034e-017	-9.3462e+000	-6.3482e+000	6.3476e+000	5.2500e-015
-4.100e+000	4.8034e-017	-9.3462e+000	-6.3482e+000	6.3476e+000	5.2500e-015
-4.090e+000	4.8034e-017	-9.3462e+000	-6.3482e+000	6.3476e+000	5.2500e-015
-4.080e+000	4.8034e-017	-9.3462e+000	-6.3482e+000	6.3476e+000	5.2500e-015
-4.070e+000	4.8034e-017	-9.3462e+000	-6.3482e+000	6.3476e+000	5.2500e-015
-4.060e+000	4.8034e-017	-9.3463e+000	-6.3482e+000	6.3476e+000	5.2500e-015
-4.050e+000	4.8035e-017	-9.3463e+000	-6.3482e+000	6.3476e+000	5.2500e-015
-4.040e+000	4.8035e-017	-9.3463e+000	-6.3482e+000	6.3477e+000	5.2500e-015
-4.030e+000	4.8035e-017	-9.3464e+000	-6.3483e+000	6.3477e+000	5.2500e-015
-4.020e+000	4.8036e-017	-9.3465e+000	-6.3484e+000	6.3478e+000	5.2500e-015
-4.010e+000	4.8037e-017	-9.3467e+000	-6.3485e+000	6.3479e+000	5.2500e-015
-4.000e+000	4.8038e-017	-9.3469e+000	-6.3486e+000	6.3480e+000	5.2500e-015
-3.990e+000	4.8039e-017	-9.3472e+000	-6.3488e+000	6.3483e+000	5.2500e-015
-3.980e+000	4.8042e-017	-9.3477e+000	-6.3492e+000	6.3486e+000	5.2500e-015
-3.970e+000	4.8045e-017	-9.3484e+000	-6.3496e+000	6.3491e+000	5.2500e-015
-3.960e+000	4.8051e-017	-9.3494e+000	-6.3504e+000	6.3498e+000	5.2500e-015
-3.950e+000	4.8059e-017	-9.3510e+000	-6.3514e+000	6.3508e+000	5.2500e-015
-3.940e+000	4.8070e-017	-9.3532e+000	-6.3529e+000	6.3524e+000	5.2500e-015
-3.930e+000	4.8087e-017	-9.3566e+000	-6.3552e+000	6.3546e+000	5.2500e-015
-3.920e+000	4.8113e-017	-9.3615e+000	-6.3585e+000	6.3580e+000	5.2500e-015
-3.910e+000	4.8150e-017	-9.3687e+000	-6.3634e+000	6.3628e+000	5.2500e-015
-3.900e+000	4.8204e-017	-9.3793e+000	-6.3706e+000	6.3701e+000	5.2500e-015
-3.890e+000	4.8285e-017	-9.3949e+000	-6.3812e+000	6.3807e+000	5.2500e-015
-3.880e+000	4.8403e-017	-9.4179e+000	-6.3969e+000	6.3963e+000	5.2500e-015
-3.870e+000	4.8577e-017	-9.4518e+000	-6.4199e+000	6.4193e+000	5.2500e-015
-3.860e+000	4.8833e-017	-9.5017e+000	-6.4538e+000	6.4532e+000	5.2500e-015
-3.850e+000	4.9211e-017	-9.5752e+000	-6.5037e+000	6.5031e+000	5.2500e-015
-3.840e+000	4.9767e-017	-9.6833e+000	-6.5771e+000	6.5766e+000	5.2500e-015
-3.830e+000	5.0617e-017	-9.8445e+000	-6.6853e+000	6.6847e+000	5.2500e-015
-3.820e+000	5.1790e-017	-1.0079e+001	-6.8465e+000	6.8440e+000	5.2500e-015
-3.810e+000	5.3564e-017	-1.0424e+001	-7.0809e+000	7.0784e+000	5.2500e-015
-3.800e+000	5.6223e-017	-1.0935e+001	-7.4261e+000	7.4235e+000	5.2500e-015
-3.790e+000	6.0060e-017	-1.1686e+001	-7.9372e+000	7.9317e+000	5.2500e-015
-3.780e+000	6.5729e-017	-1.2790e+001	-8.6878e+000	8.6799e+000	5.2500e-015
-3.770e+000	7.4088e-017	-1.4416e+001	-9.7922e+000	9.7814e+000	5.2500e-015
-3.760e+000	8.6406e-017	-1.6811e+001	-1.1418e+001	1.1403e+001	5.2500e-015
-3.750e+000	1.0451e-016	-2.0336e+001	-1.3813e+001	1.3791e+001	5.2500e-015
-3.740e+000	1.3123e-016	-2.5529e+001	-1.7338e+001	1.7306e+001	5.2500e-015
-3.730e+000	1.7048e-016	-3.3172e+001	-2.2531e+001	2.2482e+001	5.2500e-015
-3.720e+000	2.2832e-016	-4.4424e+001	-3.0174e+001	3.0102e+001	5.2500e-015
-3.710e+000	3.1347e-016	-6.0991e+001	-4.1426e+001	4.1320e+001	5.2500e-015
-3.700e+000	4.3883e-016	-8.5382e+001	-5.7993e+001	5.7838e+001	5.2500e-015
-3.690e+000	6.2337e-016	-1.2129e+002	-8.2384e+001	8.2156e+001	5.2500e-015
-3.680e+000	8.9514e-016	-1.7416e+002	-1.1829e+002	1.1796e+002	5.2500e-015
-3.670e+000	1.2952e-015	-2.5201e+002	-1.7117e+002	1.7067e+002	5.2500e-015
-3.660e+000	1.8842e-015	-3.6661e+002	-2.4901e+002	2.4828e+002	5.2500e-015
-3.650e+000	2.7514e-015	-5.3534e+002	-3.6361e+002	3.6254e+002	5.2500e-015
-3.640e+000	4.0282e-015	-7.8376e+002	-5.3234e+002	5.3077e+002	5.2500e-015
-3.630e+000	5.9080e-015	-1.1495e+003	-7.8076e+002	7.7845e+002	5.2500e-015
-3.620e+000	8.6755e-015	-1.6880e+003	-1.1465e+003	1.1431e+003	5.2500e-015
-3.610e+000	1.2750e-014	-2.4808e+003	-1.6850e+003	1.6800e+003	5.2500e-015
-3.600e+000	1.8749e-014	-3.6480e+003	-2.4778e+003	2.4704e+003	5.2500e-015
-3.590e+000	2.7582e-014	-5.3665e+003	-3.6450e+003	3.6341e+003	5.2500e-015
-3.580e+000	4.0585e-014	-7.8967e+003	-5.3635e+003	5.3475e+003	5.2500e-015
-3.570e+000	5.9731e-014	-1.1622e+004	-7.8937e+003	7.8701e+003	5.2500e-015
-3.560e+000	8.7918e-014	-1.7106e+004	-1.1619e+004	1.1584e+004	5.2500e-015
-3.550e+000	1.2942e-013	-2.5181e+004	-1.7103e+004	1.7052e+004	5.2500e-015
-3.540e+000	1.9052e-013	-3.7069e+004	-2.5178e+004	2.5102e+004	5.2500e-015
-3.530e+000	2.8047e-013	-5.4571e+004	-3.7066e+004	3.6955e+004	5.2500e-015
-3.520e+000	4.1291e-013	-8.0340e+004	-5.4568e+004	5.4405e+004	5.2500e-015
-3.510e+000	6.0789e-013	-1.1828e+005	-8.0337e+004	8.0097e+004	5.2500e-015
-3.500e+000	8.9496e-013	-1.7413e+005	-1.1828e+005	1.1792e+005	5.2500e-015
-3.490e+000	1.3176e-012	-2.5637e+005	-1.7413e+005	1.7361e+005	5.2500e-015
-3.480e+000	1.9398e-012	-3.7744e+005	-2.5637e+005	2.5560e+005	5.2500e-015
-3.470e+000	2.8558e-012	-5.5568e+005	-3.7743e+005	3.7630e+005	5.2500e-015
-3.460e+000	4.2042e-012	-8.1808e+005	-5.5567e+005	5.5401e+005	5.2500e-015
-3.450e+000	6.1893e-012	-1.2044e+006	-8.1808e+005	8.1563e+005	5.2500e-015
-3.440e+000	9.1111e-012	-1.7730e+006	-1.2044e+006	1.2008e+006	5.2500e-015
-3.430e+000	1.3411e-011	-2.6101e+006	-1.7730e+006	1.7677e+006	5.2500e-015
-3.420e+000	1.9740e-011	-3.8422e+006	-2.6101e+006	2.6023e+006	5.2500e-015
-3.410e+000	2.9050e-011	-5.6553e+006	-3.8422e+006	3.8307e+006	5.2500e-015
-3.400e+000	4.2743e-011	-8.3231e+006	-5.6553e+006	5.6384e+006	5.2500e-015
-3.390e+000	6.2871e-011	-1.2247e+007	-8.3231e+006	8.2982e+006	5.2500e-015
-3.380e+000	9.2437e-011	-1.8017e+007	-1.2247e+007	1.2211e+007	5.2500e-015
-3.370e+000	1.3582e-010	-2.6494e+007	-1.8017e+007	1.7963e+007	5.2500e-015
-3.360e+000	1.9938e-010	-3.8938e+007	-2.6494e+007	2.6415e+007	5.2500e-015
-3.350e+000	2.9227e-010	-5.7180e+007	-3.8938e+007	3.8822e+007	5.2500e-015
-3.340e+000	4.2760e-010	-8.3869e+007	-5.7180e+007	5.7009e+007	5.2500e-015
-3.330e+000	6.2380e-010	-1.2280e+008	-8.3869e+007	8.3619e+007	5.2500e-015
-3.320e+000	9.0630e-010	-1.7937e+008	-1.2280e+008	1.2244e+008	5.2500e-015
-3.310e+000	1.3092e-009	-2.6108e+008	-1.7937e+008	1.7884e+008	5.2500e-015
-3.300e+000	1.8761e-009	-3.7818e+008	-2.6108e+008	2.6031e+008	5.2500e-015
-3.290e+000	2.6599e-009	-5.4419e+008	-3.7818e+008	3.7707e+008	5.2500e-015
-3.280e+000	3.7187e-009	-7.7629e+008	-5.4419e+008	5.4262e+008	5.2500e-015
-3.270e+000	5.1092e-009	-1.0952e+009	-7.7629e+008	7.7408e+008	5.2500e-015
-3.260e+000	6.8770e-009	-1.5244e+009	-1.0952e+009	1.0921e+009	5.2500e-015
-3.250e+000	9.0481e-009	-2.0892e+009	-1.5244e+009	1.5202e+009	5.2500e-015
-3.240e+000	1.1627e-008	-2.8149e+009	-2.0892e+009	2.0836e+009	5.2500e-015
-3.230e+000	1.4606e-008	-3.7265e+009	-2.8149e+009	2.8077e+009	5.2500e-015
-3.220e+000	1.7973e-008	-4.8483e+009	-3.7265e+009	3.7175e+009	5.2500e-015
-3.210e+000	2.1731e-008	-6.2046e+009	-4.8483e+009	4.8372e+009	5.2500e-015
-3.200e+000	2.5898e-008	-7.8210e+009	-6.2046e+009	6.1914e+009	5.2500e-015
-3.190e+000	3.0506e-008	-9.7251e+009	-7.8210e+009	7.8056e+009	5.2500e-015
-3.180e+000	3.5597e-008	-1.1947e+010	-9.7251e+009	9.7074e+009	5.2500e-015
-3.170e+000	4.1209e-008	-1.4519e+010	-1.1947e+010	1.1927e+010	5.2500e-015
-3.160e+000	4.7373e-008	-1.7476e+010	-1.4519e+010	1.4497e+010	5.2500e-015
-3.150e+000	5.4100e-008	-2.0852e+010	-1.7476e+010	1.7452e+010	5.2500e-015
-3.140e+000	6.1379e-008	-2.4683e+010	-2.0852e+010	2.0827e+010	5.2500e-015
-3.130e+000	6.9175e-008	-2.9001e+010	-2.4683e+010	2.4656e+010	5.2500e-015
-3.120e+000	7.7430e-008	-3.3834e+010	-2.9001e+010	2.8972e+010	5.2500e-015
-3.110e+000	8.6064e-008	-3.9205e+010	-3.3834e+010	3.3804e+010	5.2500e-015
-3.100e+000	9.4982e-008	-4.5134e+010	-3.9205e+010	3.9174e+010	5.2500e-015
-3.090e+000	1.0408e-007	-5.1630e+010	-4.5134e+010	4.5102e+010	5.2500e-015
-3.080e+000	1.1325e-007	-5.8698e+010	-5.1630e+010	5.1597e+010	5.2500e-015
-3.070e+000	1.2240e-007	-6.6338e+010	-5.8698e+010	5.8665e+010	5.2500e-015
-3.060e+000	1.3142e-007	-7.4540e+010	-6.6338e+010	6.6303e+010	5.2500e-015
-3.050e+000	1.4024e-007	-8.3293e+010	-7.4540e+010	7.4505e+010	5.2500e-015
-3.040e+000	1.4879e-007	-9.2580e+010	-8.3293e+010	8.3258e+010	5.2500e-015
-3.030e+000	1.5703e-007	-1.0238e+011	-9.2580e+010	9.2544e+010	5.2500e-015
-3.020e+000	1.6449e-007	-1.1265e+011	-1.0238e+011	1.0235e+011	5.2500e-015
-3.010e+000	1.7190e-007	-1.2338e+011	-1.1265e+011	1.1261e+011	5.2500e-015
-3.000e+000	1.7894e-007	-1.3455e+011	-1.2338e+011	1.2334e+011	5.2500e-015
-2.990e+000	1.8572e-007	-1.4614e+011	-1.3455e+011	1.3451e+011	5.2500e-015
-2.980e+000	1.9185e-007	-1.5811e+011	-1.4614e+011	1.4610e+011	5.2500e-015
-2.970e+000	1.9785e-007	-1.7046e+011	-1.5811e+011	1.5807e+011	5.2500e-015
-2.960e+000	2.0336e-007	-1.8315e+011	-1.7046e+011	1.7042e+011	5.2500e-015
-2.950e+000	2.0853e-007	-1.9617e+011	-1.8315e+011	1.8311e+011	5.2500e-015
-2.940e+000	2.1337e-007	-2.0949e+011	-1.9617e+011	1.9613e+011	5.2500e-015
-2.930e+000	2.1791e-007	-2.2309e+011	-2.0949e+011	2.0945e+011	5.2500e-015
-2.920e+000	2.2220e-007	-2.3696e+011	-2.2309e+011	2.2305e+011	5.2500e-015
-2.910e+000	2.2610e-007	-2.5107e+011	-2.3696e+011	2.3692e+011	5.2500e-015
-2.900e+000	2.2982e-007	-2.6541e+011	-2.5107e+011	2.5103e+011	5.2500e-015
-2.890e+000	2.3333e-007	-2.7997e+011	-2.6541e+011	2.6537e+011	5.2500e-015
-2.880e+000	2.3654e-007	-2.9474e+011	-2.7997e+011	2.7994e+011	5.2500e-015
-2.870e+000	2.3962e-007	-3.0969e+011	-2.9474e+011	2.9470e+011	5.2500e-015
-2.860e+000	2.4244e-007	-3.2483e+011	-3.0969e+011	3.0966e+011	5.2500e-015
-2.850e+000	2.4515e-007	-3.4013e+011	-3.2483e+011	3.2479e+011	5.2500e-015
-2.840e+000	2.4766e-007	-3.5559e+011	-3.4013e+011	3.4009e+011	5.2500e-015
-2.830e+000	2.5000e-007	-3.7119e+011	-3.5559e+011	3.5555e+011	5.2500e-015
-2.820e+000	2.5225e-007	-3.8693e+011	-3.7119e+011	3.7115e+011	5.2500e-015
-2.810e+000	2.5434e-007	-4.0281e+011	-3.8693e+011	3.8689e+011	5.2500e-015
-2.800e+000	2.5629e-007	-4.1880e+011	-4.0281e+011	4.0277e+011	5.2500e-015
-2.790e+000	2.5817e-007	-4.3492e+011	-4.1880e+011	4.1876e+011	5.2500e-015
-2.780e+000	2.5992e-007	-4.5114e+011	-4.3492e+011	4.3488e+011	5.2500e-015
-2.770e+000	2.6158e-007	-4.6747e+011	-4.5114e+011	4.5110e+011	5.2500e-015
-2.760e+000	2.6315e-007	-4.8389e+011	-4.6747e+011	4.6743e+011	5.2500e-015
-2.750e+000	2.6461e-007	-5.0041e+011	-4.8389e+011	4.8385e+011	5.2500e-015
-2.740e+000	2.6603e-007	-5.1701e+011	-5.0041e+011	5.0037e+011	5.2500e-015
-2.730e+000	2.6736e-007	-5.3370e+011	-5.1701e+011	5.1697e+011	5.2500e-015
-2.720e+000	2.6862e-007	-5.5046e+011	-5.3370e+011	5.3366e+011	5.2500e-015
-2.710e+000	2.6982e-007	-5.6731e+011	-5.5046e+011	5.5043e+011	5.2500e-015
-2.700e+000	2.7096e-007	-5.8422e+011	-5.6731e+011	5.6727e+011	5.2500e-015
-2.690e+000	2.7203e-007	-6.0120e+011	-5.8422e+011	5.8418e+011	5.2500e-015
-2.680e+000	2.7307e-007	-6.1824e+011	-6.0120e+011	6.0116e+011	5.2500e-015
-2.670e+000	2.7406e-007	-6.3535e+011	-6.1824e+011	6.1820e+011	5.2500e-015
-2.660e+000	2.7499e-007	-6.5251e+011	-6.3535e+011	6.3531e+011	5.2500e-015
-2.650e+000	2.7588e-007	-6.6973e+011	-6.5251e+011	6.5247e+011	5.2500e-015
-2.640e+000	2.7674e-007	-6.8700e+011	-6.6973e+011	6.6969e+011	5.2500e-015
-2.630e+000	2.7755e-007	-7.0432e+011	-6.8700e+011	6.8696e+011	5.2500e-015
-2.620e+000	2.7833e-007	-7.2170e+011	-7.0432e+011	7.0428e+011	5.2500e-015
-2.610e+000	2.7906e-007	-7.3911e+011	-7.2170e+011	7.2166e+011	5.2500e-015
-2.600e+000	2.7978e-007	-7.5658e+011	-7.3911e+011	7.3907e+011	5.2500e-015
-2.590e+000	2.8046e-007	-7.7408e+011	-7.5658e+011	7.5654e+011	5.2500e-015
-2.580e+000	2.8112e-007	-7.9163e+011	-7.7408e+011	7.7404e+011	5.2500e-015
-2.570e+000	2.8174e-007	-8.0921e+011	-7.9163e+011	7.9159e+011	5.2500e-015
-2.560e+000	2.8234e-007	-8.2683e+011	-8.0921e+011	8.0917e+011	5.2500e-015
-2.550e+000	2.8292e-007	-8.4449e+011	-8.2683e+011	8.2679e+011	5.2500e-015
-2.540e+000	2.8347e-007	-8.6219e+011	-8.4449e+011	8.4445e+011	5.2500e-015
-2.530e+000	2.8401e-007	-8.7991e+011	-8.6219e+011	8.6215e+011	5.2500e-015
-2.520e+000	2.8452e-007	-8.9767e+011	-8.7991e+011	8.7987e+011	5.2500e-015
-2.510e+000	2.8501e-007	-9.1546e+011	-8.9767e+011	8.9763e+011	5.2500e-015
-2.500e+000	2.8549e-007	-9.3328e+011	-9.1546e+011	9.1542e+011	5.2500e-015
-2.490e+000	2.8594e-007	-9.5113e+011	-9.3328e+011	9.3324e+011	5.2500e-015
-2.480e+000	2.8638e-007	-9.6900e+011	-9.5113e+011	9.5109e+011	5.2500e-015
-2.470e+000	2.8681e-007	-9.8690e+011	-9.6900e+011	9.6896e+011	5.2500e-015
-2.460e+000	2.8722e-007	-1.0048e+012	-9.8690e+011	9.8686e+011	5.2500e-015
-2.450e+000	2.8762e-007	-1.0228e+012	-1.0048e+012	1.0048e+012	5.2500e-015
-2.440e+000	2.8800e-007	-1.0408e+012	-1.0228e+012	1.0227e+012	5.2500e-015
-2.430e+000	2.8837e-007	-1.0588e+012	-1.0408e+012	1.0407e+012	5.2500e-015
-2.420e+000	2.8872e-007	-1.0768e+012	-1.0588e+012	1.0587e+012	5.2500e-015
-2.410e+000	2.8907e-007	-1.0948e+012	-1.0768e+012	1.0767e+012	5.2500e-015
-2.400e+000	2.8940e-007	-1.1129e+012	-1.0948e+012	1.0948e+012	5.2500e-015
-2.390e+000	2.8973e-007	-1.1310e+012	-1.1129e+012	1.1128e+012	5.2500e-015
-2.380e+000	2.9004e-007	-1.1491e+012	-1.1310e+012	1.1309e+012	5.2500e-015
-2.370e+000	2.9034e-007	-1.1672e+012	-1.1491e+012	1.1490e+012	5.2500e-015
-2.360e+000	2.9064e-007	-1.1853e+012	-1.1672e+012	1.1671e+012	5.2500e-015
-2.350e+000	2.9092e-007	-1.2035e+012	-1.1853e+012	1.1853e+012	5.2500e-015
-2.340e+000	2.9120e-007	-1.2217e+012	-1.2035e+012	1.2034e+012	5.2500e-015
-2.330e+000	2.9146e-007	-1.2399e+012	-1.2217e+012	1.2216e+012	5.2500e-015
-2.320e+000	2.9172e-007	-1.2581e+012	-1.2399e+012	1.2398e+012	5.2500e-015
-2.310e+000	2.9198e-007	-1.2763e+012	-1.2581e+012	1.2580e+012	5.2500e-015
-2.300e+000	2.9222e-007	-1.2945e+012	-1.2763e+012	1.2762e+012	5.2500e-015
-2.290e+000	2.9246e-007	-1.3128e+012	-1.2945e+012	1.2945e+012	5.2500e-015
-2.280e+000	2.9269e-007	-1.3310e+012	-1.3128e+012	1.3127e+012	5.2500e-015
-2.270e+000	2.9292e-007	-1.3493e+012	-1.3310e+012	1.3310e+012	5.2500e-015
-2.260e+000	2.9314e-007	-1.3676e+012	-1.3493e+012	1.3493e+012	5.2500e-015
-2.250e+000	2.9335e-007	-1.3859e+012	-1.3676e+012	1.3676e+012	5.2500e-015
-2.240e+000	2.9356e-007	-1.4043e+012	-1.3859e+012	1.3859e+012	5.2500e-015
-2.230e+000	2.9376e-007	-1.4226e+012	-1.4043e+012	1.4042e+012	5.2500e-015
-2.220e+000	2.9396e-007	-1.4409e+012	-1.4226e+012	1.4225e+012	5.2500e-015
-2.210e+000	2.9415e-007	-1.4593e+012	-1.4409e+012	1.4409e+012	5.2500e-015
-2.200e+000	2.9434e-007	-1.4777e+012	-1.4593e+012	1.4593e+012	5.2500e-015
-2.190e+000	2.9452e-007	-1.4960e+012	-1.4777e+012	1.4776e+012	5.2500e-015
-2.180e+000	2.9470e-007	-1.5144e+012	-1.4960e+012	1.4960e+012	5.2500e-015
-2.170e+000	2.9487e-007	-1.5328e+012	-1.5144e+012	1.5144e+012	5.2500e-015
-2.160e+000	2.9504e-007	-1.5513e+012	-1.5328e+012	1.5328e+012	5.2500e-015
-2.150e+000	2.9520e-007	-1.5697e+012	-1.5513e+012	1.5512e+012	5.2500e-015
-2.140e+000	2.9537e-007	-1.5881e+012	-1.5697e+012	1.5696e+012	5.2500e-015
-2.130e+000	2.9552e-007	-1.6066e+012	-1.5881e+012	1.5881e+012	5.2500e-015
-2.120e+000	2.9568e-007	-1.6250e+012	-1.6066e+012	1.6065e+012	5.2500e-015
-2.110e+000	2.9583e-007	-1.6435e+012	-1.6250e+012	1.6250e+012	5.2500e-015
-2.100e+000	2.9597e-007	-1.6620e+012	-1.6435e+012	1.6434e+012	5.2500e-015
-2.090e+000	2.9612e-007	-1.6804e+012	-1.6620e+012	1.6619e+012	5.2500e-015
-2.080e+000	2.9626e-007	-1.6989e+012	-1.6804e+012	1.6804e+012	5.2500e-015
-2.070e+000	2.9640e-007	-1.7174e+012	-1.6989e+012	1.6989e+012	5.2500e-015
-2.060e+000	2.9653e-007	-1.7359e+012	-1.7174e+012	1.7174e+012	5.2500e-015
-2.050e+000	2.9666e-007	-1.7545e+012	-1.7359e+012	1.7359e+012	5.2500e-015
-2.040e+000	2.9679e-007	-1.7730e+012	-1.7545e+012	1.7544e+012	5.2500e-015
-2.030e+000	2.9692e-007	-1.7915e+012	-1.7730e+012	1.7729e+012	5.2500e-015
-2.020e+000	2.9704e-007	-1.8101e+012	-1.7915e+012	1.7915e+012	5.2500e-015
-2.010e+000	2.9716e-007	-1.8286e+012	-1.8101e+012	1.8100e+012	5.2500e-015
-2.000e+000	2.9728e-007	-1.8472e+012	-1.8286e+012	1.8286e+012	5.2500e-015
-1.990e+000	2.9740e-007	-1.8657e+012	-1.8472e+012	1.8471e+012	5.2500e-015
-1.980e+000	2.9751e-007	-1.8843e+012	-1.8657e+012	1.8657e+012	5.2500e-015
-1.970e+000	2.9762e-007	-1.9029e+012	-1.8843e+012	1.8842e+012	5.2500e-015
-1.960e+000	2.9773e-007	-1.9214e+012	-1.9029e+012	1.9028e+012	5.2500e-015
-1.950e+000	2.9784e-007	-1.9400e+012	-1.9214e+012	1.9214e+012	5.2500e-015
-1.940e+000	2.9794e-007	-1.9586e+012	-1.9400e+012	1.9400e+012	5.2500e-015
-1.930e+000	2.9805e-007	-1.9772e+012	-1.9586e+012	1.9586e+012	5.2500e-015
-1.920e+000	2.9815e-007	-1.9958e+012	-1.9772e+012	1.9772e+012	5.2500e-015
-1.910e+000	2.9825e-007	-2.0145e+012	-1.9958e+012	1.9958e+012	5.2500e-015
-1.900e+000	2.9835e-007	-2.0331e+012	-2.0145e+012	2.0144e+012	5.2500e-015
-1.890e+000	2.9844e-007	-2.0517e+012	-2.0331e+012	2.0330e+012	5.2500e-015
-1.880e+000	2.9854e-007	-2.0703e+012	-2.0517e+012	2.0517e+012	5.2500e-015
-1.870e+000	2.9863e-007	-2.0890e+012	-2.0703e+012	2.0703e+012	5.2500e-015
-1.860e+000	2.9872e-007	-2.1076e+012	-2.0890e+012	2.0889e+012	5.2500e-015
-1.850e+000	2.9881e-007	-2.1263e+012	-2.1076e+012	2.1076e+012	5.2500e-015
-1.840e+000	2.9890e-007	-2.1449e+012	-2.1263e+012	2.1262e+012	5.2500e-015
-1.830e+000	2.9898e-007	-2.1636e+012	-2.1449e+012	2.1449e+012	5.2500e-015
-1.820e+000	2.9907e-007	-2.1823e+012	-2.1636e+012	2.1636e+012	5.2500e-015
-1.810e+000	2.9915e-007	-2.2009e+012	-2.1823e+012	2.1822e+012	5.2500e-015
-1.800e+000	2.9924e-007	-2.2196e+012	-2.2009e+012	2.2009e+012	5.2500e-015
-1.790e+000	2.9932e-007	-2.2383e+012	-2.2196e+012	2.2196e+012	5.2500e-015
-1.780e+000	2.9940e-007	-2.2570e+012	-2.2383e+012	2.2382e+012	5.2500e-015
-1.770e+000	2.9947e-007	-2.2757e+012	-2.2570e+012	2.2569e+012	5.2500e-015
-1.760e+000	2.9955e-007	-2.2944e+012	-2.2757e+012	2.2756e+012	5.2500e-015
-1.750e+000	2.9963e-007	-2.3131e+012	-2.2944e+012	2.2943e+012	5.2500e-015
-1.740e+000	2.9970e-007	-2.3318e+012	-2.3131e+012	2.3130e+012	5.2500e-015
-1.730e+000	2.9978e-007	-2.3505e+012	-2.3318e+012	2.3317e+012	5.2500e-015
-1.720e+000	2.9985e-007	-2.3692e+012	-2.3505e+012	2.3504e+012	5.2500e-015
-1.710e+000	2.9992e-007	-2.3879e+012	-2.3692e+012	2.3692e+012	5.2500e-015
-1.700e+000	2.9999e-007	-2.4066e+012	-2.3879e+012	2.3879e+012	5.2500e-015
-1.690e+000	3.0006e-007	-2.4254e+012	-2.4066e+012	2.4066e+012	5.2500e-015
-1.680e+000	3.0013e-007	-2.4441e+012	-2.4254e+012	2.4253e+012	5.2500e-015
-1.670e+000	3.0019e-007	-2.4628e+012	-2.4441e+012	2.4441e+012	5.2500e-015
-1.660e+000	3.0026e-007	-2.4816e+012	-2.4628e+012	2.4628e+012	5.2500e-015
-1.650e+000	3.0033e-007	-2.5003e+012	-2.4816e+012	2.4815e+012	5.2500e-015
-1.640e+000	3.0039e-007	-2.5191e+012	-2.5003e+012	2.5003e+012	5.2500e-015
-1.630e+000	3.0045e-007	-2.5378e+012	-2.5191e+012	2.5190e+012	5.2500e-015
-1.620e+000	3.0052e-007	-2.5566e+012	-2.5378e+012	2.5378e+012	5.2500e-015
-1.610e+000	3.0058e-007	-2.5753e+012	-2.5566e+012	2.5565e+012	5.2500e-015
-1.600e+000	3.0064e-007	-2.5941e+012	-2.5753e+012	2.5753e+012	5.2500e-015
-1.590e+000	3.0070e-007	-2.6129e+012	-2.5941e+012	2.5941e+012	5.2500e-015
-1.580e+000	3.0076e-007	-2.6316e+012	-2.6129e+012	2.6128e+012	5.2500e-015
-1.570e+000	3.0082e-007	-2.6504e+012	-2.6316e+012	2.6316e+012	5.2500e-015
-1.560e+000	3.0088e-007	-2.6692e+012	-2.6504e+012	2.6504e+012	5.2500e-015
-1.550e+000	3.0093e-007	-2.6880e+012	-2.6692e+012	2.6692e+012	5.2500e-015
-1.540e+000	3.0099e-007	-2.7068e+012	-2.6880e+012	2.6879e+012	5.2500e-015
-1.530e+000	3.0104e-007	-2.7256e+012	-2.7068e+012	2.7067e+012	5.2500e-015
-1.520e+000	3.0110e-007	-2.7444e+012	-2.7256e+012	2.7255e+012	5.2500e-015
-1.510e+000	3.0115e-007	-2.7631e+012	-2.7444e+012	2.7443e+012	5.2500e-015
-1.500e+000	3.0121e-007	-2.7819e+012	-2.7631e+012	2.7631e+012	5.2500e-015
-1.490e+000	3.0126e-007	-2.8007e+012	-2.7819e+012	2.7819e+012	5.2500e-015
-1.480e+000	3.0131e-007	-2.8196e+012	-2.8007e+012	2.8007e+012	5.2500e-015
-1.470e+000	3.0136e-007	-2.8384e+012	-2.8196e+012	2.8195e+012	5.2500e-015
-1.460e+000	3.0141e-007	-2.8572e+012	-2.8384e+012	2.8383e+012	5.2500e-015
-1.450e+000	3.0146e-007	-2.8760e+012	-2.8572e+012	2.8571e+012	5.2500e-015
-1.440e+000	3.0151e-007	-2.8948e+012	-2.8760e+012	2.8760e+012	5.2500e-015
-1.430e+000	3.0156e-007	-2.9136e+012	-2.8948e+012	2.8948e+012	5.2500e-015
-1.420e+000	3.0161e-007	-2.9325e+012	-2.9136e+012	2.9136e+012	5.2500e-015
-1.410e+000	3.0166e-007	-2.9513e+012	-2.9325e+012	2.9324e+012	5.2500e-015
-1.400e+000	3.0171e-007	-2.9701e+012	-2.9513e+012	2.9512e+012	5.2500e-015
-1.390e+000	3.0175e-007	-2.9890e+012	-2.9701e+012	2.9701e+012	5.2500e-015
-1.380e+000	3.0180e-007	-3.0078e+012	-2.9890e+012	2.9889e+012	5.2500e-015
-1.370e+000	3.0185e-007	-3.0266e+012	-3.0078e+012	3.0078e+012	5.2500e-015
-1.360e+000	3.0189e-007	-3.0455e+012	-3.0266e+012	3.0266e+012	5.2500e-015
-1.350e+000	3.0194e-007	-3.0643e+012	-3.0455e+012	3.0454e+012	5.2500e-015
-1.340e+000	3.0198e-007	-3.0832e+012	-3.0643e+012	3.0643e+012	5.2500e-015
-1.330e+000	3.0203e-007	-3.1020e+012	-3.0832e+012	3.0831e+012	5.2500e-015
-1.320e+000	3.0207e-007	-3.1209e+012	-3.1020e+012	3.1020e+012	5.2500e-015
-1.310e+000	3.0212e-007	-3.1397e+012	-3.1209e+012	3.1208e+012	5.2500e-015
-1.300e+000	3.0216e-007	-3.1586e+012	-3.1397e+012	3.1397e+012	5.2500e-015
-1.290e+000	3.0221e-007	-3.1775e+012	-3.1586e+012	3.1585e+012	5.2500e-015
-1.280e+000	3.0225e-007	-3.1963e+012	-3.1775e+012	3.1774e+012	5.2500e-015
-1.270e+000	3.0230e-007	-3.2152e+012	-3.1963e+012	3.1963e+012	5.2500e-015
-1.260e+000	3.0234e-007	-3.2341e+012	-3.2152e+012	3.2151e+012	5.2500e-015
-1.250e+000	3.0239e-007	-3.2529e+012	-3.2341e+012	3.2340e+012	5.2500e-015
-1.240e+000	3.0244e-007	-3.2718e+012	-3.2529e+012	3.2529e+012	5.2500e-015
-1.230e+000	3.0249e-007	-3.2907e+012	-3.2718e+012	3.2718e+012	5.2500e-015
-1.220e+000	3.0255e-007	-3.3096e+012	-3.2907e+012	3.2906e+012	5.2500e-015
-1.210e+000	3.0261e-007	-3.3285e+012	-3.3096e+012	3.3095e+012	5.2500e-015
-1.200e+000	3.0267e-007	-3.3473e+012	-3.3285e+012	3.3284e+012	5.2500e-015
-1.190e+000	3.0274e-007	-3.3662e+012	-3.3473e+012	3.3473e+012	5.2500e-015
-1.180e+000	3.0282e-007	-3.3851e+012	-3.3662e+012	3.3662e+012	5.2500e-015
-1.170e+000	3.0291e-007	-3.4040e+012	-3.3851e+012	3.3851e+012	5.2500e-015
-1.160e+000	3.0302e-007	-3.4230e+012	-3.4040e+012	3.4040e+012	5.2500e-015
-1.150e+000	3.0315e-007	-3.4419e+012	-3.4230e+012	3.4229e+012	5.2500e-015
-1.140e+000	3.0331e-007	-3.4608e+012	-3.4419e+012	3.4418e+012	5.2500e-015
-1.130e+000	3.0350e-007	-3.4798e+012	-3.4608e+012	3.4608e+012	5.2500e-015
-1.120e+000	3.0373e-007	-3.4987e+012	-3.4798e+012	3.4797e+012	5.2500e-015
-1.110e+000	3.0403e-007	-3.5177e+012	-3.4987e+012	3.4987e+012	5.2500e-015
-1.100e+000	3.0440e-007	-3.5367e+012	-3.5177e+012	3.5176e+012	5.2500e-015
-1.090e+000	3.0486e-007	-3.5557e+012	-3.5367e+012	3.5366e+012	5.2500e-015
-1.080e+000	3.0546e-007	-3.5748e+012	-3.5557e+012	3.5557e+012	5.2500e-015
-1.070e+000	3.0621e-007	-3.5939e+012	-3.5748e+012	3.5747e+012	5.2500e-015
-1.060e+000	3.0716e-007	-3.6131e+012	-3.5939e+012	3.5939e+012	5.2500e-015
-1.050e+000	3.0839e-007	-3.6323e+012	-3.6131e+012	3.6130e+012	5.2500e-015
-1.040e+000	3.0994e-007	-3.6517e+012	-3.6323e+012	3.6323e+012	5.2500e-015
-1.030e+000	3.1192e-007	-3.6711e+012	-3.6517e+012	3.6516e+012	5.2500e-015
-1.020e+000	3.1410e-007	-3.6907e+012	-3.6711e+012	3.6711e+012	5.2500e-015
-1.010e+000	3.1740e-007	-3.7105e+012	-3.6907e+012	3.6907e+012	5.2500e-015
-1.000e+000	3.2128e-007	-3.7306e+012	-3.7105e+012	3.7105e+012	5.2500e-015
-9.900e-001	3.2610e-007	-3.7509e+012	-3.7306e+012	3.7306e+012	5.2500e-015
-9.800e-001	3.3202e-007	-3.7717e+012	-3.7509e+012	3.7509e+012	5.2500e-015
-9.700e-001	3.3921e-007	-3.7928e+012	-3.7717e+012	3.7716e+012	5.2500e-015
-9.600e-001	3.4783e-007	-3.8146e+012	-3.7928e+012	3.7928e+012	5.2500e-015
-9.500e-001	3.5798e-007	-3.8369e+012	-3.8146e+012	3.8145e+012	5.2500e-015
-9.400e-001	3.6971e-007	-3.8600e+012	-3.8369e+012	3.8369e+012	5.2500e-015
-9.300e-001	3.8299e-007	-3.8839e+012	-3.8600e+012	3.8599e+012	5.2500e-015
-9.200e-001	3.9770e-007	-3.9087e+012	-3.8839e+012	3.8838e+012	5.2500e-015
-9.100e-001	4.1360e-007	-3.9345e+012	-3.9087e+012	3.9087e+012	5.2500e-015
-9.000e-001	4.3040e-007	-3.9614e+012	-3.9345e+012	3.9345e+012	5.2500e-015
-8.900e-001	4.4774e-007	-3.9893e+012	-3.9614e+012	3.9613e+012	5.2500e-015
-8.800e-001	4.6527e-007	-4.0184e+012	-3.9893e+012	3.9893e+012	5.2500e-015
-8.700e-001	4.8266e-007	-4.0485e+012	-4.0184e+012	4.0183e+012	5.2500e-015
-8.600e-001	4.9962e-007	-4.0797e+012	-4.0485e+012	4.0484e+012	5.2500e-015
-8.500e-001	5.1574e-007	-4.1119e+012	-4.0797e+012	4.0796e+012	5.2500e-015
-8.400e-001	5.3135e-007	-4.1450e+012	-4.1119e+012	4.1118e+012	5.2500e-015
-8.300e-001	5.4592e-007	-4.1791e+012	-4.1450e+012	4.1450e+012	5.2500e-015
-8.200e-001	5.5955e-007	-4.2140e+012	-4.1791e+012	4.1791e+012	5.2500e-015
-8.100e-001	5.7222e-007	-4.2497e+012	-4.2140e+012	4.2140e+012	5.2500e-015
-8.000e-001	5.8397e-007	-4.2862e+012	-4.2497e+012	4.2497e+012	5.2500e-015
-7.900e-001	5.9485e-007	-4.3233e+012	-4.2862e+012	4.2861e+012	5.2500e-015
-7.800e-001	6.0491e-007	-4.3611e+012	-4.3233e+012	4.3233e+012	5.2500e-015
-7.700e-001	6.1421e-007	-4.3994e+012	-4.3611e+012	4.3610e+012	5.2500e-015
-7.600e-001	6.2283e-007	-4.4383e+012	-4.3994e+012	4.3994e+012	5.2500e-015
-7.500e-001	6.3081e-007	-4.4777e+012	-4.4383e+012	4.4382e+012	5.2500e-015
-7.400e-001	6.3822e-007	-4.5175e+012	-4.4777e+012	4.4776e+012	5.2500e-015
-7.300e-001	6.4513e-007	-4.5578e+012	-4.5175e+012	4.5174e+012	5.2500e-015
-7.200e-001	6.5156e-007	-4.5984e+012	-4.5578e+012	4.5577e+012	5.2500e-015
-7.100e-001	6.5759e-007	-4.6395e+012	-4.5984e+012	4.5984e+012	5.2500e-015
-7.000e-001	6.6323e-007	-4.6809e+012	-4.6395e+012	4.6394e+012	5.2500e-015
-6.900e-001	6.6854e-007	-4.7226e+012	-4.6809e+012	4.6808e+012	5.2500e-015
-6.800e-001	6.7354e-007	-4.7646e+012	-4.7226e+012	4.7225e+012	5.2500e-015
-6.700e-001	6.7827e-007	-4.8070e+012	-4.7646e+012	4.7646e+012	5.2500e-015
-6.600e-001	6.8274e-007	-4.8496e+012	-4.8070e+012	4.8069e+012	5.2500e-015
-6.500e-001	6.8699e-007	-4.8924e+012	-4.8496e+012	4.8495e+012	5.2500e-015
-6.400e-001	6.9103e-007	-4.9356e+012	-4.8924e+012	4.8924e+012	5.2500e-015
-6.300e-001	6.9488e-007	-4.9790e+012	-4.9356e+012	4.9355e+012	5.2500e-015
-6.200e-001	6.9856e-007	-5.0226e+012	-4.9790e+012	4.9789e+012	5.2500e-015
-6.100e-001	7.0209e-007	-5.0664e+012	-5.0226e+012	5.0225e+012	5.2500e-015
-6.000e-001	7.0546e-007	-5.1104e+012	-5.0664e+012	5.0663e+012	5.2500e-015
-5.900e-001	7.0870e-007	-5.1546e+012	-5.1104e+012	5.1104e+012	5.2500e-015
-5.800e-001	7.1181e-007	-5.1991e+012	-5.1546e+012	5.1546e+012	5.2500e-015
-5.700e-001	7.1480e-007	-5.2437e+012	-5.1991e+012	5.1990e+012	5.2500e-015
-5.600e-001	7.1769e-007	-5.2885e+012	-5.2437e+012	5.2436e+012	5.2500e-015
-5.500e-001	7.2047e-007	-5.3334e+012	-5.2885e+012	5.2884e+012	5.2500e-015
-5.400e-001	7.2315e-007	-5.3786e+012	-5.3334e+012	5.3334e+012	5.2500e-015
-5.300e-001	7.2574e-007	-5.4239e+012	-5.3786e+012	5.3785e+012	5.2500e-015
-5.200e-001	7.2825e-007	-5.4693e+012	-5.4239e+012	5.4238e+012	5.2500e-015
-5.100e-001	7.3067e-007	-5.5149e+012	-5.4693e+012	5.4693e+012	5.2500e-015
-5.000e-001	7.3301e-007	-5.5607e+012	-5.5149e+012	5.5149e+012	5.2500e-015
-4.900e-001	7.3527e-007	-5.6066e+012	-5.5607e+012	5.5606e+012	5.2500e-015
-4.800e-001	7.3747e-007	-5.6526e+012	-5.6066e+012	5.6065e+012	5.2500e-015
-4.700e-001	7.3952e-007	-5.6988e+012	-5.6526e+012	5.6526e+012	5.2500e-015
-4.600e-001	7.4164e-007	-5.7451e+012	-5.6988e+012	5.6987e+012	5.2500e-015
-4.500e-001	7.4364e-007	-5.7915e+012	-5.7451e+012	5.7450e+012	5.2500e-015
-4.400e-001	7.4557e-007	-5.8380e+012	-5.7915e+012	5.7914e+012	5.2500e-015
-4.300e-001	7.4744e-007	-5.8847e+012	-5.8380e+012	5.8380e+012	5.2500e-015
-4.200e-001	7.4926e-007	-5.9314e+012	-5.8847e+012	5.8846e+012	5.2500e-015
-4.100e-001	7.5102e-007	-5.9783e+012	-5.9314e+012	5.9314e+012	5.2500e-015
-4.000e-001	7.5273e-007	-6.0253e+012	-5.9783e+012	5.9783e+012	5.2500e-015
-3.900e-001	7.5439e-007	-6.0724e+012	-6.0253e+012	6.0252e+012	5.2500e-015
-3.800e-001	7.5600e-007	-6.1195e+012	-6.0724e+012	6.0723e+012	5.2500e-015
-3.700e-001	7.5756e-007	-6.1668e+012	-6.1195e+012	6.1195e+012	5.2500e-015
-3.600e-001	7.5907e-007	-6.2142e+012	-6.1668e+012	6.1668e+012	5.2500e-015
-3.500e-001	7.6055e-007	-6.2617e+012	-6.2142e+012	6.2142e+012	5.2500e-015
-3.400e-001	7.6198e-007	-6.3092e+012	-6.2617e+012	6.2616e+012	5.2500e-015
-3.300e-001	7.6337e-007	-6.3569e+012	-6.3092e+012	6.3092e+012	5.2500e-015
-3.200e-001	7.6472e-007	-6.4046e+012	-6.3569e+012	6.3568e+012	5.2500e-015
-3.100e-001	7.6603e-007	-6.4524e+012	-6.4046e+012	6.4046e+012	5.2500e-015
-3.000e-001	7.6731e-007	-6.5003e+012	-6.4524e+012	6.4524e+012	5.2500e-015
-2.900e-001	7.6855e-007	-6.5483e+012	-6.5003e+012	6.5003e+012	5.2500e-015
-2.800e-001	7.6976e-007	-6.5963e+012	-6.5483e+012	6.5482e+012	5.2500e-015
-2.700e-001	7.7094e-007	-6.6444e+012	-6.5963e+012	6.5963e+012	5.2500e-015
-2.600e-001	7.7208e-007	-6.6926e+012	-6.6444e+012	6.6444e+012	5.2500e-015
-2.500e-001	7.7320e-007	-6.7409e+012	-6.6926e+012	6.6926e+012	5.2500e-015
-2.400e-001	7.7428e-007	-6.7892e+012	-6.7409e+012	6.7409e+012	5.2500e-015
-2.300e-001	7.7534e-007	-6.8376e+012	-6.7892e+012	6.7892e+012	5.2500e-015
-2.200e-001	7.7637e-007	-6.8861e+012	-6.8376e+012	6.8376e+012	5.2500e-015
-2.100e-001	7.7738e-007	-6.9346e+012	-6.8861e+012	6.8860e+012	5.2500e-015
-2.000e-001	7.7836e-007	-6.9832e+012	-6.9346e+012	6.9345e+012	5.2500e-015
-1.900e-001	7.7931e-007	-7.0318e+012	-6.9832e+012	6.9831e+012	5.2500e-015
-1.800e-001	7.8024e-007	-7.0805e+012	-7.0318e+012	7.0318e+012	5.2500e-015
-1.700e-001	7.8116e-007	-7.1293e+012	-7.0805e+012	7.0805e+012	5.2500e-015
-1.600e-001	7.8205e-007	-7.1781e+012	-7.1293e+012	7.1292e+012	5.2500e-015
-1.500e-001	7.8291e-007	-7.2269e+012	-7.1781e+012	7.1780e+012	5.2500e-015
-1.400e-001	7.8376e-007	-7.2759e+012	-7.2269e+012	7.2269e+012	5.2500e-015
-1.300e-001	7.8459e-007	-7.3248e+012	-7.2759e+012	7.2758e+012	5.2500e-015
-1.200e-001	7.8541e-007	-7.3739e+012	-7.3248e+012	7.3248e+012	5.2500e-015
-1.100e-001	7.8620e-007	-7.4229e+012	-7.3739e+012	7.3738e+012	5.2500e-015
-1.000e-001	7.8698e-007	-7.4720e+012	-7.4229e+012	7.4229e+012	5.2500e-015
-9.000e-002	7.8774e-007	-7.5212e+012	-7.4720e+012	7.4720e+012	5.2500e-015
-8.000e-002	7.8848e-007	-7.5704e+012	-7.5212e+012	7.5212e+012	5.2500e-015
-7.000e-002	7.8921e-007	-7.6197e+012	-7.5704e+012	7.5704e+012	5.2500e-015
-6.000e-002	7.8993e-007	-7.6690e+012	-7.6197e+012	7.6196e+012	5.2500e-015
-5.000e-002	7.9063e-007	-7.7183e+012	-7.6690e+012	7.6689e+012	5.2500e-015
-4.000e-002	7.9131e-007	-7.7677e+012	-7.7183e+012	7.7183e+012	5.2500e-015
-3.000e-002	7.9198e-007	-7.8172e+012	-7.7677e+012	7.7677e+012	5.2500e-015
-2.000e-002	7.9264e-007	-7.8666e+012	-7.8172e+012	7.8171e+012	5.2500e-015
-1.000e-002	7.9329e-007	-7.9161e+012	-7.8666e+012	7.8666e+012	5.2500e-015
0.000e+000	7.9393e-007	-7.9657e+012	-7.9161e+012	7.9161e+012	5.2500e-015
1.000e-002	7.9421e-007	-8.0153e+012	-7.9657e+012	7.9656e+012	5.2500e-015
2.000e-002	7.9265e-007	-8.0647e+012	-8.0153e+012	8.0152e+012	5.2500e-015
3.000e-002	7.9320e-007	-8.1142e+012	-8.0647e+012	8.0647e+012	5.2500e-015
4.000e-002	7.9373e-007	-8.1638e+012	-8.1142e+012	8.1142e+012	5.2500e-015
5.000e-002	7.9426e-007	-8.2134e+012	-8.1638e+012	8.1637e+012	5.2500e-015
6.000e-002	7.9478e-007	-8.2630e+012	-8.2134e+012	8.2133e+012	5.2500e-015
7.000e-002	7.9529e-007	-8.3126e+012	-8.2630e+012	8.2629e+012	5.2500e-015
8.000e-002	7.9579e-007	-8.3623e+012	-8.3126e+012	8.3126e+012	5.2500e-015
9.000e-002	7.9628e-007	-8.4120e+012	-8.3623e+012	8.3622e+012	5.2500e-015
1.000e-001	7.9676e-007	-8.4617e+012	-8.4120e+012	8.4119e+012	5.2500e-015
1.100e-001	7.9724e-007	-8.5115e+012	-8.4617e+012	8.4617e+012	5.2500e-015
1.200e-001	7.9770e-007	-8.5612e+012	-8.5115e+012	8.5114e+012	5.2500e-015
1.300e-001	7.9816e-007	-8.6111e+012	-8.5612e+012	8.5612e+012	5.2500e-015
1.400e-001	7.9862e-007	-8.6609e+012	-8.6111e+012	8.6110e+012	5.2500e-015
1.500e-001	7.9906e-007	-8.7108e+012	-8.6609e+012	8.6609e+012	5.2500e-015
1.600e-001	7.9950e-007	-8.7607e+012	-8.7108e+012	8.7107e+012	5.2500e-015
1.700e-001	7.9993e-007	-8.8106e+012	-8.7607e+012	8.7606e+012	5.2500e-015
1.800e-001	8.0036e-007	-8.8606e+012	-8.8106e+012	8.8106e+012	5.2500e-015
1.900e-001	8.0078e-007	-8.9105e+012	-8.8606e+012	8.8605e+012	5.2500e-015
2.000e-001	8.0119e-007	-8.9606e+012	-8.9105e+012	8.9105e+012	5.2500e-015
2.100e-001	8.0160e-007	-9.0106e+012	-8.9606e+012	8.9605e+012	5.2500e-015
2.200e-001	8.0200e-007	-9.0606e+012	-9.0106e+012	9.0105e+012	5.2500e-015
2.300e-001	8.0239e-007	-9.1107e+012	-9.0606e+012	9.0606e+012	5.2500e-015
2.400e-001	8.0278e-007	-9.1608e+012	-9.1107e+012	9.1107e+012	5.2500e-015
2.500e-001	8.0317e-007	-9.2110e+012	-9.1608e+012	9.1608e+012	5.2500e-015
2.600e-001	8.0354e-007	-9.2611e+012	-9.2110e+012	9.2109e+012	5.2500e-015
2.700e-001	8.0392e-007	-9.3113e+012	-9.2611e+012	9.2611e+012	5.2500e-015
2.800e-001	8.0429e-007	-9.3615e+012	-9.3113e+012	9.3112e+012	5.2500e-015
2.900e-001	8.0465e-007	-9.4117e+012	-9.3615e+012	9.3614e+012	5.2500e-015
3.000e-001	8.0501e-007	-9.4620e+012	-9.4117e+012	9.4117e+012	5.2500e-015
3.100e-001	8.0536e-007	-9.5122e+012	-9.4620e+012	9.4619e+012	5.2500e-015
3.200e-001	8.0571e-007	-9.5625e+012	-9.5122e+012	9.5122e+012	5.2500e-015
3.300e-001	8.0605e-007	-9.6128e+012	-9.5625e+012	9.5625e+012	5.2500e-015
3.400e-001	8.0639e-007	-9.6631e+012	-9.6128e+012	9.6128e+012	5.2500e-015
3.500e-001	8.0673e-007	-9.7135e+012	-9.6631e+012	9.6631e+012	5.2500e-015
3.600e-001	8.0706e-007	-9.7639e+012	-9.7135e+012	9.7135e+012	5.2500e-015
3.700e-001	8.0739e-007	-9.8143e+012	-9.7639e+012	9.7638e+012	5.2500e-015
3.800e-001	8.0771e-007	-9.8647e+012	-9.8143e+012	9.8142e+012	5.2500e-015
3.900e-001	8.0803e-007	-9.9151e+012	-9.8647e+012	9.8646e+012	5.2500e-015
4.000e-001	8.0835e-007	-9.9656e+012	-9.9151e+012	9.9151e+012	5.2500e-015
4.100e-001	8.0863e-007	-1.0016e+013	-9.9656e+012	9.9655e+012	5.2500e-015
4.200e-001	8.0896e-007	-1.0067e+013	-1.0016e+013	1.0016e+013	5.2500e-015
4.300e-001	8.0927e-007	-1.0117e+013	-1.0067e+013	1.0066e+013	5.2500e-015
4.400e-001	8.0957e-007	-1.0168e+013	-1.0117e+013	1.0117e+013	5.2500e-015
4.500e-001	8.0986e-007	-1.0218e+013	-1.0168e+013	1.0168e+013	5.2500e-015
4.600e-001	8.1016e-007	-1.0269e+013	-1.0218e+013	1.0218e+013	5.2500e-015
4.700e-001	8.1045e-007	-1.0319e+013	-1.0269e+013	1.0269e+013	5.2500e-015
4.800e-001	8.1073e-007	-1.0370e+013	-1.0319e+013	1.0319e+013	5.2500e-015
4.900e-001	8.1101e-007	-1.0420e+013	-1.0370e+013	1.0370e+013	5.2500e-015
5.000e-001	8.1129e-007	-1.0471e+013	-1.0420e+013	1.0420e+013	5.2500e-015
5.100e-001	8.1157e-007	-1.0522e+013	-1.0471e+013	1.0471e+013	5.2500e-015
5.200e-001	8.1184e-007	-1.0572e+013	-1.0522e+013	1.0522e+013	5.2500e-015
5.300e-001	8.1211e-007	-1.0623e+013	-1.0572e+013	1.0572e+013	5.2500e-015
5.400e-001	8.1238e-007	-1.0674e+013	-1.0623e+013	1.0623e+013	5.2500e-015
5.500e-001	8.1264e-007	-1.0725e+013	-1.0674e+013	1.0674e+013	5.2500e-015
5.600e-001	8.1290e-007	-1.0775e+013	-1.0725e+013	1.0725e+013	5.2500e-015
5.700e-001	8.1316e-007	-1.0826e+013	-1.0775e+013	1.0775e+013	5.2500e-015
5.800e-001	8.1342e-007	-1.0877e+013	-1.0826e+013	1.0826e+013	5.2500e-015
5.900e-001	8.1367e-007	-1.0928e+013	-1.0877e+013	1.0877e+013	5.2500e-015
6.000e-001	8.1392e-007	-1.0978e+013	-1.0928e+013	1.0928e+013	5.2500e-015
6.100e-001	8.1417e-007	-1.1029e+013	-1.0978e+013	1.0978e+013	5.2500e-015
6.200e-001	8.1441e-007	-1.1080e+013	-1.1029e+013	1.1029e+013	5.2500e-015
6.300e-001	8.1465e-007	-1.1131e+013	-1.1080e+013	1.1080e+013	5.2500e-015
6.400e-001	8.1489e-007	-1.1182e+013	-1.1131e+013	1.1131e+013	5.2500e-015
6.500e-001	8.1513e-007	-1.1233e+013	-1.1182e+013	1.1182e+013	5.2500e-015
6.600e-001	8.1536e-007	-1.1284e+013	-1.1233e+013	1.1233e+013	5.2500e-015
6.700e-001	8.1559e-007	-1.1334e+013	-1.1284e+013	1.1283e+013	5.2500e-015
6.800e-001	8.1582e-007	-1.1385e+013	-1.1334e+013	1.1334e+013	5.2500e-015
6.900e-001	8.1605e-007	-1.1436e+013	-1.1385e+013	1.1385e+013	5.2500e-015
7.000e-001	8.1627e-007	-1.1487e+013	-1.1436e+013	1.1436e+013	5.2500e-015
7.100e-001	8.1649e-007	-1.1538e+013	-1.1487e+013	1.1487e+013	5.2500e-015
7.200e-001	8.1671e-007	-1.1589e+013	-1.1538e+013	1.1538e+013	5.2500e-015
7.300e-001	8.1693e-007	-1.1640e+013	-1.1589e+013	1.1589e+013	5.2500e-015
7.400e-001	8.1714e-007	-1.1691e+013	-1.1640e+013	1.1640e+013	5.2500e-015
7.500e-001	8.1736e-007	-1.1742e+013	-1.1691e+013	1.1691e+013	5.2500e-015
7.600e-001	8.1757e-007	-1.1793e+013	-1.1742e+013	1.1742e+013	5.2500e-015
7.700e-001	8.1778e-007	-1.1844e+013	-1.1793e+013	1.1793e+013	5.2500e-015
7.800e-001	8.1798e-007	-1.1895e+013	-1.1844e+013	1.1844e+013	5.2500e-015
7.900e-001	8.1819e-007	-1.1946e+013	-1.1895e+013	1.1895e+013	5.2500e-015
8.000e-001	8.1839e-007	-1.1997e+013	-1.1946e+013	1.1946e+013	5.2500e-015
8.100e-001	8.1859e-007	-1.2049e+013	-1.1997e+013	1.1997e+013	5.2500e-015
8.200e-001	8.1879e-007	-1.2100e+013	-1.2049e+013	1.2049e+013	5.2500e-015
8.300e-001	8.1898e-007	-1.2151e+013	-1.2100e+013	1.2100e+013	5.2500e-015
8.400e-001	8.1918e-007	-1.2202e+013	-1.2151e+013	1.2151e+013	5.2500e-015
8.500e-001	8.1937e-007	-1.2253e+013	-1.2202e+013	1.2202e+013	5.2500e-015
8.600e-001	8.1956e-007	-1.2304e+013	-1.2253e+013	1.2253e+013	5.2500e-015
8.700e-001	8.1975e-007	-1.2355e+013	-1.2304e+013	1.2304e+013	5.2500e-015
8.800e-001	8.1994e-007	-1.2407e+013	-1.2355e+013	1.2355e+013	5.2500e-015
8.900e-001	8.2012e-007	-1.2458e+013	-1.2407e+013	1.2406e+013	5.2500e-015
9.000e-001	8.2031e-007	-1.2509e+013	-1.2458e+013	1.2458e+013	5.2500e-015
9.100e-001	8.2049e-007	-1.2560e+013	-1.2509e+013	1.2509e+013	5.2500e-015
9.200e-001	8.2067e-007	-1.2611e+013	-1.2560e+013	1.2560e+013	5.2500e-015
9.300e-001	8.2085e-007	-1.2663e+013	-1.2611e+013	1.2611e+013	5.2500e-015
9.400e-001	8.2102e-007	-1.2714e+013	-1.2663e+013	1.2663e+013	5.2500e-015
9.500e-001	8.2120e-007	-1.2765e+013	-1.2714e+013	1.2714e+013	5.2500e-015
9.600e-001	8.2137e-007	-1.2816e+013	-1.2765e+013	1.2765e+013	5.2500e-015
9.700e-001	8.2155e-007	-1.2868e+013	-1.2816e+013	1.2816e+013	5.2500e-015
9.800e-001	8.2172e-007	-1.2919e+013	-1.2868e+013	1.2868e+013	5.2500e-015
9.900e-001	8.2189e-007	-1.2970e+013	-1.2919e+013	1.2919e+013	5.2500e-015
1.000e+000	8.2205e-007	-1.3022e+013	-1.2970e+013	1.2970e+013	5.2500e-015
1.010e+000	8.2222e-007	-1.3073e+013	-1.3022e+013	1.3021e+013	5.2500e-015
1.020e+000	8.2239e-007	-1.3124e+013	-1.3073e+013	1.3073e+013	5.2500e-015
1.030e+000	8.2255e-007	-1.3176e+013	-1.3124e+013	1.3124e+013	5.2500e-015
1.040e+000	8.2271e-007	-1.3227e+013	-1.3176e+013	1.3175e+013	5.2500e-015
1.050e+000	8.2287e-007	-1.3278e+013	-1.3227e+013	1.3227e+013	5.2500e-015
1.060e+000	8.2304e-007	-1.3330e+013	-1.3278e+013	1.3278e+013	5.2500e-015
1.070e+000	8.2320e-007	-1.3381e+013	-1.3330e+013	1.3330e+013	5.2500e-015
1.080e+000	8.2336e-007	-1.3432e+013	-1.3381e+013	1.3381e+013	5.2500e-015
1.090e+000	8.2351e-007	-1.3484e+013	-1.3432e+013	1.3432e+013	5.2500e-015
1.100e+000	8.2367e-007	-1.3535e+013	-1.3484e+013	1.3484e+013	5.2500e-015
1.110e+000	8.2383e-007	-1.3587e+013	-1.3535e+013	1.3535e+013	5.2500e-015
1.120e+000	8.2399e-007	-1.3638e+013	-1.3587e+013	1.3587e+013	5.2500e-015
1.130e+000	8.2416e-007	-1.3689e+013	-1.3638e+013	1.3638e+013	5.2500e-015
1.140e+000	8.2432e-007	-1.3741e+013	-1.3689e+013	1.3689e+013	5.2500e-015
1.150e+000	8.2449e-007	-1.3792e+013	-1.3741e+013	1.3741e+013	5.2500e-015
1.160e+000	8.2467e-007	-1.3844e+013	-1.3792e+013	1.3792e+013	5.2500e-015
1.170e+000	8.2486e-007	-1.3895e+013	-1.3844e+013	1.3844e+013	5.2500e-015
1.180e+000	8.2505e-007	-1.3947e+013	-1.3895e+013	1.3895e+013	5.2500e-015
1.190e+000	8.2527e-007	-1.3998e+013	-1.3947e+013	1.3947e+013	5.2500e-015
1.200e+000	8.2551e-007	-1.4050e+013	-1.3998e+013	1.3998e+013	5.2500e-015
1.210e+000	8.2579e-007	-1.4101e+013	-1.4050e+013	1.4050e+013	5.2500e-015
1.220e+000	8.2611e-007	-1.4153e+013	-1.4101e+013	1.4101e+013	5.2500e-015
1.230e+000	8.2650e-007	-1.4205e+013	-1.4153e+013	1.4153e+013	5.2500e-015
1.240e+000	8.2698e-007	-1.4256e+013	-1.4205e+013	1.4204e+013	5.2500e-015
1.250e+000	8.2759e-007	-1.4308e+013	-1.4256e+013	1.4256e+013	5.2500e-015
1.260e+000	8.2837e-007	-1.4360e+013	-1.4308e+013	1.4308e+013	5.2500e-015
1.270e+000	8.2939e-007	-1.4411e+013	-1.4360e+013	1.4359e+013	5.2500e-015
1.280e+000	8.3075e-007	-1.4463e+013	-1.4411e+013	1.4411e+013	5.2500e-015
1.290e+000	8.3256e-007	-1.4515e+013	-1.4463e+013	1.4463e+013	5.2500e-015
1.300e+000	8.3501e-007	-1.4567e+013	-1.4515e+013	1.4515e+013	5.2500e-015
1.310e+000	8.3834e-007	-1.4620e+013	-1.4567e+013	1.4567e+013	5.2500e-015
1.320e+000	8.4289e-007	-1.4672e+013	-1.4620e+013	1.4619e+013	5.2500e-015
1.330e+000	8.4913e-007	-1.4725e+013	-1.4672e+013	1.4672e+013	5.2500e-015
1.340e+000	8.5727e-007	-1.4779e+013	-1.4725e+013	1.4725e+013	5.2500e-015
1.350e+000	8.6906e-007	-1.4833e+013	-1.4779e+013	1.4779e+013	5.2500e-015
1.360e+000	8.8485e-007	-1.4888e+013	-1.4833e+013	1.4833e+013	5.2500e-015
1.370e+000	9.0571e-007	-1.4945e+013	-1.4888e+013	1.4888e+013	5.2500e-015
1.380e+000	9.3474e-007	-1.5003e+013	-1.4945e+013	1.4945e+013	5.2500e-015
1.390e+000	9.7268e-007	-1.5064e+013	-1.5003e+013	1.5003e+013	5.2500e-015
1.400e+000	1.0229e-006	-1.5128e+013	-1.5064e+013	1.5064e+013	5.2500e-015
1.410e+000	1.0873e-006	-1.5195e+013	-1.5128e+013	1.5128e+013	5.2500e-015
1.420e+000	1.1681e-006	-1.5268e+013	-1.5195e+013	1.5195e+013	5.2500e-015
1.430e+000	1.2666e-006	-1.5347e+013	-1.5268e+013	1.5268e+013	5.2500e-015
1.440e+000	1.3821e-006	-1.5434e+013	-1.5347e+013	1.5347e+013	5.2500e-015
1.450e+000	1.5136e-006	-1.5528e+013	-1.5434e+013	1.5434e+013	5.2500e-015
1.460e+000	1.6567e-006	-1.5632e+013	-1.5528e+013	1.5528e+013	5.2500e-015
1.470e+000	1.8072e-006	-1.5744e+013	-1.5632e+013	1.5631e+013	5.2500e-015
1.480e+000	1.9602e-006	-1.5867e+013	-1.5744e+013	1.5744e+013	5.2500e-015
1.490e+000	2.1114e-006	-1.5998e+013	-1.5867e+013	1.5867e+013	5.2500e-015
1.500e+000	2.2572e-006	-1.6139e+013	-1.5998e+013	1.5998e+013	5.2500e-015
1.510e+000	2.3958e-006	-1.6289e+013	-1.6139e+013	1.6139e+013	5.2500e-015
1.520e+000	2.5257e-006	-1.6446e+013	-1.6289e+013	1.6289e+013	5.2500e-015
1.530e+000	2.6466e-006	-1.6612e+013	-1.6446e+013	1.6446e+013	5.2500e-015
1.540e+000	2.7584e-006	-1.6784e+013	-1.6612e+013	1.6612e+013	5.2500e-015
1.550e+000	2.8618e-006	-1.6962e+013	-1.6784e+013	1.6784e+013	5.2500e-015
1.560e+000	2.9572e-006	-1.7147e+013	-1.6962e+013	1.6962e+013	5.2500e-015
1.570e+000	3.0454e-006	-1.7337e+013	-1.7147e+013	1.7147e+013	5.2500e-015
1.580e+000	3.1272e-006	-1.7532e+013	-1.7337e+013	1.7337e+013	5.2500e-015
1.590e+000	3.2031e-006	-1.7732e+013	-1.7532e+013	1.7532e+013	5.2500e-015
1.600e+000	3.2738e-006	-1.7937e+013	-1.7732e+013	1.7732e+013	5.2500e-015
1.610e+000	3.3399e-006	-1.8145e+013	-1.7937e+013	1.7937e+013	5.2500e-015
1.620e+000	3.4019e-006	-1.8357e+013	-1.8145e+013	1.8145e+013	5.2500e-015
1.630e+000	3.4602e-006	-1.8573e+013	-1.8357e+013	1.8357e+013	5.2500e-015
1.640e+000	3.5152e-006	-1.8793e+013	-1.8573e+013	1.8573e+013	5.2500e-015
1.650e+000	3.5672e-006	-1.9015e+013	-1.8793e+013	1.8793e+013	5.2500e-015
1.660e+000	3.6166e-006	-1.9241e+013	-1.9015e+013	1.9015e+013	5.2500e-015
1.670e+000	3.6635e-006	-1.9470e+013	-1.9241e+013	1.9241e+013	5.2500e-015
1.680e+000	3.7083e-006	-1.9701e+013	-1.9470e+013	1.9470e+013	5.2500e-015
1.690e+000	3.7511e-006	-1.9935e+013	-1.9701e+013	1.9701e+013	5.2500e-015
1.700e+000	3.7922e-006	-2.0172e+013	-1.9935e+013	1.9935e+013	5.2500e-015
1.710e+000	3.8315e-006	-2.0411e+013	-2.0172e+013	2.0172e+013	5.2500e-015
1.720e+000	3.8694e-006	-2.0653e+013	-2.0411e+013	2.0411e+013	5.2500e-015
1.730e+000	3.8901e-006	-2.0895e+013	-2.0653e+013	2.0653e+013	5.2500e-015
1.740e+000	3.8942e-006	-2.1139e+013	-2.0895e+013	2.0895e+013	5.2500e-015
1.750e+000	3.9226e-006	-2.1383e+013	-2.1139e+013	2.1138e+013	5.2500e-015
1.760e+000	3.9498e-006	-2.1630e+013	-2.1383e+013	2.1383e+013	5.2500e-015
1.770e+000	3.9760e-006	-2.1878e+013	-2.1630e+013	2.1630e+013	5.2500e-015
1.780e+000	4.0012e-006	-2.2128e+013	-2.1878e+013	2.1878e+013	5.2500e-015
1.790e+000	4.0255e-006	-2.2379e+013	-2.2128e+013	2.2128e+013	5.2500e-015
1.800e+000	4.0490e-006	-2.2632e+013	-2.2379e+013	2.2379e+013	5.2500e-015
1.810e+000	4.0716e-006	-2.2886e+013	-2.2632e+013	2.2632e+013	5.2500e-015
1.820e+000	4.0935e-006	-2.3141e+013	-2.2886e+013	2.2886e+013	5.2500e-015
1.830e+000	4.1146e-006	-2.3398e+013	-2.3141e+013	2.3141e+013	5.2500e-015
1.840e+000	4.1352e-006	-2.3656e+013	-2.3398e+013	2.3398e+013	5.2500e-015
1.850e+000	4.1551e-006	-2.3916e+013	-2.3656e+013	2.3656e+013	5.2500e-015
1.860e+000	4.1744e-006	-2.4176e+013	-2.3916e+013	2.3916e+013	5.2500e-015
1.870e+000	4.1931e-006	-2.4438e+013	-2.4176e+013	2.4176e+013	5.2500e-015
1.880e+000	4.2114e-006	-2.4701e+013	-2.4438e+013	2.4438e+013	5.2500e-015
1.890e+000	4.2291e-006	-2.4965e+013	-2.4701e+013	2.4701e+013	5.2500e-015
1.900e+000	4.2464e-006	-2.5230e+013	-2.4965e+013	2.4965e+013	5.2500e-015
1.910e+000	4.2632e-006	-2.5496e+013	-2.5230e+013	2.5230e+013	5.2500e-015
1.920e+000	4.2796e-006	-2.5763e+013	-2.5496e+013	2.5496e+013	5.2500e-015
1.930e+000	4.2956e-006	-2.6031e+013	-2.5763e+013	2.5763e+013	5.2500e-015
1.940e+000	4.3113e-006	-2.6300e+013	-2.6031e+013	2.6031e+013	5.2500e-015
1.950e+000	4.3265e-006	-2.6570e+013	-2.6300e+013	2.6300e+013	5.2500e-015
1.960e+000	4.3414e-006	-2.6841e+013	-2.6570e+013	2.6570e+013	5.2500e-015
1.970e+000	4.3560e-006	-2.7113e+013	-2.6841e+013	2.6841e+013	5.2500e-015
1.980e+000	4.3703e-006	-2.7386e+013	-2.7113e+013	2.7113e+013	5.2500e-015
1.990e+000	4.3842e-006	-2.7659e+013	-2.7386e+013	2.7386e+013	5.2500e-015
2.000e+000	4.3979e-006	-2.7934e+013	-2.7659e+013	2.7659e+013	5.2500e-015
2.010e+000	4.4039e-006	-2.8209e+013	-2.7934e+013	2.7934e+013	5.2500e-015
2.020e+000	4.4144e-006	-2.8484e+013	-2.8209e+013	2.8209e+013	5.2500e-015
2.030e+000	4.4268e-006	-2.8761e+013	-2.8484e+013	2.8484e+013	5.2500e-015
2.040e+000	4.4389e-006	-2.9038e+013	-2.8761e+013	2.8761e+013	5.2500e-015
2.050e+000	4.4508e-006	-2.9315e+013	-2.9038e+013	2.9038e+013	5.2500e-015
2.060e+000	4.4624e-006	-2.9594e+013	-2.9315e+013	2.9315e+013	5.2500e-015
2.070e+000	4.4739e-006	-2.9873e+013	-2.9594e+013	2.9594e+013	5.2500e-015
2.080e+000	4.4851e-006	-3.0153e+013	-2.9873e+013	2.9873e+013	5.2500e-015
2.090e+000	4.4962e-006	-3.0434e+013	-3.0153e+013	3.0153e+013	5.2500e-015
2.100e+000	4.5070e-006	-3.0715e+013	-3.0434e+013	3.0434e+013	5.2500e-015
2.110e+000	4.5177e-006	-3.0997e+013	-3.0715e+013	3.0715e+013	5.2500e-015
2.120e+000	4.5282e-006	-3.1280e+013	-3.0997e+013	3.0997e+013	5.2500e-015
2.130e+000	4.5385e-006	-3.1563e+013	-3.1280e+013	3.1280e+013	5.2500e-015
2.140e+000	4.5486e-006	-3.1847e+013	-3.1563e+013	3.1563e+013	5.2500e-015
2.150e+000	4.5586e-006	-3.2131e+013	-3.1847e+013	3.1847e+013	5.2500e-015
2.160e+000	4.5684e-006	-3.2417e+013	-3.2131e+013	3.2131e+013	5.2500e-015
2.170e+000	4.5780e-006	-3.2702e+013	-3.2417e+013	3.2416e+013	5.2500e-015
2.180e+000	4.5875e-006	-3.2989e+013	-3.2702e+013	3.2702e+013	5.2500e-015
2.190e+000	4.5969e-006	-3.3275e+013	-3.2989e+013	3.2989e+013	5.2500e-015
2.200e+000	4.6061e-006	-3.3563e+013	-3.3275e+013	3.3275e+013	5.2500e-015
2.210e+000	4.6152e-006	-3.3851e+013	-3.3563e+013	3.3563e+013	5.2500e-015
2.220e+000	4.6241e-006	-3.4140e+013	-3.3851e+013	3.3851e+013	5.2500e-015
2.230e+000	4.6329e-006	-3.4429e+013	-3.4140e+013	3.4140e+013	5.2500e-015
2.240e+000	4.6416e-006	-3.4719e+013	-3.4429e+013	3.4429e+013	5.2500e-015
2.250e+000	4.6502e-006	-3.5009e+013	-3.4719e+013	3.4718e+013	5.2500e-015
2.260e+000	4.6587e-006	-3.5300e+013	-3.5009e+013	3.5009e+013	5.2500e-015
2.270e+000	4.6670e-006	-3.5591e+013	-3.5300e+013	3.5299e+013	5.2500e-015
2.280e+000	4.6752e-006	-3.5883e+013	-3.5591e+013	3.5591e+013	5.2500e-015
2.290e+000	4.6833e-006	-3.6175e+013	-3.5883e+013	3.5883e+013	5.2500e-015
2.300e+000	4.6914e-006	-3.6468e+013	-3.6175e+013	3.6175e+013	5.2500e-015
2.310e+000	4.6993e-006	-3.6761e+013	-3.6468e+013	3.6468e+013	5.2500e-015
2.320e+000	4.7071e-006	-3.7055e+013	-3.6761e+013	3.6761e+013	5.2500e-015
2.330e+000	4.7148e-006	-3.7349e+013	-3.7055e+013	3.7055e+013	5.2500e-015
2.340e+000	4.7224e-006	-3.7644e+013	-3.7349e+013	3.7349e+013	5.2500e-015
2.350e+000	4.7299e-006	-3.7939e+013	-3.7644e+013	3.7644e+013	5.2500e-015
2.360e+000	4.7373e-006	-3.8235e+013	-3.7939e+013	3.7939e+013	5.2500e-015
2.370e+000	4.7447e-006	-3.8531e+013	-3.8235e+013	3.8235e+013	5.2500e-015
2.380e+000	4.7519e-006	-3.8827e+013	-3.8531e+013	3.8531e+013	5.2500e-015
2.390e+000	4.7591e-006	-3.9125e+013	-3.8827e+013	3.8827e+013	5.2500e-015
2.400e+000	4.7662e-006	-3.9422e+013	-3.9125e+013	3.9124e+013	5.2500e-015
2.410e+000	4.7732e-006	-3.9720e+013	-3.9422e+013	3.9422e+013	5.2500e-015
2.420e+000	4.7801e-006	-4.0018e+013	-3.9720e+013	3.9720e+013	5.2500e-015
2.430e+000	4.7870e-006	-4.0317e+013	-4.0018e+013	4.0018e+013	5.2500e-015
2.440e+000	4.7937e-006	-4.0616e+013	-4.0317e+013	4.0317e+013	5.2500e-015
2.450e+000	4.8004e-006	-4.0916e+013	-4.0616e+013	4.0616e+013	5.2500e-015
2.460e+000	4.8070e-006	-4.1216e+013	-4.0916e+013	4.0916e+013	5.2500e-015
2.470e+000	4.8136e-006	-4.1516e+013	-4.1216e+013	4.1216e+013	5.2500e-015
2.480e+000	4.8201e-006	-4.1817e+013	-4.1516e+013	4.1516e+013	5.2500e-015
2.490e+000	4.8265e-006	-4.2118e+013	-4.1817e+013	4.1817e+013	5.2500e-015
2.500e+000	4.8328e-006	-4.2420e+013	-4.2118e+013	4.2118e+013	5.2500e-015
2.510e+000	4.8391e-006	-4.2722e+013	-4.2420e+013	4.2420e+013	5.2500e-015
2.520e+000	4.8453e-006	-4.3025e+013	-4.2722e+013	4.2722e+013	5.2500e-015
2.530e+000	4.8515e-006	-4.3327e+013	-4.3025e+013	4.3024e+013	5.2500e-015
2.540e+000	4.8576e-006	-4.3631e+013	-4.3327e+013	4.3327e+013	5.2500e-015
2.550e+000	4.8636e-006	-4.3934e+013	-4.3631e+013	4.3630e+013	5.2500e-015
2.560e+000	4.8696e-006	-4.4238e+013	-4.3934e+013	4.3934e+013	5.2500e-015
2.570e+000	4.8755e-006	-4.4542e+013	-4.4238e+013	4.4238e+013	5.2500e-015
2.580e+000	4.8813e-006	-4.4847e+013	-4.4542e+013	4.4542e+013	5.2500e-015
2.590e+000	4.8871e-006	-4.5152e+013	-4.4847e+013	4.4847e+013	5.2500e-015
2.600e+000	4.8929e-006	-4.5457e+013	-4.5152e+013	4.5152e+013	5.2500e-015
2.610e+000	4.8985e-006	-4.5763e+013	-4.5457e+013	4.5457e+013	5.2500e-015
2.620e+000	4.9042e-006	-4.6069e+013	-4.5763e+013	4.5763e+013	5.2500e-015
2.630e+000	4.9098e-006	-4.6376e+013	-4.6069e+013	4.6069e+013	5.2500e-015
2.640e+000	4.9153e-006	-4.6682e+013	-4.6376e+013	4.6376e+013	5.2500e-015
2.650e+000	4.9208e-006	-4.6990e+013	-4.6682e+013	4.6682e+013	5.2500e-015
2.660e+000	4.9255e-006	-4.7297e+013	-4.6990e+013	4.6990e+013	5.2500e-015
2.670e+000	4.9300e-006	-4.7605e+013	-4.7297e+013	4.7297e+013	5.2500e-015
2.680e+000	4.9353e-006	-4.7913e+013	-4.7605e+013	4.7605e+013	5.2500e-015
2.690e+000	4.9406e-006	-4.8221e+013	-4.7913e+013	4.7913e+013	5.2500e-015
2.700e+000	4.9458e-006	-4.8530e+013	-4.8221e+013	4.8221e+013	5.2500e-015
2.710e+000	4.9510e-006	-4.8839e+013	-4.8530e+013	4.8530e+013	5.2500e-015
2.720e+000	4.9561e-006	-4.9148e+013	-4.8839e+013	4.8839e+013	5.2500e-015
2.730e+000	4.9612e-006	-4.9458e+013	-4.9148e+013	4.9148e+013	5.2500e-015
2.740e+000	4.9662e-006	-4.9768e+013	-4.9458e+013	4.9458e+013	5.2500e-015
2.750e+000	4.9712e-006	-5.0078e+013	-4.9768e+013	4.9768e+013	5.2500e-015
2.760e+000	4.9762e-006	-5.0389e+013	-5.0078e+013	5.0078e+013	5.2500e-015
2.770e+000	4.9811e-006	-5.0700e+013	-5.0389e+013	5.0389e+013	5.2500e-015
2.780e+000	4.9860e-006	-5.1011e+013	-5.0700e+013	5.0700e+013	5.2500e-015
2.790e+000	4.9908e-006	-5.1322e+013	-5.1011e+013	5.1011e+013	5.2500e-015
2.800e+000	4.9956e-006	-5.1634e+013	-5.1322e+013	5.1322e+013	5.2500e-015
2.810e+000	5.0004e-006	-5.1946e+013	-5.1634e+013	5.1634e+013	5.2500e-015
2.820e+000	5.0051e-006	-5.2259e+013	-5.1946e+013	5.1946e+013	5.2500e-015
2.830e+000	5.0098e-006	-5.2571e+013	-5.2259e+013	5.2259e+013	5.2500e-015
2.840e+000	5.0145e-006	-5.2884e+013	-5.2571e+013	5.2571e+013	5.2500e-015
2.850e+000	5.0191e-006	-5.3197e+013	-5.2884e+013	5.2884e+013	5.2500e-015
2.860e+000	5.0237e-006	-5.3511e+013	-5.3197e+013	5.3197e+013	5.2500e-015
2.870e+000	5.0282e-006	-5.3825e+013	-5.3511e+013	5.3511e+013	5.2500e-015
2.880e+000	5.0327e-006	-5.4139e+013	-5.3825e+013	5.3825e+013	5.2500e-015
2.890e+000	5.0372e-006	-5.4453e+013	-5.4139e+013	5.4139e+013	5.2500e-015
2.900e+000	5.0416e-006	-5.4768e+013	-5.4453e+013	5.4453e+013	5.2500e-015
2.910e+000	5.0460e-006	-5.5083e+013	-5.4768e+013	5.4768e+013	5.2500e-015
2.920e+000	5.0504e-006	-5.5398e+013	-5.5083e+013	5.5083e+013	5.2500e-015
2.930e+000	5.0548e-006	-5.5714e+013	-5.5398e+013	5.5398e+013	5.2500e-015
2.940e+000	5.0591e-006	-5.6029e+013	-5.5714e+013	5.5714e+013	5.2500e-015
2.950e+000	5.0634e-006	-5.6346e+013	-5.6029e+013	5.6029e+013	5.2500e-015
2.960e+000	5.0676e-006	-5.6662e+013	-5.6346e+013	5.6345e+013	5.2500e-015
2.970e+000	5.0719e-006	-5.6978e+013	-5.6662e+013	5.6662e+013	5.2500e-015
2.980e+000	5.0760e-006	-5.7295e+013	-5.6978e+013	5.6978e+013	5.2500e-015
2.990e+000	5.0802e-006	-5.7612e+013	-5.7295e+013	5.7295e+013	5.2500e-015
3.000e+000	5.0843e-006	-5.7930e+013	-5.7612e+013	5.7612e+013	5.2500e-015
3.010e+000	5.0884e-006	-5.8247e+013	-5.7930e+013	5.7930e+013	5.2500e-015
3.020e+000	5.0925e-006	-5.8565e+013	-5.8247e+013	5.8247e+013	5.2500e-015
3.030e+000	5.0966e-006	-5.8883e+013	-5.8565e+013	5.8565e+013	5.2500e-015
3.040e+000	5.1006e-006	-5.9202e+013	-5.8883e+013	5.8883e+013	5.2500e-015
3.050e+000	5.1046e-006	-5.9520e+013	-5.9202e+013	5.9201e+013	5.2500e-015
3.060e+000	5.1086e-006	-5.9839e+013	-5.9520e+013	5.9520e+013	5.2500e-015
3.070e+000	5.1125e-006	-6.0158e+013	-5.9839e+013	5.9839e+013	5.2500e-015
3.080e+000	5.1164e-006	-6.0477e+013	-6.0158e+013	6.0158e+013	5.2500e-015
3.090e+000	5.1203e-006	-6.0797e+013	-6.0477e+013	6.0477e+013	5.2500e-015
3.100e+000	5.1242e-006	-6.1117e+013	-6.0797e+013	6.0797e+013	5.2500e-015
3.110e+000	5.1280e-006	-6.1437e+013	-6.1117e+013	6.1117e+013	5.2500e-015
3.120e+000	5.1318e-006	-6.1757e+013	-6.1437e+013	6.1437e+013	5.2500e-015
3.130e+000	5.1356e-006	-6.2078e+013	-6.1757e+013	6.1757e+013	5.2500e-015
3.140e+000	5.1394e-006	-6.2398e+013	-6.2078e+013	6.2078e+013	5.2500e-015
3.150e+000	5.1431e-006	-6.2720e+013	-6.2398e+013	6.2398e+013	5.2500e-015
3.160e+000	5.1468e-006	-6.3041e+013	-6.2720e+013	6.2719e+013	5.2500e-015
3.170e+000	5.1505e-006	-6.3362e+013	-6.3041e+013	6.3041e+013	5.2500e-015
3.180e+000	5.1542e-006	-6.3684e+013	-6.3362e+013	6.3362e+013	5.2500e-015
3.190e+000	5.1579e-006	-6.4006e+013	-6.3684e+013	6.3684e+013	5.2500e-015
3.200e+000	5.1615e-006	-6.4328e+013	-6.4006e+013	6.4006e+013	5.2500e-015
3.210e+000	5.1651e-006	-6.4650e+013	-6.4328e+013	6.4328e+013	5.2500e-015
3.220e+000	5.1687e-006	-6.4973e+013	-6.4650e+013	6.4650e+013	5.2500e-015
3.230e+000	5.1722e-006	-6.5296e+013	-6.4973e+013	6.4973e+013	5.2500e-015
3.240e+000	5.1758e-006	-6.5619e+013	-6.5296e+013	6.5296e+013	5.2500e-015
3.250e+000	5.1793e-006	-6.5942e+013	-6.5619e+013	6.5619e+013	5.2500e-015
3.260e+000	5.1828e-006	-6.6266e+013	-6.5942e+013	6.5942e+013	5.2500e-015
3.270e+000	5.1863e-006	-6.6589e+013	-6.6266e+013	6.6266e+013	5.2500e-015
3.280e+000	5.1897e-006	-6.6913e+013	-6.6589e+013	6.6589e+013	5.2500e-015
3.290e+000	5.1932e-006	-6.7237e+013	-6.6913e+013	6.6913e+013	5.2500e-015
3.300e+000	5.1966e-006	-6.7562e+013	-6.7237e+013	6.7237e+013	5.2500e-015
3.310e+000	5.2000e-006	-6.7886e+013	-6.7562e+013	6.7562e+013	5.2500e-015
3.320e+000	5.2034e-006	-6.8211e+013	-6.7886e+013	6.7886e+013	5.2500e-015
3.330e+000	5.2067e-006	-6.8536e+013	-6.8211e+013	6.8211e+013	5.2500e-015
3.340e+000	5.2100e-006	-6.8861e+013	-6.8536e+013	6.8536e+013	5.2500e-015
3.350e+000	5.2134e-006	-6.9187e+013	-6.8861e+013	6.8861e+013	5.2500e-015
3.360e+000	5.2167e-006	-6.9512e+013	-6.9187e+013	6.9187e+013	5.2500e-015
3.370e+000	5.2199e-006	-6.9838e+013	-6.9512e+013	6.9512e+013	5.2500e-015
3.380e+000	5.2232e-006	-7.0164e+013	-6.9838e+013	6.9838e+013	5.2500e-015
3.390e+000	5.2265e-006	-7.0490e+013	-7.0164e+013	7.0164e+013	5.2500e-015
3.400e+000	5.2297e-006	-7.0817e+013	-7.0490e+013	7.0490e+013	5.2500e-015
3.410e+000	5.2329e-006	-7.1143e+013	-7.0817e+013	7.0817e+013	5.2500e-015
3.420e+000	5.2361e-006	-7.1470e+013	-7.1143e+013	7.1143e+013	5.2500e-015
3.430e+000	5.2393e-006	-7.1797e+013	-7.1470e+013	7.1470e+013	5.2500e-015
3.440e+000	5.2424e-006	-7.2124e+013	-7.1797e+013	7.1797e+013	5.2500e-015
3.450e+000	5.2456e-006	-7.2452e+013	-7.2124e+013	7.2124e+013	5.2500e-015
3.460e+000	5.2487e-006	-7.2779e+013	-7.2452e+013	7.2452e+013	5.2500e-015
3.470e+000	5.2518e-006	-7.3107e+013	-7.2779e+013	7.2779e+013	5.2500e-015
3.480e+000	5.2549e-006	-7.3435e+013	-7.3107e+013	7.3107e+013	5.2500e-015
3.490e+000	5.2579e-006	-7.3763e+013	-7.3435e+013	7.3435e+013	5.2500e-015
3.500e+000	5.2610e-006	-7.4092e+013	-7.3763e+013	7.3763e+013	5.2500e-015
3.510e+000	5.2640e-006	-7.4420e+013	-7.4092e+013	7.4091e+013	5.2500e-015
3.520e+000	5.2671e-006	-7.4749e+013	-7.4420e+013	7.4420e+013	5.2500e-015
3.530e+000	5.2701e-006	-7.5078e+013	-7.4749e+013	7.4749e+013	5.2500e-015
3.540e+000	5.2731e-006	-7.5407e+013	-7.5078e+013	7.5078e+013	5.2500e-015
3.550e+000	5.2761e-006	-7.5736e+013	-7.5407e+013	7.5407e+013	5.2500e-015
3.560e+000	5.2790e-006	-7.6066e+013	-7.5736e+013	7.5736e+013	5.2500e-015
3.570e+000	5.2820e-006	-7.6395e+013	-7.6066e+013	7.6066e+013	5.2500e-015
3.580e+000	5.2849e-006	-7.6725e+013	-7.6395e+013	7.6395e+013	5.2500e-015
3.590e+000	5.2878e-006	-7.7055e+013	-7.6725e+013	7.6725e+013	5.2500e-015
3.600e+000	5.2907e-006	-7.7385e+013	-7.7055e+013	7.7055e+013	5.2500e-015
3.610e+000	5.2936e-006	-7.7716e+013	-7.7385e+013	7.7385e+013	5.2500e-015
3.620e+000	5.2965e-006	-7.8046e+013	-7.7716e+013	7.7716e+013	5.2500e-015
3.630e+000	5.2993e-006	-7.8377e+013	-7.8046e+013	7.8046e+013	5.2500e-015
3.640e+000	5.3022e-006	-7.8708e+013	-7.8377e+013	7.8377e+013	5.2500e-015
3.650e+000	5.3050e-006	-7.9039e+013	-7.8708e+013	7.8708e+013	5.2500e-015
3.660e+000	5.3078e-006	-7.9371e+013	-7.9039e+013	7.9039e+013	5.2500e-015
3.670e+000	5.3106e-006	-7.9702e+013	-7.9371e+013	7.9371e+013	5.2500e-015
3.680e+000	5.3134e-006	-8.0034e+013	-7.9702e+013	7.9702e+013	5.2500e-015
3.690e+000	5.3162e-006	-8.0365e+013	-8.0034e+013	8.0034e+013	5.2500e-015
3.700e+000	5.3190e-006	-8.0697e+013	-8.0365e+013	8.0365e+013	5.2500e-015
3.710e+000	5.3217e-006	-8.1030e+013	-8.0697e+013	8.0697e+013	5.2500e-015
3.720e+000	5.3245e-006	-8.1362e+013	-8.1030e+013	8.1030e+013	5.2500e-015
3.730e+000	5.3272e-006	-8.1694e+013	-8.1362e+013	8.1362e+013	5.2500e-015
3.740e+000	5.3299e-006	-8.2027e+013	-8.1694e+013	8.1694e+013	5.2500e-015
3.750e+000	5.3326e-006	-8.2360e+013	-8.2027e+013	8.2027e+013	5.2500e-015
3.760e+000	5.3353e-006	-8.2693e+013	-8.2360e+013	8.2360e+013	5.2500e-015
3.770e+000	5.3380e-006	-8.3026e+013	-8.2693e+013	8.2693e+013	5.2500e-015
3.780e+000	5.3406e-006	-8.3359e+013	-8.3026e+013	8.3026e+013	5.2500e-015
3.790e+000	5.3433e-006	-8.3693e+013	-8.3359e+013	8.3359e+013	5.2500e-015
3.800e+000	5.3459e-006	-8.4027e+013	-8.3693e+013	8.3693e+013	5.2500e-015
3.810e+000	5.3485e-006	-8.4360e+013	-8.4027e+013	8.4027e+013	5.2500e-015
3.820e+000	5.3512e-006	-8.4694e+013	-8.4360e+013	8.4360e+013	5.2500e-015
3.830e+000	5.3538e-006	-8.5029e+013	-8.4694e+013	8.4694e+013	5.2500e-015
3.840e+000	5.3563e-006	-8.5363e+013	-8.5029e+013	8.5029e+013	5.2500e-015
3.850e+000	5.3589e-006	-8.5697e+013	-8.5363e+013	8.5363e+013	5.2500e-015
3.860e+000	5.3615e-006	-8.6032e+013	-8.5697e+013	8.5697e+013	5.2500e-015
3.870e+000	5.3640e-006	-8.6367e+013	-8.6032e+013	8.6032e+013	5.2500e-015
3.880e+000	5.3666e-006	-8.6702e+013	-8.6367e+013	8.6367e+013	5.2500e-015
3.890e+000	5.3691e-006	-8.7037e+013	-8.6702e+013	8.6702e+013	5.2500e-015
3.900e+000	5.3716e-006	-8.7372e+013	-8.7037e+013	8.7037e+013	5.2500e-015
3.910e+000	5.3742e-006	-8.7708e+013	-8.7372e+013	8.7372e+013	5.2500e-015
3.920e+000	5.3767e-006	-8.8043e+013	-8.7708e+013	8.7708e+013	5.2500e-015
3.930e+000	5.3791e-006	-8.8379e+013	-8.8043e+013	8.8043e+013	5.2500e-015
3.940e+000	5.3816e-006	-8.8715e+013	-8.8379e+013	8.8379e+013	5.2500e-015
3.950e+000	5.3841e-006	-8.9051e+013	-8.8715e+013	8.8715e+013	5.2500e-015
3.960e+000	5.3865e-006	-8.9387e+013	-8.9051e+013	8.9051e+013	5.2500e-015
3.970e+000	5.3890e-006	-8.9723e+013	-8.9387e+013	8.9387e+013	5.2500e-015
3.980e+000	5.3914e-006	-9.0060e+013	-8.9723e+013	8.9723e+013	5.2500e-015
3.990e+000	5.3938e-006	-9.0397e+013	-9.0060e+013	9.0060e+013	5.2500e-015
4.000e+000	5.3963e-006	-9.0733e+013	-9.0397e+013	9.0397e+013	5.2500e-015
4.010e+000	5.3987e-006	-9.1070e+013	-9.0733e+013	9.0733e+013	5.2500e-015
4.020e+000	5.4011e-006	-9.1407e+013	-9.1070e+013	9.1070e+013	5.2500e-015
4.030e+000	5.4034e-006	-9.1745e+013	-9.1407e+013	9.1407e+013	5.2500e-015
4.040e+000	5.4058e-006	-9.2082e+013	-9.1745e+013	9.1745e+013	5.2500e-015
4.050e+000	5.4082e-006	-9.2420e+013	-9.2082e+013	9.2082e+013	5.2500e-015
4.060e+000	5.4105e-006	-9.2757e+013	-9.2420e+013	9.2420e+013	5.2500e-015
4.070e+000	5.4129e-006	-9.3095e+013	-9.2757e+013	9.2757e+013	5.2500e-015
4.080e+000	5.4152e-006	-9.3433e+013	-9.3095e+013	9.3095e+013	5.2500e-015
4.090e+000	5.4175e-006	-9.3771e+013	-9.3433e+013	9.3433e+013	5.2500e-015
4.100e+000	5.4199e-006	-9.4110e+013	-9.3771e+013	9.3771e+013	5.2500e-015
4.110e+000	5.4222e-006	-9.4448e+013	-9.4110e+013	9.4110e+013	5.2500e-015
4.120e+000	5.4245e-006	-9.4787e+013	-9.4448e+013	9.4448e+013	5.2500e-015
4.130e+000	5.4267e-006	-9.5125e+013	-9.4787e+013	9.4787e+013	5.2500e-015
4.140e+000	5.4290e-006	-9.5464e+013	-9.5125e+013	9.5125e+013	5.2500e-015
4.150e+000	5.4313e-006	-9.5803e+013	-9.5464e+013	9.5464e+013	5.2500e-015
4.160e+000	5.4335e-006	-9.6142e+013	-9.5803e+013	9.5803e+013	5.2500e-015
4.170e+000	5.4358e-006	-9.6482e+013	-9.6142e+013	9.6142e+013	5.2500e-015
4.180e+000	5.4380e-006	-9.6821e+013	-9.6482e+013	9.6481e+013	5.2500e-015
4.190e+000	5.4403e-006	-9.7161e+013	-9.6821e+013	9.6821e+013	5.2500e-015
4.200e+000	5.4425e-006	-9.7500e+013	-9.7161e+013	9.7160e+013	5.2500e-015
4.210e+000	5.4447e-006	-9.7840e+013	-9.7500e+013	9.7500e+013	5.2500e-015
4.220e+000	5.4469e-006	-9.8180e+013	-9.7840e+013	9.7840e+013	5.2500e-015
4.230e+000	5.4491e-006	-9.8520e+013	-9.8180e+013	9.8180e+013	5.2500e-015
4.240e+000	5.4513e-006	-9.8860e+013	-9.8520e+013	9.8520e+013	5.2500e-015
4.250e+000	5.4535e-006	-9.9201e+013	-9.8860e+013	9.8860e+013	5.2500e-015
4.260e+000	5.4557e-006	-9.9541e+013	-9.9201e+013	9.9201e+013	5.2500e-015
4.270e+000	5.4578e-006	-9.9882e+013	-9.9541e+013	9.9541e+013	5.2500e-015
4.280e+000	5.4600e-006	-1.0022e+014	-9.9882e+013	9.9882e+013	5.2500e-015
4.290e+000	5.4621e-006	-1.0056e+014	-1.0022e+014	1.0022e+014	5.2500e-015
4.300e+000	5.4643e-006	-1.0090e+014	-1.0056e+014	1.0056e+014	5.2500e-015
4.310e+000	5.4664e-006	-1.0125e+014	-1.0090e+014	1.0090e+014	5.2500e-015
4.320e+000	5.4685e-006	-1.0159e+014	-1.0125e+014	1.0125e+014	5.2500e-015
4.330e+000	5.4706e-006	-1.0193e+014	-1.0159e+014	1.0159e+014	5.2500e-015
4.340e+000	5.4727e-006	-1.0227e+014	-1.0193e+014	1.0193e+014	5.2500e-015
4.350e+000	5.4748e-006	-1.0261e+014	-1.0227e+014	1.0227e+014	5.2500e-015
4.360e+000	5.4769e-006	-1.0295e+014	-1.0261e+014	1.0261e+014	5.2500e-015
4.370e+000	5.4790e-006	-1.0330e+014	-1.0295e+014	1.0295e+014	5.2500e-015
4.380e+000	5.4811e-006	-1.0364e+014	-1.0330e+014	1.0330e+014	5.2500e-015
4.390e+000	5.4832e-006	-1.0398e+014	-1.0364e+014	1.0364e+014	5.2500e-015
4.400e+000	5.4852e-006	-1.0432e+014	-1.0398e+014	1.0398e+014	5.2500e-015
4.410e+000	5.4873e-006	-1.0466e+014	-1.0432e+014	1.0432e+014	5.2500e-015
4.420e+000	5.4893e-006	-1.0501e+014	-1.0466e+014	1.0466e+014	5.2500e-015
4.430e+000	5.4914e-006	-1.0535e+014	-1.0501e+014	1.0501e+014	5.2500e-015
4.440e+000	5.4934e-006	-1.0569e+014	-1.0535e+014	1.0535e+014	5.2500e-015
4.450e+000	5.4954e-006	-1.0604e+014	-1.0569e+014	1.0569e+014	5.2500e-015
4.460e+000	5.4974e-006	-1.0638e+014	-1.0604e+014	1.0604e+014	5.2500e-015
4.470e+000	5.4994e-006	-1.0672e+014	-1.0638e+014	1.0638e+014	5.2500e-015
4.480e+000	5.5014e-006	-1.0707e+014	-1.0672e+014	1.0672e+014	5.2500e-015
4.490e+000	5.5034e-006	-1.0741e+014	-1.0707e+014	1.0707e+014	5.2500e-015
4.500e+000	5.5054e-006	-1.0775e+014	-1.0741e+014	1.0741e+014	5.2500e-015
4.510e+000	5.5074e-006	-1.0810e+014	-1.0775e+014	1.0775e+014	5.2500e-015
4.520e+000	5.5093e-006	-1.0844e+014	-1.0810e+014	1.0810e+014	5.2500e-015
4.530e+000	5.5112e-006	-1.0878e+014	-1.0844e+014	1.0844e+014	5.2500e-015
4.540e+000	5.5131e-006	-1.0913e+014	-1.0878e+014	1.0878e+014	5.2500e-015
4.550e+000	5.5151e-006	-1.0947e+014	-1.0913e+014	1.0913e+014	5.2500e-015
4.560e+000	5.5170e-006	-1.0982e+014	-1.0947e+014	1.0947e+014	5.2500e-015
4.570e+000	5.5190e-006	-1.1016e+014	-1.0982e+014	1.0982e+014	5.2500e-015
4.580e+000	5.5209e-006	-1.1051e+014	-1.1016e+014	1.1016e+014	5.2500e-015
4.590e+000	5.5228e-006	-1.1085e+014	-1.1051e+014	1.1051e+014	5.2500e-015
4.600e+000	5.5247e-006	-1.1120e+014	-1.1085e+014	1.1085e+014	5.2500e-015
4.610e+000	5.5266e-006	-1.1154e+014	-1.1120e+014	1.1120e+014	5.2500e-015
4.620e+000	5.5285e-006	-1.1189e+014	-1.1154e+014	1.1154e+014	5.2500e-015
4.630e+000	5.5304e-006	-1.1223e+014	-1.1189e+014	1.1189e+014	5.2500e-015
4.640e+000	5.5323e-006	-1.1258e+014	-1.1223e+014	1.1223e+014	5.2500e-015
4.650e+000	5.5342e-006	-1.1292e+014	-1.1258e+014	1.1258e+014	5.2500e-015
4.660e+000	5.5361e-006	-1.1327e+014	-1.1292e+014	1.1292e+014	5.2500e-015
4.670e+000	5.5380e-006	-1.1361e+014	-1.1327e+014	1.1327e+014	5.2500e-015
4.680e+000	5.5398e-006	-1.1396e+014	-1.1361e+014	1.1361e+014	5.2500e-015
4.690e+000	5.5417e-006	-1.1430e+014	-1.1396e+014	1.1396e+014	5.2500e-015
4.700e+000	5.5435e-006	-1.1465e+014	-1.1430e+014	1.1430e+014	5.2500e-015
4.710e+000	5.5454e-006	-1.1500e+014	-1.1465e+014	1.1465e+014	5.2500e-015
4.720e+000	5.5472e-006	-1.1534e+014	-1.1500e+014	1.1500e+014	5.2500e-015
4.730e+000	5.5491e-006	-1.1569e+014	-1.1534e+014	1.1534e+014	5.2500e-015
4.740e+000	5.5509e-006	-1.1604e+014	-1.1569e+014	1.1569e+014	5.2500e-015
4.750e+000	5.5527e-006	-1.1638e+014	-1.1604e+014	1.1604e+014	5.2500e-015
4.760e+000	5.5545e-006	-1.1673e+014	-1.1638e+014	1.1638e+014	5.2500e-015
4.770e+000	5.5564e-006	-1.1708e+014	-1.1673e+014	1.1673e+014	5.2500e-015
4.780e+000	5.5582e-006	-1.1742e+014	-1.1708e+014	1.1708e+014	5.2500e-015
4.790e+000	5.5600e-006	-1.1777e+014	-1.1742e+014	1.1742e+014	5.2500e-015
4.800e+000	5.5617e-006	-1.1812e+014	-1.1777e+014	1.1777e+014	5.2500e-015
4.810e+000	5.5635e-006	-1.1846e+014	-1.1812e+014	1.1812e+014	5.2500e-015
4.820e+000	5.5653e-006	-1.1881e+014	-1.1846e+014	1.1846e+014	5.2500e-015
4.830e+000	5.5671e-006	-1.1916e+014	-1.1881e+014	1.1881e+014	5.2500e-015
4.840e+000	5.5689e-006	-1.1951e+014	-1.1916e+014	1.1916e+014	5.2500e-015
4.850e+000	5.5706e-006	-1.1985e+014	-1.1951e+014	1.1951e+014	5.2500e-015
4.860e+000	5.5724e-006	-1.2020e+014	-1.1985e+014	1.1985e+014	5.2500e-015
4.870e+000	5.5741e-006	-1.2055e+014	-1.2020e+014	1.2020e+014	5.2500e-015
4.880e+000	5.5759e-006	-1.2090e+014	-1.2055e+014	1.2055e+014	5.2500e-015
4.890e+000	5.5776e-006	-1.2125e+014	-1.2090e+014	1.2090e+014	5.2500e-015
4.900e+000	5.5794e-006	-1.2159e+014	-1.2125e+014	1.2125e+014	5.2500e-015
4.910e+000	5.5811e-006	-1.2194e+014	-1.2159e+014	1.2159e+014	5.2500e-015
4.920e+000	5.5828e-006	-1.2229e+014	-1.2194e+014	1.2194e+014	5.2500e-015
4.930e+000	5.5845e-006	-1.2264e+014	-1.2229e+014	1.2229e+014	5.2500e-015
4.940e+000	5.5863e-006	-1.2299e+014	-1.2264e+014	1.2264e+014	5.2500e-015
4.950e+000	5.5880e-006	-1.2334e+014	-1.2299e+014	1.2299e+014	5.2500e-015
4.960e+000	5.5897e-006	-1.2369e+014	-1.2334e+014	1.2334e+014	5.2500e-015
4.970e+000	5.5914e-006	-1.2403e+014	-1.2369e+014	1.2369e+014	5.2500e-015
4.980e+000	5.5931e-006	-1.2438e+014	-1.2403e+014	1.2403e+014	5.2500e-015
4.990e+000	5.5948e-006	-1.2473e+014	-1.2438e+014	1.2438e+014	5.2500e-015
5.000e+000	5.5964e-006	-1.2508e+014	-1.2473e+014	1.2473e+014	5.2500e-015
5.010e+000	5.5981e-006	-1.2543e+014	-1.2508e+014	1.2508e+014	5.2500e-015
5.020e+000	5.5998e-006	-1.2578e+014	-1.2543e+014	1.2543e+014	5.2500e-015
5.030e+000	5.6015e-006	-1.2613e+014	-1.2578e+014	1.2578e+014	5.2500e-015
5.040e+000	5.6031e-006	-1.2648e+014	-1.2613e+014	1.2613e+014	5.2500e-015
5.050e+000	5.6048e-006	-1.2683e+014	-1.2648e+014	1.2648e+014	5.2500e-015
5.060e+000	5.6064e-006	-1.2718e+014	-1.2683e+014	1.2683e+014	5.2500e-015
5.070e+000	5.6081e-006	-1.2753e+014	-1.2718e+014	1.2718e+014	5.2500e-015
5.080e+000	5.6097e-006	-1.2788e+014	-1.2753e+014	1.2753e+014	5.2500e-015
5.090e+000	5.6114e-006	-1.2823e+014	-1.2788e+014	1.2788e+014	5.2500e-015
5.100e+000	5.6130e-006	-1.2858e+014	-1.2823e+014	1.2823e+014	5.2500e-015
5.110e+000	5.6146e-006	-1.2893e+014	-1.2858e+014	1.2858e+014	5.2500e-015
5.120e+000	5.6162e-006	-1.2928e+014	-1.2893e+014	1.2893e+014	5.2500e-015
5.130e+000	5.6179e-006	-1.2963e+014	-1.2928e+014	1.2928e+014	5.2500e-015
5.140e+000	5.6195e-006	-1.2998e+014	-1.2963e+014	1.2963e+014	5.2500e-015
5.150e+000	5.6211e-006	-1.3033e+014	-1.2998e+014	1.2998e+014	5.2500e-015
5.160e+000	5.6227e-006	-1.3069e+014	-1.3033e+014	1.3033e+014	5.2500e-015
5.170e+000	5.6243e-006	-1.3104e+014	-1.3069e+014	1.3069e+014	5.2500e-015
5.180e+000	5.6259e-006	-1.3139e+014	-1.3104e+014	1.3104e+014	5.2500e-015
5.190e+000	5.6275e-006	-1.3174e+014	-1.3139e+014	1.3139e+014	5.2500e-015
5.200e+000	5.6291e-006	-1.3209e+014	-1.3174e+014	1.3174e+014	5.2500e-015
5.210e+000	5.6306e-006	-1.3244e+014	-1.3209e+014	1.3209e+014	5.2500e-015
5.220e+000	5.6322e-006	-1.3279e+014	-1.3244e+014	1.3244e+014	5.2500e-015
5.230e+000	5.6338e-006	-1.3314e+014	-1.3279e+014	1.3279e+014	5.2500e-015
5.240e+000	5.6353e-006	-1.3350e+014	-1.3314e+014	1.3314e+014	5.2500e-015
5.250e+000	5.6369e-006	-1.3385e+014	-1.3350e+014	1.3350e+014	5.2500e-015
5.260e+000	5.6385e-006	-1.3420e+014	-1.3385e+014	1.3385e+014	5.2500e-015
5.270e+000	5.6400e-006	-1.3455e+014	-1.3420e+014	1.3420e+014	5.2500e-015
5.280e+000	5.6416e-006	-1.3490e+014	-1.3455e+014	1.3455e+014	5.2500e-015
5.290e+000	5.6431e-006	-1.3526e+014	-1.3490e+014	1.3490e+014	5.2500e-015
5.300e+000	5.6447e-006	-1.3561e+014	-1.3526e+014	1.3526e+014	5.2500e-015
5.310e+000	5.6462e-006	-1.3596e+014	-1.3561e+014	1.3561e+014	5.2500e-015
5.320e+000	5.6477e-006	-1.3631e+014	-1.3596e+014	1.3596e+014	5.2500e-015
5.330e+000	5.6492e-006	-1.3667e+014	-1.3631e+014	1.3631e+014	5.2500e-015
5.340e+000	5.6508e-006	-1.3702e+014	-1.3667e+014	1.3667e+014	5.2500e-015
5.350e+000	5.6523e-006	-1.3737e+014	-1.3702e+014	1.3702e+014	5.2500e-015
5.360e+000	5.6538e-006	-1.3772e+014	-1.3737e+014	1.3737e+014	5.2500e-015
5.370e+000	5.6553e-006	-1.3808e+014	-1.3772e+014	1.3772e+014	5.2500e-015
5.380e+000	5.6568e-006	-1.3843e+014	-1.3808e+014	1.3808e+014	5.2500e-015
5.390e+000	5.6583e-006	-1.3878e+014	-1.3843e+014	1.3843e+014	5.2500e-015
5.400e+000	5.6598e-006	-1.3914e+014	-1.3878e+014	1.3878e+014	5.2500e-015
5.410e+000	5.6613e-006	-1.3949e+014	-1.3914e+014	1.3914e+014	5.2500e-015
5.420e+000	5.6628e-006	-1.3984e+014	-1.3949e+014	1.3949e+014	5.2500e-015
5.430e+000	5.6643e-006	-1.4020e+014	-1.3984e+014	1.3984e+014	5.2500e-015
5.440e+000	5.6658e-006	-1.4055e+014	-1.4020e+014	1.4020e+014	5.2500e-015
5.450e+000	5.6672e-006	-1.4090e+014	-1.4055e+014	1.4055e+014	5.2500e-015
5.460e+000	5.6687e-006	-1.4126e+014	-1.4090e+014	1.4090e+014	5.2500e-015
5.470e+000	5.6702e-006	-1.4161e+014	-1.4126e+014	1.4126e+014	5.2500e-015
5.480e+000	5.6716e-006	-1.4197e+014	-1.4161e+014	1.4161e+014	5.2500e-015
5.490e+000	5.6731e-006	-1.4232e+014	-1.4197e+014	1.4197e+014	5.2500e-015
5.500e+000	5.6746e-006	-1.4267e+014	-1.4232e+014	1.4232e+014	5.2500e-015
5.510e+000	5.6760e-006	-1.4303e+014	-1.4267e+014	1.4267e+014	5.2500e-015
5.520e+000	5.6775e-006	-1.4338e+014	-1.4303e+014	1.4303e+014	5.2500e-015
5.530e+000	5.6789e-006	-1.4374e+014	-1.4338e+014	1.4338e+014	5.2500e-015
5.540e+000	5.6804e-006	-1.4409e+014	-1.4374e+014	1.4374e+014	5.2500e-015
5.550e+000	5.6818e-006	-1.4445e+014	-1.4409e+014	1.4409e+014	5.2500e-015
5.560e+000	5.6832e-006	-1.4480e+014	-1.4445e+014	1.4445e+014	5.2500e-015
5.570e+000	5.6847e-006	-1.4516e+014	-1.4480e+014	1.4480e+014	5.2500e-015
5.580e+000	5.6861e-006	-1.4551e+014	-1.4516e+014	1.4516e+014	5.2500e-015
5.590e+000	5.6875e-006	-1.4587e+014	-1.4551e+014	1.4551e+014	5.2500e-015
5.600e+000	5.6889e-006	-1.4622e+014	-1.4587e+014	1.4587e+014	5.2500e-015
5.610e+000	5.6903e-006	-1.4658e+014	-1.4622e+014	1.4622e+014	5.2500e-015
5.620e+000	5.6917e-006	-1.4693e+014	-1.4658e+014	1.4658e+014	5.2500e-015
5.630e+000	5.6932e-006	-1.4729e+014	-1.4693e+014	1.4693e+014	5.2500e-015
5.640e+000	5.6946e-006	-1.4764e+014	-1.4729e+014	1.4729e+014	5.2500e-015
5.650e+000	5.6960e-006	-1.4800e+014	-1.4764e+014	1.4764e+014	5.2500e-015
5.660e+000	5.6974e-006	-1.4835e+014	-1.4800e+014	1.4800e+014	5.2500e-015
5.670e+000	5.6987e-006	-1.4871e+014	-1.4835e+014	1.4835e+014	5.2500e-015
5.680e+000	5.7001e-006	-1.4907e+014	-1.4871e+014	1.4871e+014	5.2500e-015
5.690e+000	5.7015e-006	-1.4942e+014	-1.4907e+014	1.4907e+014	5.2500e-015
5.700e+000	5.7029e-006	-1.4978e+014	-1.4942e+014	1.4942e+014	5.2500e-015
5.710e+000	5.7043e-006	-1.5013e+014	-1.4978e+014	1.4978e+014	5.2500e-015
5.720e+000	5.7057e-006	-1.5049e+014	-1.5013e+014	1.5013e+014	5.2500e-015
5.730e+000	5.7070e-006	-1.5085e+014	-1.5049e+014	1.5049e+014	5.2500e-015
5.740e+000	5.7084e-006	-1.5120e+014	-1.5085e+014	1.5085e+014	5.2500e-015
5.750e+000	5.7098e-006	-1.5156e+014	-1.5120e+014	1.5120e+014	5.2500e-015
5.760e+000	5.7111e-006	-1.5191e+014	-1.5156e+014	1.5156e+014	5.2500e-015
5.770e+000	5.7125e-006	-1.5227e+014	-1.5191e+014	1.5191e+014	5.2500e-015
5.780e+000	5.7138e-006	-1.5263e+014	-1.5227e+014	1.5227e+014	5.2500e-015
5.790e+000	5.7152e-006	-1.5298e+014	-1.5263e+014	1.5263e+014	5.2500e-015
5.800e+000	5.7165e-006	-1.5334e+014	-1.5298e+014	1.5298e+014	5.2500e-015
5.810e+000	5.7179e-006	-1.5370e+014	-1.5334e+014	1.5334e+014	5.2500e-015
5.820e+000	5.7192e-006	-1.5406e+014	-1.5370e+014	1.5370e+014	5.2500e-015
5.830e+000	5.7205e-006	-1.5441e+014	-1.5406e+014	1.5406e+014	5.2500e-015
5.840e+000	5.7219e-006	-1.5477e+014	-1.5441e+014	1.5441e+014	5.2500e-015
5.850e+000	5.7232e-006	-1.5513e+014	-1.5477e+014	1.5477e+014	5.2500e-015
5.860e+000	5.7245e-006	-1.5548e+014	-1.5513e+014	1.5513e+014	5.2500e-015
5.870e+000	5.7259e-006	-1.5584e+014	-1.5548e+014	1.5548e+014	5.2500e-015
5.880e+000	5.7272e-006	-1.5620e+014	-1.5584e+014	1.5584e+014	5.2500e-015
5.890e+000	5.7285e-006	-1.5656e+014	-1.5620e+014	1.5620e+014	5.2500e-015
5.900e+000	5.7298e-006	-1.5691e+014	-1.5656e+014	1.5656e+014	5.2500e-015
5.910e+000	5.7311e-006	-1.5727e+014	-1.5691e+014	1.5691e+014	5.2500e-015
5.920e+000	5.7324e-006	-1.5763e+014	-1.5727e+014	1.5727e+014	5.2500e-015
5.930e+000	5.7337e-006	-1.5799e+014	-1.5763e+014	1.5763e+014	5.2500e-015
5.940e+000	5.7350e-006	-1.5835e+014	-1.5799e+014	1.5799e+014	5.2500e-015
5.950e+000	5.7363e-006	-1.5870e+014	-1.5835e+014	1.5835e+014	5.2500e-015
5.960e+000	5.7376e-006	-1.5906e+014	-1.5870e+014	1.5870e+014	5.2500e-015
5.970e+000	5.7389e-006	-1.5942e+014	-1.5906e+014	1.5906e+014	5.2500e-015
5.980e+000	5.7402e-006	-1.5978e+014	-1.5942e+014	1.5942e+014	5.2500e-015
5.990e+000	5.7415e-006	-1.6014e+014	-1.5978e+014	1.5978e+014	5.2500e-015
6.000e+000	5.7428e-006	-1.6049e+014	-1.6014e+014	1.6014e+014	5.2500e-015
6.010e+000	5.7440e-006	-1.6085e+014	-1.6049e+014	1.6049e+014	5.2500e-015
6.020e+000	5.7453e-006	-1.6121e+014	-1.6085e+014	1.6085e+014	5.2500e-015
6.030e+000	5.7466e-006	-1.6157e+014	-1.6121e+014	1.6121e+014	5.2500e-015
6.040e+000	5.7479e-006	-1.6193e+014	-1.6157e+014	1.6157e+014	5.2500e-015
6.050e+000	5.7491e-006	-1.6229e+014	-1.6193e+014	1.6193e+014	5.2500e-015
6.060e+000	5.7504e-006	-1.6265e+014	-1.6229e+014	1.6229e+014	5.2500e-015
6.070e+000	5.7516e-006	-1.6301e+014	-1.6265e+014	1.6265e+014	5.2500e-015
6.080e+000	5.7529e-006	-1.6336e+014	-1.6301e+014	1.6301e+014	5.2500e-015
6.090e+000	5.7542e-006	-1.6372e+014	-1.6336e+014	1.6336e+014	5.2500e-015
6.100e+000	5.7554e-006	-1.6408e+014	-1.6372e+014	1.6372e+014	5.2500e-015
6.110e+000	5.7567e-006	-1.6444e+014	-1.6408e+014	1.6408e+014	5.2500e-015
6.120e+000	5.7579e-006	-1.6480e+014	-1.6444e+014	1.6444e+014	5.2500e-015
6.130e+000	5.7591e-006	-1.6516e+014	-1.6480e+014	1.6480e+014	5.2500e-015
6.140e+000	5.7604e-006	-1.6552e+014	-1.6516e+014	1.6516e+014	5.2500e-015
6.150e+000	5.7616e-006	-1.6588e+014	-1.6552e+014	1.6552e+014	5.2500e-015
6.160e+000	5.7628e-006	-1.6624e+014	-1.6588e+014	1.6588e+014	5.2500e-015
6.170e+000	5.7641e-006	-1.6660e+014	-1.6624e+014	1.6624e+014	5.2500e-015
6.180e+000	5.7653e-006	-1.6696e+014	-1.6660e+014	1.6660e+014	5.2500e-015
6.190e+000	5.7665e-006	-1.6732e+014	-1.6696e+014	1.6696e+014	5.2500e-015
6.200e+000	5.7678e-006	-1.6768e+014	-1.6732e+014	1.6732e+014	5.2500e-015
6.210e+000	5.7690e-006	-1.6804e+014	-1.6768e+014	1.6768e+014	5.2500e-015
6.220e+000	5.7702e-006	-1.6840e+014	-1.6804e+014	1.6804e+014	5.2500e-015
6.230e+000	5.7714e-006	-1.6876e+014	-1.6840e+014	1.6840e+014	5.2500e-015
6.240e+000	5.7726e-006	-1.6912e+014	-1.6876e+014	1.6876e+014	5.2500e-015
6.250e+000	5.7738e-006	-1.6948e+014	-1.6912e+014	1.6912e+014	5.2500e-015
6.260e+000	5.7750e-006	-1.6984e+014	-1.6948e+014	1.6948e+014	5.2500e-015
6.270e+000	5.7762e-006	-1.7020e+014	-1.6984e+014	1.6984e+014	5.2500e-015
6.280e+000	5.7774e-006	-1.7056e+014	-1.7020e+014	1.7020e+014	5.2500e-015
6.290e+000	5.7786e-006	-1.7092e+014	-1.7056e+014	1.7056e+014	5.2500e-015
6.300e+000	5.7798e-006	-1.7128e+014	-1.7092e+014	1.7092e+014	5.2500e-015
6.310e+000	5.7810e-006	-1.7164e+014	-1.7128e+014	1.7128e+014	5.2500e-015
6.320e+000	5.7822e-006	-1.7201e+014	-1.7164e+014	1.7164e+014	5.2500e-015
6.330e+000	5.7834e-006	-1.7237e+014	-1.7201e+014	1.7201e+014	5.2500e-015
6.340e+000	5.7846e-006	-1.7273e+014	-1.7237e+014	1.7237e+014	5.2500e-015
6.350e+000	5.7857e-006	-1.7309e+014	-1.7273e+014	1.7273e+014	5.2500e-015
6.360e+000	5.7869e-006	-1.7345e+014	-1.7309e+014	1.7309e+014	5.2500e-015
6.370e+000	5.7881e-006	-1.7381e+014	-1.7345e+014	1.7345e+014	5.2500e-015
6.380e+000	5.7893e-006	-1.7417e+014	-1.7381e+014	1.7381e+014	5.2500e-015
6.390e+000	5.7904e-006	-1.7453e+014	-1.7417e+014	1.7417e+014	5.2500e-015
6.400e+000	5.7916e-006	-1.7490e+014	-1.7453e+014	1.7453e+014	5.2500e-015
6.410e+000	5.7928e-006	-1.7526e+014	-1.7490e+014	1.7490e+014	5.2500e-015
6.420e+000	5.7939e-006	-1.7562e+014	-1.7526e+014	1.7526e+014	5.2500e-015
6.430e+000	5.7951e-006	-1.7598e+014	-1.7562e+014	1.7562e+014	5.2500e-015
6.440e+000	5.7963e-006	-1.7634e+014	-1.7598e+014	1.7598e+014	5.2500e-015
6.450e+000	5.7974e-006	-1.7670e+014	-1.7634e+014	1.7634e+014	5.2500e-015
6.460e+000	5.7986e-006	-1.7707e+014	-1.7670e+014	1.7670e+014	5.2500e-015
6.470e+000	5.7997e-006	-1.7743e+014	-1.7707e+014	1.7707e+014	5.2500e-015
6.480e+000	5.8009e-006	-1.7779e+014	-1.7743e+014	1.7743e+014	5.2500e-015
6.490e+000	5.8020e-006	-1.7815e+014	-1.7779e+014	1.7779e+014	5.2500e-015
6.500e+000	5.8031e-006	-1.7851e+014	-1.7815e+014	1.7815e+014	5.2500e-015
6.510e+000	5.8043e-006	-1.7888e+014	-1.7851e+014	1.7851e+014	5.2500e-015
6.520e+000	5.8054e-006	-1.7924e+014	-1.7888e+014	1.7888e+014	5.2500e-015
6.530e+000	5.8066e-006	-1.7960e+014	-1.7924e+014	1.7924e+014	5.2500e-015
6.540e+000	5.8077e-006	-1.7996e+014	-1.7960e+014	1.7960e+014	5.2500e-015
6.550e+000	5.8088e-006	-1.8033e+014	-1.7996e+014	1.7996e+014	5.2500e-015
6.560e+000	5.8099e-006	-1.8069e+014	-1.8033e+014	1.8033e+014	5.2500e-015
6.570e+000	5.8111e-006	-1.8105e+014	-1.8069e+014	1.8069e+014	5.2500e-015
6.580e+000	5.8122e-006	-1.8141e+014	-1.8105e+014	1.8105e+014	5.2500e-015
6.590e+000	5.8133e-006	-1.8178e+014	-1.8141e+014	1.8141e+014	5.2500e-015
6.600e+000	5.8144e-006	-1.8214e+014	-1.8178e+014	1.8178e+014	5.2500e-015
6.610e+000	5.8155e-006	-1.8250e+014	-1.8214e+014	1.8214e+014	5.2500e-015
6.620e+000	5.8167e-006	-1.8287e+014	-1.8250e+014	1.8250e+014	5.2500e-015
6.630e+000	5.8178e-006	-1.8323e+014	-1.8287e+014	1.8287e+014	5.2500e-015
6.640e+000	5.8189e-006	-1.8359e+014	-1.8323e+014	1.8323e+014	5.2500e-015
6.650e+000	5.8200e-006	-1.8396e+014	-1.8359e+014	1.8359e+014	5.2500e-015
6.660e+000	5.8211e-006	-1.8432e+014	-1.8396e+014	1.8396e+014	5.2500e-015
6.670e+000	5.8222e-006	-1.8468e+014	-1.8432e+014	1.8432e+014	5.2500e-015
6.680e+000	5.8233e-006	-1.8505e+014	-1.8468e+014	1.8468e+014	5.2500e-015
6.690e+000	5.8244e-006	-1.8541e+014	-1.8505e+014	1.8505e+014	5.2500e-015
6.700e+000	5.8255e-006	-1.8577e+014	-1.8541e+014	1.8541e+014	5.2500e-015
6.710e+000	5.8266e-006	-1.8614e+014	-1.8577e+014	1.8577e+014	5.2500e-015
6.720e+000	5.8277e-006	-1.8650e+014	-1.8614e+014	1.8614e+014	5.2500e-015
6.730e+000	5.8287e-006	-1.8686e+014	-1.8650e+014	1.8650e+014	5.2500e-015
6.740e+000	5.8298e-006	-1.8723e+014	-1.8686e+014	1.8686e+014	5.2500e-015
6.750e+000	5.8309e-006	-1.8759e+014	-1.8723e+014	1.8723e+014	5.2500e-015
6.760e+000	5.8320e-006	-1.8796e+014	-1.8759e+014	1.8759e+014	5.2500e-015
6.770e+000	5.8331e-006	-1.8832e+014	-1.8796e+014	1.8796e+014	5.2500e-015
6.780e+000	5.8341e-006	-1.8868e+014	-1.8832e+014	1.8832e+014	5.2500e-015
6.790e+000	5.8352e-006	-1.8905e+014	-1.8868e+014	1.8868e+014	5.2500e-015
6.800e+000	5.8363e-006	-1.8941e+014	-1.8905e+014	1.8905e+014	5.2500e-015
6.810e+000	5.8374e-006	-1.8978e+014	-1.8941e+014	1.8941e+014	5.2500e-015
6.820e+000	5.8384e-006	-1.9014e+014	-1.8978e+014	1.8978e+014	5.2500e-015
6.830e+000	5.8395e-006	-1.9051e+014	-1.9014e+014	1.9014e+014	5.2500e-015
6.840e+000	5.8405e-006	-1.9087e+014	-1.9051e+014	1.9051e+014	5.2500e-015
6.850e+000	5.8416e-006	-1.9124e+014	-1.9087e+014	1.9087e+014	5.2500e-015
6.860e+000	5.8427e-006	-1.9160e+014	-1.9124e+014	1.9123e+014	5.2500e-015
6.870e+000	5.8437e-006	-1.9196e+014	-1.9160e+014	1.9160e+014	5.2500e-015
6.880e+000	5.8448e-006	-1.9233e+014	-1.9196e+014	1.9196e+014	5.2500e-015
6.890e+000	5.8458e-006	-1.9269e+014	-1.9233e+014	1.9233e+014	5.2500e-015
6.900e+000	5.8469e-006	-1.9306e+014	-1.9269e+014	1.9269e+014	5.2500e-015
6.910e+000	5.8479e-006	-1.9342e+014	-1.9306e+014	1.9306e+014	5.2500e-015
6.920e+000	5.8490e-006	-1.9379e+014	-1.9342e+014	1.9342e+014	5.2500e-015
6.930e+000	5.8500e-006	-1.9415e+014	-1.9379e+014	1.9379e+014	5.2500e-015
6.940e+000	5.8511e-006	-1.9452e+014	-1.9415e+014	1.9415e+014	5.2500e-015
6.950e+000	5.8521e-006	-1.9488e+014	-1.9452e+014	1.9452e+014	5.2500e-015
6.960e+000	5.8531e-006	-1.9525e+014	-1.9488e+014	1.9488e+014	5.2500e-015
6.970e+000	5.8542e-006	-1.9562e+014	-1.9525e+014	1.9525e+014	5.2500e-015
6.980e+000	5.8552e-006	-1.9598e+014	-1.9562e+014	1.9562e+014	5.2500e-015
6.990e+000	5.8562e-006	-1.9635e+014	-1.9598e+014	1.9598e+014	5.2500e-015
7.000e+000	5.8573e-006	-1.9671e+014	-1.9635e+014	1.9635e+014	5.2500e-015
