V	C (Fcm-2)	Initcharge (cm-2)	Finalcharge (cm-2)	ns Total (cm-2)	ps Total (cm-2)
-7.000e+000	4.8003e-017	-9.3438e+000	-6.3477e+000	6.3476e+000	5.2500e-015
-6.990e+000	4.8003e-017	-9.3438e+000	-6.3477e+000	6.3476e+000	5.2500e-015
-6.980e+000	4.8003e-017	-9.3438e+000	-6.3477e+000	6.3476e+000	5.2500e-015
-6.970e+000	4.8003e-017	-9.3438e+000	-6.3477e+000	6.3476e+000	5.2500e-015
-6.960e+000	4.8003e-017	-9.3438e+000	-6.3477e+000	6.3476e+000	5.2500e-015
-6.950e+000	4.8003e-017	-9.3438e+000	-6.3477e+000	6.3476e+000	5.2500e-015
-6.940e+000	4.8003e-017	-9.3438e+000	-6.3477e+000	6.3476e+000	5.2500e-015
-6.930e+000	4.8003e-017	-9.3438e+000	-6.3477e+000	6.3476e+000	5.2500e-015
-6.920e+000	4.8003e-017	-9.3438e+000	-6.3477e+000	6.3476e+000	5.2500e-015
-6.910e+000	4.8003e-017	-9.3438e+000	-6.3477e+000	6.3476e+000	5.2500e-015
-6.900e+000	4.8003e-017	-9.3438e+000	-6.3477e+000	6.3476e+000	5.2500e-015
-6.890e+000	4.8003e-017	-9.3438e+000	-6.3477e+000	6.3476e+000	5.2500e-015
-6.880e+000	4.8003e-017	-9.3438e+000	-6.3477e+000	6.3476e+000	5.2500e-015
-6.870e+000	4.8003e-017	-9.3438e+000	-6.3477e+000	6.3476e+000	5.2500e-015
-6.860e+000	4.8003e-017	-9.3438e+000	-6.3477e+000	6.3476e+000	5.2500e-015
-6.850e+000	4.8003e-017	-9.3438e+000	-6.3477e+000	6.3476e+000	5.2500e-015
-6.840e+000	4.8003e-017	-9.3438e+000	-6.3477e+000	6.3476e+000	5.2500e-015
-6.830e+000	4.8003e-017	-9.3438e+000	-6.3477e+000	6.3476e+000	5.2500e-015
-6.820e+000	4.8003e-017	-9.3438e+000	-6.3477e+000	6.3476e+000	5.2500e-015
-6.810e+000	4.8003e-017	-9.3438e+000	-6.3477e+000	6.3476e+000	5.2500e-015
-6.800e+000	4.8003e-017	-9.3438e+000	-6.3477e+000	6.3476e+000	5.2500e-015
-6.790e+000	4.8003e-017	-9.3438e+000	-6.3477e+000	6.3476e+000	5.2500e-015
-6.780e+000	4.8003e-017	-9.3438e+000	-6.3477e+000	6.3476e+000	5.2500e-015
-6.770e+000	4.8003e-017	-9.3438e+000	-6.3477e+000	6.3476e+000	5.2500e-015
-6.760e+000	4.8003e-017	-9.3438e+000	-6.3477e+000	6.3476e+000	5.2500e-015
-6.750e+000	4.8003e-017	-9.3438e+000	-6.3477e+000	6.3476e+000	5.2500e-015
-6.740e+000	4.8003e-017	-9.3438e+000	-6.3477e+000	6.3476e+000	5.2500e-015
-6.730e+000	4.8003e-017	-9.3438e+000	-6.3477e+000	6.3476e+000	5.2500e-015
-6.720e+000	4.8003e-017	-9.3438e+000	-6.3477e+000	6.3476e+000	5.2500e-015
-6.710e+000	4.8003e-017	-9.3438e+000	-6.3477e+000	6.3476e+000	5.2500e-015
-6.700e+000	4.8003e-017	-9.3438e+000	-6.3477e+000	6.3476e+000	5.2500e-015
-6.690e+000	4.8003e-017	-9.3438e+000	-6.3477e+000	6.3476e+000	5.2500e-015
-6.680e+000	4.8003e-017	-9.3438e+000	-6.3477e+000	6.3476e+000	5.2500e-015
-6.670e+000	4.8003e-017	-9.3438e+000	-6.3477e+000	6.3476e+000	5.2500e-015
-6.660e+000	4.8003e-017	-9.3438e+000	-6.3477e+000	6.3476e+000	5.2500e-015
-6.650e+000	4.8003e-017	-9.3438e+000	-6.3477e+000	6.3476e+000	5.2500e-015
-6.640e+000	4.8003e-017	-9.3438e+000	-6.3477e+000	6.3476e+000	5.2500e-015
-6.630e+000	4.8003e-017	-9.3438e+000	-6.3477e+000	6.3476e+000	5.2500e-015
-6.620e+000	4.8003e-017	-9.3438e+000	-6.3477e+000	6.3476e+000	5.2500e-015
-6.610e+000	4.8003e-017	-9.3438e+000	-6.3477e+000	6.3476e+000	5.2500e-015
-6.600e+000	4.8003e-017	-9.3438e+000	-6.3477e+000	6.3476e+000	5.2500e-015
-6.590e+000	4.8003e-017	-9.3438e+000	-6.3477e+000	6.3476e+000	5.2500e-015
-6.580e+000	4.8003e-017	-9.3438e+000	-6.3477e+000	6.3476e+000	5.2500e-015
-6.570e+000	4.8003e-017	-9.3438e+000	-6.3477e+000	6.3476e+000	5.2500e-015
-6.560e+000	4.8003e-017	-9.3438e+000	-6.3477e+000	6.3476e+000	5.2500e-015
-6.550e+000	4.8003e-017	-9.3438e+000	-6.3477e+000	6.3476e+000	5.2500e-015
-6.540e+000	4.8003e-017	-9.3438e+000	-6.3477e+000	6.3476e+000	5.2500e-015
-6.530e+000	4.8003e-017	-9.3438e+000	-6.3477e+000	6.3476e+000	5.2500e-015
-6.520e+000	4.8003e-017	-9.3438e+000	-6.3477e+000	6.3476e+000	5.2500e-015
-6.510e+000	4.8003e-017	-9.3438e+000	-6.3477e+000	6.3476e+000	5.2500e-015
-6.500e+000	4.8003e-017	-9.3438e+000	-6.3477e+000	6.3476e+000	5.2500e-015
-6.490e+000	4.8003e-017	-9.3438e+000	-6.3477e+000	6.3476e+000	5.2500e-015
-6.480e+000	4.8003e-017	-9.3438e+000	-6.3477e+000	6.3476e+000	5.2500e-015
-6.470e+000	4.8003e-017	-9.3438e+000	-6.3477e+000	6.3476e+000	5.2500e-015
-6.460e+000	4.8003e-017	-9.3438e+000	-6.3477e+000	6.3476e+000	5.2500e-015
-6.450e+000	4.8003e-017	-9.3438e+000	-6.3477e+000	6.3476e+000	5.2500e-015
-6.440e+000	4.8003e-017	-9.3438e+000	-6.3477e+000	6.3476e+000	5.2500e-015
-6.430e+000	4.8003e-017	-9.3438e+000	-6.3477e+000	6.3476e+000	5.2500e-015
-6.420e+000	4.8003e-017	-9.3438e+000	-6.3477e+000	6.3476e+000	5.2500e-015
-6.410e+000	4.8003e-017	-9.3438e+000	-6.3477e+000	6.3476e+000	5.2500e-015
-6.400e+000	4.8003e-017	-9.3438e+000	-6.3477e+000	6.3476e+000	5.2500e-015
-6.390e+000	4.8003e-017	-9.3438e+000	-6.3477e+000	6.3476e+000	5.2500e-015
-6.380e+000	4.8003e-017	-9.3438e+000	-6.3477e+000	6.3476e+000	5.2500e-015
-6.370e+000	4.8003e-017	-9.3438e+000	-6.3477e+000	6.3476e+000	5.2500e-015
-6.360e+000	4.8003e-017	-9.3438e+000	-6.3477e+000	6.3476e+000	5.2500e-015
-6.350e+000	4.8003e-017	-9.3438e+000	-6.3477e+000	6.3476e+000	5.2500e-015
-6.340e+000	4.8003e-017	-9.3438e+000	-6.3477e+000	6.3476e+000	5.2500e-015
-6.330e+000	4.8003e-017	-9.3438e+000	-6.3477e+000	6.3476e+000	5.2500e-015
-6.320e+000	4.8003e-017	-9.3438e+000	-6.3477e+000	6.3476e+000	5.2500e-015
-6.310e+000	4.8003e-017	-9.3438e+000	-6.3477e+000	6.3476e+000	5.2500e-015
-6.300e+000	4.8003e-017	-9.3438e+000	-6.3477e+000	6.3476e+000	5.2500e-015
-6.290e+000	4.8003e-017	-9.3438e+000	-6.3477e+000	6.3476e+000	5.2500e-015
-6.280e+000	4.8003e-017	-9.3438e+000	-6.3477e+000	6.3476e+000	5.2500e-015
-6.270e+000	4.8003e-017	-9.3438e+000	-6.3477e+000	6.3476e+000	5.2500e-015
-6.260e+000	4.8003e-017	-9.3438e+000	-6.3477e+000	6.3476e+000	5.2500e-015
-6.250e+000	4.8003e-017	-9.3438e+000	-6.3477e+000	6.3476e+000	5.2500e-015
-6.240e+000	4.8003e-017	-9.3438e+000	-6.3477e+000	6.3476e+000	5.2500e-015
-6.230e+000	4.8003e-017	-9.3438e+000	-6.3477e+000	6.3476e+000	5.2500e-015
-6.220e+000	4.8003e-017	-9.3438e+000	-6.3477e+000	6.3476e+000	5.2500e-015
-6.210e+000	4.8003e-017	-9.3438e+000	-6.3477e+000	6.3476e+000	5.2500e-015
-6.200e+000	4.8003e-017	-9.3438e+000	-6.3477e+000	6.3476e+000	5.2500e-015
-6.190e+000	4.8003e-017	-9.3438e+000	-6.3477e+000	6.3476e+000	5.2500e-015
-6.180e+000	4.8003e-017	-9.3438e+000	-6.3477e+000	6.3476e+000	5.2500e-015
-6.170e+000	4.8003e-017	-9.3438e+000	-6.3477e+000	6.3476e+000	5.2500e-015
-6.160e+000	4.8003e-017	-9.3438e+000	-6.3477e+000	6.3476e+000	5.2500e-015
-6.150e+000	4.8003e-017	-9.3438e+000	-6.3477e+000	6.3476e+000	5.2500e-015
-6.140e+000	4.8003e-017	-9.3438e+000	-6.3477e+000	6.3476e+000	5.2500e-015
-6.130e+000	4.8003e-017	-9.3438e+000	-6.3477e+000	6.3476e+000	5.2500e-015
-6.120e+000	4.8003e-017	-9.3438e+000	-6.3477e+000	6.3476e+000	5.2500e-015
-6.110e+000	4.8003e-017	-9.3438e+000	-6.3477e+000	6.3476e+000	5.2500e-015
-6.100e+000	4.8003e-017	-9.3438e+000	-6.3477e+000	6.3476e+000	5.2500e-015
-6.090e+000	4.8003e-017	-9.3438e+000	-6.3477e+000	6.3476e+000	5.2500e-015
-6.080e+000	4.8003e-017	-9.3438e+000	-6.3477e+000	6.3476e+000	5.2500e-015
-6.070e+000	4.8003e-017	-9.3438e+000	-6.3477e+000	6.3476e+000	5.2500e-015
-6.060e+000	4.8003e-017	-9.3438e+000	-6.3477e+000	6.3476e+000	5.2500e-015
-6.050e+000	4.8003e-017	-9.3438e+000	-6.3477e+000	6.3476e+000	5.2500e-015
-6.040e+000	4.8003e-017	-9.3438e+000	-6.3477e+000	6.3476e+000	5.2500e-015
-6.030e+000	4.8003e-017	-9.3438e+000	-6.3477e+000	6.3476e+000	5.2500e-015
-6.020e+000	4.8003e-017	-9.3438e+000	-6.3477e+000	6.3476e+000	5.2500e-015
-6.010e+000	4.8003e-017	-9.3438e+000	-6.3477e+000	6.3476e+000	5.2500e-015
-6.000e+000	4.8003e-017	-9.3438e+000	-6.3477e+000	6.3476e+000	5.2500e-015
-5.990e+000	4.8003e-017	-9.3438e+000	-6.3477e+000	6.3476e+000	5.2500e-015
-5.980e+000	4.8003e-017	-9.3438e+000	-6.3477e+000	6.3476e+000	5.2500e-015
-5.970e+000	4.8003e-017	-9.3438e+000	-6.3477e+000	6.3476e+000	5.2500e-015
-5.960e+000	4.8003e-017	-9.3438e+000	-6.3477e+000	6.3476e+000	5.2500e-015
-5.950e+000	4.8003e-017	-9.3438e+000	-6.3477e+000	6.3476e+000	5.2500e-015
-5.940e+000	4.8003e-017	-9.3438e+000	-6.3477e+000	6.3476e+000	5.2500e-015
-5.930e+000	4.8003e-017	-9.3438e+000	-6.3477e+000	6.3476e+000	5.2500e-015
-5.920e+000	4.8003e-017	-9.3438e+000	-6.3477e+000	6.3476e+000	5.2500e-015
-5.910e+000	4.8003e-017	-9.3438e+000	-6.3477e+000	6.3476e+000	5.2500e-015
-5.900e+000	4.8003e-017	-9.3438e+000	-6.3477e+000	6.3476e+000	5.2500e-015
-5.890e+000	4.8003e-017	-9.3438e+000	-6.3477e+000	6.3476e+000	5.2500e-015
-5.880e+000	4.8003e-017	-9.3438e+000	-6.3477e+000	6.3476e+000	5.2500e-015
-5.870e+000	4.8003e-017	-9.3438e+000	-6.3477e+000	6.3476e+000	5.2500e-015
-5.860e+000	4.8003e-017	-9.3438e+000	-6.3477e+000	6.3476e+000	5.2500e-015
-5.850e+000	4.8003e-017	-9.3438e+000	-6.3477e+000	6.3476e+000	5.2500e-015
-5.840e+000	4.8003e-017	-9.3438e+000	-6.3477e+000	6.3476e+000	5.2500e-015
-5.830e+000	4.8003e-017	-9.3438e+000	-6.3477e+000	6.3476e+000	5.2500e-015
-5.820e+000	4.8003e-017	-9.3438e+000	-6.3477e+000	6.3476e+000	5.2500e-015
-5.810e+000	4.8003e-017	-9.3438e+000	-6.3477e+000	6.3476e+000	5.2500e-015
-5.800e+000	4.8003e-017	-9.3438e+000	-6.3477e+000	6.3476e+000	5.2500e-015
-5.790e+000	4.8003e-017	-9.3438e+000	-6.3477e+000	6.3476e+000	5.2500e-015
-5.780e+000	4.8003e-017	-9.3438e+000	-6.3477e+000	6.3476e+000	5.2500e-015
-5.770e+000	4.8003e-017	-9.3438e+000	-6.3477e+000	6.3476e+000	5.2500e-015
-5.760e+000	4.8003e-017	-9.3438e+000	-6.3477e+000	6.3476e+000	5.2500e-015
-5.750e+000	4.8003e-017	-9.3438e+000	-6.3477e+000	6.3476e+000	5.2500e-015
-5.740e+000	4.8003e-017	-9.3438e+000	-6.3477e+000	6.3476e+000	5.2500e-015
-5.730e+000	4.8003e-017	-9.3438e+000	-6.3477e+000	6.3476e+000	5.2500e-015
-5.720e+000	4.8003e-017	-9.3438e+000	-6.3477e+000	6.3476e+000	5.2500e-015
-5.710e+000	4.8003e-017	-9.3438e+000	-6.3477e+000	6.3476e+000	5.2500e-015
-5.700e+000	4.8003e-017	-9.3438e+000	-6.3477e+000	6.3476e+000	5.2500e-015
-5.690e+000	4.8003e-017	-9.3438e+000	-6.3477e+000	6.3476e+000	5.2500e-015
-5.680e+000	4.8003e-017	-9.3438e+000	-6.3477e+000	6.3476e+000	5.2500e-015
-5.670e+000	4.8003e-017	-9.3438e+000	-6.3477e+000	6.3476e+000	5.2500e-015
-5.660e+000	4.8003e-017	-9.3438e+000	-6.3477e+000	6.3476e+000	5.2500e-015
-5.650e+000	4.8003e-017	-9.3438e+000	-6.3477e+000	6.3476e+000	5.2500e-015
-5.640e+000	4.8003e-017	-9.3438e+000	-6.3477e+000	6.3476e+000	5.2500e-015
-5.630e+000	4.8003e-017	-9.3438e+000	-6.3477e+000	6.3476e+000	5.2500e-015
-5.620e+000	4.8003e-017	-9.3438e+000	-6.3477e+000	6.3476e+000	5.2500e-015
-5.610e+000	4.8003e-017	-9.3438e+000	-6.3477e+000	6.3476e+000	5.2500e-015
-5.600e+000	4.8003e-017	-9.3438e+000	-6.3477e+000	6.3476e+000	5.2500e-015
-5.590e+000	4.8003e-017	-9.3438e+000	-6.3477e+000	6.3476e+000	5.2500e-015
-5.580e+000	4.8003e-017	-9.3438e+000	-6.3477e+000	6.3476e+000	5.2500e-015
-5.570e+000	4.8003e-017	-9.3438e+000	-6.3477e+000	6.3476e+000	5.2500e-015
-5.560e+000	4.8003e-017	-9.3438e+000	-6.3477e+000	6.3476e+000	5.2500e-015
-5.550e+000	4.8003e-017	-9.3438e+000	-6.3477e+000	6.3476e+000	5.2500e-015
-5.540e+000	4.8003e-017	-9.3438e+000	-6.3477e+000	6.3476e+000	5.2500e-015
-5.530e+000	4.8003e-017	-9.3438e+000	-6.3477e+000	6.3476e+000	5.2500e-015
-5.520e+000	4.8003e-017	-9.3438e+000	-6.3477e+000	6.3476e+000	5.2500e-015
-5.510e+000	4.8003e-017	-9.3438e+000	-6.3477e+000	6.3476e+000	5.2500e-015
-5.500e+000	4.8003e-017	-9.3438e+000	-6.3477e+000	6.3476e+000	5.2500e-015
-5.490e+000	4.8003e-017	-9.3438e+000	-6.3477e+000	6.3476e+000	5.2500e-015
-5.480e+000	4.8003e-017	-9.3438e+000	-6.3477e+000	6.3476e+000	5.2500e-015
-5.470e+000	4.8003e-017	-9.3438e+000	-6.3477e+000	6.3476e+000	5.2500e-015
-5.460e+000	4.8003e-017	-9.3438e+000	-6.3477e+000	6.3476e+000	5.2500e-015
-5.450e+000	4.8003e-017	-9.3438e+000	-6.3477e+000	6.3476e+000	5.2500e-015
-5.440e+000	4.8003e-017	-9.3438e+000	-6.3477e+000	6.3476e+000	5.2500e-015
-5.430e+000	4.8003e-017	-9.3438e+000	-6.3477e+000	6.3476e+000	5.2500e-015
-5.420e+000	4.8003e-017	-9.3438e+000	-6.3477e+000	6.3476e+000	5.2500e-015
-5.410e+000	4.8003e-017	-9.3438e+000	-6.3477e+000	6.3476e+000	5.2500e-015
-5.400e+000	4.8003e-017	-9.3438e+000	-6.3477e+000	6.3476e+000	5.2500e-015
-5.390e+000	4.8003e-017	-9.3438e+000	-6.3477e+000	6.3476e+000	5.2500e-015
-5.380e+000	4.8003e-017	-9.3438e+000	-6.3477e+000	6.3476e+000	5.2500e-015
-5.370e+000	4.8003e-017	-9.3438e+000	-6.3477e+000	6.3476e+000	5.2500e-015
-5.360e+000	4.8003e-017	-9.3438e+000	-6.3477e+000	6.3476e+000	5.2500e-015
-5.350e+000	4.8003e-017	-9.3438e+000	-6.3477e+000	6.3476e+000	5.2500e-015
-5.340e+000	4.8003e-017	-9.3438e+000	-6.3477e+000	6.3476e+000	5.2500e-015
-5.330e+000	4.8003e-017	-9.3438e+000	-6.3477e+000	6.3476e+000	5.2500e-015
-5.320e+000	4.8003e-017	-9.3438e+000	-6.3477e+000	6.3476e+000	5.2500e-015
-5.310e+000	4.8003e-017	-9.3438e+000	-6.3477e+000	6.3476e+000	5.2500e-015
-5.300e+000	4.8003e-017	-9.3438e+000	-6.3477e+000	6.3476e+000	5.2500e-015
-5.290e+000	4.8003e-017	-9.3438e+000	-6.3477e+000	6.3476e+000	5.2500e-015
-5.280e+000	4.8003e-017	-9.3438e+000	-6.3477e+000	6.3476e+000	5.2500e-015
-5.270e+000	4.8003e-017	-9.3438e+000	-6.3477e+000	6.3476e+000	5.2500e-015
-5.260e+000	4.8003e-017	-9.3438e+000	-6.3477e+000	6.3476e+000	5.2500e-015
-5.250e+000	4.8003e-017	-9.3438e+000	-6.3477e+000	6.3476e+000	5.2500e-015
-5.240e+000	4.8003e-017	-9.3438e+000	-6.3477e+000	6.3476e+000	5.2500e-015
-5.230e+000	4.8003e-017	-9.3438e+000	-6.3477e+000	6.3476e+000	5.2500e-015
-5.220e+000	4.8003e-017	-9.3438e+000	-6.3477e+000	6.3476e+000	5.2500e-015
-5.210e+000	4.8003e-017	-9.3438e+000	-6.3477e+000	6.3476e+000	5.2500e-015
-5.200e+000	4.8003e-017	-9.3438e+000	-6.3477e+000	6.3476e+000	5.2500e-015
-5.190e+000	4.8003e-017	-9.3438e+000	-6.3477e+000	6.3476e+000	5.2500e-015
-5.180e+000	4.8003e-017	-9.3438e+000	-6.3477e+000	6.3476e+000	5.2500e-015
-5.170e+000	4.8003e-017	-9.3438e+000	-6.3477e+000	6.3476e+000	5.2500e-015
-5.160e+000	4.8003e-017	-9.3438e+000	-6.3477e+000	6.3476e+000	5.2500e-015
-5.150e+000	4.8003e-017	-9.3438e+000	-6.3477e+000	6.3476e+000	5.2500e-015
-5.140e+000	4.8003e-017	-9.3438e+000	-6.3477e+000	6.3476e+000	5.2500e-015
-5.130e+000	4.8003e-017	-9.3438e+000	-6.3477e+000	6.3476e+000	5.2500e-015
-5.120e+000	4.8003e-017	-9.3438e+000	-6.3477e+000	6.3476e+000	5.2500e-015
-5.110e+000	4.8003e-017	-9.3438e+000	-6.3477e+000	6.3476e+000	5.2500e-015
-5.100e+000	4.8003e-017	-9.3438e+000	-6.3477e+000	6.3476e+000	5.2500e-015
-5.090e+000	4.8003e-017	-9.3438e+000	-6.3477e+000	6.3476e+000	5.2500e-015
-5.080e+000	4.8003e-017	-9.3438e+000	-6.3477e+000	6.3476e+000	5.2500e-015
-5.070e+000	4.8003e-017	-9.3438e+000	-6.3477e+000	6.3476e+000	5.2500e-015
-5.060e+000	4.8003e-017	-9.3438e+000	-6.3477e+000	6.3476e+000	5.2500e-015
-5.050e+000	4.8003e-017	-9.3438e+000	-6.3477e+000	6.3476e+000	5.2500e-015
-5.040e+000	4.8003e-017	-9.3438e+000	-6.3477e+000	6.3476e+000	5.2500e-015
-5.030e+000	4.8003e-017	-9.3438e+000	-6.3477e+000	6.3476e+000	5.2500e-015
-5.020e+000	4.8003e-017	-9.3438e+000	-6.3477e+000	6.3476e+000	5.2500e-015
-5.010e+000	4.8003e-017	-9.3438e+000	-6.3477e+000	6.3476e+000	5.2500e-015
-5.000e+000	4.8003e-017	-9.3438e+000	-6.3477e+000	6.3476e+000	5.2500e-015
-4.990e+000	4.8003e-017	-9.3438e+000	-6.3477e+000	6.3476e+000	5.2500e-015
-4.980e+000	4.8003e-017	-9.3438e+000	-6.3477e+000	6.3476e+000	5.2500e-015
-4.970e+000	4.8003e-017	-9.3438e+000	-6.3477e+000	6.3476e+000	5.2500e-015
-4.960e+000	4.8003e-017	-9.3438e+000	-6.3477e+000	6.3476e+000	5.2500e-015
-4.950e+000	4.8003e-017	-9.3438e+000	-6.3477e+000	6.3476e+000	5.2500e-015
-4.940e+000	4.8003e-017	-9.3438e+000	-6.3477e+000	6.3476e+000	5.2500e-015
-4.930e+000	4.8003e-017	-9.3438e+000	-6.3477e+000	6.3476e+000	5.2500e-015
-4.920e+000	4.8003e-017	-9.3438e+000	-6.3477e+000	6.3476e+000	5.2500e-015
-4.910e+000	4.8003e-017	-9.3438e+000	-6.3477e+000	6.3476e+000	5.2500e-015
-4.900e+000	4.8003e-017	-9.3438e+000	-6.3477e+000	6.3476e+000	5.2500e-015
-4.890e+000	4.8003e-017	-9.3438e+000	-6.3477e+000	6.3476e+000	5.2500e-015
-4.880e+000	4.8003e-017	-9.3438e+000	-6.3477e+000	6.3476e+000	5.2500e-015
-4.870e+000	4.8003e-017	-9.3438e+000	-6.3477e+000	6.3476e+000	5.2500e-015
-4.860e+000	4.8003e-017	-9.3438e+000	-6.3477e+000	6.3476e+000	5.2500e-015
-4.850e+000	4.8003e-017	-9.3438e+000	-6.3477e+000	6.3476e+000	5.2500e-015
-4.840e+000	4.8003e-017	-9.3438e+000	-6.3477e+000	6.3476e+000	5.2500e-015
-4.830e+000	4.8003e-017	-9.3438e+000	-6.3477e+000	6.3476e+000	5.2500e-015
-4.820e+000	4.8003e-017	-9.3438e+000	-6.3477e+000	6.3476e+000	5.2500e-015
-4.810e+000	4.8003e-017	-9.3438e+000	-6.3477e+000	6.3476e+000	5.2500e-015
-4.800e+000	4.8003e-017	-9.3438e+000	-6.3477e+000	6.3476e+000	5.2500e-015
-4.790e+000	4.8003e-017	-9.3438e+000	-6.3477e+000	6.3476e+000	5.2500e-015
-4.780e+000	4.8003e-017	-9.3438e+000	-6.3477e+000	6.3476e+000	5.2500e-015
-4.770e+000	4.8003e-017	-9.3438e+000	-6.3477e+000	6.3476e+000	5.2500e-015
-4.760e+000	4.8003e-017	-9.3438e+000	-6.3477e+000	6.3476e+000	5.2500e-015
-4.750e+000	4.8003e-017	-9.3438e+000	-6.3477e+000	6.3476e+000	5.2500e-015
-4.740e+000	4.8003e-017	-9.3438e+000	-6.3477e+000	6.3476e+000	5.2500e-015
-4.730e+000	4.8003e-017	-9.3438e+000	-6.3477e+000	6.3476e+000	5.2500e-015
-4.720e+000	4.8003e-017	-9.3438e+000	-6.3477e+000	6.3476e+000	5.2500e-015
-4.710e+000	4.8003e-017	-9.3438e+000	-6.3477e+000	6.3476e+000	5.2500e-015
-4.700e+000	4.8003e-017	-9.3438e+000	-6.3477e+000	6.3476e+000	5.2500e-015
-4.690e+000	4.8003e-017	-9.3438e+000	-6.3477e+000	6.3476e+000	5.2500e-015
-4.680e+000	4.8003e-017	-9.3438e+000	-6.3477e+000	6.3476e+000	5.2500e-015
-4.670e+000	4.8003e-017	-9.3438e+000	-6.3477e+000	6.3476e+000	5.2500e-015
-4.660e+000	4.8003e-017	-9.3438e+000	-6.3477e+000	6.3476e+000	5.2500e-015
-4.650e+000	4.8003e-017	-9.3438e+000	-6.3477e+000	6.3476e+000	5.2500e-015
-4.640e+000	4.8003e-017	-9.3438e+000	-6.3477e+000	6.3476e+000	5.2500e-015
-4.630e+000	4.8003e-017	-9.3438e+000	-6.3477e+000	6.3476e+000	5.2500e-015
-4.620e+000	4.8003e-017	-9.3438e+000	-6.3477e+000	6.3476e+000	5.2500e-015
-4.610e+000	4.8003e-017	-9.3438e+000	-6.3477e+000	6.3476e+000	5.2500e-015
-4.600e+000	4.8003e-017	-9.3438e+000	-6.3477e+000	6.3476e+000	5.2500e-015
-4.590e+000	4.8003e-017	-9.3438e+000	-6.3477e+000	6.3476e+000	5.2500e-015
-4.580e+000	4.8003e-017	-9.3438e+000	-6.3477e+000	6.3476e+000	5.2500e-015
-4.570e+000	4.8003e-017	-9.3438e+000	-6.3477e+000	6.3476e+000	5.2500e-015
-4.560e+000	4.8003e-017	-9.3438e+000	-6.3477e+000	6.3476e+000	5.2500e-015
-4.550e+000	4.8003e-017	-9.3438e+000	-6.3477e+000	6.3476e+000	5.2500e-015
-4.540e+000	4.8003e-017	-9.3438e+000	-6.3477e+000	6.3476e+000	5.2500e-015
-4.530e+000	4.8003e-017	-9.3438e+000	-6.3477e+000	6.3476e+000	5.2500e-015
-4.520e+000	4.8003e-017	-9.3438e+000	-6.3477e+000	6.3476e+000	5.2500e-015
-4.510e+000	4.8003e-017	-9.3438e+000	-6.3477e+000	6.3476e+000	5.2500e-015
-4.500e+000	4.8003e-017	-9.3438e+000	-6.3477e+000	6.3476e+000	5.2500e-015
-4.490e+000	4.8003e-017	-9.3438e+000	-6.3477e+000	6.3476e+000	5.2500e-015
-4.480e+000	4.8003e-017	-9.3438e+000	-6.3477e+000	6.3476e+000	5.2500e-015
-4.470e+000	4.8003e-017	-9.3438e+000	-6.3477e+000	6.3476e+000	5.2500e-015
-4.460e+000	4.8003e-017	-9.3438e+000	-6.3477e+000	6.3476e+000	5.2500e-015
-4.450e+000	4.8003e-017	-9.3438e+000	-6.3477e+000	6.3476e+000	5.2500e-015
-4.440e+000	4.8003e-017	-9.3438e+000	-6.3477e+000	6.3476e+000	5.2500e-015
-4.430e+000	4.8003e-017	-9.3438e+000	-6.3477e+000	6.3476e+000	5.2500e-015
-4.420e+000	4.8003e-017	-9.3438e+000	-6.3477e+000	6.3476e+000	5.2500e-015
-4.410e+000	4.8003e-017	-9.3438e+000	-6.3477e+000	6.3476e+000	5.2500e-015
-4.400e+000	4.8003e-017	-9.3438e+000	-6.3477e+000	6.3476e+000	5.2500e-015
-4.390e+000	4.8003e-017	-9.3438e+000	-6.3477e+000	6.3476e+000	5.2500e-015
-4.380e+000	4.8003e-017	-9.3438e+000	-6.3477e+000	6.3476e+000	5.2500e-015
-4.370e+000	4.8003e-017	-9.3438e+000	-6.3477e+000	6.3476e+000	5.2500e-015
-4.360e+000	4.8003e-017	-9.3438e+000	-6.3477e+000	6.3476e+000	5.2500e-015
-4.350e+000	4.8003e-017	-9.3438e+000	-6.3477e+000	6.3476e+000	5.2500e-015
-4.340e+000	4.8003e-017	-9.3438e+000	-6.3477e+000	6.3476e+000	5.2500e-015
-4.330e+000	4.8003e-017	-9.3438e+000	-6.3477e+000	6.3476e+000	5.2500e-015
-4.320e+000	4.8003e-017	-9.3438e+000	-6.3477e+000	6.3476e+000	5.2500e-015
-4.310e+000	4.8003e-017	-9.3438e+000	-6.3477e+000	6.3476e+000	5.2500e-015
-4.300e+000	4.8003e-017	-9.3438e+000	-6.3477e+000	6.3476e+000	5.2500e-015
-4.290e+000	4.8003e-017	-9.3438e+000	-6.3477e+000	6.3476e+000	5.2500e-015
-4.280e+000	4.8003e-017	-9.3438e+000	-6.3477e+000	6.3476e+000	5.2500e-015
-4.270e+000	4.8003e-017	-9.3438e+000	-6.3477e+000	6.3476e+000	5.2500e-015
-4.260e+000	4.8003e-017	-9.3438e+000	-6.3477e+000	6.3476e+000	5.2500e-015
-4.250e+000	4.8003e-017	-9.3438e+000	-6.3477e+000	6.3476e+000	5.2500e-015
-4.240e+000	4.8003e-017	-9.3438e+000	-6.3477e+000	6.3476e+000	5.2500e-015
-4.230e+000	4.8003e-017	-9.3438e+000	-6.3477e+000	6.3476e+000	5.2500e-015
-4.220e+000	4.8003e-017	-9.3438e+000	-6.3477e+000	6.3476e+000	5.2500e-015
-4.210e+000	4.8003e-017	-9.3438e+000	-6.3477e+000	6.3476e+000	5.2500e-015
-4.200e+000	4.8003e-017	-9.3438e+000	-6.3477e+000	6.3476e+000	5.2500e-015
-4.190e+000	4.8003e-017	-9.3438e+000	-6.3477e+000	6.3476e+000	5.2500e-015
-4.180e+000	4.8003e-017	-9.3438e+000	-6.3477e+000	6.3476e+000	5.2500e-015
-4.170e+000	4.8003e-017	-9.3438e+000	-6.3477e+000	6.3476e+000	5.2500e-015
-4.160e+000	4.8003e-017	-9.3438e+000	-6.3477e+000	6.3476e+000	5.2500e-015
-4.150e+000	4.8003e-017	-9.3438e+000	-6.3477e+000	6.3476e+000	5.2500e-015
-4.140e+000	4.8003e-017	-9.3438e+000	-6.3477e+000	6.3476e+000	5.2500e-015
-4.130e+000	4.8003e-017	-9.3438e+000	-6.3477e+000	6.3476e+000	5.2500e-015
-4.120e+000	4.8003e-017	-9.3438e+000	-6.3477e+000	6.3476e+000	5.2500e-015
-4.110e+000	4.8003e-017	-9.3438e+000	-6.3477e+000	6.3476e+000	5.2500e-015
-4.100e+000	4.8003e-017	-9.3438e+000	-6.3477e+000	6.3476e+000	5.2500e-015
-4.090e+000	4.8003e-017	-9.3438e+000	-6.3477e+000	6.3476e+000	5.2500e-015
-4.080e+000	4.8003e-017	-9.3438e+000	-6.3477e+000	6.3476e+000	5.2500e-015
-4.070e+000	4.8003e-017	-9.3438e+000	-6.3477e+000	6.3476e+000	5.2500e-015
-4.060e+000	4.8003e-017	-9.3438e+000	-6.3477e+000	6.3476e+000	5.2500e-015
-4.050e+000	4.8003e-017	-9.3438e+000	-6.3477e+000	6.3476e+000	5.2500e-015
-4.040e+000	4.8003e-017	-9.3438e+000	-6.3477e+000	6.3476e+000	5.2500e-015
-4.030e+000	4.8003e-017	-9.3438e+000	-6.3477e+000	6.3476e+000	5.2500e-015
-4.020e+000	4.8003e-017	-9.3438e+000	-6.3477e+000	6.3476e+000	5.2500e-015
-4.010e+000	4.8003e-017	-9.3438e+000	-6.3477e+000	6.3476e+000	5.2500e-015
-4.000e+000	4.8003e-017	-9.3438e+000	-6.3477e+000	6.3476e+000	5.2500e-015
-3.990e+000	4.8003e-017	-9.3438e+000	-6.3477e+000	6.3476e+000	5.2500e-015
-3.980e+000	4.8003e-017	-9.3438e+000	-6.3477e+000	6.3476e+000	5.2500e-015
-3.970e+000	4.8003e-017	-9.3438e+000	-6.3477e+000	6.3476e+000	5.2500e-015
-3.960e+000	4.8003e-017	-9.3438e+000	-6.3477e+000	6.3476e+000	5.2500e-015
-3.950e+000	4.8003e-017	-9.3438e+000	-6.3477e+000	6.3476e+000	5.2500e-015
-3.940e+000	4.8003e-017	-9.3438e+000	-6.3477e+000	6.3476e+000	5.2500e-015
-3.930e+000	4.8003e-017	-9.3438e+000	-6.3477e+000	6.3476e+000	5.2500e-015
-3.920e+000	4.8003e-017	-9.3438e+000	-6.3477e+000	6.3476e+000	5.2500e-015
-3.910e+000	4.8003e-017	-9.3438e+000	-6.3477e+000	6.3476e+000	5.2500e-015
-3.900e+000	4.8003e-017	-9.3438e+000	-6.3477e+000	6.3476e+000	5.2500e-015
-3.890e+000	4.8003e-017	-9.3438e+000	-6.3477e+000	6.3476e+000	5.2500e-015
-3.880e+000	4.8003e-017	-9.3438e+000	-6.3477e+000	6.3476e+000	5.2500e-015
-3.870e+000	4.8003e-017	-9.3438e+000	-6.3477e+000	6.3476e+000	5.2500e-015
-3.860e+000	4.8003e-017	-9.3438e+000	-6.3477e+000	6.3476e+000	5.2500e-015
-3.850e+000	4.8003e-017	-9.3438e+000	-6.3477e+000	6.3476e+000	5.2500e-015
-3.840e+000	4.8003e-017	-9.3438e+000	-6.3477e+000	6.3476e+000	5.2500e-015
-3.830e+000	4.8003e-017	-9.3438e+000	-6.3477e+000	6.3476e+000	5.2500e-015
-3.820e+000	4.8003e-017	-9.3438e+000	-6.3477e+000	6.3476e+000	5.2500e-015
-3.810e+000	4.8003e-017	-9.3438e+000	-6.3477e+000	6.3476e+000	5.2500e-015
-3.800e+000	4.8003e-017	-9.3438e+000	-6.3477e+000	6.3476e+000	5.2500e-015
-3.790e+000	4.8003e-017	-9.3438e+000	-6.3477e+000	6.3476e+000	5.2500e-015
-3.780e+000	4.8003e-017	-9.3438e+000	-6.3477e+000	6.3476e+000	5.2500e-015
-3.770e+000	4.8003e-017	-9.3438e+000	-6.3477e+000	6.3476e+000	5.2500e-015
-3.760e+000	4.8003e-017	-9.3438e+000	-6.3477e+000	6.3476e+000	5.2500e-015
-3.750e+000	4.8003e-017	-9.3438e+000	-6.3477e+000	6.3476e+000	5.2500e-015
-3.740e+000	4.8003e-017	-9.3438e+000	-6.3477e+000	6.3476e+000	5.2500e-015
-3.730e+000	4.8003e-017	-9.3438e+000	-6.3477e+000	6.3476e+000	5.2500e-015
-3.720e+000	4.8003e-017	-9.3438e+000	-6.3477e+000	6.3476e+000	5.2500e-015
-3.710e+000	4.8003e-017	-9.3438e+000	-6.3477e+000	6.3476e+000	5.2500e-015
-3.700e+000	4.8003e-017	-9.3438e+000	-6.3477e+000	6.3476e+000	5.2500e-015
-3.690e+000	4.8003e-017	-9.3438e+000	-6.3477e+000	6.3476e+000	5.2500e-015
-3.680e+000	4.8003e-017	-9.3438e+000	-6.3477e+000	6.3476e+000	5.2500e-015
-3.670e+000	4.8003e-017	-9.3439e+000	-6.3477e+000	6.3476e+000	5.2500e-015
-3.660e+000	4.8004e-017	-9.3439e+000	-6.3478e+000	6.3477e+000	5.2500e-015
-3.650e+000	4.8004e-017	-9.3440e+000	-6.3478e+000	6.3477e+000	5.2500e-015
-3.640e+000	4.8004e-017	-9.3441e+000	-6.3479e+000	6.3478e+000	5.2500e-015
-3.630e+000	4.8005e-017	-9.3442e+000	-6.3480e+000	6.3479e+000	5.2500e-015
-3.620e+000	4.8006e-017	-9.3445e+000	-6.3481e+000	6.3481e+000	5.2500e-015
-3.610e+000	4.8008e-017	-9.3448e+000	-6.3484e+000	6.3483e+000	5.2500e-015
-3.600e+000	4.8011e-017	-9.3453e+000	-6.3487e+000	6.3486e+000	5.2500e-015
-3.590e+000	4.8014e-017	-9.3460e+000	-6.3492e+000	6.3491e+000	5.2500e-015
-3.580e+000	4.8020e-017	-9.3471e+000	-6.3499e+000	6.3498e+000	5.2500e-015
-3.570e+000	4.8028e-017	-9.3487e+000	-6.3510e+000	6.3509e+000	5.2500e-015
-3.560e+000	4.8040e-017	-9.3510e+000	-6.3526e+000	6.3525e+000	5.2500e-015
-3.550e+000	4.8058e-017	-9.3544e+000	-6.3549e+000	6.3548e+000	5.2500e-015
-3.540e+000	4.8083e-017	-9.3594e+000	-6.3583e+000	6.3582e+000	5.2500e-015
-3.530e+000	4.8121e-017	-9.3668e+000	-6.3633e+000	6.3633e+000	5.2500e-015
-3.520e+000	4.8178e-017	-9.3777e+000	-6.3707e+000	6.3707e+000	5.2500e-015
-3.510e+000	4.8260e-017	-9.3938e+000	-6.3817e+000	6.3816e+000	5.2500e-015
-3.500e+000	4.8382e-017	-9.4174e+000	-6.3977e+000	6.3976e+000	5.2500e-015
-3.490e+000	4.8560e-017	-9.4522e+000	-6.4213e+000	6.4213e+000	5.2500e-015
-3.480e+000	4.8824e-017	-9.5035e+000	-6.4561e+000	6.4561e+000	5.2500e-015
-3.470e+000	4.9211e-017	-9.5789e+000	-6.5074e+000	6.5073e+000	5.2500e-015
-3.460e+000	4.9782e-017	-9.6900e+000	-6.5828e+000	6.5827e+000	5.2500e-015
-3.450e+000	5.0670e-017	-9.8564e+000	-6.6939e+000	6.6938e+000	5.2500e-015
-3.440e+000	5.1860e-017	-1.0097e+001	-6.8603e+000	6.8573e+000	5.2500e-015
-3.430e+000	5.3682e-017	-1.0452e+001	-7.1011e+000	7.0981e+000	5.2500e-015
-3.420e+000	5.6426e-017	-1.0977e+001	-7.4555e+000	7.4525e+000	5.2500e-015
-3.410e+000	6.0328e-017	-1.1747e+001	-7.9813e+000	7.9743e+000	5.2500e-015
-3.400e+000	6.6157e-017	-1.2880e+001	-8.7505e+000	8.7427e+000	5.2500e-015
-3.390e+000	7.4779e-017	-1.4551e+001	-9.8837e+000	9.8738e+000	5.2500e-015
-3.380e+000	8.7397e-017	-1.7010e+001	-1.1555e+001	1.1539e+001	5.2500e-015
-3.370e+000	1.0606e-016	-2.0633e+001	-1.4014e+001	1.3991e+001	5.2500e-015
-3.360e+000	1.3339e-016	-2.5963e+001	-1.7637e+001	1.7601e+001	5.2500e-015
-3.350e+000	1.7375e-016	-3.3812e+001	-2.2967e+001	2.2916e+001	5.2500e-015
-3.340e+000	2.3315e-016	-4.5367e+001	-3.0815e+001	3.0741e+001	5.2500e-015
-3.330e+000	3.2059e-016	-6.2381e+001	-4.2371e+001	4.2262e+001	5.2500e-015
-3.320e+000	4.4927e-016	-8.7426e+001	-5.9385e+001	5.9224e+001	5.2500e-015
-3.310e+000	6.3886e-016	-1.2430e+002	-8.4430e+001	8.4197e+001	5.2500e-015
-3.300e+000	9.1789e-016	-1.7860e+002	-1.2131e+002	1.2096e+002	5.2500e-015
-3.290e+000	1.3288e-015	-2.5854e+002	-1.7560e+002	1.7510e+002	5.2500e-015
-3.280e+000	1.9336e-015	-3.7623e+002	-2.5554e+002	2.5479e+002	5.2500e-015
-3.270e+000	2.8242e-015	-5.4950e+002	-3.7323e+002	3.7213e+002	5.2500e-015
-3.260e+000	4.1353e-015	-8.0461e+002	-5.4650e+002	5.4489e+002	5.2500e-015
-3.250e+000	6.0657e-015	-1.1802e+003	-8.0161e+002	7.9923e+002	5.2500e-015
-3.240e+000	8.9078e-015	-1.7332e+003	-1.1772e+003	1.1737e+003	5.2500e-015
-3.230e+000	1.3092e-014	-2.5473e+003	-1.7302e+003	1.7250e+003	5.2500e-015
-3.220e+000	1.9253e-014	-3.7460e+003	-2.5443e+003	2.5367e+003	5.2500e-015
-3.210e+000	2.8323e-014	-5.5108e+003	-3.7430e+003	3.7318e+003	5.2500e-015
-3.200e+000	4.1677e-014	-8.1090e+003	-5.5078e+003	5.4913e+003	5.2500e-015
-3.190e+000	6.1337e-014	-1.1934e+004	-8.1060e+003	8.0818e+003	5.2500e-015
-3.180e+000	9.0283e-014	-1.7566e+004	-1.1931e+004	1.1896e+004	5.2500e-015
-3.170e+000	1.3290e-013	-2.5858e+004	-1.7563e+004	1.7511e+004	5.2500e-015
-3.160e+000	1.9564e-013	-3.8066e+004	-2.5855e+004	2.5778e+004	5.2500e-015
-3.150e+000	2.8802e-013	-5.6040e+004	-3.8063e+004	3.7949e+004	5.2500e-015
-3.140e+000	4.2402e-013	-8.2503e+004	-5.6037e+004	5.5869e+004	5.2500e-015
-3.130e+000	6.2425e-013	-1.2146e+005	-8.2500e+004	8.2253e+004	5.2500e-015
-3.120e+000	9.1905e-013	-1.7882e+005	-1.2146e+005	1.2110e+005	5.2500e-015
-3.110e+000	1.3531e-012	-2.6327e+005	-1.7882e+005	1.7828e+005	5.2500e-015
-3.100e+000	1.9920e-012	-3.8760e+005	-2.6327e+005	2.6248e+005	5.2500e-015
-3.090e+000	2.9326e-012	-5.7064e+005	-3.8759e+005	3.8643e+005	5.2500e-015
-3.080e+000	4.3174e-012	-8.4010e+005	-5.7063e+005	5.6892e+005	5.2500e-015
-3.070e+000	6.3558e-012	-1.2368e+006	-8.4010e+005	8.3758e+005	5.2500e-015
-3.060e+000	9.3563e-012	-1.8208e+006	-1.2368e+006	1.2331e+006	5.2500e-015
-3.050e+000	1.3772e-011	-2.6804e+006	-1.8208e+006	1.8153e+006	5.2500e-015
-3.040e+000	2.0271e-011	-3.9456e+006	-2.6804e+006	2.6723e+006	5.2500e-015
-3.030e+000	2.9831e-011	-5.8074e+006	-3.9455e+006	3.9337e+006	5.2500e-015
-3.020e+000	4.3891e-011	-8.5469e+006	-5.8074e+006	5.7901e+006	5.2500e-015
-3.010e+000	6.4558e-011	-1.2576e+007	-8.5469e+006	8.5213e+006	5.2500e-015
-3.000e+000	9.4915e-011	-1.8500e+007	-1.2576e+007	1.2539e+007	5.2500e-015
-2.990e+000	1.3945e-010	-2.7204e+007	-1.8500e+007	1.8445e+007	5.2500e-015
-2.980e+000	2.0469e-010	-3.9980e+007	-2.7204e+007	2.7123e+007	5.2500e-015
-2.970e+000	3.0003e-010	-5.8707e+007	-3.9980e+007	3.9861e+007	5.2500e-015
-2.960e+000	4.3888e-010	-8.6100e+007	-5.8707e+007	5.8532e+007	5.2500e-015
-2.950e+000	6.4010e-010	-1.2605e+008	-8.6100e+007	8.5843e+007	5.2500e-015
-2.940e+000	9.2968e-010	-1.8408e+008	-1.2605e+008	1.2568e+008	5.2500e-015
-2.930e+000	1.3423e-009	-2.6786e+008	-1.8408e+008	1.8353e+008	5.2500e-015
-2.920e+000	1.9224e-009	-3.8784e+008	-2.6786e+008	2.6707e+008	5.2500e-015
-2.910e+000	2.7232e-009	-5.5781e+008	-3.8784e+008	3.8671e+008	5.2500e-015
-2.900e+000	3.8031e-009	-7.9518e+008	-5.5781e+008	5.5620e+008	5.2500e-015
-2.890e+000	5.2184e-009	-1.1209e+009	-7.9518e+008	7.9291e+008	5.2500e-015
-2.880e+000	7.0135e-009	-1.5586e+009	-1.1209e+009	1.1177e+009	5.2500e-015
-2.870e+000	9.2129e-009	-2.1336e+009	-1.5586e+009	1.5544e+009	5.2500e-015
-2.860e+000	1.1820e-008	-2.8714e+009	-2.1336e+009	2.1280e+009	5.2500e-015
-2.850e+000	1.4826e-008	-3.7968e+009	-2.8714e+009	2.8641e+009	5.2500e-015
-2.840e+000	1.8221e-008	-4.9341e+009	-3.7968e+009	3.7876e+009	5.2500e-015
-2.830e+000	2.2008e-008	-6.3077e+009	-4.9341e+009	4.9229e+009	5.2500e-015
-2.820e+000	2.6205e-008	-7.9432e+009	-6.3077e+009	6.2943e+009	5.2500e-015
-2.810e+000	3.0847e-008	-9.8686e+009	-7.9432e+009	7.9276e+009	5.2500e-015
-2.800e+000	3.5975e-008	-1.2114e+010	-9.8686e+009	9.8507e+009	5.2500e-015
-2.790e+000	4.1628e-008	-1.4712e+010	-1.2114e+010	1.2094e+010	5.2500e-015
-2.780e+000	4.7834e-008	-1.7698e+010	-1.4712e+010	1.4690e+010	5.2500e-015
-2.770e+000	5.4604e-008	-2.1106e+010	-1.7698e+010	1.7674e+010	5.2500e-015
-2.760e+000	6.1927e-008	-2.4971e+010	-2.1106e+010	2.1080e+010	5.2500e-015
-2.750e+000	6.9764e-008	-2.9325e+010	-2.4971e+010	2.4944e+010	5.2500e-015
-2.740e+000	7.8057e-008	-3.4197e+010	-2.9325e+010	2.9297e+010	5.2500e-015
-2.730e+000	8.6724e-008	-3.9610e+010	-3.4197e+010	3.4167e+010	5.2500e-015
-2.720e+000	9.5669e-008	-4.5581e+010	-3.9610e+010	3.9579e+010	5.2500e-015
-2.710e+000	1.0479e-007	-5.2122e+010	-4.5581e+010	4.5549e+010	5.2500e-015
-2.700e+000	1.1397e-007	-5.9235e+010	-5.2122e+010	5.2089e+010	5.2500e-015
-2.690e+000	1.2313e-007	-6.6920e+010	-5.9235e+010	5.9202e+010	5.2500e-015
-2.680e+000	1.3215e-007	-7.5168e+010	-6.6920e+010	6.6886e+010	5.2500e-015
-2.670e+000	1.4097e-007	-8.3967e+010	-7.5168e+010	7.5133e+010	5.2500e-015
-2.660e+000	1.4952e-007	-9.3299e+010	-8.3967e+010	8.3931e+010	5.2500e-015
-2.650e+000	1.5775e-007	-1.0315e+011	-9.3299e+010	9.3263e+010	5.2500e-015
-2.640e+000	1.6518e-007	-1.1345e+011	-1.0315e+011	1.0311e+011	5.2500e-015
-2.630e+000	1.7258e-007	-1.2423e+011	-1.1345e+011	1.1342e+011	5.2500e-015
-2.620e+000	1.7960e-007	-1.3544e+011	-1.2423e+011	1.2419e+011	5.2500e-015
-2.610e+000	1.8637e-007	-1.4707e+011	-1.3544e+011	1.3540e+011	5.2500e-015
-2.600e+000	1.9249e-007	-1.5908e+011	-1.4707e+011	1.4703e+011	5.2500e-015
-2.590e+000	1.9847e-007	-1.7147e+011	-1.5908e+011	1.5905e+011	5.2500e-015
-2.580e+000	2.0397e-007	-1.8420e+011	-1.7147e+011	1.7143e+011	5.2500e-015
-2.570e+000	2.0913e-007	-1.9725e+011	-1.8420e+011	1.8416e+011	5.2500e-015
-2.560e+000	2.1396e-007	-2.1061e+011	-1.9725e+011	1.9722e+011	5.2500e-015
-2.550e+000	2.1848e-007	-2.2424e+011	-2.1061e+011	2.1057e+011	5.2500e-015
-2.540e+000	2.2276e-007	-2.3815e+011	-2.2424e+011	2.2421e+011	5.2500e-015
-2.530e+000	2.2665e-007	-2.5230e+011	-2.3815e+011	2.3811e+011	5.2500e-015
-2.520e+000	2.3035e-007	-2.6667e+011	-2.5230e+011	2.5226e+011	5.2500e-015
-2.510e+000	2.3386e-007	-2.8127e+011	-2.6667e+011	2.6663e+011	5.2500e-015
-2.500e+000	2.3706e-007	-2.9607e+011	-2.8127e+011	2.8123e+011	5.2500e-015
-2.490e+000	2.4013e-007	-3.1105e+011	-2.9607e+011	2.9603e+011	5.2500e-015
-2.480e+000	2.4294e-007	-3.2622e+011	-3.1105e+011	3.1101e+011	5.2500e-015
-2.470e+000	2.4565e-007	-3.4155e+011	-3.2622e+011	3.2618e+011	5.2500e-015
-2.460e+000	2.4816e-007	-3.5704e+011	-3.4155e+011	3.4151e+011	5.2500e-015
-2.450e+000	2.5048e-007	-3.7267e+011	-3.5704e+011	3.5700e+011	5.2500e-015
-2.440e+000	2.5273e-007	-3.8845e+011	-3.7267e+011	3.7263e+011	5.2500e-015
-2.430e+000	2.5482e-007	-4.0435e+011	-3.8845e+011	3.8841e+011	5.2500e-015
-2.420e+000	2.5676e-007	-4.2038e+011	-4.0435e+011	4.0431e+011	5.2500e-015
-2.410e+000	2.5863e-007	-4.3652e+011	-4.2038e+011	4.2034e+011	5.2500e-015
-2.400e+000	2.6038e-007	-4.5277e+011	-4.3652e+011	4.3648e+011	5.2500e-015
-2.390e+000	2.6204e-007	-4.6912e+011	-4.5277e+011	4.5273e+011	5.2500e-015
-2.380e+000	2.6360e-007	-4.8558e+011	-4.6912e+011	4.6909e+011	5.2500e-015
-2.370e+000	2.6506e-007	-5.0212e+011	-4.8558e+011	4.8554e+011	5.2500e-015
-2.360e+000	2.6648e-007	-5.1875e+011	-5.0212e+011	5.0208e+011	5.2500e-015
-2.350e+000	2.6781e-007	-5.3547e+011	-5.1875e+011	5.1871e+011	5.2500e-015
-2.340e+000	2.6907e-007	-5.5226e+011	-5.3547e+011	5.3543e+011	5.2500e-015
-2.330e+000	2.7026e-007	-5.6913e+011	-5.5226e+011	5.5222e+011	5.2500e-015
-2.320e+000	2.7139e-007	-5.8607e+011	-5.6913e+011	5.6909e+011	5.2500e-015
-2.310e+000	2.7248e-007	-6.0308e+011	-5.8607e+011	5.8603e+011	5.2500e-015
-2.300e+000	2.7351e-007	-6.2015e+011	-6.0308e+011	6.0304e+011	5.2500e-015
-2.290e+000	2.7449e-007	-6.3728e+011	-6.2015e+011	6.2011e+011	5.2500e-015
-2.280e+000	2.7542e-007	-6.5447e+011	-6.3728e+011	6.3724e+011	5.2500e-015
-2.270e+000	2.7631e-007	-6.7172e+011	-6.5447e+011	6.5443e+011	5.2500e-015
-2.260e+000	2.7716e-007	-6.8902e+011	-6.7172e+011	6.7168e+011	5.2500e-015
-2.250e+000	2.7798e-007	-7.0637e+011	-6.8902e+011	6.8898e+011	5.2500e-015
-2.240e+000	2.7875e-007	-7.2376e+011	-7.0637e+011	7.0633e+011	5.2500e-015
-2.230e+000	2.7949e-007	-7.4121e+011	-7.2376e+011	7.2372e+011	5.2500e-015
-2.220e+000	2.8020e-007	-7.5870e+011	-7.4121e+011	7.4117e+011	5.2500e-015
-2.210e+000	2.8089e-007	-7.7623e+011	-7.5870e+011	7.5866e+011	5.2500e-015
-2.200e+000	2.8154e-007	-7.9380e+011	-7.7623e+011	7.7619e+011	5.2500e-015
-2.190e+000	2.8216e-007	-8.1141e+011	-7.9380e+011	7.9376e+011	5.2500e-015
-2.180e+000	2.8276e-007	-8.2906e+011	-8.1141e+011	8.1137e+011	5.2500e-015
-2.170e+000	2.8334e-007	-8.4674e+011	-8.2906e+011	8.2902e+011	5.2500e-015
-2.160e+000	2.8389e-007	-8.6446e+011	-8.4674e+011	8.4671e+011	5.2500e-015
-2.150e+000	2.8442e-007	-8.8222e+011	-8.6446e+011	8.6442e+011	5.2500e-015
-2.140e+000	2.8494e-007	-9.0000e+011	-8.8222e+011	8.8218e+011	5.2500e-015
-2.130e+000	2.8543e-007	-9.1782e+011	-9.0000e+011	8.9996e+011	5.2500e-015
-2.120e+000	2.8590e-007	-9.3566e+011	-9.1782e+011	9.1778e+011	5.2500e-015
-2.110e+000	2.8635e-007	-9.5353e+011	-9.3566e+011	9.3562e+011	5.2500e-015
-2.100e+000	2.8680e-007	-9.7143e+011	-9.5353e+011	9.5349e+011	5.2500e-015
-2.090e+000	2.8722e-007	-9.8936e+011	-9.7143e+011	9.7139e+011	5.2500e-015
-2.080e+000	2.8763e-007	-1.0073e+012	-9.8936e+011	9.8932e+011	5.2500e-015
-2.070e+000	2.8803e-007	-1.0253e+012	-1.0073e+012	1.0073e+012	5.2500e-015
-2.060e+000	2.8841e-007	-1.0433e+012	-1.0253e+012	1.0253e+012	5.2500e-015
-2.050e+000	2.8878e-007	-1.0613e+012	-1.0433e+012	1.0433e+012	5.2500e-015
-2.040e+000	2.8913e-007	-1.0794e+012	-1.0613e+012	1.0613e+012	5.2500e-015
-2.030e+000	2.8948e-007	-1.0974e+012	-1.0794e+012	1.0793e+012	5.2500e-015
-2.020e+000	2.8981e-007	-1.1155e+012	-1.0974e+012	1.0974e+012	5.2500e-015
-2.010e+000	2.9014e-007	-1.1336e+012	-1.1155e+012	1.1155e+012	5.2500e-015
-2.000e+000	2.9045e-007	-1.1518e+012	-1.1336e+012	1.1336e+012	5.2500e-015
-1.990e+000	2.9075e-007	-1.1699e+012	-1.1518e+012	1.1517e+012	5.2500e-015
-1.980e+000	2.9104e-007	-1.1881e+012	-1.1699e+012	1.1699e+012	5.2500e-015
-1.970e+000	2.9133e-007	-1.2063e+012	-1.1881e+012	1.1880e+012	5.2500e-015
-1.960e+000	2.9161e-007	-1.2245e+012	-1.2063e+012	1.2062e+012	5.2500e-015
-1.950e+000	2.9187e-007	-1.2427e+012	-1.2245e+012	1.2244e+012	5.2500e-015
-1.940e+000	2.9213e-007	-1.2609e+012	-1.2427e+012	1.2426e+012	5.2500e-015
-1.930e+000	2.9239e-007	-1.2792e+012	-1.2609e+012	1.2609e+012	5.2500e-015
-1.920e+000	2.9263e-007	-1.2974e+012	-1.2792e+012	1.2791e+012	5.2500e-015
-1.910e+000	2.9287e-007	-1.3157e+012	-1.2974e+012	1.2974e+012	5.2500e-015
-1.900e+000	2.9310e-007	-1.3340e+012	-1.3157e+012	1.3157e+012	5.2500e-015
-1.890e+000	2.9333e-007	-1.3523e+012	-1.3340e+012	1.3339e+012	5.2500e-015
-1.880e+000	2.9354e-007	-1.3706e+012	-1.3523e+012	1.3523e+012	5.2500e-015
-1.870e+000	2.9376e-007	-1.3890e+012	-1.3706e+012	1.3706e+012	5.2500e-015
-1.860e+000	2.9397e-007	-1.4073e+012	-1.3890e+012	1.3889e+012	5.2500e-015
-1.850e+000	2.9417e-007	-1.4257e+012	-1.4073e+012	1.4073e+012	5.2500e-015
-1.840e+000	2.9436e-007	-1.4440e+012	-1.4257e+012	1.4256e+012	5.2500e-015
-1.830e+000	2.9456e-007	-1.4624e+012	-1.4440e+012	1.4440e+012	5.2500e-015
-1.820e+000	2.9474e-007	-1.4808e+012	-1.4624e+012	1.4624e+012	5.2500e-015
-1.810e+000	2.9493e-007	-1.4992e+012	-1.4808e+012	1.4808e+012	5.2500e-015
-1.800e+000	2.9510e-007	-1.5176e+012	-1.4992e+012	1.4992e+012	5.2500e-015
-1.790e+000	2.9528e-007	-1.5361e+012	-1.5176e+012	1.5176e+012	5.2500e-015
-1.780e+000	2.9545e-007	-1.5545e+012	-1.5361e+012	1.5360e+012	5.2500e-015
-1.770e+000	2.9561e-007	-1.5730e+012	-1.5545e+012	1.5545e+012	5.2500e-015
-1.760e+000	2.9577e-007	-1.5914e+012	-1.5730e+012	1.5729e+012	5.2500e-015
-1.750e+000	2.9593e-007	-1.6099e+012	-1.5914e+012	1.5914e+012	5.2500e-015
-1.740e+000	2.9608e-007	-1.6284e+012	-1.6099e+012	1.6099e+012	5.2500e-015
-1.730e+000	2.9623e-007	-1.6469e+012	-1.6284e+012	1.6283e+012	5.2500e-015
-1.720e+000	2.9638e-007	-1.6654e+012	-1.6469e+012	1.6468e+012	5.2500e-015
-1.710e+000	2.9652e-007	-1.6839e+012	-1.6654e+012	1.6653e+012	5.2500e-015
-1.700e+000	2.9667e-007	-1.7024e+012	-1.6839e+012	1.6838e+012	5.2500e-015
-1.690e+000	2.9680e-007	-1.7209e+012	-1.7024e+012	1.7023e+012	5.2500e-015
-1.680e+000	2.9694e-007	-1.7394e+012	-1.7209e+012	1.7209e+012	5.2500e-015
-1.670e+000	2.9707e-007	-1.7580e+012	-1.7394e+012	1.7394e+012	5.2500e-015
-1.660e+000	2.9720e-007	-1.7765e+012	-1.7580e+012	1.7579e+012	5.2500e-015
-1.650e+000	2.9732e-007	-1.7951e+012	-1.7765e+012	1.7765e+012	5.2500e-015
-1.640e+000	2.9745e-007	-1.8137e+012	-1.7951e+012	1.7951e+012	5.2500e-015
-1.630e+000	2.9757e-007	-1.8322e+012	-1.8137e+012	1.8136e+012	5.2500e-015
-1.620e+000	2.9769e-007	-1.8508e+012	-1.8322e+012	1.8322e+012	5.2500e-015
-1.610e+000	2.9780e-007	-1.8694e+012	-1.8508e+012	1.8508e+012	5.2500e-015
-1.600e+000	2.9792e-007	-1.8880e+012	-1.8694e+012	1.8694e+012	5.2500e-015
-1.590e+000	2.9803e-007	-1.9066e+012	-1.8880e+012	1.8880e+012	5.2500e-015
-1.580e+000	2.9814e-007	-1.9252e+012	-1.9066e+012	1.9066e+012	5.2500e-015
-1.570e+000	2.9825e-007	-1.9438e+012	-1.9252e+012	1.9252e+012	5.2500e-015
-1.560e+000	2.9835e-007	-1.9624e+012	-1.9438e+012	1.9438e+012	5.2500e-015
-1.550e+000	2.9845e-007	-1.9811e+012	-1.9624e+012	1.9624e+012	5.2500e-015
-1.540e+000	2.9856e-007	-1.9997e+012	-1.9811e+012	1.9810e+012	5.2500e-015
-1.530e+000	2.9866e-007	-2.0183e+012	-1.9997e+012	1.9997e+012	5.2500e-015
-1.520e+000	2.9875e-007	-2.0370e+012	-2.0183e+012	2.0183e+012	5.2500e-015
-1.510e+000	2.9885e-007	-2.0556e+012	-2.0370e+012	2.0369e+012	5.2500e-015
-1.500e+000	2.9894e-007	-2.0743e+012	-2.0556e+012	2.0556e+012	5.2500e-015
-1.490e+000	2.9904e-007	-2.0930e+012	-2.0743e+012	2.0743e+012	5.2500e-015
-1.480e+000	2.9913e-007	-2.1116e+012	-2.0930e+012	2.0929e+012	5.2500e-015
-1.470e+000	2.9922e-007	-2.1303e+012	-2.1116e+012	2.1116e+012	5.2500e-015
-1.460e+000	2.9930e-007	-2.1490e+012	-2.1303e+012	2.1303e+012	5.2500e-015
-1.450e+000	2.9939e-007	-2.1677e+012	-2.1490e+012	2.1490e+012	5.2500e-015
-1.440e+000	2.9948e-007	-2.1864e+012	-2.1677e+012	2.1676e+012	5.2500e-015
-1.430e+000	2.9956e-007	-2.2051e+012	-2.1864e+012	2.1863e+012	5.2500e-015
-1.420e+000	2.9964e-007	-2.2238e+012	-2.2051e+012	2.2050e+012	5.2500e-015
-1.410e+000	2.9972e-007	-2.2425e+012	-2.2238e+012	2.2237e+012	5.2500e-015
-1.400e+000	2.9980e-007	-2.2612e+012	-2.2425e+012	2.2424e+012	5.2500e-015
-1.390e+000	2.9988e-007	-2.2799e+012	-2.2612e+012	2.2611e+012	5.2500e-015
-1.380e+000	2.9996e-007	-2.2986e+012	-2.2799e+012	2.2799e+012	5.2500e-015
-1.370e+000	3.0003e-007	-2.3174e+012	-2.2986e+012	2.2986e+012	5.2500e-015
-1.360e+000	3.0011e-007	-2.3361e+012	-2.3174e+012	2.3173e+012	5.2500e-015
-1.350e+000	3.0018e-007	-2.3548e+012	-2.3361e+012	2.3360e+012	5.2500e-015
-1.340e+000	3.0025e-007	-2.3736e+012	-2.3548e+012	2.3548e+012	5.2500e-015
-1.330e+000	3.0033e-007	-2.3923e+012	-2.3736e+012	2.3735e+012	5.2500e-015
-1.320e+000	3.0040e-007	-2.4111e+012	-2.3923e+012	2.3923e+012	5.2500e-015
-1.310e+000	3.0047e-007	-2.4298e+012	-2.4111e+012	2.4110e+012	5.2500e-015
-1.300e+000	3.0053e-007	-2.4486e+012	-2.4298e+012	2.4298e+012	5.2500e-015
-1.290e+000	3.0060e-007	-2.4673e+012	-2.4486e+012	2.4485e+012	5.2500e-015
-1.280e+000	3.0067e-007	-2.4861e+012	-2.4673e+012	2.4673e+012	5.2500e-015
-1.270e+000	3.0073e-007	-2.5049e+012	-2.4861e+012	2.4861e+012	5.2500e-015
-1.260e+000	3.0080e-007	-2.5236e+012	-2.5049e+012	2.5048e+012	5.2500e-015
-1.250e+000	3.0086e-007	-2.5424e+012	-2.5236e+012	2.5236e+012	5.2500e-015
-1.240e+000	3.0092e-007	-2.5612e+012	-2.5424e+012	2.5424e+012	5.2500e-015
-1.230e+000	3.0099e-007	-2.5800e+012	-2.5612e+012	2.5612e+012	5.2500e-015
-1.220e+000	3.0105e-007	-2.5988e+012	-2.5800e+012	2.5799e+012	5.2500e-015
-1.210e+000	3.0111e-007	-2.6176e+012	-2.5988e+012	2.5987e+012	5.2500e-015
-1.200e+000	3.0117e-007	-2.6364e+012	-2.6176e+012	2.6175e+012	5.2500e-015
-1.190e+000	3.0122e-007	-2.6552e+012	-2.6364e+012	2.6363e+012	5.2500e-015
-1.180e+000	3.0128e-007	-2.6740e+012	-2.6552e+012	2.6551e+012	5.2500e-015
-1.170e+000	3.0134e-007	-2.6928e+012	-2.6740e+012	2.6739e+012	5.2500e-015
-1.160e+000	3.0140e-007	-2.7116e+012	-2.6928e+012	2.6927e+012	5.2500e-015
-1.150e+000	3.0145e-007	-2.7304e+012	-2.7116e+012	2.7115e+012	5.2500e-015
-1.140e+000	3.0151e-007	-2.7492e+012	-2.7304e+012	2.7304e+012	5.2500e-015
-1.130e+000	3.0156e-007	-2.7680e+012	-2.7492e+012	2.7492e+012	5.2500e-015
-1.120e+000	3.0161e-007	-2.7869e+012	-2.7680e+012	2.7680e+012	5.2500e-015
-1.110e+000	3.0167e-007	-2.8057e+012	-2.7869e+012	2.7868e+012	5.2500e-015
-1.100e+000	3.0172e-007	-2.8245e+012	-2.8057e+012	2.8057e+012	5.2500e-015
-1.090e+000	3.0177e-007	-2.8434e+012	-2.8245e+012	2.8245e+012	5.2500e-015
-1.080e+000	3.0182e-007	-2.8622e+012	-2.8434e+012	2.8433e+012	5.2500e-015
-1.070e+000	3.0187e-007	-2.8810e+012	-2.8622e+012	2.8622e+012	5.2500e-015
-1.060e+000	3.0192e-007	-2.8999e+012	-2.8810e+012	2.8810e+012	5.2500e-015
-1.050e+000	3.0197e-007	-2.9187e+012	-2.8999e+012	2.8998e+012	5.2500e-015
-1.040e+000	3.0202e-007	-2.9376e+012	-2.9187e+012	2.9187e+012	5.2500e-015
-1.030e+000	3.0207e-007	-2.9564e+012	-2.9376e+012	2.9375e+012	5.2500e-015
-1.020e+000	3.0211e-007	-2.9753e+012	-2.9564e+012	2.9564e+012	5.2500e-015
-1.010e+000	3.0216e-007	-2.9942e+012	-2.9753e+012	2.9753e+012	5.2500e-015
-1.000e+000	3.0221e-007	-3.0130e+012	-2.9942e+012	2.9941e+012	5.2500e-015
-9.900e-001	3.0225e-007	-3.0319e+012	-3.0130e+012	3.0130e+012	5.2500e-015
-9.800e-001	3.0230e-007	-3.0508e+012	-3.0319e+012	3.0318e+012	5.2500e-015
-9.700e-001	3.0234e-007	-3.0696e+012	-3.0508e+012	3.0507e+012	5.2500e-015
-9.600e-001	3.0239e-007	-3.0885e+012	-3.0696e+012	3.0696e+012	5.2500e-015
-9.500e-001	3.0243e-007	-3.1074e+012	-3.0885e+012	3.0885e+012	5.2500e-015
-9.400e-001	3.0248e-007	-3.1263e+012	-3.1074e+012	3.1073e+012	5.2500e-015
-9.300e-001	3.0252e-007	-3.1451e+012	-3.1263e+012	3.1262e+012	5.2500e-015
-9.200e-001	3.0256e-007	-3.1640e+012	-3.1451e+012	3.1451e+012	5.2500e-015
-9.100e-001	3.0260e-007	-3.1829e+012	-3.1640e+012	3.1640e+012	5.2500e-015
-9.000e-001	3.0265e-007	-3.2018e+012	-3.1829e+012	3.1829e+012	5.2500e-015
-8.900e-001	3.0269e-007	-3.2207e+012	-3.2018e+012	3.2018e+012	5.2500e-015
-8.800e-001	3.0273e-007	-3.2396e+012	-3.2207e+012	3.2206e+012	5.2500e-015
-8.700e-001	3.0277e-007	-3.2585e+012	-3.2396e+012	3.2395e+012	5.2500e-015
-8.600e-001	3.0281e-007	-3.2774e+012	-3.2585e+012	3.2584e+012	5.2500e-015
-8.500e-001	3.0285e-007	-3.2963e+012	-3.2774e+012	3.2773e+012	5.2500e-015
-8.400e-001	3.0289e-007	-3.3152e+012	-3.2963e+012	3.2962e+012	5.2500e-015
-8.300e-001	3.0293e-007	-3.3341e+012	-3.3152e+012	3.3151e+012	5.2500e-015
-8.200e-001	3.0296e-007	-3.3530e+012	-3.3341e+012	3.3341e+012	5.2500e-015
-8.100e-001	3.0300e-007	-3.3719e+012	-3.3530e+012	3.3530e+012	5.2500e-015
-8.000e-001	3.0304e-007	-3.3908e+012	-3.3719e+012	3.3719e+012	5.2500e-015
-7.900e-001	3.0308e-007	-3.4097e+012	-3.3908e+012	3.3908e+012	5.2500e-015
-7.800e-001	3.0312e-007	-3.4287e+012	-3.4097e+012	3.4097e+012	5.2500e-015
-7.700e-001	3.0315e-007	-3.4476e+012	-3.4287e+012	3.4286e+012	5.2500e-015
-7.600e-001	3.0319e-007	-3.4665e+012	-3.4476e+012	3.4475e+012	5.2500e-015
-7.500e-001	3.0322e-007	-3.4854e+012	-3.4665e+012	3.4665e+012	5.2500e-015
-7.400e-001	3.0326e-007	-3.5044e+012	-3.4854e+012	3.4854e+012	5.2500e-015
-7.300e-001	3.0330e-007	-3.5233e+012	-3.5044e+012	3.5043e+012	5.2500e-015
-7.200e-001	3.0333e-007	-3.5422e+012	-3.5233e+012	3.5233e+012	5.2500e-015
-7.100e-001	3.0337e-007	-3.5612e+012	-3.5422e+012	3.5422e+012	5.2500e-015
-7.000e-001	3.0340e-007	-3.5801e+012	-3.5612e+012	3.5611e+012	5.2500e-015
-6.900e-001	3.0343e-007	-3.5990e+012	-3.5801e+012	3.5801e+012	5.2500e-015
-6.800e-001	3.0347e-007	-3.6180e+012	-3.5990e+012	3.5990e+012	5.2500e-015
-6.700e-001	3.0350e-007	-3.6369e+012	-3.6180e+012	3.6179e+012	5.2500e-015
-6.600e-001	3.0353e-007	-3.6559e+012	-3.6369e+012	3.6369e+012	5.2500e-015
-6.500e-001	3.0357e-007	-3.6748e+012	-3.6559e+012	3.6558e+012	5.2500e-015
-6.400e-001	3.0360e-007	-3.6938e+012	-3.6748e+012	3.6748e+012	5.2500e-015
-6.300e-001	3.0363e-007	-3.7127e+012	-3.6938e+012	3.6937e+012	5.2500e-015
-6.200e-001	3.0366e-007	-3.7317e+012	-3.7127e+012	3.7127e+012	5.2500e-015
-6.100e-001	3.0370e-007	-3.7506e+012	-3.7317e+012	3.7316e+012	5.2500e-015
-6.000e-001	3.0373e-007	-3.7696e+012	-3.7506e+012	3.7506e+012	5.2500e-015
-5.900e-001	3.0376e-007	-3.7885e+012	-3.7696e+012	3.7695e+012	5.2500e-015
-5.800e-001	3.0379e-007	-3.8075e+012	-3.7885e+012	3.7885e+012	5.2500e-015
-5.700e-001	3.0382e-007	-3.8265e+012	-3.8075e+012	3.8075e+012	5.2500e-015
-5.600e-001	3.0385e-007	-3.8454e+012	-3.8265e+012	3.8264e+012	5.2500e-015
-5.500e-001	3.0388e-007	-3.8644e+012	-3.8454e+012	3.8454e+012	5.2500e-015
-5.400e-001	3.0391e-007	-3.8834e+012	-3.8644e+012	3.8644e+012	5.2500e-015
-5.300e-001	3.0394e-007	-3.9023e+012	-3.8834e+012	3.8833e+012	5.2500e-015
-5.200e-001	3.0397e-007	-3.9213e+012	-3.9023e+012	3.9023e+012	5.2500e-015
-5.100e-001	3.0400e-007	-3.9403e+012	-3.9213e+012	3.9213e+012	5.2500e-015
-5.000e-001	3.0403e-007	-3.9593e+012	-3.9403e+012	3.9402e+012	5.2500e-015
-4.900e-001	3.0406e-007	-3.9782e+012	-3.9593e+012	3.9592e+012	5.2500e-015
-4.800e-001	3.0409e-007	-3.9972e+012	-3.9782e+012	3.9782e+012	5.2500e-015
-4.700e-001	3.0412e-007	-4.0162e+012	-3.9972e+012	3.9972e+012	5.2500e-015
-4.600e-001	3.0415e-007	-4.0352e+012	-4.0162e+012	4.0162e+012	5.2500e-015
-4.500e-001	3.0417e-007	-4.0542e+012	-4.0352e+012	4.0351e+012	5.2500e-015
-4.400e-001	3.0420e-007	-4.0731e+012	-4.0542e+012	4.0541e+012	5.2500e-015
-4.300e-001	3.0423e-007	-4.0921e+012	-4.0731e+012	4.0731e+012	5.2500e-015
-4.200e-001	3.0426e-007	-4.1111e+012	-4.0921e+012	4.0921e+012	5.2500e-015
-4.100e-001	3.0428e-007	-4.1301e+012	-4.1111e+012	4.1111e+012	5.2500e-015
-4.000e-001	3.0431e-007	-4.1491e+012	-4.1301e+012	4.1301e+012	5.2500e-015
-3.900e-001	3.0434e-007	-4.1681e+012	-4.1491e+012	4.1491e+012	5.2500e-015
-3.800e-001	3.0436e-007	-4.1871e+012	-4.1681e+012	4.1681e+012	5.2500e-015
-3.700e-001	3.0439e-007	-4.2061e+012	-4.1871e+012	4.1871e+012	5.2500e-015
-3.600e-001	3.0442e-007	-4.2251e+012	-4.2061e+012	4.2061e+012	5.2500e-015
-3.500e-001	3.0444e-007	-4.2441e+012	-4.2251e+012	4.2251e+012	5.2500e-015
-3.400e-001	3.0447e-007	-4.2631e+012	-4.2441e+012	4.2441e+012	5.2500e-015
-3.300e-001	3.0450e-007	-4.2821e+012	-4.2631e+012	4.2631e+012	5.2500e-015
-3.200e-001	3.0452e-007	-4.3011e+012	-4.2821e+012	4.2821e+012	5.2500e-015
-3.100e-001	3.0455e-007	-4.3201e+012	-4.3011e+012	4.3011e+012	5.2500e-015
-3.000e-001	3.0457e-007	-4.3391e+012	-4.3201e+012	4.3201e+012	5.2500e-015
-2.900e-001	3.0460e-007	-4.3581e+012	-4.3391e+012	4.3391e+012	5.2500e-015
-2.800e-001	3.0462e-007	-4.3772e+012	-4.3581e+012	4.3581e+012	5.2500e-015
-2.700e-001	3.0465e-007	-4.3962e+012	-4.3772e+012	4.3771e+012	5.2500e-015
-2.600e-001	3.0467e-007	-4.4152e+012	-4.3962e+012	4.3961e+012	5.2500e-015
-2.500e-001	3.0470e-007	-4.4342e+012	-4.4152e+012	4.4152e+012	5.2500e-015
-2.400e-001	3.0472e-007	-4.4532e+012	-4.4342e+012	4.4342e+012	5.2500e-015
-2.300e-001	3.0474e-007	-4.4723e+012	-4.4532e+012	4.4532e+012	5.2500e-015
-2.200e-001	3.0477e-007	-4.4913e+012	-4.4723e+012	4.4722e+012	5.2500e-015
-2.100e-001	3.0479e-007	-4.5103e+012	-4.4913e+012	4.4912e+012	5.2500e-015
-2.000e-001	3.0482e-007	-4.5293e+012	-4.5103e+012	4.5103e+012	5.2500e-015
-1.900e-001	3.0484e-007	-4.5483e+012	-4.5293e+012	4.5293e+012	5.2500e-015
-1.800e-001	3.0486e-007	-4.5674e+012	-4.5483e+012	4.5483e+012	5.2500e-015
-1.700e-001	3.0489e-007	-4.5864e+012	-4.5674e+012	4.5673e+012	5.2500e-015
-1.600e-001	3.0491e-007	-4.6054e+012	-4.5864e+012	4.5864e+012	5.2500e-015
-1.500e-001	3.0493e-007	-4.6245e+012	-4.6054e+012	4.6054e+012	5.2500e-015
-1.400e-001	3.0495e-007	-4.6435e+012	-4.6245e+012	4.6244e+012	5.2500e-015
-1.300e-001	3.0498e-007	-4.6625e+012	-4.6435e+012	4.6435e+012	5.2500e-015
-1.200e-001	3.0500e-007	-4.6816e+012	-4.6625e+012	4.6625e+012	5.2500e-015
-1.100e-001	3.0502e-007	-4.7006e+012	-4.6816e+012	4.6815e+012	5.2500e-015
-1.000e-001	3.0504e-007	-4.7197e+012	-4.7006e+012	4.7006e+012	5.2500e-015
-9.000e-002	3.0507e-007	-4.7387e+012	-4.7197e+012	4.7196e+012	5.2500e-015
-8.000e-002	3.0509e-007	-4.7577e+012	-4.7387e+012	4.7387e+012	5.2500e-015
-7.000e-002	3.0511e-007	-4.7768e+012	-4.7577e+012	4.7577e+012	5.2500e-015
-6.000e-002	3.0513e-007	-4.7958e+012	-4.7768e+012	4.7767e+012	5.2500e-015
-5.000e-002	3.0515e-007	-4.8149e+012	-4.7958e+012	4.7958e+012	5.2500e-015
-4.000e-002	3.0517e-007	-4.8339e+012	-4.8149e+012	4.8148e+012	5.2500e-015
-3.000e-002	3.0520e-007	-4.8530e+012	-4.8339e+012	4.8339e+012	5.2500e-015
-2.000e-002	3.0522e-007	-4.8720e+012	-4.8530e+012	4.8529e+012	5.2500e-015
-1.000e-002	3.0524e-007	-4.8911e+012	-4.8720e+012	4.8720e+012	5.2500e-015
0.000e+000	3.0526e-007	-4.9101e+012	-4.8911e+012	4.8910e+012	5.2500e-015
1.000e-002	3.0528e-007	-4.9292e+012	-4.9101e+012	4.9101e+012	5.2500e-015
2.000e-002	3.0530e-007	-4.9482e+012	-4.9292e+012	4.9291e+012	5.2500e-015
3.000e-002	3.0533e-007	-4.9673e+012	-4.9482e+012	4.9482e+012	5.2500e-015
4.000e-002	3.0535e-007	-4.9863e+012	-4.9673e+012	4.9672e+012	5.2500e-015
5.000e-002	3.0537e-007	-5.0054e+012	-4.9863e+012	4.9863e+012	5.2500e-015
6.000e-002	3.0539e-007	-5.0245e+012	-5.0054e+012	5.0054e+012	5.2500e-015
7.000e-002	3.0542e-007	-5.0435e+012	-5.0245e+012	5.0244e+012	5.2500e-015
8.000e-002	3.0545e-007	-5.0626e+012	-5.0435e+012	5.0435e+012	5.2500e-015
9.000e-002	3.0548e-007	-5.0817e+012	-5.0626e+012	5.0626e+012	5.2500e-015
1.000e-001	3.0551e-007	-5.1007e+012	-5.0817e+012	5.0816e+012	5.2500e-015
1.100e-001	3.0555e-007	-5.1198e+012	-5.1007e+012	5.1007e+012	5.2500e-015
1.200e-001	3.0560e-007	-5.1389e+012	-5.1198e+012	5.1198e+012	5.2500e-015
1.300e-001	3.0566e-007	-5.1579e+012	-5.1389e+012	5.1388e+012	5.2500e-015
1.400e-001	3.0573e-007	-5.1770e+012	-5.1579e+012	5.1579e+012	5.2500e-015
1.500e-001	3.0583e-007	-5.1961e+012	-5.1770e+012	5.1770e+012	5.2500e-015
1.600e-001	3.0596e-007	-5.2152e+012	-5.1961e+012	5.1961e+012	5.2500e-015
1.700e-001	3.0614e-007	-5.2343e+012	-5.2152e+012	5.2152e+012	5.2500e-015
1.800e-001	3.0638e-007	-5.2534e+012	-5.2343e+012	5.2343e+012	5.2500e-015
1.900e-001	3.0672e-007	-5.2726e+012	-5.2534e+012	5.2534e+012	5.2500e-015
2.000e-001	3.0718e-007	-5.2918e+012	-5.2726e+012	5.2725e+012	5.2500e-015
2.100e-001	3.0782e-007	-5.3110e+012	-5.2918e+012	5.2917e+012	5.2500e-015
2.200e-001	3.0872e-007	-5.3302e+012	-5.3110e+012	5.3109e+012	5.2500e-015
2.300e-001	3.0997e-007	-5.3496e+012	-5.3302e+012	5.3302e+012	5.2500e-015
2.400e-001	3.1173e-007	-5.3690e+012	-5.3496e+012	5.3495e+012	5.2500e-015
2.500e-001	3.1420e-007	-5.3887e+012	-5.3690e+012	5.3690e+012	5.2500e-015
2.600e-001	3.1765e-007	-5.4085e+012	-5.3887e+012	5.3886e+012	5.2500e-015
2.700e-001	3.2247e-007	-5.4286e+012	-5.4085e+012	5.4084e+012	5.2500e-015
2.800e-001	3.2851e-007	-5.4491e+012	-5.4286e+012	5.4286e+012	5.2500e-015
2.900e-001	3.3791e-007	-5.4702e+012	-5.4491e+012	5.4491e+012	5.2500e-015
3.000e-001	3.5025e-007	-5.4921e+012	-5.4702e+012	5.4702e+012	5.2500e-015
3.100e-001	3.6690e-007	-5.5150e+012	-5.4921e+012	5.4920e+012	5.2500e-015
3.200e-001	3.8900e-007	-5.5392e+012	-5.5150e+012	5.5149e+012	5.2500e-015
3.300e-001	4.1777e-007	-5.5653e+012	-5.5392e+012	5.5392e+012	5.2500e-015
3.400e-001	4.5425e-007	-5.5937e+012	-5.5653e+012	5.5653e+012	5.2500e-015
3.500e-001	4.9911e-007	-5.6248e+012	-5.5937e+012	5.5936e+012	5.2500e-015
3.600e-001	5.5232e-007	-5.6593e+012	-5.6248e+012	5.6248e+012	5.2500e-015
3.700e-001	6.1298e-007	-5.6976e+012	-5.6593e+012	5.6593e+012	5.2500e-015
3.800e-001	6.7934e-007	-5.7400e+012	-5.6976e+012	5.6975e+012	5.2500e-015
3.900e-001	7.4906e-007	-5.7867e+012	-5.7400e+012	5.7399e+012	5.2500e-015
4.000e-001	8.1963e-007	-5.8379e+012	-5.7867e+012	5.7867e+012	5.2500e-015
4.100e-001	8.8880e-007	-5.8933e+012	-5.8379e+012	5.8378e+012	5.2500e-015
4.200e-001	9.5488e-007	-5.9529e+012	-5.8933e+012	5.8933e+012	5.2500e-015
4.300e-001	1.0168e-006	-6.0164e+012	-5.9529e+012	5.9529e+012	5.2500e-015
4.400e-001	1.0738e-006	-6.0834e+012	-6.0164e+012	6.0164e+012	5.2500e-015
4.500e-001	1.1263e-006	-6.1537e+012	-6.0834e+012	6.0834e+012	5.2500e-015
4.600e-001	1.1742e-006	-6.2270e+012	-6.1537e+012	6.1537e+012	5.2500e-015
4.700e-001	1.2179e-006	-6.3030e+012	-6.2270e+012	6.2270e+012	5.2500e-015
4.800e-001	1.2579e-006	-6.3815e+012	-6.3030e+012	6.3030e+012	5.2500e-015
4.900e-001	1.2946e-006	-6.4623e+012	-6.3815e+012	6.3815e+012	5.2500e-015
5.000e-001	1.3286e-006	-6.5453e+012	-6.4623e+012	6.4623e+012	5.2500e-015
5.100e-001	1.3601e-006	-6.6302e+012	-6.5453e+012	6.5452e+012	5.2500e-015
5.200e-001	1.3896e-006	-6.7169e+012	-6.6302e+012	6.6301e+012	5.2500e-015
5.300e-001	1.4174e-006	-6.8054e+012	-6.7169e+012	6.7169e+012	5.2500e-015
5.400e-001	1.4437e-006	-6.8955e+012	-6.8054e+012	6.8053e+012	5.2500e-015
5.500e-001	1.4688e-006	-6.9871e+012	-6.8955e+012	6.8954e+012	5.2500e-015
5.600e-001	1.4928e-006	-7.0803e+012	-6.9871e+012	6.9871e+012	5.2500e-015
5.700e-001	1.5159e-006	-7.1749e+012	-7.0803e+012	7.0803e+012	5.2500e-015
5.800e-001	1.5382e-006	-7.2709e+012	-7.1749e+012	7.1749e+012	5.2500e-015
5.900e-001	1.5598e-006	-7.3683e+012	-7.2709e+012	7.2709e+012	5.2500e-015
6.000e-001	1.5807e-006	-7.4670e+012	-7.3683e+012	7.3683e+012	5.2500e-015
6.100e-001	1.6010e-006	-7.5669e+012	-7.4670e+012	7.4669e+012	5.2500e-015
6.200e-001	1.6207e-006	-7.6680e+012	-7.5669e+012	7.5668e+012	5.2500e-015
6.300e-001	1.6398e-006	-7.7704e+012	-7.6680e+012	7.6680e+012	5.2500e-015
6.400e-001	1.6583e-006	-7.8739e+012	-7.7704e+012	7.7703e+012	5.2500e-015
6.500e-001	1.6762e-006	-7.9785e+012	-7.8739e+012	7.8738e+012	5.2500e-015
6.600e-001	1.6935e-006	-8.0842e+012	-7.9785e+012	7.9785e+012	5.2500e-015
6.700e-001	1.7102e-006	-8.1909e+012	-8.0842e+012	8.0842e+012	5.2500e-015
6.800e-001	1.7263e-006	-8.2987e+012	-8.1909e+012	8.1909e+012	5.2500e-015
6.900e-001	1.7418e-006	-8.4074e+012	-8.2987e+012	8.2987e+012	5.2500e-015
7.000e-001	1.7566e-006	-8.5170e+012	-8.4074e+012	8.4074e+012	5.2500e-015
7.100e-001	1.7709e-006	-8.6276e+012	-8.5170e+012	8.5170e+012	5.2500e-015
7.200e-001	1.7846e-006	-8.7390e+012	-8.6276e+012	8.6275e+012	5.2500e-015
7.300e-001	1.7977e-006	-8.8512e+012	-8.7390e+012	8.7389e+012	5.2500e-015
7.400e-001	1.8102e-006	-8.9641e+012	-8.8512e+012	8.8511e+012	5.2500e-015
7.500e-001	1.8223e-006	-9.0779e+012	-8.9641e+012	8.9641e+012	5.2500e-015
7.600e-001	1.8336e-006	-9.1923e+012	-9.0779e+012	9.0778e+012	5.2500e-015
7.700e-001	1.8430e-006	-9.3074e+012	-9.1923e+012	9.1923e+012	5.2500e-015
7.800e-001	1.8387e-006	-9.4221e+012	-9.3074e+012	9.3073e+012	5.2500e-015
7.900e-001	1.8479e-006	-9.5375e+012	-9.4221e+012	9.4221e+012	5.2500e-015
8.000e-001	1.8567e-006	-9.6533e+012	-9.5375e+012	9.5374e+012	5.2500e-015
8.100e-001	1.8651e-006	-9.7698e+012	-9.6533e+012	9.6533e+012	5.2500e-015
8.200e-001	1.8731e-006	-9.8867e+012	-9.7698e+012	9.7697e+012	5.2500e-015
8.300e-001	1.8808e-006	-1.0004e+013	-9.8867e+012	9.8866e+012	5.2500e-015
8.400e-001	1.8882e-006	-1.0122e+013	-1.0004e+013	1.0004e+013	5.2500e-015
8.500e-001	1.8954e-006	-1.0240e+013	-1.0122e+013	1.0122e+013	5.2500e-015
8.600e-001	1.9022e-006	-1.0359e+013	-1.0240e+013	1.0240e+013	5.2500e-015
8.700e-001	1.9088e-006	-1.0478e+013	-1.0359e+013	1.0359e+013	5.2500e-015
8.800e-001	1.9152e-006	-1.0598e+013	-1.0478e+013	1.0478e+013	5.2500e-015
8.900e-001	1.9213e-006	-1.0718e+013	-1.0598e+013	1.0598e+013	5.2500e-015
9.000e-001	1.9273e-006	-1.0838e+013	-1.0718e+013	1.0717e+013	5.2500e-015
9.100e-001	1.9330e-006	-1.0958e+013	-1.0838e+013	1.0838e+013	5.2500e-015
9.200e-001	1.9386e-006	-1.1079e+013	-1.0958e+013	1.0958e+013	5.2500e-015
9.300e-001	1.9440e-006	-1.1201e+013	-1.1079e+013	1.1079e+013	5.2500e-015
9.400e-001	1.9492e-006	-1.1322e+013	-1.1201e+013	1.1201e+013	5.2500e-015
9.500e-001	1.9543e-006	-1.1444e+013	-1.1322e+013	1.1322e+013	5.2500e-015
9.600e-001	1.9593e-006	-1.1567e+013	-1.1444e+013	1.1444e+013	5.2500e-015
9.700e-001	1.9641e-006	-1.1689e+013	-1.1567e+013	1.1567e+013	5.2500e-015
9.800e-001	1.9688e-006	-1.1812e+013	-1.1689e+013	1.1689e+013	5.2500e-015
9.900e-001	1.9733e-006	-1.1935e+013	-1.1812e+013	1.1812e+013	5.2500e-015
1.000e+000	1.9778e-006	-1.2059e+013	-1.1935e+013	1.1935e+013	5.2500e-015
1.010e+000	1.9822e-006	-1.2183e+013	-1.2059e+013	1.2059e+013	5.2500e-015
1.020e+000	1.9864e-006	-1.2307e+013	-1.2183e+013	1.2182e+013	5.2500e-015
1.030e+000	1.9906e-006	-1.2431e+013	-1.2307e+013	1.2306e+013	5.2500e-015
1.040e+000	1.9947e-006	-1.2555e+013	-1.2431e+013	1.2431e+013	5.2500e-015
1.050e+000	1.9987e-006	-1.2680e+013	-1.2555e+013	1.2555e+013	5.2500e-015
1.060e+000	2.0026e-006	-1.2805e+013	-1.2680e+013	1.2680e+013	5.2500e-015
1.070e+000	2.0064e-006	-1.2930e+013	-1.2805e+013	1.2805e+013	5.2500e-015
1.080e+000	2.0102e-006	-1.3056e+013	-1.2930e+013	1.2930e+013	5.2500e-015
1.090e+000	2.0138e-006	-1.3181e+013	-1.3056e+013	1.3056e+013	5.2500e-015
1.100e+000	2.0175e-006	-1.3307e+013	-1.3181e+013	1.3181e+013	5.2500e-015
1.110e+000	2.0210e-006	-1.3433e+013	-1.3307e+013	1.3307e+013	5.2500e-015
1.120e+000	2.0245e-006	-1.3560e+013	-1.3433e+013	1.3433e+013	5.2500e-015
1.130e+000	2.0279e-006	-1.3686e+013	-1.3560e+013	1.3560e+013	5.2500e-015
1.140e+000	2.0313e-006	-1.3813e+013	-1.3686e+013	1.3686e+013	5.2500e-015
1.150e+000	2.0346e-006	-1.3940e+013	-1.3813e+013	1.3813e+013	5.2500e-015
1.160e+000	2.0378e-006	-1.4067e+013	-1.3940e+013	1.3940e+013	5.2500e-015
1.170e+000	2.0410e-006	-1.4195e+013	-1.4067e+013	1.4067e+013	5.2500e-015
1.180e+000	2.0441e-006	-1.4322e+013	-1.4195e+013	1.4195e+013	5.2500e-015
1.190e+000	2.0472e-006	-1.4450e+013	-1.4322e+013	1.4322e+013	5.2500e-015
1.200e+000	2.0503e-006	-1.4578e+013	-1.4450e+013	1.4450e+013	5.2500e-015
1.210e+000	2.0533e-006	-1.4706e+013	-1.4578e+013	1.4578e+013	5.2500e-015
1.220e+000	2.0562e-006	-1.4835e+013	-1.4706e+013	1.4706e+013	5.2500e-015
1.230e+000	2.0591e-006	-1.4963e+013	-1.4835e+013	1.4834e+013	5.2500e-015
1.240e+000	2.0620e-006	-1.5092e+013	-1.4963e+013	1.4963e+013	5.2500e-015
1.250e+000	2.0649e-006	-1.5221e+013	-1.5092e+013	1.5092e+013	5.2500e-015
1.260e+000	2.0677e-006	-1.5350e+013	-1.5221e+013	1.5221e+013	5.2500e-015
1.270e+000	2.0705e-006	-1.5479e+013	-1.5350e+013	1.5350e+013	5.2500e-015
1.280e+000	2.0733e-006	-1.5608e+013	-1.5479e+013	1.5479e+013	5.2500e-015
1.290e+000	2.0762e-006	-1.5738e+013	-1.5608e+013	1.5608e+013	5.2500e-015
1.300e+000	2.0791e-006	-1.5868e+013	-1.5738e+013	1.5738e+013	5.2500e-015
1.310e+000	2.0820e-006	-1.5998e+013	-1.5868e+013	1.5868e+013	5.2500e-015
1.320e+000	2.0851e-006	-1.6128e+013	-1.5998e+013	1.5998e+013	5.2500e-015
1.330e+000	2.0883e-006	-1.6258e+013	-1.6128e+013	1.6128e+013	5.2500e-015
1.340e+000	2.0917e-006	-1.6389e+013	-1.6258e+013	1.6258e+013	5.2500e-015
1.350e+000	2.0955e-006	-1.6519e+013	-1.6389e+013	1.6389e+013	5.2500e-015
1.360e+000	2.0997e-006	-1.6650e+013	-1.6519e+013	1.6519e+013	5.2500e-015
1.370e+000	2.1045e-006	-1.6782e+013	-1.6650e+013	1.6650e+013	5.2500e-015
1.380e+000	2.1097e-006	-1.6914e+013	-1.6782e+013	1.6782e+013	5.2500e-015
1.390e+000	2.1164e-006	-1.7046e+013	-1.6914e+013	1.6913e+013	5.2500e-015
1.400e+000	2.1243e-006	-1.7178e+013	-1.7046e+013	1.7046e+013	5.2500e-015
1.410e+000	2.1340e-006	-1.7311e+013	-1.7178e+013	1.7178e+013	5.2500e-015
1.420e+000	2.1458e-006	-1.7445e+013	-1.7311e+013	1.7311e+013	5.2500e-015
1.430e+000	2.1606e-006	-1.7580e+013	-1.7445e+013	1.7445e+013	5.2500e-015
1.440e+000	2.1789e-006	-1.7716e+013	-1.7580e+013	1.7580e+013	5.2500e-015
1.450e+000	2.2016e-006	-1.7854e+013	-1.7716e+013	1.7716e+013	5.2500e-015
1.460e+000	2.2297e-006	-1.7993e+013	-1.7854e+013	1.7854e+013	5.2500e-015
1.470e+000	2.2638e-006	-1.8134e+013	-1.7993e+013	1.7993e+013	5.2500e-015
1.480e+000	2.3047e-006	-1.8278e+013	-1.8134e+013	1.8134e+013	5.2500e-015
1.490e+000	2.3526e-006	-1.8425e+013	-1.8278e+013	1.8278e+013	5.2500e-015
1.500e+000	2.4076e-006	-1.8575e+013	-1.8425e+013	1.8425e+013	5.2500e-015
1.510e+000	2.4687e-006	-1.8729e+013	-1.8575e+013	1.8575e+013	5.2500e-015
1.520e+000	2.5357e-006	-1.8887e+013	-1.8729e+013	1.8729e+013	5.2500e-015
1.530e+000	2.6063e-006	-1.9050e+013	-1.8887e+013	1.8887e+013	5.2500e-015
1.540e+000	2.6790e-006	-1.9217e+013	-1.9050e+013	1.9050e+013	5.2500e-015
1.550e+000	2.7519e-006	-1.9389e+013	-1.9217e+013	1.9217e+013	5.2500e-015
1.560e+000	2.8224e-006	-1.9565e+013	-1.9389e+013	1.9389e+013	5.2500e-015
1.570e+000	2.8927e-006	-1.9746e+013	-1.9565e+013	1.9565e+013	5.2500e-015
1.580e+000	2.9602e-006	-1.9930e+013	-1.9746e+013	1.9746e+013	5.2500e-015
1.590e+000	3.0246e-006	-2.0119e+013	-1.9930e+013	1.9930e+013	5.2500e-015
1.600e+000	3.0857e-006	-2.0312e+013	-2.0119e+013	2.0119e+013	5.2500e-015
1.610e+000	3.1436e-006	-2.0508e+013	-2.0312e+013	2.0312e+013	5.2500e-015
1.620e+000	3.1986e-006	-2.0708e+013	-2.0508e+013	2.0508e+013	5.2500e-015
1.630e+000	3.2509e-006	-2.0911e+013	-2.0708e+013	2.0708e+013	5.2500e-015
1.640e+000	3.3008e-006	-2.1117e+013	-2.0911e+013	2.0911e+013	5.2500e-015
1.650e+000	3.3485e-006	-2.1326e+013	-2.1117e+013	2.1117e+013	5.2500e-015
1.660e+000	3.3945e-006	-2.1537e+013	-2.1326e+013	2.1326e+013	5.2500e-015
1.670e+000	3.4388e-006	-2.1752e+013	-2.1537e+013	2.1537e+013	5.2500e-015
1.680e+000	3.4817e-006	-2.1969e+013	-2.1752e+013	2.1752e+013	5.2500e-015
1.690e+000	3.5234e-006	-2.2189e+013	-2.1969e+013	2.1969e+013	5.2500e-015
1.700e+000	3.5640e-006	-2.2412e+013	-2.2189e+013	2.2189e+013	5.2500e-015
1.710e+000	3.6036e-006	-2.2637e+013	-2.2412e+013	2.2412e+013	5.2500e-015
1.720e+000	3.6423e-006	-2.2864e+013	-2.2637e+013	2.2637e+013	5.2500e-015
1.730e+000	3.6802e-006	-2.3094e+013	-2.2864e+013	2.2864e+013	5.2500e-015
1.740e+000	3.7173e-006	-2.3326e+013	-2.3094e+013	2.3094e+013	5.2500e-015
1.750e+000	3.7537e-006	-2.3560e+013	-2.3326e+013	2.3326e+013	5.2500e-015
1.760e+000	3.7893e-006	-2.3797e+013	-2.3560e+013	2.3560e+013	5.2500e-015
1.770e+000	3.8242e-006	-2.4035e+013	-2.3797e+013	2.3797e+013	5.2500e-015
1.780e+000	3.8584e-006	-2.4276e+013	-2.4035e+013	2.4035e+013	5.2500e-015
1.790e+000	3.8918e-006	-2.4519e+013	-2.4276e+013	2.4276e+013	5.2500e-015
1.800e+000	3.9245e-006	-2.4764e+013	-2.4519e+013	2.4519e+013	5.2500e-015
1.810e+000	3.9273e-006	-2.5009e+013	-2.4764e+013	2.4764e+013	5.2500e-015
1.820e+000	3.9401e-006	-2.5255e+013	-2.5009e+013	2.5009e+013	5.2500e-015
1.830e+000	3.9651e-006	-2.5502e+013	-2.5255e+013	2.5255e+013	5.2500e-015
1.840e+000	3.9894e-006	-2.5751e+013	-2.5502e+013	2.5502e+013	5.2500e-015
1.850e+000	4.0129e-006	-2.6002e+013	-2.5751e+013	2.5751e+013	5.2500e-015
1.860e+000	4.0357e-006	-2.6254e+013	-2.6002e+013	2.6002e+013	5.2500e-015
1.870e+000	4.0578e-006	-2.6507e+013	-2.6254e+013	2.6254e+013	5.2500e-015
1.880e+000	4.0793e-006	-2.6762e+013	-2.6507e+013	2.6507e+013	5.2500e-015
1.890e+000	4.1001e-006	-2.7018e+013	-2.6762e+013	2.6762e+013	5.2500e-015
1.900e+000	4.1204e-006	-2.7275e+013	-2.7018e+013	2.7018e+013	5.2500e-015
1.910e+000	4.1400e-006	-2.7533e+013	-2.7275e+013	2.7275e+013	5.2500e-015
1.920e+000	4.1590e-006	-2.7793e+013	-2.7533e+013	2.7533e+013	5.2500e-015
1.930e+000	4.1776e-006	-2.8053e+013	-2.7793e+013	2.7793e+013	5.2500e-015
1.940e+000	4.1956e-006	-2.8315e+013	-2.8053e+013	2.8053e+013	5.2500e-015
1.950e+000	4.2131e-006	-2.8578e+013	-2.8315e+013	2.8315e+013	5.2500e-015
1.960e+000	4.2301e-006	-2.8842e+013	-2.8578e+013	2.8578e+013	5.2500e-015
1.970e+000	4.2467e-006	-2.9107e+013	-2.8842e+013	2.8842e+013	5.2500e-015
1.980e+000	4.2629e-006	-2.9373e+013	-2.9107e+013	2.9107e+013	5.2500e-015
1.990e+000	4.2786e-006	-2.9640e+013	-2.9373e+013	2.9373e+013	5.2500e-015
2.000e+000	4.2940e-006	-2.9909e+013	-2.9640e+013	2.9640e+013	5.2500e-015
2.010e+000	4.3090e-006	-3.0177e+013	-2.9909e+013	2.9908e+013	5.2500e-015
2.020e+000	4.3236e-006	-3.0447e+013	-3.0177e+013	3.0177e+013	5.2500e-015
2.030e+000	4.3380e-006	-3.0718e+013	-3.0447e+013	3.0447e+013	5.2500e-015
2.040e+000	4.3519e-006	-3.0990e+013	-3.0718e+013	3.0718e+013	5.2500e-015
2.050e+000	4.3656e-006	-3.1262e+013	-3.0990e+013	3.0990e+013	5.2500e-015
2.060e+000	4.3790e-006	-3.1535e+013	-3.1262e+013	3.1262e+013	5.2500e-015
2.070e+000	4.3922e-006	-3.1810e+013	-3.1535e+013	3.1535e+013	5.2500e-015
2.080e+000	4.4050e-006	-3.2085e+013	-3.1810e+013	3.1810e+013	5.2500e-015
2.090e+000	4.4176e-006	-3.2360e+013	-3.2085e+013	3.2085e+013	5.2500e-015
2.100e+000	4.4300e-006	-3.2637e+013	-3.2360e+013	3.2360e+013	5.2500e-015
2.110e+000	4.4421e-006	-3.2914e+013	-3.2637e+013	3.2637e+013	5.2500e-015
2.120e+000	4.4540e-006	-3.3192e+013	-3.2914e+013	3.2914e+013	5.2500e-015
2.130e+000	4.4657e-006	-3.3471e+013	-3.3192e+013	3.3192e+013	5.2500e-015
2.140e+000	4.4771e-006	-3.3750e+013	-3.3471e+013	3.3471e+013	5.2500e-015
2.150e+000	4.4884e-006	-3.4030e+013	-3.3750e+013	3.3750e+013	5.2500e-015
2.160e+000	4.4995e-006	-3.4311e+013	-3.4030e+013	3.4030e+013	5.2500e-015
2.170e+000	4.5104e-006	-3.4593e+013	-3.4311e+013	3.4311e+013	5.2500e-015
2.180e+000	4.5211e-006	-3.4875e+013	-3.4593e+013	3.4593e+013	5.2500e-015
2.190e+000	4.5316e-006	-3.5158e+013	-3.4875e+013	3.4875e+013	5.2500e-015
2.200e+000	4.5420e-006	-3.5441e+013	-3.5158e+013	3.5158e+013	5.2500e-015
2.210e+000	4.5522e-006	-3.5725e+013	-3.5441e+013	3.5441e+013	5.2500e-015
2.220e+000	4.5622e-006	-3.6010e+013	-3.5725e+013	3.5725e+013	5.2500e-015
2.230e+000	4.5721e-006	-3.6295e+013	-3.6010e+013	3.6010e+013	5.2500e-015
2.240e+000	4.5819e-006	-3.6581e+013	-3.6295e+013	3.6295e+013	5.2500e-015
2.250e+000	4.5915e-006	-3.6868e+013	-3.6581e+013	3.6581e+013	5.2500e-015
2.260e+000	4.6009e-006	-3.7155e+013	-3.6868e+013	3.6868e+013	5.2500e-015
2.270e+000	4.6103e-006	-3.7443e+013	-3.7155e+013	3.7155e+013	5.2500e-015
2.280e+000	4.6195e-006	-3.7731e+013	-3.7443e+013	3.7443e+013	5.2500e-015
2.290e+000	4.6286e-006	-3.8020e+013	-3.7731e+013	3.7731e+013	5.2500e-015
2.300e+000	4.6375e-006	-3.8310e+013	-3.8020e+013	3.8020e+013	5.2500e-015
2.310e+000	4.6463e-006	-3.8600e+013	-3.8310e+013	3.8310e+013	5.2500e-015
2.320e+000	4.6551e-006	-3.8890e+013	-3.8600e+013	3.8600e+013	5.2500e-015
2.330e+000	4.6637e-006	-3.9181e+013	-3.8890e+013	3.8890e+013	5.2500e-015
2.340e+000	4.6721e-006	-3.9473e+013	-3.9181e+013	3.9181e+013	5.2500e-015
2.350e+000	4.6805e-006	-3.9765e+013	-3.9473e+013	3.9473e+013	5.2500e-015
2.360e+000	4.6888e-006	-4.0058e+013	-3.9765e+013	3.9765e+013	5.2500e-015
2.370e+000	4.6970e-006	-4.0351e+013	-4.0058e+013	4.0058e+013	5.2500e-015
2.380e+000	4.7051e-006	-4.0644e+013	-4.0351e+013	4.0351e+013	5.2500e-015
2.390e+000	4.7130e-006	-4.0939e+013	-4.0644e+013	4.0644e+013	5.2500e-015
2.400e+000	4.7209e-006	-4.1233e+013	-4.0939e+013	4.0939e+013	5.2500e-015
2.410e+000	4.7287e-006	-4.1528e+013	-4.1233e+013	4.1233e+013	5.2500e-015
2.420e+000	4.7364e-006	-4.1824e+013	-4.1528e+013	4.1528e+013	5.2500e-015
2.430e+000	4.7440e-006	-4.2120e+013	-4.1824e+013	4.1824e+013	5.2500e-015
2.440e+000	4.7453e-006	-4.2416e+013	-4.2120e+013	4.2120e+013	5.2500e-015
2.450e+000	4.7520e-006	-4.2713e+013	-4.2416e+013	4.2416e+013	5.2500e-015
2.460e+000	4.7591e-006	-4.3010e+013	-4.2713e+013	4.2713e+013	5.2500e-015
2.470e+000	4.7660e-006	-4.3307e+013	-4.3010e+013	4.3010e+013	5.2500e-015
2.480e+000	4.7729e-006	-4.3605e+013	-4.3307e+013	4.3307e+013	5.2500e-015
2.490e+000	4.7797e-006	-4.3904e+013	-4.3605e+013	4.3605e+013	5.2500e-015
2.500e+000	4.7864e-006	-4.4202e+013	-4.3904e+013	4.3904e+013	5.2500e-015
2.510e+000	4.7931e-006	-4.4502e+013	-4.4202e+013	4.4202e+013	5.2500e-015
2.520e+000	4.7997e-006	-4.4801e+013	-4.4502e+013	4.4501e+013	5.2500e-015
2.530e+000	4.8062e-006	-4.5101e+013	-4.4801e+013	4.4801e+013	5.2500e-015
2.540e+000	4.8126e-006	-4.5401e+013	-4.5101e+013	4.5101e+013	5.2500e-015
2.550e+000	4.8190e-006	-4.5702e+013	-4.5401e+013	4.5401e+013	5.2500e-015
2.560e+000	4.8253e-006	-4.6003e+013	-4.5702e+013	4.5702e+013	5.2500e-015
2.570e+000	4.8316e-006	-4.6305e+013	-4.6003e+013	4.6003e+013	5.2500e-015
2.580e+000	4.8378e-006	-4.6607e+013	-4.6305e+013	4.6305e+013	5.2500e-015
2.590e+000	4.8439e-006	-4.6909e+013	-4.6607e+013	4.6607e+013	5.2500e-015
2.600e+000	4.8499e-006	-4.7212e+013	-4.6909e+013	4.6909e+013	5.2500e-015
2.610e+000	4.8559e-006	-4.7515e+013	-4.7212e+013	4.7212e+013	5.2500e-015
2.620e+000	4.8619e-006	-4.7819e+013	-4.7515e+013	4.7515e+013	5.2500e-015
2.630e+000	4.8678e-006	-4.8122e+013	-4.7819e+013	4.7818e+013	5.2500e-015
2.640e+000	4.8736e-006	-4.8427e+013	-4.8122e+013	4.8122e+013	5.2500e-015
2.650e+000	4.8794e-006	-4.8731e+013	-4.8427e+013	4.8426e+013	5.2500e-015
2.660e+000	4.8851e-006	-4.9036e+013	-4.8731e+013	4.8731e+013	5.2500e-015
2.670e+000	4.8908e-006	-4.9341e+013	-4.9036e+013	4.9036e+013	5.2500e-015
2.680e+000	4.8964e-006	-4.9647e+013	-4.9341e+013	4.9341e+013	5.2500e-015
2.690e+000	4.9019e-006	-4.9953e+013	-4.9647e+013	4.9647e+013	5.2500e-015
2.700e+000	4.9074e-006	-5.0259e+013	-4.9953e+013	4.9953e+013	5.2500e-015
2.710e+000	4.9129e-006	-5.0566e+013	-5.0259e+013	5.0259e+013	5.2500e-015
2.720e+000	4.9183e-006	-5.0873e+013	-5.0566e+013	5.0566e+013	5.2500e-015
2.730e+000	4.9237e-006	-5.1180e+013	-5.0873e+013	5.0873e+013	5.2500e-015
2.740e+000	4.9290e-006	-5.1488e+013	-5.1180e+013	5.1180e+013	5.2500e-015
2.750e+000	4.9343e-006	-5.1796e+013	-5.1488e+013	5.1488e+013	5.2500e-015
2.760e+000	4.9395e-006	-5.2104e+013	-5.1796e+013	5.1796e+013	5.2500e-015
2.770e+000	4.9447e-006	-5.2413e+013	-5.2104e+013	5.2104e+013	5.2500e-015
2.780e+000	4.9498e-006	-5.2721e+013	-5.2413e+013	5.2412e+013	5.2500e-015
2.790e+000	4.9549e-006	-5.3031e+013	-5.2721e+013	5.2721e+013	5.2500e-015
2.800e+000	4.9600e-006	-5.3340e+013	-5.3031e+013	5.3031e+013	5.2500e-015
2.810e+000	4.9650e-006	-5.3650e+013	-5.3340e+013	5.3340e+013	5.2500e-015
2.820e+000	4.9699e-006	-5.3960e+013	-5.3650e+013	5.3650e+013	5.2500e-015
2.830e+000	4.9749e-006	-5.4271e+013	-5.3960e+013	5.3960e+013	5.2500e-015
2.840e+000	4.9798e-006	-5.4582e+013	-5.4271e+013	5.4271e+013	5.2500e-015
2.850e+000	4.9846e-006	-5.4893e+013	-5.4582e+013	5.4582e+013	5.2500e-015
2.860e+000	4.9894e-006	-5.5204e+013	-5.4893e+013	5.4893e+013	5.2500e-015
2.870e+000	4.9942e-006	-5.5516e+013	-5.5204e+013	5.5204e+013	5.2500e-015
2.880e+000	4.9989e-006	-5.5828e+013	-5.5516e+013	5.5516e+013	5.2500e-015
2.890e+000	5.0036e-006	-5.6140e+013	-5.5828e+013	5.5828e+013	5.2500e-015
2.900e+000	5.0083e-006	-5.6453e+013	-5.6140e+013	5.6140e+013	5.2500e-015
2.910e+000	5.0129e-006	-5.6766e+013	-5.6453e+013	5.6453e+013	5.2500e-015
2.920e+000	5.0175e-006	-5.7079e+013	-5.6766e+013	5.6766e+013	5.2500e-015
2.930e+000	5.0220e-006	-5.7392e+013	-5.7079e+013	5.7079e+013	5.2500e-015
2.940e+000	5.0266e-006	-5.7706e+013	-5.7392e+013	5.7392e+013	5.2500e-015
2.950e+000	5.0311e-006	-5.8020e+013	-5.7706e+013	5.7706e+013	5.2500e-015
2.960e+000	5.0355e-006	-5.8334e+013	-5.8020e+013	5.8020e+013	5.2500e-015
2.970e+000	5.0399e-006	-5.8649e+013	-5.8334e+013	5.8334e+013	5.2500e-015
2.980e+000	5.0443e-006	-5.8964e+013	-5.8649e+013	5.8649e+013	5.2500e-015
2.990e+000	5.0487e-006	-5.9279e+013	-5.8964e+013	5.8964e+013	5.2500e-015
3.000e+000	5.0530e-006	-5.9594e+013	-5.9279e+013	5.9279e+013	5.2500e-015
3.010e+000	5.0573e-006	-5.9910e+013	-5.9594e+013	5.9594e+013	5.2500e-015
3.020e+000	5.0616e-006	-6.0226e+013	-5.9910e+013	5.9910e+013	5.2500e-015
3.030e+000	5.0658e-006	-6.0542e+013	-6.0226e+013	6.0226e+013	5.2500e-015
3.040e+000	5.0700e-006	-6.0858e+013	-6.0542e+013	6.0542e+013	5.2500e-015
3.050e+000	5.0742e-006	-6.1175e+013	-6.0858e+013	6.0858e+013	5.2500e-015
3.060e+000	5.0783e-006	-6.1492e+013	-6.1175e+013	6.1175e+013	5.2500e-015
3.070e+000	5.0824e-006	-6.1809e+013	-6.1492e+013	6.1492e+013	5.2500e-015
3.080e+000	5.0865e-006	-6.2127e+013	-6.1809e+013	6.1809e+013	5.2500e-015
3.090e+000	5.0906e-006	-6.2445e+013	-6.2127e+013	6.2127e+013	5.2500e-015
3.100e+000	5.0946e-006	-6.2763e+013	-6.2445e+013	6.2445e+013	5.2500e-015
3.110e+000	5.0986e-006	-6.3081e+013	-6.2763e+013	6.2763e+013	5.2500e-015
3.120e+000	5.1026e-006	-6.3399e+013	-6.3081e+013	6.3081e+013	5.2500e-015
3.130e+000	5.1066e-006	-6.3718e+013	-6.3399e+013	6.3399e+013	5.2500e-015
3.140e+000	5.1105e-006	-6.4037e+013	-6.3718e+013	6.3718e+013	5.2500e-015
3.150e+000	5.1144e-006	-6.4356e+013	-6.4037e+013	6.4037e+013	5.2500e-015
3.160e+000	5.1183e-006	-6.4676e+013	-6.4356e+013	6.4356e+013	5.2500e-015
3.170e+000	5.1221e-006	-6.4995e+013	-6.4676e+013	6.4676e+013	5.2500e-015
3.180e+000	5.1260e-006	-6.5315e+013	-6.4995e+013	6.4995e+013	5.2500e-015
3.190e+000	5.1298e-006	-6.5635e+013	-6.5315e+013	6.5315e+013	5.2500e-015
3.200e+000	5.1335e-006	-6.5956e+013	-6.5635e+013	6.5635e+013	5.2500e-015
3.210e+000	5.1373e-006	-6.6277e+013	-6.5956e+013	6.5956e+013	5.2500e-015
3.220e+000	5.1410e-006	-6.6597e+013	-6.6277e+013	6.6276e+013	5.2500e-015
3.230e+000	5.1447e-006	-6.6918e+013	-6.6597e+013	6.6597e+013	5.2500e-015
3.240e+000	5.1484e-006	-6.7240e+013	-6.6918e+013	6.6918e+013	5.2500e-015
3.250e+000	5.1521e-006	-6.7561e+013	-6.7240e+013	6.7240e+013	5.2500e-015
3.260e+000	5.1557e-006	-6.7883e+013	-6.7561e+013	6.7561e+013	5.2500e-015
3.270e+000	5.1593e-006	-6.8205e+013	-6.7883e+013	6.7883e+013	5.2500e-015
3.280e+000	5.1629e-006	-6.8527e+013	-6.8205e+013	6.8205e+013	5.2500e-015
3.290e+000	5.1665e-006	-6.8850e+013	-6.8527e+013	6.8527e+013	5.2500e-015
3.300e+000	5.1700e-006	-6.9173e+013	-6.8850e+013	6.8850e+013	5.2500e-015
3.310e+000	5.1736e-006	-6.9496e+013	-6.9173e+013	6.9173e+013	5.2500e-015
3.320e+000	5.1771e-006	-6.9819e+013	-6.9496e+013	6.9495e+013	5.2500e-015
3.330e+000	5.1806e-006	-7.0142e+013	-6.9819e+013	6.9819e+013	5.2500e-015
3.340e+000	5.1840e-006	-7.0466e+013	-7.0142e+013	7.0142e+013	5.2500e-015
3.350e+000	5.1875e-006	-7.0789e+013	-7.0466e+013	7.0466e+013	5.2500e-015
3.360e+000	5.1909e-006	-7.1113e+013	-7.0789e+013	7.0789e+013	5.2500e-015
3.370e+000	5.1943e-006	-7.1438e+013	-7.1113e+013	7.1113e+013	5.2500e-015
3.380e+000	5.1977e-006	-7.1762e+013	-7.1438e+013	7.1437e+013	5.2500e-015
3.390e+000	5.2011e-006	-7.2087e+013	-7.1762e+013	7.1762e+013	5.2500e-015
3.400e+000	5.2044e-006	-7.2411e+013	-7.2087e+013	7.2087e+013	5.2500e-015
3.410e+000	5.2078e-006	-7.2736e+013	-7.2411e+013	7.2411e+013	5.2500e-015
3.420e+000	5.2111e-006	-7.3062e+013	-7.2736e+013	7.2736e+013	5.2500e-015
3.430e+000	5.2144e-006	-7.3387e+013	-7.3062e+013	7.3062e+013	5.2500e-015
3.440e+000	5.2176e-006	-7.3713e+013	-7.3387e+013	7.3387e+013	5.2500e-015
3.450e+000	5.2209e-006	-7.4039e+013	-7.3713e+013	7.3713e+013	5.2500e-015
3.460e+000	5.2241e-006	-7.4365e+013	-7.4039e+013	7.4039e+013	5.2500e-015
3.470e+000	5.2274e-006	-7.4691e+013	-7.4365e+013	7.4365e+013	5.2500e-015
3.480e+000	5.2306e-006	-7.5017e+013	-7.4691e+013	7.4691e+013	5.2500e-015
3.490e+000	5.2338e-006	-7.5344e+013	-7.5017e+013	7.5017e+013	5.2500e-015
3.500e+000	5.2369e-006	-7.5671e+013	-7.5344e+013	7.5344e+013	5.2500e-015
3.510e+000	5.2401e-006	-7.5998e+013	-7.5671e+013	7.5671e+013	5.2500e-015
3.520e+000	5.2432e-006	-7.6325e+013	-7.5998e+013	7.5998e+013	5.2500e-015
3.530e+000	5.2463e-006	-7.6653e+013	-7.6325e+013	7.6325e+013	5.2500e-015
3.540e+000	5.2494e-006	-7.6980e+013	-7.6653e+013	7.6653e+013	5.2500e-015
3.550e+000	5.2525e-006	-7.7308e+013	-7.6980e+013	7.6980e+013	5.2500e-015
3.560e+000	5.2556e-006	-7.7636e+013	-7.7308e+013	7.7308e+013	5.2500e-015
3.570e+000	5.2586e-006	-7.7964e+013	-7.7636e+013	7.7636e+013	5.2500e-015
3.580e+000	5.2617e-006	-7.8293e+013	-7.7964e+013	7.7964e+013	5.2500e-015
3.590e+000	5.2647e-006	-7.8621e+013	-7.8293e+013	7.8293e+013	5.2500e-015
3.600e+000	5.2677e-006	-7.8950e+013	-7.8621e+013	7.8621e+013	5.2500e-015
3.610e+000	5.2707e-006	-7.9279e+013	-7.8950e+013	7.8950e+013	5.2500e-015
3.620e+000	5.2737e-006	-7.9608e+013	-7.9279e+013	7.9279e+013	5.2500e-015
3.630e+000	5.2766e-006	-7.9938e+013	-7.9608e+013	7.9608e+013	5.2500e-015
3.640e+000	5.2796e-006	-8.0267e+013	-7.9938e+013	7.9938e+013	5.2500e-015
3.650e+000	5.2825e-006	-8.0597e+013	-8.0267e+013	8.0267e+013	5.2500e-015
3.660e+000	5.2854e-006	-8.0927e+013	-8.0597e+013	8.0597e+013	5.2500e-015
3.670e+000	5.2883e-006	-8.1257e+013	-8.0927e+013	8.0927e+013	5.2500e-015
3.680e+000	5.2912e-006	-8.1587e+013	-8.1257e+013	8.1257e+013	5.2500e-015
3.690e+000	5.2941e-006	-8.1918e+013	-8.1587e+013	8.1587e+013	5.2500e-015
3.700e+000	5.2969e-006	-8.2248e+013	-8.1918e+013	8.1918e+013	5.2500e-015
3.710e+000	5.2998e-006	-8.2579e+013	-8.2248e+013	8.2248e+013	5.2500e-015
3.720e+000	5.3026e-006	-8.2910e+013	-8.2579e+013	8.2579e+013	5.2500e-015
3.730e+000	5.3054e-006	-8.3241e+013	-8.2910e+013	8.2910e+013	5.2500e-015
3.740e+000	5.3082e-006	-8.3572e+013	-8.3241e+013	8.3241e+013	5.2500e-015
3.750e+000	5.3110e-006	-8.3904e+013	-8.3572e+013	8.3572e+013	5.2500e-015
3.760e+000	5.3138e-006	-8.4236e+013	-8.3904e+013	8.3904e+013	5.2500e-015
3.770e+000	5.3166e-006	-8.4567e+013	-8.4236e+013	8.4236e+013	5.2500e-015
3.780e+000	5.3193e-006	-8.4899e+013	-8.4567e+013	8.4567e+013	5.2500e-015
3.790e+000	5.3220e-006	-8.5232e+013	-8.4899e+013	8.4899e+013	5.2500e-015
3.800e+000	5.3248e-006	-8.5564e+013	-8.5232e+013	8.5232e+013	5.2500e-015
3.810e+000	5.3275e-006	-8.5896e+013	-8.5564e+013	8.5564e+013	5.2500e-015
3.820e+000	5.3302e-006	-8.6229e+013	-8.5896e+013	8.5896e+013	5.2500e-015
3.830e+000	5.3329e-006	-8.6562e+013	-8.6229e+013	8.6229e+013	5.2500e-015
3.840e+000	5.3355e-006	-8.6895e+013	-8.6562e+013	8.6562e+013	5.2500e-015
3.850e+000	5.3382e-006	-8.7228e+013	-8.6895e+013	8.6895e+013	5.2500e-015
3.860e+000	5.3408e-006	-8.7562e+013	-8.7228e+013	8.7228e+013	5.2500e-015
3.870e+000	5.3435e-006	-8.7895e+013	-8.7562e+013	8.7561e+013	5.2500e-015
3.880e+000	5.3461e-006	-8.8229e+013	-8.7895e+013	8.7895e+013	5.2500e-015
3.890e+000	5.3487e-006	-8.8563e+013	-8.8229e+013	8.8229e+013	5.2500e-015
3.900e+000	5.3513e-006	-8.8897e+013	-8.8563e+013	8.8562e+013	5.2500e-015
3.910e+000	5.3539e-006	-8.9231e+013	-8.8897e+013	8.8896e+013	5.2500e-015
3.920e+000	5.3565e-006	-8.9565e+013	-8.9231e+013	8.9231e+013	5.2500e-015
3.930e+000	5.3591e-006	-8.9900e+013	-8.9565e+013	8.9565e+013	5.2500e-015
3.940e+000	5.3616e-006	-9.0234e+013	-8.9900e+013	8.9899e+013	5.2500e-015
3.950e+000	5.3642e-006	-9.0569e+013	-9.0234e+013	9.0234e+013	5.2500e-015
3.960e+000	5.3667e-006	-9.0904e+013	-9.0569e+013	9.0569e+013	5.2500e-015
3.970e+000	5.3692e-006	-9.1239e+013	-9.0904e+013	9.0904e+013	5.2500e-015
3.980e+000	5.3717e-006	-9.1574e+013	-9.1239e+013	9.1239e+013	5.2500e-015
3.990e+000	5.3742e-006	-9.1910e+013	-9.1574e+013	9.1574e+013	5.2500e-015
4.000e+000	5.3767e-006	-9.2245e+013	-9.1910e+013	9.1910e+013	5.2500e-015
4.010e+000	5.3792e-006	-9.2581e+013	-9.2245e+013	9.2245e+013	5.2500e-015
4.020e+000	5.3816e-006	-9.2917e+013	-9.2581e+013	9.2581e+013	5.2500e-015
4.030e+000	5.3841e-006	-9.3253e+013	-9.2917e+013	9.2917e+013	5.2500e-015
4.040e+000	5.3865e-006	-9.3589e+013	-9.3253e+013	9.3253e+013	5.2500e-015
4.050e+000	5.3890e-006	-9.3926e+013	-9.3589e+013	9.3589e+013	5.2500e-015
4.060e+000	5.3914e-006	-9.4262e+013	-9.3926e+013	9.3926e+013	5.2500e-015
4.070e+000	5.3938e-006	-9.4599e+013	-9.4262e+013	9.4262e+013	5.2500e-015
4.080e+000	5.3962e-006	-9.4936e+013	-9.4599e+013	9.4599e+013	5.2500e-015
4.090e+000	5.3986e-006	-9.5272e+013	-9.4936e+013	9.4935e+013	5.2500e-015
4.100e+000	5.4010e-006	-9.5610e+013	-9.5272e+013	9.5272e+013	5.2500e-015
4.110e+000	5.4034e-006	-9.5947e+013	-9.5610e+013	9.5610e+013	5.2500e-015
4.120e+000	5.4057e-006	-9.6284e+013	-9.5947e+013	9.5947e+013	5.2500e-015
4.130e+000	5.4081e-006	-9.6622e+013	-9.6284e+013	9.6284e+013	5.2500e-015
4.140e+000	5.4104e-006	-9.6959e+013	-9.6622e+013	9.6622e+013	5.2500e-015
4.150e+000	5.4128e-006	-9.7297e+013	-9.6959e+013	9.6959e+013	5.2500e-015
4.160e+000	5.4151e-006	-9.7635e+013	-9.7297e+013	9.7297e+013	5.2500e-015
4.170e+000	5.4174e-006	-9.7973e+013	-9.7635e+013	9.7635e+013	5.2500e-015
4.180e+000	5.4197e-006	-9.8312e+013	-9.7973e+013	9.7973e+013	5.2500e-015
4.190e+000	5.4220e-006	-9.8650e+013	-9.8312e+013	9.8312e+013	5.2500e-015
4.200e+000	5.4243e-006	-9.8989e+013	-9.8650e+013	9.8650e+013	5.2500e-015
4.210e+000	5.4266e-006	-9.9327e+013	-9.8989e+013	9.8989e+013	5.2500e-015
4.220e+000	5.4289e-006	-9.9666e+013	-9.9327e+013	9.9327e+013	5.2500e-015
4.230e+000	5.4311e-006	-1.0001e+014	-9.9666e+013	9.9666e+013	5.2500e-015
4.240e+000	5.4334e-006	-1.0034e+014	-1.0001e+014	1.0001e+014	5.2500e-015
4.250e+000	5.4356e-006	-1.0068e+014	-1.0034e+014	1.0034e+014	5.2500e-015
4.260e+000	5.4378e-006	-1.0102e+014	-1.0068e+014	1.0068e+014	5.2500e-015
4.270e+000	5.4401e-006	-1.0136e+014	-1.0102e+014	1.0102e+014	5.2500e-015
4.280e+000	5.4423e-006	-1.0170e+014	-1.0136e+014	1.0136e+014	5.2500e-015
4.290e+000	5.4445e-006	-1.0204e+014	-1.0170e+014	1.0170e+014	5.2500e-015
4.300e+000	5.4467e-006	-1.0238e+014	-1.0204e+014	1.0204e+014	5.2500e-015
4.310e+000	5.4489e-006	-1.0272e+014	-1.0238e+014	1.0238e+014	5.2500e-015
4.320e+000	5.4511e-006	-1.0306e+014	-1.0272e+014	1.0272e+014	5.2500e-015
4.330e+000	5.4532e-006	-1.0340e+014	-1.0306e+014	1.0306e+014	5.2500e-015
4.340e+000	5.4554e-006	-1.0374e+014	-1.0340e+014	1.0340e+014	5.2500e-015
4.350e+000	5.4576e-006	-1.0408e+014	-1.0374e+014	1.0374e+014	5.2500e-015
4.360e+000	5.4597e-006	-1.0442e+014	-1.0408e+014	1.0408e+014	5.2500e-015
4.370e+000	5.4619e-006	-1.0477e+014	-1.0442e+014	1.0442e+014	5.2500e-015
4.380e+000	5.4640e-006	-1.0511e+014	-1.0477e+014	1.0477e+014	5.2500e-015
4.390e+000	5.4661e-006	-1.0545e+014	-1.0511e+014	1.0511e+014	5.2500e-015
4.400e+000	5.4682e-006	-1.0579e+014	-1.0545e+014	1.0545e+014	5.2500e-015
4.410e+000	5.4703e-006	-1.0613e+014	-1.0579e+014	1.0579e+014	5.2500e-015
4.420e+000	5.4724e-006	-1.0647e+014	-1.0613e+014	1.0613e+014	5.2500e-015
4.430e+000	5.4745e-006	-1.0681e+014	-1.0647e+014	1.0647e+014	5.2500e-015
4.440e+000	5.4766e-006	-1.0716e+014	-1.0681e+014	1.0681e+014	5.2500e-015
4.450e+000	5.4787e-006	-1.0750e+014	-1.0716e+014	1.0716e+014	5.2500e-015
4.460e+000	5.4808e-006	-1.0784e+014	-1.0750e+014	1.0750e+014	5.2500e-015
4.470e+000	5.4828e-006	-1.0818e+014	-1.0784e+014	1.0784e+014	5.2500e-015
4.480e+000	5.4849e-006	-1.0852e+014	-1.0818e+014	1.0818e+014	5.2500e-015
4.490e+000	5.4869e-006	-1.0887e+014	-1.0852e+014	1.0852e+014	5.2500e-015
4.500e+000	5.4890e-006	-1.0921e+014	-1.0887e+014	1.0887e+014	5.2500e-015
4.510e+000	5.4910e-006	-1.0955e+014	-1.0921e+014	1.0921e+014	5.2500e-015
4.520e+000	5.4930e-006	-1.0989e+014	-1.0955e+014	1.0955e+014	5.2500e-015
4.530e+000	5.4950e-006	-1.1024e+014	-1.0989e+014	1.0989e+014	5.2500e-015
4.540e+000	5.4971e-006	-1.1058e+014	-1.1024e+014	1.1024e+014	5.2500e-015
4.550e+000	5.4991e-006	-1.1092e+014	-1.1058e+014	1.1058e+014	5.2500e-015
4.560e+000	5.5011e-006	-1.1127e+014	-1.1092e+014	1.1092e+014	5.2500e-015
4.570e+000	5.5030e-006	-1.1161e+014	-1.1127e+014	1.1127e+014	5.2500e-015
4.580e+000	5.5050e-006	-1.1195e+014	-1.1161e+014	1.1161e+014	5.2500e-015
4.590e+000	5.5070e-006	-1.1230e+014	-1.1195e+014	1.1195e+014	5.2500e-015
4.600e+000	5.5090e-006	-1.1264e+014	-1.1230e+014	1.1230e+014	5.2500e-015
4.610e+000	5.5109e-006	-1.1299e+014	-1.1264e+014	1.1264e+014	5.2500e-015
4.620e+000	5.5129e-006	-1.1333e+014	-1.1299e+014	1.1299e+014	5.2500e-015
4.630e+000	5.5148e-006	-1.1367e+014	-1.1333e+014	1.1333e+014	5.2500e-015
4.640e+000	5.5168e-006	-1.1402e+014	-1.1367e+014	1.1367e+014	5.2500e-015
4.650e+000	5.5187e-006	-1.1436e+014	-1.1402e+014	1.1402e+014	5.2500e-015
4.660e+000	5.5206e-006	-1.1471e+014	-1.1436e+014	1.1436e+014	5.2500e-015
4.670e+000	5.5226e-006	-1.1505e+014	-1.1471e+014	1.1471e+014	5.2500e-015
4.680e+000	5.5245e-006	-1.1540e+014	-1.1505e+014	1.1505e+014	5.2500e-015
4.690e+000	5.5264e-006	-1.1574e+014	-1.1540e+014	1.1540e+014	5.2500e-015
4.700e+000	5.5283e-006	-1.1609e+014	-1.1574e+014	1.1574e+014	5.2500e-015
4.710e+000	5.5302e-006	-1.1643e+014	-1.1609e+014	1.1609e+014	5.2500e-015
4.720e+000	5.5321e-006	-1.1678e+014	-1.1643e+014	1.1643e+014	5.2500e-015
4.730e+000	5.5339e-006	-1.1712e+014	-1.1678e+014	1.1678e+014	5.2500e-015
4.740e+000	5.5358e-006	-1.1747e+014	-1.1712e+014	1.1712e+014	5.2500e-015
4.750e+000	5.5377e-006	-1.1781e+014	-1.1747e+014	1.1747e+014	5.2500e-015
4.760e+000	5.5395e-006	-1.1816e+014	-1.1781e+014	1.1781e+014	5.2500e-015
4.770e+000	5.5414e-006	-1.1851e+014	-1.1816e+014	1.1816e+014	5.2500e-015
4.780e+000	5.5433e-006	-1.1885e+014	-1.1851e+014	1.1851e+014	5.2500e-015
4.790e+000	5.5451e-006	-1.1920e+014	-1.1885e+014	1.1885e+014	5.2500e-015
4.800e+000	5.5469e-006	-1.1954e+014	-1.1920e+014	1.1920e+014	5.2500e-015
4.810e+000	5.5488e-006	-1.1989e+014	-1.1954e+014	1.1954e+014	5.2500e-015
4.820e+000	5.5506e-006	-1.2024e+014	-1.1989e+014	1.1989e+014	5.2500e-015
4.830e+000	5.5524e-006	-1.2058e+014	-1.2024e+014	1.2024e+014	5.2500e-015
4.840e+000	5.5542e-006	-1.2093e+014	-1.2058e+014	1.2058e+014	5.2500e-015
4.850e+000	5.5560e-006	-1.2128e+014	-1.2093e+014	1.2093e+014	5.2500e-015
4.860e+000	5.5578e-006	-1.2162e+014	-1.2128e+014	1.2128e+014	5.2500e-015
4.870e+000	5.5596e-006	-1.2197e+014	-1.2162e+014	1.2162e+014	5.2500e-015
4.880e+000	5.5614e-006	-1.2232e+014	-1.2197e+014	1.2197e+014	5.2500e-015
4.890e+000	5.5632e-006	-1.2266e+014	-1.2232e+014	1.2232e+014	5.2500e-015
4.900e+000	5.5650e-006	-1.2301e+014	-1.2266e+014	1.2266e+014	5.2500e-015
4.910e+000	5.5668e-006	-1.2336e+014	-1.2301e+014	1.2301e+014	5.2500e-015
4.920e+000	5.5685e-006	-1.2371e+014	-1.2336e+014	1.2336e+014	5.2500e-015
4.930e+000	5.5703e-006	-1.2405e+014	-1.2371e+014	1.2371e+014	5.2500e-015
4.940e+000	5.5720e-006	-1.2440e+014	-1.2405e+014	1.2405e+014	5.2500e-015
4.950e+000	5.5738e-006	-1.2475e+014	-1.2440e+014	1.2440e+014	5.2500e-015
4.960e+000	5.5755e-006	-1.2510e+014	-1.2475e+014	1.2475e+014	5.2500e-015
4.970e+000	5.5773e-006	-1.2545e+014	-1.2510e+014	1.2510e+014	5.2500e-015
4.980e+000	5.5790e-006	-1.2579e+014	-1.2545e+014	1.2545e+014	5.2500e-015
4.990e+000	5.5807e-006	-1.2614e+014	-1.2579e+014	1.2579e+014	5.2500e-015
5.000e+000	5.5825e-006	-1.2649e+014	-1.2614e+014	1.2614e+014	5.2500e-015
5.010e+000	5.5842e-006	-1.2684e+014	-1.2649e+014	1.2649e+014	5.2500e-015
5.020e+000	5.5859e-006	-1.2719e+014	-1.2684e+014	1.2684e+014	5.2500e-015
5.030e+000	5.5876e-006	-1.2754e+014	-1.2719e+014	1.2719e+014	5.2500e-015
5.040e+000	5.5893e-006	-1.2789e+014	-1.2754e+014	1.2754e+014	5.2500e-015
5.050e+000	5.5910e-006	-1.2824e+014	-1.2789e+014	1.2789e+014	5.2500e-015
5.060e+000	5.5927e-006	-1.2858e+014	-1.2824e+014	1.2824e+014	5.2500e-015
5.070e+000	5.5944e-006	-1.2893e+014	-1.2858e+014	1.2858e+014	5.2500e-015
5.080e+000	5.5961e-006	-1.2928e+014	-1.2893e+014	1.2893e+014	5.2500e-015
5.090e+000	5.5977e-006	-1.2963e+014	-1.2928e+014	1.2928e+014	5.2500e-015
5.100e+000	5.5994e-006	-1.2998e+014	-1.2963e+014	1.2963e+014	5.2500e-015
5.110e+000	5.6011e-006	-1.3033e+014	-1.2998e+014	1.2998e+014	5.2500e-015
5.120e+000	5.6027e-006	-1.3068e+014	-1.3033e+014	1.3033e+014	5.2500e-015
5.130e+000	5.6044e-006	-1.3103e+014	-1.3068e+014	1.3068e+014	5.2500e-015
5.140e+000	5.6060e-006	-1.3138e+014	-1.3103e+014	1.3103e+014	5.2500e-015
5.150e+000	5.6077e-006	-1.3173e+014	-1.3138e+014	1.3138e+014	5.2500e-015
5.160e+000	5.6093e-006	-1.3208e+014	-1.3173e+014	1.3173e+014	5.2500e-015
5.170e+000	5.6109e-006	-1.3243e+014	-1.3208e+014	1.3208e+014	5.2500e-015
5.180e+000	5.6126e-006	-1.3278e+014	-1.3243e+014	1.3243e+014	5.2500e-015
5.190e+000	5.6142e-006	-1.3313e+014	-1.3278e+014	1.3278e+014	5.2500e-015
5.200e+000	5.6158e-006	-1.3348e+014	-1.3313e+014	1.3313e+014	5.2500e-015
5.210e+000	5.6174e-006	-1.3383e+014	-1.3348e+014	1.3348e+014	5.2500e-015
5.220e+000	5.6191e-006	-1.3418e+014	-1.3383e+014	1.3383e+014	5.2500e-015
5.230e+000	5.6207e-006	-1.3453e+014	-1.3418e+014	1.3418e+014	5.2500e-015
5.240e+000	5.6223e-006	-1.3489e+014	-1.3453e+014	1.3453e+014	5.2500e-015
5.250e+000	5.6239e-006	-1.3524e+014	-1.3489e+014	1.3489e+014	5.2500e-015
5.260e+000	5.6255e-006	-1.3559e+014	-1.3524e+014	1.3524e+014	5.2500e-015
5.270e+000	5.6270e-006	-1.3594e+014	-1.3559e+014	1.3559e+014	5.2500e-015
5.280e+000	5.6286e-006	-1.3629e+014	-1.3594e+014	1.3594e+014	5.2500e-015
5.290e+000	5.6302e-006	-1.3664e+014	-1.3629e+014	1.3629e+014	5.2500e-015
5.300e+000	5.6318e-006	-1.3699e+014	-1.3664e+014	1.3664e+014	5.2500e-015
5.310e+000	5.6333e-006	-1.3734e+014	-1.3699e+014	1.3699e+014	5.2500e-015
5.320e+000	5.6349e-006	-1.3770e+014	-1.3734e+014	1.3734e+014	5.2500e-015
5.330e+000	5.6365e-006	-1.3805e+014	-1.3770e+014	1.3770e+014	5.2500e-015
5.340e+000	5.6380e-006	-1.3840e+014	-1.3805e+014	1.3805e+014	5.2500e-015
5.350e+000	5.6396e-006	-1.3875e+014	-1.3840e+014	1.3840e+014	5.2500e-015
5.360e+000	5.6411e-006	-1.3910e+014	-1.3875e+014	1.3875e+014	5.2500e-015
5.370e+000	5.6427e-006	-1.3946e+014	-1.3910e+014	1.3910e+014	5.2500e-015
5.380e+000	5.6442e-006	-1.3981e+014	-1.3946e+014	1.3946e+014	5.2500e-015
5.390e+000	5.6457e-006	-1.4016e+014	-1.3981e+014	1.3981e+014	5.2500e-015
5.400e+000	5.6473e-006	-1.4051e+014	-1.4016e+014	1.4016e+014	5.2500e-015
5.410e+000	5.6488e-006	-1.4087e+014	-1.4051e+014	1.4051e+014	5.2500e-015
5.420e+000	5.6503e-006	-1.4122e+014	-1.4087e+014	1.4087e+014	5.2500e-015
5.430e+000	5.6518e-006	-1.4157e+014	-1.4122e+014	1.4122e+014	5.2500e-015
5.440e+000	5.6533e-006	-1.4192e+014	-1.4157e+014	1.4157e+014	5.2500e-015
5.450e+000	5.6549e-006	-1.4228e+014	-1.4192e+014	1.4192e+014	5.2500e-015
5.460e+000	5.6564e-006	-1.4263e+014	-1.4228e+014	1.4228e+014	5.2500e-015
5.470e+000	5.6579e-006	-1.4298e+014	-1.4263e+014	1.4263e+014	5.2500e-015
5.480e+000	5.6594e-006	-1.4334e+014	-1.4298e+014	1.4298e+014	5.2500e-015
5.490e+000	5.6608e-006	-1.4369e+014	-1.4334e+014	1.4334e+014	5.2500e-015
5.500e+000	5.6623e-006	-1.4404e+014	-1.4369e+014	1.4369e+014	5.2500e-015
5.510e+000	5.6638e-006	-1.4440e+014	-1.4404e+014	1.4404e+014	5.2500e-015
5.520e+000	5.6653e-006	-1.4475e+014	-1.4440e+014	1.4440e+014	5.2500e-015
5.530e+000	5.6668e-006	-1.4510e+014	-1.4475e+014	1.4475e+014	5.2500e-015
5.540e+000	5.6682e-006	-1.4546e+014	-1.4510e+014	1.4510e+014	5.2500e-015
5.550e+000	5.6697e-006	-1.4581e+014	-1.4546e+014	1.4546e+014	5.2500e-015
5.560e+000	5.6712e-006	-1.4617e+014	-1.4581e+014	1.4581e+014	5.2500e-015
5.570e+000	5.6726e-006	-1.4652e+014	-1.4617e+014	1.4617e+014	5.2500e-015
5.580e+000	5.6741e-006	-1.4687e+014	-1.4652e+014	1.4652e+014	5.2500e-015
5.590e+000	5.6755e-006	-1.4723e+014	-1.4687e+014	1.4687e+014	5.2500e-015
5.600e+000	5.6770e-006	-1.4758e+014	-1.4723e+014	1.4723e+014	5.2500e-015
5.610e+000	5.6784e-006	-1.4794e+014	-1.4758e+014	1.4758e+014	5.2500e-015
5.620e+000	5.6799e-006	-1.4829e+014	-1.4794e+014	1.4794e+014	5.2500e-015
5.630e+000	5.6813e-006	-1.4865e+014	-1.4829e+014	1.4829e+014	5.2500e-015
5.640e+000	5.6827e-006	-1.4900e+014	-1.4865e+014	1.4865e+014	5.2500e-015
5.650e+000	5.6842e-006	-1.4936e+014	-1.4900e+014	1.4900e+014	5.2500e-015
5.660e+000	5.6856e-006	-1.4971e+014	-1.4936e+014	1.4936e+014	5.2500e-015
5.670e+000	5.6870e-006	-1.5007e+014	-1.4971e+014	1.4971e+014	5.2500e-015
5.680e+000	5.6884e-006	-1.5042e+014	-1.5007e+014	1.5007e+014	5.2500e-015
5.690e+000	5.6898e-006	-1.5078e+014	-1.5042e+014	1.5042e+014	5.2500e-015
5.700e+000	5.6913e-006	-1.5113e+014	-1.5078e+014	1.5078e+014	5.2500e-015
5.710e+000	5.6927e-006	-1.5149e+014	-1.5113e+014	1.5113e+014	5.2500e-015
5.720e+000	5.6941e-006	-1.5184e+014	-1.5149e+014	1.5149e+014	5.2500e-015
5.730e+000	5.6955e-006	-1.5220e+014	-1.5184e+014	1.5184e+014	5.2500e-015
5.740e+000	5.6969e-006	-1.5255e+014	-1.5220e+014	1.5220e+014	5.2500e-015
5.750e+000	5.6982e-006	-1.5291e+014	-1.5255e+014	1.5255e+014	5.2500e-015
5.760e+000	5.6996e-006	-1.5326e+014	-1.5291e+014	1.5291e+014	5.2500e-015
5.770e+000	5.7010e-006	-1.5362e+014	-1.5326e+014	1.5326e+014	5.2500e-015
5.780e+000	5.7024e-006	-1.5398e+014	-1.5362e+014	1.5362e+014	5.2500e-015
5.790e+000	5.7038e-006	-1.5433e+014	-1.5398e+014	1.5398e+014	5.2500e-015
5.800e+000	5.7051e-006	-1.5469e+014	-1.5433e+014	1.5433e+014	5.2500e-015
5.810e+000	5.7065e-006	-1.5504e+014	-1.5469e+014	1.5469e+014	5.2500e-015
5.820e+000	5.7079e-006	-1.5540e+014	-1.5504e+014	1.5504e+014	5.2500e-015
5.830e+000	5.7092e-006	-1.5576e+014	-1.5540e+014	1.5540e+014	5.2500e-015
5.840e+000	5.7106e-006	-1.5611e+014	-1.5576e+014	1.5576e+014	5.2500e-015
5.850e+000	5.7120e-006	-1.5647e+014	-1.5611e+014	1.5611e+014	5.2500e-015
5.860e+000	5.7133e-006	-1.5683e+014	-1.5647e+014	1.5647e+014	5.2500e-015
5.870e+000	5.7147e-006	-1.5718e+014	-1.5683e+014	1.5683e+014	5.2500e-015
5.880e+000	5.7160e-006	-1.5754e+014	-1.5718e+014	1.5718e+014	5.2500e-015
5.890e+000	5.7174e-006	-1.5790e+014	-1.5754e+014	1.5754e+014	5.2500e-015
5.900e+000	5.7187e-006	-1.5825e+014	-1.5790e+014	1.5790e+014	5.2500e-015
5.910e+000	5.7200e-006	-1.5861e+014	-1.5825e+014	1.5825e+014	5.2500e-015
5.920e+000	5.7214e-006	-1.5897e+014	-1.5861e+014	1.5861e+014	5.2500e-015
5.930e+000	5.7227e-006	-1.5932e+014	-1.5897e+014	1.5897e+014	5.2500e-015
5.940e+000	5.7240e-006	-1.5968e+014	-1.5932e+014	1.5932e+014	5.2500e-015
5.950e+000	5.7253e-006	-1.6004e+014	-1.5968e+014	1.5968e+014	5.2500e-015
5.960e+000	5.7267e-006	-1.6040e+014	-1.6004e+014	1.6004e+014	5.2500e-015
5.970e+000	5.7280e-006	-1.6075e+014	-1.6040e+014	1.6040e+014	5.2500e-015
5.980e+000	5.7293e-006	-1.6111e+014	-1.6075e+014	1.6075e+014	5.2500e-015
5.990e+000	5.7306e-006	-1.6147e+014	-1.6111e+014	1.6111e+014	5.2500e-015
6.000e+000	5.7319e-006	-1.6183e+014	-1.6147e+014	1.6147e+014	5.2500e-015
6.010e+000	5.7332e-006	-1.6218e+014	-1.6183e+014	1.6183e+014	5.2500e-015
6.020e+000	5.7345e-006	-1.6254e+014	-1.6218e+014	1.6218e+014	5.2500e-015
6.030e+000	5.7358e-006	-1.6290e+014	-1.6254e+014	1.6254e+014	5.2500e-015
6.040e+000	5.7371e-006	-1.6326e+014	-1.6290e+014	1.6290e+014	5.2500e-015
6.050e+000	5.7384e-006	-1.6362e+014	-1.6326e+014	1.6326e+014	5.2500e-015
6.060e+000	5.7397e-006	-1.6398e+014	-1.6362e+014	1.6362e+014	5.2500e-015
6.070e+000	5.7410e-006	-1.6433e+014	-1.6398e+014	1.6398e+014	5.2500e-015
6.080e+000	5.7422e-006	-1.6469e+014	-1.6433e+014	1.6433e+014	5.2500e-015
6.090e+000	5.7435e-006	-1.6505e+014	-1.6469e+014	1.6469e+014	5.2500e-015
6.100e+000	5.7448e-006	-1.6541e+014	-1.6505e+014	1.6505e+014	5.2500e-015
6.110e+000	5.7461e-006	-1.6577e+014	-1.6541e+014	1.6541e+014	5.2500e-015
6.120e+000	5.7473e-006	-1.6613e+014	-1.6577e+014	1.6577e+014	5.2500e-015
6.130e+000	5.7486e-006	-1.6649e+014	-1.6613e+014	1.6613e+014	5.2500e-015
6.140e+000	5.7499e-006	-1.6684e+014	-1.6649e+014	1.6649e+014	5.2500e-015
6.150e+000	5.7511e-006	-1.6720e+014	-1.6684e+014	1.6684e+014	5.2500e-015
6.160e+000	5.7524e-006	-1.6756e+014	-1.6720e+014	1.6720e+014	5.2500e-015
6.170e+000	5.7536e-006	-1.6792e+014	-1.6756e+014	1.6756e+014	5.2500e-015
6.180e+000	5.7549e-006	-1.6828e+014	-1.6792e+014	1.6792e+014	5.2500e-015
6.190e+000	5.7561e-006	-1.6864e+014	-1.6828e+014	1.6828e+014	5.2500e-015
6.200e+000	5.7574e-006	-1.6900e+014	-1.6864e+014	1.6864e+014	5.2500e-015
6.210e+000	5.7586e-006	-1.6936e+014	-1.6900e+014	1.6900e+014	5.2500e-015
6.220e+000	5.7598e-006	-1.6972e+014	-1.6936e+014	1.6936e+014	5.2500e-015
6.230e+000	5.7611e-006	-1.7008e+014	-1.6972e+014	1.6972e+014	5.2500e-015
6.240e+000	5.7623e-006	-1.7044e+014	-1.7008e+014	1.7008e+014	5.2500e-015
6.250e+000	5.7635e-006	-1.7080e+014	-1.7044e+014	1.7044e+014	5.2500e-015
6.260e+000	5.7648e-006	-1.7116e+014	-1.7080e+014	1.7080e+014	5.2500e-015
6.270e+000	5.7660e-006	-1.7152e+014	-1.7116e+014	1.7116e+014	5.2500e-015
6.280e+000	5.7672e-006	-1.7188e+014	-1.7152e+014	1.7152e+014	5.2500e-015
6.290e+000	5.7684e-006	-1.7224e+014	-1.7188e+014	1.7188e+014	5.2500e-015
6.300e+000	5.7697e-006	-1.7260e+014	-1.7224e+014	1.7224e+014	5.2500e-015
6.310e+000	5.7709e-006	-1.7296e+014	-1.7260e+014	1.7260e+014	5.2500e-015
6.320e+000	5.7721e-006	-1.7332e+014	-1.7296e+014	1.7296e+014	5.2500e-015
6.330e+000	5.7733e-006	-1.7368e+014	-1.7332e+014	1.7332e+014	5.2500e-015
6.340e+000	5.7745e-006	-1.7404e+014	-1.7368e+014	1.7368e+014	5.2500e-015
6.350e+000	5.7757e-006	-1.7440e+014	-1.7404e+014	1.7404e+014	5.2500e-015
6.360e+000	5.7769e-006	-1.7476e+014	-1.7440e+014	1.7440e+014	5.2500e-015
6.370e+000	5.7781e-006	-1.7512e+014	-1.7476e+014	1.7476e+014	5.2500e-015
6.380e+000	5.7793e-006	-1.7548e+014	-1.7512e+014	1.7512e+014	5.2500e-015
6.390e+000	5.7805e-006	-1.7584e+014	-1.7548e+014	1.7548e+014	5.2500e-015
6.400e+000	5.7817e-006	-1.7620e+014	-1.7584e+014	1.7584e+014	5.2500e-015
6.410e+000	5.7828e-006	-1.7656e+014	-1.7620e+014	1.7620e+014	5.2500e-015
6.420e+000	5.7840e-006	-1.7692e+014	-1.7656e+014	1.7656e+014	5.2500e-015
6.430e+000	5.7852e-006	-1.7729e+014	-1.7692e+014	1.7692e+014	5.2500e-015
6.440e+000	5.7864e-006	-1.7765e+014	-1.7729e+014	1.7728e+014	5.2500e-015
6.450e+000	5.7876e-006	-1.7801e+014	-1.7765e+014	1.7765e+014	5.2500e-015
6.460e+000	5.7887e-006	-1.7837e+014	-1.7801e+014	1.7801e+014	5.2500e-015
6.470e+000	5.7899e-006	-1.7873e+014	-1.7837e+014	1.7837e+014	5.2500e-015
6.480e+000	5.7911e-006	-1.7909e+014	-1.7873e+014	1.7873e+014	5.2500e-015
6.490e+000	5.7922e-006	-1.7945e+014	-1.7909e+014	1.7909e+014	5.2500e-015
6.500e+000	5.7934e-006	-1.7981e+014	-1.7945e+014	1.7945e+014	5.2500e-015
6.510e+000	5.7946e-006	-1.8018e+014	-1.7981e+014	1.7981e+014	5.2500e-015
6.520e+000	5.7957e-006	-1.8054e+014	-1.8018e+014	1.8018e+014	5.2500e-015
6.530e+000	5.7969e-006	-1.8090e+014	-1.8054e+014	1.8054e+014	5.2500e-015
6.540e+000	5.7980e-006	-1.8126e+014	-1.8090e+014	1.8090e+014	5.2500e-015
6.550e+000	5.7992e-006	-1.8162e+014	-1.8126e+014	1.8126e+014	5.2500e-015
6.560e+000	5.8003e-006	-1.8199e+014	-1.8162e+014	1.8162e+014	5.2500e-015
6.570e+000	5.8015e-006	-1.8235e+014	-1.8199e+014	1.8199e+014	5.2500e-015
6.580e+000	5.8026e-006	-1.8271e+014	-1.8235e+014	1.8235e+014	5.2500e-015
6.590e+000	5.8037e-006	-1.8307e+014	-1.8271e+014	1.8271e+014	5.2500e-015
6.600e+000	5.8049e-006	-1.8343e+014	-1.8307e+014	1.8307e+014	5.2500e-015
6.610e+000	5.8060e-006	-1.8380e+014	-1.8343e+014	1.8343e+014	5.2500e-015
6.620e+000	5.8071e-006	-1.8416e+014	-1.8380e+014	1.8380e+014	5.2500e-015
6.630e+000	5.8083e-006	-1.8452e+014	-1.8416e+014	1.8416e+014	5.2500e-015
6.640e+000	5.8094e-006	-1.8488e+014	-1.8452e+014	1.8452e+014	5.2500e-015
6.650e+000	5.8105e-006	-1.8525e+014	-1.8488e+014	1.8488e+014	5.2500e-015
6.660e+000	5.8116e-006	-1.8561e+014	-1.8525e+014	1.8525e+014	5.2500e-015
6.670e+000	5.8128e-006	-1.8597e+014	-1.8561e+014	1.8561e+014	5.2500e-015
6.680e+000	5.8139e-006	-1.8634e+014	-1.8597e+014	1.8597e+014	5.2500e-015
6.690e+000	5.8150e-006	-1.8670e+014	-1.8634e+014	1.8634e+014	5.2500e-015
6.700e+000	5.8161e-006	-1.8706e+014	-1.8670e+014	1.8670e+014	5.2500e-015
6.710e+000	5.8172e-006	-1.8742e+014	-1.8706e+014	1.8706e+014	5.2500e-015
6.720e+000	5.8183e-006	-1.8779e+014	-1.8742e+014	1.8742e+014	5.2500e-015
6.730e+000	5.8194e-006	-1.8815e+014	-1.8779e+014	1.8779e+014	5.2500e-015
6.740e+000	5.8205e-006	-1.8851e+014	-1.8815e+014	1.8815e+014	5.2500e-015
6.750e+000	5.8216e-006	-1.8888e+014	-1.8851e+014	1.8851e+014	5.2500e-015
6.760e+000	5.8227e-006	-1.8924e+014	-1.8888e+014	1.8888e+014	5.2500e-015
6.770e+000	5.8238e-006	-1.8960e+014	-1.8924e+014	1.8924e+014	5.2500e-015
6.780e+000	5.8249e-006	-1.8997e+014	-1.8960e+014	1.8960e+014	5.2500e-015
6.790e+000	5.8260e-006	-1.9033e+014	-1.8997e+014	1.8997e+014	5.2500e-015
6.800e+000	5.8271e-006	-1.9070e+014	-1.9033e+014	1.9033e+014	5.2500e-015
6.810e+000	5.8282e-006	-1.9106e+014	-1.9070e+014	1.9070e+014	5.2500e-015
6.820e+000	5.8293e-006	-1.9142e+014	-1.9106e+014	1.9106e+014	5.2500e-015
6.830e+000	5.8304e-006	-1.9179e+014	-1.9142e+014	1.9142e+014	5.2500e-015
6.840e+000	5.8314e-006	-1.9215e+014	-1.9179e+014	1.9179e+014	5.2500e-015
6.850e+000	5.8325e-006	-1.9251e+014	-1.9215e+014	1.9215e+014	5.2500e-015
6.860e+000	5.8336e-006	-1.9288e+014	-1.9251e+014	1.9251e+014	5.2500e-015
6.870e+000	5.8347e-006	-1.9324e+014	-1.9288e+014	1.9288e+014	5.2500e-015
6.880e+000	5.8357e-006	-1.9361e+014	-1.9324e+014	1.9324e+014	5.2500e-015
6.890e+000	5.8368e-006	-1.9397e+014	-1.9361e+014	1.9361e+014	5.2500e-015
6.900e+000	5.8379e-006	-1.9434e+014	-1.9397e+014	1.9397e+014	5.2500e-015
6.910e+000	5.8389e-006	-1.9470e+014	-1.9434e+014	1.9434e+014	5.2500e-015
6.920e+000	5.8400e-006	-1.9507e+014	-1.9470e+014	1.9470e+014	5.2500e-015
6.930e+000	5.8411e-006	-1.9543e+014	-1.9507e+014	1.9507e+014	5.2500e-015
6.940e+000	5.8421e-006	-1.9579e+014	-1.9543e+014	1.9543e+014	5.2500e-015
6.950e+000	5.8432e-006	-1.9616e+014	-1.9579e+014	1.9579e+014	5.2500e-015
6.960e+000	5.8442e-006	-1.9652e+014	-1.9616e+014	1.9616e+014	5.2500e-015
6.970e+000	5.8453e-006	-1.9689e+014	-1.9652e+014	1.9652e+014	5.2500e-015
6.980e+000	5.8463e-006	-1.9725e+014	-1.9689e+014	1.9689e+014	5.2500e-015
6.990e+000	5.8474e-006	-1.9762e+014	-1.9725e+014	1.9725e+014	5.2500e-015
7.000e+000	5.8484e-006	-1.9798e+014	-1.9762e+014	1.9762e+014	5.2500e-015
