V	C (Fcm-2)	Initcharge (cm-2)	Finalcharge (cm-2)	ns Total (cm-2)	ps Total (cm-2)
-7.000e+000	4.8034e-017	-9.3447e+000	-6.3467e+000	6.3476e+000	5.2500e-015
-6.990e+000	4.8034e-017	-9.3447e+000	-6.3467e+000	6.3476e+000	5.2500e-015
-6.980e+000	4.8034e-017	-9.3447e+000	-6.3467e+000	6.3476e+000	5.2500e-015
-6.970e+000	4.8034e-017	-9.3447e+000	-6.3467e+000	6.3476e+000	5.2500e-015
-6.960e+000	4.8034e-017	-9.3447e+000	-6.3467e+000	6.3476e+000	5.2500e-015
-6.950e+000	4.8034e-017	-9.3447e+000	-6.3467e+000	6.3476e+000	5.2500e-015
-6.940e+000	4.8034e-017	-9.3447e+000	-6.3467e+000	6.3476e+000	5.2500e-015
-6.930e+000	4.8034e-017	-9.3447e+000	-6.3467e+000	6.3476e+000	5.2500e-015
-6.920e+000	4.8034e-017	-9.3447e+000	-6.3467e+000	6.3476e+000	5.2500e-015
-6.910e+000	4.8034e-017	-9.3447e+000	-6.3467e+000	6.3476e+000	5.2500e-015
-6.900e+000	4.8034e-017	-9.3447e+000	-6.3467e+000	6.3476e+000	5.2500e-015
-6.890e+000	4.8034e-017	-9.3447e+000	-6.3467e+000	6.3476e+000	5.2500e-015
-6.880e+000	4.8034e-017	-9.3447e+000	-6.3467e+000	6.3476e+000	5.2500e-015
-6.870e+000	4.8034e-017	-9.3447e+000	-6.3467e+000	6.3476e+000	5.2500e-015
-6.860e+000	4.8034e-017	-9.3447e+000	-6.3467e+000	6.3476e+000	5.2500e-015
-6.850e+000	4.8034e-017	-9.3447e+000	-6.3467e+000	6.3476e+000	5.2500e-015
-6.840e+000	4.8034e-017	-9.3447e+000	-6.3467e+000	6.3476e+000	5.2500e-015
-6.830e+000	4.8034e-017	-9.3447e+000	-6.3467e+000	6.3476e+000	5.2500e-015
-6.820e+000	4.8034e-017	-9.3447e+000	-6.3467e+000	6.3476e+000	5.2500e-015
-6.810e+000	4.8034e-017	-9.3447e+000	-6.3467e+000	6.3476e+000	5.2500e-015
-6.800e+000	4.8034e-017	-9.3447e+000	-6.3467e+000	6.3476e+000	5.2500e-015
-6.790e+000	4.8034e-017	-9.3447e+000	-6.3467e+000	6.3476e+000	5.2500e-015
-6.780e+000	4.8034e-017	-9.3447e+000	-6.3467e+000	6.3476e+000	5.2500e-015
-6.770e+000	4.8034e-017	-9.3447e+000	-6.3467e+000	6.3476e+000	5.2500e-015
-6.760e+000	4.8034e-017	-9.3447e+000	-6.3467e+000	6.3476e+000	5.2500e-015
-6.750e+000	4.8034e-017	-9.3447e+000	-6.3467e+000	6.3476e+000	5.2500e-015
-6.740e+000	4.8034e-017	-9.3447e+000	-6.3467e+000	6.3476e+000	5.2500e-015
-6.730e+000	4.8034e-017	-9.3447e+000	-6.3467e+000	6.3476e+000	5.2500e-015
-6.720e+000	4.8034e-017	-9.3447e+000	-6.3467e+000	6.3476e+000	5.2500e-015
-6.710e+000	4.8034e-017	-9.3447e+000	-6.3467e+000	6.3476e+000	5.2500e-015
-6.700e+000	4.8034e-017	-9.3447e+000	-6.3467e+000	6.3476e+000	5.2500e-015
-6.690e+000	4.8034e-017	-9.3447e+000	-6.3467e+000	6.3476e+000	5.2500e-015
-6.680e+000	4.8034e-017	-9.3447e+000	-6.3467e+000	6.3476e+000	5.2500e-015
-6.670e+000	4.8034e-017	-9.3447e+000	-6.3467e+000	6.3476e+000	5.2500e-015
-6.660e+000	4.8034e-017	-9.3447e+000	-6.3467e+000	6.3476e+000	5.2500e-015
-6.650e+000	4.8034e-017	-9.3447e+000	-6.3467e+000	6.3476e+000	5.2500e-015
-6.640e+000	4.8034e-017	-9.3447e+000	-6.3467e+000	6.3476e+000	5.2500e-015
-6.630e+000	4.8034e-017	-9.3447e+000	-6.3467e+000	6.3476e+000	5.2500e-015
-6.620e+000	4.8034e-017	-9.3447e+000	-6.3467e+000	6.3476e+000	5.2500e-015
-6.610e+000	4.8034e-017	-9.3447e+000	-6.3467e+000	6.3476e+000	5.2500e-015
-6.600e+000	4.8034e-017	-9.3447e+000	-6.3467e+000	6.3476e+000	5.2500e-015
-6.590e+000	4.8034e-017	-9.3447e+000	-6.3467e+000	6.3476e+000	5.2500e-015
-6.580e+000	4.8034e-017	-9.3447e+000	-6.3467e+000	6.3476e+000	5.2500e-015
-6.570e+000	4.8034e-017	-9.3447e+000	-6.3467e+000	6.3476e+000	5.2500e-015
-6.560e+000	4.8034e-017	-9.3447e+000	-6.3467e+000	6.3476e+000	5.2500e-015
-6.550e+000	4.8034e-017	-9.3447e+000	-6.3467e+000	6.3476e+000	5.2500e-015
-6.540e+000	4.8034e-017	-9.3447e+000	-6.3467e+000	6.3476e+000	5.2500e-015
-6.530e+000	4.8034e-017	-9.3447e+000	-6.3467e+000	6.3476e+000	5.2500e-015
-6.520e+000	4.8034e-017	-9.3447e+000	-6.3467e+000	6.3476e+000	5.2500e-015
-6.510e+000	4.8034e-017	-9.3447e+000	-6.3467e+000	6.3476e+000	5.2500e-015
-6.500e+000	4.8034e-017	-9.3447e+000	-6.3467e+000	6.3476e+000	5.2500e-015
-6.490e+000	4.8034e-017	-9.3447e+000	-6.3467e+000	6.3476e+000	5.2500e-015
-6.480e+000	4.8034e-017	-9.3447e+000	-6.3467e+000	6.3476e+000	5.2500e-015
-6.470e+000	4.8034e-017	-9.3447e+000	-6.3467e+000	6.3476e+000	5.2500e-015
-6.460e+000	4.8034e-017	-9.3447e+000	-6.3467e+000	6.3476e+000	5.2500e-015
-6.450e+000	4.8034e-017	-9.3447e+000	-6.3467e+000	6.3476e+000	5.2500e-015
-6.440e+000	4.8034e-017	-9.3447e+000	-6.3467e+000	6.3476e+000	5.2500e-015
-6.430e+000	4.8034e-017	-9.3447e+000	-6.3467e+000	6.3476e+000	5.2500e-015
-6.420e+000	4.8034e-017	-9.3447e+000	-6.3467e+000	6.3476e+000	5.2500e-015
-6.410e+000	4.8034e-017	-9.3447e+000	-6.3467e+000	6.3476e+000	5.2500e-015
-6.400e+000	4.8034e-017	-9.3447e+000	-6.3467e+000	6.3476e+000	5.2500e-015
-6.390e+000	4.8034e-017	-9.3447e+000	-6.3467e+000	6.3476e+000	5.2500e-015
-6.380e+000	4.8034e-017	-9.3447e+000	-6.3467e+000	6.3476e+000	5.2500e-015
-6.370e+000	4.8034e-017	-9.3447e+000	-6.3467e+000	6.3476e+000	5.2500e-015
-6.360e+000	4.8034e-017	-9.3447e+000	-6.3467e+000	6.3476e+000	5.2500e-015
-6.350e+000	4.8034e-017	-9.3447e+000	-6.3467e+000	6.3476e+000	5.2500e-015
-6.340e+000	4.8034e-017	-9.3447e+000	-6.3467e+000	6.3476e+000	5.2500e-015
-6.330e+000	4.8034e-017	-9.3447e+000	-6.3467e+000	6.3476e+000	5.2500e-015
-6.320e+000	4.8034e-017	-9.3447e+000	-6.3467e+000	6.3476e+000	5.2500e-015
-6.310e+000	4.8034e-017	-9.3447e+000	-6.3467e+000	6.3476e+000	5.2500e-015
-6.300e+000	4.8034e-017	-9.3447e+000	-6.3467e+000	6.3476e+000	5.2500e-015
-6.290e+000	4.8034e-017	-9.3447e+000	-6.3467e+000	6.3476e+000	5.2500e-015
-6.280e+000	4.8034e-017	-9.3447e+000	-6.3467e+000	6.3476e+000	5.2500e-015
-6.270e+000	4.8034e-017	-9.3447e+000	-6.3467e+000	6.3476e+000	5.2500e-015
-6.260e+000	4.8034e-017	-9.3447e+000	-6.3467e+000	6.3476e+000	5.2500e-015
-6.250e+000	4.8034e-017	-9.3447e+000	-6.3467e+000	6.3476e+000	5.2500e-015
-6.240e+000	4.8034e-017	-9.3447e+000	-6.3467e+000	6.3476e+000	5.2500e-015
-6.230e+000	4.8034e-017	-9.3447e+000	-6.3467e+000	6.3476e+000	5.2500e-015
-6.220e+000	4.8034e-017	-9.3447e+000	-6.3467e+000	6.3476e+000	5.2500e-015
-6.210e+000	4.8034e-017	-9.3447e+000	-6.3467e+000	6.3476e+000	5.2500e-015
-6.200e+000	4.8034e-017	-9.3447e+000	-6.3467e+000	6.3476e+000	5.2500e-015
-6.190e+000	4.8034e-017	-9.3447e+000	-6.3467e+000	6.3476e+000	5.2500e-015
-6.180e+000	4.8034e-017	-9.3447e+000	-6.3467e+000	6.3476e+000	5.2500e-015
-6.170e+000	4.8034e-017	-9.3447e+000	-6.3467e+000	6.3476e+000	5.2500e-015
-6.160e+000	4.8034e-017	-9.3447e+000	-6.3467e+000	6.3476e+000	5.2500e-015
-6.150e+000	4.8034e-017	-9.3447e+000	-6.3467e+000	6.3476e+000	5.2500e-015
-6.140e+000	4.8034e-017	-9.3447e+000	-6.3467e+000	6.3476e+000	5.2500e-015
-6.130e+000	4.8034e-017	-9.3447e+000	-6.3467e+000	6.3476e+000	5.2500e-015
-6.120e+000	4.8034e-017	-9.3447e+000	-6.3467e+000	6.3476e+000	5.2500e-015
-6.110e+000	4.8034e-017	-9.3447e+000	-6.3467e+000	6.3476e+000	5.2500e-015
-6.100e+000	4.8034e-017	-9.3447e+000	-6.3467e+000	6.3476e+000	5.2500e-015
-6.090e+000	4.8034e-017	-9.3447e+000	-6.3467e+000	6.3476e+000	5.2500e-015
-6.080e+000	4.8034e-017	-9.3447e+000	-6.3467e+000	6.3476e+000	5.2500e-015
-6.070e+000	4.8034e-017	-9.3447e+000	-6.3467e+000	6.3476e+000	5.2500e-015
-6.060e+000	4.8034e-017	-9.3447e+000	-6.3467e+000	6.3476e+000	5.2500e-015
-6.050e+000	4.8034e-017	-9.3447e+000	-6.3467e+000	6.3476e+000	5.2500e-015
-6.040e+000	4.8034e-017	-9.3447e+000	-6.3467e+000	6.3476e+000	5.2500e-015
-6.030e+000	4.8034e-017	-9.3447e+000	-6.3467e+000	6.3476e+000	5.2500e-015
-6.020e+000	4.8034e-017	-9.3447e+000	-6.3467e+000	6.3476e+000	5.2500e-015
-6.010e+000	4.8034e-017	-9.3447e+000	-6.3467e+000	6.3476e+000	5.2500e-015
-6.000e+000	4.8034e-017	-9.3447e+000	-6.3467e+000	6.3476e+000	5.2500e-015
-5.990e+000	4.8034e-017	-9.3447e+000	-6.3467e+000	6.3476e+000	5.2500e-015
-5.980e+000	4.8034e-017	-9.3447e+000	-6.3467e+000	6.3476e+000	5.2500e-015
-5.970e+000	4.8034e-017	-9.3447e+000	-6.3467e+000	6.3476e+000	5.2500e-015
-5.960e+000	4.8034e-017	-9.3447e+000	-6.3467e+000	6.3476e+000	5.2500e-015
-5.950e+000	4.8034e-017	-9.3447e+000	-6.3467e+000	6.3476e+000	5.2500e-015
-5.940e+000	4.8034e-017	-9.3447e+000	-6.3467e+000	6.3476e+000	5.2500e-015
-5.930e+000	4.8034e-017	-9.3447e+000	-6.3467e+000	6.3476e+000	5.2500e-015
-5.920e+000	4.8034e-017	-9.3447e+000	-6.3467e+000	6.3476e+000	5.2500e-015
-5.910e+000	4.8034e-017	-9.3447e+000	-6.3467e+000	6.3476e+000	5.2500e-015
-5.900e+000	4.8034e-017	-9.3447e+000	-6.3467e+000	6.3476e+000	5.2500e-015
-5.890e+000	4.8034e-017	-9.3447e+000	-6.3467e+000	6.3476e+000	5.2500e-015
-5.880e+000	4.8034e-017	-9.3447e+000	-6.3467e+000	6.3476e+000	5.2500e-015
-5.870e+000	4.8034e-017	-9.3447e+000	-6.3467e+000	6.3476e+000	5.2500e-015
-5.860e+000	4.8034e-017	-9.3447e+000	-6.3467e+000	6.3476e+000	5.2500e-015
-5.850e+000	4.8034e-017	-9.3447e+000	-6.3467e+000	6.3476e+000	5.2500e-015
-5.840e+000	4.8034e-017	-9.3447e+000	-6.3467e+000	6.3476e+000	5.2500e-015
-5.830e+000	4.8034e-017	-9.3447e+000	-6.3467e+000	6.3476e+000	5.2500e-015
-5.820e+000	4.8034e-017	-9.3447e+000	-6.3467e+000	6.3476e+000	5.2500e-015
-5.810e+000	4.8034e-017	-9.3447e+000	-6.3467e+000	6.3476e+000	5.2500e-015
-5.800e+000	4.8034e-017	-9.3447e+000	-6.3467e+000	6.3476e+000	5.2500e-015
-5.790e+000	4.8034e-017	-9.3447e+000	-6.3467e+000	6.3476e+000	5.2500e-015
-5.780e+000	4.8034e-017	-9.3447e+000	-6.3467e+000	6.3476e+000	5.2500e-015
-5.770e+000	4.8034e-017	-9.3447e+000	-6.3467e+000	6.3476e+000	5.2500e-015
-5.760e+000	4.8034e-017	-9.3447e+000	-6.3467e+000	6.3476e+000	5.2500e-015
-5.750e+000	4.8034e-017	-9.3447e+000	-6.3467e+000	6.3476e+000	5.2500e-015
-5.740e+000	4.8034e-017	-9.3447e+000	-6.3467e+000	6.3476e+000	5.2500e-015
-5.730e+000	4.8034e-017	-9.3447e+000	-6.3467e+000	6.3476e+000	5.2500e-015
-5.720e+000	4.8034e-017	-9.3447e+000	-6.3467e+000	6.3476e+000	5.2500e-015
-5.710e+000	4.8034e-017	-9.3447e+000	-6.3467e+000	6.3476e+000	5.2500e-015
-5.700e+000	4.8034e-017	-9.3447e+000	-6.3467e+000	6.3476e+000	5.2500e-015
-5.690e+000	4.8034e-017	-9.3447e+000	-6.3467e+000	6.3476e+000	5.2500e-015
-5.680e+000	4.8034e-017	-9.3447e+000	-6.3467e+000	6.3476e+000	5.2500e-015
-5.670e+000	4.8034e-017	-9.3447e+000	-6.3467e+000	6.3476e+000	5.2500e-015
-5.660e+000	4.8034e-017	-9.3447e+000	-6.3467e+000	6.3476e+000	5.2500e-015
-5.650e+000	4.8034e-017	-9.3447e+000	-6.3467e+000	6.3476e+000	5.2500e-015
-5.640e+000	4.8034e-017	-9.3447e+000	-6.3467e+000	6.3476e+000	5.2500e-015
-5.630e+000	4.8034e-017	-9.3447e+000	-6.3467e+000	6.3476e+000	5.2500e-015
-5.620e+000	4.8034e-017	-9.3447e+000	-6.3467e+000	6.3476e+000	5.2500e-015
-5.610e+000	4.8034e-017	-9.3447e+000	-6.3467e+000	6.3476e+000	5.2500e-015
-5.600e+000	4.8034e-017	-9.3447e+000	-6.3467e+000	6.3476e+000	5.2500e-015
-5.590e+000	4.8034e-017	-9.3447e+000	-6.3467e+000	6.3476e+000	5.2500e-015
-5.580e+000	4.8034e-017	-9.3447e+000	-6.3467e+000	6.3476e+000	5.2500e-015
-5.570e+000	4.8034e-017	-9.3447e+000	-6.3467e+000	6.3476e+000	5.2500e-015
-5.560e+000	4.8034e-017	-9.3447e+000	-6.3467e+000	6.3476e+000	5.2500e-015
-5.550e+000	4.8034e-017	-9.3447e+000	-6.3467e+000	6.3476e+000	5.2500e-015
-5.540e+000	4.8034e-017	-9.3447e+000	-6.3467e+000	6.3476e+000	5.2500e-015
-5.530e+000	4.8034e-017	-9.3447e+000	-6.3467e+000	6.3476e+000	5.2500e-015
-5.520e+000	4.8034e-017	-9.3447e+000	-6.3467e+000	6.3476e+000	5.2500e-015
-5.510e+000	4.8034e-017	-9.3447e+000	-6.3467e+000	6.3476e+000	5.2500e-015
-5.500e+000	4.8034e-017	-9.3447e+000	-6.3467e+000	6.3476e+000	5.2500e-015
-5.490e+000	4.8034e-017	-9.3447e+000	-6.3467e+000	6.3476e+000	5.2500e-015
-5.480e+000	4.8034e-017	-9.3447e+000	-6.3467e+000	6.3476e+000	5.2500e-015
-5.470e+000	4.8034e-017	-9.3447e+000	-6.3467e+000	6.3476e+000	5.2500e-015
-5.460e+000	4.8034e-017	-9.3447e+000	-6.3467e+000	6.3476e+000	5.2500e-015
-5.450e+000	4.8034e-017	-9.3447e+000	-6.3467e+000	6.3476e+000	5.2500e-015
-5.440e+000	4.8034e-017	-9.3447e+000	-6.3467e+000	6.3476e+000	5.2500e-015
-5.430e+000	4.8034e-017	-9.3447e+000	-6.3467e+000	6.3476e+000	5.2500e-015
-5.420e+000	4.8034e-017	-9.3447e+000	-6.3467e+000	6.3476e+000	5.2500e-015
-5.410e+000	4.8034e-017	-9.3447e+000	-6.3467e+000	6.3476e+000	5.2500e-015
-5.400e+000	4.8034e-017	-9.3447e+000	-6.3467e+000	6.3476e+000	5.2500e-015
-5.390e+000	4.8034e-017	-9.3447e+000	-6.3467e+000	6.3476e+000	5.2500e-015
-5.380e+000	4.8034e-017	-9.3447e+000	-6.3467e+000	6.3476e+000	5.2500e-015
-5.370e+000	4.8034e-017	-9.3447e+000	-6.3467e+000	6.3476e+000	5.2500e-015
-5.360e+000	4.8034e-017	-9.3447e+000	-6.3467e+000	6.3476e+000	5.2500e-015
-5.350e+000	4.8034e-017	-9.3447e+000	-6.3467e+000	6.3476e+000	5.2500e-015
-5.340e+000	4.8034e-017	-9.3447e+000	-6.3467e+000	6.3476e+000	5.2500e-015
-5.330e+000	4.8034e-017	-9.3447e+000	-6.3467e+000	6.3476e+000	5.2500e-015
-5.320e+000	4.8034e-017	-9.3447e+000	-6.3467e+000	6.3476e+000	5.2500e-015
-5.310e+000	4.8034e-017	-9.3447e+000	-6.3467e+000	6.3476e+000	5.2500e-015
-5.300e+000	4.8034e-017	-9.3447e+000	-6.3467e+000	6.3476e+000	5.2500e-015
-5.290e+000	4.8034e-017	-9.3447e+000	-6.3467e+000	6.3476e+000	5.2500e-015
-5.280e+000	4.8034e-017	-9.3447e+000	-6.3467e+000	6.3476e+000	5.2500e-015
-5.270e+000	4.8034e-017	-9.3447e+000	-6.3467e+000	6.3476e+000	5.2500e-015
-5.260e+000	4.8034e-017	-9.3447e+000	-6.3467e+000	6.3476e+000	5.2500e-015
-5.250e+000	4.8034e-017	-9.3447e+000	-6.3467e+000	6.3476e+000	5.2500e-015
-5.240e+000	4.8034e-017	-9.3447e+000	-6.3467e+000	6.3476e+000	5.2500e-015
-5.230e+000	4.8034e-017	-9.3447e+000	-6.3467e+000	6.3476e+000	5.2500e-015
-5.220e+000	4.8034e-017	-9.3447e+000	-6.3467e+000	6.3476e+000	5.2500e-015
-5.210e+000	4.8034e-017	-9.3447e+000	-6.3467e+000	6.3476e+000	5.2500e-015
-5.200e+000	4.8034e-017	-9.3448e+000	-6.3467e+000	6.3476e+000	5.2500e-015
-5.190e+000	4.8034e-017	-9.3448e+000	-6.3467e+000	6.3476e+000	5.2500e-015
-5.180e+000	4.8034e-017	-9.3448e+000	-6.3467e+000	6.3476e+000	5.2500e-015
-5.170e+000	4.8035e-017	-9.3448e+000	-6.3467e+000	6.3476e+000	5.2500e-015
-5.160e+000	4.8035e-017	-9.3448e+000	-6.3468e+000	6.3477e+000	5.2500e-015
-5.150e+000	4.8035e-017	-9.3449e+000	-6.3468e+000	6.3477e+000	5.2500e-015
-5.140e+000	4.8035e-017	-9.3450e+000	-6.3469e+000	6.3478e+000	5.2500e-015
-5.130e+000	4.8036e-017	-9.3451e+000	-6.3469e+000	6.3478e+000	5.2500e-015
-5.120e+000	4.8037e-017	-9.3453e+000	-6.3471e+000	6.3480e+000	5.2500e-015
-5.110e+000	4.8038e-017	-9.3456e+000	-6.3473e+000	6.3482e+000	5.2500e-015
-5.100e+000	4.8041e-017	-9.3460e+000	-6.3475e+000	6.3484e+000	5.2500e-015
-5.090e+000	4.8044e-017	-9.3466e+000	-6.3479e+000	6.3488e+000	5.2500e-015
-5.080e+000	4.8048e-017	-9.3474e+000	-6.3485e+000	6.3494e+000	5.2500e-015
-5.070e+000	4.8055e-017	-9.3487e+000	-6.3494e+000	6.3503e+000	5.2500e-015
-5.060e+000	4.8064e-017	-9.3506e+000	-6.3507e+000	6.3516e+000	5.2500e-015
-5.050e+000	4.8079e-017	-9.3534e+000	-6.3526e+000	6.3535e+000	5.2500e-015
-5.040e+000	4.8100e-017	-9.3575e+000	-6.3553e+000	6.3562e+000	5.2500e-015
-5.030e+000	4.8130e-017	-9.3635e+000	-6.3594e+000	6.3603e+000	5.2500e-015
-5.020e+000	4.8176e-017	-9.3723e+000	-6.3654e+000	6.3663e+000	5.2500e-015
-5.010e+000	4.8243e-017	-9.3854e+000	-6.3743e+000	6.3752e+000	5.2500e-015
-5.000e+000	4.8342e-017	-9.4046e+000	-6.3873e+000	6.3882e+000	5.2500e-015
-4.990e+000	4.8487e-017	-9.4328e+000	-6.4065e+000	6.4074e+000	5.2500e-015
-4.980e+000	4.8701e-017	-9.4744e+000	-6.4348e+000	6.4357e+000	5.2500e-015
-4.970e+000	4.9016e-017	-9.5357e+000	-6.4764e+000	6.4773e+000	5.2500e-015
-4.960e+000	4.9479e-017	-9.6259e+000	-6.5377e+000	6.5386e+000	5.2500e-015
-4.950e+000	5.0209e-017	-9.7616e+000	-6.6278e+000	6.6287e+000	5.2500e-015
-4.940e+000	5.1167e-017	-9.9571e+000	-6.7636e+000	6.7615e+000	5.2500e-015
-4.930e+000	5.2646e-017	-1.0245e+001	-6.9591e+000	6.9570e+000	5.2500e-015
-4.920e+000	5.4887e-017	-1.0673e+001	-7.2469e+000	7.2449e+000	5.2500e-015
-4.910e+000	5.8031e-017	-1.1297e+001	-7.6746e+000	7.6687e+000	5.2500e-015
-4.900e+000	6.2783e-017	-1.2217e+001	-8.2986e+000	8.2926e+000	5.2500e-015
-4.890e+000	6.9781e-017	-1.3575e+001	-9.2191e+000	9.2112e+000	5.2500e-015
-4.880e+000	8.0047e-017	-1.5573e+001	-1.0576e+001	1.0564e+001	5.2500e-015
-4.870e+000	9.5130e-017	-1.8512e+001	-1.2575e+001	1.2555e+001	5.2500e-015
-4.860e+000	1.1738e-016	-2.2840e+001	-1.5514e+001	1.5487e+001	5.2500e-015
-4.850e+000	1.5015e-016	-2.9213e+001	-1.9842e+001	1.9803e+001	5.2500e-015
-4.840e+000	1.9842e-016	-3.8600e+001	-2.6215e+001	2.6158e+001	5.2500e-015
-4.830e+000	2.6937e-016	-5.2415e+001	-3.5602e+001	3.5514e+001	5.2500e-015
-4.820e+000	3.7393e-016	-7.2756e+001	-4.9417e+001	4.9288e+001	5.2500e-015
-4.810e+000	5.2789e-016	-1.0271e+002	-6.9758e+001	6.9569e+001	5.2500e-015
-4.800e+000	7.5443e-016	-1.4680e+002	-9.9708e+001	9.9428e+001	5.2500e-015
-4.790e+000	1.0882e-015	-2.1171e+002	-1.4380e+002	1.4339e+002	5.2500e-015
-4.780e+000	1.5793e-015	-3.0729e+002	-2.0872e+002	2.0811e+002	5.2500e-015
-4.770e+000	2.3026e-015	-4.4801e+002	-3.0429e+002	3.0340e+002	5.2500e-015
-4.760e+000	3.3673e-015	-6.5518e+002	-4.4501e+002	4.4370e+002	5.2500e-015
-4.750e+000	4.9350e-015	-9.6020e+002	-6.5218e+002	6.5025e+002	5.2500e-015
-4.740e+000	7.2431e-015	-1.4093e+003	-9.5720e+002	9.5436e+002	5.2500e-015
-4.730e+000	1.0641e-014	-2.0704e+003	-1.4063e+003	1.4021e+003	5.2500e-015
-4.720e+000	1.5644e-014	-3.0439e+003	-2.0675e+003	2.0613e+003	5.2500e-015
-4.710e+000	2.3010e-014	-4.4771e+003	-3.0409e+003	3.0318e+003	5.2500e-015
-4.700e+000	3.3855e-014	-6.5871e+003	-4.4741e+003	4.4607e+003	5.2500e-015
-4.690e+000	4.9821e-014	-9.6937e+003	-6.5841e+003	6.5644e+003	5.2500e-015
-4.680e+000	7.3328e-014	-1.4267e+004	-9.6907e+003	9.6617e+003	5.2500e-015
-4.670e+000	1.0794e-013	-2.1001e+004	-1.4264e+004	1.4222e+004	5.2500e-015
-4.660e+000	1.5889e-013	-3.0916e+004	-2.0998e+004	2.0936e+004	5.2500e-015
-4.650e+000	2.3391e-013	-4.5512e+004	-3.0913e+004	3.0820e+004	5.2500e-015
-4.640e+000	3.4436e-013	-6.7002e+004	-4.5509e+004	4.5373e+004	5.2500e-015
-4.630e+000	5.0697e-013	-9.8642e+004	-6.6999e+004	6.6799e+004	5.2500e-015
-4.620e+000	7.4638e-013	-1.4522e+005	-9.8639e+004	9.8344e+004	5.2500e-015
-4.610e+000	1.0988e-012	-2.1381e+005	-1.4522e+005	1.4479e+005	5.2500e-015
-4.600e+000	1.6177e-012	-3.1477e+005	-2.1380e+005	2.1316e+005	5.2500e-015
-4.590e+000	2.3817e-012	-4.6342e+005	-3.1477e+005	3.1383e+005	5.2500e-015
-4.580e+000	3.5063e-012	-6.8227e+005	-4.6342e+005	4.6203e+005	5.2500e-015
-4.570e+000	5.1619e-012	-1.0044e+006	-6.8226e+005	6.8022e+005	5.2500e-015
-4.560e+000	7.5989e-012	-1.4787e+006	-1.0044e+006	1.0014e+006	5.2500e-015
-4.550e+000	1.1186e-011	-2.1769e+006	-1.4787e+006	1.4743e+006	5.2500e-015
-4.540e+000	1.6465e-011	-3.2045e+006	-2.1769e+006	2.1704e+006	5.2500e-015
-4.530e+000	2.4232e-011	-4.7170e+006	-3.2045e+006	3.1949e+006	5.2500e-015
-4.520e+000	3.5658e-011	-6.9425e+006	-4.7170e+006	4.7029e+006	5.2500e-015
-4.510e+000	5.2457e-011	-1.0217e+007	-6.9425e+006	6.9218e+006	5.2500e-015
-4.500e+000	7.7144e-011	-1.5032e+007	-1.0217e+007	1.0186e+007	5.2500e-015
-4.490e+000	1.1339e-010	-2.2109e+007	-1.5032e+007	1.4987e+007	5.2500e-015
-4.480e+000	1.6653e-010	-3.2502e+007	-2.2109e+007	2.2043e+007	5.2500e-015
-4.470e+000	2.4429e-010	-4.7750e+007	-3.2502e+007	3.2405e+007	5.2500e-015
-4.460e+000	3.5776e-010	-7.0079e+007	-4.7750e+007	4.7607e+007	5.2500e-015
-4.450e+000	5.2269e-010	-1.0270e+008	-7.0079e+007	6.9871e+007	5.2500e-015
-4.440e+000	7.6099e-010	-1.5020e+008	-1.0270e+008	1.0240e+008	5.2500e-015
-4.430e+000	1.1025e-009	-2.1901e+008	-1.5020e+008	1.4975e+008	5.2500e-015
-4.420e+000	1.5863e-009	-3.1802e+008	-2.1901e+008	2.1837e+008	5.2500e-015
-4.410e+000	2.2612e-009	-4.5916e+008	-3.1802e+008	3.1709e+008	5.2500e-015
-4.400e+000	3.1834e-009	-6.5785e+008	-4.5916e+008	4.5782e+008	5.2500e-015
-4.390e+000	4.4114e-009	-9.3319e+008	-6.5785e+008	6.5596e+008	5.2500e-015
-4.380e+000	5.9972e-009	-1.3075e+009	-9.3319e+008	9.3055e+008	5.2500e-015
-4.370e+000	7.9765e-009	-1.8054e+009	-1.3075e+009	1.3039e+009	5.2500e-015
-4.360e+000	1.0364e-008	-2.4522e+009	-1.8054e+009	1.8005e+009	5.2500e-015
-4.350e+000	1.3155e-008	-3.2733e+009	-2.4522e+009	2.4459e+009	5.2500e-015
-4.340e+000	1.6338e-008	-4.2930e+009	-3.2733e+009	3.2651e+009	5.2500e-015
-4.330e+000	1.9909e-008	-5.5356e+009	-4.2930e+009	4.2829e+009	5.2500e-015
-4.320e+000	2.3876e-008	-7.0259e+009	-5.5356e+009	5.5234e+009	5.2500e-015
-4.310e+000	2.8267e-008	-8.7902e+009	-7.0259e+009	7.0114e+009	5.2500e-015
-4.300e+000	3.3120e-008	-1.0857e+010	-8.7902e+009	8.7735e+009	5.2500e-015
-4.290e+000	3.8474e-008	-1.3259e+010	-1.0857e+010	1.0838e+010	5.2500e-015
-4.280e+000	4.4365e-008	-1.6028e+010	-1.3259e+010	1.3238e+010	5.2500e-015
-4.270e+000	5.0813e-008	-1.9199e+010	-1.6028e+010	1.6005e+010	5.2500e-015
-4.260e+000	5.7819e-008	-2.2808e+010	-1.9199e+010	1.9174e+010	5.2500e-015
-4.250e+000	6.5358e-008	-2.6887e+010	-2.2808e+010	2.2782e+010	5.2500e-015
-4.240e+000	7.3382e-008	-3.1467e+010	-2.6887e+010	2.6859e+010	5.2500e-015
-4.230e+000	8.1821e-008	-3.6574e+010	-3.1467e+010	3.1438e+010	5.2500e-015
-4.220e+000	9.0586e-008	-4.2228e+010	-3.6574e+010	3.6544e+010	5.2500e-015
-4.210e+000	9.9577e-008	-4.8443e+010	-4.2228e+010	4.2197e+010	5.2500e-015
-4.200e+000	1.0869e-007	-5.5227e+010	-4.8443e+010	4.8411e+010	5.2500e-015
-4.190e+000	1.1782e-007	-6.2581e+010	-5.5227e+010	5.5194e+010	5.2500e-015
-4.180e+000	1.2687e-007	-7.0499e+010	-6.2581e+010	6.2547e+010	5.2500e-015
-4.170e+000	1.3575e-007	-7.8972e+010	-7.0499e+010	7.0464e+010	5.2500e-015
-4.160e+000	1.4439e-007	-8.7984e+010	-7.8972e+010	7.8937e+010	5.2500e-015
-4.150e+000	1.5274e-007	-9.7517e+010	-8.7984e+010	8.7948e+010	5.2500e-015
-4.140e+000	1.6055e-007	-1.0754e+011	-9.7517e+010	9.7481e+010	5.2500e-015
-4.130e+000	1.6792e-007	-1.1802e+011	-1.0754e+011	1.0750e+011	5.2500e-015
-4.120e+000	1.7509e-007	-1.2895e+011	-1.1802e+011	1.1798e+011	5.2500e-015
-4.110e+000	1.8203e-007	-1.4031e+011	-1.2895e+011	1.2891e+011	5.2500e-015
-4.100e+000	1.8829e-007	-1.5206e+011	-1.4031e+011	1.4027e+011	5.2500e-015
-4.090e+000	1.9444e-007	-1.6420e+011	-1.5206e+011	1.5202e+011	5.2500e-015
-4.080e+000	2.0009e-007	-1.7669e+011	-1.6420e+011	1.6416e+011	5.2500e-015
-4.070e+000	2.0531e-007	-1.8950e+011	-1.7669e+011	1.7665e+011	5.2500e-015
-4.060e+000	2.1044e-007	-2.0263e+011	-1.8950e+011	1.8946e+011	5.2500e-015
-4.050e+000	2.1501e-007	-2.1605e+011	-2.0263e+011	2.0260e+011	5.2500e-015
-4.040e+000	2.1936e-007	-2.2974e+011	-2.1605e+011	2.1602e+011	5.2500e-015
-4.030e+000	2.2343e-007	-2.4369e+011	-2.2974e+011	2.2971e+011	5.2500e-015
-4.020e+000	2.2728e-007	-2.5788e+011	-2.4369e+011	2.4365e+011	5.2500e-015
-4.010e+000	2.3079e-007	-2.7228e+011	-2.5788e+011	2.5784e+011	5.2500e-015
-4.000e+000	2.3417e-007	-2.8690e+011	-2.7228e+011	2.7224e+011	5.2500e-015
-3.990e+000	2.3725e-007	-3.0170e+011	-2.8690e+011	2.8686e+011	5.2500e-015
-3.980e+000	2.4021e-007	-3.1670e+011	-3.0170e+011	3.0167e+011	5.2500e-015
-3.970e+000	2.4292e-007	-3.3186e+011	-3.1670e+011	3.1666e+011	5.2500e-015
-3.960e+000	2.4553e-007	-3.4718e+011	-3.3186e+011	3.3182e+011	5.2500e-015
-3.950e+000	2.4795e-007	-3.6266e+011	-3.4718e+011	3.4714e+011	5.2500e-015
-3.940e+000	2.5020e-007	-3.7828e+011	-3.6266e+011	3.6262e+011	5.2500e-015
-3.930e+000	2.5237e-007	-3.9403e+011	-3.7828e+011	3.7824e+011	5.2500e-015
-3.920e+000	2.5438e-007	-4.0990e+011	-3.9403e+011	3.9399e+011	5.2500e-015
-3.910e+000	2.5626e-007	-4.2590e+011	-4.0990e+011	4.0987e+011	5.2500e-015
-3.900e+000	2.5808e-007	-4.4201e+011	-4.2590e+011	4.2586e+011	5.2500e-015
-3.890e+000	2.5977e-007	-4.5822e+011	-4.4201e+011	4.4197e+011	5.2500e-015
-3.880e+000	2.6137e-007	-4.7453e+011	-4.5822e+011	4.5818e+011	5.2500e-015
-3.870e+000	2.6287e-007	-4.9094e+011	-4.7453e+011	4.7449e+011	5.2500e-015
-3.860e+000	2.6432e-007	-5.0744e+011	-4.9094e+011	4.9090e+011	5.2500e-015
-3.850e+000	2.6567e-007	-5.2402e+011	-5.0744e+011	5.0740e+011	5.2500e-015
-3.840e+000	2.6696e-007	-5.4068e+011	-5.2402e+011	5.2398e+011	5.2500e-015
-3.830e+000	2.6818e-007	-5.5742e+011	-5.4068e+011	5.4064e+011	5.2500e-015
-3.820e+000	2.6934e-007	-5.7423e+011	-5.5742e+011	5.5738e+011	5.2500e-015
-3.810e+000	2.7044e-007	-5.9111e+011	-5.7423e+011	5.7419e+011	5.2500e-015
-3.800e+000	2.7150e-007	-6.0806e+011	-5.9111e+011	5.9107e+011	5.2500e-015
-3.790e+000	2.7250e-007	-6.2506e+011	-6.0806e+011	6.0802e+011	5.2500e-015
-3.780e+000	2.7345e-007	-6.4213e+011	-6.2506e+011	6.2503e+011	5.2500e-015
-3.770e+000	2.7436e-007	-6.5926e+011	-6.4213e+011	6.4209e+011	5.2500e-015
-3.760e+000	2.7522e-007	-6.7643e+011	-6.5926e+011	6.5922e+011	5.2500e-015
-3.750e+000	2.7605e-007	-6.9366e+011	-6.7643e+011	6.7639e+011	5.2500e-015
-3.740e+000	2.7684e-007	-7.1094e+011	-6.9366e+011	6.9362e+011	5.2500e-015
-3.730e+000	2.7759e-007	-7.2827e+011	-7.1094e+011	7.1090e+011	5.2500e-015
-3.720e+000	2.7832e-007	-7.4564e+011	-7.2827e+011	7.2823e+011	5.2500e-015
-3.710e+000	2.7901e-007	-7.6306e+011	-7.4564e+011	7.4560e+011	5.2500e-015
-3.700e+000	2.7968e-007	-7.8051e+011	-7.6306e+011	7.6302e+011	5.2500e-015
-3.690e+000	2.8031e-007	-7.9801e+011	-7.8051e+011	7.8047e+011	5.2500e-015
-3.680e+000	2.8092e-007	-8.1554e+011	-7.9801e+011	7.9797e+011	5.2500e-015
-3.670e+000	2.8151e-007	-8.3311e+011	-8.1554e+011	8.1550e+011	5.2500e-015
-3.660e+000	2.8207e-007	-8.5072e+011	-8.3311e+011	8.3307e+011	5.2500e-015
-3.650e+000	2.8261e-007	-8.6836e+011	-8.5072e+011	8.5068e+011	5.2500e-015
-3.640e+000	2.8313e-007	-8.8603e+011	-8.6836e+011	8.6832e+011	5.2500e-015
-3.630e+000	2.8363e-007	-9.0373e+011	-8.8603e+011	8.8599e+011	5.2500e-015
-3.620e+000	2.8411e-007	-9.2146e+011	-9.0373e+011	9.0369e+011	5.2500e-015
-3.610e+000	2.8457e-007	-9.3922e+011	-9.2146e+011	9.2142e+011	5.2500e-015
-3.600e+000	2.8502e-007	-9.5701e+011	-9.3922e+011	9.3919e+011	5.2500e-015
-3.590e+000	2.8545e-007	-9.7483e+011	-9.5701e+011	9.5697e+011	5.2500e-015
-3.580e+000	2.8587e-007	-9.9267e+011	-9.7483e+011	9.7479e+011	5.2500e-015
-3.570e+000	2.8627e-007	-1.0105e+012	-9.9267e+011	9.9263e+011	5.2500e-015
-3.560e+000	2.8666e-007	-1.0284e+012	-1.0105e+012	1.0105e+012	5.2500e-015
-3.550e+000	2.8703e-007	-1.0463e+012	-1.0284e+012	1.0284e+012	5.2500e-015
-3.540e+000	2.8739e-007	-1.0643e+012	-1.0463e+012	1.0463e+012	5.2500e-015
-3.530e+000	2.8774e-007	-1.0822e+012	-1.0643e+012	1.0642e+012	5.2500e-015
-3.520e+000	2.8808e-007	-1.1002e+012	-1.0822e+012	1.0822e+012	5.2500e-015
-3.510e+000	2.8841e-007	-1.1182e+012	-1.1002e+012	1.1002e+012	5.2500e-015
-3.500e+000	2.8872e-007	-1.1362e+012	-1.1182e+012	1.1182e+012	5.2500e-015
-3.490e+000	2.8903e-007	-1.1543e+012	-1.1362e+012	1.1362e+012	5.2500e-015
-3.480e+000	2.8933e-007	-1.1723e+012	-1.1543e+012	1.1542e+012	5.2500e-015
-3.470e+000	2.8961e-007	-1.1904e+012	-1.1723e+012	1.1723e+012	5.2500e-015
-3.460e+000	2.8989e-007	-1.2085e+012	-1.1904e+012	1.1904e+012	5.2500e-015
-3.450e+000	2.9016e-007	-1.2266e+012	-1.2085e+012	1.2085e+012	5.2500e-015
-3.440e+000	2.9043e-007	-1.2448e+012	-1.2266e+012	1.2266e+012	5.2500e-015
-3.430e+000	2.9068e-007	-1.2629e+012	-1.2448e+012	1.2447e+012	5.2500e-015
-3.420e+000	2.9093e-007	-1.2811e+012	-1.2629e+012	1.2629e+012	5.2500e-015
-3.410e+000	2.9117e-007	-1.2992e+012	-1.2811e+012	1.2810e+012	5.2500e-015
-3.400e+000	2.9140e-007	-1.3174e+012	-1.2992e+012	1.2992e+012	5.2500e-015
-3.390e+000	2.9163e-007	-1.3356e+012	-1.3174e+012	1.3174e+012	5.2500e-015
-3.380e+000	2.9185e-007	-1.3538e+012	-1.3356e+012	1.3356e+012	5.2500e-015
-3.370e+000	2.9207e-007	-1.3721e+012	-1.3538e+012	1.3538e+012	5.2500e-015
-3.360e+000	2.9228e-007	-1.3903e+012	-1.3721e+012	1.3720e+012	5.2500e-015
-3.350e+000	2.9248e-007	-1.4086e+012	-1.3903e+012	1.3903e+012	5.2500e-015
-3.340e+000	2.9268e-007	-1.4268e+012	-1.4086e+012	1.4085e+012	5.2500e-015
-3.330e+000	2.9287e-007	-1.4451e+012	-1.4268e+012	1.4268e+012	5.2500e-015
-3.320e+000	2.9306e-007	-1.4634e+012	-1.4451e+012	1.4451e+012	5.2500e-015
-3.310e+000	2.9325e-007	-1.4817e+012	-1.4634e+012	1.4634e+012	5.2500e-015
-3.300e+000	2.9342e-007	-1.5000e+012	-1.4817e+012	1.4817e+012	5.2500e-015
-3.290e+000	2.9360e-007	-1.5183e+012	-1.5000e+012	1.5000e+012	5.2500e-015
-3.280e+000	2.9377e-007	-1.5367e+012	-1.5183e+012	1.5183e+012	5.2500e-015
-3.270e+000	2.9394e-007	-1.5550e+012	-1.5367e+012	1.5366e+012	5.2500e-015
-3.260e+000	2.9410e-007	-1.5734e+012	-1.5550e+012	1.5550e+012	5.2500e-015
-3.250e+000	2.9426e-007	-1.5917e+012	-1.5734e+012	1.5733e+012	5.2500e-015
-3.240e+000	2.9441e-007	-1.6101e+012	-1.5917e+012	1.5917e+012	5.2500e-015
-3.230e+000	2.9456e-007	-1.6285e+012	-1.6101e+012	1.6101e+012	5.2500e-015
-3.220e+000	2.9471e-007	-1.6469e+012	-1.6285e+012	1.6285e+012	5.2500e-015
-3.210e+000	2.9486e-007	-1.6653e+012	-1.6469e+012	1.6469e+012	5.2500e-015
-3.200e+000	2.9500e-007	-1.6837e+012	-1.6653e+012	1.6653e+012	5.2500e-015
-3.190e+000	2.9514e-007	-1.7021e+012	-1.6837e+012	1.6837e+012	5.2500e-015
-3.180e+000	2.9527e-007	-1.7206e+012	-1.7021e+012	1.7021e+012	5.2500e-015
-3.170e+000	2.9540e-007	-1.7390e+012	-1.7206e+012	1.7205e+012	5.2500e-015
-3.160e+000	2.9553e-007	-1.7574e+012	-1.7390e+012	1.7390e+012	5.2500e-015
-3.150e+000	2.9566e-007	-1.7759e+012	-1.7574e+012	1.7574e+012	5.2500e-015
-3.140e+000	2.9579e-007	-1.7944e+012	-1.7759e+012	1.7759e+012	5.2500e-015
-3.130e+000	2.9591e-007	-1.8128e+012	-1.7944e+012	1.7943e+012	5.2500e-015
-3.120e+000	2.9603e-007	-1.8313e+012	-1.8128e+012	1.8128e+012	5.2500e-015
-3.110e+000	2.9614e-007	-1.8498e+012	-1.8313e+012	1.8313e+012	5.2500e-015
-3.100e+000	2.9626e-007	-1.8683e+012	-1.8498e+012	1.8498e+012	5.2500e-015
-3.090e+000	2.9637e-007	-1.8868e+012	-1.8683e+012	1.8682e+012	5.2500e-015
-3.080e+000	2.9648e-007	-1.9053e+012	-1.8868e+012	1.8867e+012	5.2500e-015
-3.070e+000	2.9659e-007	-1.9238e+012	-1.9053e+012	1.9052e+012	5.2500e-015
-3.060e+000	2.9669e-007	-1.9423e+012	-1.9238e+012	1.9238e+012	5.2500e-015
-3.050e+000	2.9680e-007	-1.9608e+012	-1.9423e+012	1.9423e+012	5.2500e-015
-3.040e+000	2.9690e-007	-1.9794e+012	-1.9608e+012	1.9608e+012	5.2500e-015
-3.030e+000	2.9700e-007	-1.9979e+012	-1.9794e+012	1.9793e+012	5.2500e-015
-3.020e+000	2.9710e-007	-2.0165e+012	-1.9979e+012	1.9979e+012	5.2500e-015
-3.010e+000	2.9720e-007	-2.0350e+012	-2.0165e+012	2.0164e+012	5.2500e-015
-3.000e+000	2.9729e-007	-2.0536e+012	-2.0350e+012	2.0350e+012	5.2500e-015
-2.990e+000	2.9738e-007	-2.0721e+012	-2.0536e+012	2.0535e+012	5.2500e-015
-2.980e+000	2.9747e-007	-2.0907e+012	-2.0721e+012	2.0721e+012	5.2500e-015
-2.970e+000	2.9756e-007	-2.1093e+012	-2.0907e+012	2.0906e+012	5.2500e-015
-2.960e+000	2.9765e-007	-2.1278e+012	-2.1093e+012	2.1092e+012	5.2500e-015
-2.950e+000	2.9774e-007	-2.1464e+012	-2.1278e+012	2.1278e+012	5.2500e-015
-2.940e+000	2.9782e-007	-2.1650e+012	-2.1464e+012	2.1464e+012	5.2500e-015
-2.930e+000	2.9791e-007	-2.1836e+012	-2.1650e+012	2.1650e+012	5.2500e-015
-2.920e+000	2.9799e-007	-2.2022e+012	-2.1836e+012	2.1836e+012	5.2500e-015
-2.910e+000	2.9807e-007	-2.2208e+012	-2.2022e+012	2.2022e+012	5.2500e-015
-2.900e+000	2.9815e-007	-2.2394e+012	-2.2208e+012	2.2208e+012	5.2500e-015
-2.890e+000	2.9823e-007	-2.2580e+012	-2.2394e+012	2.2394e+012	5.2500e-015
-2.880e+000	2.9831e-007	-2.2766e+012	-2.2580e+012	2.2580e+012	5.2500e-015
-2.870e+000	2.9838e-007	-2.2953e+012	-2.2766e+012	2.2766e+012	5.2500e-015
-2.860e+000	2.9846e-007	-2.3139e+012	-2.2953e+012	2.2952e+012	5.2500e-015
-2.850e+000	2.9853e-007	-2.3325e+012	-2.3139e+012	2.3139e+012	5.2500e-015
-2.840e+000	2.9861e-007	-2.3512e+012	-2.3325e+012	2.3325e+012	5.2500e-015
-2.830e+000	2.9868e-007	-2.3698e+012	-2.3512e+012	2.3511e+012	5.2500e-015
-2.820e+000	2.9875e-007	-2.3885e+012	-2.3698e+012	2.3698e+012	5.2500e-015
-2.810e+000	2.9882e-007	-2.4071e+012	-2.3885e+012	2.3884e+012	5.2500e-015
-2.800e+000	2.9889e-007	-2.4258e+012	-2.4071e+012	2.4071e+012	5.2500e-015
-2.790e+000	2.9895e-007	-2.4444e+012	-2.4258e+012	2.4257e+012	5.2500e-015
-2.780e+000	2.9902e-007	-2.4631e+012	-2.4444e+012	2.4444e+012	5.2500e-015
-2.770e+000	2.9908e-007	-2.4818e+012	-2.4631e+012	2.4630e+012	5.2500e-015
-2.760e+000	2.9915e-007	-2.5004e+012	-2.4818e+012	2.4817e+012	5.2500e-015
-2.750e+000	2.9921e-007	-2.5191e+012	-2.5004e+012	2.5004e+012	5.2500e-015
-2.740e+000	2.9928e-007	-2.5378e+012	-2.5191e+012	2.5191e+012	5.2500e-015
-2.730e+000	2.9934e-007	-2.5565e+012	-2.5378e+012	2.5377e+012	5.2500e-015
-2.720e+000	2.9940e-007	-2.5751e+012	-2.5565e+012	2.5564e+012	5.2500e-015
-2.710e+000	2.9946e-007	-2.5938e+012	-2.5751e+012	2.5751e+012	5.2500e-015
-2.700e+000	2.9952e-007	-2.6125e+012	-2.5938e+012	2.5938e+012	5.2500e-015
-2.690e+000	2.9958e-007	-2.6312e+012	-2.6125e+012	2.6125e+012	5.2500e-015
-2.680e+000	2.9963e-007	-2.6499e+012	-2.6312e+012	2.6312e+012	5.2500e-015
-2.670e+000	2.9969e-007	-2.6686e+012	-2.6499e+012	2.6499e+012	5.2500e-015
-2.660e+000	2.9975e-007	-2.6873e+012	-2.6686e+012	2.6686e+012	5.2500e-015
-2.650e+000	2.9980e-007	-2.7061e+012	-2.6873e+012	2.6873e+012	5.2500e-015
-2.640e+000	2.9986e-007	-2.7248e+012	-2.7061e+012	2.7060e+012	5.2500e-015
-2.630e+000	2.9991e-007	-2.7435e+012	-2.7248e+012	2.7247e+012	5.2500e-015
-2.620e+000	2.9997e-007	-2.7622e+012	-2.7435e+012	2.7435e+012	5.2500e-015
-2.610e+000	3.0002e-007	-2.7809e+012	-2.7622e+012	2.7622e+012	5.2500e-015
-2.600e+000	3.0007e-007	-2.7997e+012	-2.7809e+012	2.7809e+012	5.2500e-015
-2.590e+000	3.0012e-007	-2.8184e+012	-2.7997e+012	2.7996e+012	5.2500e-015
-2.580e+000	3.0017e-007	-2.8371e+012	-2.8184e+012	2.8184e+012	5.2500e-015
-2.570e+000	3.0022e-007	-2.8559e+012	-2.8371e+012	2.8371e+012	5.2500e-015
-2.560e+000	3.0027e-007	-2.8746e+012	-2.8559e+012	2.8558e+012	5.2500e-015
-2.550e+000	3.0032e-007	-2.8934e+012	-2.8746e+012	2.8746e+012	5.2500e-015
-2.540e+000	3.0037e-007	-2.9121e+012	-2.8934e+012	2.8933e+012	5.2500e-015
-2.530e+000	3.0042e-007	-2.9309e+012	-2.9121e+012	2.9121e+012	5.2500e-015
-2.520e+000	3.0047e-007	-2.9496e+012	-2.9309e+012	2.9308e+012	5.2500e-015
-2.510e+000	3.0051e-007	-2.9684e+012	-2.9496e+012	2.9496e+012	5.2500e-015
-2.500e+000	3.0056e-007	-2.9871e+012	-2.9684e+012	2.9683e+012	5.2500e-015
-2.490e+000	3.0061e-007	-3.0059e+012	-2.9871e+012	2.9871e+012	5.2500e-015
-2.480e+000	3.0065e-007	-3.0247e+012	-3.0059e+012	3.0059e+012	5.2500e-015
-2.470e+000	3.0070e-007	-3.0434e+012	-3.0247e+012	3.0246e+012	5.2500e-015
-2.460e+000	3.0074e-007	-3.0622e+012	-3.0434e+012	3.0434e+012	5.2500e-015
-2.450e+000	3.0079e-007	-3.0810e+012	-3.0622e+012	3.0622e+012	5.2500e-015
-2.440e+000	3.0083e-007	-3.0997e+012	-3.0810e+012	3.0809e+012	5.2500e-015
-2.430e+000	3.0087e-007	-3.1185e+012	-3.0997e+012	3.0997e+012	5.2500e-015
-2.420e+000	3.0091e-007	-3.1373e+012	-3.1185e+012	3.1185e+012	5.2500e-015
-2.410e+000	3.0096e-007	-3.1561e+012	-3.1373e+012	3.1373e+012	5.2500e-015
-2.400e+000	3.0100e-007	-3.1749e+012	-3.1561e+012	3.1561e+012	5.2500e-015
-2.390e+000	3.0104e-007	-3.1937e+012	-3.1749e+012	3.1748e+012	5.2500e-015
-2.380e+000	3.0108e-007	-3.2125e+012	-3.1937e+012	3.1936e+012	5.2500e-015
-2.370e+000	3.0112e-007	-3.2313e+012	-3.2125e+012	3.2124e+012	5.2500e-015
-2.360e+000	3.0116e-007	-3.2501e+012	-3.2313e+012	3.2312e+012	5.2500e-015
-2.350e+000	3.0120e-007	-3.2689e+012	-3.2501e+012	3.2500e+012	5.2500e-015
-2.340e+000	3.0124e-007	-3.2877e+012	-3.2689e+012	3.2688e+012	5.2500e-015
-2.330e+000	3.0128e-007	-3.3065e+012	-3.2877e+012	3.2876e+012	5.2500e-015
-2.320e+000	3.0132e-007	-3.3253e+012	-3.3065e+012	3.3064e+012	5.2500e-015
-2.310e+000	3.0136e-007	-3.3441e+012	-3.3253e+012	3.3252e+012	5.2500e-015
-2.300e+000	3.0139e-007	-3.3629e+012	-3.3441e+012	3.3440e+012	5.2500e-015
-2.290e+000	3.0143e-007	-3.3817e+012	-3.3629e+012	3.3628e+012	5.2500e-015
-2.280e+000	3.0147e-007	-3.4005e+012	-3.3817e+012	3.3817e+012	5.2500e-015
-2.270e+000	3.0150e-007	-3.4193e+012	-3.4005e+012	3.4005e+012	5.2500e-015
-2.260e+000	3.0154e-007	-3.4382e+012	-3.4193e+012	3.4193e+012	5.2500e-015
-2.250e+000	3.0158e-007	-3.4570e+012	-3.4382e+012	3.4381e+012	5.2500e-015
-2.240e+000	3.0161e-007	-3.4758e+012	-3.4570e+012	3.4569e+012	5.2500e-015
-2.230e+000	3.0165e-007	-3.4946e+012	-3.4758e+012	3.4758e+012	5.2500e-015
-2.220e+000	3.0168e-007	-3.5135e+012	-3.4946e+012	3.4946e+012	5.2500e-015
-2.210e+000	3.0172e-007	-3.5323e+012	-3.5135e+012	3.5134e+012	5.2500e-015
-2.200e+000	3.0175e-007	-3.5511e+012	-3.5323e+012	3.5323e+012	5.2500e-015
-2.190e+000	3.0179e-007	-3.5700e+012	-3.5511e+012	3.5511e+012	5.2500e-015
-2.180e+000	3.0182e-007	-3.5888e+012	-3.5700e+012	3.5699e+012	5.2500e-015
-2.170e+000	3.0185e-007	-3.6076e+012	-3.5888e+012	3.5888e+012	5.2500e-015
-2.160e+000	3.0189e-007	-3.6265e+012	-3.6076e+012	3.6076e+012	5.2500e-015
-2.150e+000	3.0192e-007	-3.6453e+012	-3.6265e+012	3.6264e+012	5.2500e-015
-2.140e+000	3.0195e-007	-3.6642e+012	-3.6453e+012	3.6453e+012	5.2500e-015
-2.130e+000	3.0198e-007	-3.6830e+012	-3.6642e+012	3.6641e+012	5.2500e-015
-2.120e+000	3.0202e-007	-3.7019e+012	-3.6830e+012	3.6830e+012	5.2500e-015
-2.110e+000	3.0205e-007	-3.7207e+012	-3.7019e+012	3.7018e+012	5.2500e-015
-2.100e+000	3.0208e-007	-3.7396e+012	-3.7207e+012	3.7207e+012	5.2500e-015
-2.090e+000	3.0211e-007	-3.7584e+012	-3.7396e+012	3.7395e+012	5.2500e-015
-2.080e+000	3.0214e-007	-3.7773e+012	-3.7584e+012	3.7584e+012	5.2500e-015
-2.070e+000	3.0217e-007	-3.7962e+012	-3.7773e+012	3.7773e+012	5.2500e-015
-2.060e+000	3.0220e-007	-3.8150e+012	-3.7962e+012	3.7961e+012	5.2500e-015
-2.050e+000	3.0223e-007	-3.8339e+012	-3.8150e+012	3.8150e+012	5.2500e-015
-2.040e+000	3.0226e-007	-3.8527e+012	-3.8339e+012	3.8338e+012	5.2500e-015
-2.030e+000	3.0229e-007	-3.8716e+012	-3.8527e+012	3.8527e+012	5.2500e-015
-2.020e+000	3.0232e-007	-3.8905e+012	-3.8716e+012	3.8716e+012	5.2500e-015
-2.010e+000	3.0235e-007	-3.9094e+012	-3.8905e+012	3.8904e+012	5.2500e-015
-2.000e+000	3.0238e-007	-3.9282e+012	-3.9094e+012	3.9093e+012	5.2500e-015
-1.990e+000	3.0241e-007	-3.9471e+012	-3.9282e+012	3.9282e+012	5.2500e-015
-1.980e+000	3.0244e-007	-3.9660e+012	-3.9471e+012	3.9471e+012	5.2500e-015
-1.970e+000	3.0247e-007	-3.9849e+012	-3.9660e+012	3.9659e+012	5.2500e-015
-1.960e+000	3.0249e-007	-4.0037e+012	-3.9849e+012	3.9848e+012	5.2500e-015
-1.950e+000	3.0252e-007	-4.0226e+012	-4.0037e+012	4.0037e+012	5.2500e-015
-1.940e+000	3.0255e-007	-4.0415e+012	-4.0226e+012	4.0226e+012	5.2500e-015
-1.930e+000	3.0258e-007	-4.0604e+012	-4.0415e+012	4.0415e+012	5.2500e-015
-1.920e+000	3.0261e-007	-4.0793e+012	-4.0604e+012	4.0603e+012	5.2500e-015
-1.910e+000	3.0263e-007	-4.0982e+012	-4.0793e+012	4.0792e+012	5.2500e-015
-1.900e+000	3.0266e-007	-4.1171e+012	-4.0982e+012	4.0981e+012	5.2500e-015
-1.890e+000	3.0269e-007	-4.1359e+012	-4.1171e+012	4.1170e+012	5.2500e-015
-1.880e+000	3.0271e-007	-4.1548e+012	-4.1359e+012	4.1359e+012	5.2500e-015
-1.870e+000	3.0274e-007	-4.1737e+012	-4.1548e+012	4.1548e+012	5.2500e-015
-1.860e+000	3.0277e-007	-4.1926e+012	-4.1737e+012	4.1737e+012	5.2500e-015
-1.850e+000	3.0279e-007	-4.2115e+012	-4.1926e+012	4.1926e+012	5.2500e-015
-1.840e+000	3.0282e-007	-4.2304e+012	-4.2115e+012	4.2115e+012	5.2500e-015
-1.830e+000	3.0284e-007	-4.2493e+012	-4.2304e+012	4.2304e+012	5.2500e-015
-1.820e+000	3.0287e-007	-4.2682e+012	-4.2493e+012	4.2493e+012	5.2500e-015
-1.810e+000	3.0289e-007	-4.2871e+012	-4.2682e+012	4.2682e+012	5.2500e-015
-1.800e+000	3.0292e-007	-4.3060e+012	-4.2871e+012	4.2871e+012	5.2500e-015
-1.790e+000	3.0294e-007	-4.3250e+012	-4.3060e+012	4.3060e+012	5.2500e-015
-1.780e+000	3.0297e-007	-4.3439e+012	-4.3250e+012	4.3249e+012	5.2500e-015
-1.770e+000	3.0299e-007	-4.3628e+012	-4.3439e+012	4.3438e+012	5.2500e-015
-1.760e+000	3.0302e-007	-4.3817e+012	-4.3628e+012	4.3627e+012	5.2500e-015
-1.750e+000	3.0304e-007	-4.4006e+012	-4.3817e+012	4.3816e+012	5.2500e-015
-1.740e+000	3.0307e-007	-4.4195e+012	-4.4006e+012	4.4006e+012	5.2500e-015
-1.730e+000	3.0309e-007	-4.4384e+012	-4.4195e+012	4.4195e+012	5.2500e-015
-1.720e+000	3.0311e-007	-4.4574e+012	-4.4384e+012	4.4384e+012	5.2500e-015
-1.710e+000	3.0314e-007	-4.4763e+012	-4.4574e+012	4.4573e+012	5.2500e-015
-1.700e+000	3.0316e-007	-4.4952e+012	-4.4763e+012	4.4762e+012	5.2500e-015
-1.690e+000	3.0319e-007	-4.5141e+012	-4.4952e+012	4.4952e+012	5.2500e-015
-1.680e+000	3.0321e-007	-4.5330e+012	-4.5141e+012	4.5141e+012	5.2500e-015
-1.670e+000	3.0323e-007	-4.5520e+012	-4.5330e+012	4.5330e+012	5.2500e-015
-1.660e+000	3.0325e-007	-4.5709e+012	-4.5520e+012	4.5519e+012	5.2500e-015
-1.650e+000	3.0328e-007	-4.5898e+012	-4.5709e+012	4.5709e+012	5.2500e-015
-1.640e+000	3.0330e-007	-4.6088e+012	-4.5898e+012	4.5898e+012	5.2500e-015
-1.630e+000	3.0332e-007	-4.6277e+012	-4.6088e+012	4.6087e+012	5.2500e-015
-1.620e+000	3.0335e-007	-4.6466e+012	-4.6277e+012	4.6277e+012	5.2500e-015
-1.610e+000	3.0337e-007	-4.6656e+012	-4.6466e+012	4.6466e+012	5.2500e-015
-1.600e+000	3.0339e-007	-4.6845e+012	-4.6656e+012	4.6655e+012	5.2500e-015
-1.590e+000	3.0341e-007	-4.7034e+012	-4.6845e+012	4.6845e+012	5.2500e-015
-1.580e+000	3.0344e-007	-4.7224e+012	-4.7034e+012	4.7034e+012	5.2500e-015
-1.570e+000	3.0346e-007	-4.7413e+012	-4.7224e+012	4.7223e+012	5.2500e-015
-1.560e+000	3.0348e-007	-4.7603e+012	-4.7413e+012	4.7413e+012	5.2500e-015
-1.550e+000	3.0350e-007	-4.7792e+012	-4.7603e+012	4.7602e+012	5.2500e-015
-1.540e+000	3.0353e-007	-4.7981e+012	-4.7792e+012	4.7792e+012	5.2500e-015
-1.530e+000	3.0355e-007	-4.8171e+012	-4.7981e+012	4.7981e+012	5.2500e-015
-1.520e+000	3.0357e-007	-4.8360e+012	-4.8171e+012	4.8170e+012	5.2500e-015
-1.510e+000	3.0359e-007	-4.8550e+012	-4.8360e+012	4.8360e+012	5.2500e-015
-1.500e+000	3.0362e-007	-4.8739e+012	-4.8550e+012	4.8549e+012	5.2500e-015
-1.490e+000	3.0364e-007	-4.8929e+012	-4.8739e+012	4.8739e+012	5.2500e-015
-1.480e+000	3.0367e-007	-4.9118e+012	-4.8929e+012	4.8928e+012	5.2500e-015
-1.470e+000	3.0369e-007	-4.9308e+012	-4.9118e+012	4.9118e+012	5.2500e-015
-1.460e+000	3.0372e-007	-4.9498e+012	-4.9308e+012	4.9308e+012	5.2500e-015
-1.450e+000	3.0375e-007	-4.9687e+012	-4.9498e+012	4.9497e+012	5.2500e-015
-1.440e+000	3.0378e-007	-4.9877e+012	-4.9687e+012	4.9687e+012	5.2500e-015
-1.430e+000	3.0382e-007	-5.0066e+012	-4.9877e+012	4.9876e+012	5.2500e-015
-1.420e+000	3.0385e-007	-5.0256e+012	-5.0066e+012	5.0066e+012	5.2500e-015
-1.410e+000	3.0389e-007	-5.0446e+012	-5.0256e+012	5.0256e+012	5.2500e-015
-1.400e+000	3.0394e-007	-5.0635e+012	-5.0446e+012	5.0445e+012	5.2500e-015
-1.390e+000	3.0399e-007	-5.0825e+012	-5.0635e+012	5.0635e+012	5.2500e-015
-1.380e+000	3.0405e-007	-5.1015e+012	-5.0825e+012	5.0825e+012	5.2500e-015
-1.370e+000	3.0412e-007	-5.1205e+012	-5.1015e+012	5.1014e+012	5.2500e-015
-1.360e+000	3.0420e-007	-5.1395e+012	-5.1205e+012	5.1204e+012	5.2500e-015
-1.350e+000	3.0429e-007	-5.1584e+012	-5.1395e+012	5.1394e+012	5.2500e-015
-1.340e+000	3.0441e-007	-5.1774e+012	-5.1584e+012	5.1584e+012	5.2500e-015
-1.330e+000	3.0454e-007	-5.1965e+012	-5.1774e+012	5.1774e+012	5.2500e-015
-1.320e+000	3.0470e-007	-5.2155e+012	-5.1965e+012	5.1964e+012	5.2500e-015
-1.310e+000	3.0490e-007	-5.2345e+012	-5.2155e+012	5.2154e+012	5.2500e-015
-1.300e+000	3.0514e-007	-5.2535e+012	-5.2345e+012	5.2345e+012	5.2500e-015
-1.290e+000	3.0543e-007	-5.2726e+012	-5.2535e+012	5.2535e+012	5.2500e-015
-1.280e+000	3.0578e-007	-5.2917e+012	-5.2726e+012	5.2726e+012	5.2500e-015
-1.270e+000	3.0621e-007	-5.3108e+012	-5.2917e+012	5.2917e+012	5.2500e-015
-1.260e+000	3.0674e-007	-5.3300e+012	-5.3108e+012	5.3108e+012	5.2500e-015
-1.250e+000	3.0739e-007	-5.3491e+012	-5.3300e+012	5.3299e+012	5.2500e-015
-1.240e+000	3.0818e-007	-5.3684e+012	-5.3491e+012	5.3491e+012	5.2500e-015
-1.230e+000	3.0915e-007	-5.3877e+012	-5.3684e+012	5.3683e+012	5.2500e-015
-1.220e+000	3.1034e-007	-5.4070e+012	-5.3877e+012	5.3876e+012	5.2500e-015
-1.210e+000	3.1151e-007	-5.4265e+012	-5.4070e+012	5.4070e+012	5.2500e-015
-1.200e+000	3.1339e-007	-5.4460e+012	-5.4265e+012	5.4264e+012	5.2500e-015
-1.190e+000	3.1545e-007	-5.4657e+012	-5.4460e+012	5.4460e+012	5.2500e-015
-1.180e+000	3.1791e-007	-5.4856e+012	-5.4657e+012	5.4657e+012	5.2500e-015
-1.170e+000	3.2084e-007	-5.5056e+012	-5.4856e+012	5.4855e+012	5.2500e-015
-1.160e+000	3.2430e-007	-5.5258e+012	-5.5056e+012	5.5056e+012	5.2500e-015
-1.150e+000	3.2835e-007	-5.5463e+012	-5.5258e+012	5.5258e+012	5.2500e-015
-1.140e+000	3.3304e-007	-5.5671e+012	-5.5463e+012	5.5463e+012	5.2500e-015
-1.130e+000	3.3840e-007	-5.5882e+012	-5.5671e+012	5.5671e+012	5.2500e-015
-1.120e+000	3.4446e-007	-5.6097e+012	-5.5882e+012	5.5882e+012	5.2500e-015
-1.110e+000	3.5121e-007	-5.6317e+012	-5.6097e+012	5.6097e+012	5.2500e-015
-1.100e+000	3.5861e-007	-5.6540e+012	-5.6317e+012	5.6316e+012	5.2500e-015
-1.090e+000	3.6660e-007	-5.6769e+012	-5.6540e+012	5.6540e+012	5.2500e-015
-1.080e+000	3.7508e-007	-5.7003e+012	-5.6769e+012	5.6769e+012	5.2500e-015
-1.070e+000	3.8393e-007	-5.7243e+012	-5.7003e+012	5.7003e+012	5.2500e-015
-1.060e+000	3.9303e-007	-5.7488e+012	-5.7243e+012	5.7243e+012	5.2500e-015
-1.050e+000	4.0225e-007	-5.7739e+012	-5.7488e+012	5.7488e+012	5.2500e-015
-1.040e+000	4.1146e-007	-5.7996e+012	-5.7739e+012	5.7739e+012	5.2500e-015
-1.030e+000	4.2053e-007	-5.8259e+012	-5.7996e+012	5.7996e+012	5.2500e-015
-1.020e+000	4.2938e-007	-5.8527e+012	-5.8259e+012	5.8258e+012	5.2500e-015
-1.010e+000	4.3793e-007	-5.8800e+012	-5.8527e+012	5.8526e+012	5.2500e-015
-1.000e+000	4.4611e-007	-5.9078e+012	-5.8800e+012	5.8800e+012	5.2500e-015
-9.900e-001	4.5389e-007	-5.9362e+012	-5.9078e+012	5.9078e+012	5.2500e-015
-9.800e-001	4.6125e-007	-5.9650e+012	-5.9362e+012	5.9361e+012	5.2500e-015
-9.700e-001	4.6819e-007	-5.9942e+012	-5.9650e+012	5.9649e+012	5.2500e-015
-9.600e-001	4.7470e-007	-6.0238e+012	-5.9942e+012	5.9941e+012	5.2500e-015
-9.500e-001	4.8080e-007	-6.0538e+012	-6.0238e+012	6.0238e+012	5.2500e-015
-9.400e-001	4.8650e-007	-6.0842e+012	-6.0538e+012	6.0538e+012	5.2500e-015
-9.300e-001	4.9182e-007	-6.1149e+012	-6.0842e+012	6.0841e+012	5.2500e-015
-9.200e-001	4.9679e-007	-6.1459e+012	-6.1149e+012	6.1148e+012	5.2500e-015
-9.100e-001	5.0144e-007	-6.1772e+012	-6.1459e+012	6.1459e+012	5.2500e-015
-9.000e-001	5.0577e-007	-6.2088e+012	-6.1772e+012	6.1771e+012	5.2500e-015
-8.900e-001	5.0983e-007	-6.2406e+012	-6.2088e+012	6.2087e+012	5.2500e-015
-8.800e-001	5.1362e-007	-6.2726e+012	-6.2406e+012	6.2405e+012	5.2500e-015
-8.700e-001	5.1718e-007	-6.3049e+012	-6.2726e+012	6.2726e+012	5.2500e-015
-8.600e-001	5.2051e-007	-6.3374e+012	-6.3049e+012	6.3049e+012	5.2500e-015
-8.500e-001	5.2364e-007	-6.3701e+012	-6.3374e+012	6.3374e+012	5.2500e-015
-8.400e-001	5.2659e-007	-6.4030e+012	-6.3701e+012	6.3700e+012	5.2500e-015
-8.300e-001	5.2936e-007	-6.4360e+012	-6.4030e+012	6.4029e+012	5.2500e-015
-8.200e-001	5.3198e-007	-6.4692e+012	-6.4360e+012	6.4360e+012	5.2500e-015
-8.100e-001	5.3446e-007	-6.5026e+012	-6.4692e+012	6.4692e+012	5.2500e-015
-8.000e-001	5.3681e-007	-6.5361e+012	-6.5026e+012	6.5025e+012	5.2500e-015
-7.900e-001	5.3894e-007	-6.5697e+012	-6.5361e+012	6.5360e+012	5.2500e-015
-7.800e-001	5.4113e-007	-6.6035e+012	-6.5697e+012	6.5697e+012	5.2500e-015
-7.700e-001	5.4314e-007	-6.6374e+012	-6.6035e+012	6.6034e+012	5.2500e-015
-7.600e-001	5.4506e-007	-6.6714e+012	-6.6374e+012	6.6373e+012	5.2500e-015
-7.500e-001	5.4688e-007	-6.7055e+012	-6.6714e+012	6.6714e+012	5.2500e-015
-7.400e-001	5.4863e-007	-6.7398e+012	-6.7055e+012	6.7055e+012	5.2500e-015
-7.300e-001	5.5031e-007	-6.7741e+012	-6.7398e+012	6.7397e+012	5.2500e-015
-7.200e-001	5.5191e-007	-6.8086e+012	-6.7741e+012	6.7741e+012	5.2500e-015
-7.100e-001	5.5345e-007	-6.8431e+012	-6.8086e+012	6.8085e+012	5.2500e-015
-7.000e-001	5.5493e-007	-6.8777e+012	-6.8431e+012	6.8431e+012	5.2500e-015
-6.900e-001	5.5636e-007	-6.9125e+012	-6.8777e+012	6.8777e+012	5.2500e-015
-6.800e-001	5.5773e-007	-6.9473e+012	-6.9125e+012	6.9124e+012	5.2500e-015
-6.700e-001	5.5906e-007	-6.9822e+012	-6.9473e+012	6.9472e+012	5.2500e-015
-6.600e-001	5.6034e-007	-7.0171e+012	-6.9822e+012	6.9821e+012	5.2500e-015
-6.500e-001	5.6159e-007	-7.0522e+012	-7.0171e+012	7.0171e+012	5.2500e-015
-6.400e-001	5.6279e-007	-7.0873e+012	-7.0522e+012	7.0522e+012	5.2500e-015
-6.300e-001	5.6396e-007	-7.1225e+012	-7.0873e+012	7.0873e+012	5.2500e-015
-6.200e-001	5.6509e-007	-7.1578e+012	-7.1225e+012	7.1225e+012	5.2500e-015
-6.100e-001	5.6620e-007	-7.1931e+012	-7.1578e+012	7.1578e+012	5.2500e-015
-6.000e-001	5.6727e-007	-7.2285e+012	-7.1931e+012	7.1931e+012	5.2500e-015
-5.900e-001	5.6831e-007	-7.2640e+012	-7.2285e+012	7.2285e+012	5.2500e-015
-5.800e-001	5.6933e-007	-7.2995e+012	-7.2640e+012	7.2640e+012	5.2500e-015
-5.700e-001	5.7033e-007	-7.3351e+012	-7.2995e+012	7.2995e+012	5.2500e-015
-5.600e-001	5.7130e-007	-7.3708e+012	-7.3351e+012	7.3351e+012	5.2500e-015
-5.500e-001	5.7225e-007	-7.4065e+012	-7.3708e+012	7.3708e+012	5.2500e-015
-5.400e-001	5.7318e-007	-7.4423e+012	-7.4065e+012	7.4065e+012	5.2500e-015
-5.300e-001	5.7409e-007	-7.4781e+012	-7.4423e+012	7.4423e+012	5.2500e-015
-5.200e-001	5.7498e-007	-7.5140e+012	-7.4781e+012	7.4781e+012	5.2500e-015
-5.100e-001	5.7586e-007	-7.5500e+012	-7.5140e+012	7.5140e+012	5.2500e-015
-5.000e-001	5.7672e-007	-7.5859e+012	-7.5500e+012	7.5499e+012	5.2500e-015
-4.900e-001	5.7756e-007	-7.6220e+012	-7.5859e+012	7.5859e+012	5.2500e-015
-4.800e-001	5.7839e-007	-7.6581e+012	-7.6220e+012	7.6220e+012	5.2500e-015
-4.700e-001	5.7920e-007	-7.6942e+012	-7.6581e+012	7.6581e+012	5.2500e-015
-4.600e-001	5.8000e-007	-7.7304e+012	-7.6942e+012	7.6942e+012	5.2500e-015
-4.500e-001	5.8079e-007	-7.7667e+012	-7.7304e+012	7.7304e+012	5.2500e-015
-4.400e-001	5.8156e-007	-7.8030e+012	-7.7667e+012	7.7667e+012	5.2500e-015
-4.300e-001	5.8233e-007	-7.8393e+012	-7.8030e+012	7.8030e+012	5.2500e-015
-4.200e-001	5.8308e-007	-7.8757e+012	-7.8393e+012	7.8393e+012	5.2500e-015
-4.100e-001	5.8382e-007	-7.9122e+012	-7.8757e+012	7.8757e+012	5.2500e-015
-4.000e-001	5.8455e-007	-7.9487e+012	-7.9122e+012	7.9121e+012	5.2500e-015
-3.900e-001	5.8527e-007	-7.9852e+012	-7.9487e+012	7.9486e+012	5.2500e-015
-3.800e-001	5.8598e-007	-8.0218e+012	-7.9852e+012	7.9851e+012	5.2500e-015
-3.700e-001	5.8668e-007	-8.0584e+012	-8.0218e+012	8.0217e+012	5.2500e-015
-3.600e-001	5.8737e-007	-8.0950e+012	-8.0584e+012	8.0583e+012	5.2500e-015
-3.500e-001	5.8805e-007	-8.1317e+012	-8.0950e+012	8.0950e+012	5.2500e-015
-3.400e-001	5.8872e-007	-8.1685e+012	-8.1317e+012	8.1317e+012	5.2500e-015
-3.300e-001	5.8938e-007	-8.2053e+012	-8.1685e+012	8.1684e+012	5.2500e-015
-3.200e-001	5.9004e-007	-8.2421e+012	-8.2053e+012	8.2052e+012	5.2500e-015
-3.100e-001	5.9069e-007	-8.2790e+012	-8.2421e+012	8.2421e+012	5.2500e-015
-3.000e-001	5.9132e-007	-8.3159e+012	-8.2790e+012	8.2789e+012	5.2500e-015
-2.900e-001	5.9195e-007	-8.3528e+012	-8.3159e+012	8.3158e+012	5.2500e-015
-2.800e-001	5.9258e-007	-8.3898e+012	-8.3528e+012	8.3528e+012	5.2500e-015
-2.700e-001	5.9319e-007	-8.4268e+012	-8.3898e+012	8.3898e+012	5.2500e-015
-2.600e-001	5.9380e-007	-8.4639e+012	-8.4268e+012	8.4268e+012	5.2500e-015
-2.500e-001	5.9440e-007	-8.5010e+012	-8.4639e+012	8.4639e+012	5.2500e-015
-2.400e-001	5.9499e-007	-8.5381e+012	-8.5010e+012	8.5010e+012	5.2500e-015
-2.300e-001	5.9557e-007	-8.5753e+012	-8.5381e+012	8.5381e+012	5.2500e-015
-2.200e-001	5.9615e-007	-8.6125e+012	-8.5753e+012	8.5753e+012	5.2500e-015
-2.100e-001	5.9672e-007	-8.6498e+012	-8.6125e+012	8.6125e+012	5.2500e-015
-2.000e-001	5.9728e-007	-8.6870e+012	-8.6498e+012	8.6497e+012	5.2500e-015
-1.900e-001	5.9783e-007	-8.7243e+012	-8.6870e+012	8.6870e+012	5.2500e-015
-1.800e-001	5.9838e-007	-8.7617e+012	-8.7243e+012	8.7243e+012	5.2500e-015
-1.700e-001	5.9891e-007	-8.7991e+012	-8.7617e+012	8.7617e+012	5.2500e-015
-1.600e-001	5.9945e-007	-8.8365e+012	-8.7991e+012	8.7990e+012	5.2500e-015
-1.500e-001	5.9997e-007	-8.8739e+012	-8.8365e+012	8.8365e+012	5.2500e-015
-1.400e-001	6.0049e-007	-8.9114e+012	-8.8739e+012	8.8739e+012	5.2500e-015
-1.300e-001	6.0100e-007	-8.9489e+012	-8.9114e+012	8.9114e+012	5.2500e-015
-1.200e-001	6.0150e-007	-8.9865e+012	-8.9489e+012	8.9489e+012	5.2500e-015
-1.100e-001	6.0200e-007	-9.0240e+012	-8.9865e+012	8.9864e+012	5.2500e-015
-1.000e-001	6.0249e-007	-9.0616e+012	-9.0240e+012	9.0240e+012	5.2500e-015
-9.000e-002	6.0297e-007	-9.0993e+012	-9.0616e+012	9.0616e+012	5.2500e-015
-8.000e-002	6.0344e-007	-9.1369e+012	-9.0993e+012	9.0992e+012	5.2500e-015
-7.000e-002	6.0391e-007	-9.1746e+012	-9.1369e+012	9.1369e+012	5.2500e-015
-6.000e-002	6.0437e-007	-9.2124e+012	-9.1746e+012	9.1746e+012	5.2500e-015
-5.000e-002	6.0483e-007	-9.2501e+012	-9.2124e+012	9.2123e+012	5.2500e-015
-4.000e-002	6.0527e-007	-9.2879e+012	-9.2501e+012	9.2501e+012	5.2500e-015
-3.000e-002	6.0572e-007	-9.3257e+012	-9.2879e+012	9.2878e+012	5.2500e-015
-2.000e-002	6.0615e-007	-9.3635e+012	-9.3257e+012	9.3257e+012	5.2500e-015
-1.000e-002	6.0658e-007	-9.4014e+012	-9.3635e+012	9.3635e+012	5.2500e-015
0.000e+000	6.0700e-007	-9.4393e+012	-9.4014e+012	9.4013e+012	5.2500e-015
1.000e-002	6.0729e-007	-9.4772e+012	-9.4393e+012	9.4392e+012	5.2500e-015
2.000e-002	6.0595e-007	-9.5150e+012	-9.4772e+012	9.4771e+012	5.2500e-015
3.000e-002	6.0632e-007	-9.5528e+012	-9.5150e+012	9.5150e+012	5.2500e-015
4.000e-002	6.0669e-007	-9.5907e+012	-9.5528e+012	9.5528e+012	5.2500e-015
5.000e-002	6.0705e-007	-9.6286e+012	-9.5907e+012	9.5907e+012	5.2500e-015
6.000e-002	6.0740e-007	-9.6665e+012	-9.6286e+012	9.6286e+012	5.2500e-015
7.000e-002	6.0775e-007	-9.7044e+012	-9.6665e+012	9.6665e+012	5.2500e-015
8.000e-002	6.0810e-007	-9.7424e+012	-9.7044e+012	9.7044e+012	5.2500e-015
9.000e-002	6.0844e-007	-9.7804e+012	-9.7424e+012	9.7424e+012	5.2500e-015
1.000e-001	6.0877e-007	-9.8184e+012	-9.7804e+012	9.7803e+012	5.2500e-015
1.100e-001	6.0910e-007	-9.8564e+012	-9.8184e+012	9.8183e+012	5.2500e-015
1.200e-001	6.0943e-007	-9.8944e+012	-9.8564e+012	9.8563e+012	5.2500e-015
1.300e-001	6.0974e-007	-9.9325e+012	-9.8944e+012	9.8944e+012	5.2500e-015
1.400e-001	6.1006e-007	-9.9706e+012	-9.9325e+012	9.9324e+012	5.2500e-015
1.500e-001	6.1037e-007	-1.0009e+013	-9.9706e+012	9.9705e+012	5.2500e-015
1.600e-001	6.1067e-007	-1.0047e+013	-1.0009e+013	1.0009e+013	5.2500e-015
1.700e-001	6.1097e-007	-1.0085e+013	-1.0047e+013	1.0047e+013	5.2500e-015
1.800e-001	6.1127e-007	-1.0123e+013	-1.0085e+013	1.0085e+013	5.2500e-015
1.900e-001	6.1156e-007	-1.0161e+013	-1.0123e+013	1.0123e+013	5.2500e-015
2.000e-001	6.1185e-007	-1.0199e+013	-1.0161e+013	1.0161e+013	5.2500e-015
2.100e-001	6.1213e-007	-1.0238e+013	-1.0199e+013	1.0199e+013	5.2500e-015
2.200e-001	6.1240e-007	-1.0276e+013	-1.0238e+013	1.0238e+013	5.2500e-015
2.300e-001	6.1268e-007	-1.0314e+013	-1.0276e+013	1.0276e+013	5.2500e-015
2.400e-001	6.1295e-007	-1.0352e+013	-1.0314e+013	1.0314e+013	5.2500e-015
2.500e-001	6.1321e-007	-1.0391e+013	-1.0352e+013	1.0352e+013	5.2500e-015
2.600e-001	6.1347e-007	-1.0429e+013	-1.0391e+013	1.0391e+013	5.2500e-015
2.700e-001	6.1373e-007	-1.0467e+013	-1.0429e+013	1.0429e+013	5.2500e-015
2.800e-001	6.1398e-007	-1.0506e+013	-1.0467e+013	1.0467e+013	5.2500e-015
2.900e-001	6.1423e-007	-1.0544e+013	-1.0506e+013	1.0505e+013	5.2500e-015
3.000e-001	6.1448e-007	-1.0582e+013	-1.0544e+013	1.0544e+013	5.2500e-015
3.100e-001	6.1472e-007	-1.0621e+013	-1.0582e+013	1.0582e+013	5.2500e-015
3.200e-001	6.1496e-007	-1.0659e+013	-1.0621e+013	1.0621e+013	5.2500e-015
3.300e-001	6.1520e-007	-1.0697e+013	-1.0659e+013	1.0659e+013	5.2500e-015
3.400e-001	6.1543e-007	-1.0736e+013	-1.0697e+013	1.0697e+013	5.2500e-015
3.500e-001	6.1566e-007	-1.0774e+013	-1.0736e+013	1.0736e+013	5.2500e-015
3.600e-001	6.1588e-007	-1.0813e+013	-1.0774e+013	1.0774e+013	5.2500e-015
3.700e-001	6.1610e-007	-1.0851e+013	-1.0813e+013	1.0813e+013	5.2500e-015
3.800e-001	6.1632e-007	-1.0890e+013	-1.0851e+013	1.0851e+013	5.2500e-015
3.900e-001	6.1654e-007	-1.0928e+013	-1.0890e+013	1.0890e+013	5.2500e-015
4.000e-001	6.1675e-007	-1.0967e+013	-1.0928e+013	1.0928e+013	5.2500e-015
4.100e-001	6.1696e-007	-1.1005e+013	-1.0967e+013	1.0967e+013	5.2500e-015
4.200e-001	6.1717e-007	-1.1044e+013	-1.1005e+013	1.1005e+013	5.2500e-015
4.300e-001	6.1737e-007	-1.1082e+013	-1.1044e+013	1.1044e+013	5.2500e-015
4.400e-001	6.1757e-007	-1.1121e+013	-1.1082e+013	1.1082e+013	5.2500e-015
4.500e-001	6.1774e-007	-1.1159e+013	-1.1121e+013	1.1121e+013	5.2500e-015
4.600e-001	6.1797e-007	-1.1198e+013	-1.1159e+013	1.1159e+013	5.2500e-015
4.700e-001	6.1816e-007	-1.1236e+013	-1.1198e+013	1.1198e+013	5.2500e-015
4.800e-001	6.1835e-007	-1.1275e+013	-1.1236e+013	1.1236e+013	5.2500e-015
4.900e-001	6.1854e-007	-1.1314e+013	-1.1275e+013	1.1275e+013	5.2500e-015
5.000e-001	6.1872e-007	-1.1352e+013	-1.1314e+013	1.1314e+013	5.2500e-015
5.100e-001	6.1891e-007	-1.1391e+013	-1.1352e+013	1.1352e+013	5.2500e-015
5.200e-001	6.1909e-007	-1.1429e+013	-1.1391e+013	1.1391e+013	5.2500e-015
5.300e-001	6.1927e-007	-1.1468e+013	-1.1429e+013	1.1429e+013	5.2500e-015
5.400e-001	6.1944e-007	-1.1507e+013	-1.1468e+013	1.1468e+013	5.2500e-015
5.500e-001	6.1962e-007	-1.1545e+013	-1.1507e+013	1.1507e+013	5.2500e-015
5.600e-001	6.1979e-007	-1.1584e+013	-1.1545e+013	1.1545e+013	5.2500e-015
5.700e-001	6.1996e-007	-1.1623e+013	-1.1584e+013	1.1584e+013	5.2500e-015
5.800e-001	6.2013e-007	-1.1662e+013	-1.1623e+013	1.1623e+013	5.2500e-015
5.900e-001	6.2029e-007	-1.1700e+013	-1.1662e+013	1.1661e+013	5.2500e-015
6.000e-001	6.2046e-007	-1.1739e+013	-1.1700e+013	1.1700e+013	5.2500e-015
6.100e-001	6.2062e-007	-1.1778e+013	-1.1739e+013	1.1739e+013	5.2500e-015
6.200e-001	6.2078e-007	-1.1816e+013	-1.1778e+013	1.1778e+013	5.2500e-015
6.300e-001	6.2094e-007	-1.1855e+013	-1.1816e+013	1.1816e+013	5.2500e-015
6.400e-001	6.2109e-007	-1.1894e+013	-1.1855e+013	1.1855e+013	5.2500e-015
6.500e-001	6.2125e-007	-1.1933e+013	-1.1894e+013	1.1894e+013	5.2500e-015
6.600e-001	6.2140e-007	-1.1972e+013	-1.1933e+013	1.1933e+013	5.2500e-015
6.700e-001	6.2155e-007	-1.2010e+013	-1.1972e+013	1.1971e+013	5.2500e-015
6.800e-001	6.2170e-007	-1.2049e+013	-1.2010e+013	1.2010e+013	5.2500e-015
6.900e-001	6.2185e-007	-1.2088e+013	-1.2049e+013	1.2049e+013	5.2500e-015
7.000e-001	6.2199e-007	-1.2127e+013	-1.2088e+013	1.2088e+013	5.2500e-015
7.100e-001	6.2214e-007	-1.2166e+013	-1.2127e+013	1.2127e+013	5.2500e-015
7.200e-001	6.2228e-007	-1.2204e+013	-1.2166e+013	1.2166e+013	5.2500e-015
7.300e-001	6.2242e-007	-1.2243e+013	-1.2204e+013	1.2204e+013	5.2500e-015
7.400e-001	6.2256e-007	-1.2282e+013	-1.2243e+013	1.2243e+013	5.2500e-015
7.500e-001	6.2270e-007	-1.2321e+013	-1.2282e+013	1.2282e+013	5.2500e-015
7.600e-001	6.2284e-007	-1.2360e+013	-1.2321e+013	1.2321e+013	5.2500e-015
7.700e-001	6.2298e-007	-1.2399e+013	-1.2360e+013	1.2360e+013	5.2500e-015
7.800e-001	6.2311e-007	-1.2438e+013	-1.2399e+013	1.2399e+013	5.2500e-015
7.900e-001	6.2324e-007	-1.2477e+013	-1.2438e+013	1.2438e+013	5.2500e-015
8.000e-001	6.2338e-007	-1.2515e+013	-1.2477e+013	1.2477e+013	5.2500e-015
8.100e-001	6.2351e-007	-1.2554e+013	-1.2515e+013	1.2515e+013	5.2500e-015
8.200e-001	6.2364e-007	-1.2593e+013	-1.2554e+013	1.2554e+013	5.2500e-015
8.300e-001	6.2376e-007	-1.2632e+013	-1.2593e+013	1.2593e+013	5.2500e-015
8.400e-001	6.2389e-007	-1.2671e+013	-1.2632e+013	1.2632e+013	5.2500e-015
8.500e-001	6.2402e-007	-1.2710e+013	-1.2671e+013	1.2671e+013	5.2500e-015
8.600e-001	6.2414e-007	-1.2749e+013	-1.2710e+013	1.2710e+013	5.2500e-015
8.700e-001	6.2426e-007	-1.2788e+013	-1.2749e+013	1.2749e+013	5.2500e-015
8.800e-001	6.2439e-007	-1.2827e+013	-1.2788e+013	1.2788e+013	5.2500e-015
8.900e-001	6.2451e-007	-1.2866e+013	-1.2827e+013	1.2827e+013	5.2500e-015
9.000e-001	6.2463e-007	-1.2905e+013	-1.2866e+013	1.2866e+013	5.2500e-015
9.100e-001	6.2475e-007	-1.2944e+013	-1.2905e+013	1.2905e+013	5.2500e-015
9.200e-001	6.2487e-007	-1.2983e+013	-1.2944e+013	1.2944e+013	5.2500e-015
9.300e-001	6.2498e-007	-1.3022e+013	-1.2983e+013	1.2983e+013	5.2500e-015
9.400e-001	6.2510e-007	-1.3061e+013	-1.3022e+013	1.3022e+013	5.2500e-015
9.500e-001	6.2521e-007	-1.3100e+013	-1.3061e+013	1.3061e+013	5.2500e-015
9.600e-001	6.2533e-007	-1.3139e+013	-1.3100e+013	1.3100e+013	5.2500e-015
9.700e-001	6.2544e-007	-1.3178e+013	-1.3139e+013	1.3139e+013	5.2500e-015
9.800e-001	6.2555e-007	-1.3217e+013	-1.3178e+013	1.3178e+013	5.2500e-015
9.900e-001	6.2567e-007	-1.3256e+013	-1.3217e+013	1.3217e+013	5.2500e-015
1.000e+000	6.2578e-007	-1.3295e+013	-1.3256e+013	1.3256e+013	5.2500e-015
1.010e+000	6.2589e-007	-1.3334e+013	-1.3295e+013	1.3295e+013	5.2500e-015
1.020e+000	6.2600e-007	-1.3373e+013	-1.3334e+013	1.3334e+013	5.2500e-015
1.030e+000	6.2610e-007	-1.3412e+013	-1.3373e+013	1.3373e+013	5.2500e-015
1.040e+000	6.2621e-007	-1.3452e+013	-1.3412e+013	1.3412e+013	5.2500e-015
1.050e+000	6.2632e-007	-1.3491e+013	-1.3452e+013	1.3451e+013	5.2500e-015
1.060e+000	6.2643e-007	-1.3530e+013	-1.3491e+013	1.3491e+013	5.2500e-015
1.070e+000	6.2653e-007	-1.3569e+013	-1.3530e+013	1.3530e+013	5.2500e-015
1.080e+000	6.2664e-007	-1.3608e+013	-1.3569e+013	1.3569e+013	5.2500e-015
1.090e+000	6.2675e-007	-1.3647e+013	-1.3608e+013	1.3608e+013	5.2500e-015
1.100e+000	6.2686e-007	-1.3686e+013	-1.3647e+013	1.3647e+013	5.2500e-015
1.110e+000	6.2697e-007	-1.3725e+013	-1.3686e+013	1.3686e+013	5.2500e-015
1.120e+000	6.2708e-007	-1.3764e+013	-1.3725e+013	1.3725e+013	5.2500e-015
1.130e+000	6.2719e-007	-1.3804e+013	-1.3764e+013	1.3764e+013	5.2500e-015
1.140e+000	6.2731e-007	-1.3843e+013	-1.3804e+013	1.3804e+013	5.2500e-015
1.150e+000	6.2744e-007	-1.3882e+013	-1.3843e+013	1.3843e+013	5.2500e-015
1.160e+000	6.2757e-007	-1.3921e+013	-1.3882e+013	1.3882e+013	5.2500e-015
1.170e+000	6.2772e-007	-1.3960e+013	-1.3921e+013	1.3921e+013	5.2500e-015
1.180e+000	6.2788e-007	-1.3999e+013	-1.3960e+013	1.3960e+013	5.2500e-015
1.190e+000	6.2806e-007	-1.4039e+013	-1.3999e+013	1.3999e+013	5.2500e-015
1.200e+000	6.2828e-007	-1.4078e+013	-1.4039e+013	1.4039e+013	5.2500e-015
1.210e+000	6.2854e-007	-1.4117e+013	-1.4078e+013	1.4078e+013	5.2500e-015
1.220e+000	6.2886e-007	-1.4156e+013	-1.4117e+013	1.4117e+013	5.2500e-015
1.230e+000	6.2926e-007	-1.4196e+013	-1.4156e+013	1.4156e+013	5.2500e-015
1.240e+000	6.2979e-007	-1.4235e+013	-1.4196e+013	1.4196e+013	5.2500e-015
1.250e+000	6.3047e-007	-1.4274e+013	-1.4235e+013	1.4235e+013	5.2500e-015
1.260e+000	6.3139e-007	-1.4314e+013	-1.4274e+013	1.4274e+013	5.2500e-015
1.270e+000	6.3262e-007	-1.4353e+013	-1.4314e+013	1.4314e+013	5.2500e-015
1.280e+000	6.3429e-007	-1.4393e+013	-1.4353e+013	1.4353e+013	5.2500e-015
1.290e+000	6.3657e-007	-1.4432e+013	-1.4393e+013	1.4393e+013	5.2500e-015
1.300e+000	6.3971e-007	-1.4472e+013	-1.4432e+013	1.4432e+013	5.2500e-015
1.310e+000	6.4403e-007	-1.4513e+013	-1.4472e+013	1.4472e+013	5.2500e-015
1.320e+000	6.5002e-007	-1.4553e+013	-1.4513e+013	1.4513e+013	5.2500e-015
1.330e+000	6.5830e-007	-1.4594e+013	-1.4553e+013	1.4553e+013	5.2500e-015
1.340e+000	6.6923e-007	-1.4636e+013	-1.4594e+013	1.4594e+013	5.2500e-015
1.350e+000	6.8512e-007	-1.4679e+013	-1.4636e+013	1.4636e+013	5.2500e-015
1.360e+000	7.0598e-007	-1.4723e+013	-1.4679e+013	1.4679e+013	5.2500e-015
1.370e+000	7.3525e-007	-1.4769e+013	-1.4723e+013	1.4723e+013	5.2500e-015
1.380e+000	7.7382e-007	-1.4817e+013	-1.4769e+013	1.4769e+013	5.2500e-015
1.390e+000	8.2573e-007	-1.4869e+013	-1.4817e+013	1.4817e+013	5.2500e-015
1.400e+000	8.9302e-007	-1.4924e+013	-1.4869e+013	1.4869e+013	5.2500e-015
1.410e+000	9.7818e-007	-1.4985e+013	-1.4924e+013	1.4924e+013	5.2500e-015
1.420e+000	1.0840e-006	-1.5053e+013	-1.4985e+013	1.4985e+013	5.2500e-015
1.430e+000	1.2099e-006	-1.5129e+013	-1.5053e+013	1.5053e+013	5.2500e-015
1.440e+000	1.3540e-006	-1.5213e+013	-1.5129e+013	1.5129e+013	5.2500e-015
1.450e+000	1.5131e-006	-1.5308e+013	-1.5213e+013	1.5213e+013	5.2500e-015
1.460e+000	1.6813e-006	-1.5412e+013	-1.5308e+013	1.5307e+013	5.2500e-015
1.470e+000	1.8527e-006	-1.5528e+013	-1.5412e+013	1.5412e+013	5.2500e-015
1.480e+000	2.0220e-006	-1.5654e+013	-1.5528e+013	1.5528e+013	5.2500e-015
1.490e+000	2.1850e-006	-1.5791e+013	-1.5654e+013	1.5654e+013	5.2500e-015
1.500e+000	2.3385e-006	-1.5937e+013	-1.5791e+013	1.5791e+013	5.2500e-015
1.510e+000	2.4815e-006	-1.6092e+013	-1.5937e+013	1.5937e+013	5.2500e-015
1.520e+000	2.6133e-006	-1.6255e+013	-1.6092e+013	1.6091e+013	5.2500e-015
1.530e+000	2.7340e-006	-1.6425e+013	-1.6255e+013	1.6255e+013	5.2500e-015
1.540e+000	2.8445e-006	-1.6603e+013	-1.6425e+013	1.6425e+013	5.2500e-015
1.550e+000	2.9456e-006	-1.6787e+013	-1.6603e+013	1.6603e+013	5.2500e-015
1.560e+000	3.0383e-006	-1.6976e+013	-1.6787e+013	1.6787e+013	5.2500e-015
1.570e+000	3.1234e-006	-1.7171e+013	-1.6976e+013	1.6976e+013	5.2500e-015
1.580e+000	3.2019e-006	-1.7371e+013	-1.7171e+013	1.7171e+013	5.2500e-015
1.590e+000	3.2746e-006	-1.7575e+013	-1.7371e+013	1.7371e+013	5.2500e-015
1.600e+000	3.3421e-006	-1.7784e+013	-1.7575e+013	1.7575e+013	5.2500e-015
1.610e+000	3.4050e-006	-1.7997e+013	-1.7784e+013	1.7784e+013	5.2500e-015
1.620e+000	3.4639e-006	-1.8213e+013	-1.7997e+013	1.7997e+013	5.2500e-015
1.630e+000	3.5194e-006	-1.8432e+013	-1.8213e+013	1.8213e+013	5.2500e-015
1.640e+000	3.5716e-006	-1.8655e+013	-1.8432e+013	1.8432e+013	5.2500e-015
1.650e+000	3.6210e-006	-1.8881e+013	-1.8655e+013	1.8655e+013	5.2500e-015
1.660e+000	3.6680e-006	-1.9110e+013	-1.8881e+013	1.8881e+013	5.2500e-015
1.670e+000	3.7126e-006	-1.9342e+013	-1.9110e+013	1.9110e+013	5.2500e-015
1.680e+000	3.7553e-006	-1.9576e+013	-1.9342e+013	1.9342e+013	5.2500e-015
1.690e+000	3.7960e-006	-1.9813e+013	-1.9576e+013	1.9576e+013	5.2500e-015
1.700e+000	3.8351e-006	-2.0053e+013	-1.9813e+013	1.9813e+013	5.2500e-015
1.710e+000	3.8727e-006	-2.0294e+013	-2.0053e+013	2.0053e+013	5.2500e-015
1.720e+000	3.9088e-006	-2.0538e+013	-2.0294e+013	2.0294e+013	5.2500e-015
1.730e+000	3.9101e-006	-2.0782e+013	-2.0538e+013	2.0538e+013	5.2500e-015
1.740e+000	3.9288e-006	-2.1028e+013	-2.0782e+013	2.0782e+013	5.2500e-015
1.750e+000	3.9559e-006	-2.1275e+013	-2.1028e+013	2.1028e+013	5.2500e-015
1.760e+000	3.9818e-006	-2.1523e+013	-2.1275e+013	2.1275e+013	5.2500e-015
1.770e+000	4.0068e-006	-2.1773e+013	-2.1523e+013	2.1523e+013	5.2500e-015
1.780e+000	4.0308e-006	-2.2025e+013	-2.1773e+013	2.1773e+013	5.2500e-015
1.790e+000	4.0540e-006	-2.2278e+013	-2.2025e+013	2.2025e+013	5.2500e-015
1.800e+000	4.0764e-006	-2.2532e+013	-2.2278e+013	2.2278e+013	5.2500e-015
1.810e+000	4.0981e-006	-2.2788e+013	-2.2532e+013	2.2532e+013	5.2500e-015
1.820e+000	4.1190e-006	-2.3045e+013	-2.2788e+013	2.2788e+013	5.2500e-015
1.830e+000	4.1394e-006	-2.3303e+013	-2.3045e+013	2.3045e+013	5.2500e-015
1.840e+000	4.1590e-006	-2.3563e+013	-2.3303e+013	2.3303e+013	5.2500e-015
1.850e+000	4.1782e-006	-2.3824e+013	-2.3563e+013	2.3563e+013	5.2500e-015
1.860e+000	4.1967e-006	-2.4086e+013	-2.3824e+013	2.3824e+013	5.2500e-015
1.870e+000	4.2148e-006	-2.4349e+013	-2.4086e+013	2.4086e+013	5.2500e-015
1.880e+000	4.2323e-006	-2.4613e+013	-2.4349e+013	2.4349e+013	5.2500e-015
1.890e+000	4.2494e-006	-2.4878e+013	-2.4613e+013	2.4613e+013	5.2500e-015
1.900e+000	4.2661e-006	-2.5144e+013	-2.4878e+013	2.4878e+013	5.2500e-015
1.910e+000	4.2824e-006	-2.5412e+013	-2.5144e+013	2.5144e+013	5.2500e-015
1.920e+000	4.2982e-006	-2.5680e+013	-2.5412e+013	2.5412e+013	5.2500e-015
1.930e+000	4.3137e-006	-2.5949e+013	-2.5680e+013	2.5680e+013	5.2500e-015
1.940e+000	4.3288e-006	-2.6219e+013	-2.5949e+013	2.5949e+013	5.2500e-015
1.950e+000	4.3436e-006	-2.6491e+013	-2.6219e+013	2.6219e+013	5.2500e-015
1.960e+000	4.3580e-006	-2.6763e+013	-2.6491e+013	2.6491e+013	5.2500e-015
1.970e+000	4.3721e-006	-2.7035e+013	-2.6763e+013	2.6763e+013	5.2500e-015
1.980e+000	4.3860e-006	-2.7309e+013	-2.7035e+013	2.7035e+013	5.2500e-015
1.990e+000	4.3968e-006	-2.7584e+013	-2.7309e+013	2.7309e+013	5.2500e-015
2.000e+000	4.4031e-006	-2.7858e+013	-2.7584e+013	2.7584e+013	5.2500e-015
2.010e+000	4.4156e-006	-2.8134e+013	-2.7858e+013	2.7858e+013	5.2500e-015
2.020e+000	4.4279e-006	-2.8410e+013	-2.8134e+013	2.8134e+013	5.2500e-015
2.030e+000	4.4400e-006	-2.8688e+013	-2.8410e+013	2.8410e+013	5.2500e-015
2.040e+000	4.4518e-006	-2.8965e+013	-2.8688e+013	2.8688e+013	5.2500e-015
2.050e+000	4.4633e-006	-2.9244e+013	-2.8965e+013	2.8965e+013	5.2500e-015
2.060e+000	4.4747e-006	-2.9523e+013	-2.9244e+013	2.9244e+013	5.2500e-015
2.070e+000	4.4859e-006	-2.9803e+013	-2.9523e+013	2.9523e+013	5.2500e-015
2.080e+000	4.4968e-006	-3.0084e+013	-2.9803e+013	2.9803e+013	5.2500e-015
2.090e+000	4.5076e-006	-3.0365e+013	-3.0084e+013	3.0084e+013	5.2500e-015
2.100e+000	4.5182e-006	-3.0647e+013	-3.0365e+013	3.0365e+013	5.2500e-015
2.110e+000	4.5286e-006	-3.0930e+013	-3.0647e+013	3.0647e+013	5.2500e-015
2.120e+000	4.5389e-006	-3.1213e+013	-3.0930e+013	3.0930e+013	5.2500e-015
2.130e+000	4.5489e-006	-3.1497e+013	-3.1213e+013	3.1213e+013	5.2500e-015
2.140e+000	4.5588e-006	-3.1782e+013	-3.1497e+013	3.1497e+013	5.2500e-015
2.150e+000	4.5686e-006	-3.2067e+013	-3.1782e+013	3.1782e+013	5.2500e-015
2.160e+000	4.5782e-006	-3.2353e+013	-3.2067e+013	3.2067e+013	5.2500e-015
2.170e+000	4.5876e-006	-3.2639e+013	-3.2353e+013	3.2353e+013	5.2500e-015
2.180e+000	4.5969e-006	-3.2926e+013	-3.2639e+013	3.2639e+013	5.2500e-015
2.190e+000	4.6061e-006	-3.3213e+013	-3.2926e+013	3.2926e+013	5.2500e-015
2.200e+000	4.6151e-006	-3.3501e+013	-3.3213e+013	3.3213e+013	5.2500e-015
2.210e+000	4.6240e-006	-3.3790e+013	-3.3501e+013	3.3501e+013	5.2500e-015
2.220e+000	4.6328e-006	-3.4079e+013	-3.3790e+013	3.3790e+013	5.2500e-015
2.230e+000	4.6415e-006	-3.4369e+013	-3.4079e+013	3.4079e+013	5.2500e-015
2.240e+000	4.6500e-006	-3.4659e+013	-3.4369e+013	3.4369e+013	5.2500e-015
2.250e+000	4.6584e-006	-3.4950e+013	-3.4659e+013	3.4659e+013	5.2500e-015
2.260e+000	4.6667e-006	-3.5241e+013	-3.4950e+013	3.4950e+013	5.2500e-015
2.270e+000	4.6749e-006	-3.5533e+013	-3.5241e+013	3.5241e+013	5.2500e-015
2.280e+000	4.6830e-006	-3.5825e+013	-3.5533e+013	3.5533e+013	5.2500e-015
2.290e+000	4.6910e-006	-3.6118e+013	-3.5825e+013	3.5825e+013	5.2500e-015
2.300e+000	4.6988e-006	-3.6411e+013	-3.6118e+013	3.6118e+013	5.2500e-015
2.310e+000	4.7066e-006	-3.6705e+013	-3.6411e+013	3.6411e+013	5.2500e-015
2.320e+000	4.7143e-006	-3.6999e+013	-3.6705e+013	3.6705e+013	5.2500e-015
2.330e+000	4.7219e-006	-3.7294e+013	-3.6999e+013	3.6999e+013	5.2500e-015
2.340e+000	4.7294e-006	-3.7589e+013	-3.7294e+013	3.7294e+013	5.2500e-015
2.350e+000	4.7368e-006	-3.7885e+013	-3.7589e+013	3.7589e+013	5.2500e-015
2.360e+000	4.7441e-006	-3.8181e+013	-3.7885e+013	3.7885e+013	5.2500e-015
2.370e+000	4.7513e-006	-3.8477e+013	-3.8181e+013	3.8181e+013	5.2500e-015
2.380e+000	4.7585e-006	-3.8774e+013	-3.8477e+013	3.8477e+013	5.2500e-015
2.390e+000	4.7655e-006	-3.9072e+013	-3.8774e+013	3.8774e+013	5.2500e-015
2.400e+000	4.7725e-006	-3.9370e+013	-3.9072e+013	3.9072e+013	5.2500e-015
2.410e+000	4.7794e-006	-3.9668e+013	-3.9370e+013	3.9370e+013	5.2500e-015
2.420e+000	4.7862e-006	-3.9967e+013	-3.9668e+013	3.9668e+013	5.2500e-015
2.430e+000	4.7930e-006	-4.0266e+013	-3.9967e+013	3.9967e+013	5.2500e-015
2.440e+000	4.7996e-006	-4.0566e+013	-4.0266e+013	4.0266e+013	5.2500e-015
2.450e+000	4.8062e-006	-4.0865e+013	-4.0566e+013	4.0565e+013	5.2500e-015
2.460e+000	4.8128e-006	-4.1166e+013	-4.0865e+013	4.0865e+013	5.2500e-015
2.470e+000	4.8192e-006	-4.1467e+013	-4.1166e+013	4.1166e+013	5.2500e-015
2.480e+000	4.8256e-006	-4.1768e+013	-4.1467e+013	4.1467e+013	5.2500e-015
2.490e+000	4.8320e-006	-4.2069e+013	-4.1768e+013	4.1768e+013	5.2500e-015
2.500e+000	4.8382e-006	-4.2371e+013	-4.2069e+013	4.2069e+013	5.2500e-015
2.510e+000	4.8444e-006	-4.2674e+013	-4.2371e+013	4.2371e+013	5.2500e-015
2.520e+000	4.8506e-006	-4.2977e+013	-4.2674e+013	4.2674e+013	5.2500e-015
2.530e+000	4.8566e-006	-4.3280e+013	-4.2977e+013	4.2976e+013	5.2500e-015
2.540e+000	4.8626e-006	-4.3583e+013	-4.3280e+013	4.3280e+013	5.2500e-015
2.550e+000	4.8686e-006	-4.3887e+013	-4.3583e+013	4.3583e+013	5.2500e-015
2.560e+000	4.8745e-006	-4.4191e+013	-4.3887e+013	4.3887e+013	5.2500e-015
2.570e+000	4.8803e-006	-4.4496e+013	-4.4191e+013	4.4191e+013	5.2500e-015
2.580e+000	4.8861e-006	-4.4801e+013	-4.4496e+013	4.4496e+013	5.2500e-015
2.590e+000	4.8919e-006	-4.5106e+013	-4.4801e+013	4.4801e+013	5.2500e-015
2.600e+000	4.8974e-006	-4.5412e+013	-4.5106e+013	4.5106e+013	5.2500e-015
2.610e+000	4.9016e-006	-4.5718e+013	-4.5412e+013	4.5412e+013	5.2500e-015
2.620e+000	4.9071e-006	-4.6024e+013	-4.5718e+013	4.5718e+013	5.2500e-015
2.630e+000	4.9126e-006	-4.6331e+013	-4.6024e+013	4.6024e+013	5.2500e-015
2.640e+000	4.9181e-006	-4.6638e+013	-4.6331e+013	4.6331e+013	5.2500e-015
2.650e+000	4.9235e-006	-4.6945e+013	-4.6638e+013	4.6638e+013	5.2500e-015
2.660e+000	4.9288e-006	-4.7253e+013	-4.6945e+013	4.6945e+013	5.2500e-015
2.670e+000	4.9341e-006	-4.7561e+013	-4.7253e+013	4.7253e+013	5.2500e-015
2.680e+000	4.9394e-006	-4.7869e+013	-4.7561e+013	4.7560e+013	5.2500e-015
2.690e+000	4.9446e-006	-4.8177e+013	-4.7869e+013	4.7869e+013	5.2500e-015
2.700e+000	4.9498e-006	-4.8486e+013	-4.8177e+013	4.8177e+013	5.2500e-015
2.710e+000	4.9549e-006	-4.8796e+013	-4.8486e+013	4.8486e+013	5.2500e-015
2.720e+000	4.9600e-006	-4.9105e+013	-4.8796e+013	4.8796e+013	5.2500e-015
2.730e+000	4.9650e-006	-4.9415e+013	-4.9105e+013	4.9105e+013	5.2500e-015
2.740e+000	4.9700e-006	-4.9725e+013	-4.9415e+013	4.9415e+013	5.2500e-015
2.750e+000	4.9750e-006	-5.0036e+013	-4.9725e+013	4.9725e+013	5.2500e-015
2.760e+000	4.9799e-006	-5.0347e+013	-5.0036e+013	5.0036e+013	5.2500e-015
2.770e+000	4.9847e-006	-5.0658e+013	-5.0347e+013	5.0347e+013	5.2500e-015
2.780e+000	4.9896e-006	-5.0969e+013	-5.0658e+013	5.0658e+013	5.2500e-015
2.790e+000	4.9944e-006	-5.1281e+013	-5.0969e+013	5.0969e+013	5.2500e-015
2.800e+000	4.9991e-006	-5.1593e+013	-5.1281e+013	5.1281e+013	5.2500e-015
2.810e+000	5.0039e-006	-5.1905e+013	-5.1593e+013	5.1593e+013	5.2500e-015
2.820e+000	5.0086e-006	-5.2218e+013	-5.1905e+013	5.1905e+013	5.2500e-015
2.830e+000	5.0132e-006	-5.2531e+013	-5.2218e+013	5.2218e+013	5.2500e-015
2.840e+000	5.0178e-006	-5.2844e+013	-5.2531e+013	5.2531e+013	5.2500e-015
2.850e+000	5.0224e-006	-5.3157e+013	-5.2844e+013	5.2844e+013	5.2500e-015
2.860e+000	5.0269e-006	-5.3471e+013	-5.3157e+013	5.3157e+013	5.2500e-015
2.870e+000	5.0314e-006	-5.3785e+013	-5.3471e+013	5.3471e+013	5.2500e-015
2.880e+000	5.0359e-006	-5.4100e+013	-5.3785e+013	5.3785e+013	5.2500e-015
2.890e+000	5.0404e-006	-5.4414e+013	-5.4100e+013	5.4099e+013	5.2500e-015
2.900e+000	5.0448e-006	-5.4729e+013	-5.4414e+013	5.4414e+013	5.2500e-015
2.910e+000	5.0491e-006	-5.5044e+013	-5.4729e+013	5.4729e+013	5.2500e-015
2.920e+000	5.0535e-006	-5.5360e+013	-5.5044e+013	5.5044e+013	5.2500e-015
2.930e+000	5.0578e-006	-5.5675e+013	-5.5360e+013	5.5360e+013	5.2500e-015
2.940e+000	5.0621e-006	-5.5991e+013	-5.5675e+013	5.5675e+013	5.2500e-015
2.950e+000	5.0663e-006	-5.6307e+013	-5.5991e+013	5.5991e+013	5.2500e-015
2.960e+000	5.0706e-006	-5.6624e+013	-5.6307e+013	5.6307e+013	5.2500e-015
2.970e+000	5.0748e-006	-5.6941e+013	-5.6624e+013	5.6624e+013	5.2500e-015
2.980e+000	5.0789e-006	-5.7258e+013	-5.6941e+013	5.6941e+013	5.2500e-015
2.990e+000	5.0830e-006	-5.7575e+013	-5.7258e+013	5.7258e+013	5.2500e-015
3.000e+000	5.0872e-006	-5.7892e+013	-5.7575e+013	5.7575e+013	5.2500e-015
3.010e+000	5.0912e-006	-5.8210e+013	-5.7892e+013	5.7892e+013	5.2500e-015
3.020e+000	5.0953e-006	-5.8528e+013	-5.8210e+013	5.8210e+013	5.2500e-015
3.030e+000	5.0993e-006	-5.8846e+013	-5.8528e+013	5.8528e+013	5.2500e-015
3.040e+000	5.1033e-006	-5.9165e+013	-5.8846e+013	5.8846e+013	5.2500e-015
3.050e+000	5.1073e-006	-5.9484e+013	-5.9165e+013	5.9165e+013	5.2500e-015
3.060e+000	5.1112e-006	-5.9803e+013	-5.9484e+013	5.9484e+013	5.2500e-015
3.070e+000	5.1151e-006	-6.0122e+013	-5.9803e+013	5.9803e+013	5.2500e-015
3.080e+000	5.1190e-006	-6.0442e+013	-6.0122e+013	6.0122e+013	5.2500e-015
3.090e+000	5.1229e-006	-6.0761e+013	-6.0442e+013	6.0441e+013	5.2500e-015
3.100e+000	5.1267e-006	-6.1081e+013	-6.0761e+013	6.0761e+013	5.2500e-015
3.110e+000	5.1305e-006	-6.1401e+013	-6.1081e+013	6.1081e+013	5.2500e-015
3.120e+000	5.1343e-006	-6.1722e+013	-6.1401e+013	6.1401e+013	5.2500e-015
3.130e+000	5.1381e-006	-6.2043e+013	-6.1722e+013	6.1722e+013	5.2500e-015
3.140e+000	5.1418e-006	-6.2364e+013	-6.2043e+013	6.2043e+013	5.2500e-015
3.150e+000	5.1456e-006	-6.2685e+013	-6.2364e+013	6.2364e+013	5.2500e-015
3.160e+000	5.1492e-006	-6.3006e+013	-6.2685e+013	6.2685e+013	5.2500e-015
3.170e+000	5.1529e-006	-6.3328e+013	-6.3006e+013	6.3006e+013	5.2500e-015
3.180e+000	5.1566e-006	-6.3650e+013	-6.3328e+013	6.3328e+013	5.2500e-015
3.190e+000	5.1602e-006	-6.3972e+013	-6.3650e+013	6.3650e+013	5.2500e-015
3.200e+000	5.1638e-006	-6.4294e+013	-6.3972e+013	6.3972e+013	5.2500e-015
3.210e+000	5.1674e-006	-6.4616e+013	-6.4294e+013	6.4294e+013	5.2500e-015
3.220e+000	5.1709e-006	-6.4939e+013	-6.4616e+013	6.4616e+013	5.2500e-015
3.230e+000	5.1745e-006	-6.5262e+013	-6.4939e+013	6.4939e+013	5.2500e-015
3.240e+000	5.1780e-006	-6.5585e+013	-6.5262e+013	6.5262e+013	5.2500e-015
3.250e+000	5.1815e-006	-6.5909e+013	-6.5585e+013	6.5585e+013	5.2500e-015
3.260e+000	5.1850e-006	-6.6232e+013	-6.5909e+013	6.5909e+013	5.2500e-015
3.270e+000	5.1884e-006	-6.6556e+013	-6.6232e+013	6.6232e+013	5.2500e-015
3.280e+000	5.1919e-006	-6.6880e+013	-6.6556e+013	6.6556e+013	5.2500e-015
3.290e+000	5.1953e-006	-6.7205e+013	-6.6880e+013	6.6880e+013	5.2500e-015
3.300e+000	5.1987e-006	-6.7529e+013	-6.7205e+013	6.7204e+013	5.2500e-015
3.310e+000	5.2021e-006	-6.7854e+013	-6.7529e+013	6.7529e+013	5.2500e-015
3.320e+000	5.2054e-006	-6.8179e+013	-6.7854e+013	6.7854e+013	5.2500e-015
3.330e+000	5.2088e-006	-6.8504e+013	-6.8179e+013	6.8179e+013	5.2500e-015
3.340e+000	5.2121e-006	-6.8829e+013	-6.8504e+013	6.8504e+013	5.2500e-015
3.350e+000	5.2154e-006	-6.9155e+013	-6.8829e+013	6.8829e+013	5.2500e-015
3.360e+000	5.2187e-006	-6.9480e+013	-6.9155e+013	6.9154e+013	5.2500e-015
3.370e+000	5.2219e-006	-6.9806e+013	-6.9480e+013	6.9480e+013	5.2500e-015
3.380e+000	5.2252e-006	-7.0132e+013	-6.9806e+013	6.9806e+013	5.2500e-015
3.390e+000	5.2284e-006	-7.0459e+013	-7.0132e+013	7.0132e+013	5.2500e-015
3.400e+000	5.2316e-006	-7.0785e+013	-7.0459e+013	7.0459e+013	5.2500e-015
3.410e+000	5.2348e-006	-7.1112e+013	-7.0785e+013	7.0785e+013	5.2500e-015
3.420e+000	5.2380e-006	-7.1439e+013	-7.1112e+013	7.1112e+013	5.2500e-015
3.430e+000	5.2411e-006	-7.1766e+013	-7.1439e+013	7.1439e+013	5.2500e-015
3.440e+000	5.2443e-006	-7.2093e+013	-7.1766e+013	7.1766e+013	5.2500e-015
3.450e+000	5.2474e-006	-7.2421e+013	-7.2093e+013	7.2093e+013	5.2500e-015
3.460e+000	5.2505e-006	-7.2748e+013	-7.2421e+013	7.2421e+013	5.2500e-015
3.470e+000	5.2536e-006	-7.3076e+013	-7.2748e+013	7.2748e+013	5.2500e-015
3.480e+000	5.2567e-006	-7.3404e+013	-7.3076e+013	7.3076e+013	5.2500e-015
3.490e+000	5.2597e-006	-7.3733e+013	-7.3404e+013	7.3404e+013	5.2500e-015
3.500e+000	5.2628e-006	-7.4061e+013	-7.3733e+013	7.3733e+013	5.2500e-015
3.510e+000	5.2658e-006	-7.4390e+013	-7.4061e+013	7.4061e+013	5.2500e-015
3.520e+000	5.2688e-006	-7.4719e+013	-7.4390e+013	7.4390e+013	5.2500e-015
3.530e+000	5.2718e-006	-7.5048e+013	-7.4719e+013	7.4719e+013	5.2500e-015
3.540e+000	5.2748e-006	-7.5377e+013	-7.5048e+013	7.5048e+013	5.2500e-015
3.550e+000	5.2778e-006	-7.5706e+013	-7.5377e+013	7.5377e+013	5.2500e-015
3.560e+000	5.2807e-006	-7.6036e+013	-7.5706e+013	7.5706e+013	5.2500e-015
3.570e+000	5.2837e-006	-7.6366e+013	-7.6036e+013	7.6036e+013	5.2500e-015
3.580e+000	5.2866e-006	-7.6696e+013	-7.6366e+013	7.6366e+013	5.2500e-015
3.590e+000	5.2895e-006	-7.7026e+013	-7.6696e+013	7.6696e+013	5.2500e-015
3.600e+000	5.2924e-006	-7.7356e+013	-7.7026e+013	7.7026e+013	5.2500e-015
3.610e+000	5.2952e-006	-7.7687e+013	-7.7356e+013	7.7356e+013	5.2500e-015
3.620e+000	5.2981e-006	-7.8017e+013	-7.7687e+013	7.7687e+013	5.2500e-015
3.630e+000	5.3010e-006	-7.8348e+013	-7.8017e+013	7.8017e+013	5.2500e-015
3.640e+000	5.3038e-006	-7.8679e+013	-7.8348e+013	7.8348e+013	5.2500e-015
3.650e+000	5.3066e-006	-7.9011e+013	-7.8679e+013	7.8679e+013	5.2500e-015
3.660e+000	5.3094e-006	-7.9342e+013	-7.9011e+013	7.9011e+013	5.2500e-015
3.670e+000	5.3122e-006	-7.9674e+013	-7.9342e+013	7.9342e+013	5.2500e-015
3.680e+000	5.3150e-006	-8.0005e+013	-7.9674e+013	7.9673e+013	5.2500e-015
3.690e+000	5.3178e-006	-8.0337e+013	-8.0005e+013	8.0005e+013	5.2500e-015
3.700e+000	5.3205e-006	-8.0669e+013	-8.0337e+013	8.0337e+013	5.2500e-015
3.710e+000	5.3233e-006	-8.1001e+013	-8.0669e+013	8.0669e+013	5.2500e-015
3.720e+000	5.3260e-006	-8.1334e+013	-8.1001e+013	8.1001e+013	5.2500e-015
3.730e+000	5.3287e-006	-8.1666e+013	-8.1334e+013	8.1334e+013	5.2500e-015
3.740e+000	5.3314e-006	-8.1999e+013	-8.1666e+013	8.1666e+013	5.2500e-015
3.750e+000	5.3341e-006	-8.2332e+013	-8.1999e+013	8.1999e+013	5.2500e-015
3.760e+000	5.3368e-006	-8.2665e+013	-8.2332e+013	8.2332e+013	5.2500e-015
3.770e+000	5.3394e-006	-8.2999e+013	-8.2665e+013	8.2665e+013	5.2500e-015
3.780e+000	5.3421e-006	-8.3332e+013	-8.2999e+013	8.2998e+013	5.2500e-015
3.790e+000	5.3447e-006	-8.3666e+013	-8.3332e+013	8.3332e+013	5.2500e-015
3.800e+000	5.3473e-006	-8.3999e+013	-8.3666e+013	8.3666e+013	5.2500e-015
3.810e+000	5.3500e-006	-8.4333e+013	-8.3999e+013	8.3999e+013	5.2500e-015
3.820e+000	5.3526e-006	-8.4667e+013	-8.4333e+013	8.4333e+013	5.2500e-015
3.830e+000	5.3552e-006	-8.5002e+013	-8.4667e+013	8.4667e+013	5.2500e-015
3.840e+000	5.3577e-006	-8.5336e+013	-8.5002e+013	8.5001e+013	5.2500e-015
3.850e+000	5.3603e-006	-8.5671e+013	-8.5336e+013	8.5336e+013	5.2500e-015
3.860e+000	5.3629e-006	-8.6005e+013	-8.5671e+013	8.5670e+013	5.2500e-015
3.870e+000	5.3654e-006	-8.6340e+013	-8.6005e+013	8.6005e+013	5.2500e-015
3.880e+000	5.3679e-006	-8.6675e+013	-8.6340e+013	8.6340e+013	5.2500e-015
3.890e+000	5.3705e-006	-8.7010e+013	-8.6675e+013	8.6675e+013	5.2500e-015
3.900e+000	5.3730e-006	-8.7346e+013	-8.7010e+013	8.7010e+013	5.2500e-015
3.910e+000	5.3755e-006	-8.7681e+013	-8.7346e+013	8.7346e+013	5.2500e-015
3.920e+000	5.3780e-006	-8.8017e+013	-8.7681e+013	8.7681e+013	5.2500e-015
3.930e+000	5.3804e-006	-8.8353e+013	-8.8017e+013	8.8017e+013	5.2500e-015
3.940e+000	5.3829e-006	-8.8689e+013	-8.8353e+013	8.8353e+013	5.2500e-015
3.950e+000	5.3854e-006	-8.9025e+013	-8.8689e+013	8.8689e+013	5.2500e-015
3.960e+000	5.3878e-006	-8.9361e+013	-8.9025e+013	8.9025e+013	5.2500e-015
3.970e+000	5.3903e-006	-8.9698e+013	-8.9361e+013	8.9361e+013	5.2500e-015
3.980e+000	5.3927e-006	-9.0034e+013	-8.9698e+013	8.9697e+013	5.2500e-015
3.990e+000	5.3951e-006	-9.0371e+013	-9.0034e+013	9.0034e+013	5.2500e-015
4.000e+000	5.3975e-006	-9.0708e+013	-9.0371e+013	9.0371e+013	5.2500e-015
4.010e+000	5.3999e-006	-9.1045e+013	-9.0708e+013	9.0708e+013	5.2500e-015
4.020e+000	5.4023e-006	-9.1382e+013	-9.1045e+013	9.1045e+013	5.2500e-015
4.030e+000	5.4047e-006	-9.1719e+013	-9.1382e+013	9.1382e+013	5.2500e-015
4.040e+000	5.4070e-006	-9.2057e+013	-9.1719e+013	9.1719e+013	5.2500e-015
4.050e+000	5.4094e-006	-9.2394e+013	-9.2057e+013	9.2057e+013	5.2500e-015
4.060e+000	5.4117e-006	-9.2732e+013	-9.2394e+013	9.2394e+013	5.2500e-015
4.070e+000	5.4141e-006	-9.3070e+013	-9.2732e+013	9.2732e+013	5.2500e-015
4.080e+000	5.4164e-006	-9.3408e+013	-9.3070e+013	9.3070e+013	5.2500e-015
4.090e+000	5.4187e-006	-9.3746e+013	-9.3408e+013	9.3408e+013	5.2500e-015
4.100e+000	5.4210e-006	-9.4085e+013	-9.3746e+013	9.3746e+013	5.2500e-015
4.110e+000	5.4233e-006	-9.4423e+013	-9.4085e+013	9.4085e+013	5.2500e-015
4.120e+000	5.4256e-006	-9.4762e+013	-9.4423e+013	9.4423e+013	5.2500e-015
4.130e+000	5.4279e-006	-9.5101e+013	-9.4762e+013	9.4762e+013	5.2500e-015
4.140e+000	5.4302e-006	-9.5440e+013	-9.5101e+013	9.5101e+013	5.2500e-015
4.150e+000	5.4324e-006	-9.5779e+013	-9.5440e+013	9.5439e+013	5.2500e-015
4.160e+000	5.4347e-006	-9.6118e+013	-9.5779e+013	9.5779e+013	5.2500e-015
4.170e+000	5.4369e-006	-9.6457e+013	-9.6118e+013	9.6118e+013	5.2500e-015
4.180e+000	5.4391e-006	-9.6797e+013	-9.6457e+013	9.6457e+013	5.2500e-015
4.190e+000	5.4414e-006	-9.7136e+013	-9.6797e+013	9.6797e+013	5.2500e-015
4.200e+000	5.4436e-006	-9.7476e+013	-9.7136e+013	9.7136e+013	5.2500e-015
4.210e+000	5.4458e-006	-9.7816e+013	-9.7476e+013	9.7476e+013	5.2500e-015
4.220e+000	5.4480e-006	-9.8156e+013	-9.7816e+013	9.7816e+013	5.2500e-015
4.230e+000	5.4502e-006	-9.8496e+013	-9.8156e+013	9.8156e+013	5.2500e-015
4.240e+000	5.4524e-006	-9.8836e+013	-9.8496e+013	9.8496e+013	5.2500e-015
4.250e+000	5.4546e-006	-9.9177e+013	-9.8836e+013	9.8836e+013	5.2500e-015
4.260e+000	5.4567e-006	-9.9517e+013	-9.9177e+013	9.9177e+013	5.2500e-015
4.270e+000	5.4588e-006	-9.9858e+013	-9.9517e+013	9.9517e+013	5.2500e-015
4.280e+000	5.4608e-006	-1.0020e+014	-9.9858e+013	9.9858e+013	5.2500e-015
4.290e+000	5.4630e-006	-1.0054e+014	-1.0020e+014	1.0020e+014	5.2500e-015
4.300e+000	5.4651e-006	-1.0088e+014	-1.0054e+014	1.0054e+014	5.2500e-015
4.310e+000	5.4672e-006	-1.0122e+014	-1.0088e+014	1.0088e+014	5.2500e-015
4.320e+000	5.4694e-006	-1.0156e+014	-1.0122e+014	1.0122e+014	5.2500e-015
4.330e+000	5.4715e-006	-1.0191e+014	-1.0156e+014	1.0156e+014	5.2500e-015
4.340e+000	5.4736e-006	-1.0225e+014	-1.0191e+014	1.0191e+014	5.2500e-015
4.350e+000	5.4757e-006	-1.0259e+014	-1.0225e+014	1.0225e+014	5.2500e-015
4.360e+000	5.4777e-006	-1.0293e+014	-1.0259e+014	1.0259e+014	5.2500e-015
4.370e+000	5.4798e-006	-1.0327e+014	-1.0293e+014	1.0293e+014	5.2500e-015
4.380e+000	5.4819e-006	-1.0361e+014	-1.0327e+014	1.0327e+014	5.2500e-015
4.390e+000	5.4839e-006	-1.0396e+014	-1.0361e+014	1.0361e+014	5.2500e-015
4.400e+000	5.4860e-006	-1.0430e+014	-1.0396e+014	1.0396e+014	5.2500e-015
4.410e+000	5.4881e-006	-1.0464e+014	-1.0430e+014	1.0430e+014	5.2500e-015
4.420e+000	5.4901e-006	-1.0498e+014	-1.0464e+014	1.0464e+014	5.2500e-015
4.430e+000	5.4921e-006	-1.0533e+014	-1.0498e+014	1.0498e+014	5.2500e-015
4.440e+000	5.4941e-006	-1.0567e+014	-1.0533e+014	1.0533e+014	5.2500e-015
4.450e+000	5.4962e-006	-1.0601e+014	-1.0567e+014	1.0567e+014	5.2500e-015
4.460e+000	5.4982e-006	-1.0636e+014	-1.0601e+014	1.0601e+014	5.2500e-015
4.470e+000	5.5002e-006	-1.0670e+014	-1.0636e+014	1.0636e+014	5.2500e-015
4.480e+000	5.5022e-006	-1.0704e+014	-1.0670e+014	1.0670e+014	5.2500e-015
4.490e+000	5.5042e-006	-1.0739e+014	-1.0704e+014	1.0704e+014	5.2500e-015
4.500e+000	5.5061e-006	-1.0773e+014	-1.0739e+014	1.0739e+014	5.2500e-015
4.510e+000	5.5081e-006	-1.0807e+014	-1.0773e+014	1.0773e+014	5.2500e-015
4.520e+000	5.5101e-006	-1.0842e+014	-1.0807e+014	1.0807e+014	5.2500e-015
4.530e+000	5.5120e-006	-1.0876e+014	-1.0842e+014	1.0842e+014	5.2500e-015
4.540e+000	5.5140e-006	-1.0911e+014	-1.0876e+014	1.0876e+014	5.2500e-015
4.550e+000	5.5159e-006	-1.0945e+014	-1.0911e+014	1.0911e+014	5.2500e-015
4.560e+000	5.5179e-006	-1.0979e+014	-1.0945e+014	1.0945e+014	5.2500e-015
4.570e+000	5.5198e-006	-1.1014e+014	-1.0979e+014	1.0979e+014	5.2500e-015
4.580e+000	5.5217e-006	-1.1048e+014	-1.1014e+014	1.1014e+014	5.2500e-015
4.590e+000	5.5237e-006	-1.1083e+014	-1.1048e+014	1.1048e+014	5.2500e-015
4.600e+000	5.5256e-006	-1.1117e+014	-1.1083e+014	1.1083e+014	5.2500e-015
4.610e+000	5.5275e-006	-1.1152e+014	-1.1117e+014	1.1117e+014	5.2500e-015
4.620e+000	5.5294e-006	-1.1186e+014	-1.1152e+014	1.1152e+014	5.2500e-015
4.630e+000	5.5313e-006	-1.1221e+014	-1.1186e+014	1.1186e+014	5.2500e-015
4.640e+000	5.5332e-006	-1.1255e+014	-1.1221e+014	1.1221e+014	5.2500e-015
4.650e+000	5.5350e-006	-1.1290e+014	-1.1255e+014	1.1255e+014	5.2500e-015
4.660e+000	5.5369e-006	-1.1325e+014	-1.1290e+014	1.1290e+014	5.2500e-015
4.670e+000	5.5388e-006	-1.1359e+014	-1.1325e+014	1.1325e+014	5.2500e-015
4.680e+000	5.5407e-006	-1.1394e+014	-1.1359e+014	1.1359e+014	5.2500e-015
4.690e+000	5.5425e-006	-1.1428e+014	-1.1394e+014	1.1394e+014	5.2500e-015
4.700e+000	5.5444e-006	-1.1463e+014	-1.1428e+014	1.1428e+014	5.2500e-015
4.710e+000	5.5462e-006	-1.1498e+014	-1.1463e+014	1.1463e+014	5.2500e-015
4.720e+000	5.5480e-006	-1.1532e+014	-1.1498e+014	1.1498e+014	5.2500e-015
4.730e+000	5.5499e-006	-1.1567e+014	-1.1532e+014	1.1532e+014	5.2500e-015
4.740e+000	5.5517e-006	-1.1601e+014	-1.1567e+014	1.1567e+014	5.2500e-015
4.750e+000	5.5535e-006	-1.1636e+014	-1.1601e+014	1.1601e+014	5.2500e-015
4.760e+000	5.5553e-006	-1.1671e+014	-1.1636e+014	1.1636e+014	5.2500e-015
4.770e+000	5.5571e-006	-1.1705e+014	-1.1671e+014	1.1671e+014	5.2500e-015
4.780e+000	5.5589e-006	-1.1740e+014	-1.1705e+014	1.1705e+014	5.2500e-015
4.790e+000	5.5607e-006	-1.1775e+014	-1.1740e+014	1.1740e+014	5.2500e-015
4.800e+000	5.5625e-006	-1.1810e+014	-1.1775e+014	1.1775e+014	5.2500e-015
4.810e+000	5.5643e-006	-1.1844e+014	-1.1810e+014	1.1810e+014	5.2500e-015
4.820e+000	5.5661e-006	-1.1879e+014	-1.1844e+014	1.1844e+014	5.2500e-015
4.830e+000	5.5679e-006	-1.1914e+014	-1.1879e+014	1.1879e+014	5.2500e-015
4.840e+000	5.5696e-006	-1.1949e+014	-1.1914e+014	1.1914e+014	5.2500e-015
4.850e+000	5.5714e-006	-1.1983e+014	-1.1949e+014	1.1949e+014	5.2500e-015
4.860e+000	5.5731e-006	-1.2018e+014	-1.1983e+014	1.1983e+014	5.2500e-015
4.870e+000	5.5749e-006	-1.2053e+014	-1.2018e+014	1.2018e+014	5.2500e-015
4.880e+000	5.5766e-006	-1.2088e+014	-1.2053e+014	1.2053e+014	5.2500e-015
4.890e+000	5.5784e-006	-1.2123e+014	-1.2088e+014	1.2088e+014	5.2500e-015
4.900e+000	5.5801e-006	-1.2157e+014	-1.2123e+014	1.2123e+014	5.2500e-015
4.910e+000	5.5818e-006	-1.2192e+014	-1.2157e+014	1.2157e+014	5.2500e-015
4.920e+000	5.5835e-006	-1.2227e+014	-1.2192e+014	1.2192e+014	5.2500e-015
4.930e+000	5.5853e-006	-1.2262e+014	-1.2227e+014	1.2227e+014	5.2500e-015
4.940e+000	5.5870e-006	-1.2297e+014	-1.2262e+014	1.2262e+014	5.2500e-015
4.950e+000	5.5887e-006	-1.2332e+014	-1.2297e+014	1.2297e+014	5.2500e-015
4.960e+000	5.5904e-006	-1.2367e+014	-1.2332e+014	1.2332e+014	5.2500e-015
4.970e+000	5.5921e-006	-1.2401e+014	-1.2367e+014	1.2367e+014	5.2500e-015
4.980e+000	5.5938e-006	-1.2436e+014	-1.2401e+014	1.2401e+014	5.2500e-015
4.990e+000	5.5955e-006	-1.2471e+014	-1.2436e+014	1.2436e+014	5.2500e-015
5.000e+000	5.5971e-006	-1.2506e+014	-1.2471e+014	1.2471e+014	5.2500e-015
5.010e+000	5.5988e-006	-1.2541e+014	-1.2506e+014	1.2506e+014	5.2500e-015
5.020e+000	5.6005e-006	-1.2576e+014	-1.2541e+014	1.2541e+014	5.2500e-015
5.030e+000	5.6021e-006	-1.2611e+014	-1.2576e+014	1.2576e+014	5.2500e-015
5.040e+000	5.6038e-006	-1.2646e+014	-1.2611e+014	1.2611e+014	5.2500e-015
5.050e+000	5.6055e-006	-1.2681e+014	-1.2646e+014	1.2646e+014	5.2500e-015
5.060e+000	5.6071e-006	-1.2716e+014	-1.2681e+014	1.2681e+014	5.2500e-015
5.070e+000	5.6088e-006	-1.2751e+014	-1.2716e+014	1.2716e+014	5.2500e-015
5.080e+000	5.6104e-006	-1.2786e+014	-1.2751e+014	1.2751e+014	5.2500e-015
5.090e+000	5.6120e-006	-1.2821e+014	-1.2786e+014	1.2786e+014	5.2500e-015
5.100e+000	5.6137e-006	-1.2856e+014	-1.2821e+014	1.2821e+014	5.2500e-015
5.110e+000	5.6153e-006	-1.2891e+014	-1.2856e+014	1.2856e+014	5.2500e-015
5.120e+000	5.6169e-006	-1.2926e+014	-1.2891e+014	1.2891e+014	5.2500e-015
5.130e+000	5.6185e-006	-1.2961e+014	-1.2926e+014	1.2926e+014	5.2500e-015
5.140e+000	5.6201e-006	-1.2996e+014	-1.2961e+014	1.2961e+014	5.2500e-015
5.150e+000	5.6217e-006	-1.3031e+014	-1.2996e+014	1.2996e+014	5.2500e-015
5.160e+000	5.6233e-006	-1.3067e+014	-1.3031e+014	1.3031e+014	5.2500e-015
5.170e+000	5.6249e-006	-1.3102e+014	-1.3067e+014	1.3067e+014	5.2500e-015
5.180e+000	5.6265e-006	-1.3137e+014	-1.3102e+014	1.3102e+014	5.2500e-015
5.190e+000	5.6281e-006	-1.3172e+014	-1.3137e+014	1.3137e+014	5.2500e-015
5.200e+000	5.6297e-006	-1.3207e+014	-1.3172e+014	1.3172e+014	5.2500e-015
5.210e+000	5.6313e-006	-1.3242e+014	-1.3207e+014	1.3207e+014	5.2500e-015
5.220e+000	5.6328e-006	-1.3277e+014	-1.3242e+014	1.3242e+014	5.2500e-015
5.230e+000	5.6344e-006	-1.3313e+014	-1.3277e+014	1.3277e+014	5.2500e-015
5.240e+000	5.6360e-006	-1.3348e+014	-1.3313e+014	1.3313e+014	5.2500e-015
5.250e+000	5.6375e-006	-1.3383e+014	-1.3348e+014	1.3348e+014	5.2500e-015
5.260e+000	5.6391e-006	-1.3418e+014	-1.3383e+014	1.3383e+014	5.2500e-015
5.270e+000	5.6406e-006	-1.3453e+014	-1.3418e+014	1.3418e+014	5.2500e-015
5.280e+000	5.6422e-006	-1.3489e+014	-1.3453e+014	1.3453e+014	5.2500e-015
5.290e+000	5.6437e-006	-1.3524e+014	-1.3489e+014	1.3489e+014	5.2500e-015
5.300e+000	5.6453e-006	-1.3559e+014	-1.3524e+014	1.3524e+014	5.2500e-015
5.310e+000	5.6468e-006	-1.3594e+014	-1.3559e+014	1.3559e+014	5.2500e-015
5.320e+000	5.6483e-006	-1.3629e+014	-1.3594e+014	1.3594e+014	5.2500e-015
5.330e+000	5.6498e-006	-1.3665e+014	-1.3629e+014	1.3629e+014	5.2500e-015
5.340e+000	5.6514e-006	-1.3700e+014	-1.3665e+014	1.3665e+014	5.2500e-015
5.350e+000	5.6529e-006	-1.3735e+014	-1.3700e+014	1.3700e+014	5.2500e-015
5.360e+000	5.6544e-006	-1.3771e+014	-1.3735e+014	1.3735e+014	5.2500e-015
5.370e+000	5.6559e-006	-1.3806e+014	-1.3771e+014	1.3771e+014	5.2500e-015
5.380e+000	5.6574e-006	-1.3841e+014	-1.3806e+014	1.3806e+014	5.2500e-015
5.390e+000	5.6589e-006	-1.3877e+014	-1.3841e+014	1.3841e+014	5.2500e-015
5.400e+000	5.6604e-006	-1.3912e+014	-1.3877e+014	1.3877e+014	5.2500e-015
5.410e+000	5.6619e-006	-1.3947e+014	-1.3912e+014	1.3912e+014	5.2500e-015
5.420e+000	5.6634e-006	-1.3983e+014	-1.3947e+014	1.3947e+014	5.2500e-015
5.430e+000	5.6649e-006	-1.4018e+014	-1.3983e+014	1.3983e+014	5.2500e-015
5.440e+000	5.6663e-006	-1.4053e+014	-1.4018e+014	1.4018e+014	5.2500e-015
5.450e+000	5.6678e-006	-1.4089e+014	-1.4053e+014	1.4053e+014	5.2500e-015
5.460e+000	5.6693e-006	-1.4124e+014	-1.4089e+014	1.4089e+014	5.2500e-015
5.470e+000	5.6707e-006	-1.4159e+014	-1.4124e+014	1.4124e+014	5.2500e-015
5.480e+000	5.6722e-006	-1.4195e+014	-1.4159e+014	1.4159e+014	5.2500e-015
5.490e+000	5.6737e-006	-1.4230e+014	-1.4195e+014	1.4195e+014	5.2500e-015
5.500e+000	5.6751e-006	-1.4266e+014	-1.4230e+014	1.4230e+014	5.2500e-015
5.510e+000	5.6766e-006	-1.4301e+014	-1.4266e+014	1.4266e+014	5.2500e-015
5.520e+000	5.6780e-006	-1.4337e+014	-1.4301e+014	1.4301e+014	5.2500e-015
5.530e+000	5.6795e-006	-1.4372e+014	-1.4337e+014	1.4337e+014	5.2500e-015
5.540e+000	5.6809e-006	-1.4407e+014	-1.4372e+014	1.4372e+014	5.2500e-015
5.550e+000	5.6823e-006	-1.4443e+014	-1.4407e+014	1.4407e+014	5.2500e-015
5.560e+000	5.6838e-006	-1.4478e+014	-1.4443e+014	1.4443e+014	5.2500e-015
5.570e+000	5.6852e-006	-1.4514e+014	-1.4478e+014	1.4478e+014	5.2500e-015
5.580e+000	5.6866e-006	-1.4549e+014	-1.4514e+014	1.4514e+014	5.2500e-015
5.590e+000	5.6880e-006	-1.4585e+014	-1.4549e+014	1.4549e+014	5.2500e-015
5.600e+000	5.6895e-006	-1.4620e+014	-1.4585e+014	1.4585e+014	5.2500e-015
5.610e+000	5.6909e-006	-1.4656e+014	-1.4620e+014	1.4620e+014	5.2500e-015
5.620e+000	5.6923e-006	-1.4691e+014	-1.4656e+014	1.4656e+014	5.2500e-015
5.630e+000	5.6937e-006	-1.4727e+014	-1.4691e+014	1.4691e+014	5.2500e-015
5.640e+000	5.6951e-006	-1.4763e+014	-1.4727e+014	1.4727e+014	5.2500e-015
5.650e+000	5.6965e-006	-1.4798e+014	-1.4763e+014	1.4763e+014	5.2500e-015
5.660e+000	5.6979e-006	-1.4834e+014	-1.4798e+014	1.4798e+014	5.2500e-015
5.670e+000	5.6993e-006	-1.4869e+014	-1.4834e+014	1.4834e+014	5.2500e-015
5.680e+000	5.7007e-006	-1.4905e+014	-1.4869e+014	1.4869e+014	5.2500e-015
5.690e+000	5.7020e-006	-1.4940e+014	-1.4905e+014	1.4905e+014	5.2500e-015
5.700e+000	5.7034e-006	-1.4976e+014	-1.4940e+014	1.4940e+014	5.2500e-015
5.710e+000	5.7048e-006	-1.5012e+014	-1.4976e+014	1.4976e+014	5.2500e-015
5.720e+000	5.7062e-006	-1.5047e+014	-1.5012e+014	1.5012e+014	5.2500e-015
5.730e+000	5.7075e-006	-1.5083e+014	-1.5047e+014	1.5047e+014	5.2500e-015
5.740e+000	5.7089e-006	-1.5118e+014	-1.5083e+014	1.5083e+014	5.2500e-015
5.750e+000	5.7103e-006	-1.5154e+014	-1.5118e+014	1.5118e+014	5.2500e-015
5.760e+000	5.7116e-006	-1.5190e+014	-1.5154e+014	1.5154e+014	5.2500e-015
5.770e+000	5.7130e-006	-1.5225e+014	-1.5190e+014	1.5190e+014	5.2500e-015
5.780e+000	5.7143e-006	-1.5261e+014	-1.5225e+014	1.5225e+014	5.2500e-015
5.790e+000	5.7157e-006	-1.5297e+014	-1.5261e+014	1.5261e+014	5.2500e-015
5.800e+000	5.7170e-006	-1.5332e+014	-1.5297e+014	1.5297e+014	5.2500e-015
5.810e+000	5.7184e-006	-1.5368e+014	-1.5332e+014	1.5332e+014	5.2500e-015
5.820e+000	5.7197e-006	-1.5404e+014	-1.5368e+014	1.5368e+014	5.2500e-015
5.830e+000	5.7210e-006	-1.5440e+014	-1.5404e+014	1.5404e+014	5.2500e-015
5.840e+000	5.7224e-006	-1.5475e+014	-1.5440e+014	1.5440e+014	5.2500e-015
5.850e+000	5.7237e-006	-1.5511e+014	-1.5475e+014	1.5475e+014	5.2500e-015
5.860e+000	5.7250e-006	-1.5547e+014	-1.5511e+014	1.5511e+014	5.2500e-015
5.870e+000	5.7263e-006	-1.5582e+014	-1.5547e+014	1.5547e+014	5.2500e-015
5.880e+000	5.7277e-006	-1.5618e+014	-1.5582e+014	1.5582e+014	5.2500e-015
5.890e+000	5.7290e-006	-1.5654e+014	-1.5618e+014	1.5618e+014	5.2500e-015
5.900e+000	5.7303e-006	-1.5690e+014	-1.5654e+014	1.5654e+014	5.2500e-015
5.910e+000	5.7316e-006	-1.5725e+014	-1.5690e+014	1.5690e+014	5.2500e-015
5.920e+000	5.7329e-006	-1.5761e+014	-1.5725e+014	1.5725e+014	5.2500e-015
5.930e+000	5.7342e-006	-1.5797e+014	-1.5761e+014	1.5761e+014	5.2500e-015
5.940e+000	5.7355e-006	-1.5833e+014	-1.5797e+014	1.5797e+014	5.2500e-015
5.950e+000	5.7368e-006	-1.5869e+014	-1.5833e+014	1.5833e+014	5.2500e-015
5.960e+000	5.7381e-006	-1.5904e+014	-1.5869e+014	1.5869e+014	5.2500e-015
5.970e+000	5.7394e-006	-1.5940e+014	-1.5904e+014	1.5904e+014	5.2500e-015
5.980e+000	5.7407e-006	-1.5976e+014	-1.5940e+014	1.5940e+014	5.2500e-015
5.990e+000	5.7419e-006	-1.6012e+014	-1.5976e+014	1.5976e+014	5.2500e-015
6.000e+000	5.7432e-006	-1.6048e+014	-1.6012e+014	1.6012e+014	5.2500e-015
6.010e+000	5.7445e-006	-1.6084e+014	-1.6048e+014	1.6048e+014	5.2500e-015
6.020e+000	5.7458e-006	-1.6120e+014	-1.6084e+014	1.6084e+014	5.2500e-015
6.030e+000	5.7470e-006	-1.6155e+014	-1.6120e+014	1.6120e+014	5.2500e-015
6.040e+000	5.7483e-006	-1.6191e+014	-1.6155e+014	1.6155e+014	5.2500e-015
6.050e+000	5.7496e-006	-1.6227e+014	-1.6191e+014	1.6191e+014	5.2500e-015
6.060e+000	5.7508e-006	-1.6263e+014	-1.6227e+014	1.6227e+014	5.2500e-015
6.070e+000	5.7521e-006	-1.6299e+014	-1.6263e+014	1.6263e+014	5.2500e-015
6.080e+000	5.7533e-006	-1.6335e+014	-1.6299e+014	1.6299e+014	5.2500e-015
6.090e+000	5.7546e-006	-1.6371e+014	-1.6335e+014	1.6335e+014	5.2500e-015
6.100e+000	5.7558e-006	-1.6407e+014	-1.6371e+014	1.6371e+014	5.2500e-015
6.110e+000	5.7571e-006	-1.6443e+014	-1.6407e+014	1.6407e+014	5.2500e-015
6.120e+000	5.7583e-006	-1.6479e+014	-1.6443e+014	1.6443e+014	5.2500e-015
6.130e+000	5.7596e-006	-1.6515e+014	-1.6479e+014	1.6479e+014	5.2500e-015
6.140e+000	5.7608e-006	-1.6550e+014	-1.6515e+014	1.6515e+014	5.2500e-015
6.150e+000	5.7620e-006	-1.6586e+014	-1.6550e+014	1.6550e+014	5.2500e-015
6.160e+000	5.7633e-006	-1.6622e+014	-1.6586e+014	1.6586e+014	5.2500e-015
6.170e+000	5.7645e-006	-1.6658e+014	-1.6622e+014	1.6622e+014	5.2500e-015
6.180e+000	5.7657e-006	-1.6694e+014	-1.6658e+014	1.6658e+014	5.2500e-015
6.190e+000	5.7670e-006	-1.6730e+014	-1.6694e+014	1.6694e+014	5.2500e-015
6.200e+000	5.7682e-006	-1.6766e+014	-1.6730e+014	1.6730e+014	5.2500e-015
6.210e+000	5.7694e-006	-1.6802e+014	-1.6766e+014	1.6766e+014	5.2500e-015
6.220e+000	5.7706e-006	-1.6838e+014	-1.6802e+014	1.6802e+014	5.2500e-015
6.230e+000	5.7718e-006	-1.6874e+014	-1.6838e+014	1.6838e+014	5.2500e-015
6.240e+000	5.7730e-006	-1.6910e+014	-1.6874e+014	1.6874e+014	5.2500e-015
6.250e+000	5.7742e-006	-1.6946e+014	-1.6910e+014	1.6910e+014	5.2500e-015
6.260e+000	5.7754e-006	-1.6983e+014	-1.6946e+014	1.6946e+014	5.2500e-015
6.270e+000	5.7766e-006	-1.7019e+014	-1.6983e+014	1.6983e+014	5.2500e-015
6.280e+000	5.7778e-006	-1.7055e+014	-1.7019e+014	1.7019e+014	5.2500e-015
6.290e+000	5.7790e-006	-1.7091e+014	-1.7055e+014	1.7055e+014	5.2500e-015
6.300e+000	5.7802e-006	-1.7127e+014	-1.7091e+014	1.7091e+014	5.2500e-015
6.310e+000	5.7814e-006	-1.7163e+014	-1.7127e+014	1.7127e+014	5.2500e-015
6.320e+000	5.7826e-006	-1.7199e+014	-1.7163e+014	1.7163e+014	5.2500e-015
6.330e+000	5.7838e-006	-1.7235e+014	-1.7199e+014	1.7199e+014	5.2500e-015
6.340e+000	5.7850e-006	-1.7271e+014	-1.7235e+014	1.7235e+014	5.2500e-015
6.350e+000	5.7862e-006	-1.7307e+014	-1.7271e+014	1.7271e+014	5.2500e-015
6.360e+000	5.7873e-006	-1.7343e+014	-1.7307e+014	1.7307e+014	5.2500e-015
6.370e+000	5.7885e-006	-1.7380e+014	-1.7343e+014	1.7343e+014	5.2500e-015
6.380e+000	5.7897e-006	-1.7416e+014	-1.7380e+014	1.7380e+014	5.2500e-015
6.390e+000	5.7908e-006	-1.7452e+014	-1.7416e+014	1.7416e+014	5.2500e-015
6.400e+000	5.7920e-006	-1.7488e+014	-1.7452e+014	1.7452e+014	5.2500e-015
6.410e+000	5.7932e-006	-1.7524e+014	-1.7488e+014	1.7488e+014	5.2500e-015
6.420e+000	5.7943e-006	-1.7560e+014	-1.7524e+014	1.7524e+014	5.2500e-015
6.430e+000	5.7955e-006	-1.7596e+014	-1.7560e+014	1.7560e+014	5.2500e-015
6.440e+000	5.7966e-006	-1.7633e+014	-1.7596e+014	1.7596e+014	5.2500e-015
6.450e+000	5.7978e-006	-1.7669e+014	-1.7633e+014	1.7633e+014	5.2500e-015
6.460e+000	5.7990e-006	-1.7705e+014	-1.7669e+014	1.7669e+014	5.2500e-015
6.470e+000	5.8001e-006	-1.7741e+014	-1.7705e+014	1.7705e+014	5.2500e-015
6.480e+000	5.8012e-006	-1.7777e+014	-1.7741e+014	1.7741e+014	5.2500e-015
6.490e+000	5.8024e-006	-1.7814e+014	-1.7777e+014	1.7777e+014	5.2500e-015
6.500e+000	5.8035e-006	-1.7850e+014	-1.7814e+014	1.7814e+014	5.2500e-015
6.510e+000	5.8047e-006	-1.7886e+014	-1.7850e+014	1.7850e+014	5.2500e-015
6.520e+000	5.8058e-006	-1.7922e+014	-1.7886e+014	1.7886e+014	5.2500e-015
6.530e+000	5.8069e-006	-1.7959e+014	-1.7922e+014	1.7922e+014	5.2500e-015
6.540e+000	5.8081e-006	-1.7995e+014	-1.7959e+014	1.7959e+014	5.2500e-015
6.550e+000	5.8092e-006	-1.8031e+014	-1.7995e+014	1.7995e+014	5.2500e-015
6.560e+000	5.8103e-006	-1.8067e+014	-1.8031e+014	1.8031e+014	5.2500e-015
6.570e+000	5.8114e-006	-1.8104e+014	-1.8067e+014	1.8067e+014	5.2500e-015
6.580e+000	5.8126e-006	-1.8140e+014	-1.8104e+014	1.8104e+014	5.2500e-015
6.590e+000	5.8137e-006	-1.8176e+014	-1.8140e+014	1.8140e+014	5.2500e-015
6.600e+000	5.8148e-006	-1.8213e+014	-1.8176e+014	1.8176e+014	5.2500e-015
6.610e+000	5.8159e-006	-1.8249e+014	-1.8213e+014	1.8212e+014	5.2500e-015
6.620e+000	5.8170e-006	-1.8285e+014	-1.8249e+014	1.8249e+014	5.2500e-015
6.630e+000	5.8181e-006	-1.8321e+014	-1.8285e+014	1.8285e+014	5.2500e-015
6.640e+000	5.8192e-006	-1.8358e+014	-1.8321e+014	1.8321e+014	5.2500e-015
6.650e+000	5.8203e-006	-1.8394e+014	-1.8358e+014	1.8358e+014	5.2500e-015
6.660e+000	5.8214e-006	-1.8430e+014	-1.8394e+014	1.8394e+014	5.2500e-015
6.670e+000	5.8225e-006	-1.8467e+014	-1.8430e+014	1.8430e+014	5.2500e-015
6.680e+000	5.8236e-006	-1.8503e+014	-1.8467e+014	1.8467e+014	5.2500e-015
6.690e+000	5.8247e-006	-1.8539e+014	-1.8503e+014	1.8503e+014	5.2500e-015
6.700e+000	5.8258e-006	-1.8576e+014	-1.8539e+014	1.8539e+014	5.2500e-015
6.710e+000	5.8269e-006	-1.8612e+014	-1.8576e+014	1.8576e+014	5.2500e-015
6.720e+000	5.8280e-006	-1.8649e+014	-1.8612e+014	1.8612e+014	5.2500e-015
6.730e+000	5.8291e-006	-1.8685e+014	-1.8649e+014	1.8649e+014	5.2500e-015
6.740e+000	5.8302e-006	-1.8721e+014	-1.8685e+014	1.8685e+014	5.2500e-015
6.750e+000	5.8313e-006	-1.8758e+014	-1.8721e+014	1.8721e+014	5.2500e-015
6.760e+000	5.8323e-006	-1.8794e+014	-1.8758e+014	1.8758e+014	5.2500e-015
6.770e+000	5.8334e-006	-1.8831e+014	-1.8794e+014	1.8794e+014	5.2500e-015
6.780e+000	5.8345e-006	-1.8867e+014	-1.8831e+014	1.8831e+014	5.2500e-015
6.790e+000	5.8356e-006	-1.8903e+014	-1.8867e+014	1.8867e+014	5.2500e-015
6.800e+000	5.8366e-006	-1.8940e+014	-1.8903e+014	1.8903e+014	5.2500e-015
6.810e+000	5.8377e-006	-1.8976e+014	-1.8940e+014	1.8940e+014	5.2500e-015
6.820e+000	5.8388e-006	-1.9013e+014	-1.8976e+014	1.8976e+014	5.2500e-015
6.830e+000	5.8398e-006	-1.9049e+014	-1.9013e+014	1.9013e+014	5.2500e-015
6.840e+000	5.8409e-006	-1.9086e+014	-1.9049e+014	1.9049e+014	5.2500e-015
6.850e+000	5.8419e-006	-1.9122e+014	-1.9086e+014	1.9086e+014	5.2500e-015
6.860e+000	5.8430e-006	-1.9159e+014	-1.9122e+014	1.9122e+014	5.2500e-015
6.870e+000	5.8441e-006	-1.9195e+014	-1.9159e+014	1.9159e+014	5.2500e-015
6.880e+000	5.8451e-006	-1.9231e+014	-1.9195e+014	1.9195e+014	5.2500e-015
6.890e+000	5.8462e-006	-1.9268e+014	-1.9231e+014	1.9231e+014	5.2500e-015
6.900e+000	5.8472e-006	-1.9304e+014	-1.9268e+014	1.9268e+014	5.2500e-015
6.910e+000	5.8483e-006	-1.9341e+014	-1.9304e+014	1.9304e+014	5.2500e-015
6.920e+000	5.8493e-006	-1.9377e+014	-1.9341e+014	1.9341e+014	5.2500e-015
6.930e+000	5.8503e-006	-1.9414e+014	-1.9377e+014	1.9377e+014	5.2500e-015
6.940e+000	5.8514e-006	-1.9451e+014	-1.9414e+014	1.9414e+014	5.2500e-015
6.950e+000	5.8524e-006	-1.9487e+014	-1.9451e+014	1.9451e+014	5.2500e-015
6.960e+000	5.8535e-006	-1.9524e+014	-1.9487e+014	1.9487e+014	5.2500e-015
6.970e+000	5.8545e-006	-1.9560e+014	-1.9524e+014	1.9524e+014	5.2500e-015
6.980e+000	5.8555e-006	-1.9597e+014	-1.9560e+014	1.9560e+014	5.2500e-015
6.990e+000	5.8566e-006	-1.9633e+014	-1.9597e+014	1.9597e+014	5.2500e-015
7.000e+000	5.8576e-006	-1.9670e+014	-1.9633e+014	1.9633e+014	5.2500e-015
