V	C (Fcm-2)	Initcharge (cm-2)	Finalcharge (cm-2)	ns Total (cm-2)	ps Total (cm-2)
-8.000e+000	4.8003e-017	-9.3438e+000	-6.3477e+000	6.3476e+000	5.2500e-015
-7.990e+000	4.8003e-017	-9.3438e+000	-6.3477e+000	6.3476e+000	5.2500e-015
-7.980e+000	4.8003e-017	-9.3438e+000	-6.3477e+000	6.3476e+000	5.2500e-015
-7.970e+000	4.8003e-017	-9.3438e+000	-6.3477e+000	6.3476e+000	5.2500e-015
-7.960e+000	4.8003e-017	-9.3438e+000	-6.3477e+000	6.3476e+000	5.2500e-015
-7.950e+000	4.8003e-017	-9.3438e+000	-6.3477e+000	6.3476e+000	5.2500e-015
-7.940e+000	4.8003e-017	-9.3438e+000	-6.3477e+000	6.3476e+000	5.2500e-015
-7.930e+000	4.8003e-017	-9.3438e+000	-6.3477e+000	6.3476e+000	5.2500e-015
-7.920e+000	4.8003e-017	-9.3438e+000	-6.3477e+000	6.3476e+000	5.2500e-015
-7.910e+000	4.8003e-017	-9.3438e+000	-6.3477e+000	6.3476e+000	5.2500e-015
-7.900e+000	4.8003e-017	-9.3438e+000	-6.3477e+000	6.3476e+000	5.2500e-015
-7.890e+000	4.8003e-017	-9.3438e+000	-6.3477e+000	6.3476e+000	5.2500e-015
-7.880e+000	4.8003e-017	-9.3438e+000	-6.3477e+000	6.3476e+000	5.2500e-015
-7.870e+000	4.8003e-017	-9.3438e+000	-6.3477e+000	6.3476e+000	5.2500e-015
-7.860e+000	4.8003e-017	-9.3438e+000	-6.3477e+000	6.3476e+000	5.2500e-015
-7.850e+000	4.8003e-017	-9.3438e+000	-6.3477e+000	6.3476e+000	5.2500e-015
-7.840e+000	4.8003e-017	-9.3438e+000	-6.3477e+000	6.3476e+000	5.2500e-015
-7.830e+000	4.8003e-017	-9.3438e+000	-6.3477e+000	6.3476e+000	5.2500e-015
-7.820e+000	4.8003e-017	-9.3438e+000	-6.3477e+000	6.3476e+000	5.2500e-015
-7.810e+000	4.8003e-017	-9.3438e+000	-6.3477e+000	6.3476e+000	5.2500e-015
-7.800e+000	4.8003e-017	-9.3438e+000	-6.3477e+000	6.3476e+000	5.2500e-015
-7.790e+000	4.8003e-017	-9.3438e+000	-6.3477e+000	6.3476e+000	5.2500e-015
-7.780e+000	4.8003e-017	-9.3438e+000	-6.3477e+000	6.3476e+000	5.2500e-015
-7.770e+000	4.8003e-017	-9.3438e+000	-6.3477e+000	6.3476e+000	5.2500e-015
-7.760e+000	4.8003e-017	-9.3438e+000	-6.3477e+000	6.3476e+000	5.2500e-015
-7.750e+000	4.8003e-017	-9.3438e+000	-6.3477e+000	6.3476e+000	5.2500e-015
-7.740e+000	4.8003e-017	-9.3438e+000	-6.3477e+000	6.3476e+000	5.2500e-015
-7.730e+000	4.8003e-017	-9.3438e+000	-6.3477e+000	6.3476e+000	5.2500e-015
-7.720e+000	4.8003e-017	-9.3438e+000	-6.3477e+000	6.3476e+000	5.2500e-015
-7.710e+000	4.8003e-017	-9.3438e+000	-6.3477e+000	6.3476e+000	5.2500e-015
-7.700e+000	4.8003e-017	-9.3438e+000	-6.3477e+000	6.3476e+000	5.2500e-015
-7.690e+000	4.8003e-017	-9.3438e+000	-6.3477e+000	6.3476e+000	5.2500e-015
-7.680e+000	4.8003e-017	-9.3438e+000	-6.3477e+000	6.3476e+000	5.2500e-015
-7.670e+000	4.8003e-017	-9.3438e+000	-6.3477e+000	6.3476e+000	5.2500e-015
-7.660e+000	4.8003e-017	-9.3438e+000	-6.3477e+000	6.3476e+000	5.2500e-015
-7.650e+000	4.8003e-017	-9.3438e+000	-6.3477e+000	6.3476e+000	5.2500e-015
-7.640e+000	4.8003e-017	-9.3438e+000	-6.3477e+000	6.3476e+000	5.2500e-015
-7.630e+000	4.8003e-017	-9.3438e+000	-6.3477e+000	6.3476e+000	5.2500e-015
-7.620e+000	4.8003e-017	-9.3438e+000	-6.3477e+000	6.3476e+000	5.2500e-015
-7.610e+000	4.8003e-017	-9.3438e+000	-6.3477e+000	6.3476e+000	5.2500e-015
-7.600e+000	4.8003e-017	-9.3438e+000	-6.3477e+000	6.3476e+000	5.2500e-015
-7.590e+000	4.8003e-017	-9.3438e+000	-6.3477e+000	6.3476e+000	5.2500e-015
-7.580e+000	4.8003e-017	-9.3438e+000	-6.3477e+000	6.3476e+000	5.2500e-015
-7.570e+000	4.8003e-017	-9.3438e+000	-6.3477e+000	6.3476e+000	5.2500e-015
-7.560e+000	4.8003e-017	-9.3438e+000	-6.3477e+000	6.3476e+000	5.2500e-015
-7.550e+000	4.8003e-017	-9.3438e+000	-6.3477e+000	6.3476e+000	5.2500e-015
-7.540e+000	4.8003e-017	-9.3438e+000	-6.3477e+000	6.3476e+000	5.2500e-015
-7.530e+000	4.8003e-017	-9.3438e+000	-6.3477e+000	6.3476e+000	5.2500e-015
-7.520e+000	4.8003e-017	-9.3438e+000	-6.3477e+000	6.3476e+000	5.2500e-015
-7.510e+000	4.8003e-017	-9.3438e+000	-6.3477e+000	6.3476e+000	5.2500e-015
-7.500e+000	4.8003e-017	-9.3438e+000	-6.3477e+000	6.3476e+000	5.2500e-015
-7.490e+000	4.8003e-017	-9.3438e+000	-6.3477e+000	6.3476e+000	5.2500e-015
-7.480e+000	4.8003e-017	-9.3438e+000	-6.3477e+000	6.3476e+000	5.2500e-015
-7.470e+000	4.8003e-017	-9.3438e+000	-6.3477e+000	6.3476e+000	5.2500e-015
-7.460e+000	4.8003e-017	-9.3438e+000	-6.3477e+000	6.3476e+000	5.2500e-015
-7.450e+000	4.8003e-017	-9.3438e+000	-6.3477e+000	6.3476e+000	5.2500e-015
-7.440e+000	4.8003e-017	-9.3438e+000	-6.3477e+000	6.3476e+000	5.2500e-015
-7.430e+000	4.8003e-017	-9.3438e+000	-6.3477e+000	6.3476e+000	5.2500e-015
-7.420e+000	4.8003e-017	-9.3438e+000	-6.3477e+000	6.3476e+000	5.2500e-015
-7.410e+000	4.8003e-017	-9.3438e+000	-6.3477e+000	6.3476e+000	5.2500e-015
-7.400e+000	4.8003e-017	-9.3438e+000	-6.3477e+000	6.3476e+000	5.2500e-015
-7.390e+000	4.8003e-017	-9.3438e+000	-6.3477e+000	6.3476e+000	5.2500e-015
-7.380e+000	4.8003e-017	-9.3438e+000	-6.3477e+000	6.3476e+000	5.2500e-015
-7.370e+000	4.8003e-017	-9.3438e+000	-6.3477e+000	6.3476e+000	5.2500e-015
-7.360e+000	4.8003e-017	-9.3439e+000	-6.3477e+000	6.3477e+000	5.2500e-015
-7.350e+000	4.8004e-017	-9.3439e+000	-6.3478e+000	6.3477e+000	5.2500e-015
-7.340e+000	4.8004e-017	-9.3440e+000	-6.3478e+000	6.3478e+000	5.2500e-015
-7.330e+000	4.8005e-017	-9.3441e+000	-6.3479e+000	6.3478e+000	5.2500e-015
-7.320e+000	4.8006e-017	-9.3443e+000	-6.3480e+000	6.3480e+000	5.2500e-015
-7.310e+000	4.8007e-017	-9.3446e+000	-6.3482e+000	6.3482e+000	5.2500e-015
-7.300e+000	4.8009e-017	-9.3450e+000	-6.3485e+000	6.3484e+000	5.2500e-015
-7.290e+000	4.8012e-017	-9.3456e+000	-6.3489e+000	6.3488e+000	5.2500e-015
-7.280e+000	4.8017e-017	-9.3465e+000	-6.3495e+000	6.3494e+000	5.2500e-015
-7.270e+000	4.8023e-017	-9.3477e+000	-6.3504e+000	6.3503e+000	5.2500e-015
-7.260e+000	4.8033e-017	-9.3496e+000	-6.3516e+000	6.3516e+000	5.2500e-015
-7.250e+000	4.8047e-017	-9.3524e+000	-6.3535e+000	6.3534e+000	5.2500e-015
-7.240e+000	4.8068e-017	-9.3565e+000	-6.3563e+000	6.3562e+000	5.2500e-015
-7.230e+000	4.8099e-017	-9.3625e+000	-6.3604e+000	6.3603e+000	5.2500e-015
-7.220e+000	4.8144e-017	-9.3713e+000	-6.3664e+000	6.3663e+000	5.2500e-015
-7.210e+000	4.8211e-017	-9.3843e+000	-6.3752e+000	6.3751e+000	5.2500e-015
-7.200e+000	4.8310e-017	-9.4035e+000	-6.3882e+000	6.3881e+000	5.2500e-015
-7.190e+000	4.8455e-017	-9.4317e+000	-6.4074e+000	6.4073e+000	5.2500e-015
-7.180e+000	4.8668e-017	-9.4732e+000	-6.4356e+000	6.4355e+000	5.2500e-015
-7.170e+000	4.8982e-017	-9.5343e+000	-6.4771e+000	6.4770e+000	5.2500e-015
-7.160e+000	4.9445e-017	-9.6243e+000	-6.5382e+000	6.5382e+000	5.2500e-015
-7.150e+000	5.0157e-017	-9.7588e+000	-6.6282e+000	6.6282e+000	5.2500e-015
-7.140e+000	5.1129e-017	-9.9539e+000	-6.7627e+000	6.7607e+000	5.2500e-015
-7.130e+000	5.2605e-017	-1.0241e+001	-6.9578e+000	6.9558e+000	5.2500e-015
-7.120e+000	5.4810e-017	-1.0666e+001	-7.2450e+000	7.2430e+000	5.2500e-015
-7.110e+000	5.7979e-017	-1.1289e+001	-7.6699e+000	7.6659e+000	5.2500e-015
-7.100e+000	6.2737e-017	-1.2208e+001	-8.2925e+000	8.2886e+000	5.2500e-015
-7.090e+000	6.9705e-017	-1.3563e+001	-9.2122e+000	9.2053e+000	5.2500e-015
-7.080e+000	7.9949e-017	-1.5557e+001	-1.0567e+001	1.0555e+001	5.2500e-015
-7.070e+000	9.5016e-017	-1.8491e+001	-1.2561e+001	1.2542e+001	5.2500e-015
-7.060e+000	1.1718e-016	-2.2809e+001	-1.5495e+001	1.5468e+001	5.2500e-015
-7.050e+000	1.4993e-016	-2.9171e+001	-1.9813e+001	1.9775e+001	5.2500e-015
-7.040e+000	1.9806e-016	-3.8537e+001	-2.6175e+001	2.6116e+001	5.2500e-015
-7.030e+000	2.6886e-016	-5.2322e+001	-3.5541e+001	3.5453e+001	5.2500e-015
-7.020e+000	3.7325e-016	-7.2622e+001	-4.9326e+001	4.9199e+001	5.2500e-015
-7.010e+000	5.2682e-016	-1.0251e+002	-6.9626e+001	6.9437e+001	5.2500e-015
-7.000e+000	7.5297e-016	-1.4651e+002	-9.9511e+001	9.9233e+001	5.2500e-015
-6.990e+000	1.0859e-015	-2.1129e+002	-1.4351e+002	1.4310e+002	5.2500e-015
-6.980e+000	1.5761e-015	-3.0666e+002	-2.0829e+002	2.0769e+002	5.2500e-015
-6.970e+000	2.2978e-015	-4.4709e+002	-3.0367e+002	3.0278e+002	5.2500e-015
-6.960e+000	3.3604e-015	-6.5383e+002	-4.4409e+002	4.4278e+002	5.2500e-015
-6.950e+000	4.9248e-015	-9.5821e+002	-6.5083e+002	6.4890e+002	5.2500e-015
-6.940e+000	7.2280e-015	-1.4063e+003	-9.5522e+002	9.5237e+002	5.2500e-015
-6.930e+000	1.0619e-014	-2.0661e+003	-1.4034e+003	1.3992e+003	5.2500e-015
-6.920e+000	1.5612e-014	-3.0375e+003	-2.0631e+003	2.0570e+003	5.2500e-015
-6.910e+000	2.2962e-014	-4.4677e+003	-3.0345e+003	3.0255e+003	5.2500e-015
-6.900e+000	3.3784e-014	-6.5733e+003	-4.4647e+003	4.4514e+003	5.2500e-015
-6.890e+000	4.9717e-014	-9.6734e+003	-6.5704e+003	6.5507e+003	5.2500e-015
-6.880e+000	7.3175e-014	-1.4238e+004	-9.6704e+003	9.6415e+003	5.2500e-015
-6.870e+000	1.0771e-013	-2.0958e+004	-1.4235e+004	1.4192e+004	5.2500e-015
-6.860e+000	1.5856e-013	-3.0851e+004	-2.0955e+004	2.0892e+004	5.2500e-015
-6.850e+000	2.3342e-013	-4.5417e+004	-3.0848e+004	3.0756e+004	5.2500e-015
-6.840e+000	3.4364e-013	-6.6862e+004	-4.5414e+004	4.5278e+004	5.2500e-015
-6.830e+000	5.0591e-013	-9.8436e+004	-6.6859e+004	6.6659e+004	5.2500e-015
-6.820e+000	7.4482e-013	-1.4492e+005	-9.8433e+004	9.8138e+004	5.2500e-015
-6.810e+000	1.0965e-012	-2.1336e+005	-1.4492e+005	1.4448e+005	5.2500e-015
-6.800e+000	1.6144e-012	-3.1412e+005	-2.1336e+005	2.1272e+005	5.2500e-015
-6.790e+000	2.3767e-012	-4.6245e+005	-3.1411e+005	3.1317e+005	5.2500e-015
-6.780e+000	3.4990e-012	-6.8084e+005	-4.6245e+005	4.6107e+005	5.2500e-015
-6.770e+000	5.1511e-012	-1.0023e+006	-6.8084e+005	6.7880e+005	5.2500e-015
-6.760e+000	7.5830e-012	-1.4756e+006	-1.0023e+006	9.9934e+005	5.2500e-015
-6.750e+000	1.1162e-011	-2.1723e+006	-1.4756e+006	1.4712e+006	5.2500e-015
-6.740e+000	1.6430e-011	-3.1978e+006	-2.1723e+006	2.1658e+006	5.2500e-015
-6.730e+000	2.4181e-011	-4.7071e+006	-3.1978e+006	3.1883e+006	5.2500e-015
-6.720e+000	3.5583e-011	-6.9280e+006	-4.7071e+006	4.6930e+006	5.2500e-015
-6.710e+000	5.2348e-011	-1.0195e+007	-6.9280e+006	6.9073e+006	5.2500e-015
-6.700e+000	7.6983e-011	-1.5000e+007	-1.0195e+007	1.0165e+007	5.2500e-015
-6.690e+000	1.1315e-010	-2.2062e+007	-1.5000e+007	1.4955e+007	5.2500e-015
-6.680e+000	1.6618e-010	-3.2435e+007	-2.2062e+007	2.1997e+007	5.2500e-015
-6.670e+000	2.4378e-010	-4.7650e+007	-3.2435e+007	3.2338e+007	5.2500e-015
-6.660e+000	3.5702e-010	-6.9934e+007	-4.7650e+007	4.7508e+007	5.2500e-015
-6.650e+000	5.2161e-010	-1.0249e+008	-6.9934e+007	6.9725e+007	5.2500e-015
-6.640e+000	7.5942e-010	-1.4989e+008	-1.0249e+008	1.0218e+008	5.2500e-015
-6.630e+000	1.1002e-009	-2.1856e+008	-1.4989e+008	1.4944e+008	5.2500e-015
-6.620e+000	1.5831e-009	-3.1737e+008	-2.1856e+008	2.1792e+008	5.2500e-015
-6.610e+000	2.2567e-009	-4.5822e+008	-3.1737e+008	3.1644e+008	5.2500e-015
-6.600e+000	3.1772e-009	-6.5653e+008	-4.5822e+008	4.5689e+008	5.2500e-015
-6.590e+000	4.4029e-009	-9.3133e+008	-6.5653e+008	6.5464e+008	5.2500e-015
-6.580e+000	5.9859e-009	-1.3049e+009	-9.3133e+008	9.2870e+008	5.2500e-015
-6.570e+000	7.9617e-009	-1.8019e+009	-1.3049e+009	1.3013e+009	5.2500e-015
-6.560e+000	1.0345e-008	-2.4475e+009	-1.8019e+009	1.7970e+009	5.2500e-015
-6.550e+000	1.3131e-008	-3.2671e+009	-2.4475e+009	2.4412e+009	5.2500e-015
-6.540e+000	1.6308e-008	-4.2849e+009	-3.2671e+009	3.2590e+009	5.2500e-015
-6.530e+000	1.9871e-008	-5.5252e+009	-4.2849e+009	4.2749e+009	5.2500e-015
-6.520e+000	2.3829e-008	-7.0124e+009	-5.5252e+009	5.5130e+009	5.2500e-015
-6.510e+000	2.8207e-008	-8.7730e+009	-7.0124e+009	6.9980e+009	5.2500e-015
-6.500e+000	3.3044e-008	-1.0835e+010	-8.7730e+009	8.7563e+009	5.2500e-015
-6.490e+000	3.8378e-008	-1.3231e+010	-1.0835e+010	1.0817e+010	5.2500e-015
-6.480e+000	4.4245e-008	-1.5992e+010	-1.3231e+010	1.3210e+010	5.2500e-015
-6.470e+000	5.0663e-008	-1.9154e+010	-1.5992e+010	1.5969e+010	5.2500e-015
-6.460e+000	5.7632e-008	-2.2751e+010	-1.9154e+010	1.9130e+010	5.2500e-015
-6.450e+000	6.5127e-008	-2.6816e+010	-2.2751e+010	2.2725e+010	5.2500e-015
-6.440e+000	7.3101e-008	-3.1379e+010	-2.6816e+010	2.6788e+010	5.2500e-015
-6.430e+000	8.1484e-008	-3.6465e+010	-3.1379e+010	3.1350e+010	5.2500e-015
-6.420e+000	9.0186e-008	-4.2094e+010	-3.6465e+010	3.6434e+010	5.2500e-015
-6.410e+000	9.9108e-008	-4.8280e+010	-4.2094e+010	4.2062e+010	5.2500e-015
-6.400e+000	1.0815e-007	-5.5029e+010	-4.8280e+010	4.8247e+010	5.2500e-015
-6.390e+000	1.1720e-007	-6.2344e+010	-5.5029e+010	5.4996e+010	5.2500e-015
-6.380e+000	1.2616e-007	-7.0219e+010	-6.2344e+010	6.2310e+010	5.2500e-015
-6.370e+000	1.3496e-007	-7.8643e+010	-7.0219e+010	7.0184e+010	5.2500e-015
-6.360e+000	1.4353e-007	-8.7601e+010	-7.8643e+010	7.8607e+010	5.2500e-015
-6.350e+000	1.5179e-007	-9.7075e+010	-8.7601e+010	8.7565e+010	5.2500e-015
-6.340e+000	1.5973e-007	-1.0704e+011	-9.7075e+010	9.7039e+010	5.2500e-015
-6.330e+000	1.6663e-007	-1.1744e+011	-1.0704e+011	1.0701e+011	5.2500e-015
-6.320e+000	1.7393e-007	-1.2830e+011	-1.1744e+011	1.1741e+011	5.2500e-015
-6.310e+000	1.8079e-007	-1.3958e+011	-1.2830e+011	1.2826e+011	5.2500e-015
-6.300e+000	1.8699e-007	-1.5125e+011	-1.3958e+011	1.3955e+011	5.2500e-015
-6.290e+000	1.9307e-007	-1.6330e+011	-1.5125e+011	1.5122e+011	5.2500e-015
-6.280e+000	1.9866e-007	-1.7570e+011	-1.6330e+011	1.6327e+011	5.2500e-015
-6.270e+000	2.0391e-007	-1.8843e+011	-1.7570e+011	1.7567e+011	5.2500e-015
-6.260e+000	2.0882e-007	-2.0147e+011	-1.8843e+011	1.8839e+011	5.2500e-015
-6.250e+000	2.1342e-007	-2.1479e+011	-2.0147e+011	2.0143e+011	5.2500e-015
-6.240e+000	2.1773e-007	-2.2838e+011	-2.1479e+011	2.1475e+011	5.2500e-015
-6.230e+000	2.2176e-007	-2.4222e+011	-2.2838e+011	2.2834e+011	5.2500e-015
-6.220e+000	2.2557e-007	-2.5630e+011	-2.4222e+011	2.4218e+011	5.2500e-015
-6.210e+000	2.2905e-007	-2.7059e+011	-2.5630e+011	2.5626e+011	5.2500e-015
-6.200e+000	2.3239e-007	-2.8510e+011	-2.7059e+011	2.7055e+011	5.2500e-015
-6.190e+000	2.3544e-007	-2.9979e+011	-2.8510e+011	2.8506e+011	5.2500e-015
-6.180e+000	2.3838e-007	-3.1467e+011	-2.9979e+011	2.9975e+011	5.2500e-015
-6.170e+000	2.4106e-007	-3.2971e+011	-3.1467e+011	3.1463e+011	5.2500e-015
-6.160e+000	2.4364e-007	-3.4492e+011	-3.2971e+011	3.2968e+011	5.2500e-015
-6.150e+000	2.4604e-007	-3.6028e+011	-3.4492e+011	3.4488e+011	5.2500e-015
-6.140e+000	2.4826e-007	-3.7577e+011	-3.6028e+011	3.6024e+011	5.2500e-015
-6.130e+000	2.5041e-007	-3.9140e+011	-3.7577e+011	3.7573e+011	5.2500e-015
-6.120e+000	2.5241e-007	-4.0716e+011	-3.9140e+011	3.9136e+011	5.2500e-015
-6.110e+000	2.5427e-007	-4.2303e+011	-4.0716e+011	4.0712e+011	5.2500e-015
-6.100e+000	2.5607e-007	-4.3901e+011	-4.2303e+011	4.2299e+011	5.2500e-015
-6.090e+000	2.5774e-007	-4.5510e+011	-4.3901e+011	4.3897e+011	5.2500e-015
-6.080e+000	2.5933e-007	-4.7128e+011	-4.5510e+011	4.5506e+011	5.2500e-015
-6.070e+000	2.6083e-007	-4.8756e+011	-4.7128e+011	4.7124e+011	5.2500e-015
-6.060e+000	2.6223e-007	-5.0393e+011	-4.8756e+011	4.8752e+011	5.2500e-015
-6.050e+000	2.6359e-007	-5.2038e+011	-5.0393e+011	5.0389e+011	5.2500e-015
-6.040e+000	2.6487e-007	-5.3691e+011	-5.2038e+011	5.2034e+011	5.2500e-015
-6.030e+000	2.6608e-007	-5.5352e+011	-5.3691e+011	5.3687e+011	5.2500e-015
-6.020e+000	2.6723e-007	-5.7020e+011	-5.5352e+011	5.5348e+011	5.2500e-015
-6.010e+000	2.6832e-007	-5.8695e+011	-5.7020e+011	5.7016e+011	5.2500e-015
-6.000e+000	2.6937e-007	-6.0376e+011	-5.8695e+011	5.8691e+011	5.2500e-015
-5.990e+000	2.7036e-007	-6.2063e+011	-6.0376e+011	6.0372e+011	5.2500e-015
-5.980e+000	2.7130e-007	-6.3757e+011	-6.2063e+011	6.2059e+011	5.2500e-015
-5.970e+000	2.7220e-007	-6.5456e+011	-6.3757e+011	6.3753e+011	5.2500e-015
-5.960e+000	2.7306e-007	-6.7160e+011	-6.5456e+011	6.5452e+011	5.2500e-015
-5.950e+000	2.7388e-007	-6.8869e+011	-6.7160e+011	6.7156e+011	5.2500e-015
-5.940e+000	2.7467e-007	-7.0584e+011	-6.8869e+011	6.8866e+011	5.2500e-015
-5.930e+000	2.7542e-007	-7.2303e+011	-7.0584e+011	7.0580e+011	5.2500e-015
-5.920e+000	2.7613e-007	-7.4026e+011	-7.2303e+011	7.2299e+011	5.2500e-015
-5.910e+000	2.7682e-007	-7.5754e+011	-7.4026e+011	7.4022e+011	5.2500e-015
-5.900e+000	2.7748e-007	-7.7486e+011	-7.5754e+011	7.5750e+011	5.2500e-015
-5.890e+000	2.7811e-007	-7.9222e+011	-7.7486e+011	7.7482e+011	5.2500e-015
-5.880e+000	2.7872e-007	-8.0961e+011	-7.9222e+011	7.9218e+011	5.2500e-015
-5.870e+000	2.7930e-007	-8.2705e+011	-8.0961e+011	8.0957e+011	5.2500e-015
-5.860e+000	2.7986e-007	-8.4451e+011	-8.2705e+011	8.2701e+011	5.2500e-015
-5.850e+000	2.8039e-007	-8.6201e+011	-8.4451e+011	8.4447e+011	5.2500e-015
-5.840e+000	2.8091e-007	-8.7955e+011	-8.6201e+011	8.6198e+011	5.2500e-015
-5.830e+000	2.8141e-007	-8.9711e+011	-8.7955e+011	8.7951e+011	5.2500e-015
-5.820e+000	2.8188e-007	-9.1471e+011	-8.9711e+011	8.9707e+011	5.2500e-015
-5.810e+000	2.8234e-007	-9.3233e+011	-9.1471e+011	9.1467e+011	5.2500e-015
-5.800e+000	2.8278e-007	-9.4998e+011	-9.3233e+011	9.3229e+011	5.2500e-015
-5.790e+000	2.8321e-007	-9.6765e+011	-9.4998e+011	9.4994e+011	5.2500e-015
-5.780e+000	2.8363e-007	-9.8536e+011	-9.6765e+011	9.6761e+011	5.2500e-015
-5.770e+000	2.8402e-007	-1.0031e+012	-9.8536e+011	9.8532e+011	5.2500e-015
-5.760e+000	2.8441e-007	-1.0208e+012	-1.0031e+012	1.0030e+012	5.2500e-015
-5.750e+000	2.8478e-007	-1.0386e+012	-1.0208e+012	1.0208e+012	5.2500e-015
-5.740e+000	2.8514e-007	-1.0564e+012	-1.0386e+012	1.0386e+012	5.2500e-015
-5.730e+000	2.8548e-007	-1.0742e+012	-1.0564e+012	1.0564e+012	5.2500e-015
-5.720e+000	2.8582e-007	-1.0921e+012	-1.0742e+012	1.0742e+012	5.2500e-015
-5.710e+000	2.8614e-007	-1.1099e+012	-1.0921e+012	1.0920e+012	5.2500e-015
-5.700e+000	2.8646e-007	-1.1278e+012	-1.1099e+012	1.1099e+012	5.2500e-015
-5.690e+000	2.8676e-007	-1.1457e+012	-1.1278e+012	1.1278e+012	5.2500e-015
-5.680e+000	2.8706e-007	-1.1636e+012	-1.1457e+012	1.1457e+012	5.2500e-015
-5.670e+000	2.8734e-007	-1.1816e+012	-1.1636e+012	1.1636e+012	5.2500e-015
-5.660e+000	2.8762e-007	-1.1995e+012	-1.1816e+012	1.1815e+012	5.2500e-015
-5.650e+000	2.8789e-007	-1.2175e+012	-1.1995e+012	1.1995e+012	5.2500e-015
-5.640e+000	2.8815e-007	-1.2355e+012	-1.2175e+012	1.2174e+012	5.2500e-015
-5.630e+000	2.8840e-007	-1.2535e+012	-1.2355e+012	1.2354e+012	5.2500e-015
-5.620e+000	2.8865e-007	-1.2715e+012	-1.2535e+012	1.2534e+012	5.2500e-015
-5.610e+000	2.8889e-007	-1.2895e+012	-1.2715e+012	1.2714e+012	5.2500e-015
-5.600e+000	2.8912e-007	-1.3076e+012	-1.2895e+012	1.2895e+012	5.2500e-015
-5.590e+000	2.8935e-007	-1.3256e+012	-1.3076e+012	1.3075e+012	5.2500e-015
-5.580e+000	2.8957e-007	-1.3437e+012	-1.3256e+012	1.3256e+012	5.2500e-015
-5.570e+000	2.8978e-007	-1.3618e+012	-1.3437e+012	1.3436e+012	5.2500e-015
-5.560e+000	2.8999e-007	-1.3799e+012	-1.3618e+012	1.3617e+012	5.2500e-015
-5.550e+000	2.9019e-007	-1.3980e+012	-1.3799e+012	1.3798e+012	5.2500e-015
-5.540e+000	2.9039e-007	-1.4161e+012	-1.3980e+012	1.3979e+012	5.2500e-015
-5.530e+000	2.9058e-007	-1.4342e+012	-1.4161e+012	1.4161e+012	5.2500e-015
-5.520e+000	2.9077e-007	-1.4524e+012	-1.4342e+012	1.4342e+012	5.2500e-015
-5.510e+000	2.9095e-007	-1.4706e+012	-1.4524e+012	1.4524e+012	5.2500e-015
-5.500e+000	2.9113e-007	-1.4887e+012	-1.4706e+012	1.4705e+012	5.2500e-015
-5.490e+000	2.9130e-007	-1.5069e+012	-1.4887e+012	1.4887e+012	5.2500e-015
-5.480e+000	2.9147e-007	-1.5251e+012	-1.5069e+012	1.5069e+012	5.2500e-015
-5.470e+000	2.9164e-007	-1.5433e+012	-1.5251e+012	1.5251e+012	5.2500e-015
-5.460e+000	2.9180e-007	-1.5615e+012	-1.5433e+012	1.5433e+012	5.2500e-015
-5.450e+000	2.9195e-007	-1.5797e+012	-1.5615e+012	1.5615e+012	5.2500e-015
-5.440e+000	2.9211e-007	-1.5980e+012	-1.5797e+012	1.5797e+012	5.2500e-015
-5.430e+000	2.9226e-007	-1.6162e+012	-1.5980e+012	1.5979e+012	5.2500e-015
-5.420e+000	2.9241e-007	-1.6345e+012	-1.6162e+012	1.6162e+012	5.2500e-015
-5.410e+000	2.9255e-007	-1.6527e+012	-1.6345e+012	1.6344e+012	5.2500e-015
-5.400e+000	2.9269e-007	-1.6710e+012	-1.6527e+012	1.6527e+012	5.2500e-015
-5.390e+000	2.9283e-007	-1.6893e+012	-1.6710e+012	1.6709e+012	5.2500e-015
-5.380e+000	2.9296e-007	-1.7075e+012	-1.6893e+012	1.6892e+012	5.2500e-015
-5.370e+000	2.9309e-007	-1.7258e+012	-1.7075e+012	1.7075e+012	5.2500e-015
-5.360e+000	2.9322e-007	-1.7441e+012	-1.7258e+012	1.7258e+012	5.2500e-015
-5.350e+000	2.9335e-007	-1.7625e+012	-1.7441e+012	1.7441e+012	5.2500e-015
-5.340e+000	2.9347e-007	-1.7808e+012	-1.7625e+012	1.7624e+012	5.2500e-015
-5.330e+000	2.9359e-007	-1.7991e+012	-1.7808e+012	1.7807e+012	5.2500e-015
-5.320e+000	2.9371e-007	-1.8174e+012	-1.7991e+012	1.7991e+012	5.2500e-015
-5.310e+000	2.9383e-007	-1.8358e+012	-1.8174e+012	1.8174e+012	5.2500e-015
-5.300e+000	2.9394e-007	-1.8541e+012	-1.8358e+012	1.8357e+012	5.2500e-015
-5.290e+000	2.9405e-007	-1.8725e+012	-1.8541e+012	1.8541e+012	5.2500e-015
-5.280e+000	2.9416e-007	-1.8908e+012	-1.8725e+012	1.8724e+012	5.2500e-015
-5.270e+000	2.9427e-007	-1.9092e+012	-1.8908e+012	1.8908e+012	5.2500e-015
-5.260e+000	2.9437e-007	-1.9276e+012	-1.9092e+012	1.9091e+012	5.2500e-015
-5.250e+000	2.9448e-007	-1.9459e+012	-1.9276e+012	1.9275e+012	5.2500e-015
-5.240e+000	2.9458e-007	-1.9643e+012	-1.9459e+012	1.9459e+012	5.2500e-015
-5.230e+000	2.9468e-007	-1.9827e+012	-1.9643e+012	1.9643e+012	5.2500e-015
-5.220e+000	2.9477e-007	-2.0011e+012	-1.9827e+012	1.9827e+012	5.2500e-015
-5.210e+000	2.9487e-007	-2.0195e+012	-2.0011e+012	2.0011e+012	5.2500e-015
-5.200e+000	2.9496e-007	-2.0379e+012	-2.0195e+012	2.0195e+012	5.2500e-015
-5.190e+000	2.9506e-007	-2.0564e+012	-2.0379e+012	2.0379e+012	5.2500e-015
-5.180e+000	2.9515e-007	-2.0748e+012	-2.0564e+012	2.0563e+012	5.2500e-015
-5.170e+000	2.9524e-007	-2.0932e+012	-2.0748e+012	2.0747e+012	5.2500e-015
-5.160e+000	2.9532e-007	-2.1116e+012	-2.0932e+012	2.0932e+012	5.2500e-015
-5.150e+000	2.9541e-007	-2.1301e+012	-2.1116e+012	2.1116e+012	5.2500e-015
-5.140e+000	2.9549e-007	-2.1485e+012	-2.1301e+012	2.1300e+012	5.2500e-015
-5.130e+000	2.9558e-007	-2.1670e+012	-2.1485e+012	2.1485e+012	5.2500e-015
-5.120e+000	2.9566e-007	-2.1854e+012	-2.1670e+012	2.1669e+012	5.2500e-015
-5.110e+000	2.9574e-007	-2.2039e+012	-2.1854e+012	2.1854e+012	5.2500e-015
-5.100e+000	2.9582e-007	-2.2223e+012	-2.2039e+012	2.2038e+012	5.2500e-015
-5.090e+000	2.9590e-007	-2.2408e+012	-2.2223e+012	2.2223e+012	5.2500e-015
-5.080e+000	2.9597e-007	-2.2593e+012	-2.2408e+012	2.2408e+012	5.2500e-015
-5.070e+000	2.9605e-007	-2.2778e+012	-2.2593e+012	2.2592e+012	5.2500e-015
-5.060e+000	2.9612e-007	-2.2962e+012	-2.2778e+012	2.2777e+012	5.2500e-015
-5.050e+000	2.9620e-007	-2.3147e+012	-2.2962e+012	2.2962e+012	5.2500e-015
-5.040e+000	2.9627e-007	-2.3332e+012	-2.3147e+012	2.3147e+012	5.2500e-015
-5.030e+000	2.9634e-007	-2.3517e+012	-2.3332e+012	2.3332e+012	5.2500e-015
-5.020e+000	2.9641e-007	-2.3702e+012	-2.3517e+012	2.3517e+012	5.2500e-015
-5.010e+000	2.9648e-007	-2.3887e+012	-2.3702e+012	2.3702e+012	5.2500e-015
-5.000e+000	2.9655e-007	-2.4072e+012	-2.3887e+012	2.3887e+012	5.2500e-015
-4.990e+000	2.9661e-007	-2.4257e+012	-2.4072e+012	2.4072e+012	5.2500e-015
-4.980e+000	2.9668e-007	-2.4443e+012	-2.4257e+012	2.4257e+012	5.2500e-015
-4.970e+000	2.9674e-007	-2.4628e+012	-2.4443e+012	2.4442e+012	5.2500e-015
-4.960e+000	2.9681e-007	-2.4813e+012	-2.4628e+012	2.4627e+012	5.2500e-015
-4.950e+000	2.9687e-007	-2.4998e+012	-2.4813e+012	2.4813e+012	5.2500e-015
-4.940e+000	2.9693e-007	-2.5184e+012	-2.4998e+012	2.4998e+012	5.2500e-015
-4.930e+000	2.9700e-007	-2.5369e+012	-2.5184e+012	2.5183e+012	5.2500e-015
-4.920e+000	2.9706e-007	-2.5554e+012	-2.5369e+012	2.5369e+012	5.2500e-015
-4.910e+000	2.9712e-007	-2.5740e+012	-2.5554e+012	2.5554e+012	5.2500e-015
-4.900e+000	2.9717e-007	-2.5925e+012	-2.5740e+012	2.5739e+012	5.2500e-015
-4.890e+000	2.9723e-007	-2.6111e+012	-2.5925e+012	2.5925e+012	5.2500e-015
-4.880e+000	2.9729e-007	-2.6296e+012	-2.6111e+012	2.6110e+012	5.2500e-015
-4.870e+000	2.9735e-007	-2.6482e+012	-2.6296e+012	2.6296e+012	5.2500e-015
-4.860e+000	2.9740e-007	-2.6668e+012	-2.6482e+012	2.6482e+012	5.2500e-015
-4.850e+000	2.9746e-007	-2.6853e+012	-2.6668e+012	2.6667e+012	5.2500e-015
-4.840e+000	2.9751e-007	-2.7039e+012	-2.6853e+012	2.6853e+012	5.2500e-015
-4.830e+000	2.9757e-007	-2.7225e+012	-2.7039e+012	2.7039e+012	5.2500e-015
-4.820e+000	2.9762e-007	-2.7410e+012	-2.7225e+012	2.7224e+012	5.2500e-015
-4.810e+000	2.9767e-007	-2.7596e+012	-2.7410e+012	2.7410e+012	5.2500e-015
-4.800e+000	2.9772e-007	-2.7782e+012	-2.7596e+012	2.7596e+012	5.2500e-015
-4.790e+000	2.9777e-007	-2.7968e+012	-2.7782e+012	2.7782e+012	5.2500e-015
-4.780e+000	2.9782e-007	-2.8154e+012	-2.7968e+012	2.7968e+012	5.2500e-015
-4.770e+000	2.9787e-007	-2.8340e+012	-2.8154e+012	2.8153e+012	5.2500e-015
-4.760e+000	2.9792e-007	-2.8526e+012	-2.8340e+012	2.8339e+012	5.2500e-015
-4.750e+000	2.9797e-007	-2.8712e+012	-2.8526e+012	2.8525e+012	5.2500e-015
-4.740e+000	2.9802e-007	-2.8898e+012	-2.8712e+012	2.8711e+012	5.2500e-015
-4.730e+000	2.9807e-007	-2.9084e+012	-2.8898e+012	2.8897e+012	5.2500e-015
-4.720e+000	2.9812e-007	-2.9270e+012	-2.9084e+012	2.9083e+012	5.2500e-015
-4.710e+000	2.9816e-007	-2.9456e+012	-2.9270e+012	2.9269e+012	5.2500e-015
-4.700e+000	2.9821e-007	-2.9642e+012	-2.9456e+012	2.9456e+012	5.2500e-015
-4.690e+000	2.9825e-007	-2.9828e+012	-2.9642e+012	2.9642e+012	5.2500e-015
-4.680e+000	2.9830e-007	-3.0014e+012	-2.9828e+012	2.9828e+012	5.2500e-015
-4.670e+000	2.9834e-007	-3.0201e+012	-3.0014e+012	3.0014e+012	5.2500e-015
-4.660e+000	2.9839e-007	-3.0387e+012	-3.0201e+012	3.0200e+012	5.2500e-015
-4.650e+000	2.9843e-007	-3.0573e+012	-3.0387e+012	3.0386e+012	5.2500e-015
-4.640e+000	2.9847e-007	-3.0759e+012	-3.0573e+012	3.0573e+012	5.2500e-015
-4.630e+000	2.9852e-007	-3.0946e+012	-3.0759e+012	3.0759e+012	5.2500e-015
-4.620e+000	2.9856e-007	-3.1132e+012	-3.0946e+012	3.0945e+012	5.2500e-015
-4.610e+000	2.9860e-007	-3.1318e+012	-3.1132e+012	3.1132e+012	5.2500e-015
-4.600e+000	2.9864e-007	-3.1505e+012	-3.1318e+012	3.1318e+012	5.2500e-015
-4.590e+000	2.9868e-007	-3.1691e+012	-3.1505e+012	3.1504e+012	5.2500e-015
-4.580e+000	2.9872e-007	-3.1878e+012	-3.1691e+012	3.1691e+012	5.2500e-015
-4.570e+000	2.9876e-007	-3.2064e+012	-3.1878e+012	3.1877e+012	5.2500e-015
-4.560e+000	2.9880e-007	-3.2251e+012	-3.2064e+012	3.2064e+012	5.2500e-015
-4.550e+000	2.9884e-007	-3.2437e+012	-3.2251e+012	3.2250e+012	5.2500e-015
-4.540e+000	2.9888e-007	-3.2624e+012	-3.2437e+012	3.2437e+012	5.2500e-015
-4.530e+000	2.9892e-007	-3.2810e+012	-3.2624e+012	3.2623e+012	5.2500e-015
-4.520e+000	2.9896e-007	-3.2997e+012	-3.2810e+012	3.2810e+012	5.2500e-015
-4.510e+000	2.9899e-007	-3.3184e+012	-3.2997e+012	3.2996e+012	5.2500e-015
-4.500e+000	2.9903e-007	-3.3370e+012	-3.3184e+012	3.3183e+012	5.2500e-015
-4.490e+000	2.9907e-007	-3.3557e+012	-3.3370e+012	3.3370e+012	5.2500e-015
-4.480e+000	2.9911e-007	-3.3744e+012	-3.3557e+012	3.3556e+012	5.2500e-015
-4.470e+000	2.9914e-007	-3.3930e+012	-3.3744e+012	3.3743e+012	5.2500e-015
-4.460e+000	2.9918e-007	-3.4117e+012	-3.3930e+012	3.3930e+012	5.2500e-015
-4.450e+000	2.9921e-007	-3.4304e+012	-3.4117e+012	3.4117e+012	5.2500e-015
-4.440e+000	2.9925e-007	-3.4490e+012	-3.4304e+012	3.4303e+012	5.2500e-015
-4.430e+000	2.9928e-007	-3.4677e+012	-3.4490e+012	3.4490e+012	5.2500e-015
-4.420e+000	2.9932e-007	-3.4864e+012	-3.4677e+012	3.4677e+012	5.2500e-015
-4.410e+000	2.9935e-007	-3.5051e+012	-3.4864e+012	3.4864e+012	5.2500e-015
-4.400e+000	2.9939e-007	-3.5238e+012	-3.5051e+012	3.5051e+012	5.2500e-015
-4.390e+000	2.9942e-007	-3.5425e+012	-3.5238e+012	3.5237e+012	5.2500e-015
-4.380e+000	2.9945e-007	-3.5612e+012	-3.5425e+012	3.5424e+012	5.2500e-015
-4.370e+000	2.9949e-007	-3.5799e+012	-3.5612e+012	3.5611e+012	5.2500e-015
-4.360e+000	2.9952e-007	-3.5985e+012	-3.5799e+012	3.5798e+012	5.2500e-015
-4.350e+000	2.9955e-007	-3.6172e+012	-3.5985e+012	3.5985e+012	5.2500e-015
-4.340e+000	2.9958e-007	-3.6359e+012	-3.6172e+012	3.6172e+012	5.2500e-015
-4.330e+000	2.9962e-007	-3.6546e+012	-3.6359e+012	3.6359e+012	5.2500e-015
-4.320e+000	2.9965e-007	-3.6733e+012	-3.6546e+012	3.6546e+012	5.2500e-015
-4.310e+000	2.9968e-007	-3.6920e+012	-3.6733e+012	3.6733e+012	5.2500e-015
-4.300e+000	2.9971e-007	-3.7108e+012	-3.6920e+012	3.6920e+012	5.2500e-015
-4.290e+000	2.9974e-007	-3.7295e+012	-3.7108e+012	3.7107e+012	5.2500e-015
-4.280e+000	2.9977e-007	-3.7482e+012	-3.7295e+012	3.7294e+012	5.2500e-015
-4.270e+000	2.9980e-007	-3.7669e+012	-3.7482e+012	3.7481e+012	5.2500e-015
-4.260e+000	2.9983e-007	-3.7856e+012	-3.7669e+012	3.7668e+012	5.2500e-015
-4.250e+000	2.9986e-007	-3.8043e+012	-3.7856e+012	3.7856e+012	5.2500e-015
-4.240e+000	2.9989e-007	-3.8230e+012	-3.8043e+012	3.8043e+012	5.2500e-015
-4.230e+000	2.9992e-007	-3.8418e+012	-3.8230e+012	3.8230e+012	5.2500e-015
-4.220e+000	2.9995e-007	-3.8605e+012	-3.8418e+012	3.8417e+012	5.2500e-015
-4.210e+000	2.9998e-007	-3.8792e+012	-3.8605e+012	3.8604e+012	5.2500e-015
-4.200e+000	3.0001e-007	-3.8979e+012	-3.8792e+012	3.8792e+012	5.2500e-015
-4.190e+000	3.0004e-007	-3.9167e+012	-3.8979e+012	3.8979e+012	5.2500e-015
-4.180e+000	3.0007e-007	-3.9354e+012	-3.9167e+012	3.9166e+012	5.2500e-015
-4.170e+000	3.0009e-007	-3.9541e+012	-3.9354e+012	3.9353e+012	5.2500e-015
-4.160e+000	3.0012e-007	-3.9728e+012	-3.9541e+012	3.9541e+012	5.2500e-015
-4.150e+000	3.0015e-007	-3.9916e+012	-3.9728e+012	3.9728e+012	5.2500e-015
-4.140e+000	3.0018e-007	-4.0103e+012	-3.9916e+012	3.9915e+012	5.2500e-015
-4.130e+000	3.0021e-007	-4.0290e+012	-4.0103e+012	4.0103e+012	5.2500e-015
-4.120e+000	3.0023e-007	-4.0478e+012	-4.0290e+012	4.0290e+012	5.2500e-015
-4.110e+000	3.0026e-007	-4.0665e+012	-4.0478e+012	4.0477e+012	5.2500e-015
-4.100e+000	3.0029e-007	-4.0853e+012	-4.0665e+012	4.0665e+012	5.2500e-015
-4.090e+000	3.0031e-007	-4.1040e+012	-4.0853e+012	4.0852e+012	5.2500e-015
-4.080e+000	3.0034e-007	-4.1228e+012	-4.1040e+012	4.1040e+012	5.2500e-015
-4.070e+000	3.0036e-007	-4.1415e+012	-4.1228e+012	4.1227e+012	5.2500e-015
-4.060e+000	3.0039e-007	-4.1603e+012	-4.1415e+012	4.1415e+012	5.2500e-015
-4.050e+000	3.0042e-007	-4.1790e+012	-4.1603e+012	4.1602e+012	5.2500e-015
-4.040e+000	3.0044e-007	-4.1978e+012	-4.1790e+012	4.1790e+012	5.2500e-015
-4.030e+000	3.0047e-007	-4.2165e+012	-4.1978e+012	4.1977e+012	5.2500e-015
-4.020e+000	3.0049e-007	-4.2353e+012	-4.2165e+012	4.2165e+012	5.2500e-015
-4.010e+000	3.0052e-007	-4.2540e+012	-4.2353e+012	4.2352e+012	5.2500e-015
-4.000e+000	3.0054e-007	-4.2728e+012	-4.2540e+012	4.2540e+012	5.2500e-015
-3.990e+000	3.0057e-007	-4.2915e+012	-4.2728e+012	4.2727e+012	5.2500e-015
-3.980e+000	3.0059e-007	-4.3103e+012	-4.2915e+012	4.2915e+012	5.2500e-015
-3.970e+000	3.0062e-007	-4.3291e+012	-4.3103e+012	4.3103e+012	5.2500e-015
-3.960e+000	3.0064e-007	-4.3478e+012	-4.3291e+012	4.3290e+012	5.2500e-015
-3.950e+000	3.0066e-007	-4.3666e+012	-4.3478e+012	4.3478e+012	5.2500e-015
-3.940e+000	3.0069e-007	-4.3854e+012	-4.3666e+012	4.3666e+012	5.2500e-015
-3.930e+000	3.0071e-007	-4.4041e+012	-4.3854e+012	4.3853e+012	5.2500e-015
-3.920e+000	3.0074e-007	-4.4229e+012	-4.4041e+012	4.4041e+012	5.2500e-015
-3.910e+000	3.0076e-007	-4.4417e+012	-4.4229e+012	4.4229e+012	5.2500e-015
-3.900e+000	3.0078e-007	-4.4604e+012	-4.4417e+012	4.4416e+012	5.2500e-015
-3.890e+000	3.0081e-007	-4.4792e+012	-4.4604e+012	4.4604e+012	5.2500e-015
-3.880e+000	3.0083e-007	-4.4980e+012	-4.4792e+012	4.4792e+012	5.2500e-015
-3.870e+000	3.0085e-007	-4.5168e+012	-4.4980e+012	4.4980e+012	5.2500e-015
-3.860e+000	3.0087e-007	-4.5356e+012	-4.5168e+012	4.5167e+012	5.2500e-015
-3.850e+000	3.0090e-007	-4.5543e+012	-4.5356e+012	4.5355e+012	5.2500e-015
-3.840e+000	3.0092e-007	-4.5731e+012	-4.5543e+012	4.5543e+012	5.2500e-015
-3.830e+000	3.0094e-007	-4.5919e+012	-4.5731e+012	4.5731e+012	5.2500e-015
-3.820e+000	3.0096e-007	-4.6107e+012	-4.5919e+012	4.5919e+012	5.2500e-015
-3.810e+000	3.0099e-007	-4.6295e+012	-4.6107e+012	4.6106e+012	5.2500e-015
-3.800e+000	3.0101e-007	-4.6483e+012	-4.6295e+012	4.6294e+012	5.2500e-015
-3.790e+000	3.0103e-007	-4.6670e+012	-4.6483e+012	4.6482e+012	5.2500e-015
-3.780e+000	3.0105e-007	-4.6858e+012	-4.6670e+012	4.6670e+012	5.2500e-015
-3.770e+000	3.0107e-007	-4.7046e+012	-4.6858e+012	4.6858e+012	5.2500e-015
-3.760e+000	3.0109e-007	-4.7234e+012	-4.7046e+012	4.7046e+012	5.2500e-015
-3.750e+000	3.0111e-007	-4.7422e+012	-4.7234e+012	4.7234e+012	5.2500e-015
-3.740e+000	3.0114e-007	-4.7610e+012	-4.7422e+012	4.7422e+012	5.2500e-015
-3.730e+000	3.0116e-007	-4.7798e+012	-4.7610e+012	4.7610e+012	5.2500e-015
-3.720e+000	3.0118e-007	-4.7986e+012	-4.7798e+012	4.7798e+012	5.2500e-015
-3.710e+000	3.0120e-007	-4.8174e+012	-4.7986e+012	4.7986e+012	5.2500e-015
-3.700e+000	3.0122e-007	-4.8362e+012	-4.8174e+012	4.8174e+012	5.2500e-015
-3.690e+000	3.0124e-007	-4.8550e+012	-4.8362e+012	4.8362e+012	5.2500e-015
-3.680e+000	3.0126e-007	-4.8738e+012	-4.8550e+012	4.8550e+012	5.2500e-015
-3.670e+000	3.0128e-007	-4.8926e+012	-4.8738e+012	4.8738e+012	5.2500e-015
-3.660e+000	3.0130e-007	-4.9114e+012	-4.8926e+012	4.8926e+012	5.2500e-015
-3.650e+000	3.0132e-007	-4.9302e+012	-4.9114e+012	4.9114e+012	5.2500e-015
-3.640e+000	3.0134e-007	-4.9490e+012	-4.9302e+012	4.9302e+012	5.2500e-015
-3.630e+000	3.0136e-007	-4.9678e+012	-4.9490e+012	4.9490e+012	5.2500e-015
-3.620e+000	3.0138e-007	-4.9867e+012	-4.9678e+012	4.9678e+012	5.2500e-015
-3.610e+000	3.0140e-007	-5.0055e+012	-4.9867e+012	4.9866e+012	5.2500e-015
-3.600e+000	3.0142e-007	-5.0243e+012	-5.0055e+012	5.0054e+012	5.2500e-015
-3.590e+000	3.0144e-007	-5.0431e+012	-5.0243e+012	5.0242e+012	5.2500e-015
-3.580e+000	3.0146e-007	-5.0619e+012	-5.0431e+012	5.0431e+012	5.2500e-015
-3.570e+000	3.0148e-007	-5.0807e+012	-5.0619e+012	5.0619e+012	5.2500e-015
-3.560e+000	3.0150e-007	-5.0995e+012	-5.0807e+012	5.0807e+012	5.2500e-015
-3.550e+000	3.0151e-007	-5.1184e+012	-5.0995e+012	5.0995e+012	5.2500e-015
-3.540e+000	3.0153e-007	-5.1372e+012	-5.1184e+012	5.1183e+012	5.2500e-015
-3.530e+000	3.0155e-007	-5.1560e+012	-5.1372e+012	5.1371e+012	5.2500e-015
-3.520e+000	3.0157e-007	-5.1748e+012	-5.1560e+012	5.1560e+012	5.2500e-015
-3.510e+000	3.0159e-007	-5.1937e+012	-5.1748e+012	5.1748e+012	5.2500e-015
-3.500e+000	3.0161e-007	-5.2125e+012	-5.1937e+012	5.1936e+012	5.2500e-015
-3.490e+000	3.0163e-007	-5.2313e+012	-5.2125e+012	5.2124e+012	5.2500e-015
-3.480e+000	3.0164e-007	-5.2501e+012	-5.2313e+012	5.2313e+012	5.2500e-015
-3.470e+000	3.0166e-007	-5.2690e+012	-5.2501e+012	5.2501e+012	5.2500e-015
-3.460e+000	3.0168e-007	-5.2878e+012	-5.2690e+012	5.2689e+012	5.2500e-015
-3.450e+000	3.0170e-007	-5.3066e+012	-5.2878e+012	5.2877e+012	5.2500e-015
-3.440e+000	3.0172e-007	-5.3255e+012	-5.3066e+012	5.3066e+012	5.2500e-015
-3.430e+000	3.0173e-007	-5.3443e+012	-5.3255e+012	5.3254e+012	5.2500e-015
-3.420e+000	3.0175e-007	-5.3631e+012	-5.3443e+012	5.3442e+012	5.2500e-015
-3.410e+000	3.0177e-007	-5.3820e+012	-5.3631e+012	5.3631e+012	5.2500e-015
-3.400e+000	3.0179e-007	-5.4008e+012	-5.3820e+012	5.3819e+012	5.2500e-015
-3.390e+000	3.0180e-007	-5.4196e+012	-5.4008e+012	5.4007e+012	5.2500e-015
-3.380e+000	3.0182e-007	-5.4385e+012	-5.4196e+012	5.4196e+012	5.2500e-015
-3.370e+000	3.0184e-007	-5.4573e+012	-5.4385e+012	5.4384e+012	5.2500e-015
-3.360e+000	3.0186e-007	-5.4761e+012	-5.4573e+012	5.4573e+012	5.2500e-015
-3.350e+000	3.0187e-007	-5.4950e+012	-5.4761e+012	5.4761e+012	5.2500e-015
-3.340e+000	3.0189e-007	-5.5138e+012	-5.4950e+012	5.4949e+012	5.2500e-015
-3.330e+000	3.0191e-007	-5.5327e+012	-5.5138e+012	5.5138e+012	5.2500e-015
-3.320e+000	3.0192e-007	-5.5515e+012	-5.5327e+012	5.5326e+012	5.2500e-015
-3.310e+000	3.0194e-007	-5.5704e+012	-5.5515e+012	5.5515e+012	5.2500e-015
-3.300e+000	3.0196e-007	-5.5892e+012	-5.5704e+012	5.5703e+012	5.2500e-015
-3.290e+000	3.0197e-007	-5.6081e+012	-5.5892e+012	5.5892e+012	5.2500e-015
-3.280e+000	3.0199e-007	-5.6269e+012	-5.6081e+012	5.6080e+012	5.2500e-015
-3.270e+000	3.0201e-007	-5.6458e+012	-5.6269e+012	5.6269e+012	5.2500e-015
-3.260e+000	3.0202e-007	-5.6646e+012	-5.6458e+012	5.6457e+012	5.2500e-015
-3.250e+000	3.0204e-007	-5.6835e+012	-5.6646e+012	5.6646e+012	5.2500e-015
-3.240e+000	3.0206e-007	-5.7023e+012	-5.6835e+012	5.6834e+012	5.2500e-015
-3.230e+000	3.0207e-007	-5.7212e+012	-5.7023e+012	5.7023e+012	5.2500e-015
-3.220e+000	3.0209e-007	-5.7400e+012	-5.7212e+012	5.7211e+012	5.2500e-015
-3.210e+000	3.0210e-007	-5.7589e+012	-5.7400e+012	5.7400e+012	5.2500e-015
-3.200e+000	3.0212e-007	-5.7777e+012	-5.7589e+012	5.7588e+012	5.2500e-015
-3.190e+000	3.0214e-007	-5.7966e+012	-5.7777e+012	5.7777e+012	5.2500e-015
-3.180e+000	3.0215e-007	-5.8154e+012	-5.7966e+012	5.7965e+012	5.2500e-015
-3.170e+000	3.0217e-007	-5.8343e+012	-5.8154e+012	5.8154e+012	5.2500e-015
-3.160e+000	3.0218e-007	-5.8532e+012	-5.8343e+012	5.8343e+012	5.2500e-015
-3.150e+000	3.0220e-007	-5.8720e+012	-5.8532e+012	5.8531e+012	5.2500e-015
-3.140e+000	3.0221e-007	-5.8909e+012	-5.8720e+012	5.8720e+012	5.2500e-015
-3.130e+000	3.0223e-007	-5.9098e+012	-5.8909e+012	5.8909e+012	5.2500e-015
-3.120e+000	3.0224e-007	-5.9286e+012	-5.9098e+012	5.9097e+012	5.2500e-015
-3.110e+000	3.0226e-007	-5.9475e+012	-5.9286e+012	5.9286e+012	5.2500e-015
-3.100e+000	3.0228e-007	-5.9664e+012	-5.9475e+012	5.9474e+012	5.2500e-015
-3.090e+000	3.0229e-007	-5.9852e+012	-5.9664e+012	5.9663e+012	5.2500e-015
-3.080e+000	3.0231e-007	-6.0041e+012	-5.9852e+012	5.9852e+012	5.2500e-015
-3.070e+000	3.0232e-007	-6.0230e+012	-6.0041e+012	6.0040e+012	5.2500e-015
-3.060e+000	3.0234e-007	-6.0418e+012	-6.0230e+012	6.0229e+012	5.2500e-015
-3.050e+000	3.0235e-007	-6.0607e+012	-6.0418e+012	6.0418e+012	5.2500e-015
-3.040e+000	3.0237e-007	-6.0796e+012	-6.0607e+012	6.0607e+012	5.2500e-015
-3.030e+000	3.0238e-007	-6.0984e+012	-6.0796e+012	6.0795e+012	5.2500e-015
-3.020e+000	3.0240e-007	-6.1173e+012	-6.0984e+012	6.0984e+012	5.2500e-015
-3.010e+000	3.0241e-007	-6.1362e+012	-6.1173e+012	6.1173e+012	5.2500e-015
-3.000e+000	3.0242e-007	-6.1551e+012	-6.1362e+012	6.1362e+012	5.2500e-015
-2.990e+000	3.0244e-007	-6.1739e+012	-6.1551e+012	6.1550e+012	5.2500e-015
-2.980e+000	3.0245e-007	-6.1928e+012	-6.1739e+012	6.1739e+012	5.2500e-015
-2.970e+000	3.0247e-007	-6.2117e+012	-6.1928e+012	6.1928e+012	5.2500e-015
-2.960e+000	3.0248e-007	-6.2306e+012	-6.2117e+012	6.2117e+012	5.2500e-015
-2.950e+000	3.0250e-007	-6.2495e+012	-6.2306e+012	6.2305e+012	5.2500e-015
-2.940e+000	3.0251e-007	-6.2683e+012	-6.2495e+012	6.2494e+012	5.2500e-015
-2.930e+000	3.0252e-007	-6.2872e+012	-6.2683e+012	6.2683e+012	5.2500e-015
-2.920e+000	3.0254e-007	-6.3061e+012	-6.2872e+012	6.2872e+012	5.2500e-015
-2.910e+000	3.0255e-007	-6.3250e+012	-6.3061e+012	6.3061e+012	5.2500e-015
-2.900e+000	3.0257e-007	-6.3439e+012	-6.3250e+012	6.3250e+012	5.2500e-015
-2.890e+000	3.0258e-007	-6.3628e+012	-6.3439e+012	6.3438e+012	5.2500e-015
-2.880e+000	3.0259e-007	-6.3816e+012	-6.3628e+012	6.3627e+012	5.2500e-015
-2.870e+000	3.0261e-007	-6.4005e+012	-6.3816e+012	6.3816e+012	5.2500e-015
-2.860e+000	3.0262e-007	-6.4194e+012	-6.4005e+012	6.4005e+012	5.2500e-015
-2.850e+000	3.0264e-007	-6.4383e+012	-6.4194e+012	6.4194e+012	5.2500e-015
-2.840e+000	3.0265e-007	-6.4572e+012	-6.4383e+012	6.4383e+012	5.2500e-015
-2.830e+000	3.0266e-007	-6.4761e+012	-6.4572e+012	6.4572e+012	5.2500e-015
-2.820e+000	3.0268e-007	-6.4950e+012	-6.4761e+012	6.4761e+012	5.2500e-015
-2.810e+000	3.0269e-007	-6.5139e+012	-6.4950e+012	6.4949e+012	5.2500e-015
-2.800e+000	3.0266e-007	-6.5328e+012	-6.5139e+012	6.5138e+012	5.2500e-015
-2.790e+000	3.0248e-007	-6.5516e+012	-6.5328e+012	6.5327e+012	5.2500e-015
-2.780e+000	3.0249e-007	-6.5705e+012	-6.5516e+012	6.5516e+012	5.2500e-015
-2.770e+000	3.0251e-007	-6.5894e+012	-6.5705e+012	6.5705e+012	5.2500e-015
-2.760e+000	3.0252e-007	-6.6083e+012	-6.5894e+012	6.5894e+012	5.2500e-015
-2.750e+000	3.0253e-007	-6.6272e+012	-6.6083e+012	6.6082e+012	5.2500e-015
-2.740e+000	3.0254e-007	-6.6461e+012	-6.6272e+012	6.6271e+012	5.2500e-015
-2.730e+000	3.0255e-007	-6.6649e+012	-6.6461e+012	6.6460e+012	5.2500e-015
-2.720e+000	3.0256e-007	-6.6838e+012	-6.6649e+012	6.6649e+012	5.2500e-015
-2.710e+000	3.0257e-007	-6.7027e+012	-6.6838e+012	6.6838e+012	5.2500e-015
-2.700e+000	3.0258e-007	-6.7216e+012	-6.7027e+012	6.7027e+012	5.2500e-015
-2.690e+000	3.0260e-007	-6.7405e+012	-6.7216e+012	6.7216e+012	5.2500e-015
-2.680e+000	3.0261e-007	-6.7594e+012	-6.7405e+012	6.7404e+012	5.2500e-015
-2.670e+000	3.0262e-007	-6.7783e+012	-6.7594e+012	6.7593e+012	5.2500e-015
-2.660e+000	3.0263e-007	-6.7971e+012	-6.7783e+012	6.7782e+012	5.2500e-015
-2.650e+000	3.0264e-007	-6.8160e+012	-6.7971e+012	6.7971e+012	5.2500e-015
-2.640e+000	3.0265e-007	-6.8349e+012	-6.8160e+012	6.8160e+012	5.2500e-015
-2.630e+000	3.0266e-007	-6.8538e+012	-6.8349e+012	6.8349e+012	5.2500e-015
-2.620e+000	3.0267e-007	-6.8727e+012	-6.8538e+012	6.8538e+012	5.2500e-015
-2.610e+000	3.0268e-007	-6.8916e+012	-6.8727e+012	6.8727e+012	5.2500e-015
-2.600e+000	3.0269e-007	-6.9105e+012	-6.8916e+012	6.8916e+012	5.2500e-015
-2.590e+000	3.0270e-007	-6.9294e+012	-6.9105e+012	6.9104e+012	5.2500e-015
-2.580e+000	3.0271e-007	-6.9483e+012	-6.9294e+012	6.9293e+012	5.2500e-015
-2.570e+000	3.0272e-007	-6.9672e+012	-6.9483e+012	6.9482e+012	5.2500e-015
-2.560e+000	3.0273e-007	-6.9861e+012	-6.9672e+012	6.9671e+012	5.2500e-015
-2.550e+000	3.0274e-007	-7.0050e+012	-6.9861e+012	6.9860e+012	5.2500e-015
-2.540e+000	3.0275e-007	-7.0239e+012	-7.0050e+012	7.0049e+012	5.2500e-015
-2.530e+000	3.0276e-007	-7.0428e+012	-7.0239e+012	7.0238e+012	5.2500e-015
-2.520e+000	3.0277e-007	-7.0617e+012	-7.0428e+012	7.0427e+012	5.2500e-015
-2.510e+000	3.0279e-007	-7.0806e+012	-7.0617e+012	7.0616e+012	5.2500e-015
-2.500e+000	3.0280e-007	-7.0994e+012	-7.0806e+012	7.0805e+012	5.2500e-015
-2.490e+000	3.0281e-007	-7.1183e+012	-7.0994e+012	7.0994e+012	5.2500e-015
-2.480e+000	3.0282e-007	-7.1372e+012	-7.1183e+012	7.1183e+012	5.2500e-015
-2.470e+000	3.0283e-007	-7.1561e+012	-7.1372e+012	7.1372e+012	5.2500e-015
-2.460e+000	3.0284e-007	-7.1751e+012	-7.1561e+012	7.1561e+012	5.2500e-015
-2.450e+000	3.0285e-007	-7.1940e+012	-7.1751e+012	7.1750e+012	5.2500e-015
-2.440e+000	3.0286e-007	-7.2129e+012	-7.1940e+012	7.1939e+012	5.2500e-015
-2.430e+000	3.0287e-007	-7.2318e+012	-7.2129e+012	7.2128e+012	5.2500e-015
-2.420e+000	3.0288e-007	-7.2507e+012	-7.2318e+012	7.2317e+012	5.2500e-015
-2.410e+000	3.0288e-007	-7.2696e+012	-7.2507e+012	7.2506e+012	5.2500e-015
-2.400e+000	3.0289e-007	-7.2885e+012	-7.2696e+012	7.2695e+012	5.2500e-015
-2.390e+000	3.0290e-007	-7.3074e+012	-7.2885e+012	7.2884e+012	5.2500e-015
-2.380e+000	3.0291e-007	-7.3263e+012	-7.3074e+012	7.3073e+012	5.2500e-015
-2.370e+000	3.0292e-007	-7.3452e+012	-7.3263e+012	7.3262e+012	5.2500e-015
-2.360e+000	3.0293e-007	-7.3641e+012	-7.3452e+012	7.3452e+012	5.2500e-015
-2.350e+000	3.0294e-007	-7.3830e+012	-7.3641e+012	7.3641e+012	5.2500e-015
-2.340e+000	3.0295e-007	-7.4019e+012	-7.3830e+012	7.3830e+012	5.2500e-015
-2.330e+000	3.0296e-007	-7.4208e+012	-7.4019e+012	7.4019e+012	5.2500e-015
-2.320e+000	3.0297e-007	-7.4397e+012	-7.4208e+012	7.4208e+012	5.2500e-015
-2.310e+000	3.0298e-007	-7.4586e+012	-7.4397e+012	7.4397e+012	5.2500e-015
-2.300e+000	3.0299e-007	-7.4776e+012	-7.4586e+012	7.4586e+012	5.2500e-015
-2.290e+000	3.0300e-007	-7.4965e+012	-7.4776e+012	7.4775e+012	5.2500e-015
-2.280e+000	3.0301e-007	-7.5154e+012	-7.4965e+012	7.4964e+012	5.2500e-015
-2.270e+000	3.0302e-007	-7.5343e+012	-7.5154e+012	7.5153e+012	5.2500e-015
-2.260e+000	3.0303e-007	-7.5532e+012	-7.5343e+012	7.5343e+012	5.2500e-015
-2.250e+000	3.0304e-007	-7.5721e+012	-7.5532e+012	7.5532e+012	5.2500e-015
-2.240e+000	3.0305e-007	-7.5910e+012	-7.5721e+012	7.5721e+012	5.2500e-015
-2.230e+000	3.0306e-007	-7.6100e+012	-7.5910e+012	7.5910e+012	5.2500e-015
-2.220e+000	3.0306e-007	-7.6289e+012	-7.6100e+012	7.6099e+012	5.2500e-015
-2.210e+000	3.0307e-007	-7.6478e+012	-7.6289e+012	7.6288e+012	5.2500e-015
-2.200e+000	3.0308e-007	-7.6667e+012	-7.6478e+012	7.6477e+012	5.2500e-015
-2.190e+000	3.0309e-007	-7.6856e+012	-7.6667e+012	7.6667e+012	5.2500e-015
-2.180e+000	3.0310e-007	-7.7045e+012	-7.6856e+012	7.6856e+012	5.2500e-015
-2.170e+000	3.0311e-007	-7.7235e+012	-7.7045e+012	7.7045e+012	5.2500e-015
-2.160e+000	3.0312e-007	-7.7424e+012	-7.7235e+012	7.7234e+012	5.2500e-015
-2.150e+000	3.0313e-007	-7.7613e+012	-7.7424e+012	7.7423e+012	5.2500e-015
-2.140e+000	3.0314e-007	-7.7802e+012	-7.7613e+012	7.7613e+012	5.2500e-015
-2.130e+000	3.0315e-007	-7.7991e+012	-7.7802e+012	7.7802e+012	5.2500e-015
-2.120e+000	3.0315e-007	-7.8181e+012	-7.7991e+012	7.7991e+012	5.2500e-015
-2.110e+000	3.0316e-007	-7.8370e+012	-7.8181e+012	7.8180e+012	5.2500e-015
-2.100e+000	3.0317e-007	-7.8559e+012	-7.8370e+012	7.8369e+012	5.2500e-015
-2.090e+000	3.0318e-007	-7.8748e+012	-7.8559e+012	7.8559e+012	5.2500e-015
-2.080e+000	3.0319e-007	-7.8937e+012	-7.8748e+012	7.8748e+012	5.2500e-015
-2.070e+000	3.0320e-007	-7.9127e+012	-7.8937e+012	7.8937e+012	5.2500e-015
-2.060e+000	3.0321e-007	-7.9316e+012	-7.9127e+012	7.9126e+012	5.2500e-015
-2.050e+000	3.0321e-007	-7.9505e+012	-7.9316e+012	7.9316e+012	5.2500e-015
-2.040e+000	3.0322e-007	-7.9694e+012	-7.9505e+012	7.9505e+012	5.2500e-015
-2.030e+000	3.0323e-007	-7.9884e+012	-7.9694e+012	7.9694e+012	5.2500e-015
-2.020e+000	3.0324e-007	-8.0073e+012	-7.9884e+012	7.9883e+012	5.2500e-015
-2.010e+000	3.0325e-007	-8.0262e+012	-8.0073e+012	8.0073e+012	5.2500e-015
-2.000e+000	3.0326e-007	-8.0452e+012	-8.0262e+012	8.0262e+012	5.2500e-015
-1.990e+000	3.0327e-007	-8.0641e+012	-8.0452e+012	8.0451e+012	5.2500e-015
-1.980e+000	3.0327e-007	-8.0830e+012	-8.0641e+012	8.0640e+012	5.2500e-015
-1.970e+000	3.0328e-007	-8.1019e+012	-8.0830e+012	8.0830e+012	5.2500e-015
-1.960e+000	3.0329e-007	-8.1209e+012	-8.1019e+012	8.1019e+012	5.2500e-015
-1.950e+000	3.0330e-007	-8.1398e+012	-8.1209e+012	8.1208e+012	5.2500e-015
-1.940e+000	3.0331e-007	-8.1587e+012	-8.1398e+012	8.1398e+012	5.2500e-015
-1.930e+000	3.0332e-007	-8.1777e+012	-8.1587e+012	8.1587e+012	5.2500e-015
-1.920e+000	3.0332e-007	-8.1966e+012	-8.1777e+012	8.1776e+012	5.2500e-015
-1.910e+000	3.0333e-007	-8.2155e+012	-8.1966e+012	8.1966e+012	5.2500e-015
-1.900e+000	3.0334e-007	-8.2345e+012	-8.2155e+012	8.2155e+012	5.2500e-015
-1.890e+000	3.0335e-007	-8.2534e+012	-8.2345e+012	8.2344e+012	5.2500e-015
-1.880e+000	3.0336e-007	-8.2723e+012	-8.2534e+012	8.2534e+012	5.2500e-015
-1.870e+000	3.0336e-007	-8.2913e+012	-8.2723e+012	8.2723e+012	5.2500e-015
-1.860e+000	3.0337e-007	-8.3102e+012	-8.2913e+012	8.2912e+012	5.2500e-015
-1.850e+000	3.0338e-007	-8.3291e+012	-8.3102e+012	8.3102e+012	5.2500e-015
-1.840e+000	3.0339e-007	-8.3481e+012	-8.3291e+012	8.3291e+012	5.2500e-015
-1.830e+000	3.0340e-007	-8.3670e+012	-8.3481e+012	8.3480e+012	5.2500e-015
-1.820e+000	3.0340e-007	-8.3859e+012	-8.3670e+012	8.3670e+012	5.2500e-015
-1.810e+000	3.0341e-007	-8.4049e+012	-8.3859e+012	8.3859e+012	5.2500e-015
-1.800e+000	3.0342e-007	-8.4238e+012	-8.4049e+012	8.4048e+012	5.2500e-015
-1.790e+000	3.0343e-007	-8.4428e+012	-8.4238e+012	8.4238e+012	5.2500e-015
-1.780e+000	3.0344e-007	-8.4617e+012	-8.4428e+012	8.4427e+012	5.2500e-015
-1.770e+000	3.0344e-007	-8.4806e+012	-8.4617e+012	8.4617e+012	5.2500e-015
-1.760e+000	3.0345e-007	-8.4996e+012	-8.4806e+012	8.4806e+012	5.2500e-015
-1.750e+000	3.0346e-007	-8.5185e+012	-8.4996e+012	8.4995e+012	5.2500e-015
-1.740e+000	3.0347e-007	-8.5375e+012	-8.5185e+012	8.5185e+012	5.2500e-015
-1.730e+000	3.0348e-007	-8.5564e+012	-8.5375e+012	8.5374e+012	5.2500e-015
-1.720e+000	3.0348e-007	-8.5753e+012	-8.5564e+012	8.5564e+012	5.2500e-015
-1.710e+000	3.0349e-007	-8.5943e+012	-8.5753e+012	8.5753e+012	5.2500e-015
-1.700e+000	3.0350e-007	-8.6132e+012	-8.5943e+012	8.5942e+012	5.2500e-015
-1.690e+000	3.0351e-007	-8.6322e+012	-8.6132e+012	8.6132e+012	5.2500e-015
-1.680e+000	3.0351e-007	-8.6511e+012	-8.6322e+012	8.6321e+012	5.2500e-015
-1.670e+000	3.0352e-007	-8.6701e+012	-8.6511e+012	8.6511e+012	5.2500e-015
-1.660e+000	3.0353e-007	-8.6890e+012	-8.6701e+012	8.6700e+012	5.2500e-015
-1.650e+000	3.0354e-007	-8.7079e+012	-8.6890e+012	8.6890e+012	5.2500e-015
-1.640e+000	3.0354e-007	-8.7269e+012	-8.7079e+012	8.7079e+012	5.2500e-015
-1.630e+000	3.0355e-007	-8.7458e+012	-8.7269e+012	8.7269e+012	5.2500e-015
-1.620e+000	3.0356e-007	-8.7648e+012	-8.7458e+012	8.7458e+012	5.2500e-015
-1.610e+000	3.0357e-007	-8.7837e+012	-8.7648e+012	8.7647e+012	5.2500e-015
-1.600e+000	3.0357e-007	-8.8027e+012	-8.7837e+012	8.7837e+012	5.2500e-015
-1.590e+000	3.0358e-007	-8.8216e+012	-8.8027e+012	8.8026e+012	5.2500e-015
-1.580e+000	3.0359e-007	-8.8406e+012	-8.8216e+012	8.8216e+012	5.2500e-015
-1.570e+000	3.0360e-007	-8.8595e+012	-8.8406e+012	8.8405e+012	5.2500e-015
-1.560e+000	3.0360e-007	-8.8785e+012	-8.8595e+012	8.8595e+012	5.2500e-015
-1.550e+000	3.0361e-007	-8.8974e+012	-8.8785e+012	8.8784e+012	5.2500e-015
-1.540e+000	3.0362e-007	-8.9164e+012	-8.8974e+012	8.8974e+012	5.2500e-015
-1.530e+000	3.0363e-007	-8.9353e+012	-8.9164e+012	8.9163e+012	5.2500e-015
-1.520e+000	3.0363e-007	-8.9543e+012	-8.9353e+012	8.9353e+012	5.2500e-015
-1.510e+000	3.0364e-007	-8.9732e+012	-8.9543e+012	8.9542e+012	5.2500e-015
-1.500e+000	3.0365e-007	-8.9922e+012	-8.9732e+012	8.9732e+012	5.2500e-015
-1.490e+000	3.0365e-007	-9.0111e+012	-8.9922e+012	8.9921e+012	5.2500e-015
-1.480e+000	3.0366e-007	-9.0301e+012	-9.0111e+012	9.0111e+012	5.2500e-015
-1.470e+000	3.0367e-007	-9.0490e+012	-9.0301e+012	9.0300e+012	5.2500e-015
-1.460e+000	3.0368e-007	-9.0680e+012	-9.0490e+012	9.0490e+012	5.2500e-015
-1.450e+000	3.0368e-007	-9.0869e+012	-9.0680e+012	9.0680e+012	5.2500e-015
-1.440e+000	3.0369e-007	-9.1059e+012	-9.0869e+012	9.0869e+012	5.2500e-015
-1.430e+000	3.0370e-007	-9.1249e+012	-9.1059e+012	9.1059e+012	5.2500e-015
-1.420e+000	3.0370e-007	-9.1438e+012	-9.1249e+012	9.1248e+012	5.2500e-015
-1.410e+000	3.0371e-007	-9.1628e+012	-9.1438e+012	9.1438e+012	5.2500e-015
-1.400e+000	3.0372e-007	-9.1817e+012	-9.1628e+012	9.1627e+012	5.2500e-015
-1.390e+000	3.0373e-007	-9.2007e+012	-9.1817e+012	9.1817e+012	5.2500e-015
-1.380e+000	3.0373e-007	-9.2196e+012	-9.2007e+012	9.2006e+012	5.2500e-015
-1.370e+000	3.0374e-007	-9.2386e+012	-9.2196e+012	9.2196e+012	5.2500e-015
-1.360e+000	3.0375e-007	-9.2576e+012	-9.2386e+012	9.2386e+012	5.2500e-015
-1.350e+000	3.0375e-007	-9.2765e+012	-9.2576e+012	9.2575e+012	5.2500e-015
-1.340e+000	3.0376e-007	-9.2955e+012	-9.2765e+012	9.2765e+012	5.2500e-015
-1.330e+000	3.0377e-007	-9.3144e+012	-9.2955e+012	9.2954e+012	5.2500e-015
-1.320e+000	3.0377e-007	-9.3334e+012	-9.3144e+012	9.3144e+012	5.2500e-015
-1.310e+000	3.0378e-007	-9.3524e+012	-9.3334e+012	9.3334e+012	5.2500e-015
-1.300e+000	3.0379e-007	-9.3713e+012	-9.3524e+012	9.3523e+012	5.2500e-015
-1.290e+000	3.0379e-007	-9.3903e+012	-9.3713e+012	9.3713e+012	5.2500e-015
-1.280e+000	3.0380e-007	-9.4092e+012	-9.3903e+012	9.3902e+012	5.2500e-015
-1.270e+000	3.0381e-007	-9.4282e+012	-9.4092e+012	9.4092e+012	5.2500e-015
-1.260e+000	3.0381e-007	-9.4472e+012	-9.4282e+012	9.4282e+012	5.2500e-015
-1.250e+000	3.0382e-007	-9.4661e+012	-9.4472e+012	9.4471e+012	5.2500e-015
-1.240e+000	3.0383e-007	-9.4851e+012	-9.4661e+012	9.4661e+012	5.2500e-015
-1.230e+000	3.0383e-007	-9.5041e+012	-9.4851e+012	9.4850e+012	5.2500e-015
-1.220e+000	3.0384e-007	-9.5230e+012	-9.5041e+012	9.5040e+012	5.2500e-015
-1.210e+000	3.0385e-007	-9.5420e+012	-9.5230e+012	9.5230e+012	5.2500e-015
-1.200e+000	3.0385e-007	-9.5609e+012	-9.5420e+012	9.5419e+012	5.2500e-015
-1.190e+000	3.0386e-007	-9.5799e+012	-9.5609e+012	9.5609e+012	5.2500e-015
-1.180e+000	3.0387e-007	-9.5989e+012	-9.5799e+012	9.5799e+012	5.2500e-015
-1.170e+000	3.0387e-007	-9.6178e+012	-9.5989e+012	9.5988e+012	5.2500e-015
-1.160e+000	3.0388e-007	-9.6368e+012	-9.6178e+012	9.6178e+012	5.2500e-015
-1.150e+000	3.0389e-007	-9.6558e+012	-9.6368e+012	9.6368e+012	5.2500e-015
-1.140e+000	3.0389e-007	-9.6747e+012	-9.6558e+012	9.6557e+012	5.2500e-015
-1.130e+000	3.0390e-007	-9.6937e+012	-9.6747e+012	9.6747e+012	5.2500e-015
-1.120e+000	3.0391e-007	-9.7127e+012	-9.6937e+012	9.6937e+012	5.2500e-015
-1.110e+000	3.0391e-007	-9.7317e+012	-9.7127e+012	9.7126e+012	5.2500e-015
-1.100e+000	3.0392e-007	-9.7506e+012	-9.7317e+012	9.7316e+012	5.2500e-015
-1.090e+000	3.0393e-007	-9.7696e+012	-9.7506e+012	9.7506e+012	5.2500e-015
-1.080e+000	3.0393e-007	-9.7886e+012	-9.7696e+012	9.7695e+012	5.2500e-015
-1.070e+000	3.0394e-007	-9.8075e+012	-9.7886e+012	9.7885e+012	5.2500e-015
-1.060e+000	3.0395e-007	-9.8265e+012	-9.8075e+012	9.8075e+012	5.2500e-015
-1.050e+000	3.0395e-007	-9.8455e+012	-9.8265e+012	9.8265e+012	5.2500e-015
-1.040e+000	3.0396e-007	-9.8644e+012	-9.8455e+012	9.8454e+012	5.2500e-015
-1.030e+000	3.0396e-007	-9.8834e+012	-9.8644e+012	9.8644e+012	5.2500e-015
-1.020e+000	3.0397e-007	-9.9024e+012	-9.8834e+012	9.8834e+012	5.2500e-015
-1.010e+000	3.0398e-007	-9.9214e+012	-9.9024e+012	9.9023e+012	5.2500e-015
-1.000e+000	3.0398e-007	-9.9403e+012	-9.9214e+012	9.9213e+012	5.2500e-015
-9.900e-001	3.0399e-007	-9.9593e+012	-9.9403e+012	9.9403e+012	5.2500e-015
-9.800e-001	3.0400e-007	-9.9783e+012	-9.9593e+012	9.9593e+012	5.2500e-015
-9.700e-001	3.0400e-007	-9.9973e+012	-9.9783e+012	9.9782e+012	5.2500e-015
-9.600e-001	3.0401e-007	-1.0016e+013	-9.9973e+012	9.9972e+012	5.2500e-015
-9.500e-001	3.0401e-007	-1.0035e+013	-1.0016e+013	1.0016e+013	5.2500e-015
-9.400e-001	3.0402e-007	-1.0054e+013	-1.0035e+013	1.0035e+013	5.2500e-015
-9.300e-001	3.0403e-007	-1.0073e+013	-1.0054e+013	1.0054e+013	5.2500e-015
-9.200e-001	3.0403e-007	-1.0092e+013	-1.0073e+013	1.0073e+013	5.2500e-015
-9.100e-001	3.0404e-007	-1.0111e+013	-1.0092e+013	1.0092e+013	5.2500e-015
-9.000e-001	3.0404e-007	-1.0130e+013	-1.0111e+013	1.0111e+013	5.2500e-015
-8.900e-001	3.0405e-007	-1.0149e+013	-1.0130e+013	1.0130e+013	5.2500e-015
-8.800e-001	3.0406e-007	-1.0168e+013	-1.0149e+013	1.0149e+013	5.2500e-015
-8.700e-001	3.0406e-007	-1.0187e+013	-1.0168e+013	1.0168e+013	5.2500e-015
-8.600e-001	3.0407e-007	-1.0206e+013	-1.0187e+013	1.0187e+013	5.2500e-015
-8.500e-001	3.0408e-007	-1.0225e+013	-1.0206e+013	1.0206e+013	5.2500e-015
-8.400e-001	3.0408e-007	-1.0244e+013	-1.0225e+013	1.0225e+013	5.2500e-015
-8.300e-001	3.0409e-007	-1.0263e+013	-1.0244e+013	1.0244e+013	5.2500e-015
-8.200e-001	3.0409e-007	-1.0282e+013	-1.0263e+013	1.0263e+013	5.2500e-015
-8.100e-001	3.0410e-007	-1.0301e+013	-1.0282e+013	1.0282e+013	5.2500e-015
-8.000e-001	3.0411e-007	-1.0320e+013	-1.0301e+013	1.0301e+013	5.2500e-015
-7.900e-001	3.0411e-007	-1.0339e+013	-1.0320e+013	1.0320e+013	5.2500e-015
-7.800e-001	3.0412e-007	-1.0358e+013	-1.0339e+013	1.0339e+013	5.2500e-015
-7.700e-001	3.0412e-007	-1.0377e+013	-1.0358e+013	1.0358e+013	5.2500e-015
-7.600e-001	3.0413e-007	-1.0396e+013	-1.0377e+013	1.0377e+013	5.2500e-015
-7.500e-001	3.0413e-007	-1.0415e+013	-1.0396e+013	1.0396e+013	5.2500e-015
-7.400e-001	3.0414e-007	-1.0434e+013	-1.0415e+013	1.0415e+013	5.2500e-015
-7.300e-001	3.0415e-007	-1.0453e+013	-1.0434e+013	1.0434e+013	5.2500e-015
-7.200e-001	3.0415e-007	-1.0472e+013	-1.0453e+013	1.0453e+013	5.2500e-015
-7.100e-001	3.0416e-007	-1.0491e+013	-1.0472e+013	1.0472e+013	5.2500e-015
-7.000e-001	3.0416e-007	-1.0510e+013	-1.0491e+013	1.0491e+013	5.2500e-015
-6.900e-001	3.0417e-007	-1.0529e+013	-1.0510e+013	1.0510e+013	5.2500e-015
-6.800e-001	3.0418e-007	-1.0548e+013	-1.0529e+013	1.0529e+013	5.2500e-015
-6.700e-001	3.0418e-007	-1.0567e+013	-1.0548e+013	1.0548e+013	5.2500e-015
-6.600e-001	3.0419e-007	-1.0586e+013	-1.0567e+013	1.0567e+013	5.2500e-015
-6.500e-001	3.0419e-007	-1.0605e+013	-1.0586e+013	1.0586e+013	5.2500e-015
-6.400e-001	3.0420e-007	-1.0624e+013	-1.0605e+013	1.0605e+013	5.2500e-015
-6.300e-001	3.0420e-007	-1.0643e+013	-1.0624e+013	1.0624e+013	5.2500e-015
-6.200e-001	3.0421e-007	-1.0662e+013	-1.0643e+013	1.0643e+013	5.2500e-015
-6.100e-001	3.0422e-007	-1.0681e+013	-1.0662e+013	1.0662e+013	5.2500e-015
-6.000e-001	3.0422e-007	-1.0700e+013	-1.0681e+013	1.0681e+013	5.2500e-015
-5.900e-001	3.0423e-007	-1.0719e+013	-1.0700e+013	1.0700e+013	5.2500e-015
-5.800e-001	3.0423e-007	-1.0738e+013	-1.0719e+013	1.0719e+013	5.2500e-015
-5.700e-001	3.0424e-007	-1.0757e+013	-1.0738e+013	1.0738e+013	5.2500e-015
-5.600e-001	3.0424e-007	-1.0776e+013	-1.0757e+013	1.0756e+013	5.2500e-015
-5.500e-001	3.0425e-007	-1.0795e+013	-1.0776e+013	1.0775e+013	5.2500e-015
-5.400e-001	3.0426e-007	-1.0814e+013	-1.0795e+013	1.0794e+013	5.2500e-015
-5.300e-001	3.0426e-007	-1.0832e+013	-1.0814e+013	1.0813e+013	5.2500e-015
-5.200e-001	3.0427e-007	-1.0851e+013	-1.0832e+013	1.0832e+013	5.2500e-015
-5.100e-001	3.0427e-007	-1.0870e+013	-1.0851e+013	1.0851e+013	5.2500e-015
-5.000e-001	3.0428e-007	-1.0889e+013	-1.0870e+013	1.0870e+013	5.2500e-015
-4.900e-001	3.0428e-007	-1.0908e+013	-1.0889e+013	1.0889e+013	5.2500e-015
-4.800e-001	3.0429e-007	-1.0927e+013	-1.0908e+013	1.0908e+013	5.2500e-015
-4.700e-001	3.0429e-007	-1.0946e+013	-1.0927e+013	1.0927e+013	5.2500e-015
-4.600e-001	3.0430e-007	-1.0965e+013	-1.0946e+013	1.0946e+013	5.2500e-015
-4.500e-001	3.0430e-007	-1.0984e+013	-1.0965e+013	1.0965e+013	5.2500e-015
-4.400e-001	3.0431e-007	-1.1003e+013	-1.0984e+013	1.0984e+013	5.2500e-015
-4.300e-001	3.0432e-007	-1.1022e+013	-1.1003e+013	1.1003e+013	5.2500e-015
-4.200e-001	3.0432e-007	-1.1041e+013	-1.1022e+013	1.1022e+013	5.2500e-015
-4.100e-001	3.0433e-007	-1.1060e+013	-1.1041e+013	1.1041e+013	5.2500e-015
-4.000e-001	3.0433e-007	-1.1079e+013	-1.1060e+013	1.1060e+013	5.2500e-015
-3.900e-001	3.0434e-007	-1.1098e+013	-1.1079e+013	1.1079e+013	5.2500e-015
-3.800e-001	3.0434e-007	-1.1117e+013	-1.1098e+013	1.1098e+013	5.2500e-015
-3.700e-001	3.0435e-007	-1.1136e+013	-1.1117e+013	1.1117e+013	5.2500e-015
-3.600e-001	3.0435e-007	-1.1155e+013	-1.1136e+013	1.1136e+013	5.2500e-015
-3.500e-001	3.0436e-007	-1.1174e+013	-1.1155e+013	1.1155e+013	5.2500e-015
-3.400e-001	3.0436e-007	-1.1193e+013	-1.1174e+013	1.1174e+013	5.2500e-015
-3.300e-001	3.0437e-007	-1.1212e+013	-1.1193e+013	1.1193e+013	5.2500e-015
-3.200e-001	3.0437e-007	-1.1231e+013	-1.1212e+013	1.1212e+013	5.2500e-015
-3.100e-001	3.0438e-007	-1.1250e+013	-1.1231e+013	1.1231e+013	5.2500e-015
-3.000e-001	3.0439e-007	-1.1269e+013	-1.1250e+013	1.1250e+013	5.2500e-015
-2.900e-001	3.0439e-007	-1.1288e+013	-1.1269e+013	1.1269e+013	5.2500e-015
-2.800e-001	3.0440e-007	-1.1307e+013	-1.1288e+013	1.1288e+013	5.2500e-015
-2.700e-001	3.0440e-007	-1.1326e+013	-1.1307e+013	1.1307e+013	5.2500e-015
-2.600e-001	3.0441e-007	-1.1345e+013	-1.1326e+013	1.1326e+013	5.2500e-015
-2.500e-001	3.0441e-007	-1.1364e+013	-1.1345e+013	1.1345e+013	5.2500e-015
-2.400e-001	3.0442e-007	-1.1383e+013	-1.1364e+013	1.1364e+013	5.2500e-015
-2.300e-001	3.0442e-007	-1.1402e+013	-1.1383e+013	1.1383e+013	5.2500e-015
-2.200e-001	3.0443e-007	-1.1421e+013	-1.1402e+013	1.1402e+013	5.2500e-015
-2.100e-001	3.0443e-007	-1.1440e+013	-1.1421e+013	1.1421e+013	5.2500e-015
-2.000e-001	3.0444e-007	-1.1459e+013	-1.1440e+013	1.1440e+013	5.2500e-015
-1.900e-001	3.0444e-007	-1.1478e+013	-1.1459e+013	1.1459e+013	5.2500e-015
-1.800e-001	3.0445e-007	-1.1497e+013	-1.1478e+013	1.1478e+013	5.2500e-015
-1.700e-001	3.0445e-007	-1.1516e+013	-1.1497e+013	1.1497e+013	5.2500e-015
-1.600e-001	3.0446e-007	-1.1535e+013	-1.1516e+013	1.1516e+013	5.2500e-015
-1.500e-001	3.0446e-007	-1.1554e+013	-1.1535e+013	1.1535e+013	5.2500e-015
-1.400e-001	3.0447e-007	-1.1573e+013	-1.1554e+013	1.1554e+013	5.2500e-015
-1.300e-001	3.0447e-007	-1.1592e+013	-1.1573e+013	1.1573e+013	5.2500e-015
-1.200e-001	3.0448e-007	-1.1611e+013	-1.1592e+013	1.1592e+013	5.2500e-015
-1.100e-001	3.0448e-007	-1.1630e+013	-1.1611e+013	1.1611e+013	5.2500e-015
-1.000e-001	3.0449e-007	-1.1649e+013	-1.1630e+013	1.1630e+013	5.2500e-015
-9.000e-002	3.0449e-007	-1.1668e+013	-1.1649e+013	1.1649e+013	5.2500e-015
-8.000e-002	3.0450e-007	-1.1687e+013	-1.1668e+013	1.1668e+013	5.2500e-015
-7.000e-002	3.0450e-007	-1.1706e+013	-1.1687e+013	1.1687e+013	5.2500e-015
-6.000e-002	3.0451e-007	-1.1725e+013	-1.1706e+013	1.1706e+013	5.2500e-015
-5.000e-002	3.0451e-007	-1.1744e+013	-1.1725e+013	1.1725e+013	5.2500e-015
-4.000e-002	3.0452e-007	-1.1763e+013	-1.1744e+013	1.1744e+013	5.2500e-015
-3.000e-002	3.0452e-007	-1.1782e+013	-1.1763e+013	1.1763e+013	5.2500e-015
-2.000e-002	3.0453e-007	-1.1801e+013	-1.1782e+013	1.1782e+013	5.2500e-015
-1.000e-002	3.0453e-007	-1.1820e+013	-1.1801e+013	1.1801e+013	5.2500e-015
0.000e+000	3.0454e-007	-1.1839e+013	-1.1820e+013	1.1820e+013	5.2500e-015
1.000e-002	3.0454e-007	-1.1858e+013	-1.1839e+013	1.1839e+013	5.2500e-015
2.000e-002	3.0455e-007	-1.1877e+013	-1.1858e+013	1.1858e+013	5.2500e-015
3.000e-002	3.0455e-007	-1.1896e+013	-1.1877e+013	1.1877e+013	5.2500e-015
4.000e-002	3.0456e-007	-1.1915e+013	-1.1896e+013	1.1896e+013	5.2500e-015
5.000e-002	3.0456e-007	-1.1935e+013	-1.1915e+013	1.1915e+013	5.2500e-015
6.000e-002	3.0457e-007	-1.1954e+013	-1.1935e+013	1.1934e+013	5.2500e-015
7.000e-002	3.0457e-007	-1.1973e+013	-1.1954e+013	1.1953e+013	5.2500e-015
8.000e-002	3.0458e-007	-1.1992e+013	-1.1973e+013	1.1972e+013	5.2500e-015
9.000e-002	3.0458e-007	-1.2011e+013	-1.1992e+013	1.1991e+013	5.2500e-015
1.000e-001	3.0459e-007	-1.2030e+013	-1.2011e+013	1.2011e+013	5.2500e-015
1.100e-001	3.0459e-007	-1.2049e+013	-1.2030e+013	1.2030e+013	5.2500e-015
1.200e-001	3.0460e-007	-1.2068e+013	-1.2049e+013	1.2049e+013	5.2500e-015
1.300e-001	3.0460e-007	-1.2087e+013	-1.2068e+013	1.2068e+013	5.2500e-015
1.400e-001	3.0461e-007	-1.2106e+013	-1.2087e+013	1.2087e+013	5.2500e-015
1.500e-001	3.0461e-007	-1.2125e+013	-1.2106e+013	1.2106e+013	5.2500e-015
1.600e-001	3.0462e-007	-1.2144e+013	-1.2125e+013	1.2125e+013	5.2500e-015
1.700e-001	3.0462e-007	-1.2163e+013	-1.2144e+013	1.2144e+013	5.2500e-015
1.800e-001	3.0463e-007	-1.2182e+013	-1.2163e+013	1.2163e+013	5.2500e-015
1.900e-001	3.0463e-007	-1.2201e+013	-1.2182e+013	1.2182e+013	5.2500e-015
2.000e-001	3.0464e-007	-1.2220e+013	-1.2201e+013	1.2201e+013	5.2500e-015
2.100e-001	3.0464e-007	-1.2239e+013	-1.2220e+013	1.2220e+013	5.2500e-015
2.200e-001	3.0464e-007	-1.2258e+013	-1.2239e+013	1.2239e+013	5.2500e-015
2.300e-001	3.0465e-007	-1.2277e+013	-1.2258e+013	1.2258e+013	5.2500e-015
2.400e-001	3.0465e-007	-1.2296e+013	-1.2277e+013	1.2277e+013	5.2500e-015
2.500e-001	3.0466e-007	-1.2315e+013	-1.2296e+013	1.2296e+013	5.2500e-015
2.600e-001	3.0466e-007	-1.2334e+013	-1.2315e+013	1.2315e+013	5.2500e-015
2.700e-001	3.0467e-007	-1.2353e+013	-1.2334e+013	1.2334e+013	5.2500e-015
2.800e-001	3.0467e-007	-1.2372e+013	-1.2353e+013	1.2353e+013	5.2500e-015
2.900e-001	3.0468e-007	-1.2391e+013	-1.2372e+013	1.2372e+013	5.2500e-015
3.000e-001	3.0468e-007	-1.2410e+013	-1.2391e+013	1.2391e+013	5.2500e-015
3.100e-001	3.0469e-007	-1.2429e+013	-1.2410e+013	1.2410e+013	5.2500e-015
3.200e-001	3.0469e-007	-1.2448e+013	-1.2429e+013	1.2429e+013	5.2500e-015
3.300e-001	3.0470e-007	-1.2467e+013	-1.2448e+013	1.2448e+013	5.2500e-015
3.400e-001	3.0470e-007	-1.2486e+013	-1.2467e+013	1.2467e+013	5.2500e-015
3.500e-001	3.0471e-007	-1.2505e+013	-1.2486e+013	1.2486e+013	5.2500e-015
3.600e-001	3.0471e-007	-1.2524e+013	-1.2505e+013	1.2505e+013	5.2500e-015
3.700e-001	3.0471e-007	-1.2543e+013	-1.2524e+013	1.2524e+013	5.2500e-015
3.800e-001	3.0472e-007	-1.2562e+013	-1.2543e+013	1.2543e+013	5.2500e-015
3.900e-001	3.0472e-007	-1.2581e+013	-1.2562e+013	1.2562e+013	5.2500e-015
4.000e-001	3.0473e-007	-1.2600e+013	-1.2581e+013	1.2581e+013	5.2500e-015
4.100e-001	3.0473e-007	-1.2619e+013	-1.2600e+013	1.2600e+013	5.2500e-015
4.200e-001	3.0474e-007	-1.2638e+013	-1.2619e+013	1.2619e+013	5.2500e-015
4.300e-001	3.0474e-007	-1.2657e+013	-1.2638e+013	1.2638e+013	5.2500e-015
4.400e-001	3.0475e-007	-1.2676e+013	-1.2657e+013	1.2657e+013	5.2500e-015
4.500e-001	3.0475e-007	-1.2695e+013	-1.2676e+013	1.2676e+013	5.2500e-015
4.600e-001	3.0476e-007	-1.2714e+013	-1.2695e+013	1.2695e+013	5.2500e-015
4.700e-001	3.0476e-007	-1.2733e+013	-1.2714e+013	1.2714e+013	5.2500e-015
4.800e-001	3.0476e-007	-1.2752e+013	-1.2733e+013	1.2733e+013	5.2500e-015
4.900e-001	3.0477e-007	-1.2771e+013	-1.2752e+013	1.2752e+013	5.2500e-015
5.000e-001	3.0477e-007	-1.2790e+013	-1.2771e+013	1.2771e+013	5.2500e-015
5.100e-001	3.0478e-007	-1.2809e+013	-1.2790e+013	1.2790e+013	5.2500e-015
5.200e-001	3.0478e-007	-1.2828e+013	-1.2809e+013	1.2809e+013	5.2500e-015
5.300e-001	3.0479e-007	-1.2847e+013	-1.2828e+013	1.2828e+013	5.2500e-015
5.400e-001	3.0479e-007	-1.2866e+013	-1.2847e+013	1.2847e+013	5.2500e-015
5.500e-001	3.0480e-007	-1.2885e+013	-1.2866e+013	1.2866e+013	5.2500e-015
5.600e-001	3.0480e-007	-1.2904e+013	-1.2885e+013	1.2885e+013	5.2500e-015
5.700e-001	3.0480e-007	-1.2923e+013	-1.2904e+013	1.2904e+013	5.2500e-015
5.800e-001	3.0481e-007	-1.2942e+013	-1.2923e+013	1.2923e+013	5.2500e-015
5.900e-001	3.0481e-007	-1.2961e+013	-1.2942e+013	1.2942e+013	5.2500e-015
6.000e-001	3.0482e-007	-1.2980e+013	-1.2961e+013	1.2961e+013	5.2500e-015
6.100e-001	3.0482e-007	-1.2999e+013	-1.2980e+013	1.2980e+013	5.2500e-015
6.200e-001	3.0483e-007	-1.3019e+013	-1.2999e+013	1.2999e+013	5.2500e-015
6.300e-001	3.0483e-007	-1.3038e+013	-1.3019e+013	1.3018e+013	5.2500e-015
6.400e-001	3.0484e-007	-1.3057e+013	-1.3038e+013	1.3038e+013	5.2500e-015
6.500e-001	3.0484e-007	-1.3076e+013	-1.3057e+013	1.3057e+013	5.2500e-015
6.600e-001	3.0482e-007	-1.3095e+013	-1.3076e+013	1.3076e+013	5.2500e-015
6.700e-001	3.0480e-007	-1.3114e+013	-1.3095e+013	1.3095e+013	5.2500e-015
6.800e-001	3.0481e-007	-1.3133e+013	-1.3114e+013	1.3114e+013	5.2500e-015
6.900e-001	3.0481e-007	-1.3152e+013	-1.3133e+013	1.3133e+013	5.2500e-015
7.000e-001	3.0482e-007	-1.3171e+013	-1.3152e+013	1.3152e+013	5.2500e-015
7.100e-001	3.0482e-007	-1.3190e+013	-1.3171e+013	1.3171e+013	5.2500e-015
7.200e-001	3.0483e-007	-1.3209e+013	-1.3190e+013	1.3190e+013	5.2500e-015
7.300e-001	3.0483e-007	-1.3228e+013	-1.3209e+013	1.3209e+013	5.2500e-015
7.400e-001	3.0483e-007	-1.3247e+013	-1.3228e+013	1.3228e+013	5.2500e-015
7.500e-001	3.0484e-007	-1.3266e+013	-1.3247e+013	1.3247e+013	5.2500e-015
7.600e-001	3.0484e-007	-1.3285e+013	-1.3266e+013	1.3266e+013	5.2500e-015
7.700e-001	3.0485e-007	-1.3304e+013	-1.3285e+013	1.3285e+013	5.2500e-015
7.800e-001	3.0485e-007	-1.3323e+013	-1.3304e+013	1.3304e+013	5.2500e-015
7.900e-001	3.0486e-007	-1.3342e+013	-1.3323e+013	1.3323e+013	5.2500e-015
8.000e-001	3.0486e-007	-1.3361e+013	-1.3342e+013	1.3342e+013	5.2500e-015
8.100e-001	3.0487e-007	-1.3380e+013	-1.3361e+013	1.3361e+013	5.2500e-015
8.200e-001	3.0487e-007	-1.3399e+013	-1.3380e+013	1.3380e+013	5.2500e-015
8.300e-001	3.0488e-007	-1.3418e+013	-1.3399e+013	1.3399e+013	5.2500e-015
8.400e-001	3.0488e-007	-1.3437e+013	-1.3418e+013	1.3418e+013	5.2500e-015
8.500e-001	3.0489e-007	-1.3456e+013	-1.3437e+013	1.3437e+013	5.2500e-015
8.600e-001	3.0489e-007	-1.3475e+013	-1.3456e+013	1.3456e+013	5.2500e-015
8.700e-001	3.0490e-007	-1.3494e+013	-1.3475e+013	1.3475e+013	5.2500e-015
8.800e-001	3.0490e-007	-1.3513e+013	-1.3494e+013	1.3494e+013	5.2500e-015
8.900e-001	3.0491e-007	-1.3532e+013	-1.3513e+013	1.3513e+013	5.2500e-015
9.000e-001	3.0491e-007	-1.3551e+013	-1.3532e+013	1.3532e+013	5.2500e-015
9.100e-001	3.0492e-007	-1.3570e+013	-1.3551e+013	1.3551e+013	5.2500e-015
9.200e-001	3.0493e-007	-1.3589e+013	-1.3570e+013	1.3570e+013	5.2500e-015
9.300e-001	3.0493e-007	-1.3608e+013	-1.3589e+013	1.3589e+013	5.2500e-015
9.400e-001	3.0494e-007	-1.3627e+013	-1.3608e+013	1.3608e+013	5.2500e-015
9.500e-001	3.0495e-007	-1.3646e+013	-1.3627e+013	1.3627e+013	5.2500e-015
9.600e-001	3.0496e-007	-1.3665e+013	-1.3646e+013	1.3646e+013	5.2500e-015
9.700e-001	3.0498e-007	-1.3685e+013	-1.3665e+013	1.3665e+013	5.2500e-015
9.800e-001	3.0499e-007	-1.3704e+013	-1.3685e+013	1.3684e+013	5.2500e-015
9.900e-001	3.0501e-007	-1.3723e+013	-1.3704e+013	1.3704e+013	5.2500e-015
1.000e+000	3.0503e-007	-1.3742e+013	-1.3723e+013	1.3723e+013	5.2500e-015
1.010e+000	3.0506e-007	-1.3761e+013	-1.3742e+013	1.3742e+013	5.2500e-015
1.020e+000	3.0509e-007	-1.3780e+013	-1.3761e+013	1.3761e+013	5.2500e-015
1.030e+000	3.0513e-007	-1.3799e+013	-1.3780e+013	1.3780e+013	5.2500e-015
1.040e+000	3.0518e-007	-1.3818e+013	-1.3799e+013	1.3799e+013	5.2500e-015
1.050e+000	3.0524e-007	-1.3837e+013	-1.3818e+013	1.3818e+013	5.2500e-015
1.060e+000	3.0531e-007	-1.3856e+013	-1.3837e+013	1.3837e+013	5.2500e-015
1.070e+000	3.0541e-007	-1.3875e+013	-1.3856e+013	1.3856e+013	5.2500e-015
1.080e+000	3.0553e-007	-1.3894e+013	-1.3875e+013	1.3875e+013	5.2500e-015
1.090e+000	3.0569e-007	-1.3913e+013	-1.3894e+013	1.3894e+013	5.2500e-015
1.100e+000	3.0589e-007	-1.3932e+013	-1.3913e+013	1.3913e+013	5.2500e-015
1.110e+000	3.0615e-007	-1.3951e+013	-1.3932e+013	1.3932e+013	5.2500e-015
1.120e+000	3.0648e-007	-1.3970e+013	-1.3951e+013	1.3951e+013	5.2500e-015
1.130e+000	3.0691e-007	-1.3990e+013	-1.3970e+013	1.3970e+013	5.2500e-015
1.140e+000	3.0746e-007	-1.4009e+013	-1.3990e+013	1.3990e+013	5.2500e-015
1.150e+000	3.0818e-007	-1.4028e+013	-1.4009e+013	1.4009e+013	5.2500e-015
1.160e+000	3.0911e-007	-1.4047e+013	-1.4028e+013	1.4028e+013	5.2500e-015
1.170e+000	3.1032e-007	-1.4067e+013	-1.4047e+013	1.4047e+013	5.2500e-015
1.180e+000	3.1189e-007	-1.4086e+013	-1.4067e+013	1.4067e+013	5.2500e-015
1.190e+000	3.1393e-007	-1.4106e+013	-1.4086e+013	1.4086e+013	5.2500e-015
1.200e+000	3.1658e-007	-1.4126e+013	-1.4106e+013	1.4106e+013	5.2500e-015
1.210e+000	3.2002e-007	-1.4145e+013	-1.4126e+013	1.4125e+013	5.2500e-015
1.220e+000	3.2446e-007	-1.4166e+013	-1.4145e+013	1.4145e+013	5.2500e-015
1.230e+000	3.3019e-007	-1.4186e+013	-1.4166e+013	1.4166e+013	5.2500e-015
1.240e+000	3.3754e-007	-1.4207e+013	-1.4186e+013	1.4186e+013	5.2500e-015
1.250e+000	3.4660e-007	-1.4229e+013	-1.4207e+013	1.4207e+013	5.2500e-015
1.260e+000	3.5854e-007	-1.4251e+013	-1.4229e+013	1.4229e+013	5.2500e-015
1.270e+000	3.7274e-007	-1.4275e+013	-1.4251e+013	1.4251e+013	5.2500e-015
1.280e+000	3.9063e-007	-1.4299e+013	-1.4275e+013	1.4275e+013	5.2500e-015
1.290e+000	4.1233e-007	-1.4325e+013	-1.4299e+013	1.4299e+013	5.2500e-015
1.300e+000	4.3838e-007	-1.4352e+013	-1.4325e+013	1.4325e+013	5.2500e-015
1.310e+000	4.6835e-007	-1.4381e+013	-1.4352e+013	1.4352e+013	5.2500e-015
1.320e+000	5.0328e-007	-1.4413e+013	-1.4381e+013	1.4381e+013	5.2500e-015
1.330e+000	5.4228e-007	-1.4447e+013	-1.4413e+013	1.4413e+013	5.2500e-015
1.340e+000	5.8551e-007	-1.4483e+013	-1.4447e+013	1.4447e+013	5.2500e-015
1.350e+000	6.3380e-007	-1.4523e+013	-1.4483e+013	1.4483e+013	5.2500e-015
1.360e+000	6.8691e-007	-1.4566e+013	-1.4523e+013	1.4523e+013	5.2500e-015
1.370e+000	7.4550e-007	-1.4612e+013	-1.4566e+013	1.4566e+013	5.2500e-015
1.380e+000	8.1037e-007	-1.4663e+013	-1.4612e+013	1.4612e+013	5.2500e-015
1.390e+000	8.8422e-007	-1.4718e+013	-1.4663e+013	1.4663e+013	5.2500e-015
1.400e+000	9.6821e-007	-1.4778e+013	-1.4718e+013	1.4718e+013	5.2500e-015
1.410e+000	1.0638e-006	-1.4845e+013	-1.4778e+013	1.4778e+013	5.2500e-015
1.420e+000	1.1730e-006	-1.4918e+013	-1.4845e+013	1.4845e+013	5.2500e-015
1.430e+000	1.2955e-006	-1.4999e+013	-1.4918e+013	1.4918e+013	5.2500e-015
1.440e+000	1.4300e-006	-1.5088e+013	-1.4999e+013	1.4999e+013	5.2500e-015
1.450e+000	1.5737e-006	-1.5186e+013	-1.5088e+013	1.5088e+013	5.2500e-015
1.460e+000	1.7238e-006	-1.5294e+013	-1.5186e+013	1.5186e+013	5.2500e-015
1.470e+000	1.8753e-006	-1.5411e+013	-1.5294e+013	1.5294e+013	5.2500e-015
1.480e+000	2.0253e-006	-1.5537e+013	-1.5411e+013	1.5411e+013	5.2500e-015
1.490e+000	2.1706e-006	-1.5673e+013	-1.5537e+013	1.5537e+013	5.2500e-015
1.500e+000	2.3093e-006	-1.5817e+013	-1.5673e+013	1.5673e+013	5.2500e-015
1.510e+000	2.4403e-006	-1.5969e+013	-1.5817e+013	1.5817e+013	5.2500e-015
1.520e+000	2.5630e-006	-1.6129e+013	-1.5969e+013	1.5969e+013	5.2500e-015
1.530e+000	2.6776e-006	-1.6296e+013	-1.6129e+013	1.6129e+013	5.2500e-015
1.540e+000	2.7842e-006	-1.6470e+013	-1.6296e+013	1.6296e+013	5.2500e-015
1.550e+000	2.8833e-006	-1.6650e+013	-1.6470e+013	1.6470e+013	5.2500e-015
1.560e+000	2.9754e-006	-1.6836e+013	-1.6650e+013	1.6650e+013	5.2500e-015
1.570e+000	3.0612e-006	-1.7027e+013	-1.6836e+013	1.6836e+013	5.2500e-015
1.580e+000	3.1411e-006	-1.7223e+013	-1.7027e+013	1.7027e+013	5.2500e-015
1.590e+000	3.2157e-006	-1.7424e+013	-1.7223e+013	1.7223e+013	5.2500e-015
1.600e+000	3.2855e-006	-1.7629e+013	-1.7424e+013	1.7424e+013	5.2500e-015
1.610e+000	3.3509e-006	-1.7838e+013	-1.7629e+013	1.7629e+013	5.2500e-015
1.620e+000	3.4125e-006	-1.8051e+013	-1.7838e+013	1.7838e+013	5.2500e-015
1.630e+000	3.4706e-006	-1.8267e+013	-1.8051e+013	1.8051e+013	5.2500e-015
1.640e+000	3.5255e-006	-1.8487e+013	-1.8267e+013	1.8267e+013	5.2500e-015
1.650e+000	3.5775e-006	-1.8711e+013	-1.8487e+013	1.8487e+013	5.2500e-015
1.660e+000	3.6270e-006	-1.8937e+013	-1.8711e+013	1.8711e+013	5.2500e-015
1.670e+000	3.6740e-006	-1.9166e+013	-1.8937e+013	1.8937e+013	5.2500e-015
1.680e+000	3.7189e-006	-1.9399e+013	-1.9166e+013	1.9166e+013	5.2500e-015
1.690e+000	3.7619e-006	-1.9633e+013	-1.9399e+013	1.9399e+013	5.2500e-015
1.700e+000	3.8030e-006	-1.9871e+013	-1.9633e+013	1.9633e+013	5.2500e-015
1.710e+000	3.8425e-006	-2.0111e+013	-1.9871e+013	1.9871e+013	5.2500e-015
1.720e+000	3.8617e-006	-2.0352e+013	-2.0111e+013	2.0111e+013	5.2500e-015
1.730e+000	3.8693e-006	-2.0593e+013	-2.0352e+013	2.0352e+013	5.2500e-015
1.740e+000	3.8990e-006	-2.0836e+013	-2.0593e+013	2.0593e+013	5.2500e-015
1.750e+000	3.9273e-006	-2.1082e+013	-2.0836e+013	2.0836e+013	5.2500e-015
1.760e+000	3.9546e-006	-2.1328e+013	-2.1082e+013	2.1082e+013	5.2500e-015
1.770e+000	3.9807e-006	-2.1577e+013	-2.1328e+013	2.1328e+013	5.2500e-015
1.780e+000	4.0059e-006	-2.1827e+013	-2.1577e+013	2.1577e+013	5.2500e-015
1.790e+000	4.0302e-006	-2.2078e+013	-2.1827e+013	2.1827e+013	5.2500e-015
1.800e+000	4.0536e-006	-2.2331e+013	-2.2078e+013	2.2078e+013	5.2500e-015
1.810e+000	4.0762e-006	-2.2586e+013	-2.2331e+013	2.2331e+013	5.2500e-015
1.820e+000	4.0980e-006	-2.2842e+013	-2.2586e+013	2.2586e+013	5.2500e-015
1.830e+000	4.1192e-006	-2.3099e+013	-2.2842e+013	2.2842e+013	5.2500e-015
1.840e+000	4.1396e-006	-2.3357e+013	-2.3099e+013	2.3099e+013	5.2500e-015
1.850e+000	4.1595e-006	-2.3617e+013	-2.3357e+013	2.3357e+013	5.2500e-015
1.860e+000	4.1788e-006	-2.3878e+013	-2.3617e+013	2.3617e+013	5.2500e-015
1.870e+000	4.1975e-006	-2.4140e+013	-2.3878e+013	2.3878e+013	5.2500e-015
1.880e+000	4.2157e-006	-2.4403e+013	-2.4140e+013	2.4140e+013	5.2500e-015
1.890e+000	4.2334e-006	-2.4667e+013	-2.4403e+013	2.4403e+013	5.2500e-015
1.900e+000	4.2506e-006	-2.4932e+013	-2.4667e+013	2.4667e+013	5.2500e-015
1.910e+000	4.2674e-006	-2.5199e+013	-2.4932e+013	2.4932e+013	5.2500e-015
1.920e+000	4.2837e-006	-2.5466e+013	-2.5199e+013	2.5199e+013	5.2500e-015
1.930e+000	4.2997e-006	-2.5734e+013	-2.5466e+013	2.5466e+013	5.2500e-015
1.940e+000	4.3153e-006	-2.6004e+013	-2.5734e+013	2.5734e+013	5.2500e-015
1.950e+000	4.3305e-006	-2.6274e+013	-2.6004e+013	2.6004e+013	5.2500e-015
1.960e+000	4.3453e-006	-2.6545e+013	-2.6274e+013	2.6274e+013	5.2500e-015
1.970e+000	4.3598e-006	-2.6817e+013	-2.6545e+013	2.6545e+013	5.2500e-015
1.980e+000	4.3741e-006	-2.7090e+013	-2.6817e+013	2.6817e+013	5.2500e-015
1.990e+000	4.3880e-006	-2.7364e+013	-2.7090e+013	2.7090e+013	5.2500e-015
2.000e+000	4.4016e-006	-2.7639e+013	-2.7364e+013	2.7364e+013	5.2500e-015
2.010e+000	4.4149e-006	-2.7914e+013	-2.7639e+013	2.7639e+013	5.2500e-015
2.020e+000	4.4279e-006	-2.8191e+013	-2.7914e+013	2.7914e+013	5.2500e-015
2.030e+000	4.4407e-006	-2.8468e+013	-2.8191e+013	2.8191e+013	5.2500e-015
2.040e+000	4.4452e-006	-2.8745e+013	-2.8468e+013	2.8468e+013	5.2500e-015
2.050e+000	4.4558e-006	-2.9023e+013	-2.8745e+013	2.8745e+013	5.2500e-015
2.060e+000	4.4675e-006	-2.9302e+013	-2.9023e+013	2.9023e+013	5.2500e-015
2.070e+000	4.4789e-006	-2.9582e+013	-2.9302e+013	2.9302e+013	5.2500e-015
2.080e+000	4.4900e-006	-2.9862e+013	-2.9582e+013	2.9582e+013	5.2500e-015
2.090e+000	4.5010e-006	-3.0143e+013	-2.9862e+013	2.9862e+013	5.2500e-015
2.100e+000	4.5118e-006	-3.0425e+013	-3.0143e+013	3.0143e+013	5.2500e-015
2.110e+000	4.5224e-006	-3.0707e+013	-3.0425e+013	3.0425e+013	5.2500e-015
2.120e+000	4.5329e-006	-3.0990e+013	-3.0707e+013	3.0707e+013	5.2500e-015
2.130e+000	4.5431e-006	-3.1273e+013	-3.0990e+013	3.0990e+013	5.2500e-015
2.140e+000	4.5532e-006	-3.1558e+013	-3.1273e+013	3.1273e+013	5.2500e-015
2.150e+000	4.5631e-006	-3.1842e+013	-3.1558e+013	3.1558e+013	5.2500e-015
2.160e+000	4.5729e-006	-3.2128e+013	-3.1842e+013	3.1842e+013	5.2500e-015
2.170e+000	4.5825e-006	-3.2414e+013	-3.2128e+013	3.2128e+013	5.2500e-015
2.180e+000	4.5919e-006	-3.2700e+013	-3.2414e+013	3.2414e+013	5.2500e-015
2.190e+000	4.6013e-006	-3.2988e+013	-3.2700e+013	3.2700e+013	5.2500e-015
2.200e+000	4.6104e-006	-3.3275e+013	-3.2988e+013	3.2988e+013	5.2500e-015
2.210e+000	4.6195e-006	-3.3564e+013	-3.3275e+013	3.3275e+013	5.2500e-015
2.220e+000	4.6284e-006	-3.3853e+013	-3.3564e+013	3.3564e+013	5.2500e-015
2.230e+000	4.6371e-006	-3.4142e+013	-3.3853e+013	3.3853e+013	5.2500e-015
2.240e+000	4.6458e-006	-3.4432e+013	-3.4142e+013	3.4142e+013	5.2500e-015
2.250e+000	4.6543e-006	-3.4722e+013	-3.4432e+013	3.4432e+013	5.2500e-015
2.260e+000	4.6627e-006	-3.5014e+013	-3.4722e+013	3.4722e+013	5.2500e-015
2.270e+000	4.6710e-006	-3.5305e+013	-3.5014e+013	3.5013e+013	5.2500e-015
2.280e+000	4.6792e-006	-3.5597e+013	-3.5305e+013	3.5305e+013	5.2500e-015
2.290e+000	4.6873e-006	-3.5890e+013	-3.5597e+013	3.5597e+013	5.2500e-015
2.300e+000	4.6953e-006	-3.6183e+013	-3.5890e+013	3.5890e+013	5.2500e-015
2.310e+000	4.7031e-006	-3.6476e+013	-3.6183e+013	3.6183e+013	5.2500e-015
2.320e+000	4.7109e-006	-3.6770e+013	-3.6476e+013	3.6476e+013	5.2500e-015
2.330e+000	4.7186e-006	-3.7065e+013	-3.6770e+013	3.6770e+013	5.2500e-015
2.340e+000	4.7262e-006	-3.7360e+013	-3.7065e+013	3.7065e+013	5.2500e-015
2.350e+000	4.7336e-006	-3.7655e+013	-3.7360e+013	3.7360e+013	5.2500e-015
2.360e+000	4.7410e-006	-3.7951e+013	-3.7655e+013	3.7655e+013	5.2500e-015
2.370e+000	4.7483e-006	-3.8248e+013	-3.7951e+013	3.7951e+013	5.2500e-015
2.380e+000	4.7556e-006	-3.8544e+013	-3.8248e+013	3.8247e+013	5.2500e-015
2.390e+000	4.7627e-006	-3.8842e+013	-3.8544e+013	3.8544e+013	5.2500e-015
2.400e+000	4.7697e-006	-3.9139e+013	-3.8842e+013	3.8842e+013	5.2500e-015
2.410e+000	4.7767e-006	-3.9437e+013	-3.9139e+013	3.9139e+013	5.2500e-015
2.420e+000	4.7836e-006	-3.9736e+013	-3.9437e+013	3.9437e+013	5.2500e-015
2.430e+000	4.7904e-006	-4.0035e+013	-3.9736e+013	3.9736e+013	5.2500e-015
2.440e+000	4.7971e-006	-4.0334e+013	-4.0035e+013	4.0035e+013	5.2500e-015
2.450e+000	4.8038e-006	-4.0634e+013	-4.0334e+013	4.0334e+013	5.2500e-015
2.460e+000	4.8104e-006	-4.0934e+013	-4.0634e+013	4.0634e+013	5.2500e-015
2.470e+000	4.8169e-006	-4.1235e+013	-4.0934e+013	4.0934e+013	5.2500e-015
2.480e+000	4.8234e-006	-4.1536e+013	-4.1235e+013	4.1235e+013	5.2500e-015
2.490e+000	4.8297e-006	-4.1838e+013	-4.1536e+013	4.1536e+013	5.2500e-015
2.500e+000	4.8361e-006	-4.2139e+013	-4.1838e+013	4.1838e+013	5.2500e-015
2.510e+000	4.8423e-006	-4.2442e+013	-4.2139e+013	4.2139e+013	5.2500e-015
2.520e+000	4.8485e-006	-4.2744e+013	-4.2442e+013	4.2442e+013	5.2500e-015
2.530e+000	4.8546e-006	-4.3047e+013	-4.2744e+013	4.2744e+013	5.2500e-015
2.540e+000	4.8607e-006	-4.3351e+013	-4.3047e+013	4.3047e+013	5.2500e-015
2.550e+000	4.8667e-006	-4.3654e+013	-4.3351e+013	4.3351e+013	5.2500e-015
2.560e+000	4.8726e-006	-4.3959e+013	-4.3654e+013	4.3654e+013	5.2500e-015
2.570e+000	4.8785e-006	-4.4263e+013	-4.3959e+013	4.3959e+013	5.2500e-015
2.580e+000	4.8844e-006	-4.4568e+013	-4.4263e+013	4.4263e+013	5.2500e-015
2.590e+000	4.8901e-006	-4.4873e+013	-4.4568e+013	4.4568e+013	5.2500e-015
2.600e+000	4.8958e-006	-4.5179e+013	-4.4873e+013	4.4873e+013	5.2500e-015
2.610e+000	4.9015e-006	-4.5485e+013	-4.5179e+013	4.5179e+013	5.2500e-015
2.620e+000	4.9071e-006	-4.5791e+013	-4.5485e+013	4.5485e+013	5.2500e-015
2.630e+000	4.9127e-006	-4.6098e+013	-4.5791e+013	4.5791e+013	5.2500e-015
2.640e+000	4.9182e-006	-4.6405e+013	-4.6098e+013	4.6098e+013	5.2500e-015
2.650e+000	4.9237e-006	-4.6712e+013	-4.6405e+013	4.6404e+013	5.2500e-015
2.660e+000	4.9291e-006	-4.7019e+013	-4.6712e+013	4.6712e+013	5.2500e-015
2.670e+000	4.9344e-006	-4.7327e+013	-4.7019e+013	4.7019e+013	5.2500e-015
2.680e+000	4.9397e-006	-4.7636e+013	-4.7327e+013	4.7327e+013	5.2500e-015
2.690e+000	4.9450e-006	-4.7944e+013	-4.7636e+013	4.7636e+013	5.2500e-015
2.700e+000	4.9502e-006	-4.8253e+013	-4.7944e+013	4.7944e+013	5.2500e-015
2.710e+000	4.9554e-006	-4.8563e+013	-4.8253e+013	4.8253e+013	5.2500e-015
2.720e+000	4.9605e-006	-4.8872e+013	-4.8563e+013	4.8563e+013	5.2500e-015
2.730e+000	4.9656e-006	-4.9182e+013	-4.8872e+013	4.8872e+013	5.2500e-015
2.740e+000	4.9707e-006	-4.9492e+013	-4.9182e+013	4.9182e+013	5.2500e-015
2.750e+000	4.9757e-006	-4.9803e+013	-4.9492e+013	4.9492e+013	5.2500e-015
2.760e+000	4.9806e-006	-5.0114e+013	-4.9803e+013	4.9803e+013	5.2500e-015
2.770e+000	4.9856e-006	-5.0425e+013	-5.0114e+013	5.0114e+013	5.2500e-015
2.780e+000	4.9897e-006	-5.0736e+013	-5.0425e+013	5.0425e+013	5.2500e-015
2.790e+000	4.9938e-006	-5.1048e+013	-5.0736e+013	5.0736e+013	5.2500e-015
2.800e+000	4.9986e-006	-5.1360e+013	-5.1048e+013	5.1048e+013	5.2500e-015
2.810e+000	5.0034e-006	-5.1672e+013	-5.1360e+013	5.1360e+013	5.2500e-015
2.820e+000	5.0081e-006	-5.1985e+013	-5.1672e+013	5.1672e+013	5.2500e-015
2.830e+000	5.0127e-006	-5.2298e+013	-5.1985e+013	5.1985e+013	5.2500e-015
2.840e+000	5.0174e-006	-5.2611e+013	-5.2298e+013	5.2298e+013	5.2500e-015
2.850e+000	5.0220e-006	-5.2925e+013	-5.2611e+013	5.2611e+013	5.2500e-015
2.860e+000	5.0265e-006	-5.3238e+013	-5.2925e+013	5.2924e+013	5.2500e-015
2.870e+000	5.0311e-006	-5.3552e+013	-5.3238e+013	5.3238e+013	5.2500e-015
2.880e+000	5.0356e-006	-5.3867e+013	-5.3552e+013	5.3552e+013	5.2500e-015
2.890e+000	5.0400e-006	-5.4181e+013	-5.3867e+013	5.3867e+013	5.2500e-015
2.900e+000	5.0444e-006	-5.4496e+013	-5.4181e+013	5.4181e+013	5.2500e-015
2.910e+000	5.0488e-006	-5.4811e+013	-5.4496e+013	5.4496e+013	5.2500e-015
2.920e+000	5.0532e-006	-5.5126e+013	-5.4811e+013	5.4811e+013	5.2500e-015
2.930e+000	5.0575e-006	-5.5442e+013	-5.5126e+013	5.5126e+013	5.2500e-015
2.940e+000	5.0618e-006	-5.5758e+013	-5.5442e+013	5.5442e+013	5.2500e-015
2.950e+000	5.0661e-006	-5.6074e+013	-5.5758e+013	5.5758e+013	5.2500e-015
2.960e+000	5.0703e-006	-5.6391e+013	-5.6074e+013	5.6074e+013	5.2500e-015
2.970e+000	5.0745e-006	-5.6707e+013	-5.6391e+013	5.6391e+013	5.2500e-015
2.980e+000	5.0787e-006	-5.7024e+013	-5.6707e+013	5.6707e+013	5.2500e-015
2.990e+000	5.0829e-006	-5.7342e+013	-5.7024e+013	5.7024e+013	5.2500e-015
3.000e+000	5.0870e-006	-5.7659e+013	-5.7342e+013	5.7342e+013	5.2500e-015
3.010e+000	5.0911e-006	-5.7977e+013	-5.7659e+013	5.7659e+013	5.2500e-015
3.020e+000	5.0951e-006	-5.8295e+013	-5.7977e+013	5.7977e+013	5.2500e-015
3.030e+000	5.0992e-006	-5.8613e+013	-5.8295e+013	5.8295e+013	5.2500e-015
3.040e+000	5.1032e-006	-5.8932e+013	-5.8613e+013	5.8613e+013	5.2500e-015
3.050e+000	5.1072e-006	-5.9251e+013	-5.8932e+013	5.8932e+013	5.2500e-015
3.060e+000	5.1111e-006	-5.9570e+013	-5.9251e+013	5.9250e+013	5.2500e-015
3.070e+000	5.1150e-006	-5.9889e+013	-5.9570e+013	5.9569e+013	5.2500e-015
3.080e+000	5.1189e-006	-6.0208e+013	-5.9889e+013	5.9889e+013	5.2500e-015
3.090e+000	5.1228e-006	-6.0528e+013	-6.0208e+013	6.0208e+013	5.2500e-015
3.100e+000	5.1267e-006	-6.0848e+013	-6.0528e+013	6.0528e+013	5.2500e-015
3.110e+000	5.1305e-006	-6.1168e+013	-6.0848e+013	6.0848e+013	5.2500e-015
3.120e+000	5.1343e-006	-6.1489e+013	-6.1168e+013	6.1168e+013	5.2500e-015
3.130e+000	5.1381e-006	-6.1809e+013	-6.1489e+013	6.1489e+013	5.2500e-015
3.140e+000	5.1418e-006	-6.2130e+013	-6.1809e+013	6.1809e+013	5.2500e-015
3.150e+000	5.1456e-006	-6.2451e+013	-6.2130e+013	6.2130e+013	5.2500e-015
3.160e+000	5.1493e-006	-6.2773e+013	-6.2451e+013	6.2451e+013	5.2500e-015
3.170e+000	5.1529e-006	-6.3094e+013	-6.2773e+013	6.2773e+013	5.2500e-015
3.180e+000	5.1566e-006	-6.3416e+013	-6.3094e+013	6.3094e+013	5.2500e-015
3.190e+000	5.1602e-006	-6.3738e+013	-6.3416e+013	6.3416e+013	5.2500e-015
3.200e+000	5.1639e-006	-6.4061e+013	-6.3738e+013	6.3738e+013	5.2500e-015
3.210e+000	5.1674e-006	-6.4383e+013	-6.4061e+013	6.4061e+013	5.2500e-015
3.220e+000	5.1710e-006	-6.4706e+013	-6.4383e+013	6.4383e+013	5.2500e-015
3.230e+000	5.1746e-006	-6.5029e+013	-6.4706e+013	6.4706e+013	5.2500e-015
3.240e+000	5.1781e-006	-6.5352e+013	-6.5029e+013	6.5029e+013	5.2500e-015
3.250e+000	5.1816e-006	-6.5676e+013	-6.5352e+013	6.5352e+013	5.2500e-015
3.260e+000	5.1851e-006	-6.5999e+013	-6.5676e+013	6.5676e+013	5.2500e-015
3.270e+000	5.1886e-006	-6.6323e+013	-6.5999e+013	6.5999e+013	5.2500e-015
3.280e+000	5.1920e-006	-6.6647e+013	-6.6323e+013	6.6323e+013	5.2500e-015
3.290e+000	5.1954e-006	-6.6971e+013	-6.6647e+013	6.6647e+013	5.2500e-015
3.300e+000	5.1988e-006	-6.7296e+013	-6.6971e+013	6.6971e+013	5.2500e-015
3.310e+000	5.2022e-006	-6.7621e+013	-6.7296e+013	6.7296e+013	5.2500e-015
3.320e+000	5.2056e-006	-6.7945e+013	-6.7621e+013	6.7620e+013	5.2500e-015
3.330e+000	5.2089e-006	-6.8271e+013	-6.7945e+013	6.7945e+013	5.2500e-015
3.340e+000	5.2122e-006	-6.8596e+013	-6.8271e+013	6.8271e+013	5.2500e-015
3.350e+000	5.2156e-006	-6.8921e+013	-6.8596e+013	6.8596e+013	5.2500e-015
3.360e+000	5.2188e-006	-6.9247e+013	-6.8921e+013	6.8921e+013	5.2500e-015
3.370e+000	5.2221e-006	-6.9573e+013	-6.9247e+013	6.9247e+013	5.2500e-015
3.380e+000	5.2254e-006	-6.9899e+013	-6.9573e+013	6.9573e+013	5.2500e-015
3.390e+000	5.2286e-006	-7.0226e+013	-6.9899e+013	6.9899e+013	5.2500e-015
3.400e+000	5.2318e-006	-7.0552e+013	-7.0226e+013	7.0226e+013	5.2500e-015
3.410e+000	5.2350e-006	-7.0879e+013	-7.0552e+013	7.0552e+013	5.2500e-015
3.420e+000	5.2382e-006	-7.1206e+013	-7.0879e+013	7.0879e+013	5.2500e-015
3.430e+000	5.2414e-006	-7.1533e+013	-7.1206e+013	7.1206e+013	5.2500e-015
3.440e+000	5.2445e-006	-7.1860e+013	-7.1533e+013	7.1533e+013	5.2500e-015
3.450e+000	5.2476e-006	-7.2188e+013	-7.1860e+013	7.1860e+013	5.2500e-015
3.460e+000	5.2508e-006	-7.2516e+013	-7.2188e+013	7.2188e+013	5.2500e-015
3.470e+000	5.2539e-006	-7.2843e+013	-7.2516e+013	7.2515e+013	5.2500e-015
3.480e+000	5.2569e-006	-7.3172e+013	-7.2843e+013	7.2843e+013	5.2500e-015
3.490e+000	5.2600e-006	-7.3500e+013	-7.3172e+013	7.3172e+013	5.2500e-015
3.500e+000	5.2630e-006	-7.3828e+013	-7.3500e+013	7.3500e+013	5.2500e-015
3.510e+000	5.2661e-006	-7.4157e+013	-7.3828e+013	7.3828e+013	5.2500e-015
3.520e+000	5.2691e-006	-7.4486e+013	-7.4157e+013	7.4157e+013	5.2500e-015
3.530e+000	5.2721e-006	-7.4815e+013	-7.4486e+013	7.4486e+013	5.2500e-015
3.540e+000	5.2751e-006	-7.5144e+013	-7.4815e+013	7.4815e+013	5.2500e-015
3.550e+000	5.2781e-006	-7.5474e+013	-7.5144e+013	7.5144e+013	5.2500e-015
3.560e+000	5.2810e-006	-7.5803e+013	-7.5474e+013	7.5474e+013	5.2500e-015
3.570e+000	5.2839e-006	-7.6133e+013	-7.5803e+013	7.5803e+013	5.2500e-015
3.580e+000	5.2869e-006	-7.6463e+013	-7.6133e+013	7.6133e+013	5.2500e-015
3.590e+000	5.2898e-006	-7.6793e+013	-7.6463e+013	7.6463e+013	5.2500e-015
3.600e+000	5.2927e-006	-7.7124e+013	-7.6793e+013	7.6793e+013	5.2500e-015
3.610e+000	5.2956e-006	-7.7454e+013	-7.7124e+013	7.7123e+013	5.2500e-015
3.620e+000	5.2984e-006	-7.7785e+013	-7.7454e+013	7.7454e+013	5.2500e-015
3.630e+000	5.3013e-006	-7.8116e+013	-7.7785e+013	7.7785e+013	5.2500e-015
3.640e+000	5.3041e-006	-7.8447e+013	-7.8116e+013	7.8116e+013	5.2500e-015
3.650e+000	5.3069e-006	-7.8778e+013	-7.8447e+013	7.8447e+013	5.2500e-015
3.660e+000	5.3098e-006	-7.9109e+013	-7.8778e+013	7.8778e+013	5.2500e-015
3.670e+000	5.3126e-006	-7.9441e+013	-7.9109e+013	7.9109e+013	5.2500e-015
3.680e+000	5.3153e-006	-7.9773e+013	-7.9441e+013	7.9441e+013	5.2500e-015
3.690e+000	5.3181e-006	-8.0105e+013	-7.9773e+013	7.9773e+013	5.2500e-015
3.700e+000	5.3209e-006	-8.0437e+013	-8.0105e+013	8.0105e+013	5.2500e-015
3.710e+000	5.3236e-006	-8.0769e+013	-8.0437e+013	8.0437e+013	5.2500e-015
3.720e+000	5.3263e-006	-8.1101e+013	-8.0769e+013	8.0769e+013	5.2500e-015
3.730e+000	5.3291e-006	-8.1434e+013	-8.1101e+013	8.1101e+013	5.2500e-015
3.740e+000	5.3318e-006	-8.1767e+013	-8.1434e+013	8.1434e+013	5.2500e-015
3.750e+000	5.3345e-006	-8.2100e+013	-8.1767e+013	8.1767e+013	5.2500e-015
3.760e+000	5.3371e-006	-8.2433e+013	-8.2100e+013	8.2100e+013	5.2500e-015
3.770e+000	5.3398e-006	-8.2766e+013	-8.2433e+013	8.2433e+013	5.2500e-015
3.780e+000	5.3425e-006	-8.3100e+013	-8.2766e+013	8.2766e+013	5.2500e-015
3.790e+000	5.3451e-006	-8.3433e+013	-8.3100e+013	8.3100e+013	5.2500e-015
3.800e+000	5.3477e-006	-8.3767e+013	-8.3433e+013	8.3433e+013	5.2500e-015
3.810e+000	5.3503e-006	-8.4101e+013	-8.3767e+013	8.3767e+013	5.2500e-015
3.820e+000	5.3529e-006	-8.4435e+013	-8.4101e+013	8.4101e+013	5.2500e-015
3.830e+000	5.3555e-006	-8.4769e+013	-8.4435e+013	8.4435e+013	5.2500e-015
3.840e+000	5.3581e-006	-8.5104e+013	-8.4769e+013	8.4769e+013	5.2500e-015
3.850e+000	5.3607e-006	-8.5438e+013	-8.5104e+013	8.5104e+013	5.2500e-015
3.860e+000	5.3633e-006	-8.5773e+013	-8.5438e+013	8.5438e+013	5.2500e-015
3.870e+000	5.3658e-006	-8.6108e+013	-8.5773e+013	8.5773e+013	5.2500e-015
3.880e+000	5.3683e-006	-8.6443e+013	-8.6108e+013	8.6108e+013	5.2500e-015
3.890e+000	5.3709e-006	-8.6778e+013	-8.6443e+013	8.6443e+013	5.2500e-015
3.900e+000	5.3734e-006	-8.7114e+013	-8.6778e+013	8.6778e+013	5.2500e-015
3.910e+000	5.3759e-006	-8.7449e+013	-8.7114e+013	8.7114e+013	5.2500e-015
3.920e+000	5.3784e-006	-8.7785e+013	-8.7449e+013	8.7449e+013	5.2500e-015
3.930e+000	5.3809e-006	-8.8121e+013	-8.7785e+013	8.7785e+013	5.2500e-015
3.940e+000	5.3833e-006	-8.8457e+013	-8.8121e+013	8.8121e+013	5.2500e-015
3.950e+000	5.3858e-006	-8.8793e+013	-8.8457e+013	8.8457e+013	5.2500e-015
3.960e+000	5.3882e-006	-8.9129e+013	-8.8793e+013	8.8793e+013	5.2500e-015
3.970e+000	5.3907e-006	-8.9466e+013	-8.9129e+013	8.9129e+013	5.2500e-015
3.980e+000	5.3931e-006	-8.9802e+013	-8.9466e+013	8.9466e+013	5.2500e-015
3.990e+000	5.3955e-006	-9.0139e+013	-8.9802e+013	8.9802e+013	5.2500e-015
4.000e+000	5.3979e-006	-9.0476e+013	-9.0139e+013	9.0139e+013	5.2500e-015
4.010e+000	5.4003e-006	-9.0813e+013	-9.0476e+013	9.0476e+013	5.2500e-015
4.020e+000	5.4027e-006	-9.1150e+013	-9.0813e+013	9.0813e+013	5.2500e-015
4.030e+000	5.4051e-006	-9.1488e+013	-9.1150e+013	9.1150e+013	5.2500e-015
4.040e+000	5.4075e-006	-9.1825e+013	-9.1488e+013	9.1488e+013	5.2500e-015
4.050e+000	5.4098e-006	-9.2163e+013	-9.1825e+013	9.1825e+013	5.2500e-015
4.060e+000	5.4122e-006	-9.2501e+013	-9.2163e+013	9.2163e+013	5.2500e-015
4.070e+000	5.4145e-006	-9.2838e+013	-9.2501e+013	9.2500e+013	5.2500e-015
4.080e+000	5.4168e-006	-9.3177e+013	-9.2838e+013	9.2838e+013	5.2500e-015
4.090e+000	5.4192e-006	-9.3515e+013	-9.3177e+013	9.3177e+013	5.2500e-015
4.100e+000	5.4215e-006	-9.3853e+013	-9.3515e+013	9.3515e+013	5.2500e-015
4.110e+000	5.4238e-006	-9.4192e+013	-9.3853e+013	9.3853e+013	5.2500e-015
4.120e+000	5.4261e-006	-9.4530e+013	-9.4192e+013	9.4192e+013	5.2500e-015
4.130e+000	5.4283e-006	-9.4869e+013	-9.4530e+013	9.4530e+013	5.2500e-015
4.140e+000	5.4306e-006	-9.5208e+013	-9.4869e+013	9.4869e+013	5.2500e-015
4.150e+000	5.4329e-006	-9.5547e+013	-9.5208e+013	9.5208e+013	5.2500e-015
4.160e+000	5.4351e-006	-9.5886e+013	-9.5547e+013	9.5547e+013	5.2500e-015
4.170e+000	5.4374e-006	-9.6226e+013	-9.5886e+013	9.5886e+013	5.2500e-015
4.180e+000	5.4396e-006	-9.6565e+013	-9.6226e+013	9.6226e+013	5.2500e-015
4.190e+000	5.4418e-006	-9.6905e+013	-9.6565e+013	9.6565e+013	5.2500e-015
4.200e+000	5.4441e-006	-9.7245e+013	-9.6905e+013	9.6905e+013	5.2500e-015
4.210e+000	5.4463e-006	-9.7585e+013	-9.7245e+013	9.7245e+013	5.2500e-015
4.220e+000	5.4485e-006	-9.7925e+013	-9.7585e+013	9.7585e+013	5.2500e-015
4.230e+000	5.4507e-006	-9.8265e+013	-9.7925e+013	9.7925e+013	5.2500e-015
4.240e+000	5.4529e-006	-9.8605e+013	-9.8265e+013	9.8265e+013	5.2500e-015
4.250e+000	5.4550e-006	-9.8946e+013	-9.8605e+013	9.8605e+013	5.2500e-015
4.260e+000	5.4572e-006	-9.9286e+013	-9.8946e+013	9.8946e+013	5.2500e-015
4.270e+000	5.4594e-006	-9.9627e+013	-9.9286e+013	9.9286e+013	5.2500e-015
4.280e+000	5.4615e-006	-9.9968e+013	-9.9627e+013	9.9627e+013	5.2500e-015
4.290e+000	5.4636e-006	-1.0031e+014	-9.9968e+013	9.9968e+013	5.2500e-015
4.300e+000	5.4658e-006	-1.0065e+014	-1.0031e+014	1.0031e+014	5.2500e-015
4.310e+000	5.4679e-006	-1.0099e+014	-1.0065e+014	1.0065e+014	5.2500e-015
4.320e+000	5.4700e-006	-1.0133e+014	-1.0099e+014	1.0099e+014	5.2500e-015
4.330e+000	5.4721e-006	-1.0167e+014	-1.0133e+014	1.0133e+014	5.2500e-015
4.340e+000	5.4742e-006	-1.0202e+014	-1.0167e+014	1.0167e+014	5.2500e-015
4.350e+000	5.4763e-006	-1.0236e+014	-1.0202e+014	1.0202e+014	5.2500e-015
4.360e+000	5.4784e-006	-1.0270e+014	-1.0236e+014	1.0236e+014	5.2500e-015
4.370e+000	5.4805e-006	-1.0304e+014	-1.0270e+014	1.0270e+014	5.2500e-015
4.380e+000	5.4826e-006	-1.0338e+014	-1.0304e+014	1.0304e+014	5.2500e-015
4.390e+000	5.4846e-006	-1.0373e+014	-1.0338e+014	1.0338e+014	5.2500e-015
4.400e+000	5.4867e-006	-1.0407e+014	-1.0373e+014	1.0373e+014	5.2500e-015
4.410e+000	5.4887e-006	-1.0441e+014	-1.0407e+014	1.0407e+014	5.2500e-015
4.420e+000	5.4908e-006	-1.0475e+014	-1.0441e+014	1.0441e+014	5.2500e-015
4.430e+000	5.4928e-006	-1.0510e+014	-1.0475e+014	1.0475e+014	5.2500e-015
4.440e+000	5.4948e-006	-1.0544e+014	-1.0510e+014	1.0510e+014	5.2500e-015
4.450e+000	5.4969e-006	-1.0578e+014	-1.0544e+014	1.0544e+014	5.2500e-015
4.460e+000	5.4989e-006	-1.0613e+014	-1.0578e+014	1.0578e+014	5.2500e-015
4.470e+000	5.5009e-006	-1.0647e+014	-1.0613e+014	1.0613e+014	5.2500e-015
4.480e+000	5.5029e-006	-1.0681e+014	-1.0647e+014	1.0647e+014	5.2500e-015
4.490e+000	5.5049e-006	-1.0716e+014	-1.0681e+014	1.0681e+014	5.2500e-015
4.500e+000	5.5068e-006	-1.0750e+014	-1.0716e+014	1.0716e+014	5.2500e-015
4.510e+000	5.5088e-006	-1.0784e+014	-1.0750e+014	1.0750e+014	5.2500e-015
4.520e+000	5.5108e-006	-1.0819e+014	-1.0784e+014	1.0784e+014	5.2500e-015
4.530e+000	5.5128e-006	-1.0853e+014	-1.0819e+014	1.0819e+014	5.2500e-015
4.540e+000	5.5147e-006	-1.0888e+014	-1.0853e+014	1.0853e+014	5.2500e-015
4.550e+000	5.5167e-006	-1.0922e+014	-1.0888e+014	1.0888e+014	5.2500e-015
4.560e+000	5.5186e-006	-1.0957e+014	-1.0922e+014	1.0922e+014	5.2500e-015
4.570e+000	5.5205e-006	-1.0991e+014	-1.0957e+014	1.0957e+014	5.2500e-015
4.580e+000	5.5225e-006	-1.1025e+014	-1.0991e+014	1.0991e+014	5.2500e-015
4.590e+000	5.5244e-006	-1.1060e+014	-1.1025e+014	1.1025e+014	5.2500e-015
4.600e+000	5.5263e-006	-1.1094e+014	-1.1060e+014	1.1060e+014	5.2500e-015
4.610e+000	5.5282e-006	-1.1129e+014	-1.1094e+014	1.1094e+014	5.2500e-015
4.620e+000	5.5301e-006	-1.1163e+014	-1.1129e+014	1.1129e+014	5.2500e-015
4.630e+000	5.5320e-006	-1.1198e+014	-1.1163e+014	1.1163e+014	5.2500e-015
4.640e+000	5.5339e-006	-1.1233e+014	-1.1198e+014	1.1198e+014	5.2500e-015
4.650e+000	5.5358e-006	-1.1267e+014	-1.1233e+014	1.1232e+014	5.2500e-015
4.660e+000	5.5376e-006	-1.1302e+014	-1.1267e+014	1.1267e+014	5.2500e-015
4.670e+000	5.5395e-006	-1.1336e+014	-1.1302e+014	1.1302e+014	5.2500e-015
4.680e+000	5.5414e-006	-1.1371e+014	-1.1336e+014	1.1336e+014	5.2500e-015
4.690e+000	5.5432e-006	-1.1405e+014	-1.1371e+014	1.1371e+014	5.2500e-015
4.700e+000	5.5451e-006	-1.1440e+014	-1.1405e+014	1.1405e+014	5.2500e-015
4.710e+000	5.5469e-006	-1.1475e+014	-1.1440e+014	1.1440e+014	5.2500e-015
4.720e+000	5.5488e-006	-1.1509e+014	-1.1475e+014	1.1475e+014	5.2500e-015
4.730e+000	5.5506e-006	-1.1544e+014	-1.1509e+014	1.1509e+014	5.2500e-015
4.740e+000	5.5524e-006	-1.1579e+014	-1.1544e+014	1.1544e+014	5.2500e-015
4.750e+000	5.5542e-006	-1.1613e+014	-1.1579e+014	1.1579e+014	5.2500e-015
4.760e+000	5.5561e-006	-1.1648e+014	-1.1613e+014	1.1613e+014	5.2500e-015
4.770e+000	5.5579e-006	-1.1683e+014	-1.1648e+014	1.1648e+014	5.2500e-015
4.780e+000	5.5597e-006	-1.1717e+014	-1.1683e+014	1.1683e+014	5.2500e-015
4.790e+000	5.5615e-006	-1.1752e+014	-1.1717e+014	1.1717e+014	5.2500e-015
4.800e+000	5.5633e-006	-1.1787e+014	-1.1752e+014	1.1752e+014	5.2500e-015
4.810e+000	5.5650e-006	-1.1821e+014	-1.1787e+014	1.1787e+014	5.2500e-015
4.820e+000	5.5668e-006	-1.1856e+014	-1.1821e+014	1.1821e+014	5.2500e-015
4.830e+000	5.5686e-006	-1.1891e+014	-1.1856e+014	1.1856e+014	5.2500e-015
4.840e+000	5.5704e-006	-1.1926e+014	-1.1891e+014	1.1891e+014	5.2500e-015
4.850e+000	5.5721e-006	-1.1960e+014	-1.1926e+014	1.1926e+014	5.2500e-015
4.860e+000	5.5739e-006	-1.1995e+014	-1.1960e+014	1.1960e+014	5.2500e-015
4.870e+000	5.5756e-006	-1.2030e+014	-1.1995e+014	1.1995e+014	5.2500e-015
4.880e+000	5.5774e-006	-1.2065e+014	-1.2030e+014	1.2030e+014	5.2500e-015
4.890e+000	5.5791e-006	-1.2100e+014	-1.2065e+014	1.2065e+014	5.2500e-015
4.900e+000	5.5808e-006	-1.2135e+014	-1.2100e+014	1.2100e+014	5.2500e-015
4.910e+000	5.5826e-006	-1.2169e+014	-1.2135e+014	1.2135e+014	5.2500e-015
4.920e+000	5.5842e-006	-1.2204e+014	-1.2169e+014	1.2169e+014	5.2500e-015
4.930e+000	5.5859e-006	-1.2239e+014	-1.2204e+014	1.2204e+014	5.2500e-015
4.940e+000	5.5876e-006	-1.2274e+014	-1.2239e+014	1.2239e+014	5.2500e-015
4.950e+000	5.5893e-006	-1.2309e+014	-1.2274e+014	1.2274e+014	5.2500e-015
4.960e+000	5.5910e-006	-1.2344e+014	-1.2309e+014	1.2309e+014	5.2500e-015
4.970e+000	5.5927e-006	-1.2379e+014	-1.2344e+014	1.2344e+014	5.2500e-015
4.980e+000	5.5944e-006	-1.2414e+014	-1.2379e+014	1.2379e+014	5.2500e-015
4.990e+000	5.5960e-006	-1.2449e+014	-1.2414e+014	1.2414e+014	5.2500e-015
5.000e+000	5.5977e-006	-1.2483e+014	-1.2449e+014	1.2449e+014	5.2500e-015
5.010e+000	5.5994e-006	-1.2518e+014	-1.2483e+014	1.2483e+014	5.2500e-015
5.020e+000	5.6011e-006	-1.2553e+014	-1.2518e+014	1.2518e+014	5.2500e-015
5.030e+000	5.6027e-006	-1.2588e+014	-1.2553e+014	1.2553e+014	5.2500e-015
5.040e+000	5.6044e-006	-1.2623e+014	-1.2588e+014	1.2588e+014	5.2500e-015
5.050e+000	5.6061e-006	-1.2658e+014	-1.2623e+014	1.2623e+014	5.2500e-015
5.060e+000	5.6077e-006	-1.2693e+014	-1.2658e+014	1.2658e+014	5.2500e-015
5.070e+000	5.6093e-006	-1.2728e+014	-1.2693e+014	1.2693e+014	5.2500e-015
5.080e+000	5.6110e-006	-1.2763e+014	-1.2728e+014	1.2728e+014	5.2500e-015
5.090e+000	5.6126e-006	-1.2798e+014	-1.2763e+014	1.2763e+014	5.2500e-015
5.100e+000	5.6143e-006	-1.2833e+014	-1.2798e+014	1.2798e+014	5.2500e-015
5.110e+000	5.6159e-006	-1.2868e+014	-1.2833e+014	1.2833e+014	5.2500e-015
5.120e+000	5.6175e-006	-1.2904e+014	-1.2868e+014	1.2868e+014	5.2500e-015
5.130e+000	5.6191e-006	-1.2939e+014	-1.2904e+014	1.2904e+014	5.2500e-015
5.140e+000	5.6207e-006	-1.2974e+014	-1.2939e+014	1.2939e+014	5.2500e-015
5.150e+000	5.6223e-006	-1.3009e+014	-1.2974e+014	1.2974e+014	5.2500e-015
5.160e+000	5.6239e-006	-1.3044e+014	-1.3009e+014	1.3009e+014	5.2500e-015
5.170e+000	5.6255e-006	-1.3079e+014	-1.3044e+014	1.3044e+014	5.2500e-015
5.180e+000	5.6271e-006	-1.3114e+014	-1.3079e+014	1.3079e+014	5.2500e-015
5.190e+000	5.6287e-006	-1.3149e+014	-1.3114e+014	1.3114e+014	5.2500e-015
5.200e+000	5.6303e-006	-1.3184e+014	-1.3149e+014	1.3149e+014	5.2500e-015
5.210e+000	5.6319e-006	-1.3220e+014	-1.3184e+014	1.3184e+014	5.2500e-015
5.220e+000	5.6334e-006	-1.3255e+014	-1.3220e+014	1.3220e+014	5.2500e-015
5.230e+000	5.6350e-006	-1.3290e+014	-1.3255e+014	1.3255e+014	5.2500e-015
5.240e+000	5.6366e-006	-1.3325e+014	-1.3290e+014	1.3290e+014	5.2500e-015
5.250e+000	5.6381e-006	-1.3360e+014	-1.3325e+014	1.3325e+014	5.2500e-015
5.260e+000	5.6397e-006	-1.3395e+014	-1.3360e+014	1.3360e+014	5.2500e-015
5.270e+000	5.6412e-006	-1.3431e+014	-1.3395e+014	1.3395e+014	5.2500e-015
5.280e+000	5.6428e-006	-1.3466e+014	-1.3431e+014	1.3431e+014	5.2500e-015
5.290e+000	5.6443e-006	-1.3501e+014	-1.3466e+014	1.3466e+014	5.2500e-015
5.300e+000	5.6459e-006	-1.3536e+014	-1.3501e+014	1.3501e+014	5.2500e-015
5.310e+000	5.6474e-006	-1.3572e+014	-1.3536e+014	1.3536e+014	5.2500e-015
5.320e+000	5.6489e-006	-1.3607e+014	-1.3572e+014	1.3572e+014	5.2500e-015
5.330e+000	5.6504e-006	-1.3642e+014	-1.3607e+014	1.3607e+014	5.2500e-015
5.340e+000	5.6520e-006	-1.3677e+014	-1.3642e+014	1.3642e+014	5.2500e-015
5.350e+000	5.6535e-006	-1.3713e+014	-1.3677e+014	1.3677e+014	5.2500e-015
5.360e+000	5.6550e-006	-1.3748e+014	-1.3713e+014	1.3713e+014	5.2500e-015
5.370e+000	5.6565e-006	-1.3783e+014	-1.3748e+014	1.3748e+014	5.2500e-015
5.380e+000	5.6580e-006	-1.3819e+014	-1.3783e+014	1.3783e+014	5.2500e-015
5.390e+000	5.6595e-006	-1.3854e+014	-1.3819e+014	1.3819e+014	5.2500e-015
5.400e+000	5.6610e-006	-1.3889e+014	-1.3854e+014	1.3854e+014	5.2500e-015
5.410e+000	5.6625e-006	-1.3925e+014	-1.3889e+014	1.3889e+014	5.2500e-015
5.420e+000	5.6640e-006	-1.3960e+014	-1.3925e+014	1.3925e+014	5.2500e-015
5.430e+000	5.6655e-006	-1.3995e+014	-1.3960e+014	1.3960e+014	5.2500e-015
5.440e+000	5.6669e-006	-1.4031e+014	-1.3995e+014	1.3995e+014	5.2500e-015
5.450e+000	5.6684e-006	-1.4066e+014	-1.4031e+014	1.4031e+014	5.2500e-015
5.460e+000	5.6699e-006	-1.4101e+014	-1.4066e+014	1.4066e+014	5.2500e-015
5.470e+000	5.6713e-006	-1.4137e+014	-1.4101e+014	1.4101e+014	5.2500e-015
5.480e+000	5.6728e-006	-1.4172e+014	-1.4137e+014	1.4137e+014	5.2500e-015
5.490e+000	5.6743e-006	-1.4208e+014	-1.4172e+014	1.4172e+014	5.2500e-015
5.500e+000	5.6757e-006	-1.4243e+014	-1.4208e+014	1.4208e+014	5.2500e-015
5.510e+000	5.6772e-006	-1.4279e+014	-1.4243e+014	1.4243e+014	5.2500e-015
5.520e+000	5.6786e-006	-1.4314e+014	-1.4279e+014	1.4278e+014	5.2500e-015
5.530e+000	5.6801e-006	-1.4349e+014	-1.4314e+014	1.4314e+014	5.2500e-015
5.540e+000	5.6815e-006	-1.4385e+014	-1.4349e+014	1.4349e+014	5.2500e-015
5.550e+000	5.6829e-006	-1.4420e+014	-1.4385e+014	1.4385e+014	5.2500e-015
5.560e+000	5.6844e-006	-1.4456e+014	-1.4420e+014	1.4420e+014	5.2500e-015
5.570e+000	5.6858e-006	-1.4491e+014	-1.4456e+014	1.4456e+014	5.2500e-015
5.580e+000	5.6872e-006	-1.4527e+014	-1.4491e+014	1.4491e+014	5.2500e-015
5.590e+000	5.6886e-006	-1.4562e+014	-1.4527e+014	1.4527e+014	5.2500e-015
5.600e+000	5.6900e-006	-1.4598e+014	-1.4562e+014	1.4562e+014	5.2500e-015
5.610e+000	5.6915e-006	-1.4633e+014	-1.4598e+014	1.4598e+014	5.2500e-015
5.620e+000	5.6929e-006	-1.4669e+014	-1.4633e+014	1.4633e+014	5.2500e-015
5.630e+000	5.6943e-006	-1.4704e+014	-1.4669e+014	1.4669e+014	5.2500e-015
5.640e+000	5.6957e-006	-1.4740e+014	-1.4704e+014	1.4704e+014	5.2500e-015
5.650e+000	5.6971e-006	-1.4776e+014	-1.4740e+014	1.4740e+014	5.2500e-015
5.660e+000	5.6985e-006	-1.4811e+014	-1.4776e+014	1.4776e+014	5.2500e-015
5.670e+000	5.6998e-006	-1.4847e+014	-1.4811e+014	1.4811e+014	5.2500e-015
5.680e+000	5.7012e-006	-1.4882e+014	-1.4847e+014	1.4847e+014	5.2500e-015
5.690e+000	5.7026e-006	-1.4918e+014	-1.4882e+014	1.4882e+014	5.2500e-015
5.700e+000	5.7040e-006	-1.4953e+014	-1.4918e+014	1.4918e+014	5.2500e-015
5.710e+000	5.7054e-006	-1.4989e+014	-1.4953e+014	1.4953e+014	5.2500e-015
5.720e+000	5.7067e-006	-1.5025e+014	-1.4989e+014	1.4989e+014	5.2500e-015
5.730e+000	5.7081e-006	-1.5060e+014	-1.5025e+014	1.5025e+014	5.2500e-015
5.740e+000	5.7095e-006	-1.5096e+014	-1.5060e+014	1.5060e+014	5.2500e-015
5.750e+000	5.7108e-006	-1.5132e+014	-1.5096e+014	1.5096e+014	5.2500e-015
5.760e+000	5.7122e-006	-1.5167e+014	-1.5132e+014	1.5132e+014	5.2500e-015
5.770e+000	5.7136e-006	-1.5203e+014	-1.5167e+014	1.5167e+014	5.2500e-015
5.780e+000	5.7149e-006	-1.5239e+014	-1.5203e+014	1.5203e+014	5.2500e-015
5.790e+000	5.7163e-006	-1.5274e+014	-1.5239e+014	1.5239e+014	5.2500e-015
5.800e+000	5.7176e-006	-1.5310e+014	-1.5274e+014	1.5274e+014	5.2500e-015
5.810e+000	5.7189e-006	-1.5346e+014	-1.5310e+014	1.5310e+014	5.2500e-015
5.820e+000	5.7203e-006	-1.5381e+014	-1.5346e+014	1.5346e+014	5.2500e-015
5.830e+000	5.7216e-006	-1.5417e+014	-1.5381e+014	1.5381e+014	5.2500e-015
5.840e+000	5.7229e-006	-1.5453e+014	-1.5417e+014	1.5417e+014	5.2500e-015
5.850e+000	5.7243e-006	-1.5488e+014	-1.5453e+014	1.5453e+014	5.2500e-015
5.860e+000	5.7256e-006	-1.5524e+014	-1.5488e+014	1.5488e+014	5.2500e-015
5.870e+000	5.7269e-006	-1.5560e+014	-1.5524e+014	1.5524e+014	5.2500e-015
5.880e+000	5.7282e-006	-1.5596e+014	-1.5560e+014	1.5560e+014	5.2500e-015
5.890e+000	5.7295e-006	-1.5631e+014	-1.5596e+014	1.5596e+014	5.2500e-015
5.900e+000	5.7309e-006	-1.5667e+014	-1.5631e+014	1.5631e+014	5.2500e-015
5.910e+000	5.7322e-006	-1.5703e+014	-1.5667e+014	1.5667e+014	5.2500e-015
5.920e+000	5.7335e-006	-1.5739e+014	-1.5703e+014	1.5703e+014	5.2500e-015
5.930e+000	5.7348e-006	-1.5775e+014	-1.5739e+014	1.5739e+014	5.2500e-015
5.940e+000	5.7361e-006	-1.5810e+014	-1.5775e+014	1.5775e+014	5.2500e-015
5.950e+000	5.7374e-006	-1.5846e+014	-1.5810e+014	1.5810e+014	5.2500e-015
5.960e+000	5.7387e-006	-1.5882e+014	-1.5846e+014	1.5846e+014	5.2500e-015
5.970e+000	5.7399e-006	-1.5918e+014	-1.5882e+014	1.5882e+014	5.2500e-015
5.980e+000	5.7412e-006	-1.5954e+014	-1.5918e+014	1.5918e+014	5.2500e-015
5.990e+000	5.7425e-006	-1.5990e+014	-1.5954e+014	1.5954e+014	5.2500e-015
6.000e+000	5.7438e-006	-1.6025e+014	-1.5990e+014	1.5990e+014	5.2500e-015
6.010e+000	5.7451e-006	-1.6061e+014	-1.6025e+014	1.6025e+014	5.2500e-015
6.020e+000	5.7463e-006	-1.6097e+014	-1.6061e+014	1.6061e+014	5.2500e-015
6.030e+000	5.7476e-006	-1.6133e+014	-1.6097e+014	1.6097e+014	5.2500e-015
6.040e+000	5.7489e-006	-1.6169e+014	-1.6133e+014	1.6133e+014	5.2500e-015
6.050e+000	5.7501e-006	-1.6205e+014	-1.6169e+014	1.6169e+014	5.2500e-015
6.060e+000	5.7514e-006	-1.6241e+014	-1.6205e+014	1.6205e+014	5.2500e-015
6.070e+000	5.7527e-006	-1.6277e+014	-1.6241e+014	1.6241e+014	5.2500e-015
6.080e+000	5.7539e-006	-1.6312e+014	-1.6277e+014	1.6277e+014	5.2500e-015
6.090e+000	5.7552e-006	-1.6348e+014	-1.6312e+014	1.6312e+014	5.2500e-015
6.100e+000	5.7564e-006	-1.6384e+014	-1.6348e+014	1.6348e+014	5.2500e-015
6.110e+000	5.7577e-006	-1.6420e+014	-1.6384e+014	1.6384e+014	5.2500e-015
6.120e+000	5.7589e-006	-1.6456e+014	-1.6420e+014	1.6420e+014	5.2500e-015
6.130e+000	5.7601e-006	-1.6492e+014	-1.6456e+014	1.6456e+014	5.2500e-015
6.140e+000	5.7614e-006	-1.6528e+014	-1.6492e+014	1.6492e+014	5.2500e-015
6.150e+000	5.7626e-006	-1.6564e+014	-1.6528e+014	1.6528e+014	5.2500e-015
6.160e+000	5.7639e-006	-1.6600e+014	-1.6564e+014	1.6564e+014	5.2500e-015
6.170e+000	5.7651e-006	-1.6636e+014	-1.6600e+014	1.6600e+014	5.2500e-015
6.180e+000	5.7663e-006	-1.6672e+014	-1.6636e+014	1.6636e+014	5.2500e-015
6.190e+000	5.7675e-006	-1.6708e+014	-1.6672e+014	1.6672e+014	5.2500e-015
6.200e+000	5.7687e-006	-1.6744e+014	-1.6708e+014	1.6708e+014	5.2500e-015
6.210e+000	5.7700e-006	-1.6780e+014	-1.6744e+014	1.6744e+014	5.2500e-015
6.220e+000	5.7712e-006	-1.6816e+014	-1.6780e+014	1.6780e+014	5.2500e-015
6.230e+000	5.7724e-006	-1.6852e+014	-1.6816e+014	1.6816e+014	5.2500e-015
6.240e+000	5.7736e-006	-1.6888e+014	-1.6852e+014	1.6852e+014	5.2500e-015
6.250e+000	5.7748e-006	-1.6924e+014	-1.6888e+014	1.6888e+014	5.2500e-015
6.260e+000	5.7760e-006	-1.6960e+014	-1.6924e+014	1.6924e+014	5.2500e-015
6.270e+000	5.7772e-006	-1.6996e+014	-1.6960e+014	1.6960e+014	5.2500e-015
6.280e+000	5.7784e-006	-1.7032e+014	-1.6996e+014	1.6996e+014	5.2500e-015
6.290e+000	5.7796e-006	-1.7068e+014	-1.7032e+014	1.7032e+014	5.2500e-015
6.300e+000	5.7808e-006	-1.7104e+014	-1.7068e+014	1.7068e+014	5.2500e-015
6.310e+000	5.7820e-006	-1.7141e+014	-1.7104e+014	1.7104e+014	5.2500e-015
6.320e+000	5.7832e-006	-1.7177e+014	-1.7141e+014	1.7141e+014	5.2500e-015
6.330e+000	5.7844e-006	-1.7213e+014	-1.7177e+014	1.7177e+014	5.2500e-015
6.340e+000	5.7855e-006	-1.7249e+014	-1.7213e+014	1.7213e+014	5.2500e-015
6.350e+000	5.7867e-006	-1.7285e+014	-1.7249e+014	1.7249e+014	5.2500e-015
6.360e+000	5.7879e-006	-1.7321e+014	-1.7285e+014	1.7285e+014	5.2500e-015
6.370e+000	5.7891e-006	-1.7357e+014	-1.7321e+014	1.7321e+014	5.2500e-015
6.380e+000	5.7902e-006	-1.7393e+014	-1.7357e+014	1.7357e+014	5.2500e-015
6.390e+000	5.7914e-006	-1.7430e+014	-1.7393e+014	1.7393e+014	5.2500e-015
6.400e+000	5.7926e-006	-1.7466e+014	-1.7430e+014	1.7430e+014	5.2500e-015
6.410e+000	5.7937e-006	-1.7502e+014	-1.7466e+014	1.7466e+014	5.2500e-015
6.420e+000	5.7949e-006	-1.7538e+014	-1.7502e+014	1.7502e+014	5.2500e-015
6.430e+000	5.7961e-006	-1.7574e+014	-1.7538e+014	1.7538e+014	5.2500e-015
6.440e+000	5.7972e-006	-1.7610e+014	-1.7574e+014	1.7574e+014	5.2500e-015
6.450e+000	5.7984e-006	-1.7647e+014	-1.7610e+014	1.7610e+014	5.2500e-015
6.460e+000	5.7995e-006	-1.7683e+014	-1.7647e+014	1.7647e+014	5.2500e-015
6.470e+000	5.8007e-006	-1.7719e+014	-1.7683e+014	1.7683e+014	5.2500e-015
6.480e+000	5.8018e-006	-1.7755e+014	-1.7719e+014	1.7719e+014	5.2500e-015
6.490e+000	5.8029e-006	-1.7791e+014	-1.7755e+014	1.7755e+014	5.2500e-015
6.500e+000	5.8041e-006	-1.7828e+014	-1.7791e+014	1.7791e+014	5.2500e-015
6.510e+000	5.8052e-006	-1.7864e+014	-1.7828e+014	1.7828e+014	5.2500e-015
6.520e+000	5.8064e-006	-1.7900e+014	-1.7864e+014	1.7864e+014	5.2500e-015
6.530e+000	5.8075e-006	-1.7936e+014	-1.7900e+014	1.7900e+014	5.2500e-015
6.540e+000	5.8086e-006	-1.7973e+014	-1.7936e+014	1.7936e+014	5.2500e-015
6.550e+000	5.8098e-006	-1.8009e+014	-1.7973e+014	1.7973e+014	5.2500e-015
6.560e+000	5.8109e-006	-1.8045e+014	-1.8009e+014	1.8009e+014	5.2500e-015
6.570e+000	5.8120e-006	-1.8081e+014	-1.8045e+014	1.8045e+014	5.2500e-015
6.580e+000	5.8131e-006	-1.8118e+014	-1.8081e+014	1.8081e+014	5.2500e-015
6.590e+000	5.8142e-006	-1.8154e+014	-1.8118e+014	1.8118e+014	5.2500e-015
6.600e+000	5.8154e-006	-1.8190e+014	-1.8154e+014	1.8154e+014	5.2500e-015
6.610e+000	5.8165e-006	-1.8227e+014	-1.8190e+014	1.8190e+014	5.2500e-015
6.620e+000	5.8176e-006	-1.8263e+014	-1.8227e+014	1.8227e+014	5.2500e-015
6.630e+000	5.8187e-006	-1.8299e+014	-1.8263e+014	1.8263e+014	5.2500e-015
6.640e+000	5.8198e-006	-1.8336e+014	-1.8299e+014	1.8299e+014	5.2500e-015
6.650e+000	5.8209e-006	-1.8372e+014	-1.8336e+014	1.8336e+014	5.2500e-015
6.660e+000	5.8220e-006	-1.8408e+014	-1.8372e+014	1.8372e+014	5.2500e-015
6.670e+000	5.8231e-006	-1.8445e+014	-1.8408e+014	1.8408e+014	5.2500e-015
6.680e+000	5.8242e-006	-1.8481e+014	-1.8445e+014	1.8445e+014	5.2500e-015
6.690e+000	5.8253e-006	-1.8517e+014	-1.8481e+014	1.8481e+014	5.2500e-015
6.700e+000	5.8264e-006	-1.8554e+014	-1.8517e+014	1.8517e+014	5.2500e-015
6.710e+000	5.8275e-006	-1.8590e+014	-1.8554e+014	1.8554e+014	5.2500e-015
6.720e+000	5.8286e-006	-1.8626e+014	-1.8590e+014	1.8590e+014	5.2500e-015
6.730e+000	5.8296e-006	-1.8663e+014	-1.8626e+014	1.8626e+014	5.2500e-015
6.740e+000	5.8307e-006	-1.8699e+014	-1.8663e+014	1.8663e+014	5.2500e-015
6.750e+000	5.8318e-006	-1.8736e+014	-1.8699e+014	1.8699e+014	5.2500e-015
6.760e+000	5.8329e-006	-1.8772e+014	-1.8736e+014	1.8736e+014	5.2500e-015
6.770e+000	5.8340e-006	-1.8808e+014	-1.8772e+014	1.8772e+014	5.2500e-015
6.780e+000	5.8350e-006	-1.8845e+014	-1.8808e+014	1.8808e+014	5.2500e-015
6.790e+000	5.8361e-006	-1.8881e+014	-1.8845e+014	1.8845e+014	5.2500e-015
6.800e+000	5.8372e-006	-1.8918e+014	-1.8881e+014	1.8881e+014	5.2500e-015
6.810e+000	5.8382e-006	-1.8954e+014	-1.8918e+014	1.8918e+014	5.2500e-015
6.820e+000	5.8393e-006	-1.8991e+014	-1.8954e+014	1.8954e+014	5.2500e-015
6.830e+000	5.8404e-006	-1.9027e+014	-1.8991e+014	1.8991e+014	5.2500e-015
6.840e+000	5.8414e-006	-1.9063e+014	-1.9027e+014	1.9027e+014	5.2500e-015
6.850e+000	5.8425e-006	-1.9100e+014	-1.9063e+014	1.9063e+014	5.2500e-015
6.860e+000	5.8436e-006	-1.9136e+014	-1.9100e+014	1.9100e+014	5.2500e-015
6.870e+000	5.8446e-006	-1.9173e+014	-1.9136e+014	1.9136e+014	5.2500e-015
6.880e+000	5.8457e-006	-1.9209e+014	-1.9173e+014	1.9173e+014	5.2500e-015
6.890e+000	5.8467e-006	-1.9246e+014	-1.9209e+014	1.9209e+014	5.2500e-015
6.900e+000	5.8478e-006	-1.9282e+014	-1.9246e+014	1.9246e+014	5.2500e-015
6.910e+000	5.8488e-006	-1.9319e+014	-1.9282e+014	1.9282e+014	5.2500e-015
6.920e+000	5.8498e-006	-1.9355e+014	-1.9319e+014	1.9319e+014	5.2500e-015
6.930e+000	5.8509e-006	-1.9392e+014	-1.9355e+014	1.9355e+014	5.2500e-015
6.940e+000	5.8519e-006	-1.9428e+014	-1.9392e+014	1.9392e+014	5.2500e-015
6.950e+000	5.8530e-006	-1.9465e+014	-1.9428e+014	1.9428e+014	5.2500e-015
6.960e+000	5.8540e-006	-1.9501e+014	-1.9465e+014	1.9465e+014	5.2500e-015
6.970e+000	5.8550e-006	-1.9538e+014	-1.9501e+014	1.9501e+014	5.2500e-015
6.980e+000	5.8561e-006	-1.9575e+014	-1.9538e+014	1.9538e+014	5.2500e-015
6.990e+000	5.8571e-006	-1.9611e+014	-1.9575e+014	1.9575e+014	5.2500e-015
7.000e+000	5.8581e-006	-1.9648e+014	-1.9611e+014	1.9611e+014	5.2500e-015
