V	C (Fcm-2)	Initcharge (cm-2)	Finalcharge (cm-2)	ns Total (cm-2)	ps Total (cm-2)
-7.000e+000	4.8034e-017	-9.3447e+000	-6.3467e+000	6.3476e+000	5.2500e-015
-6.990e+000	4.8034e-017	-9.3447e+000	-6.3467e+000	6.3476e+000	5.2500e-015
-6.980e+000	4.8034e-017	-9.3447e+000	-6.3467e+000	6.3476e+000	5.2500e-015
-6.970e+000	4.8034e-017	-9.3447e+000	-6.3467e+000	6.3476e+000	5.2500e-015
-6.960e+000	4.8034e-017	-9.3447e+000	-6.3467e+000	6.3476e+000	5.2500e-015
-6.950e+000	4.8034e-017	-9.3447e+000	-6.3467e+000	6.3476e+000	5.2500e-015
-6.940e+000	4.8034e-017	-9.3447e+000	-6.3467e+000	6.3476e+000	5.2500e-015
-6.930e+000	4.8034e-017	-9.3447e+000	-6.3467e+000	6.3476e+000	5.2500e-015
-6.920e+000	4.8034e-017	-9.3447e+000	-6.3467e+000	6.3476e+000	5.2500e-015
-6.910e+000	4.8034e-017	-9.3447e+000	-6.3467e+000	6.3476e+000	5.2500e-015
-6.900e+000	4.8034e-017	-9.3447e+000	-6.3467e+000	6.3476e+000	5.2500e-015
-6.890e+000	4.8034e-017	-9.3447e+000	-6.3467e+000	6.3476e+000	5.2500e-015
-6.880e+000	4.8034e-017	-9.3447e+000	-6.3467e+000	6.3476e+000	5.2500e-015
-6.870e+000	4.8034e-017	-9.3447e+000	-6.3467e+000	6.3476e+000	5.2500e-015
-6.860e+000	4.8034e-017	-9.3447e+000	-6.3467e+000	6.3476e+000	5.2500e-015
-6.850e+000	4.8034e-017	-9.3447e+000	-6.3467e+000	6.3476e+000	5.2500e-015
-6.840e+000	4.8034e-017	-9.3447e+000	-6.3467e+000	6.3476e+000	5.2500e-015
-6.830e+000	4.8034e-017	-9.3447e+000	-6.3467e+000	6.3476e+000	5.2500e-015
-6.820e+000	4.8034e-017	-9.3447e+000	-6.3467e+000	6.3476e+000	5.2500e-015
-6.810e+000	4.8034e-017	-9.3447e+000	-6.3467e+000	6.3476e+000	5.2500e-015
-6.800e+000	4.8034e-017	-9.3447e+000	-6.3467e+000	6.3476e+000	5.2500e-015
-6.790e+000	4.8034e-017	-9.3447e+000	-6.3467e+000	6.3476e+000	5.2500e-015
-6.780e+000	4.8034e-017	-9.3447e+000	-6.3467e+000	6.3476e+000	5.2500e-015
-6.770e+000	4.8034e-017	-9.3447e+000	-6.3467e+000	6.3476e+000	5.2500e-015
-6.760e+000	4.8034e-017	-9.3447e+000	-6.3467e+000	6.3476e+000	5.2500e-015
-6.750e+000	4.8034e-017	-9.3447e+000	-6.3467e+000	6.3476e+000	5.2500e-015
-6.740e+000	4.8034e-017	-9.3447e+000	-6.3467e+000	6.3476e+000	5.2500e-015
-6.730e+000	4.8034e-017	-9.3447e+000	-6.3467e+000	6.3476e+000	5.2500e-015
-6.720e+000	4.8034e-017	-9.3447e+000	-6.3467e+000	6.3476e+000	5.2500e-015
-6.710e+000	4.8034e-017	-9.3447e+000	-6.3467e+000	6.3476e+000	5.2500e-015
-6.700e+000	4.8034e-017	-9.3447e+000	-6.3467e+000	6.3476e+000	5.2500e-015
-6.690e+000	4.8034e-017	-9.3447e+000	-6.3467e+000	6.3476e+000	5.2500e-015
-6.680e+000	4.8034e-017	-9.3447e+000	-6.3467e+000	6.3476e+000	5.2500e-015
-6.670e+000	4.8034e-017	-9.3447e+000	-6.3467e+000	6.3476e+000	5.2500e-015
-6.660e+000	4.8034e-017	-9.3447e+000	-6.3467e+000	6.3476e+000	5.2500e-015
-6.650e+000	4.8034e-017	-9.3447e+000	-6.3467e+000	6.3476e+000	5.2500e-015
-6.640e+000	4.8034e-017	-9.3447e+000	-6.3467e+000	6.3476e+000	5.2500e-015
-6.630e+000	4.8034e-017	-9.3447e+000	-6.3467e+000	6.3476e+000	5.2500e-015
-6.620e+000	4.8034e-017	-9.3447e+000	-6.3467e+000	6.3476e+000	5.2500e-015
-6.610e+000	4.8034e-017	-9.3447e+000	-6.3467e+000	6.3476e+000	5.2500e-015
-6.600e+000	4.8034e-017	-9.3447e+000	-6.3467e+000	6.3476e+000	5.2500e-015
-6.590e+000	4.8034e-017	-9.3447e+000	-6.3467e+000	6.3476e+000	5.2500e-015
-6.580e+000	4.8034e-017	-9.3447e+000	-6.3467e+000	6.3476e+000	5.2500e-015
-6.570e+000	4.8034e-017	-9.3447e+000	-6.3467e+000	6.3476e+000	5.2500e-015
-6.560e+000	4.8034e-017	-9.3447e+000	-6.3467e+000	6.3476e+000	5.2500e-015
-6.550e+000	4.8034e-017	-9.3447e+000	-6.3467e+000	6.3476e+000	5.2500e-015
-6.540e+000	4.8034e-017	-9.3447e+000	-6.3467e+000	6.3476e+000	5.2500e-015
-6.530e+000	4.8034e-017	-9.3447e+000	-6.3467e+000	6.3476e+000	5.2500e-015
-6.520e+000	4.8034e-017	-9.3447e+000	-6.3467e+000	6.3476e+000	5.2500e-015
-6.510e+000	4.8034e-017	-9.3447e+000	-6.3467e+000	6.3476e+000	5.2500e-015
-6.500e+000	4.8034e-017	-9.3447e+000	-6.3467e+000	6.3476e+000	5.2500e-015
-6.490e+000	4.8034e-017	-9.3447e+000	-6.3467e+000	6.3476e+000	5.2500e-015
-6.480e+000	4.8034e-017	-9.3447e+000	-6.3467e+000	6.3476e+000	5.2500e-015
-6.470e+000	4.8034e-017	-9.3447e+000	-6.3467e+000	6.3476e+000	5.2500e-015
-6.460e+000	4.8034e-017	-9.3447e+000	-6.3467e+000	6.3476e+000	5.2500e-015
-6.450e+000	4.8034e-017	-9.3447e+000	-6.3467e+000	6.3476e+000	5.2500e-015
-6.440e+000	4.8034e-017	-9.3447e+000	-6.3467e+000	6.3476e+000	5.2500e-015
-6.430e+000	4.8034e-017	-9.3447e+000	-6.3467e+000	6.3476e+000	5.2500e-015
-6.420e+000	4.8034e-017	-9.3447e+000	-6.3467e+000	6.3476e+000	5.2500e-015
-6.410e+000	4.8034e-017	-9.3447e+000	-6.3467e+000	6.3476e+000	5.2500e-015
-6.400e+000	4.8034e-017	-9.3447e+000	-6.3467e+000	6.3476e+000	5.2500e-015
-6.390e+000	4.8034e-017	-9.3447e+000	-6.3467e+000	6.3476e+000	5.2500e-015
-6.380e+000	4.8034e-017	-9.3447e+000	-6.3467e+000	6.3476e+000	5.2500e-015
-6.370e+000	4.8034e-017	-9.3447e+000	-6.3467e+000	6.3476e+000	5.2500e-015
-6.360e+000	4.8034e-017	-9.3447e+000	-6.3467e+000	6.3476e+000	5.2500e-015
-6.350e+000	4.8034e-017	-9.3447e+000	-6.3467e+000	6.3476e+000	5.2500e-015
-6.340e+000	4.8034e-017	-9.3447e+000	-6.3467e+000	6.3476e+000	5.2500e-015
-6.330e+000	4.8034e-017	-9.3447e+000	-6.3467e+000	6.3476e+000	5.2500e-015
-6.320e+000	4.8034e-017	-9.3447e+000	-6.3467e+000	6.3476e+000	5.2500e-015
-6.310e+000	4.8034e-017	-9.3447e+000	-6.3467e+000	6.3476e+000	5.2500e-015
-6.300e+000	4.8034e-017	-9.3447e+000	-6.3467e+000	6.3476e+000	5.2500e-015
-6.290e+000	4.8034e-017	-9.3447e+000	-6.3467e+000	6.3476e+000	5.2500e-015
-6.280e+000	4.8034e-017	-9.3447e+000	-6.3467e+000	6.3476e+000	5.2500e-015
-6.270e+000	4.8034e-017	-9.3447e+000	-6.3467e+000	6.3476e+000	5.2500e-015
-6.260e+000	4.8034e-017	-9.3447e+000	-6.3467e+000	6.3476e+000	5.2500e-015
-6.250e+000	4.8034e-017	-9.3447e+000	-6.3467e+000	6.3476e+000	5.2500e-015
-6.240e+000	4.8034e-017	-9.3447e+000	-6.3467e+000	6.3476e+000	5.2500e-015
-6.230e+000	4.8034e-017	-9.3447e+000	-6.3467e+000	6.3476e+000	5.2500e-015
-6.220e+000	4.8034e-017	-9.3447e+000	-6.3467e+000	6.3476e+000	5.2500e-015
-6.210e+000	4.8034e-017	-9.3447e+000	-6.3467e+000	6.3476e+000	5.2500e-015
-6.200e+000	4.8034e-017	-9.3447e+000	-6.3467e+000	6.3476e+000	5.2500e-015
-6.190e+000	4.8034e-017	-9.3447e+000	-6.3467e+000	6.3476e+000	5.2500e-015
-6.180e+000	4.8034e-017	-9.3447e+000	-6.3467e+000	6.3476e+000	5.2500e-015
-6.170e+000	4.8034e-017	-9.3447e+000	-6.3467e+000	6.3476e+000	5.2500e-015
-6.160e+000	4.8034e-017	-9.3447e+000	-6.3467e+000	6.3476e+000	5.2500e-015
-6.150e+000	4.8034e-017	-9.3447e+000	-6.3467e+000	6.3476e+000	5.2500e-015
-6.140e+000	4.8034e-017	-9.3447e+000	-6.3467e+000	6.3476e+000	5.2500e-015
-6.130e+000	4.8034e-017	-9.3447e+000	-6.3467e+000	6.3476e+000	5.2500e-015
-6.120e+000	4.8034e-017	-9.3447e+000	-6.3467e+000	6.3476e+000	5.2500e-015
-6.110e+000	4.8034e-017	-9.3447e+000	-6.3467e+000	6.3476e+000	5.2500e-015
-6.100e+000	4.8034e-017	-9.3447e+000	-6.3467e+000	6.3476e+000	5.2500e-015
-6.090e+000	4.8034e-017	-9.3447e+000	-6.3467e+000	6.3476e+000	5.2500e-015
-6.080e+000	4.8034e-017	-9.3447e+000	-6.3467e+000	6.3476e+000	5.2500e-015
-6.070e+000	4.8034e-017	-9.3447e+000	-6.3467e+000	6.3476e+000	5.2500e-015
-6.060e+000	4.8034e-017	-9.3447e+000	-6.3467e+000	6.3476e+000	5.2500e-015
-6.050e+000	4.8034e-017	-9.3447e+000	-6.3467e+000	6.3476e+000	5.2500e-015
-6.040e+000	4.8034e-017	-9.3447e+000	-6.3467e+000	6.3476e+000	5.2500e-015
-6.030e+000	4.8034e-017	-9.3447e+000	-6.3467e+000	6.3476e+000	5.2500e-015
-6.020e+000	4.8034e-017	-9.3447e+000	-6.3467e+000	6.3476e+000	5.2500e-015
-6.010e+000	4.8034e-017	-9.3447e+000	-6.3467e+000	6.3476e+000	5.2500e-015
-6.000e+000	4.8034e-017	-9.3447e+000	-6.3467e+000	6.3476e+000	5.2500e-015
-5.990e+000	4.8034e-017	-9.3447e+000	-6.3467e+000	6.3476e+000	5.2500e-015
-5.980e+000	4.8034e-017	-9.3447e+000	-6.3467e+000	6.3476e+000	5.2500e-015
-5.970e+000	4.8034e-017	-9.3447e+000	-6.3467e+000	6.3476e+000	5.2500e-015
-5.960e+000	4.8034e-017	-9.3447e+000	-6.3467e+000	6.3476e+000	5.2500e-015
-5.950e+000	4.8034e-017	-9.3447e+000	-6.3467e+000	6.3476e+000	5.2500e-015
-5.940e+000	4.8034e-017	-9.3447e+000	-6.3467e+000	6.3476e+000	5.2500e-015
-5.930e+000	4.8034e-017	-9.3447e+000	-6.3467e+000	6.3476e+000	5.2500e-015
-5.920e+000	4.8034e-017	-9.3447e+000	-6.3467e+000	6.3476e+000	5.2500e-015
-5.910e+000	4.8034e-017	-9.3447e+000	-6.3467e+000	6.3476e+000	5.2500e-015
-5.900e+000	4.8034e-017	-9.3447e+000	-6.3467e+000	6.3476e+000	5.2500e-015
-5.890e+000	4.8034e-017	-9.3447e+000	-6.3467e+000	6.3476e+000	5.2500e-015
-5.880e+000	4.8034e-017	-9.3447e+000	-6.3467e+000	6.3476e+000	5.2500e-015
-5.870e+000	4.8034e-017	-9.3447e+000	-6.3467e+000	6.3476e+000	5.2500e-015
-5.860e+000	4.8034e-017	-9.3447e+000	-6.3467e+000	6.3476e+000	5.2500e-015
-5.850e+000	4.8034e-017	-9.3447e+000	-6.3467e+000	6.3476e+000	5.2500e-015
-5.840e+000	4.8034e-017	-9.3447e+000	-6.3467e+000	6.3476e+000	5.2500e-015
-5.830e+000	4.8034e-017	-9.3447e+000	-6.3467e+000	6.3476e+000	5.2500e-015
-5.820e+000	4.8034e-017	-9.3447e+000	-6.3467e+000	6.3476e+000	5.2500e-015
-5.810e+000	4.8034e-017	-9.3447e+000	-6.3467e+000	6.3476e+000	5.2500e-015
-5.800e+000	4.8034e-017	-9.3447e+000	-6.3467e+000	6.3476e+000	5.2500e-015
-5.790e+000	4.8034e-017	-9.3447e+000	-6.3467e+000	6.3476e+000	5.2500e-015
-5.780e+000	4.8034e-017	-9.3447e+000	-6.3467e+000	6.3476e+000	5.2500e-015
-5.770e+000	4.8034e-017	-9.3447e+000	-6.3467e+000	6.3476e+000	5.2500e-015
-5.760e+000	4.8034e-017	-9.3447e+000	-6.3467e+000	6.3476e+000	5.2500e-015
-5.750e+000	4.8034e-017	-9.3447e+000	-6.3467e+000	6.3476e+000	5.2500e-015
-5.740e+000	4.8034e-017	-9.3447e+000	-6.3467e+000	6.3476e+000	5.2500e-015
-5.730e+000	4.8034e-017	-9.3447e+000	-6.3467e+000	6.3476e+000	5.2500e-015
-5.720e+000	4.8034e-017	-9.3447e+000	-6.3467e+000	6.3476e+000	5.2500e-015
-5.710e+000	4.8034e-017	-9.3447e+000	-6.3467e+000	6.3476e+000	5.2500e-015
-5.700e+000	4.8034e-017	-9.3447e+000	-6.3467e+000	6.3476e+000	5.2500e-015
-5.690e+000	4.8034e-017	-9.3447e+000	-6.3467e+000	6.3476e+000	5.2500e-015
-5.680e+000	4.8034e-017	-9.3447e+000	-6.3467e+000	6.3476e+000	5.2500e-015
-5.670e+000	4.8034e-017	-9.3447e+000	-6.3467e+000	6.3476e+000	5.2500e-015
-5.660e+000	4.8034e-017	-9.3447e+000	-6.3467e+000	6.3476e+000	5.2500e-015
-5.650e+000	4.8034e-017	-9.3447e+000	-6.3467e+000	6.3476e+000	5.2500e-015
-5.640e+000	4.8034e-017	-9.3447e+000	-6.3467e+000	6.3476e+000	5.2500e-015
-5.630e+000	4.8034e-017	-9.3447e+000	-6.3467e+000	6.3476e+000	5.2500e-015
-5.620e+000	4.8034e-017	-9.3447e+000	-6.3467e+000	6.3476e+000	5.2500e-015
-5.610e+000	4.8034e-017	-9.3447e+000	-6.3467e+000	6.3476e+000	5.2500e-015
-5.600e+000	4.8034e-017	-9.3447e+000	-6.3467e+000	6.3476e+000	5.2500e-015
-5.590e+000	4.8034e-017	-9.3447e+000	-6.3467e+000	6.3476e+000	5.2500e-015
-5.580e+000	4.8034e-017	-9.3447e+000	-6.3467e+000	6.3476e+000	5.2500e-015
-5.570e+000	4.8034e-017	-9.3447e+000	-6.3467e+000	6.3476e+000	5.2500e-015
-5.560e+000	4.8034e-017	-9.3447e+000	-6.3467e+000	6.3476e+000	5.2500e-015
-5.550e+000	4.8034e-017	-9.3447e+000	-6.3467e+000	6.3476e+000	5.2500e-015
-5.540e+000	4.8034e-017	-9.3447e+000	-6.3467e+000	6.3476e+000	5.2500e-015
-5.530e+000	4.8034e-017	-9.3447e+000	-6.3467e+000	6.3476e+000	5.2500e-015
-5.520e+000	4.8034e-017	-9.3447e+000	-6.3467e+000	6.3476e+000	5.2500e-015
-5.510e+000	4.8034e-017	-9.3447e+000	-6.3467e+000	6.3476e+000	5.2500e-015
-5.500e+000	4.8034e-017	-9.3447e+000	-6.3467e+000	6.3476e+000	5.2500e-015
-5.490e+000	4.8034e-017	-9.3447e+000	-6.3467e+000	6.3476e+000	5.2500e-015
-5.480e+000	4.8034e-017	-9.3447e+000	-6.3467e+000	6.3476e+000	5.2500e-015
-5.470e+000	4.8034e-017	-9.3447e+000	-6.3467e+000	6.3476e+000	5.2500e-015
-5.460e+000	4.8034e-017	-9.3447e+000	-6.3467e+000	6.3476e+000	5.2500e-015
-5.450e+000	4.8034e-017	-9.3447e+000	-6.3467e+000	6.3476e+000	5.2500e-015
-5.440e+000	4.8034e-017	-9.3447e+000	-6.3467e+000	6.3476e+000	5.2500e-015
-5.430e+000	4.8034e-017	-9.3447e+000	-6.3467e+000	6.3476e+000	5.2500e-015
-5.420e+000	4.8034e-017	-9.3447e+000	-6.3467e+000	6.3476e+000	5.2500e-015
-5.410e+000	4.8034e-017	-9.3447e+000	-6.3467e+000	6.3476e+000	5.2500e-015
-5.400e+000	4.8034e-017	-9.3447e+000	-6.3467e+000	6.3476e+000	5.2500e-015
-5.390e+000	4.8034e-017	-9.3447e+000	-6.3467e+000	6.3476e+000	5.2500e-015
-5.380e+000	4.8034e-017	-9.3447e+000	-6.3467e+000	6.3476e+000	5.2500e-015
-5.370e+000	4.8034e-017	-9.3447e+000	-6.3467e+000	6.3476e+000	5.2500e-015
-5.360e+000	4.8034e-017	-9.3447e+000	-6.3467e+000	6.3476e+000	5.2500e-015
-5.350e+000	4.8034e-017	-9.3447e+000	-6.3467e+000	6.3476e+000	5.2500e-015
-5.340e+000	4.8034e-017	-9.3448e+000	-6.3467e+000	6.3476e+000	5.2500e-015
-5.330e+000	4.8034e-017	-9.3448e+000	-6.3467e+000	6.3476e+000	5.2500e-015
-5.320e+000	4.8034e-017	-9.3448e+000	-6.3467e+000	6.3476e+000	5.2500e-015
-5.310e+000	4.8035e-017	-9.3448e+000	-6.3467e+000	6.3476e+000	5.2500e-015
-5.300e+000	4.8035e-017	-9.3448e+000	-6.3468e+000	6.3477e+000	5.2500e-015
-5.290e+000	4.8035e-017	-9.3449e+000	-6.3468e+000	6.3477e+000	5.2500e-015
-5.280e+000	4.8035e-017	-9.3450e+000	-6.3469e+000	6.3478e+000	5.2500e-015
-5.270e+000	4.8036e-017	-9.3451e+000	-6.3469e+000	6.3478e+000	5.2500e-015
-5.260e+000	4.8037e-017	-9.3453e+000	-6.3471e+000	6.3480e+000	5.2500e-015
-5.250e+000	4.8038e-017	-9.3455e+000	-6.3472e+000	6.3481e+000	5.2500e-015
-5.240e+000	4.8040e-017	-9.3459e+000	-6.3475e+000	6.3484e+000	5.2500e-015
-5.230e+000	4.8043e-017	-9.3465e+000	-6.3479e+000	6.3488e+000	5.2500e-015
-5.220e+000	4.8048e-017	-9.3473e+000	-6.3485e+000	6.3494e+000	5.2500e-015
-5.210e+000	4.8054e-017	-9.3486e+000	-6.3493e+000	6.3502e+000	5.2500e-015
-5.200e+000	4.8063e-017	-9.3504e+000	-6.3505e+000	6.3514e+000	5.2500e-015
-5.190e+000	4.8077e-017	-9.3531e+000	-6.3523e+000	6.3532e+000	5.2500e-015
-5.180e+000	4.8097e-017	-9.3570e+000	-6.3550e+000	6.3559e+000	5.2500e-015
-5.170e+000	4.8127e-017	-9.3628e+000	-6.3590e+000	6.3599e+000	5.2500e-015
-5.160e+000	4.8171e-017	-9.3713e+000	-6.3648e+000	6.3657e+000	5.2500e-015
-5.150e+000	4.8236e-017	-9.3839e+000	-6.3733e+000	6.3742e+000	5.2500e-015
-5.140e+000	4.8331e-017	-9.4024e+000	-6.3859e+000	6.3868e+000	5.2500e-015
-5.130e+000	4.8471e-017	-9.4297e+000	-6.4044e+000	6.4053e+000	5.2500e-015
-5.120e+000	4.8677e-017	-9.4698e+000	-6.4316e+000	6.4325e+000	5.2500e-015
-5.110e+000	4.8981e-017	-9.5289e+000	-6.4718e+000	6.4727e+000	5.2500e-015
-5.100e+000	4.9428e-017	-9.6159e+000	-6.5308e+000	6.5317e+000	5.2500e-015
-5.090e+000	5.0086e-017	-9.7439e+000	-6.6178e+000	6.6187e+000	5.2500e-015
-5.080e+000	5.1086e-017	-9.9344e+000	-6.7459e+000	6.7468e+000	5.2500e-015
-5.070e+000	5.2481e-017	-1.0212e+001	-6.9364e+000	6.9353e+000	5.2500e-015
-5.060e+000	5.4629e-017	-1.0624e+001	-7.2139e+000	7.2129e+000	5.2500e-015
-5.050e+000	5.7674e-017	-1.1225e+001	-7.6255e+000	7.6216e+000	5.2500e-015
-5.040e+000	6.2258e-017	-1.2113e+001	-8.2272e+000	8.2233e+000	5.2500e-015
-5.030e+000	6.9009e-017	-1.3422e+001	-9.1150e+000	9.1091e+000	5.2500e-015
-5.020e+000	7.8893e-017	-1.5348e+001	-1.0424e+001	1.0413e+001	5.2500e-015
-5.010e+000	9.3486e-017	-1.8185e+001	-1.2350e+001	1.2334e+001	5.2500e-015
-5.000e+000	1.1493e-016	-2.2360e+001	-1.5187e+001	1.5161e+001	5.2500e-015
-4.990e+000	1.4648e-016	-2.8505e+001	-1.9362e+001	1.9323e+001	5.2500e-015
-4.980e+000	1.9304e-016	-3.7556e+001	-2.5507e+001	2.5451e+001	5.2500e-015
-4.970e+000	2.6150e-016	-5.0879e+001	-3.4557e+001	3.4473e+001	5.2500e-015
-4.960e+000	3.6228e-016	-7.0493e+001	-4.7881e+001	4.7757e+001	5.2500e-015
-4.950e+000	5.1078e-016	-9.9375e+001	-6.7495e+001	6.7314e+001	5.2500e-015
-4.940e+000	7.2924e-016	-1.4189e+002	-9.6377e+001	9.6108e+001	5.2500e-015
-4.930e+000	1.0511e-015	-2.0450e+002	-1.3889e+002	1.3850e+002	5.2500e-015
-4.920e+000	1.5247e-015	-2.9666e+002	-2.0150e+002	2.0091e+002	5.2500e-015
-4.910e+000	2.2221e-015	-4.3236e+002	-2.9367e+002	2.9281e+002	5.2500e-015
-4.900e+000	3.2490e-015	-6.3215e+002	-4.2936e+002	4.2810e+002	5.2500e-015
-4.890e+000	4.7607e-015	-9.2629e+002	-6.2915e+002	6.2728e+002	5.2500e-015
-4.880e+000	6.9865e-015	-1.3593e+003	-9.2329e+002	9.2054e+002	5.2500e-015
-4.870e+000	1.0263e-014	-1.9969e+003	-1.3563e+003	1.3523e+003	5.2500e-015
-4.860e+000	1.5088e-014	-2.9356e+003	-1.9939e+003	1.9880e+003	5.2500e-015
-4.850e+000	2.2191e-014	-4.3177e+003	-2.9327e+003	2.9239e+003	5.2500e-015
-4.840e+000	3.2649e-014	-6.3525e+003	-4.3147e+003	4.3018e+003	5.2500e-015
-4.830e+000	4.8046e-014	-9.3483e+003	-6.3495e+003	6.3305e+003	5.2500e-015
-4.820e+000	7.0715e-014	-1.3759e+004	-9.3453e+003	9.3173e+003	5.2500e-015
-4.810e+000	1.0409e-013	-2.0253e+004	-1.3756e+004	1.3715e+004	5.2500e-015
-4.800e+000	1.5323e-013	-2.9813e+004	-2.0250e+004	2.0189e+004	5.2500e-015
-4.790e+000	2.2557e-013	-4.3889e+004	-2.9810e+004	2.9721e+004	5.2500e-015
-4.780e+000	3.3208e-013	-6.4613e+004	-4.3886e+004	4.3755e+004	5.2500e-015
-4.770e+000	4.8889e-013	-9.5124e+004	-6.4610e+004	6.4417e+004	5.2500e-015
-4.760e+000	7.1976e-013	-1.4004e+005	-9.5121e+004	9.4836e+004	5.2500e-015
-4.750e+000	1.0597e-012	-2.0618e+005	-1.4004e+005	1.3962e+005	5.2500e-015
-4.740e+000	1.5601e-012	-3.0355e+005	-2.0618e+005	2.0556e+005	5.2500e-015
-4.730e+000	2.2967e-012	-4.4690e+005	-3.0354e+005	3.0264e+005	5.2500e-015
-4.720e+000	3.3813e-012	-6.5793e+005	-4.4689e+005	4.4555e+005	5.2500e-015
-4.710e+000	4.9778e-012	-9.6862e+005	-6.5793e+005	6.5596e+005	5.2500e-015
-4.700e+000	7.3280e-012	-1.4260e+006	-9.6862e+005	9.6572e+005	5.2500e-015
-4.690e+000	1.0787e-011	-2.0993e+006	-1.4260e+006	1.4217e+006	5.2500e-015
-4.680e+000	1.5878e-011	-3.0903e+006	-2.0993e+006	2.0930e+006	5.2500e-015
-4.670e+000	2.3369e-011	-4.5488e+006	-3.0903e+006	3.0810e+006	5.2500e-015
-4.660e+000	3.4388e-011	-6.6952e+006	-4.5488e+006	4.5352e+006	5.2500e-015
-4.650e+000	5.0591e-011	-9.8528e+006	-6.6952e+006	6.6751e+006	5.2500e-015
-4.640e+000	7.4402e-011	-1.4497e+007	-9.8528e+006	9.8233e+006	5.2500e-015
-4.630e+000	1.0936e-010	-2.1322e+007	-1.4497e+007	1.4453e+007	5.2500e-015
-4.620e+000	1.6063e-010	-3.1348e+007	-2.1322e+007	2.1259e+007	5.2500e-015
-4.610e+000	2.3567e-010	-4.6058e+007	-3.1348e+007	3.1255e+007	5.2500e-015
-4.600e+000	3.4521e-010	-6.7604e+007	-4.6058e+007	4.5920e+007	5.2500e-015
-4.590e+000	5.0447e-010	-9.9090e+007	-6.7604e+007	6.7402e+007	5.2500e-015
-4.580e+000	7.3475e-010	-1.4495e+008	-9.9090e+007	9.8795e+007	5.2500e-015
-4.570e+000	1.0651e-009	-2.1143e+008	-1.4495e+008	1.4452e+008	5.2500e-015
-4.560e+000	1.5336e-009	-3.0714e+008	-2.1143e+008	2.1080e+008	5.2500e-015
-4.550e+000	2.1882e-009	-4.4372e+008	-3.0714e+008	3.0624e+008	5.2500e-015
-4.540e+000	3.0847e-009	-6.3625e+008	-4.4372e+008	4.4243e+008	5.2500e-015
-4.530e+000	4.2816e-009	-9.0349e+008	-6.3625e+008	6.3442e+008	5.2500e-015
-4.520e+000	5.8319e-009	-1.2675e+009	-9.0349e+008	9.0093e+008	5.2500e-015
-4.510e+000	7.7732e-009	-1.7526e+009	-1.2675e+009	1.2640e+009	5.2500e-015
-4.500e+000	1.0122e-008	-2.3844e+009	-1.7526e+009	1.7479e+009	5.2500e-015
-4.490e+000	1.2875e-008	-3.1880e+009	-2.3844e+009	2.3782e+009	5.2500e-015
-4.480e+000	1.6022e-008	-4.1880e+009	-3.1880e+009	3.1801e+009	5.2500e-015
-4.470e+000	1.9556e-008	-5.4086e+009	-4.1880e+009	4.1781e+009	5.2500e-015
-4.460e+000	2.3485e-008	-6.8744e+009	-5.4086e+009	5.3966e+009	5.2500e-015
-4.450e+000	2.7834e-008	-8.6117e+009	-6.8744e+009	6.8602e+009	5.2500e-015
-4.440e+000	3.2640e-008	-1.0649e+010	-8.6117e+009	8.5952e+009	5.2500e-015
-4.430e+000	3.7945e-008	-1.3017e+010	-1.0649e+010	1.0630e+010	5.2500e-015
-4.420e+000	4.3783e-008	-1.5750e+010	-1.3017e+010	1.2996e+010	5.2500e-015
-4.410e+000	5.0177e-008	-1.8882e+010	-1.5750e+010	1.5727e+010	5.2500e-015
-4.400e+000	5.7129e-008	-2.2447e+010	-1.8882e+010	1.8857e+010	5.2500e-015
-4.390e+000	6.4617e-008	-2.6481e+010	-2.2447e+010	2.2421e+010	5.2500e-015
-4.380e+000	7.2595e-008	-3.1012e+010	-2.6481e+010	2.6453e+010	5.2500e-015
-4.370e+000	8.0995e-008	-3.6067e+010	-3.1012e+010	3.0982e+010	5.2500e-015
-4.360e+000	8.9730e-008	-4.1667e+010	-3.6067e+010	3.6036e+010	5.2500e-015
-4.350e+000	9.8700e-008	-4.7828e+010	-4.1667e+010	4.1636e+010	5.2500e-015
-4.340e+000	1.0780e-007	-5.4556e+010	-4.7828e+010	4.7795e+010	5.2500e-015
-4.330e+000	1.1693e-007	-6.1854e+010	-5.4556e+010	5.4523e+010	5.2500e-015
-4.320e+000	1.2598e-007	-6.9717e+010	-6.1854e+010	6.1820e+010	5.2500e-015
-4.310e+000	1.3488e-007	-7.8135e+010	-6.9717e+010	6.9683e+010	5.2500e-015
-4.300e+000	1.4354e-007	-8.7095e+010	-7.8135e+010	7.8100e+010	5.2500e-015
-4.290e+000	1.5191e-007	-9.6576e+010	-8.7095e+010	8.7059e+010	5.2500e-015
-4.280e+000	1.5996e-007	-1.0656e+011	-9.6576e+010	9.6540e+010	5.2500e-015
-4.270e+000	1.6697e-007	-1.1698e+011	-1.0656e+011	1.0652e+011	5.2500e-015
-4.260e+000	1.7437e-007	-1.2786e+011	-1.1698e+011	1.1694e+011	5.2500e-015
-4.250e+000	1.8133e-007	-1.3918e+011	-1.2786e+011	1.2783e+011	5.2500e-015
-4.240e+000	1.8763e-007	-1.5089e+011	-1.3918e+011	1.3914e+011	5.2500e-015
-4.230e+000	1.9381e-007	-1.6299e+011	-1.5089e+011	1.5086e+011	5.2500e-015
-4.220e+000	1.9949e-007	-1.7544e+011	-1.6299e+011	1.6295e+011	5.2500e-015
-4.210e+000	2.0482e-007	-1.8822e+011	-1.7544e+011	1.7540e+011	5.2500e-015
-4.200e+000	2.0981e-007	-2.0132e+011	-1.8822e+011	1.8819e+011	5.2500e-015
-4.190e+000	2.1448e-007	-2.1471e+011	-2.0132e+011	2.0128e+011	5.2500e-015
-4.180e+000	2.1886e-007	-2.2837e+011	-2.1471e+011	2.1467e+011	5.2500e-015
-4.170e+000	2.2295e-007	-2.4228e+011	-2.2837e+011	2.2833e+011	5.2500e-015
-4.160e+000	2.2683e-007	-2.5644e+011	-2.4228e+011	2.4224e+011	5.2500e-015
-4.150e+000	2.3036e-007	-2.7082e+011	-2.5644e+011	2.5640e+011	5.2500e-015
-4.140e+000	2.3375e-007	-2.8541e+011	-2.7082e+011	2.7078e+011	5.2500e-015
-4.130e+000	2.3685e-007	-3.0019e+011	-2.8541e+011	2.8537e+011	5.2500e-015
-4.120e+000	2.3983e-007	-3.1516e+011	-3.0019e+011	3.0015e+011	5.2500e-015
-4.110e+000	2.4255e-007	-3.3030e+011	-3.1516e+011	3.1512e+011	5.2500e-015
-4.100e+000	2.4518e-007	-3.4560e+011	-3.3030e+011	3.3026e+011	5.2500e-015
-4.090e+000	2.4761e-007	-3.6105e+011	-3.4560e+011	3.4556e+011	5.2500e-015
-4.080e+000	2.4987e-007	-3.7665e+011	-3.6105e+011	3.6102e+011	5.2500e-015
-4.070e+000	2.5205e-007	-3.9238e+011	-3.7665e+011	3.7661e+011	5.2500e-015
-4.060e+000	2.5407e-007	-4.0824e+011	-3.9238e+011	3.9234e+011	5.2500e-015
-4.050e+000	2.5596e-007	-4.2422e+011	-4.0824e+011	4.0820e+011	5.2500e-015
-4.040e+000	2.5778e-007	-4.4031e+011	-4.2422e+011	4.2418e+011	5.2500e-015
-4.030e+000	2.5949e-007	-4.5650e+011	-4.4031e+011	4.4027e+011	5.2500e-015
-4.020e+000	2.6109e-007	-4.7280e+011	-4.5650e+011	4.5646e+011	5.2500e-015
-4.010e+000	2.6260e-007	-4.8919e+011	-4.7280e+011	4.7276e+011	5.2500e-015
-4.000e+000	2.6405e-007	-5.0567e+011	-4.8919e+011	4.8915e+011	5.2500e-015
-3.990e+000	2.6542e-007	-5.2223e+011	-5.0567e+011	5.0563e+011	5.2500e-015
-3.980e+000	2.6671e-007	-5.3888e+011	-5.2223e+011	5.2219e+011	5.2500e-015
-3.970e+000	2.6794e-007	-5.5560e+011	-5.3888e+011	5.3884e+011	5.2500e-015
-3.960e+000	2.6910e-007	-5.7240e+011	-5.5560e+011	5.5556e+011	5.2500e-015
-3.950e+000	2.7020e-007	-5.8926e+011	-5.7240e+011	5.7236e+011	5.2500e-015
-3.940e+000	2.7127e-007	-6.0620e+011	-5.8926e+011	5.8923e+011	5.2500e-015
-3.930e+000	2.7227e-007	-6.2319e+011	-6.0620e+011	6.0616e+011	5.2500e-015
-3.920e+000	2.7323e-007	-6.4024e+011	-6.2319e+011	6.2315e+011	5.2500e-015
-3.910e+000	2.7414e-007	-6.5735e+011	-6.4024e+011	6.4020e+011	5.2500e-015
-3.900e+000	2.7501e-007	-6.7452e+011	-6.5735e+011	6.5731e+011	5.2500e-015
-3.890e+000	2.7584e-007	-6.9173e+011	-6.7452e+011	6.7448e+011	5.2500e-015
-3.880e+000	2.7663e-007	-7.0900e+011	-6.9173e+011	6.9169e+011	5.2500e-015
-3.870e+000	2.7738e-007	-7.2631e+011	-7.0900e+011	7.0896e+011	5.2500e-015
-3.860e+000	2.7812e-007	-7.4367e+011	-7.2631e+011	7.2627e+011	5.2500e-015
-3.850e+000	2.7881e-007	-7.6107e+011	-7.4367e+011	7.4363e+011	5.2500e-015
-3.840e+000	2.7948e-007	-7.7852e+011	-7.6107e+011	7.6103e+011	5.2500e-015
-3.830e+000	2.8012e-007	-7.9600e+011	-7.7852e+011	7.7848e+011	5.2500e-015
-3.820e+000	2.8073e-007	-8.1352e+011	-7.9600e+011	7.9596e+011	5.2500e-015
-3.810e+000	2.8132e-007	-8.3108e+011	-8.1352e+011	8.1348e+011	5.2500e-015
-3.800e+000	2.8188e-007	-8.4867e+011	-8.3108e+011	8.3104e+011	5.2500e-015
-3.790e+000	2.8242e-007	-8.6630e+011	-8.4867e+011	8.4863e+011	5.2500e-015
-3.780e+000	2.8294e-007	-8.8396e+011	-8.6630e+011	8.6626e+011	5.2500e-015
-3.770e+000	2.8344e-007	-9.0165e+011	-8.8396e+011	8.8392e+011	5.2500e-015
-3.760e+000	2.8393e-007	-9.1937e+011	-9.0165e+011	9.0161e+011	5.2500e-015
-3.750e+000	2.8439e-007	-9.3712e+011	-9.1937e+011	9.1933e+011	5.2500e-015
-3.740e+000	2.8483e-007	-9.5490e+011	-9.3712e+011	9.3708e+011	5.2500e-015
-3.730e+000	2.8527e-007	-9.7271e+011	-9.5490e+011	9.5486e+011	5.2500e-015
-3.720e+000	2.8569e-007	-9.9054e+011	-9.7271e+011	9.7267e+011	5.2500e-015
-3.710e+000	2.8609e-007	-1.0084e+012	-9.9054e+011	9.9050e+011	5.2500e-015
-3.700e+000	2.8648e-007	-1.0263e+012	-1.0084e+012	1.0084e+012	5.2500e-015
-3.690e+000	2.8685e-007	-1.0442e+012	-1.0263e+012	1.0262e+012	5.2500e-015
-3.680e+000	2.8721e-007	-1.0621e+012	-1.0442e+012	1.0441e+012	5.2500e-015
-3.670e+000	2.8756e-007	-1.0801e+012	-1.0621e+012	1.0621e+012	5.2500e-015
-3.660e+000	2.8790e-007	-1.0980e+012	-1.0801e+012	1.0800e+012	5.2500e-015
-3.650e+000	2.8823e-007	-1.1160e+012	-1.0980e+012	1.0980e+012	5.2500e-015
-3.640e+000	2.8855e-007	-1.1340e+012	-1.1160e+012	1.1160e+012	5.2500e-015
-3.630e+000	2.8886e-007	-1.1521e+012	-1.1340e+012	1.1340e+012	5.2500e-015
-3.620e+000	2.8915e-007	-1.1701e+012	-1.1521e+012	1.1520e+012	5.2500e-015
-3.610e+000	2.8944e-007	-1.1882e+012	-1.1701e+012	1.1701e+012	5.2500e-015
-3.600e+000	2.8972e-007	-1.2062e+012	-1.1882e+012	1.1881e+012	5.2500e-015
-3.590e+000	2.8999e-007	-1.2243e+012	-1.2062e+012	1.2062e+012	5.2500e-015
-3.580e+000	2.9026e-007	-1.2425e+012	-1.2243e+012	1.2243e+012	5.2500e-015
-3.570e+000	2.9051e-007	-1.2606e+012	-1.2425e+012	1.2424e+012	5.2500e-015
-3.560e+000	2.9076e-007	-1.2787e+012	-1.2606e+012	1.2606e+012	5.2500e-015
-3.550e+000	2.9100e-007	-1.2969e+012	-1.2787e+012	1.2787e+012	5.2500e-015
-3.540e+000	2.9124e-007	-1.3151e+012	-1.2969e+012	1.2969e+012	5.2500e-015
-3.530e+000	2.9146e-007	-1.3333e+012	-1.3151e+012	1.3150e+012	5.2500e-015
-3.520e+000	2.9169e-007	-1.3515e+012	-1.3333e+012	1.3332e+012	5.2500e-015
-3.510e+000	2.9190e-007	-1.3697e+012	-1.3515e+012	1.3514e+012	5.2500e-015
-3.500e+000	2.9211e-007	-1.3879e+012	-1.3697e+012	1.3697e+012	5.2500e-015
-3.490e+000	2.9232e-007	-1.4062e+012	-1.3879e+012	1.3879e+012	5.2500e-015
-3.480e+000	2.9252e-007	-1.4244e+012	-1.4062e+012	1.4061e+012	5.2500e-015
-3.470e+000	2.9271e-007	-1.4427e+012	-1.4244e+012	1.4244e+012	5.2500e-015
-3.460e+000	2.9290e-007	-1.4610e+012	-1.4427e+012	1.4427e+012	5.2500e-015
-3.450e+000	2.9308e-007	-1.4793e+012	-1.4610e+012	1.4609e+012	5.2500e-015
-3.440e+000	2.9326e-007	-1.4976e+012	-1.4793e+012	1.4792e+012	5.2500e-015
-3.430e+000	2.9344e-007	-1.5159e+012	-1.4976e+012	1.4975e+012	5.2500e-015
-3.420e+000	2.9361e-007	-1.5342e+012	-1.5159e+012	1.5159e+012	5.2500e-015
-3.410e+000	2.9377e-007	-1.5526e+012	-1.5342e+012	1.5342e+012	5.2500e-015
-3.400e+000	2.9394e-007	-1.5709e+012	-1.5526e+012	1.5525e+012	5.2500e-015
-3.390e+000	2.9410e-007	-1.5893e+012	-1.5709e+012	1.5709e+012	5.2500e-015
-3.380e+000	2.9425e-007	-1.6076e+012	-1.5893e+012	1.5892e+012	5.2500e-015
-3.370e+000	2.9440e-007	-1.6260e+012	-1.6076e+012	1.6076e+012	5.2500e-015
-3.360e+000	2.9455e-007	-1.6444e+012	-1.6260e+012	1.6260e+012	5.2500e-015
-3.350e+000	2.9470e-007	-1.6628e+012	-1.6444e+012	1.6443e+012	5.2500e-015
-3.340e+000	2.9484e-007	-1.6812e+012	-1.6628e+012	1.6627e+012	5.2500e-015
-3.330e+000	2.9498e-007	-1.6996e+012	-1.6812e+012	1.6811e+012	5.2500e-015
-3.320e+000	2.9511e-007	-1.7180e+012	-1.6996e+012	1.6996e+012	5.2500e-015
-3.310e+000	2.9525e-007	-1.7364e+012	-1.7180e+012	1.7180e+012	5.2500e-015
-3.300e+000	2.9538e-007	-1.7549e+012	-1.7364e+012	1.7364e+012	5.2500e-015
-3.290e+000	2.9550e-007	-1.7733e+012	-1.7549e+012	1.7548e+012	5.2500e-015
-3.280e+000	2.9563e-007	-1.7918e+012	-1.7733e+012	1.7733e+012	5.2500e-015
-3.270e+000	2.9575e-007	-1.8102e+012	-1.7918e+012	1.7917e+012	5.2500e-015
-3.260e+000	2.9587e-007	-1.8287e+012	-1.8102e+012	1.8102e+012	5.2500e-015
-3.250e+000	2.9599e-007	-1.8472e+012	-1.8287e+012	1.8287e+012	5.2500e-015
-3.240e+000	2.9610e-007	-1.8657e+012	-1.8472e+012	1.8471e+012	5.2500e-015
-3.230e+000	2.9621e-007	-1.8841e+012	-1.8657e+012	1.8656e+012	5.2500e-015
-3.220e+000	2.9632e-007	-1.9026e+012	-1.8841e+012	1.8841e+012	5.2500e-015
-3.210e+000	2.9643e-007	-1.9211e+012	-1.9026e+012	1.9026e+012	5.2500e-015
-3.200e+000	2.9654e-007	-1.9396e+012	-1.9211e+012	1.9211e+012	5.2500e-015
-3.190e+000	2.9664e-007	-1.9582e+012	-1.9396e+012	1.9396e+012	5.2500e-015
-3.180e+000	2.9674e-007	-1.9767e+012	-1.9582e+012	1.9581e+012	5.2500e-015
-3.170e+000	2.9684e-007	-1.9952e+012	-1.9767e+012	1.9766e+012	5.2500e-015
-3.160e+000	2.9694e-007	-2.0137e+012	-1.9952e+012	1.9952e+012	5.2500e-015
-3.150e+000	2.9704e-007	-2.0323e+012	-2.0137e+012	2.0137e+012	5.2500e-015
-3.140e+000	2.9713e-007	-2.0508e+012	-2.0323e+012	2.0322e+012	5.2500e-015
-3.130e+000	2.9723e-007	-2.0694e+012	-2.0508e+012	2.0508e+012	5.2500e-015
-3.120e+000	2.9732e-007	-2.0879e+012	-2.0694e+012	2.0693e+012	5.2500e-015
-3.110e+000	2.9741e-007	-2.1065e+012	-2.0879e+012	2.0879e+012	5.2500e-015
-3.100e+000	2.9750e-007	-2.1251e+012	-2.1065e+012	2.1065e+012	5.2500e-015
-3.090e+000	2.9758e-007	-2.1436e+012	-2.1251e+012	2.1250e+012	5.2500e-015
-3.080e+000	2.9767e-007	-2.1622e+012	-2.1436e+012	2.1436e+012	5.2500e-015
-3.070e+000	2.9775e-007	-2.1808e+012	-2.1622e+012	2.1622e+012	5.2500e-015
-3.060e+000	2.9783e-007	-2.1994e+012	-2.1808e+012	2.1808e+012	5.2500e-015
-3.050e+000	2.9792e-007	-2.2180e+012	-2.1994e+012	2.1994e+012	5.2500e-015
-3.040e+000	2.9800e-007	-2.2366e+012	-2.2180e+012	2.2179e+012	5.2500e-015
-3.030e+000	2.9807e-007	-2.2552e+012	-2.2366e+012	2.2365e+012	5.2500e-015
-3.020e+000	2.9815e-007	-2.2738e+012	-2.2552e+012	2.2552e+012	5.2500e-015
-3.010e+000	2.9823e-007	-2.2924e+012	-2.2738e+012	2.2738e+012	5.2500e-015
-3.000e+000	2.9830e-007	-2.3110e+012	-2.2924e+012	2.2924e+012	5.2500e-015
-2.990e+000	2.9838e-007	-2.3297e+012	-2.3110e+012	2.3110e+012	5.2500e-015
-2.980e+000	2.9845e-007	-2.3483e+012	-2.3297e+012	2.3296e+012	5.2500e-015
-2.970e+000	2.9852e-007	-2.3669e+012	-2.3483e+012	2.3482e+012	5.2500e-015
-2.960e+000	2.9859e-007	-2.3856e+012	-2.3669e+012	2.3669e+012	5.2500e-015
-2.950e+000	2.9866e-007	-2.4042e+012	-2.3856e+012	2.3855e+012	5.2500e-015
-2.940e+000	2.9873e-007	-2.4228e+012	-2.4042e+012	2.4042e+012	5.2500e-015
-2.930e+000	2.9880e-007	-2.4415e+012	-2.4228e+012	2.4228e+012	5.2500e-015
-2.920e+000	2.9886e-007	-2.4601e+012	-2.4415e+012	2.4414e+012	5.2500e-015
-2.910e+000	2.9893e-007	-2.4788e+012	-2.4601e+012	2.4601e+012	5.2500e-015
-2.900e+000	2.9899e-007	-2.4975e+012	-2.4788e+012	2.4788e+012	5.2500e-015
-2.890e+000	2.9906e-007	-2.5161e+012	-2.4975e+012	2.4974e+012	5.2500e-015
-2.880e+000	2.9912e-007	-2.5348e+012	-2.5161e+012	2.5161e+012	5.2500e-015
-2.870e+000	2.9918e-007	-2.5535e+012	-2.5348e+012	2.5348e+012	5.2500e-015
-2.860e+000	2.9924e-007	-2.5721e+012	-2.5535e+012	2.5534e+012	5.2500e-015
-2.850e+000	2.9930e-007	-2.5908e+012	-2.5721e+012	2.5721e+012	5.2500e-015
-2.840e+000	2.9936e-007	-2.6095e+012	-2.5908e+012	2.5908e+012	5.2500e-015
-2.830e+000	2.9942e-007	-2.6282e+012	-2.6095e+012	2.6095e+012	5.2500e-015
-2.820e+000	2.9948e-007	-2.6469e+012	-2.6282e+012	2.6282e+012	5.2500e-015
-2.810e+000	2.9954e-007	-2.6656e+012	-2.6469e+012	2.6469e+012	5.2500e-015
-2.800e+000	2.9959e-007	-2.6843e+012	-2.6656e+012	2.6655e+012	5.2500e-015
-2.790e+000	2.9965e-007	-2.7030e+012	-2.6843e+012	2.6842e+012	5.2500e-015
-2.780e+000	2.9970e-007	-2.7217e+012	-2.7030e+012	2.7029e+012	5.2500e-015
-2.770e+000	2.9976e-007	-2.7404e+012	-2.7217e+012	2.7217e+012	5.2500e-015
-2.760e+000	2.9981e-007	-2.7591e+012	-2.7404e+012	2.7404e+012	5.2500e-015
-2.750e+000	2.9986e-007	-2.7778e+012	-2.7591e+012	2.7591e+012	5.2500e-015
-2.740e+000	2.9992e-007	-2.7966e+012	-2.7778e+012	2.7778e+012	5.2500e-015
-2.730e+000	2.9997e-007	-2.8153e+012	-2.7966e+012	2.7965e+012	5.2500e-015
-2.720e+000	3.0002e-007	-2.8340e+012	-2.8153e+012	2.8152e+012	5.2500e-015
-2.710e+000	3.0007e-007	-2.8527e+012	-2.8340e+012	2.8340e+012	5.2500e-015
-2.700e+000	3.0012e-007	-2.8715e+012	-2.8527e+012	2.8527e+012	5.2500e-015
-2.690e+000	3.0017e-007	-2.8902e+012	-2.8715e+012	2.8714e+012	5.2500e-015
-2.680e+000	3.0022e-007	-2.9089e+012	-2.8902e+012	2.8902e+012	5.2500e-015
-2.670e+000	3.0027e-007	-2.9277e+012	-2.9089e+012	2.9089e+012	5.2500e-015
-2.660e+000	3.0031e-007	-2.9464e+012	-2.9277e+012	2.9276e+012	5.2500e-015
-2.650e+000	3.0036e-007	-2.9652e+012	-2.9464e+012	2.9464e+012	5.2500e-015
-2.640e+000	3.0041e-007	-2.9839e+012	-2.9652e+012	2.9651e+012	5.2500e-015
-2.630e+000	3.0045e-007	-3.0027e+012	-2.9839e+012	2.9839e+012	5.2500e-015
-2.620e+000	3.0050e-007	-3.0214e+012	-3.0027e+012	3.0026e+012	5.2500e-015
-2.610e+000	3.0054e-007	-3.0402e+012	-3.0214e+012	3.0214e+012	5.2500e-015
-2.600e+000	3.0059e-007	-3.0589e+012	-3.0402e+012	3.0401e+012	5.2500e-015
-2.590e+000	3.0063e-007	-3.0777e+012	-3.0589e+012	3.0589e+012	5.2500e-015
-2.580e+000	3.0067e-007	-3.0965e+012	-3.0777e+012	3.0777e+012	5.2500e-015
-2.570e+000	3.0072e-007	-3.1152e+012	-3.0965e+012	3.0964e+012	5.2500e-015
-2.560e+000	3.0076e-007	-3.1340e+012	-3.1152e+012	3.1152e+012	5.2500e-015
-2.550e+000	3.0080e-007	-3.1528e+012	-3.1340e+012	3.1340e+012	5.2500e-015
-2.540e+000	3.0084e-007	-3.1716e+012	-3.1528e+012	3.1528e+012	5.2500e-015
-2.530e+000	3.0089e-007	-3.1903e+012	-3.1716e+012	3.1715e+012	5.2500e-015
-2.520e+000	3.0093e-007	-3.2091e+012	-3.1903e+012	3.1903e+012	5.2500e-015
-2.510e+000	3.0097e-007	-3.2279e+012	-3.2091e+012	3.2091e+012	5.2500e-015
-2.500e+000	3.0101e-007	-3.2467e+012	-3.2279e+012	3.2279e+012	5.2500e-015
-2.490e+000	3.0105e-007	-3.2655e+012	-3.2467e+012	3.2467e+012	5.2500e-015
-2.480e+000	3.0109e-007	-3.2843e+012	-3.2655e+012	3.2655e+012	5.2500e-015
-2.470e+000	3.0112e-007	-3.3031e+012	-3.2843e+012	3.2842e+012	5.2500e-015
-2.460e+000	3.0116e-007	-3.3219e+012	-3.3031e+012	3.3030e+012	5.2500e-015
-2.450e+000	3.0120e-007	-3.3407e+012	-3.3219e+012	3.3218e+012	5.2500e-015
-2.440e+000	3.0124e-007	-3.3595e+012	-3.3407e+012	3.3406e+012	5.2500e-015
-2.430e+000	3.0128e-007	-3.3783e+012	-3.3595e+012	3.3594e+012	5.2500e-015
-2.420e+000	3.0131e-007	-3.3971e+012	-3.3783e+012	3.3782e+012	5.2500e-015
-2.410e+000	3.0135e-007	-3.4159e+012	-3.3971e+012	3.3970e+012	5.2500e-015
-2.400e+000	3.0139e-007	-3.4347e+012	-3.4159e+012	3.4159e+012	5.2500e-015
-2.390e+000	3.0142e-007	-3.4535e+012	-3.4347e+012	3.4347e+012	5.2500e-015
-2.380e+000	3.0146e-007	-3.4723e+012	-3.4535e+012	3.4535e+012	5.2500e-015
-2.370e+000	3.0149e-007	-3.4912e+012	-3.4723e+012	3.4723e+012	5.2500e-015
-2.360e+000	3.0153e-007	-3.5100e+012	-3.4912e+012	3.4911e+012	5.2500e-015
-2.350e+000	3.0156e-007	-3.5288e+012	-3.5100e+012	3.5099e+012	5.2500e-015
-2.340e+000	3.0160e-007	-3.5476e+012	-3.5288e+012	3.5288e+012	5.2500e-015
-2.330e+000	3.0163e-007	-3.5664e+012	-3.5476e+012	3.5476e+012	5.2500e-015
-2.320e+000	3.0167e-007	-3.5853e+012	-3.5664e+012	3.5664e+012	5.2500e-015
-2.310e+000	3.0170e-007	-3.6041e+012	-3.5853e+012	3.5852e+012	5.2500e-015
-2.300e+000	3.0173e-007	-3.6229e+012	-3.6041e+012	3.6041e+012	5.2500e-015
-2.290e+000	3.0176e-007	-3.6418e+012	-3.6229e+012	3.6229e+012	5.2500e-015
-2.280e+000	3.0180e-007	-3.6606e+012	-3.6418e+012	3.6417e+012	5.2500e-015
-2.270e+000	3.0183e-007	-3.6794e+012	-3.6606e+012	3.6606e+012	5.2500e-015
-2.260e+000	3.0186e-007	-3.6983e+012	-3.6794e+012	3.6794e+012	5.2500e-015
-2.250e+000	3.0189e-007	-3.7171e+012	-3.6983e+012	3.6982e+012	5.2500e-015
-2.240e+000	3.0192e-007	-3.7360e+012	-3.7171e+012	3.7171e+012	5.2500e-015
-2.230e+000	3.0196e-007	-3.7548e+012	-3.7360e+012	3.7359e+012	5.2500e-015
-2.220e+000	3.0199e-007	-3.7737e+012	-3.7548e+012	3.7548e+012	5.2500e-015
-2.210e+000	3.0202e-007	-3.7925e+012	-3.7737e+012	3.7736e+012	5.2500e-015
-2.200e+000	3.0205e-007	-3.8114e+012	-3.7925e+012	3.7925e+012	5.2500e-015
-2.190e+000	3.0208e-007	-3.8302e+012	-3.8114e+012	3.8113e+012	5.2500e-015
-2.180e+000	3.0211e-007	-3.8491e+012	-3.8302e+012	3.8302e+012	5.2500e-015
-2.170e+000	3.0214e-007	-3.8679e+012	-3.8491e+012	3.8490e+012	5.2500e-015
-2.160e+000	3.0217e-007	-3.8868e+012	-3.8679e+012	3.8679e+012	5.2500e-015
-2.150e+000	3.0220e-007	-3.9057e+012	-3.8868e+012	3.8868e+012	5.2500e-015
-2.140e+000	3.0223e-007	-3.9245e+012	-3.9057e+012	3.9056e+012	5.2500e-015
-2.130e+000	3.0226e-007	-3.9434e+012	-3.9245e+012	3.9245e+012	5.2500e-015
-2.120e+000	3.0228e-007	-3.9623e+012	-3.9434e+012	3.9434e+012	5.2500e-015
-2.110e+000	3.0231e-007	-3.9811e+012	-3.9623e+012	3.9622e+012	5.2500e-015
-2.100e+000	3.0234e-007	-4.0000e+012	-3.9811e+012	3.9811e+012	5.2500e-015
-2.090e+000	3.0237e-007	-4.0189e+012	-4.0000e+012	4.0000e+012	5.2500e-015
-2.080e+000	3.0240e-007	-4.0377e+012	-4.0189e+012	4.0188e+012	5.2500e-015
-2.070e+000	3.0242e-007	-4.0566e+012	-4.0377e+012	4.0377e+012	5.2500e-015
-2.060e+000	3.0245e-007	-4.0755e+012	-4.0566e+012	4.0566e+012	5.2500e-015
-2.050e+000	3.0248e-007	-4.0944e+012	-4.0755e+012	4.0755e+012	5.2500e-015
-2.040e+000	3.0251e-007	-4.1133e+012	-4.0944e+012	4.0943e+012	5.2500e-015
-2.030e+000	3.0253e-007	-4.1321e+012	-4.1133e+012	4.1132e+012	5.2500e-015
-2.020e+000	3.0256e-007	-4.1510e+012	-4.1321e+012	4.1321e+012	5.2500e-015
-2.010e+000	3.0259e-007	-4.1699e+012	-4.1510e+012	4.1510e+012	5.2500e-015
-2.000e+000	3.0261e-007	-4.1888e+012	-4.1699e+012	4.1699e+012	5.2500e-015
-1.990e+000	3.0264e-007	-4.2077e+012	-4.1888e+012	4.1888e+012	5.2500e-015
-1.980e+000	3.0266e-007	-4.2266e+012	-4.2077e+012	4.2076e+012	5.2500e-015
-1.970e+000	3.0269e-007	-4.2455e+012	-4.2266e+012	4.2265e+012	5.2500e-015
-1.960e+000	3.0272e-007	-4.2644e+012	-4.2455e+012	4.2454e+012	5.2500e-015
-1.950e+000	3.0274e-007	-4.2833e+012	-4.2644e+012	4.2643e+012	5.2500e-015
-1.940e+000	3.0277e-007	-4.3022e+012	-4.2833e+012	4.2832e+012	5.2500e-015
-1.930e+000	3.0279e-007	-4.3211e+012	-4.3022e+012	4.3021e+012	5.2500e-015
-1.920e+000	3.0282e-007	-4.3400e+012	-4.3211e+012	4.3210e+012	5.2500e-015
-1.910e+000	3.0284e-007	-4.3589e+012	-4.3400e+012	4.3399e+012	5.2500e-015
-1.900e+000	3.0286e-007	-4.3778e+012	-4.3589e+012	4.3588e+012	5.2500e-015
-1.890e+000	3.0289e-007	-4.3967e+012	-4.3778e+012	4.3777e+012	5.2500e-015
-1.880e+000	3.0291e-007	-4.4156e+012	-4.3967e+012	4.3966e+012	5.2500e-015
-1.870e+000	3.0294e-007	-4.4345e+012	-4.4156e+012	4.4155e+012	5.2500e-015
-1.860e+000	3.0296e-007	-4.4534e+012	-4.4345e+012	4.4344e+012	5.2500e-015
-1.850e+000	3.0299e-007	-4.4723e+012	-4.4534e+012	4.4534e+012	5.2500e-015
-1.840e+000	3.0301e-007	-4.4912e+012	-4.4723e+012	4.4723e+012	5.2500e-015
-1.830e+000	3.0303e-007	-4.5101e+012	-4.4912e+012	4.4912e+012	5.2500e-015
-1.820e+000	3.0306e-007	-4.5290e+012	-4.5101e+012	4.5101e+012	5.2500e-015
-1.810e+000	3.0308e-007	-4.5480e+012	-4.5290e+012	4.5290e+012	5.2500e-015
-1.800e+000	3.0310e-007	-4.5669e+012	-4.5480e+012	4.5479e+012	5.2500e-015
-1.790e+000	3.0313e-007	-4.5858e+012	-4.5669e+012	4.5668e+012	5.2500e-015
-1.780e+000	3.0315e-007	-4.6047e+012	-4.5858e+012	4.5858e+012	5.2500e-015
-1.770e+000	3.0317e-007	-4.6236e+012	-4.6047e+012	4.6047e+012	5.2500e-015
-1.760e+000	3.0320e-007	-4.6426e+012	-4.6236e+012	4.6236e+012	5.2500e-015
-1.750e+000	3.0322e-007	-4.6615e+012	-4.6426e+012	4.6425e+012	5.2500e-015
-1.740e+000	3.0324e-007	-4.6804e+012	-4.6615e+012	4.6614e+012	5.2500e-015
-1.730e+000	3.0327e-007	-4.6993e+012	-4.6804e+012	4.6804e+012	5.2500e-015
-1.720e+000	3.0329e-007	-4.7183e+012	-4.6993e+012	4.6993e+012	5.2500e-015
-1.710e+000	3.0331e-007	-4.7372e+012	-4.7183e+012	4.7182e+012	5.2500e-015
-1.700e+000	3.0334e-007	-4.7561e+012	-4.7372e+012	4.7372e+012	5.2500e-015
-1.690e+000	3.0336e-007	-4.7751e+012	-4.7561e+012	4.7561e+012	5.2500e-015
-1.680e+000	3.0339e-007	-4.7940e+012	-4.7751e+012	4.7750e+012	5.2500e-015
-1.670e+000	3.0342e-007	-4.8129e+012	-4.7940e+012	4.7940e+012	5.2500e-015
-1.660e+000	3.0345e-007	-4.8319e+012	-4.8129e+012	4.8129e+012	5.2500e-015
-1.650e+000	3.0347e-007	-4.8508e+012	-4.8319e+012	4.8318e+012	5.2500e-015
-1.640e+000	3.0351e-007	-4.8698e+012	-4.8508e+012	4.8508e+012	5.2500e-015
-1.630e+000	3.0354e-007	-4.8887e+012	-4.8698e+012	4.8697e+012	5.2500e-015
-1.620e+000	3.0358e-007	-4.9077e+012	-4.8887e+012	4.8887e+012	5.2500e-015
-1.610e+000	3.0361e-007	-4.9266e+012	-4.9077e+012	4.9076e+012	5.2500e-015
-1.600e+000	3.0366e-007	-4.9456e+012	-4.9266e+012	4.9266e+012	5.2500e-015
-1.590e+000	3.0371e-007	-4.9645e+012	-4.9456e+012	4.9455e+012	5.2500e-015
-1.580e+000	3.0376e-007	-4.9835e+012	-4.9645e+012	4.9645e+012	5.2500e-015
-1.570e+000	3.0382e-007	-5.0024e+012	-4.9835e+012	4.9834e+012	5.2500e-015
-1.560e+000	3.0389e-007	-5.0214e+012	-5.0024e+012	5.0024e+012	5.2500e-015
-1.550e+000	3.0397e-007	-5.0404e+012	-5.0214e+012	5.0214e+012	5.2500e-015
-1.540e+000	3.0407e-007	-5.0594e+012	-5.0404e+012	5.0403e+012	5.2500e-015
-1.530e+000	3.0418e-007	-5.0783e+012	-5.0594e+012	5.0593e+012	5.2500e-015
-1.520e+000	3.0432e-007	-5.0973e+012	-5.0783e+012	5.0783e+012	5.2500e-015
-1.510e+000	3.0447e-007	-5.1163e+012	-5.0973e+012	5.0973e+012	5.2500e-015
-1.500e+000	3.0466e-007	-5.1354e+012	-5.1163e+012	5.1163e+012	5.2500e-015
-1.490e+000	3.0489e-007	-5.1544e+012	-5.1354e+012	5.1353e+012	5.2500e-015
-1.480e+000	3.0516e-007	-5.1734e+012	-5.1544e+012	5.1544e+012	5.2500e-015
-1.470e+000	3.0548e-007	-5.1925e+012	-5.1734e+012	5.1734e+012	5.2500e-015
-1.460e+000	3.0587e-007	-5.2116e+012	-5.1925e+012	5.1925e+012	5.2500e-015
-1.450e+000	3.0634e-007	-5.2307e+012	-5.2116e+012	5.2116e+012	5.2500e-015
-1.440e+000	3.0691e-007	-5.2499e+012	-5.2307e+012	5.2307e+012	5.2500e-015
-1.430e+000	3.0759e-007	-5.2691e+012	-5.2499e+012	5.2498e+012	5.2500e-015
-1.420e+000	3.0842e-007	-5.2883e+012	-5.2691e+012	5.2690e+012	5.2500e-015
-1.410e+000	3.0941e-007	-5.3076e+012	-5.2883e+012	5.2883e+012	5.2500e-015
-1.400e+000	3.1035e-007	-5.3270e+012	-5.3076e+012	5.3076e+012	5.2500e-015
-1.390e+000	3.1191e-007	-5.3465e+012	-5.3270e+012	5.3270e+012	5.2500e-015
-1.380e+000	3.1356e-007	-5.3660e+012	-5.3465e+012	5.3464e+012	5.2500e-015
-1.370e+000	3.1552e-007	-5.3857e+012	-5.3660e+012	5.3660e+012	5.2500e-015
-1.360e+000	3.1783e-007	-5.4056e+012	-5.3857e+012	5.3857e+012	5.2500e-015
-1.350e+000	3.2052e-007	-5.4256e+012	-5.4056e+012	5.4055e+012	5.2500e-015
-1.340e+000	3.2365e-007	-5.4458e+012	-5.4256e+012	5.4255e+012	5.2500e-015
-1.330e+000	3.2725e-007	-5.4662e+012	-5.4458e+012	5.4457e+012	5.2500e-015
-1.320e+000	3.3135e-007	-5.4869e+012	-5.4662e+012	5.4662e+012	5.2500e-015
-1.310e+000	3.3596e-007	-5.5079e+012	-5.4869e+012	5.4868e+012	5.2500e-015
-1.300e+000	3.4111e-007	-5.5291e+012	-5.5079e+012	5.5078e+012	5.2500e-015
-1.290e+000	3.4676e-007	-5.5508e+012	-5.5291e+012	5.5291e+012	5.2500e-015
-1.280e+000	3.5289e-007	-5.5728e+012	-5.5508e+012	5.5507e+012	5.2500e-015
-1.270e+000	3.5944e-007	-5.5952e+012	-5.5728e+012	5.5728e+012	5.2500e-015
-1.260e+000	3.6634e-007	-5.6181e+012	-5.5952e+012	5.5952e+012	5.2500e-015
-1.250e+000	3.7352e-007	-5.6414e+012	-5.6181e+012	5.6181e+012	5.2500e-015
-1.240e+000	3.8087e-007	-5.6652e+012	-5.6414e+012	5.6414e+012	5.2500e-015
-1.230e+000	3.8831e-007	-5.6894e+012	-5.6652e+012	5.6652e+012	5.2500e-015
-1.220e+000	3.9574e-007	-5.7141e+012	-5.6894e+012	5.6894e+012	5.2500e-015
-1.210e+000	4.0308e-007	-5.7393e+012	-5.7141e+012	5.7141e+012	5.2500e-015
-1.200e+000	4.1027e-007	-5.7649e+012	-5.7393e+012	5.7392e+012	5.2500e-015
-1.190e+000	4.1723e-007	-5.7909e+012	-5.7649e+012	5.7649e+012	5.2500e-015
-1.180e+000	4.2394e-007	-5.8174e+012	-5.7909e+012	5.7909e+012	5.2500e-015
-1.170e+000	4.3036e-007	-5.8443e+012	-5.8174e+012	5.8174e+012	5.2500e-015
-1.160e+000	4.3646e-007	-5.8715e+012	-5.8443e+012	5.8442e+012	5.2500e-015
-1.150e+000	4.4224e-007	-5.8991e+012	-5.8715e+012	5.8715e+012	5.2500e-015
-1.140e+000	4.4770e-007	-5.9270e+012	-5.8991e+012	5.8991e+012	5.2500e-015
-1.130e+000	4.5284e-007	-5.9553e+012	-5.9270e+012	5.9270e+012	5.2500e-015
-1.120e+000	4.5768e-007	-5.9839e+012	-5.9553e+012	5.9553e+012	5.2500e-015
-1.110e+000	4.6222e-007	-6.0127e+012	-5.9839e+012	5.9838e+012	5.2500e-015
-1.100e+000	4.6647e-007	-6.0418e+012	-6.0127e+012	6.0127e+012	5.2500e-015
-1.090e+000	4.7047e-007	-6.0712e+012	-6.0418e+012	6.0418e+012	5.2500e-015
-1.080e+000	4.7421e-007	-6.1008e+012	-6.0712e+012	6.0712e+012	5.2500e-015
-1.070e+000	4.7773e-007	-6.1306e+012	-6.1008e+012	6.1008e+012	5.2500e-015
-1.060e+000	4.8103e-007	-6.1606e+012	-6.1306e+012	6.1306e+012	5.2500e-015
-1.050e+000	4.8413e-007	-6.1909e+012	-6.1606e+012	6.1606e+012	5.2500e-015
-1.040e+000	4.8704e-007	-6.2213e+012	-6.1909e+012	6.1908e+012	5.2500e-015
-1.030e+000	4.8979e-007	-6.2518e+012	-6.2213e+012	6.2212e+012	5.2500e-015
-1.020e+000	4.9237e-007	-6.2826e+012	-6.2518e+012	6.2518e+012	5.2500e-015
-1.010e+000	4.9482e-007	-6.3134e+012	-6.2826e+012	6.2825e+012	5.2500e-015
-1.000e+000	4.9712e-007	-6.3445e+012	-6.3134e+012	6.3134e+012	5.2500e-015
-9.900e-001	4.9931e-007	-6.3756e+012	-6.3445e+012	6.3444e+012	5.2500e-015
-9.800e-001	5.0138e-007	-6.4069e+012	-6.3756e+012	6.3756e+012	5.2500e-015
-9.700e-001	5.0334e-007	-6.4383e+012	-6.4069e+012	6.4069e+012	5.2500e-015
-9.600e-001	5.0521e-007	-6.4699e+012	-6.4383e+012	6.4383e+012	5.2500e-015
-9.500e-001	5.0699e-007	-6.5015e+012	-6.4699e+012	6.4698e+012	5.2500e-015
-9.400e-001	5.0860e-007	-6.5333e+012	-6.5015e+012	6.5015e+012	5.2500e-015
-9.300e-001	5.1028e-007	-6.5651e+012	-6.5333e+012	6.5332e+012	5.2500e-015
-9.200e-001	5.1183e-007	-6.5971e+012	-6.5651e+012	6.5651e+012	5.2500e-015
-9.100e-001	5.1331e-007	-6.6291e+012	-6.5971e+012	6.5970e+012	5.2500e-015
-9.000e-001	5.1472e-007	-6.6612e+012	-6.6291e+012	6.6291e+012	5.2500e-015
-8.900e-001	5.1608e-007	-6.6934e+012	-6.6612e+012	6.6612e+012	5.2500e-015
-8.800e-001	5.1738e-007	-6.7257e+012	-6.6934e+012	6.6934e+012	5.2500e-015
-8.700e-001	5.1864e-007	-6.7581e+012	-6.7257e+012	6.7257e+012	5.2500e-015
-8.600e-001	5.1985e-007	-6.7905e+012	-6.7581e+012	6.7581e+012	5.2500e-015
-8.500e-001	5.2101e-007	-6.8231e+012	-6.7905e+012	6.7905e+012	5.2500e-015
-8.400e-001	5.2214e-007	-6.8557e+012	-6.8231e+012	6.8230e+012	5.2500e-015
-8.300e-001	5.2323e-007	-6.8883e+012	-6.8557e+012	6.8556e+012	5.2500e-015
-8.200e-001	5.2428e-007	-6.9210e+012	-6.8883e+012	6.8883e+012	5.2500e-015
-8.100e-001	5.2530e-007	-6.9538e+012	-6.9210e+012	6.9210e+012	5.2500e-015
-8.000e-001	5.2629e-007	-6.9867e+012	-6.9538e+012	6.9538e+012	5.2500e-015
-7.900e-001	5.2725e-007	-7.0196e+012	-6.9867e+012	6.9866e+012	5.2500e-015
-7.800e-001	5.2818e-007	-7.0525e+012	-7.0196e+012	7.0195e+012	5.2500e-015
-7.700e-001	5.2909e-007	-7.0856e+012	-7.0525e+012	7.0525e+012	5.2500e-015
-7.600e-001	5.2997e-007	-7.1186e+012	-7.0856e+012	7.0855e+012	5.2500e-015
-7.500e-001	5.3083e-007	-7.1518e+012	-7.1186e+012	7.1186e+012	5.2500e-015
-7.400e-001	5.3167e-007	-7.1850e+012	-7.1518e+012	7.1517e+012	5.2500e-015
-7.300e-001	5.3249e-007	-7.2182e+012	-7.1850e+012	7.1849e+012	5.2500e-015
-7.200e-001	5.3329e-007	-7.2515e+012	-7.2182e+012	7.2182e+012	5.2500e-015
-7.100e-001	5.3407e-007	-7.2848e+012	-7.2515e+012	7.2514e+012	5.2500e-015
-7.000e-001	5.3484e-007	-7.3182e+012	-7.2848e+012	7.2848e+012	5.2500e-015
-6.900e-001	5.3559e-007	-7.3516e+012	-7.3182e+012	7.3182e+012	5.2500e-015
-6.800e-001	5.3632e-007	-7.3851e+012	-7.3516e+012	7.3516e+012	5.2500e-015
-6.700e-001	5.3704e-007	-7.4186e+012	-7.3851e+012	7.3851e+012	5.2500e-015
-6.600e-001	5.3775e-007	-7.4522e+012	-7.4186e+012	7.4186e+012	5.2500e-015
-6.500e-001	5.3844e-007	-7.4858e+012	-7.4522e+012	7.4521e+012	5.2500e-015
-6.400e-001	5.3912e-007	-7.5194e+012	-7.4858e+012	7.4858e+012	5.2500e-015
-6.300e-001	5.3979e-007	-7.5531e+012	-7.5194e+012	7.5194e+012	5.2500e-015
-6.200e-001	5.4045e-007	-7.5869e+012	-7.5531e+012	7.5531e+012	5.2500e-015
-6.100e-001	5.4109e-007	-7.6206e+012	-7.5869e+012	7.5868e+012	5.2500e-015
-6.000e-001	5.4173e-007	-7.6544e+012	-7.6206e+012	7.6206e+012	5.2500e-015
-5.900e-001	5.4236e-007	-7.6883e+012	-7.6544e+012	7.6544e+012	5.2500e-015
-5.800e-001	5.4297e-007	-7.7222e+012	-7.6883e+012	7.6883e+012	5.2500e-015
-5.700e-001	5.4358e-007	-7.7561e+012	-7.7222e+012	7.7222e+012	5.2500e-015
-5.600e-001	5.4418e-007	-7.7901e+012	-7.7561e+012	7.7561e+012	5.2500e-015
-5.500e-001	5.4477e-007	-7.8241e+012	-7.7901e+012	7.7900e+012	5.2500e-015
-5.400e-001	5.4535e-007	-7.8581e+012	-7.8241e+012	7.8240e+012	5.2500e-015
-5.300e-001	5.4593e-007	-7.8922e+012	-7.8581e+012	7.8581e+012	5.2500e-015
-5.200e-001	5.4649e-007	-7.9263e+012	-7.8922e+012	7.8922e+012	5.2500e-015
-5.100e-001	5.4705e-007	-7.9605e+012	-7.9263e+012	7.9263e+012	5.2500e-015
-5.000e-001	5.4761e-007	-7.9946e+012	-7.9605e+012	7.9604e+012	5.2500e-015
-4.900e-001	5.4815e-007	-8.0288e+012	-7.9946e+012	7.9946e+012	5.2500e-015
-4.800e-001	5.4869e-007	-8.0631e+012	-8.0288e+012	8.0288e+012	5.2500e-015
-4.700e-001	5.4923e-007	-8.0974e+012	-8.0631e+012	8.0630e+012	5.2500e-015
-4.600e-001	5.4975e-007	-8.1317e+012	-8.0974e+012	8.0973e+012	5.2500e-015
-4.500e-001	5.5027e-007	-8.1660e+012	-8.1317e+012	8.1316e+012	5.2500e-015
-4.400e-001	5.5079e-007	-8.2004e+012	-8.1660e+012	8.1660e+012	5.2500e-015
-4.300e-001	5.5129e-007	-8.2348e+012	-8.2004e+012	8.2004e+012	5.2500e-015
-4.200e-001	5.5180e-007	-8.2693e+012	-8.2348e+012	8.2348e+012	5.2500e-015
-4.100e-001	5.5229e-007	-8.3037e+012	-8.2693e+012	8.2692e+012	5.2500e-015
-4.000e-001	5.5278e-007	-8.3382e+012	-8.3037e+012	8.3037e+012	5.2500e-015
-3.900e-001	5.5327e-007	-8.3728e+012	-8.3382e+012	8.3382e+012	5.2500e-015
-3.800e-001	5.5375e-007	-8.4073e+012	-8.3728e+012	8.3727e+012	5.2500e-015
-3.700e-001	5.5422e-007	-8.4419e+012	-8.4073e+012	8.4073e+012	5.2500e-015
-3.600e-001	5.5469e-007	-8.4765e+012	-8.4419e+012	8.4419e+012	5.2500e-015
-3.500e-001	5.5515e-007	-8.5112e+012	-8.4765e+012	8.4765e+012	5.2500e-015
-3.400e-001	5.5561e-007	-8.5459e+012	-8.5112e+012	8.5111e+012	5.2500e-015
-3.300e-001	5.5606e-007	-8.5806e+012	-8.5459e+012	8.5458e+012	5.2500e-015
-3.200e-001	5.5651e-007	-8.6153e+012	-8.5806e+012	8.5805e+012	5.2500e-015
-3.100e-001	5.5695e-007	-8.6501e+012	-8.6153e+012	8.6153e+012	5.2500e-015
-3.000e-001	5.5738e-007	-8.6849e+012	-8.6501e+012	8.6500e+012	5.2500e-015
-2.900e-001	5.5782e-007	-8.7197e+012	-8.6849e+012	8.6848e+012	5.2500e-015
-2.800e-001	5.5824e-007	-8.7545e+012	-8.7197e+012	8.7196e+012	5.2500e-015
-2.700e-001	5.5866e-007	-8.7894e+012	-8.7545e+012	8.7545e+012	5.2500e-015
-2.600e-001	5.5908e-007	-8.8243e+012	-8.7894e+012	8.7893e+012	5.2500e-015
-2.500e-001	5.5949e-007	-8.8592e+012	-8.8243e+012	8.8242e+012	5.2500e-015
-2.400e-001	5.5989e-007	-8.8941e+012	-8.8592e+012	8.8592e+012	5.2500e-015
-2.300e-001	5.6029e-007	-8.9291e+012	-8.8941e+012	8.8941e+012	5.2500e-015
-2.200e-001	5.6069e-007	-8.9641e+012	-8.9291e+012	8.9291e+012	5.2500e-015
-2.100e-001	5.6108e-007	-8.9991e+012	-8.9641e+012	8.9641e+012	5.2500e-015
-2.000e-001	5.6147e-007	-9.0342e+012	-8.9991e+012	8.9991e+012	5.2500e-015
-1.900e-001	5.6185e-007	-9.0692e+012	-9.0342e+012	9.0341e+012	5.2500e-015
-1.800e-001	5.6222e-007	-9.1043e+012	-9.0692e+012	9.0692e+012	5.2500e-015
-1.700e-001	5.6259e-007	-9.1394e+012	-9.1043e+012	9.1043e+012	5.2500e-015
-1.600e-001	5.6296e-007	-9.1746e+012	-9.1394e+012	9.1394e+012	5.2500e-015
-1.500e-001	5.6332e-007	-9.2097e+012	-9.1746e+012	9.1745e+012	5.2500e-015
-1.400e-001	5.6368e-007	-9.2449e+012	-9.2097e+012	9.2097e+012	5.2500e-015
-1.300e-001	5.6403e-007	-9.2801e+012	-9.2449e+012	9.2449e+012	5.2500e-015
-1.200e-001	5.6437e-007	-9.3154e+012	-9.2801e+012	9.2801e+012	5.2500e-015
-1.100e-001	5.6472e-007	-9.3506e+012	-9.3154e+012	9.3153e+012	5.2500e-015
-1.000e-001	5.6505e-007	-9.3859e+012	-9.3506e+012	9.3506e+012	5.2500e-015
-9.000e-002	5.6539e-007	-9.4212e+012	-9.3859e+012	9.3858e+012	5.2500e-015
-8.000e-002	5.6440e-007	-9.4564e+012	-9.4212e+012	9.4211e+012	5.2500e-015
-7.000e-002	5.6439e-007	-9.4916e+012	-9.4564e+012	9.4563e+012	5.2500e-015
-6.000e-002	5.6469e-007	-9.5269e+012	-9.4916e+012	9.4916e+012	5.2500e-015
-5.000e-002	5.6498e-007	-9.5621e+012	-9.5269e+012	9.5268e+012	5.2500e-015
-4.000e-002	5.6527e-007	-9.5974e+012	-9.5621e+012	9.5621e+012	5.2500e-015
-3.000e-002	5.6555e-007	-9.6327e+012	-9.5974e+012	9.5974e+012	5.2500e-015
-2.000e-002	5.6583e-007	-9.6680e+012	-9.6327e+012	9.6327e+012	5.2500e-015
-1.000e-002	5.6611e-007	-9.7033e+012	-9.6680e+012	9.6680e+012	5.2500e-015
0.000e+000	5.6638e-007	-9.7387e+012	-9.7033e+012	9.7033e+012	5.2500e-015
1.000e-002	5.6664e-007	-9.7741e+012	-9.7387e+012	9.7387e+012	5.2500e-015
2.000e-002	5.6691e-007	-9.8094e+012	-9.7741e+012	9.7740e+012	5.2500e-015
3.000e-002	5.6717e-007	-9.8448e+012	-9.8094e+012	9.8094e+012	5.2500e-015
4.000e-002	5.6743e-007	-9.8803e+012	-9.8448e+012	9.8448e+012	5.2500e-015
5.000e-002	5.6768e-007	-9.9157e+012	-9.8803e+012	9.8802e+012	5.2500e-015
6.000e-002	5.6793e-007	-9.9511e+012	-9.9157e+012	9.9157e+012	5.2500e-015
7.000e-002	5.6818e-007	-9.9866e+012	-9.9511e+012	9.9511e+012	5.2500e-015
8.000e-002	5.6842e-007	-1.0022e+013	-9.9866e+012	9.9866e+012	5.2500e-015
9.000e-002	5.6866e-007	-1.0058e+013	-1.0022e+013	1.0022e+013	5.2500e-015
1.000e-001	5.6889e-007	-1.0093e+013	-1.0058e+013	1.0058e+013	5.2500e-015
1.100e-001	5.6913e-007	-1.0129e+013	-1.0093e+013	1.0093e+013	5.2500e-015
1.200e-001	5.6936e-007	-1.0164e+013	-1.0129e+013	1.0129e+013	5.2500e-015
1.300e-001	5.6958e-007	-1.0200e+013	-1.0164e+013	1.0164e+013	5.2500e-015
1.400e-001	5.6980e-007	-1.0235e+013	-1.0200e+013	1.0200e+013	5.2500e-015
1.500e-001	5.7002e-007	-1.0271e+013	-1.0235e+013	1.0235e+013	5.2500e-015
1.600e-001	5.7024e-007	-1.0306e+013	-1.0271e+013	1.0271e+013	5.2500e-015
1.700e-001	5.7045e-007	-1.0342e+013	-1.0306e+013	1.0306e+013	5.2500e-015
1.800e-001	5.7067e-007	-1.0378e+013	-1.0342e+013	1.0342e+013	5.2500e-015
1.900e-001	5.7087e-007	-1.0413e+013	-1.0378e+013	1.0378e+013	5.2500e-015
2.000e-001	5.7108e-007	-1.0449e+013	-1.0413e+013	1.0413e+013	5.2500e-015
2.100e-001	5.7128e-007	-1.0485e+013	-1.0449e+013	1.0449e+013	5.2500e-015
2.200e-001	5.7148e-007	-1.0520e+013	-1.0485e+013	1.0485e+013	5.2500e-015
2.300e-001	5.7168e-007	-1.0556e+013	-1.0520e+013	1.0520e+013	5.2500e-015
2.400e-001	5.7187e-007	-1.0592e+013	-1.0556e+013	1.0556e+013	5.2500e-015
2.500e-001	5.7206e-007	-1.0627e+013	-1.0592e+013	1.0592e+013	5.2500e-015
2.600e-001	5.7225e-007	-1.0663e+013	-1.0627e+013	1.0627e+013	5.2500e-015
2.700e-001	5.7244e-007	-1.0699e+013	-1.0663e+013	1.0663e+013	5.2500e-015
2.800e-001	5.7262e-007	-1.0735e+013	-1.0699e+013	1.0699e+013	5.2500e-015
2.900e-001	5.7280e-007	-1.0770e+013	-1.0735e+013	1.0734e+013	5.2500e-015
3.000e-001	5.7298e-007	-1.0806e+013	-1.0770e+013	1.0770e+013	5.2500e-015
3.100e-001	5.7316e-007	-1.0842e+013	-1.0806e+013	1.0806e+013	5.2500e-015
3.200e-001	5.7333e-007	-1.0878e+013	-1.0842e+013	1.0842e+013	5.2500e-015
3.300e-001	5.7350e-007	-1.0913e+013	-1.0878e+013	1.0878e+013	5.2500e-015
3.400e-001	5.7367e-007	-1.0949e+013	-1.0913e+013	1.0913e+013	5.2500e-015
3.500e-001	5.7384e-007	-1.0985e+013	-1.0949e+013	1.0949e+013	5.2500e-015
3.600e-001	5.7401e-007	-1.1021e+013	-1.0985e+013	1.0985e+013	5.2500e-015
3.700e-001	5.7417e-007	-1.1057e+013	-1.1021e+013	1.1021e+013	5.2500e-015
3.800e-001	5.7433e-007	-1.1093e+013	-1.1057e+013	1.1057e+013	5.2500e-015
3.900e-001	5.7449e-007	-1.1128e+013	-1.1093e+013	1.1092e+013	5.2500e-015
4.000e-001	5.7465e-007	-1.1164e+013	-1.1128e+013	1.1128e+013	5.2500e-015
4.100e-001	5.7480e-007	-1.1200e+013	-1.1164e+013	1.1164e+013	5.2500e-015
4.200e-001	5.7496e-007	-1.1236e+013	-1.1200e+013	1.1200e+013	5.2500e-015
4.300e-001	5.7511e-007	-1.1272e+013	-1.1236e+013	1.1236e+013	5.2500e-015
4.400e-001	5.7523e-007	-1.1308e+013	-1.1272e+013	1.1272e+013	5.2500e-015
4.500e-001	5.7540e-007	-1.1344e+013	-1.1308e+013	1.1308e+013	5.2500e-015
4.600e-001	5.7555e-007	-1.1380e+013	-1.1344e+013	1.1344e+013	5.2500e-015
4.700e-001	5.7569e-007	-1.1416e+013	-1.1380e+013	1.1380e+013	5.2500e-015
4.800e-001	5.7584e-007	-1.1452e+013	-1.1416e+013	1.1416e+013	5.2500e-015
4.900e-001	5.7598e-007	-1.1487e+013	-1.1452e+013	1.1451e+013	5.2500e-015
5.000e-001	5.7612e-007	-1.1523e+013	-1.1487e+013	1.1487e+013	5.2500e-015
5.100e-001	5.7625e-007	-1.1559e+013	-1.1523e+013	1.1523e+013	5.2500e-015
5.200e-001	5.7639e-007	-1.1595e+013	-1.1559e+013	1.1559e+013	5.2500e-015
5.300e-001	5.7652e-007	-1.1631e+013	-1.1595e+013	1.1595e+013	5.2500e-015
5.400e-001	5.7666e-007	-1.1667e+013	-1.1631e+013	1.1631e+013	5.2500e-015
5.500e-001	5.7679e-007	-1.1703e+013	-1.1667e+013	1.1667e+013	5.2500e-015
5.600e-001	5.7692e-007	-1.1739e+013	-1.1703e+013	1.1703e+013	5.2500e-015
5.700e-001	5.7705e-007	-1.1775e+013	-1.1739e+013	1.1739e+013	5.2500e-015
5.800e-001	5.7718e-007	-1.1811e+013	-1.1775e+013	1.1775e+013	5.2500e-015
5.900e-001	5.7730e-007	-1.1847e+013	-1.1811e+013	1.1811e+013	5.2500e-015
6.000e-001	5.7743e-007	-1.1883e+013	-1.1847e+013	1.1847e+013	5.2500e-015
6.100e-001	5.7755e-007	-1.1920e+013	-1.1883e+013	1.1883e+013	5.2500e-015
6.200e-001	5.7767e-007	-1.1956e+013	-1.1920e+013	1.1919e+013	5.2500e-015
6.300e-001	5.7779e-007	-1.1992e+013	-1.1956e+013	1.1956e+013	5.2500e-015
6.400e-001	5.7791e-007	-1.2028e+013	-1.1992e+013	1.1992e+013	5.2500e-015
6.500e-001	5.7803e-007	-1.2064e+013	-1.2028e+013	1.2028e+013	5.2500e-015
6.600e-001	5.7815e-007	-1.2100e+013	-1.2064e+013	1.2064e+013	5.2500e-015
6.700e-001	5.7826e-007	-1.2136e+013	-1.2100e+013	1.2100e+013	5.2500e-015
6.800e-001	5.7838e-007	-1.2172e+013	-1.2136e+013	1.2136e+013	5.2500e-015
6.900e-001	5.7849e-007	-1.2208e+013	-1.2172e+013	1.2172e+013	5.2500e-015
7.000e-001	5.7860e-007	-1.2244e+013	-1.2208e+013	1.2208e+013	5.2500e-015
7.100e-001	5.7871e-007	-1.2280e+013	-1.2244e+013	1.2244e+013	5.2500e-015
7.200e-001	5.7882e-007	-1.2317e+013	-1.2280e+013	1.2280e+013	5.2500e-015
7.300e-001	5.7893e-007	-1.2353e+013	-1.2317e+013	1.2316e+013	5.2500e-015
7.400e-001	5.7904e-007	-1.2389e+013	-1.2353e+013	1.2353e+013	5.2500e-015
7.500e-001	5.7914e-007	-1.2425e+013	-1.2389e+013	1.2389e+013	5.2500e-015
7.600e-001	5.7925e-007	-1.2461e+013	-1.2425e+013	1.2425e+013	5.2500e-015
7.700e-001	5.7936e-007	-1.2497e+013	-1.2461e+013	1.2461e+013	5.2500e-015
7.800e-001	5.7946e-007	-1.2533e+013	-1.2497e+013	1.2497e+013	5.2500e-015
7.900e-001	5.7956e-007	-1.2570e+013	-1.2533e+013	1.2533e+013	5.2500e-015
8.000e-001	5.7967e-007	-1.2606e+013	-1.2570e+013	1.2570e+013	5.2500e-015
8.100e-001	5.7977e-007	-1.2642e+013	-1.2606e+013	1.2606e+013	5.2500e-015
8.200e-001	5.7987e-007	-1.2678e+013	-1.2642e+013	1.2642e+013	5.2500e-015
8.300e-001	5.7997e-007	-1.2714e+013	-1.2678e+013	1.2678e+013	5.2500e-015
8.400e-001	5.8007e-007	-1.2751e+013	-1.2714e+013	1.2714e+013	5.2500e-015
8.500e-001	5.8016e-007	-1.2787e+013	-1.2751e+013	1.2751e+013	5.2500e-015
8.600e-001	5.8026e-007	-1.2823e+013	-1.2787e+013	1.2787e+013	5.2500e-015
8.700e-001	5.8036e-007	-1.2859e+013	-1.2823e+013	1.2823e+013	5.2500e-015
8.800e-001	5.8045e-007	-1.2895e+013	-1.2859e+013	1.2859e+013	5.2500e-015
8.900e-001	5.8055e-007	-1.2932e+013	-1.2895e+013	1.2895e+013	5.2500e-015
9.000e-001	5.8064e-007	-1.2968e+013	-1.2932e+013	1.2932e+013	5.2500e-015
9.100e-001	5.8073e-007	-1.3004e+013	-1.2968e+013	1.2968e+013	5.2500e-015
9.200e-001	5.8083e-007	-1.3040e+013	-1.3004e+013	1.3004e+013	5.2500e-015
9.300e-001	5.8092e-007	-1.3077e+013	-1.3040e+013	1.3040e+013	5.2500e-015
9.400e-001	5.8101e-007	-1.3113e+013	-1.3077e+013	1.3077e+013	5.2500e-015
9.500e-001	5.8110e-007	-1.3149e+013	-1.3113e+013	1.3113e+013	5.2500e-015
9.600e-001	5.8119e-007	-1.3185e+013	-1.3149e+013	1.3149e+013	5.2500e-015
9.700e-001	5.8128e-007	-1.3222e+013	-1.3185e+013	1.3185e+013	5.2500e-015
9.800e-001	5.8137e-007	-1.3258e+013	-1.3222e+013	1.3222e+013	5.2500e-015
9.900e-001	5.8145e-007	-1.3294e+013	-1.3258e+013	1.3258e+013	5.2500e-015
1.000e+000	5.8154e-007	-1.3331e+013	-1.3294e+013	1.3294e+013	5.2500e-015
1.010e+000	5.8163e-007	-1.3367e+013	-1.3331e+013	1.3331e+013	5.2500e-015
1.020e+000	5.8171e-007	-1.3403e+013	-1.3367e+013	1.3367e+013	5.2500e-015
1.030e+000	5.8180e-007	-1.3440e+013	-1.3403e+013	1.3403e+013	5.2500e-015
1.040e+000	5.8189e-007	-1.3476e+013	-1.3440e+013	1.3440e+013	5.2500e-015
1.050e+000	5.8197e-007	-1.3512e+013	-1.3476e+013	1.3476e+013	5.2500e-015
1.060e+000	5.8206e-007	-1.3549e+013	-1.3512e+013	1.3512e+013	5.2500e-015
1.070e+000	5.8214e-007	-1.3585e+013	-1.3549e+013	1.3548e+013	5.2500e-015
1.080e+000	5.8223e-007	-1.3621e+013	-1.3585e+013	1.3585e+013	5.2500e-015
1.090e+000	5.8231e-007	-1.3658e+013	-1.3621e+013	1.3621e+013	5.2500e-015
1.100e+000	5.8240e-007	-1.3694e+013	-1.3658e+013	1.3657e+013	5.2500e-015
1.110e+000	5.8249e-007	-1.3730e+013	-1.3694e+013	1.3694e+013	5.2500e-015
1.120e+000	5.8258e-007	-1.3767e+013	-1.3730e+013	1.3730e+013	5.2500e-015
1.130e+000	5.8268e-007	-1.3803e+013	-1.3767e+013	1.3767e+013	5.2500e-015
1.140e+000	5.8278e-007	-1.3839e+013	-1.3803e+013	1.3803e+013	5.2500e-015
1.150e+000	5.8288e-007	-1.3876e+013	-1.3839e+013	1.3839e+013	5.2500e-015
1.160e+000	5.8300e-007	-1.3912e+013	-1.3876e+013	1.3876e+013	5.2500e-015
1.170e+000	5.8313e-007	-1.3949e+013	-1.3912e+013	1.3912e+013	5.2500e-015
1.180e+000	5.8328e-007	-1.3985e+013	-1.3949e+013	1.3948e+013	5.2500e-015
1.190e+000	5.8345e-007	-1.4021e+013	-1.3985e+013	1.3985e+013	5.2500e-015
1.200e+000	5.8366e-007	-1.4058e+013	-1.4021e+013	1.4021e+013	5.2500e-015
1.210e+000	5.8392e-007	-1.4094e+013	-1.4058e+013	1.4058e+013	5.2500e-015
1.220e+000	5.8424e-007	-1.4131e+013	-1.4094e+013	1.4094e+013	5.2500e-015
1.230e+000	5.8466e-007	-1.4167e+013	-1.4131e+013	1.4131e+013	5.2500e-015
1.240e+000	5.8521e-007	-1.4204e+013	-1.4167e+013	1.4167e+013	5.2500e-015
1.250e+000	5.8595e-007	-1.4240e+013	-1.4204e+013	1.4204e+013	5.2500e-015
1.260e+000	5.8693e-007	-1.4277e+013	-1.4240e+013	1.4240e+013	5.2500e-015
1.270e+000	5.8826e-007	-1.4314e+013	-1.4277e+013	1.4277e+013	5.2500e-015
1.280e+000	5.9009e-007	-1.4350e+013	-1.4314e+013	1.4314e+013	5.2500e-015
1.290e+000	5.9259e-007	-1.4387e+013	-1.4350e+013	1.4350e+013	5.2500e-015
1.300e+000	5.9605e-007	-1.4425e+013	-1.4387e+013	1.4387e+013	5.2500e-015
1.310e+000	6.0083e-007	-1.4462e+013	-1.4425e+013	1.4425e+013	5.2500e-015
1.320e+000	6.0746e-007	-1.4500e+013	-1.4462e+013	1.4462e+013	5.2500e-015
1.330e+000	6.1666e-007	-1.4539e+013	-1.4500e+013	1.4500e+013	5.2500e-015
1.340e+000	6.2881e-007	-1.4578e+013	-1.4539e+013	1.4538e+013	5.2500e-015
1.350e+000	6.4611e-007	-1.4618e+013	-1.4578e+013	1.4578e+013	5.2500e-015
1.360e+000	6.6995e-007	-1.4660e+013	-1.4618e+013	1.4618e+013	5.2500e-015
1.370e+000	7.0176e-007	-1.4704e+013	-1.4660e+013	1.4660e+013	5.2500e-015
1.380e+000	7.4502e-007	-1.4750e+013	-1.4704e+013	1.4704e+013	5.2500e-015
1.390e+000	8.0199e-007	-1.4800e+013	-1.4750e+013	1.4750e+013	5.2500e-015
1.400e+000	8.7546e-007	-1.4855e+013	-1.4800e+013	1.4800e+013	5.2500e-015
1.410e+000	9.6893e-007	-1.4915e+013	-1.4855e+013	1.4855e+013	5.2500e-015
1.420e+000	1.0831e-006	-1.4983e+013	-1.4915e+013	1.4915e+013	5.2500e-015
1.430e+000	1.2176e-006	-1.5059e+013	-1.4983e+013	1.4983e+013	5.2500e-015
1.440e+000	1.3708e-006	-1.5145e+013	-1.5059e+013	1.5059e+013	5.2500e-015
1.450e+000	1.5374e-006	-1.5241e+013	-1.5145e+013	1.5145e+013	5.2500e-015
1.460e+000	1.7116e-006	-1.5347e+013	-1.5241e+013	1.5240e+013	5.2500e-015
1.470e+000	1.8872e-006	-1.5465e+013	-1.5347e+013	1.5347e+013	5.2500e-015
1.480e+000	2.0592e-006	-1.5594e+013	-1.5465e+013	1.5465e+013	5.2500e-015
1.490e+000	2.2232e-006	-1.5732e+013	-1.5594e+013	1.5594e+013	5.2500e-015
1.500e+000	2.3768e-006	-1.5881e+013	-1.5732e+013	1.5732e+013	5.2500e-015
1.510e+000	2.5189e-006	-1.6038e+013	-1.5881e+013	1.5881e+013	5.2500e-015
1.520e+000	2.6492e-006	-1.6203e+013	-1.6038e+013	1.6038e+013	5.2500e-015
1.530e+000	2.7683e-006	-1.6376e+013	-1.6203e+013	1.6203e+013	5.2500e-015
1.540e+000	2.8769e-006	-1.6556e+013	-1.6376e+013	1.6376e+013	5.2500e-015
1.550e+000	2.9761e-006	-1.6741e+013	-1.6556e+013	1.6556e+013	5.2500e-015
1.560e+000	3.0668e-006	-1.6933e+013	-1.6741e+013	1.6741e+013	5.2500e-015
1.570e+000	3.1502e-006	-1.7129e+013	-1.6933e+013	1.6933e+013	5.2500e-015
1.580e+000	3.2270e-006	-1.7331e+013	-1.7129e+013	1.7129e+013	5.2500e-015
1.590e+000	3.2980e-006	-1.7537e+013	-1.7331e+013	1.7331e+013	5.2500e-015
1.600e+000	3.3640e-006	-1.7747e+013	-1.7537e+013	1.7537e+013	5.2500e-015
1.610e+000	3.4256e-006	-1.7960e+013	-1.7747e+013	1.7747e+013	5.2500e-015
1.620e+000	3.4833e-006	-1.8178e+013	-1.7960e+013	1.7960e+013	5.2500e-015
1.630e+000	3.5375e-006	-1.8399e+013	-1.8178e+013	1.8178e+013	5.2500e-015
1.640e+000	3.5887e-006	-1.8623e+013	-1.8399e+013	1.8399e+013	5.2500e-015
1.650e+000	3.6372e-006	-1.8850e+013	-1.8623e+013	1.8623e+013	5.2500e-015
1.660e+000	3.6832e-006	-1.9080e+013	-1.8850e+013	1.8850e+013	5.2500e-015
1.670e+000	3.7270e-006	-1.9312e+013	-1.9080e+013	1.9080e+013	5.2500e-015
1.680e+000	3.7689e-006	-1.9547e+013	-1.9312e+013	1.9312e+013	5.2500e-015
1.690e+000	3.8089e-006	-1.9785e+013	-1.9547e+013	1.9547e+013	5.2500e-015
1.700e+000	3.8474e-006	-2.0025e+013	-1.9785e+013	1.9785e+013	5.2500e-015
1.710e+000	3.8843e-006	-2.0268e+013	-2.0025e+013	2.0025e+013	5.2500e-015
1.720e+000	3.9199e-006	-2.0512e+013	-2.0268e+013	2.0268e+013	5.2500e-015
1.730e+000	3.9164e-006	-2.0757e+013	-2.0512e+013	2.0512e+013	5.2500e-015
1.740e+000	3.9385e-006	-2.1003e+013	-2.0757e+013	2.0757e+013	5.2500e-015
1.750e+000	3.9651e-006	-2.1250e+013	-2.1003e+013	2.1003e+013	5.2500e-015
1.760e+000	3.9906e-006	-2.1499e+013	-2.1250e+013	2.1250e+013	5.2500e-015
1.770e+000	4.0151e-006	-2.1750e+013	-2.1499e+013	2.1499e+013	5.2500e-015
1.780e+000	4.0389e-006	-2.2002e+013	-2.1750e+013	2.1750e+013	5.2500e-015
1.790e+000	4.0617e-006	-2.2255e+013	-2.2002e+013	2.2002e+013	5.2500e-015
1.800e+000	4.0838e-006	-2.2510e+013	-2.2255e+013	2.2255e+013	5.2500e-015
1.810e+000	4.1052e-006	-2.2767e+013	-2.2510e+013	2.2510e+013	5.2500e-015
1.820e+000	4.1258e-006	-2.3024e+013	-2.2767e+013	2.2767e+013	5.2500e-015
1.830e+000	4.1459e-006	-2.3283e+013	-2.3024e+013	2.3024e+013	5.2500e-015
1.840e+000	4.1653e-006	-2.3543e+013	-2.3283e+013	2.3283e+013	5.2500e-015
1.850e+000	4.1842e-006	-2.3804e+013	-2.3543e+013	2.3543e+013	5.2500e-015
1.860e+000	4.2025e-006	-2.4066e+013	-2.3804e+013	2.3804e+013	5.2500e-015
1.870e+000	4.2204e-006	-2.4330e+013	-2.4066e+013	2.4066e+013	5.2500e-015
1.880e+000	4.2378e-006	-2.4594e+013	-2.4330e+013	2.4330e+013	5.2500e-015
1.890e+000	4.2547e-006	-2.4860e+013	-2.4594e+013	2.4594e+013	5.2500e-015
1.900e+000	4.2712e-006	-2.5126e+013	-2.4860e+013	2.4860e+013	5.2500e-015
1.910e+000	4.2872e-006	-2.5394e+013	-2.5126e+013	2.5126e+013	5.2500e-015
1.920e+000	4.3029e-006	-2.5662e+013	-2.5394e+013	2.5394e+013	5.2500e-015
1.930e+000	4.3182e-006	-2.5932e+013	-2.5662e+013	2.5662e+013	5.2500e-015
1.940e+000	4.3332e-006	-2.6202e+013	-2.5932e+013	2.5932e+013	5.2500e-015
1.950e+000	4.3478e-006	-2.6474e+013	-2.6202e+013	2.6202e+013	5.2500e-015
1.960e+000	4.3622e-006	-2.6746e+013	-2.6474e+013	2.6474e+013	5.2500e-015
1.970e+000	4.3762e-006	-2.7019e+013	-2.6746e+013	2.6746e+013	5.2500e-015
1.980e+000	4.3899e-006	-2.7293e+013	-2.7019e+013	2.7019e+013	5.2500e-015
1.990e+000	4.3975e-006	-2.7568e+013	-2.7293e+013	2.7293e+013	5.2500e-015
2.000e+000	4.4067e-006	-2.7843e+013	-2.7568e+013	2.7568e+013	5.2500e-015
2.010e+000	4.4191e-006	-2.8119e+013	-2.7843e+013	2.7843e+013	5.2500e-015
2.020e+000	4.4313e-006	-2.8395e+013	-2.8119e+013	2.8118e+013	5.2500e-015
2.030e+000	4.4432e-006	-2.8672e+013	-2.8395e+013	2.8395e+013	5.2500e-015
2.040e+000	4.4549e-006	-2.8950e+013	-2.8672e+013	2.8672e+013	5.2500e-015
2.050e+000	4.4664e-006	-2.9229e+013	-2.8950e+013	2.8950e+013	5.2500e-015
2.060e+000	4.4777e-006	-2.9509e+013	-2.9229e+013	2.9229e+013	5.2500e-015
2.070e+000	4.4888e-006	-2.9789e+013	-2.9509e+013	2.9509e+013	5.2500e-015
2.080e+000	4.4997e-006	-3.0070e+013	-2.9789e+013	2.9789e+013	5.2500e-015
2.090e+000	4.5104e-006	-3.0351e+013	-3.0070e+013	3.0070e+013	5.2500e-015
2.100e+000	4.5209e-006	-3.0633e+013	-3.0351e+013	3.0351e+013	5.2500e-015
2.110e+000	4.5313e-006	-3.0916e+013	-3.0633e+013	3.0633e+013	5.2500e-015
2.120e+000	4.5414e-006	-3.1200e+013	-3.0916e+013	3.0916e+013	5.2500e-015
2.130e+000	4.5514e-006	-3.1484e+013	-3.1200e+013	3.1200e+013	5.2500e-015
2.140e+000	4.5613e-006	-3.1768e+013	-3.1484e+013	3.1484e+013	5.2500e-015
2.150e+000	4.5710e-006	-3.2054e+013	-3.1768e+013	3.1768e+013	5.2500e-015
2.160e+000	4.5805e-006	-3.2340e+013	-3.2054e+013	3.2054e+013	5.2500e-015
2.170e+000	4.5899e-006	-3.2626e+013	-3.2340e+013	3.2340e+013	5.2500e-015
2.180e+000	4.5992e-006	-3.2913e+013	-3.2626e+013	3.2626e+013	5.2500e-015
2.190e+000	4.6083e-006	-3.3201e+013	-3.2913e+013	3.2913e+013	5.2500e-015
2.200e+000	4.6173e-006	-3.3489e+013	-3.3201e+013	3.3201e+013	5.2500e-015
2.210e+000	4.6261e-006	-3.3778e+013	-3.3489e+013	3.3489e+013	5.2500e-015
2.220e+000	4.6349e-006	-3.4067e+013	-3.3778e+013	3.3778e+013	5.2500e-015
2.230e+000	4.6435e-006	-3.4357e+013	-3.4067e+013	3.4067e+013	5.2500e-015
2.240e+000	4.6520e-006	-3.4647e+013	-3.4357e+013	3.4357e+013	5.2500e-015
2.250e+000	4.6603e-006	-3.4938e+013	-3.4647e+013	3.4647e+013	5.2500e-015
2.260e+000	4.6686e-006	-3.5230e+013	-3.4938e+013	3.4938e+013	5.2500e-015
2.270e+000	4.6768e-006	-3.5521e+013	-3.5230e+013	3.5229e+013	5.2500e-015
2.280e+000	4.6848e-006	-3.5814e+013	-3.5521e+013	3.5521e+013	5.2500e-015
2.290e+000	4.6927e-006	-3.6107e+013	-3.5814e+013	3.5814e+013	5.2500e-015
2.300e+000	4.7006e-006	-3.6400e+013	-3.6107e+013	3.6107e+013	5.2500e-015
2.310e+000	4.7083e-006	-3.6694e+013	-3.6400e+013	3.6400e+013	5.2500e-015
2.320e+000	4.7160e-006	-3.6988e+013	-3.6694e+013	3.6694e+013	5.2500e-015
2.330e+000	4.7235e-006	-3.7283e+013	-3.6988e+013	3.6988e+013	5.2500e-015
2.340e+000	4.7310e-006	-3.7578e+013	-3.7283e+013	3.7283e+013	5.2500e-015
2.350e+000	4.7384e-006	-3.7874e+013	-3.7578e+013	3.7578e+013	5.2500e-015
2.360e+000	4.7456e-006	-3.8170e+013	-3.7874e+013	3.7874e+013	5.2500e-015
2.370e+000	4.7528e-006	-3.8467e+013	-3.8170e+013	3.8170e+013	5.2500e-015
2.380e+000	4.7599e-006	-3.8764e+013	-3.8467e+013	3.8467e+013	5.2500e-015
2.390e+000	4.7670e-006	-3.9062e+013	-3.8764e+013	3.8764e+013	5.2500e-015
2.400e+000	4.7739e-006	-3.9360e+013	-3.9062e+013	3.9062e+013	5.2500e-015
2.410e+000	4.7808e-006	-3.9658e+013	-3.9360e+013	3.9360e+013	5.2500e-015
2.420e+000	4.7876e-006	-3.9957e+013	-3.9658e+013	3.9658e+013	5.2500e-015
2.430e+000	4.7943e-006	-4.0256e+013	-3.9957e+013	3.9957e+013	5.2500e-015
2.440e+000	4.8010e-006	-4.0556e+013	-4.0256e+013	4.0256e+013	5.2500e-015
2.450e+000	4.8076e-006	-4.0856e+013	-4.0556e+013	4.0556e+013	5.2500e-015
2.460e+000	4.8141e-006	-4.1156e+013	-4.0856e+013	4.0856e+013	5.2500e-015
2.470e+000	4.8205e-006	-4.1457e+013	-4.1156e+013	4.1156e+013	5.2500e-015
2.480e+000	4.8269e-006	-4.1758e+013	-4.1457e+013	4.1457e+013	5.2500e-015
2.490e+000	4.8332e-006	-4.2060e+013	-4.1758e+013	4.1758e+013	5.2500e-015
2.500e+000	4.8394e-006	-4.2362e+013	-4.2060e+013	4.2060e+013	5.2500e-015
2.510e+000	4.8456e-006	-4.2665e+013	-4.2362e+013	4.2362e+013	5.2500e-015
2.520e+000	4.8517e-006	-4.2967e+013	-4.2665e+013	4.2664e+013	5.2500e-015
2.530e+000	4.8578e-006	-4.3271e+013	-4.2967e+013	4.2967e+013	5.2500e-015
2.540e+000	4.8638e-006	-4.3574e+013	-4.3271e+013	4.3270e+013	5.2500e-015
2.550e+000	4.8697e-006	-4.3878e+013	-4.3574e+013	4.3574e+013	5.2500e-015
2.560e+000	4.8756e-006	-4.4182e+013	-4.3878e+013	4.3878e+013	5.2500e-015
2.570e+000	4.8814e-006	-4.4487e+013	-4.4182e+013	4.4182e+013	5.2500e-015
2.580e+000	4.8872e-006	-4.4792e+013	-4.4487e+013	4.4487e+013	5.2500e-015
2.590e+000	4.8926e-006	-4.5097e+013	-4.4792e+013	4.4792e+013	5.2500e-015
2.600e+000	4.8970e-006	-4.5403e+013	-4.5097e+013	4.5097e+013	5.2500e-015
2.610e+000	4.9026e-006	-4.5709e+013	-4.5403e+013	4.5403e+013	5.2500e-015
2.620e+000	4.9081e-006	-4.6015e+013	-4.5709e+013	4.5709e+013	5.2500e-015
2.630e+000	4.9136e-006	-4.6322e+013	-4.6015e+013	4.6015e+013	5.2500e-015
2.640e+000	4.9190e-006	-4.6629e+013	-4.6322e+013	4.6322e+013	5.2500e-015
2.650e+000	4.9244e-006	-4.6936e+013	-4.6629e+013	4.6629e+013	5.2500e-015
2.660e+000	4.9297e-006	-4.7244e+013	-4.6936e+013	4.6936e+013	5.2500e-015
2.670e+000	4.9350e-006	-4.7552e+013	-4.7244e+013	4.7244e+013	5.2500e-015
2.680e+000	4.9403e-006	-4.7861e+013	-4.7552e+013	4.7552e+013	5.2500e-015
2.690e+000	4.9455e-006	-4.8169e+013	-4.7861e+013	4.7860e+013	5.2500e-015
2.700e+000	4.9506e-006	-4.8478e+013	-4.8169e+013	4.8169e+013	5.2500e-015
2.710e+000	4.9557e-006	-4.8788e+013	-4.8478e+013	4.8478e+013	5.2500e-015
2.720e+000	4.9608e-006	-4.9097e+013	-4.8788e+013	4.8787e+013	5.2500e-015
2.730e+000	4.9658e-006	-4.9407e+013	-4.9097e+013	4.9097e+013	5.2500e-015
2.740e+000	4.9708e-006	-4.9717e+013	-4.9407e+013	4.9407e+013	5.2500e-015
2.750e+000	4.9758e-006	-5.0028e+013	-4.9717e+013	4.9717e+013	5.2500e-015
2.760e+000	4.9807e-006	-5.0339e+013	-5.0028e+013	5.0028e+013	5.2500e-015
2.770e+000	4.9855e-006	-5.0650e+013	-5.0339e+013	5.0339e+013	5.2500e-015
2.780e+000	4.9904e-006	-5.0961e+013	-5.0650e+013	5.0650e+013	5.2500e-015
2.790e+000	4.9952e-006	-5.1273e+013	-5.0961e+013	5.0961e+013	5.2500e-015
2.800e+000	4.9999e-006	-5.1585e+013	-5.1273e+013	5.1273e+013	5.2500e-015
2.810e+000	5.0046e-006	-5.1898e+013	-5.1585e+013	5.1585e+013	5.2500e-015
2.820e+000	5.0093e-006	-5.2210e+013	-5.1898e+013	5.1898e+013	5.2500e-015
2.830e+000	5.0139e-006	-5.2523e+013	-5.2210e+013	5.2210e+013	5.2500e-015
2.840e+000	5.0185e-006	-5.2836e+013	-5.2523e+013	5.2523e+013	5.2500e-015
2.850e+000	5.0231e-006	-5.3150e+013	-5.2836e+013	5.2836e+013	5.2500e-015
2.860e+000	5.0276e-006	-5.3464e+013	-5.3150e+013	5.3150e+013	5.2500e-015
2.870e+000	5.0321e-006	-5.3778e+013	-5.3464e+013	5.3464e+013	5.2500e-015
2.880e+000	5.0366e-006	-5.4092e+013	-5.3778e+013	5.3778e+013	5.2500e-015
2.890e+000	5.0410e-006	-5.4407e+013	-5.4092e+013	5.4092e+013	5.2500e-015
2.900e+000	5.0454e-006	-5.4722e+013	-5.4407e+013	5.4407e+013	5.2500e-015
2.910e+000	5.0498e-006	-5.5037e+013	-5.4722e+013	5.4722e+013	5.2500e-015
2.920e+000	5.0541e-006	-5.5352e+013	-5.5037e+013	5.5037e+013	5.2500e-015
2.930e+000	5.0585e-006	-5.5668e+013	-5.5352e+013	5.5352e+013	5.2500e-015
2.940e+000	5.0627e-006	-5.5984e+013	-5.5668e+013	5.5668e+013	5.2500e-015
2.950e+000	5.0670e-006	-5.6300e+013	-5.5984e+013	5.5984e+013	5.2500e-015
2.960e+000	5.0712e-006	-5.6617e+013	-5.6300e+013	5.6300e+013	5.2500e-015
2.970e+000	5.0754e-006	-5.6934e+013	-5.6617e+013	5.6617e+013	5.2500e-015
2.980e+000	5.0795e-006	-5.7251e+013	-5.6934e+013	5.6934e+013	5.2500e-015
2.990e+000	5.0837e-006	-5.7568e+013	-5.7251e+013	5.7251e+013	5.2500e-015
3.000e+000	5.0878e-006	-5.7886e+013	-5.7568e+013	5.7568e+013	5.2500e-015
3.010e+000	5.0918e-006	-5.8203e+013	-5.7886e+013	5.7886e+013	5.2500e-015
3.020e+000	5.0959e-006	-5.8521e+013	-5.8203e+013	5.8203e+013	5.2500e-015
3.030e+000	5.0999e-006	-5.8840e+013	-5.8521e+013	5.8521e+013	5.2500e-015
3.040e+000	5.1039e-006	-5.9158e+013	-5.8840e+013	5.8840e+013	5.2500e-015
3.050e+000	5.1078e-006	-5.9477e+013	-5.9158e+013	5.9158e+013	5.2500e-015
3.060e+000	5.1118e-006	-5.9796e+013	-5.9477e+013	5.9477e+013	5.2500e-015
3.070e+000	5.1157e-006	-6.0115e+013	-5.9796e+013	5.9796e+013	5.2500e-015
3.080e+000	5.1196e-006	-6.0435e+013	-6.0115e+013	6.0115e+013	5.2500e-015
3.090e+000	5.1234e-006	-6.0755e+013	-6.0435e+013	6.0435e+013	5.2500e-015
3.100e+000	5.1273e-006	-6.1075e+013	-6.0755e+013	6.0755e+013	5.2500e-015
3.110e+000	5.1311e-006	-6.1395e+013	-6.1075e+013	6.1075e+013	5.2500e-015
3.120e+000	5.1349e-006	-6.1716e+013	-6.1395e+013	6.1395e+013	5.2500e-015
3.130e+000	5.1386e-006	-6.2036e+013	-6.1716e+013	6.1715e+013	5.2500e-015
3.140e+000	5.1423e-006	-6.2357e+013	-6.2036e+013	6.2036e+013	5.2500e-015
3.150e+000	5.1461e-006	-6.2678e+013	-6.2357e+013	6.2357e+013	5.2500e-015
3.160e+000	5.1498e-006	-6.3000e+013	-6.2678e+013	6.2678e+013	5.2500e-015
3.170e+000	5.1534e-006	-6.3321e+013	-6.3000e+013	6.3000e+013	5.2500e-015
3.180e+000	5.1571e-006	-6.3643e+013	-6.3321e+013	6.3321e+013	5.2500e-015
3.190e+000	5.1607e-006	-6.3965e+013	-6.3643e+013	6.3643e+013	5.2500e-015
3.200e+000	5.1643e-006	-6.4288e+013	-6.3965e+013	6.3965e+013	5.2500e-015
3.210e+000	5.1679e-006	-6.4610e+013	-6.4288e+013	6.4288e+013	5.2500e-015
3.220e+000	5.1714e-006	-6.4933e+013	-6.4610e+013	6.4610e+013	5.2500e-015
3.230e+000	5.1750e-006	-6.5256e+013	-6.4933e+013	6.4933e+013	5.2500e-015
3.240e+000	5.1785e-006	-6.5579e+013	-6.5256e+013	6.5256e+013	5.2500e-015
3.250e+000	5.1820e-006	-6.5903e+013	-6.5579e+013	6.5579e+013	5.2500e-015
3.260e+000	5.1854e-006	-6.6226e+013	-6.5903e+013	6.5903e+013	5.2500e-015
3.270e+000	5.1889e-006	-6.6550e+013	-6.6226e+013	6.6226e+013	5.2500e-015
3.280e+000	5.1923e-006	-6.6874e+013	-6.6550e+013	6.6550e+013	5.2500e-015
3.290e+000	5.1957e-006	-6.7199e+013	-6.6874e+013	6.6874e+013	5.2500e-015
3.300e+000	5.1991e-006	-6.7523e+013	-6.7199e+013	6.7199e+013	5.2500e-015
3.310e+000	5.2025e-006	-6.7848e+013	-6.7523e+013	6.7523e+013	5.2500e-015
3.320e+000	5.2059e-006	-6.8173e+013	-6.7848e+013	6.7848e+013	5.2500e-015
3.330e+000	5.2092e-006	-6.8498e+013	-6.8173e+013	6.8173e+013	5.2500e-015
3.340e+000	5.2125e-006	-6.8823e+013	-6.8498e+013	6.8498e+013	5.2500e-015
3.350e+000	5.2158e-006	-6.9149e+013	-6.8823e+013	6.8823e+013	5.2500e-015
3.360e+000	5.2191e-006	-6.9475e+013	-6.9149e+013	6.9149e+013	5.2500e-015
3.370e+000	5.2223e-006	-6.9800e+013	-6.9475e+013	6.9474e+013	5.2500e-015
3.380e+000	5.2256e-006	-7.0127e+013	-6.9800e+013	6.9800e+013	5.2500e-015
3.390e+000	5.2288e-006	-7.0453e+013	-7.0127e+013	7.0127e+013	5.2500e-015
3.400e+000	5.2320e-006	-7.0780e+013	-7.0453e+013	7.0453e+013	5.2500e-015
3.410e+000	5.2352e-006	-7.1106e+013	-7.0780e+013	7.0780e+013	5.2500e-015
3.420e+000	5.2384e-006	-7.1433e+013	-7.1106e+013	7.1106e+013	5.2500e-015
3.430e+000	5.2415e-006	-7.1760e+013	-7.1433e+013	7.1433e+013	5.2500e-015
3.440e+000	5.2447e-006	-7.2088e+013	-7.1760e+013	7.1760e+013	5.2500e-015
3.450e+000	5.2478e-006	-7.2415e+013	-7.2088e+013	7.2088e+013	5.2500e-015
3.460e+000	5.2509e-006	-7.2743e+013	-7.2415e+013	7.2415e+013	5.2500e-015
3.470e+000	5.2540e-006	-7.3071e+013	-7.2743e+013	7.2743e+013	5.2500e-015
3.480e+000	5.2571e-006	-7.3399e+013	-7.3071e+013	7.3071e+013	5.2500e-015
3.490e+000	5.2601e-006	-7.3727e+013	-7.3399e+013	7.3399e+013	5.2500e-015
3.500e+000	5.2632e-006	-7.4056e+013	-7.3727e+013	7.3727e+013	5.2500e-015
3.510e+000	5.2662e-006	-7.4385e+013	-7.4056e+013	7.4056e+013	5.2500e-015
3.520e+000	5.2692e-006	-7.4713e+013	-7.4385e+013	7.4385e+013	5.2500e-015
3.530e+000	5.2722e-006	-7.5043e+013	-7.4713e+013	7.4713e+013	5.2500e-015
3.540e+000	5.2752e-006	-7.5372e+013	-7.5043e+013	7.5042e+013	5.2500e-015
3.550e+000	5.2781e-006	-7.5701e+013	-7.5372e+013	7.5372e+013	5.2500e-015
3.560e+000	5.2811e-006	-7.6031e+013	-7.5701e+013	7.5701e+013	5.2500e-015
3.570e+000	5.2840e-006	-7.6361e+013	-7.6031e+013	7.6031e+013	5.2500e-015
3.580e+000	5.2869e-006	-7.6691e+013	-7.6361e+013	7.6361e+013	5.2500e-015
3.590e+000	5.2898e-006	-7.7021e+013	-7.6691e+013	7.6691e+013	5.2500e-015
3.600e+000	5.2927e-006	-7.7351e+013	-7.7021e+013	7.7021e+013	5.2500e-015
3.610e+000	5.2956e-006	-7.7682e+013	-7.7351e+013	7.7351e+013	5.2500e-015
3.620e+000	5.2984e-006	-7.8012e+013	-7.7682e+013	7.7682e+013	5.2500e-015
3.630e+000	5.3013e-006	-7.8343e+013	-7.8012e+013	7.8012e+013	5.2500e-015
3.640e+000	5.3041e-006	-7.8674e+013	-7.8343e+013	7.8343e+013	5.2500e-015
3.650e+000	5.3069e-006	-7.9006e+013	-7.8674e+013	7.8674e+013	5.2500e-015
3.660e+000	5.3097e-006	-7.9337e+013	-7.9006e+013	7.9005e+013	5.2500e-015
3.670e+000	5.3125e-006	-7.9668e+013	-7.9337e+013	7.9337e+013	5.2500e-015
3.680e+000	5.3153e-006	-8.0000e+013	-7.9668e+013	7.9668e+013	5.2500e-015
3.690e+000	5.3181e-006	-8.0332e+013	-8.0000e+013	8.0000e+013	5.2500e-015
3.700e+000	5.3208e-006	-8.0664e+013	-8.0332e+013	8.0332e+013	5.2500e-015
3.710e+000	5.3236e-006	-8.0997e+013	-8.0664e+013	8.0664e+013	5.2500e-015
3.720e+000	5.3263e-006	-8.1329e+013	-8.0997e+013	8.0997e+013	5.2500e-015
3.730e+000	5.3290e-006	-8.1662e+013	-8.1329e+013	8.1329e+013	5.2500e-015
3.740e+000	5.3317e-006	-8.1994e+013	-8.1662e+013	8.1662e+013	5.2500e-015
3.750e+000	5.3344e-006	-8.2327e+013	-8.1994e+013	8.1994e+013	5.2500e-015
3.760e+000	5.3371e-006	-8.2660e+013	-8.2327e+013	8.2327e+013	5.2500e-015
3.770e+000	5.3397e-006	-8.2994e+013	-8.2660e+013	8.2660e+013	5.2500e-015
3.780e+000	5.3424e-006	-8.3327e+013	-8.2994e+013	8.2994e+013	5.2500e-015
3.790e+000	5.3450e-006	-8.3661e+013	-8.3327e+013	8.3327e+013	5.2500e-015
3.800e+000	5.3476e-006	-8.3995e+013	-8.3661e+013	8.3661e+013	5.2500e-015
3.810e+000	5.3502e-006	-8.4328e+013	-8.3995e+013	8.3994e+013	5.2500e-015
3.820e+000	5.3528e-006	-8.4663e+013	-8.4328e+013	8.4328e+013	5.2500e-015
3.830e+000	5.3554e-006	-8.4997e+013	-8.4663e+013	8.4663e+013	5.2500e-015
3.840e+000	5.3580e-006	-8.5331e+013	-8.4997e+013	8.4997e+013	5.2500e-015
3.850e+000	5.3606e-006	-8.5666e+013	-8.5331e+013	8.5331e+013	5.2500e-015
3.860e+000	5.3631e-006	-8.6001e+013	-8.5666e+013	8.5666e+013	5.2500e-015
3.870e+000	5.3657e-006	-8.6335e+013	-8.6001e+013	8.6001e+013	5.2500e-015
3.880e+000	5.3682e-006	-8.6671e+013	-8.6335e+013	8.6335e+013	5.2500e-015
3.890e+000	5.3707e-006	-8.7006e+013	-8.6671e+013	8.6670e+013	5.2500e-015
3.900e+000	5.3732e-006	-8.7341e+013	-8.7006e+013	8.7006e+013	5.2500e-015
3.910e+000	5.3757e-006	-8.7677e+013	-8.7341e+013	8.7341e+013	5.2500e-015
3.920e+000	5.3782e-006	-8.8012e+013	-8.7677e+013	8.7677e+013	5.2500e-015
3.930e+000	5.3807e-006	-8.8348e+013	-8.8012e+013	8.8012e+013	5.2500e-015
3.940e+000	5.3832e-006	-8.8684e+013	-8.8348e+013	8.8348e+013	5.2500e-015
3.950e+000	5.3856e-006	-8.9020e+013	-8.8684e+013	8.8684e+013	5.2500e-015
3.960e+000	5.3881e-006	-8.9357e+013	-8.9020e+013	8.9020e+013	5.2500e-015
3.970e+000	5.3905e-006	-8.9693e+013	-8.9357e+013	8.9357e+013	5.2500e-015
3.980e+000	5.3929e-006	-9.0030e+013	-8.9693e+013	8.9693e+013	5.2500e-015
3.990e+000	5.3954e-006	-9.0366e+013	-9.0030e+013	9.0030e+013	5.2500e-015
4.000e+000	5.3978e-006	-9.0703e+013	-9.0366e+013	9.0366e+013	5.2500e-015
4.010e+000	5.4001e-006	-9.1040e+013	-9.0703e+013	9.0703e+013	5.2500e-015
4.020e+000	5.4025e-006	-9.1378e+013	-9.1040e+013	9.1040e+013	5.2500e-015
4.030e+000	5.4049e-006	-9.1715e+013	-9.1378e+013	9.1377e+013	5.2500e-015
4.040e+000	5.4073e-006	-9.2052e+013	-9.1715e+013	9.1715e+013	5.2500e-015
4.050e+000	5.4096e-006	-9.2390e+013	-9.2052e+013	9.2052e+013	5.2500e-015
4.060e+000	5.4120e-006	-9.2728e+013	-9.2390e+013	9.2390e+013	5.2500e-015
4.070e+000	5.4143e-006	-9.3066e+013	-9.2728e+013	9.2728e+013	5.2500e-015
4.080e+000	5.4166e-006	-9.3404e+013	-9.3066e+013	9.3066e+013	5.2500e-015
4.090e+000	5.4189e-006	-9.3742e+013	-9.3404e+013	9.3404e+013	5.2500e-015
4.100e+000	5.4213e-006	-9.4080e+013	-9.3742e+013	9.3742e+013	5.2500e-015
4.110e+000	5.4235e-006	-9.4419e+013	-9.4080e+013	9.4080e+013	5.2500e-015
4.120e+000	5.4258e-006	-9.4758e+013	-9.4419e+013	9.4419e+013	5.2500e-015
4.130e+000	5.4281e-006	-9.5096e+013	-9.4758e+013	9.4758e+013	5.2500e-015
4.140e+000	5.4304e-006	-9.5435e+013	-9.5096e+013	9.5096e+013	5.2500e-015
4.150e+000	5.4326e-006	-9.5774e+013	-9.5435e+013	9.5435e+013	5.2500e-015
4.160e+000	5.4349e-006	-9.6114e+013	-9.5774e+013	9.5774e+013	5.2500e-015
4.170e+000	5.4371e-006	-9.6453e+013	-9.6114e+013	9.6114e+013	5.2500e-015
4.180e+000	5.4394e-006	-9.6792e+013	-9.6453e+013	9.6453e+013	5.2500e-015
4.190e+000	5.4416e-006	-9.7132e+013	-9.6792e+013	9.6792e+013	5.2500e-015
4.200e+000	5.4438e-006	-9.7472e+013	-9.7132e+013	9.7132e+013	5.2500e-015
4.210e+000	5.4460e-006	-9.7812e+013	-9.7472e+013	9.7472e+013	5.2500e-015
4.220e+000	5.4482e-006	-9.8152e+013	-9.7812e+013	9.7812e+013	5.2500e-015
4.230e+000	5.4503e-006	-9.8492e+013	-9.8152e+013	9.8152e+013	5.2500e-015
4.240e+000	5.4524e-006	-9.8832e+013	-9.8492e+013	9.8492e+013	5.2500e-015
4.250e+000	5.4546e-006	-9.9173e+013	-9.8832e+013	9.8832e+013	5.2500e-015
4.260e+000	5.4567e-006	-9.9513e+013	-9.9173e+013	9.9173e+013	5.2500e-015
4.270e+000	5.4589e-006	-9.9854e+013	-9.9513e+013	9.9513e+013	5.2500e-015
4.280e+000	5.4610e-006	-1.0019e+014	-9.9854e+013	9.9854e+013	5.2500e-015
4.290e+000	5.4632e-006	-1.0054e+014	-1.0019e+014	1.0019e+014	5.2500e-015
4.300e+000	5.4653e-006	-1.0088e+014	-1.0054e+014	1.0054e+014	5.2500e-015
4.310e+000	5.4674e-006	-1.0122e+014	-1.0088e+014	1.0088e+014	5.2500e-015
4.320e+000	5.4695e-006	-1.0156e+014	-1.0122e+014	1.0122e+014	5.2500e-015
4.330e+000	5.4717e-006	-1.0190e+014	-1.0156e+014	1.0156e+014	5.2500e-015
4.340e+000	5.4738e-006	-1.0224e+014	-1.0190e+014	1.0190e+014	5.2500e-015
4.350e+000	5.4758e-006	-1.0258e+014	-1.0224e+014	1.0224e+014	5.2500e-015
4.360e+000	5.4779e-006	-1.0293e+014	-1.0258e+014	1.0258e+014	5.2500e-015
4.370e+000	5.4800e-006	-1.0327e+014	-1.0293e+014	1.0293e+014	5.2500e-015
4.380e+000	5.4821e-006	-1.0361e+014	-1.0327e+014	1.0327e+014	5.2500e-015
4.390e+000	5.4841e-006	-1.0395e+014	-1.0361e+014	1.0361e+014	5.2500e-015
4.400e+000	5.4862e-006	-1.0430e+014	-1.0395e+014	1.0395e+014	5.2500e-015
4.410e+000	5.4882e-006	-1.0464e+014	-1.0430e+014	1.0430e+014	5.2500e-015
4.420e+000	5.4903e-006	-1.0498e+014	-1.0464e+014	1.0464e+014	5.2500e-015
4.430e+000	5.4923e-006	-1.0532e+014	-1.0498e+014	1.0498e+014	5.2500e-015
4.440e+000	5.4943e-006	-1.0567e+014	-1.0532e+014	1.0532e+014	5.2500e-015
4.450e+000	5.4963e-006	-1.0601e+014	-1.0567e+014	1.0567e+014	5.2500e-015
4.460e+000	5.4984e-006	-1.0635e+014	-1.0601e+014	1.0601e+014	5.2500e-015
4.470e+000	5.5004e-006	-1.0670e+014	-1.0635e+014	1.0635e+014	5.2500e-015
4.480e+000	5.5024e-006	-1.0704e+014	-1.0670e+014	1.0670e+014	5.2500e-015
4.490e+000	5.5043e-006	-1.0738e+014	-1.0704e+014	1.0704e+014	5.2500e-015
4.500e+000	5.5063e-006	-1.0773e+014	-1.0738e+014	1.0738e+014	5.2500e-015
4.510e+000	5.5083e-006	-1.0807e+014	-1.0773e+014	1.0773e+014	5.2500e-015
4.520e+000	5.5103e-006	-1.0841e+014	-1.0807e+014	1.0807e+014	5.2500e-015
4.530e+000	5.5122e-006	-1.0876e+014	-1.0841e+014	1.0841e+014	5.2500e-015
4.540e+000	5.5142e-006	-1.0910e+014	-1.0876e+014	1.0876e+014	5.2500e-015
4.550e+000	5.5161e-006	-1.0945e+014	-1.0910e+014	1.0910e+014	5.2500e-015
4.560e+000	5.5181e-006	-1.0979e+014	-1.0945e+014	1.0945e+014	5.2500e-015
4.570e+000	5.5200e-006	-1.1014e+014	-1.0979e+014	1.0979e+014	5.2500e-015
4.580e+000	5.5219e-006	-1.1048e+014	-1.1014e+014	1.1014e+014	5.2500e-015
4.590e+000	5.5238e-006	-1.1083e+014	-1.1048e+014	1.1048e+014	5.2500e-015
4.600e+000	5.5257e-006	-1.1117e+014	-1.1083e+014	1.1083e+014	5.2500e-015
4.610e+000	5.5277e-006	-1.1152e+014	-1.1117e+014	1.1117e+014	5.2500e-015
4.620e+000	5.5295e-006	-1.1186e+014	-1.1152e+014	1.1151e+014	5.2500e-015
4.630e+000	5.5314e-006	-1.1221e+014	-1.1186e+014	1.1186e+014	5.2500e-015
4.640e+000	5.5333e-006	-1.1255e+014	-1.1221e+014	1.1221e+014	5.2500e-015
4.650e+000	5.5352e-006	-1.1290e+014	-1.1255e+014	1.1255e+014	5.2500e-015
4.660e+000	5.5371e-006	-1.1324e+014	-1.1290e+014	1.1290e+014	5.2500e-015
4.670e+000	5.5389e-006	-1.1359e+014	-1.1324e+014	1.1324e+014	5.2500e-015
4.680e+000	5.5408e-006	-1.1393e+014	-1.1359e+014	1.1359e+014	5.2500e-015
4.690e+000	5.5427e-006	-1.1428e+014	-1.1393e+014	1.1393e+014	5.2500e-015
4.700e+000	5.5445e-006	-1.1463e+014	-1.1428e+014	1.1428e+014	5.2500e-015
4.710e+000	5.5464e-006	-1.1497e+014	-1.1463e+014	1.1463e+014	5.2500e-015
4.720e+000	5.5482e-006	-1.1532e+014	-1.1497e+014	1.1497e+014	5.2500e-015
4.730e+000	5.5500e-006	-1.1566e+014	-1.1532e+014	1.1532e+014	5.2500e-015
4.740e+000	5.5518e-006	-1.1601e+014	-1.1566e+014	1.1566e+014	5.2500e-015
4.750e+000	5.5537e-006	-1.1636e+014	-1.1601e+014	1.1601e+014	5.2500e-015
4.760e+000	5.5555e-006	-1.1670e+014	-1.1636e+014	1.1636e+014	5.2500e-015
4.770e+000	5.5573e-006	-1.1705e+014	-1.1670e+014	1.1670e+014	5.2500e-015
4.780e+000	5.5591e-006	-1.1740e+014	-1.1705e+014	1.1705e+014	5.2500e-015
4.790e+000	5.5609e-006	-1.1775e+014	-1.1740e+014	1.1740e+014	5.2500e-015
4.800e+000	5.5627e-006	-1.1809e+014	-1.1775e+014	1.1775e+014	5.2500e-015
4.810e+000	5.5644e-006	-1.1844e+014	-1.1809e+014	1.1809e+014	5.2500e-015
4.820e+000	5.5662e-006	-1.1879e+014	-1.1844e+014	1.1844e+014	5.2500e-015
4.830e+000	5.5680e-006	-1.1913e+014	-1.1879e+014	1.1879e+014	5.2500e-015
4.840e+000	5.5698e-006	-1.1948e+014	-1.1913e+014	1.1913e+014	5.2500e-015
4.850e+000	5.5715e-006	-1.1983e+014	-1.1948e+014	1.1948e+014	5.2500e-015
4.860e+000	5.5733e-006	-1.2018e+014	-1.1983e+014	1.1983e+014	5.2500e-015
4.870e+000	5.5750e-006	-1.2053e+014	-1.2018e+014	1.2018e+014	5.2500e-015
4.880e+000	5.5768e-006	-1.2087e+014	-1.2053e+014	1.2053e+014	5.2500e-015
4.890e+000	5.5785e-006	-1.2122e+014	-1.2087e+014	1.2087e+014	5.2500e-015
4.900e+000	5.5802e-006	-1.2157e+014	-1.2122e+014	1.2122e+014	5.2500e-015
4.910e+000	5.5820e-006	-1.2192e+014	-1.2157e+014	1.2157e+014	5.2500e-015
4.920e+000	5.5837e-006	-1.2227e+014	-1.2192e+014	1.2192e+014	5.2500e-015
4.930e+000	5.5854e-006	-1.2262e+014	-1.2227e+014	1.2227e+014	5.2500e-015
4.940e+000	5.5871e-006	-1.2296e+014	-1.2262e+014	1.2262e+014	5.2500e-015
4.950e+000	5.5888e-006	-1.2331e+014	-1.2296e+014	1.2296e+014	5.2500e-015
4.960e+000	5.5905e-006	-1.2366e+014	-1.2331e+014	1.2331e+014	5.2500e-015
4.970e+000	5.5922e-006	-1.2401e+014	-1.2366e+014	1.2366e+014	5.2500e-015
4.980e+000	5.5939e-006	-1.2436e+014	-1.2401e+014	1.2401e+014	5.2500e-015
4.990e+000	5.5956e-006	-1.2471e+014	-1.2436e+014	1.2436e+014	5.2500e-015
5.000e+000	5.5973e-006	-1.2506e+014	-1.2471e+014	1.2471e+014	5.2500e-015
5.010e+000	5.5989e-006	-1.2541e+014	-1.2506e+014	1.2506e+014	5.2500e-015
5.020e+000	5.6006e-006	-1.2576e+014	-1.2541e+014	1.2541e+014	5.2500e-015
5.030e+000	5.6023e-006	-1.2611e+014	-1.2576e+014	1.2576e+014	5.2500e-015
5.040e+000	5.6039e-006	-1.2646e+014	-1.2611e+014	1.2611e+014	5.2500e-015
5.050e+000	5.6056e-006	-1.2681e+014	-1.2646e+014	1.2646e+014	5.2500e-015
5.060e+000	5.6072e-006	-1.2716e+014	-1.2681e+014	1.2681e+014	5.2500e-015
5.070e+000	5.6089e-006	-1.2751e+014	-1.2716e+014	1.2716e+014	5.2500e-015
5.080e+000	5.6105e-006	-1.2786e+014	-1.2751e+014	1.2751e+014	5.2500e-015
5.090e+000	5.6122e-006	-1.2821e+014	-1.2786e+014	1.2786e+014	5.2500e-015
5.100e+000	5.6138e-006	-1.2856e+014	-1.2821e+014	1.2821e+014	5.2500e-015
5.110e+000	5.6154e-006	-1.2891e+014	-1.2856e+014	1.2856e+014	5.2500e-015
5.120e+000	5.6170e-006	-1.2926e+014	-1.2891e+014	1.2891e+014	5.2500e-015
5.130e+000	5.6186e-006	-1.2961e+014	-1.2926e+014	1.2926e+014	5.2500e-015
5.140e+000	5.6202e-006	-1.2996e+014	-1.2961e+014	1.2961e+014	5.2500e-015
5.150e+000	5.6219e-006	-1.3031e+014	-1.2996e+014	1.2996e+014	5.2500e-015
5.160e+000	5.6235e-006	-1.3066e+014	-1.3031e+014	1.3031e+014	5.2500e-015
5.170e+000	5.6251e-006	-1.3101e+014	-1.3066e+014	1.3066e+014	5.2500e-015
5.180e+000	5.6266e-006	-1.3136e+014	-1.3101e+014	1.3101e+014	5.2500e-015
5.190e+000	5.6282e-006	-1.3172e+014	-1.3136e+014	1.3136e+014	5.2500e-015
5.200e+000	5.6298e-006	-1.3207e+014	-1.3172e+014	1.3172e+014	5.2500e-015
5.210e+000	5.6314e-006	-1.3242e+014	-1.3207e+014	1.3207e+014	5.2500e-015
5.220e+000	5.6330e-006	-1.3277e+014	-1.3242e+014	1.3242e+014	5.2500e-015
5.230e+000	5.6345e-006	-1.3312e+014	-1.3277e+014	1.3277e+014	5.2500e-015
5.240e+000	5.6361e-006	-1.3347e+014	-1.3312e+014	1.3312e+014	5.2500e-015
5.250e+000	5.6376e-006	-1.3383e+014	-1.3347e+014	1.3347e+014	5.2500e-015
5.260e+000	5.6392e-006	-1.3418e+014	-1.3383e+014	1.3383e+014	5.2500e-015
5.270e+000	5.6408e-006	-1.3453e+014	-1.3418e+014	1.3418e+014	5.2500e-015
5.280e+000	5.6423e-006	-1.3488e+014	-1.3453e+014	1.3453e+014	5.2500e-015
5.290e+000	5.6438e-006	-1.3523e+014	-1.3488e+014	1.3488e+014	5.2500e-015
5.300e+000	5.6454e-006	-1.3559e+014	-1.3523e+014	1.3523e+014	5.2500e-015
5.310e+000	5.6469e-006	-1.3594e+014	-1.3559e+014	1.3559e+014	5.2500e-015
5.320e+000	5.6484e-006	-1.3629e+014	-1.3594e+014	1.3594e+014	5.2500e-015
5.330e+000	5.6500e-006	-1.3664e+014	-1.3629e+014	1.3629e+014	5.2500e-015
5.340e+000	5.6515e-006	-1.3700e+014	-1.3664e+014	1.3664e+014	5.2500e-015
5.350e+000	5.6530e-006	-1.3735e+014	-1.3700e+014	1.3700e+014	5.2500e-015
5.360e+000	5.6545e-006	-1.3770e+014	-1.3735e+014	1.3735e+014	5.2500e-015
5.370e+000	5.6560e-006	-1.3806e+014	-1.3770e+014	1.3770e+014	5.2500e-015
5.380e+000	5.6575e-006	-1.3841e+014	-1.3806e+014	1.3806e+014	5.2500e-015
5.390e+000	5.6590e-006	-1.3876e+014	-1.3841e+014	1.3841e+014	5.2500e-015
5.400e+000	5.6605e-006	-1.3912e+014	-1.3876e+014	1.3876e+014	5.2500e-015
5.410e+000	5.6620e-006	-1.3947e+014	-1.3912e+014	1.3912e+014	5.2500e-015
5.420e+000	5.6635e-006	-1.3982e+014	-1.3947e+014	1.3947e+014	5.2500e-015
5.430e+000	5.6650e-006	-1.4018e+014	-1.3982e+014	1.3982e+014	5.2500e-015
5.440e+000	5.6664e-006	-1.4053e+014	-1.4018e+014	1.4018e+014	5.2500e-015
5.450e+000	5.6679e-006	-1.4088e+014	-1.4053e+014	1.4053e+014	5.2500e-015
5.460e+000	5.6694e-006	-1.4124e+014	-1.4088e+014	1.4088e+014	5.2500e-015
5.470e+000	5.6709e-006	-1.4159e+014	-1.4124e+014	1.4124e+014	5.2500e-015
5.480e+000	5.6723e-006	-1.4195e+014	-1.4159e+014	1.4159e+014	5.2500e-015
5.490e+000	5.6738e-006	-1.4230e+014	-1.4195e+014	1.4195e+014	5.2500e-015
5.500e+000	5.6752e-006	-1.4265e+014	-1.4230e+014	1.4230e+014	5.2500e-015
5.510e+000	5.6767e-006	-1.4301e+014	-1.4265e+014	1.4265e+014	5.2500e-015
5.520e+000	5.6781e-006	-1.4336e+014	-1.4301e+014	1.4301e+014	5.2500e-015
5.530e+000	5.6796e-006	-1.4372e+014	-1.4336e+014	1.4336e+014	5.2500e-015
5.540e+000	5.6810e-006	-1.4407e+014	-1.4372e+014	1.4372e+014	5.2500e-015
5.550e+000	5.6824e-006	-1.4443e+014	-1.4407e+014	1.4407e+014	5.2500e-015
5.560e+000	5.6839e-006	-1.4478e+014	-1.4443e+014	1.4443e+014	5.2500e-015
5.570e+000	5.6853e-006	-1.4514e+014	-1.4478e+014	1.4478e+014	5.2500e-015
5.580e+000	5.6867e-006	-1.4549e+014	-1.4514e+014	1.4514e+014	5.2500e-015
5.590e+000	5.6881e-006	-1.4585e+014	-1.4549e+014	1.4549e+014	5.2500e-015
5.600e+000	5.6896e-006	-1.4620e+014	-1.4585e+014	1.4585e+014	5.2500e-015
5.610e+000	5.6910e-006	-1.4656e+014	-1.4620e+014	1.4620e+014	5.2500e-015
5.620e+000	5.6924e-006	-1.4691e+014	-1.4656e+014	1.4656e+014	5.2500e-015
5.630e+000	5.6938e-006	-1.4727e+014	-1.4691e+014	1.4691e+014	5.2500e-015
5.640e+000	5.6952e-006	-1.4762e+014	-1.4727e+014	1.4727e+014	5.2500e-015
5.650e+000	5.6966e-006	-1.4798e+014	-1.4762e+014	1.4762e+014	5.2500e-015
5.660e+000	5.6980e-006	-1.4833e+014	-1.4798e+014	1.4798e+014	5.2500e-015
5.670e+000	5.6994e-006	-1.4869e+014	-1.4833e+014	1.4833e+014	5.2500e-015
5.680e+000	5.7007e-006	-1.4904e+014	-1.4869e+014	1.4869e+014	5.2500e-015
5.690e+000	5.7021e-006	-1.4940e+014	-1.4904e+014	1.4904e+014	5.2500e-015
5.700e+000	5.7035e-006	-1.4976e+014	-1.4940e+014	1.4940e+014	5.2500e-015
5.710e+000	5.7049e-006	-1.5011e+014	-1.4976e+014	1.4976e+014	5.2500e-015
5.720e+000	5.7063e-006	-1.5047e+014	-1.5011e+014	1.5011e+014	5.2500e-015
5.730e+000	5.7076e-006	-1.5083e+014	-1.5047e+014	1.5047e+014	5.2500e-015
5.740e+000	5.7090e-006	-1.5118e+014	-1.5083e+014	1.5083e+014	5.2500e-015
5.750e+000	5.7104e-006	-1.5154e+014	-1.5118e+014	1.5118e+014	5.2500e-015
5.760e+000	5.7117e-006	-1.5189e+014	-1.5154e+014	1.5154e+014	5.2500e-015
5.770e+000	5.7131e-006	-1.5225e+014	-1.5189e+014	1.5189e+014	5.2500e-015
5.780e+000	5.7144e-006	-1.5261e+014	-1.5225e+014	1.5225e+014	5.2500e-015
5.790e+000	5.7158e-006	-1.5296e+014	-1.5261e+014	1.5261e+014	5.2500e-015
5.800e+000	5.7171e-006	-1.5332e+014	-1.5296e+014	1.5296e+014	5.2500e-015
5.810e+000	5.7184e-006	-1.5368e+014	-1.5332e+014	1.5332e+014	5.2500e-015
5.820e+000	5.7198e-006	-1.5404e+014	-1.5368e+014	1.5368e+014	5.2500e-015
5.830e+000	5.7211e-006	-1.5439e+014	-1.5404e+014	1.5404e+014	5.2500e-015
5.840e+000	5.7224e-006	-1.5475e+014	-1.5439e+014	1.5439e+014	5.2500e-015
5.850e+000	5.7238e-006	-1.5511e+014	-1.5475e+014	1.5475e+014	5.2500e-015
5.860e+000	5.7251e-006	-1.5546e+014	-1.5511e+014	1.5511e+014	5.2500e-015
5.870e+000	5.7264e-006	-1.5582e+014	-1.5546e+014	1.5546e+014	5.2500e-015
5.880e+000	5.7277e-006	-1.5618e+014	-1.5582e+014	1.5582e+014	5.2500e-015
5.890e+000	5.7291e-006	-1.5654e+014	-1.5618e+014	1.5618e+014	5.2500e-015
5.900e+000	5.7304e-006	-1.5689e+014	-1.5654e+014	1.5654e+014	5.2500e-015
5.910e+000	5.7317e-006	-1.5725e+014	-1.5689e+014	1.5689e+014	5.2500e-015
5.920e+000	5.7330e-006	-1.5761e+014	-1.5725e+014	1.5725e+014	5.2500e-015
5.930e+000	5.7343e-006	-1.5797e+014	-1.5761e+014	1.5761e+014	5.2500e-015
5.940e+000	5.7356e-006	-1.5833e+014	-1.5797e+014	1.5797e+014	5.2500e-015
5.950e+000	5.7369e-006	-1.5868e+014	-1.5833e+014	1.5833e+014	5.2500e-015
5.960e+000	5.7382e-006	-1.5904e+014	-1.5868e+014	1.5868e+014	5.2500e-015
5.970e+000	5.7395e-006	-1.5940e+014	-1.5904e+014	1.5904e+014	5.2500e-015
5.980e+000	5.7407e-006	-1.5976e+014	-1.5940e+014	1.5940e+014	5.2500e-015
5.990e+000	5.7420e-006	-1.6012e+014	-1.5976e+014	1.5976e+014	5.2500e-015
6.000e+000	5.7433e-006	-1.6048e+014	-1.6012e+014	1.6012e+014	5.2500e-015
6.010e+000	5.7446e-006	-1.6083e+014	-1.6048e+014	1.6048e+014	5.2500e-015
6.020e+000	5.7459e-006	-1.6119e+014	-1.6083e+014	1.6083e+014	5.2500e-015
6.030e+000	5.7471e-006	-1.6155e+014	-1.6119e+014	1.6119e+014	5.2500e-015
6.040e+000	5.7484e-006	-1.6191e+014	-1.6155e+014	1.6155e+014	5.2500e-015
6.050e+000	5.7497e-006	-1.6227e+014	-1.6191e+014	1.6191e+014	5.2500e-015
6.060e+000	5.7509e-006	-1.6263e+014	-1.6227e+014	1.6227e+014	5.2500e-015
6.070e+000	5.7522e-006	-1.6299e+014	-1.6263e+014	1.6263e+014	5.2500e-015
6.080e+000	5.7534e-006	-1.6335e+014	-1.6299e+014	1.6299e+014	5.2500e-015
6.090e+000	5.7547e-006	-1.6371e+014	-1.6335e+014	1.6335e+014	5.2500e-015
6.100e+000	5.7559e-006	-1.6406e+014	-1.6371e+014	1.6370e+014	5.2500e-015
6.110e+000	5.7572e-006	-1.6442e+014	-1.6406e+014	1.6406e+014	5.2500e-015
6.120e+000	5.7584e-006	-1.6478e+014	-1.6442e+014	1.6442e+014	5.2500e-015
6.130e+000	5.7597e-006	-1.6514e+014	-1.6478e+014	1.6478e+014	5.2500e-015
6.140e+000	5.7609e-006	-1.6550e+014	-1.6514e+014	1.6514e+014	5.2500e-015
6.150e+000	5.7621e-006	-1.6586e+014	-1.6550e+014	1.6550e+014	5.2500e-015
6.160e+000	5.7634e-006	-1.6622e+014	-1.6586e+014	1.6586e+014	5.2500e-015
6.170e+000	5.7646e-006	-1.6658e+014	-1.6622e+014	1.6622e+014	5.2500e-015
6.180e+000	5.7658e-006	-1.6694e+014	-1.6658e+014	1.6658e+014	5.2500e-015
6.190e+000	5.7670e-006	-1.6730e+014	-1.6694e+014	1.6694e+014	5.2500e-015
6.200e+000	5.7683e-006	-1.6766e+014	-1.6730e+014	1.6730e+014	5.2500e-015
6.210e+000	5.7695e-006	-1.6802e+014	-1.6766e+014	1.6766e+014	5.2500e-015
6.220e+000	5.7707e-006	-1.6838e+014	-1.6802e+014	1.6802e+014	5.2500e-015
6.230e+000	5.7719e-006	-1.6874e+014	-1.6838e+014	1.6838e+014	5.2500e-015
6.240e+000	5.7731e-006	-1.6910e+014	-1.6874e+014	1.6874e+014	5.2500e-015
6.250e+000	5.7743e-006	-1.6946e+014	-1.6910e+014	1.6910e+014	5.2500e-015
6.260e+000	5.7755e-006	-1.6982e+014	-1.6946e+014	1.6946e+014	5.2500e-015
6.270e+000	5.7767e-006	-1.7018e+014	-1.6982e+014	1.6982e+014	5.2500e-015
6.280e+000	5.7779e-006	-1.7054e+014	-1.7018e+014	1.7018e+014	5.2500e-015
6.290e+000	5.7791e-006	-1.7090e+014	-1.7054e+014	1.7054e+014	5.2500e-015
6.300e+000	5.7803e-006	-1.7127e+014	-1.7090e+014	1.7090e+014	5.2500e-015
6.310e+000	5.7815e-006	-1.7163e+014	-1.7127e+014	1.7127e+014	5.2500e-015
6.320e+000	5.7827e-006	-1.7199e+014	-1.7163e+014	1.7163e+014	5.2500e-015
6.330e+000	5.7839e-006	-1.7235e+014	-1.7199e+014	1.7199e+014	5.2500e-015
6.340e+000	5.7850e-006	-1.7271e+014	-1.7235e+014	1.7235e+014	5.2500e-015
6.350e+000	5.7862e-006	-1.7307e+014	-1.7271e+014	1.7271e+014	5.2500e-015
6.360e+000	5.7874e-006	-1.7343e+014	-1.7307e+014	1.7307e+014	5.2500e-015
6.370e+000	5.7886e-006	-1.7379e+014	-1.7343e+014	1.7343e+014	5.2500e-015
6.380e+000	5.7897e-006	-1.7415e+014	-1.7379e+014	1.7379e+014	5.2500e-015
6.390e+000	5.7909e-006	-1.7452e+014	-1.7415e+014	1.7415e+014	5.2500e-015
6.400e+000	5.7921e-006	-1.7488e+014	-1.7452e+014	1.7452e+014	5.2500e-015
6.410e+000	5.7932e-006	-1.7524e+014	-1.7488e+014	1.7488e+014	5.2500e-015
6.420e+000	5.7944e-006	-1.7560e+014	-1.7524e+014	1.7524e+014	5.2500e-015
6.430e+000	5.7956e-006	-1.7596e+014	-1.7560e+014	1.7560e+014	5.2500e-015
6.440e+000	5.7967e-006	-1.7632e+014	-1.7596e+014	1.7596e+014	5.2500e-015
6.450e+000	5.7979e-006	-1.7669e+014	-1.7632e+014	1.7632e+014	5.2500e-015
6.460e+000	5.7990e-006	-1.7705e+014	-1.7669e+014	1.7669e+014	5.2500e-015
6.470e+000	5.8002e-006	-1.7741e+014	-1.7705e+014	1.7705e+014	5.2500e-015
6.480e+000	5.8013e-006	-1.7777e+014	-1.7741e+014	1.7741e+014	5.2500e-015
6.490e+000	5.8025e-006	-1.7813e+014	-1.7777e+014	1.7777e+014	5.2500e-015
6.500e+000	5.8036e-006	-1.7850e+014	-1.7813e+014	1.7813e+014	5.2500e-015
6.510e+000	5.8047e-006	-1.7886e+014	-1.7850e+014	1.7850e+014	5.2500e-015
6.520e+000	5.8059e-006	-1.7922e+014	-1.7886e+014	1.7886e+014	5.2500e-015
6.530e+000	5.8070e-006	-1.7958e+014	-1.7922e+014	1.7922e+014	5.2500e-015
6.540e+000	5.8081e-006	-1.7995e+014	-1.7958e+014	1.7958e+014	5.2500e-015
6.550e+000	5.8093e-006	-1.8031e+014	-1.7995e+014	1.7995e+014	5.2500e-015
6.560e+000	5.8104e-006	-1.8067e+014	-1.8031e+014	1.8031e+014	5.2500e-015
6.570e+000	5.8115e-006	-1.8103e+014	-1.8067e+014	1.8067e+014	5.2500e-015
6.580e+000	5.8126e-006	-1.8140e+014	-1.8103e+014	1.8103e+014	5.2500e-015
6.590e+000	5.8138e-006	-1.8176e+014	-1.8140e+014	1.8140e+014	5.2500e-015
6.600e+000	5.8149e-006	-1.8212e+014	-1.8176e+014	1.8176e+014	5.2500e-015
6.610e+000	5.8160e-006	-1.8249e+014	-1.8212e+014	1.8212e+014	5.2500e-015
6.620e+000	5.8171e-006	-1.8285e+014	-1.8249e+014	1.8249e+014	5.2500e-015
6.630e+000	5.8182e-006	-1.8321e+014	-1.8285e+014	1.8285e+014	5.2500e-015
6.640e+000	5.8193e-006	-1.8358e+014	-1.8321e+014	1.8321e+014	5.2500e-015
6.650e+000	5.8204e-006	-1.8394e+014	-1.8358e+014	1.8358e+014	5.2500e-015
6.660e+000	5.8215e-006	-1.8430e+014	-1.8394e+014	1.8394e+014	5.2500e-015
6.670e+000	5.8226e-006	-1.8467e+014	-1.8430e+014	1.8430e+014	5.2500e-015
6.680e+000	5.8237e-006	-1.8503e+014	-1.8467e+014	1.8467e+014	5.2500e-015
6.690e+000	5.8248e-006	-1.8539e+014	-1.8503e+014	1.8503e+014	5.2500e-015
6.700e+000	5.8259e-006	-1.8576e+014	-1.8539e+014	1.8539e+014	5.2500e-015
6.710e+000	5.8270e-006	-1.8612e+014	-1.8576e+014	1.8576e+014	5.2500e-015
6.720e+000	5.8281e-006	-1.8648e+014	-1.8612e+014	1.8612e+014	5.2500e-015
6.730e+000	5.8292e-006	-1.8685e+014	-1.8648e+014	1.8648e+014	5.2500e-015
6.740e+000	5.8302e-006	-1.8721e+014	-1.8685e+014	1.8685e+014	5.2500e-015
6.750e+000	5.8313e-006	-1.8757e+014	-1.8721e+014	1.8721e+014	5.2500e-015
6.760e+000	5.8324e-006	-1.8794e+014	-1.8757e+014	1.8757e+014	5.2500e-015
6.770e+000	5.8335e-006	-1.8830e+014	-1.8794e+014	1.8794e+014	5.2500e-015
6.780e+000	5.8346e-006	-1.8867e+014	-1.8830e+014	1.8830e+014	5.2500e-015
6.790e+000	5.8356e-006	-1.8903e+014	-1.8867e+014	1.8867e+014	5.2500e-015
6.800e+000	5.8367e-006	-1.8940e+014	-1.8903e+014	1.8903e+014	5.2500e-015
6.810e+000	5.8378e-006	-1.8976e+014	-1.8940e+014	1.8940e+014	5.2500e-015
6.820e+000	5.8388e-006	-1.9012e+014	-1.8976e+014	1.8976e+014	5.2500e-015
6.830e+000	5.8399e-006	-1.9049e+014	-1.9012e+014	1.9012e+014	5.2500e-015
6.840e+000	5.8410e-006	-1.9085e+014	-1.9049e+014	1.9049e+014	5.2500e-015
6.850e+000	5.8420e-006	-1.9122e+014	-1.9085e+014	1.9085e+014	5.2500e-015
6.860e+000	5.8431e-006	-1.9158e+014	-1.9122e+014	1.9122e+014	5.2500e-015
6.870e+000	5.8441e-006	-1.9195e+014	-1.9158e+014	1.9158e+014	5.2500e-015
6.880e+000	5.8452e-006	-1.9231e+014	-1.9195e+014	1.9195e+014	5.2500e-015
6.890e+000	5.8462e-006	-1.9268e+014	-1.9231e+014	1.9231e+014	5.2500e-015
6.900e+000	5.8473e-006	-1.9304e+014	-1.9268e+014	1.9268e+014	5.2500e-015
6.910e+000	5.8483e-006	-1.9341e+014	-1.9304e+014	1.9304e+014	5.2500e-015
6.920e+000	5.8494e-006	-1.9377e+014	-1.9341e+014	1.9341e+014	5.2500e-015
6.930e+000	5.8504e-006	-1.9414e+014	-1.9377e+014	1.9377e+014	5.2500e-015
6.940e+000	5.8514e-006	-1.9450e+014	-1.9414e+014	1.9414e+014	5.2500e-015
6.950e+000	5.8525e-006	-1.9487e+014	-1.9450e+014	1.9450e+014	5.2500e-015
6.960e+000	5.8535e-006	-1.9523e+014	-1.9487e+014	1.9487e+014	5.2500e-015
6.970e+000	5.8545e-006	-1.9560e+014	-1.9523e+014	1.9523e+014	5.2500e-015
6.980e+000	5.8556e-006	-1.9596e+014	-1.9560e+014	1.9560e+014	5.2500e-015
6.990e+000	5.8566e-006	-1.9633e+014	-1.9596e+014	1.9596e+014	5.2500e-015
7.000e+000	5.8576e-006	-1.9670e+014	-1.9633e+014	1.9633e+014	5.2500e-015
