V	C (Fcm-2)	Initcharge (cm-2)	Finalcharge (cm-2)	ns Total (cm-2)	ps Total (cm-2)
-7.000e+000	4.8003e-017	-9.3447e+000	-6.3486e+000	6.3476e+000	5.2500e-015
-6.990e+000	4.8003e-017	-9.3447e+000	-6.3486e+000	6.3476e+000	5.2500e-015
-6.980e+000	4.8003e-017	-9.3447e+000	-6.3486e+000	6.3476e+000	5.2500e-015
-6.970e+000	4.8003e-017	-9.3447e+000	-6.3486e+000	6.3476e+000	5.2500e-015
-6.960e+000	4.8003e-017	-9.3447e+000	-6.3486e+000	6.3476e+000	5.2500e-015
-6.950e+000	4.8003e-017	-9.3447e+000	-6.3486e+000	6.3476e+000	5.2500e-015
-6.940e+000	4.8003e-017	-9.3447e+000	-6.3486e+000	6.3476e+000	5.2500e-015
-6.930e+000	4.8003e-017	-9.3447e+000	-6.3486e+000	6.3476e+000	5.2500e-015
-6.920e+000	4.8003e-017	-9.3447e+000	-6.3486e+000	6.3476e+000	5.2500e-015
-6.910e+000	4.8003e-017	-9.3447e+000	-6.3486e+000	6.3476e+000	5.2500e-015
-6.900e+000	4.8003e-017	-9.3447e+000	-6.3486e+000	6.3476e+000	5.2500e-015
-6.890e+000	4.8003e-017	-9.3447e+000	-6.3486e+000	6.3476e+000	5.2500e-015
-6.880e+000	4.8003e-017	-9.3447e+000	-6.3486e+000	6.3476e+000	5.2500e-015
-6.870e+000	4.8003e-017	-9.3447e+000	-6.3486e+000	6.3476e+000	5.2500e-015
-6.860e+000	4.8003e-017	-9.3447e+000	-6.3486e+000	6.3476e+000	5.2500e-015
-6.850e+000	4.8003e-017	-9.3447e+000	-6.3486e+000	6.3476e+000	5.2500e-015
-6.840e+000	4.8003e-017	-9.3447e+000	-6.3486e+000	6.3476e+000	5.2500e-015
-6.830e+000	4.8003e-017	-9.3447e+000	-6.3486e+000	6.3476e+000	5.2500e-015
-6.820e+000	4.8003e-017	-9.3447e+000	-6.3486e+000	6.3476e+000	5.2500e-015
-6.810e+000	4.8003e-017	-9.3447e+000	-6.3486e+000	6.3476e+000	5.2500e-015
-6.800e+000	4.8003e-017	-9.3447e+000	-6.3486e+000	6.3476e+000	5.2500e-015
-6.790e+000	4.8003e-017	-9.3447e+000	-6.3486e+000	6.3476e+000	5.2500e-015
-6.780e+000	4.8003e-017	-9.3447e+000	-6.3486e+000	6.3476e+000	5.2500e-015
-6.770e+000	4.8003e-017	-9.3447e+000	-6.3486e+000	6.3476e+000	5.2500e-015
-6.760e+000	4.8003e-017	-9.3447e+000	-6.3486e+000	6.3476e+000	5.2500e-015
-6.750e+000	4.8003e-017	-9.3447e+000	-6.3486e+000	6.3476e+000	5.2500e-015
-6.740e+000	4.8003e-017	-9.3447e+000	-6.3486e+000	6.3476e+000	5.2500e-015
-6.730e+000	4.8003e-017	-9.3447e+000	-6.3486e+000	6.3476e+000	5.2500e-015
-6.720e+000	4.8003e-017	-9.3447e+000	-6.3486e+000	6.3476e+000	5.2500e-015
-6.710e+000	4.8003e-017	-9.3447e+000	-6.3486e+000	6.3476e+000	5.2500e-015
-6.700e+000	4.8003e-017	-9.3447e+000	-6.3486e+000	6.3476e+000	5.2500e-015
-6.690e+000	4.8003e-017	-9.3447e+000	-6.3486e+000	6.3476e+000	5.2500e-015
-6.680e+000	4.8003e-017	-9.3447e+000	-6.3486e+000	6.3476e+000	5.2500e-015
-6.670e+000	4.8003e-017	-9.3447e+000	-6.3486e+000	6.3476e+000	5.2500e-015
-6.660e+000	4.8003e-017	-9.3447e+000	-6.3486e+000	6.3476e+000	5.2500e-015
-6.650e+000	4.8003e-017	-9.3447e+000	-6.3486e+000	6.3476e+000	5.2500e-015
-6.640e+000	4.8003e-017	-9.3447e+000	-6.3486e+000	6.3476e+000	5.2500e-015
-6.630e+000	4.8003e-017	-9.3447e+000	-6.3486e+000	6.3476e+000	5.2500e-015
-6.620e+000	4.8003e-017	-9.3447e+000	-6.3486e+000	6.3476e+000	5.2500e-015
-6.610e+000	4.8003e-017	-9.3447e+000	-6.3486e+000	6.3476e+000	5.2500e-015
-6.600e+000	4.8003e-017	-9.3447e+000	-6.3486e+000	6.3476e+000	5.2500e-015
-6.590e+000	4.8003e-017	-9.3447e+000	-6.3486e+000	6.3476e+000	5.2500e-015
-6.580e+000	4.8003e-017	-9.3447e+000	-6.3486e+000	6.3476e+000	5.2500e-015
-6.570e+000	4.8003e-017	-9.3447e+000	-6.3486e+000	6.3476e+000	5.2500e-015
-6.560e+000	4.8003e-017	-9.3447e+000	-6.3486e+000	6.3476e+000	5.2500e-015
-6.550e+000	4.8003e-017	-9.3447e+000	-6.3486e+000	6.3476e+000	5.2500e-015
-6.540e+000	4.8003e-017	-9.3447e+000	-6.3486e+000	6.3476e+000	5.2500e-015
-6.530e+000	4.8003e-017	-9.3447e+000	-6.3486e+000	6.3476e+000	5.2500e-015
-6.520e+000	4.8003e-017	-9.3447e+000	-6.3486e+000	6.3476e+000	5.2500e-015
-6.510e+000	4.8003e-017	-9.3447e+000	-6.3486e+000	6.3476e+000	5.2500e-015
-6.500e+000	4.8003e-017	-9.3447e+000	-6.3486e+000	6.3476e+000	5.2500e-015
-6.490e+000	4.8003e-017	-9.3447e+000	-6.3486e+000	6.3476e+000	5.2500e-015
-6.480e+000	4.8003e-017	-9.3447e+000	-6.3486e+000	6.3476e+000	5.2500e-015
-6.470e+000	4.8003e-017	-9.3447e+000	-6.3486e+000	6.3476e+000	5.2500e-015
-6.460e+000	4.8003e-017	-9.3447e+000	-6.3486e+000	6.3476e+000	5.2500e-015
-6.450e+000	4.8003e-017	-9.3447e+000	-6.3486e+000	6.3476e+000	5.2500e-015
-6.440e+000	4.8003e-017	-9.3447e+000	-6.3486e+000	6.3476e+000	5.2500e-015
-6.430e+000	4.8003e-017	-9.3447e+000	-6.3486e+000	6.3476e+000	5.2500e-015
-6.420e+000	4.8003e-017	-9.3447e+000	-6.3486e+000	6.3476e+000	5.2500e-015
-6.410e+000	4.8003e-017	-9.3447e+000	-6.3486e+000	6.3476e+000	5.2500e-015
-6.400e+000	4.8003e-017	-9.3447e+000	-6.3486e+000	6.3476e+000	5.2500e-015
-6.390e+000	4.8003e-017	-9.3447e+000	-6.3486e+000	6.3476e+000	5.2500e-015
-6.380e+000	4.8003e-017	-9.3447e+000	-6.3486e+000	6.3476e+000	5.2500e-015
-6.370e+000	4.8003e-017	-9.3447e+000	-6.3486e+000	6.3476e+000	5.2500e-015
-6.360e+000	4.8003e-017	-9.3447e+000	-6.3486e+000	6.3476e+000	5.2500e-015
-6.350e+000	4.8003e-017	-9.3447e+000	-6.3486e+000	6.3476e+000	5.2500e-015
-6.340e+000	4.8003e-017	-9.3447e+000	-6.3486e+000	6.3476e+000	5.2500e-015
-6.330e+000	4.8003e-017	-9.3447e+000	-6.3486e+000	6.3476e+000	5.2500e-015
-6.320e+000	4.8003e-017	-9.3447e+000	-6.3486e+000	6.3476e+000	5.2500e-015
-6.310e+000	4.8003e-017	-9.3447e+000	-6.3486e+000	6.3476e+000	5.2500e-015
-6.300e+000	4.8003e-017	-9.3447e+000	-6.3486e+000	6.3476e+000	5.2500e-015
-6.290e+000	4.8003e-017	-9.3447e+000	-6.3486e+000	6.3476e+000	5.2500e-015
-6.280e+000	4.8003e-017	-9.3447e+000	-6.3486e+000	6.3476e+000	5.2500e-015
-6.270e+000	4.8003e-017	-9.3447e+000	-6.3486e+000	6.3476e+000	5.2500e-015
-6.260e+000	4.8003e-017	-9.3447e+000	-6.3486e+000	6.3476e+000	5.2500e-015
-6.250e+000	4.8003e-017	-9.3447e+000	-6.3486e+000	6.3476e+000	5.2500e-015
-6.240e+000	4.8003e-017	-9.3447e+000	-6.3486e+000	6.3476e+000	5.2500e-015
-6.230e+000	4.8003e-017	-9.3447e+000	-6.3486e+000	6.3476e+000	5.2500e-015
-6.220e+000	4.8003e-017	-9.3447e+000	-6.3486e+000	6.3476e+000	5.2500e-015
-6.210e+000	4.8003e-017	-9.3447e+000	-6.3486e+000	6.3476e+000	5.2500e-015
-6.200e+000	4.8003e-017	-9.3447e+000	-6.3486e+000	6.3476e+000	5.2500e-015
-6.190e+000	4.8003e-017	-9.3447e+000	-6.3486e+000	6.3476e+000	5.2500e-015
-6.180e+000	4.8003e-017	-9.3447e+000	-6.3486e+000	6.3476e+000	5.2500e-015
-6.170e+000	4.8003e-017	-9.3447e+000	-6.3486e+000	6.3476e+000	5.2500e-015
-6.160e+000	4.8003e-017	-9.3447e+000	-6.3486e+000	6.3476e+000	5.2500e-015
-6.150e+000	4.8003e-017	-9.3447e+000	-6.3486e+000	6.3476e+000	5.2500e-015
-6.140e+000	4.8003e-017	-9.3447e+000	-6.3486e+000	6.3476e+000	5.2500e-015
-6.130e+000	4.8003e-017	-9.3447e+000	-6.3486e+000	6.3476e+000	5.2500e-015
-6.120e+000	4.8003e-017	-9.3447e+000	-6.3486e+000	6.3476e+000	5.2500e-015
-6.110e+000	4.8003e-017	-9.3447e+000	-6.3486e+000	6.3476e+000	5.2500e-015
-6.100e+000	4.8003e-017	-9.3447e+000	-6.3486e+000	6.3476e+000	5.2500e-015
-6.090e+000	4.8003e-017	-9.3447e+000	-6.3486e+000	6.3476e+000	5.2500e-015
-6.080e+000	4.8003e-017	-9.3447e+000	-6.3486e+000	6.3476e+000	5.2500e-015
-6.070e+000	4.8003e-017	-9.3447e+000	-6.3486e+000	6.3476e+000	5.2500e-015
-6.060e+000	4.8003e-017	-9.3447e+000	-6.3486e+000	6.3476e+000	5.2500e-015
-6.050e+000	4.8003e-017	-9.3447e+000	-6.3486e+000	6.3476e+000	5.2500e-015
-6.040e+000	4.8003e-017	-9.3447e+000	-6.3486e+000	6.3476e+000	5.2500e-015
-6.030e+000	4.8003e-017	-9.3447e+000	-6.3486e+000	6.3476e+000	5.2500e-015
-6.020e+000	4.8003e-017	-9.3447e+000	-6.3486e+000	6.3476e+000	5.2500e-015
-6.010e+000	4.8003e-017	-9.3447e+000	-6.3486e+000	6.3476e+000	5.2500e-015
-6.000e+000	4.8003e-017	-9.3447e+000	-6.3486e+000	6.3476e+000	5.2500e-015
-5.990e+000	4.8003e-017	-9.3447e+000	-6.3486e+000	6.3476e+000	5.2500e-015
-5.980e+000	4.8003e-017	-9.3447e+000	-6.3486e+000	6.3476e+000	5.2500e-015
-5.970e+000	4.8003e-017	-9.3447e+000	-6.3486e+000	6.3476e+000	5.2500e-015
-5.960e+000	4.8003e-017	-9.3447e+000	-6.3486e+000	6.3476e+000	5.2500e-015
-5.950e+000	4.8003e-017	-9.3447e+000	-6.3486e+000	6.3476e+000	5.2500e-015
-5.940e+000	4.8003e-017	-9.3447e+000	-6.3486e+000	6.3476e+000	5.2500e-015
-5.930e+000	4.8003e-017	-9.3447e+000	-6.3486e+000	6.3476e+000	5.2500e-015
-5.920e+000	4.8003e-017	-9.3447e+000	-6.3486e+000	6.3476e+000	5.2500e-015
-5.910e+000	4.8003e-017	-9.3447e+000	-6.3486e+000	6.3476e+000	5.2500e-015
-5.900e+000	4.8003e-017	-9.3447e+000	-6.3486e+000	6.3476e+000	5.2500e-015
-5.890e+000	4.8003e-017	-9.3448e+000	-6.3487e+000	6.3476e+000	5.2500e-015
-5.880e+000	4.8003e-017	-9.3448e+000	-6.3487e+000	6.3476e+000	5.2500e-015
-5.870e+000	4.8003e-017	-9.3448e+000	-6.3487e+000	6.3476e+000	5.2500e-015
-5.860e+000	4.8003e-017	-9.3448e+000	-6.3487e+000	6.3476e+000	5.2500e-015
-5.850e+000	4.8004e-017	-9.3449e+000	-6.3487e+000	6.3477e+000	5.2500e-015
-5.840e+000	4.8004e-017	-9.3449e+000	-6.3488e+000	6.3477e+000	5.2500e-015
-5.830e+000	4.8004e-017	-9.3451e+000	-6.3489e+000	6.3478e+000	5.2500e-015
-5.820e+000	4.8005e-017	-9.3452e+000	-6.3490e+000	6.3479e+000	5.2500e-015
-5.810e+000	4.8006e-017	-9.3454e+000	-6.3491e+000	6.3481e+000	5.2500e-015
-5.800e+000	4.8008e-017	-9.3458e+000	-6.3493e+000	6.3483e+000	5.2500e-015
-5.790e+000	4.8011e-017	-9.3463e+000	-6.3497e+000	6.3486e+000	5.2500e-015
-5.780e+000	4.8014e-017	-9.3470e+000	-6.3502e+000	6.3491e+000	5.2500e-015
-5.770e+000	4.8020e-017	-9.3481e+000	-6.3509e+000	6.3498e+000	5.2500e-015
-5.760e+000	4.8028e-017	-9.3496e+000	-6.3520e+000	6.3509e+000	5.2500e-015
-5.750e+000	4.8040e-017	-9.3520e+000	-6.3535e+000	6.3525e+000	5.2500e-015
-5.740e+000	4.8057e-017	-9.3554e+000	-6.3559e+000	6.3548e+000	5.2500e-015
-5.730e+000	4.8083e-017	-9.3604e+000	-6.3593e+000	6.3582e+000	5.2500e-015
-5.720e+000	4.8121e-017	-9.3678e+000	-6.3643e+000	6.3632e+000	5.2500e-015
-5.710e+000	4.8177e-017	-9.3787e+000	-6.3717e+000	6.3706e+000	5.2500e-015
-5.700e+000	4.8260e-017	-9.3947e+000	-6.3826e+000	6.3815e+000	5.2500e-015
-5.690e+000	4.8381e-017	-9.4183e+000	-6.3986e+000	6.3976e+000	5.2500e-015
-5.680e+000	4.8560e-017	-9.4531e+000	-6.4222e+000	6.4212e+000	5.2500e-015
-5.670e+000	4.8823e-017	-9.5043e+000	-6.4570e+000	6.4559e+000	5.2500e-015
-5.660e+000	4.9210e-017	-9.5796e+000	-6.5082e+000	6.5071e+000	5.2500e-015
-5.650e+000	4.9780e-017	-9.6905e+000	-6.5835e+000	6.5825e+000	5.2500e-015
-5.640e+000	5.0635e-017	-9.8548e+000	-6.6944e+000	6.6934e+000	5.2500e-015
-5.630e+000	5.1855e-017	-1.0095e+001	-6.8587e+000	6.8567e+000	5.2500e-015
-5.620e+000	5.3675e-017	-1.0449e+001	-7.0992e+000	7.0972e+000	5.2500e-015
-5.610e+000	5.6416e-017	-1.0974e+001	-7.4532e+000	7.4512e+000	5.2500e-015
-5.600e+000	6.0329e-017	-1.1744e+001	-7.9783e+000	7.9724e+000	5.2500e-015
-5.590e+000	6.6167e-017	-1.2877e+001	-8.7476e+000	8.7398e+000	5.2500e-015
-5.580e+000	7.4716e-017	-1.4545e+001	-9.8813e+000	9.8695e+000	5.2500e-015
-5.570e+000	8.7349e-017	-1.7001e+001	-1.1549e+001	1.1533e+001	5.2500e-015
-5.560e+000	1.0597e-016	-2.0619e+001	-1.4004e+001	1.3982e+001	5.2500e-015
-5.550e+000	1.3330e-016	-2.5943e+001	-1.7623e+001	1.7588e+001	5.2500e-015
-5.540e+000	1.7360e-016	-3.3782e+001	-2.2947e+001	2.2896e+001	5.2500e-015
-5.530e+000	2.3293e-016	-4.5324e+001	-3.0786e+001	3.0712e+001	5.2500e-015
-5.520e+000	3.2025e-016	-6.2316e+001	-4.2328e+001	4.2218e+001	5.2500e-015
-5.510e+000	4.4882e-016	-8.7333e+001	-5.9320e+001	5.9160e+001	5.2500e-015
-5.500e+000	6.3813e-016	-1.2417e+002	-8.4337e+001	8.4102e+001	5.2500e-015
-5.490e+000	9.1684e-016	-1.7839e+002	-1.2117e+002	1.2082e+002	5.2500e-015
-5.480e+000	1.3272e-015	-2.5823e+002	-1.7540e+002	1.7489e+002	5.2500e-015
-5.470e+000	1.9313e-015	-3.7578e+002	-2.5524e+002	2.5449e+002	5.2500e-015
-5.460e+000	2.8208e-015	-5.4885e+002	-3.7278e+002	3.7169e+002	5.2500e-015
-5.450e+000	4.1304e-015	-8.0365e+002	-5.4585e+002	5.4423e+002	5.2500e-015
-5.440e+000	6.0584e-015	-1.1788e+003	-8.0065e+002	7.9827e+002	5.2500e-015
-5.430e+000	8.8970e-015	-1.7311e+003	-1.1758e+003	1.1723e+003	5.2500e-015
-5.420e+000	1.3076e-014	-2.5443e+003	-1.7281e+003	1.7229e+003	5.2500e-015
-5.410e+000	1.9229e-014	-3.7415e+003	-2.5413e+003	2.5337e+003	5.2500e-015
-5.400e+000	2.8289e-014	-5.5041e+003	-3.7385e+003	3.7273e+003	5.2500e-015
-5.390e+000	4.1626e-014	-8.0992e+003	-5.5011e+003	5.4846e+003	5.2500e-015
-5.380e+000	6.1263e-014	-1.1920e+004	-8.0962e+003	8.0720e+003	5.2500e-015
-5.370e+000	9.0174e-014	-1.7545e+004	-1.1917e+004	1.1881e+004	5.2500e-015
-5.360e+000	1.3274e-013	-2.5827e+004	-1.7542e+004	1.7490e+004	5.2500e-015
-5.350e+000	1.9541e-013	-3.8020e+004	-2.5824e+004	2.5747e+004	5.2500e-015
-5.340e+000	2.8767e-013	-5.5972e+004	-3.8017e+004	3.7904e+004	5.2500e-015
-5.330e+000	4.2351e-013	-8.2403e+004	-5.5969e+004	5.5802e+004	5.2500e-015
-5.320e+000	6.2350e-013	-1.2132e+005	-8.2400e+004	8.2153e+004	5.2500e-015
-5.310e+000	9.1794e-013	-1.7861e+005	-1.2131e+005	1.2095e+005	5.2500e-015
-5.300e+000	1.3514e-012	-2.6295e+005	-1.7860e+005	1.7807e+005	5.2500e-015
-5.290e+000	1.9896e-012	-3.8713e+005	-2.6295e+005	2.6216e+005	5.2500e-015
-5.280e+000	2.9291e-012	-5.6994e+005	-3.8712e+005	3.8597e+005	5.2500e-015
-5.270e+000	4.3122e-012	-8.3909e+005	-5.6994e+005	5.6824e+005	5.2500e-015
-5.260e+000	6.3481e-012	-1.2353e+006	-8.3908e+005	8.3657e+005	5.2500e-015
-5.250e+000	9.3450e-012	-1.8186e+006	-1.2353e+006	1.2316e+006	5.2500e-015
-5.240e+000	1.3756e-011	-2.6771e+006	-1.8186e+006	1.8131e+006	5.2500e-015
-5.230e+000	2.0246e-011	-3.9408e+006	-2.6771e+006	2.6691e+006	5.2500e-015
-5.220e+000	2.9795e-011	-5.8004e+006	-3.9408e+006	3.9290e+006	5.2500e-015
-5.210e+000	4.3838e-011	-8.5366e+006	-5.8004e+006	5.7831e+006	5.2500e-015
-5.200e+000	6.4480e-011	-1.2561e+007	-8.5366e+006	8.5110e+006	5.2500e-015
-5.190e+000	9.4800e-011	-1.8478e+007	-1.2561e+007	1.2524e+007	5.2500e-015
-5.180e+000	1.3928e-010	-2.7171e+007	-1.8478e+007	1.8423e+007	5.2500e-015
-5.170e+000	2.0445e-010	-3.9932e+007	-2.7171e+007	2.7090e+007	5.2500e-015
-5.160e+000	2.9967e-010	-5.8636e+007	-3.9932e+007	3.9813e+007	5.2500e-015
-5.150e+000	4.3835e-010	-8.5995e+007	-5.8636e+007	5.8461e+007	5.2500e-015
-5.140e+000	6.3933e-010	-1.2590e+008	-8.5995e+007	8.5739e+007	5.2500e-015
-5.130e+000	9.2856e-010	-1.8386e+008	-1.2590e+008	1.2553e+008	5.2500e-015
-5.120e+000	1.3407e-009	-2.6754e+008	-1.8386e+008	1.8331e+008	5.2500e-015
-5.110e+000	1.9201e-009	-3.8738e+008	-2.6754e+008	2.6675e+008	5.2500e-015
-5.100e+000	2.7199e-009	-5.5714e+008	-3.8738e+008	3.8624e+008	5.2500e-015
-5.090e+000	3.7985e-009	-7.9422e+008	-5.5714e+008	5.5552e+008	5.2500e-015
-5.080e+000	5.2120e-009	-1.1195e+009	-7.9422e+008	7.9195e+008	5.2500e-015
-5.070e+000	7.0049e-009	-1.5567e+009	-1.1195e+009	1.1164e+009	5.2500e-015
-5.060e+000	9.2014e-009	-2.1310e+009	-1.5567e+009	1.5525e+009	5.2500e-015
-5.050e+000	1.1805e-008	-2.8679e+009	-2.1310e+009	2.1254e+009	5.2500e-015
-5.040e+000	1.4806e-008	-3.7920e+009	-2.8679e+009	2.8606e+009	5.2500e-015
-5.030e+000	1.8195e-008	-4.9276e+009	-3.7920e+009	3.7828e+009	5.2500e-015
-5.020e+000	2.1974e-008	-6.2991e+009	-4.9276e+009	4.9164e+009	5.2500e-015
-5.010e+000	2.6161e-008	-7.9319e+009	-6.2991e+009	6.2857e+009	5.2500e-015
-5.000e+000	3.0790e-008	-9.8537e+009	-7.9319e+009	7.9163e+009	5.2500e-015
-4.990e+000	3.5901e-008	-1.2094e+010	-9.8537e+009	9.8358e+009	5.2500e-015
-4.980e+000	4.1533e-008	-1.4687e+010	-1.2094e+010	1.2074e+010	5.2500e-015
-4.970e+000	4.7713e-008	-1.7665e+010	-1.4687e+010	1.4665e+010	5.2500e-015
-4.960e+000	5.4451e-008	-2.1063e+010	-1.7665e+010	1.7641e+010	5.2500e-015
-4.950e+000	6.1734e-008	-2.4916e+010	-2.1063e+010	2.1038e+010	5.2500e-015
-4.940e+000	6.9526e-008	-2.9256e+010	-2.4916e+010	2.4889e+010	5.2500e-015
-4.930e+000	7.7766e-008	-3.4110e+010	-2.9256e+010	2.9227e+010	5.2500e-015
-4.920e+000	8.6373e-008	-3.9500e+010	-3.4110e+010	3.4080e+010	5.2500e-015
-4.910e+000	9.5251e-008	-4.5446e+010	-3.9500e+010	3.9469e+010	5.2500e-015
-4.900e+000	1.0430e-007	-5.1955e+010	-4.5446e+010	4.5414e+010	5.2500e-015
-4.890e+000	1.1341e-007	-5.9034e+010	-5.1955e+010	5.1922e+010	5.2500e-015
-4.880e+000	1.2248e-007	-6.6678e+010	-5.9034e+010	5.9000e+010	5.2500e-015
-4.870e+000	1.3142e-007	-7.4881e+010	-6.6678e+010	6.6644e+010	5.2500e-015
-4.860e+000	1.4016e-007	-8.3629e+010	-7.4881e+010	7.4846e+010	5.2500e-015
-4.850e+000	1.4862e-007	-9.2905e+010	-8.3629e+010	8.3593e+010	5.2500e-015
-4.840e+000	1.5677e-007	-1.0269e+011	-9.2905e+010	9.2869e+010	5.2500e-015
-4.830e+000	1.6413e-007	-1.1293e+011	-1.0269e+011	1.0265e+011	5.2500e-015
-4.820e+000	1.7145e-007	-1.2364e+011	-1.1293e+011	1.1290e+011	5.2500e-015
-4.810e+000	1.7840e-007	-1.3477e+011	-1.2364e+011	1.2360e+011	5.2500e-015
-4.800e+000	1.8510e-007	-1.4632e+011	-1.3477e+011	1.3473e+011	5.2500e-015
-4.790e+000	1.9116e-007	-1.5825e+011	-1.4632e+011	1.4629e+011	5.2500e-015
-4.780e+000	1.9708e-007	-1.7055e+011	-1.5825e+011	1.5822e+011	5.2500e-015
-4.770e+000	2.0252e-007	-1.8320e+011	-1.7055e+011	1.7052e+011	5.2500e-015
-4.760e+000	2.0762e-007	-1.9615e+011	-1.8320e+011	1.8316e+011	5.2500e-015
-4.750e+000	2.1240e-007	-2.0941e+011	-1.9615e+011	1.9612e+011	5.2500e-015
-4.740e+000	2.1687e-007	-2.2295e+011	-2.0941e+011	2.0937e+011	5.2500e-015
-4.730e+000	2.2111e-007	-2.3675e+011	-2.2295e+011	2.2291e+011	5.2500e-015
-4.720e+000	2.2496e-007	-2.5079e+011	-2.3675e+011	2.3671e+011	5.2500e-015
-4.710e+000	2.2862e-007	-2.6506e+011	-2.5079e+011	2.5075e+011	5.2500e-015
-4.700e+000	2.3209e-007	-2.7954e+011	-2.6506e+011	2.6502e+011	5.2500e-015
-4.690e+000	2.3526e-007	-2.9423e+011	-2.7954e+011	2.7950e+011	5.2500e-015
-4.680e+000	2.3830e-007	-3.0910e+011	-2.9423e+011	2.9419e+011	5.2500e-015
-4.670e+000	2.4108e-007	-3.2415e+011	-3.0910e+011	3.0906e+011	5.2500e-015
-4.660e+000	2.4376e-007	-3.3936e+011	-3.2415e+011	3.2411e+011	5.2500e-015
-4.650e+000	2.4624e-007	-3.5473e+011	-3.3936e+011	3.3932e+011	5.2500e-015
-4.640e+000	2.4855e-007	-3.7024e+011	-3.5473e+011	3.5469e+011	5.2500e-015
-4.630e+000	2.5077e-007	-3.8590e+011	-3.7024e+011	3.7021e+011	5.2500e-015
-4.620e+000	2.5284e-007	-4.0168e+011	-3.8590e+011	3.8586e+011	5.2500e-015
-4.610e+000	2.5476e-007	-4.1758e+011	-4.0168e+011	4.0164e+011	5.2500e-015
-4.600e+000	2.5662e-007	-4.3360e+011	-4.1758e+011	4.1754e+011	5.2500e-015
-4.590e+000	2.5835e-007	-4.4972e+011	-4.3360e+011	4.3356e+011	5.2500e-015
-4.580e+000	2.5999e-007	-4.6595e+011	-4.4972e+011	4.4968e+011	5.2500e-015
-4.570e+000	2.6154e-007	-4.8227e+011	-4.6595e+011	4.6591e+011	5.2500e-015
-4.560e+000	2.6299e-007	-4.9869e+011	-4.8227e+011	4.8223e+011	5.2500e-015
-4.550e+000	2.6439e-007	-5.1519e+011	-4.9869e+011	4.9865e+011	5.2500e-015
-4.540e+000	2.6571e-007	-5.3177e+011	-5.1519e+011	5.1515e+011	5.2500e-015
-4.530e+000	2.6696e-007	-5.4843e+011	-5.3177e+011	5.3173e+011	5.2500e-015
-4.520e+000	2.6814e-007	-5.6517e+011	-5.4843e+011	5.4840e+011	5.2500e-015
-4.510e+000	2.6927e-007	-5.8198e+011	-5.6517e+011	5.6513e+011	5.2500e-015
-4.500e+000	2.7033e-007	-5.9885e+011	-5.8198e+011	5.8194e+011	5.2500e-015
-4.490e+000	2.7136e-007	-6.1579e+011	-5.9885e+011	5.9881e+011	5.2500e-015
-4.480e+000	2.7233e-007	-6.3278e+011	-6.1579e+011	6.1575e+011	5.2500e-015
-4.470e+000	2.7326e-007	-6.4984e+011	-6.3278e+011	6.3275e+011	5.2500e-015
-4.460e+000	2.7414e-007	-6.6695e+011	-6.4984e+011	6.4980e+011	5.2500e-015
-4.450e+000	2.7498e-007	-6.8411e+011	-6.6695e+011	6.6691e+011	5.2500e-015
-4.440e+000	2.7579e-007	-7.0133e+011	-6.8411e+011	6.8407e+011	5.2500e-015
-4.430e+000	2.7656e-007	-7.1859e+011	-7.0133e+011	7.0129e+011	5.2500e-015
-4.420e+000	2.7729e-007	-7.3590e+011	-7.1859e+011	7.1855e+011	5.2500e-015
-4.410e+000	2.7800e-007	-7.5325e+011	-7.3590e+011	7.3586e+011	5.2500e-015
-4.400e+000	2.7868e-007	-7.7064e+011	-7.5325e+011	7.5321e+011	5.2500e-015
-4.390e+000	2.7932e-007	-7.8807e+011	-7.7064e+011	7.7060e+011	5.2500e-015
-4.380e+000	2.7994e-007	-8.0555e+011	-7.8807e+011	7.8804e+011	5.2500e-015
-4.370e+000	2.8054e-007	-8.2306e+011	-8.0555e+011	8.0551e+011	5.2500e-015
-4.360e+000	2.8111e-007	-8.4060e+011	-8.2306e+011	8.2302e+011	5.2500e-015
-4.350e+000	2.8166e-007	-8.5818e+011	-8.4060e+011	8.4056e+011	5.2500e-015
-4.340e+000	2.8219e-007	-8.7580e+011	-8.5818e+011	8.5814e+011	5.2500e-015
-4.330e+000	2.8270e-007	-8.9344e+011	-8.7580e+011	8.7576e+011	5.2500e-015
-4.320e+000	2.8318e-007	-9.1111e+011	-8.9344e+011	8.9340e+011	5.2500e-015
-4.310e+000	2.8365e-007	-9.2882e+011	-9.1111e+011	9.1107e+011	5.2500e-015
-4.300e+000	2.8410e-007	-9.4655e+011	-9.2882e+011	9.2878e+011	5.2500e-015
-4.290e+000	2.8454e-007	-9.6431e+011	-9.4655e+011	9.4651e+011	5.2500e-015
-4.280e+000	2.8497e-007	-9.8210e+011	-9.6431e+011	9.6427e+011	5.2500e-015
-4.270e+000	2.8537e-007	-9.9991e+011	-9.8210e+011	9.8206e+011	5.2500e-015
-4.260e+000	2.8576e-007	-1.0177e+012	-9.9991e+011	9.9987e+011	5.2500e-015
-4.250e+000	2.8614e-007	-1.0356e+012	-1.0177e+012	1.0177e+012	5.2500e-015
-4.240e+000	2.8651e-007	-1.0535e+012	-1.0356e+012	1.0356e+012	5.2500e-015
-4.230e+000	2.8686e-007	-1.0714e+012	-1.0535e+012	1.0534e+012	5.2500e-015
-4.220e+000	2.8721e-007	-1.0893e+012	-1.0714e+012	1.0714e+012	5.2500e-015
-4.210e+000	2.8754e-007	-1.1073e+012	-1.0893e+012	1.0893e+012	5.2500e-015
-4.200e+000	2.8786e-007	-1.1252e+012	-1.1073e+012	1.1072e+012	5.2500e-015
-4.190e+000	2.8817e-007	-1.1432e+012	-1.1252e+012	1.1252e+012	5.2500e-015
-4.180e+000	2.8847e-007	-1.1612e+012	-1.1432e+012	1.1432e+012	5.2500e-015
-4.170e+000	2.8876e-007	-1.1792e+012	-1.1612e+012	1.1612e+012	5.2500e-015
-4.160e+000	2.8904e-007	-1.1973e+012	-1.1792e+012	1.1792e+012	5.2500e-015
-4.150e+000	2.8932e-007	-1.2153e+012	-1.1973e+012	1.1972e+012	5.2500e-015
-4.140e+000	2.8958e-007	-1.2334e+012	-1.2153e+012	1.2153e+012	5.2500e-015
-4.130e+000	2.8984e-007	-1.2515e+012	-1.2334e+012	1.2334e+012	5.2500e-015
-4.120e+000	2.9009e-007	-1.2696e+012	-1.2515e+012	1.2515e+012	5.2500e-015
-4.110e+000	2.9033e-007	-1.2877e+012	-1.2696e+012	1.2696e+012	5.2500e-015
-4.100e+000	2.9057e-007	-1.3059e+012	-1.2877e+012	1.2877e+012	5.2500e-015
-4.090e+000	2.9080e-007	-1.3240e+012	-1.3059e+012	1.3058e+012	5.2500e-015
-4.080e+000	2.9102e-007	-1.3422e+012	-1.3240e+012	1.3240e+012	5.2500e-015
-4.070e+000	2.9124e-007	-1.3604e+012	-1.3422e+012	1.3421e+012	5.2500e-015
-4.060e+000	2.9145e-007	-1.3786e+012	-1.3604e+012	1.3603e+012	5.2500e-015
-4.050e+000	2.9166e-007	-1.3968e+012	-1.3786e+012	1.3785e+012	5.2500e-015
-4.040e+000	2.9186e-007	-1.4150e+012	-1.3968e+012	1.3967e+012	5.2500e-015
-4.030e+000	2.9206e-007	-1.4332e+012	-1.4150e+012	1.4149e+012	5.2500e-015
-4.020e+000	2.9225e-007	-1.4514e+012	-1.4332e+012	1.4332e+012	5.2500e-015
-4.010e+000	2.9243e-007	-1.4697e+012	-1.4514e+012	1.4514e+012	5.2500e-015
-4.000e+000	2.9261e-007	-1.4880e+012	-1.4697e+012	1.4697e+012	5.2500e-015
-3.990e+000	2.9279e-007	-1.5062e+012	-1.4880e+012	1.4879e+012	5.2500e-015
-3.980e+000	2.9296e-007	-1.5245e+012	-1.5062e+012	1.5062e+012	5.2500e-015
-3.970e+000	2.9313e-007	-1.5428e+012	-1.5245e+012	1.5245e+012	5.2500e-015
-3.960e+000	2.9329e-007	-1.5611e+012	-1.5428e+012	1.5428e+012	5.2500e-015
-3.950e+000	2.9345e-007	-1.5794e+012	-1.5611e+012	1.5611e+012	5.2500e-015
-3.940e+000	2.9361e-007	-1.5978e+012	-1.5794e+012	1.5794e+012	5.2500e-015
-3.930e+000	2.9376e-007	-1.6161e+012	-1.5978e+012	1.5977e+012	5.2500e-015
-3.920e+000	2.9391e-007	-1.6344e+012	-1.6161e+012	1.6161e+012	5.2500e-015
-3.910e+000	2.9406e-007	-1.6528e+012	-1.6344e+012	1.6344e+012	5.2500e-015
-3.900e+000	2.9420e-007	-1.6712e+012	-1.6528e+012	1.6528e+012	5.2500e-015
-3.890e+000	2.9434e-007	-1.6895e+012	-1.6712e+012	1.6711e+012	5.2500e-015
-3.880e+000	2.9448e-007	-1.7079e+012	-1.6895e+012	1.6895e+012	5.2500e-015
-3.870e+000	2.9461e-007	-1.7263e+012	-1.7079e+012	1.7079e+012	5.2500e-015
-3.860e+000	2.9474e-007	-1.7447e+012	-1.7263e+012	1.7263e+012	5.2500e-015
-3.850e+000	2.9487e-007	-1.7631e+012	-1.7447e+012	1.7447e+012	5.2500e-015
-3.840e+000	2.9499e-007	-1.7815e+012	-1.7631e+012	1.7631e+012	5.2500e-015
-3.830e+000	2.9512e-007	-1.7999e+012	-1.7815e+012	1.7815e+012	5.2500e-015
-3.820e+000	2.9524e-007	-1.8184e+012	-1.7999e+012	1.7999e+012	5.2500e-015
-3.810e+000	2.9535e-007	-1.8368e+012	-1.8184e+012	1.8183e+012	5.2500e-015
-3.800e+000	2.9547e-007	-1.8552e+012	-1.8368e+012	1.8367e+012	5.2500e-015
-3.790e+000	2.9558e-007	-1.8737e+012	-1.8552e+012	1.8552e+012	5.2500e-015
-3.780e+000	2.9569e-007	-1.8921e+012	-1.8737e+012	1.8736e+012	5.2500e-015
-3.770e+000	2.9580e-007	-1.9106e+012	-1.8921e+012	1.8921e+012	5.2500e-015
-3.760e+000	2.9591e-007	-1.9291e+012	-1.9106e+012	1.9106e+012	5.2500e-015
-3.750e+000	2.9601e-007	-1.9475e+012	-1.9291e+012	1.9290e+012	5.2500e-015
-3.740e+000	2.9611e-007	-1.9660e+012	-1.9475e+012	1.9475e+012	5.2500e-015
-3.730e+000	2.9622e-007	-1.9845e+012	-1.9660e+012	1.9660e+012	5.2500e-015
-3.720e+000	2.9631e-007	-2.0030e+012	-1.9845e+012	1.9845e+012	5.2500e-015
-3.710e+000	2.9641e-007	-2.0215e+012	-2.0030e+012	2.0030e+012	5.2500e-015
-3.700e+000	2.9651e-007	-2.0400e+012	-2.0215e+012	2.0215e+012	5.2500e-015
-3.690e+000	2.9660e-007	-2.0585e+012	-2.0400e+012	2.0400e+012	5.2500e-015
-3.680e+000	2.9669e-007	-2.0770e+012	-2.0585e+012	2.0585e+012	5.2500e-015
-3.670e+000	2.9678e-007	-2.0956e+012	-2.0770e+012	2.0770e+012	5.2500e-015
-3.660e+000	2.9687e-007	-2.1141e+012	-2.0956e+012	2.0955e+012	5.2500e-015
-3.650e+000	2.9696e-007	-2.1326e+012	-2.1141e+012	2.1141e+012	5.2500e-015
-3.640e+000	2.9704e-007	-2.1512e+012	-2.1326e+012	2.1326e+012	5.2500e-015
-3.630e+000	2.9713e-007	-2.1697e+012	-2.1512e+012	2.1511e+012	5.2500e-015
-3.620e+000	2.9721e-007	-2.1883e+012	-2.1697e+012	2.1697e+012	5.2500e-015
-3.610e+000	2.9729e-007	-2.2068e+012	-2.1883e+012	2.1882e+012	5.2500e-015
-3.600e+000	2.9737e-007	-2.2254e+012	-2.2068e+012	2.2068e+012	5.2500e-015
-3.590e+000	2.9745e-007	-2.2439e+012	-2.2254e+012	2.2253e+012	5.2500e-015
-3.580e+000	2.9753e-007	-2.2625e+012	-2.2439e+012	2.2439e+012	5.2500e-015
-3.570e+000	2.9761e-007	-2.2811e+012	-2.2625e+012	2.2625e+012	5.2500e-015
-3.560e+000	2.9768e-007	-2.2997e+012	-2.2811e+012	2.2811e+012	5.2500e-015
-3.550e+000	2.9776e-007	-2.3183e+012	-2.2997e+012	2.2996e+012	5.2500e-015
-3.540e+000	2.9783e-007	-2.3368e+012	-2.3183e+012	2.3182e+012	5.2500e-015
-3.530e+000	2.9790e-007	-2.3554e+012	-2.3368e+012	2.3368e+012	5.2500e-015
-3.520e+000	2.9797e-007	-2.3740e+012	-2.3554e+012	2.3554e+012	5.2500e-015
-3.510e+000	2.9804e-007	-2.3926e+012	-2.3740e+012	2.3740e+012	5.2500e-015
-3.500e+000	2.9811e-007	-2.4112e+012	-2.3926e+012	2.3926e+012	5.2500e-015
-3.490e+000	2.9818e-007	-2.4299e+012	-2.4112e+012	2.4112e+012	5.2500e-015
-3.480e+000	2.9824e-007	-2.4485e+012	-2.4299e+012	2.4298e+012	5.2500e-015
-3.470e+000	2.9831e-007	-2.4671e+012	-2.4485e+012	2.4484e+012	5.2500e-015
-3.460e+000	2.9838e-007	-2.4857e+012	-2.4671e+012	2.4671e+012	5.2500e-015
-3.450e+000	2.9844e-007	-2.5043e+012	-2.4857e+012	2.4857e+012	5.2500e-015
-3.440e+000	2.9850e-007	-2.5230e+012	-2.5043e+012	2.5043e+012	5.2500e-015
-3.430e+000	2.9856e-007	-2.5416e+012	-2.5230e+012	2.5229e+012	5.2500e-015
-3.420e+000	2.9863e-007	-2.5602e+012	-2.5416e+012	2.5416e+012	5.2500e-015
-3.410e+000	2.9869e-007	-2.5789e+012	-2.5602e+012	2.5602e+012	5.2500e-015
-3.400e+000	2.9875e-007	-2.5975e+012	-2.5789e+012	2.5788e+012	5.2500e-015
-3.390e+000	2.9880e-007	-2.6162e+012	-2.5975e+012	2.5975e+012	5.2500e-015
-3.380e+000	2.9886e-007	-2.6348e+012	-2.6162e+012	2.6161e+012	5.2500e-015
-3.370e+000	2.9892e-007	-2.6535e+012	-2.6348e+012	2.6348e+012	5.2500e-015
-3.360e+000	2.9898e-007	-2.6722e+012	-2.6535e+012	2.6535e+012	5.2500e-015
-3.350e+000	2.9903e-007	-2.6908e+012	-2.6722e+012	2.6721e+012	5.2500e-015
-3.340e+000	2.9909e-007	-2.7095e+012	-2.6908e+012	2.6908e+012	5.2500e-015
-3.330e+000	2.9914e-007	-2.7282e+012	-2.7095e+012	2.7094e+012	5.2500e-015
-3.320e+000	2.9920e-007	-2.7468e+012	-2.7282e+012	2.7281e+012	5.2500e-015
-3.310e+000	2.9925e-007	-2.7655e+012	-2.7468e+012	2.7468e+012	5.2500e-015
-3.300e+000	2.9930e-007	-2.7842e+012	-2.7655e+012	2.7655e+012	5.2500e-015
-3.290e+000	2.9935e-007	-2.8029e+012	-2.7842e+012	2.7842e+012	5.2500e-015
-3.280e+000	2.9940e-007	-2.8216e+012	-2.8029e+012	2.8028e+012	5.2500e-015
-3.270e+000	2.9945e-007	-2.8403e+012	-2.8216e+012	2.8215e+012	5.2500e-015
-3.260e+000	2.9950e-007	-2.8589e+012	-2.8403e+012	2.8402e+012	5.2500e-015
-3.250e+000	2.9955e-007	-2.8776e+012	-2.8589e+012	2.8589e+012	5.2500e-015
-3.240e+000	2.9960e-007	-2.8963e+012	-2.8776e+012	2.8776e+012	5.2500e-015
-3.230e+000	2.9965e-007	-2.9150e+012	-2.8963e+012	2.8963e+012	5.2500e-015
-3.220e+000	2.9970e-007	-2.9338e+012	-2.9150e+012	2.9150e+012	5.2500e-015
-3.210e+000	2.9974e-007	-2.9525e+012	-2.9338e+012	2.9337e+012	5.2500e-015
-3.200e+000	2.9979e-007	-2.9712e+012	-2.9525e+012	2.9524e+012	5.2500e-015
-3.190e+000	2.9984e-007	-2.9899e+012	-2.9712e+012	2.9711e+012	5.2500e-015
-3.180e+000	2.9988e-007	-3.0086e+012	-2.9899e+012	2.9898e+012	5.2500e-015
-3.170e+000	2.9993e-007	-3.0273e+012	-3.0086e+012	3.0086e+012	5.2500e-015
-3.160e+000	2.9997e-007	-3.0460e+012	-3.0273e+012	3.0273e+012	5.2500e-015
-3.150e+000	3.0002e-007	-3.0648e+012	-3.0460e+012	3.0460e+012	5.2500e-015
-3.140e+000	3.0006e-007	-3.0835e+012	-3.0648e+012	3.0647e+012	5.2500e-015
-3.130e+000	3.0010e-007	-3.1022e+012	-3.0835e+012	3.0835e+012	5.2500e-015
-3.120e+000	3.0015e-007	-3.1210e+012	-3.1022e+012	3.1022e+012	5.2500e-015
-3.110e+000	3.0019e-007	-3.1397e+012	-3.1210e+012	3.1209e+012	5.2500e-015
-3.100e+000	3.0023e-007	-3.1584e+012	-3.1397e+012	3.1397e+012	5.2500e-015
-3.090e+000	3.0027e-007	-3.1772e+012	-3.1584e+012	3.1584e+012	5.2500e-015
-3.080e+000	3.0031e-007	-3.1959e+012	-3.1772e+012	3.1771e+012	5.2500e-015
-3.070e+000	3.0035e-007	-3.2147e+012	-3.1959e+012	3.1959e+012	5.2500e-015
-3.060e+000	3.0039e-007	-3.2334e+012	-3.2147e+012	3.2146e+012	5.2500e-015
-3.050e+000	3.0043e-007	-3.2522e+012	-3.2334e+012	3.2334e+012	5.2500e-015
-3.040e+000	3.0047e-007	-3.2709e+012	-3.2522e+012	3.2521e+012	5.2500e-015
-3.030e+000	3.0051e-007	-3.2897e+012	-3.2709e+012	3.2709e+012	5.2500e-015
-3.020e+000	3.0055e-007	-3.3084e+012	-3.2897e+012	3.2896e+012	5.2500e-015
-3.010e+000	3.0059e-007	-3.3272e+012	-3.3084e+012	3.3084e+012	5.2500e-015
-3.000e+000	3.0062e-007	-3.3460e+012	-3.3272e+012	3.3272e+012	5.2500e-015
-2.990e+000	3.0066e-007	-3.3647e+012	-3.3460e+012	3.3459e+012	5.2500e-015
-2.980e+000	3.0070e-007	-3.3835e+012	-3.3647e+012	3.3647e+012	5.2500e-015
-2.970e+000	3.0074e-007	-3.4023e+012	-3.3835e+012	3.3835e+012	5.2500e-015
-2.960e+000	3.0077e-007	-3.4210e+012	-3.4023e+012	3.4022e+012	5.2500e-015
-2.950e+000	3.0081e-007	-3.4398e+012	-3.4210e+012	3.4210e+012	5.2500e-015
-2.940e+000	3.0084e-007	-3.4586e+012	-3.4398e+012	3.4398e+012	5.2500e-015
-2.930e+000	3.0088e-007	-3.4774e+012	-3.4586e+012	3.4586e+012	5.2500e-015
-2.920e+000	3.0091e-007	-3.4962e+012	-3.4774e+012	3.4773e+012	5.2500e-015
-2.910e+000	3.0095e-007	-3.5149e+012	-3.4962e+012	3.4961e+012	5.2500e-015
-2.900e+000	3.0098e-007	-3.5337e+012	-3.5149e+012	3.5149e+012	5.2500e-015
-2.890e+000	3.0102e-007	-3.5525e+012	-3.5337e+012	3.5337e+012	5.2500e-015
-2.880e+000	3.0105e-007	-3.5713e+012	-3.5525e+012	3.5525e+012	5.2500e-015
-2.870e+000	3.0109e-007	-3.5901e+012	-3.5713e+012	3.5713e+012	5.2500e-015
-2.860e+000	3.0112e-007	-3.6089e+012	-3.5901e+012	3.5901e+012	5.2500e-015
-2.850e+000	3.0115e-007	-3.6277e+012	-3.6089e+012	3.6088e+012	5.2500e-015
-2.840e+000	3.0118e-007	-3.6465e+012	-3.6277e+012	3.6276e+012	5.2500e-015
-2.830e+000	3.0122e-007	-3.6653e+012	-3.6465e+012	3.6464e+012	5.2500e-015
-2.820e+000	3.0125e-007	-3.6841e+012	-3.6653e+012	3.6652e+012	5.2500e-015
-2.810e+000	3.0128e-007	-3.7029e+012	-3.6841e+012	3.6840e+012	5.2500e-015
-2.800e+000	3.0131e-007	-3.7217e+012	-3.7029e+012	3.7028e+012	5.2500e-015
-2.790e+000	3.0134e-007	-3.7405e+012	-3.7217e+012	3.7217e+012	5.2500e-015
-2.780e+000	3.0138e-007	-3.7593e+012	-3.7405e+012	3.7405e+012	5.2500e-015
-2.770e+000	3.0141e-007	-3.7781e+012	-3.7593e+012	3.7593e+012	5.2500e-015
-2.760e+000	3.0144e-007	-3.7969e+012	-3.7781e+012	3.7781e+012	5.2500e-015
-2.750e+000	3.0147e-007	-3.8158e+012	-3.7969e+012	3.7969e+012	5.2500e-015
-2.740e+000	3.0150e-007	-3.8346e+012	-3.8158e+012	3.8157e+012	5.2500e-015
-2.730e+000	3.0153e-007	-3.8534e+012	-3.8346e+012	3.8345e+012	5.2500e-015
-2.720e+000	3.0156e-007	-3.8722e+012	-3.8534e+012	3.8534e+012	5.2500e-015
-2.710e+000	3.0159e-007	-3.8910e+012	-3.8722e+012	3.8722e+012	5.2500e-015
-2.700e+000	3.0162e-007	-3.9099e+012	-3.8910e+012	3.8910e+012	5.2500e-015
-2.690e+000	3.0165e-007	-3.9287e+012	-3.9099e+012	3.9098e+012	5.2500e-015
-2.680e+000	3.0168e-007	-3.9475e+012	-3.9287e+012	3.9287e+012	5.2500e-015
-2.670e+000	3.0171e-007	-3.9664e+012	-3.9475e+012	3.9475e+012	5.2500e-015
-2.660e+000	3.0174e-007	-3.9852e+012	-3.9664e+012	3.9663e+012	5.2500e-015
-2.650e+000	3.0177e-007	-4.0040e+012	-3.9852e+012	3.9851e+012	5.2500e-015
-2.640e+000	3.0180e-007	-4.0229e+012	-4.0040e+012	4.0040e+012	5.2500e-015
-2.630e+000	3.0183e-007	-4.0417e+012	-4.0229e+012	4.0228e+012	5.2500e-015
-2.620e+000	3.0186e-007	-4.0605e+012	-4.0417e+012	4.0417e+012	5.2500e-015
-2.610e+000	3.0189e-007	-4.0794e+012	-4.0605e+012	4.0605e+012	5.2500e-015
-2.600e+000	3.0192e-007	-4.0982e+012	-4.0794e+012	4.0793e+012	5.2500e-015
-2.590e+000	3.0195e-007	-4.1171e+012	-4.0982e+012	4.0982e+012	5.2500e-015
-2.580e+000	3.0198e-007	-4.1359e+012	-4.1171e+012	4.1170e+012	5.2500e-015
-2.570e+000	3.0202e-007	-4.1548e+012	-4.1359e+012	4.1359e+012	5.2500e-015
-2.560e+000	3.0205e-007	-4.1736e+012	-4.1548e+012	4.1547e+012	5.2500e-015
-2.550e+000	3.0208e-007	-4.1925e+012	-4.1736e+012	4.1736e+012	5.2500e-015
-2.540e+000	3.0212e-007	-4.2113e+012	-4.1925e+012	4.1924e+012	5.2500e-015
-2.530e+000	3.0215e-007	-4.2302e+012	-4.2113e+012	4.2113e+012	5.2500e-015
-2.520e+000	3.0219e-007	-4.2491e+012	-4.2302e+012	4.2302e+012	5.2500e-015
-2.510e+000	3.0223e-007	-4.2679e+012	-4.2491e+012	4.2490e+012	5.2500e-015
-2.500e+000	3.0227e-007	-4.2868e+012	-4.2679e+012	4.2679e+012	5.2500e-015
-2.490e+000	3.0232e-007	-4.3057e+012	-4.2868e+012	4.2867e+012	5.2500e-015
-2.480e+000	3.0236e-007	-4.3245e+012	-4.3057e+012	4.3056e+012	5.2500e-015
-2.470e+000	3.0241e-007	-4.3434e+012	-4.3245e+012	4.3245e+012	5.2500e-015
-2.460e+000	3.0247e-007	-4.3623e+012	-4.3434e+012	4.3434e+012	5.2500e-015
-2.450e+000	3.0252e-007	-4.3812e+012	-4.3623e+012	4.3622e+012	5.2500e-015
-2.440e+000	3.0259e-007	-4.4000e+012	-4.3812e+012	4.3811e+012	5.2500e-015
-2.430e+000	3.0266e-007	-4.4189e+012	-4.4000e+012	4.4000e+012	5.2500e-015
-2.420e+000	3.0273e-007	-4.4378e+012	-4.4189e+012	4.4189e+012	5.2500e-015
-2.410e+000	3.0281e-007	-4.4567e+012	-4.4378e+012	4.4378e+012	5.2500e-015
-2.400e+000	3.0291e-007	-4.4756e+012	-4.4567e+012	4.4567e+012	5.2500e-015
-2.390e+000	3.0301e-007	-4.4946e+012	-4.4756e+012	4.4756e+012	5.2500e-015
-2.380e+000	3.0312e-007	-4.5135e+012	-4.4946e+012	4.4945e+012	5.2500e-015
-2.370e+000	3.0325e-007	-4.5324e+012	-4.5135e+012	4.5134e+012	5.2500e-015
-2.360e+000	3.0339e-007	-4.5513e+012	-4.5324e+012	4.5324e+012	5.2500e-015
-2.350e+000	3.0356e-007	-4.5703e+012	-4.5513e+012	4.5513e+012	5.2500e-015
-2.340e+000	3.0374e-007	-4.5892e+012	-4.5703e+012	4.5702e+012	5.2500e-015
-2.330e+000	3.0394e-007	-4.6082e+012	-4.5892e+012	4.5892e+012	5.2500e-015
-2.320e+000	3.0418e-007	-4.6272e+012	-4.6082e+012	4.6082e+012	5.2500e-015
-2.310e+000	3.0444e-007	-4.6462e+012	-4.6272e+012	4.6272e+012	5.2500e-015
-2.300e+000	3.0474e-007	-4.6652e+012	-4.6462e+012	4.6462e+012	5.2500e-015
-2.290e+000	3.0509e-007	-4.6843e+012	-4.6652e+012	4.6652e+012	5.2500e-015
-2.280e+000	3.0547e-007	-4.7033e+012	-4.6843e+012	4.6842e+012	5.2500e-015
-2.270e+000	3.0591e-007	-4.7224e+012	-4.7033e+012	4.7033e+012	5.2500e-015
-2.260e+000	3.0621e-007	-4.7415e+012	-4.7224e+012	4.7224e+012	5.2500e-015
-2.250e+000	3.0692e-007	-4.7607e+012	-4.7415e+012	4.7415e+012	5.2500e-015
-2.240e+000	3.0754e-007	-4.7799e+012	-4.7607e+012	4.7606e+012	5.2500e-015
-2.230e+000	3.0825e-007	-4.7991e+012	-4.7799e+012	4.7798e+012	5.2500e-015
-2.220e+000	3.0904e-007	-4.8184e+012	-4.7991e+012	4.7991e+012	5.2500e-015
-2.210e+000	3.0993e-007	-4.8378e+012	-4.8184e+012	4.8184e+012	5.2500e-015
-2.200e+000	3.1092e-007	-4.8572e+012	-4.8378e+012	4.8377e+012	5.2500e-015
-2.190e+000	3.1202e-007	-4.8766e+012	-4.8572e+012	4.8571e+012	5.2500e-015
-2.180e+000	3.1325e-007	-4.8962e+012	-4.8766e+012	4.8766e+012	5.2500e-015
-2.170e+000	3.1461e-007	-4.9158e+012	-4.8962e+012	4.8961e+012	5.2500e-015
-2.160e+000	3.1611e-007	-4.9356e+012	-4.9158e+012	4.9158e+012	5.2500e-015
-2.150e+000	3.1774e-007	-4.9554e+012	-4.9356e+012	4.9355e+012	5.2500e-015
-2.140e+000	3.1952e-007	-4.9753e+012	-4.9554e+012	4.9553e+012	5.2500e-015
-2.130e+000	3.2145e-007	-4.9954e+012	-4.9753e+012	4.9753e+012	5.2500e-015
-2.120e+000	3.2352e-007	-5.0156e+012	-4.9954e+012	4.9954e+012	5.2500e-015
-2.110e+000	3.2573e-007	-5.0359e+012	-5.0156e+012	5.0155e+012	5.2500e-015
-2.100e+000	3.2807e-007	-5.0564e+012	-5.0359e+012	5.0359e+012	5.2500e-015
-2.090e+000	3.3054e-007	-5.0770e+012	-5.0564e+012	5.0563e+012	5.2500e-015
-2.080e+000	3.3311e-007	-5.0978e+012	-5.0770e+012	5.0770e+012	5.2500e-015
-2.070e+000	3.3579e-007	-5.1188e+012	-5.0978e+012	5.0978e+012	5.2500e-015
-2.060e+000	3.3854e-007	-5.1399e+012	-5.1188e+012	5.1187e+012	5.2500e-015
-2.050e+000	3.4136e-007	-5.1612e+012	-5.1399e+012	5.1399e+012	5.2500e-015
-2.040e+000	3.4422e-007	-5.1827e+012	-5.1612e+012	5.1612e+012	5.2500e-015
-2.030e+000	3.4710e-007	-5.2044e+012	-5.1827e+012	5.1826e+012	5.2500e-015
-2.020e+000	3.4999e-007	-5.2262e+012	-5.2044e+012	5.2043e+012	5.2500e-015
-2.010e+000	3.5287e-007	-5.2482e+012	-5.2262e+012	5.2262e+012	5.2500e-015
-2.000e+000	3.5572e-007	-5.2704e+012	-5.2482e+012	5.2482e+012	5.2500e-015
-1.990e+000	3.5854e-007	-5.2928e+012	-5.2704e+012	5.2704e+012	5.2500e-015
-1.980e+000	3.6129e-007	-5.3154e+012	-5.2928e+012	5.2928e+012	5.2500e-015
-1.970e+000	3.6399e-007	-5.3381e+012	-5.3154e+012	5.3153e+012	5.2500e-015
-1.960e+000	3.6661e-007	-5.3610e+012	-5.3381e+012	5.3380e+012	5.2500e-015
-1.950e+000	3.6915e-007	-5.3840e+012	-5.3610e+012	5.3609e+012	5.2500e-015
-1.940e+000	3.7161e-007	-5.4072e+012	-5.3840e+012	5.3840e+012	5.2500e-015
-1.930e+000	3.7398e-007	-5.4305e+012	-5.4072e+012	5.4071e+012	5.2500e-015
-1.920e+000	3.7626e-007	-5.4540e+012	-5.4305e+012	5.4305e+012	5.2500e-015
-1.910e+000	3.7846e-007	-5.4776e+012	-5.4540e+012	5.4540e+012	5.2500e-015
-1.900e+000	3.8056e-007	-5.5014e+012	-5.4776e+012	5.4776e+012	5.2500e-015
-1.890e+000	3.8257e-007	-5.5253e+012	-5.5014e+012	5.5013e+012	5.2500e-015
-1.880e+000	3.8450e-007	-5.5493e+012	-5.5253e+012	5.5252e+012	5.2500e-015
-1.870e+000	3.8634e-007	-5.5734e+012	-5.5493e+012	5.5492e+012	5.2500e-015
-1.860e+000	3.8810e-007	-5.5976e+012	-5.5734e+012	5.5733e+012	5.2500e-015
-1.850e+000	3.8978e-007	-5.6219e+012	-5.5976e+012	5.5976e+012	5.2500e-015
-1.840e+000	3.9139e-007	-5.6464e+012	-5.6219e+012	5.6219e+012	5.2500e-015
-1.830e+000	3.9293e-007	-5.6709e+012	-5.6464e+012	5.6463e+012	5.2500e-015
-1.820e+000	3.9439e-007	-5.6955e+012	-5.6709e+012	5.6708e+012	5.2500e-015
-1.810e+000	3.9579e-007	-5.7202e+012	-5.6955e+012	5.6955e+012	5.2500e-015
-1.800e+000	3.9713e-007	-5.7450e+012	-5.7202e+012	5.7202e+012	5.2500e-015
-1.790e+000	3.9841e-007	-5.7699e+012	-5.7450e+012	5.7449e+012	5.2500e-015
-1.780e+000	3.9963e-007	-5.7948e+012	-5.7699e+012	5.7698e+012	5.2500e-015
-1.770e+000	4.0080e-007	-5.8198e+012	-5.7948e+012	5.7948e+012	5.2500e-015
-1.760e+000	4.0192e-007	-5.8449e+012	-5.8198e+012	5.8198e+012	5.2500e-015
-1.750e+000	4.0299e-007	-5.8701e+012	-5.8449e+012	5.8449e+012	5.2500e-015
-1.740e+000	4.0402e-007	-5.8953e+012	-5.8701e+012	5.8700e+012	5.2500e-015
-1.730e+000	4.0501e-007	-5.9205e+012	-5.8953e+012	5.8952e+012	5.2500e-015
-1.720e+000	4.0595e-007	-5.9459e+012	-5.9205e+012	5.9205e+012	5.2500e-015
-1.710e+000	4.0686e-007	-5.9713e+012	-5.9459e+012	5.9458e+012	5.2500e-015
-1.700e+000	4.0774e-007	-5.9967e+012	-5.9713e+012	5.9712e+012	5.2500e-015
-1.690e+000	4.0858e-007	-6.0222e+012	-5.9967e+012	5.9967e+012	5.2500e-015
-1.680e+000	4.0938e-007	-6.0478e+012	-6.0222e+012	6.0222e+012	5.2500e-015
-1.670e+000	4.1016e-007	-6.0734e+012	-6.0478e+012	6.0477e+012	5.2500e-015
-1.660e+000	4.1091e-007	-6.0990e+012	-6.0734e+012	6.0733e+012	5.2500e-015
-1.650e+000	4.1163e-007	-6.1247e+012	-6.0990e+012	6.0990e+012	5.2500e-015
-1.640e+000	4.1233e-007	-6.1505e+012	-6.1247e+012	6.1247e+012	5.2500e-015
-1.630e+000	4.1301e-007	-6.1762e+012	-6.1505e+012	6.1504e+012	5.2500e-015
-1.620e+000	4.1366e-007	-6.2021e+012	-6.1762e+012	6.1762e+012	5.2500e-015
-1.610e+000	4.1429e-007	-6.2279e+012	-6.2021e+012	6.2020e+012	5.2500e-015
-1.600e+000	4.1490e-007	-6.2538e+012	-6.2279e+012	6.2279e+012	5.2500e-015
-1.590e+000	4.1549e-007	-6.2797e+012	-6.2538e+012	6.2538e+012	5.2500e-015
-1.580e+000	4.1606e-007	-6.3057e+012	-6.2797e+012	6.2797e+012	5.2500e-015
-1.570e+000	4.1662e-007	-6.3317e+012	-6.3057e+012	6.3057e+012	5.2500e-015
-1.560e+000	4.1716e-007	-6.3577e+012	-6.3317e+012	6.3317e+012	5.2500e-015
-1.550e+000	4.1768e-007	-6.3838e+012	-6.3577e+012	6.3577e+012	5.2500e-015
-1.540e+000	4.1813e-007	-6.4099e+012	-6.3838e+012	6.3838e+012	5.2500e-015
-1.530e+000	4.1868e-007	-6.4360e+012	-6.4099e+012	6.4099e+012	5.2500e-015
-1.520e+000	4.1916e-007	-6.4622e+012	-6.4360e+012	6.4360e+012	5.2500e-015
-1.510e+000	4.1963e-007	-6.4884e+012	-6.4622e+012	6.4622e+012	5.2500e-015
-1.500e+000	4.2008e-007	-6.5146e+012	-6.4884e+012	6.4884e+012	5.2500e-015
-1.490e+000	4.2053e-007	-6.5409e+012	-6.5146e+012	6.5146e+012	5.2500e-015
-1.480e+000	4.2096e-007	-6.5671e+012	-6.5409e+012	6.5408e+012	5.2500e-015
-1.470e+000	4.2138e-007	-6.5934e+012	-6.5671e+012	6.5671e+012	5.2500e-015
-1.460e+000	4.2180e-007	-6.6198e+012	-6.5934e+012	6.5934e+012	5.2500e-015
-1.450e+000	4.2220e-007	-6.6461e+012	-6.6198e+012	6.6197e+012	5.2500e-015
-1.440e+000	4.2260e-007	-6.6725e+012	-6.6461e+012	6.6461e+012	5.2500e-015
-1.430e+000	4.2298e-007	-6.6989e+012	-6.6725e+012	6.6725e+012	5.2500e-015
-1.420e+000	4.2336e-007	-6.7253e+012	-6.6989e+012	6.6989e+012	5.2500e-015
-1.410e+000	4.2373e-007	-6.7518e+012	-6.7253e+012	6.7253e+012	5.2500e-015
-1.400e+000	4.2409e-007	-6.7782e+012	-6.7518e+012	6.7517e+012	5.2500e-015
-1.390e+000	4.2445e-007	-6.8047e+012	-6.7782e+012	6.7782e+012	5.2500e-015
-1.380e+000	4.2479e-007	-6.8312e+012	-6.8047e+012	6.8047e+012	5.2500e-015
-1.370e+000	4.2513e-007	-6.8578e+012	-6.8312e+012	6.8312e+012	5.2500e-015
-1.360e+000	4.2547e-007	-6.8843e+012	-6.8578e+012	6.8577e+012	5.2500e-015
-1.350e+000	4.2580e-007	-6.9109e+012	-6.8843e+012	6.8843e+012	5.2500e-015
-1.340e+000	4.2612e-007	-6.9375e+012	-6.9109e+012	6.9109e+012	5.2500e-015
-1.330e+000	4.2644e-007	-6.9641e+012	-6.9375e+012	6.9375e+012	5.2500e-015
-1.320e+000	4.2675e-007	-6.9908e+012	-6.9641e+012	6.9641e+012	5.2500e-015
-1.310e+000	4.2705e-007	-7.0174e+012	-6.9908e+012	6.9907e+012	5.2500e-015
-1.300e+000	4.2736e-007	-7.0441e+012	-7.0174e+012	7.0174e+012	5.2500e-015
-1.290e+000	4.2765e-007	-7.0708e+012	-7.0441e+012	7.0440e+012	5.2500e-015
-1.280e+000	4.2794e-007	-7.0975e+012	-7.0708e+012	7.0707e+012	5.2500e-015
-1.270e+000	4.2823e-007	-7.1242e+012	-7.0975e+012	7.0974e+012	5.2500e-015
-1.260e+000	4.2851e-007	-7.1510e+012	-7.1242e+012	7.1242e+012	5.2500e-015
-1.250e+000	4.2879e-007	-7.1777e+012	-7.1510e+012	7.1509e+012	5.2500e-015
-1.240e+000	4.2907e-007	-7.2045e+012	-7.1777e+012	7.1777e+012	5.2500e-015
-1.230e+000	4.2934e-007	-7.2313e+012	-7.2045e+012	7.2045e+012	5.2500e-015
-1.220e+000	4.2961e-007	-7.2581e+012	-7.2313e+012	7.2313e+012	5.2500e-015
-1.210e+000	4.2987e-007	-7.2849e+012	-7.2581e+012	7.2581e+012	5.2500e-015
-1.200e+000	4.3013e-007	-7.3118e+012	-7.2849e+012	7.2849e+012	5.2500e-015
-1.190e+000	4.3039e-007	-7.3387e+012	-7.3118e+012	7.3118e+012	5.2500e-015
-1.180e+000	4.3064e-007	-7.3655e+012	-7.3387e+012	7.3386e+012	5.2500e-015
-1.170e+000	4.3089e-007	-7.3924e+012	-7.3655e+012	7.3655e+012	5.2500e-015
-1.160e+000	4.3114e-007	-7.4193e+012	-7.3924e+012	7.3924e+012	5.2500e-015
-1.150e+000	4.3138e-007	-7.4463e+012	-7.4193e+012	7.4193e+012	5.2500e-015
-1.140e+000	4.3163e-007	-7.4732e+012	-7.4463e+012	7.4462e+012	5.2500e-015
-1.130e+000	4.3187e-007	-7.5002e+012	-7.4732e+012	7.4732e+012	5.2500e-015
-1.120e+000	4.3210e-007	-7.5271e+012	-7.5002e+012	7.5001e+012	5.2500e-015
-1.110e+000	4.3234e-007	-7.5541e+012	-7.5271e+012	7.5271e+012	5.2500e-015
-1.100e+000	4.3257e-007	-7.5811e+012	-7.5541e+012	7.5541e+012	5.2500e-015
-1.090e+000	4.3280e-007	-7.6081e+012	-7.5811e+012	7.5811e+012	5.2500e-015
-1.080e+000	4.3302e-007	-7.6351e+012	-7.6081e+012	7.6081e+012	5.2500e-015
-1.070e+000	4.3325e-007	-7.6622e+012	-7.6351e+012	7.6351e+012	5.2500e-015
-1.060e+000	4.3347e-007	-7.6892e+012	-7.6622e+012	7.6621e+012	5.2500e-015
-1.050e+000	4.3369e-007	-7.7163e+012	-7.6892e+012	7.6892e+012	5.2500e-015
-1.040e+000	4.3391e-007	-7.7434e+012	-7.7163e+012	7.7163e+012	5.2500e-015
-1.030e+000	4.3413e-007	-7.7705e+012	-7.7434e+012	7.7434e+012	5.2500e-015
-1.020e+000	4.3434e-007	-7.7976e+012	-7.7705e+012	7.7705e+012	5.2500e-015
-1.010e+000	4.3455e-007	-7.8247e+012	-7.7976e+012	7.7976e+012	5.2500e-015
-1.000e+000	4.3476e-007	-7.8519e+012	-7.8247e+012	7.8247e+012	5.2500e-015
-9.900e-001	4.3497e-007	-7.8790e+012	-7.8519e+012	7.8518e+012	5.2500e-015
-9.800e-001	4.3518e-007	-7.9062e+012	-7.8790e+012	7.8790e+012	5.2500e-015
-9.700e-001	4.3539e-007	-7.9333e+012	-7.9062e+012	7.9061e+012	5.2500e-015
-9.600e-001	4.3559e-007	-7.9605e+012	-7.9333e+012	7.9333e+012	5.2500e-015
-9.500e-001	4.3579e-007	-7.9877e+012	-7.9605e+012	7.9605e+012	5.2500e-015
-9.400e-001	4.3599e-007	-8.0149e+012	-7.9877e+012	7.9877e+012	5.2500e-015
-9.300e-001	4.3619e-007	-8.0422e+012	-8.0149e+012	8.0149e+012	5.2500e-015
-9.200e-001	4.3639e-007	-8.0694e+012	-8.0422e+012	8.0421e+012	5.2500e-015
-9.100e-001	4.3658e-007	-8.0967e+012	-8.0694e+012	8.0694e+012	5.2500e-015
-9.000e-001	4.3678e-007	-8.1239e+012	-8.0967e+012	8.0966e+012	5.2500e-015
-8.900e-001	4.3697e-007	-8.1512e+012	-8.1239e+012	8.1239e+012	5.2500e-015
-8.800e-001	4.3716e-007	-8.1785e+012	-8.1512e+012	8.1512e+012	5.2500e-015
-8.700e-001	4.3735e-007	-8.2058e+012	-8.1785e+012	8.1784e+012	5.2500e-015
-8.600e-001	4.3754e-007	-8.2331e+012	-8.2058e+012	8.2057e+012	5.2500e-015
-8.500e-001	4.3773e-007	-8.2604e+012	-8.2331e+012	8.2330e+012	5.2500e-015
-8.400e-001	4.3791e-007	-8.2877e+012	-8.2604e+012	8.2604e+012	5.2500e-015
-8.300e-001	4.3809e-007	-8.3151e+012	-8.2877e+012	8.2877e+012	5.2500e-015
-8.200e-001	4.3828e-007	-8.3424e+012	-8.3151e+012	8.3150e+012	5.2500e-015
-8.100e-001	4.3846e-007	-8.3698e+012	-8.3424e+012	8.3424e+012	5.2500e-015
-8.000e-001	4.3864e-007	-8.3972e+012	-8.3698e+012	8.3698e+012	5.2500e-015
-7.900e-001	4.3882e-007	-8.4246e+012	-8.3972e+012	8.3971e+012	5.2500e-015
-7.800e-001	4.3900e-007	-8.4520e+012	-8.4246e+012	8.4245e+012	5.2500e-015
-7.700e-001	4.3917e-007	-8.4794e+012	-8.4520e+012	8.4519e+012	5.2500e-015
-7.600e-001	4.3935e-007	-8.5068e+012	-8.4794e+012	8.4793e+012	5.2500e-015
-7.500e-001	4.3952e-007	-8.5342e+012	-8.5068e+012	8.5068e+012	5.2500e-015
-7.400e-001	4.3969e-007	-8.5617e+012	-8.5342e+012	8.5342e+012	5.2500e-015
-7.300e-001	4.3986e-007	-8.5891e+012	-8.5617e+012	8.5616e+012	5.2500e-015
-7.200e-001	4.4003e-007	-8.6166e+012	-8.5891e+012	8.5891e+012	5.2500e-015
-7.100e-001	4.4020e-007	-8.6441e+012	-8.6166e+012	8.6166e+012	5.2500e-015
-7.000e-001	4.4037e-007	-8.6716e+012	-8.6441e+012	8.6440e+012	5.2500e-015
-6.900e-001	4.4054e-007	-8.6991e+012	-8.6716e+012	8.6715e+012	5.2500e-015
-6.800e-001	4.4070e-007	-8.7266e+012	-8.6991e+012	8.6990e+012	5.2500e-015
-6.700e-001	4.4087e-007	-8.7541e+012	-8.7266e+012	8.7265e+012	5.2500e-015
-6.600e-001	4.4103e-007	-8.7816e+012	-8.7541e+012	8.7540e+012	5.2500e-015
-6.500e-001	4.4119e-007	-8.8091e+012	-8.7816e+012	8.7816e+012	5.2500e-015
-6.400e-001	4.4135e-007	-8.8367e+012	-8.8091e+012	8.8091e+012	5.2500e-015
-6.300e-001	4.4151e-007	-8.8642e+012	-8.8367e+012	8.8366e+012	5.2500e-015
-6.200e-001	4.4167e-007	-8.8918e+012	-8.8642e+012	8.8642e+012	5.2500e-015
-6.100e-001	4.4183e-007	-8.9194e+012	-8.8918e+012	8.8918e+012	5.2500e-015
-6.000e-001	4.4198e-007	-8.9470e+012	-8.9194e+012	8.9193e+012	5.2500e-015
-5.900e-001	4.4214e-007	-8.9746e+012	-8.9470e+012	8.9469e+012	5.2500e-015
-5.800e-001	4.4229e-007	-9.0022e+012	-8.9746e+012	8.9745e+012	5.2500e-015
-5.700e-001	4.4244e-007	-9.0298e+012	-9.0022e+012	9.0021e+012	5.2500e-015
-5.600e-001	4.4259e-007	-9.0574e+012	-9.0298e+012	9.0297e+012	5.2500e-015
-5.500e-001	4.4274e-007	-9.0850e+012	-9.0574e+012	9.0574e+012	5.2500e-015
-5.400e-001	4.4289e-007	-9.1127e+012	-9.0850e+012	9.0850e+012	5.2500e-015
-5.300e-001	4.4304e-007	-9.1403e+012	-9.1127e+012	9.1126e+012	5.2500e-015
-5.200e-001	4.4283e-007	-9.1680e+012	-9.1403e+012	9.1403e+012	5.2500e-015
-5.100e-001	4.4233e-007	-9.1956e+012	-9.1680e+012	9.1679e+012	5.2500e-015
-5.000e-001	4.4246e-007	-9.2232e+012	-9.1956e+012	9.1955e+012	5.2500e-015
-4.900e-001	4.4259e-007	-9.2508e+012	-9.2232e+012	9.2232e+012	5.2500e-015
-4.800e-001	4.4272e-007	-9.2785e+012	-9.2508e+012	9.2508e+012	5.2500e-015
-4.700e-001	4.4285e-007	-9.3061e+012	-9.2785e+012	9.2784e+012	5.2500e-015
-4.600e-001	4.4297e-007	-9.3337e+012	-9.3061e+012	9.3061e+012	5.2500e-015
-4.500e-001	4.4310e-007	-9.3614e+012	-9.3337e+012	9.3337e+012	5.2500e-015
-4.400e-001	4.4322e-007	-9.3891e+012	-9.3614e+012	9.3614e+012	5.2500e-015
-4.300e-001	4.4335e-007	-9.4167e+012	-9.3891e+012	9.3890e+012	5.2500e-015
-4.200e-001	4.4347e-007	-9.4444e+012	-9.4167e+012	9.4167e+012	5.2500e-015
-4.100e-001	4.4359e-007	-9.4721e+012	-9.4444e+012	9.4444e+012	5.2500e-015
-4.000e-001	4.4371e-007	-9.4998e+012	-9.4721e+012	9.4721e+012	5.2500e-015
-3.900e-001	4.4383e-007	-9.5275e+012	-9.4998e+012	9.4998e+012	5.2500e-015
-3.800e-001	4.4395e-007	-9.5552e+012	-9.5275e+012	9.5275e+012	5.2500e-015
-3.700e-001	4.4407e-007	-9.5829e+012	-9.5552e+012	9.5552e+012	5.2500e-015
-3.600e-001	4.4419e-007	-9.6107e+012	-9.5829e+012	9.5829e+012	5.2500e-015
-3.500e-001	4.4431e-007	-9.6384e+012	-9.6107e+012	9.6106e+012	5.2500e-015
-3.400e-001	4.4442e-007	-9.6661e+012	-9.6384e+012	9.6383e+012	5.2500e-015
-3.300e-001	4.4454e-007	-9.6939e+012	-9.6661e+012	9.6661e+012	5.2500e-015
-3.200e-001	4.4465e-007	-9.7216e+012	-9.6939e+012	9.6938e+012	5.2500e-015
-3.100e-001	4.4476e-007	-9.7494e+012	-9.7216e+012	9.7216e+012	5.2500e-015
-3.000e-001	4.4487e-007	-9.7771e+012	-9.7494e+012	9.7493e+012	5.2500e-015
-2.900e-001	4.4498e-007	-9.8049e+012	-9.7771e+012	9.7771e+012	5.2500e-015
-2.800e-001	4.4509e-007	-9.8327e+012	-9.8049e+012	9.8049e+012	5.2500e-015
-2.700e-001	4.4520e-007	-9.8605e+012	-9.8327e+012	9.8327e+012	5.2500e-015
-2.600e-001	4.4531e-007	-9.8883e+012	-9.8605e+012	9.8604e+012	5.2500e-015
-2.500e-001	4.4541e-007	-9.9161e+012	-9.8883e+012	9.8882e+012	5.2500e-015
-2.400e-001	4.4552e-007	-9.9439e+012	-9.9161e+012	9.9160e+012	5.2500e-015
-2.300e-001	4.4562e-007	-9.9717e+012	-9.9439e+012	9.9438e+012	5.2500e-015
-2.200e-001	4.4573e-007	-9.9995e+012	-9.9717e+012	9.9717e+012	5.2500e-015
-2.100e-001	4.4583e-007	-1.0027e+013	-9.9995e+012	9.9995e+012	5.2500e-015
-2.000e-001	4.4593e-007	-1.0055e+013	-1.0027e+013	1.0027e+013	5.2500e-015
-1.900e-001	4.4603e-007	-1.0083e+013	-1.0055e+013	1.0055e+013	5.2500e-015
-1.800e-001	4.4613e-007	-1.0111e+013	-1.0083e+013	1.0083e+013	5.2500e-015
-1.700e-001	4.4623e-007	-1.0139e+013	-1.0111e+013	1.0111e+013	5.2500e-015
-1.600e-001	4.4633e-007	-1.0167e+013	-1.0139e+013	1.0139e+013	5.2500e-015
-1.500e-001	4.4643e-007	-1.0194e+013	-1.0167e+013	1.0167e+013	5.2500e-015
-1.400e-001	4.4652e-007	-1.0222e+013	-1.0194e+013	1.0194e+013	5.2500e-015
-1.300e-001	4.4662e-007	-1.0250e+013	-1.0222e+013	1.0222e+013	5.2500e-015
-1.200e-001	4.4671e-007	-1.0278e+013	-1.0250e+013	1.0250e+013	5.2500e-015
-1.100e-001	4.4681e-007	-1.0306e+013	-1.0278e+013	1.0278e+013	5.2500e-015
-1.000e-001	4.4690e-007	-1.0334e+013	-1.0306e+013	1.0306e+013	5.2500e-015
-9.000e-002	4.4699e-007	-1.0362e+013	-1.0334e+013	1.0334e+013	5.2500e-015
-8.000e-002	4.4708e-007	-1.0390e+013	-1.0362e+013	1.0362e+013	5.2500e-015
-7.000e-002	4.4717e-007	-1.0418e+013	-1.0390e+013	1.0390e+013	5.2500e-015
-6.000e-002	4.4726e-007	-1.0445e+013	-1.0418e+013	1.0418e+013	5.2500e-015
-5.000e-002	4.4735e-007	-1.0473e+013	-1.0445e+013	1.0445e+013	5.2500e-015
-4.000e-002	4.4744e-007	-1.0501e+013	-1.0473e+013	1.0473e+013	5.2500e-015
-3.000e-002	4.4752e-007	-1.0529e+013	-1.0501e+013	1.0501e+013	5.2500e-015
-2.000e-002	4.4761e-007	-1.0557e+013	-1.0529e+013	1.0529e+013	5.2500e-015
-1.000e-002	4.4769e-007	-1.0585e+013	-1.0557e+013	1.0557e+013	5.2500e-015
0.000e+000	4.4778e-007	-1.0613e+013	-1.0585e+013	1.0585e+013	5.2500e-015
1.000e-002	4.4786e-007	-1.0641e+013	-1.0613e+013	1.0613e+013	5.2500e-015
2.000e-002	4.4794e-007	-1.0669e+013	-1.0641e+013	1.0641e+013	5.2500e-015
3.000e-002	4.4802e-007	-1.0697e+013	-1.0669e+013	1.0669e+013	5.2500e-015
4.000e-002	4.4811e-007	-1.0725e+013	-1.0697e+013	1.0697e+013	5.2500e-015
5.000e-002	4.4819e-007	-1.0753e+013	-1.0725e+013	1.0725e+013	5.2500e-015
6.000e-002	4.4827e-007	-1.0781e+013	-1.0753e+013	1.0753e+013	5.2500e-015
7.000e-002	4.4834e-007	-1.0809e+013	-1.0781e+013	1.0781e+013	5.2500e-015
8.000e-002	4.4842e-007	-1.0837e+013	-1.0809e+013	1.0809e+013	5.2500e-015
9.000e-002	4.4850e-007	-1.0865e+013	-1.0837e+013	1.0837e+013	5.2500e-015
1.000e-001	4.4858e-007	-1.0893e+013	-1.0865e+013	1.0865e+013	5.2500e-015
1.100e-001	4.4865e-007	-1.0921e+013	-1.0893e+013	1.0893e+013	5.2500e-015
1.200e-001	4.4873e-007	-1.0949e+013	-1.0921e+013	1.0921e+013	5.2500e-015
1.300e-001	4.4880e-007	-1.0977e+013	-1.0949e+013	1.0949e+013	5.2500e-015
1.400e-001	4.4888e-007	-1.1005e+013	-1.0977e+013	1.0977e+013	5.2500e-015
1.500e-001	4.4895e-007	-1.1033e+013	-1.1005e+013	1.1005e+013	5.2500e-015
1.600e-001	4.4902e-007	-1.1061e+013	-1.1033e+013	1.1033e+013	5.2500e-015
1.700e-001	4.4909e-007	-1.1089e+013	-1.1061e+013	1.1061e+013	5.2500e-015
1.800e-001	4.4916e-007	-1.1117e+013	-1.1089e+013	1.1089e+013	5.2500e-015
1.900e-001	4.4923e-007	-1.1145e+013	-1.1117e+013	1.1117e+013	5.2500e-015
2.000e-001	4.4930e-007	-1.1173e+013	-1.1145e+013	1.1145e+013	5.2500e-015
2.100e-001	4.4937e-007	-1.1201e+013	-1.1173e+013	1.1173e+013	5.2500e-015
2.200e-001	4.4944e-007	-1.1229e+013	-1.1201e+013	1.1201e+013	5.2500e-015
2.300e-001	4.4951e-007	-1.1257e+013	-1.1229e+013	1.1229e+013	5.2500e-015
2.400e-001	4.4958e-007	-1.1285e+013	-1.1257e+013	1.1257e+013	5.2500e-015
2.500e-001	4.4964e-007	-1.1313e+013	-1.1285e+013	1.1285e+013	5.2500e-015
2.600e-001	4.4971e-007	-1.1341e+013	-1.1313e+013	1.1313e+013	5.2500e-015
2.700e-001	4.4977e-007	-1.1369e+013	-1.1341e+013	1.1341e+013	5.2500e-015
2.800e-001	4.4984e-007	-1.1398e+013	-1.1369e+013	1.1369e+013	5.2500e-015
2.900e-001	4.4990e-007	-1.1426e+013	-1.1398e+013	1.1398e+013	5.2500e-015
3.000e-001	4.4997e-007	-1.1454e+013	-1.1426e+013	1.1426e+013	5.2500e-015
3.100e-001	4.5003e-007	-1.1482e+013	-1.1454e+013	1.1454e+013	5.2500e-015
3.200e-001	4.5009e-007	-1.1510e+013	-1.1482e+013	1.1482e+013	5.2500e-015
3.300e-001	4.5016e-007	-1.1538e+013	-1.1510e+013	1.1510e+013	5.2500e-015
3.400e-001	4.5022e-007	-1.1566e+013	-1.1538e+013	1.1538e+013	5.2500e-015
3.500e-001	4.5028e-007	-1.1594e+013	-1.1566e+013	1.1566e+013	5.2500e-015
3.600e-001	4.5034e-007	-1.1622e+013	-1.1594e+013	1.1594e+013	5.2500e-015
3.700e-001	4.5040e-007	-1.1650e+013	-1.1622e+013	1.1622e+013	5.2500e-015
3.800e-001	4.5046e-007	-1.1679e+013	-1.1650e+013	1.1650e+013	5.2500e-015
3.900e-001	4.5052e-007	-1.1707e+013	-1.1679e+013	1.1679e+013	5.2500e-015
4.000e-001	4.5058e-007	-1.1735e+013	-1.1707e+013	1.1707e+013	5.2500e-015
4.100e-001	4.5063e-007	-1.1763e+013	-1.1735e+013	1.1735e+013	5.2500e-015
4.200e-001	4.5069e-007	-1.1791e+013	-1.1763e+013	1.1763e+013	5.2500e-015
4.300e-001	4.5075e-007	-1.1819e+013	-1.1791e+013	1.1791e+013	5.2500e-015
4.400e-001	4.5080e-007	-1.1847e+013	-1.1819e+013	1.1819e+013	5.2500e-015
4.500e-001	4.5086e-007	-1.1875e+013	-1.1847e+013	1.1847e+013	5.2500e-015
4.600e-001	4.5092e-007	-1.1904e+013	-1.1875e+013	1.1875e+013	5.2500e-015
4.700e-001	4.5097e-007	-1.1932e+013	-1.1904e+013	1.1904e+013	5.2500e-015
4.800e-001	4.5103e-007	-1.1960e+013	-1.1932e+013	1.1932e+013	5.2500e-015
4.900e-001	4.5108e-007	-1.1988e+013	-1.1960e+013	1.1960e+013	5.2500e-015
5.000e-001	4.5113e-007	-1.2016e+013	-1.1988e+013	1.1988e+013	5.2500e-015
5.100e-001	4.5119e-007	-1.2044e+013	-1.2016e+013	1.2016e+013	5.2500e-015
5.200e-001	4.5124e-007	-1.2073e+013	-1.2044e+013	1.2044e+013	5.2500e-015
5.300e-001	4.5129e-007	-1.2101e+013	-1.2073e+013	1.2073e+013	5.2500e-015
5.400e-001	4.5134e-007	-1.2129e+013	-1.2101e+013	1.2101e+013	5.2500e-015
5.500e-001	4.5140e-007	-1.2157e+013	-1.2129e+013	1.2129e+013	5.2500e-015
5.600e-001	4.5145e-007	-1.2185e+013	-1.2157e+013	1.2157e+013	5.2500e-015
5.700e-001	4.5150e-007	-1.2213e+013	-1.2185e+013	1.2185e+013	5.2500e-015
5.800e-001	4.5155e-007	-1.2242e+013	-1.2213e+013	1.2213e+013	5.2500e-015
5.900e-001	4.5160e-007	-1.2270e+013	-1.2242e+013	1.2242e+013	5.2500e-015
6.000e-001	4.5165e-007	-1.2298e+013	-1.2270e+013	1.2270e+013	5.2500e-015
6.100e-001	4.5170e-007	-1.2326e+013	-1.2298e+013	1.2298e+013	5.2500e-015
6.200e-001	4.5175e-007	-1.2354e+013	-1.2326e+013	1.2326e+013	5.2500e-015
6.300e-001	4.5178e-007	-1.2383e+013	-1.2354e+013	1.2354e+013	5.2500e-015
6.400e-001	4.5184e-007	-1.2411e+013	-1.2383e+013	1.2383e+013	5.2500e-015
6.500e-001	4.5189e-007	-1.2439e+013	-1.2411e+013	1.2411e+013	5.2500e-015
6.600e-001	4.5194e-007	-1.2467e+013	-1.2439e+013	1.2439e+013	5.2500e-015
6.700e-001	4.5199e-007	-1.2495e+013	-1.2467e+013	1.2467e+013	5.2500e-015
6.800e-001	4.5203e-007	-1.2524e+013	-1.2495e+013	1.2495e+013	5.2500e-015
6.900e-001	4.5208e-007	-1.2552e+013	-1.2524e+013	1.2524e+013	5.2500e-015
7.000e-001	4.5213e-007	-1.2580e+013	-1.2552e+013	1.2552e+013	5.2500e-015
7.100e-001	4.5217e-007	-1.2608e+013	-1.2580e+013	1.2580e+013	5.2500e-015
7.200e-001	4.5222e-007	-1.2636e+013	-1.2608e+013	1.2608e+013	5.2500e-015
7.300e-001	4.5226e-007	-1.2665e+013	-1.2636e+013	1.2636e+013	5.2500e-015
7.400e-001	4.5231e-007	-1.2693e+013	-1.2665e+013	1.2665e+013	5.2500e-015
7.500e-001	4.5235e-007	-1.2721e+013	-1.2693e+013	1.2693e+013	5.2500e-015
7.600e-001	4.5240e-007	-1.2749e+013	-1.2721e+013	1.2721e+013	5.2500e-015
7.700e-001	4.5244e-007	-1.2778e+013	-1.2749e+013	1.2749e+013	5.2500e-015
7.800e-001	4.5248e-007	-1.2806e+013	-1.2778e+013	1.2778e+013	5.2500e-015
7.900e-001	4.5253e-007	-1.2834e+013	-1.2806e+013	1.2806e+013	5.2500e-015
8.000e-001	4.5257e-007	-1.2862e+013	-1.2834e+013	1.2834e+013	5.2500e-015
8.100e-001	4.5261e-007	-1.2891e+013	-1.2862e+013	1.2862e+013	5.2500e-015
8.200e-001	4.5265e-007	-1.2919e+013	-1.2891e+013	1.2891e+013	5.2500e-015
8.300e-001	4.5270e-007	-1.2947e+013	-1.2919e+013	1.2919e+013	5.2500e-015
8.400e-001	4.5274e-007	-1.2975e+013	-1.2947e+013	1.2947e+013	5.2500e-015
8.500e-001	4.5278e-007	-1.3004e+013	-1.2975e+013	1.2975e+013	5.2500e-015
8.600e-001	4.5282e-007	-1.3032e+013	-1.3004e+013	1.3004e+013	5.2500e-015
8.700e-001	4.5286e-007	-1.3060e+013	-1.3032e+013	1.3032e+013	5.2500e-015
8.800e-001	4.5290e-007	-1.3088e+013	-1.3060e+013	1.3060e+013	5.2500e-015
8.900e-001	4.5294e-007	-1.3117e+013	-1.3088e+013	1.3088e+013	5.2500e-015
9.000e-001	4.5298e-007	-1.3145e+013	-1.3117e+013	1.3117e+013	5.2500e-015
9.100e-001	4.5302e-007	-1.3173e+013	-1.3145e+013	1.3145e+013	5.2500e-015
9.200e-001	4.5306e-007	-1.3202e+013	-1.3173e+013	1.3173e+013	5.2500e-015
9.300e-001	4.5310e-007	-1.3230e+013	-1.3202e+013	1.3202e+013	5.2500e-015
9.400e-001	4.5314e-007	-1.3258e+013	-1.3230e+013	1.3230e+013	5.2500e-015
9.500e-001	4.5318e-007	-1.3286e+013	-1.3258e+013	1.3258e+013	5.2500e-015
9.600e-001	4.5322e-007	-1.3315e+013	-1.3286e+013	1.3286e+013	5.2500e-015
9.700e-001	4.5326e-007	-1.3343e+013	-1.3315e+013	1.3315e+013	5.2500e-015
9.800e-001	4.5330e-007	-1.3371e+013	-1.3343e+013	1.3343e+013	5.2500e-015
9.900e-001	4.5333e-007	-1.3400e+013	-1.3371e+013	1.3371e+013	5.2500e-015
1.000e+000	4.5337e-007	-1.3428e+013	-1.3400e+013	1.3400e+013	5.2500e-015
1.010e+000	4.5341e-007	-1.3456e+013	-1.3428e+013	1.3428e+013	5.2500e-015
1.020e+000	4.5345e-007	-1.3484e+013	-1.3456e+013	1.3456e+013	5.2500e-015
1.030e+000	4.5349e-007	-1.3513e+013	-1.3484e+013	1.3484e+013	5.2500e-015
1.040e+000	4.5353e-007	-1.3541e+013	-1.3513e+013	1.3513e+013	5.2500e-015
1.050e+000	4.5357e-007	-1.3569e+013	-1.3541e+013	1.3541e+013	5.2500e-015
1.060e+000	4.5361e-007	-1.3598e+013	-1.3569e+013	1.3569e+013	5.2500e-015
1.070e+000	4.5365e-007	-1.3626e+013	-1.3598e+013	1.3598e+013	5.2500e-015
1.080e+000	4.5369e-007	-1.3654e+013	-1.3626e+013	1.3626e+013	5.2500e-015
1.090e+000	4.5373e-007	-1.3683e+013	-1.3654e+013	1.3654e+013	5.2500e-015
1.100e+000	4.5378e-007	-1.3711e+013	-1.3683e+013	1.3683e+013	5.2500e-015
1.110e+000	4.5383e-007	-1.3739e+013	-1.3711e+013	1.3711e+013	5.2500e-015
1.120e+000	4.5388e-007	-1.3768e+013	-1.3739e+013	1.3739e+013	5.2500e-015
1.130e+000	4.5394e-007	-1.3796e+013	-1.3768e+013	1.3768e+013	5.2500e-015
1.140e+000	4.5400e-007	-1.3824e+013	-1.3796e+013	1.3796e+013	5.2500e-015
1.150e+000	4.5408e-007	-1.3853e+013	-1.3824e+013	1.3824e+013	5.2500e-015
1.160e+000	4.5416e-007	-1.3881e+013	-1.3853e+013	1.3853e+013	5.2500e-015
1.170e+000	4.5427e-007	-1.3909e+013	-1.3881e+013	1.3881e+013	5.2500e-015
1.180e+000	4.5441e-007	-1.3938e+013	-1.3909e+013	1.3909e+013	5.2500e-015
1.190e+000	4.5458e-007	-1.3966e+013	-1.3938e+013	1.3938e+013	5.2500e-015
1.200e+000	4.5480e-007	-1.3994e+013	-1.3966e+013	1.3966e+013	5.2500e-015
1.210e+000	4.5509e-007	-1.4023e+013	-1.3994e+013	1.3994e+013	5.2500e-015
1.220e+000	4.5548e-007	-1.4051e+013	-1.4023e+013	1.4023e+013	5.2500e-015
1.230e+000	4.5600e-007	-1.4080e+013	-1.4051e+013	1.4051e+013	5.2500e-015
1.240e+000	4.5670e-007	-1.4108e+013	-1.4080e+013	1.4080e+013	5.2500e-015
1.250e+000	4.5766e-007	-1.4137e+013	-1.4108e+013	1.4108e+013	5.2500e-015
1.260e+000	4.5898e-007	-1.4165e+013	-1.4137e+013	1.4137e+013	5.2500e-015
1.270e+000	4.6080e-007	-1.4194e+013	-1.4165e+013	1.4165e+013	5.2500e-015
1.280e+000	4.6332e-007	-1.4223e+013	-1.4194e+013	1.4194e+013	5.2500e-015
1.290e+000	4.6681e-007	-1.4252e+013	-1.4223e+013	1.4223e+013	5.2500e-015
1.300e+000	4.7166e-007	-1.4282e+013	-1.4252e+013	1.4252e+013	5.2500e-015
1.310e+000	4.7840e-007	-1.4312e+013	-1.4282e+013	1.4282e+013	5.2500e-015
1.320e+000	4.8776e-007	-1.4342e+013	-1.4312e+013	1.4312e+013	5.2500e-015
1.330e+000	5.0077e-007	-1.4373e+013	-1.4342e+013	1.4342e+013	5.2500e-015
1.340e+000	5.1803e-007	-1.4406e+013	-1.4373e+013	1.4373e+013	5.2500e-015
1.350e+000	5.4233e-007	-1.4439e+013	-1.4406e+013	1.4406e+013	5.2500e-015
1.360e+000	5.7543e-007	-1.4475e+013	-1.4439e+013	1.4439e+013	5.2500e-015
1.370e+000	6.2033e-007	-1.4514e+013	-1.4475e+013	1.4475e+013	5.2500e-015
1.380e+000	6.7908e-007	-1.4556e+013	-1.4514e+013	1.4514e+013	5.2500e-015
1.390e+000	7.5607e-007	-1.4604e+013	-1.4556e+013	1.4556e+013	5.2500e-015
1.400e+000	8.5384e-007	-1.4657e+013	-1.4604e+013	1.4604e+013	5.2500e-015
1.410e+000	9.7388e-007	-1.4718e+013	-1.4657e+013	1.4657e+013	5.2500e-015
1.420e+000	1.1160e-006	-1.4787e+013	-1.4718e+013	1.4718e+013	5.2500e-015
1.430e+000	1.2784e-006	-1.4867e+013	-1.4787e+013	1.4787e+013	5.2500e-015
1.440e+000	1.4556e-006	-1.4958e+013	-1.4867e+013	1.4867e+013	5.2500e-015
1.450e+000	1.6412e-006	-1.5060e+013	-1.4958e+013	1.4958e+013	5.2500e-015
1.460e+000	1.8288e-006	-1.5175e+013	-1.5060e+013	1.5060e+013	5.2500e-015
1.470e+000	2.0118e-006	-1.5300e+013	-1.5175e+013	1.5175e+013	5.2500e-015
1.480e+000	2.1858e-006	-1.5437e+013	-1.5300e+013	1.5300e+013	5.2500e-015
1.490e+000	2.3479e-006	-1.5583e+013	-1.5437e+013	1.5437e+013	5.2500e-015
1.500e+000	2.4969e-006	-1.5739e+013	-1.5583e+013	1.5583e+013	5.2500e-015
1.510e+000	2.6330e-006	-1.5903e+013	-1.5739e+013	1.5739e+013	5.2500e-015
1.520e+000	2.7564e-006	-1.6075e+013	-1.5903e+013	1.5903e+013	5.2500e-015
1.530e+000	2.8682e-006	-1.6254e+013	-1.6075e+013	1.6075e+013	5.2500e-015
1.540e+000	2.9697e-006	-1.6440e+013	-1.6254e+013	1.6254e+013	5.2500e-015
1.550e+000	3.0621e-006	-1.6631e+013	-1.6440e+013	1.6440e+013	5.2500e-015
1.560e+000	3.1464e-006	-1.6827e+013	-1.6631e+013	1.6631e+013	5.2500e-015
1.570e+000	3.2239e-006	-1.7028e+013	-1.6827e+013	1.6827e+013	5.2500e-015
1.580e+000	3.2952e-006	-1.7234e+013	-1.7028e+013	1.7028e+013	5.2500e-015
1.590e+000	3.3613e-006	-1.7444e+013	-1.7234e+013	1.7234e+013	5.2500e-015
1.600e+000	3.4228e-006	-1.7658e+013	-1.7444e+013	1.7444e+013	5.2500e-015
1.610e+000	3.4803e-006	-1.7875e+013	-1.7658e+013	1.7658e+013	5.2500e-015
1.620e+000	3.5343e-006	-1.8095e+013	-1.7875e+013	1.7875e+013	5.2500e-015
1.630e+000	3.5851e-006	-1.8319e+013	-1.8095e+013	1.8095e+013	5.2500e-015
1.640e+000	3.6332e-006	-1.8546e+013	-1.8319e+013	1.8319e+013	5.2500e-015
1.650e+000	3.6788e-006	-1.8776e+013	-1.8546e+013	1.8546e+013	5.2500e-015
1.660e+000	3.7223e-006	-1.9008e+013	-1.8776e+013	1.8775e+013	5.2500e-015
1.670e+000	3.7638e-006	-1.9243e+013	-1.9008e+013	1.9008e+013	5.2500e-015
1.680e+000	3.8035e-006	-1.9480e+013	-1.9243e+013	1.9243e+013	5.2500e-015
1.690e+000	3.8416e-006	-1.9720e+013	-1.9480e+013	1.9480e+013	5.2500e-015
1.700e+000	3.8782e-006	-1.9962e+013	-1.9720e+013	1.9720e+013	5.2500e-015
1.710e+000	3.9135e-006	-2.0206e+013	-1.9962e+013	1.9962e+013	5.2500e-015
1.720e+000	3.9443e-006	-2.0452e+013	-2.0206e+013	2.0206e+013	5.2500e-015
1.730e+000	3.9362e-006	-2.0698e+013	-2.0452e+013	2.0452e+013	5.2500e-015
1.740e+000	3.9626e-006	-2.0945e+013	-2.0698e+013	2.0698e+013	5.2500e-015
1.750e+000	3.9880e-006	-2.1194e+013	-2.0945e+013	2.0945e+013	5.2500e-015
1.760e+000	4.0124e-006	-2.1445e+013	-2.1194e+013	2.1194e+013	5.2500e-015
1.770e+000	4.0360e-006	-2.1697e+013	-2.1445e+013	2.1445e+013	5.2500e-015
1.780e+000	4.0587e-006	-2.1950e+013	-2.1697e+013	2.1697e+013	5.2500e-015
1.790e+000	4.0807e-006	-2.2205e+013	-2.1950e+013	2.1950e+013	5.2500e-015
1.800e+000	4.1019e-006	-2.2461e+013	-2.2205e+013	2.2205e+013	5.2500e-015
1.810e+000	4.1225e-006	-2.2718e+013	-2.2461e+013	2.2461e+013	5.2500e-015
1.820e+000	4.1424e-006	-2.2977e+013	-2.2718e+013	2.2718e+013	5.2500e-015
1.830e+000	4.1618e-006	-2.3236e+013	-2.2977e+013	2.2977e+013	5.2500e-015
1.840e+000	4.1806e-006	-2.3497e+013	-2.3236e+013	2.3236e+013	5.2500e-015
1.850e+000	4.1989e-006	-2.3759e+013	-2.3497e+013	2.3497e+013	5.2500e-015
1.860e+000	4.2166e-006	-2.4023e+013	-2.3759e+013	2.3759e+013	5.2500e-015
1.870e+000	4.2340e-006	-2.4287e+013	-2.4023e+013	2.4022e+013	5.2500e-015
1.880e+000	4.2508e-006	-2.4552e+013	-2.4287e+013	2.4287e+013	5.2500e-015
1.890e+000	4.2673e-006	-2.4818e+013	-2.4552e+013	2.4552e+013	5.2500e-015
1.900e+000	4.2833e-006	-2.5086e+013	-2.4818e+013	2.4818e+013	5.2500e-015
1.910e+000	4.2989e-006	-2.5354e+013	-2.5086e+013	2.5086e+013	5.2500e-015
1.920e+000	4.3142e-006	-2.5623e+013	-2.5354e+013	2.5354e+013	5.2500e-015
1.930e+000	4.3292e-006	-2.5894e+013	-2.5623e+013	2.5623e+013	5.2500e-015
1.940e+000	4.3438e-006	-2.6165e+013	-2.5894e+013	2.5894e+013	5.2500e-015
1.950e+000	4.3580e-006	-2.6437e+013	-2.6165e+013	2.6165e+013	5.2500e-015
1.960e+000	4.3720e-006	-2.6710e+013	-2.6437e+013	2.6437e+013	5.2500e-015
1.970e+000	4.3857e-006	-2.6983e+013	-2.6710e+013	2.6710e+013	5.2500e-015
1.980e+000	4.3960e-006	-2.7258e+013	-2.6983e+013	2.6983e+013	5.2500e-015
1.990e+000	4.4027e-006	-2.7532e+013	-2.7258e+013	2.7258e+013	5.2500e-015
2.000e+000	4.4151e-006	-2.7808e+013	-2.7532e+013	2.7532e+013	5.2500e-015
2.010e+000	4.4273e-006	-2.8084e+013	-2.7808e+013	2.7808e+013	5.2500e-015
2.020e+000	4.4392e-006	-2.8361e+013	-2.8084e+013	2.8084e+013	5.2500e-015
2.030e+000	4.4510e-006	-2.8639e+013	-2.8361e+013	2.8361e+013	5.2500e-015
2.040e+000	4.4625e-006	-2.8918e+013	-2.8639e+013	2.8639e+013	5.2500e-015
2.050e+000	4.4737e-006	-2.9197e+013	-2.8918e+013	2.8918e+013	5.2500e-015
2.060e+000	4.4848e-006	-2.9477e+013	-2.9197e+013	2.9197e+013	5.2500e-015
2.070e+000	4.4957e-006	-2.9758e+013	-2.9477e+013	2.9477e+013	5.2500e-015
2.080e+000	4.5064e-006	-3.0039e+013	-2.9758e+013	2.9758e+013	5.2500e-015
2.090e+000	4.5169e-006	-3.0321e+013	-3.0039e+013	3.0039e+013	5.2500e-015
2.100e+000	4.5273e-006	-3.0603e+013	-3.0321e+013	3.0321e+013	5.2500e-015
2.110e+000	4.5375e-006	-3.0887e+013	-3.0603e+013	3.0603e+013	5.2500e-015
2.120e+000	4.5475e-006	-3.1170e+013	-3.0887e+013	3.0886e+013	5.2500e-015
2.130e+000	4.5573e-006	-3.1455e+013	-3.1170e+013	3.1170e+013	5.2500e-015
2.140e+000	4.5670e-006	-3.1740e+013	-3.1455e+013	3.1455e+013	5.2500e-015
2.150e+000	4.5766e-006	-3.2025e+013	-3.1740e+013	3.1740e+013	5.2500e-015
2.160e+000	4.5860e-006	-3.2312e+013	-3.2025e+013	3.2025e+013	5.2500e-015
2.170e+000	4.5953e-006	-3.2599e+013	-3.2312e+013	3.2312e+013	5.2500e-015
2.180e+000	4.6044e-006	-3.2886e+013	-3.2599e+013	3.2598e+013	5.2500e-015
2.190e+000	4.6134e-006	-3.3174e+013	-3.2886e+013	3.2886e+013	5.2500e-015
2.200e+000	4.6223e-006	-3.3462e+013	-3.3174e+013	3.3174e+013	5.2500e-015
2.210e+000	4.6310e-006	-3.3751e+013	-3.3462e+013	3.3462e+013	5.2500e-015
2.220e+000	4.6396e-006	-3.4041e+013	-3.3751e+013	3.3751e+013	5.2500e-015
2.230e+000	4.6481e-006	-3.4331e+013	-3.4041e+013	3.4041e+013	5.2500e-015
2.240e+000	4.6565e-006	-3.4622e+013	-3.4331e+013	3.4331e+013	5.2500e-015
2.250e+000	4.6648e-006	-3.4913e+013	-3.4622e+013	3.4622e+013	5.2500e-015
2.260e+000	4.6730e-006	-3.5205e+013	-3.4913e+013	3.4913e+013	5.2500e-015
2.270e+000	4.6810e-006	-3.5497e+013	-3.5205e+013	3.5205e+013	5.2500e-015
2.280e+000	4.6890e-006	-3.5789e+013	-3.5497e+013	3.5497e+013	5.2500e-015
2.290e+000	4.6968e-006	-3.6083e+013	-3.5789e+013	3.5789e+013	5.2500e-015
2.300e+000	4.7046e-006	-3.6376e+013	-3.6083e+013	3.6082e+013	5.2500e-015
2.310e+000	4.7122e-006	-3.6670e+013	-3.6376e+013	3.6376e+013	5.2500e-015
2.320e+000	4.7198e-006	-3.6965e+013	-3.6670e+013	3.6670e+013	5.2500e-015
2.330e+000	4.7273e-006	-3.7260e+013	-3.6965e+013	3.6965e+013	5.2500e-015
2.340e+000	4.7347e-006	-3.7555e+013	-3.7260e+013	3.7260e+013	5.2500e-015
2.350e+000	4.7420e-006	-3.7851e+013	-3.7555e+013	3.7555e+013	5.2500e-015
2.360e+000	4.7492e-006	-3.8148e+013	-3.7851e+013	3.7851e+013	5.2500e-015
2.370e+000	4.7563e-006	-3.8445e+013	-3.8148e+013	3.8148e+013	5.2500e-015
2.380e+000	4.7634e-006	-3.8742e+013	-3.8445e+013	3.8445e+013	5.2500e-015
2.390e+000	4.7703e-006	-3.9040e+013	-3.8742e+013	3.8742e+013	5.2500e-015
2.400e+000	4.7772e-006	-3.9338e+013	-3.9040e+013	3.9040e+013	5.2500e-015
2.410e+000	4.7840e-006	-3.9636e+013	-3.9338e+013	3.9338e+013	5.2500e-015
2.420e+000	4.7908e-006	-3.9936e+013	-3.9636e+013	3.9636e+013	5.2500e-015
2.430e+000	4.7974e-006	-4.0235e+013	-3.9936e+013	3.9935e+013	5.2500e-015
2.440e+000	4.8040e-006	-4.0535e+013	-4.0235e+013	4.0235e+013	5.2500e-015
2.450e+000	4.8106e-006	-4.0835e+013	-4.0535e+013	4.0535e+013	5.2500e-015
2.460e+000	4.8170e-006	-4.1136e+013	-4.0835e+013	4.0835e+013	5.2500e-015
2.470e+000	4.8234e-006	-4.1437e+013	-4.1136e+013	4.1136e+013	5.2500e-015
2.480e+000	4.8297e-006	-4.1738e+013	-4.1437e+013	4.1437e+013	5.2500e-015
2.490e+000	4.8360e-006	-4.2040e+013	-4.1738e+013	4.1738e+013	5.2500e-015
2.500e+000	4.8422e-006	-4.2342e+013	-4.2040e+013	4.2040e+013	5.2500e-015
2.510e+000	4.8483e-006	-4.2645e+013	-4.2342e+013	4.2342e+013	5.2500e-015
2.520e+000	4.8544e-006	-4.2948e+013	-4.2645e+013	4.2645e+013	5.2500e-015
2.530e+000	4.8604e-006	-4.3251e+013	-4.2948e+013	4.2948e+013	5.2500e-015
2.540e+000	4.8664e-006	-4.3555e+013	-4.3251e+013	4.3251e+013	5.2500e-015
2.550e+000	4.8723e-006	-4.3859e+013	-4.3555e+013	4.3555e+013	5.2500e-015
2.560e+000	4.8781e-006	-4.4164e+013	-4.3859e+013	4.3859e+013	5.2500e-015
2.570e+000	4.8831e-006	-4.4468e+013	-4.4164e+013	4.4163e+013	5.2500e-015
2.580e+000	4.8880e-006	-4.4773e+013	-4.4468e+013	4.4468e+013	5.2500e-015
2.590e+000	4.8937e-006	-4.5079e+013	-4.4773e+013	4.4773e+013	5.2500e-015
2.600e+000	4.8993e-006	-4.5385e+013	-4.5079e+013	4.5079e+013	5.2500e-015
2.610e+000	4.9048e-006	-4.5691e+013	-4.5385e+013	4.5385e+013	5.2500e-015
2.620e+000	4.9103e-006	-4.5997e+013	-4.5691e+013	4.5691e+013	5.2500e-015
2.630e+000	4.9158e-006	-4.6304e+013	-4.5997e+013	4.5997e+013	5.2500e-015
2.640e+000	4.9212e-006	-4.6611e+013	-4.6304e+013	4.6304e+013	5.2500e-015
2.650e+000	4.9265e-006	-4.6919e+013	-4.6611e+013	4.6611e+013	5.2500e-015
2.660e+000	4.9318e-006	-4.7226e+013	-4.6919e+013	4.6919e+013	5.2500e-015
2.670e+000	4.9371e-006	-4.7535e+013	-4.7226e+013	4.7226e+013	5.2500e-015
2.680e+000	4.9423e-006	-4.7843e+013	-4.7535e+013	4.7535e+013	5.2500e-015
2.690e+000	4.9475e-006	-4.8152e+013	-4.7843e+013	4.7843e+013	5.2500e-015
2.700e+000	4.9526e-006	-4.8461e+013	-4.8152e+013	4.8152e+013	5.2500e-015
2.710e+000	4.9577e-006	-4.8770e+013	-4.8461e+013	4.8461e+013	5.2500e-015
2.720e+000	4.9627e-006	-4.9080e+013	-4.8770e+013	4.8770e+013	5.2500e-015
2.730e+000	4.9677e-006	-4.9390e+013	-4.9080e+013	4.9080e+013	5.2500e-015
2.740e+000	4.9727e-006	-4.9701e+013	-4.9390e+013	4.9390e+013	5.2500e-015
2.750e+000	4.9776e-006	-5.0011e+013	-4.9701e+013	4.9701e+013	5.2500e-015
2.760e+000	4.9825e-006	-5.0322e+013	-5.0011e+013	5.0011e+013	5.2500e-015
2.770e+000	4.9873e-006	-5.0634e+013	-5.0322e+013	5.0322e+013	5.2500e-015
2.780e+000	4.9921e-006	-5.0945e+013	-5.0634e+013	5.0634e+013	5.2500e-015
2.790e+000	4.9969e-006	-5.1257e+013	-5.0945e+013	5.0945e+013	5.2500e-015
2.800e+000	5.0016e-006	-5.1569e+013	-5.1257e+013	5.1257e+013	5.2500e-015
2.810e+000	5.0063e-006	-5.1882e+013	-5.1569e+013	5.1569e+013	5.2500e-015
2.820e+000	5.0110e-006	-5.2194e+013	-5.1882e+013	5.1882e+013	5.2500e-015
2.830e+000	5.0156e-006	-5.2507e+013	-5.2194e+013	5.2194e+013	5.2500e-015
2.840e+000	5.0202e-006	-5.2821e+013	-5.2507e+013	5.2507e+013	5.2500e-015
2.850e+000	5.0247e-006	-5.3134e+013	-5.2821e+013	5.2821e+013	5.2500e-015
2.860e+000	5.0292e-006	-5.3448e+013	-5.3134e+013	5.3134e+013	5.2500e-015
2.870e+000	5.0337e-006	-5.3763e+013	-5.3448e+013	5.3448e+013	5.2500e-015
2.880e+000	5.0382e-006	-5.4077e+013	-5.3763e+013	5.3762e+013	5.2500e-015
2.890e+000	5.0426e-006	-5.4392e+013	-5.4077e+013	5.4077e+013	5.2500e-015
2.900e+000	5.0469e-006	-5.4707e+013	-5.4392e+013	5.4392e+013	5.2500e-015
2.910e+000	5.0513e-006	-5.5022e+013	-5.4707e+013	5.4707e+013	5.2500e-015
2.920e+000	5.0556e-006	-5.5338e+013	-5.5022e+013	5.5022e+013	5.2500e-015
2.930e+000	5.0599e-006	-5.5653e+013	-5.5338e+013	5.5337e+013	5.2500e-015
2.940e+000	5.0642e-006	-5.5969e+013	-5.5653e+013	5.5653e+013	5.2500e-015
2.950e+000	5.0684e-006	-5.6286e+013	-5.5969e+013	5.5969e+013	5.2500e-015
2.960e+000	5.0726e-006	-5.6602e+013	-5.6286e+013	5.6286e+013	5.2500e-015
2.970e+000	5.0768e-006	-5.6919e+013	-5.6602e+013	5.6602e+013	5.2500e-015
2.980e+000	5.0809e-006	-5.7236e+013	-5.6919e+013	5.6919e+013	5.2500e-015
2.990e+000	5.0850e-006	-5.7554e+013	-5.7236e+013	5.7236e+013	5.2500e-015
3.000e+000	5.0891e-006	-5.7871e+013	-5.7554e+013	5.7554e+013	5.2500e-015
3.010e+000	5.0931e-006	-5.8189e+013	-5.7871e+013	5.7871e+013	5.2500e-015
3.020e+000	5.0972e-006	-5.8507e+013	-5.8189e+013	5.8189e+013	5.2500e-015
3.030e+000	5.1012e-006	-5.8826e+013	-5.8507e+013	5.8507e+013	5.2500e-015
3.040e+000	5.1051e-006	-5.9144e+013	-5.8826e+013	5.8826e+013	5.2500e-015
3.050e+000	5.1091e-006	-5.9463e+013	-5.9144e+013	5.9144e+013	5.2500e-015
3.060e+000	5.1130e-006	-5.9782e+013	-5.9463e+013	5.9463e+013	5.2500e-015
3.070e+000	5.1169e-006	-6.0102e+013	-5.9782e+013	5.9782e+013	5.2500e-015
3.080e+000	5.1208e-006	-6.0421e+013	-6.0102e+013	6.0102e+013	5.2500e-015
3.090e+000	5.1246e-006	-6.0741e+013	-6.0421e+013	6.0421e+013	5.2500e-015
3.100e+000	5.1284e-006	-6.1061e+013	-6.0741e+013	6.0741e+013	5.2500e-015
3.110e+000	5.1322e-006	-6.1382e+013	-6.1061e+013	6.1061e+013	5.2500e-015
3.120e+000	5.1360e-006	-6.1702e+013	-6.1382e+013	6.1382e+013	5.2500e-015
3.130e+000	5.1398e-006	-6.2023e+013	-6.1702e+013	6.1702e+013	5.2500e-015
3.140e+000	5.1435e-006	-6.2344e+013	-6.2023e+013	6.2023e+013	5.2500e-015
3.150e+000	5.1472e-006	-6.2665e+013	-6.2344e+013	6.2344e+013	5.2500e-015
3.160e+000	5.1509e-006	-6.2987e+013	-6.2665e+013	6.2665e+013	5.2500e-015
3.170e+000	5.1545e-006	-6.3309e+013	-6.2987e+013	6.2987e+013	5.2500e-015
3.180e+000	5.1582e-006	-6.3631e+013	-6.3309e+013	6.3309e+013	5.2500e-015
3.190e+000	5.1618e-006	-6.3953e+013	-6.3631e+013	6.3630e+013	5.2500e-015
3.200e+000	5.1654e-006	-6.4275e+013	-6.3953e+013	6.3953e+013	5.2500e-015
3.210e+000	5.1689e-006	-6.4598e+013	-6.4275e+013	6.4275e+013	5.2500e-015
3.220e+000	5.1725e-006	-6.4921e+013	-6.4598e+013	6.4598e+013	5.2500e-015
3.230e+000	5.1760e-006	-6.5244e+013	-6.4921e+013	6.4921e+013	5.2500e-015
3.240e+000	5.1795e-006	-6.5567e+013	-6.5244e+013	6.5244e+013	5.2500e-015
3.250e+000	5.1830e-006	-6.5890e+013	-6.5567e+013	6.5567e+013	5.2500e-015
3.260e+000	5.1864e-006	-6.6214e+013	-6.5890e+013	6.5890e+013	5.2500e-015
3.270e+000	5.1899e-006	-6.6538e+013	-6.6214e+013	6.6214e+013	5.2500e-015
3.280e+000	5.1933e-006	-6.6862e+013	-6.6538e+013	6.6538e+013	5.2500e-015
3.290e+000	5.1967e-006	-6.7187e+013	-6.6862e+013	6.6862e+013	5.2500e-015
3.300e+000	5.2001e-006	-6.7511e+013	-6.7187e+013	6.7186e+013	5.2500e-015
3.310e+000	5.2035e-006	-6.7836e+013	-6.7511e+013	6.7511e+013	5.2500e-015
3.320e+000	5.2068e-006	-6.8161e+013	-6.7836e+013	6.7836e+013	5.2500e-015
3.330e+000	5.2101e-006	-6.8486e+013	-6.8161e+013	6.8161e+013	5.2500e-015
3.340e+000	5.2134e-006	-6.8811e+013	-6.8486e+013	6.8486e+013	5.2500e-015
3.350e+000	5.2167e-006	-6.9137e+013	-6.8811e+013	6.8811e+013	5.2500e-015
3.360e+000	5.2200e-006	-6.9463e+013	-6.9137e+013	6.9137e+013	5.2500e-015
3.370e+000	5.2232e-006	-6.9789e+013	-6.9463e+013	6.9463e+013	5.2500e-015
3.380e+000	5.2265e-006	-7.0115e+013	-6.9789e+013	6.9789e+013	5.2500e-015
3.390e+000	5.2297e-006	-7.0441e+013	-7.0115e+013	7.0115e+013	5.2500e-015
3.400e+000	5.2329e-006	-7.0768e+013	-7.0441e+013	7.0441e+013	5.2500e-015
3.410e+000	5.2361e-006	-7.1095e+013	-7.0768e+013	7.0768e+013	5.2500e-015
3.420e+000	5.2392e-006	-7.1422e+013	-7.1095e+013	7.1095e+013	5.2500e-015
3.430e+000	5.2424e-006	-7.1749e+013	-7.1422e+013	7.1422e+013	5.2500e-015
3.440e+000	5.2455e-006	-7.2076e+013	-7.1749e+013	7.1749e+013	5.2500e-015
3.450e+000	5.2486e-006	-7.2404e+013	-7.2076e+013	7.2076e+013	5.2500e-015
3.460e+000	5.2517e-006	-7.2732e+013	-7.2404e+013	7.2404e+013	5.2500e-015
3.470e+000	5.2548e-006	-7.3060e+013	-7.2732e+013	7.2732e+013	5.2500e-015
3.480e+000	5.2579e-006	-7.3388e+013	-7.3060e+013	7.3060e+013	5.2500e-015
3.490e+000	5.2609e-006	-7.3716e+013	-7.3388e+013	7.3388e+013	5.2500e-015
3.500e+000	5.2640e-006	-7.4045e+013	-7.3716e+013	7.3716e+013	5.2500e-015
3.510e+000	5.2670e-006	-7.4374e+013	-7.4045e+013	7.4045e+013	5.2500e-015
3.520e+000	5.2700e-006	-7.4703e+013	-7.4374e+013	7.4374e+013	5.2500e-015
3.530e+000	5.2730e-006	-7.5032e+013	-7.4703e+013	7.4703e+013	5.2500e-015
3.540e+000	5.2759e-006	-7.5361e+013	-7.5032e+013	7.5032e+013	5.2500e-015
3.550e+000	5.2789e-006	-7.5690e+013	-7.5361e+013	7.5361e+013	5.2500e-015
3.560e+000	5.2818e-006	-7.6020e+013	-7.5690e+013	7.5690e+013	5.2500e-015
3.570e+000	5.2847e-006	-7.6350e+013	-7.6020e+013	7.6020e+013	5.2500e-015
3.580e+000	5.2877e-006	-7.6680e+013	-7.6350e+013	7.6350e+013	5.2500e-015
3.590e+000	5.2906e-006	-7.7010e+013	-7.6680e+013	7.6680e+013	5.2500e-015
3.600e+000	5.2934e-006	-7.7341e+013	-7.7010e+013	7.7010e+013	5.2500e-015
3.610e+000	5.2963e-006	-7.7671e+013	-7.7341e+013	7.7341e+013	5.2500e-015
3.620e+000	5.2992e-006	-7.8002e+013	-7.7671e+013	7.7671e+013	5.2500e-015
3.630e+000	5.3020e-006	-7.8333e+013	-7.8002e+013	7.8002e+013	5.2500e-015
3.640e+000	5.3048e-006	-7.8664e+013	-7.8333e+013	7.8333e+013	5.2500e-015
3.650e+000	5.3076e-006	-7.8995e+013	-7.8664e+013	7.8664e+013	5.2500e-015
3.660e+000	5.3104e-006	-7.9327e+013	-7.8995e+013	7.8995e+013	5.2500e-015
3.670e+000	5.3132e-006	-7.9658e+013	-7.9327e+013	7.9327e+013	5.2500e-015
3.680e+000	5.3160e-006	-7.9990e+013	-7.9658e+013	7.9658e+013	5.2500e-015
3.690e+000	5.3188e-006	-8.0322e+013	-7.9990e+013	7.9990e+013	5.2500e-015
3.700e+000	5.3215e-006	-8.0654e+013	-8.0322e+013	8.0322e+013	5.2500e-015
3.710e+000	5.3242e-006	-8.0987e+013	-8.0654e+013	8.0654e+013	5.2500e-015
3.720e+000	5.3269e-006	-8.1319e+013	-8.0987e+013	8.0986e+013	5.2500e-015
3.730e+000	5.3297e-006	-8.1652e+013	-8.1319e+013	8.1319e+013	5.2500e-015
3.740e+000	5.3323e-006	-8.1984e+013	-8.1652e+013	8.1652e+013	5.2500e-015
3.750e+000	5.3350e-006	-8.2317e+013	-8.1984e+013	8.1984e+013	5.2500e-015
3.760e+000	5.3377e-006	-8.2651e+013	-8.2317e+013	8.2317e+013	5.2500e-015
3.770e+000	5.3404e-006	-8.2984e+013	-8.2651e+013	8.2651e+013	5.2500e-015
3.780e+000	5.3430e-006	-8.3317e+013	-8.2984e+013	8.2984e+013	5.2500e-015
3.790e+000	5.3456e-006	-8.3651e+013	-8.3317e+013	8.3317e+013	5.2500e-015
3.800e+000	5.3483e-006	-8.3985e+013	-8.3651e+013	8.3651e+013	5.2500e-015
3.810e+000	5.3509e-006	-8.4319e+013	-8.3985e+013	8.3985e+013	5.2500e-015
3.820e+000	5.3535e-006	-8.4653e+013	-8.4319e+013	8.4319e+013	5.2500e-015
3.830e+000	5.3560e-006	-8.4987e+013	-8.4653e+013	8.4653e+013	5.2500e-015
3.840e+000	5.3586e-006	-8.5322e+013	-8.4987e+013	8.4987e+013	5.2500e-015
3.850e+000	5.3612e-006	-8.5656e+013	-8.5322e+013	8.5322e+013	5.2500e-015
3.860e+000	5.3637e-006	-8.5991e+013	-8.5656e+013	8.5656e+013	5.2500e-015
3.870e+000	5.3663e-006	-8.6326e+013	-8.5991e+013	8.5991e+013	5.2500e-015
3.880e+000	5.3688e-006	-8.6661e+013	-8.6326e+013	8.6326e+013	5.2500e-015
3.890e+000	5.3713e-006	-8.6996e+013	-8.6661e+013	8.6661e+013	5.2500e-015
3.900e+000	5.3738e-006	-8.7332e+013	-8.6996e+013	8.6996e+013	5.2500e-015
3.910e+000	5.3763e-006	-8.7667e+013	-8.7332e+013	8.7332e+013	5.2500e-015
3.920e+000	5.3788e-006	-8.8003e+013	-8.7667e+013	8.7667e+013	5.2500e-015
3.930e+000	5.3813e-006	-8.8339e+013	-8.8003e+013	8.8003e+013	5.2500e-015
3.940e+000	5.3837e-006	-8.8675e+013	-8.8339e+013	8.8339e+013	5.2500e-015
3.950e+000	5.3862e-006	-8.9011e+013	-8.8675e+013	8.8675e+013	5.2500e-015
3.960e+000	5.3886e-006	-8.9347e+013	-8.9011e+013	8.9011e+013	5.2500e-015
3.970e+000	5.3911e-006	-8.9684e+013	-8.9347e+013	8.9347e+013	5.2500e-015
3.980e+000	5.3935e-006	-9.0021e+013	-8.9684e+013	8.9684e+013	5.2500e-015
3.990e+000	5.3959e-006	-9.0357e+013	-9.0021e+013	9.0021e+013	5.2500e-015
4.000e+000	5.3983e-006	-9.0694e+013	-9.0357e+013	9.0357e+013	5.2500e-015
4.010e+000	5.4007e-006	-9.1031e+013	-9.0694e+013	9.0694e+013	5.2500e-015
4.020e+000	5.4031e-006	-9.1369e+013	-9.1031e+013	9.1031e+013	5.2500e-015
4.030e+000	5.4054e-006	-9.1706e+013	-9.1369e+013	9.1369e+013	5.2500e-015
4.040e+000	5.4078e-006	-9.2044e+013	-9.1706e+013	9.1706e+013	5.2500e-015
4.050e+000	5.4101e-006	-9.2381e+013	-9.2044e+013	9.2044e+013	5.2500e-015
4.060e+000	5.4125e-006	-9.2719e+013	-9.2381e+013	9.2381e+013	5.2500e-015
4.070e+000	5.4148e-006	-9.3057e+013	-9.2719e+013	9.2719e+013	5.2500e-015
4.080e+000	5.4171e-006	-9.3395e+013	-9.3057e+013	9.3057e+013	5.2500e-015
4.090e+000	5.4194e-006	-9.3733e+013	-9.3395e+013	9.3395e+013	5.2500e-015
4.100e+000	5.4217e-006	-9.4072e+013	-9.3733e+013	9.3733e+013	5.2500e-015
4.110e+000	5.4240e-006	-9.4410e+013	-9.4072e+013	9.4072e+013	5.2500e-015
4.120e+000	5.4263e-006	-9.4749e+013	-9.4410e+013	9.4410e+013	5.2500e-015
4.130e+000	5.4286e-006	-9.5088e+013	-9.4749e+013	9.4749e+013	5.2500e-015
4.140e+000	5.4308e-006	-9.5427e+013	-9.5088e+013	9.5088e+013	5.2500e-015
4.150e+000	5.4329e-006	-9.5766e+013	-9.5427e+013	9.5427e+013	5.2500e-015
4.160e+000	5.4352e-006	-9.6105e+013	-9.5766e+013	9.5766e+013	5.2500e-015
4.170e+000	5.4374e-006	-9.6444e+013	-9.6105e+013	9.6105e+013	5.2500e-015
4.180e+000	5.4396e-006	-9.6784e+013	-9.6444e+013	9.6444e+013	5.2500e-015
4.190e+000	5.4419e-006	-9.7124e+013	-9.6784e+013	9.6784e+013	5.2500e-015
4.200e+000	5.4441e-006	-9.7463e+013	-9.7124e+013	9.7124e+013	5.2500e-015
4.210e+000	5.4463e-006	-9.7803e+013	-9.7463e+013	9.7463e+013	5.2500e-015
4.220e+000	5.4485e-006	-9.8143e+013	-9.7803e+013	9.7803e+013	5.2500e-015
4.230e+000	5.4507e-006	-9.8484e+013	-9.8143e+013	9.8143e+013	5.2500e-015
4.240e+000	5.4528e-006	-9.8824e+013	-9.8484e+013	9.8484e+013	5.2500e-015
4.250e+000	5.4550e-006	-9.9164e+013	-9.8824e+013	9.8824e+013	5.2500e-015
4.260e+000	5.4572e-006	-9.9505e+013	-9.9164e+013	9.9164e+013	5.2500e-015
4.270e+000	5.4593e-006	-9.9846e+013	-9.9505e+013	9.9505e+013	5.2500e-015
4.280e+000	5.4615e-006	-1.0019e+014	-9.9846e+013	9.9846e+013	5.2500e-015
4.290e+000	5.4636e-006	-1.0053e+014	-1.0019e+014	1.0019e+014	5.2500e-015
4.300e+000	5.4657e-006	-1.0087e+014	-1.0053e+014	1.0053e+014	5.2500e-015
4.310e+000	5.4679e-006	-1.0121e+014	-1.0087e+014	1.0087e+014	5.2500e-015
4.320e+000	5.4700e-006	-1.0155e+014	-1.0121e+014	1.0121e+014	5.2500e-015
4.330e+000	5.4721e-006	-1.0189e+014	-1.0155e+014	1.0155e+014	5.2500e-015
4.340e+000	5.4742e-006	-1.0223e+014	-1.0189e+014	1.0189e+014	5.2500e-015
4.350e+000	5.4763e-006	-1.0258e+014	-1.0223e+014	1.0223e+014	5.2500e-015
4.360e+000	5.4783e-006	-1.0292e+014	-1.0258e+014	1.0258e+014	5.2500e-015
4.370e+000	5.4804e-006	-1.0326e+014	-1.0292e+014	1.0292e+014	5.2500e-015
4.380e+000	5.4825e-006	-1.0360e+014	-1.0326e+014	1.0326e+014	5.2500e-015
4.390e+000	5.4845e-006	-1.0395e+014	-1.0360e+014	1.0360e+014	5.2500e-015
4.400e+000	5.4866e-006	-1.0429e+014	-1.0395e+014	1.0395e+014	5.2500e-015
4.410e+000	5.4886e-006	-1.0463e+014	-1.0429e+014	1.0429e+014	5.2500e-015
4.420e+000	5.4907e-006	-1.0497e+014	-1.0463e+014	1.0463e+014	5.2500e-015
4.430e+000	5.4927e-006	-1.0532e+014	-1.0497e+014	1.0497e+014	5.2500e-015
4.440e+000	5.4947e-006	-1.0566e+014	-1.0532e+014	1.0532e+014	5.2500e-015
4.450e+000	5.4967e-006	-1.0600e+014	-1.0566e+014	1.0566e+014	5.2500e-015
4.460e+000	5.4987e-006	-1.0634e+014	-1.0600e+014	1.0600e+014	5.2500e-015
4.470e+000	5.5007e-006	-1.0669e+014	-1.0634e+014	1.0634e+014	5.2500e-015
4.480e+000	5.5027e-006	-1.0703e+014	-1.0669e+014	1.0669e+014	5.2500e-015
4.490e+000	5.5047e-006	-1.0738e+014	-1.0703e+014	1.0703e+014	5.2500e-015
4.500e+000	5.5067e-006	-1.0772e+014	-1.0738e+014	1.0738e+014	5.2500e-015
4.510e+000	5.5087e-006	-1.0806e+014	-1.0772e+014	1.0772e+014	5.2500e-015
4.520e+000	5.5106e-006	-1.0841e+014	-1.0806e+014	1.0806e+014	5.2500e-015
4.530e+000	5.5126e-006	-1.0875e+014	-1.0841e+014	1.0841e+014	5.2500e-015
4.540e+000	5.5145e-006	-1.0909e+014	-1.0875e+014	1.0875e+014	5.2500e-015
4.550e+000	5.5165e-006	-1.0944e+014	-1.0909e+014	1.0909e+014	5.2500e-015
4.560e+000	5.5184e-006	-1.0978e+014	-1.0944e+014	1.0944e+014	5.2500e-015
4.570e+000	5.5203e-006	-1.1013e+014	-1.0978e+014	1.0978e+014	5.2500e-015
4.580e+000	5.5223e-006	-1.1047e+014	-1.1013e+014	1.1013e+014	5.2500e-015
4.590e+000	5.5242e-006	-1.1082e+014	-1.1047e+014	1.1047e+014	5.2500e-015
4.600e+000	5.5261e-006	-1.1116e+014	-1.1082e+014	1.1082e+014	5.2500e-015
4.610e+000	5.5280e-006	-1.1151e+014	-1.1116e+014	1.1116e+014	5.2500e-015
4.620e+000	5.5299e-006	-1.1185e+014	-1.1151e+014	1.1151e+014	5.2500e-015
4.630e+000	5.5318e-006	-1.1220e+014	-1.1185e+014	1.1185e+014	5.2500e-015
4.640e+000	5.5337e-006	-1.1254e+014	-1.1220e+014	1.1220e+014	5.2500e-015
4.650e+000	5.5356e-006	-1.1289e+014	-1.1254e+014	1.1254e+014	5.2500e-015
4.660e+000	5.5374e-006	-1.1323e+014	-1.1289e+014	1.1289e+014	5.2500e-015
4.670e+000	5.5393e-006	-1.1358e+014	-1.1323e+014	1.1323e+014	5.2500e-015
4.680e+000	5.5411e-006	-1.1393e+014	-1.1358e+014	1.1358e+014	5.2500e-015
4.690e+000	5.5430e-006	-1.1427e+014	-1.1393e+014	1.1393e+014	5.2500e-015
4.700e+000	5.5448e-006	-1.1462e+014	-1.1427e+014	1.1427e+014	5.2500e-015
4.710e+000	5.5467e-006	-1.1496e+014	-1.1462e+014	1.1462e+014	5.2500e-015
4.720e+000	5.5485e-006	-1.1531e+014	-1.1496e+014	1.1496e+014	5.2500e-015
4.730e+000	5.5503e-006	-1.1566e+014	-1.1531e+014	1.1531e+014	5.2500e-015
4.740e+000	5.5522e-006	-1.1600e+014	-1.1566e+014	1.1566e+014	5.2500e-015
4.750e+000	5.5540e-006	-1.1635e+014	-1.1600e+014	1.1600e+014	5.2500e-015
4.760e+000	5.5558e-006	-1.1670e+014	-1.1635e+014	1.1635e+014	5.2500e-015
4.770e+000	5.5576e-006	-1.1704e+014	-1.1670e+014	1.1670e+014	5.2500e-015
4.780e+000	5.5594e-006	-1.1739e+014	-1.1704e+014	1.1704e+014	5.2500e-015
4.790e+000	5.5612e-006	-1.1774e+014	-1.1739e+014	1.1739e+014	5.2500e-015
4.800e+000	5.5630e-006	-1.1809e+014	-1.1774e+014	1.1774e+014	5.2500e-015
4.810e+000	5.5648e-006	-1.1843e+014	-1.1809e+014	1.1809e+014	5.2500e-015
4.820e+000	5.5665e-006	-1.1878e+014	-1.1843e+014	1.1843e+014	5.2500e-015
4.830e+000	5.5683e-006	-1.1913e+014	-1.1878e+014	1.1878e+014	5.2500e-015
4.840e+000	5.5701e-006	-1.1948e+014	-1.1913e+014	1.1913e+014	5.2500e-015
4.850e+000	5.5718e-006	-1.1982e+014	-1.1948e+014	1.1948e+014	5.2500e-015
4.860e+000	5.5736e-006	-1.2017e+014	-1.1982e+014	1.1982e+014	5.2500e-015
4.870e+000	5.5753e-006	-1.2052e+014	-1.2017e+014	1.2017e+014	5.2500e-015
4.880e+000	5.5771e-006	-1.2087e+014	-1.2052e+014	1.2052e+014	5.2500e-015
4.890e+000	5.5788e-006	-1.2122e+014	-1.2087e+014	1.2087e+014	5.2500e-015
4.900e+000	5.5805e-006	-1.2156e+014	-1.2122e+014	1.2122e+014	5.2500e-015
4.910e+000	5.5823e-006	-1.2191e+014	-1.2156e+014	1.2156e+014	5.2500e-015
4.920e+000	5.5840e-006	-1.2226e+014	-1.2191e+014	1.2191e+014	5.2500e-015
4.930e+000	5.5857e-006	-1.2261e+014	-1.2226e+014	1.2226e+014	5.2500e-015
4.940e+000	5.5874e-006	-1.2296e+014	-1.2261e+014	1.2261e+014	5.2500e-015
4.950e+000	5.5891e-006	-1.2331e+014	-1.2296e+014	1.2296e+014	5.2500e-015
4.960e+000	5.5908e-006	-1.2366e+014	-1.2331e+014	1.2331e+014	5.2500e-015
4.970e+000	5.5925e-006	-1.2400e+014	-1.2366e+014	1.2366e+014	5.2500e-015
4.980e+000	5.5942e-006	-1.2435e+014	-1.2400e+014	1.2400e+014	5.2500e-015
4.990e+000	5.5959e-006	-1.2470e+014	-1.2435e+014	1.2435e+014	5.2500e-015
5.000e+000	5.5975e-006	-1.2505e+014	-1.2470e+014	1.2470e+014	5.2500e-015
5.010e+000	5.5992e-006	-1.2540e+014	-1.2505e+014	1.2505e+014	5.2500e-015
5.020e+000	5.6009e-006	-1.2575e+014	-1.2540e+014	1.2540e+014	5.2500e-015
5.030e+000	5.6026e-006	-1.2610e+014	-1.2575e+014	1.2575e+014	5.2500e-015
5.040e+000	5.6042e-006	-1.2645e+014	-1.2610e+014	1.2610e+014	5.2500e-015
5.050e+000	5.6059e-006	-1.2680e+014	-1.2645e+014	1.2645e+014	5.2500e-015
5.060e+000	5.6075e-006	-1.2715e+014	-1.2680e+014	1.2680e+014	5.2500e-015
5.070e+000	5.6092e-006	-1.2750e+014	-1.2715e+014	1.2715e+014	5.2500e-015
5.080e+000	5.6108e-006	-1.2785e+014	-1.2750e+014	1.2750e+014	5.2500e-015
5.090e+000	5.6124e-006	-1.2820e+014	-1.2785e+014	1.2785e+014	5.2500e-015
5.100e+000	5.6140e-006	-1.2855e+014	-1.2820e+014	1.2820e+014	5.2500e-015
5.110e+000	5.6157e-006	-1.2890e+014	-1.2855e+014	1.2855e+014	5.2500e-015
5.120e+000	5.6173e-006	-1.2925e+014	-1.2890e+014	1.2890e+014	5.2500e-015
5.130e+000	5.6189e-006	-1.2960e+014	-1.2925e+014	1.2925e+014	5.2500e-015
5.140e+000	5.6205e-006	-1.2995e+014	-1.2960e+014	1.2960e+014	5.2500e-015
5.150e+000	5.6221e-006	-1.3031e+014	-1.2995e+014	1.2995e+014	5.2500e-015
5.160e+000	5.6237e-006	-1.3066e+014	-1.3031e+014	1.3031e+014	5.2500e-015
5.170e+000	5.6253e-006	-1.3101e+014	-1.3066e+014	1.3066e+014	5.2500e-015
5.180e+000	5.6269e-006	-1.3136e+014	-1.3101e+014	1.3101e+014	5.2500e-015
5.190e+000	5.6285e-006	-1.3171e+014	-1.3136e+014	1.3136e+014	5.2500e-015
5.200e+000	5.6301e-006	-1.3206e+014	-1.3171e+014	1.3171e+014	5.2500e-015
5.210e+000	5.6316e-006	-1.3241e+014	-1.3206e+014	1.3206e+014	5.2500e-015
5.220e+000	5.6332e-006	-1.3276e+014	-1.3241e+014	1.3241e+014	5.2500e-015
5.230e+000	5.6348e-006	-1.3312e+014	-1.3276e+014	1.3276e+014	5.2500e-015
5.240e+000	5.6363e-006	-1.3347e+014	-1.3312e+014	1.3312e+014	5.2500e-015
5.250e+000	5.6379e-006	-1.3382e+014	-1.3347e+014	1.3347e+014	5.2500e-015
5.260e+000	5.6395e-006	-1.3417e+014	-1.3382e+014	1.3382e+014	5.2500e-015
5.270e+000	5.6410e-006	-1.3452e+014	-1.3417e+014	1.3417e+014	5.2500e-015
5.280e+000	5.6425e-006	-1.3488e+014	-1.3452e+014	1.3452e+014	5.2500e-015
5.290e+000	5.6441e-006	-1.3523e+014	-1.3488e+014	1.3488e+014	5.2500e-015
5.300e+000	5.6456e-006	-1.3558e+014	-1.3523e+014	1.3523e+014	5.2500e-015
5.310e+000	5.6472e-006	-1.3593e+014	-1.3558e+014	1.3558e+014	5.2500e-015
5.320e+000	5.6487e-006	-1.3629e+014	-1.3593e+014	1.3593e+014	5.2500e-015
5.330e+000	5.6502e-006	-1.3664e+014	-1.3629e+014	1.3629e+014	5.2500e-015
5.340e+000	5.6517e-006	-1.3699e+014	-1.3664e+014	1.3664e+014	5.2500e-015
5.350e+000	5.6532e-006	-1.3734e+014	-1.3699e+014	1.3699e+014	5.2500e-015
5.360e+000	5.6547e-006	-1.3770e+014	-1.3734e+014	1.3734e+014	5.2500e-015
5.370e+000	5.6562e-006	-1.3805e+014	-1.3770e+014	1.3770e+014	5.2500e-015
5.380e+000	5.6577e-006	-1.3840e+014	-1.3805e+014	1.3805e+014	5.2500e-015
5.390e+000	5.6592e-006	-1.3876e+014	-1.3840e+014	1.3840e+014	5.2500e-015
5.400e+000	5.6607e-006	-1.3911e+014	-1.3876e+014	1.3876e+014	5.2500e-015
5.410e+000	5.6622e-006	-1.3946e+014	-1.3911e+014	1.3911e+014	5.2500e-015
5.420e+000	5.6637e-006	-1.3982e+014	-1.3946e+014	1.3946e+014	5.2500e-015
5.430e+000	5.6652e-006	-1.4017e+014	-1.3982e+014	1.3982e+014	5.2500e-015
5.440e+000	5.6667e-006	-1.4052e+014	-1.4017e+014	1.4017e+014	5.2500e-015
5.450e+000	5.6681e-006	-1.4088e+014	-1.4052e+014	1.4052e+014	5.2500e-015
5.460e+000	5.6696e-006	-1.4123e+014	-1.4088e+014	1.4088e+014	5.2500e-015
5.470e+000	5.6711e-006	-1.4159e+014	-1.4123e+014	1.4123e+014	5.2500e-015
5.480e+000	5.6725e-006	-1.4194e+014	-1.4159e+014	1.4159e+014	5.2500e-015
5.490e+000	5.6740e-006	-1.4229e+014	-1.4194e+014	1.4194e+014	5.2500e-015
5.500e+000	5.6754e-006	-1.4265e+014	-1.4229e+014	1.4229e+014	5.2500e-015
5.510e+000	5.6769e-006	-1.4300e+014	-1.4265e+014	1.4265e+014	5.2500e-015
5.520e+000	5.6783e-006	-1.4336e+014	-1.4300e+014	1.4300e+014	5.2500e-015
5.530e+000	5.6798e-006	-1.4371e+014	-1.4336e+014	1.4336e+014	5.2500e-015
5.540e+000	5.6812e-006	-1.4407e+014	-1.4371e+014	1.4371e+014	5.2500e-015
5.550e+000	5.6827e-006	-1.4442e+014	-1.4407e+014	1.4407e+014	5.2500e-015
5.560e+000	5.6841e-006	-1.4478e+014	-1.4442e+014	1.4442e+014	5.2500e-015
5.570e+000	5.6855e-006	-1.4513e+014	-1.4478e+014	1.4478e+014	5.2500e-015
5.580e+000	5.6869e-006	-1.4548e+014	-1.4513e+014	1.4513e+014	5.2500e-015
5.590e+000	5.6884e-006	-1.4584e+014	-1.4548e+014	1.4548e+014	5.2500e-015
5.600e+000	5.6898e-006	-1.4620e+014	-1.4584e+014	1.4584e+014	5.2500e-015
5.610e+000	5.6912e-006	-1.4655e+014	-1.4620e+014	1.4620e+014	5.2500e-015
5.620e+000	5.6926e-006	-1.4691e+014	-1.4655e+014	1.4655e+014	5.2500e-015
5.630e+000	5.6940e-006	-1.4726e+014	-1.4691e+014	1.4691e+014	5.2500e-015
5.640e+000	5.6954e-006	-1.4762e+014	-1.4726e+014	1.4726e+014	5.2500e-015
5.650e+000	5.6968e-006	-1.4797e+014	-1.4762e+014	1.4762e+014	5.2500e-015
5.660e+000	5.6982e-006	-1.4833e+014	-1.4797e+014	1.4797e+014	5.2500e-015
5.670e+000	5.6996e-006	-1.4868e+014	-1.4833e+014	1.4833e+014	5.2500e-015
5.680e+000	5.7009e-006	-1.4904e+014	-1.4868e+014	1.4868e+014	5.2500e-015
5.690e+000	5.7023e-006	-1.4940e+014	-1.4904e+014	1.4904e+014	5.2500e-015
5.700e+000	5.7037e-006	-1.4975e+014	-1.4940e+014	1.4940e+014	5.2500e-015
5.710e+000	5.7051e-006	-1.5011e+014	-1.4975e+014	1.4975e+014	5.2500e-015
5.720e+000	5.7065e-006	-1.5046e+014	-1.5011e+014	1.5011e+014	5.2500e-015
5.730e+000	5.7078e-006	-1.5082e+014	-1.5046e+014	1.5046e+014	5.2500e-015
5.740e+000	5.7092e-006	-1.5118e+014	-1.5082e+014	1.5082e+014	5.2500e-015
5.750e+000	5.7105e-006	-1.5153e+014	-1.5118e+014	1.5118e+014	5.2500e-015
5.760e+000	5.7119e-006	-1.5189e+014	-1.5153e+014	1.5153e+014	5.2500e-015
5.770e+000	5.7133e-006	-1.5225e+014	-1.5189e+014	1.5189e+014	5.2500e-015
5.780e+000	5.7146e-006	-1.5260e+014	-1.5225e+014	1.5225e+014	5.2500e-015
5.790e+000	5.7160e-006	-1.5296e+014	-1.5260e+014	1.5260e+014	5.2500e-015
5.800e+000	5.7173e-006	-1.5332e+014	-1.5296e+014	1.5296e+014	5.2500e-015
5.810e+000	5.7186e-006	-1.5367e+014	-1.5332e+014	1.5332e+014	5.2500e-015
5.820e+000	5.7200e-006	-1.5403e+014	-1.5367e+014	1.5367e+014	5.2500e-015
5.830e+000	5.7213e-006	-1.5439e+014	-1.5403e+014	1.5403e+014	5.2500e-015
5.840e+000	5.7226e-006	-1.5474e+014	-1.5439e+014	1.5439e+014	5.2500e-015
5.850e+000	5.7240e-006	-1.5510e+014	-1.5474e+014	1.5474e+014	5.2500e-015
5.860e+000	5.7253e-006	-1.5546e+014	-1.5510e+014	1.5510e+014	5.2500e-015
5.870e+000	5.7266e-006	-1.5582e+014	-1.5546e+014	1.5546e+014	5.2500e-015
5.880e+000	5.7279e-006	-1.5617e+014	-1.5582e+014	1.5582e+014	5.2500e-015
5.890e+000	5.7292e-006	-1.5653e+014	-1.5617e+014	1.5617e+014	5.2500e-015
5.900e+000	5.7305e-006	-1.5689e+014	-1.5653e+014	1.5653e+014	5.2500e-015
5.910e+000	5.7319e-006	-1.5725e+014	-1.5689e+014	1.5689e+014	5.2500e-015
5.920e+000	5.7332e-006	-1.5760e+014	-1.5725e+014	1.5725e+014	5.2500e-015
5.930e+000	5.7345e-006	-1.5796e+014	-1.5760e+014	1.5760e+014	5.2500e-015
5.940e+000	5.7358e-006	-1.5832e+014	-1.5796e+014	1.5796e+014	5.2500e-015
5.950e+000	5.7371e-006	-1.5868e+014	-1.5832e+014	1.5832e+014	5.2500e-015
5.960e+000	5.7383e-006	-1.5904e+014	-1.5868e+014	1.5868e+014	5.2500e-015
5.970e+000	5.7396e-006	-1.5939e+014	-1.5904e+014	1.5904e+014	5.2500e-015
5.980e+000	5.7409e-006	-1.5975e+014	-1.5939e+014	1.5939e+014	5.2500e-015
5.990e+000	5.7422e-006	-1.6011e+014	-1.5975e+014	1.5975e+014	5.2500e-015
6.000e+000	5.7435e-006	-1.6047e+014	-1.6011e+014	1.6011e+014	5.2500e-015
6.010e+000	5.7448e-006	-1.6083e+014	-1.6047e+014	1.6047e+014	5.2500e-015
6.020e+000	5.7460e-006	-1.6119e+014	-1.6083e+014	1.6083e+014	5.2500e-015
6.030e+000	5.7473e-006	-1.6155e+014	-1.6119e+014	1.6119e+014	5.2500e-015
6.040e+000	5.7486e-006	-1.6190e+014	-1.6155e+014	1.6155e+014	5.2500e-015
6.050e+000	5.7498e-006	-1.6226e+014	-1.6190e+014	1.6190e+014	5.2500e-015
6.060e+000	5.7511e-006	-1.6262e+014	-1.6226e+014	1.6226e+014	5.2500e-015
6.070e+000	5.7523e-006	-1.6298e+014	-1.6262e+014	1.6262e+014	5.2500e-015
6.080e+000	5.7536e-006	-1.6334e+014	-1.6298e+014	1.6298e+014	5.2500e-015
6.090e+000	5.7548e-006	-1.6370e+014	-1.6334e+014	1.6334e+014	5.2500e-015
6.100e+000	5.7561e-006	-1.6406e+014	-1.6370e+014	1.6370e+014	5.2500e-015
6.110e+000	5.7573e-006	-1.6442e+014	-1.6406e+014	1.6406e+014	5.2500e-015
6.120e+000	5.7586e-006	-1.6478e+014	-1.6442e+014	1.6442e+014	5.2500e-015
6.130e+000	5.7598e-006	-1.6514e+014	-1.6478e+014	1.6478e+014	5.2500e-015
6.140e+000	5.7611e-006	-1.6550e+014	-1.6514e+014	1.6514e+014	5.2500e-015
6.150e+000	5.7623e-006	-1.6586e+014	-1.6550e+014	1.6550e+014	5.2500e-015
6.160e+000	5.7635e-006	-1.6622e+014	-1.6586e+014	1.6586e+014	5.2500e-015
6.170e+000	5.7648e-006	-1.6658e+014	-1.6622e+014	1.6622e+014	5.2500e-015
6.180e+000	5.7660e-006	-1.6694e+014	-1.6658e+014	1.6658e+014	5.2500e-015
6.190e+000	5.7672e-006	-1.6730e+014	-1.6694e+014	1.6694e+014	5.2500e-015
6.200e+000	5.7684e-006	-1.6766e+014	-1.6730e+014	1.6730e+014	5.2500e-015
6.210e+000	5.7696e-006	-1.6802e+014	-1.6766e+014	1.6766e+014	5.2500e-015
6.220e+000	5.7709e-006	-1.6838e+014	-1.6802e+014	1.6802e+014	5.2500e-015
6.230e+000	5.7721e-006	-1.6874e+014	-1.6838e+014	1.6838e+014	5.2500e-015
6.240e+000	5.7733e-006	-1.6910e+014	-1.6874e+014	1.6874e+014	5.2500e-015
6.250e+000	5.7745e-006	-1.6946e+014	-1.6910e+014	1.6910e+014	5.2500e-015
6.260e+000	5.7757e-006	-1.6982e+014	-1.6946e+014	1.6946e+014	5.2500e-015
6.270e+000	5.7769e-006	-1.7018e+014	-1.6982e+014	1.6982e+014	5.2500e-015
6.280e+000	5.7781e-006	-1.7054e+014	-1.7018e+014	1.7018e+014	5.2500e-015
6.290e+000	5.7793e-006	-1.7090e+014	-1.7054e+014	1.7054e+014	5.2500e-015
6.300e+000	5.7805e-006	-1.7126e+014	-1.7090e+014	1.7090e+014	5.2500e-015
6.310e+000	5.7817e-006	-1.7162e+014	-1.7126e+014	1.7126e+014	5.2500e-015
6.320e+000	5.7828e-006	-1.7198e+014	-1.7162e+014	1.7162e+014	5.2500e-015
6.330e+000	5.7840e-006	-1.7234e+014	-1.7198e+014	1.7198e+014	5.2500e-015
6.340e+000	5.7852e-006	-1.7270e+014	-1.7234e+014	1.7234e+014	5.2500e-015
6.350e+000	5.7864e-006	-1.7307e+014	-1.7270e+014	1.7270e+014	5.2500e-015
6.360e+000	5.7876e-006	-1.7343e+014	-1.7307e+014	1.7307e+014	5.2500e-015
6.370e+000	5.7887e-006	-1.7379e+014	-1.7343e+014	1.7343e+014	5.2500e-015
6.380e+000	5.7899e-006	-1.7415e+014	-1.7379e+014	1.7379e+014	5.2500e-015
6.390e+000	5.7911e-006	-1.7451e+014	-1.7415e+014	1.7415e+014	5.2500e-015
6.400e+000	5.7922e-006	-1.7487e+014	-1.7451e+014	1.7451e+014	5.2500e-015
6.410e+000	5.7934e-006	-1.7523e+014	-1.7487e+014	1.7487e+014	5.2500e-015
6.420e+000	5.7946e-006	-1.7560e+014	-1.7523e+014	1.7523e+014	5.2500e-015
6.430e+000	5.7957e-006	-1.7596e+014	-1.7560e+014	1.7560e+014	5.2500e-015
6.440e+000	5.7969e-006	-1.7632e+014	-1.7596e+014	1.7596e+014	5.2500e-015
6.450e+000	5.7980e-006	-1.7668e+014	-1.7632e+014	1.7632e+014	5.2500e-015
6.460e+000	5.7992e-006	-1.7704e+014	-1.7668e+014	1.7668e+014	5.2500e-015
6.470e+000	5.8003e-006	-1.7741e+014	-1.7704e+014	1.7704e+014	5.2500e-015
6.480e+000	5.8015e-006	-1.7777e+014	-1.7741e+014	1.7741e+014	5.2500e-015
6.490e+000	5.8026e-006	-1.7813e+014	-1.7777e+014	1.7777e+014	5.2500e-015
6.500e+000	5.8037e-006	-1.7849e+014	-1.7813e+014	1.7813e+014	5.2500e-015
6.510e+000	5.8049e-006	-1.7885e+014	-1.7849e+014	1.7849e+014	5.2500e-015
6.520e+000	5.8060e-006	-1.7922e+014	-1.7885e+014	1.7885e+014	5.2500e-015
6.530e+000	5.8071e-006	-1.7958e+014	-1.7922e+014	1.7922e+014	5.2500e-015
6.540e+000	5.8083e-006	-1.7994e+014	-1.7958e+014	1.7958e+014	5.2500e-015
6.550e+000	5.8094e-006	-1.8030e+014	-1.7994e+014	1.7994e+014	5.2500e-015
6.560e+000	5.8105e-006	-1.8067e+014	-1.8030e+014	1.8030e+014	5.2500e-015
6.570e+000	5.8117e-006	-1.8103e+014	-1.8067e+014	1.8067e+014	5.2500e-015
6.580e+000	5.8128e-006	-1.8139e+014	-1.8103e+014	1.8103e+014	5.2500e-015
6.590e+000	5.8139e-006	-1.8175e+014	-1.8139e+014	1.8139e+014	5.2500e-015
6.600e+000	5.8150e-006	-1.8212e+014	-1.8175e+014	1.8175e+014	5.2500e-015
6.610e+000	5.8161e-006	-1.8248e+014	-1.8212e+014	1.8212e+014	5.2500e-015
6.620e+000	5.8172e-006	-1.8284e+014	-1.8248e+014	1.8248e+014	5.2500e-015
6.630e+000	5.8183e-006	-1.8321e+014	-1.8284e+014	1.8284e+014	5.2500e-015
6.640e+000	5.8194e-006	-1.8357e+014	-1.8321e+014	1.8321e+014	5.2500e-015
6.650e+000	5.8205e-006	-1.8393e+014	-1.8357e+014	1.8357e+014	5.2500e-015
6.660e+000	5.8216e-006	-1.8430e+014	-1.8393e+014	1.8393e+014	5.2500e-015
6.670e+000	5.8227e-006	-1.8466e+014	-1.8430e+014	1.8430e+014	5.2500e-015
6.680e+000	5.8238e-006	-1.8502e+014	-1.8466e+014	1.8466e+014	5.2500e-015
6.690e+000	5.8249e-006	-1.8539e+014	-1.8502e+014	1.8502e+014	5.2500e-015
6.700e+000	5.8260e-006	-1.8575e+014	-1.8539e+014	1.8539e+014	5.2500e-015
6.710e+000	5.8271e-006	-1.8611e+014	-1.8575e+014	1.8575e+014	5.2500e-015
6.720e+000	5.8282e-006	-1.8648e+014	-1.8611e+014	1.8611e+014	5.2500e-015
6.730e+000	5.8293e-006	-1.8684e+014	-1.8648e+014	1.8648e+014	5.2500e-015
6.740e+000	5.8304e-006	-1.8721e+014	-1.8684e+014	1.8684e+014	5.2500e-015
6.750e+000	5.8315e-006	-1.8757e+014	-1.8721e+014	1.8721e+014	5.2500e-015
6.760e+000	5.8325e-006	-1.8793e+014	-1.8757e+014	1.8757e+014	5.2500e-015
6.770e+000	5.8336e-006	-1.8830e+014	-1.8793e+014	1.8793e+014	5.2500e-015
6.780e+000	5.8347e-006	-1.8866e+014	-1.8830e+014	1.8830e+014	5.2500e-015
6.790e+000	5.8358e-006	-1.8903e+014	-1.8866e+014	1.8866e+014	5.2500e-015
6.800e+000	5.8368e-006	-1.8939e+014	-1.8903e+014	1.8903e+014	5.2500e-015
6.810e+000	5.8379e-006	-1.8976e+014	-1.8939e+014	1.8939e+014	5.2500e-015
6.820e+000	5.8390e-006	-1.9012e+014	-1.8976e+014	1.8976e+014	5.2500e-015
6.830e+000	5.8400e-006	-1.9048e+014	-1.9012e+014	1.9012e+014	5.2500e-015
6.840e+000	5.8411e-006	-1.9085e+014	-1.9048e+014	1.9048e+014	5.2500e-015
6.850e+000	5.8421e-006	-1.9121e+014	-1.9085e+014	1.9085e+014	5.2500e-015
6.860e+000	5.8432e-006	-1.9158e+014	-1.9121e+014	1.9121e+014	5.2500e-015
6.870e+000	5.8442e-006	-1.9194e+014	-1.9158e+014	1.9158e+014	5.2500e-015
6.880e+000	5.8453e-006	-1.9231e+014	-1.9194e+014	1.9194e+014	5.2500e-015
6.890e+000	5.8463e-006	-1.9267e+014	-1.9231e+014	1.9231e+014	5.2500e-015
6.900e+000	5.8474e-006	-1.9304e+014	-1.9267e+014	1.9267e+014	5.2500e-015
6.910e+000	5.8484e-006	-1.9340e+014	-1.9304e+014	1.9304e+014	5.2500e-015
6.920e+000	5.8495e-006	-1.9377e+014	-1.9340e+014	1.9340e+014	5.2500e-015
6.930e+000	5.8505e-006	-1.9413e+014	-1.9377e+014	1.9377e+014	5.2500e-015
6.940e+000	5.8516e-006	-1.9450e+014	-1.9413e+014	1.9413e+014	5.2500e-015
6.950e+000	5.8526e-006	-1.9486e+014	-1.9450e+014	1.9450e+014	5.2500e-015
6.960e+000	5.8536e-006	-1.9523e+014	-1.9486e+014	1.9486e+014	5.2500e-015
6.970e+000	5.8547e-006	-1.9559e+014	-1.9523e+014	1.9523e+014	5.2500e-015
6.980e+000	5.8557e-006	-1.9596e+014	-1.9559e+014	1.9559e+014	5.2500e-015
6.990e+000	5.8567e-006	-1.9633e+014	-1.9596e+014	1.9596e+014	5.2500e-015
7.000e+000	5.8578e-006	-1.9669e+014	-1.9633e+014	1.9633e+014	5.2500e-015
