V	C (Fcm-2)	Initcharge (cm-2)	Finalcharge (cm-2)	ns Total (cm-2)	ps Total (cm-2)
-8.000e+000	4.8003e-017	-9.3477e+000	-6.3516e+000	6.3476e+000	5.2500e-015
-7.990e+000	4.8003e-017	-9.3477e+000	-6.3516e+000	6.3476e+000	5.2500e-015
-7.980e+000	4.8003e-017	-9.3477e+000	-6.3516e+000	6.3476e+000	5.2500e-015
-7.970e+000	4.8003e-017	-9.3477e+000	-6.3516e+000	6.3476e+000	5.2500e-015
-7.960e+000	4.8003e-017	-9.3477e+000	-6.3516e+000	6.3476e+000	5.2500e-015
-7.950e+000	4.8003e-017	-9.3477e+000	-6.3516e+000	6.3476e+000	5.2500e-015
-7.940e+000	4.8003e-017	-9.3477e+000	-6.3516e+000	6.3476e+000	5.2500e-015
-7.930e+000	4.8003e-017	-9.3477e+000	-6.3516e+000	6.3476e+000	5.2500e-015
-7.920e+000	4.8003e-017	-9.3477e+000	-6.3516e+000	6.3476e+000	5.2500e-015
-7.910e+000	4.8003e-017	-9.3477e+000	-6.3516e+000	6.3476e+000	5.2500e-015
-7.900e+000	4.8003e-017	-9.3477e+000	-6.3516e+000	6.3476e+000	5.2500e-015
-7.890e+000	4.8003e-017	-9.3477e+000	-6.3516e+000	6.3476e+000	5.2500e-015
-7.880e+000	4.8003e-017	-9.3477e+000	-6.3516e+000	6.3476e+000	5.2500e-015
-7.870e+000	4.8003e-017	-9.3477e+000	-6.3516e+000	6.3476e+000	5.2500e-015
-7.860e+000	4.8003e-017	-9.3477e+000	-6.3516e+000	6.3476e+000	5.2500e-015
-7.850e+000	4.8003e-017	-9.3477e+000	-6.3516e+000	6.3476e+000	5.2500e-015
-7.840e+000	4.8003e-017	-9.3477e+000	-6.3516e+000	6.3476e+000	5.2500e-015
-7.830e+000	4.8003e-017	-9.3477e+000	-6.3516e+000	6.3476e+000	5.2500e-015
-7.820e+000	4.8003e-017	-9.3477e+000	-6.3516e+000	6.3476e+000	5.2500e-015
-7.810e+000	4.8003e-017	-9.3478e+000	-6.3516e+000	6.3476e+000	5.2500e-015
-7.800e+000	4.8004e-017	-9.3478e+000	-6.3517e+000	6.3477e+000	5.2500e-015
-7.790e+000	4.8004e-017	-9.3479e+000	-6.3517e+000	6.3477e+000	5.2500e-015
-7.780e+000	4.8004e-017	-9.3480e+000	-6.3518e+000	6.3478e+000	5.2500e-015
-7.770e+000	4.8005e-017	-9.3481e+000	-6.3519e+000	6.3479e+000	5.2500e-015
-7.760e+000	4.8006e-017	-9.3483e+000	-6.3520e+000	6.3480e+000	5.2500e-015
-7.750e+000	4.8008e-017	-9.3486e+000	-6.3522e+000	6.3482e+000	5.2500e-015
-7.740e+000	4.8010e-017	-9.3491e+000	-6.3525e+000	6.3486e+000	5.2500e-015
-7.730e+000	4.8014e-017	-9.3498e+000	-6.3530e+000	6.3490e+000	5.2500e-015
-7.720e+000	4.8019e-017	-9.3508e+000	-6.3537e+000	6.3497e+000	5.2500e-015
-7.710e+000	4.8026e-017	-9.3522e+000	-6.3547e+000	6.3507e+000	5.2500e-015
-7.700e+000	4.8037e-017	-9.3544e+000	-6.3561e+000	6.3522e+000	5.2500e-015
-7.690e+000	4.8054e-017	-9.3576e+000	-6.3583e+000	6.3543e+000	5.2500e-015
-7.680e+000	4.8078e-017	-9.3622e+000	-6.3615e+000	6.3575e+000	5.2500e-015
-7.670e+000	4.8113e-017	-9.3691e+000	-6.3662e+000	6.3622e+000	5.2500e-015
-7.660e+000	4.8165e-017	-9.3793e+000	-6.3730e+000	6.3691e+000	5.2500e-015
-7.650e+000	4.8242e-017	-9.3942e+000	-6.3832e+000	6.3792e+000	5.2500e-015
-7.640e+000	4.8355e-017	-9.4162e+000	-6.3981e+000	6.3941e+000	5.2500e-015
-7.630e+000	4.8522e-017	-9.4486e+000	-6.4201e+000	6.4161e+000	5.2500e-015
-7.620e+000	4.8767e-017	-9.4963e+000	-6.4525e+000	6.4485e+000	5.2500e-015
-7.610e+000	4.9127e-017	-9.5664e+000	-6.5002e+000	6.4962e+000	5.2500e-015
-7.600e+000	4.9658e-017	-9.6698e+000	-6.5703e+000	6.5664e+000	5.2500e-015
-7.590e+000	5.0471e-017	-9.8238e+000	-6.6737e+000	6.6697e+000	5.2500e-015
-7.580e+000	5.1591e-017	-1.0048e+001	-6.8277e+000	6.8218e+000	5.2500e-015
-7.570e+000	5.3286e-017	-1.0378e+001	-7.0517e+000	7.0458e+000	5.2500e-015
-7.560e+000	5.5813e-017	-1.0865e+001	-7.3815e+000	7.3755e+000	5.2500e-015
-7.550e+000	5.9502e-017	-1.1583e+001	-7.8689e+000	7.8610e+000	5.2500e-015
-7.540e+000	6.4895e-017	-1.2637e+001	-8.5866e+000	8.5758e+000	5.2500e-015
-7.530e+000	7.2921e-017	-1.4192e+001	-9.6409e+000	9.6282e+000	5.2500e-015
-7.520e+000	8.4660e-017	-1.6480e+001	-1.1196e+001	1.1178e+001	5.2500e-015
-7.510e+000	1.0197e-016	-1.9849e+001	-1.3484e+001	1.3459e+001	5.2500e-015
-7.500e+000	1.2746e-016	-2.4808e+001	-1.6852e+001	1.6817e+001	5.2500e-015
-7.490e+000	1.6500e-016	-3.2110e+001	-2.1812e+001	2.1762e+001	5.2500e-015
-7.480e+000	2.2023e-016	-4.2860e+001	-2.9114e+001	2.9042e+001	5.2500e-015
-7.470e+000	3.0160e-016	-5.8688e+001	-3.9864e+001	3.9760e+001	5.2500e-015
-7.460e+000	4.2132e-016	-8.1988e+001	-5.5692e+001	5.5540e+001	5.2500e-015
-7.450e+000	5.9770e-016	-1.1630e+002	-7.8992e+001	7.8773e+001	5.2500e-015
-7.440e+000	8.5733e-016	-1.6681e+002	-1.1330e+002	1.1298e+002	5.2500e-015
-7.430e+000	1.2395e-015	-2.4118e+002	-1.6382e+002	1.6334e+002	5.2500e-015
-7.420e+000	1.8023e-015	-3.5067e+002	-2.3818e+002	2.3749e+002	5.2500e-015
-7.410e+000	2.6307e-015	-5.1187e+002	-3.4767e+002	3.4665e+002	5.2500e-015
-7.400e+000	3.8506e-015	-7.4921e+002	-5.0888e+002	5.0737e+002	5.2500e-015
-7.390e+000	5.6465e-015	-1.0986e+003	-7.4621e+002	7.4400e+002	5.2500e-015
-7.380e+000	8.2906e-015	-1.6131e+003	-1.0956e+003	1.0924e+003	5.2500e-015
-7.370e+000	1.2183e-014	-2.3705e+003	-1.6101e+003	1.6053e+003	5.2500e-015
-7.360e+000	1.7915e-014	-3.4857e+003	-2.3675e+003	2.3605e+003	5.2500e-015
-7.350e+000	2.6353e-014	-5.1275e+003	-3.4827e+003	3.4723e+003	5.2500e-015
-7.340e+000	3.8777e-014	-7.5448e+003	-5.1245e+003	5.1092e+003	5.2500e-015
-7.330e+000	5.7068e-014	-1.1104e+004	-7.5418e+003	7.5192e+003	5.2500e-015
-7.320e+000	8.3997e-014	-1.6343e+004	-1.1101e+004	1.1067e+004	5.2500e-015
-7.310e+000	1.2365e-013	-2.4058e+004	-1.6340e+004	1.6291e+004	5.2500e-015
-7.300e+000	1.8202e-013	-3.5415e+004	-2.4055e+004	2.3983e+004	5.2500e-015
-7.290e+000	2.6796e-013	-5.2137e+004	-3.5412e+004	3.5306e+004	5.2500e-015
-7.280e+000	3.9449e-013	-7.6756e+004	-5.2134e+004	5.1978e+004	5.2500e-015
-7.270e+000	5.8077e-013	-1.1300e+005	-7.6753e+004	7.6523e+004	5.2500e-015
-7.260e+000	8.5503e-013	-1.6637e+005	-1.1300e+005	1.1266e+005	5.2500e-015
-7.250e+000	1.2588e-012	-2.4493e+005	-1.6636e+005	1.6586e+005	5.2500e-015
-7.240e+000	1.8532e-012	-3.6060e+005	-2.4493e+005	2.4419e+005	5.2500e-015
-7.230e+000	2.7284e-012	-5.3089e+005	-3.6060e+005	3.5952e+005	5.2500e-015
-7.220e+000	4.0167e-012	-7.8159e+005	-5.3088e+005	5.2929e+005	5.2500e-015
-7.210e+000	5.9132e-012	-1.1507e+006	-7.8158e+005	7.7924e+005	5.2500e-015
-7.200e+000	8.7048e-012	-1.6940e+006	-1.1507e+006	1.1472e+006	5.2500e-015
-7.190e+000	1.2813e-011	-2.4937e+006	-1.6940e+006	1.6889e+006	5.2500e-015
-7.180e+000	1.8860e-011	-3.6708e+006	-2.4937e+006	2.4862e+006	5.2500e-015
-7.170e+000	2.7756e-011	-5.4032e+006	-3.6708e+006	3.6598e+006	5.2500e-015
-7.160e+000	4.0839e-011	-7.9522e+006	-5.4032e+006	5.3870e+006	5.2500e-015
-7.150e+000	6.0073e-011	-1.1702e+007	-7.9522e+006	7.9284e+006	5.2500e-015
-7.140e+000	8.8329e-011	-1.7215e+007	-1.1702e+007	1.1667e+007	5.2500e-015
-7.130e+000	1.2979e-010	-2.5316e+007	-1.7215e+007	1.7163e+007	5.2500e-015
-7.120e+000	1.9056e-010	-3.7209e+007	-2.5316e+007	2.5240e+007	5.2500e-015
-7.110e+000	2.7939e-010	-5.4648e+007	-3.7209e+007	3.7098e+007	5.2500e-015
-7.100e+000	4.0886e-010	-8.0167e+007	-5.4648e+007	5.4485e+007	5.2500e-015
-7.090e+000	5.9669e-010	-1.1741e+008	-8.0167e+007	7.9928e+007	5.2500e-015
-7.080e+000	8.6738e-010	-1.7155e+008	-1.1741e+008	1.1706e+008	5.2500e-015
-7.070e+000	1.2539e-009	-2.4981e+008	-1.7155e+008	1.7104e+008	5.2500e-015
-7.060e+000	1.7987e-009	-3.6208e+008	-2.4981e+008	2.4907e+008	5.2500e-015
-7.050e+000	2.5537e-009	-5.2146e+008	-3.6208e+008	3.6102e+008	5.2500e-015
-7.040e+000	3.5764e-009	-7.4469e+008	-5.2146e+008	5.1995e+008	5.2500e-015
-7.030e+000	4.9242e-009	-1.0520e+009	-7.4469e+008	7.4255e+008	5.2500e-015
-7.020e+000	6.6441e-009	-1.4667e+009	-1.0520e+009	1.0491e+009	5.2500e-015
-7.010e+000	8.7644e-009	-2.0138e+009	-1.4667e+009	1.4627e+009	5.2500e-015
-7.000e+000	1.1292e-008	-2.7185e+009	-2.0138e+009	2.0084e+009	5.2500e-015
-6.990e+000	1.4218e-008	-3.6060e+009	-2.7185e+009	2.7116e+009	5.2500e-015
-6.980e+000	1.7532e-008	-4.7002e+009	-3.6060e+009	3.5972e+009	5.2500e-015
-6.970e+000	2.1233e-008	-6.0254e+009	-4.7002e+009	4.6894e+009	5.2500e-015
-6.960e+000	2.5335e-008	-7.6067e+009	-6.0254e+009	6.0125e+009	5.2500e-015
-6.950e+000	2.9870e-008	-9.4711e+009	-7.6067e+009	7.5915e+009	5.2500e-015
-6.940e+000	3.4877e-008	-1.1648e+010	-9.4711e+009	9.4537e+009	5.2500e-015
-6.930e+000	4.0395e-008	-1.4169e+010	-1.1648e+010	1.1628e+010	5.2500e-015
-6.920e+000	4.6452e-008	-1.7069e+010	-1.4169e+010	1.4148e+010	5.2500e-015
-6.910e+000	5.3062e-008	-2.0380e+010	-1.7069e+010	1.7045e+010	5.2500e-015
-6.900e+000	6.0216e-008	-2.4139e+010	-2.0380e+010	2.0355e+010	5.2500e-015
-6.890e+000	6.7881e-008	-2.8376e+010	-2.4139e+010	2.4112e+010	5.2500e-015
-6.880e+000	7.6000e-008	-3.3119e+010	-2.8376e+010	2.8347e+010	5.2500e-015
-6.870e+000	8.4497e-008	-3.8393e+010	-3.3119e+010	3.3089e+010	5.2500e-015
-6.860e+000	9.3277e-008	-4.4215e+010	-3.8393e+010	3.8362e+010	5.2500e-015
-6.850e+000	1.0224e-007	-5.0596e+010	-4.4215e+010	4.4183e+010	5.2500e-015
-6.840e+000	1.1128e-007	-5.7542e+010	-5.0596e+010	5.0563e+010	5.2500e-015
-6.830e+000	1.2029e-007	-6.5050e+010	-5.7542e+010	5.7508e+010	5.2500e-015
-6.820e+000	1.2920e-007	-7.3113e+010	-6.5050e+010	6.5016e+010	5.2500e-015
-6.810e+000	1.3790e-007	-8.1721e+010	-7.3113e+010	7.3079e+010	5.2500e-015
-6.800e+000	1.4635e-007	-9.0855e+010	-8.1721e+010	8.1685e+010	5.2500e-015
-6.790e+000	1.5449e-007	-1.0050e+011	-9.0855e+010	9.0819e+010	5.2500e-015
-6.780e+000	1.6205e-007	-1.1061e+011	-1.0050e+011	1.0046e+011	5.2500e-015
-6.770e+000	1.6918e-007	-1.2117e+011	-1.1061e+011	1.1058e+011	5.2500e-015
-6.760e+000	1.7613e-007	-1.3216e+011	-1.2117e+011	1.2113e+011	5.2500e-015
-6.750e+000	1.8271e-007	-1.4357e+011	-1.3216e+011	1.3213e+011	5.2500e-015
-6.740e+000	1.8903e-007	-1.5537e+011	-1.4357e+011	1.4353e+011	5.2500e-015
-6.730e+000	1.9474e-007	-1.6752e+011	-1.5537e+011	1.5533e+011	5.2500e-015
-6.720e+000	2.0031e-007	-1.8002e+011	-1.6752e+011	1.6748e+011	5.2500e-015
-6.710e+000	2.0542e-007	-1.9284e+011	-1.8002e+011	1.7999e+011	5.2500e-015
-6.700e+000	2.1021e-007	-2.0597e+011	-1.9284e+011	1.9281e+011	5.2500e-015
-6.690e+000	2.1476e-007	-2.1937e+011	-2.0597e+011	2.0593e+011	5.2500e-015
-6.680e+000	2.1888e-007	-2.3303e+011	-2.1937e+011	2.1933e+011	5.2500e-015
-6.670e+000	2.2281e-007	-2.4694e+011	-2.3303e+011	2.3299e+011	5.2500e-015
-6.660e+000	2.2653e-007	-2.6108e+011	-2.4694e+011	2.4690e+011	5.2500e-015
-6.650e+000	2.2991e-007	-2.7543e+011	-2.6108e+011	2.6104e+011	5.2500e-015
-6.640e+000	2.3313e-007	-2.8998e+011	-2.7543e+011	2.7539e+011	5.2500e-015
-6.630e+000	2.3619e-007	-3.0472e+011	-2.8998e+011	2.8994e+011	5.2500e-015
-6.620e+000	2.3901e-007	-3.1964e+011	-3.0472e+011	3.0468e+011	5.2500e-015
-6.610e+000	2.4163e-007	-3.3472e+011	-3.1964e+011	3.1960e+011	5.2500e-015
-6.600e+000	2.4415e-007	-3.4996e+011	-3.3472e+011	3.3468e+011	5.2500e-015
-6.590e+000	2.4646e-007	-3.6534e+011	-3.4996e+011	3.4992e+011	5.2500e-015
-6.580e+000	2.4869e-007	-3.8086e+011	-3.6534e+011	3.6530e+011	5.2500e-015
-6.570e+000	2.5076e-007	-3.9651e+011	-3.8086e+011	3.8082e+011	5.2500e-015
-6.560e+000	2.5271e-007	-4.1229e+011	-3.9651e+011	3.9647e+011	5.2500e-015
-6.550e+000	2.5453e-007	-4.2817e+011	-4.1229e+011	4.1225e+011	5.2500e-015
-6.540e+000	2.5629e-007	-4.4417e+011	-4.2817e+011	4.2813e+011	5.2500e-015
-6.530e+000	2.5793e-007	-4.6027e+011	-4.4417e+011	4.4413e+011	5.2500e-015
-6.520e+000	2.5948e-007	-4.7646e+011	-4.6027e+011	4.6023e+011	5.2500e-015
-6.510e+000	2.6093e-007	-4.9275e+011	-4.7646e+011	4.7642e+011	5.2500e-015
-6.500e+000	2.6234e-007	-5.0912e+011	-4.9275e+011	4.9271e+011	5.2500e-015
-6.490e+000	2.6366e-007	-5.2558e+011	-5.0912e+011	5.0908e+011	5.2500e-015
-6.480e+000	2.6491e-007	-5.4211e+011	-5.2558e+011	5.2554e+011	5.2500e-015
-6.470e+000	2.6610e-007	-5.5872e+011	-5.4211e+011	5.4207e+011	5.2500e-015
-6.460e+000	2.6723e-007	-5.7540e+011	-5.5872e+011	5.5868e+011	5.2500e-015
-6.450e+000	2.6829e-007	-5.9215e+011	-5.7540e+011	5.7536e+011	5.2500e-015
-6.440e+000	2.6932e-007	-6.0896e+011	-5.9215e+011	5.9211e+011	5.2500e-015
-6.430e+000	2.7029e-007	-6.2583e+011	-6.0896e+011	6.0892e+011	5.2500e-015
-6.420e+000	2.7122e-007	-6.4275e+011	-6.2583e+011	6.2579e+011	5.2500e-015
-6.410e+000	2.7210e-007	-6.5974e+011	-6.4275e+011	6.4271e+011	5.2500e-015
-6.400e+000	2.7295e-007	-6.7677e+011	-6.5974e+011	6.5970e+011	5.2500e-015
-6.390e+000	2.7375e-007	-6.9386e+011	-6.7677e+011	6.7673e+011	5.2500e-015
-6.380e+000	2.7452e-007	-7.1099e+011	-6.9386e+011	6.9382e+011	5.2500e-015
-6.370e+000	2.7525e-007	-7.2817e+011	-7.1099e+011	7.1095e+011	5.2500e-015
-6.360e+000	2.7597e-007	-7.4540e+011	-7.2817e+011	7.2813e+011	5.2500e-015
-6.350e+000	2.7664e-007	-7.6266e+011	-7.4540e+011	7.4536e+011	5.2500e-015
-6.340e+000	2.7729e-007	-7.7997e+011	-7.6266e+011	7.6262e+011	5.2500e-015
-6.330e+000	2.7791e-007	-7.9732e+011	-7.7997e+011	7.7993e+011	5.2500e-015
-6.320e+000	2.7850e-007	-8.1470e+011	-7.9732e+011	7.9728e+011	5.2500e-015
-6.310e+000	2.7908e-007	-8.3212e+011	-8.1470e+011	8.1466e+011	5.2500e-015
-6.300e+000	2.7963e-007	-8.4957e+011	-8.3212e+011	8.3208e+011	5.2500e-015
-6.290e+000	2.8015e-007	-8.6706e+011	-8.4957e+011	8.4953e+011	5.2500e-015
-6.280e+000	2.8066e-007	-8.8457e+011	-8.6706e+011	8.6702e+011	5.2500e-015
-6.270e+000	2.8115e-007	-9.0212e+011	-8.8457e+011	8.8454e+011	5.2500e-015
-6.260e+000	2.8162e-007	-9.1970e+011	-9.0212e+011	9.0208e+011	5.2500e-015
-6.250e+000	2.8207e-007	-9.3731e+011	-9.1970e+011	9.1966e+011	5.2500e-015
-6.240e+000	2.8251e-007	-9.5494e+011	-9.3731e+011	9.3727e+011	5.2500e-015
-6.230e+000	2.8293e-007	-9.7260e+011	-9.5494e+011	9.5490e+011	5.2500e-015
-6.220e+000	2.8334e-007	-9.9028e+011	-9.7260e+011	9.7256e+011	5.2500e-015
-6.210e+000	2.8373e-007	-1.0080e+012	-9.9028e+011	9.9024e+011	5.2500e-015
-6.200e+000	2.8411e-007	-1.0257e+012	-1.0080e+012	1.0080e+012	5.2500e-015
-6.190e+000	2.8448e-007	-1.0435e+012	-1.0257e+012	1.0257e+012	5.2500e-015
-6.180e+000	2.8483e-007	-1.0613e+012	-1.0435e+012	1.0434e+012	5.2500e-015
-6.170e+000	2.8517e-007	-1.0791e+012	-1.0613e+012	1.0612e+012	5.2500e-015
-6.160e+000	2.8550e-007	-1.0969e+012	-1.0791e+012	1.0790e+012	5.2500e-015
-6.150e+000	2.8582e-007	-1.1147e+012	-1.0969e+012	1.0968e+012	5.2500e-015
-6.140e+000	2.8613e-007	-1.1326e+012	-1.1147e+012	1.1147e+012	5.2500e-015
-6.130e+000	2.8643e-007	-1.1505e+012	-1.1326e+012	1.1325e+012	5.2500e-015
-6.120e+000	2.8672e-007	-1.1683e+012	-1.1505e+012	1.1504e+012	5.2500e-015
-6.110e+000	2.8701e-007	-1.1863e+012	-1.1683e+012	1.1683e+012	5.2500e-015
-6.100e+000	2.8728e-007	-1.2042e+012	-1.1863e+012	1.1862e+012	5.2500e-015
-6.090e+000	2.8755e-007	-1.2221e+012	-1.2042e+012	1.2042e+012	5.2500e-015
-6.080e+000	2.8780e-007	-1.2401e+012	-1.2221e+012	1.2221e+012	5.2500e-015
-6.070e+000	2.8805e-007	-1.2581e+012	-1.2401e+012	1.2401e+012	5.2500e-015
-6.060e+000	2.8830e-007	-1.2761e+012	-1.2581e+012	1.2580e+012	5.2500e-015
-6.050e+000	2.8853e-007	-1.2941e+012	-1.2761e+012	1.2760e+012	5.2500e-015
-6.040e+000	2.8876e-007	-1.3121e+012	-1.2941e+012	1.2940e+012	5.2500e-015
-6.030e+000	2.8899e-007	-1.3301e+012	-1.3121e+012	1.3121e+012	5.2500e-015
-6.020e+000	2.8920e-007	-1.3482e+012	-1.3301e+012	1.3301e+012	5.2500e-015
-6.010e+000	2.8942e-007	-1.3663e+012	-1.3482e+012	1.3482e+012	5.2500e-015
-6.000e+000	2.8962e-007	-1.3843e+012	-1.3663e+012	1.3662e+012	5.2500e-015
-5.990e+000	2.8982e-007	-1.4024e+012	-1.3843e+012	1.3843e+012	5.2500e-015
-5.980e+000	2.9002e-007	-1.4205e+012	-1.4024e+012	1.4024e+012	5.2500e-015
-5.970e+000	2.9021e-007	-1.4386e+012	-1.4205e+012	1.4205e+012	5.2500e-015
-5.960e+000	2.9039e-007	-1.4568e+012	-1.4386e+012	1.4386e+012	5.2500e-015
-5.950e+000	2.9057e-007	-1.4749e+012	-1.4568e+012	1.4567e+012	5.2500e-015
-5.940e+000	2.9075e-007	-1.4930e+012	-1.4749e+012	1.4749e+012	5.2500e-015
-5.930e+000	2.9092e-007	-1.5112e+012	-1.4930e+012	1.4930e+012	5.2500e-015
-5.920e+000	2.9109e-007	-1.5294e+012	-1.5112e+012	1.5112e+012	5.2500e-015
-5.910e+000	2.9125e-007	-1.5476e+012	-1.5294e+012	1.5293e+012	5.2500e-015
-5.900e+000	2.9141e-007	-1.5657e+012	-1.5476e+012	1.5475e+012	5.2500e-015
-5.890e+000	2.9157e-007	-1.5839e+012	-1.5657e+012	1.5657e+012	5.2500e-015
-5.880e+000	2.9172e-007	-1.6021e+012	-1.5839e+012	1.5839e+012	5.2500e-015
-5.870e+000	2.9187e-007	-1.6204e+012	-1.6021e+012	1.6021e+012	5.2500e-015
-5.860e+000	2.9201e-007	-1.6386e+012	-1.6204e+012	1.6203e+012	5.2500e-015
-5.850e+000	2.9216e-007	-1.6568e+012	-1.6386e+012	1.6385e+012	5.2500e-015
-5.840e+000	2.9230e-007	-1.6751e+012	-1.6568e+012	1.6568e+012	5.2500e-015
-5.830e+000	2.9243e-007	-1.6933e+012	-1.6751e+012	1.6750e+012	5.2500e-015
-5.820e+000	2.9257e-007	-1.7116e+012	-1.6933e+012	1.6933e+012	5.2500e-015
-5.810e+000	2.9270e-007	-1.7298e+012	-1.7116e+012	1.7115e+012	5.2500e-015
-5.800e+000	2.9282e-007	-1.7481e+012	-1.7298e+012	1.7298e+012	5.2500e-015
-5.790e+000	2.9295e-007	-1.7664e+012	-1.7481e+012	1.7481e+012	5.2500e-015
-5.780e+000	2.9307e-007	-1.7847e+012	-1.7664e+012	1.7664e+012	5.2500e-015
-5.770e+000	2.9319e-007	-1.8030e+012	-1.7847e+012	1.7847e+012	5.2500e-015
-5.760e+000	2.9331e-007	-1.8213e+012	-1.8030e+012	1.8030e+012	5.2500e-015
-5.750e+000	2.9342e-007	-1.8396e+012	-1.8213e+012	1.8213e+012	5.2500e-015
-5.740e+000	2.9354e-007	-1.8579e+012	-1.8396e+012	1.8396e+012	5.2500e-015
-5.730e+000	2.9365e-007	-1.8763e+012	-1.8579e+012	1.8579e+012	5.2500e-015
-5.720e+000	2.9375e-007	-1.8946e+012	-1.8763e+012	1.8762e+012	5.2500e-015
-5.710e+000	2.9386e-007	-1.9129e+012	-1.8946e+012	1.8946e+012	5.2500e-015
-5.700e+000	2.9396e-007	-1.9313e+012	-1.9129e+012	1.9129e+012	5.2500e-015
-5.690e+000	2.9407e-007	-1.9496e+012	-1.9313e+012	1.9313e+012	5.2500e-015
-5.680e+000	2.9417e-007	-1.9680e+012	-1.9496e+012	1.9496e+012	5.2500e-015
-5.670e+000	2.9427e-007	-1.9864e+012	-1.9680e+012	1.9680e+012	5.2500e-015
-5.660e+000	2.9436e-007	-2.0047e+012	-1.9864e+012	1.9863e+012	5.2500e-015
-5.650e+000	2.9446e-007	-2.0231e+012	-2.0047e+012	2.0047e+012	5.2500e-015
-5.640e+000	2.9455e-007	-2.0415e+012	-2.0231e+012	2.0231e+012	5.2500e-015
-5.630e+000	2.9464e-007	-2.0599e+012	-2.0415e+012	2.0415e+012	5.2500e-015
-5.620e+000	2.9473e-007	-2.0783e+012	-2.0599e+012	2.0599e+012	5.2500e-015
-5.610e+000	2.9482e-007	-2.0967e+012	-2.0783e+012	2.0783e+012	5.2500e-015
-5.600e+000	2.9491e-007	-2.1151e+012	-2.0967e+012	2.0967e+012	5.2500e-015
-5.590e+000	2.9499e-007	-2.1335e+012	-2.1151e+012	2.1151e+012	5.2500e-015
-5.580e+000	2.9508e-007	-2.1519e+012	-2.1335e+012	2.1335e+012	5.2500e-015
-5.570e+000	2.9516e-007	-2.1704e+012	-2.1519e+012	2.1519e+012	5.2500e-015
-5.560e+000	2.9524e-007	-2.1888e+012	-2.1704e+012	2.1703e+012	5.2500e-015
-5.550e+000	2.9532e-007	-2.2072e+012	-2.1888e+012	2.1887e+012	5.2500e-015
-5.540e+000	2.9540e-007	-2.2257e+012	-2.2072e+012	2.2072e+012	5.2500e-015
-5.530e+000	2.9548e-007	-2.2441e+012	-2.2257e+012	2.2256e+012	5.2500e-015
-5.520e+000	2.9555e-007	-2.2625e+012	-2.2441e+012	2.2441e+012	5.2500e-015
-5.510e+000	2.9563e-007	-2.2810e+012	-2.2625e+012	2.2625e+012	5.2500e-015
-5.500e+000	2.9570e-007	-2.2995e+012	-2.2810e+012	2.2810e+012	5.2500e-015
-5.490e+000	2.9577e-007	-2.3179e+012	-2.2995e+012	2.2994e+012	5.2500e-015
-5.480e+000	2.9585e-007	-2.3364e+012	-2.3179e+012	2.3179e+012	5.2500e-015
-5.470e+000	2.9592e-007	-2.3548e+012	-2.3364e+012	2.3363e+012	5.2500e-015
-5.460e+000	2.9599e-007	-2.3733e+012	-2.3548e+012	2.3548e+012	5.2500e-015
-5.450e+000	2.9605e-007	-2.3918e+012	-2.3733e+012	2.3733e+012	5.2500e-015
-5.440e+000	2.9612e-007	-2.4103e+012	-2.3918e+012	2.3918e+012	5.2500e-015
-5.430e+000	2.9619e-007	-2.4288e+012	-2.4103e+012	2.4102e+012	5.2500e-015
-5.420e+000	2.9625e-007	-2.4473e+012	-2.4288e+012	2.4287e+012	5.2500e-015
-5.410e+000	2.9632e-007	-2.4658e+012	-2.4473e+012	2.4472e+012	5.2500e-015
-5.400e+000	2.9638e-007	-2.4843e+012	-2.4658e+012	2.4657e+012	5.2500e-015
-5.390e+000	2.9644e-007	-2.5028e+012	-2.4843e+012	2.4842e+012	5.2500e-015
-5.380e+000	2.9651e-007	-2.5213e+012	-2.5028e+012	2.5027e+012	5.2500e-015
-5.370e+000	2.9657e-007	-2.5398e+012	-2.5213e+012	2.5212e+012	5.2500e-015
-5.360e+000	2.9663e-007	-2.5583e+012	-2.5398e+012	2.5397e+012	5.2500e-015
-5.350e+000	2.9669e-007	-2.5768e+012	-2.5583e+012	2.5582e+012	5.2500e-015
-5.340e+000	2.9675e-007	-2.5953e+012	-2.5768e+012	2.5768e+012	5.2500e-015
-5.330e+000	2.9680e-007	-2.6138e+012	-2.5953e+012	2.5953e+012	5.2500e-015
-5.320e+000	2.9686e-007	-2.6324e+012	-2.6138e+012	2.6138e+012	5.2500e-015
-5.310e+000	2.9692e-007	-2.6509e+012	-2.6324e+012	2.6323e+012	5.2500e-015
-5.300e+000	2.9697e-007	-2.6694e+012	-2.6509e+012	2.6509e+012	5.2500e-015
-5.290e+000	2.9703e-007	-2.6880e+012	-2.6694e+012	2.6694e+012	5.2500e-015
-5.280e+000	2.9708e-007	-2.7065e+012	-2.6880e+012	2.6879e+012	5.2500e-015
-5.270e+000	2.9713e-007	-2.7251e+012	-2.7065e+012	2.7065e+012	5.2500e-015
-5.260e+000	2.9719e-007	-2.7436e+012	-2.7251e+012	2.7250e+012	5.2500e-015
-5.250e+000	2.9724e-007	-2.7622e+012	-2.7436e+012	2.7436e+012	5.2500e-015
-5.240e+000	2.9729e-007	-2.7807e+012	-2.7622e+012	2.7621e+012	5.2500e-015
-5.230e+000	2.9734e-007	-2.7993e+012	-2.7807e+012	2.7807e+012	5.2500e-015
-5.220e+000	2.9739e-007	-2.8178e+012	-2.7993e+012	2.7992e+012	5.2500e-015
-5.210e+000	2.9744e-007	-2.8364e+012	-2.8178e+012	2.8178e+012	5.2500e-015
-5.200e+000	2.9749e-007	-2.8550e+012	-2.8364e+012	2.8364e+012	5.2500e-015
-5.190e+000	2.9754e-007	-2.8736e+012	-2.8550e+012	2.8549e+012	5.2500e-015
-5.180e+000	2.9759e-007	-2.8921e+012	-2.8736e+012	2.8735e+012	5.2500e-015
-5.170e+000	2.9763e-007	-2.9107e+012	-2.8921e+012	2.8921e+012	5.2500e-015
-5.160e+000	2.9768e-007	-2.9293e+012	-2.9107e+012	2.9107e+012	5.2500e-015
-5.150e+000	2.9773e-007	-2.9479e+012	-2.9293e+012	2.9292e+012	5.2500e-015
-5.140e+000	2.9777e-007	-2.9665e+012	-2.9479e+012	2.9478e+012	5.2500e-015
-5.130e+000	2.9782e-007	-2.9850e+012	-2.9665e+012	2.9664e+012	5.2500e-015
-5.120e+000	2.9786e-007	-3.0036e+012	-2.9850e+012	2.9850e+012	5.2500e-015
-5.110e+000	2.9791e-007	-3.0222e+012	-3.0036e+012	3.0036e+012	5.2500e-015
-5.100e+000	2.9795e-007	-3.0408e+012	-3.0222e+012	3.0222e+012	5.2500e-015
-5.090e+000	2.9799e-007	-3.0594e+012	-3.0408e+012	3.0408e+012	5.2500e-015
-5.080e+000	2.9804e-007	-3.0780e+012	-3.0594e+012	3.0594e+012	5.2500e-015
-5.070e+000	2.9808e-007	-3.0966e+012	-3.0780e+012	3.0780e+012	5.2500e-015
-5.060e+000	2.9812e-007	-3.1152e+012	-3.0966e+012	3.0966e+012	5.2500e-015
-5.050e+000	2.9816e-007	-3.1338e+012	-3.1152e+012	3.1152e+012	5.2500e-015
-5.040e+000	2.9820e-007	-3.1525e+012	-3.1338e+012	3.1338e+012	5.2500e-015
-5.030e+000	2.9824e-007	-3.1711e+012	-3.1525e+012	3.1524e+012	5.2500e-015
-5.020e+000	2.9828e-007	-3.1897e+012	-3.1711e+012	3.1710e+012	5.2500e-015
-5.010e+000	2.9832e-007	-3.2083e+012	-3.1897e+012	3.1896e+012	5.2500e-015
-5.000e+000	2.9836e-007	-3.2269e+012	-3.2083e+012	3.2083e+012	5.2500e-015
-4.990e+000	2.9840e-007	-3.2456e+012	-3.2269e+012	3.2269e+012	5.2500e-015
-4.980e+000	2.9844e-007	-3.2642e+012	-3.2456e+012	3.2455e+012	5.2500e-015
-4.970e+000	2.9848e-007	-3.2828e+012	-3.2642e+012	3.2641e+012	5.2500e-015
-4.960e+000	2.9852e-007	-3.3014e+012	-3.2828e+012	3.2828e+012	5.2500e-015
-4.950e+000	2.9855e-007	-3.3201e+012	-3.3014e+012	3.3014e+012	5.2500e-015
-4.940e+000	2.9859e-007	-3.3387e+012	-3.3201e+012	3.3200e+012	5.2500e-015
-4.930e+000	2.9863e-007	-3.3574e+012	-3.3387e+012	3.3387e+012	5.2500e-015
-4.920e+000	2.9867e-007	-3.3760e+012	-3.3574e+012	3.3573e+012	5.2500e-015
-4.910e+000	2.9870e-007	-3.3946e+012	-3.3760e+012	3.3760e+012	5.2500e-015
-4.900e+000	2.9874e-007	-3.4133e+012	-3.3946e+012	3.3946e+012	5.2500e-015
-4.890e+000	2.9877e-007	-3.4319e+012	-3.4133e+012	3.4132e+012	5.2500e-015
-4.880e+000	2.9881e-007	-3.4506e+012	-3.4319e+012	3.4319e+012	5.2500e-015
-4.870e+000	2.9884e-007	-3.4692e+012	-3.4506e+012	3.4505e+012	5.2500e-015
-4.860e+000	2.9888e-007	-3.4879e+012	-3.4692e+012	3.4692e+012	5.2500e-015
-4.850e+000	2.9891e-007	-3.5065e+012	-3.4879e+012	3.4878e+012	5.2500e-015
-4.840e+000	2.9894e-007	-3.5252e+012	-3.5065e+012	3.5065e+012	5.2500e-015
-4.830e+000	2.9898e-007	-3.5439e+012	-3.5252e+012	3.5252e+012	5.2500e-015
-4.820e+000	2.9901e-007	-3.5625e+012	-3.5439e+012	3.5438e+012	5.2500e-015
-4.810e+000	2.9904e-007	-3.5812e+012	-3.5625e+012	3.5625e+012	5.2500e-015
-4.800e+000	2.9908e-007	-3.5999e+012	-3.5812e+012	3.5812e+012	5.2500e-015
-4.790e+000	2.9911e-007	-3.6185e+012	-3.5999e+012	3.5998e+012	5.2500e-015
-4.780e+000	2.9914e-007	-3.6372e+012	-3.6185e+012	3.6185e+012	5.2500e-015
-4.770e+000	2.9917e-007	-3.6559e+012	-3.6372e+012	3.6372e+012	5.2500e-015
-4.760e+000	2.9921e-007	-3.6745e+012	-3.6559e+012	3.6558e+012	5.2500e-015
-4.750e+000	2.9924e-007	-3.6932e+012	-3.6745e+012	3.6745e+012	5.2500e-015
-4.740e+000	2.9927e-007	-3.7119e+012	-3.6932e+012	3.6932e+012	5.2500e-015
-4.730e+000	2.9930e-007	-3.7306e+012	-3.7119e+012	3.7119e+012	5.2500e-015
-4.720e+000	2.9933e-007	-3.7493e+012	-3.7306e+012	3.7305e+012	5.2500e-015
-4.710e+000	2.9936e-007	-3.7680e+012	-3.7493e+012	3.7492e+012	5.2500e-015
-4.700e+000	2.9939e-007	-3.7866e+012	-3.7680e+012	3.7679e+012	5.2500e-015
-4.690e+000	2.9942e-007	-3.8053e+012	-3.7866e+012	3.7866e+012	5.2500e-015
-4.680e+000	2.9945e-007	-3.8240e+012	-3.8053e+012	3.8053e+012	5.2500e-015
-4.670e+000	2.9948e-007	-3.8427e+012	-3.8240e+012	3.8240e+012	5.2500e-015
-4.660e+000	2.9951e-007	-3.8614e+012	-3.8427e+012	3.8427e+012	5.2500e-015
-4.650e+000	2.9954e-007	-3.8801e+012	-3.8614e+012	3.8614e+012	5.2500e-015
-4.640e+000	2.9956e-007	-3.8988e+012	-3.8801e+012	3.8801e+012	5.2500e-015
-4.630e+000	2.9959e-007	-3.9175e+012	-3.8988e+012	3.8988e+012	5.2500e-015
-4.620e+000	2.9962e-007	-3.9362e+012	-3.9175e+012	3.9175e+012	5.2500e-015
-4.610e+000	2.9965e-007	-3.9549e+012	-3.9362e+012	3.9362e+012	5.2500e-015
-4.600e+000	2.9968e-007	-3.9736e+012	-3.9549e+012	3.9549e+012	5.2500e-015
-4.590e+000	2.9970e-007	-3.9923e+012	-3.9736e+012	3.9736e+012	5.2500e-015
-4.580e+000	2.9973e-007	-4.0110e+012	-3.9923e+012	3.9923e+012	5.2500e-015
-4.570e+000	2.9976e-007	-4.0297e+012	-4.0110e+012	4.0110e+012	5.2500e-015
-4.560e+000	2.9979e-007	-4.0484e+012	-4.0297e+012	4.0297e+012	5.2500e-015
-4.550e+000	2.9981e-007	-4.0671e+012	-4.0484e+012	4.0484e+012	5.2500e-015
-4.540e+000	2.9984e-007	-4.0859e+012	-4.0671e+012	4.0671e+012	5.2500e-015
-4.530e+000	2.9987e-007	-4.1046e+012	-4.0859e+012	4.0858e+012	5.2500e-015
-4.520e+000	2.9989e-007	-4.1233e+012	-4.1046e+012	4.1045e+012	5.2500e-015
-4.510e+000	2.9992e-007	-4.1420e+012	-4.1233e+012	4.1233e+012	5.2500e-015
-4.500e+000	2.9994e-007	-4.1607e+012	-4.1420e+012	4.1420e+012	5.2500e-015
-4.490e+000	2.9997e-007	-4.1795e+012	-4.1607e+012	4.1607e+012	5.2500e-015
-4.480e+000	3.0000e-007	-4.1982e+012	-4.1795e+012	4.1794e+012	5.2500e-015
-4.470e+000	3.0002e-007	-4.2169e+012	-4.1982e+012	4.1981e+012	5.2500e-015
-4.460e+000	3.0005e-007	-4.2356e+012	-4.2169e+012	4.2169e+012	5.2500e-015
-4.450e+000	3.0007e-007	-4.2544e+012	-4.2356e+012	4.2356e+012	5.2500e-015
-4.440e+000	3.0010e-007	-4.2731e+012	-4.2544e+012	4.2543e+012	5.2500e-015
-4.430e+000	3.0012e-007	-4.2918e+012	-4.2731e+012	4.2731e+012	5.2500e-015
-4.420e+000	3.0014e-007	-4.3106e+012	-4.2918e+012	4.2918e+012	5.2500e-015
-4.410e+000	3.0017e-007	-4.3293e+012	-4.3106e+012	4.3105e+012	5.2500e-015
-4.400e+000	3.0019e-007	-4.3480e+012	-4.3293e+012	4.3293e+012	5.2500e-015
-4.390e+000	3.0022e-007	-4.3668e+012	-4.3480e+012	4.3480e+012	5.2500e-015
-4.380e+000	3.0024e-007	-4.3855e+012	-4.3668e+012	4.3667e+012	5.2500e-015
-4.370e+000	3.0026e-007	-4.4043e+012	-4.3855e+012	4.3855e+012	5.2500e-015
-4.360e+000	3.0029e-007	-4.4230e+012	-4.4043e+012	4.4042e+012	5.2500e-015
-4.350e+000	3.0031e-007	-4.4417e+012	-4.4230e+012	4.4230e+012	5.2500e-015
-4.340e+000	3.0033e-007	-4.4605e+012	-4.4417e+012	4.4417e+012	5.2500e-015
-4.330e+000	3.0036e-007	-4.4792e+012	-4.4605e+012	4.4604e+012	5.2500e-015
-4.320e+000	3.0038e-007	-4.4980e+012	-4.4792e+012	4.4792e+012	5.2500e-015
-4.310e+000	3.0040e-007	-4.5167e+012	-4.4980e+012	4.4979e+012	5.2500e-015
-4.300e+000	3.0043e-007	-4.5355e+012	-4.5167e+012	4.5167e+012	5.2500e-015
-4.290e+000	3.0045e-007	-4.5542e+012	-4.5355e+012	4.5354e+012	5.2500e-015
-4.280e+000	3.0047e-007	-4.5730e+012	-4.5542e+012	4.5542e+012	5.2500e-015
-4.270e+000	3.0049e-007	-4.5917e+012	-4.5730e+012	4.5729e+012	5.2500e-015
-4.260e+000	3.0051e-007	-4.6105e+012	-4.5917e+012	4.5917e+012	5.2500e-015
-4.250e+000	3.0054e-007	-4.6293e+012	-4.6105e+012	4.6105e+012	5.2500e-015
-4.240e+000	3.0056e-007	-4.6480e+012	-4.6293e+012	4.6292e+012	5.2500e-015
-4.230e+000	3.0058e-007	-4.6668e+012	-4.6480e+012	4.6480e+012	5.2500e-015
-4.220e+000	3.0060e-007	-4.6855e+012	-4.6668e+012	4.6667e+012	5.2500e-015
-4.210e+000	3.0062e-007	-4.7043e+012	-4.6855e+012	4.6855e+012	5.2500e-015
-4.200e+000	3.0064e-007	-4.7231e+012	-4.7043e+012	4.7043e+012	5.2500e-015
-4.190e+000	3.0066e-007	-4.7418e+012	-4.7231e+012	4.7230e+012	5.2500e-015
-4.180e+000	3.0069e-007	-4.7606e+012	-4.7418e+012	4.7418e+012	5.2500e-015
-4.170e+000	3.0071e-007	-4.7794e+012	-4.7606e+012	4.7606e+012	5.2500e-015
-4.160e+000	3.0073e-007	-4.7981e+012	-4.7794e+012	4.7793e+012	5.2500e-015
-4.150e+000	3.0075e-007	-4.8169e+012	-4.7981e+012	4.7981e+012	5.2500e-015
-4.140e+000	3.0077e-007	-4.8357e+012	-4.8169e+012	4.8169e+012	5.2500e-015
-4.130e+000	3.0079e-007	-4.8545e+012	-4.8357e+012	4.8356e+012	5.2500e-015
-4.120e+000	3.0081e-007	-4.8732e+012	-4.8545e+012	4.8544e+012	5.2500e-015
-4.110e+000	3.0083e-007	-4.8920e+012	-4.8732e+012	4.8732e+012	5.2500e-015
-4.100e+000	3.0085e-007	-4.9108e+012	-4.8920e+012	4.8920e+012	5.2500e-015
-4.090e+000	3.0087e-007	-4.9296e+012	-4.9108e+012	4.9107e+012	5.2500e-015
-4.080e+000	3.0089e-007	-4.9483e+012	-4.9296e+012	4.9295e+012	5.2500e-015
-4.070e+000	3.0091e-007	-4.9671e+012	-4.9483e+012	4.9483e+012	5.2500e-015
-4.060e+000	3.0093e-007	-4.9859e+012	-4.9671e+012	4.9671e+012	5.2500e-015
-4.050e+000	3.0095e-007	-5.0047e+012	-4.9859e+012	4.9859e+012	5.2500e-015
-4.040e+000	3.0097e-007	-5.0235e+012	-5.0047e+012	5.0046e+012	5.2500e-015
-4.030e+000	3.0099e-007	-5.0423e+012	-5.0235e+012	5.0234e+012	5.2500e-015
-4.020e+000	3.0101e-007	-5.0610e+012	-5.0423e+012	5.0422e+012	5.2500e-015
-4.010e+000	3.0102e-007	-5.0798e+012	-5.0610e+012	5.0610e+012	5.2500e-015
-4.000e+000	3.0104e-007	-5.0986e+012	-5.0798e+012	5.0798e+012	5.2500e-015
-3.990e+000	3.0106e-007	-5.1174e+012	-5.0986e+012	5.0986e+012	5.2500e-015
-3.980e+000	3.0108e-007	-5.1362e+012	-5.1174e+012	5.1174e+012	5.2500e-015
-3.970e+000	3.0110e-007	-5.1550e+012	-5.1362e+012	5.1362e+012	5.2500e-015
-3.960e+000	3.0112e-007	-5.1738e+012	-5.1550e+012	5.1550e+012	5.2500e-015
-3.950e+000	3.0114e-007	-5.1926e+012	-5.1738e+012	5.1738e+012	5.2500e-015
-3.940e+000	3.0116e-007	-5.2114e+012	-5.1926e+012	5.1925e+012	5.2500e-015
-3.930e+000	3.0117e-007	-5.2302e+012	-5.2114e+012	5.2113e+012	5.2500e-015
-3.920e+000	3.0119e-007	-5.2490e+012	-5.2302e+012	5.2301e+012	5.2500e-015
-3.910e+000	3.0121e-007	-5.2678e+012	-5.2490e+012	5.2489e+012	5.2500e-015
-3.900e+000	3.0123e-007	-5.2866e+012	-5.2678e+012	5.2677e+012	5.2500e-015
-3.890e+000	3.0125e-007	-5.3054e+012	-5.2866e+012	5.2865e+012	5.2500e-015
-3.880e+000	3.0126e-007	-5.3242e+012	-5.3054e+012	5.3053e+012	5.2500e-015
-3.870e+000	3.0128e-007	-5.3430e+012	-5.3242e+012	5.3241e+012	5.2500e-015
-3.860e+000	3.0130e-007	-5.3618e+012	-5.3430e+012	5.3430e+012	5.2500e-015
-3.850e+000	3.0132e-007	-5.3806e+012	-5.3618e+012	5.3618e+012	5.2500e-015
-3.840e+000	3.0133e-007	-5.3994e+012	-5.3806e+012	5.3806e+012	5.2500e-015
-3.830e+000	3.0135e-007	-5.4182e+012	-5.3994e+012	5.3994e+012	5.2500e-015
-3.820e+000	3.0137e-007	-5.4370e+012	-5.4182e+012	5.4182e+012	5.2500e-015
-3.810e+000	3.0139e-007	-5.4558e+012	-5.4370e+012	5.4370e+012	5.2500e-015
-3.800e+000	3.0140e-007	-5.4747e+012	-5.4558e+012	5.4558e+012	5.2500e-015
-3.790e+000	3.0142e-007	-5.4935e+012	-5.4747e+012	5.4746e+012	5.2500e-015
-3.780e+000	3.0144e-007	-5.5123e+012	-5.4935e+012	5.4934e+012	5.2500e-015
-3.770e+000	3.0145e-007	-5.5311e+012	-5.5123e+012	5.5122e+012	5.2500e-015
-3.760e+000	3.0147e-007	-5.5499e+012	-5.5311e+012	5.5311e+012	5.2500e-015
-3.750e+000	3.0149e-007	-5.5687e+012	-5.5499e+012	5.5499e+012	5.2500e-015
-3.740e+000	3.0150e-007	-5.5875e+012	-5.5687e+012	5.5687e+012	5.2500e-015
-3.730e+000	3.0152e-007	-5.6064e+012	-5.5875e+012	5.5875e+012	5.2500e-015
-3.720e+000	3.0154e-007	-5.6252e+012	-5.6064e+012	5.6063e+012	5.2500e-015
-3.710e+000	3.0155e-007	-5.6440e+012	-5.6252e+012	5.6251e+012	5.2500e-015
-3.700e+000	3.0157e-007	-5.6628e+012	-5.6440e+012	5.6440e+012	5.2500e-015
-3.690e+000	3.0159e-007	-5.6817e+012	-5.6628e+012	5.6628e+012	5.2500e-015
-3.680e+000	3.0160e-007	-5.7005e+012	-5.6817e+012	5.6816e+012	5.2500e-015
-3.670e+000	3.0162e-007	-5.7193e+012	-5.7005e+012	5.7004e+012	5.2500e-015
-3.660e+000	3.0163e-007	-5.7381e+012	-5.7193e+012	5.7193e+012	5.2500e-015
-3.650e+000	3.0165e-007	-5.7570e+012	-5.7381e+012	5.7381e+012	5.2500e-015
-3.640e+000	3.0167e-007	-5.7758e+012	-5.7570e+012	5.7569e+012	5.2500e-015
-3.630e+000	3.0168e-007	-5.7946e+012	-5.7758e+012	5.7757e+012	5.2500e-015
-3.620e+000	3.0170e-007	-5.8134e+012	-5.7946e+012	5.7946e+012	5.2500e-015
-3.610e+000	3.0171e-007	-5.8323e+012	-5.8134e+012	5.8134e+012	5.2500e-015
-3.600e+000	3.0173e-007	-5.8511e+012	-5.8323e+012	5.8322e+012	5.2500e-015
-3.590e+000	3.0174e-007	-5.8699e+012	-5.8511e+012	5.8511e+012	5.2500e-015
-3.580e+000	3.0176e-007	-5.8888e+012	-5.8699e+012	5.8699e+012	5.2500e-015
-3.570e+000	3.0177e-007	-5.9076e+012	-5.8888e+012	5.8887e+012	5.2500e-015
-3.560e+000	3.0179e-007	-5.9265e+012	-5.9076e+012	5.9076e+012	5.2500e-015
-3.550e+000	3.0181e-007	-5.9453e+012	-5.9265e+012	5.9264e+012	5.2500e-015
-3.540e+000	3.0182e-007	-5.9641e+012	-5.9453e+012	5.9452e+012	5.2500e-015
-3.530e+000	3.0184e-007	-5.9830e+012	-5.9641e+012	5.9641e+012	5.2500e-015
-3.520e+000	3.0185e-007	-6.0018e+012	-5.9830e+012	5.9829e+012	5.2500e-015
-3.510e+000	3.0187e-007	-6.0206e+012	-6.0018e+012	6.0018e+012	5.2500e-015
-3.500e+000	3.0188e-007	-6.0395e+012	-6.0206e+012	6.0206e+012	5.2500e-015
-3.490e+000	3.0190e-007	-6.0583e+012	-6.0395e+012	6.0394e+012	5.2500e-015
-3.480e+000	3.0191e-007	-6.0772e+012	-6.0583e+012	6.0583e+012	5.2500e-015
-3.470e+000	3.0192e-007	-6.0960e+012	-6.0772e+012	6.0771e+012	5.2500e-015
-3.460e+000	3.0194e-007	-6.1149e+012	-6.0960e+012	6.0960e+012	5.2500e-015
-3.450e+000	3.0195e-007	-6.1337e+012	-6.1149e+012	6.1148e+012	5.2500e-015
-3.440e+000	3.0197e-007	-6.1526e+012	-6.1337e+012	6.1337e+012	5.2500e-015
-3.430e+000	3.0198e-007	-6.1714e+012	-6.1526e+012	6.1525e+012	5.2500e-015
-3.420e+000	3.0200e-007	-6.1903e+012	-6.1714e+012	6.1714e+012	5.2500e-015
-3.410e+000	3.0201e-007	-6.2091e+012	-6.1903e+012	6.1902e+012	5.2500e-015
-3.400e+000	3.0203e-007	-6.2280e+012	-6.2091e+012	6.2091e+012	5.2500e-015
-3.390e+000	3.0204e-007	-6.2468e+012	-6.2280e+012	6.2279e+012	5.2500e-015
-3.380e+000	3.0205e-007	-6.2657e+012	-6.2468e+012	6.2468e+012	5.2500e-015
-3.370e+000	3.0207e-007	-6.2845e+012	-6.2657e+012	6.2656e+012	5.2500e-015
-3.360e+000	3.0208e-007	-6.3034e+012	-6.2845e+012	6.2845e+012	5.2500e-015
-3.350e+000	3.0210e-007	-6.3222e+012	-6.3034e+012	6.3033e+012	5.2500e-015
-3.340e+000	3.0211e-007	-6.3411e+012	-6.3222e+012	6.3222e+012	5.2500e-015
-3.330e+000	3.0212e-007	-6.3599e+012	-6.3411e+012	6.3410e+012	5.2500e-015
-3.320e+000	3.0214e-007	-6.3788e+012	-6.3599e+012	6.3599e+012	5.2500e-015
-3.310e+000	3.0215e-007	-6.3977e+012	-6.3788e+012	6.3788e+012	5.2500e-015
-3.300e+000	3.0217e-007	-6.4165e+012	-6.3977e+012	6.3976e+012	5.2500e-015
-3.290e+000	3.0218e-007	-6.4354e+012	-6.4165e+012	6.4165e+012	5.2500e-015
-3.280e+000	3.0219e-007	-6.4542e+012	-6.4354e+012	6.4353e+012	5.2500e-015
-3.270e+000	3.0221e-007	-6.4731e+012	-6.4542e+012	6.4542e+012	5.2500e-015
-3.260e+000	3.0222e-007	-6.4920e+012	-6.4731e+012	6.4731e+012	5.2500e-015
-3.250e+000	3.0223e-007	-6.5108e+012	-6.4920e+012	6.4919e+012	5.2500e-015
-3.240e+000	3.0225e-007	-6.5297e+012	-6.5108e+012	6.5108e+012	5.2500e-015
-3.230e+000	3.0202e-007	-6.5485e+012	-6.5297e+012	6.5297e+012	5.2500e-015
-3.220e+000	3.0204e-007	-6.5674e+012	-6.5485e+012	6.5485e+012	5.2500e-015
-3.210e+000	3.0205e-007	-6.5862e+012	-6.5674e+012	6.5674e+012	5.2500e-015
-3.200e+000	3.0206e-007	-6.6051e+012	-6.5862e+012	6.5862e+012	5.2500e-015
-3.190e+000	3.0207e-007	-6.6240e+012	-6.6051e+012	6.6051e+012	5.2500e-015
-3.180e+000	3.0208e-007	-6.6428e+012	-6.6240e+012	6.6239e+012	5.2500e-015
-3.170e+000	3.0210e-007	-6.6617e+012	-6.6428e+012	6.6428e+012	5.2500e-015
-3.160e+000	3.0211e-007	-6.6805e+012	-6.6617e+012	6.6616e+012	5.2500e-015
-3.150e+000	3.0212e-007	-6.6994e+012	-6.6805e+012	6.6805e+012	5.2500e-015
-3.140e+000	3.0213e-007	-6.7182e+012	-6.6994e+012	6.6993e+012	5.2500e-015
-3.130e+000	3.0214e-007	-6.7371e+012	-6.7182e+012	6.7182e+012	5.2500e-015
-3.120e+000	3.0215e-007	-6.7559e+012	-6.7371e+012	6.7371e+012	5.2500e-015
-3.110e+000	3.0216e-007	-6.7748e+012	-6.7559e+012	6.7559e+012	5.2500e-015
-3.100e+000	3.0217e-007	-6.7937e+012	-6.7748e+012	6.7748e+012	5.2500e-015
-3.090e+000	3.0218e-007	-6.8125e+012	-6.7937e+012	6.7936e+012	5.2500e-015
-3.080e+000	3.0219e-007	-6.8314e+012	-6.8125e+012	6.8125e+012	5.2500e-015
-3.070e+000	3.0220e-007	-6.8503e+012	-6.8314e+012	6.8314e+012	5.2500e-015
-3.060e+000	3.0221e-007	-6.8691e+012	-6.8503e+012	6.8502e+012	5.2500e-015
-3.050e+000	3.0222e-007	-6.8880e+012	-6.8691e+012	6.8691e+012	5.2500e-015
-3.040e+000	3.0224e-007	-6.9068e+012	-6.8880e+012	6.8879e+012	5.2500e-015
-3.030e+000	3.0225e-007	-6.9257e+012	-6.9068e+012	6.9068e+012	5.2500e-015
-3.020e+000	3.0226e-007	-6.9446e+012	-6.9257e+012	6.9257e+012	5.2500e-015
-3.010e+000	3.0227e-007	-6.9634e+012	-6.9446e+012	6.9445e+012	5.2500e-015
-3.000e+000	3.0228e-007	-6.9823e+012	-6.9634e+012	6.9634e+012	5.2500e-015
-2.990e+000	3.0229e-007	-7.0012e+012	-6.9823e+012	6.9823e+012	5.2500e-015
-2.980e+000	3.0230e-007	-7.0200e+012	-7.0012e+012	7.0011e+012	5.2500e-015
-2.970e+000	3.0231e-007	-7.0389e+012	-7.0200e+012	7.0200e+012	5.2500e-015
-2.960e+000	3.0232e-007	-7.0578e+012	-7.0389e+012	7.0389e+012	5.2500e-015
-2.950e+000	3.0233e-007	-7.0766e+012	-7.0578e+012	7.0577e+012	5.2500e-015
-2.940e+000	3.0234e-007	-7.0955e+012	-7.0766e+012	7.0766e+012	5.2500e-015
-2.930e+000	3.0235e-007	-7.1144e+012	-7.0955e+012	7.0955e+012	5.2500e-015
-2.920e+000	3.0236e-007	-7.1333e+012	-7.1144e+012	7.1143e+012	5.2500e-015
-2.910e+000	3.0237e-007	-7.1521e+012	-7.1333e+012	7.1332e+012	5.2500e-015
-2.900e+000	3.0238e-007	-7.1710e+012	-7.1521e+012	7.1521e+012	5.2500e-015
-2.890e+000	3.0239e-007	-7.1899e+012	-7.1710e+012	7.1710e+012	5.2500e-015
-2.880e+000	3.0240e-007	-7.2088e+012	-7.1899e+012	7.1898e+012	5.2500e-015
-2.870e+000	3.0241e-007	-7.2276e+012	-7.2088e+012	7.2087e+012	5.2500e-015
-2.860e+000	3.0242e-007	-7.2465e+012	-7.2276e+012	7.2276e+012	5.2500e-015
-2.850e+000	3.0243e-007	-7.2654e+012	-7.2465e+012	7.2465e+012	5.2500e-015
-2.840e+000	3.0244e-007	-7.2843e+012	-7.2654e+012	7.2653e+012	5.2500e-015
-2.830e+000	3.0245e-007	-7.3031e+012	-7.2843e+012	7.2842e+012	5.2500e-015
-2.820e+000	3.0246e-007	-7.3220e+012	-7.3031e+012	7.3031e+012	5.2500e-015
-2.810e+000	3.0247e-007	-7.3409e+012	-7.3220e+012	7.3220e+012	5.2500e-015
-2.800e+000	3.0248e-007	-7.3598e+012	-7.3409e+012	7.3409e+012	5.2500e-015
-2.790e+000	3.0249e-007	-7.3786e+012	-7.3598e+012	7.3597e+012	5.2500e-015
-2.780e+000	3.0250e-007	-7.3975e+012	-7.3786e+012	7.3786e+012	5.2500e-015
-2.770e+000	3.0250e-007	-7.4164e+012	-7.3975e+012	7.3975e+012	5.2500e-015
-2.760e+000	3.0251e-007	-7.4353e+012	-7.4164e+012	7.4164e+012	5.2500e-015
-2.750e+000	3.0252e-007	-7.4542e+012	-7.4353e+012	7.4353e+012	5.2500e-015
-2.740e+000	3.0253e-007	-7.4731e+012	-7.4542e+012	7.4541e+012	5.2500e-015
-2.730e+000	3.0254e-007	-7.4919e+012	-7.4731e+012	7.4730e+012	5.2500e-015
-2.720e+000	3.0255e-007	-7.5108e+012	-7.4919e+012	7.4919e+012	5.2500e-015
-2.710e+000	3.0256e-007	-7.5297e+012	-7.5108e+012	7.5108e+012	5.2500e-015
-2.700e+000	3.0257e-007	-7.5486e+012	-7.5297e+012	7.5297e+012	5.2500e-015
-2.690e+000	3.0258e-007	-7.5675e+012	-7.5486e+012	7.5486e+012	5.2500e-015
-2.680e+000	3.0259e-007	-7.5864e+012	-7.5675e+012	7.5674e+012	5.2500e-015
-2.670e+000	3.0260e-007	-7.6053e+012	-7.5864e+012	7.5863e+012	5.2500e-015
-2.660e+000	3.0261e-007	-7.6241e+012	-7.6053e+012	7.6052e+012	5.2500e-015
-2.650e+000	3.0262e-007	-7.6430e+012	-7.6241e+012	7.6241e+012	5.2500e-015
-2.640e+000	3.0262e-007	-7.6619e+012	-7.6430e+012	7.6430e+012	5.2500e-015
-2.630e+000	3.0263e-007	-7.6808e+012	-7.6619e+012	7.6619e+012	5.2500e-015
-2.620e+000	3.0264e-007	-7.6997e+012	-7.6808e+012	7.6808e+012	5.2500e-015
-2.610e+000	3.0265e-007	-7.7186e+012	-7.6997e+012	7.6997e+012	5.2500e-015
-2.600e+000	3.0266e-007	-7.7375e+012	-7.7186e+012	7.7185e+012	5.2500e-015
-2.590e+000	3.0267e-007	-7.7564e+012	-7.7375e+012	7.7374e+012	5.2500e-015
-2.580e+000	3.0268e-007	-7.7753e+012	-7.7564e+012	7.7563e+012	5.2500e-015
-2.570e+000	3.0269e-007	-7.7941e+012	-7.7753e+012	7.7752e+012	5.2500e-015
-2.560e+000	3.0270e-007	-7.8130e+012	-7.7941e+012	7.7941e+012	5.2500e-015
-2.550e+000	3.0270e-007	-7.8319e+012	-7.8130e+012	7.8130e+012	5.2500e-015
-2.540e+000	3.0271e-007	-7.8508e+012	-7.8319e+012	7.8319e+012	5.2500e-015
-2.530e+000	3.0272e-007	-7.8697e+012	-7.8508e+012	7.8508e+012	5.2500e-015
-2.520e+000	3.0273e-007	-7.8886e+012	-7.8697e+012	7.8697e+012	5.2500e-015
-2.510e+000	3.0274e-007	-7.9075e+012	-7.8886e+012	7.8886e+012	5.2500e-015
-2.500e+000	3.0275e-007	-7.9264e+012	-7.9075e+012	7.9075e+012	5.2500e-015
-2.490e+000	3.0276e-007	-7.9453e+012	-7.9264e+012	7.9264e+012	5.2500e-015
-2.480e+000	3.0276e-007	-7.9642e+012	-7.9453e+012	7.9453e+012	5.2500e-015
-2.470e+000	3.0277e-007	-7.9831e+012	-7.9642e+012	7.9642e+012	5.2500e-015
-2.460e+000	3.0278e-007	-8.0020e+012	-7.9831e+012	7.9831e+012	5.2500e-015
-2.450e+000	3.0279e-007	-8.0209e+012	-8.0020e+012	8.0020e+012	5.2500e-015
-2.440e+000	3.0280e-007	-8.0398e+012	-8.0209e+012	8.0209e+012	5.2500e-015
-2.430e+000	3.0281e-007	-8.0587e+012	-8.0398e+012	8.0398e+012	5.2500e-015
-2.420e+000	3.0282e-007	-8.0776e+012	-8.0587e+012	8.0587e+012	5.2500e-015
-2.410e+000	3.0282e-007	-8.0965e+012	-8.0776e+012	8.0776e+012	5.2500e-015
-2.400e+000	3.0283e-007	-8.1154e+012	-8.0965e+012	8.0965e+012	5.2500e-015
-2.390e+000	3.0284e-007	-8.1343e+012	-8.1154e+012	8.1154e+012	5.2500e-015
-2.380e+000	3.0285e-007	-8.1532e+012	-8.1343e+012	8.1343e+012	5.2500e-015
-2.370e+000	3.0286e-007	-8.1721e+012	-8.1532e+012	8.1532e+012	5.2500e-015
-2.360e+000	3.0287e-007	-8.1910e+012	-8.1721e+012	8.1721e+012	5.2500e-015
-2.350e+000	3.0287e-007	-8.2099e+012	-8.1910e+012	8.1910e+012	5.2500e-015
-2.340e+000	3.0288e-007	-8.2288e+012	-8.2099e+012	8.2099e+012	5.2500e-015
-2.330e+000	3.0289e-007	-8.2477e+012	-8.2288e+012	8.2288e+012	5.2500e-015
-2.320e+000	3.0290e-007	-8.2666e+012	-8.2477e+012	8.2477e+012	5.2500e-015
-2.310e+000	3.0291e-007	-8.2855e+012	-8.2666e+012	8.2666e+012	5.2500e-015
-2.300e+000	3.0291e-007	-8.3044e+012	-8.2855e+012	8.2855e+012	5.2500e-015
-2.290e+000	3.0292e-007	-8.3233e+012	-8.3044e+012	8.3044e+012	5.2500e-015
-2.280e+000	3.0293e-007	-8.3423e+012	-8.3233e+012	8.3233e+012	5.2500e-015
-2.270e+000	3.0294e-007	-8.3612e+012	-8.3423e+012	8.3422e+012	5.2500e-015
-2.260e+000	3.0295e-007	-8.3801e+012	-8.3612e+012	8.3611e+012	5.2500e-015
-2.250e+000	3.0295e-007	-8.3990e+012	-8.3801e+012	8.3800e+012	5.2500e-015
-2.240e+000	3.0296e-007	-8.4179e+012	-8.3990e+012	8.3989e+012	5.2500e-015
-2.230e+000	3.0297e-007	-8.4368e+012	-8.4179e+012	8.4178e+012	5.2500e-015
-2.220e+000	3.0298e-007	-8.4557e+012	-8.4368e+012	8.4368e+012	5.2500e-015
-2.210e+000	3.0299e-007	-8.4746e+012	-8.4557e+012	8.4557e+012	5.2500e-015
-2.200e+000	3.0299e-007	-8.4935e+012	-8.4746e+012	8.4746e+012	5.2500e-015
-2.190e+000	3.0300e-007	-8.5124e+012	-8.4935e+012	8.4935e+012	5.2500e-015
-2.180e+000	3.0301e-007	-8.5314e+012	-8.5124e+012	8.5124e+012	5.2500e-015
-2.170e+000	3.0302e-007	-8.5503e+012	-8.5314e+012	8.5313e+012	5.2500e-015
-2.160e+000	3.0302e-007	-8.5692e+012	-8.5503e+012	8.5502e+012	5.2500e-015
-2.150e+000	3.0303e-007	-8.5881e+012	-8.5692e+012	8.5691e+012	5.2500e-015
-2.140e+000	3.0304e-007	-8.6070e+012	-8.5881e+012	8.5881e+012	5.2500e-015
-2.130e+000	3.0305e-007	-8.6259e+012	-8.6070e+012	8.6070e+012	5.2500e-015
-2.120e+000	3.0305e-007	-8.6448e+012	-8.6259e+012	8.6259e+012	5.2500e-015
-2.110e+000	3.0306e-007	-8.6638e+012	-8.6448e+012	8.6448e+012	5.2500e-015
-2.100e+000	3.0307e-007	-8.6827e+012	-8.6638e+012	8.6637e+012	5.2500e-015
-2.090e+000	3.0308e-007	-8.7016e+012	-8.6827e+012	8.6826e+012	5.2500e-015
-2.080e+000	3.0308e-007	-8.7205e+012	-8.7016e+012	8.7015e+012	5.2500e-015
-2.070e+000	3.0309e-007	-8.7394e+012	-8.7205e+012	8.7205e+012	5.2500e-015
-2.060e+000	3.0310e-007	-8.7583e+012	-8.7394e+012	8.7394e+012	5.2500e-015
-2.050e+000	3.0311e-007	-8.7773e+012	-8.7583e+012	8.7583e+012	5.2500e-015
-2.040e+000	3.0311e-007	-8.7962e+012	-8.7773e+012	8.7772e+012	5.2500e-015
-2.030e+000	3.0312e-007	-8.8151e+012	-8.7962e+012	8.7961e+012	5.2500e-015
-2.020e+000	3.0313e-007	-8.8340e+012	-8.8151e+012	8.8151e+012	5.2500e-015
-2.010e+000	3.0314e-007	-8.8529e+012	-8.8340e+012	8.8340e+012	5.2500e-015
-2.000e+000	3.0314e-007	-8.8719e+012	-8.8529e+012	8.8529e+012	5.2500e-015
-1.990e+000	3.0315e-007	-8.8908e+012	-8.8719e+012	8.8718e+012	5.2500e-015
-1.980e+000	3.0316e-007	-8.9097e+012	-8.8908e+012	8.8907e+012	5.2500e-015
-1.970e+000	3.0317e-007	-8.9286e+012	-8.9097e+012	8.9097e+012	5.2500e-015
-1.960e+000	3.0317e-007	-8.9475e+012	-8.9286e+012	8.9286e+012	5.2500e-015
-1.950e+000	3.0318e-007	-8.9665e+012	-8.9475e+012	8.9475e+012	5.2500e-015
-1.940e+000	3.0319e-007	-8.9854e+012	-8.9665e+012	8.9664e+012	5.2500e-015
-1.930e+000	3.0319e-007	-9.0043e+012	-8.9854e+012	8.9853e+012	5.2500e-015
-1.920e+000	3.0320e-007	-9.0232e+012	-9.0043e+012	9.0043e+012	5.2500e-015
-1.910e+000	3.0321e-007	-9.0422e+012	-9.0232e+012	9.0232e+012	5.2500e-015
-1.900e+000	3.0322e-007	-9.0611e+012	-9.0422e+012	9.0421e+012	5.2500e-015
-1.890e+000	3.0322e-007	-9.0800e+012	-9.0611e+012	9.0610e+012	5.2500e-015
-1.880e+000	3.0323e-007	-9.0989e+012	-9.0800e+012	9.0800e+012	5.2500e-015
-1.870e+000	3.0324e-007	-9.1179e+012	-9.0989e+012	9.0989e+012	5.2500e-015
-1.860e+000	3.0324e-007	-9.1368e+012	-9.1179e+012	9.1178e+012	5.2500e-015
-1.850e+000	3.0325e-007	-9.1557e+012	-9.1368e+012	9.1368e+012	5.2500e-015
-1.840e+000	3.0326e-007	-9.1746e+012	-9.1557e+012	9.1557e+012	5.2500e-015
-1.830e+000	3.0327e-007	-9.1936e+012	-9.1746e+012	9.1746e+012	5.2500e-015
-1.820e+000	3.0327e-007	-9.2125e+012	-9.1936e+012	9.1935e+012	5.2500e-015
-1.810e+000	3.0328e-007	-9.2314e+012	-9.2125e+012	9.2125e+012	5.2500e-015
-1.800e+000	3.0329e-007	-9.2504e+012	-9.2314e+012	9.2314e+012	5.2500e-015
-1.790e+000	3.0329e-007	-9.2693e+012	-9.2504e+012	9.2503e+012	5.2500e-015
-1.780e+000	3.0330e-007	-9.2882e+012	-9.2693e+012	9.2693e+012	5.2500e-015
-1.770e+000	3.0331e-007	-9.3072e+012	-9.2882e+012	9.2882e+012	5.2500e-015
-1.760e+000	3.0331e-007	-9.3261e+012	-9.3072e+012	9.3071e+012	5.2500e-015
-1.750e+000	3.0332e-007	-9.3450e+012	-9.3261e+012	9.3260e+012	5.2500e-015
-1.740e+000	3.0333e-007	-9.3639e+012	-9.3450e+012	9.3450e+012	5.2500e-015
-1.730e+000	3.0333e-007	-9.3829e+012	-9.3639e+012	9.3639e+012	5.2500e-015
-1.720e+000	3.0334e-007	-9.4018e+012	-9.3829e+012	9.3828e+012	5.2500e-015
-1.710e+000	3.0335e-007	-9.4207e+012	-9.4018e+012	9.4018e+012	5.2500e-015
-1.700e+000	3.0335e-007	-9.4397e+012	-9.4207e+012	9.4207e+012	5.2500e-015
-1.690e+000	3.0336e-007	-9.4586e+012	-9.4397e+012	9.4396e+012	5.2500e-015
-1.680e+000	3.0337e-007	-9.4776e+012	-9.4586e+012	9.4586e+012	5.2500e-015
-1.670e+000	3.0337e-007	-9.4965e+012	-9.4776e+012	9.4775e+012	5.2500e-015
-1.660e+000	3.0338e-007	-9.5154e+012	-9.4965e+012	9.4964e+012	5.2500e-015
-1.650e+000	3.0339e-007	-9.5344e+012	-9.5154e+012	9.5154e+012	5.2500e-015
-1.640e+000	3.0339e-007	-9.5533e+012	-9.5344e+012	9.5343e+012	5.2500e-015
-1.630e+000	3.0340e-007	-9.5722e+012	-9.5533e+012	9.5533e+012	5.2500e-015
-1.620e+000	3.0341e-007	-9.5912e+012	-9.5722e+012	9.5722e+012	5.2500e-015
-1.610e+000	3.0341e-007	-9.6101e+012	-9.5912e+012	9.5911e+012	5.2500e-015
-1.600e+000	3.0342e-007	-9.6290e+012	-9.6101e+012	9.6101e+012	5.2500e-015
-1.590e+000	3.0343e-007	-9.6480e+012	-9.6290e+012	9.6290e+012	5.2500e-015
-1.580e+000	3.0343e-007	-9.6669e+012	-9.6480e+012	9.6479e+012	5.2500e-015
-1.570e+000	3.0344e-007	-9.6859e+012	-9.6669e+012	9.6669e+012	5.2500e-015
-1.560e+000	3.0345e-007	-9.7048e+012	-9.6859e+012	9.6858e+012	5.2500e-015
-1.550e+000	3.0345e-007	-9.7237e+012	-9.7048e+012	9.7048e+012	5.2500e-015
-1.540e+000	3.0346e-007	-9.7427e+012	-9.7237e+012	9.7237e+012	5.2500e-015
-1.530e+000	3.0347e-007	-9.7616e+012	-9.7427e+012	9.7426e+012	5.2500e-015
-1.520e+000	3.0347e-007	-9.7806e+012	-9.7616e+012	9.7616e+012	5.2500e-015
-1.510e+000	3.0348e-007	-9.7995e+012	-9.7806e+012	9.7805e+012	5.2500e-015
-1.500e+000	3.0348e-007	-9.8184e+012	-9.7995e+012	9.7995e+012	5.2500e-015
-1.490e+000	3.0349e-007	-9.8374e+012	-9.8184e+012	9.8184e+012	5.2500e-015
-1.480e+000	3.0350e-007	-9.8563e+012	-9.8374e+012	9.8373e+012	5.2500e-015
-1.470e+000	3.0350e-007	-9.8753e+012	-9.8563e+012	9.8563e+012	5.2500e-015
-1.460e+000	3.0351e-007	-9.8942e+012	-9.8753e+012	9.8752e+012	5.2500e-015
-1.450e+000	3.0352e-007	-9.9132e+012	-9.8942e+012	9.8942e+012	5.2500e-015
-1.440e+000	3.0352e-007	-9.9321e+012	-9.9132e+012	9.9131e+012	5.2500e-015
-1.430e+000	3.0353e-007	-9.9510e+012	-9.9321e+012	9.9321e+012	5.2500e-015
-1.420e+000	3.0353e-007	-9.9700e+012	-9.9510e+012	9.9510e+012	5.2500e-015
-1.410e+000	3.0354e-007	-9.9889e+012	-9.9700e+012	9.9700e+012	5.2500e-015
-1.400e+000	3.0355e-007	-1.0008e+013	-9.9889e+012	9.9889e+012	5.2500e-015
-1.390e+000	3.0355e-007	-1.0027e+013	-1.0008e+013	1.0008e+013	5.2500e-015
-1.380e+000	3.0356e-007	-1.0046e+013	-1.0027e+013	1.0027e+013	5.2500e-015
-1.370e+000	3.0357e-007	-1.0065e+013	-1.0046e+013	1.0046e+013	5.2500e-015
-1.360e+000	3.0357e-007	-1.0084e+013	-1.0065e+013	1.0065e+013	5.2500e-015
-1.350e+000	3.0358e-007	-1.0103e+013	-1.0084e+013	1.0084e+013	5.2500e-015
-1.340e+000	3.0358e-007	-1.0122e+013	-1.0103e+013	1.0103e+013	5.2500e-015
-1.330e+000	3.0359e-007	-1.0141e+013	-1.0122e+013	1.0122e+013	5.2500e-015
-1.320e+000	3.0360e-007	-1.0159e+013	-1.0141e+013	1.0140e+013	5.2500e-015
-1.310e+000	3.0360e-007	-1.0178e+013	-1.0159e+013	1.0159e+013	5.2500e-015
-1.300e+000	3.0361e-007	-1.0197e+013	-1.0178e+013	1.0178e+013	5.2500e-015
-1.290e+000	3.0361e-007	-1.0216e+013	-1.0197e+013	1.0197e+013	5.2500e-015
-1.280e+000	3.0362e-007	-1.0235e+013	-1.0216e+013	1.0216e+013	5.2500e-015
-1.270e+000	3.0363e-007	-1.0254e+013	-1.0235e+013	1.0235e+013	5.2500e-015
-1.260e+000	3.0363e-007	-1.0273e+013	-1.0254e+013	1.0254e+013	5.2500e-015
-1.250e+000	3.0364e-007	-1.0292e+013	-1.0273e+013	1.0273e+013	5.2500e-015
-1.240e+000	3.0364e-007	-1.0311e+013	-1.0292e+013	1.0292e+013	5.2500e-015
-1.230e+000	3.0365e-007	-1.0330e+013	-1.0311e+013	1.0311e+013	5.2500e-015
-1.220e+000	3.0366e-007	-1.0349e+013	-1.0330e+013	1.0330e+013	5.2500e-015
-1.210e+000	3.0366e-007	-1.0368e+013	-1.0349e+013	1.0349e+013	5.2500e-015
-1.200e+000	3.0367e-007	-1.0387e+013	-1.0368e+013	1.0368e+013	5.2500e-015
-1.190e+000	3.0367e-007	-1.0406e+013	-1.0387e+013	1.0387e+013	5.2500e-015
-1.180e+000	3.0368e-007	-1.0425e+013	-1.0406e+013	1.0406e+013	5.2500e-015
-1.170e+000	3.0368e-007	-1.0444e+013	-1.0425e+013	1.0425e+013	5.2500e-015
-1.160e+000	3.0369e-007	-1.0463e+013	-1.0444e+013	1.0444e+013	5.2500e-015
-1.150e+000	3.0370e-007	-1.0482e+013	-1.0463e+013	1.0463e+013	5.2500e-015
-1.140e+000	3.0370e-007	-1.0501e+013	-1.0482e+013	1.0482e+013	5.2500e-015
-1.130e+000	3.0371e-007	-1.0520e+013	-1.0501e+013	1.0501e+013	5.2500e-015
-1.120e+000	3.0371e-007	-1.0539e+013	-1.0520e+013	1.0520e+013	5.2500e-015
-1.110e+000	3.0372e-007	-1.0557e+013	-1.0539e+013	1.0538e+013	5.2500e-015
-1.100e+000	3.0373e-007	-1.0576e+013	-1.0557e+013	1.0557e+013	5.2500e-015
-1.090e+000	3.0373e-007	-1.0595e+013	-1.0576e+013	1.0576e+013	5.2500e-015
-1.080e+000	3.0374e-007	-1.0614e+013	-1.0595e+013	1.0595e+013	5.2500e-015
-1.070e+000	3.0374e-007	-1.0633e+013	-1.0614e+013	1.0614e+013	5.2500e-015
-1.060e+000	3.0375e-007	-1.0652e+013	-1.0633e+013	1.0633e+013	5.2500e-015
-1.050e+000	3.0375e-007	-1.0671e+013	-1.0652e+013	1.0652e+013	5.2500e-015
-1.040e+000	3.0376e-007	-1.0690e+013	-1.0671e+013	1.0671e+013	5.2500e-015
-1.030e+000	3.0377e-007	-1.0709e+013	-1.0690e+013	1.0690e+013	5.2500e-015
-1.020e+000	3.0377e-007	-1.0728e+013	-1.0709e+013	1.0709e+013	5.2500e-015
-1.010e+000	3.0378e-007	-1.0747e+013	-1.0728e+013	1.0728e+013	5.2500e-015
-1.000e+000	3.0378e-007	-1.0766e+013	-1.0747e+013	1.0747e+013	5.2500e-015
-9.900e-001	3.0379e-007	-1.0785e+013	-1.0766e+013	1.0766e+013	5.2500e-015
-9.800e-001	3.0379e-007	-1.0804e+013	-1.0785e+013	1.0785e+013	5.2500e-015
-9.700e-001	3.0380e-007	-1.0823e+013	-1.0804e+013	1.0804e+013	5.2500e-015
-9.600e-001	3.0380e-007	-1.0842e+013	-1.0823e+013	1.0823e+013	5.2500e-015
-9.500e-001	3.0381e-007	-1.0861e+013	-1.0842e+013	1.0842e+013	5.2500e-015
-9.400e-001	3.0382e-007	-1.0880e+013	-1.0861e+013	1.0861e+013	5.2500e-015
-9.300e-001	3.0382e-007	-1.0899e+013	-1.0880e+013	1.0880e+013	5.2500e-015
-9.200e-001	3.0383e-007	-1.0918e+013	-1.0899e+013	1.0899e+013	5.2500e-015
-9.100e-001	3.0383e-007	-1.0937e+013	-1.0918e+013	1.0918e+013	5.2500e-015
-9.000e-001	3.0384e-007	-1.0956e+013	-1.0937e+013	1.0937e+013	5.2500e-015
-8.900e-001	3.0384e-007	-1.0975e+013	-1.0956e+013	1.0956e+013	5.2500e-015
-8.800e-001	3.0385e-007	-1.0994e+013	-1.0975e+013	1.0975e+013	5.2500e-015
-8.700e-001	3.0385e-007	-1.1013e+013	-1.0994e+013	1.0994e+013	5.2500e-015
-8.600e-001	3.0386e-007	-1.1032e+013	-1.1013e+013	1.1013e+013	5.2500e-015
-8.500e-001	3.0386e-007	-1.1050e+013	-1.1032e+013	1.1031e+013	5.2500e-015
-8.400e-001	3.0387e-007	-1.1069e+013	-1.1050e+013	1.1050e+013	5.2500e-015
-8.300e-001	3.0388e-007	-1.1088e+013	-1.1069e+013	1.1069e+013	5.2500e-015
-8.200e-001	3.0388e-007	-1.1107e+013	-1.1088e+013	1.1088e+013	5.2500e-015
-8.100e-001	3.0389e-007	-1.1126e+013	-1.1107e+013	1.1107e+013	5.2500e-015
-8.000e-001	3.0389e-007	-1.1145e+013	-1.1126e+013	1.1126e+013	5.2500e-015
-7.900e-001	3.0390e-007	-1.1164e+013	-1.1145e+013	1.1145e+013	5.2500e-015
-7.800e-001	3.0390e-007	-1.1183e+013	-1.1164e+013	1.1164e+013	5.2500e-015
-7.700e-001	3.0391e-007	-1.1202e+013	-1.1183e+013	1.1183e+013	5.2500e-015
-7.600e-001	3.0391e-007	-1.1221e+013	-1.1202e+013	1.1202e+013	5.2500e-015
-7.500e-001	3.0392e-007	-1.1240e+013	-1.1221e+013	1.1221e+013	5.2500e-015
-7.400e-001	3.0392e-007	-1.1259e+013	-1.1240e+013	1.1240e+013	5.2500e-015
-7.300e-001	3.0393e-007	-1.1278e+013	-1.1259e+013	1.1259e+013	5.2500e-015
-7.200e-001	3.0393e-007	-1.1297e+013	-1.1278e+013	1.1278e+013	5.2500e-015
-7.100e-001	3.0394e-007	-1.1316e+013	-1.1297e+013	1.1297e+013	5.2500e-015
-7.000e-001	3.0394e-007	-1.1335e+013	-1.1316e+013	1.1316e+013	5.2500e-015
-6.900e-001	3.0395e-007	-1.1354e+013	-1.1335e+013	1.1335e+013	5.2500e-015
-6.800e-001	3.0395e-007	-1.1373e+013	-1.1354e+013	1.1354e+013	5.2500e-015
-6.700e-001	3.0396e-007	-1.1392e+013	-1.1373e+013	1.1373e+013	5.2500e-015
-6.600e-001	3.0396e-007	-1.1411e+013	-1.1392e+013	1.1392e+013	5.2500e-015
-6.500e-001	3.0397e-007	-1.1430e+013	-1.1411e+013	1.1411e+013	5.2500e-015
-6.400e-001	3.0398e-007	-1.1449e+013	-1.1430e+013	1.1430e+013	5.2500e-015
-6.300e-001	3.0398e-007	-1.1468e+013	-1.1449e+013	1.1449e+013	5.2500e-015
-6.200e-001	3.0399e-007	-1.1487e+013	-1.1468e+013	1.1468e+013	5.2500e-015
-6.100e-001	3.0399e-007	-1.1506e+013	-1.1487e+013	1.1487e+013	5.2500e-015
-6.000e-001	3.0400e-007	-1.1525e+013	-1.1506e+013	1.1506e+013	5.2500e-015
-5.900e-001	3.0400e-007	-1.1544e+013	-1.1525e+013	1.1525e+013	5.2500e-015
-5.800e-001	3.0401e-007	-1.1563e+013	-1.1544e+013	1.1544e+013	5.2500e-015
-5.700e-001	3.0401e-007	-1.1582e+013	-1.1563e+013	1.1563e+013	5.2500e-015
-5.600e-001	3.0402e-007	-1.1601e+013	-1.1582e+013	1.1582e+013	5.2500e-015
-5.500e-001	3.0402e-007	-1.1620e+013	-1.1601e+013	1.1601e+013	5.2500e-015
-5.400e-001	3.0403e-007	-1.1639e+013	-1.1620e+013	1.1620e+013	5.2500e-015
-5.300e-001	3.0403e-007	-1.1658e+013	-1.1639e+013	1.1639e+013	5.2500e-015
-5.200e-001	3.0404e-007	-1.1677e+013	-1.1658e+013	1.1658e+013	5.2500e-015
-5.100e-001	3.0404e-007	-1.1696e+013	-1.1677e+013	1.1676e+013	5.2500e-015
-5.000e-001	3.0405e-007	-1.1714e+013	-1.1696e+013	1.1695e+013	5.2500e-015
-4.900e-001	3.0405e-007	-1.1733e+013	-1.1714e+013	1.1714e+013	5.2500e-015
-4.800e-001	3.0406e-007	-1.1752e+013	-1.1733e+013	1.1733e+013	5.2500e-015
-4.700e-001	3.0406e-007	-1.1771e+013	-1.1752e+013	1.1752e+013	5.2500e-015
-4.600e-001	3.0407e-007	-1.1790e+013	-1.1771e+013	1.1771e+013	5.2500e-015
-4.500e-001	3.0407e-007	-1.1809e+013	-1.1790e+013	1.1790e+013	5.2500e-015
-4.400e-001	3.0408e-007	-1.1828e+013	-1.1809e+013	1.1809e+013	5.2500e-015
-4.300e-001	3.0408e-007	-1.1847e+013	-1.1828e+013	1.1828e+013	5.2500e-015
-4.200e-001	3.0409e-007	-1.1866e+013	-1.1847e+013	1.1847e+013	5.2500e-015
-4.100e-001	3.0409e-007	-1.1885e+013	-1.1866e+013	1.1866e+013	5.2500e-015
-4.000e-001	3.0410e-007	-1.1904e+013	-1.1885e+013	1.1885e+013	5.2500e-015
-3.900e-001	3.0410e-007	-1.1923e+013	-1.1904e+013	1.1904e+013	5.2500e-015
-3.800e-001	3.0411e-007	-1.1942e+013	-1.1923e+013	1.1923e+013	5.2500e-015
-3.700e-001	3.0411e-007	-1.1961e+013	-1.1942e+013	1.1942e+013	5.2500e-015
-3.600e-001	3.0411e-007	-1.1980e+013	-1.1961e+013	1.1961e+013	5.2500e-015
-3.500e-001	3.0412e-007	-1.1999e+013	-1.1980e+013	1.1980e+013	5.2500e-015
-3.400e-001	3.0412e-007	-1.2018e+013	-1.1999e+013	1.1999e+013	5.2500e-015
-3.300e-001	3.0413e-007	-1.2037e+013	-1.2018e+013	1.2018e+013	5.2500e-015
-3.200e-001	3.0413e-007	-1.2056e+013	-1.2037e+013	1.2037e+013	5.2500e-015
-3.100e-001	3.0414e-007	-1.2075e+013	-1.2056e+013	1.2056e+013	5.2500e-015
-3.000e-001	3.0414e-007	-1.2094e+013	-1.2075e+013	1.2075e+013	5.2500e-015
-2.900e-001	3.0415e-007	-1.2113e+013	-1.2094e+013	1.2094e+013	5.2500e-015
-2.800e-001	3.0415e-007	-1.2132e+013	-1.2113e+013	1.2113e+013	5.2500e-015
-2.700e-001	3.0416e-007	-1.2151e+013	-1.2132e+013	1.2132e+013	5.2500e-015
-2.600e-001	3.0416e-007	-1.2170e+013	-1.2151e+013	1.2151e+013	5.2500e-015
-2.500e-001	3.0417e-007	-1.2189e+013	-1.2170e+013	1.2170e+013	5.2500e-015
-2.400e-001	3.0417e-007	-1.2208e+013	-1.2189e+013	1.2189e+013	5.2500e-015
-2.300e-001	3.0418e-007	-1.2227e+013	-1.2208e+013	1.2208e+013	5.2500e-015
-2.200e-001	3.0418e-007	-1.2246e+013	-1.2227e+013	1.2227e+013	5.2500e-015
-2.100e-001	3.0419e-007	-1.2265e+013	-1.2246e+013	1.2246e+013	5.2500e-015
-2.000e-001	3.0419e-007	-1.2284e+013	-1.2265e+013	1.2265e+013	5.2500e-015
-1.900e-001	3.0420e-007	-1.2303e+013	-1.2284e+013	1.2284e+013	5.2500e-015
-1.800e-001	3.0420e-007	-1.2322e+013	-1.2303e+013	1.2303e+013	5.2500e-015
-1.700e-001	3.0420e-007	-1.2341e+013	-1.2322e+013	1.2322e+013	5.2500e-015
-1.600e-001	3.0421e-007	-1.2360e+013	-1.2341e+013	1.2341e+013	5.2500e-015
-1.500e-001	3.0421e-007	-1.2379e+013	-1.2360e+013	1.2360e+013	5.2500e-015
-1.400e-001	3.0422e-007	-1.2398e+013	-1.2379e+013	1.2379e+013	5.2500e-015
-1.300e-001	3.0422e-007	-1.2417e+013	-1.2398e+013	1.2398e+013	5.2500e-015
-1.200e-001	3.0423e-007	-1.2436e+013	-1.2417e+013	1.2417e+013	5.2500e-015
-1.100e-001	3.0423e-007	-1.2455e+013	-1.2436e+013	1.2436e+013	5.2500e-015
-1.000e-001	3.0424e-007	-1.2474e+013	-1.2455e+013	1.2455e+013	5.2500e-015
-9.000e-002	3.0424e-007	-1.2493e+013	-1.2474e+013	1.2474e+013	5.2500e-015
-8.000e-002	3.0425e-007	-1.2512e+013	-1.2493e+013	1.2493e+013	5.2500e-015
-7.000e-002	3.0425e-007	-1.2531e+013	-1.2512e+013	1.2512e+013	5.2500e-015
-6.000e-002	3.0426e-007	-1.2550e+013	-1.2531e+013	1.2531e+013	5.2500e-015
-5.000e-002	3.0426e-007	-1.2569e+013	-1.2550e+013	1.2550e+013	5.2500e-015
-4.000e-002	3.0426e-007	-1.2588e+013	-1.2569e+013	1.2569e+013	5.2500e-015
-3.000e-002	3.0427e-007	-1.2607e+013	-1.2588e+013	1.2588e+013	5.2500e-015
-2.000e-002	3.0427e-007	-1.2626e+013	-1.2607e+013	1.2607e+013	5.2500e-015
-1.000e-002	3.0428e-007	-1.2645e+013	-1.2626e+013	1.2626e+013	5.2500e-015
0.000e+000	3.0428e-007	-1.2664e+013	-1.2645e+013	1.2645e+013	5.2500e-015
1.000e-002	3.0429e-007	-1.2683e+013	-1.2664e+013	1.2664e+013	5.2500e-015
2.000e-002	3.0429e-007	-1.2702e+013	-1.2683e+013	1.2683e+013	5.2500e-015
3.000e-002	3.0430e-007	-1.2721e+013	-1.2702e+013	1.2702e+013	5.2500e-015
4.000e-002	3.0430e-007	-1.2740e+013	-1.2721e+013	1.2721e+013	5.2500e-015
5.000e-002	3.0431e-007	-1.2759e+013	-1.2740e+013	1.2740e+013	5.2500e-015
6.000e-002	3.0431e-007	-1.2778e+013	-1.2759e+013	1.2759e+013	5.2500e-015
7.000e-002	3.0431e-007	-1.2797e+013	-1.2778e+013	1.2778e+013	5.2500e-015
8.000e-002	3.0432e-007	-1.2816e+013	-1.2797e+013	1.2797e+013	5.2500e-015
9.000e-002	3.0432e-007	-1.2835e+013	-1.2816e+013	1.2816e+013	5.2500e-015
1.000e-001	3.0433e-007	-1.2854e+013	-1.2835e+013	1.2835e+013	5.2500e-015
1.100e-001	3.0433e-007	-1.2873e+013	-1.2854e+013	1.2854e+013	5.2500e-015
1.200e-001	3.0434e-007	-1.2892e+013	-1.2873e+013	1.2873e+013	5.2500e-015
1.300e-001	3.0434e-007	-1.2911e+013	-1.2892e+013	1.2892e+013	5.2500e-015
1.400e-001	3.0435e-007	-1.2930e+013	-1.2911e+013	1.2911e+013	5.2500e-015
1.500e-001	3.0435e-007	-1.2949e+013	-1.2930e+013	1.2930e+013	5.2500e-015
1.600e-001	3.0435e-007	-1.2968e+013	-1.2949e+013	1.2949e+013	5.2500e-015
1.700e-001	3.0436e-007	-1.2987e+013	-1.2968e+013	1.2968e+013	5.2500e-015
1.800e-001	3.0436e-007	-1.3006e+013	-1.2987e+013	1.2987e+013	5.2500e-015
1.900e-001	3.0437e-007	-1.3025e+013	-1.3006e+013	1.3006e+013	5.2500e-015
2.000e-001	3.0437e-007	-1.3044e+013	-1.3025e+013	1.3025e+013	5.2500e-015
2.100e-001	3.0438e-007	-1.3063e+013	-1.3044e+013	1.3044e+013	5.2500e-015
2.200e-001	3.0438e-007	-1.3082e+013	-1.3063e+013	1.3063e+013	5.2500e-015
2.300e-001	3.0434e-007	-1.3101e+013	-1.3082e+013	1.3082e+013	5.2500e-015
2.400e-001	3.0435e-007	-1.3120e+013	-1.3101e+013	1.3101e+013	5.2500e-015
2.500e-001	3.0435e-007	-1.3139e+013	-1.3120e+013	1.3120e+013	5.2500e-015
2.600e-001	3.0435e-007	-1.3158e+013	-1.3139e+013	1.3139e+013	5.2500e-015
2.700e-001	3.0436e-007	-1.3177e+013	-1.3158e+013	1.3158e+013	5.2500e-015
2.800e-001	3.0436e-007	-1.3196e+013	-1.3177e+013	1.3177e+013	5.2500e-015
2.900e-001	3.0437e-007	-1.3215e+013	-1.3196e+013	1.3196e+013	5.2500e-015
3.000e-001	3.0437e-007	-1.3234e+013	-1.3215e+013	1.3215e+013	5.2500e-015
3.100e-001	3.0437e-007	-1.3253e+013	-1.3234e+013	1.3234e+013	5.2500e-015
3.200e-001	3.0438e-007	-1.3272e+013	-1.3253e+013	1.3253e+013	5.2500e-015
3.300e-001	3.0438e-007	-1.3291e+013	-1.3272e+013	1.3272e+013	5.2500e-015
3.400e-001	3.0439e-007	-1.3310e+013	-1.3291e+013	1.3291e+013	5.2500e-015
3.500e-001	3.0439e-007	-1.3329e+013	-1.3310e+013	1.3310e+013	5.2500e-015
3.600e-001	3.0440e-007	-1.3348e+013	-1.3329e+013	1.3329e+013	5.2500e-015
3.700e-001	3.0440e-007	-1.3367e+013	-1.3348e+013	1.3348e+013	5.2500e-015
3.800e-001	3.0440e-007	-1.3386e+013	-1.3367e+013	1.3367e+013	5.2500e-015
3.900e-001	3.0441e-007	-1.3405e+013	-1.3386e+013	1.3386e+013	5.2500e-015
4.000e-001	3.0441e-007	-1.3424e+013	-1.3405e+013	1.3405e+013	5.2500e-015
4.100e-001	3.0442e-007	-1.3443e+013	-1.3424e+013	1.3424e+013	5.2500e-015
4.200e-001	3.0442e-007	-1.3462e+013	-1.3443e+013	1.3443e+013	5.2500e-015
4.300e-001	3.0442e-007	-1.3481e+013	-1.3462e+013	1.3462e+013	5.2500e-015
4.400e-001	3.0443e-007	-1.3500e+013	-1.3481e+013	1.3481e+013	5.2500e-015
4.500e-001	3.0443e-007	-1.3519e+013	-1.3500e+013	1.3500e+013	5.2500e-015
4.600e-001	3.0444e-007	-1.3538e+013	-1.3519e+013	1.3519e+013	5.2500e-015
4.700e-001	3.0444e-007	-1.3557e+013	-1.3538e+013	1.3538e+013	5.2500e-015
4.800e-001	3.0445e-007	-1.3576e+013	-1.3557e+013	1.3557e+013	5.2500e-015
4.900e-001	3.0445e-007	-1.3595e+013	-1.3576e+013	1.3576e+013	5.2500e-015
5.000e-001	3.0445e-007	-1.3614e+013	-1.3595e+013	1.3595e+013	5.2500e-015
5.100e-001	3.0446e-007	-1.3633e+013	-1.3614e+013	1.3614e+013	5.2500e-015
5.200e-001	3.0446e-007	-1.3652e+013	-1.3633e+013	1.3633e+013	5.2500e-015
5.300e-001	3.0447e-007	-1.3671e+013	-1.3652e+013	1.3652e+013	5.2500e-015
5.400e-001	3.0447e-007	-1.3690e+013	-1.3671e+013	1.3671e+013	5.2500e-015
5.500e-001	3.0447e-007	-1.3709e+013	-1.3690e+013	1.3690e+013	5.2500e-015
5.600e-001	3.0448e-007	-1.3728e+013	-1.3709e+013	1.3709e+013	5.2500e-015
5.700e-001	3.0448e-007	-1.3747e+013	-1.3728e+013	1.3728e+013	5.2500e-015
5.800e-001	3.0449e-007	-1.3766e+013	-1.3747e+013	1.3747e+013	5.2500e-015
5.900e-001	3.0449e-007	-1.3785e+013	-1.3766e+013	1.3766e+013	5.2500e-015
6.000e-001	3.0450e-007	-1.3804e+013	-1.3785e+013	1.3785e+013	5.2500e-015
6.100e-001	3.0450e-007	-1.3823e+013	-1.3804e+013	1.3804e+013	5.2500e-015
6.200e-001	3.0451e-007	-1.3842e+013	-1.3823e+013	1.3823e+013	5.2500e-015
6.300e-001	3.0451e-007	-1.3861e+013	-1.3842e+013	1.3842e+013	5.2500e-015
6.400e-001	3.0451e-007	-1.3880e+013	-1.3861e+013	1.3861e+013	5.2500e-015
6.500e-001	3.0452e-007	-1.3899e+013	-1.3880e+013	1.3880e+013	5.2500e-015
6.600e-001	3.0452e-007	-1.3918e+013	-1.3899e+013	1.3899e+013	5.2500e-015
6.700e-001	3.0453e-007	-1.3937e+013	-1.3918e+013	1.3918e+013	5.2500e-015
6.800e-001	3.0453e-007	-1.3956e+013	-1.3937e+013	1.3937e+013	5.2500e-015
6.900e-001	3.0454e-007	-1.3975e+013	-1.3956e+013	1.3956e+013	5.2500e-015
7.000e-001	3.0454e-007	-1.3994e+013	-1.3975e+013	1.3975e+013	5.2500e-015
7.100e-001	3.0455e-007	-1.4013e+013	-1.3994e+013	1.3994e+013	5.2500e-015
7.200e-001	3.0455e-007	-1.4032e+013	-1.4013e+013	1.4013e+013	5.2500e-015
7.300e-001	3.0456e-007	-1.4051e+013	-1.4032e+013	1.4032e+013	5.2500e-015
7.400e-001	3.0456e-007	-1.4070e+013	-1.4051e+013	1.4051e+013	5.2500e-015
7.500e-001	3.0457e-007	-1.4089e+013	-1.4070e+013	1.4070e+013	5.2500e-015
7.600e-001	3.0457e-007	-1.4108e+013	-1.4089e+013	1.4089e+013	5.2500e-015
7.700e-001	3.0458e-007	-1.4127e+013	-1.4108e+013	1.4108e+013	5.2500e-015
7.800e-001	3.0458e-007	-1.4146e+013	-1.4127e+013	1.4127e+013	5.2500e-015
7.900e-001	3.0459e-007	-1.4165e+013	-1.4146e+013	1.4146e+013	5.2500e-015
8.000e-001	3.0460e-007	-1.4184e+013	-1.4165e+013	1.4165e+013	5.2500e-015
8.100e-001	3.0460e-007	-1.4203e+013	-1.4184e+013	1.4184e+013	5.2500e-015
8.200e-001	3.0461e-007	-1.4222e+013	-1.4203e+013	1.4203e+013	5.2500e-015
8.300e-001	3.0462e-007	-1.4241e+013	-1.4222e+013	1.4222e+013	5.2500e-015
8.400e-001	3.0462e-007	-1.4260e+013	-1.4241e+013	1.4241e+013	5.2500e-015
8.500e-001	3.0463e-007	-1.4279e+013	-1.4260e+013	1.4260e+013	5.2500e-015
8.600e-001	3.0464e-007	-1.4298e+013	-1.4279e+013	1.4279e+013	5.2500e-015
8.700e-001	3.0464e-007	-1.4317e+013	-1.4298e+013	1.4298e+013	5.2500e-015
8.800e-001	3.0465e-007	-1.4336e+013	-1.4317e+013	1.4317e+013	5.2500e-015
8.900e-001	3.0466e-007	-1.4355e+013	-1.4336e+013	1.4336e+013	5.2500e-015
9.000e-001	3.0467e-007	-1.4374e+013	-1.4355e+013	1.4355e+013	5.2500e-015
9.100e-001	3.0468e-007	-1.4393e+013	-1.4374e+013	1.4374e+013	5.2500e-015
9.200e-001	3.0469e-007	-1.4412e+013	-1.4393e+013	1.4393e+013	5.2500e-015
9.300e-001	3.0470e-007	-1.4431e+013	-1.4412e+013	1.4412e+013	5.2500e-015
9.400e-001	3.0471e-007	-1.4450e+013	-1.4431e+013	1.4431e+013	5.2500e-015
9.500e-001	3.0472e-007	-1.4469e+013	-1.4450e+013	1.4450e+013	5.2500e-015
9.600e-001	3.0473e-007	-1.4488e+013	-1.4469e+013	1.4469e+013	5.2500e-015
9.700e-001	3.0474e-007	-1.4507e+013	-1.4488e+013	1.4488e+013	5.2500e-015
9.800e-001	3.0475e-007	-1.4526e+013	-1.4507e+013	1.4507e+013	5.2500e-015
9.900e-001	3.0477e-007	-1.4545e+013	-1.4526e+013	1.4526e+013	5.2500e-015
1.000e+000	3.0478e-007	-1.4564e+013	-1.4545e+013	1.4545e+013	5.2500e-015
1.010e+000	3.0479e-007	-1.4583e+013	-1.4564e+013	1.4564e+013	5.2500e-015
1.020e+000	3.0481e-007	-1.4602e+013	-1.4583e+013	1.4583e+013	5.2500e-015
1.030e+000	3.0483e-007	-1.4621e+013	-1.4602e+013	1.4602e+013	5.2500e-015
1.040e+000	3.0484e-007	-1.4640e+013	-1.4621e+013	1.4621e+013	5.2500e-015
1.050e+000	3.0486e-007	-1.4659e+013	-1.4640e+013	1.4640e+013	5.2500e-015
1.060e+000	3.0488e-007	-1.4678e+013	-1.4659e+013	1.4659e+013	5.2500e-015
1.070e+000	3.0490e-007	-1.4697e+013	-1.4678e+013	1.4678e+013	5.2500e-015
1.080e+000	3.0493e-007	-1.4716e+013	-1.4697e+013	1.4697e+013	5.2500e-015
1.090e+000	3.0495e-007	-1.4735e+013	-1.4716e+013	1.4716e+013	5.2500e-015
1.100e+000	3.0498e-007	-1.4754e+013	-1.4735e+013	1.4735e+013	5.2500e-015
1.110e+000	3.0501e-007	-1.4773e+013	-1.4754e+013	1.4754e+013	5.2500e-015
1.120e+000	3.0504e-007	-1.4792e+013	-1.4773e+013	1.4773e+013	5.2500e-015
1.130e+000	3.0508e-007	-1.4812e+013	-1.4792e+013	1.4792e+013	5.2500e-015
1.140e+000	3.0512e-007	-1.4831e+013	-1.4812e+013	1.4811e+013	5.2500e-015
1.150e+000	3.0516e-007	-1.4850e+013	-1.4831e+013	1.4831e+013	5.2500e-015
1.160e+000	3.0521e-007	-1.4869e+013	-1.4850e+013	1.4850e+013	5.2500e-015
1.170e+000	3.0526e-007	-1.4888e+013	-1.4869e+013	1.4869e+013	5.2500e-015
1.180e+000	3.0533e-007	-1.4907e+013	-1.4888e+013	1.4888e+013	5.2500e-015
1.190e+000	3.0540e-007	-1.4926e+013	-1.4907e+013	1.4907e+013	5.2500e-015
1.200e+000	3.0550e-007	-1.4945e+013	-1.4926e+013	1.4926e+013	5.2500e-015
1.210e+000	3.0561e-007	-1.4964e+013	-1.4945e+013	1.4945e+013	5.2500e-015
1.220e+000	3.0575e-007	-1.4983e+013	-1.4964e+013	1.4964e+013	5.2500e-015
1.230e+000	3.0593e-007	-1.5002e+013	-1.4983e+013	1.4983e+013	5.2500e-015
1.240e+000	3.0617e-007	-1.5021e+013	-1.5002e+013	1.5002e+013	5.2500e-015
1.250e+000	3.0649e-007	-1.5040e+013	-1.5021e+013	1.5021e+013	5.2500e-015
1.260e+000	3.0693e-007	-1.5060e+013	-1.5040e+013	1.5040e+013	5.2500e-015
1.270e+000	3.0752e-007	-1.5079e+013	-1.5060e+013	1.5060e+013	5.2500e-015
1.280e+000	3.0835e-007	-1.5098e+013	-1.5079e+013	1.5079e+013	5.2500e-015
1.290e+000	3.0950e-007	-1.5117e+013	-1.5098e+013	1.5098e+013	5.2500e-015
1.300e+000	3.1113e-007	-1.5137e+013	-1.5117e+013	1.5117e+013	5.2500e-015
1.310e+000	3.1334e-007	-1.5156e+013	-1.5137e+013	1.5137e+013	5.2500e-015
1.320e+000	3.1669e-007	-1.5176e+013	-1.5156e+013	1.5156e+013	5.2500e-015
1.330e+000	3.2136e-007	-1.5196e+013	-1.5176e+013	1.5176e+013	5.2500e-015
1.340e+000	3.2802e-007	-1.5217e+013	-1.5196e+013	1.5196e+013	5.2500e-015
1.350e+000	3.3704e-007	-1.5238e+013	-1.5217e+013	1.5217e+013	5.2500e-015
1.360e+000	3.5061e-007	-1.5259e+013	-1.5238e+013	1.5238e+013	5.2500e-015
1.370e+000	3.6943e-007	-1.5283e+013	-1.5259e+013	1.5259e+013	5.2500e-015
1.380e+000	3.9584e-007	-1.5307e+013	-1.5283e+013	1.5283e+013	5.2500e-015
1.390e+000	4.3187e-007	-1.5334e+013	-1.5307e+013	1.5307e+013	5.2500e-015
1.400e+000	4.8212e-007	-1.5364e+013	-1.5334e+013	1.5334e+013	5.2500e-015
1.410e+000	5.4901e-007	-1.5399e+013	-1.5364e+013	1.5364e+013	5.2500e-015
1.420e+000	6.3597e-007	-1.5438e+013	-1.5399e+013	1.5399e+013	5.2500e-015
1.430e+000	7.4646e-007	-1.5485e+013	-1.5438e+013	1.5438e+013	5.2500e-015
1.440e+000	8.8063e-007	-1.5540e+013	-1.5485e+013	1.5485e+013	5.2500e-015
1.450e+000	1.0371e-006	-1.5605e+013	-1.5540e+013	1.5540e+013	5.2500e-015
1.460e+000	1.2113e-006	-1.5680e+013	-1.5605e+013	1.5605e+013	5.2500e-015
1.470e+000	1.3979e-006	-1.5767e+013	-1.5680e+013	1.5680e+013	5.2500e-015
1.480e+000	1.5896e-006	-1.5867e+013	-1.5767e+013	1.5767e+013	5.2500e-015
1.490e+000	1.7801e-006	-1.5978e+013	-1.5867e+013	1.5867e+013	5.2500e-015
1.500e+000	1.9644e-006	-1.6100e+013	-1.5978e+013	1.5978e+013	5.2500e-015
1.510e+000	2.1388e-006	-1.6234e+013	-1.6100e+013	1.6100e+013	5.2500e-015
1.520e+000	2.3022e-006	-1.6378e+013	-1.6234e+013	1.6234e+013	5.2500e-015
1.530e+000	2.4530e-006	-1.6531e+013	-1.6378e+013	1.6377e+013	5.2500e-015
1.540e+000	2.5916e-006	-1.6692e+013	-1.6531e+013	1.6531e+013	5.2500e-015
1.550e+000	2.7184e-006	-1.6862e+013	-1.6692e+013	1.6692e+013	5.2500e-015
1.560e+000	2.8344e-006	-1.7039e+013	-1.6862e+013	1.6862e+013	5.2500e-015
1.570e+000	2.9404e-006	-1.7222e+013	-1.7039e+013	1.7039e+013	5.2500e-015
1.580e+000	3.0377e-006	-1.7412e+013	-1.7222e+013	1.7222e+013	5.2500e-015
1.590e+000	3.1271e-006	-1.7607e+013	-1.7412e+013	1.7412e+013	5.2500e-015
1.600e+000	3.2094e-006	-1.7808e+013	-1.7607e+013	1.7607e+013	5.2500e-015
1.610e+000	3.2855e-006	-1.8013e+013	-1.7808e+013	1.7808e+013	5.2500e-015
1.620e+000	3.3561e-006	-1.8222e+013	-1.8013e+013	1.8013e+013	5.2500e-015
1.630e+000	3.4219e-006	-1.8436e+013	-1.8222e+013	1.8222e+013	5.2500e-015
1.640e+000	3.4833e-006	-1.8653e+013	-1.8436e+013	1.8436e+013	5.2500e-015
1.650e+000	3.5410e-006	-1.8874e+013	-1.8653e+013	1.8653e+013	5.2500e-015
1.660e+000	3.5952e-006	-1.9098e+013	-1.8874e+013	1.8874e+013	5.2500e-015
1.670e+000	3.6463e-006	-1.9326e+013	-1.9098e+013	1.9098e+013	5.2500e-015
1.680e+000	3.6949e-006	-1.9557e+013	-1.9326e+013	1.9326e+013	5.2500e-015
1.690e+000	3.7409e-006	-1.9790e+013	-1.9557e+013	1.9557e+013	5.2500e-015
1.700e+000	3.7847e-006	-2.0026e+013	-1.9790e+013	1.9790e+013	5.2500e-015
1.710e+000	3.8265e-006	-2.0265e+013	-2.0026e+013	2.0026e+013	5.2500e-015
1.720e+000	3.8664e-006	-2.0507e+013	-2.0265e+013	2.0265e+013	5.2500e-015
1.730e+000	3.8650e-006	-2.0748e+013	-2.0507e+013	2.0507e+013	5.2500e-015
1.740e+000	3.8914e-006	-2.0991e+013	-2.0748e+013	2.0748e+013	5.2500e-015
1.750e+000	3.9212e-006	-2.1235e+013	-2.0991e+013	2.0991e+013	5.2500e-015
1.760e+000	3.9497e-006	-2.1482e+013	-2.1235e+013	2.1235e+013	5.2500e-015
1.770e+000	3.9769e-006	-2.1730e+013	-2.1482e+013	2.1482e+013	5.2500e-015
1.780e+000	4.0030e-006	-2.1980e+013	-2.1730e+013	2.1730e+013	5.2500e-015
1.790e+000	4.0281e-006	-2.2231e+013	-2.1980e+013	2.1980e+013	5.2500e-015
1.800e+000	4.0523e-006	-2.2484e+013	-2.2231e+013	2.2231e+013	5.2500e-015
1.810e+000	4.0755e-006	-2.2739e+013	-2.2484e+013	2.2484e+013	5.2500e-015
1.820e+000	4.0979e-006	-2.2994e+013	-2.2739e+013	2.2739e+013	5.2500e-015
1.830e+000	4.1196e-006	-2.3252e+013	-2.2994e+013	2.2994e+013	5.2500e-015
1.840e+000	4.1405e-006	-2.3510e+013	-2.3252e+013	2.3252e+013	5.2500e-015
1.850e+000	4.1608e-006	-2.3770e+013	-2.3510e+013	2.3510e+013	5.2500e-015
1.860e+000	4.1804e-006	-2.4031e+013	-2.3770e+013	2.3770e+013	5.2500e-015
1.870e+000	4.1994e-006	-2.4293e+013	-2.4031e+013	2.4031e+013	5.2500e-015
1.880e+000	4.2179e-006	-2.4556e+013	-2.4293e+013	2.4293e+013	5.2500e-015
1.890e+000	4.2359e-006	-2.4820e+013	-2.4556e+013	2.4556e+013	5.2500e-015
1.900e+000	4.2533e-006	-2.5086e+013	-2.4820e+013	2.4820e+013	5.2500e-015
1.910e+000	4.2703e-006	-2.5352e+013	-2.5086e+013	2.5086e+013	5.2500e-015
1.920e+000	4.2868e-006	-2.5620e+013	-2.5352e+013	2.5352e+013	5.2500e-015
1.930e+000	4.3029e-006	-2.5889e+013	-2.5620e+013	2.5620e+013	5.2500e-015
1.940e+000	4.3186e-006	-2.6158e+013	-2.5889e+013	2.5888e+013	5.2500e-015
1.950e+000	4.3339e-006	-2.6429e+013	-2.6158e+013	2.6158e+013	5.2500e-015
1.960e+000	4.3489e-006	-2.6700e+013	-2.6429e+013	2.6429e+013	5.2500e-015
1.970e+000	4.3635e-006	-2.6972e+013	-2.6700e+013	2.6700e+013	5.2500e-015
1.980e+000	4.3778e-006	-2.7246e+013	-2.6972e+013	2.6972e+013	5.2500e-015
1.990e+000	4.3918e-006	-2.7520e+013	-2.7246e+013	2.7246e+013	5.2500e-015
2.000e+000	4.4019e-006	-2.7794e+013	-2.7520e+013	2.7520e+013	5.2500e-015
2.010e+000	4.4090e-006	-2.8070e+013	-2.7794e+013	2.7794e+013	5.2500e-015
2.020e+000	4.4216e-006	-2.8346e+013	-2.8070e+013	2.8070e+013	5.2500e-015
2.030e+000	4.4340e-006	-2.8622e+013	-2.8346e+013	2.8346e+013	5.2500e-015
2.040e+000	4.4461e-006	-2.8900e+013	-2.8622e+013	2.8622e+013	5.2500e-015
2.050e+000	4.4580e-006	-2.9178e+013	-2.8900e+013	2.8900e+013	5.2500e-015
2.060e+000	4.4696e-006	-2.9457e+013	-2.9178e+013	2.9178e+013	5.2500e-015
2.070e+000	4.4810e-006	-2.9737e+013	-2.9457e+013	2.9457e+013	5.2500e-015
2.080e+000	4.4922e-006	-3.0017e+013	-2.9737e+013	2.9737e+013	5.2500e-015
2.090e+000	4.5032e-006	-3.0298e+013	-3.0017e+013	3.0017e+013	5.2500e-015
2.100e+000	4.5140e-006	-3.0580e+013	-3.0298e+013	3.0298e+013	5.2500e-015
2.110e+000	4.5246e-006	-3.0862e+013	-3.0580e+013	3.0580e+013	5.2500e-015
2.120e+000	4.5351e-006	-3.1145e+013	-3.0862e+013	3.0862e+013	5.2500e-015
2.130e+000	4.5453e-006	-3.1429e+013	-3.1145e+013	3.1145e+013	5.2500e-015
2.140e+000	4.5554e-006	-3.1713e+013	-3.1429e+013	3.1429e+013	5.2500e-015
2.150e+000	4.5653e-006	-3.1998e+013	-3.1713e+013	3.1713e+013	5.2500e-015
2.160e+000	4.5751e-006	-3.2284e+013	-3.1998e+013	3.1998e+013	5.2500e-015
2.170e+000	4.5847e-006	-3.2570e+013	-3.2284e+013	3.2284e+013	5.2500e-015
2.180e+000	4.5941e-006	-3.2857e+013	-3.2570e+013	3.2570e+013	5.2500e-015
2.190e+000	4.6034e-006	-3.3144e+013	-3.2857e+013	3.2857e+013	5.2500e-015
2.200e+000	4.6126e-006	-3.3432e+013	-3.3144e+013	3.3144e+013	5.2500e-015
2.210e+000	4.6216e-006	-3.3721e+013	-3.3432e+013	3.3432e+013	5.2500e-015
2.220e+000	4.6305e-006	-3.4010e+013	-3.3721e+013	3.3720e+013	5.2500e-015
2.230e+000	4.6393e-006	-3.4299e+013	-3.4010e+013	3.4009e+013	5.2500e-015
2.240e+000	4.6479e-006	-3.4589e+013	-3.4299e+013	3.4299e+013	5.2500e-015
2.250e+000	4.6564e-006	-3.4880e+013	-3.4589e+013	3.4589e+013	5.2500e-015
2.260e+000	4.6648e-006	-3.5171e+013	-3.4880e+013	3.4880e+013	5.2500e-015
2.270e+000	4.6731e-006	-3.5463e+013	-3.5171e+013	3.5171e+013	5.2500e-015
2.280e+000	4.6813e-006	-3.5755e+013	-3.5463e+013	3.5463e+013	5.2500e-015
2.290e+000	4.6893e-006	-3.6048e+013	-3.5755e+013	3.5755e+013	5.2500e-015
2.300e+000	4.6973e-006	-3.6341e+013	-3.6048e+013	3.6047e+013	5.2500e-015
2.310e+000	4.7051e-006	-3.6634e+013	-3.6341e+013	3.6341e+013	5.2500e-015
2.320e+000	4.7129e-006	-3.6929e+013	-3.6634e+013	3.6634e+013	5.2500e-015
2.330e+000	4.7205e-006	-3.7223e+013	-3.6929e+013	3.6928e+013	5.2500e-015
2.340e+000	4.7281e-006	-3.7518e+013	-3.7223e+013	3.7223e+013	5.2500e-015
2.350e+000	4.7356e-006	-3.7814e+013	-3.7518e+013	3.7518e+013	5.2500e-015
2.360e+000	4.7429e-006	-3.8110e+013	-3.7814e+013	3.7814e+013	5.2500e-015
2.370e+000	4.7502e-006	-3.8406e+013	-3.8110e+013	3.8110e+013	5.2500e-015
2.380e+000	4.7574e-006	-3.8703e+013	-3.8406e+013	3.8406e+013	5.2500e-015
2.390e+000	4.7645e-006	-3.9001e+013	-3.8703e+013	3.8703e+013	5.2500e-015
2.400e+000	4.7716e-006	-3.9298e+013	-3.9001e+013	3.9001e+013	5.2500e-015
2.410e+000	4.7785e-006	-3.9597e+013	-3.9298e+013	3.9298e+013	5.2500e-015
2.420e+000	4.7854e-006	-3.9895e+013	-3.9597e+013	3.9597e+013	5.2500e-015
2.430e+000	4.7922e-006	-4.0194e+013	-3.9895e+013	3.9895e+013	5.2500e-015
2.440e+000	4.7989e-006	-4.0494e+013	-4.0194e+013	4.0194e+013	5.2500e-015
2.450e+000	4.8055e-006	-4.0794e+013	-4.0494e+013	4.0494e+013	5.2500e-015
2.460e+000	4.8121e-006	-4.1094e+013	-4.0794e+013	4.0794e+013	5.2500e-015
2.470e+000	4.8186e-006	-4.1395e+013	-4.1094e+013	4.1094e+013	5.2500e-015
2.480e+000	4.8250e-006	-4.1696e+013	-4.1395e+013	4.1395e+013	5.2500e-015
2.490e+000	4.8314e-006	-4.1998e+013	-4.1696e+013	4.1696e+013	5.2500e-015
2.500e+000	4.8377e-006	-4.2300e+013	-4.1998e+013	4.1998e+013	5.2500e-015
2.510e+000	4.8439e-006	-4.2602e+013	-4.2300e+013	4.2300e+013	5.2500e-015
2.520e+000	4.8501e-006	-4.2905e+013	-4.2602e+013	4.2602e+013	5.2500e-015
2.530e+000	4.8562e-006	-4.3208e+013	-4.2905e+013	4.2905e+013	5.2500e-015
2.540e+000	4.8623e-006	-4.3511e+013	-4.3208e+013	4.3208e+013	5.2500e-015
2.550e+000	4.8682e-006	-4.3815e+013	-4.3511e+013	4.3511e+013	5.2500e-015
2.560e+000	4.8742e-006	-4.4119e+013	-4.3815e+013	4.3815e+013	5.2500e-015
2.570e+000	4.8800e-006	-4.4424e+013	-4.4119e+013	4.4119e+013	5.2500e-015
2.580e+000	4.8858e-006	-4.4729e+013	-4.4424e+013	4.4424e+013	5.2500e-015
2.590e+000	4.8916e-006	-4.5034e+013	-4.4729e+013	4.4729e+013	5.2500e-015
2.600e+000	4.8973e-006	-4.5340e+013	-4.5034e+013	4.5034e+013	5.2500e-015
2.610e+000	4.9029e-006	-4.5646e+013	-4.5340e+013	4.5340e+013	5.2500e-015
2.620e+000	4.9085e-006	-4.5952e+013	-4.5646e+013	4.5646e+013	5.2500e-015
2.630e+000	4.9134e-006	-4.6259e+013	-4.5952e+013	4.5952e+013	5.2500e-015
2.640e+000	4.9180e-006	-4.6566e+013	-4.6259e+013	4.6259e+013	5.2500e-015
2.650e+000	4.9234e-006	-4.6873e+013	-4.6566e+013	4.6566e+013	5.2500e-015
2.660e+000	4.9288e-006	-4.7181e+013	-4.6873e+013	4.6873e+013	5.2500e-015
2.670e+000	4.9341e-006	-4.7489e+013	-4.7181e+013	4.7181e+013	5.2500e-015
2.680e+000	4.9394e-006	-4.7797e+013	-4.7489e+013	4.7489e+013	5.2500e-015
2.690e+000	4.9446e-006	-4.8106e+013	-4.7797e+013	4.7797e+013	5.2500e-015
2.700e+000	4.9498e-006	-4.8415e+013	-4.8106e+013	4.8106e+013	5.2500e-015
2.710e+000	4.9549e-006	-4.8724e+013	-4.8415e+013	4.8415e+013	5.2500e-015
2.720e+000	4.9600e-006	-4.9034e+013	-4.8724e+013	4.8724e+013	5.2500e-015
2.730e+000	4.9651e-006	-4.9343e+013	-4.9034e+013	4.9033e+013	5.2500e-015
2.740e+000	4.9701e-006	-4.9654e+013	-4.9343e+013	4.9343e+013	5.2500e-015
2.750e+000	4.9751e-006	-4.9964e+013	-4.9654e+013	4.9654e+013	5.2500e-015
2.760e+000	4.9800e-006	-5.0275e+013	-4.9964e+013	4.9964e+013	5.2500e-015
2.770e+000	4.9849e-006	-5.0586e+013	-5.0275e+013	5.0275e+013	5.2500e-015
2.780e+000	4.9897e-006	-5.0898e+013	-5.0586e+013	5.0586e+013	5.2500e-015
2.790e+000	4.9945e-006	-5.1209e+013	-5.0898e+013	5.0897e+013	5.2500e-015
2.800e+000	4.9993e-006	-5.1521e+013	-5.1209e+013	5.1209e+013	5.2500e-015
2.810e+000	5.0040e-006	-5.1834e+013	-5.1521e+013	5.1521e+013	5.2500e-015
2.820e+000	5.0087e-006	-5.2146e+013	-5.1834e+013	5.1834e+013	5.2500e-015
2.830e+000	5.0134e-006	-5.2459e+013	-5.2146e+013	5.2146e+013	5.2500e-015
2.840e+000	5.0180e-006	-5.2772e+013	-5.2459e+013	5.2459e+013	5.2500e-015
2.850e+000	5.0226e-006	-5.3086e+013	-5.2772e+013	5.2772e+013	5.2500e-015
2.860e+000	5.0271e-006	-5.3400e+013	-5.3086e+013	5.3086e+013	5.2500e-015
2.870e+000	5.0317e-006	-5.3714e+013	-5.3400e+013	5.3400e+013	5.2500e-015
2.880e+000	5.0361e-006	-5.4028e+013	-5.3714e+013	5.3714e+013	5.2500e-015
2.890e+000	5.0406e-006	-5.4343e+013	-5.4028e+013	5.4028e+013	5.2500e-015
2.900e+000	5.0450e-006	-5.4657e+013	-5.4343e+013	5.4343e+013	5.2500e-015
2.910e+000	5.0494e-006	-5.4973e+013	-5.4657e+013	5.4657e+013	5.2500e-015
2.920e+000	5.0537e-006	-5.5288e+013	-5.4973e+013	5.4973e+013	5.2500e-015
2.930e+000	5.0581e-006	-5.5604e+013	-5.5288e+013	5.5288e+013	5.2500e-015
2.940e+000	5.0624e-006	-5.5920e+013	-5.5604e+013	5.5604e+013	5.2500e-015
2.950e+000	5.0666e-006	-5.6236e+013	-5.5920e+013	5.5920e+013	5.2500e-015
2.960e+000	5.0708e-006	-5.6552e+013	-5.6236e+013	5.6236e+013	5.2500e-015
2.970e+000	5.0750e-006	-5.6869e+013	-5.6552e+013	5.6552e+013	5.2500e-015
2.980e+000	5.0792e-006	-5.7186e+013	-5.6869e+013	5.6869e+013	5.2500e-015
2.990e+000	5.0833e-006	-5.7503e+013	-5.7186e+013	5.7186e+013	5.2500e-015
3.000e+000	5.0875e-006	-5.7821e+013	-5.7503e+013	5.7503e+013	5.2500e-015
3.010e+000	5.0915e-006	-5.8139e+013	-5.7821e+013	5.7821e+013	5.2500e-015
3.020e+000	5.0956e-006	-5.8457e+013	-5.8139e+013	5.8139e+013	5.2500e-015
3.030e+000	5.0996e-006	-5.8775e+013	-5.8457e+013	5.8457e+013	5.2500e-015
3.040e+000	5.1036e-006	-5.9094e+013	-5.8775e+013	5.8775e+013	5.2500e-015
3.050e+000	5.1076e-006	-5.9412e+013	-5.9094e+013	5.9094e+013	5.2500e-015
3.060e+000	5.1115e-006	-5.9732e+013	-5.9412e+013	5.9412e+013	5.2500e-015
3.070e+000	5.1155e-006	-6.0051e+013	-5.9732e+013	5.9731e+013	5.2500e-015
3.080e+000	5.1194e-006	-6.0370e+013	-6.0051e+013	6.0051e+013	5.2500e-015
3.090e+000	5.1232e-006	-6.0690e+013	-6.0370e+013	6.0370e+013	5.2500e-015
3.100e+000	5.1271e-006	-6.1010e+013	-6.0690e+013	6.0690e+013	5.2500e-015
3.110e+000	5.1309e-006	-6.1330e+013	-6.1010e+013	6.1010e+013	5.2500e-015
3.120e+000	5.1347e-006	-6.1651e+013	-6.1330e+013	6.1330e+013	5.2500e-015
3.130e+000	5.1385e-006	-6.1972e+013	-6.1651e+013	6.1651e+013	5.2500e-015
3.140e+000	5.1422e-006	-6.2292e+013	-6.1972e+013	6.1971e+013	5.2500e-015
3.150e+000	5.1459e-006	-6.2614e+013	-6.2292e+013	6.2292e+013	5.2500e-015
3.160e+000	5.1496e-006	-6.2935e+013	-6.2614e+013	6.2614e+013	5.2500e-015
3.170e+000	5.1533e-006	-6.3257e+013	-6.2935e+013	6.2935e+013	5.2500e-015
3.180e+000	5.1569e-006	-6.3579e+013	-6.3257e+013	6.3257e+013	5.2500e-015
3.190e+000	5.1606e-006	-6.3901e+013	-6.3579e+013	6.3579e+013	5.2500e-015
3.200e+000	5.1642e-006	-6.4223e+013	-6.3901e+013	6.3901e+013	5.2500e-015
3.210e+000	5.1678e-006	-6.4546e+013	-6.4223e+013	6.4223e+013	5.2500e-015
3.220e+000	5.1713e-006	-6.4868e+013	-6.4546e+013	6.4546e+013	5.2500e-015
3.230e+000	5.1749e-006	-6.5191e+013	-6.4868e+013	6.4868e+013	5.2500e-015
3.240e+000	5.1784e-006	-6.5515e+013	-6.5191e+013	6.5191e+013	5.2500e-015
3.250e+000	5.1819e-006	-6.5838e+013	-6.5515e+013	6.5514e+013	5.2500e-015
3.260e+000	5.1854e-006	-6.6162e+013	-6.5838e+013	6.5838e+013	5.2500e-015
3.270e+000	5.1888e-006	-6.6485e+013	-6.6162e+013	6.6162e+013	5.2500e-015
3.280e+000	5.1923e-006	-6.6810e+013	-6.6485e+013	6.6485e+013	5.2500e-015
3.290e+000	5.1957e-006	-6.7134e+013	-6.6810e+013	6.6809e+013	5.2500e-015
3.300e+000	5.1991e-006	-6.7458e+013	-6.7134e+013	6.7134e+013	5.2500e-015
3.310e+000	5.2025e-006	-6.7783e+013	-6.7458e+013	6.7458e+013	5.2500e-015
3.320e+000	5.2058e-006	-6.8108e+013	-6.7783e+013	6.7783e+013	5.2500e-015
3.330e+000	5.2092e-006	-6.8433e+013	-6.8108e+013	6.8108e+013	5.2500e-015
3.340e+000	5.2125e-006	-6.8758e+013	-6.8433e+013	6.8433e+013	5.2500e-015
3.350e+000	5.2158e-006	-6.9084e+013	-6.8758e+013	6.8758e+013	5.2500e-015
3.360e+000	5.2191e-006	-6.9410e+013	-6.9084e+013	6.9084e+013	5.2500e-015
3.370e+000	5.2223e-006	-6.9736e+013	-6.9410e+013	6.9410e+013	5.2500e-015
3.380e+000	5.2256e-006	-7.0062e+013	-6.9736e+013	6.9736e+013	5.2500e-015
3.390e+000	5.2288e-006	-7.0388e+013	-7.0062e+013	7.0062e+013	5.2500e-015
3.400e+000	5.2320e-006	-7.0715e+013	-7.0388e+013	7.0388e+013	5.2500e-015
3.410e+000	5.2352e-006	-7.1041e+013	-7.0715e+013	7.0715e+013	5.2500e-015
3.420e+000	5.2384e-006	-7.1368e+013	-7.1041e+013	7.1041e+013	5.2500e-015
3.430e+000	5.2416e-006	-7.1696e+013	-7.1368e+013	7.1368e+013	5.2500e-015
3.440e+000	5.2447e-006	-7.2023e+013	-7.1696e+013	7.1696e+013	5.2500e-015
3.450e+000	5.2478e-006	-7.2350e+013	-7.2023e+013	7.2023e+013	5.2500e-015
3.460e+000	5.2509e-006	-7.2678e+013	-7.2350e+013	7.2350e+013	5.2500e-015
3.470e+000	5.2540e-006	-7.3006e+013	-7.2678e+013	7.2678e+013	5.2500e-015
3.480e+000	5.2571e-006	-7.3334e+013	-7.3006e+013	7.3006e+013	5.2500e-015
3.490e+000	5.2602e-006	-7.3663e+013	-7.3334e+013	7.3334e+013	5.2500e-015
3.500e+000	5.2632e-006	-7.3991e+013	-7.3663e+013	7.3663e+013	5.2500e-015
3.510e+000	5.2662e-006	-7.4320e+013	-7.3991e+013	7.3991e+013	5.2500e-015
3.520e+000	5.2693e-006	-7.4649e+013	-7.4320e+013	7.4320e+013	5.2500e-015
3.530e+000	5.2722e-006	-7.4978e+013	-7.4649e+013	7.4649e+013	5.2500e-015
3.540e+000	5.2752e-006	-7.5307e+013	-7.4978e+013	7.4978e+013	5.2500e-015
3.550e+000	5.2782e-006	-7.5636e+013	-7.5307e+013	7.5307e+013	5.2500e-015
3.560e+000	5.2811e-006	-7.5966e+013	-7.5636e+013	7.5636e+013	5.2500e-015
3.570e+000	5.2841e-006	-7.6296e+013	-7.5966e+013	7.5966e+013	5.2500e-015
3.580e+000	5.2870e-006	-7.6626e+013	-7.6296e+013	7.6296e+013	5.2500e-015
3.590e+000	5.2899e-006	-7.6956e+013	-7.6626e+013	7.6626e+013	5.2500e-015
3.600e+000	5.2928e-006	-7.7286e+013	-7.6956e+013	7.6956e+013	5.2500e-015
3.610e+000	5.2957e-006	-7.7617e+013	-7.7286e+013	7.7286e+013	5.2500e-015
3.620e+000	5.2985e-006	-7.7948e+013	-7.7617e+013	7.7617e+013	5.2500e-015
3.630e+000	5.3014e-006	-7.8278e+013	-7.7948e+013	7.7948e+013	5.2500e-015
3.640e+000	5.3042e-006	-7.8610e+013	-7.8278e+013	7.8278e+013	5.2500e-015
3.650e+000	5.3070e-006	-7.8941e+013	-7.8610e+013	7.8610e+013	5.2500e-015
3.660e+000	5.3099e-006	-7.9272e+013	-7.8941e+013	7.8941e+013	5.2500e-015
3.670e+000	5.3126e-006	-7.9604e+013	-7.9272e+013	7.9272e+013	5.2500e-015
3.680e+000	5.3154e-006	-7.9936e+013	-7.9604e+013	7.9604e+013	5.2500e-015
3.690e+000	5.3182e-006	-8.0267e+013	-7.9936e+013	7.9936e+013	5.2500e-015
3.700e+000	5.3209e-006	-8.0600e+013	-8.0267e+013	8.0267e+013	5.2500e-015
3.710e+000	5.3237e-006	-8.0932e+013	-8.0600e+013	8.0600e+013	5.2500e-015
3.720e+000	5.3264e-006	-8.1264e+013	-8.0932e+013	8.0932e+013	5.2500e-015
3.730e+000	5.3291e-006	-8.1597e+013	-8.1264e+013	8.1264e+013	5.2500e-015
3.740e+000	5.3318e-006	-8.1930e+013	-8.1597e+013	8.1597e+013	5.2500e-015
3.750e+000	5.3345e-006	-8.2263e+013	-8.1930e+013	8.1930e+013	5.2500e-015
3.760e+000	5.3372e-006	-8.2596e+013	-8.2263e+013	8.2263e+013	5.2500e-015
3.770e+000	5.3399e-006	-8.2929e+013	-8.2596e+013	8.2596e+013	5.2500e-015
3.780e+000	5.3425e-006	-8.3263e+013	-8.2929e+013	8.2929e+013	5.2500e-015
3.790e+000	5.3451e-006	-8.3596e+013	-8.3263e+013	8.3263e+013	5.2500e-015
3.800e+000	5.3478e-006	-8.3930e+013	-8.3596e+013	8.3596e+013	5.2500e-015
3.810e+000	5.3504e-006	-8.4264e+013	-8.3930e+013	8.3930e+013	5.2500e-015
3.820e+000	5.3530e-006	-8.4598e+013	-8.4264e+013	8.4264e+013	5.2500e-015
3.830e+000	5.3556e-006	-8.4932e+013	-8.4598e+013	8.4598e+013	5.2500e-015
3.840e+000	5.3582e-006	-8.5267e+013	-8.4932e+013	8.4932e+013	5.2500e-015
3.850e+000	5.3607e-006	-8.5601e+013	-8.5267e+013	8.5267e+013	5.2500e-015
3.860e+000	5.3633e-006	-8.5936e+013	-8.5601e+013	8.5601e+013	5.2500e-015
3.870e+000	5.3658e-006	-8.6271e+013	-8.5936e+013	8.5936e+013	5.2500e-015
3.880e+000	5.3684e-006	-8.6606e+013	-8.6271e+013	8.6271e+013	5.2500e-015
3.890e+000	5.3709e-006	-8.6941e+013	-8.6606e+013	8.6606e+013	5.2500e-015
3.900e+000	5.3734e-006	-8.7277e+013	-8.6941e+013	8.6941e+013	5.2500e-015
3.910e+000	5.3759e-006	-8.7612e+013	-8.7277e+013	8.7277e+013	5.2500e-015
3.920e+000	5.3784e-006	-8.7948e+013	-8.7612e+013	8.7612e+013	5.2500e-015
3.930e+000	5.3809e-006	-8.8284e+013	-8.7948e+013	8.7948e+013	5.2500e-015
3.940e+000	5.3833e-006	-8.8620e+013	-8.8284e+013	8.8284e+013	5.2500e-015
3.950e+000	5.3858e-006	-8.8956e+013	-8.8620e+013	8.8620e+013	5.2500e-015
3.960e+000	5.3882e-006	-8.9292e+013	-8.8956e+013	8.8956e+013	5.2500e-015
3.970e+000	5.3907e-006	-8.9629e+013	-8.9292e+013	8.9292e+013	5.2500e-015
3.980e+000	5.3931e-006	-8.9965e+013	-8.9629e+013	8.9629e+013	5.2500e-015
3.990e+000	5.3955e-006	-9.0302e+013	-8.9965e+013	8.9965e+013	5.2500e-015
4.000e+000	5.3979e-006	-9.0639e+013	-9.0302e+013	9.0302e+013	5.2500e-015
4.010e+000	5.4003e-006	-9.0976e+013	-9.0639e+013	9.0639e+013	5.2500e-015
4.020e+000	5.4027e-006	-9.1313e+013	-9.0976e+013	9.0976e+013	5.2500e-015
4.030e+000	5.4051e-006	-9.1651e+013	-9.1313e+013	9.1313e+013	5.2500e-015
4.040e+000	5.4074e-006	-9.1988e+013	-9.1651e+013	9.1650e+013	5.2500e-015
4.050e+000	5.4098e-006	-9.2326e+013	-9.1988e+013	9.1988e+013	5.2500e-015
4.060e+000	5.4121e-006	-9.2663e+013	-9.2326e+013	9.2326e+013	5.2500e-015
4.070e+000	5.4145e-006	-9.3001e+013	-9.2663e+013	9.2663e+013	5.2500e-015
4.080e+000	5.4168e-006	-9.3340e+013	-9.3001e+013	9.3001e+013	5.2500e-015
4.090e+000	5.4191e-006	-9.3678e+013	-9.3340e+013	9.3339e+013	5.2500e-015
4.100e+000	5.4214e-006	-9.4016e+013	-9.3678e+013	9.3678e+013	5.2500e-015
4.110e+000	5.4237e-006	-9.4355e+013	-9.4016e+013	9.4016e+013	5.2500e-015
4.120e+000	5.4260e-006	-9.4693e+013	-9.4355e+013	9.4355e+013	5.2500e-015
4.130e+000	5.4283e-006	-9.5032e+013	-9.4693e+013	9.4693e+013	5.2500e-015
4.140e+000	5.4306e-006	-9.5371e+013	-9.5032e+013	9.5032e+013	5.2500e-015
4.150e+000	5.4328e-006	-9.5710e+013	-9.5371e+013	9.5371e+013	5.2500e-015
4.160e+000	5.4351e-006	-9.6049e+013	-9.5710e+013	9.5710e+013	5.2500e-015
4.170e+000	5.4373e-006	-9.6389e+013	-9.6049e+013	9.6049e+013	5.2500e-015
4.180e+000	5.4396e-006	-9.6728e+013	-9.6389e+013	9.6389e+013	5.2500e-015
4.190e+000	5.4418e-006	-9.7068e+013	-9.6728e+013	9.6728e+013	5.2500e-015
4.200e+000	5.4440e-006	-9.7408e+013	-9.7068e+013	9.7068e+013	5.2500e-015
4.210e+000	5.4462e-006	-9.7748e+013	-9.7408e+013	9.7408e+013	5.2500e-015
4.220e+000	5.4484e-006	-9.8088e+013	-9.7748e+013	9.7748e+013	5.2500e-015
4.230e+000	5.4506e-006	-9.8428e+013	-9.8088e+013	9.8088e+013	5.2500e-015
4.240e+000	5.4528e-006	-9.8768e+013	-9.8428e+013	9.8428e+013	5.2500e-015
4.250e+000	5.4550e-006	-9.9109e+013	-9.8768e+013	9.8768e+013	5.2500e-015
4.260e+000	5.4571e-006	-9.9449e+013	-9.9109e+013	9.9109e+013	5.2500e-015
4.270e+000	5.4593e-006	-9.9790e+013	-9.9449e+013	9.9449e+013	5.2500e-015
4.280e+000	5.4614e-006	-1.0013e+014	-9.9790e+013	9.9790e+013	5.2500e-015
4.290e+000	5.4636e-006	-1.0047e+014	-1.0013e+014	1.0013e+014	5.2500e-015
4.300e+000	5.4657e-006	-1.0081e+014	-1.0047e+014	1.0047e+014	5.2500e-015
4.310e+000	5.4678e-006	-1.0115e+014	-1.0081e+014	1.0081e+014	5.2500e-015
4.320e+000	5.4698e-006	-1.0150e+014	-1.0115e+014	1.0115e+014	5.2500e-015
4.330e+000	5.4719e-006	-1.0184e+014	-1.0150e+014	1.0150e+014	5.2500e-015
4.340e+000	5.4740e-006	-1.0218e+014	-1.0184e+014	1.0184e+014	5.2500e-015
4.350e+000	5.4761e-006	-1.0252e+014	-1.0218e+014	1.0218e+014	5.2500e-015
4.360e+000	5.4781e-006	-1.0286e+014	-1.0252e+014	1.0252e+014	5.2500e-015
4.370e+000	5.4802e-006	-1.0320e+014	-1.0286e+014	1.0286e+014	5.2500e-015
4.380e+000	5.4823e-006	-1.0355e+014	-1.0320e+014	1.0320e+014	5.2500e-015
4.390e+000	5.4844e-006	-1.0389e+014	-1.0355e+014	1.0355e+014	5.2500e-015
4.400e+000	5.4864e-006	-1.0423e+014	-1.0389e+014	1.0389e+014	5.2500e-015
4.410e+000	5.4885e-006	-1.0457e+014	-1.0423e+014	1.0423e+014	5.2500e-015
4.420e+000	5.4905e-006	-1.0492e+014	-1.0457e+014	1.0457e+014	5.2500e-015
4.430e+000	5.4925e-006	-1.0526e+014	-1.0492e+014	1.0492e+014	5.2500e-015
4.440e+000	5.4945e-006	-1.0560e+014	-1.0526e+014	1.0526e+014	5.2500e-015
4.450e+000	5.4966e-006	-1.0595e+014	-1.0560e+014	1.0560e+014	5.2500e-015
4.460e+000	5.4986e-006	-1.0629e+014	-1.0595e+014	1.0595e+014	5.2500e-015
4.470e+000	5.5006e-006	-1.0663e+014	-1.0629e+014	1.0629e+014	5.2500e-015
4.480e+000	5.5026e-006	-1.0698e+014	-1.0663e+014	1.0663e+014	5.2500e-015
4.490e+000	5.5046e-006	-1.0732e+014	-1.0698e+014	1.0698e+014	5.2500e-015
4.500e+000	5.5065e-006	-1.0766e+014	-1.0732e+014	1.0732e+014	5.2500e-015
4.510e+000	5.5085e-006	-1.0801e+014	-1.0766e+014	1.0766e+014	5.2500e-015
4.520e+000	5.5105e-006	-1.0835e+014	-1.0801e+014	1.0801e+014	5.2500e-015
4.530e+000	5.5124e-006	-1.0869e+014	-1.0835e+014	1.0835e+014	5.2500e-015
4.540e+000	5.5144e-006	-1.0904e+014	-1.0869e+014	1.0869e+014	5.2500e-015
4.550e+000	5.5163e-006	-1.0938e+014	-1.0904e+014	1.0904e+014	5.2500e-015
4.560e+000	5.5183e-006	-1.0973e+014	-1.0938e+014	1.0938e+014	5.2500e-015
4.570e+000	5.5202e-006	-1.1007e+014	-1.0973e+014	1.0973e+014	5.2500e-015
4.580e+000	5.5221e-006	-1.1042e+014	-1.1007e+014	1.1007e+014	5.2500e-015
4.590e+000	5.5241e-006	-1.1076e+014	-1.1042e+014	1.1042e+014	5.2500e-015
4.600e+000	5.5260e-006	-1.1111e+014	-1.1076e+014	1.1076e+014	5.2500e-015
4.610e+000	5.5279e-006	-1.1145e+014	-1.1111e+014	1.1111e+014	5.2500e-015
4.620e+000	5.5298e-006	-1.1180e+014	-1.1145e+014	1.1145e+014	5.2500e-015
4.630e+000	5.5317e-006	-1.1214e+014	-1.1180e+014	1.1180e+014	5.2500e-015
4.640e+000	5.5336e-006	-1.1249e+014	-1.1214e+014	1.1214e+014	5.2500e-015
4.650e+000	5.5354e-006	-1.1283e+014	-1.1249e+014	1.1249e+014	5.2500e-015
4.660e+000	5.5373e-006	-1.1318e+014	-1.1283e+014	1.1283e+014	5.2500e-015
4.670e+000	5.5392e-006	-1.1352e+014	-1.1318e+014	1.1318e+014	5.2500e-015
4.680e+000	5.5410e-006	-1.1387e+014	-1.1352e+014	1.1352e+014	5.2500e-015
4.690e+000	5.5429e-006	-1.1422e+014	-1.1387e+014	1.1387e+014	5.2500e-015
4.700e+000	5.5447e-006	-1.1456e+014	-1.1422e+014	1.1422e+014	5.2500e-015
4.710e+000	5.5466e-006	-1.1491e+014	-1.1456e+014	1.1456e+014	5.2500e-015
4.720e+000	5.5484e-006	-1.1525e+014	-1.1491e+014	1.1491e+014	5.2500e-015
4.730e+000	5.5502e-006	-1.1560e+014	-1.1525e+014	1.1525e+014	5.2500e-015
4.740e+000	5.5521e-006	-1.1595e+014	-1.1560e+014	1.1560e+014	5.2500e-015
4.750e+000	5.5539e-006	-1.1629e+014	-1.1595e+014	1.1595e+014	5.2500e-015
4.760e+000	5.5557e-006	-1.1664e+014	-1.1629e+014	1.1629e+014	5.2500e-015
4.770e+000	5.5575e-006	-1.1699e+014	-1.1664e+014	1.1664e+014	5.2500e-015
4.780e+000	5.5593e-006	-1.1733e+014	-1.1699e+014	1.1699e+014	5.2500e-015
4.790e+000	5.5611e-006	-1.1768e+014	-1.1733e+014	1.1733e+014	5.2500e-015
4.800e+000	5.5629e-006	-1.1803e+014	-1.1768e+014	1.1768e+014	5.2500e-015
4.810e+000	5.5647e-006	-1.1838e+014	-1.1803e+014	1.1803e+014	5.2500e-015
4.820e+000	5.5665e-006	-1.1872e+014	-1.1838e+014	1.1838e+014	5.2500e-015
4.830e+000	5.5682e-006	-1.1907e+014	-1.1872e+014	1.1872e+014	5.2500e-015
4.840e+000	5.5700e-006	-1.1942e+014	-1.1907e+014	1.1907e+014	5.2500e-015
4.850e+000	5.5718e-006	-1.1977e+014	-1.1942e+014	1.1942e+014	5.2500e-015
4.860e+000	5.5735e-006	-1.2011e+014	-1.1977e+014	1.1977e+014	5.2500e-015
4.870e+000	5.5753e-006	-1.2046e+014	-1.2011e+014	1.2011e+014	5.2500e-015
4.880e+000	5.5770e-006	-1.2081e+014	-1.2046e+014	1.2046e+014	5.2500e-015
4.890e+000	5.5787e-006	-1.2116e+014	-1.2081e+014	1.2081e+014	5.2500e-015
4.900e+000	5.5805e-006	-1.2151e+014	-1.2116e+014	1.2116e+014	5.2500e-015
4.910e+000	5.5822e-006	-1.2186e+014	-1.2151e+014	1.2151e+014	5.2500e-015
4.920e+000	5.5839e-006	-1.2220e+014	-1.2186e+014	1.2186e+014	5.2500e-015
4.930e+000	5.5856e-006	-1.2255e+014	-1.2220e+014	1.2220e+014	5.2500e-015
4.940e+000	5.5873e-006	-1.2290e+014	-1.2255e+014	1.2255e+014	5.2500e-015
4.950e+000	5.5890e-006	-1.2325e+014	-1.2290e+014	1.2290e+014	5.2500e-015
4.960e+000	5.5907e-006	-1.2360e+014	-1.2325e+014	1.2325e+014	5.2500e-015
4.970e+000	5.5924e-006	-1.2395e+014	-1.2360e+014	1.2360e+014	5.2500e-015
4.980e+000	5.5941e-006	-1.2430e+014	-1.2395e+014	1.2395e+014	5.2500e-015
4.990e+000	5.5958e-006	-1.2465e+014	-1.2430e+014	1.2430e+014	5.2500e-015
5.000e+000	5.5975e-006	-1.2500e+014	-1.2465e+014	1.2465e+014	5.2500e-015
5.010e+000	5.5992e-006	-1.2535e+014	-1.2500e+014	1.2500e+014	5.2500e-015
5.020e+000	5.6008e-006	-1.2570e+014	-1.2535e+014	1.2535e+014	5.2500e-015
5.030e+000	5.6025e-006	-1.2604e+014	-1.2570e+014	1.2570e+014	5.2500e-015
5.040e+000	5.6042e-006	-1.2639e+014	-1.2604e+014	1.2604e+014	5.2500e-015
5.050e+000	5.6058e-006	-1.2674e+014	-1.2639e+014	1.2639e+014	5.2500e-015
5.060e+000	5.6075e-006	-1.2709e+014	-1.2674e+014	1.2674e+014	5.2500e-015
5.070e+000	5.6091e-006	-1.2744e+014	-1.2709e+014	1.2709e+014	5.2500e-015
5.080e+000	5.6107e-006	-1.2779e+014	-1.2744e+014	1.2744e+014	5.2500e-015
5.090e+000	5.6124e-006	-1.2815e+014	-1.2779e+014	1.2779e+014	5.2500e-015
5.100e+000	5.6140e-006	-1.2850e+014	-1.2815e+014	1.2815e+014	5.2500e-015
5.110e+000	5.6156e-006	-1.2885e+014	-1.2850e+014	1.2850e+014	5.2500e-015
5.120e+000	5.6173e-006	-1.2920e+014	-1.2885e+014	1.2885e+014	5.2500e-015
5.130e+000	5.6189e-006	-1.2955e+014	-1.2920e+014	1.2920e+014	5.2500e-015
5.140e+000	5.6205e-006	-1.2990e+014	-1.2955e+014	1.2955e+014	5.2500e-015
5.150e+000	5.6221e-006	-1.3025e+014	-1.2990e+014	1.2990e+014	5.2500e-015
5.160e+000	5.6237e-006	-1.3060e+014	-1.3025e+014	1.3025e+014	5.2500e-015
5.170e+000	5.6253e-006	-1.3095e+014	-1.3060e+014	1.3060e+014	5.2500e-015
5.180e+000	5.6269e-006	-1.3130e+014	-1.3095e+014	1.3095e+014	5.2500e-015
5.190e+000	5.6285e-006	-1.3165e+014	-1.3130e+014	1.3130e+014	5.2500e-015
5.200e+000	5.6300e-006	-1.3200e+014	-1.3165e+014	1.3165e+014	5.2500e-015
5.210e+000	5.6316e-006	-1.3236e+014	-1.3200e+014	1.3200e+014	5.2500e-015
5.220e+000	5.6332e-006	-1.3271e+014	-1.3236e+014	1.3236e+014	5.2500e-015
5.230e+000	5.6348e-006	-1.3306e+014	-1.3271e+014	1.3271e+014	5.2500e-015
5.240e+000	5.6363e-006	-1.3341e+014	-1.3306e+014	1.3306e+014	5.2500e-015
5.250e+000	5.6379e-006	-1.3376e+014	-1.3341e+014	1.3341e+014	5.2500e-015
5.260e+000	5.6394e-006	-1.3412e+014	-1.3376e+014	1.3376e+014	5.2500e-015
5.270e+000	5.6410e-006	-1.3447e+014	-1.3412e+014	1.3412e+014	5.2500e-015
5.280e+000	5.6425e-006	-1.3482e+014	-1.3447e+014	1.3447e+014	5.2500e-015
5.290e+000	5.6441e-006	-1.3517e+014	-1.3482e+014	1.3482e+014	5.2500e-015
5.300e+000	5.6456e-006	-1.3552e+014	-1.3517e+014	1.3517e+014	5.2500e-015
5.310e+000	5.6471e-006	-1.3588e+014	-1.3552e+014	1.3552e+014	5.2500e-015
5.320e+000	5.6487e-006	-1.3623e+014	-1.3588e+014	1.3588e+014	5.2500e-015
5.330e+000	5.6502e-006	-1.3658e+014	-1.3623e+014	1.3623e+014	5.2500e-015
5.340e+000	5.6517e-006	-1.3693e+014	-1.3658e+014	1.3658e+014	5.2500e-015
5.350e+000	5.6532e-006	-1.3729e+014	-1.3693e+014	1.3693e+014	5.2500e-015
5.360e+000	5.6547e-006	-1.3764e+014	-1.3729e+014	1.3729e+014	5.2500e-015
5.370e+000	5.6562e-006	-1.3799e+014	-1.3764e+014	1.3764e+014	5.2500e-015
5.380e+000	5.6577e-006	-1.3835e+014	-1.3799e+014	1.3799e+014	5.2500e-015
5.390e+000	5.6592e-006	-1.3870e+014	-1.3835e+014	1.3835e+014	5.2500e-015
5.400e+000	5.6607e-006	-1.3905e+014	-1.3870e+014	1.3870e+014	5.2500e-015
5.410e+000	5.6622e-006	-1.3941e+014	-1.3905e+014	1.3905e+014	5.2500e-015
5.420e+000	5.6637e-006	-1.3976e+014	-1.3941e+014	1.3941e+014	5.2500e-015
5.430e+000	5.6652e-006	-1.4011e+014	-1.3976e+014	1.3976e+014	5.2500e-015
5.440e+000	5.6667e-006	-1.4047e+014	-1.4011e+014	1.4011e+014	5.2500e-015
5.450e+000	5.6681e-006	-1.4082e+014	-1.4047e+014	1.4047e+014	5.2500e-015
5.460e+000	5.6696e-006	-1.4118e+014	-1.4082e+014	1.4082e+014	5.2500e-015
5.470e+000	5.6711e-006	-1.4153e+014	-1.4118e+014	1.4118e+014	5.2500e-015
5.480e+000	5.6725e-006	-1.4188e+014	-1.4153e+014	1.4153e+014	5.2500e-015
5.490e+000	5.6740e-006	-1.4224e+014	-1.4188e+014	1.4188e+014	5.2500e-015
5.500e+000	5.6755e-006	-1.4259e+014	-1.4224e+014	1.4224e+014	5.2500e-015
5.510e+000	5.6769e-006	-1.4295e+014	-1.4259e+014	1.4259e+014	5.2500e-015
5.520e+000	5.6784e-006	-1.4330e+014	-1.4295e+014	1.4295e+014	5.2500e-015
5.530e+000	5.6798e-006	-1.4365e+014	-1.4330e+014	1.4330e+014	5.2500e-015
5.540e+000	5.6812e-006	-1.4401e+014	-1.4365e+014	1.4365e+014	5.2500e-015
5.550e+000	5.6827e-006	-1.4436e+014	-1.4401e+014	1.4401e+014	5.2500e-015
5.560e+000	5.6841e-006	-1.4472e+014	-1.4436e+014	1.4436e+014	5.2500e-015
5.570e+000	5.6855e-006	-1.4507e+014	-1.4472e+014	1.4472e+014	5.2500e-015
5.580e+000	5.6869e-006	-1.4543e+014	-1.4507e+014	1.4507e+014	5.2500e-015
5.590e+000	5.6884e-006	-1.4578e+014	-1.4543e+014	1.4543e+014	5.2500e-015
5.600e+000	5.6898e-006	-1.4614e+014	-1.4578e+014	1.4578e+014	5.2500e-015
5.610e+000	5.6912e-006	-1.4649e+014	-1.4614e+014	1.4614e+014	5.2500e-015
5.620e+000	5.6926e-006	-1.4685e+014	-1.4649e+014	1.4649e+014	5.2500e-015
5.630e+000	5.6940e-006	-1.4720e+014	-1.4685e+014	1.4685e+014	5.2500e-015
5.640e+000	5.6954e-006	-1.4756e+014	-1.4720e+014	1.4720e+014	5.2500e-015
5.650e+000	5.6968e-006	-1.4792e+014	-1.4756e+014	1.4756e+014	5.2500e-015
5.660e+000	5.6982e-006	-1.4827e+014	-1.4792e+014	1.4792e+014	5.2500e-015
5.670e+000	5.6996e-006	-1.4863e+014	-1.4827e+014	1.4827e+014	5.2500e-015
5.680e+000	5.7010e-006	-1.4898e+014	-1.4863e+014	1.4863e+014	5.2500e-015
5.690e+000	5.7024e-006	-1.4934e+014	-1.4898e+014	1.4898e+014	5.2500e-015
5.700e+000	5.7037e-006	-1.4969e+014	-1.4934e+014	1.4934e+014	5.2500e-015
5.710e+000	5.7051e-006	-1.5005e+014	-1.4969e+014	1.4969e+014	5.2500e-015
5.720e+000	5.7065e-006	-1.5041e+014	-1.5005e+014	1.5005e+014	5.2500e-015
5.730e+000	5.7078e-006	-1.5076e+014	-1.5041e+014	1.5041e+014	5.2500e-015
5.740e+000	5.7092e-006	-1.5112e+014	-1.5076e+014	1.5076e+014	5.2500e-015
5.750e+000	5.7106e-006	-1.5148e+014	-1.5112e+014	1.5112e+014	5.2500e-015
5.760e+000	5.7119e-006	-1.5183e+014	-1.5148e+014	1.5148e+014	5.2500e-015
5.770e+000	5.7133e-006	-1.5219e+014	-1.5183e+014	1.5183e+014	5.2500e-015
5.780e+000	5.7146e-006	-1.5255e+014	-1.5219e+014	1.5219e+014	5.2500e-015
5.790e+000	5.7160e-006	-1.5290e+014	-1.5255e+014	1.5255e+014	5.2500e-015
5.800e+000	5.7173e-006	-1.5326e+014	-1.5290e+014	1.5290e+014	5.2500e-015
5.810e+000	5.7187e-006	-1.5362e+014	-1.5326e+014	1.5326e+014	5.2500e-015
5.820e+000	5.7200e-006	-1.5397e+014	-1.5362e+014	1.5362e+014	5.2500e-015
5.830e+000	5.7213e-006	-1.5433e+014	-1.5397e+014	1.5397e+014	5.2500e-015
5.840e+000	5.7227e-006	-1.5469e+014	-1.5433e+014	1.5433e+014	5.2500e-015
5.850e+000	5.7240e-006	-1.5504e+014	-1.5469e+014	1.5469e+014	5.2500e-015
5.860e+000	5.7253e-006	-1.5540e+014	-1.5504e+014	1.5504e+014	5.2500e-015
5.870e+000	5.7266e-006	-1.5576e+014	-1.5540e+014	1.5540e+014	5.2500e-015
5.880e+000	5.7280e-006	-1.5612e+014	-1.5576e+014	1.5576e+014	5.2500e-015
5.890e+000	5.7293e-006	-1.5647e+014	-1.5612e+014	1.5612e+014	5.2500e-015
5.900e+000	5.7306e-006	-1.5683e+014	-1.5647e+014	1.5647e+014	5.2500e-015
5.910e+000	5.7319e-006	-1.5719e+014	-1.5683e+014	1.5683e+014	5.2500e-015
5.920e+000	5.7332e-006	-1.5755e+014	-1.5719e+014	1.5719e+014	5.2500e-015
5.930e+000	5.7345e-006	-1.5791e+014	-1.5755e+014	1.5755e+014	5.2500e-015
5.940e+000	5.7358e-006	-1.5826e+014	-1.5791e+014	1.5791e+014	5.2500e-015
5.950e+000	5.7371e-006	-1.5862e+014	-1.5826e+014	1.5826e+014	5.2500e-015
5.960e+000	5.7384e-006	-1.5898e+014	-1.5862e+014	1.5862e+014	5.2500e-015
5.970e+000	5.7397e-006	-1.5934e+014	-1.5898e+014	1.5898e+014	5.2500e-015
5.980e+000	5.7410e-006	-1.5970e+014	-1.5934e+014	1.5934e+014	5.2500e-015
5.990e+000	5.7422e-006	-1.6006e+014	-1.5970e+014	1.5970e+014	5.2500e-015
6.000e+000	5.7435e-006	-1.6041e+014	-1.6006e+014	1.6006e+014	5.2500e-015
6.010e+000	5.7448e-006	-1.6077e+014	-1.6041e+014	1.6041e+014	5.2500e-015
6.020e+000	5.7461e-006	-1.6113e+014	-1.6077e+014	1.6077e+014	5.2500e-015
6.030e+000	5.7473e-006	-1.6149e+014	-1.6113e+014	1.6113e+014	5.2500e-015
6.040e+000	5.7486e-006	-1.6185e+014	-1.6149e+014	1.6149e+014	5.2500e-015
6.050e+000	5.7499e-006	-1.6221e+014	-1.6185e+014	1.6185e+014	5.2500e-015
6.060e+000	5.7511e-006	-1.6257e+014	-1.6221e+014	1.6221e+014	5.2500e-015
6.070e+000	5.7524e-006	-1.6293e+014	-1.6257e+014	1.6257e+014	5.2500e-015
6.080e+000	5.7536e-006	-1.6328e+014	-1.6293e+014	1.6293e+014	5.2500e-015
6.090e+000	5.7549e-006	-1.6364e+014	-1.6328e+014	1.6328e+014	5.2500e-015
6.100e+000	5.7561e-006	-1.6400e+014	-1.6364e+014	1.6364e+014	5.2500e-015
6.110e+000	5.7574e-006	-1.6436e+014	-1.6400e+014	1.6400e+014	5.2500e-015
6.120e+000	5.7586e-006	-1.6472e+014	-1.6436e+014	1.6436e+014	5.2500e-015
6.130e+000	5.7599e-006	-1.6508e+014	-1.6472e+014	1.6472e+014	5.2500e-015
6.140e+000	5.7611e-006	-1.6544e+014	-1.6508e+014	1.6508e+014	5.2500e-015
6.150e+000	5.7623e-006	-1.6580e+014	-1.6544e+014	1.6544e+014	5.2500e-015
6.160e+000	5.7636e-006	-1.6616e+014	-1.6580e+014	1.6580e+014	5.2500e-015
6.170e+000	5.7648e-006	-1.6652e+014	-1.6616e+014	1.6616e+014	5.2500e-015
6.180e+000	5.7660e-006	-1.6688e+014	-1.6652e+014	1.6652e+014	5.2500e-015
6.190e+000	5.7673e-006	-1.6724e+014	-1.6688e+014	1.6688e+014	5.2500e-015
6.200e+000	5.7685e-006	-1.6760e+014	-1.6724e+014	1.6724e+014	5.2500e-015
6.210e+000	5.7697e-006	-1.6796e+014	-1.6760e+014	1.6760e+014	5.2500e-015
6.220e+000	5.7709e-006	-1.6832e+014	-1.6796e+014	1.6796e+014	5.2500e-015
6.230e+000	5.7721e-006	-1.6868e+014	-1.6832e+014	1.6832e+014	5.2500e-015
6.240e+000	5.7733e-006	-1.6904e+014	-1.6868e+014	1.6868e+014	5.2500e-015
6.250e+000	5.7745e-006	-1.6940e+014	-1.6904e+014	1.6904e+014	5.2500e-015
6.260e+000	5.7757e-006	-1.6976e+014	-1.6940e+014	1.6940e+014	5.2500e-015
6.270e+000	5.7769e-006	-1.7012e+014	-1.6976e+014	1.6976e+014	5.2500e-015
6.280e+000	5.7781e-006	-1.7048e+014	-1.7012e+014	1.7012e+014	5.2500e-015
6.290e+000	5.7793e-006	-1.7084e+014	-1.7048e+014	1.7048e+014	5.2500e-015
6.300e+000	5.7805e-006	-1.7120e+014	-1.7084e+014	1.7084e+014	5.2500e-015
6.310e+000	5.7817e-006	-1.7157e+014	-1.7120e+014	1.7120e+014	5.2500e-015
6.320e+000	5.7829e-006	-1.7193e+014	-1.7157e+014	1.7157e+014	5.2500e-015
6.330e+000	5.7841e-006	-1.7229e+014	-1.7193e+014	1.7193e+014	5.2500e-015
6.340e+000	5.7853e-006	-1.7265e+014	-1.7229e+014	1.7229e+014	5.2500e-015
6.350e+000	5.7864e-006	-1.7301e+014	-1.7265e+014	1.7265e+014	5.2500e-015
6.360e+000	5.7876e-006	-1.7337e+014	-1.7301e+014	1.7301e+014	5.2500e-015
6.370e+000	5.7888e-006	-1.7373e+014	-1.7337e+014	1.7337e+014	5.2500e-015
6.380e+000	5.7900e-006	-1.7409e+014	-1.7373e+014	1.7373e+014	5.2500e-015
6.390e+000	5.7911e-006	-1.7445e+014	-1.7409e+014	1.7409e+014	5.2500e-015
6.400e+000	5.7923e-006	-1.7482e+014	-1.7445e+014	1.7445e+014	5.2500e-015
6.410e+000	5.7935e-006	-1.7518e+014	-1.7482e+014	1.7482e+014	5.2500e-015
6.420e+000	5.7946e-006	-1.7554e+014	-1.7518e+014	1.7518e+014	5.2500e-015
6.430e+000	5.7958e-006	-1.7590e+014	-1.7554e+014	1.7554e+014	5.2500e-015
6.440e+000	5.7969e-006	-1.7626e+014	-1.7590e+014	1.7590e+014	5.2500e-015
6.450e+000	5.7981e-006	-1.7663e+014	-1.7626e+014	1.7626e+014	5.2500e-015
6.460e+000	5.7992e-006	-1.7699e+014	-1.7663e+014	1.7662e+014	5.2500e-015
6.470e+000	5.8004e-006	-1.7735e+014	-1.7699e+014	1.7699e+014	5.2500e-015
6.480e+000	5.8015e-006	-1.7771e+014	-1.7735e+014	1.7735e+014	5.2500e-015
6.490e+000	5.8027e-006	-1.7807e+014	-1.7771e+014	1.7771e+014	5.2500e-015
6.500e+000	5.8038e-006	-1.7844e+014	-1.7807e+014	1.7807e+014	5.2500e-015
6.510e+000	5.8049e-006	-1.7880e+014	-1.7844e+014	1.7844e+014	5.2500e-015
6.520e+000	5.8061e-006	-1.7916e+014	-1.7880e+014	1.7880e+014	5.2500e-015
6.530e+000	5.8072e-006	-1.7952e+014	-1.7916e+014	1.7916e+014	5.2500e-015
6.540e+000	5.8083e-006	-1.7989e+014	-1.7952e+014	1.7952e+014	5.2500e-015
6.550e+000	5.8095e-006	-1.8025e+014	-1.7989e+014	1.7989e+014	5.2500e-015
6.560e+000	5.8106e-006	-1.8061e+014	-1.8025e+014	1.8025e+014	5.2500e-015
6.570e+000	5.8117e-006	-1.8097e+014	-1.8061e+014	1.8061e+014	5.2500e-015
6.580e+000	5.8128e-006	-1.8134e+014	-1.8097e+014	1.8097e+014	5.2500e-015
6.590e+000	5.8140e-006	-1.8170e+014	-1.8134e+014	1.8134e+014	5.2500e-015
6.600e+000	5.8151e-006	-1.8206e+014	-1.8170e+014	1.8170e+014	5.2500e-015
6.610e+000	5.8162e-006	-1.8242e+014	-1.8206e+014	1.8206e+014	5.2500e-015
6.620e+000	5.8173e-006	-1.8279e+014	-1.8242e+014	1.8242e+014	5.2500e-015
6.630e+000	5.8184e-006	-1.8315e+014	-1.8279e+014	1.8279e+014	5.2500e-015
6.640e+000	5.8195e-006	-1.8351e+014	-1.8315e+014	1.8315e+014	5.2500e-015
6.650e+000	5.8206e-006	-1.8388e+014	-1.8351e+014	1.8351e+014	5.2500e-015
6.660e+000	5.8217e-006	-1.8424e+014	-1.8388e+014	1.8388e+014	5.2500e-015
6.670e+000	5.8228e-006	-1.8460e+014	-1.8424e+014	1.8424e+014	5.2500e-015
6.680e+000	5.8239e-006	-1.8497e+014	-1.8460e+014	1.8460e+014	5.2500e-015
6.690e+000	5.8250e-006	-1.8533e+014	-1.8497e+014	1.8497e+014	5.2500e-015
6.700e+000	5.8261e-006	-1.8570e+014	-1.8533e+014	1.8533e+014	5.2500e-015
6.710e+000	5.8272e-006	-1.8606e+014	-1.8570e+014	1.8570e+014	5.2500e-015
6.720e+000	5.8283e-006	-1.8642e+014	-1.8606e+014	1.8606e+014	5.2500e-015
6.730e+000	5.8294e-006	-1.8679e+014	-1.8642e+014	1.8642e+014	5.2500e-015
6.740e+000	5.8304e-006	-1.8715e+014	-1.8679e+014	1.8679e+014	5.2500e-015
6.750e+000	5.8315e-006	-1.8751e+014	-1.8715e+014	1.8715e+014	5.2500e-015
6.760e+000	5.8326e-006	-1.8788e+014	-1.8751e+014	1.8751e+014	5.2500e-015
6.770e+000	5.8337e-006	-1.8824e+014	-1.8788e+014	1.8788e+014	5.2500e-015
6.780e+000	5.8348e-006	-1.8861e+014	-1.8824e+014	1.8824e+014	5.2500e-015
6.790e+000	5.8358e-006	-1.8897e+014	-1.8861e+014	1.8861e+014	5.2500e-015
6.800e+000	5.8369e-006	-1.8934e+014	-1.8897e+014	1.8897e+014	5.2500e-015
6.810e+000	5.8380e-006	-1.8970e+014	-1.8934e+014	1.8934e+014	5.2500e-015
6.820e+000	5.8390e-006	-1.9006e+014	-1.8970e+014	1.8970e+014	5.2500e-015
6.830e+000	5.8401e-006	-1.9043e+014	-1.9006e+014	1.9006e+014	5.2500e-015
6.840e+000	5.8412e-006	-1.9079e+014	-1.9043e+014	1.9043e+014	5.2500e-015
6.850e+000	5.8422e-006	-1.9116e+014	-1.9079e+014	1.9079e+014	5.2500e-015
6.860e+000	5.8433e-006	-1.9152e+014	-1.9116e+014	1.9116e+014	5.2500e-015
6.870e+000	5.8443e-006	-1.9189e+014	-1.9152e+014	1.9152e+014	5.2500e-015
6.880e+000	5.8454e-006	-1.9225e+014	-1.9189e+014	1.9189e+014	5.2500e-015
6.890e+000	5.8464e-006	-1.9262e+014	-1.9225e+014	1.9225e+014	5.2500e-015
6.900e+000	5.8475e-006	-1.9298e+014	-1.9262e+014	1.9262e+014	5.2500e-015
6.910e+000	5.8485e-006	-1.9335e+014	-1.9298e+014	1.9298e+014	5.2500e-015
6.920e+000	5.8496e-006	-1.9371e+014	-1.9335e+014	1.9335e+014	5.2500e-015
6.930e+000	5.8506e-006	-1.9408e+014	-1.9371e+014	1.9371e+014	5.2500e-015
6.940e+000	5.8516e-006	-1.9444e+014	-1.9408e+014	1.9408e+014	5.2500e-015
6.950e+000	5.8527e-006	-1.9481e+014	-1.9444e+014	1.9444e+014	5.2500e-015
6.960e+000	5.8537e-006	-1.9517e+014	-1.9481e+014	1.9481e+014	5.2500e-015
6.970e+000	5.8547e-006	-1.9554e+014	-1.9517e+014	1.9517e+014	5.2500e-015
6.980e+000	5.8558e-006	-1.9590e+014	-1.9554e+014	1.9554e+014	5.2500e-015
6.990e+000	5.8568e-006	-1.9627e+014	-1.9590e+014	1.9590e+014	5.2500e-015
7.000e+000	5.8578e-006	-1.9664e+014	-1.9627e+014	1.9627e+014	5.2500e-015
