V	C (Fcm-2)	Initcharge (cm-2)	Finalcharge (cm-2)	ns Total (cm-2)	ps Total (cm-2)
-7.000e+000	4.8003e-017	-9.3438e+000	-6.3477e+000	6.3476e+000	5.2500e-015
-6.990e+000	4.8003e-017	-9.3438e+000	-6.3477e+000	6.3476e+000	5.2500e-015
-6.980e+000	4.8003e-017	-9.3438e+000	-6.3477e+000	6.3476e+000	5.2500e-015
-6.970e+000	4.8003e-017	-9.3438e+000	-6.3477e+000	6.3476e+000	5.2500e-015
-6.960e+000	4.8003e-017	-9.3438e+000	-6.3477e+000	6.3476e+000	5.2500e-015
-6.950e+000	4.8003e-017	-9.3438e+000	-6.3477e+000	6.3476e+000	5.2500e-015
-6.940e+000	4.8003e-017	-9.3438e+000	-6.3477e+000	6.3476e+000	5.2500e-015
-6.930e+000	4.8003e-017	-9.3438e+000	-6.3477e+000	6.3476e+000	5.2500e-015
-6.920e+000	4.8003e-017	-9.3438e+000	-6.3477e+000	6.3476e+000	5.2500e-015
-6.910e+000	4.8003e-017	-9.3438e+000	-6.3477e+000	6.3476e+000	5.2500e-015
-6.900e+000	4.8003e-017	-9.3438e+000	-6.3477e+000	6.3476e+000	5.2500e-015
-6.890e+000	4.8003e-017	-9.3438e+000	-6.3477e+000	6.3476e+000	5.2500e-015
-6.880e+000	4.8003e-017	-9.3438e+000	-6.3477e+000	6.3476e+000	5.2500e-015
-6.870e+000	4.8003e-017	-9.3438e+000	-6.3477e+000	6.3476e+000	5.2500e-015
-6.860e+000	4.8003e-017	-9.3438e+000	-6.3477e+000	6.3476e+000	5.2500e-015
-6.850e+000	4.8003e-017	-9.3438e+000	-6.3477e+000	6.3476e+000	5.2500e-015
-6.840e+000	4.8003e-017	-9.3438e+000	-6.3477e+000	6.3476e+000	5.2500e-015
-6.830e+000	4.8003e-017	-9.3438e+000	-6.3477e+000	6.3476e+000	5.2500e-015
-6.820e+000	4.8003e-017	-9.3438e+000	-6.3477e+000	6.3476e+000	5.2500e-015
-6.810e+000	4.8003e-017	-9.3438e+000	-6.3477e+000	6.3476e+000	5.2500e-015
-6.800e+000	4.8003e-017	-9.3438e+000	-6.3477e+000	6.3476e+000	5.2500e-015
-6.790e+000	4.8003e-017	-9.3438e+000	-6.3477e+000	6.3476e+000	5.2500e-015
-6.780e+000	4.8003e-017	-9.3438e+000	-6.3477e+000	6.3476e+000	5.2500e-015
-6.770e+000	4.8003e-017	-9.3438e+000	-6.3477e+000	6.3476e+000	5.2500e-015
-6.760e+000	4.8003e-017	-9.3438e+000	-6.3477e+000	6.3476e+000	5.2500e-015
-6.750e+000	4.8003e-017	-9.3438e+000	-6.3477e+000	6.3476e+000	5.2500e-015
-6.740e+000	4.8003e-017	-9.3438e+000	-6.3477e+000	6.3476e+000	5.2500e-015
-6.730e+000	4.8003e-017	-9.3438e+000	-6.3477e+000	6.3476e+000	5.2500e-015
-6.720e+000	4.8003e-017	-9.3438e+000	-6.3477e+000	6.3476e+000	5.2500e-015
-6.710e+000	4.8003e-017	-9.3438e+000	-6.3477e+000	6.3476e+000	5.2500e-015
-6.700e+000	4.8003e-017	-9.3438e+000	-6.3477e+000	6.3476e+000	5.2500e-015
-6.690e+000	4.8003e-017	-9.3438e+000	-6.3477e+000	6.3476e+000	5.2500e-015
-6.680e+000	4.8003e-017	-9.3438e+000	-6.3477e+000	6.3476e+000	5.2500e-015
-6.670e+000	4.8003e-017	-9.3438e+000	-6.3477e+000	6.3476e+000	5.2500e-015
-6.660e+000	4.8003e-017	-9.3438e+000	-6.3477e+000	6.3476e+000	5.2500e-015
-6.650e+000	4.8003e-017	-9.3438e+000	-6.3477e+000	6.3476e+000	5.2500e-015
-6.640e+000	4.8003e-017	-9.3438e+000	-6.3477e+000	6.3476e+000	5.2500e-015
-6.630e+000	4.8003e-017	-9.3438e+000	-6.3477e+000	6.3476e+000	5.2500e-015
-6.620e+000	4.8003e-017	-9.3438e+000	-6.3477e+000	6.3476e+000	5.2500e-015
-6.610e+000	4.8003e-017	-9.3438e+000	-6.3477e+000	6.3476e+000	5.2500e-015
-6.600e+000	4.8003e-017	-9.3438e+000	-6.3477e+000	6.3476e+000	5.2500e-015
-6.590e+000	4.8003e-017	-9.3438e+000	-6.3477e+000	6.3476e+000	5.2500e-015
-6.580e+000	4.8003e-017	-9.3438e+000	-6.3477e+000	6.3476e+000	5.2500e-015
-6.570e+000	4.8003e-017	-9.3438e+000	-6.3477e+000	6.3476e+000	5.2500e-015
-6.560e+000	4.8003e-017	-9.3438e+000	-6.3477e+000	6.3476e+000	5.2500e-015
-6.550e+000	4.8003e-017	-9.3438e+000	-6.3477e+000	6.3476e+000	5.2500e-015
-6.540e+000	4.8003e-017	-9.3438e+000	-6.3477e+000	6.3476e+000	5.2500e-015
-6.530e+000	4.8003e-017	-9.3438e+000	-6.3477e+000	6.3476e+000	5.2500e-015
-6.520e+000	4.8003e-017	-9.3438e+000	-6.3477e+000	6.3476e+000	5.2500e-015
-6.510e+000	4.8003e-017	-9.3438e+000	-6.3477e+000	6.3476e+000	5.2500e-015
-6.500e+000	4.8003e-017	-9.3438e+000	-6.3477e+000	6.3476e+000	5.2500e-015
-6.490e+000	4.8003e-017	-9.3438e+000	-6.3477e+000	6.3476e+000	5.2500e-015
-6.480e+000	4.8003e-017	-9.3438e+000	-6.3477e+000	6.3476e+000	5.2500e-015
-6.470e+000	4.8003e-017	-9.3438e+000	-6.3477e+000	6.3476e+000	5.2500e-015
-6.460e+000	4.8003e-017	-9.3438e+000	-6.3477e+000	6.3476e+000	5.2500e-015
-6.450e+000	4.8003e-017	-9.3438e+000	-6.3477e+000	6.3476e+000	5.2500e-015
-6.440e+000	4.8003e-017	-9.3438e+000	-6.3477e+000	6.3476e+000	5.2500e-015
-6.430e+000	4.8003e-017	-9.3438e+000	-6.3477e+000	6.3476e+000	5.2500e-015
-6.420e+000	4.8003e-017	-9.3438e+000	-6.3477e+000	6.3476e+000	5.2500e-015
-6.410e+000	4.8003e-017	-9.3438e+000	-6.3477e+000	6.3476e+000	5.2500e-015
-6.400e+000	4.8003e-017	-9.3438e+000	-6.3477e+000	6.3476e+000	5.2500e-015
-6.390e+000	4.8003e-017	-9.3438e+000	-6.3477e+000	6.3476e+000	5.2500e-015
-6.380e+000	4.8003e-017	-9.3438e+000	-6.3477e+000	6.3476e+000	5.2500e-015
-6.370e+000	4.8003e-017	-9.3438e+000	-6.3477e+000	6.3476e+000	5.2500e-015
-6.360e+000	4.8003e-017	-9.3438e+000	-6.3477e+000	6.3476e+000	5.2500e-015
-6.350e+000	4.8003e-017	-9.3438e+000	-6.3477e+000	6.3476e+000	5.2500e-015
-6.340e+000	4.8003e-017	-9.3438e+000	-6.3477e+000	6.3476e+000	5.2500e-015
-6.330e+000	4.8003e-017	-9.3438e+000	-6.3477e+000	6.3476e+000	5.2500e-015
-6.320e+000	4.8003e-017	-9.3438e+000	-6.3477e+000	6.3476e+000	5.2500e-015
-6.310e+000	4.8003e-017	-9.3438e+000	-6.3477e+000	6.3476e+000	5.2500e-015
-6.300e+000	4.8003e-017	-9.3438e+000	-6.3477e+000	6.3476e+000	5.2500e-015
-6.290e+000	4.8003e-017	-9.3438e+000	-6.3477e+000	6.3476e+000	5.2500e-015
-6.280e+000	4.8003e-017	-9.3438e+000	-6.3477e+000	6.3476e+000	5.2500e-015
-6.270e+000	4.8003e-017	-9.3438e+000	-6.3477e+000	6.3476e+000	5.2500e-015
-6.260e+000	4.8003e-017	-9.3438e+000	-6.3477e+000	6.3476e+000	5.2500e-015
-6.250e+000	4.8003e-017	-9.3438e+000	-6.3477e+000	6.3476e+000	5.2500e-015
-6.240e+000	4.8003e-017	-9.3438e+000	-6.3477e+000	6.3476e+000	5.2500e-015
-6.230e+000	4.8003e-017	-9.3438e+000	-6.3477e+000	6.3476e+000	5.2500e-015
-6.220e+000	4.8003e-017	-9.3438e+000	-6.3477e+000	6.3476e+000	5.2500e-015
-6.210e+000	4.8003e-017	-9.3438e+000	-6.3477e+000	6.3476e+000	5.2500e-015
-6.200e+000	4.8003e-017	-9.3438e+000	-6.3477e+000	6.3476e+000	5.2500e-015
-6.190e+000	4.8003e-017	-9.3438e+000	-6.3477e+000	6.3476e+000	5.2500e-015
-6.180e+000	4.8003e-017	-9.3438e+000	-6.3477e+000	6.3476e+000	5.2500e-015
-6.170e+000	4.8003e-017	-9.3438e+000	-6.3477e+000	6.3476e+000	5.2500e-015
-6.160e+000	4.8003e-017	-9.3438e+000	-6.3477e+000	6.3476e+000	5.2500e-015
-6.150e+000	4.8003e-017	-9.3438e+000	-6.3477e+000	6.3476e+000	5.2500e-015
-6.140e+000	4.8003e-017	-9.3438e+000	-6.3477e+000	6.3476e+000	5.2500e-015
-6.130e+000	4.8003e-017	-9.3438e+000	-6.3477e+000	6.3476e+000	5.2500e-015
-6.120e+000	4.8003e-017	-9.3438e+000	-6.3477e+000	6.3476e+000	5.2500e-015
-6.110e+000	4.8003e-017	-9.3438e+000	-6.3477e+000	6.3476e+000	5.2500e-015
-6.100e+000	4.8003e-017	-9.3438e+000	-6.3477e+000	6.3476e+000	5.2500e-015
-6.090e+000	4.8003e-017	-9.3438e+000	-6.3477e+000	6.3476e+000	5.2500e-015
-6.080e+000	4.8003e-017	-9.3438e+000	-6.3477e+000	6.3476e+000	5.2500e-015
-6.070e+000	4.8003e-017	-9.3438e+000	-6.3477e+000	6.3476e+000	5.2500e-015
-6.060e+000	4.8003e-017	-9.3438e+000	-6.3477e+000	6.3476e+000	5.2500e-015
-6.050e+000	4.8003e-017	-9.3438e+000	-6.3477e+000	6.3476e+000	5.2500e-015
-6.040e+000	4.8003e-017	-9.3438e+000	-6.3477e+000	6.3476e+000	5.2500e-015
-6.030e+000	4.8003e-017	-9.3438e+000	-6.3477e+000	6.3476e+000	5.2500e-015
-6.020e+000	4.8003e-017	-9.3438e+000	-6.3477e+000	6.3476e+000	5.2500e-015
-6.010e+000	4.8003e-017	-9.3438e+000	-6.3477e+000	6.3476e+000	5.2500e-015
-6.000e+000	4.8003e-017	-9.3438e+000	-6.3477e+000	6.3476e+000	5.2500e-015
-5.990e+000	4.8003e-017	-9.3438e+000	-6.3477e+000	6.3476e+000	5.2500e-015
-5.980e+000	4.8003e-017	-9.3438e+000	-6.3477e+000	6.3476e+000	5.2500e-015
-5.970e+000	4.8003e-017	-9.3438e+000	-6.3477e+000	6.3476e+000	5.2500e-015
-5.960e+000	4.8003e-017	-9.3438e+000	-6.3477e+000	6.3476e+000	5.2500e-015
-5.950e+000	4.8003e-017	-9.3438e+000	-6.3477e+000	6.3476e+000	5.2500e-015
-5.940e+000	4.8003e-017	-9.3438e+000	-6.3477e+000	6.3476e+000	5.2500e-015
-5.930e+000	4.8003e-017	-9.3438e+000	-6.3477e+000	6.3476e+000	5.2500e-015
-5.920e+000	4.8003e-017	-9.3438e+000	-6.3477e+000	6.3476e+000	5.2500e-015
-5.910e+000	4.8003e-017	-9.3438e+000	-6.3477e+000	6.3476e+000	5.2500e-015
-5.900e+000	4.8003e-017	-9.3438e+000	-6.3477e+000	6.3476e+000	5.2500e-015
-5.890e+000	4.8003e-017	-9.3438e+000	-6.3477e+000	6.3476e+000	5.2500e-015
-5.880e+000	4.8003e-017	-9.3438e+000	-6.3477e+000	6.3476e+000	5.2500e-015
-5.870e+000	4.8003e-017	-9.3438e+000	-6.3477e+000	6.3476e+000	5.2500e-015
-5.860e+000	4.8003e-017	-9.3438e+000	-6.3477e+000	6.3476e+000	5.2500e-015
-5.850e+000	4.8003e-017	-9.3438e+000	-6.3477e+000	6.3476e+000	5.2500e-015
-5.840e+000	4.8003e-017	-9.3438e+000	-6.3477e+000	6.3476e+000	5.2500e-015
-5.830e+000	4.8003e-017	-9.3438e+000	-6.3477e+000	6.3476e+000	5.2500e-015
-5.820e+000	4.8003e-017	-9.3438e+000	-6.3477e+000	6.3476e+000	5.2500e-015
-5.810e+000	4.8003e-017	-9.3438e+000	-6.3477e+000	6.3476e+000	5.2500e-015
-5.800e+000	4.8003e-017	-9.3438e+000	-6.3477e+000	6.3476e+000	5.2500e-015
-5.790e+000	4.8003e-017	-9.3438e+000	-6.3477e+000	6.3476e+000	5.2500e-015
-5.780e+000	4.8003e-017	-9.3438e+000	-6.3477e+000	6.3476e+000	5.2500e-015
-5.770e+000	4.8003e-017	-9.3438e+000	-6.3477e+000	6.3476e+000	5.2500e-015
-5.760e+000	4.8003e-017	-9.3438e+000	-6.3477e+000	6.3476e+000	5.2500e-015
-5.750e+000	4.8003e-017	-9.3438e+000	-6.3477e+000	6.3476e+000	5.2500e-015
-5.740e+000	4.8003e-017	-9.3438e+000	-6.3477e+000	6.3476e+000	5.2500e-015
-5.730e+000	4.8003e-017	-9.3438e+000	-6.3477e+000	6.3476e+000	5.2500e-015
-5.720e+000	4.8003e-017	-9.3438e+000	-6.3477e+000	6.3476e+000	5.2500e-015
-5.710e+000	4.8003e-017	-9.3438e+000	-6.3477e+000	6.3476e+000	5.2500e-015
-5.700e+000	4.8003e-017	-9.3438e+000	-6.3477e+000	6.3476e+000	5.2500e-015
-5.690e+000	4.8003e-017	-9.3438e+000	-6.3477e+000	6.3476e+000	5.2500e-015
-5.680e+000	4.8003e-017	-9.3438e+000	-6.3477e+000	6.3476e+000	5.2500e-015
-5.670e+000	4.8003e-017	-9.3438e+000	-6.3477e+000	6.3476e+000	5.2500e-015
-5.660e+000	4.8003e-017	-9.3438e+000	-6.3477e+000	6.3476e+000	5.2500e-015
-5.650e+000	4.8003e-017	-9.3438e+000	-6.3477e+000	6.3476e+000	5.2500e-015
-5.640e+000	4.8003e-017	-9.3438e+000	-6.3477e+000	6.3476e+000	5.2500e-015
-5.630e+000	4.8003e-017	-9.3438e+000	-6.3477e+000	6.3476e+000	5.2500e-015
-5.620e+000	4.8003e-017	-9.3438e+000	-6.3477e+000	6.3476e+000	5.2500e-015
-5.610e+000	4.8003e-017	-9.3438e+000	-6.3477e+000	6.3476e+000	5.2500e-015
-5.600e+000	4.8003e-017	-9.3438e+000	-6.3477e+000	6.3476e+000	5.2500e-015
-5.590e+000	4.8003e-017	-9.3438e+000	-6.3477e+000	6.3476e+000	5.2500e-015
-5.580e+000	4.8003e-017	-9.3438e+000	-6.3477e+000	6.3476e+000	5.2500e-015
-5.570e+000	4.8003e-017	-9.3438e+000	-6.3477e+000	6.3476e+000	5.2500e-015
-5.560e+000	4.8003e-017	-9.3438e+000	-6.3477e+000	6.3476e+000	5.2500e-015
-5.550e+000	4.8003e-017	-9.3438e+000	-6.3477e+000	6.3476e+000	5.2500e-015
-5.540e+000	4.8003e-017	-9.3438e+000	-6.3477e+000	6.3476e+000	5.2500e-015
-5.530e+000	4.8003e-017	-9.3438e+000	-6.3477e+000	6.3476e+000	5.2500e-015
-5.520e+000	4.8003e-017	-9.3438e+000	-6.3477e+000	6.3476e+000	5.2500e-015
-5.510e+000	4.8003e-017	-9.3438e+000	-6.3477e+000	6.3476e+000	5.2500e-015
-5.500e+000	4.8003e-017	-9.3438e+000	-6.3477e+000	6.3476e+000	5.2500e-015
-5.490e+000	4.8003e-017	-9.3438e+000	-6.3477e+000	6.3476e+000	5.2500e-015
-5.480e+000	4.8003e-017	-9.3438e+000	-6.3477e+000	6.3476e+000	5.2500e-015
-5.470e+000	4.8003e-017	-9.3438e+000	-6.3477e+000	6.3476e+000	5.2500e-015
-5.460e+000	4.8003e-017	-9.3438e+000	-6.3477e+000	6.3476e+000	5.2500e-015
-5.450e+000	4.8003e-017	-9.3438e+000	-6.3477e+000	6.3476e+000	5.2500e-015
-5.440e+000	4.8003e-017	-9.3438e+000	-6.3477e+000	6.3476e+000	5.2500e-015
-5.430e+000	4.8003e-017	-9.3438e+000	-6.3477e+000	6.3476e+000	5.2500e-015
-5.420e+000	4.8003e-017	-9.3438e+000	-6.3477e+000	6.3476e+000	5.2500e-015
-5.410e+000	4.8003e-017	-9.3438e+000	-6.3477e+000	6.3476e+000	5.2500e-015
-5.400e+000	4.8003e-017	-9.3438e+000	-6.3477e+000	6.3476e+000	5.2500e-015
-5.390e+000	4.8003e-017	-9.3438e+000	-6.3477e+000	6.3476e+000	5.2500e-015
-5.380e+000	4.8003e-017	-9.3438e+000	-6.3477e+000	6.3476e+000	5.2500e-015
-5.370e+000	4.8003e-017	-9.3438e+000	-6.3477e+000	6.3476e+000	5.2500e-015
-5.360e+000	4.8003e-017	-9.3438e+000	-6.3477e+000	6.3476e+000	5.2500e-015
-5.350e+000	4.8003e-017	-9.3438e+000	-6.3477e+000	6.3476e+000	5.2500e-015
-5.340e+000	4.8003e-017	-9.3438e+000	-6.3477e+000	6.3476e+000	5.2500e-015
-5.330e+000	4.8003e-017	-9.3438e+000	-6.3477e+000	6.3476e+000	5.2500e-015
-5.320e+000	4.8003e-017	-9.3438e+000	-6.3477e+000	6.3476e+000	5.2500e-015
-5.310e+000	4.8003e-017	-9.3438e+000	-6.3477e+000	6.3476e+000	5.2500e-015
-5.300e+000	4.8003e-017	-9.3438e+000	-6.3477e+000	6.3476e+000	5.2500e-015
-5.290e+000	4.8003e-017	-9.3438e+000	-6.3477e+000	6.3476e+000	5.2500e-015
-5.280e+000	4.8003e-017	-9.3438e+000	-6.3477e+000	6.3476e+000	5.2500e-015
-5.270e+000	4.8003e-017	-9.3438e+000	-6.3477e+000	6.3476e+000	5.2500e-015
-5.260e+000	4.8003e-017	-9.3438e+000	-6.3477e+000	6.3476e+000	5.2500e-015
-5.250e+000	4.8003e-017	-9.3438e+000	-6.3477e+000	6.3476e+000	5.2500e-015
-5.240e+000	4.8003e-017	-9.3438e+000	-6.3477e+000	6.3476e+000	5.2500e-015
-5.230e+000	4.8003e-017	-9.3438e+000	-6.3477e+000	6.3476e+000	5.2500e-015
-5.220e+000	4.8003e-017	-9.3438e+000	-6.3477e+000	6.3476e+000	5.2500e-015
-5.210e+000	4.8003e-017	-9.3438e+000	-6.3477e+000	6.3476e+000	5.2500e-015
-5.200e+000	4.8003e-017	-9.3438e+000	-6.3477e+000	6.3476e+000	5.2500e-015
-5.190e+000	4.8003e-017	-9.3438e+000	-6.3477e+000	6.3476e+000	5.2500e-015
-5.180e+000	4.8003e-017	-9.3438e+000	-6.3477e+000	6.3476e+000	5.2500e-015
-5.170e+000	4.8003e-017	-9.3438e+000	-6.3477e+000	6.3476e+000	5.2500e-015
-5.160e+000	4.8003e-017	-9.3438e+000	-6.3477e+000	6.3476e+000	5.2500e-015
-5.150e+000	4.8003e-017	-9.3438e+000	-6.3477e+000	6.3476e+000	5.2500e-015
-5.140e+000	4.8003e-017	-9.3438e+000	-6.3477e+000	6.3476e+000	5.2500e-015
-5.130e+000	4.8003e-017	-9.3438e+000	-6.3477e+000	6.3476e+000	5.2500e-015
-5.120e+000	4.8003e-017	-9.3438e+000	-6.3477e+000	6.3476e+000	5.2500e-015
-5.110e+000	4.8003e-017	-9.3438e+000	-6.3477e+000	6.3476e+000	5.2500e-015
-5.100e+000	4.8003e-017	-9.3438e+000	-6.3477e+000	6.3476e+000	5.2500e-015
-5.090e+000	4.8003e-017	-9.3438e+000	-6.3477e+000	6.3476e+000	5.2500e-015
-5.080e+000	4.8003e-017	-9.3438e+000	-6.3477e+000	6.3476e+000	5.2500e-015
-5.070e+000	4.8003e-017	-9.3438e+000	-6.3477e+000	6.3476e+000	5.2500e-015
-5.060e+000	4.8003e-017	-9.3438e+000	-6.3477e+000	6.3476e+000	5.2500e-015
-5.050e+000	4.8003e-017	-9.3438e+000	-6.3477e+000	6.3476e+000	5.2500e-015
-5.040e+000	4.8003e-017	-9.3438e+000	-6.3477e+000	6.3476e+000	5.2500e-015
-5.030e+000	4.8003e-017	-9.3438e+000	-6.3477e+000	6.3476e+000	5.2500e-015
-5.020e+000	4.8003e-017	-9.3438e+000	-6.3477e+000	6.3476e+000	5.2500e-015
-5.010e+000	4.8003e-017	-9.3438e+000	-6.3477e+000	6.3476e+000	5.2500e-015
-5.000e+000	4.8003e-017	-9.3438e+000	-6.3477e+000	6.3476e+000	5.2500e-015
-4.990e+000	4.8003e-017	-9.3438e+000	-6.3477e+000	6.3476e+000	5.2500e-015
-4.980e+000	4.8003e-017	-9.3438e+000	-6.3477e+000	6.3476e+000	5.2500e-015
-4.970e+000	4.8003e-017	-9.3438e+000	-6.3477e+000	6.3476e+000	5.2500e-015
-4.960e+000	4.8003e-017	-9.3438e+000	-6.3477e+000	6.3476e+000	5.2500e-015
-4.950e+000	4.8003e-017	-9.3438e+000	-6.3477e+000	6.3476e+000	5.2500e-015
-4.940e+000	4.8003e-017	-9.3438e+000	-6.3477e+000	6.3476e+000	5.2500e-015
-4.930e+000	4.8003e-017	-9.3438e+000	-6.3477e+000	6.3476e+000	5.2500e-015
-4.920e+000	4.8003e-017	-9.3438e+000	-6.3477e+000	6.3476e+000	5.2500e-015
-4.910e+000	4.8003e-017	-9.3438e+000	-6.3477e+000	6.3476e+000	5.2500e-015
-4.900e+000	4.8003e-017	-9.3438e+000	-6.3477e+000	6.3476e+000	5.2500e-015
-4.890e+000	4.8003e-017	-9.3438e+000	-6.3477e+000	6.3476e+000	5.2500e-015
-4.880e+000	4.8003e-017	-9.3438e+000	-6.3477e+000	6.3476e+000	5.2500e-015
-4.870e+000	4.8003e-017	-9.3438e+000	-6.3477e+000	6.3476e+000	5.2500e-015
-4.860e+000	4.8003e-017	-9.3438e+000	-6.3477e+000	6.3476e+000	5.2500e-015
-4.850e+000	4.8003e-017	-9.3438e+000	-6.3477e+000	6.3476e+000	5.2500e-015
-4.840e+000	4.8003e-017	-9.3438e+000	-6.3477e+000	6.3476e+000	5.2500e-015
-4.830e+000	4.8003e-017	-9.3438e+000	-6.3477e+000	6.3476e+000	5.2500e-015
-4.820e+000	4.8003e-017	-9.3438e+000	-6.3477e+000	6.3476e+000	5.2500e-015
-4.810e+000	4.8003e-017	-9.3438e+000	-6.3477e+000	6.3476e+000	5.2500e-015
-4.800e+000	4.8003e-017	-9.3438e+000	-6.3477e+000	6.3476e+000	5.2500e-015
-4.790e+000	4.8003e-017	-9.3438e+000	-6.3477e+000	6.3476e+000	5.2500e-015
-4.780e+000	4.8003e-017	-9.3438e+000	-6.3477e+000	6.3476e+000	5.2500e-015
-4.770e+000	4.8003e-017	-9.3438e+000	-6.3477e+000	6.3476e+000	5.2500e-015
-4.760e+000	4.8003e-017	-9.3438e+000	-6.3477e+000	6.3476e+000	5.2500e-015
-4.750e+000	4.8003e-017	-9.3438e+000	-6.3477e+000	6.3476e+000	5.2500e-015
-4.740e+000	4.8003e-017	-9.3438e+000	-6.3477e+000	6.3476e+000	5.2500e-015
-4.730e+000	4.8003e-017	-9.3438e+000	-6.3477e+000	6.3476e+000	5.2500e-015
-4.720e+000	4.8003e-017	-9.3438e+000	-6.3477e+000	6.3476e+000	5.2500e-015
-4.710e+000	4.8003e-017	-9.3438e+000	-6.3477e+000	6.3476e+000	5.2500e-015
-4.700e+000	4.8003e-017	-9.3438e+000	-6.3477e+000	6.3476e+000	5.2500e-015
-4.690e+000	4.8003e-017	-9.3438e+000	-6.3477e+000	6.3476e+000	5.2500e-015
-4.680e+000	4.8003e-017	-9.3438e+000	-6.3477e+000	6.3476e+000	5.2500e-015
-4.670e+000	4.8003e-017	-9.3438e+000	-6.3477e+000	6.3476e+000	5.2500e-015
-4.660e+000	4.8003e-017	-9.3438e+000	-6.3477e+000	6.3476e+000	5.2500e-015
-4.650e+000	4.8003e-017	-9.3438e+000	-6.3477e+000	6.3476e+000	5.2500e-015
-4.640e+000	4.8003e-017	-9.3438e+000	-6.3477e+000	6.3476e+000	5.2500e-015
-4.630e+000	4.8003e-017	-9.3438e+000	-6.3477e+000	6.3476e+000	5.2500e-015
-4.620e+000	4.8003e-017	-9.3438e+000	-6.3477e+000	6.3476e+000	5.2500e-015
-4.610e+000	4.8003e-017	-9.3438e+000	-6.3477e+000	6.3476e+000	5.2500e-015
-4.600e+000	4.8003e-017	-9.3438e+000	-6.3477e+000	6.3476e+000	5.2500e-015
-4.590e+000	4.8003e-017	-9.3438e+000	-6.3477e+000	6.3476e+000	5.2500e-015
-4.580e+000	4.8003e-017	-9.3438e+000	-6.3477e+000	6.3476e+000	5.2500e-015
-4.570e+000	4.8003e-017	-9.3438e+000	-6.3477e+000	6.3476e+000	5.2500e-015
-4.560e+000	4.8003e-017	-9.3438e+000	-6.3477e+000	6.3476e+000	5.2500e-015
-4.550e+000	4.8003e-017	-9.3438e+000	-6.3477e+000	6.3476e+000	5.2500e-015
-4.540e+000	4.8003e-017	-9.3438e+000	-6.3477e+000	6.3476e+000	5.2500e-015
-4.530e+000	4.8003e-017	-9.3438e+000	-6.3477e+000	6.3476e+000	5.2500e-015
-4.520e+000	4.8003e-017	-9.3438e+000	-6.3477e+000	6.3476e+000	5.2500e-015
-4.510e+000	4.8003e-017	-9.3438e+000	-6.3477e+000	6.3476e+000	5.2500e-015
-4.500e+000	4.8003e-017	-9.3438e+000	-6.3477e+000	6.3476e+000	5.2500e-015
-4.490e+000	4.8003e-017	-9.3438e+000	-6.3477e+000	6.3476e+000	5.2500e-015
-4.480e+000	4.8003e-017	-9.3438e+000	-6.3477e+000	6.3476e+000	5.2500e-015
-4.470e+000	4.8003e-017	-9.3438e+000	-6.3477e+000	6.3476e+000	5.2500e-015
-4.460e+000	4.8003e-017	-9.3438e+000	-6.3477e+000	6.3476e+000	5.2500e-015
-4.450e+000	4.8003e-017	-9.3438e+000	-6.3477e+000	6.3476e+000	5.2500e-015
-4.440e+000	4.8003e-017	-9.3438e+000	-6.3477e+000	6.3476e+000	5.2500e-015
-4.430e+000	4.8003e-017	-9.3438e+000	-6.3477e+000	6.3476e+000	5.2500e-015
-4.420e+000	4.8003e-017	-9.3438e+000	-6.3477e+000	6.3476e+000	5.2500e-015
-4.410e+000	4.8003e-017	-9.3438e+000	-6.3477e+000	6.3476e+000	5.2500e-015
-4.400e+000	4.8003e-017	-9.3438e+000	-6.3477e+000	6.3476e+000	5.2500e-015
-4.390e+000	4.8003e-017	-9.3438e+000	-6.3477e+000	6.3476e+000	5.2500e-015
-4.380e+000	4.8003e-017	-9.3438e+000	-6.3477e+000	6.3476e+000	5.2500e-015
-4.370e+000	4.8003e-017	-9.3438e+000	-6.3477e+000	6.3476e+000	5.2500e-015
-4.360e+000	4.8003e-017	-9.3438e+000	-6.3477e+000	6.3476e+000	5.2500e-015
-4.350e+000	4.8003e-017	-9.3438e+000	-6.3477e+000	6.3476e+000	5.2500e-015
-4.340e+000	4.8003e-017	-9.3438e+000	-6.3477e+000	6.3476e+000	5.2500e-015
-4.330e+000	4.8003e-017	-9.3438e+000	-6.3477e+000	6.3476e+000	5.2500e-015
-4.320e+000	4.8003e-017	-9.3438e+000	-6.3477e+000	6.3476e+000	5.2500e-015
-4.310e+000	4.8003e-017	-9.3438e+000	-6.3477e+000	6.3476e+000	5.2500e-015
-4.300e+000	4.8003e-017	-9.3438e+000	-6.3477e+000	6.3476e+000	5.2500e-015
-4.290e+000	4.8003e-017	-9.3438e+000	-6.3477e+000	6.3476e+000	5.2500e-015
-4.280e+000	4.8003e-017	-9.3438e+000	-6.3477e+000	6.3476e+000	5.2500e-015
-4.270e+000	4.8003e-017	-9.3438e+000	-6.3477e+000	6.3476e+000	5.2500e-015
-4.260e+000	4.8003e-017	-9.3438e+000	-6.3477e+000	6.3476e+000	5.2500e-015
-4.250e+000	4.8003e-017	-9.3438e+000	-6.3477e+000	6.3476e+000	5.2500e-015
-4.240e+000	4.8003e-017	-9.3438e+000	-6.3477e+000	6.3476e+000	5.2500e-015
-4.230e+000	4.8003e-017	-9.3438e+000	-6.3477e+000	6.3476e+000	5.2500e-015
-4.220e+000	4.8003e-017	-9.3438e+000	-6.3477e+000	6.3476e+000	5.2500e-015
-4.210e+000	4.8003e-017	-9.3438e+000	-6.3477e+000	6.3476e+000	5.2500e-015
-4.200e+000	4.8003e-017	-9.3438e+000	-6.3477e+000	6.3476e+000	5.2500e-015
-4.190e+000	4.8003e-017	-9.3438e+000	-6.3477e+000	6.3476e+000	5.2500e-015
-4.180e+000	4.8003e-017	-9.3438e+000	-6.3477e+000	6.3476e+000	5.2500e-015
-4.170e+000	4.8003e-017	-9.3438e+000	-6.3477e+000	6.3476e+000	5.2500e-015
-4.160e+000	4.8003e-017	-9.3438e+000	-6.3477e+000	6.3476e+000	5.2500e-015
-4.150e+000	4.8003e-017	-9.3438e+000	-6.3477e+000	6.3476e+000	5.2500e-015
-4.140e+000	4.8003e-017	-9.3438e+000	-6.3477e+000	6.3476e+000	5.2500e-015
-4.130e+000	4.8003e-017	-9.3438e+000	-6.3477e+000	6.3476e+000	5.2500e-015
-4.120e+000	4.8003e-017	-9.3438e+000	-6.3477e+000	6.3476e+000	5.2500e-015
-4.110e+000	4.8003e-017	-9.3438e+000	-6.3477e+000	6.3476e+000	5.2500e-015
-4.100e+000	4.8003e-017	-9.3438e+000	-6.3477e+000	6.3476e+000	5.2500e-015
-4.090e+000	4.8003e-017	-9.3438e+000	-6.3477e+000	6.3476e+000	5.2500e-015
-4.080e+000	4.8003e-017	-9.3438e+000	-6.3477e+000	6.3476e+000	5.2500e-015
-4.070e+000	4.8003e-017	-9.3438e+000	-6.3477e+000	6.3476e+000	5.2500e-015
-4.060e+000	4.8003e-017	-9.3438e+000	-6.3477e+000	6.3476e+000	5.2500e-015
-4.050e+000	4.8003e-017	-9.3438e+000	-6.3477e+000	6.3476e+000	5.2500e-015
-4.040e+000	4.8003e-017	-9.3438e+000	-6.3477e+000	6.3476e+000	5.2500e-015
-4.030e+000	4.8003e-017	-9.3438e+000	-6.3477e+000	6.3476e+000	5.2500e-015
-4.020e+000	4.8003e-017	-9.3438e+000	-6.3477e+000	6.3476e+000	5.2500e-015
-4.010e+000	4.8003e-017	-9.3438e+000	-6.3477e+000	6.3476e+000	5.2500e-015
-4.000e+000	4.8003e-017	-9.3438e+000	-6.3477e+000	6.3476e+000	5.2500e-015
-3.990e+000	4.8003e-017	-9.3438e+000	-6.3477e+000	6.3476e+000	5.2500e-015
-3.980e+000	4.8003e-017	-9.3438e+000	-6.3477e+000	6.3476e+000	5.2500e-015
-3.970e+000	4.8003e-017	-9.3438e+000	-6.3477e+000	6.3476e+000	5.2500e-015
-3.960e+000	4.8003e-017	-9.3438e+000	-6.3477e+000	6.3476e+000	5.2500e-015
-3.950e+000	4.8003e-017	-9.3438e+000	-6.3477e+000	6.3476e+000	5.2500e-015
-3.940e+000	4.8003e-017	-9.3438e+000	-6.3477e+000	6.3476e+000	5.2500e-015
-3.930e+000	4.8003e-017	-9.3438e+000	-6.3477e+000	6.3476e+000	5.2500e-015
-3.920e+000	4.8003e-017	-9.3438e+000	-6.3477e+000	6.3476e+000	5.2500e-015
-3.910e+000	4.8003e-017	-9.3438e+000	-6.3477e+000	6.3476e+000	5.2500e-015
-3.900e+000	4.8003e-017	-9.3438e+000	-6.3477e+000	6.3476e+000	5.2500e-015
-3.890e+000	4.8003e-017	-9.3438e+000	-6.3477e+000	6.3476e+000	5.2500e-015
-3.880e+000	4.8003e-017	-9.3438e+000	-6.3477e+000	6.3476e+000	5.2500e-015
-3.870e+000	4.8003e-017	-9.3438e+000	-6.3477e+000	6.3476e+000	5.2500e-015
-3.860e+000	4.8003e-017	-9.3438e+000	-6.3477e+000	6.3476e+000	5.2500e-015
-3.850e+000	4.8003e-017	-9.3438e+000	-6.3477e+000	6.3476e+000	5.2500e-015
-3.840e+000	4.8003e-017	-9.3438e+000	-6.3477e+000	6.3476e+000	5.2500e-015
-3.830e+000	4.8003e-017	-9.3438e+000	-6.3477e+000	6.3476e+000	5.2500e-015
-3.820e+000	4.8003e-017	-9.3438e+000	-6.3477e+000	6.3476e+000	5.2500e-015
-3.810e+000	4.8003e-017	-9.3438e+000	-6.3477e+000	6.3476e+000	5.2500e-015
-3.800e+000	4.8003e-017	-9.3438e+000	-6.3477e+000	6.3476e+000	5.2500e-015
-3.790e+000	4.8003e-017	-9.3438e+000	-6.3477e+000	6.3476e+000	5.2500e-015
-3.780e+000	4.8003e-017	-9.3438e+000	-6.3477e+000	6.3476e+000	5.2500e-015
-3.770e+000	4.8003e-017	-9.3438e+000	-6.3477e+000	6.3476e+000	5.2500e-015
-3.760e+000	4.8003e-017	-9.3438e+000	-6.3477e+000	6.3476e+000	5.2500e-015
-3.750e+000	4.8003e-017	-9.3438e+000	-6.3477e+000	6.3476e+000	5.2500e-015
-3.740e+000	4.8003e-017	-9.3438e+000	-6.3477e+000	6.3476e+000	5.2500e-015
-3.730e+000	4.8003e-017	-9.3438e+000	-6.3477e+000	6.3476e+000	5.2500e-015
-3.720e+000	4.8003e-017	-9.3438e+000	-6.3477e+000	6.3476e+000	5.2500e-015
-3.710e+000	4.8003e-017	-9.3438e+000	-6.3477e+000	6.3476e+000	5.2500e-015
-3.700e+000	4.8003e-017	-9.3438e+000	-6.3477e+000	6.3476e+000	5.2500e-015
-3.690e+000	4.8003e-017	-9.3438e+000	-6.3477e+000	6.3476e+000	5.2500e-015
-3.680e+000	4.8003e-017	-9.3438e+000	-6.3477e+000	6.3476e+000	5.2500e-015
-3.670e+000	4.8003e-017	-9.3438e+000	-6.3477e+000	6.3476e+000	5.2500e-015
-3.660e+000	4.8003e-017	-9.3438e+000	-6.3477e+000	6.3476e+000	5.2500e-015
-3.650e+000	4.8003e-017	-9.3438e+000	-6.3477e+000	6.3476e+000	5.2500e-015
-3.640e+000	4.8003e-017	-9.3439e+000	-6.3477e+000	6.3477e+000	5.2500e-015
-3.630e+000	4.8004e-017	-9.3439e+000	-6.3478e+000	6.3477e+000	5.2500e-015
-3.620e+000	4.8004e-017	-9.3440e+000	-6.3479e+000	6.3478e+000	5.2500e-015
-3.610e+000	4.8005e-017	-9.3442e+000	-6.3479e+000	6.3479e+000	5.2500e-015
-3.600e+000	4.8006e-017	-9.3444e+000	-6.3481e+000	6.3480e+000	5.2500e-015
-3.590e+000	4.8008e-017	-9.3447e+000	-6.3483e+000	6.3482e+000	5.2500e-015
-3.580e+000	4.8010e-017	-9.3451e+000	-6.3486e+000	6.3485e+000	5.2500e-015
-3.570e+000	4.8013e-017	-9.3457e+000	-6.3490e+000	6.3489e+000	5.2500e-015
-3.560e+000	4.8018e-017	-9.3467e+000	-6.3497e+000	6.3496e+000	5.2500e-015
-3.550e+000	4.8025e-017	-9.3481e+000	-6.3506e+000	6.3505e+000	5.2500e-015
-3.540e+000	4.8036e-017	-9.3501e+000	-6.3520e+000	6.3519e+000	5.2500e-015
-3.530e+000	4.8051e-017	-9.3531e+000	-6.3540e+000	6.3540e+000	5.2500e-015
-3.520e+000	4.8074e-017	-9.3576e+000	-6.3570e+000	6.3570e+000	5.2500e-015
-3.510e+000	4.8107e-017	-9.3641e+000	-6.3615e+000	6.3614e+000	5.2500e-015
-3.500e+000	4.8157e-017	-9.3737e+000	-6.3680e+000	6.3679e+000	5.2500e-015
-3.490e+000	4.8229e-017	-9.3878e+000	-6.3776e+000	6.3775e+000	5.2500e-015
-3.480e+000	4.8336e-017	-9.4087e+000	-6.3917e+000	6.3917e+000	5.2500e-015
-3.470e+000	4.8494e-017	-9.4393e+000	-6.4126e+000	6.4125e+000	5.2500e-015
-3.460e+000	4.8726e-017	-9.4845e+000	-6.4432e+000	6.4432e+000	5.2500e-015
-3.450e+000	4.9068e-017	-9.5509e+000	-6.4884e+000	6.4883e+000	5.2500e-015
-3.440e+000	4.9571e-017	-9.6488e+000	-6.5548e+000	6.5548e+000	5.2500e-015
-3.430e+000	5.0374e-017	-9.7967e+000	-6.6527e+000	6.6526e+000	5.2500e-015
-3.420e+000	5.1401e-017	-1.0009e+001	-6.8006e+000	6.7967e+000	5.2500e-015
-3.410e+000	5.3006e-017	-1.0321e+001	-7.0127e+000	7.0088e+000	5.2500e-015
-3.400e+000	5.5400e-017	-1.0783e+001	-7.3250e+000	7.3210e+000	5.2500e-015
-3.390e+000	5.8879e-017	-1.1462e+001	-7.7867e+000	7.7808e+000	5.2500e-015
-3.380e+000	6.4032e-017	-1.2462e+001	-8.4656e+000	8.4577e+000	5.2500e-015
-3.370e+000	7.1573e-017	-1.3933e+001	-9.4660e+000	9.4542e+000	5.2500e-015
-3.360e+000	8.2691e-017	-1.6098e+001	-1.0937e+001	1.0921e+001	5.2500e-015
-3.350e+000	9.9100e-017	-1.9288e+001	-1.3102e+001	1.3082e+001	5.2500e-015
-3.340e+000	1.2328e-016	-2.3986e+001	-1.6291e+001	1.6262e+001	5.2500e-015
-3.330e+000	1.5877e-016	-3.0899e+001	-2.0990e+001	2.0945e+001	5.2500e-015
-3.320e+000	2.1114e-016	-4.1081e+001	-2.7903e+001	2.7839e+001	5.2500e-015
-3.310e+000	2.8813e-016	-5.6069e+001	-3.8085e+001	3.7989e+001	5.2500e-015
-3.300e+000	4.0155e-016	-7.8136e+001	-5.3073e+001	5.2932e+001	5.2500e-015
-3.290e+000	5.6852e-016	-1.1062e+002	-7.5140e+001	7.4933e+001	5.2500e-015
-3.280e+000	8.1443e-016	-1.5846e+002	-1.0763e+002	1.0733e+002	5.2500e-015
-3.270e+000	1.1763e-015	-2.2888e+002	-1.5546e+002	1.5502e+002	5.2500e-015
-3.260e+000	1.7092e-015	-3.3257e+002	-2.2589e+002	2.2523e+002	5.2500e-015
-3.250e+000	2.4939e-015	-4.8523e+002	-3.2957e+002	3.2861e+002	5.2500e-015
-3.240e+000	3.6489e-015	-7.0998e+002	-4.8223e+002	4.8081e+002	5.2500e-015
-3.230e+000	5.3496e-015	-1.0409e+003	-7.0699e+002	7.0489e+002	5.2500e-015
-3.220e+000	7.8535e-015	-1.5281e+003	-1.0379e+003	1.0348e+003	5.2500e-015
-3.210e+000	1.1540e-014	-2.2453e+003	-1.5251e+003	1.5205e+003	5.2500e-015
-3.200e+000	1.6968e-014	-3.3014e+003	-2.2423e+003	2.2356e+003	5.2500e-015
-3.190e+000	2.4958e-014	-4.8562e+003	-3.2984e+003	3.2885e+003	5.2500e-015
-3.180e+000	3.6723e-014	-7.1452e+003	-4.8532e+003	4.8386e+003	5.2500e-015
-3.170e+000	5.4045e-014	-1.0515e+004	-7.1422e+003	7.1209e+003	5.2500e-015
-3.160e+000	7.9546e-014	-1.5477e+004	-1.0512e+004	1.0481e+004	5.2500e-015
-3.150e+000	1.1709e-013	-2.2783e+004	-1.5474e+004	1.5428e+004	5.2500e-015
-3.140e+000	1.7237e-013	-3.3538e+004	-2.2780e+004	2.2711e+004	5.2500e-015
-3.130e+000	2.5376e-013	-4.9373e+004	-3.3535e+004	3.3435e+004	5.2500e-015
-3.120e+000	3.7358e-013	-7.2687e+004	-4.9370e+004	4.9222e+004	5.2500e-015
-3.110e+000	5.4998e-013	-1.0701e+005	-7.2684e+004	7.2466e+004	5.2500e-015
-3.100e+000	8.0970e-013	-1.5755e+005	-1.0701e+005	1.0669e+005	5.2500e-015
-3.090e+000	1.1921e-012	-2.3195e+005	-1.5754e+005	1.5707e+005	5.2500e-015
-3.080e+000	1.7550e-012	-3.4148e+005	-2.3194e+005	2.3125e+005	5.2500e-015
-3.070e+000	2.5837e-012	-5.0274e+005	-3.4148e+005	3.4046e+005	5.2500e-015
-3.060e+000	3.8038e-012	-7.4015e+005	-5.0274e+005	5.0123e+005	5.2500e-015
-3.050e+000	5.5998e-012	-1.0897e+006	-7.4015e+005	7.3793e+005	5.2500e-015
-3.040e+000	8.2434e-012	-1.6042e+006	-1.0897e+006	1.0864e+006	5.2500e-015
-3.030e+000	1.2134e-011	-2.3615e+006	-1.6042e+006	1.5994e+006	5.2500e-015
-3.020e+000	1.7861e-011	-3.4763e+006	-2.3615e+006	2.3545e+006	5.2500e-015
-3.010e+000	2.6286e-011	-5.1169e+006	-3.4763e+006	3.4659e+006	5.2500e-015
-3.000e+000	3.8678e-011	-7.5310e+006	-5.1169e+006	5.1016e+006	5.2500e-015
-2.990e+000	5.6897e-011	-1.1082e+007	-7.5310e+006	7.5085e+006	5.2500e-015
-2.980e+000	8.3665e-011	-1.6304e+007	-1.1082e+007	1.1049e+007	5.2500e-015
-2.970e+000	1.2295e-010	-2.3978e+007	-1.6304e+007	1.6255e+007	5.2500e-015
-2.960e+000	1.8054e-010	-3.5247e+007	-2.3978e+007	2.3907e+007	5.2500e-015
-2.950e+000	2.6477e-010	-5.1772e+007	-3.5247e+007	3.5141e+007	5.2500e-015
-2.940e+000	3.8759e-010	-7.5963e+007	-5.1772e+007	5.1618e+007	5.2500e-015
-2.930e+000	5.6590e-010	-1.1128e+008	-7.5963e+007	7.5737e+007	5.2500e-015
-2.920e+000	8.2318e-010	-1.6266e+008	-1.1128e+008	1.1095e+008	5.2500e-015
-2.910e+000	1.1911e-009	-2.3701e+008	-1.6266e+008	1.6218e+008	5.2500e-015
-2.900e+000	1.7109e-009	-3.4379e+008	-2.3701e+008	2.3631e+008	5.2500e-015
-2.890e+000	2.4331e-009	-4.9565e+008	-3.4379e+008	3.4278e+008	5.2500e-015
-2.880e+000	3.4151e-009	-7.0880e+008	-4.9565e+008	4.9421e+008	5.2500e-015
-2.870e+000	4.7149e-009	-1.0031e+009	-7.0880e+008	7.0677e+008	5.2500e-015
-2.860e+000	6.3818e-009	-1.4014e+009	-1.0031e+009	1.0002e+009	5.2500e-015
-2.850e+000	8.4475e-009	-1.9286e+009	-1.4014e+009	1.3975e+009	5.2500e-015
-2.840e+000	1.0922e-008	-2.6103e+009	-1.9286e+009	1.9235e+009	5.2500e-015
-2.830e+000	1.3799e-008	-3.4716e+009	-2.6103e+009	2.6036e+009	5.2500e-015
-2.820e+000	1.7067e-008	-4.5368e+009	-3.4716e+009	3.4631e+009	5.2500e-015
-2.810e+000	2.0724e-008	-5.8303e+009	-4.5368e+009	4.5263e+009	5.2500e-015
-2.800e+000	2.4783e-008	-7.3771e+009	-5.8303e+009	5.8176e+009	5.2500e-015
-2.790e+000	2.9276e-008	-9.2044e+009	-7.3771e+009	7.3622e+009	5.2500e-015
-2.780e+000	3.4240e-008	-1.1341e+010	-9.2044e+009	9.1873e+009	5.2500e-015
-2.770e+000	3.9717e-008	-1.3820e+010	-1.1341e+010	1.1322e+010	5.2500e-015
-2.760e+000	4.5741e-008	-1.6675e+010	-1.3820e+010	1.3799e+010	5.2500e-015
-2.750e+000	5.2327e-008	-1.9941e+010	-1.6675e+010	1.6652e+010	5.2500e-015
-2.740e+000	5.9471e-008	-2.3653e+010	-1.9941e+010	1.9916e+010	5.2500e-015
-2.730e+000	6.7146e-008	-2.7844e+010	-2.3653e+010	2.3626e+010	5.2500e-015
-2.720e+000	7.5298e-008	-3.2544e+010	-2.7844e+010	2.7816e+010	5.2500e-015
-2.710e+000	8.3853e-008	-3.7778e+010	-3.2544e+010	3.2514e+010	5.2500e-015
-2.700e+000	9.2719e-008	-4.3565e+010	-3.7778e+010	3.7747e+010	5.2500e-015
-2.690e+000	1.0179e-007	-4.9918e+010	-4.3565e+010	4.3533e+010	5.2500e-015
-2.680e+000	1.1097e-007	-5.6844e+010	-4.9918e+010	4.9885e+010	5.2500e-015
-2.670e+000	1.2014e-007	-6.4343e+010	-5.6844e+010	5.6811e+010	5.2500e-015
-2.660e+000	1.2922e-007	-7.2408e+010	-6.4343e+010	6.4309e+010	5.2500e-015
-2.650e+000	1.3812e-007	-8.1029e+010	-7.2408e+010	7.2373e+010	5.2500e-015
-2.640e+000	1.4676e-007	-9.0189e+010	-8.1029e+010	8.0993e+010	5.2500e-015
-2.630e+000	1.5510e-007	-9.9869e+010	-9.0189e+010	9.0153e+010	5.2500e-015
-2.620e+000	1.6288e-007	-1.1004e+011	-9.9869e+010	9.9833e+010	5.2500e-015
-2.610e+000	1.7020e-007	-1.2066e+011	-1.1004e+011	1.1000e+011	5.2500e-015
-2.600e+000	1.7735e-007	-1.3173e+011	-1.2066e+011	1.2062e+011	5.2500e-015
-2.590e+000	1.8412e-007	-1.4322e+011	-1.3173e+011	1.3169e+011	5.2500e-015
-2.580e+000	1.9062e-007	-1.5512e+011	-1.4322e+011	1.4318e+011	5.2500e-015
-2.570e+000	1.9650e-007	-1.6738e+011	-1.5512e+011	1.5508e+011	5.2500e-015
-2.560e+000	2.0223e-007	-1.8000e+011	-1.6738e+011	1.6734e+011	5.2500e-015
-2.550e+000	2.0750e-007	-1.9295e+011	-1.8000e+011	1.7997e+011	5.2500e-015
-2.540e+000	2.1243e-007	-2.0621e+011	-1.9295e+011	1.9292e+011	5.2500e-015
-2.530e+000	2.1712e-007	-2.1976e+011	-2.0621e+011	2.0618e+011	5.2500e-015
-2.520e+000	2.2136e-007	-2.3358e+011	-2.1976e+011	2.1973e+011	5.2500e-015
-2.510e+000	2.2541e-007	-2.4765e+011	-2.3358e+011	2.3354e+011	5.2500e-015
-2.500e+000	2.2919e-007	-2.6195e+011	-2.4765e+011	2.4761e+011	5.2500e-015
-2.490e+000	2.3277e-007	-2.7648e+011	-2.6195e+011	2.6192e+011	5.2500e-015
-2.480e+000	2.3604e-007	-2.9122e+011	-2.7648e+011	2.7644e+011	5.2500e-015
-2.470e+000	2.3918e-007	-3.0614e+011	-2.9122e+011	2.9118e+011	5.2500e-015
-2.460e+000	2.4209e-007	-3.2125e+011	-3.0614e+011	3.0610e+011	5.2500e-015
-2.450e+000	2.4478e-007	-3.3653e+011	-3.2125e+011	3.2121e+011	5.2500e-015
-2.440e+000	2.4737e-007	-3.5197e+011	-3.3653e+011	3.3649e+011	5.2500e-015
-2.430e+000	2.4975e-007	-3.6756e+011	-3.5197e+011	3.5193e+011	5.2500e-015
-2.420e+000	2.5204e-007	-3.8329e+011	-3.6756e+011	3.6752e+011	5.2500e-015
-2.410e+000	2.5417e-007	-3.9915e+011	-3.8329e+011	3.8325e+011	5.2500e-015
-2.400e+000	2.5617e-007	-4.1514e+011	-3.9915e+011	3.9911e+011	5.2500e-015
-2.390e+000	2.5804e-007	-4.3125e+011	-4.1514e+011	4.1510e+011	5.2500e-015
-2.380e+000	2.5984e-007	-4.4747e+011	-4.3125e+011	4.3121e+011	5.2500e-015
-2.370e+000	2.6153e-007	-4.6379e+011	-4.4747e+011	4.4743e+011	5.2500e-015
-2.360e+000	2.6312e-007	-4.8021e+011	-4.6379e+011	4.6375e+011	5.2500e-015
-2.350e+000	2.6461e-007	-4.9673e+011	-4.8021e+011	4.8017e+011	5.2500e-015
-2.340e+000	2.6605e-007	-5.1333e+011	-4.9673e+011	4.9669e+011	5.2500e-015
-2.330e+000	2.6740e-007	-5.3002e+011	-5.1333e+011	5.1329e+011	5.2500e-015
-2.320e+000	2.6868e-007	-5.4679e+011	-5.3002e+011	5.2998e+011	5.2500e-015
-2.310e+000	2.6990e-007	-5.6364e+011	-5.4679e+011	5.4675e+011	5.2500e-015
-2.300e+000	2.7106e-007	-5.8056e+011	-5.6364e+011	5.6360e+011	5.2500e-015
-2.290e+000	2.7214e-007	-5.9754e+011	-5.8056e+011	5.8052e+011	5.2500e-015
-2.280e+000	2.7320e-007	-6.1459e+011	-5.9754e+011	5.9750e+011	5.2500e-015
-2.270e+000	2.7420e-007	-6.3171e+011	-6.1459e+011	6.1455e+011	5.2500e-015
-2.260e+000	2.7514e-007	-6.4888e+011	-6.3171e+011	6.3167e+011	5.2500e-015
-2.250e+000	2.7605e-007	-6.6611e+011	-6.4888e+011	6.4884e+011	5.2500e-015
-2.240e+000	2.7691e-007	-6.8339e+011	-6.6611e+011	6.6607e+011	5.2500e-015
-2.230e+000	2.7774e-007	-7.0073e+011	-6.8339e+011	6.8336e+011	5.2500e-015
-2.220e+000	2.7852e-007	-7.1811e+011	-7.0073e+011	7.0069e+011	5.2500e-015
-2.210e+000	2.7927e-007	-7.3554e+011	-7.1811e+011	7.1807e+011	5.2500e-015
-2.200e+000	2.8000e-007	-7.5302e+011	-7.3554e+011	7.3550e+011	5.2500e-015
-2.190e+000	2.8069e-007	-7.7054e+011	-7.5302e+011	7.5298e+011	5.2500e-015
-2.180e+000	2.8135e-007	-7.8810e+011	-7.7054e+011	7.7050e+011	5.2500e-015
-2.170e+000	2.8198e-007	-8.0570e+011	-7.8810e+011	7.8806e+011	5.2500e-015
-2.160e+000	2.8259e-007	-8.2334e+011	-8.0570e+011	8.0566e+011	5.2500e-015
-2.150e+000	2.8318e-007	-8.4101e+011	-8.2334e+011	8.2330e+011	5.2500e-015
-2.140e+000	2.8374e-007	-8.5872e+011	-8.4101e+011	8.4097e+011	5.2500e-015
-2.130e+000	2.8428e-007	-8.7646e+011	-8.5872e+011	8.5868e+011	5.2500e-015
-2.120e+000	2.8479e-007	-8.9424e+011	-8.7646e+011	8.7642e+011	5.2500e-015
-2.110e+000	2.8529e-007	-9.1205e+011	-8.9424e+011	8.9420e+011	5.2500e-015
-2.100e+000	2.8577e-007	-9.2988e+011	-9.1205e+011	9.1201e+011	5.2500e-015
-2.090e+000	2.8623e-007	-9.4775e+011	-9.2988e+011	9.2984e+011	5.2500e-015
-2.080e+000	2.8668e-007	-9.6564e+011	-9.4775e+011	9.4771e+011	5.2500e-015
-2.070e+000	2.8711e-007	-9.8356e+011	-9.6564e+011	9.6560e+011	5.2500e-015
-2.060e+000	2.8752e-007	-1.0015e+012	-9.8356e+011	9.8352e+011	5.2500e-015
-2.050e+000	2.8792e-007	-1.0195e+012	-1.0015e+012	1.0015e+012	5.2500e-015
-2.040e+000	2.8831e-007	-1.0375e+012	-1.0195e+012	1.0194e+012	5.2500e-015
-2.030e+000	2.8868e-007	-1.0555e+012	-1.0375e+012	1.0374e+012	5.2500e-015
-2.020e+000	2.8904e-007	-1.0735e+012	-1.0555e+012	1.0555e+012	5.2500e-015
-2.010e+000	2.8939e-007	-1.0916e+012	-1.0735e+012	1.0735e+012	5.2500e-015
-2.000e+000	2.8973e-007	-1.1097e+012	-1.0916e+012	1.0916e+012	5.2500e-015
-1.990e+000	2.9006e-007	-1.1278e+012	-1.1097e+012	1.1096e+012	5.2500e-015
-1.980e+000	2.9037e-007	-1.1459e+012	-1.1278e+012	1.1277e+012	5.2500e-015
-1.970e+000	2.9068e-007	-1.1640e+012	-1.1459e+012	1.1459e+012	5.2500e-015
-1.960e+000	2.9097e-007	-1.1822e+012	-1.1640e+012	1.1640e+012	5.2500e-015
-1.950e+000	2.9126e-007	-1.2004e+012	-1.1822e+012	1.1822e+012	5.2500e-015
-1.940e+000	2.9154e-007	-1.2186e+012	-1.2004e+012	1.2003e+012	5.2500e-015
-1.930e+000	2.9181e-007	-1.2368e+012	-1.2186e+012	1.2185e+012	5.2500e-015
-1.920e+000	2.9207e-007	-1.2550e+012	-1.2368e+012	1.2368e+012	5.2500e-015
-1.910e+000	2.9233e-007	-1.2733e+012	-1.2550e+012	1.2550e+012	5.2500e-015
-1.900e+000	2.9257e-007	-1.2915e+012	-1.2733e+012	1.2732e+012	5.2500e-015
-1.890e+000	2.9282e-007	-1.3098e+012	-1.2915e+012	1.2915e+012	5.2500e-015
-1.880e+000	2.9305e-007	-1.3281e+012	-1.3098e+012	1.3098e+012	5.2500e-015
-1.870e+000	2.9328e-007	-1.3464e+012	-1.3281e+012	1.3281e+012	5.2500e-015
-1.860e+000	2.9350e-007	-1.3647e+012	-1.3464e+012	1.3464e+012	5.2500e-015
-1.850e+000	2.9371e-007	-1.3831e+012	-1.3647e+012	1.3647e+012	5.2500e-015
-1.840e+000	2.9392e-007	-1.4014e+012	-1.3831e+012	1.3830e+012	5.2500e-015
-1.830e+000	2.9413e-007	-1.4198e+012	-1.4014e+012	1.4014e+012	5.2500e-015
-1.820e+000	2.9432e-007	-1.4381e+012	-1.4198e+012	1.4197e+012	5.2500e-015
-1.810e+000	2.9452e-007	-1.4565e+012	-1.4381e+012	1.4381e+012	5.2500e-015
-1.800e+000	2.9471e-007	-1.4749e+012	-1.4565e+012	1.4565e+012	5.2500e-015
-1.790e+000	2.9489e-007	-1.4933e+012	-1.4749e+012	1.4749e+012	5.2500e-015
-1.780e+000	2.9507e-007	-1.5117e+012	-1.4933e+012	1.4933e+012	5.2500e-015
-1.770e+000	2.9524e-007	-1.5302e+012	-1.5117e+012	1.5117e+012	5.2500e-015
-1.760e+000	2.9541e-007	-1.5486e+012	-1.5302e+012	1.5301e+012	5.2500e-015
-1.750e+000	2.9558e-007	-1.5670e+012	-1.5486e+012	1.5486e+012	5.2500e-015
-1.740e+000	2.9574e-007	-1.5855e+012	-1.5670e+012	1.5670e+012	5.2500e-015
-1.730e+000	2.9590e-007	-1.6040e+012	-1.5855e+012	1.5855e+012	5.2500e-015
-1.720e+000	2.9606e-007	-1.6224e+012	-1.6040e+012	1.6039e+012	5.2500e-015
-1.710e+000	2.9621e-007	-1.6409e+012	-1.6224e+012	1.6224e+012	5.2500e-015
-1.700e+000	2.9636e-007	-1.6594e+012	-1.6409e+012	1.6409e+012	5.2500e-015
-1.690e+000	2.9650e-007	-1.6779e+012	-1.6594e+012	1.6594e+012	5.2500e-015
-1.680e+000	2.9664e-007	-1.6965e+012	-1.6779e+012	1.6779e+012	5.2500e-015
-1.670e+000	2.9678e-007	-1.7150e+012	-1.6965e+012	1.6964e+012	5.2500e-015
-1.660e+000	2.9692e-007	-1.7335e+012	-1.7150e+012	1.7149e+012	5.2500e-015
-1.650e+000	2.9705e-007	-1.7520e+012	-1.7335e+012	1.7335e+012	5.2500e-015
-1.640e+000	2.9718e-007	-1.7706e+012	-1.7520e+012	1.7520e+012	5.2500e-015
-1.630e+000	2.9731e-007	-1.7892e+012	-1.7706e+012	1.7706e+012	5.2500e-015
-1.620e+000	2.9743e-007	-1.8077e+012	-1.7892e+012	1.7891e+012	5.2500e-015
-1.610e+000	2.9755e-007	-1.8263e+012	-1.8077e+012	1.8077e+012	5.2500e-015
-1.600e+000	2.9767e-007	-1.8449e+012	-1.8263e+012	1.8263e+012	5.2500e-015
-1.590e+000	2.9779e-007	-1.8635e+012	-1.8449e+012	1.8448e+012	5.2500e-015
-1.580e+000	2.9790e-007	-1.8821e+012	-1.8635e+012	1.8634e+012	5.2500e-015
-1.570e+000	2.9801e-007	-1.9007e+012	-1.8821e+012	1.8820e+012	5.2500e-015
-1.560e+000	2.9813e-007	-1.9193e+012	-1.9007e+012	1.9006e+012	5.2500e-015
-1.550e+000	2.9823e-007	-1.9379e+012	-1.9193e+012	1.9192e+012	5.2500e-015
-1.540e+000	2.9834e-007	-1.9565e+012	-1.9379e+012	1.9378e+012	5.2500e-015
-1.530e+000	2.9844e-007	-1.9751e+012	-1.9565e+012	1.9565e+012	5.2500e-015
-1.520e+000	2.9855e-007	-1.9938e+012	-1.9751e+012	1.9751e+012	5.2500e-015
-1.510e+000	2.9865e-007	-2.0124e+012	-1.9938e+012	1.9937e+012	5.2500e-015
-1.500e+000	2.9875e-007	-2.0310e+012	-2.0124e+012	2.0124e+012	5.2500e-015
-1.490e+000	2.9884e-007	-2.0497e+012	-2.0310e+012	2.0310e+012	5.2500e-015
-1.480e+000	2.9894e-007	-2.0684e+012	-2.0497e+012	2.0497e+012	5.2500e-015
-1.470e+000	2.9903e-007	-2.0870e+012	-2.0684e+012	2.0683e+012	5.2500e-015
-1.460e+000	2.9912e-007	-2.1057e+012	-2.0870e+012	2.0870e+012	5.2500e-015
-1.450e+000	2.9921e-007	-2.1244e+012	-2.1057e+012	2.1056e+012	5.2500e-015
-1.440e+000	2.9930e-007	-2.1430e+012	-2.1244e+012	2.1243e+012	5.2500e-015
-1.430e+000	2.9939e-007	-2.1617e+012	-2.1430e+012	2.1430e+012	5.2500e-015
-1.420e+000	2.9947e-007	-2.1804e+012	-2.1617e+012	2.1617e+012	5.2500e-015
-1.410e+000	2.9956e-007	-2.1991e+012	-2.1804e+012	2.1804e+012	5.2500e-015
-1.400e+000	2.9964e-007	-2.2178e+012	-2.1991e+012	2.1991e+012	5.2500e-015
-1.390e+000	2.9972e-007	-2.2365e+012	-2.2178e+012	2.2178e+012	5.2500e-015
-1.380e+000	2.9980e-007	-2.2552e+012	-2.2365e+012	2.2365e+012	5.2500e-015
-1.370e+000	2.9988e-007	-2.2740e+012	-2.2552e+012	2.2552e+012	5.2500e-015
-1.360e+000	2.9996e-007	-2.2927e+012	-2.2740e+012	2.2739e+012	5.2500e-015
-1.350e+000	3.0003e-007	-2.3114e+012	-2.2927e+012	2.2926e+012	5.2500e-015
-1.340e+000	3.0011e-007	-2.3301e+012	-2.3114e+012	2.3114e+012	5.2500e-015
-1.330e+000	3.0018e-007	-2.3489e+012	-2.3301e+012	2.3301e+012	5.2500e-015
-1.320e+000	3.0026e-007	-2.3676e+012	-2.3489e+012	2.3488e+012	5.2500e-015
-1.310e+000	3.0033e-007	-2.3864e+012	-2.3676e+012	2.3676e+012	5.2500e-015
-1.300e+000	3.0040e-007	-2.4051e+012	-2.3864e+012	2.3863e+012	5.2500e-015
-1.290e+000	3.0047e-007	-2.4239e+012	-2.4051e+012	2.4051e+012	5.2500e-015
-1.280e+000	3.0054e-007	-2.4426e+012	-2.4239e+012	2.4238e+012	5.2500e-015
-1.270e+000	3.0060e-007	-2.4614e+012	-2.4426e+012	2.4426e+012	5.2500e-015
-1.260e+000	3.0067e-007	-2.4801e+012	-2.4614e+012	2.4613e+012	5.2500e-015
-1.250e+000	3.0074e-007	-2.4989e+012	-2.4801e+012	2.4801e+012	5.2500e-015
-1.240e+000	3.0080e-007	-2.5177e+012	-2.4989e+012	2.4989e+012	5.2500e-015
-1.230e+000	3.0086e-007	-2.5365e+012	-2.5177e+012	2.5176e+012	5.2500e-015
-1.220e+000	3.0093e-007	-2.5552e+012	-2.5365e+012	2.5364e+012	5.2500e-015
-1.210e+000	3.0099e-007	-2.5740e+012	-2.5552e+012	2.5552e+012	5.2500e-015
-1.200e+000	3.0105e-007	-2.5928e+012	-2.5740e+012	2.5740e+012	5.2500e-015
-1.190e+000	3.0111e-007	-2.6116e+012	-2.5928e+012	2.5928e+012	5.2500e-015
-1.180e+000	3.0117e-007	-2.6304e+012	-2.6116e+012	2.6116e+012	5.2500e-015
-1.170e+000	3.0123e-007	-2.6492e+012	-2.6304e+012	2.6304e+012	5.2500e-015
-1.160e+000	3.0129e-007	-2.6680e+012	-2.6492e+012	2.6492e+012	5.2500e-015
-1.150e+000	3.0134e-007	-2.6868e+012	-2.6680e+012	2.6680e+012	5.2500e-015
-1.140e+000	3.0140e-007	-2.7056e+012	-2.6868e+012	2.6868e+012	5.2500e-015
-1.130e+000	3.0146e-007	-2.7245e+012	-2.7056e+012	2.7056e+012	5.2500e-015
-1.120e+000	3.0151e-007	-2.7433e+012	-2.7245e+012	2.7244e+012	5.2500e-015
-1.110e+000	3.0157e-007	-2.7621e+012	-2.7433e+012	2.7432e+012	5.2500e-015
-1.100e+000	3.0162e-007	-2.7809e+012	-2.7621e+012	2.7621e+012	5.2500e-015
-1.090e+000	3.0167e-007	-2.7998e+012	-2.7809e+012	2.7809e+012	5.2500e-015
-1.080e+000	3.0173e-007	-2.8186e+012	-2.7998e+012	2.7997e+012	5.2500e-015
-1.070e+000	3.0178e-007	-2.8374e+012	-2.8186e+012	2.8185e+012	5.2500e-015
-1.060e+000	3.0183e-007	-2.8563e+012	-2.8374e+012	2.8374e+012	5.2500e-015
-1.050e+000	3.0188e-007	-2.8751e+012	-2.8563e+012	2.8562e+012	5.2500e-015
-1.040e+000	3.0193e-007	-2.8939e+012	-2.8751e+012	2.8751e+012	5.2500e-015
-1.030e+000	3.0198e-007	-2.9128e+012	-2.8939e+012	2.8939e+012	5.2500e-015
-1.020e+000	3.0203e-007	-2.9316e+012	-2.9128e+012	2.9128e+012	5.2500e-015
-1.010e+000	3.0208e-007	-2.9505e+012	-2.9316e+012	2.9316e+012	5.2500e-015
-1.000e+000	3.0212e-007	-2.9694e+012	-2.9505e+012	2.9505e+012	5.2500e-015
-9.900e-001	3.0217e-007	-2.9882e+012	-2.9694e+012	2.9693e+012	5.2500e-015
-9.800e-001	3.0222e-007	-3.0071e+012	-2.9882e+012	2.9882e+012	5.2500e-015
-9.700e-001	3.0226e-007	-3.0259e+012	-3.0071e+012	3.0070e+012	5.2500e-015
-9.600e-001	3.0231e-007	-3.0448e+012	-3.0259e+012	3.0259e+012	5.2500e-015
-9.500e-001	3.0235e-007	-3.0637e+012	-3.0448e+012	3.0448e+012	5.2500e-015
-9.400e-001	3.0240e-007	-3.0826e+012	-3.0637e+012	3.0636e+012	5.2500e-015
-9.300e-001	3.0244e-007	-3.1014e+012	-3.0826e+012	3.0825e+012	5.2500e-015
-9.200e-001	3.0249e-007	-3.1203e+012	-3.1014e+012	3.1014e+012	5.2500e-015
-9.100e-001	3.0253e-007	-3.1392e+012	-3.1203e+012	3.1203e+012	5.2500e-015
-9.000e-001	3.0257e-007	-3.1581e+012	-3.1392e+012	3.1392e+012	5.2500e-015
-8.900e-001	3.0262e-007	-3.1770e+012	-3.1581e+012	3.1580e+012	5.2500e-015
-8.800e-001	3.0266e-007	-3.1959e+012	-3.1770e+012	3.1769e+012	5.2500e-015
-8.700e-001	3.0270e-007	-3.2148e+012	-3.1959e+012	3.1958e+012	5.2500e-015
-8.600e-001	3.0274e-007	-3.2337e+012	-3.2148e+012	3.2147e+012	5.2500e-015
-8.500e-001	3.0278e-007	-3.2525e+012	-3.2337e+012	3.2336e+012	5.2500e-015
-8.400e-001	3.0282e-007	-3.2715e+012	-3.2525e+012	3.2525e+012	5.2500e-015
-8.300e-001	3.0286e-007	-3.2904e+012	-3.2715e+012	3.2714e+012	5.2500e-015
-8.200e-001	3.0290e-007	-3.3093e+012	-3.2904e+012	3.2903e+012	5.2500e-015
-8.100e-001	3.0294e-007	-3.3282e+012	-3.3093e+012	3.3092e+012	5.2500e-015
-8.000e-001	3.0298e-007	-3.3471e+012	-3.3282e+012	3.3281e+012	5.2500e-015
-7.900e-001	3.0302e-007	-3.3660e+012	-3.3471e+012	3.3470e+012	5.2500e-015
-7.800e-001	3.0305e-007	-3.3849e+012	-3.3660e+012	3.3659e+012	5.2500e-015
-7.700e-001	3.0309e-007	-3.4038e+012	-3.3849e+012	3.3849e+012	5.2500e-015
-7.600e-001	3.0313e-007	-3.4227e+012	-3.4038e+012	3.4038e+012	5.2500e-015
-7.500e-001	3.0316e-007	-3.4417e+012	-3.4227e+012	3.4227e+012	5.2500e-015
-7.400e-001	3.0320e-007	-3.4606e+012	-3.4417e+012	3.4416e+012	5.2500e-015
-7.300e-001	3.0324e-007	-3.4795e+012	-3.4606e+012	3.4605e+012	5.2500e-015
-7.200e-001	3.0327e-007	-3.4984e+012	-3.4795e+012	3.4795e+012	5.2500e-015
-7.100e-001	3.0331e-007	-3.5174e+012	-3.4984e+012	3.4984e+012	5.2500e-015
-7.000e-001	3.0334e-007	-3.5363e+012	-3.5174e+012	3.5173e+012	5.2500e-015
-6.900e-001	3.0338e-007	-3.5552e+012	-3.5363e+012	3.5363e+012	5.2500e-015
-6.800e-001	3.0341e-007	-3.5742e+012	-3.5552e+012	3.5552e+012	5.2500e-015
-6.700e-001	3.0345e-007	-3.5931e+012	-3.5742e+012	3.5741e+012	5.2500e-015
-6.600e-001	3.0348e-007	-3.6121e+012	-3.5931e+012	3.5931e+012	5.2500e-015
-6.500e-001	3.0352e-007	-3.6310e+012	-3.6121e+012	3.6120e+012	5.2500e-015
-6.400e-001	3.0355e-007	-3.6500e+012	-3.6310e+012	3.6310e+012	5.2500e-015
-6.300e-001	3.0358e-007	-3.6689e+012	-3.6500e+012	3.6499e+012	5.2500e-015
-6.200e-001	3.0361e-007	-3.6878e+012	-3.6689e+012	3.6689e+012	5.2500e-015
-6.100e-001	3.0365e-007	-3.7068e+012	-3.6878e+012	3.6878e+012	5.2500e-015
-6.000e-001	3.0368e-007	-3.7258e+012	-3.7068e+012	3.7068e+012	5.2500e-015
-5.900e-001	3.0371e-007	-3.7447e+012	-3.7258e+012	3.7257e+012	5.2500e-015
-5.800e-001	3.0374e-007	-3.7637e+012	-3.7447e+012	3.7447e+012	5.2500e-015
-5.700e-001	3.0377e-007	-3.7826e+012	-3.7637e+012	3.7636e+012	5.2500e-015
-5.600e-001	3.0381e-007	-3.8016e+012	-3.7826e+012	3.7826e+012	5.2500e-015
-5.500e-001	3.0384e-007	-3.8206e+012	-3.8016e+012	3.8016e+012	5.2500e-015
-5.400e-001	3.0387e-007	-3.8395e+012	-3.8206e+012	3.8205e+012	5.2500e-015
-5.300e-001	3.0390e-007	-3.8585e+012	-3.8395e+012	3.8395e+012	5.2500e-015
-5.200e-001	3.0393e-007	-3.8775e+012	-3.8585e+012	3.8584e+012	5.2500e-015
-5.100e-001	3.0396e-007	-3.8964e+012	-3.8775e+012	3.8774e+012	5.2500e-015
-5.000e-001	3.0399e-007	-3.9154e+012	-3.8964e+012	3.8964e+012	5.2500e-015
-4.900e-001	3.0402e-007	-3.9344e+012	-3.9154e+012	3.9154e+012	5.2500e-015
-4.800e-001	3.0405e-007	-3.9534e+012	-3.9344e+012	3.9343e+012	5.2500e-015
-4.700e-001	3.0408e-007	-3.9723e+012	-3.9534e+012	3.9533e+012	5.2500e-015
-4.600e-001	3.0410e-007	-3.9913e+012	-3.9723e+012	3.9723e+012	5.2500e-015
-4.500e-001	3.0413e-007	-4.0103e+012	-3.9913e+012	3.9913e+012	5.2500e-015
-4.400e-001	3.0416e-007	-4.0293e+012	-4.0103e+012	4.0103e+012	5.2500e-015
-4.300e-001	3.0419e-007	-4.0483e+012	-4.0293e+012	4.0292e+012	5.2500e-015
-4.200e-001	3.0422e-007	-4.0673e+012	-4.0483e+012	4.0482e+012	5.2500e-015
-4.100e-001	3.0424e-007	-4.0862e+012	-4.0673e+012	4.0672e+012	5.2500e-015
-4.000e-001	3.0427e-007	-4.1052e+012	-4.0862e+012	4.0862e+012	5.2500e-015
-3.900e-001	3.0430e-007	-4.1242e+012	-4.1052e+012	4.1052e+012	5.2500e-015
-3.800e-001	3.0433e-007	-4.1432e+012	-4.1242e+012	4.1242e+012	5.2500e-015
-3.700e-001	3.0435e-007	-4.1622e+012	-4.1432e+012	4.1432e+012	5.2500e-015
-3.600e-001	3.0438e-007	-4.1812e+012	-4.1622e+012	4.1622e+012	5.2500e-015
-3.500e-001	3.0441e-007	-4.2002e+012	-4.1812e+012	4.1812e+012	5.2500e-015
-3.400e-001	3.0443e-007	-4.2192e+012	-4.2002e+012	4.2002e+012	5.2500e-015
-3.300e-001	3.0446e-007	-4.2382e+012	-4.2192e+012	4.2192e+012	5.2500e-015
-3.200e-001	3.0449e-007	-4.2572e+012	-4.2382e+012	4.2382e+012	5.2500e-015
-3.100e-001	3.0451e-007	-4.2762e+012	-4.2572e+012	4.2572e+012	5.2500e-015
-3.000e-001	3.0454e-007	-4.2952e+012	-4.2762e+012	4.2762e+012	5.2500e-015
-2.900e-001	3.0456e-007	-4.3142e+012	-4.2952e+012	4.2952e+012	5.2500e-015
-2.800e-001	3.0459e-007	-4.3333e+012	-4.3142e+012	4.3142e+012	5.2500e-015
-2.700e-001	3.0461e-007	-4.3523e+012	-4.3333e+012	4.3332e+012	5.2500e-015
-2.600e-001	3.0464e-007	-4.3713e+012	-4.3523e+012	4.3522e+012	5.2500e-015
-2.500e-001	3.0466e-007	-4.3903e+012	-4.3713e+012	4.3712e+012	5.2500e-015
-2.400e-001	3.0469e-007	-4.4093e+012	-4.3903e+012	4.3903e+012	5.2500e-015
-2.300e-001	3.0471e-007	-4.4283e+012	-4.4093e+012	4.4093e+012	5.2500e-015
-2.200e-001	3.0474e-007	-4.4474e+012	-4.4283e+012	4.4283e+012	5.2500e-015
-2.100e-001	3.0476e-007	-4.4664e+012	-4.4474e+012	4.4473e+012	5.2500e-015
-2.000e-001	3.0478e-007	-4.4854e+012	-4.4664e+012	4.4663e+012	5.2500e-015
-1.900e-001	3.0481e-007	-4.5044e+012	-4.4854e+012	4.4854e+012	5.2500e-015
-1.800e-001	3.0483e-007	-4.5235e+012	-4.5044e+012	4.5044e+012	5.2500e-015
-1.700e-001	3.0486e-007	-4.5425e+012	-4.5235e+012	4.5234e+012	5.2500e-015
-1.600e-001	3.0488e-007	-4.5615e+012	-4.5425e+012	4.5424e+012	5.2500e-015
-1.500e-001	3.0490e-007	-4.5805e+012	-4.5615e+012	4.5615e+012	5.2500e-015
-1.400e-001	3.0493e-007	-4.5996e+012	-4.5805e+012	4.5805e+012	5.2500e-015
-1.300e-001	3.0495e-007	-4.6186e+012	-4.5996e+012	4.5995e+012	5.2500e-015
-1.200e-001	3.0497e-007	-4.6376e+012	-4.6186e+012	4.6186e+012	5.2500e-015
-1.100e-001	3.0499e-007	-4.6567e+012	-4.6376e+012	4.6376e+012	5.2500e-015
-1.000e-001	3.0502e-007	-4.6757e+012	-4.6567e+012	4.6566e+012	5.2500e-015
-9.000e-002	3.0504e-007	-4.6948e+012	-4.6757e+012	4.6757e+012	5.2500e-015
-8.000e-002	3.0506e-007	-4.7138e+012	-4.6948e+012	4.6947e+012	5.2500e-015
-7.000e-002	3.0508e-007	-4.7328e+012	-4.7138e+012	4.7138e+012	5.2500e-015
-6.000e-002	3.0511e-007	-4.7519e+012	-4.7328e+012	4.7328e+012	5.2500e-015
-5.000e-002	3.0513e-007	-4.7709e+012	-4.7519e+012	4.7518e+012	5.2500e-015
-4.000e-002	3.0515e-007	-4.7900e+012	-4.7709e+012	4.7709e+012	5.2500e-015
-3.000e-002	3.0517e-007	-4.8090e+012	-4.7900e+012	4.7899e+012	5.2500e-015
-2.000e-002	3.0519e-007	-4.8281e+012	-4.8090e+012	4.8090e+012	5.2500e-015
-1.000e-002	3.0521e-007	-4.8471e+012	-4.8281e+012	4.8280e+012	5.2500e-015
0.000e+000	3.0523e-007	-4.8662e+012	-4.8471e+012	4.8471e+012	5.2500e-015
1.000e-002	3.0526e-007	-4.8852e+012	-4.8662e+012	4.8661e+012	5.2500e-015
2.000e-002	3.0528e-007	-4.9043e+012	-4.8852e+012	4.8852e+012	5.2500e-015
3.000e-002	3.0530e-007	-4.9233e+012	-4.9043e+012	4.9042e+012	5.2500e-015
4.000e-002	3.0532e-007	-4.9424e+012	-4.9233e+012	4.9233e+012	5.2500e-015
5.000e-002	3.0534e-007	-4.9614e+012	-4.9424e+012	4.9423e+012	5.2500e-015
6.000e-002	3.0536e-007	-4.9805e+012	-4.9614e+012	4.9614e+012	5.2500e-015
7.000e-002	3.0538e-007	-4.9996e+012	-4.9805e+012	4.9805e+012	5.2500e-015
8.000e-002	3.0540e-007	-5.0186e+012	-4.9996e+012	4.9995e+012	5.2500e-015
9.000e-002	3.0542e-007	-5.0377e+012	-5.0186e+012	5.0186e+012	5.2500e-015
1.000e-001	3.0544e-007	-5.0567e+012	-5.0377e+012	5.0376e+012	5.2500e-015
1.100e-001	3.0546e-007	-5.0758e+012	-5.0567e+012	5.0567e+012	5.2500e-015
1.200e-001	3.0548e-007	-5.0949e+012	-5.0758e+012	5.0758e+012	5.2500e-015
1.300e-001	3.0550e-007	-5.1139e+012	-5.0949e+012	5.0948e+012	5.2500e-015
1.400e-001	3.0552e-007	-5.1330e+012	-5.1139e+012	5.1139e+012	5.2500e-015
1.500e-001	3.0554e-007	-5.1521e+012	-5.1330e+012	5.1330e+012	5.2500e-015
1.600e-001	3.0556e-007	-5.1712e+012	-5.1521e+012	5.1520e+012	5.2500e-015
1.700e-001	3.0558e-007	-5.1902e+012	-5.1712e+012	5.1711e+012	5.2500e-015
1.800e-001	3.0560e-007	-5.2093e+012	-5.1902e+012	5.1902e+012	5.2500e-015
1.900e-001	3.0562e-007	-5.2284e+012	-5.2093e+012	5.2093e+012	5.2500e-015
2.000e-001	3.0564e-007	-5.2475e+012	-5.2284e+012	5.2283e+012	5.2500e-015
2.100e-001	3.0566e-007	-5.2665e+012	-5.2475e+012	5.2474e+012	5.2500e-015
2.200e-001	3.0568e-007	-5.2856e+012	-5.2665e+012	5.2665e+012	5.2500e-015
2.300e-001	3.0570e-007	-5.3047e+012	-5.2856e+012	5.2856e+012	5.2500e-015
2.400e-001	3.0572e-007	-5.3238e+012	-5.3047e+012	5.3047e+012	5.2500e-015
2.500e-001	3.0574e-007	-5.3429e+012	-5.3238e+012	5.3237e+012	5.2500e-015
2.600e-001	3.0577e-007	-5.3619e+012	-5.3429e+012	5.3428e+012	5.2500e-015
2.700e-001	3.0580e-007	-5.3810e+012	-5.3619e+012	5.3619e+012	5.2500e-015
2.800e-001	3.0583e-007	-5.4001e+012	-5.3810e+012	5.3810e+012	5.2500e-015
2.900e-001	3.0587e-007	-5.4192e+012	-5.4001e+012	5.4001e+012	5.2500e-015
3.000e-001	3.0592e-007	-5.4383e+012	-5.4192e+012	5.4192e+012	5.2500e-015
3.100e-001	3.0598e-007	-5.4574e+012	-5.4383e+012	5.4383e+012	5.2500e-015
3.200e-001	3.0605e-007	-5.4765e+012	-5.4574e+012	5.4574e+012	5.2500e-015
3.300e-001	3.0616e-007	-5.4956e+012	-5.4765e+012	5.4765e+012	5.2500e-015
3.400e-001	3.0630e-007	-5.5147e+012	-5.4956e+012	5.4956e+012	5.2500e-015
3.500e-001	3.0649e-007	-5.5339e+012	-5.5147e+012	5.5147e+012	5.2500e-015
3.600e-001	3.0676e-007	-5.5530e+012	-5.5339e+012	5.5338e+012	5.2500e-015
3.700e-001	3.0714e-007	-5.5722e+012	-5.5530e+012	5.5530e+012	5.2500e-015
3.800e-001	3.0767e-007	-5.5914e+012	-5.5722e+012	5.5721e+012	5.2500e-015
3.900e-001	3.0842e-007	-5.6106e+012	-5.5914e+012	5.5913e+012	5.2500e-015
4.000e-001	3.0949e-007	-5.6299e+012	-5.6106e+012	5.6106e+012	5.2500e-015
4.100e-001	3.1101e-007	-5.6494e+012	-5.6299e+012	5.6299e+012	5.2500e-015
4.200e-001	3.1317e-007	-5.6689e+012	-5.6494e+012	5.6493e+012	5.2500e-015
4.300e-001	3.1624e-007	-5.6886e+012	-5.6689e+012	5.6689e+012	5.2500e-015
4.400e-001	3.2062e-007	-5.7087e+012	-5.6886e+012	5.6886e+012	5.2500e-015
4.500e-001	3.2634e-007	-5.7290e+012	-5.7087e+012	5.7086e+012	5.2500e-015
4.600e-001	3.3515e-007	-5.7499e+012	-5.7290e+012	5.7290e+012	5.2500e-015
4.700e-001	3.4712e-007	-5.7716e+012	-5.7499e+012	5.7499e+012	5.2500e-015
4.800e-001	3.6368e-007	-5.7943e+012	-5.7716e+012	5.7716e+012	5.2500e-015
4.900e-001	3.8633e-007	-5.8184e+012	-5.7943e+012	5.7943e+012	5.2500e-015
5.000e-001	4.1675e-007	-5.8444e+012	-5.8184e+012	5.8184e+012	5.2500e-015
5.100e-001	4.5674e-007	-5.8729e+012	-5.8444e+012	5.8444e+012	5.2500e-015
5.200e-001	5.0784e-007	-5.9046e+012	-5.8729e+012	5.8729e+012	5.2500e-015
5.300e-001	5.7093e-007	-5.9403e+012	-5.9046e+012	5.9046e+012	5.2500e-015
5.400e-001	6.4579e-007	-5.9806e+012	-5.9403e+012	5.9402e+012	5.2500e-015
5.500e-001	7.3086e-007	-6.0262e+012	-5.9806e+012	5.9805e+012	5.2500e-015
5.600e-001	8.2331e-007	-6.0776e+012	-6.0262e+012	6.0262e+012	5.2500e-015
5.700e-001	9.1958e-007	-6.1350e+012	-6.0776e+012	6.0775e+012	5.2500e-015
5.800e-001	1.0161e-006	-6.1984e+012	-6.1350e+012	6.1349e+012	5.2500e-015
5.900e-001	1.1098e-006	-6.2677e+012	-6.1984e+012	6.1984e+012	5.2500e-015
6.000e-001	1.1986e-006	-6.3425e+012	-6.2677e+012	6.2676e+012	5.2500e-015
6.100e-001	1.2814e-006	-6.4224e+012	-6.3425e+012	6.3424e+012	5.2500e-015
6.200e-001	1.3573e-006	-6.5072e+012	-6.4224e+012	6.4224e+012	5.2500e-015
6.300e-001	1.4277e-006	-6.5963e+012	-6.5072e+012	6.5071e+012	5.2500e-015
6.400e-001	1.4921e-006	-6.6894e+012	-6.5963e+012	6.5962e+012	5.2500e-015
6.500e-001	1.5515e-006	-6.7862e+012	-6.6894e+012	6.6894e+012	5.2500e-015
6.600e-001	1.6065e-006	-6.8865e+012	-6.7862e+012	6.7862e+012	5.2500e-015
6.700e-001	1.6578e-006	-6.9900e+012	-6.8865e+012	6.8865e+012	5.2500e-015
6.800e-001	1.7062e-006	-7.0965e+012	-6.9900e+012	6.9899e+012	5.2500e-015
6.900e-001	1.7520e-006	-7.2058e+012	-7.0965e+012	7.0964e+012	5.2500e-015
7.000e-001	1.7958e-006	-7.3179e+012	-7.2058e+012	7.2058e+012	5.2500e-015
7.100e-001	1.8380e-006	-7.4326e+012	-7.3179e+012	7.3179e+012	5.2500e-015
7.200e-001	1.8789e-006	-7.5499e+012	-7.4326e+012	7.4326e+012	5.2500e-015
7.300e-001	1.9186e-006	-7.6696e+012	-7.5499e+012	7.5499e+012	5.2500e-015
7.400e-001	1.9573e-006	-7.7918e+012	-7.6696e+012	7.6696e+012	5.2500e-015
7.500e-001	1.9951e-006	-7.9163e+012	-7.7918e+012	7.7918e+012	5.2500e-015
7.600e-001	2.0321e-006	-8.0432e+012	-7.9163e+012	7.9163e+012	5.2500e-015
7.700e-001	2.0682e-006	-8.1723e+012	-8.0432e+012	8.0431e+012	5.2500e-015
7.800e-001	2.1033e-006	-8.3035e+012	-8.1723e+012	8.1722e+012	5.2500e-015
7.900e-001	2.1374e-006	-8.4369e+012	-8.3035e+012	8.3035e+012	5.2500e-015
8.000e-001	2.1704e-006	-8.5724e+012	-8.4369e+012	8.4369e+012	5.2500e-015
8.100e-001	2.2023e-006	-8.7099e+012	-8.5724e+012	8.5724e+012	5.2500e-015
8.200e-001	2.2330e-006	-8.8492e+012	-8.7099e+012	8.7098e+012	5.2500e-015
8.300e-001	2.2624e-006	-8.9904e+012	-8.8492e+012	8.8492e+012	5.2500e-015
8.400e-001	2.2906e-006	-9.1334e+012	-8.9904e+012	8.9904e+012	5.2500e-015
8.500e-001	2.3176e-006	-9.2781e+012	-9.1334e+012	9.1334e+012	5.2500e-015
8.600e-001	2.3433e-006	-9.4243e+012	-9.2781e+012	9.2780e+012	5.2500e-015
8.700e-001	2.3594e-006	-9.5716e+012	-9.4243e+012	9.4243e+012	5.2500e-015
8.800e-001	2.3622e-006	-9.7190e+012	-9.5716e+012	9.5715e+012	5.2500e-015
8.900e-001	2.3821e-006	-9.8677e+012	-9.7190e+012	9.7190e+012	5.2500e-015
9.000e-001	2.4012e-006	-1.0018e+013	-9.8677e+012	9.8677e+012	5.2500e-015
9.100e-001	2.4193e-006	-1.0169e+013	-1.0018e+013	1.0018e+013	5.2500e-015
9.200e-001	2.4365e-006	-1.0321e+013	-1.0169e+013	1.0169e+013	5.2500e-015
9.300e-001	2.4529e-006	-1.0474e+013	-1.0321e+013	1.0321e+013	5.2500e-015
9.400e-001	2.4685e-006	-1.0628e+013	-1.0474e+013	1.0474e+013	5.2500e-015
9.500e-001	2.4834e-006	-1.0783e+013	-1.0628e+013	1.0628e+013	5.2500e-015
9.600e-001	2.4977e-006	-1.0939e+013	-1.0783e+013	1.0783e+013	5.2500e-015
9.700e-001	2.5113e-006	-1.1095e+013	-1.0939e+013	1.0939e+013	5.2500e-015
9.800e-001	2.5244e-006	-1.1253e+013	-1.1095e+013	1.1095e+013	5.2500e-015
9.900e-001	2.5370e-006	-1.1411e+013	-1.1253e+013	1.1253e+013	5.2500e-015
1.000e+000	2.5491e-006	-1.1570e+013	-1.1411e+013	1.1411e+013	5.2500e-015
1.010e+000	2.5608e-006	-1.1730e+013	-1.1570e+013	1.1570e+013	5.2500e-015
1.020e+000	2.5721e-006	-1.1891e+013	-1.1730e+013	1.1730e+013	5.2500e-015
1.030e+000	2.5830e-006	-1.2052e+013	-1.1891e+013	1.1891e+013	5.2500e-015
1.040e+000	2.5936e-006	-1.2214e+013	-1.2052e+013	1.2052e+013	5.2500e-015
1.050e+000	2.6038e-006	-1.2376e+013	-1.2214e+013	1.2214e+013	5.2500e-015
1.060e+000	2.6138e-006	-1.2540e+013	-1.2376e+013	1.2376e+013	5.2500e-015
1.070e+000	2.6234e-006	-1.2703e+013	-1.2540e+013	1.2540e+013	5.2500e-015
1.080e+000	2.6329e-006	-1.2868e+013	-1.2703e+013	1.2703e+013	5.2500e-015
1.090e+000	2.6420e-006	-1.3033e+013	-1.2868e+013	1.2868e+013	5.2500e-015
1.100e+000	2.6510e-006	-1.3198e+013	-1.3033e+013	1.3033e+013	5.2500e-015
1.110e+000	2.6597e-006	-1.3364e+013	-1.3198e+013	1.3198e+013	5.2500e-015
1.120e+000	2.6682e-006	-1.3531e+013	-1.3364e+013	1.3364e+013	5.2500e-015
1.130e+000	2.6766e-006	-1.3698e+013	-1.3531e+013	1.3531e+013	5.2500e-015
1.140e+000	2.6847e-006	-1.3865e+013	-1.3698e+013	1.3698e+013	5.2500e-015
1.150e+000	2.6927e-006	-1.4033e+013	-1.3865e+013	1.3865e+013	5.2500e-015
1.160e+000	2.7005e-006	-1.4202e+013	-1.4033e+013	1.4033e+013	5.2500e-015
1.170e+000	2.7082e-006	-1.4371e+013	-1.4202e+013	1.4202e+013	5.2500e-015
1.180e+000	2.7157e-006	-1.4540e+013	-1.4371e+013	1.4371e+013	5.2500e-015
1.190e+000	2.7231e-006	-1.4710e+013	-1.4540e+013	1.4540e+013	5.2500e-015
1.200e+000	2.7303e-006	-1.4881e+013	-1.4710e+013	1.4710e+013	5.2500e-015
1.210e+000	2.7373e-006	-1.5052e+013	-1.4881e+013	1.4881e+013	5.2500e-015
1.220e+000	2.7443e-006	-1.5223e+013	-1.5052e+013	1.5052e+013	5.2500e-015
1.230e+000	2.7511e-006	-1.5395e+013	-1.5223e+013	1.5223e+013	5.2500e-015
1.240e+000	2.7577e-006	-1.5567e+013	-1.5395e+013	1.5395e+013	5.2500e-015
1.250e+000	2.7643e-006	-1.5739e+013	-1.5567e+013	1.5567e+013	5.2500e-015
1.260e+000	2.7707e-006	-1.5912e+013	-1.5739e+013	1.5739e+013	5.2500e-015
1.270e+000	2.7770e-006	-1.6085e+013	-1.5912e+013	1.5912e+013	5.2500e-015
1.280e+000	2.7833e-006	-1.6259e+013	-1.6085e+013	1.6085e+013	5.2500e-015
1.290e+000	2.7894e-006	-1.6433e+013	-1.6259e+013	1.6259e+013	5.2500e-015
1.300e+000	2.7954e-006	-1.6608e+013	-1.6433e+013	1.6433e+013	5.2500e-015
1.310e+000	2.8013e-006	-1.6783e+013	-1.6608e+013	1.6608e+013	5.2500e-015
1.320e+000	2.8072e-006	-1.6958e+013	-1.6783e+013	1.6783e+013	5.2500e-015
1.330e+000	2.8130e-006	-1.7133e+013	-1.6958e+013	1.6958e+013	5.2500e-015
1.340e+000	2.8188e-006	-1.7309e+013	-1.7133e+013	1.7133e+013	5.2500e-015
1.350e+000	2.8246e-006	-1.7486e+013	-1.7309e+013	1.7309e+013	5.2500e-015
1.360e+000	2.8304e-006	-1.7662e+013	-1.7486e+013	1.7486e+013	5.2500e-015
1.370e+000	2.8363e-006	-1.7839e+013	-1.7662e+013	1.7662e+013	5.2500e-015
1.380e+000	2.8423e-006	-1.8017e+013	-1.7839e+013	1.7839e+013	5.2500e-015
1.390e+000	2.8485e-006	-1.8195e+013	-1.8017e+013	1.8017e+013	5.2500e-015
1.400e+000	2.8550e-006	-1.8373e+013	-1.8195e+013	1.8194e+013	5.2500e-015
1.410e+000	2.8616e-006	-1.8551e+013	-1.8373e+013	1.8373e+013	5.2500e-015
1.420e+000	2.8691e-006	-1.8730e+013	-1.8551e+013	1.8551e+013	5.2500e-015
1.430e+000	2.8771e-006	-1.8910e+013	-1.8730e+013	1.8730e+013	5.2500e-015
1.440e+000	2.8860e-006	-1.9090e+013	-1.8910e+013	1.8910e+013	5.2500e-015
1.450e+000	2.8960e-006	-1.9271e+013	-1.9090e+013	1.9090e+013	5.2500e-015
1.460e+000	2.9073e-006	-1.9452e+013	-1.9271e+013	1.9271e+013	5.2500e-015
1.470e+000	2.9157e-006	-1.9634e+013	-1.9452e+013	1.9452e+013	5.2500e-015
1.480e+000	2.9306e-006	-1.9817e+013	-1.9634e+013	1.9634e+013	5.2500e-015
1.490e+000	2.9483e-006	-2.0001e+013	-1.9817e+013	1.9817e+013	5.2500e-015
1.500e+000	2.9689e-006	-2.0187e+013	-2.0001e+013	2.0001e+013	5.2500e-015
1.510e+000	2.9931e-006	-2.0373e+013	-2.0187e+013	2.0186e+013	5.2500e-015
1.520e+000	3.0210e-006	-2.0562e+013	-2.0373e+013	2.0373e+013	5.2500e-015
1.530e+000	3.0531e-006	-2.0752e+013	-2.0562e+013	2.0562e+013	5.2500e-015
1.540e+000	3.0893e-006	-2.0945e+013	-2.0752e+013	2.0752e+013	5.2500e-015
1.550e+000	3.1297e-006	-2.1141e+013	-2.0945e+013	2.0945e+013	5.2500e-015
1.560e+000	3.1738e-006	-2.1339e+013	-2.1141e+013	2.1141e+013	5.2500e-015
1.570e+000	3.2209e-006	-2.1540e+013	-2.1339e+013	2.1339e+013	5.2500e-015
1.580e+000	3.2705e-006	-2.1744e+013	-2.1540e+013	2.1540e+013	5.2500e-015
1.590e+000	3.3214e-006	-2.1951e+013	-2.1744e+013	2.1744e+013	5.2500e-015
1.600e+000	3.3729e-006	-2.2162e+013	-2.1951e+013	2.1951e+013	5.2500e-015
1.610e+000	3.4241e-006	-2.2375e+013	-2.2162e+013	2.2162e+013	5.2500e-015
1.620e+000	3.4743e-006	-2.2592e+013	-2.2375e+013	2.2375e+013	5.2500e-015
1.630e+000	3.5229e-006	-2.2812e+013	-2.2592e+013	2.2592e+013	5.2500e-015
1.640e+000	3.5698e-006	-2.3035e+013	-2.2812e+013	2.2812e+013	5.2500e-015
1.650e+000	3.6145e-006	-2.3261e+013	-2.3035e+013	2.3035e+013	5.2500e-015
1.660e+000	3.6572e-006	-2.3489e+013	-2.3261e+013	2.3261e+013	5.2500e-015
1.670e+000	3.6977e-006	-2.3720e+013	-2.3489e+013	2.3489e+013	5.2500e-015
1.680e+000	3.7363e-006	-2.3953e+013	-2.3720e+013	2.3720e+013	5.2500e-015
1.690e+000	3.7729e-006	-2.4188e+013	-2.3953e+013	2.3953e+013	5.2500e-015
1.700e+000	3.8078e-006	-2.4426e+013	-2.4188e+013	2.4188e+013	5.2500e-015
1.710e+000	3.8412e-006	-2.4666e+013	-2.4426e+013	2.4426e+013	5.2500e-015
1.720e+000	3.8731e-006	-2.4907e+013	-2.4666e+013	2.4666e+013	5.2500e-015
1.730e+000	3.9037e-006	-2.5151e+013	-2.4907e+013	2.4907e+013	5.2500e-015
1.740e+000	3.9331e-006	-2.5397e+013	-2.5151e+013	2.5151e+013	5.2500e-015
1.750e+000	3.9615e-006	-2.5644e+013	-2.5397e+013	2.5397e+013	5.2500e-015
1.760e+000	3.9890e-006	-2.5893e+013	-2.5644e+013	2.5644e+013	5.2500e-015
1.770e+000	4.0156e-006	-2.6143e+013	-2.5893e+013	2.5893e+013	5.2500e-015
1.780e+000	4.0414e-006	-2.6396e+013	-2.6143e+013	2.6143e+013	5.2500e-015
1.790e+000	4.0666e-006	-2.6649e+013	-2.6396e+013	2.6396e+013	5.2500e-015
1.800e+000	4.0910e-006	-2.6905e+013	-2.6649e+013	2.6649e+013	5.2500e-015
1.810e+000	4.1149e-006	-2.7162e+013	-2.6905e+013	2.6905e+013	5.2500e-015
1.820e+000	4.1383e-006	-2.7420e+013	-2.7162e+013	2.7162e+013	5.2500e-015
1.830e+000	4.1611e-006	-2.7680e+013	-2.7420e+013	2.7420e+013	5.2500e-015
1.840e+000	4.1835e-006	-2.7941e+013	-2.7680e+013	2.7680e+013	5.2500e-015
1.850e+000	4.2054e-006	-2.8203e+013	-2.7941e+013	2.7941e+013	5.2500e-015
1.860e+000	4.2270e-006	-2.8467e+013	-2.8203e+013	2.8203e+013	5.2500e-015
1.870e+000	4.2481e-006	-2.8732e+013	-2.8467e+013	2.8467e+013	5.2500e-015
1.880e+000	4.2688e-006	-2.8999e+013	-2.8732e+013	2.8732e+013	5.2500e-015
1.890e+000	4.2704e-006	-2.9265e+013	-2.8999e+013	2.8999e+013	5.2500e-015
1.900e+000	4.2695e-006	-2.9532e+013	-2.9265e+013	2.9265e+013	5.2500e-015
1.910e+000	4.2846e-006	-2.9799e+013	-2.9532e+013	2.9532e+013	5.2500e-015
1.920e+000	4.2994e-006	-3.0067e+013	-2.9799e+013	2.9799e+013	5.2500e-015
1.930e+000	4.3138e-006	-3.0337e+013	-3.0067e+013	3.0067e+013	5.2500e-015
1.940e+000	4.3278e-006	-3.0607e+013	-3.0337e+013	3.0337e+013	5.2500e-015
1.950e+000	4.3416e-006	-3.0878e+013	-3.0607e+013	3.0607e+013	5.2500e-015
1.960e+000	4.3550e-006	-3.1150e+013	-3.0878e+013	3.0878e+013	5.2500e-015
1.970e+000	4.3681e-006	-3.1422e+013	-3.1150e+013	3.1150e+013	5.2500e-015
1.980e+000	4.3810e-006	-3.1696e+013	-3.1422e+013	3.1422e+013	5.2500e-015
1.990e+000	4.3936e-006	-3.1970e+013	-3.1696e+013	3.1696e+013	5.2500e-015
2.000e+000	4.4059e-006	-3.2245e+013	-3.1970e+013	3.1970e+013	5.2500e-015
2.010e+000	4.4180e-006	-3.2521e+013	-3.2245e+013	3.2245e+013	5.2500e-015
2.020e+000	4.4298e-006	-3.2797e+013	-3.2521e+013	3.2521e+013	5.2500e-015
2.030e+000	4.4415e-006	-3.3074e+013	-3.2797e+013	3.2797e+013	5.2500e-015
2.040e+000	4.4529e-006	-3.3352e+013	-3.3074e+013	3.3074e+013	5.2500e-015
2.050e+000	4.4641e-006	-3.3631e+013	-3.3352e+013	3.3352e+013	5.2500e-015
2.060e+000	4.4750e-006	-3.3910e+013	-3.3631e+013	3.3631e+013	5.2500e-015
2.070e+000	4.4858e-006	-3.4190e+013	-3.3910e+013	3.3910e+013	5.2500e-015
2.080e+000	4.4964e-006	-3.4471e+013	-3.4190e+013	3.4190e+013	5.2500e-015
2.090e+000	4.5069e-006	-3.4752e+013	-3.4471e+013	3.4471e+013	5.2500e-015
2.100e+000	4.5171e-006	-3.5034e+013	-3.4752e+013	3.4752e+013	5.2500e-015
2.110e+000	4.5272e-006	-3.5317e+013	-3.5034e+013	3.5034e+013	5.2500e-015
2.120e+000	4.5371e-006	-3.5600e+013	-3.5317e+013	3.5317e+013	5.2500e-015
2.130e+000	4.5469e-006	-3.5884e+013	-3.5600e+013	3.5600e+013	5.2500e-015
2.140e+000	4.5565e-006	-3.6168e+013	-3.5884e+013	3.5884e+013	5.2500e-015
2.150e+000	4.5660e-006	-3.6453e+013	-3.6168e+013	3.6168e+013	5.2500e-015
2.160e+000	4.5753e-006	-3.6739e+013	-3.6453e+013	3.6453e+013	5.2500e-015
2.170e+000	4.5845e-006	-3.7025e+013	-3.6739e+013	3.6739e+013	5.2500e-015
2.180e+000	4.5935e-006	-3.7311e+013	-3.7025e+013	3.7025e+013	5.2500e-015
2.190e+000	4.6024e-006	-3.7599e+013	-3.7311e+013	3.7311e+013	5.2500e-015
2.200e+000	4.6112e-006	-3.7887e+013	-3.7599e+013	3.7599e+013	5.2500e-015
2.210e+000	4.6199e-006	-3.8175e+013	-3.7887e+013	3.7886e+013	5.2500e-015
2.220e+000	4.6284e-006	-3.8464e+013	-3.8175e+013	3.8175e+013	5.2500e-015
2.230e+000	4.6368e-006	-3.8753e+013	-3.8464e+013	3.8464e+013	5.2500e-015
2.240e+000	4.6452e-006	-3.9043e+013	-3.8753e+013	3.8753e+013	5.2500e-015
2.250e+000	4.6534e-006	-3.9334e+013	-3.9043e+013	3.9043e+013	5.2500e-015
2.260e+000	4.6615e-006	-3.9624e+013	-3.9334e+013	3.9333e+013	5.2500e-015
2.270e+000	4.6694e-006	-3.9916e+013	-3.9624e+013	3.9624e+013	5.2500e-015
2.280e+000	4.6773e-006	-4.0208e+013	-3.9916e+013	3.9916e+013	5.2500e-015
2.290e+000	4.6851e-006	-4.0500e+013	-4.0208e+013	4.0208e+013	5.2500e-015
2.300e+000	4.6928e-006	-4.0793e+013	-4.0500e+013	4.0500e+013	5.2500e-015
2.310e+000	4.7004e-006	-4.1087e+013	-4.0793e+013	4.0793e+013	5.2500e-015
2.320e+000	4.7079e-006	-4.1380e+013	-4.1087e+013	4.1086e+013	5.2500e-015
2.330e+000	4.7153e-006	-4.1675e+013	-4.1380e+013	4.1380e+013	5.2500e-015
2.340e+000	4.7227e-006	-4.1969e+013	-4.1675e+013	4.1675e+013	5.2500e-015
2.350e+000	4.7299e-006	-4.2265e+013	-4.1969e+013	4.1969e+013	5.2500e-015
2.360e+000	4.7371e-006	-4.2560e+013	-4.2265e+013	4.2265e+013	5.2500e-015
2.370e+000	4.7441e-006	-4.2856e+013	-4.2560e+013	4.2560e+013	5.2500e-015
2.380e+000	4.7511e-006	-4.3153e+013	-4.2856e+013	4.2856e+013	5.2500e-015
2.390e+000	4.7581e-006	-4.3450e+013	-4.3153e+013	4.3153e+013	5.2500e-015
2.400e+000	4.7649e-006	-4.3747e+013	-4.3450e+013	4.3450e+013	5.2500e-015
2.410e+000	4.7717e-006	-4.4045e+013	-4.3747e+013	4.3747e+013	5.2500e-015
2.420e+000	4.7784e-006	-4.4343e+013	-4.4045e+013	4.4045e+013	5.2500e-015
2.430e+000	4.7850e-006	-4.4642e+013	-4.4343e+013	4.4343e+013	5.2500e-015
2.440e+000	4.7915e-006	-4.4941e+013	-4.4642e+013	4.4642e+013	5.2500e-015
2.450e+000	4.7980e-006	-4.5241e+013	-4.4941e+013	4.4941e+013	5.2500e-015
2.460e+000	4.8044e-006	-4.5540e+013	-4.5241e+013	4.5241e+013	5.2500e-015
2.470e+000	4.8108e-006	-4.5841e+013	-4.5540e+013	4.5540e+013	5.2500e-015
2.480e+000	4.8171e-006	-4.6141e+013	-4.5841e+013	4.5841e+013	5.2500e-015
2.490e+000	4.8233e-006	-4.6442e+013	-4.6141e+013	4.6141e+013	5.2500e-015
2.500e+000	4.8294e-006	-4.6744e+013	-4.6442e+013	4.6442e+013	5.2500e-015
2.510e+000	4.8355e-006	-4.7046e+013	-4.6744e+013	4.6744e+013	5.2500e-015
2.520e+000	4.8416e-006	-4.7348e+013	-4.7046e+013	4.7046e+013	5.2500e-015
2.530e+000	4.8475e-006	-4.7650e+013	-4.7348e+013	4.7348e+013	5.2500e-015
2.540e+000	4.8535e-006	-4.7953e+013	-4.7650e+013	4.7650e+013	5.2500e-015
2.550e+000	4.8593e-006	-4.8257e+013	-4.7953e+013	4.7953e+013	5.2500e-015
2.560e+000	4.8651e-006	-4.8560e+013	-4.8257e+013	4.8257e+013	5.2500e-015
2.570e+000	4.8709e-006	-4.8864e+013	-4.8560e+013	4.8560e+013	5.2500e-015
2.580e+000	4.8766e-006	-4.9169e+013	-4.8864e+013	4.8864e+013	5.2500e-015
2.590e+000	4.8822e-006	-4.9473e+013	-4.9169e+013	4.9169e+013	5.2500e-015
2.600e+000	4.8878e-006	-4.9778e+013	-4.9473e+013	4.9473e+013	5.2500e-015
2.610e+000	4.8934e-006	-5.0084e+013	-4.9778e+013	4.9778e+013	5.2500e-015
2.620e+000	4.8989e-006	-5.0390e+013	-5.0084e+013	5.0084e+013	5.2500e-015
2.630e+000	4.9043e-006	-5.0696e+013	-5.0390e+013	5.0390e+013	5.2500e-015
2.640e+000	4.9097e-006	-5.1002e+013	-5.0696e+013	5.0696e+013	5.2500e-015
2.650e+000	4.9151e-006	-5.1309e+013	-5.1002e+013	5.1002e+013	5.2500e-015
2.660e+000	4.9204e-006	-5.1616e+013	-5.1309e+013	5.1309e+013	5.2500e-015
2.670e+000	4.9257e-006	-5.1924e+013	-5.1616e+013	5.1616e+013	5.2500e-015
2.680e+000	4.9309e-006	-5.2231e+013	-5.1924e+013	5.1923e+013	5.2500e-015
2.690e+000	4.9360e-006	-5.2539e+013	-5.2231e+013	5.2231e+013	5.2500e-015
2.700e+000	4.9412e-006	-5.2848e+013	-5.2539e+013	5.2539e+013	5.2500e-015
2.710e+000	4.9463e-006	-5.3156e+013	-5.2848e+013	5.2848e+013	5.2500e-015
2.720e+000	4.9513e-006	-5.3466e+013	-5.3156e+013	5.3156e+013	5.2500e-015
2.730e+000	4.9563e-006	-5.3775e+013	-5.3466e+013	5.3465e+013	5.2500e-015
2.740e+000	4.9613e-006	-5.4085e+013	-5.3775e+013	5.3775e+013	5.2500e-015
2.750e+000	4.9662e-006	-5.4395e+013	-5.4085e+013	5.4084e+013	5.2500e-015
2.760e+000	4.9711e-006	-5.4705e+013	-5.4395e+013	5.4394e+013	5.2500e-015
2.770e+000	4.9759e-006	-5.5015e+013	-5.4705e+013	5.4705e+013	5.2500e-015
2.780e+000	4.9807e-006	-5.5326e+013	-5.5015e+013	5.5015e+013	5.2500e-015
2.790e+000	4.9855e-006	-5.5637e+013	-5.5326e+013	5.5326e+013	5.2500e-015
2.800e+000	4.9902e-006	-5.5949e+013	-5.5637e+013	5.5637e+013	5.2500e-015
2.810e+000	4.9949e-006	-5.6261e+013	-5.5949e+013	5.5949e+013	5.2500e-015
2.820e+000	4.9996e-006	-5.6573e+013	-5.6261e+013	5.6261e+013	5.2500e-015
2.830e+000	5.0042e-006	-5.6885e+013	-5.6573e+013	5.6573e+013	5.2500e-015
2.840e+000	5.0088e-006	-5.7198e+013	-5.6885e+013	5.6885e+013	5.2500e-015
2.850e+000	5.0133e-006	-5.7511e+013	-5.7198e+013	5.7198e+013	5.2500e-015
2.860e+000	5.0178e-006	-5.7824e+013	-5.7511e+013	5.7510e+013	5.2500e-015
2.870e+000	5.0223e-006	-5.8137e+013	-5.7824e+013	5.7824e+013	5.2500e-015
2.880e+000	5.0268e-006	-5.8451e+013	-5.8137e+013	5.8137e+013	5.2500e-015
2.890e+000	5.0312e-006	-5.8765e+013	-5.8451e+013	5.8451e+013	5.2500e-015
2.900e+000	5.0356e-006	-5.9079e+013	-5.8765e+013	5.8765e+013	5.2500e-015
2.910e+000	5.0399e-006	-5.9394e+013	-5.9079e+013	5.9079e+013	5.2500e-015
2.920e+000	5.0443e-006	-5.9709e+013	-5.9394e+013	5.9394e+013	5.2500e-015
2.930e+000	5.0486e-006	-6.0024e+013	-5.9709e+013	5.9709e+013	5.2500e-015
2.940e+000	5.0528e-006	-6.0339e+013	-6.0024e+013	6.0024e+013	5.2500e-015
2.950e+000	5.0571e-006	-6.0655e+013	-6.0339e+013	6.0339e+013	5.2500e-015
2.960e+000	5.0613e-006	-6.0971e+013	-6.0655e+013	6.0655e+013	5.2500e-015
2.970e+000	5.0654e-006	-6.1287e+013	-6.0971e+013	6.0971e+013	5.2500e-015
2.980e+000	5.0696e-006	-6.1603e+013	-6.1287e+013	6.1287e+013	5.2500e-015
2.990e+000	5.0737e-006	-6.1920e+013	-6.1603e+013	6.1603e+013	5.2500e-015
3.000e+000	5.0778e-006	-6.2237e+013	-6.1920e+013	6.1920e+013	5.2500e-015
3.010e+000	5.0819e-006	-6.2554e+013	-6.2237e+013	6.2237e+013	5.2500e-015
3.020e+000	5.0859e-006	-6.2871e+013	-6.2554e+013	6.2554e+013	5.2500e-015
3.030e+000	5.0899e-006	-6.3189e+013	-6.2871e+013	6.2871e+013	5.2500e-015
3.040e+000	5.0939e-006	-6.3507e+013	-6.3189e+013	6.3189e+013	5.2500e-015
3.050e+000	5.0978e-006	-6.3825e+013	-6.3507e+013	6.3507e+013	5.2500e-015
3.060e+000	5.1018e-006	-6.4144e+013	-6.3825e+013	6.3825e+013	5.2500e-015
3.070e+000	5.1057e-006	-6.4462e+013	-6.4144e+013	6.4144e+013	5.2500e-015
3.080e+000	5.1095e-006	-6.4781e+013	-6.4462e+013	6.4462e+013	5.2500e-015
3.090e+000	5.1134e-006	-6.5100e+013	-6.4781e+013	6.4781e+013	5.2500e-015
3.100e+000	5.1172e-006	-6.5420e+013	-6.5100e+013	6.5100e+013	5.2500e-015
3.110e+000	5.1210e-006	-6.5739e+013	-6.5420e+013	6.5420e+013	5.2500e-015
3.120e+000	5.1248e-006	-6.6059e+013	-6.5739e+013	6.5739e+013	5.2500e-015
3.130e+000	5.1286e-006	-6.6379e+013	-6.6059e+013	6.6059e+013	5.2500e-015
3.140e+000	5.1323e-006	-6.6700e+013	-6.6379e+013	6.6379e+013	5.2500e-015
3.150e+000	5.1360e-006	-6.7020e+013	-6.6700e+013	6.6700e+013	5.2500e-015
3.160e+000	5.1397e-006	-6.7341e+013	-6.7020e+013	6.7020e+013	5.2500e-015
3.170e+000	5.1434e-006	-6.7662e+013	-6.7341e+013	6.7341e+013	5.2500e-015
3.180e+000	5.1470e-006	-6.7983e+013	-6.7662e+013	6.7662e+013	5.2500e-015
3.190e+000	5.1506e-006	-6.8305e+013	-6.7983e+013	6.7983e+013	5.2500e-015
3.200e+000	5.1542e-006	-6.8627e+013	-6.8305e+013	6.8305e+013	5.2500e-015
3.210e+000	5.1578e-006	-6.8948e+013	-6.8627e+013	6.8626e+013	5.2500e-015
3.220e+000	5.1614e-006	-6.9271e+013	-6.8948e+013	6.8948e+013	5.2500e-015
3.230e+000	5.1649e-006	-6.9593e+013	-6.9271e+013	6.9271e+013	5.2500e-015
3.240e+000	5.1684e-006	-6.9916e+013	-6.9593e+013	6.9593e+013	5.2500e-015
3.250e+000	5.1719e-006	-7.0238e+013	-6.9916e+013	6.9916e+013	5.2500e-015
3.260e+000	5.1754e-006	-7.0561e+013	-7.0238e+013	7.0238e+013	5.2500e-015
3.270e+000	5.1788e-006	-7.0885e+013	-7.0561e+013	7.0561e+013	5.2500e-015
3.280e+000	5.1822e-006	-7.1208e+013	-7.0885e+013	7.0885e+013	5.2500e-015
3.290e+000	5.1857e-006	-7.1532e+013	-7.1208e+013	7.1208e+013	5.2500e-015
3.300e+000	5.1890e-006	-7.1856e+013	-7.1532e+013	7.1532e+013	5.2500e-015
3.310e+000	5.1924e-006	-7.2180e+013	-7.1856e+013	7.1856e+013	5.2500e-015
3.320e+000	5.1958e-006	-7.2504e+013	-7.2180e+013	7.2180e+013	5.2500e-015
3.330e+000	5.1991e-006	-7.2828e+013	-7.2504e+013	7.2504e+013	5.2500e-015
3.340e+000	5.2024e-006	-7.3153e+013	-7.2828e+013	7.2828e+013	5.2500e-015
3.350e+000	5.2057e-006	-7.3478e+013	-7.3153e+013	7.3153e+013	5.2500e-015
3.360e+000	5.2090e-006	-7.3803e+013	-7.3478e+013	7.3478e+013	5.2500e-015
3.370e+000	5.2123e-006	-7.4129e+013	-7.3803e+013	7.3803e+013	5.2500e-015
3.380e+000	5.2155e-006	-7.4454e+013	-7.4129e+013	7.4129e+013	5.2500e-015
3.390e+000	5.2187e-006	-7.4780e+013	-7.4454e+013	7.4454e+013	5.2500e-015
3.400e+000	5.2219e-006	-7.5106e+013	-7.4780e+013	7.4780e+013	5.2500e-015
3.410e+000	5.2251e-006	-7.5432e+013	-7.5106e+013	7.5106e+013	5.2500e-015
3.420e+000	5.2283e-006	-7.5758e+013	-7.5432e+013	7.5432e+013	5.2500e-015
3.430e+000	5.2315e-006	-7.6085e+013	-7.5758e+013	7.5758e+013	5.2500e-015
3.440e+000	5.2346e-006	-7.6411e+013	-7.6085e+013	7.6085e+013	5.2500e-015
3.450e+000	5.2377e-006	-7.6738e+013	-7.6411e+013	7.6411e+013	5.2500e-015
3.460e+000	5.2408e-006	-7.7065e+013	-7.6738e+013	7.6738e+013	5.2500e-015
3.470e+000	5.2439e-006	-7.7393e+013	-7.7065e+013	7.7065e+013	5.2500e-015
3.480e+000	5.2470e-006	-7.7720e+013	-7.7393e+013	7.7393e+013	5.2500e-015
3.490e+000	5.2501e-006	-7.8048e+013	-7.7720e+013	7.7720e+013	5.2500e-015
3.500e+000	5.2531e-006	-7.8376e+013	-7.8048e+013	7.8048e+013	5.2500e-015
3.510e+000	5.2561e-006	-7.8704e+013	-7.8376e+013	7.8376e+013	5.2500e-015
3.520e+000	5.2591e-006	-7.9032e+013	-7.8704e+013	7.8704e+013	5.2500e-015
3.530e+000	5.2621e-006	-7.9361e+013	-7.9032e+013	7.9032e+013	5.2500e-015
3.540e+000	5.2651e-006	-7.9689e+013	-7.9361e+013	7.9360e+013	5.2500e-015
3.550e+000	5.2681e-006	-8.0018e+013	-7.9689e+013	7.9689e+013	5.2500e-015
3.560e+000	5.2710e-006	-8.0347e+013	-8.0018e+013	8.0018e+013	5.2500e-015
3.570e+000	5.2737e-006	-8.0676e+013	-8.0347e+013	8.0347e+013	5.2500e-015
3.580e+000	5.2766e-006	-8.1005e+013	-8.0676e+013	8.0676e+013	5.2500e-015
3.590e+000	5.2795e-006	-8.1335e+013	-8.1005e+013	8.1005e+013	5.2500e-015
3.600e+000	5.2824e-006	-8.1665e+013	-8.1335e+013	8.1335e+013	5.2500e-015
3.610e+000	5.2853e-006	-8.1995e+013	-8.1665e+013	8.1665e+013	5.2500e-015
3.620e+000	5.2882e-006	-8.2325e+013	-8.1995e+013	8.1995e+013	5.2500e-015
3.630e+000	5.2910e-006	-8.2655e+013	-8.2325e+013	8.2325e+013	5.2500e-015
3.640e+000	5.2939e-006	-8.2985e+013	-8.2655e+013	8.2655e+013	5.2500e-015
3.650e+000	5.2967e-006	-8.3316e+013	-8.2985e+013	8.2985e+013	5.2500e-015
3.660e+000	5.2995e-006	-8.3647e+013	-8.3316e+013	8.3316e+013	5.2500e-015
3.670e+000	5.3023e-006	-8.3978e+013	-8.3647e+013	8.3647e+013	5.2500e-015
3.680e+000	5.3051e-006	-8.4309e+013	-8.3978e+013	8.3978e+013	5.2500e-015
3.690e+000	5.3078e-006	-8.4640e+013	-8.4309e+013	8.4309e+013	5.2500e-015
3.700e+000	5.3106e-006	-8.4971e+013	-8.4640e+013	8.4640e+013	5.2500e-015
3.710e+000	5.3133e-006	-8.5303e+013	-8.4971e+013	8.4971e+013	5.2500e-015
3.720e+000	5.3160e-006	-8.5635e+013	-8.5303e+013	8.5303e+013	5.2500e-015
3.730e+000	5.3188e-006	-8.5967e+013	-8.5635e+013	8.5635e+013	5.2500e-015
3.740e+000	5.3215e-006	-8.6299e+013	-8.5967e+013	8.5967e+013	5.2500e-015
3.750e+000	5.3242e-006	-8.6631e+013	-8.6299e+013	8.6299e+013	5.2500e-015
3.760e+000	5.3268e-006	-8.6964e+013	-8.6631e+013	8.6631e+013	5.2500e-015
3.770e+000	5.3295e-006	-8.7296e+013	-8.6964e+013	8.6964e+013	5.2500e-015
3.780e+000	5.3322e-006	-8.7629e+013	-8.7296e+013	8.7296e+013	5.2500e-015
3.790e+000	5.3348e-006	-8.7962e+013	-8.7629e+013	8.7629e+013	5.2500e-015
3.800e+000	5.3374e-006	-8.8295e+013	-8.7962e+013	8.7962e+013	5.2500e-015
3.810e+000	5.3400e-006	-8.8629e+013	-8.8295e+013	8.8295e+013	5.2500e-015
3.820e+000	5.3427e-006	-8.8962e+013	-8.8629e+013	8.8629e+013	5.2500e-015
3.830e+000	5.3452e-006	-8.9296e+013	-8.8962e+013	8.8962e+013	5.2500e-015
3.840e+000	5.3478e-006	-8.9629e+013	-8.9296e+013	8.9296e+013	5.2500e-015
3.850e+000	5.3504e-006	-8.9963e+013	-8.9629e+013	8.9629e+013	5.2500e-015
3.860e+000	5.3530e-006	-9.0298e+013	-8.9963e+013	8.9963e+013	5.2500e-015
3.870e+000	5.3555e-006	-9.0632e+013	-9.0298e+013	9.0297e+013	5.2500e-015
3.880e+000	5.3580e-006	-9.0966e+013	-9.0632e+013	9.0632e+013	5.2500e-015
3.890e+000	5.3606e-006	-9.1301e+013	-9.0966e+013	9.0966e+013	5.2500e-015
3.900e+000	5.3631e-006	-9.1636e+013	-9.1301e+013	9.1301e+013	5.2500e-015
3.910e+000	5.3656e-006	-9.1970e+013	-9.1636e+013	9.1635e+013	5.2500e-015
3.920e+000	5.3681e-006	-9.2305e+013	-9.1970e+013	9.1970e+013	5.2500e-015
3.930e+000	5.3706e-006	-9.2641e+013	-9.2305e+013	9.2305e+013	5.2500e-015
3.940e+000	5.3730e-006	-9.2976e+013	-9.2641e+013	9.2641e+013	5.2500e-015
3.950e+000	5.3755e-006	-9.3312e+013	-9.2976e+013	9.2976e+013	5.2500e-015
3.960e+000	5.3779e-006	-9.3647e+013	-9.3312e+013	9.3311e+013	5.2500e-015
3.970e+000	5.3804e-006	-9.3983e+013	-9.3647e+013	9.3647e+013	5.2500e-015
3.980e+000	5.3828e-006	-9.4319e+013	-9.3983e+013	9.3983e+013	5.2500e-015
3.990e+000	5.3852e-006	-9.4655e+013	-9.4319e+013	9.4319e+013	5.2500e-015
4.000e+000	5.3876e-006	-9.4991e+013	-9.4655e+013	9.4655e+013	5.2500e-015
4.010e+000	5.3900e-006	-9.5328e+013	-9.4991e+013	9.4991e+013	5.2500e-015
4.020e+000	5.3924e-006	-9.5664e+013	-9.5328e+013	9.5328e+013	5.2500e-015
4.030e+000	5.3948e-006	-9.6001e+013	-9.5664e+013	9.5664e+013	5.2500e-015
4.040e+000	5.3972e-006	-9.6338e+013	-9.6001e+013	9.6001e+013	5.2500e-015
4.050e+000	5.3995e-006	-9.6675e+013	-9.6338e+013	9.6338e+013	5.2500e-015
4.060e+000	5.4019e-006	-9.7012e+013	-9.6675e+013	9.6675e+013	5.2500e-015
4.070e+000	5.4042e-006	-9.7349e+013	-9.7012e+013	9.7012e+013	5.2500e-015
4.080e+000	5.4066e-006	-9.7687e+013	-9.7349e+013	9.7349e+013	5.2500e-015
4.090e+000	5.4089e-006	-9.8024e+013	-9.7687e+013	9.7687e+013	5.2500e-015
4.100e+000	5.4112e-006	-9.8362e+013	-9.8024e+013	9.8024e+013	5.2500e-015
4.110e+000	5.4135e-006	-9.8700e+013	-9.8362e+013	9.8362e+013	5.2500e-015
4.120e+000	5.4158e-006	-9.9038e+013	-9.8700e+013	9.8700e+013	5.2500e-015
4.130e+000	5.4181e-006	-9.9376e+013	-9.9038e+013	9.9038e+013	5.2500e-015
4.140e+000	5.4204e-006	-9.9715e+013	-9.9376e+013	9.9376e+013	5.2500e-015
4.150e+000	5.4226e-006	-1.0005e+014	-9.9715e+013	9.9715e+013	5.2500e-015
4.160e+000	5.4249e-006	-1.0039e+014	-1.0005e+014	1.0005e+014	5.2500e-015
4.170e+000	5.4271e-006	-1.0073e+014	-1.0039e+014	1.0039e+014	5.2500e-015
4.180e+000	5.4294e-006	-1.0107e+014	-1.0073e+014	1.0073e+014	5.2500e-015
4.190e+000	5.4316e-006	-1.0141e+014	-1.0107e+014	1.0107e+014	5.2500e-015
4.200e+000	5.4338e-006	-1.0175e+014	-1.0141e+014	1.0141e+014	5.2500e-015
4.210e+000	5.4360e-006	-1.0209e+014	-1.0175e+014	1.0175e+014	5.2500e-015
4.220e+000	5.4382e-006	-1.0243e+014	-1.0209e+014	1.0209e+014	5.2500e-015
4.230e+000	5.4404e-006	-1.0277e+014	-1.0243e+014	1.0243e+014	5.2500e-015
4.240e+000	5.4426e-006	-1.0311e+014	-1.0277e+014	1.0277e+014	5.2500e-015
4.250e+000	5.4448e-006	-1.0345e+014	-1.0311e+014	1.0311e+014	5.2500e-015
4.260e+000	5.4470e-006	-1.0379e+014	-1.0345e+014	1.0345e+014	5.2500e-015
4.270e+000	5.4491e-006	-1.0413e+014	-1.0379e+014	1.0379e+014	5.2500e-015
4.280e+000	5.4513e-006	-1.0447e+014	-1.0413e+014	1.0413e+014	5.2500e-015
4.290e+000	5.4534e-006	-1.0481e+014	-1.0447e+014	1.0447e+014	5.2500e-015
4.300e+000	5.4556e-006	-1.0515e+014	-1.0481e+014	1.0481e+014	5.2500e-015
4.310e+000	5.4577e-006	-1.0549e+014	-1.0515e+014	1.0515e+014	5.2500e-015
4.320e+000	5.4598e-006	-1.0583e+014	-1.0549e+014	1.0549e+014	5.2500e-015
4.330e+000	5.4620e-006	-1.0617e+014	-1.0583e+014	1.0583e+014	5.2500e-015
4.340e+000	5.4641e-006	-1.0651e+014	-1.0617e+014	1.0617e+014	5.2500e-015
4.350e+000	5.4662e-006	-1.0685e+014	-1.0651e+014	1.0651e+014	5.2500e-015
4.360e+000	5.4683e-006	-1.0719e+014	-1.0685e+014	1.0685e+014	5.2500e-015
4.370e+000	5.4703e-006	-1.0753e+014	-1.0719e+014	1.0719e+014	5.2500e-015
4.380e+000	5.4724e-006	-1.0788e+014	-1.0753e+014	1.0753e+014	5.2500e-015
4.390e+000	5.4745e-006	-1.0822e+014	-1.0788e+014	1.0788e+014	5.2500e-015
4.400e+000	5.4765e-006	-1.0856e+014	-1.0822e+014	1.0822e+014	5.2500e-015
4.410e+000	5.4786e-006	-1.0890e+014	-1.0856e+014	1.0856e+014	5.2500e-015
4.420e+000	5.4806e-006	-1.0924e+014	-1.0890e+014	1.0890e+014	5.2500e-015
4.430e+000	5.4827e-006	-1.0959e+014	-1.0924e+014	1.0924e+014	5.2500e-015
4.440e+000	5.4847e-006	-1.0993e+014	-1.0959e+014	1.0958e+014	5.2500e-015
4.450e+000	5.4867e-006	-1.1027e+014	-1.0993e+014	1.0993e+014	5.2500e-015
4.460e+000	5.4887e-006	-1.1061e+014	-1.1027e+014	1.1027e+014	5.2500e-015
4.470e+000	5.4908e-006	-1.1096e+014	-1.1061e+014	1.1061e+014	5.2500e-015
4.480e+000	5.4928e-006	-1.1130e+014	-1.1096e+014	1.1096e+014	5.2500e-015
4.490e+000	5.4948e-006	-1.1164e+014	-1.1130e+014	1.1130e+014	5.2500e-015
4.500e+000	5.4967e-006	-1.1198e+014	-1.1164e+014	1.1164e+014	5.2500e-015
4.510e+000	5.4987e-006	-1.1233e+014	-1.1198e+014	1.1198e+014	5.2500e-015
4.520e+000	5.5007e-006	-1.1267e+014	-1.1233e+014	1.1233e+014	5.2500e-015
4.530e+000	5.5027e-006	-1.1301e+014	-1.1267e+014	1.1267e+014	5.2500e-015
4.540e+000	5.5046e-006	-1.1336e+014	-1.1301e+014	1.1301e+014	5.2500e-015
4.550e+000	5.5066e-006	-1.1370e+014	-1.1336e+014	1.1336e+014	5.2500e-015
4.560e+000	5.5085e-006	-1.1405e+014	-1.1370e+014	1.1370e+014	5.2500e-015
4.570e+000	5.5105e-006	-1.1439e+014	-1.1405e+014	1.1404e+014	5.2500e-015
4.580e+000	5.5124e-006	-1.1473e+014	-1.1439e+014	1.1439e+014	5.2500e-015
4.590e+000	5.5143e-006	-1.1508e+014	-1.1473e+014	1.1473e+014	5.2500e-015
4.600e+000	5.5162e-006	-1.1542e+014	-1.1508e+014	1.1508e+014	5.2500e-015
4.610e+000	5.5182e-006	-1.1577e+014	-1.1542e+014	1.1542e+014	5.2500e-015
4.620e+000	5.5201e-006	-1.1611e+014	-1.1577e+014	1.1577e+014	5.2500e-015
4.630e+000	5.5220e-006	-1.1646e+014	-1.1611e+014	1.1611e+014	5.2500e-015
4.640e+000	5.5239e-006	-1.1680e+014	-1.1646e+014	1.1646e+014	5.2500e-015
4.650e+000	5.5257e-006	-1.1714e+014	-1.1680e+014	1.1680e+014	5.2500e-015
4.660e+000	5.5276e-006	-1.1749e+014	-1.1714e+014	1.1714e+014	5.2500e-015
4.670e+000	5.5295e-006	-1.1783e+014	-1.1749e+014	1.1749e+014	5.2500e-015
4.680e+000	5.5314e-006	-1.1818e+014	-1.1783e+014	1.1783e+014	5.2500e-015
4.690e+000	5.5332e-006	-1.1853e+014	-1.1818e+014	1.1818e+014	5.2500e-015
4.700e+000	5.5351e-006	-1.1887e+014	-1.1853e+014	1.1853e+014	5.2500e-015
4.710e+000	5.5369e-006	-1.1922e+014	-1.1887e+014	1.1887e+014	5.2500e-015
4.720e+000	5.5388e-006	-1.1956e+014	-1.1922e+014	1.1922e+014	5.2500e-015
4.730e+000	5.5406e-006	-1.1991e+014	-1.1956e+014	1.1956e+014	5.2500e-015
4.740e+000	5.5425e-006	-1.2025e+014	-1.1991e+014	1.1991e+014	5.2500e-015
4.750e+000	5.5443e-006	-1.2060e+014	-1.2025e+014	1.2025e+014	5.2500e-015
4.760e+000	5.5461e-006	-1.2095e+014	-1.2060e+014	1.2060e+014	5.2500e-015
4.770e+000	5.5479e-006	-1.2129e+014	-1.2095e+014	1.2095e+014	5.2500e-015
4.780e+000	5.5497e-006	-1.2164e+014	-1.2129e+014	1.2129e+014	5.2500e-015
4.790e+000	5.5515e-006	-1.2199e+014	-1.2164e+014	1.2164e+014	5.2500e-015
4.800e+000	5.5533e-006	-1.2233e+014	-1.2199e+014	1.2199e+014	5.2500e-015
4.810e+000	5.5551e-006	-1.2268e+014	-1.2233e+014	1.2233e+014	5.2500e-015
4.820e+000	5.5569e-006	-1.2303e+014	-1.2268e+014	1.2268e+014	5.2500e-015
4.830e+000	5.5587e-006	-1.2337e+014	-1.2303e+014	1.2303e+014	5.2500e-015
4.840e+000	5.5604e-006	-1.2372e+014	-1.2337e+014	1.2337e+014	5.2500e-015
4.850e+000	5.5622e-006	-1.2407e+014	-1.2372e+014	1.2372e+014	5.2500e-015
4.860e+000	5.5640e-006	-1.2441e+014	-1.2407e+014	1.2407e+014	5.2500e-015
4.870e+000	5.5657e-006	-1.2476e+014	-1.2441e+014	1.2441e+014	5.2500e-015
4.880e+000	5.5675e-006	-1.2511e+014	-1.2476e+014	1.2476e+014	5.2500e-015
4.890e+000	5.5692e-006	-1.2546e+014	-1.2511e+014	1.2511e+014	5.2500e-015
4.900e+000	5.5710e-006	-1.2580e+014	-1.2546e+014	1.2546e+014	5.2500e-015
4.910e+000	5.5727e-006	-1.2615e+014	-1.2580e+014	1.2580e+014	5.2500e-015
4.920e+000	5.5744e-006	-1.2650e+014	-1.2615e+014	1.2615e+014	5.2500e-015
4.930e+000	5.5762e-006	-1.2685e+014	-1.2650e+014	1.2650e+014	5.2500e-015
4.940e+000	5.5779e-006	-1.2720e+014	-1.2685e+014	1.2685e+014	5.2500e-015
4.950e+000	5.5796e-006	-1.2754e+014	-1.2720e+014	1.2720e+014	5.2500e-015
4.960e+000	5.5813e-006	-1.2789e+014	-1.2754e+014	1.2754e+014	5.2500e-015
4.970e+000	5.5830e-006	-1.2824e+014	-1.2789e+014	1.2789e+014	5.2500e-015
4.980e+000	5.5847e-006	-1.2859e+014	-1.2824e+014	1.2824e+014	5.2500e-015
4.990e+000	5.5864e-006	-1.2894e+014	-1.2859e+014	1.2859e+014	5.2500e-015
5.000e+000	5.5881e-006	-1.2929e+014	-1.2894e+014	1.2894e+014	5.2500e-015
5.010e+000	5.5898e-006	-1.2964e+014	-1.2929e+014	1.2929e+014	5.2500e-015
5.020e+000	5.5914e-006	-1.2999e+014	-1.2964e+014	1.2964e+014	5.2500e-015
5.030e+000	5.5931e-006	-1.3033e+014	-1.2999e+014	1.2998e+014	5.2500e-015
5.040e+000	5.5948e-006	-1.3068e+014	-1.3033e+014	1.3033e+014	5.2500e-015
5.050e+000	5.5964e-006	-1.3103e+014	-1.3068e+014	1.3068e+014	5.2500e-015
5.060e+000	5.5981e-006	-1.3138e+014	-1.3103e+014	1.3103e+014	5.2500e-015
5.070e+000	5.5997e-006	-1.3173e+014	-1.3138e+014	1.3138e+014	5.2500e-015
5.080e+000	5.6014e-006	-1.3208e+014	-1.3173e+014	1.3173e+014	5.2500e-015
5.090e+000	5.6030e-006	-1.3243e+014	-1.3208e+014	1.3208e+014	5.2500e-015
5.100e+000	5.6047e-006	-1.3278e+014	-1.3243e+014	1.3243e+014	5.2500e-015
5.110e+000	5.6063e-006	-1.3313e+014	-1.3278e+014	1.3278e+014	5.2500e-015
5.120e+000	5.6079e-006	-1.3348e+014	-1.3313e+014	1.3313e+014	5.2500e-015
5.130e+000	5.6096e-006	-1.3383e+014	-1.3348e+014	1.3348e+014	5.2500e-015
5.140e+000	5.6112e-006	-1.3418e+014	-1.3383e+014	1.3383e+014	5.2500e-015
5.150e+000	5.6128e-006	-1.3453e+014	-1.3418e+014	1.3418e+014	5.2500e-015
5.160e+000	5.6144e-006	-1.3488e+014	-1.3453e+014	1.3453e+014	5.2500e-015
5.170e+000	5.6160e-006	-1.3523e+014	-1.3488e+014	1.3488e+014	5.2500e-015
5.180e+000	5.6176e-006	-1.3558e+014	-1.3523e+014	1.3523e+014	5.2500e-015
5.190e+000	5.6192e-006	-1.3593e+014	-1.3558e+014	1.3558e+014	5.2500e-015
5.200e+000	5.6208e-006	-1.3628e+014	-1.3593e+014	1.3593e+014	5.2500e-015
5.210e+000	5.6224e-006	-1.3664e+014	-1.3628e+014	1.3628e+014	5.2500e-015
5.220e+000	5.6239e-006	-1.3699e+014	-1.3664e+014	1.3664e+014	5.2500e-015
5.230e+000	5.6255e-006	-1.3734e+014	-1.3699e+014	1.3699e+014	5.2500e-015
5.240e+000	5.6271e-006	-1.3769e+014	-1.3734e+014	1.3734e+014	5.2500e-015
5.250e+000	5.6287e-006	-1.3804e+014	-1.3769e+014	1.3769e+014	5.2500e-015
5.260e+000	5.6302e-006	-1.3839e+014	-1.3804e+014	1.3804e+014	5.2500e-015
5.270e+000	5.6318e-006	-1.3874e+014	-1.3839e+014	1.3839e+014	5.2500e-015
5.280e+000	5.6333e-006	-1.3909e+014	-1.3874e+014	1.3874e+014	5.2500e-015
5.290e+000	5.6349e-006	-1.3945e+014	-1.3909e+014	1.3909e+014	5.2500e-015
5.300e+000	5.6364e-006	-1.3980e+014	-1.3945e+014	1.3945e+014	5.2500e-015
5.310e+000	5.6380e-006	-1.4015e+014	-1.3980e+014	1.3980e+014	5.2500e-015
5.320e+000	5.6395e-006	-1.4050e+014	-1.4015e+014	1.4015e+014	5.2500e-015
5.330e+000	5.6410e-006	-1.4085e+014	-1.4050e+014	1.4050e+014	5.2500e-015
5.340e+000	5.6426e-006	-1.4121e+014	-1.4085e+014	1.4085e+014	5.2500e-015
5.350e+000	5.6441e-006	-1.4156e+014	-1.4121e+014	1.4121e+014	5.2500e-015
5.360e+000	5.6456e-006	-1.4191e+014	-1.4156e+014	1.4156e+014	5.2500e-015
5.370e+000	5.6471e-006	-1.4226e+014	-1.4191e+014	1.4191e+014	5.2500e-015
5.380e+000	5.6486e-006	-1.4262e+014	-1.4226e+014	1.4226e+014	5.2500e-015
5.390e+000	5.6501e-006	-1.4297e+014	-1.4262e+014	1.4262e+014	5.2500e-015
5.400e+000	5.6516e-006	-1.4332e+014	-1.4297e+014	1.4297e+014	5.2500e-015
5.410e+000	5.6531e-006	-1.4367e+014	-1.4332e+014	1.4332e+014	5.2500e-015
5.420e+000	5.6546e-006	-1.4403e+014	-1.4367e+014	1.4367e+014	5.2500e-015
5.430e+000	5.6561e-006	-1.4438e+014	-1.4403e+014	1.4403e+014	5.2500e-015
5.440e+000	5.6576e-006	-1.4473e+014	-1.4438e+014	1.4438e+014	5.2500e-015
5.450e+000	5.6591e-006	-1.4509e+014	-1.4473e+014	1.4473e+014	5.2500e-015
5.460e+000	5.6606e-006	-1.4544e+014	-1.4509e+014	1.4509e+014	5.2500e-015
5.470e+000	5.6620e-006	-1.4579e+014	-1.4544e+014	1.4544e+014	5.2500e-015
5.480e+000	5.6635e-006	-1.4615e+014	-1.4579e+014	1.4579e+014	5.2500e-015
5.490e+000	5.6650e-006	-1.4650e+014	-1.4615e+014	1.4615e+014	5.2500e-015
5.500e+000	5.6664e-006	-1.4685e+014	-1.4650e+014	1.4650e+014	5.2500e-015
5.510e+000	5.6679e-006	-1.4721e+014	-1.4685e+014	1.4685e+014	5.2500e-015
5.520e+000	5.6693e-006	-1.4756e+014	-1.4721e+014	1.4721e+014	5.2500e-015
5.530e+000	5.6708e-006	-1.4792e+014	-1.4756e+014	1.4756e+014	5.2500e-015
5.540e+000	5.6722e-006	-1.4827e+014	-1.4792e+014	1.4792e+014	5.2500e-015
5.550e+000	5.6737e-006	-1.4862e+014	-1.4827e+014	1.4827e+014	5.2500e-015
5.560e+000	5.6751e-006	-1.4898e+014	-1.4862e+014	1.4862e+014	5.2500e-015
5.570e+000	5.6765e-006	-1.4933e+014	-1.4898e+014	1.4898e+014	5.2500e-015
5.580e+000	5.6780e-006	-1.4969e+014	-1.4933e+014	1.4933e+014	5.2500e-015
5.590e+000	5.6794e-006	-1.5004e+014	-1.4969e+014	1.4969e+014	5.2500e-015
5.600e+000	5.6808e-006	-1.5040e+014	-1.5004e+014	1.5004e+014	5.2500e-015
5.610e+000	5.6822e-006	-1.5075e+014	-1.5040e+014	1.5040e+014	5.2500e-015
5.620e+000	5.6837e-006	-1.5110e+014	-1.5075e+014	1.5075e+014	5.2500e-015
5.630e+000	5.6851e-006	-1.5146e+014	-1.5110e+014	1.5110e+014	5.2500e-015
5.640e+000	5.6865e-006	-1.5181e+014	-1.5146e+014	1.5146e+014	5.2500e-015
5.650e+000	5.6879e-006	-1.5217e+014	-1.5181e+014	1.5181e+014	5.2500e-015
5.660e+000	5.6893e-006	-1.5252e+014	-1.5217e+014	1.5217e+014	5.2500e-015
5.670e+000	5.6907e-006	-1.5288e+014	-1.5252e+014	1.5252e+014	5.2500e-015
5.680e+000	5.6921e-006	-1.5324e+014	-1.5288e+014	1.5288e+014	5.2500e-015
5.690e+000	5.6935e-006	-1.5359e+014	-1.5324e+014	1.5324e+014	5.2500e-015
5.700e+000	5.6949e-006	-1.5395e+014	-1.5359e+014	1.5359e+014	5.2500e-015
5.710e+000	5.6962e-006	-1.5430e+014	-1.5395e+014	1.5395e+014	5.2500e-015
5.720e+000	5.6976e-006	-1.5466e+014	-1.5430e+014	1.5430e+014	5.2500e-015
5.730e+000	5.6990e-006	-1.5501e+014	-1.5466e+014	1.5466e+014	5.2500e-015
5.740e+000	5.7004e-006	-1.5537e+014	-1.5501e+014	1.5501e+014	5.2500e-015
5.750e+000	5.7017e-006	-1.5572e+014	-1.5537e+014	1.5537e+014	5.2500e-015
5.760e+000	5.7031e-006	-1.5608e+014	-1.5572e+014	1.5572e+014	5.2500e-015
5.770e+000	5.7045e-006	-1.5644e+014	-1.5608e+014	1.5608e+014	5.2500e-015
5.780e+000	5.7058e-006	-1.5679e+014	-1.5644e+014	1.5644e+014	5.2500e-015
5.790e+000	5.7072e-006	-1.5715e+014	-1.5679e+014	1.5679e+014	5.2500e-015
5.800e+000	5.7085e-006	-1.5751e+014	-1.5715e+014	1.5715e+014	5.2500e-015
5.810e+000	5.7099e-006	-1.5786e+014	-1.5751e+014	1.5751e+014	5.2500e-015
5.820e+000	5.7112e-006	-1.5822e+014	-1.5786e+014	1.5786e+014	5.2500e-015
5.830e+000	5.7126e-006	-1.5857e+014	-1.5822e+014	1.5822e+014	5.2500e-015
5.840e+000	5.7139e-006	-1.5893e+014	-1.5857e+014	1.5857e+014	5.2500e-015
5.850e+000	5.7152e-006	-1.5929e+014	-1.5893e+014	1.5893e+014	5.2500e-015
5.860e+000	5.7166e-006	-1.5964e+014	-1.5929e+014	1.5929e+014	5.2500e-015
5.870e+000	5.7179e-006	-1.6000e+014	-1.5964e+014	1.5964e+014	5.2500e-015
5.880e+000	5.7192e-006	-1.6036e+014	-1.6000e+014	1.6000e+014	5.2500e-015
5.890e+000	5.7205e-006	-1.6072e+014	-1.6036e+014	1.6036e+014	5.2500e-015
5.900e+000	5.7219e-006	-1.6107e+014	-1.6072e+014	1.6072e+014	5.2500e-015
5.910e+000	5.7232e-006	-1.6143e+014	-1.6107e+014	1.6107e+014	5.2500e-015
5.920e+000	5.7245e-006	-1.6179e+014	-1.6143e+014	1.6143e+014	5.2500e-015
5.930e+000	5.7258e-006	-1.6214e+014	-1.6179e+014	1.6179e+014	5.2500e-015
5.940e+000	5.7271e-006	-1.6250e+014	-1.6214e+014	1.6214e+014	5.2500e-015
5.950e+000	5.7284e-006	-1.6286e+014	-1.6250e+014	1.6250e+014	5.2500e-015
5.960e+000	5.7297e-006	-1.6322e+014	-1.6286e+014	1.6286e+014	5.2500e-015
5.970e+000	5.7310e-006	-1.6357e+014	-1.6322e+014	1.6322e+014	5.2500e-015
5.980e+000	5.7323e-006	-1.6393e+014	-1.6357e+014	1.6357e+014	5.2500e-015
5.990e+000	5.7336e-006	-1.6429e+014	-1.6393e+014	1.6393e+014	5.2500e-015
6.000e+000	5.7349e-006	-1.6465e+014	-1.6429e+014	1.6429e+014	5.2500e-015
6.010e+000	5.7362e-006	-1.6501e+014	-1.6465e+014	1.6465e+014	5.2500e-015
6.020e+000	5.7374e-006	-1.6536e+014	-1.6501e+014	1.6501e+014	5.2500e-015
6.030e+000	5.7387e-006	-1.6572e+014	-1.6536e+014	1.6536e+014	5.2500e-015
6.040e+000	5.7400e-006	-1.6608e+014	-1.6572e+014	1.6572e+014	5.2500e-015
6.050e+000	5.7413e-006	-1.6644e+014	-1.6608e+014	1.6608e+014	5.2500e-015
6.060e+000	5.7425e-006	-1.6680e+014	-1.6644e+014	1.6644e+014	5.2500e-015
6.070e+000	5.7438e-006	-1.6716e+014	-1.6680e+014	1.6680e+014	5.2500e-015
6.080e+000	5.7451e-006	-1.6751e+014	-1.6716e+014	1.6716e+014	5.2500e-015
6.090e+000	5.7463e-006	-1.6787e+014	-1.6751e+014	1.6751e+014	5.2500e-015
6.100e+000	5.7476e-006	-1.6823e+014	-1.6787e+014	1.6787e+014	5.2500e-015
6.110e+000	5.7488e-006	-1.6859e+014	-1.6823e+014	1.6823e+014	5.2500e-015
6.120e+000	5.7501e-006	-1.6895e+014	-1.6859e+014	1.6859e+014	5.2500e-015
6.130e+000	5.7513e-006	-1.6931e+014	-1.6895e+014	1.6895e+014	5.2500e-015
6.140e+000	5.7526e-006	-1.6967e+014	-1.6931e+014	1.6931e+014	5.2500e-015
6.150e+000	5.7538e-006	-1.7003e+014	-1.6967e+014	1.6967e+014	5.2500e-015
6.160e+000	5.7550e-006	-1.7039e+014	-1.7003e+014	1.7003e+014	5.2500e-015
6.170e+000	5.7563e-006	-1.7075e+014	-1.7039e+014	1.7039e+014	5.2500e-015
6.180e+000	5.7575e-006	-1.7110e+014	-1.7075e+014	1.7075e+014	5.2500e-015
6.190e+000	5.7587e-006	-1.7146e+014	-1.7110e+014	1.7110e+014	5.2500e-015
6.200e+000	5.7600e-006	-1.7182e+014	-1.7146e+014	1.7146e+014	5.2500e-015
6.210e+000	5.7612e-006	-1.7218e+014	-1.7182e+014	1.7182e+014	5.2500e-015
6.220e+000	5.7624e-006	-1.7254e+014	-1.7218e+014	1.7218e+014	5.2500e-015
6.230e+000	5.7636e-006	-1.7290e+014	-1.7254e+014	1.7254e+014	5.2500e-015
6.240e+000	5.7649e-006	-1.7326e+014	-1.7290e+014	1.7290e+014	5.2500e-015
6.250e+000	5.7661e-006	-1.7362e+014	-1.7326e+014	1.7326e+014	5.2500e-015
6.260e+000	5.7673e-006	-1.7398e+014	-1.7362e+014	1.7362e+014	5.2500e-015
6.270e+000	5.7685e-006	-1.7434e+014	-1.7398e+014	1.7398e+014	5.2500e-015
6.280e+000	5.7697e-006	-1.7470e+014	-1.7434e+014	1.7434e+014	5.2500e-015
6.290e+000	5.7709e-006	-1.7506e+014	-1.7470e+014	1.7470e+014	5.2500e-015
6.300e+000	5.7721e-006	-1.7542e+014	-1.7506e+014	1.7506e+014	5.2500e-015
6.310e+000	5.7733e-006	-1.7578e+014	-1.7542e+014	1.7542e+014	5.2500e-015
6.320e+000	5.7745e-006	-1.7614e+014	-1.7578e+014	1.7578e+014	5.2500e-015
6.330e+000	5.7757e-006	-1.7650e+014	-1.7614e+014	1.7614e+014	5.2500e-015
6.340e+000	5.7769e-006	-1.7686e+014	-1.7650e+014	1.7650e+014	5.2500e-015
6.350e+000	5.7781e-006	-1.7723e+014	-1.7686e+014	1.7686e+014	5.2500e-015
6.360e+000	5.7792e-006	-1.7759e+014	-1.7723e+014	1.7723e+014	5.2500e-015
6.370e+000	5.7804e-006	-1.7795e+014	-1.7759e+014	1.7759e+014	5.2500e-015
6.380e+000	5.7816e-006	-1.7831e+014	-1.7795e+014	1.7795e+014	5.2500e-015
6.390e+000	5.7828e-006	-1.7867e+014	-1.7831e+014	1.7831e+014	5.2500e-015
6.400e+000	5.7839e-006	-1.7903e+014	-1.7867e+014	1.7867e+014	5.2500e-015
6.410e+000	5.7851e-006	-1.7939e+014	-1.7903e+014	1.7903e+014	5.2500e-015
6.420e+000	5.7863e-006	-1.7975e+014	-1.7939e+014	1.7939e+014	5.2500e-015
6.430e+000	5.7874e-006	-1.8011e+014	-1.7975e+014	1.7975e+014	5.2500e-015
6.440e+000	5.7886e-006	-1.8047e+014	-1.8011e+014	1.8011e+014	5.2500e-015
6.450e+000	5.7898e-006	-1.8084e+014	-1.8047e+014	1.8047e+014	5.2500e-015
6.460e+000	5.7909e-006	-1.8120e+014	-1.8084e+014	1.8084e+014	5.2500e-015
6.470e+000	5.7921e-006	-1.8156e+014	-1.8120e+014	1.8120e+014	5.2500e-015
6.480e+000	5.7932e-006	-1.8192e+014	-1.8156e+014	1.8156e+014	5.2500e-015
6.490e+000	5.7944e-006	-1.8228e+014	-1.8192e+014	1.8192e+014	5.2500e-015
6.500e+000	5.7955e-006	-1.8264e+014	-1.8228e+014	1.8228e+014	5.2500e-015
6.510e+000	5.7967e-006	-1.8301e+014	-1.8264e+014	1.8264e+014	5.2500e-015
6.520e+000	5.7978e-006	-1.8337e+014	-1.8301e+014	1.8301e+014	5.2500e-015
6.530e+000	5.7990e-006	-1.8373e+014	-1.8337e+014	1.8337e+014	5.2500e-015
6.540e+000	5.8001e-006	-1.8409e+014	-1.8373e+014	1.8373e+014	5.2500e-015
6.550e+000	5.8012e-006	-1.8445e+014	-1.8409e+014	1.8409e+014	5.2500e-015
6.560e+000	5.8024e-006	-1.8482e+014	-1.8445e+014	1.8445e+014	5.2500e-015
6.570e+000	5.8035e-006	-1.8518e+014	-1.8482e+014	1.8482e+014	5.2500e-015
6.580e+000	5.8046e-006	-1.8554e+014	-1.8518e+014	1.8518e+014	5.2500e-015
6.590e+000	5.8057e-006	-1.8590e+014	-1.8554e+014	1.8554e+014	5.2500e-015
6.600e+000	5.8069e-006	-1.8627e+014	-1.8590e+014	1.8590e+014	5.2500e-015
6.610e+000	5.8080e-006	-1.8663e+014	-1.8627e+014	1.8627e+014	5.2500e-015
6.620e+000	5.8091e-006	-1.8699e+014	-1.8663e+014	1.8663e+014	5.2500e-015
6.630e+000	5.8102e-006	-1.8735e+014	-1.8699e+014	1.8699e+014	5.2500e-015
6.640e+000	5.8113e-006	-1.8772e+014	-1.8735e+014	1.8735e+014	5.2500e-015
6.650e+000	5.8124e-006	-1.8808e+014	-1.8772e+014	1.8772e+014	5.2500e-015
6.660e+000	5.8136e-006	-1.8844e+014	-1.8808e+014	1.8808e+014	5.2500e-015
6.670e+000	5.8147e-006	-1.8880e+014	-1.8844e+014	1.8844e+014	5.2500e-015
6.680e+000	5.8158e-006	-1.8917e+014	-1.8880e+014	1.8880e+014	5.2500e-015
6.690e+000	5.8169e-006	-1.8953e+014	-1.8917e+014	1.8917e+014	5.2500e-015
6.700e+000	5.8180e-006	-1.8989e+014	-1.8953e+014	1.8953e+014	5.2500e-015
6.710e+000	5.8191e-006	-1.9026e+014	-1.8989e+014	1.8989e+014	5.2500e-015
6.720e+000	5.8202e-006	-1.9062e+014	-1.9026e+014	1.9026e+014	5.2500e-015
6.730e+000	5.8212e-006	-1.9098e+014	-1.9062e+014	1.9062e+014	5.2500e-015
6.740e+000	5.8223e-006	-1.9135e+014	-1.9098e+014	1.9098e+014	5.2500e-015
6.750e+000	5.8234e-006	-1.9171e+014	-1.9135e+014	1.9135e+014	5.2500e-015
6.760e+000	5.8245e-006	-1.9207e+014	-1.9171e+014	1.9171e+014	5.2500e-015
6.770e+000	5.8256e-006	-1.9244e+014	-1.9207e+014	1.9207e+014	5.2500e-015
6.780e+000	5.8267e-006	-1.9280e+014	-1.9244e+014	1.9244e+014	5.2500e-015
6.790e+000	5.8278e-006	-1.9316e+014	-1.9280e+014	1.9280e+014	5.2500e-015
6.800e+000	5.8288e-006	-1.9353e+014	-1.9316e+014	1.9316e+014	5.2500e-015
6.810e+000	5.8299e-006	-1.9389e+014	-1.9353e+014	1.9353e+014	5.2500e-015
6.820e+000	5.8310e-006	-1.9426e+014	-1.9389e+014	1.9389e+014	5.2500e-015
6.830e+000	5.8320e-006	-1.9462e+014	-1.9426e+014	1.9426e+014	5.2500e-015
6.840e+000	5.8331e-006	-1.9498e+014	-1.9462e+014	1.9462e+014	5.2500e-015
6.850e+000	5.8342e-006	-1.9535e+014	-1.9498e+014	1.9498e+014	5.2500e-015
6.860e+000	5.8352e-006	-1.9571e+014	-1.9535e+014	1.9535e+014	5.2500e-015
6.870e+000	5.8363e-006	-1.9608e+014	-1.9571e+014	1.9571e+014	5.2500e-015
6.880e+000	5.8374e-006	-1.9644e+014	-1.9608e+014	1.9608e+014	5.2500e-015
6.890e+000	5.8384e-006	-1.9681e+014	-1.9644e+014	1.9644e+014	5.2500e-015
6.900e+000	5.8395e-006	-1.9717e+014	-1.9681e+014	1.9681e+014	5.2500e-015
6.910e+000	5.8405e-006	-1.9753e+014	-1.9717e+014	1.9717e+014	5.2500e-015
6.920e+000	5.8416e-006	-1.9790e+014	-1.9753e+014	1.9753e+014	5.2500e-015
6.930e+000	5.8426e-006	-1.9826e+014	-1.9790e+014	1.9790e+014	5.2500e-015
6.940e+000	5.8437e-006	-1.9863e+014	-1.9826e+014	1.9826e+014	5.2500e-015
6.950e+000	5.8447e-006	-1.9899e+014	-1.9863e+014	1.9863e+014	5.2500e-015
6.960e+000	5.8458e-006	-1.9936e+014	-1.9899e+014	1.9899e+014	5.2500e-015
6.970e+000	5.8468e-006	-1.9972e+014	-1.9936e+014	1.9936e+014	5.2500e-015
6.980e+000	5.8478e-006	-2.0009e+014	-1.9972e+014	1.9972e+014	5.2500e-015
6.990e+000	5.8489e-006	-2.0045e+014	-2.0009e+014	2.0009e+014	5.2500e-015
7.000e+000	5.8499e-006	-2.0082e+014	-2.0045e+014	2.0045e+014	5.2500e-015
