V	C (Fcm-2)	Initcharge (cm-2)	Finalcharge (cm-2)	ns Total (cm-2)	ps Total (cm-2)
-7.000e+000	4.8034e-017	-9.3462e+000	-6.3481e+000	6.3476e+000	5.2500e-015
-6.990e+000	4.8034e-017	-9.3462e+000	-6.3481e+000	6.3476e+000	5.2500e-015
-6.980e+000	4.8034e-017	-9.3462e+000	-6.3481e+000	6.3476e+000	5.2500e-015
-6.970e+000	4.8034e-017	-9.3462e+000	-6.3481e+000	6.3476e+000	5.2500e-015
-6.960e+000	4.8034e-017	-9.3462e+000	-6.3481e+000	6.3476e+000	5.2500e-015
-6.950e+000	4.8034e-017	-9.3462e+000	-6.3481e+000	6.3476e+000	5.2500e-015
-6.940e+000	4.8034e-017	-9.3462e+000	-6.3481e+000	6.3476e+000	5.2500e-015
-6.930e+000	4.8034e-017	-9.3462e+000	-6.3481e+000	6.3476e+000	5.2500e-015
-6.920e+000	4.8034e-017	-9.3462e+000	-6.3481e+000	6.3476e+000	5.2500e-015
-6.910e+000	4.8034e-017	-9.3462e+000	-6.3481e+000	6.3476e+000	5.2500e-015
-6.900e+000	4.8034e-017	-9.3462e+000	-6.3481e+000	6.3476e+000	5.2500e-015
-6.890e+000	4.8034e-017	-9.3462e+000	-6.3481e+000	6.3476e+000	5.2500e-015
-6.880e+000	4.8034e-017	-9.3462e+000	-6.3481e+000	6.3476e+000	5.2500e-015
-6.870e+000	4.8034e-017	-9.3462e+000	-6.3481e+000	6.3476e+000	5.2500e-015
-6.860e+000	4.8034e-017	-9.3462e+000	-6.3481e+000	6.3476e+000	5.2500e-015
-6.850e+000	4.8034e-017	-9.3462e+000	-6.3481e+000	6.3476e+000	5.2500e-015
-6.840e+000	4.8034e-017	-9.3462e+000	-6.3481e+000	6.3476e+000	5.2500e-015
-6.830e+000	4.8034e-017	-9.3462e+000	-6.3481e+000	6.3476e+000	5.2500e-015
-6.820e+000	4.8034e-017	-9.3462e+000	-6.3481e+000	6.3476e+000	5.2500e-015
-6.810e+000	4.8034e-017	-9.3462e+000	-6.3481e+000	6.3476e+000	5.2500e-015
-6.800e+000	4.8034e-017	-9.3462e+000	-6.3481e+000	6.3476e+000	5.2500e-015
-6.790e+000	4.8034e-017	-9.3462e+000	-6.3481e+000	6.3476e+000	5.2500e-015
-6.780e+000	4.8034e-017	-9.3462e+000	-6.3481e+000	6.3476e+000	5.2500e-015
-6.770e+000	4.8034e-017	-9.3462e+000	-6.3481e+000	6.3476e+000	5.2500e-015
-6.760e+000	4.8034e-017	-9.3462e+000	-6.3481e+000	6.3476e+000	5.2500e-015
-6.750e+000	4.8034e-017	-9.3462e+000	-6.3481e+000	6.3476e+000	5.2500e-015
-6.740e+000	4.8034e-017	-9.3462e+000	-6.3481e+000	6.3476e+000	5.2500e-015
-6.730e+000	4.8034e-017	-9.3462e+000	-6.3481e+000	6.3476e+000	5.2500e-015
-6.720e+000	4.8034e-017	-9.3462e+000	-6.3481e+000	6.3476e+000	5.2500e-015
-6.710e+000	4.8034e-017	-9.3462e+000	-6.3481e+000	6.3476e+000	5.2500e-015
-6.700e+000	4.8034e-017	-9.3462e+000	-6.3481e+000	6.3476e+000	5.2500e-015
-6.690e+000	4.8034e-017	-9.3462e+000	-6.3481e+000	6.3476e+000	5.2500e-015
-6.680e+000	4.8034e-017	-9.3462e+000	-6.3481e+000	6.3476e+000	5.2500e-015
-6.670e+000	4.8034e-017	-9.3462e+000	-6.3481e+000	6.3476e+000	5.2500e-015
-6.660e+000	4.8034e-017	-9.3462e+000	-6.3481e+000	6.3476e+000	5.2500e-015
-6.650e+000	4.8034e-017	-9.3462e+000	-6.3481e+000	6.3476e+000	5.2500e-015
-6.640e+000	4.8034e-017	-9.3462e+000	-6.3481e+000	6.3476e+000	5.2500e-015
-6.630e+000	4.8034e-017	-9.3462e+000	-6.3481e+000	6.3476e+000	5.2500e-015
-6.620e+000	4.8034e-017	-9.3462e+000	-6.3481e+000	6.3476e+000	5.2500e-015
-6.610e+000	4.8034e-017	-9.3462e+000	-6.3481e+000	6.3476e+000	5.2500e-015
-6.600e+000	4.8034e-017	-9.3462e+000	-6.3481e+000	6.3476e+000	5.2500e-015
-6.590e+000	4.8034e-017	-9.3462e+000	-6.3481e+000	6.3476e+000	5.2500e-015
-6.580e+000	4.8034e-017	-9.3462e+000	-6.3481e+000	6.3476e+000	5.2500e-015
-6.570e+000	4.8034e-017	-9.3462e+000	-6.3481e+000	6.3476e+000	5.2500e-015
-6.560e+000	4.8034e-017	-9.3462e+000	-6.3481e+000	6.3476e+000	5.2500e-015
-6.550e+000	4.8034e-017	-9.3462e+000	-6.3481e+000	6.3476e+000	5.2500e-015
-6.540e+000	4.8034e-017	-9.3462e+000	-6.3481e+000	6.3476e+000	5.2500e-015
-6.530e+000	4.8034e-017	-9.3462e+000	-6.3481e+000	6.3476e+000	5.2500e-015
-6.520e+000	4.8034e-017	-9.3462e+000	-6.3481e+000	6.3476e+000	5.2500e-015
-6.510e+000	4.8034e-017	-9.3462e+000	-6.3481e+000	6.3476e+000	5.2500e-015
-6.500e+000	4.8034e-017	-9.3462e+000	-6.3481e+000	6.3476e+000	5.2500e-015
-6.490e+000	4.8034e-017	-9.3462e+000	-6.3481e+000	6.3476e+000	5.2500e-015
-6.480e+000	4.8034e-017	-9.3462e+000	-6.3481e+000	6.3476e+000	5.2500e-015
-6.470e+000	4.8034e-017	-9.3462e+000	-6.3481e+000	6.3476e+000	5.2500e-015
-6.460e+000	4.8034e-017	-9.3462e+000	-6.3481e+000	6.3476e+000	5.2500e-015
-6.450e+000	4.8034e-017	-9.3462e+000	-6.3481e+000	6.3476e+000	5.2500e-015
-6.440e+000	4.8034e-017	-9.3462e+000	-6.3481e+000	6.3476e+000	5.2500e-015
-6.430e+000	4.8034e-017	-9.3462e+000	-6.3481e+000	6.3476e+000	5.2500e-015
-6.420e+000	4.8034e-017	-9.3462e+000	-6.3481e+000	6.3476e+000	5.2500e-015
-6.410e+000	4.8034e-017	-9.3462e+000	-6.3481e+000	6.3476e+000	5.2500e-015
-6.400e+000	4.8034e-017	-9.3462e+000	-6.3481e+000	6.3476e+000	5.2500e-015
-6.390e+000	4.8034e-017	-9.3462e+000	-6.3481e+000	6.3476e+000	5.2500e-015
-6.380e+000	4.8034e-017	-9.3462e+000	-6.3481e+000	6.3476e+000	5.2500e-015
-6.370e+000	4.8034e-017	-9.3462e+000	-6.3481e+000	6.3476e+000	5.2500e-015
-6.360e+000	4.8034e-017	-9.3462e+000	-6.3481e+000	6.3476e+000	5.2500e-015
-6.350e+000	4.8034e-017	-9.3462e+000	-6.3481e+000	6.3476e+000	5.2500e-015
-6.340e+000	4.8034e-017	-9.3462e+000	-6.3481e+000	6.3476e+000	5.2500e-015
-6.330e+000	4.8034e-017	-9.3462e+000	-6.3481e+000	6.3476e+000	5.2500e-015
-6.320e+000	4.8034e-017	-9.3462e+000	-6.3481e+000	6.3476e+000	5.2500e-015
-6.310e+000	4.8034e-017	-9.3462e+000	-6.3481e+000	6.3476e+000	5.2500e-015
-6.300e+000	4.8034e-017	-9.3462e+000	-6.3481e+000	6.3476e+000	5.2500e-015
-6.290e+000	4.8034e-017	-9.3462e+000	-6.3481e+000	6.3476e+000	5.2500e-015
-6.280e+000	4.8034e-017	-9.3462e+000	-6.3481e+000	6.3476e+000	5.2500e-015
-6.270e+000	4.8034e-017	-9.3462e+000	-6.3481e+000	6.3476e+000	5.2500e-015
-6.260e+000	4.8034e-017	-9.3462e+000	-6.3481e+000	6.3476e+000	5.2500e-015
-6.250e+000	4.8034e-017	-9.3462e+000	-6.3481e+000	6.3476e+000	5.2500e-015
-6.240e+000	4.8034e-017	-9.3462e+000	-6.3481e+000	6.3476e+000	5.2500e-015
-6.230e+000	4.8034e-017	-9.3462e+000	-6.3481e+000	6.3476e+000	5.2500e-015
-6.220e+000	4.8034e-017	-9.3462e+000	-6.3481e+000	6.3476e+000	5.2500e-015
-6.210e+000	4.8034e-017	-9.3462e+000	-6.3481e+000	6.3476e+000	5.2500e-015
-6.200e+000	4.8034e-017	-9.3462e+000	-6.3481e+000	6.3476e+000	5.2500e-015
-6.190e+000	4.8034e-017	-9.3462e+000	-6.3481e+000	6.3476e+000	5.2500e-015
-6.180e+000	4.8034e-017	-9.3462e+000	-6.3481e+000	6.3476e+000	5.2500e-015
-6.170e+000	4.8034e-017	-9.3462e+000	-6.3481e+000	6.3476e+000	5.2500e-015
-6.160e+000	4.8034e-017	-9.3462e+000	-6.3481e+000	6.3476e+000	5.2500e-015
-6.150e+000	4.8034e-017	-9.3462e+000	-6.3481e+000	6.3476e+000	5.2500e-015
-6.140e+000	4.8034e-017	-9.3462e+000	-6.3481e+000	6.3476e+000	5.2500e-015
-6.130e+000	4.8034e-017	-9.3462e+000	-6.3481e+000	6.3476e+000	5.2500e-015
-6.120e+000	4.8034e-017	-9.3462e+000	-6.3481e+000	6.3476e+000	5.2500e-015
-6.110e+000	4.8034e-017	-9.3462e+000	-6.3481e+000	6.3476e+000	5.2500e-015
-6.100e+000	4.8034e-017	-9.3462e+000	-6.3481e+000	6.3476e+000	5.2500e-015
-6.090e+000	4.8034e-017	-9.3462e+000	-6.3481e+000	6.3476e+000	5.2500e-015
-6.080e+000	4.8034e-017	-9.3462e+000	-6.3481e+000	6.3476e+000	5.2500e-015
-6.070e+000	4.8034e-017	-9.3462e+000	-6.3481e+000	6.3476e+000	5.2500e-015
-6.060e+000	4.8034e-017	-9.3462e+000	-6.3481e+000	6.3476e+000	5.2500e-015
-6.050e+000	4.8034e-017	-9.3462e+000	-6.3481e+000	6.3476e+000	5.2500e-015
-6.040e+000	4.8034e-017	-9.3462e+000	-6.3481e+000	6.3476e+000	5.2500e-015
-6.030e+000	4.8034e-017	-9.3462e+000	-6.3481e+000	6.3476e+000	5.2500e-015
-6.020e+000	4.8034e-017	-9.3462e+000	-6.3481e+000	6.3476e+000	5.2500e-015
-6.010e+000	4.8034e-017	-9.3462e+000	-6.3481e+000	6.3476e+000	5.2500e-015
-6.000e+000	4.8034e-017	-9.3462e+000	-6.3481e+000	6.3476e+000	5.2500e-015
-5.990e+000	4.8034e-017	-9.3462e+000	-6.3481e+000	6.3476e+000	5.2500e-015
-5.980e+000	4.8034e-017	-9.3462e+000	-6.3481e+000	6.3476e+000	5.2500e-015
-5.970e+000	4.8034e-017	-9.3462e+000	-6.3481e+000	6.3476e+000	5.2500e-015
-5.960e+000	4.8034e-017	-9.3462e+000	-6.3481e+000	6.3476e+000	5.2500e-015
-5.950e+000	4.8034e-017	-9.3462e+000	-6.3481e+000	6.3476e+000	5.2500e-015
-5.940e+000	4.8034e-017	-9.3462e+000	-6.3481e+000	6.3476e+000	5.2500e-015
-5.930e+000	4.8034e-017	-9.3462e+000	-6.3481e+000	6.3476e+000	5.2500e-015
-5.920e+000	4.8034e-017	-9.3462e+000	-6.3481e+000	6.3476e+000	5.2500e-015
-5.910e+000	4.8034e-017	-9.3462e+000	-6.3481e+000	6.3476e+000	5.2500e-015
-5.900e+000	4.8034e-017	-9.3462e+000	-6.3481e+000	6.3476e+000	5.2500e-015
-5.890e+000	4.8034e-017	-9.3462e+000	-6.3481e+000	6.3476e+000	5.2500e-015
-5.880e+000	4.8034e-017	-9.3462e+000	-6.3481e+000	6.3476e+000	5.2500e-015
-5.870e+000	4.8034e-017	-9.3462e+000	-6.3481e+000	6.3476e+000	5.2500e-015
-5.860e+000	4.8034e-017	-9.3462e+000	-6.3481e+000	6.3476e+000	5.2500e-015
-5.850e+000	4.8034e-017	-9.3462e+000	-6.3481e+000	6.3476e+000	5.2500e-015
-5.840e+000	4.8034e-017	-9.3462e+000	-6.3481e+000	6.3476e+000	5.2500e-015
-5.830e+000	4.8034e-017	-9.3462e+000	-6.3481e+000	6.3476e+000	5.2500e-015
-5.820e+000	4.8034e-017	-9.3462e+000	-6.3481e+000	6.3476e+000	5.2500e-015
-5.810e+000	4.8034e-017	-9.3462e+000	-6.3481e+000	6.3476e+000	5.2500e-015
-5.800e+000	4.8034e-017	-9.3462e+000	-6.3481e+000	6.3476e+000	5.2500e-015
-5.790e+000	4.8034e-017	-9.3462e+000	-6.3481e+000	6.3476e+000	5.2500e-015
-5.780e+000	4.8034e-017	-9.3462e+000	-6.3481e+000	6.3476e+000	5.2500e-015
-5.770e+000	4.8034e-017	-9.3462e+000	-6.3481e+000	6.3476e+000	5.2500e-015
-5.760e+000	4.8034e-017	-9.3462e+000	-6.3481e+000	6.3476e+000	5.2500e-015
-5.750e+000	4.8034e-017	-9.3462e+000	-6.3481e+000	6.3476e+000	5.2500e-015
-5.740e+000	4.8034e-017	-9.3462e+000	-6.3481e+000	6.3476e+000	5.2500e-015
-5.730e+000	4.8034e-017	-9.3462e+000	-6.3481e+000	6.3476e+000	5.2500e-015
-5.720e+000	4.8034e-017	-9.3462e+000	-6.3481e+000	6.3476e+000	5.2500e-015
-5.710e+000	4.8034e-017	-9.3462e+000	-6.3481e+000	6.3476e+000	5.2500e-015
-5.700e+000	4.8034e-017	-9.3462e+000	-6.3481e+000	6.3476e+000	5.2500e-015
-5.690e+000	4.8034e-017	-9.3462e+000	-6.3481e+000	6.3476e+000	5.2500e-015
-5.680e+000	4.8034e-017	-9.3462e+000	-6.3481e+000	6.3476e+000	5.2500e-015
-5.670e+000	4.8034e-017	-9.3462e+000	-6.3481e+000	6.3476e+000	5.2500e-015
-5.660e+000	4.8034e-017	-9.3462e+000	-6.3481e+000	6.3476e+000	5.2500e-015
-5.650e+000	4.8034e-017	-9.3462e+000	-6.3481e+000	6.3476e+000	5.2500e-015
-5.640e+000	4.8034e-017	-9.3462e+000	-6.3481e+000	6.3476e+000	5.2500e-015
-5.630e+000	4.8034e-017	-9.3462e+000	-6.3481e+000	6.3476e+000	5.2500e-015
-5.620e+000	4.8034e-017	-9.3462e+000	-6.3481e+000	6.3476e+000	5.2500e-015
-5.610e+000	4.8034e-017	-9.3462e+000	-6.3481e+000	6.3476e+000	5.2500e-015
-5.600e+000	4.8034e-017	-9.3462e+000	-6.3481e+000	6.3476e+000	5.2500e-015
-5.590e+000	4.8034e-017	-9.3462e+000	-6.3481e+000	6.3476e+000	5.2500e-015
-5.580e+000	4.8034e-017	-9.3462e+000	-6.3481e+000	6.3476e+000	5.2500e-015
-5.570e+000	4.8034e-017	-9.3462e+000	-6.3481e+000	6.3476e+000	5.2500e-015
-5.560e+000	4.8034e-017	-9.3462e+000	-6.3481e+000	6.3476e+000	5.2500e-015
-5.550e+000	4.8034e-017	-9.3462e+000	-6.3481e+000	6.3476e+000	5.2500e-015
-5.540e+000	4.8034e-017	-9.3462e+000	-6.3481e+000	6.3476e+000	5.2500e-015
-5.530e+000	4.8034e-017	-9.3462e+000	-6.3481e+000	6.3476e+000	5.2500e-015
-5.520e+000	4.8034e-017	-9.3462e+000	-6.3481e+000	6.3476e+000	5.2500e-015
-5.510e+000	4.8034e-017	-9.3462e+000	-6.3481e+000	6.3476e+000	5.2500e-015
-5.500e+000	4.8034e-017	-9.3462e+000	-6.3481e+000	6.3476e+000	5.2500e-015
-5.490e+000	4.8034e-017	-9.3462e+000	-6.3481e+000	6.3476e+000	5.2500e-015
-5.480e+000	4.8034e-017	-9.3462e+000	-6.3481e+000	6.3476e+000	5.2500e-015
-5.470e+000	4.8034e-017	-9.3462e+000	-6.3481e+000	6.3476e+000	5.2500e-015
-5.460e+000	4.8034e-017	-9.3462e+000	-6.3481e+000	6.3476e+000	5.2500e-015
-5.450e+000	4.8034e-017	-9.3462e+000	-6.3481e+000	6.3476e+000	5.2500e-015
-5.440e+000	4.8034e-017	-9.3462e+000	-6.3481e+000	6.3476e+000	5.2500e-015
-5.430e+000	4.8034e-017	-9.3462e+000	-6.3481e+000	6.3476e+000	5.2500e-015
-5.420e+000	4.8034e-017	-9.3462e+000	-6.3482e+000	6.3476e+000	5.2500e-015
-5.410e+000	4.8034e-017	-9.3462e+000	-6.3482e+000	6.3476e+000	5.2500e-015
-5.400e+000	4.8034e-017	-9.3462e+000	-6.3482e+000	6.3476e+000	5.2500e-015
-5.390e+000	4.8034e-017	-9.3462e+000	-6.3482e+000	6.3476e+000	5.2500e-015
-5.380e+000	4.8034e-017	-9.3462e+000	-6.3482e+000	6.3476e+000	5.2500e-015
-5.370e+000	4.8035e-017	-9.3463e+000	-6.3482e+000	6.3476e+000	5.2500e-015
-5.360e+000	4.8035e-017	-9.3463e+000	-6.3482e+000	6.3477e+000	5.2500e-015
-5.350e+000	4.8035e-017	-9.3464e+000	-6.3483e+000	6.3477e+000	5.2500e-015
-5.340e+000	4.8035e-017	-9.3464e+000	-6.3483e+000	6.3478e+000	5.2500e-015
-5.330e+000	4.8036e-017	-9.3466e+000	-6.3484e+000	6.3478e+000	5.2500e-015
-5.320e+000	4.8037e-017	-9.3467e+000	-6.3485e+000	6.3480e+000	5.2500e-015
-5.310e+000	4.8038e-017	-9.3470e+000	-6.3487e+000	6.3481e+000	5.2500e-015
-5.300e+000	4.8040e-017	-9.3474e+000	-6.3490e+000	6.3484e+000	5.2500e-015
-5.290e+000	4.8043e-017	-9.3479e+000	-6.3493e+000	6.3488e+000	5.2500e-015
-5.280e+000	4.8047e-017	-9.3488e+000	-6.3499e+000	6.3493e+000	5.2500e-015
-5.270e+000	4.8054e-017	-9.3500e+000	-6.3507e+000	6.3502e+000	5.2500e-015
-5.260e+000	4.8063e-017	-9.3518e+000	-6.3520e+000	6.3514e+000	5.2500e-015
-5.250e+000	4.8077e-017	-9.3545e+000	-6.3538e+000	6.3532e+000	5.2500e-015
-5.240e+000	4.8097e-017	-9.3584e+000	-6.3564e+000	6.3558e+000	5.2500e-015
-5.230e+000	4.8126e-017	-9.3641e+000	-6.3603e+000	6.3597e+000	5.2500e-015
-5.220e+000	4.8170e-017	-9.3726e+000	-6.3661e+000	6.3655e+000	5.2500e-015
-5.210e+000	4.8234e-017	-9.3850e+000	-6.3745e+000	6.3739e+000	5.2500e-015
-5.200e+000	4.8328e-017	-9.4033e+000	-6.3870e+000	6.3864e+000	5.2500e-015
-5.190e+000	4.8467e-017	-9.4303e+000	-6.4053e+000	6.4047e+000	5.2500e-015
-5.180e+000	4.8675e-017	-9.4703e+000	-6.4323e+000	6.4317e+000	5.2500e-015
-5.170e+000	4.8971e-017	-9.5288e+000	-6.4723e+000	6.4715e+000	5.2500e-015
-5.160e+000	4.9430e-017	-9.6159e+000	-6.5308e+000	6.5300e+000	5.2500e-015
-5.150e+000	5.0066e-017	-9.7427e+000	-6.6179e+000	6.6161e+000	5.2500e-015
-5.140e+000	5.1029e-017	-9.9297e+000	-6.7447e+000	6.7429e+000	5.2500e-015
-5.130e+000	5.2462e-017	-1.0206e+001	-6.9316e+000	6.9296e+000	5.2500e-015
-5.120e+000	5.4530e-017	-1.0611e+001	-7.2080e+000	7.2045e+000	5.2500e-015
-5.110e+000	5.7624e-017	-1.1210e+001	-7.6134e+000	7.6092e+000	5.2500e-015
-5.100e+000	6.2125e-017	-1.2089e+001	-8.2120e+000	8.2050e+000	5.2500e-015
-5.090e+000	6.8794e-017	-1.3385e+001	-9.0914e+000	9.0823e+000	5.2500e-015
-5.080e+000	7.8583e-017	-1.5292e+001	-1.0387e+001	1.0374e+001	5.2500e-015
-5.070e+000	9.3023e-017	-1.8100e+001	-1.2294e+001	1.2275e+001	5.2500e-015
-5.060e+000	1.1427e-016	-2.2234e+001	-1.5102e+001	1.5075e+001	5.2500e-015
-5.050e+000	1.4557e-016	-2.8321e+001	-1.9236e+001	1.9197e+001	5.2500e-015
-5.040e+000	1.9162e-016	-3.7283e+001	-2.5323e+001	2.5266e+001	5.2500e-015
-5.030e+000	2.5942e-016	-5.0477e+001	-3.4285e+001	3.4200e+001	5.2500e-015
-5.020e+000	3.5927e-016	-6.9902e+001	-4.7479e+001	4.7355e+001	5.2500e-015
-5.010e+000	5.0625e-016	-9.8502e+001	-6.6904e+001	6.6722e+001	5.2500e-015
-5.000e+000	7.2268e-016	-1.4061e+002	-9.5504e+001	9.5236e+001	5.2500e-015
-4.990e+000	1.0413e-015	-2.0260e+002	-1.3761e+002	1.3722e+002	5.2500e-015
-4.980e+000	1.5104e-015	-2.9388e+002	-1.9960e+002	1.9903e+002	5.2500e-015
-4.970e+000	2.2010e-015	-4.2826e+002	-2.9088e+002	2.9003e+002	5.2500e-015
-4.960e+000	3.2179e-015	-6.2610e+002	-4.2526e+002	4.2400e+002	5.2500e-015
-4.950e+000	4.7149e-015	-9.1739e+002	-6.2310e+002	6.2126e+002	5.2500e-015
-4.940e+000	6.9191e-015	-1.3462e+003	-9.1439e+002	9.1167e+002	5.2500e-015
-4.930e+000	1.0164e-014	-1.9776e+003	-1.3432e+003	1.3392e+003	5.2500e-015
-4.920e+000	1.4942e-014	-2.9072e+003	-1.9746e+003	1.9688e+003	5.2500e-015
-4.910e+000	2.1976e-014	-4.2759e+003	-2.9042e+003	2.8956e+003	5.2500e-015
-4.900e+000	3.2332e-014	-6.2909e+003	-4.2729e+003	4.2601e+003	5.2500e-015
-4.890e+000	4.7580e-014	-9.2576e+003	-6.2879e+003	6.2691e+003	5.2500e-015
-4.880e+000	7.0029e-014	-1.3625e+004	-9.2546e+003	9.2269e+003	5.2500e-015
-4.870e+000	1.0308e-013	-2.0056e+004	-1.3622e+004	1.3582e+004	5.2500e-015
-4.860e+000	1.5174e-013	-2.9524e+004	-2.0053e+004	1.9993e+004	5.2500e-015
-4.850e+000	2.2338e-013	-4.3463e+004	-2.9521e+004	2.9433e+004	5.2500e-015
-4.840e+000	3.2886e-013	-6.3986e+004	-4.3460e+004	4.3330e+004	5.2500e-015
-4.830e+000	4.8415e-013	-9.4201e+004	-6.3983e+004	6.3791e+004	5.2500e-015
-4.820e+000	7.1277e-013	-1.3869e+005	-9.4198e+004	9.3916e+004	5.2500e-015
-4.810e+000	1.0494e-012	-2.0418e+005	-1.3868e+005	1.3827e+005	5.2500e-015
-4.800e+000	1.5449e-012	-3.0060e+005	-2.0418e+005	2.0356e+005	5.2500e-015
-4.790e+000	2.2745e-012	-4.4256e+005	-3.0060e+005	2.9970e+005	5.2500e-015
-4.780e+000	3.3485e-012	-6.5155e+005	-4.4255e+005	4.4123e+005	5.2500e-015
-4.770e+000	4.9295e-012	-9.5922e+005	-6.5155e+005	6.4960e+005	5.2500e-015
-4.760e+000	7.2569e-012	-1.4122e+006	-9.5922e+005	9.5635e+005	5.2500e-015
-4.750e+000	1.0682e-011	-2.0789e+006	-1.4122e+006	1.4079e+006	5.2500e-015
-4.740e+000	1.5724e-011	-3.0603e+006	-2.0789e+006	2.0727e+006	5.2500e-015
-4.730e+000	2.3142e-011	-4.5047e+006	-3.0603e+006	3.0511e+006	5.2500e-015
-4.720e+000	3.4055e-011	-6.6302e+006	-4.5047e+006	4.4912e+006	5.2500e-015
-4.710e+000	5.0101e-011	-9.7573e+006	-6.6302e+006	6.6104e+006	5.2500e-015
-4.700e+000	7.3682e-011	-1.4356e+007	-9.7573e+006	9.7281e+006	5.2500e-015
-4.690e+000	1.0831e-010	-2.1116e+007	-1.4356e+007	1.4313e+007	5.2500e-015
-4.680e+000	1.5908e-010	-3.1045e+007	-2.1116e+007	2.1053e+007	5.2500e-015
-4.670e+000	2.3341e-010	-4.5613e+007	-3.1045e+007	3.0952e+007	5.2500e-015
-4.660e+000	3.4191e-010	-6.6953e+007	-4.5613e+007	4.5477e+007	5.2500e-015
-4.650e+000	4.9969e-010	-9.8141e+007	-6.6953e+007	6.6754e+007	5.2500e-015
-4.640e+000	7.2786e-010	-1.4357e+008	-9.8141e+007	9.7849e+007	5.2500e-015
-4.630e+000	1.0552e-009	-2.0943e+008	-1.4357e+008	1.4314e+008	5.2500e-015
-4.620e+000	1.5197e-009	-3.0428e+008	-2.0943e+008	2.0881e+008	5.2500e-015
-4.610e+000	2.1690e-009	-4.3966e+008	-3.0428e+008	3.0339e+008	5.2500e-015
-4.600e+000	3.0586e-009	-6.3057e+008	-4.3966e+008	4.3838e+008	5.2500e-015
-4.590e+000	4.2472e-009	-8.9566e+008	-6.3057e+008	6.2875e+008	5.2500e-015
-4.580e+000	5.7881e-009	-1.2569e+009	-8.9566e+008	8.9312e+008	5.2500e-015
-4.570e+000	7.7192e-009	-1.7387e+009	-1.2569e+009	1.2534e+009	5.2500e-015
-4.560e+000	1.0058e-008	-2.3665e+009	-1.7387e+009	1.7340e+009	5.2500e-015
-4.550e+000	1.2801e-008	-3.1654e+009	-2.3665e+009	2.3603e+009	5.2500e-015
-4.540e+000	1.5938e-008	-4.1602e+009	-3.1654e+009	3.1575e+009	5.2500e-015
-4.530e+000	1.9462e-008	-5.3749e+009	-4.1602e+009	4.1503e+009	5.2500e-015
-4.520e+000	2.3380e-008	-6.8342e+009	-5.3749e+009	5.3629e+009	5.2500e-015
-4.510e+000	2.7718e-008	-8.5642e+009	-6.8342e+009	6.8200e+009	5.2500e-015
-4.500e+000	3.2512e-008	-1.0593e+010	-8.5642e+009	8.5478e+009	5.2500e-015
-4.490e+000	3.7804e-008	-1.2953e+010	-1.0593e+010	1.0575e+010	5.2500e-015
-4.480e+000	4.3628e-008	-1.5676e+010	-1.2953e+010	1.2932e+010	5.2500e-015
-4.470e+000	5.0007e-008	-1.8797e+010	-1.5676e+010	1.5653e+010	5.2500e-015
-4.460e+000	5.6944e-008	-2.2351e+010	-1.8797e+010	1.8773e+010	5.2500e-015
-4.450e+000	6.4418e-008	-2.6372e+010	-2.2351e+010	2.2325e+010	5.2500e-015
-4.440e+000	7.2384e-008	-3.0890e+010	-2.6372e+010	2.6344e+010	5.2500e-015
-4.430e+000	8.0773e-008	-3.5931e+010	-3.0890e+010	3.0861e+010	5.2500e-015
-4.420e+000	8.9500e-008	-4.1517e+010	-3.5931e+010	3.5901e+010	5.2500e-015
-4.410e+000	9.8464e-008	-4.7663e+010	-4.1517e+010	4.1486e+010	5.2500e-015
-4.400e+000	1.0756e-007	-5.4376e+010	-4.7663e+010	4.7631e+010	5.2500e-015
-4.390e+000	1.1669e-007	-6.1660e+010	-5.4376e+010	5.4343e+010	5.2500e-015
-4.380e+000	1.2574e-007	-6.9508e+010	-6.1660e+010	6.1626e+010	5.2500e-015
-4.370e+000	1.3464e-007	-7.7911e+010	-6.9508e+010	6.9473e+010	5.2500e-015
-4.360e+000	1.4331e-007	-8.6856e+010	-7.7911e+010	7.7876e+010	5.2500e-015
-4.350e+000	1.5169e-007	-9.6324e+010	-8.6856e+010	8.6821e+010	5.2500e-015
-4.340e+000	1.5974e-007	-1.0629e+011	-9.6324e+010	9.6288e+010	5.2500e-015
-4.330e+000	1.6676e-007	-1.1670e+011	-1.0629e+011	1.0626e+011	5.2500e-015
-4.320e+000	1.7417e-007	-1.2757e+011	-1.1670e+011	1.1667e+011	5.2500e-015
-4.310e+000	1.8114e-007	-1.3888e+011	-1.2757e+011	1.2754e+011	5.2500e-015
-4.300e+000	1.8745e-007	-1.5058e+011	-1.3888e+011	1.3884e+011	5.2500e-015
-4.290e+000	1.9364e-007	-1.6266e+011	-1.5058e+011	1.5054e+011	5.2500e-015
-4.280e+000	1.9933e-007	-1.7511e+011	-1.6266e+011	1.6263e+011	5.2500e-015
-4.270e+000	2.0466e-007	-1.8788e+011	-1.7511e+011	1.7507e+011	5.2500e-015
-4.260e+000	2.0966e-007	-2.0097e+011	-1.8788e+011	1.8784e+011	5.2500e-015
-4.250e+000	2.1434e-007	-2.1434e+011	-2.0097e+011	2.0093e+011	5.2500e-015
-4.240e+000	2.1873e-007	-2.2800e+011	-2.1434e+011	2.1431e+011	5.2500e-015
-4.230e+000	2.2282e-007	-2.4190e+011	-2.2800e+011	2.2796e+011	5.2500e-015
-4.220e+000	2.2671e-007	-2.5605e+011	-2.4190e+011	2.4187e+011	5.2500e-015
-4.210e+000	2.3024e-007	-2.7042e+011	-2.5605e+011	2.5602e+011	5.2500e-015
-4.200e+000	2.3365e-007	-2.8501e+011	-2.7042e+011	2.7039e+011	5.2500e-015
-4.190e+000	2.3675e-007	-2.9978e+011	-2.8501e+011	2.8497e+011	5.2500e-015
-4.180e+000	2.3973e-007	-3.1475e+011	-2.9978e+011	2.9974e+011	5.2500e-015
-4.170e+000	2.4246e-007	-3.2988e+011	-3.1475e+011	3.1471e+011	5.2500e-015
-4.160e+000	2.4509e-007	-3.4518e+011	-3.2988e+011	3.2984e+011	5.2500e-015
-4.150e+000	2.4753e-007	-3.6063e+011	-3.4518e+011	3.4514e+011	5.2500e-015
-4.140e+000	2.4979e-007	-3.7622e+011	-3.6063e+011	3.6059e+011	5.2500e-015
-4.130e+000	2.5197e-007	-3.9194e+011	-3.7622e+011	3.7618e+011	5.2500e-015
-4.120e+000	2.5401e-007	-4.0780e+011	-3.9194e+011	3.9191e+011	5.2500e-015
-4.110e+000	2.5590e-007	-4.2377e+011	-4.0780e+011	4.0776e+011	5.2500e-015
-4.100e+000	2.5773e-007	-4.3986e+011	-4.2377e+011	4.2373e+011	5.2500e-015
-4.090e+000	2.5943e-007	-4.5605e+011	-4.3986e+011	4.3982e+011	5.2500e-015
-4.080e+000	2.6105e-007	-4.7234e+011	-4.5605e+011	4.5601e+011	5.2500e-015
-4.070e+000	2.6256e-007	-4.8873e+011	-4.7234e+011	4.7230e+011	5.2500e-015
-4.060e+000	2.6402e-007	-5.0521e+011	-4.8873e+011	4.8869e+011	5.2500e-015
-4.050e+000	2.6539e-007	-5.2177e+011	-5.0521e+011	5.0517e+011	5.2500e-015
-4.040e+000	2.6670e-007	-5.3842e+011	-5.2177e+011	5.2173e+011	5.2500e-015
-4.030e+000	2.6793e-007	-5.5514e+011	-5.3842e+011	5.3838e+011	5.2500e-015
-4.020e+000	2.6911e-007	-5.7194e+011	-5.5514e+011	5.5510e+011	5.2500e-015
-4.010e+000	2.7022e-007	-5.8880e+011	-5.7194e+011	5.7190e+011	5.2500e-015
-4.000e+000	2.7130e-007	-6.0574e+011	-5.8880e+011	5.8876e+011	5.2500e-015
-3.990e+000	2.7232e-007	-6.2273e+011	-6.0574e+011	6.0570e+011	5.2500e-015
-3.980e+000	2.7329e-007	-6.3979e+011	-6.2273e+011	6.2269e+011	5.2500e-015
-3.970e+000	2.7422e-007	-6.5691e+011	-6.3979e+011	6.3975e+011	5.2500e-015
-3.960e+000	2.7511e-007	-6.7408e+011	-6.5691e+011	6.5687e+011	5.2500e-015
-3.950e+000	2.7597e-007	-6.9130e+011	-6.7408e+011	6.7404e+011	5.2500e-015
-3.940e+000	2.7679e-007	-7.0858e+011	-6.9130e+011	6.9126e+011	5.2500e-015
-3.930e+000	2.7757e-007	-7.2590e+011	-7.0858e+011	7.0854e+011	5.2500e-015
-3.920e+000	2.7834e-007	-7.4327e+011	-7.2590e+011	7.2586e+011	5.2500e-015
-3.910e+000	2.7908e-007	-7.6069e+011	-7.4327e+011	7.4324e+011	5.2500e-015
-3.900e+000	2.7979e-007	-7.7816e+011	-7.6069e+011	7.6065e+011	5.2500e-015
-3.890e+000	2.8049e-007	-7.9566e+011	-7.7816e+011	7.7812e+011	5.2500e-015
-3.880e+000	2.8116e-007	-8.1321e+011	-7.9566e+011	7.9562e+011	5.2500e-015
-3.870e+000	2.8182e-007	-8.3080e+011	-8.1321e+011	8.1317e+011	5.2500e-015
-3.860e+000	2.8247e-007	-8.4843e+011	-8.3080e+011	8.3076e+011	5.2500e-015
-3.850e+000	2.8310e-007	-8.6610e+011	-8.4843e+011	8.4839e+011	5.2500e-015
-3.840e+000	2.8373e-007	-8.8381e+011	-8.6610e+011	8.6606e+011	5.2500e-015
-3.830e+000	2.8435e-007	-9.0156e+011	-8.8381e+011	8.8377e+011	5.2500e-015
-3.820e+000	2.8497e-007	-9.1935e+011	-9.0156e+011	9.0152e+011	5.2500e-015
-3.810e+000	2.8560e-007	-9.3717e+011	-9.1935e+011	9.1931e+011	5.2500e-015
-3.800e+000	2.8622e-007	-9.5504e+011	-9.3717e+011	9.3713e+011	5.2500e-015
-3.790e+000	2.8686e-007	-9.7294e+011	-9.5504e+011	9.5500e+011	5.2500e-015
-3.780e+000	2.8751e-007	-9.9088e+011	-9.7294e+011	9.7290e+011	5.2500e-015
-3.770e+000	2.8818e-007	-1.0089e+012	-9.9088e+011	9.9084e+011	5.2500e-015
-3.760e+000	2.8887e-007	-1.0269e+012	-1.0089e+012	1.0088e+012	5.2500e-015
-3.750e+000	2.8958e-007	-1.0450e+012	-1.0269e+012	1.0269e+012	5.2500e-015
-3.740e+000	2.9033e-007	-1.0631e+012	-1.0450e+012	1.0449e+012	5.2500e-015
-3.730e+000	2.9112e-007	-1.0813e+012	-1.0631e+012	1.0631e+012	5.2500e-015
-3.720e+000	2.9178e-007	-1.0995e+012	-1.0813e+012	1.0812e+012	5.2500e-015
-3.710e+000	2.9279e-007	-1.1178e+012	-1.0995e+012	1.0994e+012	5.2500e-015
-3.700e+000	2.9373e-007	-1.1361e+012	-1.1178e+012	1.1177e+012	5.2500e-015
-3.690e+000	2.9472e-007	-1.1545e+012	-1.1361e+012	1.1360e+012	5.2500e-015
-3.680e+000	2.9579e-007	-1.1729e+012	-1.1545e+012	1.1544e+012	5.2500e-015
-3.670e+000	2.9694e-007	-1.1915e+012	-1.1729e+012	1.1729e+012	5.2500e-015
-3.660e+000	2.9817e-007	-1.2101e+012	-1.1915e+012	1.1914e+012	5.2500e-015
-3.650e+000	2.9949e-007	-1.2288e+012	-1.2101e+012	1.2100e+012	5.2500e-015
-3.640e+000	3.0092e-007	-1.2476e+012	-1.2288e+012	1.2287e+012	5.2500e-015
-3.630e+000	3.0244e-007	-1.2664e+012	-1.2476e+012	1.2475e+012	5.2500e-015
-3.620e+000	3.0408e-007	-1.2854e+012	-1.2664e+012	1.2664e+012	5.2500e-015
-3.610e+000	3.0583e-007	-1.3045e+012	-1.2854e+012	1.2854e+012	5.2500e-015
-3.600e+000	3.0769e-007	-1.3237e+012	-1.3045e+012	1.3045e+012	5.2500e-015
-3.590e+000	3.0967e-007	-1.3430e+012	-1.3237e+012	1.3237e+012	5.2500e-015
-3.580e+000	3.1162e-007	-1.3625e+012	-1.3430e+012	1.3430e+012	5.2500e-015
-3.570e+000	3.1393e-007	-1.3821e+012	-1.3625e+012	1.3624e+012	5.2500e-015
-3.560e+000	3.1622e-007	-1.4018e+012	-1.3821e+012	1.3820e+012	5.2500e-015
-3.550e+000	3.1861e-007	-1.4217e+012	-1.4018e+012	1.4018e+012	5.2500e-015
-3.540e+000	3.2108e-007	-1.4417e+012	-1.4217e+012	1.4217e+012	5.2500e-015
-3.530e+000	3.2363e-007	-1.4619e+012	-1.4417e+012	1.4417e+012	5.2500e-015
-3.520e+000	3.2623e-007	-1.4823e+012	-1.4619e+012	1.4619e+012	5.2500e-015
-3.510e+000	3.2887e-007	-1.5028e+012	-1.4823e+012	1.4823e+012	5.2500e-015
-3.500e+000	3.3155e-007	-1.5235e+012	-1.5028e+012	1.5028e+012	5.2500e-015
-3.490e+000	3.3424e-007	-1.5444e+012	-1.5235e+012	1.5235e+012	5.2500e-015
-3.480e+000	3.3693e-007	-1.5654e+012	-1.5444e+012	1.5443e+012	5.2500e-015
-3.470e+000	3.3962e-007	-1.5866e+012	-1.5654e+012	1.5654e+012	5.2500e-015
-3.460e+000	3.4227e-007	-1.6080e+012	-1.5866e+012	1.5866e+012	5.2500e-015
-3.450e+000	3.4489e-007	-1.6295e+012	-1.6080e+012	1.6079e+012	5.2500e-015
-3.440e+000	3.4747e-007	-1.6512e+012	-1.6295e+012	1.6295e+012	5.2500e-015
-3.430e+000	3.4999e-007	-1.6730e+012	-1.6512e+012	1.6512e+012	5.2500e-015
-3.420e+000	3.5245e-007	-1.6950e+012	-1.6730e+012	1.6730e+012	5.2500e-015
-3.410e+000	3.5476e-007	-1.7172e+012	-1.6950e+012	1.6950e+012	5.2500e-015
-3.400e+000	3.5715e-007	-1.7395e+012	-1.7172e+012	1.7171e+012	5.2500e-015
-3.390e+000	3.5940e-007	-1.7619e+012	-1.7395e+012	1.7394e+012	5.2500e-015
-3.380e+000	3.6157e-007	-1.7845e+012	-1.7619e+012	1.7619e+012	5.2500e-015
-3.370e+000	3.6366e-007	-1.8072e+012	-1.7845e+012	1.7844e+012	5.2500e-015
-3.360e+000	3.6567e-007	-1.8300e+012	-1.8072e+012	1.8071e+012	5.2500e-015
-3.350e+000	3.6761e-007	-1.8529e+012	-1.8300e+012	1.8299e+012	5.2500e-015
-3.340e+000	3.6948e-007	-1.8760e+012	-1.8529e+012	1.8529e+012	5.2500e-015
-3.330e+000	3.7126e-007	-1.8992e+012	-1.8760e+012	1.8760e+012	5.2500e-015
-3.320e+000	3.7298e-007	-1.9224e+012	-1.8992e+012	1.8991e+012	5.2500e-015
-3.310e+000	3.7463e-007	-1.9458e+012	-1.9224e+012	1.9224e+012	5.2500e-015
-3.300e+000	3.7621e-007	-1.9693e+012	-1.9458e+012	1.9458e+012	5.2500e-015
-3.290e+000	3.7772e-007	-1.9929e+012	-1.9693e+012	1.9693e+012	5.2500e-015
-3.280e+000	3.7918e-007	-2.0166e+012	-1.9929e+012	1.9928e+012	5.2500e-015
-3.270e+000	3.8057e-007	-2.0403e+012	-2.0166e+012	2.0165e+012	5.2500e-015
-3.260e+000	3.8190e-007	-2.0641e+012	-2.0403e+012	2.0403e+012	5.2500e-015
-3.250e+000	3.8319e-007	-2.0881e+012	-2.0641e+012	2.0641e+012	5.2500e-015
-3.240e+000	3.8442e-007	-2.1120e+012	-2.0881e+012	2.0880e+012	5.2500e-015
-3.230e+000	3.8560e-007	-2.1361e+012	-2.1120e+012	2.1120e+012	5.2500e-015
-3.220e+000	3.8673e-007	-2.1603e+012	-2.1361e+012	2.1361e+012	5.2500e-015
-3.210e+000	3.8782e-007	-2.1845e+012	-2.1603e+012	2.1602e+012	5.2500e-015
-3.200e+000	3.8887e-007	-2.2087e+012	-2.1845e+012	2.1844e+012	5.2500e-015
-3.190e+000	3.8987e-007	-2.2331e+012	-2.2087e+012	2.2087e+012	5.2500e-015
-3.180e+000	3.9084e-007	-2.2575e+012	-2.2331e+012	2.2330e+012	5.2500e-015
-3.170e+000	3.9177e-007	-2.2819e+012	-2.2575e+012	2.2574e+012	5.2500e-015
-3.160e+000	3.9267e-007	-2.3064e+012	-2.2819e+012	2.2819e+012	5.2500e-015
-3.150e+000	3.9354e-007	-2.3310e+012	-2.3064e+012	2.3064e+012	5.2500e-015
-3.140e+000	3.9437e-007	-2.3556e+012	-2.3310e+012	2.3309e+012	5.2500e-015
-3.130e+000	3.9517e-007	-2.3803e+012	-2.3556e+012	2.3556e+012	5.2500e-015
-3.120e+000	3.9591e-007	-2.4050e+012	-2.3803e+012	2.3802e+012	5.2500e-015
-3.110e+000	3.9670e-007	-2.4297e+012	-2.4050e+012	2.4049e+012	5.2500e-015
-3.100e+000	3.9742e-007	-2.4545e+012	-2.4297e+012	2.4297e+012	5.2500e-015
-3.090e+000	3.9812e-007	-2.4794e+012	-2.4545e+012	2.4545e+012	5.2500e-015
-3.080e+000	3.9880e-007	-2.5043e+012	-2.4794e+012	2.4793e+012	5.2500e-015
-3.070e+000	3.9945e-007	-2.5292e+012	-2.5043e+012	2.5042e+012	5.2500e-015
-3.060e+000	4.0008e-007	-2.5542e+012	-2.5292e+012	2.5292e+012	5.2500e-015
-3.050e+000	4.0070e-007	-2.5792e+012	-2.5542e+012	2.5541e+012	5.2500e-015
-3.040e+000	4.0129e-007	-2.6042e+012	-2.5792e+012	2.5792e+012	5.2500e-015
-3.030e+000	4.0187e-007	-2.6293e+012	-2.6042e+012	2.6042e+012	5.2500e-015
-3.020e+000	4.0242e-007	-2.6544e+012	-2.6293e+012	2.6293e+012	5.2500e-015
-3.010e+000	4.0297e-007	-2.6796e+012	-2.6544e+012	2.6544e+012	5.2500e-015
-3.000e+000	4.0349e-007	-2.7048e+012	-2.6796e+012	2.6795e+012	5.2500e-015
-2.990e+000	4.0400e-007	-2.7300e+012	-2.7048e+012	2.7047e+012	5.2500e-015
-2.980e+000	4.0450e-007	-2.7552e+012	-2.7300e+012	2.7299e+012	5.2500e-015
-2.970e+000	4.0498e-007	-2.7805e+012	-2.7552e+012	2.7552e+012	5.2500e-015
-2.960e+000	4.0545e-007	-2.8058e+012	-2.7805e+012	2.7805e+012	5.2500e-015
-2.950e+000	4.0590e-007	-2.8312e+012	-2.8058e+012	2.8058e+012	5.2500e-015
-2.940e+000	4.0635e-007	-2.8565e+012	-2.8312e+012	2.8311e+012	5.2500e-015
-2.930e+000	4.0678e-007	-2.8819e+012	-2.8565e+012	2.8565e+012	5.2500e-015
-2.920e+000	4.0720e-007	-2.9073e+012	-2.8819e+012	2.8819e+012	5.2500e-015
-2.910e+000	4.0761e-007	-2.9328e+012	-2.9073e+012	2.9073e+012	5.2500e-015
-2.900e+000	4.0801e-007	-2.9582e+012	-2.9328e+012	2.9327e+012	5.2500e-015
-2.890e+000	4.0839e-007	-2.9837e+012	-2.9582e+012	2.9582e+012	5.2500e-015
-2.880e+000	4.0877e-007	-3.0092e+012	-2.9837e+012	2.9837e+012	5.2500e-015
-2.870e+000	4.0914e-007	-3.0348e+012	-3.0092e+012	3.0092e+012	5.2500e-015
-2.860e+000	4.0950e-007	-3.0603e+012	-3.0348e+012	3.0347e+012	5.2500e-015
-2.850e+000	4.0985e-007	-3.0859e+012	-3.0603e+012	3.0603e+012	5.2500e-015
-2.840e+000	4.1019e-007	-3.1115e+012	-3.0859e+012	3.0859e+012	5.2500e-015
-2.830e+000	4.1053e-007	-3.1371e+012	-3.1115e+012	3.1115e+012	5.2500e-015
-2.820e+000	4.1086e-007	-3.1628e+012	-3.1371e+012	3.1371e+012	5.2500e-015
-2.810e+000	4.1118e-007	-3.1884e+012	-3.1628e+012	3.1627e+012	5.2500e-015
-2.800e+000	4.1149e-007	-3.2141e+012	-3.1884e+012	3.1884e+012	5.2500e-015
-2.790e+000	4.1179e-007	-3.2398e+012	-3.2141e+012	3.2141e+012	5.2500e-015
-2.780e+000	4.1209e-007	-3.2655e+012	-3.2398e+012	3.2398e+012	5.2500e-015
-2.770e+000	4.1238e-007	-3.2913e+012	-3.2655e+012	3.2655e+012	5.2500e-015
-2.760e+000	4.1267e-007	-3.3170e+012	-3.2913e+012	3.2912e+012	5.2500e-015
-2.750e+000	4.1295e-007	-3.3428e+012	-3.3170e+012	3.3170e+012	5.2500e-015
-2.740e+000	4.1322e-007	-3.3686e+012	-3.3428e+012	3.3428e+012	5.2500e-015
-2.730e+000	4.1349e-007	-3.3944e+012	-3.3686e+012	3.3686e+012	5.2500e-015
-2.720e+000	4.1375e-007	-3.4202e+012	-3.3944e+012	3.3944e+012	5.2500e-015
-2.710e+000	4.1401e-007	-3.4461e+012	-3.4202e+012	3.4202e+012	5.2500e-015
-2.700e+000	4.1426e-007	-3.4719e+012	-3.4461e+012	3.4460e+012	5.2500e-015
-2.690e+000	4.1451e-007	-3.4978e+012	-3.4719e+012	3.4719e+012	5.2500e-015
-2.680e+000	4.1475e-007	-3.5237e+012	-3.4978e+012	3.4978e+012	5.2500e-015
-2.670e+000	4.1498e-007	-3.5496e+012	-3.5237e+012	3.5236e+012	5.2500e-015
-2.660e+000	4.1522e-007	-3.5755e+012	-3.5496e+012	3.5496e+012	5.2500e-015
-2.650e+000	4.1544e-007	-3.6014e+012	-3.5755e+012	3.5755e+012	5.2500e-015
-2.640e+000	4.1567e-007	-3.6274e+012	-3.6014e+012	3.6014e+012	5.2500e-015
-2.630e+000	4.1587e-007	-3.6533e+012	-3.6274e+012	3.6273e+012	5.2500e-015
-2.620e+000	4.1610e-007	-3.6793e+012	-3.6533e+012	3.6533e+012	5.2500e-015
-2.610e+000	4.1631e-007	-3.7053e+012	-3.6793e+012	3.6793e+012	5.2500e-015
-2.600e+000	4.1652e-007	-3.7313e+012	-3.7053e+012	3.7053e+012	5.2500e-015
-2.590e+000	4.1672e-007	-3.7573e+012	-3.7313e+012	3.7312e+012	5.2500e-015
-2.580e+000	4.1692e-007	-3.7833e+012	-3.7573e+012	3.7573e+012	5.2500e-015
-2.570e+000	4.1712e-007	-3.8094e+012	-3.7833e+012	3.7833e+012	5.2500e-015
-2.560e+000	4.1731e-007	-3.8354e+012	-3.8094e+012	3.8093e+012	5.2500e-015
-2.550e+000	4.1750e-007	-3.8615e+012	-3.8354e+012	3.8354e+012	5.2500e-015
-2.540e+000	4.1769e-007	-3.8875e+012	-3.8615e+012	3.8614e+012	5.2500e-015
-2.530e+000	4.1787e-007	-3.9136e+012	-3.8875e+012	3.8875e+012	5.2500e-015
-2.520e+000	4.1805e-007	-3.9397e+012	-3.9136e+012	3.9136e+012	5.2500e-015
-2.510e+000	4.1823e-007	-3.9658e+012	-3.9397e+012	3.9397e+012	5.2500e-015
-2.500e+000	4.1840e-007	-3.9919e+012	-3.9658e+012	3.9658e+012	5.2500e-015
-2.490e+000	4.1857e-007	-4.0180e+012	-3.9919e+012	3.9919e+012	5.2500e-015
-2.480e+000	4.1874e-007	-4.0442e+012	-4.0180e+012	4.0180e+012	5.2500e-015
-2.470e+000	4.1891e-007	-4.0703e+012	-4.0442e+012	4.0441e+012	5.2500e-015
-2.460e+000	4.1907e-007	-4.0965e+012	-4.0703e+012	4.0703e+012	5.2500e-015
-2.450e+000	4.1923e-007	-4.1227e+012	-4.0965e+012	4.0964e+012	5.2500e-015
-2.440e+000	4.1939e-007	-4.1488e+012	-4.1227e+012	4.1226e+012	5.2500e-015
-2.430e+000	4.1954e-007	-4.1750e+012	-4.1488e+012	4.1488e+012	5.2500e-015
-2.420e+000	4.1970e-007	-4.2012e+012	-4.1750e+012	4.1750e+012	5.2500e-015
-2.410e+000	4.1985e-007	-4.2274e+012	-4.2012e+012	4.2012e+012	5.2500e-015
-2.400e+000	4.2000e-007	-4.2536e+012	-4.2274e+012	4.2274e+012	5.2500e-015
-2.390e+000	4.2014e-007	-4.2799e+012	-4.2536e+012	4.2536e+012	5.2500e-015
-2.380e+000	4.2029e-007	-4.3061e+012	-4.2799e+012	4.2798e+012	5.2500e-015
-2.370e+000	4.2043e-007	-4.3323e+012	-4.3061e+012	4.3060e+012	5.2500e-015
-2.360e+000	4.2057e-007	-4.3586e+012	-4.3323e+012	4.3323e+012	5.2500e-015
-2.350e+000	4.2071e-007	-4.3848e+012	-4.3586e+012	4.3585e+012	5.2500e-015
-2.340e+000	4.2084e-007	-4.4111e+012	-4.3848e+012	4.3848e+012	5.2500e-015
-2.330e+000	4.2098e-007	-4.4374e+012	-4.4111e+012	4.4111e+012	5.2500e-015
-2.320e+000	4.2111e-007	-4.4637e+012	-4.4374e+012	4.4373e+012	5.2500e-015
-2.310e+000	4.2124e-007	-4.4900e+012	-4.4637e+012	4.4636e+012	5.2500e-015
-2.300e+000	4.2137e-007	-4.5163e+012	-4.4900e+012	4.4899e+012	5.2500e-015
-2.290e+000	4.2150e-007	-4.5426e+012	-4.5163e+012	4.5162e+012	5.2500e-015
-2.280e+000	4.2162e-007	-4.5689e+012	-4.5426e+012	4.5425e+012	5.2500e-015
-2.270e+000	4.2175e-007	-4.5952e+012	-4.5689e+012	4.5688e+012	5.2500e-015
-2.260e+000	4.2187e-007	-4.6215e+012	-4.5952e+012	4.5952e+012	5.2500e-015
-2.250e+000	4.2199e-007	-4.6479e+012	-4.6215e+012	4.6215e+012	5.2500e-015
-2.240e+000	4.2211e-007	-4.6742e+012	-4.6479e+012	4.6478e+012	5.2500e-015
-2.230e+000	4.2223e-007	-4.7006e+012	-4.6742e+012	4.6742e+012	5.2500e-015
-2.220e+000	4.2234e-007	-4.7269e+012	-4.7006e+012	4.7005e+012	5.2500e-015
-2.210e+000	4.2246e-007	-4.7533e+012	-4.7269e+012	4.7269e+012	5.2500e-015
-2.200e+000	4.2257e-007	-4.7797e+012	-4.7533e+012	4.7533e+012	5.2500e-015
-2.190e+000	4.2268e-007	-4.8061e+012	-4.7797e+012	4.7796e+012	5.2500e-015
-2.180e+000	4.2279e-007	-4.8324e+012	-4.8061e+012	4.8060e+012	5.2500e-015
-2.170e+000	4.2290e-007	-4.8588e+012	-4.8324e+012	4.8324e+012	5.2500e-015
-2.160e+000	4.2301e-007	-4.8852e+012	-4.8588e+012	4.8588e+012	5.2500e-015
-2.150e+000	4.2311e-007	-4.9116e+012	-4.8852e+012	4.8852e+012	5.2500e-015
-2.140e+000	4.2322e-007	-4.9381e+012	-4.9116e+012	4.9116e+012	5.2500e-015
-2.130e+000	4.2332e-007	-4.9645e+012	-4.9381e+012	4.9380e+012	5.2500e-015
-2.120e+000	4.2342e-007	-4.9909e+012	-4.9645e+012	4.9644e+012	5.2500e-015
-2.110e+000	4.2352e-007	-5.0173e+012	-4.9909e+012	4.9909e+012	5.2500e-015
-2.100e+000	4.2362e-007	-5.0438e+012	-5.0173e+012	5.0173e+012	5.2500e-015
-2.090e+000	4.2372e-007	-5.0702e+012	-5.0438e+012	5.0437e+012	5.2500e-015
-2.080e+000	4.2382e-007	-5.0967e+012	-5.0702e+012	5.0702e+012	5.2500e-015
-2.070e+000	4.2392e-007	-5.1231e+012	-5.0967e+012	5.0966e+012	5.2500e-015
-2.060e+000	4.2401e-007	-5.1496e+012	-5.1231e+012	5.1231e+012	5.2500e-015
-2.050e+000	4.2411e-007	-5.1761e+012	-5.1496e+012	5.1496e+012	5.2500e-015
-2.040e+000	4.2420e-007	-5.2026e+012	-5.1761e+012	5.1760e+012	5.2500e-015
-2.030e+000	4.2429e-007	-5.2290e+012	-5.2026e+012	5.2025e+012	5.2500e-015
-2.020e+000	4.2438e-007	-5.2555e+012	-5.2290e+012	5.2290e+012	5.2500e-015
-2.010e+000	4.2448e-007	-5.2820e+012	-5.2555e+012	5.2555e+012	5.2500e-015
-2.000e+000	4.2456e-007	-5.3085e+012	-5.2820e+012	5.2820e+012	5.2500e-015
-1.990e+000	4.2465e-007	-5.3350e+012	-5.3085e+012	5.3085e+012	5.2500e-015
-1.980e+000	4.2474e-007	-5.3615e+012	-5.3350e+012	5.3350e+012	5.2500e-015
-1.970e+000	4.2483e-007	-5.3880e+012	-5.3615e+012	5.3615e+012	5.2500e-015
-1.960e+000	4.2491e-007	-5.4146e+012	-5.3880e+012	5.3880e+012	5.2500e-015
-1.950e+000	4.2500e-007	-5.4411e+012	-5.4146e+012	5.4145e+012	5.2500e-015
-1.940e+000	4.2508e-007	-5.4676e+012	-5.4411e+012	5.4411e+012	5.2500e-015
-1.930e+000	4.2516e-007	-5.4942e+012	-5.4676e+012	5.4676e+012	5.2500e-015
-1.920e+000	4.2525e-007	-5.5207e+012	-5.4942e+012	5.4941e+012	5.2500e-015
-1.910e+000	4.2533e-007	-5.5473e+012	-5.5207e+012	5.5207e+012	5.2500e-015
-1.900e+000	4.2541e-007	-5.5738e+012	-5.5473e+012	5.5472e+012	5.2500e-015
-1.890e+000	4.2549e-007	-5.6004e+012	-5.5738e+012	5.5738e+012	5.2500e-015
-1.880e+000	4.2557e-007	-5.6269e+012	-5.6004e+012	5.6003e+012	5.2500e-015
-1.870e+000	4.2565e-007	-5.6535e+012	-5.6269e+012	5.6269e+012	5.2500e-015
-1.860e+000	4.2572e-007	-5.6801e+012	-5.6535e+012	5.6534e+012	5.2500e-015
-1.850e+000	4.2580e-007	-5.7066e+012	-5.6801e+012	5.6800e+012	5.2500e-015
-1.840e+000	4.2587e-007	-5.7332e+012	-5.7066e+012	5.7066e+012	5.2500e-015
-1.830e+000	4.2595e-007	-5.7598e+012	-5.7332e+012	5.7332e+012	5.2500e-015
-1.820e+000	4.2603e-007	-5.7864e+012	-5.7598e+012	5.7598e+012	5.2500e-015
-1.810e+000	4.2610e-007	-5.8130e+012	-5.7864e+012	5.7864e+012	5.2500e-015
-1.800e+000	4.2617e-007	-5.8396e+012	-5.8130e+012	5.8129e+012	5.2500e-015
-1.790e+000	4.2625e-007	-5.8662e+012	-5.8396e+012	5.8395e+012	5.2500e-015
-1.780e+000	4.2632e-007	-5.8928e+012	-5.8662e+012	5.8662e+012	5.2500e-015
-1.770e+000	4.2639e-007	-5.9194e+012	-5.8928e+012	5.8928e+012	5.2500e-015
-1.760e+000	4.2646e-007	-5.9460e+012	-5.9194e+012	5.9194e+012	5.2500e-015
-1.750e+000	4.2653e-007	-5.9727e+012	-5.9460e+012	5.9460e+012	5.2500e-015
-1.740e+000	4.2660e-007	-5.9993e+012	-5.9727e+012	5.9726e+012	5.2500e-015
-1.730e+000	4.2667e-007	-6.0259e+012	-5.9993e+012	5.9992e+012	5.2500e-015
-1.720e+000	4.2674e-007	-6.0525e+012	-6.0259e+012	6.0259e+012	5.2500e-015
-1.710e+000	4.2680e-007	-6.0792e+012	-6.0525e+012	6.0525e+012	5.2500e-015
-1.700e+000	4.2687e-007	-6.1058e+012	-6.0792e+012	6.0791e+012	5.2500e-015
-1.690e+000	4.2694e-007	-6.1325e+012	-6.1058e+012	6.1058e+012	5.2500e-015
-1.680e+000	4.2700e-007	-6.1591e+012	-6.1325e+012	6.1324e+012	5.2500e-015
-1.670e+000	4.2707e-007	-6.1858e+012	-6.1591e+012	6.1591e+012	5.2500e-015
-1.660e+000	4.2713e-007	-6.2124e+012	-6.1858e+012	6.1857e+012	5.2500e-015
-1.650e+000	4.2719e-007	-6.2391e+012	-6.2124e+012	6.2124e+012	5.2500e-015
-1.640e+000	4.2726e-007	-6.2658e+012	-6.2391e+012	6.2391e+012	5.2500e-015
-1.630e+000	4.2732e-007	-6.2924e+012	-6.2658e+012	6.2657e+012	5.2500e-015
-1.620e+000	4.2738e-007	-6.3191e+012	-6.2924e+012	6.2924e+012	5.2500e-015
-1.610e+000	4.2745e-007	-6.3458e+012	-6.3191e+012	6.3191e+012	5.2500e-015
-1.600e+000	4.2751e-007	-6.3725e+012	-6.3458e+012	6.3458e+012	5.2500e-015
-1.590e+000	4.2757e-007	-6.3992e+012	-6.3725e+012	6.3724e+012	5.2500e-015
-1.580e+000	4.2763e-007	-6.4259e+012	-6.3992e+012	6.3991e+012	5.2500e-015
-1.570e+000	4.2769e-007	-6.4525e+012	-6.4259e+012	6.4258e+012	5.2500e-015
-1.560e+000	4.2775e-007	-6.4792e+012	-6.4525e+012	6.4525e+012	5.2500e-015
-1.550e+000	4.2781e-007	-6.5059e+012	-6.4792e+012	6.4792e+012	5.2500e-015
-1.540e+000	4.2787e-007	-6.5327e+012	-6.5059e+012	6.5059e+012	5.2500e-015
-1.530e+000	4.2792e-007	-6.5594e+012	-6.5327e+012	6.5326e+012	5.2500e-015
-1.520e+000	4.2798e-007	-6.5861e+012	-6.5594e+012	6.5593e+012	5.2500e-015
-1.510e+000	4.2779e-007	-6.6128e+012	-6.5861e+012	6.5860e+012	5.2500e-015
-1.500e+000	4.2754e-007	-6.6395e+012	-6.6128e+012	6.6127e+012	5.2500e-015
-1.490e+000	4.2759e-007	-6.6661e+012	-6.6395e+012	6.6394e+012	5.2500e-015
-1.480e+000	4.2764e-007	-6.6928e+012	-6.6661e+012	6.6661e+012	5.2500e-015
-1.470e+000	4.2769e-007	-6.7195e+012	-6.6928e+012	6.6928e+012	5.2500e-015
-1.460e+000	4.2774e-007	-6.7462e+012	-6.7195e+012	6.7195e+012	5.2500e-015
-1.450e+000	4.2779e-007	-6.7729e+012	-6.7462e+012	6.7462e+012	5.2500e-015
-1.440e+000	4.2784e-007	-6.7996e+012	-6.7729e+012	6.7729e+012	5.2500e-015
-1.430e+000	4.2788e-007	-6.8263e+012	-6.7996e+012	6.7996e+012	5.2500e-015
-1.420e+000	4.2793e-007	-6.8531e+012	-6.8263e+012	6.8263e+012	5.2500e-015
-1.410e+000	4.2798e-007	-6.8798e+012	-6.8531e+012	6.8530e+012	5.2500e-015
-1.400e+000	4.2802e-007	-6.9065e+012	-6.8798e+012	6.8797e+012	5.2500e-015
-1.390e+000	4.2807e-007	-6.9332e+012	-6.9065e+012	6.9064e+012	5.2500e-015
-1.380e+000	4.2812e-007	-6.9599e+012	-6.9332e+012	6.9332e+012	5.2500e-015
-1.370e+000	4.2816e-007	-6.9866e+012	-6.9599e+012	6.9599e+012	5.2500e-015
-1.360e+000	4.2821e-007	-7.0134e+012	-6.9866e+012	6.9866e+012	5.2500e-015
-1.350e+000	4.2825e-007	-7.0401e+012	-7.0134e+012	7.0133e+012	5.2500e-015
-1.340e+000	4.2830e-007	-7.0668e+012	-7.0401e+012	7.0401e+012	5.2500e-015
-1.330e+000	4.2834e-007	-7.0936e+012	-7.0668e+012	7.0668e+012	5.2500e-015
-1.320e+000	4.2838e-007	-7.1203e+012	-7.0936e+012	7.0935e+012	5.2500e-015
-1.310e+000	4.2843e-007	-7.1470e+012	-7.1203e+012	7.1203e+012	5.2500e-015
-1.300e+000	4.2847e-007	-7.1738e+012	-7.1470e+012	7.1470e+012	5.2500e-015
-1.290e+000	4.2851e-007	-7.2005e+012	-7.1738e+012	7.1737e+012	5.2500e-015
-1.280e+000	4.2856e-007	-7.2273e+012	-7.2005e+012	7.2005e+012	5.2500e-015
-1.270e+000	4.2860e-007	-7.2540e+012	-7.2273e+012	7.2272e+012	5.2500e-015
-1.260e+000	4.2864e-007	-7.2808e+012	-7.2540e+012	7.2540e+012	5.2500e-015
-1.250e+000	4.2868e-007	-7.3075e+012	-7.2808e+012	7.2807e+012	5.2500e-015
-1.240e+000	4.2872e-007	-7.3343e+012	-7.3075e+012	7.3075e+012	5.2500e-015
-1.230e+000	4.2876e-007	-7.3611e+012	-7.3343e+012	7.3343e+012	5.2500e-015
-1.220e+000	4.2880e-007	-7.3878e+012	-7.3611e+012	7.3610e+012	5.2500e-015
-1.210e+000	4.2884e-007	-7.4146e+012	-7.3878e+012	7.3878e+012	5.2500e-015
-1.200e+000	4.2888e-007	-7.4414e+012	-7.4146e+012	7.4145e+012	5.2500e-015
-1.190e+000	4.2892e-007	-7.4681e+012	-7.4414e+012	7.4413e+012	5.2500e-015
-1.180e+000	4.2896e-007	-7.4949e+012	-7.4681e+012	7.4681e+012	5.2500e-015
-1.170e+000	4.2900e-007	-7.5217e+012	-7.4949e+012	7.4949e+012	5.2500e-015
-1.160e+000	4.2904e-007	-7.5485e+012	-7.5217e+012	7.5216e+012	5.2500e-015
-1.150e+000	4.2908e-007	-7.5752e+012	-7.5485e+012	7.5484e+012	5.2500e-015
-1.140e+000	4.2912e-007	-7.6020e+012	-7.5752e+012	7.5752e+012	5.2500e-015
-1.130e+000	4.2916e-007	-7.6288e+012	-7.6020e+012	7.6020e+012	5.2500e-015
-1.120e+000	4.2919e-007	-7.6556e+012	-7.6288e+012	7.6288e+012	5.2500e-015
-1.110e+000	4.2923e-007	-7.6824e+012	-7.6556e+012	7.6556e+012	5.2500e-015
-1.100e+000	4.2927e-007	-7.7092e+012	-7.6824e+012	7.6823e+012	5.2500e-015
-1.090e+000	4.2931e-007	-7.7360e+012	-7.7092e+012	7.7091e+012	5.2500e-015
-1.080e+000	4.2934e-007	-7.7628e+012	-7.7360e+012	7.7359e+012	5.2500e-015
-1.070e+000	4.2938e-007	-7.7896e+012	-7.7628e+012	7.7627e+012	5.2500e-015
-1.060e+000	4.2942e-007	-7.8164e+012	-7.7896e+012	7.7895e+012	5.2500e-015
-1.050e+000	4.2945e-007	-7.8432e+012	-7.8164e+012	7.8163e+012	5.2500e-015
-1.040e+000	4.2949e-007	-7.8700e+012	-7.8432e+012	7.8431e+012	5.2500e-015
-1.030e+000	4.2952e-007	-7.8968e+012	-7.8700e+012	7.8699e+012	5.2500e-015
-1.020e+000	4.2956e-007	-7.9236e+012	-7.8968e+012	7.8968e+012	5.2500e-015
-1.010e+000	4.2959e-007	-7.9504e+012	-7.9236e+012	7.9236e+012	5.2500e-015
-1.000e+000	4.2963e-007	-7.9772e+012	-7.9504e+012	7.9504e+012	5.2500e-015
-9.900e-001	4.2966e-007	-8.0040e+012	-7.9772e+012	7.9772e+012	5.2500e-015
-9.800e-001	4.2970e-007	-8.0309e+012	-8.0040e+012	8.0040e+012	5.2500e-015
-9.700e-001	4.2973e-007	-8.0577e+012	-8.0309e+012	8.0308e+012	5.2500e-015
-9.600e-001	4.2977e-007	-8.0845e+012	-8.0577e+012	8.0577e+012	5.2500e-015
-9.500e-001	4.2980e-007	-8.1113e+012	-8.0845e+012	8.0845e+012	5.2500e-015
-9.400e-001	4.2983e-007	-8.1382e+012	-8.1113e+012	8.1113e+012	5.2500e-015
-9.300e-001	4.2987e-007	-8.1650e+012	-8.1382e+012	8.1381e+012	5.2500e-015
-9.200e-001	4.2990e-007	-8.1918e+012	-8.1650e+012	8.1650e+012	5.2500e-015
-9.100e-001	4.2993e-007	-8.2187e+012	-8.1918e+012	8.1918e+012	5.2500e-015
-9.000e-001	4.2997e-007	-8.2455e+012	-8.2187e+012	8.2186e+012	5.2500e-015
-8.900e-001	4.3000e-007	-8.2723e+012	-8.2455e+012	8.2455e+012	5.2500e-015
-8.800e-001	4.3003e-007	-8.2992e+012	-8.2723e+012	8.2723e+012	5.2500e-015
-8.700e-001	4.3006e-007	-8.3260e+012	-8.2992e+012	8.2991e+012	5.2500e-015
-8.600e-001	4.3010e-007	-8.3529e+012	-8.3260e+012	8.3260e+012	5.2500e-015
-8.500e-001	4.3013e-007	-8.3797e+012	-8.3529e+012	8.3528e+012	5.2500e-015
-8.400e-001	4.3016e-007	-8.4066e+012	-8.3797e+012	8.3797e+012	5.2500e-015
-8.300e-001	4.3019e-007	-8.4334e+012	-8.4066e+012	8.4065e+012	5.2500e-015
-8.200e-001	4.3022e-007	-8.4603e+012	-8.4334e+012	8.4334e+012	5.2500e-015
-8.100e-001	4.3025e-007	-8.4871e+012	-8.4603e+012	8.4602e+012	5.2500e-015
-8.000e-001	4.3028e-007	-8.5140e+012	-8.4871e+012	8.4871e+012	5.2500e-015
-7.900e-001	4.3032e-007	-8.5408e+012	-8.5140e+012	8.5139e+012	5.2500e-015
-7.800e-001	4.3035e-007	-8.5677e+012	-8.5408e+012	8.5408e+012	5.2500e-015
-7.700e-001	4.3038e-007	-8.5946e+012	-8.5677e+012	8.5677e+012	5.2500e-015
-7.600e-001	4.3041e-007	-8.6214e+012	-8.5946e+012	8.5945e+012	5.2500e-015
-7.500e-001	4.3044e-007	-8.6483e+012	-8.6214e+012	8.6214e+012	5.2500e-015
-7.400e-001	4.3047e-007	-8.6752e+012	-8.6483e+012	8.6482e+012	5.2500e-015
-7.300e-001	4.3050e-007	-8.7020e+012	-8.6752e+012	8.6751e+012	5.2500e-015
-7.200e-001	4.3053e-007	-8.7289e+012	-8.7020e+012	8.7020e+012	5.2500e-015
-7.100e-001	4.3056e-007	-8.7558e+012	-8.7289e+012	8.7289e+012	5.2500e-015
-7.000e-001	4.3058e-007	-8.7826e+012	-8.7558e+012	8.7557e+012	5.2500e-015
-6.900e-001	4.3061e-007	-8.8095e+012	-8.7826e+012	8.7826e+012	5.2500e-015
-6.800e-001	4.3064e-007	-8.8364e+012	-8.8095e+012	8.8095e+012	5.2500e-015
-6.700e-001	4.3067e-007	-8.8633e+012	-8.8364e+012	8.8364e+012	5.2500e-015
-6.600e-001	4.3070e-007	-8.8902e+012	-8.8633e+012	8.8632e+012	5.2500e-015
-6.500e-001	4.3073e-007	-8.9170e+012	-8.8902e+012	8.8901e+012	5.2500e-015
-6.400e-001	4.3076e-007	-8.9439e+012	-8.9170e+012	8.9170e+012	5.2500e-015
-6.300e-001	4.3078e-007	-8.9708e+012	-8.9439e+012	8.9439e+012	5.2500e-015
-6.200e-001	4.3081e-007	-8.9977e+012	-8.9708e+012	8.9708e+012	5.2500e-015
-6.100e-001	4.3084e-007	-9.0246e+012	-8.9977e+012	8.9977e+012	5.2500e-015
-6.000e-001	4.3087e-007	-9.0515e+012	-9.0246e+012	9.0246e+012	5.2500e-015
-5.900e-001	4.3090e-007	-9.0784e+012	-9.0515e+012	9.0514e+012	5.2500e-015
-5.800e-001	4.3092e-007	-9.1053e+012	-9.0784e+012	9.0783e+012	5.2500e-015
-5.700e-001	4.3095e-007	-9.1322e+012	-9.1053e+012	9.1052e+012	5.2500e-015
-5.600e-001	4.3098e-007	-9.1591e+012	-9.1322e+012	9.1321e+012	5.2500e-015
-5.500e-001	4.3100e-007	-9.1860e+012	-9.1591e+012	9.1590e+012	5.2500e-015
-5.400e-001	4.3103e-007	-9.2129e+012	-9.1860e+012	9.1859e+012	5.2500e-015
-5.300e-001	4.3106e-007	-9.2398e+012	-9.2129e+012	9.2128e+012	5.2500e-015
-5.200e-001	4.3108e-007	-9.2667e+012	-9.2398e+012	9.2397e+012	5.2500e-015
-5.100e-001	4.3111e-007	-9.2936e+012	-9.2667e+012	9.2666e+012	5.2500e-015
-5.000e-001	4.3114e-007	-9.3205e+012	-9.2936e+012	9.2936e+012	5.2500e-015
-4.900e-001	4.3116e-007	-9.3474e+012	-9.3205e+012	9.3205e+012	5.2500e-015
-4.800e-001	4.3119e-007	-9.3743e+012	-9.3474e+012	9.3474e+012	5.2500e-015
-4.700e-001	4.3121e-007	-9.4012e+012	-9.3743e+012	9.3743e+012	5.2500e-015
-4.600e-001	4.3124e-007	-9.4282e+012	-9.4012e+012	9.4012e+012	5.2500e-015
-4.500e-001	4.3127e-007	-9.4551e+012	-9.4282e+012	9.4281e+012	5.2500e-015
-4.400e-001	4.3129e-007	-9.4820e+012	-9.4551e+012	9.4550e+012	5.2500e-015
-4.300e-001	4.3132e-007	-9.5089e+012	-9.4820e+012	9.4820e+012	5.2500e-015
-4.200e-001	4.3134e-007	-9.5358e+012	-9.5089e+012	9.5089e+012	5.2500e-015
-4.100e-001	4.3137e-007	-9.5628e+012	-9.5358e+012	9.5358e+012	5.2500e-015
-4.000e-001	4.3139e-007	-9.5897e+012	-9.5628e+012	9.5627e+012	5.2500e-015
-3.900e-001	4.3142e-007	-9.6166e+012	-9.5897e+012	9.5896e+012	5.2500e-015
-3.800e-001	4.3144e-007	-9.6435e+012	-9.6166e+012	9.6166e+012	5.2500e-015
-3.700e-001	4.3146e-007	-9.6705e+012	-9.6435e+012	9.6435e+012	5.2500e-015
-3.600e-001	4.3149e-007	-9.6974e+012	-9.6705e+012	9.6704e+012	5.2500e-015
-3.500e-001	4.3151e-007	-9.7243e+012	-9.6974e+012	9.6974e+012	5.2500e-015
-3.400e-001	4.3154e-007	-9.7513e+012	-9.7243e+012	9.7243e+012	5.2500e-015
-3.300e-001	4.3156e-007	-9.7782e+012	-9.7513e+012	9.7512e+012	5.2500e-015
-3.200e-001	4.3159e-007	-9.8051e+012	-9.7782e+012	9.7782e+012	5.2500e-015
-3.100e-001	4.3161e-007	-9.8321e+012	-9.8051e+012	9.8051e+012	5.2500e-015
-3.000e-001	4.3163e-007	-9.8590e+012	-9.8321e+012	9.8320e+012	5.2500e-015
-2.900e-001	4.3166e-007	-9.8860e+012	-9.8590e+012	9.8590e+012	5.2500e-015
-2.800e-001	4.3168e-007	-9.9129e+012	-9.8860e+012	9.8859e+012	5.2500e-015
-2.700e-001	4.3170e-007	-9.9399e+012	-9.9129e+012	9.9129e+012	5.2500e-015
-2.600e-001	4.3173e-007	-9.9668e+012	-9.9399e+012	9.9398e+012	5.2500e-015
-2.500e-001	4.3175e-007	-9.9937e+012	-9.9668e+012	9.9668e+012	5.2500e-015
-2.400e-001	4.3177e-007	-1.0021e+013	-9.9937e+012	9.9937e+012	5.2500e-015
-2.300e-001	4.3180e-007	-1.0048e+013	-1.0021e+013	1.0021e+013	5.2500e-015
-2.200e-001	4.3182e-007	-1.0075e+013	-1.0048e+013	1.0048e+013	5.2500e-015
-2.100e-001	4.3184e-007	-1.0102e+013	-1.0075e+013	1.0075e+013	5.2500e-015
-2.000e-001	4.3186e-007	-1.0129e+013	-1.0102e+013	1.0102e+013	5.2500e-015
-1.900e-001	4.3189e-007	-1.0155e+013	-1.0129e+013	1.0128e+013	5.2500e-015
-1.800e-001	4.3191e-007	-1.0182e+013	-1.0155e+013	1.0155e+013	5.2500e-015
-1.700e-001	4.3193e-007	-1.0209e+013	-1.0182e+013	1.0182e+013	5.2500e-015
-1.600e-001	4.3195e-007	-1.0236e+013	-1.0209e+013	1.0209e+013	5.2500e-015
-1.500e-001	4.3198e-007	-1.0263e+013	-1.0236e+013	1.0236e+013	5.2500e-015
-1.400e-001	4.3200e-007	-1.0290e+013	-1.0263e+013	1.0263e+013	5.2500e-015
-1.300e-001	4.3202e-007	-1.0317e+013	-1.0290e+013	1.0290e+013	5.2500e-015
-1.200e-001	4.3204e-007	-1.0344e+013	-1.0317e+013	1.0317e+013	5.2500e-015
-1.100e-001	4.3206e-007	-1.0371e+013	-1.0344e+013	1.0344e+013	5.2500e-015
-1.000e-001	4.3209e-007	-1.0398e+013	-1.0371e+013	1.0371e+013	5.2500e-015
-9.000e-002	4.3211e-007	-1.0425e+013	-1.0398e+013	1.0398e+013	5.2500e-015
-8.000e-002	4.3213e-007	-1.0452e+013	-1.0425e+013	1.0425e+013	5.2500e-015
-7.000e-002	4.3215e-007	-1.0479e+013	-1.0452e+013	1.0452e+013	5.2500e-015
-6.000e-002	4.3217e-007	-1.0506e+013	-1.0479e+013	1.0479e+013	5.2500e-015
-5.000e-002	4.3219e-007	-1.0533e+013	-1.0506e+013	1.0506e+013	5.2500e-015
-4.000e-002	4.3221e-007	-1.0560e+013	-1.0533e+013	1.0533e+013	5.2500e-015
-3.000e-002	4.3223e-007	-1.0587e+013	-1.0560e+013	1.0560e+013	5.2500e-015
-2.000e-002	4.3225e-007	-1.0614e+013	-1.0587e+013	1.0587e+013	5.2500e-015
-1.000e-002	4.3228e-007	-1.0641e+013	-1.0614e+013	1.0614e+013	5.2500e-015
0.000e+000	4.3230e-007	-1.0668e+013	-1.0641e+013	1.0641e+013	5.2500e-015
1.000e-002	4.3232e-007	-1.0695e+013	-1.0668e+013	1.0668e+013	5.2500e-015
2.000e-002	4.3234e-007	-1.0722e+013	-1.0695e+013	1.0695e+013	5.2500e-015
3.000e-002	4.3236e-007	-1.0749e+013	-1.0722e+013	1.0722e+013	5.2500e-015
4.000e-002	4.3238e-007	-1.0776e+013	-1.0749e+013	1.0749e+013	5.2500e-015
5.000e-002	4.3240e-007	-1.0803e+013	-1.0776e+013	1.0776e+013	5.2500e-015
6.000e-002	4.3242e-007	-1.0830e+013	-1.0803e+013	1.0803e+013	5.2500e-015
7.000e-002	4.3244e-007	-1.0857e+013	-1.0830e+013	1.0830e+013	5.2500e-015
8.000e-002	4.3246e-007	-1.0884e+013	-1.0857e+013	1.0857e+013	5.2500e-015
9.000e-002	4.3248e-007	-1.0911e+013	-1.0884e+013	1.0884e+013	5.2500e-015
1.000e-001	4.3250e-007	-1.0938e+013	-1.0911e+013	1.0911e+013	5.2500e-015
1.100e-001	4.3252e-007	-1.0965e+013	-1.0938e+013	1.0938e+013	5.2500e-015
1.200e-001	4.3254e-007	-1.0992e+013	-1.0965e+013	1.0965e+013	5.2500e-015
1.300e-001	4.3256e-007	-1.1019e+013	-1.0992e+013	1.0992e+013	5.2500e-015
1.400e-001	4.3258e-007	-1.1046e+013	-1.1019e+013	1.1019e+013	5.2500e-015
1.500e-001	4.3260e-007	-1.1073e+013	-1.1046e+013	1.1046e+013	5.2500e-015
1.600e-001	4.3262e-007	-1.1100e+013	-1.1073e+013	1.1073e+013	5.2500e-015
1.700e-001	4.3264e-007	-1.1127e+013	-1.1100e+013	1.1100e+013	5.2500e-015
1.800e-001	4.3265e-007	-1.1154e+013	-1.1127e+013	1.1127e+013	5.2500e-015
1.900e-001	4.3267e-007	-1.1181e+013	-1.1154e+013	1.1154e+013	5.2500e-015
2.000e-001	4.3269e-007	-1.1208e+013	-1.1181e+013	1.1181e+013	5.2500e-015
2.100e-001	4.3271e-007	-1.1235e+013	-1.1208e+013	1.1208e+013	5.2500e-015
2.200e-001	4.3273e-007	-1.1262e+013	-1.1235e+013	1.1235e+013	5.2500e-015
2.300e-001	4.3275e-007	-1.1289e+013	-1.1262e+013	1.1262e+013	5.2500e-015
2.400e-001	4.3277e-007	-1.1316e+013	-1.1289e+013	1.1289e+013	5.2500e-015
2.500e-001	4.3279e-007	-1.1343e+013	-1.1316e+013	1.1316e+013	5.2500e-015
2.600e-001	4.3281e-007	-1.1370e+013	-1.1343e+013	1.1343e+013	5.2500e-015
2.700e-001	4.3282e-007	-1.1397e+013	-1.1370e+013	1.1370e+013	5.2500e-015
2.800e-001	4.3284e-007	-1.1424e+013	-1.1397e+013	1.1397e+013	5.2500e-015
2.900e-001	4.3286e-007	-1.1451e+013	-1.1424e+013	1.1424e+013	5.2500e-015
3.000e-001	4.3288e-007	-1.1478e+013	-1.1451e+013	1.1451e+013	5.2500e-015
3.100e-001	4.3290e-007	-1.1505e+013	-1.1478e+013	1.1478e+013	5.2500e-015
3.200e-001	4.3292e-007	-1.1532e+013	-1.1505e+013	1.1505e+013	5.2500e-015
3.300e-001	4.3293e-007	-1.1559e+013	-1.1532e+013	1.1532e+013	5.2500e-015
3.400e-001	4.3295e-007	-1.1586e+013	-1.1559e+013	1.1559e+013	5.2500e-015
3.500e-001	4.3297e-007	-1.1613e+013	-1.1586e+013	1.1586e+013	5.2500e-015
3.600e-001	4.3299e-007	-1.1640e+013	-1.1613e+013	1.1613e+013	5.2500e-015
3.700e-001	4.3301e-007	-1.1667e+013	-1.1640e+013	1.1640e+013	5.2500e-015
3.800e-001	4.3302e-007	-1.1694e+013	-1.1667e+013	1.1667e+013	5.2500e-015
3.900e-001	4.3304e-007	-1.1721e+013	-1.1694e+013	1.1694e+013	5.2500e-015
4.000e-001	4.3306e-007	-1.1748e+013	-1.1721e+013	1.1721e+013	5.2500e-015
4.100e-001	4.3308e-007	-1.1775e+013	-1.1748e+013	1.1748e+013	5.2500e-015
4.200e-001	4.3309e-007	-1.1802e+013	-1.1775e+013	1.1775e+013	5.2500e-015
4.300e-001	4.3311e-007	-1.1829e+013	-1.1802e+013	1.1802e+013	5.2500e-015
4.400e-001	4.3313e-007	-1.1856e+013	-1.1829e+013	1.1829e+013	5.2500e-015
4.500e-001	4.3315e-007	-1.1883e+013	-1.1856e+013	1.1856e+013	5.2500e-015
4.600e-001	4.3316e-007	-1.1910e+013	-1.1883e+013	1.1883e+013	5.2500e-015
4.700e-001	4.3318e-007	-1.1937e+013	-1.1910e+013	1.1910e+013	5.2500e-015
4.800e-001	4.3320e-007	-1.1964e+013	-1.1937e+013	1.1937e+013	5.2500e-015
4.900e-001	4.3321e-007	-1.1991e+013	-1.1964e+013	1.1964e+013	5.2500e-015
5.000e-001	4.3323e-007	-1.2019e+013	-1.1991e+013	1.1991e+013	5.2500e-015
5.100e-001	4.3325e-007	-1.2046e+013	-1.2019e+013	1.2018e+013	5.2500e-015
5.200e-001	4.3326e-007	-1.2073e+013	-1.2046e+013	1.2046e+013	5.2500e-015
5.300e-001	4.3328e-007	-1.2100e+013	-1.2073e+013	1.2073e+013	5.2500e-015
5.400e-001	4.3330e-007	-1.2127e+013	-1.2100e+013	1.2100e+013	5.2500e-015
5.500e-001	4.3331e-007	-1.2154e+013	-1.2127e+013	1.2127e+013	5.2500e-015
5.600e-001	4.3333e-007	-1.2181e+013	-1.2154e+013	1.2154e+013	5.2500e-015
5.700e-001	4.3335e-007	-1.2208e+013	-1.2181e+013	1.2181e+013	5.2500e-015
5.800e-001	4.3336e-007	-1.2235e+013	-1.2208e+013	1.2208e+013	5.2500e-015
5.900e-001	4.3338e-007	-1.2262e+013	-1.2235e+013	1.2235e+013	5.2500e-015
6.000e-001	4.3340e-007	-1.2289e+013	-1.2262e+013	1.2262e+013	5.2500e-015
6.100e-001	4.3341e-007	-1.2316e+013	-1.2289e+013	1.2289e+013	5.2500e-015
6.200e-001	4.3343e-007	-1.2343e+013	-1.2316e+013	1.2316e+013	5.2500e-015
6.300e-001	4.3345e-007	-1.2370e+013	-1.2343e+013	1.2343e+013	5.2500e-015
6.400e-001	4.3346e-007	-1.2397e+013	-1.2370e+013	1.2370e+013	5.2500e-015
6.500e-001	4.3348e-007	-1.2424e+013	-1.2397e+013	1.2397e+013	5.2500e-015
6.600e-001	4.3349e-007	-1.2451e+013	-1.2424e+013	1.2424e+013	5.2500e-015
6.700e-001	4.3351e-007	-1.2478e+013	-1.2451e+013	1.2451e+013	5.2500e-015
6.800e-001	4.3353e-007	-1.2505e+013	-1.2478e+013	1.2478e+013	5.2500e-015
6.900e-001	4.3354e-007	-1.2532e+013	-1.2505e+013	1.2505e+013	5.2500e-015
7.000e-001	4.3356e-007	-1.2560e+013	-1.2532e+013	1.2532e+013	5.2500e-015
7.100e-001	4.3357e-007	-1.2587e+013	-1.2560e+013	1.2559e+013	5.2500e-015
7.200e-001	4.3359e-007	-1.2614e+013	-1.2587e+013	1.2587e+013	5.2500e-015
7.300e-001	4.3361e-007	-1.2641e+013	-1.2614e+013	1.2614e+013	5.2500e-015
7.400e-001	4.3362e-007	-1.2668e+013	-1.2641e+013	1.2641e+013	5.2500e-015
7.500e-001	4.3364e-007	-1.2695e+013	-1.2668e+013	1.2668e+013	5.2500e-015
7.600e-001	4.3365e-007	-1.2722e+013	-1.2695e+013	1.2695e+013	5.2500e-015
7.700e-001	4.3367e-007	-1.2749e+013	-1.2722e+013	1.2722e+013	5.2500e-015
7.800e-001	4.3368e-007	-1.2776e+013	-1.2749e+013	1.2749e+013	5.2500e-015
7.900e-001	4.3370e-007	-1.2803e+013	-1.2776e+013	1.2776e+013	5.2500e-015
8.000e-001	4.3371e-007	-1.2830e+013	-1.2803e+013	1.2803e+013	5.2500e-015
8.100e-001	4.3373e-007	-1.2857e+013	-1.2830e+013	1.2830e+013	5.2500e-015
8.200e-001	4.3374e-007	-1.2884e+013	-1.2857e+013	1.2857e+013	5.2500e-015
8.300e-001	4.3376e-007	-1.2911e+013	-1.2884e+013	1.2884e+013	5.2500e-015
8.400e-001	4.3377e-007	-1.2938e+013	-1.2911e+013	1.2911e+013	5.2500e-015
8.500e-001	4.3379e-007	-1.2966e+013	-1.2938e+013	1.2938e+013	5.2500e-015
8.600e-001	4.3380e-007	-1.2993e+013	-1.2966e+013	1.2966e+013	5.2500e-015
8.700e-001	4.3382e-007	-1.3020e+013	-1.2993e+013	1.2993e+013	5.2500e-015
8.800e-001	4.3383e-007	-1.3047e+013	-1.3020e+013	1.3020e+013	5.2500e-015
8.900e-001	4.3385e-007	-1.3074e+013	-1.3047e+013	1.3047e+013	5.2500e-015
9.000e-001	4.3386e-007	-1.3101e+013	-1.3074e+013	1.3074e+013	5.2500e-015
9.100e-001	4.3388e-007	-1.3128e+013	-1.3101e+013	1.3101e+013	5.2500e-015
9.200e-001	4.3389e-007	-1.3155e+013	-1.3128e+013	1.3128e+013	5.2500e-015
9.300e-001	4.3391e-007	-1.3182e+013	-1.3155e+013	1.3155e+013	5.2500e-015
9.400e-001	4.3393e-007	-1.3209e+013	-1.3182e+013	1.3182e+013	5.2500e-015
9.500e-001	4.3394e-007	-1.3236e+013	-1.3209e+013	1.3209e+013	5.2500e-015
9.600e-001	4.3396e-007	-1.3263e+013	-1.3236e+013	1.3236e+013	5.2500e-015
9.700e-001	4.3397e-007	-1.3291e+013	-1.3263e+013	1.3263e+013	5.2500e-015
9.800e-001	4.3399e-007	-1.3318e+013	-1.3291e+013	1.3290e+013	5.2500e-015
9.900e-001	4.3400e-007	-1.3345e+013	-1.3318e+013	1.3318e+013	5.2500e-015
1.000e+000	4.3402e-007	-1.3372e+013	-1.3345e+013	1.3345e+013	5.2500e-015
1.010e+000	4.3403e-007	-1.3399e+013	-1.3372e+013	1.3372e+013	5.2500e-015
1.020e+000	4.3405e-007	-1.3426e+013	-1.3399e+013	1.3399e+013	5.2500e-015
1.030e+000	4.3407e-007	-1.3453e+013	-1.3426e+013	1.3426e+013	5.2500e-015
1.040e+000	4.3408e-007	-1.3480e+013	-1.3453e+013	1.3453e+013	5.2500e-015
1.050e+000	4.3410e-007	-1.3507e+013	-1.3480e+013	1.3480e+013	5.2500e-015
1.060e+000	4.3412e-007	-1.3534e+013	-1.3507e+013	1.3507e+013	5.2500e-015
1.070e+000	4.3414e-007	-1.3561e+013	-1.3534e+013	1.3534e+013	5.2500e-015
1.080e+000	4.3416e-007	-1.3589e+013	-1.3561e+013	1.3561e+013	5.2500e-015
1.090e+000	4.3419e-007	-1.3616e+013	-1.3589e+013	1.3589e+013	5.2500e-015
1.100e+000	4.3422e-007	-1.3643e+013	-1.3616e+013	1.3616e+013	5.2500e-015
1.110e+000	4.3425e-007	-1.3670e+013	-1.3643e+013	1.3643e+013	5.2500e-015
1.120e+000	4.3429e-007	-1.3697e+013	-1.3670e+013	1.3670e+013	5.2500e-015
1.130e+000	4.3433e-007	-1.3724e+013	-1.3697e+013	1.3697e+013	5.2500e-015
1.140e+000	4.3439e-007	-1.3751e+013	-1.3724e+013	1.3724e+013	5.2500e-015
1.150e+000	4.3445e-007	-1.3778e+013	-1.3751e+013	1.3751e+013	5.2500e-015
1.160e+000	4.3454e-007	-1.3805e+013	-1.3778e+013	1.3778e+013	5.2500e-015
1.170e+000	4.3465e-007	-1.3833e+013	-1.3805e+013	1.3805e+013	5.2500e-015
1.180e+000	4.3480e-007	-1.3860e+013	-1.3833e+013	1.3833e+013	5.2500e-015
1.190e+000	4.3499e-007	-1.3887e+013	-1.3860e+013	1.3860e+013	5.2500e-015
1.200e+000	4.3525e-007	-1.3914e+013	-1.3887e+013	1.3887e+013	5.2500e-015
1.210e+000	4.3559e-007	-1.3941e+013	-1.3914e+013	1.3914e+013	5.2500e-015
1.220e+000	4.3605e-007	-1.3968e+013	-1.3941e+013	1.3941e+013	5.2500e-015
1.230e+000	4.3668e-007	-1.3996e+013	-1.3968e+013	1.3968e+013	5.2500e-015
1.240e+000	4.3754e-007	-1.4023e+013	-1.3996e+013	1.3996e+013	5.2500e-015
1.250e+000	4.3871e-007	-1.4050e+013	-1.4023e+013	1.4023e+013	5.2500e-015
1.260e+000	4.4033e-007	-1.4078e+013	-1.4050e+013	1.4050e+013	5.2500e-015
1.270e+000	4.4255e-007	-1.4105e+013	-1.4078e+013	1.4078e+013	5.2500e-015
1.280e+000	4.4562e-007	-1.4133e+013	-1.4105e+013	1.4105e+013	5.2500e-015
1.290e+000	4.4987e-007	-1.4161e+013	-1.4133e+013	1.4133e+013	5.2500e-015
1.300e+000	4.5574e-007	-1.4190e+013	-1.4161e+013	1.4161e+013	5.2500e-015
1.310e+000	4.6387e-007	-1.4219e+013	-1.4190e+013	1.4190e+013	5.2500e-015
1.320e+000	4.7513e-007	-1.4248e+013	-1.4219e+013	1.4219e+013	5.2500e-015
1.330e+000	4.9024e-007	-1.4279e+013	-1.4248e+013	1.4248e+013	5.2500e-015
1.340e+000	5.1123e-007	-1.4311e+013	-1.4279e+013	1.4279e+013	5.2500e-015
1.350e+000	5.3985e-007	-1.4345e+013	-1.4311e+013	1.4311e+013	5.2500e-015
1.360e+000	5.7881e-007	-1.4381e+013	-1.4345e+013	1.4345e+013	5.2500e-015
1.370e+000	6.2997e-007	-1.4420e+013	-1.4381e+013	1.4381e+013	5.2500e-015
1.380e+000	6.9755e-007	-1.4464e+013	-1.4420e+013	1.4420e+013	5.2500e-015
1.390e+000	7.8446e-007	-1.4513e+013	-1.4464e+013	1.4464e+013	5.2500e-015
1.400e+000	8.9233e-007	-1.4568e+013	-1.4513e+013	1.4513e+013	5.2500e-015
1.410e+000	1.0232e-006	-1.4632e+013	-1.4568e+013	1.4568e+013	5.2500e-015
1.420e+000	1.1751e-006	-1.4705e+013	-1.4632e+013	1.4632e+013	5.2500e-015
1.430e+000	1.3453e-006	-1.4789e+013	-1.4705e+013	1.4705e+013	5.2500e-015
1.440e+000	1.5275e-006	-1.4885e+013	-1.4789e+013	1.4789e+013	5.2500e-015
1.450e+000	1.7152e-006	-1.4992e+013	-1.4885e+013	1.4885e+013	5.2500e-015
1.460e+000	1.9022e-006	-1.5111e+013	-1.4992e+013	1.4992e+013	5.2500e-015
1.470e+000	2.0824e-006	-1.5241e+013	-1.5111e+013	1.5110e+013	5.2500e-015
1.480e+000	2.2522e-006	-1.5381e+013	-1.5241e+013	1.5240e+013	5.2500e-015
1.490e+000	2.4094e-006	-1.5531e+013	-1.5381e+013	1.5381e+013	5.2500e-015
1.500e+000	2.5532e-006	-1.5691e+013	-1.5531e+013	1.5531e+013	5.2500e-015
1.510e+000	2.6841e-006	-1.5858e+013	-1.5691e+013	1.5691e+013	5.2500e-015
1.520e+000	2.8026e-006	-1.6033e+013	-1.5858e+013	1.5858e+013	5.2500e-015
1.530e+000	2.9100e-006	-1.6215e+013	-1.6033e+013	1.6033e+013	5.2500e-015
1.540e+000	3.0075e-006	-1.6403e+013	-1.6215e+013	1.6215e+013	5.2500e-015
1.550e+000	3.0962e-006	-1.6596e+013	-1.6403e+013	1.6403e+013	5.2500e-015
1.560e+000	3.1774e-006	-1.6794e+013	-1.6596e+013	1.6596e+013	5.2500e-015
1.570e+000	3.2520e-006	-1.6997e+013	-1.6794e+013	1.6794e+013	5.2500e-015
1.580e+000	3.3208e-006	-1.7204e+013	-1.6997e+013	1.6997e+013	5.2500e-015
1.590e+000	3.3847e-006	-1.7416e+013	-1.7204e+013	1.7204e+013	5.2500e-015
1.600e+000	3.4442e-006	-1.7631e+013	-1.7416e+013	1.7416e+013	5.2500e-015
1.610e+000	3.5000e-006	-1.7849e+013	-1.7631e+013	1.7631e+013	5.2500e-015
1.620e+000	3.5524e-006	-1.8071e+013	-1.7849e+013	1.7849e+013	5.2500e-015
1.630e+000	3.6018e-006	-1.8296e+013	-1.8071e+013	1.8071e+013	5.2500e-015
1.640e+000	3.6487e-006	-1.8523e+013	-1.8296e+013	1.8296e+013	5.2500e-015
1.650e+000	3.6932e-006	-1.8754e+013	-1.8523e+013	1.8523e+013	5.2500e-015
1.660e+000	3.7356e-006	-1.8987e+013	-1.8754e+013	1.8754e+013	5.2500e-015
1.670e+000	3.7762e-006	-1.9223e+013	-1.8987e+013	1.8987e+013	5.2500e-015
1.680e+000	3.8151e-006	-1.9461e+013	-1.9223e+013	1.9223e+013	5.2500e-015
1.690e+000	3.8524e-006	-1.9701e+013	-1.9461e+013	1.9461e+013	5.2500e-015
1.700e+000	3.8884e-006	-1.9944e+013	-1.9701e+013	1.9701e+013	5.2500e-015
1.710e+000	3.9230e-006	-2.0189e+013	-1.9944e+013	1.9944e+013	5.2500e-015
1.720e+000	3.9508e-006	-2.0435e+013	-2.0189e+013	2.0189e+013	5.2500e-015
1.730e+000	3.9445e-006	-2.0682e+013	-2.0435e+013	2.0435e+013	5.2500e-015
1.740e+000	3.9704e-006	-2.0929e+013	-2.0682e+013	2.0682e+013	5.2500e-015
1.750e+000	3.9954e-006	-2.1179e+013	-2.0929e+013	2.0929e+013	5.2500e-015
1.760e+000	4.0194e-006	-2.1430e+013	-2.1179e+013	2.1179e+013	5.2500e-015
1.770e+000	4.0426e-006	-2.1682e+013	-2.1430e+013	2.1430e+013	5.2500e-015
1.780e+000	4.0650e-006	-2.1936e+013	-2.1682e+013	2.1682e+013	5.2500e-015
1.790e+000	4.0867e-006	-2.2191e+013	-2.1936e+013	2.1936e+013	5.2500e-015
1.800e+000	4.1076e-006	-2.2447e+013	-2.2191e+013	2.2191e+013	5.2500e-015
1.810e+000	4.1279e-006	-2.2705e+013	-2.2447e+013	2.2447e+013	5.2500e-015
1.820e+000	4.1476e-006	-2.2964e+013	-2.2705e+013	2.2705e+013	5.2500e-015
1.830e+000	4.1668e-006	-2.3224e+013	-2.2964e+013	2.2964e+013	5.2500e-015
1.840e+000	4.1853e-006	-2.3485e+013	-2.3224e+013	2.3224e+013	5.2500e-015
1.850e+000	4.2034e-006	-2.3747e+013	-2.3485e+013	2.3485e+013	5.2500e-015
1.860e+000	4.2210e-006	-2.4011e+013	-2.3747e+013	2.3747e+013	5.2500e-015
1.870e+000	4.2381e-006	-2.4275e+013	-2.4011e+013	2.4011e+013	5.2500e-015
1.880e+000	4.2548e-006	-2.4541e+013	-2.4275e+013	2.4275e+013	5.2500e-015
1.890e+000	4.2711e-006	-2.4807e+013	-2.4541e+013	2.4541e+013	5.2500e-015
1.900e+000	4.2869e-006	-2.5075e+013	-2.4807e+013	2.4807e+013	5.2500e-015
1.910e+000	4.3025e-006	-2.5344e+013	-2.5075e+013	2.5075e+013	5.2500e-015
1.920e+000	4.3176e-006	-2.5613e+013	-2.5344e+013	2.5344e+013	5.2500e-015
1.930e+000	4.3324e-006	-2.5883e+013	-2.5613e+013	2.5613e+013	5.2500e-015
1.940e+000	4.3469e-006	-2.6155e+013	-2.5883e+013	2.5883e+013	5.2500e-015
1.950e+000	4.3611e-006	-2.6427e+013	-2.6155e+013	2.6155e+013	5.2500e-015
1.960e+000	4.3750e-006	-2.6700e+013	-2.6427e+013	2.6427e+013	5.2500e-015
1.970e+000	4.3885e-006	-2.6974e+013	-2.6700e+013	2.6700e+013	5.2500e-015
1.980e+000	4.3970e-006	-2.7248e+013	-2.6974e+013	2.6974e+013	5.2500e-015
1.990e+000	4.4053e-006	-2.7523e+013	-2.7248e+013	2.7248e+013	5.2500e-015
2.000e+000	4.4176e-006	-2.7799e+013	-2.7523e+013	2.7523e+013	5.2500e-015
2.010e+000	4.4297e-006	-2.8076e+013	-2.7799e+013	2.7799e+013	5.2500e-015
2.020e+000	4.4416e-006	-2.8353e+013	-2.8076e+013	2.8075e+013	5.2500e-015
2.030e+000	4.4532e-006	-2.8631e+013	-2.8353e+013	2.8353e+013	5.2500e-015
2.040e+000	4.4647e-006	-2.8909e+013	-2.8631e+013	2.8631e+013	5.2500e-015
2.050e+000	4.4759e-006	-2.9189e+013	-2.8909e+013	2.8909e+013	5.2500e-015
2.060e+000	4.4869e-006	-2.9469e+013	-2.9189e+013	2.9189e+013	5.2500e-015
2.070e+000	4.4977e-006	-2.9749e+013	-2.9469e+013	2.9469e+013	5.2500e-015
2.080e+000	4.5084e-006	-3.0031e+013	-2.9749e+013	2.9749e+013	5.2500e-015
2.090e+000	4.5188e-006	-3.0313e+013	-3.0031e+013	3.0031e+013	5.2500e-015
2.100e+000	4.5291e-006	-3.0596e+013	-3.0313e+013	3.0313e+013	5.2500e-015
2.110e+000	4.5393e-006	-3.0879e+013	-3.0596e+013	3.0596e+013	5.2500e-015
2.120e+000	4.5492e-006	-3.1163e+013	-3.0879e+013	3.0879e+013	5.2500e-015
2.130e+000	4.5590e-006	-3.1447e+013	-3.1163e+013	3.1163e+013	5.2500e-015
2.140e+000	4.5687e-006	-3.1733e+013	-3.1447e+013	3.1447e+013	5.2500e-015
2.150e+000	4.5782e-006	-3.2018e+013	-3.1733e+013	3.1733e+013	5.2500e-015
2.160e+000	4.5876e-006	-3.2305e+013	-3.2018e+013	3.2018e+013	5.2500e-015
2.170e+000	4.5968e-006	-3.2592e+013	-3.2305e+013	3.2305e+013	5.2500e-015
2.180e+000	4.6059e-006	-3.2879e+013	-3.2592e+013	3.2592e+013	5.2500e-015
2.190e+000	4.6148e-006	-3.3167e+013	-3.2879e+013	3.2879e+013	5.2500e-015
2.200e+000	4.6237e-006	-3.3456e+013	-3.3167e+013	3.3167e+013	5.2500e-015
2.210e+000	4.6324e-006	-3.3745e+013	-3.3456e+013	3.3456e+013	5.2500e-015
2.220e+000	4.6410e-006	-3.4034e+013	-3.3745e+013	3.3745e+013	5.2500e-015
2.230e+000	4.6494e-006	-3.4325e+013	-3.4034e+013	3.4034e+013	5.2500e-015
2.240e+000	4.6578e-006	-3.4615e+013	-3.4325e+013	3.4325e+013	5.2500e-015
2.250e+000	4.6660e-006	-3.4907e+013	-3.4615e+013	3.4615e+013	5.2500e-015
2.260e+000	4.6742e-006	-3.5198e+013	-3.4907e+013	3.4907e+013	5.2500e-015
2.270e+000	4.6822e-006	-3.5491e+013	-3.5198e+013	3.5198e+013	5.2500e-015
2.280e+000	4.6901e-006	-3.5783e+013	-3.5491e+013	3.5491e+013	5.2500e-015
2.290e+000	4.6980e-006	-3.6077e+013	-3.5783e+013	3.5783e+013	5.2500e-015
2.300e+000	4.7057e-006	-3.6370e+013	-3.6077e+013	3.6076e+013	5.2500e-015
2.310e+000	4.7133e-006	-3.6664e+013	-3.6370e+013	3.6370e+013	5.2500e-015
2.320e+000	4.7209e-006	-3.6959e+013	-3.6664e+013	3.6664e+013	5.2500e-015
2.330e+000	4.7283e-006	-3.7254e+013	-3.6959e+013	3.6959e+013	5.2500e-015
2.340e+000	4.7357e-006	-3.7550e+013	-3.7254e+013	3.7254e+013	5.2500e-015
2.350e+000	4.7430e-006	-3.7846e+013	-3.7550e+013	3.7550e+013	5.2500e-015
2.360e+000	4.7502e-006	-3.8142e+013	-3.7846e+013	3.7846e+013	5.2500e-015
2.370e+000	4.7573e-006	-3.8439e+013	-3.8142e+013	3.8142e+013	5.2500e-015
2.380e+000	4.7643e-006	-3.8737e+013	-3.8439e+013	3.8439e+013	5.2500e-015
2.390e+000	4.7712e-006	-3.9034e+013	-3.8737e+013	3.8737e+013	5.2500e-015
2.400e+000	4.7781e-006	-3.9333e+013	-3.9034e+013	3.9034e+013	5.2500e-015
2.410e+000	4.7849e-006	-3.9631e+013	-3.9333e+013	3.9333e+013	5.2500e-015
2.420e+000	4.7916e-006	-3.9930e+013	-3.9631e+013	3.9631e+013	5.2500e-015
2.430e+000	4.7983e-006	-4.0230e+013	-3.9930e+013	3.9930e+013	5.2500e-015
2.440e+000	4.8049e-006	-4.0530e+013	-4.0230e+013	4.0230e+013	5.2500e-015
2.450e+000	4.8114e-006	-4.0830e+013	-4.0530e+013	4.0530e+013	5.2500e-015
2.460e+000	4.8178e-006	-4.1131e+013	-4.0830e+013	4.0830e+013	5.2500e-015
2.470e+000	4.8242e-006	-4.1432e+013	-4.1131e+013	4.1131e+013	5.2500e-015
2.480e+000	4.8305e-006	-4.1733e+013	-4.1432e+013	4.1432e+013	5.2500e-015
2.490e+000	4.8367e-006	-4.2035e+013	-4.1733e+013	4.1733e+013	5.2500e-015
2.500e+000	4.8429e-006	-4.2337e+013	-4.2035e+013	4.2035e+013	5.2500e-015
2.510e+000	4.8490e-006	-4.2640e+013	-4.2337e+013	4.2337e+013	5.2500e-015
2.520e+000	4.8551e-006	-4.2943e+013	-4.2640e+013	4.2640e+013	5.2500e-015
2.530e+000	4.8611e-006	-4.3247e+013	-4.2943e+013	4.2943e+013	5.2500e-015
2.540e+000	4.8670e-006	-4.3550e+013	-4.3247e+013	4.3247e+013	5.2500e-015
2.550e+000	4.8729e-006	-4.3854e+013	-4.3550e+013	4.3550e+013	5.2500e-015
2.560e+000	4.8787e-006	-4.4159e+013	-4.3854e+013	4.3854e+013	5.2500e-015
2.570e+000	4.8830e-006	-4.4464e+013	-4.4159e+013	4.4159e+013	5.2500e-015
2.580e+000	4.8887e-006	-4.4769e+013	-4.4464e+013	4.4464e+013	5.2500e-015
2.590e+000	4.8943e-006	-4.5074e+013	-4.4769e+013	4.4769e+013	5.2500e-015
2.600e+000	4.8999e-006	-4.5380e+013	-4.5074e+013	4.5074e+013	5.2500e-015
2.610e+000	4.9054e-006	-4.5686e+013	-4.5380e+013	4.5380e+013	5.2500e-015
2.620e+000	4.9109e-006	-4.5993e+013	-4.5686e+013	4.5686e+013	5.2500e-015
2.630e+000	4.9164e-006	-4.6300e+013	-4.5993e+013	4.5993e+013	5.2500e-015
2.640e+000	4.9217e-006	-4.6607e+013	-4.6300e+013	4.6300e+013	5.2500e-015
2.650e+000	4.9271e-006	-4.6914e+013	-4.6607e+013	4.6607e+013	5.2500e-015
2.660e+000	4.9324e-006	-4.7222e+013	-4.6914e+013	4.6914e+013	5.2500e-015
2.670e+000	4.9376e-006	-4.7530e+013	-4.7222e+013	4.7222e+013	5.2500e-015
2.680e+000	4.9428e-006	-4.7839e+013	-4.7530e+013	4.7530e+013	5.2500e-015
2.690e+000	4.9480e-006	-4.8148e+013	-4.7839e+013	4.7839e+013	5.2500e-015
2.700e+000	4.9531e-006	-4.8457e+013	-4.8148e+013	4.8148e+013	5.2500e-015
2.710e+000	4.9582e-006	-4.8766e+013	-4.8457e+013	4.8457e+013	5.2500e-015
2.720e+000	4.9632e-006	-4.9076e+013	-4.8766e+013	4.8766e+013	5.2500e-015
2.730e+000	4.9682e-006	-4.9386e+013	-4.9076e+013	4.9076e+013	5.2500e-015
2.740e+000	4.9732e-006	-4.9697e+013	-4.9386e+013	4.9386e+013	5.2500e-015
2.750e+000	4.9781e-006	-5.0007e+013	-4.9697e+013	4.9697e+013	5.2500e-015
2.760e+000	4.9830e-006	-5.0318e+013	-5.0007e+013	5.0007e+013	5.2500e-015
2.770e+000	4.9878e-006	-5.0630e+013	-5.0318e+013	5.0318e+013	5.2500e-015
2.780e+000	4.9926e-006	-5.0941e+013	-5.0630e+013	5.0630e+013	5.2500e-015
2.790e+000	4.9974e-006	-5.1253e+013	-5.0941e+013	5.0941e+013	5.2500e-015
2.800e+000	5.0021e-006	-5.1565e+013	-5.1253e+013	5.1253e+013	5.2500e-015
2.810e+000	5.0068e-006	-5.1878e+013	-5.1565e+013	5.1565e+013	5.2500e-015
2.820e+000	5.0114e-006	-5.2191e+013	-5.1878e+013	5.1878e+013	5.2500e-015
2.830e+000	5.0160e-006	-5.2504e+013	-5.2191e+013	5.2191e+013	5.2500e-015
2.840e+000	5.0206e-006	-5.2817e+013	-5.2504e+013	5.2504e+013	5.2500e-015
2.850e+000	5.0251e-006	-5.3131e+013	-5.2817e+013	5.2817e+013	5.2500e-015
2.860e+000	5.0296e-006	-5.3445e+013	-5.3131e+013	5.3131e+013	5.2500e-015
2.870e+000	5.0341e-006	-5.3759e+013	-5.3445e+013	5.3445e+013	5.2500e-015
2.880e+000	5.0386e-006	-5.4073e+013	-5.3759e+013	5.3759e+013	5.2500e-015
2.890e+000	5.0430e-006	-5.4388e+013	-5.4073e+013	5.4073e+013	5.2500e-015
2.900e+000	5.0473e-006	-5.4703e+013	-5.4388e+013	5.4388e+013	5.2500e-015
2.910e+000	5.0517e-006	-5.5018e+013	-5.4703e+013	5.4703e+013	5.2500e-015
2.920e+000	5.0560e-006	-5.5334e+013	-5.5018e+013	5.5018e+013	5.2500e-015
2.930e+000	5.0603e-006	-5.5650e+013	-5.5334e+013	5.5334e+013	5.2500e-015
2.940e+000	5.0645e-006	-5.5966e+013	-5.5650e+013	5.5650e+013	5.2500e-015
2.950e+000	5.0688e-006	-5.6282e+013	-5.5966e+013	5.5966e+013	5.2500e-015
2.960e+000	5.0729e-006	-5.6599e+013	-5.6282e+013	5.6282e+013	5.2500e-015
2.970e+000	5.0771e-006	-5.6916e+013	-5.6599e+013	5.6599e+013	5.2500e-015
2.980e+000	5.0812e-006	-5.7233e+013	-5.6916e+013	5.6916e+013	5.2500e-015
2.990e+000	5.0854e-006	-5.7550e+013	-5.7233e+013	5.7233e+013	5.2500e-015
3.000e+000	5.0894e-006	-5.7868e+013	-5.7550e+013	5.7550e+013	5.2500e-015
3.010e+000	5.0935e-006	-5.8186e+013	-5.7868e+013	5.7868e+013	5.2500e-015
3.020e+000	5.0975e-006	-5.8504e+013	-5.8186e+013	5.8186e+013	5.2500e-015
3.030e+000	5.1015e-006	-5.8823e+013	-5.8504e+013	5.8504e+013	5.2500e-015
3.040e+000	5.1055e-006	-5.9141e+013	-5.8823e+013	5.8823e+013	5.2500e-015
3.050e+000	5.1094e-006	-5.9460e+013	-5.9141e+013	5.9141e+013	5.2500e-015
3.060e+000	5.1133e-006	-5.9779e+013	-5.9460e+013	5.9460e+013	5.2500e-015
3.070e+000	5.1172e-006	-6.0099e+013	-5.9779e+013	5.9779e+013	5.2500e-015
3.080e+000	5.1211e-006	-6.0418e+013	-6.0099e+013	6.0099e+013	5.2500e-015
3.090e+000	5.1249e-006	-6.0738e+013	-6.0418e+013	6.0418e+013	5.2500e-015
3.100e+000	5.1288e-006	-6.1058e+013	-6.0738e+013	6.0738e+013	5.2500e-015
3.110e+000	5.1325e-006	-6.1379e+013	-6.1058e+013	6.1058e+013	5.2500e-015
3.120e+000	5.1363e-006	-6.1699e+013	-6.1379e+013	6.1379e+013	5.2500e-015
3.130e+000	5.1401e-006	-6.2020e+013	-6.1699e+013	6.1699e+013	5.2500e-015
3.140e+000	5.1438e-006	-6.2341e+013	-6.2020e+013	6.2020e+013	5.2500e-015
3.150e+000	5.1475e-006	-6.2662e+013	-6.2341e+013	6.2341e+013	5.2500e-015
3.160e+000	5.1512e-006	-6.2984e+013	-6.2662e+013	6.2662e+013	5.2500e-015
3.170e+000	5.1548e-006	-6.3306e+013	-6.2984e+013	6.2984e+013	5.2500e-015
3.180e+000	5.1584e-006	-6.3628e+013	-6.3306e+013	6.3306e+013	5.2500e-015
3.190e+000	5.1620e-006	-6.3950e+013	-6.3628e+013	6.3628e+013	5.2500e-015
3.200e+000	5.1656e-006	-6.4272e+013	-6.3950e+013	6.3950e+013	5.2500e-015
3.210e+000	5.1692e-006	-6.4595e+013	-6.4272e+013	6.4272e+013	5.2500e-015
3.220e+000	5.1727e-006	-6.4918e+013	-6.4595e+013	6.4595e+013	5.2500e-015
3.230e+000	5.1763e-006	-6.5241e+013	-6.4918e+013	6.4918e+013	5.2500e-015
3.240e+000	5.1798e-006	-6.5564e+013	-6.5241e+013	6.5241e+013	5.2500e-015
3.250e+000	5.1832e-006	-6.5888e+013	-6.5564e+013	6.5564e+013	5.2500e-015
3.260e+000	5.1867e-006	-6.6211e+013	-6.5888e+013	6.5888e+013	5.2500e-015
3.270e+000	5.1901e-006	-6.6535e+013	-6.6211e+013	6.6211e+013	5.2500e-015
3.280e+000	5.1936e-006	-6.6859e+013	-6.6535e+013	6.6535e+013	5.2500e-015
3.290e+000	5.1970e-006	-6.7184e+013	-6.6859e+013	6.6859e+013	5.2500e-015
3.300e+000	5.2003e-006	-6.7508e+013	-6.7184e+013	6.7184e+013	5.2500e-015
3.310e+000	5.2037e-006	-6.7833e+013	-6.7508e+013	6.7508e+013	5.2500e-015
3.320e+000	5.2070e-006	-6.8158e+013	-6.7833e+013	6.7833e+013	5.2500e-015
3.330e+000	5.2104e-006	-6.8483e+013	-6.8158e+013	6.8158e+013	5.2500e-015
3.340e+000	5.2137e-006	-6.8809e+013	-6.8483e+013	6.8483e+013	5.2500e-015
3.350e+000	5.2170e-006	-6.9134e+013	-6.8809e+013	6.8809e+013	5.2500e-015
3.360e+000	5.2202e-006	-6.9460e+013	-6.9134e+013	6.9134e+013	5.2500e-015
3.370e+000	5.2235e-006	-6.9786e+013	-6.9460e+013	6.9460e+013	5.2500e-015
3.380e+000	5.2267e-006	-7.0112e+013	-6.9786e+013	6.9786e+013	5.2500e-015
3.390e+000	5.2299e-006	-7.0439e+013	-7.0112e+013	7.0112e+013	5.2500e-015
3.400e+000	5.2331e-006	-7.0765e+013	-7.0439e+013	7.0439e+013	5.2500e-015
3.410e+000	5.2363e-006	-7.1092e+013	-7.0765e+013	7.0765e+013	5.2500e-015
3.420e+000	5.2395e-006	-7.1419e+013	-7.1092e+013	7.1092e+013	5.2500e-015
3.430e+000	5.2426e-006	-7.1747e+013	-7.1419e+013	7.1419e+013	5.2500e-015
3.440e+000	5.2457e-006	-7.2074e+013	-7.1747e+013	7.1746e+013	5.2500e-015
3.450e+000	5.2488e-006	-7.2402e+013	-7.2074e+013	7.2074e+013	5.2500e-015
3.460e+000	5.2519e-006	-7.2729e+013	-7.2402e+013	7.2401e+013	5.2500e-015
3.470e+000	5.2550e-006	-7.3057e+013	-7.2729e+013	7.2729e+013	5.2500e-015
3.480e+000	5.2581e-006	-7.3386e+013	-7.3057e+013	7.3057e+013	5.2500e-015
3.490e+000	5.2611e-006	-7.3714e+013	-7.3386e+013	7.3385e+013	5.2500e-015
3.500e+000	5.2642e-006	-7.4042e+013	-7.3714e+013	7.3714e+013	5.2500e-015
3.510e+000	5.2672e-006	-7.4371e+013	-7.4042e+013	7.4042e+013	5.2500e-015
3.520e+000	5.2702e-006	-7.4700e+013	-7.4371e+013	7.4371e+013	5.2500e-015
3.530e+000	5.2732e-006	-7.5029e+013	-7.4700e+013	7.4700e+013	5.2500e-015
3.540e+000	5.2761e-006	-7.5359e+013	-7.5029e+013	7.5029e+013	5.2500e-015
3.550e+000	5.2791e-006	-7.5688e+013	-7.5359e+013	7.5359e+013	5.2500e-015
3.560e+000	5.2820e-006	-7.6018e+013	-7.5688e+013	7.5688e+013	5.2500e-015
3.570e+000	5.2849e-006	-7.6348e+013	-7.6018e+013	7.6018e+013	5.2500e-015
3.580e+000	5.2878e-006	-7.6678e+013	-7.6348e+013	7.6348e+013	5.2500e-015
3.590e+000	5.2907e-006	-7.7008e+013	-7.6678e+013	7.6678e+013	5.2500e-015
3.600e+000	5.2936e-006	-7.7338e+013	-7.7008e+013	7.7008e+013	5.2500e-015
3.610e+000	5.2965e-006	-7.7669e+013	-7.7338e+013	7.7338e+013	5.2500e-015
3.620e+000	5.2993e-006	-7.8000e+013	-7.7669e+013	7.7669e+013	5.2500e-015
3.630e+000	5.3022e-006	-7.8331e+013	-7.8000e+013	7.8000e+013	5.2500e-015
3.640e+000	5.3050e-006	-7.8662e+013	-7.8331e+013	7.8330e+013	5.2500e-015
3.650e+000	5.3078e-006	-7.8993e+013	-7.8662e+013	7.8662e+013	5.2500e-015
3.660e+000	5.3106e-006	-7.9324e+013	-7.8993e+013	7.8993e+013	5.2500e-015
3.670e+000	5.3134e-006	-7.9656e+013	-7.9324e+013	7.9324e+013	5.2500e-015
3.680e+000	5.3162e-006	-7.9988e+013	-7.9656e+013	7.9656e+013	5.2500e-015
3.690e+000	5.3189e-006	-8.0320e+013	-7.9988e+013	7.9988e+013	5.2500e-015
3.700e+000	5.3217e-006	-8.0652e+013	-8.0320e+013	8.0320e+013	5.2500e-015
3.710e+000	5.3244e-006	-8.0984e+013	-8.0652e+013	8.0652e+013	5.2500e-015
3.720e+000	5.3271e-006	-8.1317e+013	-8.0984e+013	8.0984e+013	5.2500e-015
3.730e+000	5.3298e-006	-8.1649e+013	-8.1317e+013	8.1317e+013	5.2500e-015
3.740e+000	5.3325e-006	-8.1982e+013	-8.1649e+013	8.1649e+013	5.2500e-015
3.750e+000	5.3352e-006	-8.2315e+013	-8.1982e+013	8.1982e+013	5.2500e-015
3.760e+000	5.3379e-006	-8.2648e+013	-8.2315e+013	8.2315e+013	5.2500e-015
3.770e+000	5.3405e-006	-8.2982e+013	-8.2648e+013	8.2648e+013	5.2500e-015
3.780e+000	5.3432e-006	-8.3315e+013	-8.2982e+013	8.2982e+013	5.2500e-015
3.790e+000	5.3458e-006	-8.3649e+013	-8.3315e+013	8.3315e+013	5.2500e-015
3.800e+000	5.3484e-006	-8.3983e+013	-8.3649e+013	8.3649e+013	5.2500e-015
3.810e+000	5.3510e-006	-8.4317e+013	-8.3983e+013	8.3983e+013	5.2500e-015
3.820e+000	5.3536e-006	-8.4651e+013	-8.4317e+013	8.4317e+013	5.2500e-015
3.830e+000	5.3562e-006	-8.4985e+013	-8.4651e+013	8.4651e+013	5.2500e-015
3.840e+000	5.3588e-006	-8.5320e+013	-8.4985e+013	8.4985e+013	5.2500e-015
3.850e+000	5.3613e-006	-8.5654e+013	-8.5320e+013	8.5320e+013	5.2500e-015
3.860e+000	5.3639e-006	-8.5989e+013	-8.5654e+013	8.5654e+013	5.2500e-015
3.870e+000	5.3664e-006	-8.6324e+013	-8.5989e+013	8.5989e+013	5.2500e-015
3.880e+000	5.3689e-006	-8.6659e+013	-8.6324e+013	8.6324e+013	5.2500e-015
3.890e+000	5.3715e-006	-8.6994e+013	-8.6659e+013	8.6659e+013	5.2500e-015
3.900e+000	5.3740e-006	-8.7330e+013	-8.6994e+013	8.6994e+013	5.2500e-015
3.910e+000	5.3764e-006	-8.7665e+013	-8.7330e+013	8.7330e+013	5.2500e-015
3.920e+000	5.3789e-006	-8.8001e+013	-8.7665e+013	8.7665e+013	5.2500e-015
3.930e+000	5.3814e-006	-8.8337e+013	-8.8001e+013	8.8001e+013	5.2500e-015
3.940e+000	5.3839e-006	-8.8673e+013	-8.8337e+013	8.8337e+013	5.2500e-015
3.950e+000	5.3863e-006	-8.9009e+013	-8.8673e+013	8.8673e+013	5.2500e-015
3.960e+000	5.3888e-006	-8.9345e+013	-8.9009e+013	8.9009e+013	5.2500e-015
3.970e+000	5.3912e-006	-8.9682e+013	-8.9345e+013	8.9345e+013	5.2500e-015
3.980e+000	5.3936e-006	-9.0019e+013	-8.9682e+013	8.9682e+013	5.2500e-015
3.990e+000	5.3960e-006	-9.0355e+013	-9.0019e+013	9.0019e+013	5.2500e-015
4.000e+000	5.3984e-006	-9.0692e+013	-9.0355e+013	9.0355e+013	5.2500e-015
4.010e+000	5.4008e-006	-9.1029e+013	-9.0692e+013	9.0692e+013	5.2500e-015
4.020e+000	5.4032e-006	-9.1367e+013	-9.1029e+013	9.1029e+013	5.2500e-015
4.030e+000	5.4056e-006	-9.1704e+013	-9.1367e+013	9.1367e+013	5.2500e-015
4.040e+000	5.4079e-006	-9.2042e+013	-9.1704e+013	9.1704e+013	5.2500e-015
4.050e+000	5.4103e-006	-9.2379e+013	-9.2042e+013	9.2042e+013	5.2500e-015
4.060e+000	5.4126e-006	-9.2717e+013	-9.2379e+013	9.2379e+013	5.2500e-015
4.070e+000	5.4149e-006	-9.3055e+013	-9.2717e+013	9.2717e+013	5.2500e-015
4.080e+000	5.4173e-006	-9.3393e+013	-9.3055e+013	9.3055e+013	5.2500e-015
4.090e+000	5.4196e-006	-9.3731e+013	-9.3393e+013	9.3393e+013	5.2500e-015
4.100e+000	5.4219e-006	-9.4070e+013	-9.3731e+013	9.3731e+013	5.2500e-015
4.110e+000	5.4242e-006	-9.4408e+013	-9.4070e+013	9.4070e+013	5.2500e-015
4.120e+000	5.4264e-006	-9.4747e+013	-9.4408e+013	9.4408e+013	5.2500e-015
4.130e+000	5.4285e-006	-9.5086e+013	-9.4747e+013	9.4747e+013	5.2500e-015
4.140e+000	5.4308e-006	-9.5425e+013	-9.5086e+013	9.5086e+013	5.2500e-015
4.150e+000	5.4330e-006	-9.5764e+013	-9.5425e+013	9.5425e+013	5.2500e-015
4.160e+000	5.4353e-006	-9.6103e+013	-9.5764e+013	9.5764e+013	5.2500e-015
4.170e+000	5.4375e-006	-9.6443e+013	-9.6103e+013	9.6103e+013	5.2500e-015
4.180e+000	5.4398e-006	-9.6782e+013	-9.6443e+013	9.6443e+013	5.2500e-015
4.190e+000	5.4420e-006	-9.7122e+013	-9.6782e+013	9.6782e+013	5.2500e-015
4.200e+000	5.4442e-006	-9.7462e+013	-9.7122e+013	9.7122e+013	5.2500e-015
4.210e+000	5.4464e-006	-9.7802e+013	-9.7462e+013	9.7462e+013	5.2500e-015
4.220e+000	5.4486e-006	-9.8142e+013	-9.7802e+013	9.7801e+013	5.2500e-015
4.230e+000	5.4508e-006	-9.8482e+013	-9.8142e+013	9.8142e+013	5.2500e-015
4.240e+000	5.4529e-006	-9.8822e+013	-9.8482e+013	9.8482e+013	5.2500e-015
4.250e+000	5.4551e-006	-9.9163e+013	-9.8822e+013	9.8822e+013	5.2500e-015
4.260e+000	5.4573e-006	-9.9503e+013	-9.9163e+013	9.9163e+013	5.2500e-015
4.270e+000	5.4594e-006	-9.9844e+013	-9.9503e+013	9.9503e+013	5.2500e-015
4.280e+000	5.4616e-006	-1.0018e+014	-9.9844e+013	9.9844e+013	5.2500e-015
4.290e+000	5.4637e-006	-1.0053e+014	-1.0018e+014	1.0018e+014	5.2500e-015
4.300e+000	5.4658e-006	-1.0087e+014	-1.0053e+014	1.0053e+014	5.2500e-015
4.310e+000	5.4680e-006	-1.0121e+014	-1.0087e+014	1.0087e+014	5.2500e-015
4.320e+000	5.4701e-006	-1.0155e+014	-1.0121e+014	1.0121e+014	5.2500e-015
4.330e+000	5.4722e-006	-1.0189e+014	-1.0155e+014	1.0155e+014	5.2500e-015
4.340e+000	5.4743e-006	-1.0223e+014	-1.0189e+014	1.0189e+014	5.2500e-015
4.350e+000	5.4764e-006	-1.0257e+014	-1.0223e+014	1.0223e+014	5.2500e-015
4.360e+000	5.4784e-006	-1.0292e+014	-1.0257e+014	1.0257e+014	5.2500e-015
4.370e+000	5.4805e-006	-1.0326e+014	-1.0292e+014	1.0292e+014	5.2500e-015
4.380e+000	5.4826e-006	-1.0360e+014	-1.0326e+014	1.0326e+014	5.2500e-015
4.390e+000	5.4846e-006	-1.0394e+014	-1.0360e+014	1.0360e+014	5.2500e-015
4.400e+000	5.4867e-006	-1.0429e+014	-1.0394e+014	1.0394e+014	5.2500e-015
4.410e+000	5.4887e-006	-1.0463e+014	-1.0429e+014	1.0429e+014	5.2500e-015
4.420e+000	5.4908e-006	-1.0497e+014	-1.0463e+014	1.0463e+014	5.2500e-015
4.430e+000	5.4928e-006	-1.0531e+014	-1.0497e+014	1.0497e+014	5.2500e-015
4.440e+000	5.4948e-006	-1.0566e+014	-1.0531e+014	1.0531e+014	5.2500e-015
4.450e+000	5.4968e-006	-1.0600e+014	-1.0566e+014	1.0566e+014	5.2500e-015
4.460e+000	5.4988e-006	-1.0634e+014	-1.0600e+014	1.0600e+014	5.2500e-015
4.470e+000	5.5008e-006	-1.0669e+014	-1.0634e+014	1.0634e+014	5.2500e-015
4.480e+000	5.5028e-006	-1.0703e+014	-1.0669e+014	1.0669e+014	5.2500e-015
4.490e+000	5.5048e-006	-1.0737e+014	-1.0703e+014	1.0703e+014	5.2500e-015
4.500e+000	5.5068e-006	-1.0772e+014	-1.0737e+014	1.0737e+014	5.2500e-015
4.510e+000	5.5088e-006	-1.0806e+014	-1.0772e+014	1.0772e+014	5.2500e-015
4.520e+000	5.5107e-006	-1.0840e+014	-1.0806e+014	1.0806e+014	5.2500e-015
4.530e+000	5.5127e-006	-1.0875e+014	-1.0840e+014	1.0840e+014	5.2500e-015
4.540e+000	5.5146e-006	-1.0909e+014	-1.0875e+014	1.0875e+014	5.2500e-015
4.550e+000	5.5166e-006	-1.0944e+014	-1.0909e+014	1.0909e+014	5.2500e-015
4.560e+000	5.5185e-006	-1.0978e+014	-1.0944e+014	1.0944e+014	5.2500e-015
4.570e+000	5.5204e-006	-1.1013e+014	-1.0978e+014	1.0978e+014	5.2500e-015
4.580e+000	5.5224e-006	-1.1047e+014	-1.1013e+014	1.1013e+014	5.2500e-015
4.590e+000	5.5243e-006	-1.1082e+014	-1.1047e+014	1.1047e+014	5.2500e-015
4.600e+000	5.5262e-006	-1.1116e+014	-1.1082e+014	1.1082e+014	5.2500e-015
4.610e+000	5.5281e-006	-1.1151e+014	-1.1116e+014	1.1116e+014	5.2500e-015
4.620e+000	5.5300e-006	-1.1185e+014	-1.1151e+014	1.1151e+014	5.2500e-015
4.630e+000	5.5319e-006	-1.1220e+014	-1.1185e+014	1.1185e+014	5.2500e-015
4.640e+000	5.5338e-006	-1.1254e+014	-1.1220e+014	1.1220e+014	5.2500e-015
4.650e+000	5.5356e-006	-1.1289e+014	-1.1254e+014	1.1254e+014	5.2500e-015
4.660e+000	5.5375e-006	-1.1323e+014	-1.1289e+014	1.1289e+014	5.2500e-015
4.670e+000	5.5394e-006	-1.1358e+014	-1.1323e+014	1.1323e+014	5.2500e-015
4.680e+000	5.5412e-006	-1.1392e+014	-1.1358e+014	1.1358e+014	5.2500e-015
4.690e+000	5.5431e-006	-1.1427e+014	-1.1392e+014	1.1392e+014	5.2500e-015
4.700e+000	5.5449e-006	-1.1462e+014	-1.1427e+014	1.1427e+014	5.2500e-015
4.710e+000	5.5468e-006	-1.1496e+014	-1.1462e+014	1.1462e+014	5.2500e-015
4.720e+000	5.5486e-006	-1.1531e+014	-1.1496e+014	1.1496e+014	5.2500e-015
4.730e+000	5.5504e-006	-1.1566e+014	-1.1531e+014	1.1531e+014	5.2500e-015
4.740e+000	5.5522e-006	-1.1600e+014	-1.1566e+014	1.1566e+014	5.2500e-015
4.750e+000	5.5541e-006	-1.1635e+014	-1.1600e+014	1.1600e+014	5.2500e-015
4.760e+000	5.5559e-006	-1.1670e+014	-1.1635e+014	1.1635e+014	5.2500e-015
4.770e+000	5.5577e-006	-1.1704e+014	-1.1670e+014	1.1670e+014	5.2500e-015
4.780e+000	5.5595e-006	-1.1739e+014	-1.1704e+014	1.1704e+014	5.2500e-015
4.790e+000	5.5613e-006	-1.1774e+014	-1.1739e+014	1.1739e+014	5.2500e-015
4.800e+000	5.5631e-006	-1.1808e+014	-1.1774e+014	1.1774e+014	5.2500e-015
4.810e+000	5.5648e-006	-1.1843e+014	-1.1808e+014	1.1808e+014	5.2500e-015
4.820e+000	5.5666e-006	-1.1878e+014	-1.1843e+014	1.1843e+014	5.2500e-015
4.830e+000	5.5684e-006	-1.1913e+014	-1.1878e+014	1.1878e+014	5.2500e-015
4.840e+000	5.5701e-006	-1.1947e+014	-1.1913e+014	1.1913e+014	5.2500e-015
4.850e+000	5.5719e-006	-1.1982e+014	-1.1947e+014	1.1947e+014	5.2500e-015
4.860e+000	5.5737e-006	-1.2017e+014	-1.1982e+014	1.1982e+014	5.2500e-015
4.870e+000	5.5754e-006	-1.2052e+014	-1.2017e+014	1.2017e+014	5.2500e-015
4.880e+000	5.5771e-006	-1.2087e+014	-1.2052e+014	1.2052e+014	5.2500e-015
4.890e+000	5.5789e-006	-1.2121e+014	-1.2087e+014	1.2087e+014	5.2500e-015
4.900e+000	5.5806e-006	-1.2156e+014	-1.2121e+014	1.2121e+014	5.2500e-015
4.910e+000	5.5823e-006	-1.2191e+014	-1.2156e+014	1.2156e+014	5.2500e-015
4.920e+000	5.5841e-006	-1.2226e+014	-1.2191e+014	1.2191e+014	5.2500e-015
4.930e+000	5.5858e-006	-1.2261e+014	-1.2226e+014	1.2226e+014	5.2500e-015
4.940e+000	5.5875e-006	-1.2296e+014	-1.2261e+014	1.2261e+014	5.2500e-015
4.950e+000	5.5892e-006	-1.2331e+014	-1.2296e+014	1.2296e+014	5.2500e-015
4.960e+000	5.5909e-006	-1.2365e+014	-1.2331e+014	1.2331e+014	5.2500e-015
4.970e+000	5.5926e-006	-1.2400e+014	-1.2365e+014	1.2365e+014	5.2500e-015
4.980e+000	5.5943e-006	-1.2435e+014	-1.2400e+014	1.2400e+014	5.2500e-015
4.990e+000	5.5959e-006	-1.2470e+014	-1.2435e+014	1.2435e+014	5.2500e-015
5.000e+000	5.5976e-006	-1.2505e+014	-1.2470e+014	1.2470e+014	5.2500e-015
5.010e+000	5.5993e-006	-1.2540e+014	-1.2505e+014	1.2505e+014	5.2500e-015
5.020e+000	5.6010e-006	-1.2575e+014	-1.2540e+014	1.2540e+014	5.2500e-015
5.030e+000	5.6026e-006	-1.2610e+014	-1.2575e+014	1.2575e+014	5.2500e-015
5.040e+000	5.6043e-006	-1.2645e+014	-1.2610e+014	1.2610e+014	5.2500e-015
5.050e+000	5.6059e-006	-1.2680e+014	-1.2645e+014	1.2645e+014	5.2500e-015
5.060e+000	5.6076e-006	-1.2715e+014	-1.2680e+014	1.2680e+014	5.2500e-015
5.070e+000	5.6092e-006	-1.2750e+014	-1.2715e+014	1.2715e+014	5.2500e-015
5.080e+000	5.6109e-006	-1.2785e+014	-1.2750e+014	1.2750e+014	5.2500e-015
5.090e+000	5.6125e-006	-1.2820e+014	-1.2785e+014	1.2785e+014	5.2500e-015
5.100e+000	5.6141e-006	-1.2855e+014	-1.2820e+014	1.2820e+014	5.2500e-015
5.110e+000	5.6157e-006	-1.2890e+014	-1.2855e+014	1.2855e+014	5.2500e-015
5.120e+000	5.6174e-006	-1.2925e+014	-1.2890e+014	1.2890e+014	5.2500e-015
5.130e+000	5.6190e-006	-1.2960e+014	-1.2925e+014	1.2925e+014	5.2500e-015
5.140e+000	5.6206e-006	-1.2995e+014	-1.2960e+014	1.2960e+014	5.2500e-015
5.150e+000	5.6222e-006	-1.3030e+014	-1.2995e+014	1.2995e+014	5.2500e-015
5.160e+000	5.6238e-006	-1.3065e+014	-1.3030e+014	1.3030e+014	5.2500e-015
5.170e+000	5.6254e-006	-1.3101e+014	-1.3065e+014	1.3065e+014	5.2500e-015
5.180e+000	5.6270e-006	-1.3136e+014	-1.3101e+014	1.3101e+014	5.2500e-015
5.190e+000	5.6285e-006	-1.3171e+014	-1.3136e+014	1.3136e+014	5.2500e-015
5.200e+000	5.6301e-006	-1.3206e+014	-1.3171e+014	1.3171e+014	5.2500e-015
5.210e+000	5.6317e-006	-1.3241e+014	-1.3206e+014	1.3206e+014	5.2500e-015
5.220e+000	5.6333e-006	-1.3276e+014	-1.3241e+014	1.3241e+014	5.2500e-015
5.230e+000	5.6348e-006	-1.3311e+014	-1.3276e+014	1.3276e+014	5.2500e-015
5.240e+000	5.6364e-006	-1.3347e+014	-1.3311e+014	1.3311e+014	5.2500e-015
5.250e+000	5.6380e-006	-1.3382e+014	-1.3347e+014	1.3347e+014	5.2500e-015
5.260e+000	5.6395e-006	-1.3417e+014	-1.3382e+014	1.3382e+014	5.2500e-015
5.270e+000	5.6411e-006	-1.3452e+014	-1.3417e+014	1.3417e+014	5.2500e-015
5.280e+000	5.6426e-006	-1.3487e+014	-1.3452e+014	1.3452e+014	5.2500e-015
5.290e+000	5.6441e-006	-1.3523e+014	-1.3487e+014	1.3487e+014	5.2500e-015
5.300e+000	5.6457e-006	-1.3558e+014	-1.3523e+014	1.3523e+014	5.2500e-015
5.310e+000	5.6472e-006	-1.3593e+014	-1.3558e+014	1.3558e+014	5.2500e-015
5.320e+000	5.6487e-006	-1.3628e+014	-1.3593e+014	1.3593e+014	5.2500e-015
5.330e+000	5.6503e-006	-1.3664e+014	-1.3628e+014	1.3628e+014	5.2500e-015
5.340e+000	5.6518e-006	-1.3699e+014	-1.3664e+014	1.3664e+014	5.2500e-015
5.350e+000	5.6533e-006	-1.3734e+014	-1.3699e+014	1.3699e+014	5.2500e-015
5.360e+000	5.6548e-006	-1.3770e+014	-1.3734e+014	1.3734e+014	5.2500e-015
5.370e+000	5.6563e-006	-1.3805e+014	-1.3770e+014	1.3770e+014	5.2500e-015
5.380e+000	5.6578e-006	-1.3840e+014	-1.3805e+014	1.3805e+014	5.2500e-015
5.390e+000	5.6593e-006	-1.3875e+014	-1.3840e+014	1.3840e+014	5.2500e-015
5.400e+000	5.6608e-006	-1.3911e+014	-1.3875e+014	1.3875e+014	5.2500e-015
5.410e+000	5.6623e-006	-1.3946e+014	-1.3911e+014	1.3911e+014	5.2500e-015
5.420e+000	5.6638e-006	-1.3982e+014	-1.3946e+014	1.3946e+014	5.2500e-015
5.430e+000	5.6652e-006	-1.4017e+014	-1.3982e+014	1.3982e+014	5.2500e-015
5.440e+000	5.6667e-006	-1.4052e+014	-1.4017e+014	1.4017e+014	5.2500e-015
5.450e+000	5.6682e-006	-1.4088e+014	-1.4052e+014	1.4052e+014	5.2500e-015
5.460e+000	5.6697e-006	-1.4123e+014	-1.4088e+014	1.4088e+014	5.2500e-015
5.470e+000	5.6711e-006	-1.4158e+014	-1.4123e+014	1.4123e+014	5.2500e-015
5.480e+000	5.6726e-006	-1.4194e+014	-1.4158e+014	1.4158e+014	5.2500e-015
5.490e+000	5.6740e-006	-1.4229e+014	-1.4194e+014	1.4194e+014	5.2500e-015
5.500e+000	5.6755e-006	-1.4265e+014	-1.4229e+014	1.4229e+014	5.2500e-015
5.510e+000	5.6769e-006	-1.4300e+014	-1.4265e+014	1.4265e+014	5.2500e-015
5.520e+000	5.6784e-006	-1.4336e+014	-1.4300e+014	1.4300e+014	5.2500e-015
5.530e+000	5.6798e-006	-1.4371e+014	-1.4336e+014	1.4336e+014	5.2500e-015
5.540e+000	5.6813e-006	-1.4406e+014	-1.4371e+014	1.4371e+014	5.2500e-015
5.550e+000	5.6827e-006	-1.4442e+014	-1.4406e+014	1.4406e+014	5.2500e-015
5.560e+000	5.6841e-006	-1.4477e+014	-1.4442e+014	1.4442e+014	5.2500e-015
5.570e+000	5.6856e-006	-1.4513e+014	-1.4477e+014	1.4477e+014	5.2500e-015
5.580e+000	5.6870e-006	-1.4548e+014	-1.4513e+014	1.4513e+014	5.2500e-015
5.590e+000	5.6884e-006	-1.4584e+014	-1.4548e+014	1.4548e+014	5.2500e-015
5.600e+000	5.6898e-006	-1.4619e+014	-1.4584e+014	1.4584e+014	5.2500e-015
5.610e+000	5.6912e-006	-1.4655e+014	-1.4619e+014	1.4619e+014	5.2500e-015
5.620e+000	5.6926e-006	-1.4690e+014	-1.4655e+014	1.4655e+014	5.2500e-015
5.630e+000	5.6940e-006	-1.4726e+014	-1.4690e+014	1.4690e+014	5.2500e-015
5.640e+000	5.6954e-006	-1.4762e+014	-1.4726e+014	1.4726e+014	5.2500e-015
5.650e+000	5.6968e-006	-1.4797e+014	-1.4762e+014	1.4762e+014	5.2500e-015
5.660e+000	5.6982e-006	-1.4833e+014	-1.4797e+014	1.4797e+014	5.2500e-015
5.670e+000	5.6996e-006	-1.4868e+014	-1.4833e+014	1.4833e+014	5.2500e-015
5.680e+000	5.7010e-006	-1.4904e+014	-1.4868e+014	1.4868e+014	5.2500e-015
5.690e+000	5.7024e-006	-1.4939e+014	-1.4904e+014	1.4904e+014	5.2500e-015
5.700e+000	5.7038e-006	-1.4975e+014	-1.4939e+014	1.4939e+014	5.2500e-015
5.710e+000	5.7051e-006	-1.5011e+014	-1.4975e+014	1.4975e+014	5.2500e-015
5.720e+000	5.7065e-006	-1.5046e+014	-1.5011e+014	1.5011e+014	5.2500e-015
5.730e+000	5.7079e-006	-1.5082e+014	-1.5046e+014	1.5046e+014	5.2500e-015
5.740e+000	5.7092e-006	-1.5117e+014	-1.5082e+014	1.5082e+014	5.2500e-015
5.750e+000	5.7106e-006	-1.5153e+014	-1.5117e+014	1.5117e+014	5.2500e-015
5.760e+000	5.7119e-006	-1.5189e+014	-1.5153e+014	1.5153e+014	5.2500e-015
5.770e+000	5.7133e-006	-1.5224e+014	-1.5189e+014	1.5189e+014	5.2500e-015
5.780e+000	5.7147e-006	-1.5260e+014	-1.5224e+014	1.5224e+014	5.2500e-015
5.790e+000	5.7160e-006	-1.5296e+014	-1.5260e+014	1.5260e+014	5.2500e-015
5.800e+000	5.7173e-006	-1.5331e+014	-1.5296e+014	1.5296e+014	5.2500e-015
5.810e+000	5.7187e-006	-1.5367e+014	-1.5331e+014	1.5331e+014	5.2500e-015
5.820e+000	5.7200e-006	-1.5403e+014	-1.5367e+014	1.5367e+014	5.2500e-015
5.830e+000	5.7214e-006	-1.5439e+014	-1.5403e+014	1.5403e+014	5.2500e-015
5.840e+000	5.7227e-006	-1.5474e+014	-1.5439e+014	1.5439e+014	5.2500e-015
5.850e+000	5.7240e-006	-1.5510e+014	-1.5474e+014	1.5474e+014	5.2500e-015
5.860e+000	5.7253e-006	-1.5546e+014	-1.5510e+014	1.5510e+014	5.2500e-015
5.870e+000	5.7267e-006	-1.5581e+014	-1.5546e+014	1.5546e+014	5.2500e-015
5.880e+000	5.7280e-006	-1.5617e+014	-1.5581e+014	1.5581e+014	5.2500e-015
5.890e+000	5.7293e-006	-1.5653e+014	-1.5617e+014	1.5617e+014	5.2500e-015
5.900e+000	5.7306e-006	-1.5689e+014	-1.5653e+014	1.5653e+014	5.2500e-015
5.910e+000	5.7319e-006	-1.5725e+014	-1.5689e+014	1.5689e+014	5.2500e-015
5.920e+000	5.7332e-006	-1.5760e+014	-1.5725e+014	1.5725e+014	5.2500e-015
5.930e+000	5.7345e-006	-1.5796e+014	-1.5760e+014	1.5760e+014	5.2500e-015
5.940e+000	5.7358e-006	-1.5832e+014	-1.5796e+014	1.5796e+014	5.2500e-015
5.950e+000	5.7371e-006	-1.5868e+014	-1.5832e+014	1.5832e+014	5.2500e-015
5.960e+000	5.7384e-006	-1.5904e+014	-1.5868e+014	1.5868e+014	5.2500e-015
5.970e+000	5.7397e-006	-1.5939e+014	-1.5904e+014	1.5904e+014	5.2500e-015
5.980e+000	5.7410e-006	-1.5975e+014	-1.5939e+014	1.5939e+014	5.2500e-015
5.990e+000	5.7422e-006	-1.6011e+014	-1.5975e+014	1.5975e+014	5.2500e-015
6.000e+000	5.7435e-006	-1.6047e+014	-1.6011e+014	1.6011e+014	5.2500e-015
6.010e+000	5.7448e-006	-1.6083e+014	-1.6047e+014	1.6047e+014	5.2500e-015
6.020e+000	5.7461e-006	-1.6119e+014	-1.6083e+014	1.6083e+014	5.2500e-015
6.030e+000	5.7473e-006	-1.6154e+014	-1.6119e+014	1.6119e+014	5.2500e-015
6.040e+000	5.7486e-006	-1.6190e+014	-1.6154e+014	1.6154e+014	5.2500e-015
6.050e+000	5.7499e-006	-1.6226e+014	-1.6190e+014	1.6190e+014	5.2500e-015
6.060e+000	5.7511e-006	-1.6262e+014	-1.6226e+014	1.6226e+014	5.2500e-015
6.070e+000	5.7524e-006	-1.6298e+014	-1.6262e+014	1.6262e+014	5.2500e-015
6.080e+000	5.7536e-006	-1.6334e+014	-1.6298e+014	1.6298e+014	5.2500e-015
6.090e+000	5.7549e-006	-1.6370e+014	-1.6334e+014	1.6334e+014	5.2500e-015
6.100e+000	5.7561e-006	-1.6406e+014	-1.6370e+014	1.6370e+014	5.2500e-015
6.110e+000	5.7574e-006	-1.6442e+014	-1.6406e+014	1.6406e+014	5.2500e-015
6.120e+000	5.7586e-006	-1.6478e+014	-1.6442e+014	1.6442e+014	5.2500e-015
6.130e+000	5.7599e-006	-1.6514e+014	-1.6478e+014	1.6478e+014	5.2500e-015
6.140e+000	5.7611e-006	-1.6550e+014	-1.6514e+014	1.6514e+014	5.2500e-015
6.150e+000	5.7623e-006	-1.6586e+014	-1.6550e+014	1.6550e+014	5.2500e-015
6.160e+000	5.7636e-006	-1.6622e+014	-1.6586e+014	1.6586e+014	5.2500e-015
6.170e+000	5.7648e-006	-1.6658e+014	-1.6622e+014	1.6622e+014	5.2500e-015
6.180e+000	5.7660e-006	-1.6693e+014	-1.6658e+014	1.6658e+014	5.2500e-015
6.190e+000	5.7672e-006	-1.6729e+014	-1.6693e+014	1.6693e+014	5.2500e-015
6.200e+000	5.7685e-006	-1.6765e+014	-1.6729e+014	1.6729e+014	5.2500e-015
6.210e+000	5.7697e-006	-1.6802e+014	-1.6765e+014	1.6765e+014	5.2500e-015
6.220e+000	5.7709e-006	-1.6838e+014	-1.6802e+014	1.6802e+014	5.2500e-015
6.230e+000	5.7721e-006	-1.6874e+014	-1.6838e+014	1.6838e+014	5.2500e-015
6.240e+000	5.7733e-006	-1.6910e+014	-1.6874e+014	1.6874e+014	5.2500e-015
6.250e+000	5.7745e-006	-1.6946e+014	-1.6910e+014	1.6910e+014	5.2500e-015
6.260e+000	5.7757e-006	-1.6982e+014	-1.6946e+014	1.6946e+014	5.2500e-015
6.270e+000	5.7769e-006	-1.7018e+014	-1.6982e+014	1.6982e+014	5.2500e-015
6.280e+000	5.7781e-006	-1.7054e+014	-1.7018e+014	1.7018e+014	5.2500e-015
6.290e+000	5.7793e-006	-1.7090e+014	-1.7054e+014	1.7054e+014	5.2500e-015
6.300e+000	5.7805e-006	-1.7126e+014	-1.7090e+014	1.7090e+014	5.2500e-015
6.310e+000	5.7817e-006	-1.7162e+014	-1.7126e+014	1.7126e+014	5.2500e-015
6.320e+000	5.7829e-006	-1.7198e+014	-1.7162e+014	1.7162e+014	5.2500e-015
6.330e+000	5.7841e-006	-1.7234e+014	-1.7198e+014	1.7198e+014	5.2500e-015
6.340e+000	5.7852e-006	-1.7270e+014	-1.7234e+014	1.7234e+014	5.2500e-015
6.350e+000	5.7864e-006	-1.7306e+014	-1.7270e+014	1.7270e+014	5.2500e-015
6.360e+000	5.7876e-006	-1.7343e+014	-1.7306e+014	1.7306e+014	5.2500e-015
6.370e+000	5.7888e-006	-1.7379e+014	-1.7343e+014	1.7343e+014	5.2500e-015
6.380e+000	5.7899e-006	-1.7415e+014	-1.7379e+014	1.7379e+014	5.2500e-015
6.390e+000	5.7911e-006	-1.7451e+014	-1.7415e+014	1.7415e+014	5.2500e-015
6.400e+000	5.7923e-006	-1.7487e+014	-1.7451e+014	1.7451e+014	5.2500e-015
6.410e+000	5.7934e-006	-1.7523e+014	-1.7487e+014	1.7487e+014	5.2500e-015
6.420e+000	5.7946e-006	-1.7559e+014	-1.7523e+014	1.7523e+014	5.2500e-015
6.430e+000	5.7957e-006	-1.7596e+014	-1.7559e+014	1.7559e+014	5.2500e-015
6.440e+000	5.7969e-006	-1.7632e+014	-1.7596e+014	1.7596e+014	5.2500e-015
6.450e+000	5.7981e-006	-1.7668e+014	-1.7632e+014	1.7632e+014	5.2500e-015
6.460e+000	5.7992e-006	-1.7704e+014	-1.7668e+014	1.7668e+014	5.2500e-015
6.470e+000	5.8004e-006	-1.7740e+014	-1.7704e+014	1.7704e+014	5.2500e-015
6.480e+000	5.8015e-006	-1.7777e+014	-1.7740e+014	1.7740e+014	5.2500e-015
6.490e+000	5.8026e-006	-1.7813e+014	-1.7777e+014	1.7777e+014	5.2500e-015
6.500e+000	5.8038e-006	-1.7849e+014	-1.7813e+014	1.7813e+014	5.2500e-015
6.510e+000	5.8049e-006	-1.7885e+014	-1.7849e+014	1.7849e+014	5.2500e-015
6.520e+000	5.8060e-006	-1.7922e+014	-1.7885e+014	1.7885e+014	5.2500e-015
6.530e+000	5.8072e-006	-1.7958e+014	-1.7922e+014	1.7922e+014	5.2500e-015
6.540e+000	5.8083e-006	-1.7994e+014	-1.7958e+014	1.7958e+014	5.2500e-015
6.550e+000	5.8094e-006	-1.8030e+014	-1.7994e+014	1.7994e+014	5.2500e-015
6.560e+000	5.8106e-006	-1.8067e+014	-1.8030e+014	1.8030e+014	5.2500e-015
6.570e+000	5.8117e-006	-1.8103e+014	-1.8067e+014	1.8067e+014	5.2500e-015
6.580e+000	5.8128e-006	-1.8139e+014	-1.8103e+014	1.8103e+014	5.2500e-015
6.590e+000	5.8139e-006	-1.8175e+014	-1.8139e+014	1.8139e+014	5.2500e-015
6.600e+000	5.8150e-006	-1.8212e+014	-1.8175e+014	1.8175e+014	5.2500e-015
6.610e+000	5.8162e-006	-1.8248e+014	-1.8212e+014	1.8212e+014	5.2500e-015
6.620e+000	5.8173e-006	-1.8284e+014	-1.8248e+014	1.8248e+014	5.2500e-015
6.630e+000	5.8184e-006	-1.8321e+014	-1.8284e+014	1.8284e+014	5.2500e-015
6.640e+000	5.8195e-006	-1.8357e+014	-1.8321e+014	1.8321e+014	5.2500e-015
6.650e+000	5.8206e-006	-1.8393e+014	-1.8357e+014	1.8357e+014	5.2500e-015
6.660e+000	5.8217e-006	-1.8430e+014	-1.8393e+014	1.8393e+014	5.2500e-015
6.670e+000	5.8228e-006	-1.8466e+014	-1.8430e+014	1.8430e+014	5.2500e-015
6.680e+000	5.8239e-006	-1.8502e+014	-1.8466e+014	1.8466e+014	5.2500e-015
6.690e+000	5.8250e-006	-1.8539e+014	-1.8502e+014	1.8502e+014	5.2500e-015
6.700e+000	5.8261e-006	-1.8575e+014	-1.8539e+014	1.8539e+014	5.2500e-015
6.710e+000	5.8272e-006	-1.8611e+014	-1.8575e+014	1.8575e+014	5.2500e-015
6.720e+000	5.8282e-006	-1.8648e+014	-1.8611e+014	1.8611e+014	5.2500e-015
6.730e+000	5.8293e-006	-1.8684e+014	-1.8648e+014	1.8648e+014	5.2500e-015
6.740e+000	5.8304e-006	-1.8721e+014	-1.8684e+014	1.8684e+014	5.2500e-015
6.750e+000	5.8315e-006	-1.8757e+014	-1.8721e+014	1.8721e+014	5.2500e-015
6.760e+000	5.8326e-006	-1.8793e+014	-1.8757e+014	1.8757e+014	5.2500e-015
6.770e+000	5.8336e-006	-1.8830e+014	-1.8793e+014	1.8793e+014	5.2500e-015
6.780e+000	5.8347e-006	-1.8866e+014	-1.8830e+014	1.8830e+014	5.2500e-015
6.790e+000	5.8358e-006	-1.8903e+014	-1.8866e+014	1.8866e+014	5.2500e-015
6.800e+000	5.8369e-006	-1.8939e+014	-1.8903e+014	1.8903e+014	5.2500e-015
6.810e+000	5.8379e-006	-1.8975e+014	-1.8939e+014	1.8939e+014	5.2500e-015
6.820e+000	5.8390e-006	-1.9012e+014	-1.8975e+014	1.8975e+014	5.2500e-015
6.830e+000	5.8400e-006	-1.9048e+014	-1.9012e+014	1.9012e+014	5.2500e-015
6.840e+000	5.8411e-006	-1.9085e+014	-1.9048e+014	1.9048e+014	5.2500e-015
6.850e+000	5.8422e-006	-1.9121e+014	-1.9085e+014	1.9085e+014	5.2500e-015
6.860e+000	5.8432e-006	-1.9158e+014	-1.9121e+014	1.9121e+014	5.2500e-015
6.870e+000	5.8443e-006	-1.9194e+014	-1.9158e+014	1.9158e+014	5.2500e-015
6.880e+000	5.8453e-006	-1.9231e+014	-1.9194e+014	1.9194e+014	5.2500e-015
6.890e+000	5.8464e-006	-1.9267e+014	-1.9231e+014	1.9231e+014	5.2500e-015
6.900e+000	5.8474e-006	-1.9304e+014	-1.9267e+014	1.9267e+014	5.2500e-015
6.910e+000	5.8485e-006	-1.9340e+014	-1.9304e+014	1.9304e+014	5.2500e-015
6.920e+000	5.8495e-006	-1.9377e+014	-1.9340e+014	1.9340e+014	5.2500e-015
6.930e+000	5.8506e-006	-1.9413e+014	-1.9377e+014	1.9377e+014	5.2500e-015
6.940e+000	5.8516e-006	-1.9450e+014	-1.9413e+014	1.9413e+014	5.2500e-015
6.950e+000	5.8526e-006	-1.9486e+014	-1.9450e+014	1.9450e+014	5.2500e-015
6.960e+000	5.8537e-006	-1.9523e+014	-1.9486e+014	1.9486e+014	5.2500e-015
6.970e+000	5.8547e-006	-1.9559e+014	-1.9523e+014	1.9523e+014	5.2500e-015
6.980e+000	5.8557e-006	-1.9596e+014	-1.9559e+014	1.9559e+014	5.2500e-015
6.990e+000	5.8568e-006	-1.9632e+014	-1.9596e+014	1.9596e+014	5.2500e-015
7.000e+000	5.8578e-006	-1.9669e+014	-1.9632e+014	1.9632e+014	5.2500e-015
