V	C (Fcm-2)	Initcharge (cm-2)	Finalcharge (cm-2)	ns Total (cm-2)	ps Total (cm-2)
-9.000e+000	4.8003e-017	-9.3438e+000	-6.3477e+000	6.3476e+000	5.2500e-015
-8.990e+000	4.8003e-017	-9.3438e+000	-6.3477e+000	6.3476e+000	5.2500e-015
-8.980e+000	4.8003e-017	-9.3438e+000	-6.3477e+000	6.3476e+000	5.2500e-015
-8.970e+000	4.8003e-017	-9.3438e+000	-6.3477e+000	6.3476e+000	5.2500e-015
-8.960e+000	4.8003e-017	-9.3438e+000	-6.3477e+000	6.3476e+000	5.2500e-015
-8.950e+000	4.8003e-017	-9.3438e+000	-6.3477e+000	6.3476e+000	5.2500e-015
-8.940e+000	4.8003e-017	-9.3438e+000	-6.3477e+000	6.3476e+000	5.2500e-015
-8.930e+000	4.8003e-017	-9.3438e+000	-6.3477e+000	6.3476e+000	5.2500e-015
-8.920e+000	4.8003e-017	-9.3438e+000	-6.3477e+000	6.3476e+000	5.2500e-015
-8.910e+000	4.8003e-017	-9.3438e+000	-6.3477e+000	6.3476e+000	5.2500e-015
-8.900e+000	4.8003e-017	-9.3438e+000	-6.3477e+000	6.3476e+000	5.2500e-015
-8.890e+000	4.8003e-017	-9.3438e+000	-6.3477e+000	6.3476e+000	5.2500e-015
-8.880e+000	4.8003e-017	-9.3438e+000	-6.3477e+000	6.3476e+000	5.2500e-015
-8.870e+000	4.8003e-017	-9.3438e+000	-6.3477e+000	6.3476e+000	5.2500e-015
-8.860e+000	4.8003e-017	-9.3438e+000	-6.3477e+000	6.3476e+000	5.2500e-015
-8.850e+000	4.8003e-017	-9.3438e+000	-6.3477e+000	6.3476e+000	5.2500e-015
-8.840e+000	4.8003e-017	-9.3438e+000	-6.3477e+000	6.3476e+000	5.2500e-015
-8.830e+000	4.8003e-017	-9.3438e+000	-6.3477e+000	6.3476e+000	5.2500e-015
-8.820e+000	4.8003e-017	-9.3438e+000	-6.3477e+000	6.3476e+000	5.2500e-015
-8.810e+000	4.8003e-017	-9.3438e+000	-6.3477e+000	6.3476e+000	5.2500e-015
-8.800e+000	4.8003e-017	-9.3438e+000	-6.3477e+000	6.3476e+000	5.2500e-015
-8.790e+000	4.8003e-017	-9.3438e+000	-6.3477e+000	6.3476e+000	5.2500e-015
-8.780e+000	4.8003e-017	-9.3438e+000	-6.3477e+000	6.3476e+000	5.2500e-015
-8.770e+000	4.8003e-017	-9.3438e+000	-6.3477e+000	6.3476e+000	5.2500e-015
-8.760e+000	4.8003e-017	-9.3438e+000	-6.3477e+000	6.3476e+000	5.2500e-015
-8.750e+000	4.8003e-017	-9.3438e+000	-6.3477e+000	6.3476e+000	5.2500e-015
-8.740e+000	4.8003e-017	-9.3438e+000	-6.3477e+000	6.3476e+000	5.2500e-015
-8.730e+000	4.8003e-017	-9.3438e+000	-6.3477e+000	6.3476e+000	5.2500e-015
-8.720e+000	4.8003e-017	-9.3438e+000	-6.3477e+000	6.3476e+000	5.2500e-015
-8.710e+000	4.8003e-017	-9.3438e+000	-6.3477e+000	6.3476e+000	5.2500e-015
-8.700e+000	4.8003e-017	-9.3438e+000	-6.3477e+000	6.3476e+000	5.2500e-015
-8.690e+000	4.8003e-017	-9.3438e+000	-6.3477e+000	6.3476e+000	5.2500e-015
-8.680e+000	4.8003e-017	-9.3438e+000	-6.3477e+000	6.3476e+000	5.2500e-015
-8.670e+000	4.8003e-017	-9.3438e+000	-6.3477e+000	6.3476e+000	5.2500e-015
-8.660e+000	4.8003e-017	-9.3438e+000	-6.3477e+000	6.3476e+000	5.2500e-015
-8.650e+000	4.8003e-017	-9.3438e+000	-6.3477e+000	6.3476e+000	5.2500e-015
-8.640e+000	4.8003e-017	-9.3438e+000	-6.3477e+000	6.3476e+000	5.2500e-015
-8.630e+000	4.8003e-017	-9.3438e+000	-6.3477e+000	6.3476e+000	5.2500e-015
-8.620e+000	4.8003e-017	-9.3438e+000	-6.3477e+000	6.3476e+000	5.2500e-015
-8.610e+000	4.8003e-017	-9.3438e+000	-6.3477e+000	6.3476e+000	5.2500e-015
-8.600e+000	4.8003e-017	-9.3438e+000	-6.3477e+000	6.3476e+000	5.2500e-015
-8.590e+000	4.8003e-017	-9.3438e+000	-6.3477e+000	6.3476e+000	5.2500e-015
-8.580e+000	4.8003e-017	-9.3438e+000	-6.3477e+000	6.3476e+000	5.2500e-015
-8.570e+000	4.8003e-017	-9.3438e+000	-6.3477e+000	6.3476e+000	5.2500e-015
-8.560e+000	4.8003e-017	-9.3438e+000	-6.3477e+000	6.3476e+000	5.2500e-015
-8.550e+000	4.8003e-017	-9.3438e+000	-6.3477e+000	6.3476e+000	5.2500e-015
-8.540e+000	4.8003e-017	-9.3438e+000	-6.3477e+000	6.3476e+000	5.2500e-015
-8.530e+000	4.8003e-017	-9.3438e+000	-6.3477e+000	6.3476e+000	5.2500e-015
-8.520e+000	4.8003e-017	-9.3438e+000	-6.3477e+000	6.3476e+000	5.2500e-015
-8.510e+000	4.8003e-017	-9.3438e+000	-6.3477e+000	6.3476e+000	5.2500e-015
-8.500e+000	4.8003e-017	-9.3438e+000	-6.3477e+000	6.3476e+000	5.2500e-015
-8.490e+000	4.8003e-017	-9.3438e+000	-6.3477e+000	6.3476e+000	5.2500e-015
-8.480e+000	4.8003e-017	-9.3438e+000	-6.3477e+000	6.3476e+000	5.2500e-015
-8.470e+000	4.8003e-017	-9.3438e+000	-6.3477e+000	6.3476e+000	5.2500e-015
-8.460e+000	4.8003e-017	-9.3438e+000	-6.3477e+000	6.3476e+000	5.2500e-015
-8.450e+000	4.8003e-017	-9.3438e+000	-6.3477e+000	6.3476e+000	5.2500e-015
-8.440e+000	4.8003e-017	-9.3438e+000	-6.3477e+000	6.3476e+000	5.2500e-015
-8.430e+000	4.8003e-017	-9.3438e+000	-6.3477e+000	6.3476e+000	5.2500e-015
-8.420e+000	4.8003e-017	-9.3438e+000	-6.3477e+000	6.3476e+000	5.2500e-015
-8.410e+000	4.8003e-017	-9.3438e+000	-6.3477e+000	6.3476e+000	5.2500e-015
-8.400e+000	4.8003e-017	-9.3438e+000	-6.3477e+000	6.3476e+000	5.2500e-015
-8.390e+000	4.8003e-017	-9.3438e+000	-6.3477e+000	6.3476e+000	5.2500e-015
-8.380e+000	4.8003e-017	-9.3438e+000	-6.3477e+000	6.3476e+000	5.2500e-015
-8.370e+000	4.8003e-017	-9.3438e+000	-6.3477e+000	6.3476e+000	5.2500e-015
-8.360e+000	4.8003e-017	-9.3438e+000	-6.3477e+000	6.3476e+000	5.2500e-015
-8.350e+000	4.8003e-017	-9.3438e+000	-6.3477e+000	6.3476e+000	5.2500e-015
-8.340e+000	4.8003e-017	-9.3438e+000	-6.3477e+000	6.3476e+000	5.2500e-015
-8.330e+000	4.8003e-017	-9.3438e+000	-6.3477e+000	6.3476e+000	5.2500e-015
-8.320e+000	4.8003e-017	-9.3438e+000	-6.3477e+000	6.3476e+000	5.2500e-015
-8.310e+000	4.8003e-017	-9.3438e+000	-6.3477e+000	6.3476e+000	5.2500e-015
-8.300e+000	4.8003e-017	-9.3438e+000	-6.3477e+000	6.3476e+000	5.2500e-015
-8.290e+000	4.8003e-017	-9.3438e+000	-6.3477e+000	6.3476e+000	5.2500e-015
-8.280e+000	4.8003e-017	-9.3438e+000	-6.3477e+000	6.3476e+000	5.2500e-015
-8.270e+000	4.8003e-017	-9.3438e+000	-6.3477e+000	6.3476e+000	5.2500e-015
-8.260e+000	4.8003e-017	-9.3438e+000	-6.3477e+000	6.3476e+000	5.2500e-015
-8.250e+000	4.8003e-017	-9.3438e+000	-6.3477e+000	6.3476e+000	5.2500e-015
-8.240e+000	4.8003e-017	-9.3438e+000	-6.3477e+000	6.3476e+000	5.2500e-015
-8.230e+000	4.8003e-017	-9.3438e+000	-6.3477e+000	6.3476e+000	5.2500e-015
-8.220e+000	4.8003e-017	-9.3438e+000	-6.3477e+000	6.3476e+000	5.2500e-015
-8.210e+000	4.8003e-017	-9.3438e+000	-6.3477e+000	6.3476e+000	5.2500e-015
-8.200e+000	4.8003e-017	-9.3438e+000	-6.3477e+000	6.3476e+000	5.2500e-015
-8.190e+000	4.8003e-017	-9.3438e+000	-6.3477e+000	6.3476e+000	5.2500e-015
-8.180e+000	4.8003e-017	-9.3438e+000	-6.3477e+000	6.3476e+000	5.2500e-015
-8.170e+000	4.8003e-017	-9.3438e+000	-6.3477e+000	6.3476e+000	5.2500e-015
-8.160e+000	4.8003e-017	-9.3438e+000	-6.3477e+000	6.3476e+000	5.2500e-015
-8.150e+000	4.8003e-017	-9.3438e+000	-6.3477e+000	6.3476e+000	5.2500e-015
-8.140e+000	4.8003e-017	-9.3438e+000	-6.3477e+000	6.3476e+000	5.2500e-015
-8.130e+000	4.8003e-017	-9.3438e+000	-6.3477e+000	6.3476e+000	5.2500e-015
-8.120e+000	4.8003e-017	-9.3438e+000	-6.3477e+000	6.3476e+000	5.2500e-015
-8.110e+000	4.8003e-017	-9.3438e+000	-6.3477e+000	6.3476e+000	5.2500e-015
-8.100e+000	4.8003e-017	-9.3438e+000	-6.3477e+000	6.3476e+000	5.2500e-015
-8.090e+000	4.8003e-017	-9.3438e+000	-6.3477e+000	6.3476e+000	5.2500e-015
-8.080e+000	4.8003e-017	-9.3438e+000	-6.3477e+000	6.3476e+000	5.2500e-015
-8.070e+000	4.8003e-017	-9.3438e+000	-6.3477e+000	6.3476e+000	5.2500e-015
-8.060e+000	4.8003e-017	-9.3438e+000	-6.3477e+000	6.3476e+000	5.2500e-015
-8.050e+000	4.8003e-017	-9.3438e+000	-6.3477e+000	6.3476e+000	5.2500e-015
-8.040e+000	4.8003e-017	-9.3438e+000	-6.3477e+000	6.3476e+000	5.2500e-015
-8.030e+000	4.8003e-017	-9.3438e+000	-6.3477e+000	6.3476e+000	5.2500e-015
-8.020e+000	4.8003e-017	-9.3438e+000	-6.3477e+000	6.3476e+000	5.2500e-015
-8.010e+000	4.8003e-017	-9.3438e+000	-6.3477e+000	6.3476e+000	5.2500e-015
-8.000e+000	4.8003e-017	-9.3438e+000	-6.3477e+000	6.3476e+000	5.2500e-015
-7.990e+000	4.8003e-017	-9.3438e+000	-6.3477e+000	6.3476e+000	5.2500e-015
-7.980e+000	4.8003e-017	-9.3438e+000	-6.3477e+000	6.3476e+000	5.2500e-015
-7.970e+000	4.8003e-017	-9.3438e+000	-6.3477e+000	6.3476e+000	5.2500e-015
-7.960e+000	4.8003e-017	-9.3438e+000	-6.3477e+000	6.3476e+000	5.2500e-015
-7.950e+000	4.8003e-017	-9.3438e+000	-6.3477e+000	6.3476e+000	5.2500e-015
-7.940e+000	4.8003e-017	-9.3438e+000	-6.3477e+000	6.3476e+000	5.2500e-015
-7.930e+000	4.8003e-017	-9.3438e+000	-6.3477e+000	6.3476e+000	5.2500e-015
-7.920e+000	4.8003e-017	-9.3438e+000	-6.3477e+000	6.3476e+000	5.2500e-015
-7.910e+000	4.8003e-017	-9.3438e+000	-6.3477e+000	6.3476e+000	5.2500e-015
-7.900e+000	4.8003e-017	-9.3438e+000	-6.3477e+000	6.3476e+000	5.2500e-015
-7.890e+000	4.8003e-017	-9.3438e+000	-6.3477e+000	6.3476e+000	5.2500e-015
-7.880e+000	4.8003e-017	-9.3438e+000	-6.3477e+000	6.3476e+000	5.2500e-015
-7.870e+000	4.8003e-017	-9.3438e+000	-6.3477e+000	6.3476e+000	5.2500e-015
-7.860e+000	4.8003e-017	-9.3438e+000	-6.3477e+000	6.3476e+000	5.2500e-015
-7.850e+000	4.8003e-017	-9.3438e+000	-6.3477e+000	6.3476e+000	5.2500e-015
-7.840e+000	4.8003e-017	-9.3438e+000	-6.3477e+000	6.3476e+000	5.2500e-015
-7.830e+000	4.8003e-017	-9.3438e+000	-6.3477e+000	6.3476e+000	5.2500e-015
-7.820e+000	4.8003e-017	-9.3438e+000	-6.3477e+000	6.3476e+000	5.2500e-015
-7.810e+000	4.8003e-017	-9.3438e+000	-6.3477e+000	6.3476e+000	5.2500e-015
-7.800e+000	4.8003e-017	-9.3438e+000	-6.3477e+000	6.3476e+000	5.2500e-015
-7.790e+000	4.8003e-017	-9.3438e+000	-6.3477e+000	6.3476e+000	5.2500e-015
-7.780e+000	4.8003e-017	-9.3438e+000	-6.3477e+000	6.3476e+000	5.2500e-015
-7.770e+000	4.8003e-017	-9.3438e+000	-6.3477e+000	6.3476e+000	5.2500e-015
-7.760e+000	4.8003e-017	-9.3438e+000	-6.3477e+000	6.3476e+000	5.2500e-015
-7.750e+000	4.8003e-017	-9.3438e+000	-6.3477e+000	6.3476e+000	5.2500e-015
-7.740e+000	4.8003e-017	-9.3438e+000	-6.3477e+000	6.3476e+000	5.2500e-015
-7.730e+000	4.8003e-017	-9.3438e+000	-6.3477e+000	6.3476e+000	5.2500e-015
-7.720e+000	4.8003e-017	-9.3438e+000	-6.3477e+000	6.3476e+000	5.2500e-015
-7.710e+000	4.8003e-017	-9.3438e+000	-6.3477e+000	6.3476e+000	5.2500e-015
-7.700e+000	4.8003e-017	-9.3438e+000	-6.3477e+000	6.3476e+000	5.2500e-015
-7.690e+000	4.8003e-017	-9.3438e+000	-6.3477e+000	6.3476e+000	5.2500e-015
-7.680e+000	4.8003e-017	-9.3438e+000	-6.3477e+000	6.3476e+000	5.2500e-015
-7.670e+000	4.8003e-017	-9.3438e+000	-6.3477e+000	6.3476e+000	5.2500e-015
-7.660e+000	4.8003e-017	-9.3438e+000	-6.3477e+000	6.3476e+000	5.2500e-015
-7.650e+000	4.8003e-017	-9.3438e+000	-6.3477e+000	6.3476e+000	5.2500e-015
-7.640e+000	4.8003e-017	-9.3438e+000	-6.3477e+000	6.3476e+000	5.2500e-015
-7.630e+000	4.8003e-017	-9.3438e+000	-6.3477e+000	6.3476e+000	5.2500e-015
-7.620e+000	4.8003e-017	-9.3438e+000	-6.3477e+000	6.3476e+000	5.2500e-015
-7.610e+000	4.8003e-017	-9.3438e+000	-6.3477e+000	6.3476e+000	5.2500e-015
-7.600e+000	4.8003e-017	-9.3438e+000	-6.3477e+000	6.3476e+000	5.2500e-015
-7.590e+000	4.8003e-017	-9.3438e+000	-6.3477e+000	6.3476e+000	5.2500e-015
-7.580e+000	4.8003e-017	-9.3438e+000	-6.3477e+000	6.3476e+000	5.2500e-015
-7.570e+000	4.8003e-017	-9.3438e+000	-6.3477e+000	6.3476e+000	5.2500e-015
-7.560e+000	4.8003e-017	-9.3438e+000	-6.3477e+000	6.3476e+000	5.2500e-015
-7.550e+000	4.8003e-017	-9.3438e+000	-6.3477e+000	6.3476e+000	5.2500e-015
-7.540e+000	4.8003e-017	-9.3438e+000	-6.3477e+000	6.3476e+000	5.2500e-015
-7.530e+000	4.8003e-017	-9.3438e+000	-6.3477e+000	6.3476e+000	5.2500e-015
-7.520e+000	4.8003e-017	-9.3438e+000	-6.3477e+000	6.3476e+000	5.2500e-015
-7.510e+000	4.8003e-017	-9.3438e+000	-6.3477e+000	6.3476e+000	5.2500e-015
-7.500e+000	4.8003e-017	-9.3438e+000	-6.3477e+000	6.3476e+000	5.2500e-015
-7.490e+000	4.8003e-017	-9.3438e+000	-6.3477e+000	6.3476e+000	5.2500e-015
-7.480e+000	4.8003e-017	-9.3439e+000	-6.3477e+000	6.3477e+000	5.2500e-015
-7.470e+000	4.8004e-017	-9.3439e+000	-6.3478e+000	6.3477e+000	5.2500e-015
-7.460e+000	4.8004e-017	-9.3440e+000	-6.3478e+000	6.3477e+000	5.2500e-015
-7.450e+000	4.8005e-017	-9.3441e+000	-6.3479e+000	6.3478e+000	5.2500e-015
-7.440e+000	4.8006e-017	-9.3443e+000	-6.3480e+000	6.3479e+000	5.2500e-015
-7.430e+000	4.8007e-017	-9.3445e+000	-6.3482e+000	6.3481e+000	5.2500e-015
-7.420e+000	4.8009e-017	-9.3449e+000	-6.3484e+000	6.3484e+000	5.2500e-015
-7.410e+000	4.8012e-017	-9.3455e+000	-6.3488e+000	6.3487e+000	5.2500e-015
-7.400e+000	4.8016e-017	-9.3463e+000	-6.3494e+000	6.3493e+000	5.2500e-015
-7.390e+000	4.8022e-017	-9.3475e+000	-6.3502e+000	6.3501e+000	5.2500e-015
-7.380e+000	4.8031e-017	-9.3492e+000	-6.3514e+000	6.3513e+000	5.2500e-015
-7.370e+000	4.8044e-017	-9.3518e+000	-6.3531e+000	6.3531e+000	5.2500e-015
-7.360e+000	4.8064e-017	-9.3556e+000	-6.3557e+000	6.3557e+000	5.2500e-015
-7.350e+000	4.8093e-017	-9.3613e+000	-6.3595e+000	6.3595e+000	5.2500e-015
-7.340e+000	4.8135e-017	-9.3695e+000	-6.3652e+000	6.3651e+000	5.2500e-015
-7.330e+000	4.8198e-017	-9.3817e+000	-6.3734e+000	6.3734e+000	5.2500e-015
-7.320e+000	4.8290e-017	-9.3996e+000	-6.3856e+000	6.3855e+000	5.2500e-015
-7.310e+000	4.8426e-017	-9.4260e+000	-6.4035e+000	6.4034e+000	5.2500e-015
-7.300e+000	4.8625e-017	-9.4648e+000	-6.4299e+000	6.4298e+000	5.2500e-015
-7.290e+000	4.8919e-017	-9.5220e+000	-6.4688e+000	6.4687e+000	5.2500e-015
-7.280e+000	4.9352e-017	-9.6062e+000	-6.5259e+000	6.5259e+000	5.2500e-015
-7.270e+000	4.9989e-017	-9.7302e+000	-6.6102e+000	6.6101e+000	5.2500e-015
-7.260e+000	5.0958e-017	-9.9147e+000	-6.7341e+000	6.7340e+000	5.2500e-015
-7.250e+000	5.2308e-017	-1.0183e+001	-6.9186e+000	6.9166e+000	5.2500e-015
-7.240e+000	5.4373e-017	-1.0581e+001	-7.1873e+000	7.1853e+000	5.2500e-015
-7.230e+000	5.7336e-017	-1.1164e+001	-7.5849e+000	7.5809e+000	5.2500e-015
-7.220e+000	6.1790e-017	-1.2024e+001	-8.1674e+000	8.1634e+000	5.2500e-015
-7.210e+000	6.8311e-017	-1.3292e+001	-9.0280e+000	9.0210e+000	5.2500e-015
-7.200e+000	7.7865e-017	-1.5155e+001	-1.0295e+001	1.0284e+001	5.2500e-015
-7.190e+000	9.1979e-017	-1.7900e+001	-1.2159e+001	1.2143e+001	5.2500e-015
-7.180e+000	1.1275e-016	-2.1942e+001	-1.4904e+001	1.4880e+001	5.2500e-015
-7.170e+000	1.4338e-016	-2.7895e+001	-1.8945e+001	1.8909e+001	5.2500e-015
-7.160e+000	1.8832e-016	-3.6653e+001	-2.4899e+001	2.4842e+001	5.2500e-015
-7.150e+000	2.5468e-016	-4.9553e+001	-3.3657e+001	3.3577e+001	5.2500e-015
-7.140e+000	3.5226e-016	-6.8543e+001	-4.6557e+001	4.6436e+001	5.2500e-015
-7.130e+000	4.9595e-016	-9.6501e+001	-6.5547e+001	6.5370e+001	5.2500e-015
-7.120e+000	7.0752e-016	-1.3767e+002	-9.3505e+001	9.3246e+001	5.2500e-015
-7.110e+000	1.0190e-015	-1.9827e+002	-1.3467e+002	1.3429e+002	5.2500e-015
-7.100e+000	1.4776e-015	-2.8750e+002	-1.9527e+002	1.9471e+002	5.2500e-015
-7.090e+000	2.1528e-015	-4.1887e+002	-2.8450e+002	2.8367e+002	5.2500e-015
-7.080e+000	3.1468e-015	-6.1228e+002	-4.1587e+002	4.1465e+002	5.2500e-015
-7.070e+000	4.6104e-015	-8.9704e+002	-6.0929e+002	6.0748e+002	5.2500e-015
-7.060e+000	6.7652e-015	-1.3163e+003	-8.9405e+002	8.9139e+002	5.2500e-015
-7.050e+000	9.9376e-015	-1.9336e+003	-1.3133e+003	1.3094e+003	5.2500e-015
-7.040e+000	1.4608e-014	-2.8423e+003	-1.9306e+003	1.9248e+003	5.2500e-015
-7.030e+000	2.1485e-014	-4.1803e+003	-2.8393e+003	2.8309e+003	5.2500e-015
-7.020e+000	3.1609e-014	-6.1502e+003	-4.1773e+003	4.1648e+003	5.2500e-015
-7.010e+000	4.6515e-014	-9.0505e+003	-6.1472e+003	6.1288e+003	5.2500e-015
-7.000e+000	6.8461e-014	-1.3320e+004	-9.0475e+003	9.0204e+003	5.2500e-015
-6.990e+000	1.0077e-013	-1.9607e+004	-1.3317e+004	1.3278e+004	5.2500e-015
-6.980e+000	1.4834e-013	-2.8863e+004	-1.9604e+004	1.9545e+004	5.2500e-015
-6.970e+000	2.1838e-013	-4.2490e+004	-2.8860e+004	2.8774e+004	5.2500e-015
-6.960e+000	3.2149e-013	-6.2553e+004	-4.2487e+004	4.2360e+004	5.2500e-015
-6.950e+000	4.7330e-013	-9.2091e+004	-6.2550e+004	6.2363e+004	5.2500e-015
-6.940e+000	6.9681e-013	-1.3558e+005	-9.2088e+004	9.1813e+004	5.2500e-015
-6.930e+000	1.0259e-012	-1.9961e+005	-1.3558e+005	1.3517e+005	5.2500e-015
-6.920e+000	1.5103e-012	-2.9387e+005	-1.9960e+005	1.9901e+005	5.2500e-015
-6.910e+000	2.2235e-012	-4.3265e+005	-2.9387e+005	2.9299e+005	5.2500e-015
-6.900e+000	3.2735e-012	-6.3696e+005	-4.3264e+005	4.3135e+005	5.2500e-015
-6.890e+000	4.8191e-012	-9.3774e+005	-6.3695e+005	6.3505e+005	5.2500e-015
-6.880e+000	7.0944e-012	-1.3805e+006	-9.3774e+005	9.3493e+005	5.2500e-015
-6.870e+000	1.0443e-011	-2.0323e+006	-1.3805e+006	1.3764e+006	5.2500e-015
-6.860e+000	1.5372e-011	-2.9918e+006	-2.0323e+006	2.0263e+006	5.2500e-015
-6.850e+000	2.2624e-011	-4.4039e+006	-2.9918e+006	2.9828e+006	5.2500e-015
-6.840e+000	3.3293e-011	-6.4819e+006	-4.4039e+006	4.3907e+006	5.2500e-015
-6.830e+000	4.8981e-011	-9.5390e+006	-6.4819e+006	6.4625e+006	5.2500e-015
-6.820e+000	7.2037e-011	-1.4035e+007	-9.5390e+006	9.5105e+006	5.2500e-015
-6.810e+000	1.0589e-010	-2.0644e+007	-1.4035e+007	1.3993e+007	5.2500e-015
-6.800e+000	1.5554e-010	-3.0353e+007	-2.0644e+007	2.0583e+007	5.2500e-015
-6.790e+000	2.2823e-010	-4.4598e+007	-3.0353e+007	3.0262e+007	5.2500e-015
-6.780e+000	3.3436e-010	-6.5467e+007	-4.4598e+007	4.4465e+007	5.2500e-015
-6.770e+000	4.8873e-010	-9.5971e+007	-6.5467e+007	6.5272e+007	5.2500e-015
-6.760e+000	7.1205e-010	-1.4041e+008	-9.5971e+007	9.5686e+007	5.2500e-015
-6.750e+000	1.0326e-009	-2.0487e+008	-1.4041e+008	1.4000e+008	5.2500e-015
-6.740e+000	1.4878e-009	-2.9773e+008	-2.0487e+008	2.0426e+008	5.2500e-015
-6.730e+000	2.1247e-009	-4.3034e+008	-2.9773e+008	2.9685e+008	5.2500e-015
-6.720e+000	2.9984e-009	-6.1748e+008	-4.3034e+008	4.2908e+008	5.2500e-015
-6.710e+000	4.1676e-009	-8.7760e+008	-6.1748e+008	6.1570e+008	5.2500e-015
-6.700e+000	5.6858e-009	-1.2325e+009	-8.7760e+008	8.7511e+008	5.2500e-015
-6.690e+000	7.5923e-009	-1.7064e+009	-1.2325e+009	1.2291e+009	5.2500e-015
-6.680e+000	9.9049e-009	-2.3246e+009	-1.7064e+009	1.7017e+009	5.2500e-015
-6.670e+000	1.2622e-008	-3.1124e+009	-2.3246e+009	2.3185e+009	5.2500e-015
-6.660e+000	1.5732e-008	-4.0943e+009	-3.1124e+009	3.1046e+009	5.2500e-015
-6.650e+000	1.9228e-008	-5.2945e+009	-4.0943e+009	4.0846e+009	5.2500e-015
-6.640e+000	2.3116e-008	-6.7373e+009	-5.2945e+009	5.2826e+009	5.2500e-015
-6.630e+000	2.7420e-008	-8.4487e+009	-6.7373e+009	6.7233e+009	5.2500e-015
-6.620e+000	3.2174e-008	-1.0457e+010	-8.4487e+009	8.4324e+009	5.2500e-015
-6.610e+000	3.7419e-008	-1.2792e+010	-1.0457e+010	1.0438e+010	5.2500e-015
-6.600e+000	4.3191e-008	-1.5488e+010	-1.2792e+010	1.2772e+010	5.2500e-015
-6.590e+000	4.9512e-008	-1.8578e+010	-1.5488e+010	1.5465e+010	5.2500e-015
-6.580e+000	5.6385e-008	-2.2098e+010	-1.8578e+010	1.8554e+010	5.2500e-015
-6.570e+000	6.3791e-008	-2.6079e+010	-2.2098e+010	2.2071e+010	5.2500e-015
-6.560e+000	7.1685e-008	-3.0553e+010	-2.6079e+010	2.6051e+010	5.2500e-015
-6.550e+000	8.0000e-008	-3.5547e+010	-3.0553e+010	3.0524e+010	5.2500e-015
-6.540e+000	8.8650e-008	-4.1080e+010	-3.5547e+010	3.5516e+010	5.2500e-015
-6.530e+000	9.7539e-008	-4.7168e+010	-4.1080e+010	4.1048e+010	5.2500e-015
-6.520e+000	1.0656e-007	-5.3818e+010	-4.7168e+010	4.7135e+010	5.2500e-015
-6.510e+000	1.1561e-007	-6.1034e+010	-5.3818e+010	5.3785e+010	5.2500e-015
-6.500e+000	1.2460e-007	-6.8811e+010	-6.1034e+010	6.1001e+010	5.2500e-015
-6.490e+000	1.3343e-007	-7.7139e+010	-6.8811e+010	6.8777e+010	5.2500e-015
-6.480e+000	1.4203e-007	-8.6004e+010	-7.7139e+010	7.7104e+010	5.2500e-015
-6.470e+000	1.5035e-007	-9.5388e+010	-8.6004e+010	8.5968e+010	5.2500e-015
-6.460e+000	1.5834e-007	-1.0527e+011	-9.5388e+010	9.5352e+010	5.2500e-015
-6.450e+000	1.6550e-007	-1.1560e+011	-1.0527e+011	1.0523e+011	5.2500e-015
-6.440e+000	1.7266e-007	-1.2638e+011	-1.1560e+011	1.1556e+011	5.2500e-015
-6.430e+000	1.7945e-007	-1.3758e+011	-1.2638e+011	1.2634e+011	5.2500e-015
-6.420e+000	1.8586e-007	-1.4918e+011	-1.3758e+011	1.3754e+011	5.2500e-015
-6.410e+000	1.9201e-007	-1.6116e+011	-1.4918e+011	1.4914e+011	5.2500e-015
-6.400e+000	1.9766e-007	-1.7350e+011	-1.6116e+011	1.6112e+011	5.2500e-015
-6.390e+000	2.0296e-007	-1.8616e+011	-1.7350e+011	1.7346e+011	5.2500e-015
-6.380e+000	2.0792e-007	-1.9914e+011	-1.8616e+011	1.8613e+011	5.2500e-015
-6.370e+000	2.1257e-007	-2.1241e+011	-1.9914e+011	1.9910e+011	5.2500e-015
-6.360e+000	2.1693e-007	-2.2595e+011	-2.1241e+011	2.1237e+011	5.2500e-015
-6.350e+000	2.2100e-007	-2.3974e+011	-2.2595e+011	2.2591e+011	5.2500e-015
-6.340e+000	2.2486e-007	-2.5378e+011	-2.3974e+011	2.3970e+011	5.2500e-015
-6.330e+000	2.2837e-007	-2.6803e+011	-2.5378e+011	2.5374e+011	5.2500e-015
-6.320e+000	2.3175e-007	-2.8250e+011	-2.6803e+011	2.6799e+011	5.2500e-015
-6.310e+000	2.3483e-007	-2.9715e+011	-2.8250e+011	2.8246e+011	5.2500e-015
-6.300e+000	2.3780e-007	-3.1199e+011	-2.9715e+011	2.9711e+011	5.2500e-015
-6.290e+000	2.4051e-007	-3.2701e+011	-3.1199e+011	3.1196e+011	5.2500e-015
-6.280e+000	2.4312e-007	-3.4218e+011	-3.2701e+011	3.2697e+011	5.2500e-015
-6.270e+000	2.4554e-007	-3.5751e+011	-3.4218e+011	3.4214e+011	5.2500e-015
-6.260e+000	2.4779e-007	-3.7297e+011	-3.5751e+011	3.5747e+011	5.2500e-015
-6.250e+000	2.4995e-007	-3.8857e+011	-3.7297e+011	3.7293e+011	5.2500e-015
-6.240e+000	2.5197e-007	-4.0430e+011	-3.8857e+011	3.8853e+011	5.2500e-015
-6.230e+000	2.5385e-007	-4.2014e+011	-4.0430e+011	4.0426e+011	5.2500e-015
-6.220e+000	2.5566e-007	-4.3610e+011	-4.2014e+011	4.2010e+011	5.2500e-015
-6.210e+000	2.5736e-007	-4.5216e+011	-4.3610e+011	4.3606e+011	5.2500e-015
-6.200e+000	2.5896e-007	-4.6833e+011	-4.5216e+011	4.5212e+011	5.2500e-015
-6.190e+000	2.6047e-007	-4.8458e+011	-4.6833e+011	4.6829e+011	5.2500e-015
-6.180e+000	2.6189e-007	-5.0093e+011	-4.8458e+011	4.8454e+011	5.2500e-015
-6.170e+000	2.6326e-007	-5.1736e+011	-5.0093e+011	5.0089e+011	5.2500e-015
-6.160e+000	2.6455e-007	-5.3387e+011	-5.1736e+011	5.1732e+011	5.2500e-015
-6.150e+000	2.6577e-007	-5.5046e+011	-5.3387e+011	5.3383e+011	5.2500e-015
-6.140e+000	2.6693e-007	-5.6712e+011	-5.5046e+011	5.5042e+011	5.2500e-015
-6.130e+000	2.6803e-007	-5.8385e+011	-5.6712e+011	5.6708e+011	5.2500e-015
-6.120e+000	2.6907e-007	-6.0064e+011	-5.8385e+011	5.8381e+011	5.2500e-015
-6.110e+000	2.7008e-007	-6.1750e+011	-6.0064e+011	6.0060e+011	5.2500e-015
-6.100e+000	2.7104e-007	-6.3442e+011	-6.1750e+011	6.1746e+011	5.2500e-015
-6.090e+000	2.7194e-007	-6.5139e+011	-6.3442e+011	6.3438e+011	5.2500e-015
-6.080e+000	2.7281e-007	-6.6842e+011	-6.5139e+011	6.5135e+011	5.2500e-015
-6.070e+000	2.7364e-007	-6.8550e+011	-6.6842e+011	6.6838e+011	5.2500e-015
-6.060e+000	2.7443e-007	-7.0263e+011	-6.8550e+011	6.8546e+011	5.2500e-015
-6.050e+000	2.7518e-007	-7.1980e+011	-7.0263e+011	7.0259e+011	5.2500e-015
-6.040e+000	2.7589e-007	-7.3702e+011	-7.1980e+011	7.1976e+011	5.2500e-015
-6.030e+000	2.7660e-007	-7.5428e+011	-7.3702e+011	7.3698e+011	5.2500e-015
-6.020e+000	2.7726e-007	-7.7159e+011	-7.5428e+011	7.5425e+011	5.2500e-015
-6.010e+000	2.7789e-007	-7.8893e+011	-7.7159e+011	7.7155e+011	5.2500e-015
-6.000e+000	2.7850e-007	-8.0632e+011	-7.8893e+011	7.8889e+011	5.2500e-015
-5.990e+000	2.7909e-007	-8.2374e+011	-8.0632e+011	8.0628e+011	5.2500e-015
-5.980e+000	2.7965e-007	-8.4119e+011	-8.2374e+011	8.2370e+011	5.2500e-015
-5.970e+000	2.8019e-007	-8.5868e+011	-8.4119e+011	8.4115e+011	5.2500e-015
-5.960e+000	2.8071e-007	-8.7620e+011	-8.5868e+011	8.5864e+011	5.2500e-015
-5.950e+000	2.8121e-007	-8.9375e+011	-8.7620e+011	8.7616e+011	5.2500e-015
-5.940e+000	2.8169e-007	-9.1133e+011	-8.9375e+011	8.9371e+011	5.2500e-015
-5.930e+000	2.8215e-007	-9.2894e+011	-9.1133e+011	9.1129e+011	5.2500e-015
-5.920e+000	2.8259e-007	-9.4658e+011	-9.2894e+011	9.2890e+011	5.2500e-015
-5.910e+000	2.8303e-007	-9.6425e+011	-9.4658e+011	9.4654e+011	5.2500e-015
-5.900e+000	2.8344e-007	-9.8194e+011	-9.6425e+011	9.6421e+011	5.2500e-015
-5.890e+000	2.8384e-007	-9.9965e+011	-9.8194e+011	9.8190e+011	5.2500e-015
-5.880e+000	2.8423e-007	-1.0174e+012	-9.9965e+011	9.9961e+011	5.2500e-015
-5.870e+000	2.8460e-007	-1.0352e+012	-1.0174e+012	1.0174e+012	5.2500e-015
-5.860e+000	2.8496e-007	-1.0529e+012	-1.0352e+012	1.0351e+012	5.2500e-015
-5.850e+000	2.8531e-007	-1.0707e+012	-1.0529e+012	1.0529e+012	5.2500e-015
-5.840e+000	2.8565e-007	-1.0886e+012	-1.0707e+012	1.0707e+012	5.2500e-015
-5.830e+000	2.8597e-007	-1.1064e+012	-1.0886e+012	1.0885e+012	5.2500e-015
-5.820e+000	2.8629e-007	-1.1243e+012	-1.1064e+012	1.1064e+012	5.2500e-015
-5.810e+000	2.8659e-007	-1.1422e+012	-1.1243e+012	1.1243e+012	5.2500e-015
-5.800e+000	2.8689e-007	-1.1601e+012	-1.1422e+012	1.1421e+012	5.2500e-015
-5.790e+000	2.8718e-007	-1.1780e+012	-1.1601e+012	1.1600e+012	5.2500e-015
-5.780e+000	2.8746e-007	-1.1960e+012	-1.1780e+012	1.1780e+012	5.2500e-015
-5.770e+000	2.8773e-007	-1.2139e+012	-1.1960e+012	1.1959e+012	5.2500e-015
-5.760e+000	2.8799e-007	-1.2319e+012	-1.2139e+012	1.2139e+012	5.2500e-015
-5.750e+000	2.8824e-007	-1.2499e+012	-1.2319e+012	1.2318e+012	5.2500e-015
-5.740e+000	2.8849e-007	-1.2679e+012	-1.2499e+012	1.2498e+012	5.2500e-015
-5.730e+000	2.8873e-007	-1.2859e+012	-1.2679e+012	1.2678e+012	5.2500e-015
-5.720e+000	2.8896e-007	-1.3039e+012	-1.2859e+012	1.2859e+012	5.2500e-015
-5.710e+000	2.8919e-007	-1.3220e+012	-1.3039e+012	1.3039e+012	5.2500e-015
-5.700e+000	2.8941e-007	-1.3401e+012	-1.3220e+012	1.3220e+012	5.2500e-015
-5.690e+000	2.8963e-007	-1.3581e+012	-1.3401e+012	1.3400e+012	5.2500e-015
-5.680e+000	2.8984e-007	-1.3762e+012	-1.3581e+012	1.3581e+012	5.2500e-015
-5.670e+000	2.9004e-007	-1.3943e+012	-1.3762e+012	1.3762e+012	5.2500e-015
-5.660e+000	2.9024e-007	-1.4124e+012	-1.3943e+012	1.3943e+012	5.2500e-015
-5.650e+000	2.9043e-007	-1.4306e+012	-1.4124e+012	1.4124e+012	5.2500e-015
-5.640e+000	2.9062e-007	-1.4487e+012	-1.4306e+012	1.4305e+012	5.2500e-015
-5.630e+000	2.9080e-007	-1.4669e+012	-1.4487e+012	1.4487e+012	5.2500e-015
-5.620e+000	2.9098e-007	-1.4850e+012	-1.4669e+012	1.4668e+012	5.2500e-015
-5.610e+000	2.9115e-007	-1.5032e+012	-1.4850e+012	1.4850e+012	5.2500e-015
-5.600e+000	2.9132e-007	-1.5214e+012	-1.5032e+012	1.5032e+012	5.2500e-015
-5.590e+000	2.9149e-007	-1.5396e+012	-1.5214e+012	1.5213e+012	5.2500e-015
-5.580e+000	2.9165e-007	-1.5578e+012	-1.5396e+012	1.5395e+012	5.2500e-015
-5.570e+000	2.9181e-007	-1.5760e+012	-1.5578e+012	1.5577e+012	5.2500e-015
-5.560e+000	2.9196e-007	-1.5942e+012	-1.5760e+012	1.5759e+012	5.2500e-015
-5.550e+000	2.9212e-007	-1.6124e+012	-1.5942e+012	1.5942e+012	5.2500e-015
-5.540e+000	2.9226e-007	-1.6307e+012	-1.6124e+012	1.6124e+012	5.2500e-015
-5.530e+000	2.9241e-007	-1.6489e+012	-1.6307e+012	1.6306e+012	5.2500e-015
-5.520e+000	2.9255e-007	-1.6672e+012	-1.6489e+012	1.6489e+012	5.2500e-015
-5.510e+000	2.9269e-007	-1.6855e+012	-1.6672e+012	1.6672e+012	5.2500e-015
-5.500e+000	2.9282e-007	-1.7037e+012	-1.6855e+012	1.6854e+012	5.2500e-015
-5.490e+000	2.9295e-007	-1.7220e+012	-1.7037e+012	1.7037e+012	5.2500e-015
-5.480e+000	2.9308e-007	-1.7403e+012	-1.7220e+012	1.7220e+012	5.2500e-015
-5.470e+000	2.9321e-007	-1.7586e+012	-1.7403e+012	1.7403e+012	5.2500e-015
-5.460e+000	2.9333e-007	-1.7769e+012	-1.7586e+012	1.7586e+012	5.2500e-015
-5.450e+000	2.9345e-007	-1.7952e+012	-1.7769e+012	1.7769e+012	5.2500e-015
-5.440e+000	2.9357e-007	-1.8136e+012	-1.7952e+012	1.7952e+012	5.2500e-015
-5.430e+000	2.9369e-007	-1.8319e+012	-1.8136e+012	1.8135e+012	5.2500e-015
-5.420e+000	2.9380e-007	-1.8502e+012	-1.8319e+012	1.8319e+012	5.2500e-015
-5.410e+000	2.9391e-007	-1.8686e+012	-1.8502e+012	1.8502e+012	5.2500e-015
-5.400e+000	2.9402e-007	-1.8869e+012	-1.8686e+012	1.8685e+012	5.2500e-015
-5.390e+000	2.9413e-007	-1.9053e+012	-1.8869e+012	1.8869e+012	5.2500e-015
-5.380e+000	2.9424e-007	-1.9236e+012	-1.9053e+012	1.9052e+012	5.2500e-015
-5.370e+000	2.9434e-007	-1.9420e+012	-1.9236e+012	1.9236e+012	5.2500e-015
-5.360e+000	2.9444e-007	-1.9604e+012	-1.9420e+012	1.9420e+012	5.2500e-015
-5.350e+000	2.9454e-007	-1.9788e+012	-1.9604e+012	1.9604e+012	5.2500e-015
-5.340e+000	2.9464e-007	-1.9972e+012	-1.9788e+012	1.9787e+012	5.2500e-015
-5.330e+000	2.9473e-007	-2.0156e+012	-1.9972e+012	1.9971e+012	5.2500e-015
-5.320e+000	2.9483e-007	-2.0340e+012	-2.0156e+012	2.0155e+012	5.2500e-015
-5.310e+000	2.9492e-007	-2.0524e+012	-2.0340e+012	2.0339e+012	5.2500e-015
-5.300e+000	2.9501e-007	-2.0708e+012	-2.0524e+012	2.0523e+012	5.2500e-015
-5.290e+000	2.9510e-007	-2.0892e+012	-2.0708e+012	2.0707e+012	5.2500e-015
-5.280e+000	2.9519e-007	-2.1076e+012	-2.0892e+012	2.0892e+012	5.2500e-015
-5.270e+000	2.9528e-007	-2.1261e+012	-2.1076e+012	2.1076e+012	5.2500e-015
-5.260e+000	2.9536e-007	-2.1445e+012	-2.1261e+012	2.1260e+012	5.2500e-015
-5.250e+000	2.9544e-007	-2.1629e+012	-2.1445e+012	2.1445e+012	5.2500e-015
-5.240e+000	2.9553e-007	-2.1814e+012	-2.1629e+012	2.1629e+012	5.2500e-015
-5.230e+000	2.9561e-007	-2.1998e+012	-2.1814e+012	2.1813e+012	5.2500e-015
-5.220e+000	2.9569e-007	-2.2183e+012	-2.1998e+012	2.1998e+012	5.2500e-015
-5.210e+000	2.9576e-007	-2.2367e+012	-2.2183e+012	2.2182e+012	5.2500e-015
-5.200e+000	2.9584e-007	-2.2552e+012	-2.2367e+012	2.2367e+012	5.2500e-015
-5.190e+000	2.9592e-007	-2.2737e+012	-2.2552e+012	2.2552e+012	5.2500e-015
-5.180e+000	2.9599e-007	-2.2922e+012	-2.2737e+012	2.2736e+012	5.2500e-015
-5.170e+000	2.9607e-007	-2.3106e+012	-2.2922e+012	2.2921e+012	5.2500e-015
-5.160e+000	2.9614e-007	-2.3291e+012	-2.3106e+012	2.3106e+012	5.2500e-015
-5.150e+000	2.9621e-007	-2.3476e+012	-2.3291e+012	2.3291e+012	5.2500e-015
-5.140e+000	2.9628e-007	-2.3661e+012	-2.3476e+012	2.3476e+012	5.2500e-015
-5.130e+000	2.9635e-007	-2.3846e+012	-2.3661e+012	2.3661e+012	5.2500e-015
-5.120e+000	2.9642e-007	-2.4031e+012	-2.3846e+012	2.3846e+012	5.2500e-015
-5.110e+000	2.9648e-007	-2.4216e+012	-2.4031e+012	2.4031e+012	5.2500e-015
-5.100e+000	2.9655e-007	-2.4401e+012	-2.4216e+012	2.4216e+012	5.2500e-015
-5.090e+000	2.9661e-007	-2.4586e+012	-2.4401e+012	2.4401e+012	5.2500e-015
-5.080e+000	2.9668e-007	-2.4771e+012	-2.4586e+012	2.4586e+012	5.2500e-015
-5.070e+000	2.9674e-007	-2.4957e+012	-2.4771e+012	2.4771e+012	5.2500e-015
-5.060e+000	2.9680e-007	-2.5142e+012	-2.4957e+012	2.4956e+012	5.2500e-015
-5.050e+000	2.9686e-007	-2.5327e+012	-2.5142e+012	2.5141e+012	5.2500e-015
-5.040e+000	2.9693e-007	-2.5512e+012	-2.5327e+012	2.5327e+012	5.2500e-015
-5.030e+000	2.9699e-007	-2.5698e+012	-2.5512e+012	2.5512e+012	5.2500e-015
-5.020e+000	2.9704e-007	-2.5883e+012	-2.5698e+012	2.5697e+012	5.2500e-015
-5.010e+000	2.9710e-007	-2.6069e+012	-2.5883e+012	2.5883e+012	5.2500e-015
-5.000e+000	2.9716e-007	-2.6254e+012	-2.6069e+012	2.6068e+012	5.2500e-015
-4.990e+000	2.9722e-007	-2.6440e+012	-2.6254e+012	2.6254e+012	5.2500e-015
-4.980e+000	2.9727e-007	-2.6625e+012	-2.6440e+012	2.6439e+012	5.2500e-015
-4.970e+000	2.9733e-007	-2.6811e+012	-2.6625e+012	2.6625e+012	5.2500e-015
-4.960e+000	2.9738e-007	-2.6996e+012	-2.6811e+012	2.6810e+012	5.2500e-015
-4.950e+000	2.9744e-007	-2.7182e+012	-2.6996e+012	2.6996e+012	5.2500e-015
-4.940e+000	2.9749e-007	-2.7368e+012	-2.7182e+012	2.7182e+012	5.2500e-015
-4.930e+000	2.9754e-007	-2.7553e+012	-2.7368e+012	2.7367e+012	5.2500e-015
-4.920e+000	2.9759e-007	-2.7739e+012	-2.7553e+012	2.7553e+012	5.2500e-015
-4.910e+000	2.9765e-007	-2.7925e+012	-2.7739e+012	2.7739e+012	5.2500e-015
-4.900e+000	2.9770e-007	-2.8111e+012	-2.7925e+012	2.7925e+012	5.2500e-015
-4.890e+000	2.9775e-007	-2.8297e+012	-2.8111e+012	2.8110e+012	5.2500e-015
-4.880e+000	2.9780e-007	-2.8482e+012	-2.8297e+012	2.8296e+012	5.2500e-015
-4.870e+000	2.9784e-007	-2.8668e+012	-2.8482e+012	2.8482e+012	5.2500e-015
-4.860e+000	2.9789e-007	-2.8854e+012	-2.8668e+012	2.8668e+012	5.2500e-015
-4.850e+000	2.9794e-007	-2.9040e+012	-2.8854e+012	2.8854e+012	5.2500e-015
-4.840e+000	2.9799e-007	-2.9226e+012	-2.9040e+012	2.9040e+012	5.2500e-015
-4.830e+000	2.9803e-007	-2.9412e+012	-2.9226e+012	2.9226e+012	5.2500e-015
-4.820e+000	2.9808e-007	-2.9598e+012	-2.9412e+012	2.9412e+012	5.2500e-015
-4.810e+000	2.9813e-007	-2.9784e+012	-2.9598e+012	2.9598e+012	5.2500e-015
-4.800e+000	2.9817e-007	-2.9970e+012	-2.9784e+012	2.9784e+012	5.2500e-015
-4.790e+000	2.9822e-007	-3.0157e+012	-2.9970e+012	2.9970e+012	5.2500e-015
-4.780e+000	2.9826e-007	-3.0343e+012	-3.0157e+012	3.0156e+012	5.2500e-015
-4.770e+000	2.9830e-007	-3.0529e+012	-3.0343e+012	3.0342e+012	5.2500e-015
-4.760e+000	2.9835e-007	-3.0715e+012	-3.0529e+012	3.0529e+012	5.2500e-015
-4.750e+000	2.9839e-007	-3.0901e+012	-3.0715e+012	3.0715e+012	5.2500e-015
-4.740e+000	2.9843e-007	-3.1088e+012	-3.0901e+012	3.0901e+012	5.2500e-015
-4.730e+000	2.9847e-007	-3.1274e+012	-3.1088e+012	3.1087e+012	5.2500e-015
-4.720e+000	2.9851e-007	-3.1460e+012	-3.1274e+012	3.1274e+012	5.2500e-015
-4.710e+000	2.9855e-007	-3.1647e+012	-3.1460e+012	3.1460e+012	5.2500e-015
-4.700e+000	2.9860e-007	-3.1833e+012	-3.1647e+012	3.1646e+012	5.2500e-015
-4.690e+000	2.9864e-007	-3.2019e+012	-3.1833e+012	3.1833e+012	5.2500e-015
-4.680e+000	2.9867e-007	-3.2206e+012	-3.2019e+012	3.2019e+012	5.2500e-015
-4.670e+000	2.9871e-007	-3.2392e+012	-3.2206e+012	3.2205e+012	5.2500e-015
-4.660e+000	2.9875e-007	-3.2579e+012	-3.2392e+012	3.2392e+012	5.2500e-015
-4.650e+000	2.9879e-007	-3.2765e+012	-3.2579e+012	3.2578e+012	5.2500e-015
-4.640e+000	2.9883e-007	-3.2952e+012	-3.2765e+012	3.2765e+012	5.2500e-015
-4.630e+000	2.9887e-007	-3.3138e+012	-3.2952e+012	3.2951e+012	5.2500e-015
-4.620e+000	2.9890e-007	-3.3325e+012	-3.3138e+012	3.3138e+012	5.2500e-015
-4.610e+000	2.9894e-007	-3.3511e+012	-3.3325e+012	3.3324e+012	5.2500e-015
-4.600e+000	2.9898e-007	-3.3698e+012	-3.3511e+012	3.3511e+012	5.2500e-015
-4.590e+000	2.9901e-007	-3.3885e+012	-3.3698e+012	3.3698e+012	5.2500e-015
-4.580e+000	2.9905e-007	-3.4071e+012	-3.3885e+012	3.3884e+012	5.2500e-015
-4.570e+000	2.9909e-007	-3.4258e+012	-3.4071e+012	3.4071e+012	5.2500e-015
-4.560e+000	2.9912e-007	-3.4445e+012	-3.4258e+012	3.4258e+012	5.2500e-015
-4.550e+000	2.9916e-007	-3.4631e+012	-3.4445e+012	3.4444e+012	5.2500e-015
-4.540e+000	2.9919e-007	-3.4818e+012	-3.4631e+012	3.4631e+012	5.2500e-015
-4.530e+000	2.9923e-007	-3.5005e+012	-3.4818e+012	3.4818e+012	5.2500e-015
-4.520e+000	2.9926e-007	-3.5192e+012	-3.5005e+012	3.5004e+012	5.2500e-015
-4.510e+000	2.9929e-007	-3.5378e+012	-3.5192e+012	3.5191e+012	5.2500e-015
-4.500e+000	2.9933e-007	-3.5565e+012	-3.5378e+012	3.5378e+012	5.2500e-015
-4.490e+000	2.9936e-007	-3.5752e+012	-3.5565e+012	3.5565e+012	5.2500e-015
-4.480e+000	2.9939e-007	-3.5939e+012	-3.5752e+012	3.5752e+012	5.2500e-015
-4.470e+000	2.9943e-007	-3.6126e+012	-3.5939e+012	3.5939e+012	5.2500e-015
-4.460e+000	2.9946e-007	-3.6313e+012	-3.6126e+012	3.6125e+012	5.2500e-015
-4.450e+000	2.9949e-007	-3.6500e+012	-3.6313e+012	3.6312e+012	5.2500e-015
-4.440e+000	2.9952e-007	-3.6687e+012	-3.6500e+012	3.6499e+012	5.2500e-015
-4.430e+000	2.9955e-007	-3.6874e+012	-3.6687e+012	3.6686e+012	5.2500e-015
-4.420e+000	2.9958e-007	-3.7061e+012	-3.6874e+012	3.6873e+012	5.2500e-015
-4.410e+000	2.9962e-007	-3.7248e+012	-3.7061e+012	3.7060e+012	5.2500e-015
-4.400e+000	2.9965e-007	-3.7435e+012	-3.7248e+012	3.7247e+012	5.2500e-015
-4.390e+000	2.9968e-007	-3.7622e+012	-3.7435e+012	3.7434e+012	5.2500e-015
-4.380e+000	2.9971e-007	-3.7809e+012	-3.7622e+012	3.7621e+012	5.2500e-015
-4.370e+000	2.9974e-007	-3.7996e+012	-3.7809e+012	3.7808e+012	5.2500e-015
-4.360e+000	2.9977e-007	-3.8183e+012	-3.7996e+012	3.7995e+012	5.2500e-015
-4.350e+000	2.9980e-007	-3.8370e+012	-3.8183e+012	3.8183e+012	5.2500e-015
-4.340e+000	2.9983e-007	-3.8557e+012	-3.8370e+012	3.8370e+012	5.2500e-015
-4.330e+000	2.9985e-007	-3.8744e+012	-3.8557e+012	3.8557e+012	5.2500e-015
-4.320e+000	2.9988e-007	-3.8932e+012	-3.8744e+012	3.8744e+012	5.2500e-015
-4.310e+000	2.9991e-007	-3.9119e+012	-3.8932e+012	3.8931e+012	5.2500e-015
-4.300e+000	2.9994e-007	-3.9306e+012	-3.9119e+012	3.9118e+012	5.2500e-015
-4.290e+000	2.9997e-007	-3.9493e+012	-3.9306e+012	3.9305e+012	5.2500e-015
-4.280e+000	3.0000e-007	-3.9680e+012	-3.9493e+012	3.9493e+012	5.2500e-015
-4.270e+000	3.0002e-007	-3.9868e+012	-3.9680e+012	3.9680e+012	5.2500e-015
-4.260e+000	3.0005e-007	-4.0055e+012	-3.9868e+012	3.9867e+012	5.2500e-015
-4.250e+000	3.0008e-007	-4.0242e+012	-4.0055e+012	4.0055e+012	5.2500e-015
-4.240e+000	3.0011e-007	-4.0430e+012	-4.0242e+012	4.0242e+012	5.2500e-015
-4.230e+000	3.0013e-007	-4.0617e+012	-4.0430e+012	4.0429e+012	5.2500e-015
-4.220e+000	3.0016e-007	-4.0804e+012	-4.0617e+012	4.0616e+012	5.2500e-015
-4.210e+000	3.0019e-007	-4.0992e+012	-4.0804e+012	4.0804e+012	5.2500e-015
-4.200e+000	3.0021e-007	-4.1179e+012	-4.0992e+012	4.0991e+012	5.2500e-015
-4.190e+000	3.0024e-007	-4.1366e+012	-4.1179e+012	4.1179e+012	5.2500e-015
-4.180e+000	3.0026e-007	-4.1554e+012	-4.1366e+012	4.1366e+012	5.2500e-015
-4.170e+000	3.0029e-007	-4.1741e+012	-4.1554e+012	4.1553e+012	5.2500e-015
-4.160e+000	3.0032e-007	-4.1929e+012	-4.1741e+012	4.1741e+012	5.2500e-015
-4.150e+000	3.0034e-007	-4.2116e+012	-4.1929e+012	4.1928e+012	5.2500e-015
-4.140e+000	3.0037e-007	-4.2304e+012	-4.2116e+012	4.2116e+012	5.2500e-015
-4.130e+000	3.0039e-007	-4.2491e+012	-4.2304e+012	4.2303e+012	5.2500e-015
-4.120e+000	3.0042e-007	-4.2679e+012	-4.2491e+012	4.2491e+012	5.2500e-015
-4.110e+000	3.0044e-007	-4.2866e+012	-4.2679e+012	4.2678e+012	5.2500e-015
-4.100e+000	3.0047e-007	-4.3054e+012	-4.2866e+012	4.2866e+012	5.2500e-015
-4.090e+000	3.0049e-007	-4.3241e+012	-4.3054e+012	4.3053e+012	5.2500e-015
-4.080e+000	3.0051e-007	-4.3429e+012	-4.3241e+012	4.3241e+012	5.2500e-015
-4.070e+000	3.0054e-007	-4.3616e+012	-4.3429e+012	4.3428e+012	5.2500e-015
-4.060e+000	3.0056e-007	-4.3804e+012	-4.3616e+012	4.3616e+012	5.2500e-015
-4.050e+000	3.0059e-007	-4.3991e+012	-4.3804e+012	4.3803e+012	5.2500e-015
-4.040e+000	3.0061e-007	-4.4179e+012	-4.3991e+012	4.3991e+012	5.2500e-015
-4.030e+000	3.0063e-007	-4.4367e+012	-4.4179e+012	4.4179e+012	5.2500e-015
-4.020e+000	3.0066e-007	-4.4554e+012	-4.4367e+012	4.4366e+012	5.2500e-015
-4.010e+000	3.0068e-007	-4.4742e+012	-4.4554e+012	4.4554e+012	5.2500e-015
-4.000e+000	3.0070e-007	-4.4930e+012	-4.4742e+012	4.4742e+012	5.2500e-015
-3.990e+000	3.0073e-007	-4.5117e+012	-4.4930e+012	4.4929e+012	5.2500e-015
-3.980e+000	3.0075e-007	-4.5305e+012	-4.5117e+012	4.5117e+012	5.2500e-015
-3.970e+000	3.0077e-007	-4.5493e+012	-4.5305e+012	4.5305e+012	5.2500e-015
-3.960e+000	3.0079e-007	-4.5681e+012	-4.5493e+012	4.5492e+012	5.2500e-015
-3.950e+000	3.0082e-007	-4.5868e+012	-4.5681e+012	4.5680e+012	5.2500e-015
-3.940e+000	3.0084e-007	-4.6056e+012	-4.5868e+012	4.5868e+012	5.2500e-015
-3.930e+000	3.0086e-007	-4.6244e+012	-4.6056e+012	4.6056e+012	5.2500e-015
-3.920e+000	3.0088e-007	-4.6432e+012	-4.6244e+012	4.6244e+012	5.2500e-015
-3.910e+000	3.0090e-007	-4.6620e+012	-4.6432e+012	4.6431e+012	5.2500e-015
-3.900e+000	3.0092e-007	-4.6807e+012	-4.6620e+012	4.6619e+012	5.2500e-015
-3.890e+000	3.0095e-007	-4.6995e+012	-4.6807e+012	4.6807e+012	5.2500e-015
-3.880e+000	3.0097e-007	-4.7183e+012	-4.6995e+012	4.6995e+012	5.2500e-015
-3.870e+000	3.0099e-007	-4.7371e+012	-4.7183e+012	4.7183e+012	5.2500e-015
-3.860e+000	3.0101e-007	-4.7559e+012	-4.7371e+012	4.7370e+012	5.2500e-015
-3.850e+000	3.0103e-007	-4.7747e+012	-4.7559e+012	4.7558e+012	5.2500e-015
-3.840e+000	3.0105e-007	-4.7935e+012	-4.7747e+012	4.7746e+012	5.2500e-015
-3.830e+000	3.0107e-007	-4.8122e+012	-4.7935e+012	4.7934e+012	5.2500e-015
-3.820e+000	3.0109e-007	-4.8310e+012	-4.8122e+012	4.8122e+012	5.2500e-015
-3.810e+000	3.0111e-007	-4.8498e+012	-4.8310e+012	4.8310e+012	5.2500e-015
-3.800e+000	3.0113e-007	-4.8686e+012	-4.8498e+012	4.8498e+012	5.2500e-015
-3.790e+000	3.0115e-007	-4.8874e+012	-4.8686e+012	4.8686e+012	5.2500e-015
-3.780e+000	3.0117e-007	-4.9062e+012	-4.8874e+012	4.8874e+012	5.2500e-015
-3.770e+000	3.0119e-007	-4.9250e+012	-4.9062e+012	4.9062e+012	5.2500e-015
-3.760e+000	3.0121e-007	-4.9438e+012	-4.9250e+012	4.9250e+012	5.2500e-015
-3.750e+000	3.0123e-007	-4.9626e+012	-4.9438e+012	4.9438e+012	5.2500e-015
-3.740e+000	3.0125e-007	-4.9814e+012	-4.9626e+012	4.9626e+012	5.2500e-015
-3.730e+000	3.0127e-007	-5.0002e+012	-4.9814e+012	4.9814e+012	5.2500e-015
-3.720e+000	3.0129e-007	-5.0190e+012	-5.0002e+012	5.0002e+012	5.2500e-015
-3.710e+000	3.0131e-007	-5.0378e+012	-5.0190e+012	5.0190e+012	5.2500e-015
-3.700e+000	3.0133e-007	-5.0567e+012	-5.0378e+012	5.0378e+012	5.2500e-015
-3.690e+000	3.0135e-007	-5.0755e+012	-5.0567e+012	5.0566e+012	5.2500e-015
-3.680e+000	3.0137e-007	-5.0943e+012	-5.0755e+012	5.0754e+012	5.2500e-015
-3.670e+000	3.0139e-007	-5.1131e+012	-5.0943e+012	5.0942e+012	5.2500e-015
-3.660e+000	3.0141e-007	-5.1319e+012	-5.1131e+012	5.1130e+012	5.2500e-015
-3.650e+000	3.0143e-007	-5.1507e+012	-5.1319e+012	5.1319e+012	5.2500e-015
-3.640e+000	3.0144e-007	-5.1695e+012	-5.1507e+012	5.1507e+012	5.2500e-015
-3.630e+000	3.0146e-007	-5.1883e+012	-5.1695e+012	5.1695e+012	5.2500e-015
-3.620e+000	3.0148e-007	-5.2072e+012	-5.1883e+012	5.1883e+012	5.2500e-015
-3.610e+000	3.0150e-007	-5.2260e+012	-5.2072e+012	5.2071e+012	5.2500e-015
-3.600e+000	3.0152e-007	-5.2448e+012	-5.2260e+012	5.2259e+012	5.2500e-015
-3.590e+000	3.0154e-007	-5.2636e+012	-5.2448e+012	5.2448e+012	5.2500e-015
-3.580e+000	3.0155e-007	-5.2824e+012	-5.2636e+012	5.2636e+012	5.2500e-015
-3.570e+000	3.0157e-007	-5.3013e+012	-5.2824e+012	5.2824e+012	5.2500e-015
-3.560e+000	3.0159e-007	-5.3201e+012	-5.3013e+012	5.3012e+012	5.2500e-015
-3.550e+000	3.0161e-007	-5.3389e+012	-5.3201e+012	5.3200e+012	5.2500e-015
-3.540e+000	3.0163e-007	-5.3577e+012	-5.3389e+012	5.3389e+012	5.2500e-015
-3.530e+000	3.0164e-007	-5.3766e+012	-5.3577e+012	5.3577e+012	5.2500e-015
-3.520e+000	3.0166e-007	-5.3954e+012	-5.3766e+012	5.3765e+012	5.2500e-015
-3.510e+000	3.0168e-007	-5.4142e+012	-5.3954e+012	5.3953e+012	5.2500e-015
-3.500e+000	3.0170e-007	-5.4330e+012	-5.4142e+012	5.4142e+012	5.2500e-015
-3.490e+000	3.0171e-007	-5.4519e+012	-5.4330e+012	5.4330e+012	5.2500e-015
-3.480e+000	3.0173e-007	-5.4707e+012	-5.4519e+012	5.4518e+012	5.2500e-015
-3.470e+000	3.0175e-007	-5.4895e+012	-5.4707e+012	5.4707e+012	5.2500e-015
-3.460e+000	3.0176e-007	-5.5084e+012	-5.4895e+012	5.4895e+012	5.2500e-015
-3.450e+000	3.0178e-007	-5.5272e+012	-5.5084e+012	5.5083e+012	5.2500e-015
-3.440e+000	3.0180e-007	-5.5461e+012	-5.5272e+012	5.5272e+012	5.2500e-015
-3.430e+000	3.0182e-007	-5.5649e+012	-5.5461e+012	5.5460e+012	5.2500e-015
-3.420e+000	3.0183e-007	-5.5837e+012	-5.5649e+012	5.5648e+012	5.2500e-015
-3.410e+000	3.0185e-007	-5.6026e+012	-5.5837e+012	5.5837e+012	5.2500e-015
-3.400e+000	3.0187e-007	-5.6214e+012	-5.6026e+012	5.6025e+012	5.2500e-015
-3.390e+000	3.0188e-007	-5.6402e+012	-5.6214e+012	5.6214e+012	5.2500e-015
-3.380e+000	3.0190e-007	-5.6591e+012	-5.6402e+012	5.6402e+012	5.2500e-015
-3.370e+000	3.0191e-007	-5.6779e+012	-5.6591e+012	5.6591e+012	5.2500e-015
-3.360e+000	3.0193e-007	-5.6968e+012	-5.6779e+012	5.6779e+012	5.2500e-015
-3.350e+000	3.0195e-007	-5.7156e+012	-5.6968e+012	5.6967e+012	5.2500e-015
-3.340e+000	3.0196e-007	-5.7345e+012	-5.7156e+012	5.7156e+012	5.2500e-015
-3.330e+000	3.0198e-007	-5.7533e+012	-5.7345e+012	5.7344e+012	5.2500e-015
-3.320e+000	3.0199e-007	-5.7722e+012	-5.7533e+012	5.7533e+012	5.2500e-015
-3.310e+000	3.0201e-007	-5.7910e+012	-5.7722e+012	5.7721e+012	5.2500e-015
-3.300e+000	3.0203e-007	-5.8099e+012	-5.7910e+012	5.7910e+012	5.2500e-015
-3.290e+000	3.0204e-007	-5.8287e+012	-5.8099e+012	5.8098e+012	5.2500e-015
-3.280e+000	3.0206e-007	-5.8476e+012	-5.8287e+012	5.8287e+012	5.2500e-015
-3.270e+000	3.0207e-007	-5.8664e+012	-5.8476e+012	5.8475e+012	5.2500e-015
-3.260e+000	3.0209e-007	-5.8853e+012	-5.8664e+012	5.8664e+012	5.2500e-015
-3.250e+000	3.0210e-007	-5.9041e+012	-5.8853e+012	5.8852e+012	5.2500e-015
-3.240e+000	3.0212e-007	-5.9230e+012	-5.9041e+012	5.9041e+012	5.2500e-015
-3.230e+000	3.0213e-007	-5.9419e+012	-5.9230e+012	5.9230e+012	5.2500e-015
-3.220e+000	3.0215e-007	-5.9607e+012	-5.9419e+012	5.9418e+012	5.2500e-015
-3.210e+000	3.0217e-007	-5.9796e+012	-5.9607e+012	5.9607e+012	5.2500e-015
-3.200e+000	3.0218e-007	-5.9984e+012	-5.9796e+012	5.9795e+012	5.2500e-015
-3.190e+000	3.0220e-007	-6.0173e+012	-5.9984e+012	5.9984e+012	5.2500e-015
-3.180e+000	3.0221e-007	-6.0362e+012	-6.0173e+012	6.0173e+012	5.2500e-015
-3.170e+000	3.0223e-007	-6.0550e+012	-6.0362e+012	6.0361e+012	5.2500e-015
-3.160e+000	3.0224e-007	-6.0739e+012	-6.0550e+012	6.0550e+012	5.2500e-015
-3.150e+000	3.0225e-007	-6.0928e+012	-6.0739e+012	6.0738e+012	5.2500e-015
-3.140e+000	3.0227e-007	-6.1116e+012	-6.0928e+012	6.0927e+012	5.2500e-015
-3.130e+000	3.0228e-007	-6.1305e+012	-6.1116e+012	6.1116e+012	5.2500e-015
-3.120e+000	3.0230e-007	-6.1494e+012	-6.1305e+012	6.1304e+012	5.2500e-015
-3.110e+000	3.0231e-007	-6.1682e+012	-6.1494e+012	6.1493e+012	5.2500e-015
-3.100e+000	3.0233e-007	-6.1871e+012	-6.1682e+012	6.1682e+012	5.2500e-015
-3.090e+000	3.0234e-007	-6.2060e+012	-6.1871e+012	6.1871e+012	5.2500e-015
-3.080e+000	3.0236e-007	-6.2248e+012	-6.2060e+012	6.2059e+012	5.2500e-015
-3.070e+000	3.0237e-007	-6.2437e+012	-6.2248e+012	6.2248e+012	5.2500e-015
-3.060e+000	3.0239e-007	-6.2626e+012	-6.2437e+012	6.2437e+012	5.2500e-015
-3.050e+000	3.0240e-007	-6.2815e+012	-6.2626e+012	6.2625e+012	5.2500e-015
-3.040e+000	3.0241e-007	-6.3003e+012	-6.2815e+012	6.2814e+012	5.2500e-015
-3.030e+000	3.0243e-007	-6.3192e+012	-6.3003e+012	6.3003e+012	5.2500e-015
-3.020e+000	3.0244e-007	-6.3381e+012	-6.3192e+012	6.3192e+012	5.2500e-015
-3.010e+000	3.0246e-007	-6.3570e+012	-6.3381e+012	6.3380e+012	5.2500e-015
-3.000e+000	3.0247e-007	-6.3758e+012	-6.3570e+012	6.3569e+012	5.2500e-015
-2.990e+000	3.0248e-007	-6.3947e+012	-6.3758e+012	6.3758e+012	5.2500e-015
-2.980e+000	3.0250e-007	-6.4136e+012	-6.3947e+012	6.3947e+012	5.2500e-015
-2.970e+000	3.0251e-007	-6.4325e+012	-6.4136e+012	6.4136e+012	5.2500e-015
-2.960e+000	3.0252e-007	-6.4514e+012	-6.4325e+012	6.4324e+012	5.2500e-015
-2.950e+000	3.0254e-007	-6.4702e+012	-6.4514e+012	6.4513e+012	5.2500e-015
-2.940e+000	3.0255e-007	-6.4891e+012	-6.4702e+012	6.4702e+012	5.2500e-015
-2.930e+000	3.0256e-007	-6.5080e+012	-6.4891e+012	6.4891e+012	5.2500e-015
-2.920e+000	3.0258e-007	-6.5269e+012	-6.5080e+012	6.5080e+012	5.2500e-015
-2.910e+000	3.0239e-007	-6.5458e+012	-6.5269e+012	6.5269e+012	5.2500e-015
-2.900e+000	3.0237e-007	-6.5646e+012	-6.5458e+012	6.5457e+012	5.2500e-015
-2.890e+000	3.0238e-007	-6.5835e+012	-6.5646e+012	6.5646e+012	5.2500e-015
-2.880e+000	3.0239e-007	-6.6024e+012	-6.5835e+012	6.5835e+012	5.2500e-015
-2.870e+000	3.0240e-007	-6.6213e+012	-6.6024e+012	6.6024e+012	5.2500e-015
-2.860e+000	3.0242e-007	-6.6401e+012	-6.6213e+012	6.6212e+012	5.2500e-015
-2.850e+000	3.0243e-007	-6.6590e+012	-6.6401e+012	6.6401e+012	5.2500e-015
-2.840e+000	3.0244e-007	-6.6779e+012	-6.6590e+012	6.6590e+012	5.2500e-015
-2.830e+000	3.0245e-007	-6.6968e+012	-6.6779e+012	6.6779e+012	5.2500e-015
-2.820e+000	3.0246e-007	-6.7156e+012	-6.6968e+012	6.6967e+012	5.2500e-015
-2.810e+000	3.0247e-007	-6.7345e+012	-6.7156e+012	6.7156e+012	5.2500e-015
-2.800e+000	3.0248e-007	-6.7534e+012	-6.7345e+012	6.7345e+012	5.2500e-015
-2.790e+000	3.0249e-007	-6.7723e+012	-6.7534e+012	6.7534e+012	5.2500e-015
-2.780e+000	3.0250e-007	-6.7912e+012	-6.7723e+012	6.7722e+012	5.2500e-015
-2.770e+000	3.0251e-007	-6.8100e+012	-6.7912e+012	6.7911e+012	5.2500e-015
-2.760e+000	3.0252e-007	-6.8289e+012	-6.8100e+012	6.8100e+012	5.2500e-015
-2.750e+000	3.0254e-007	-6.8478e+012	-6.8289e+012	6.8289e+012	5.2500e-015
-2.740e+000	3.0255e-007	-6.8667e+012	-6.8478e+012	6.8478e+012	5.2500e-015
-2.730e+000	3.0256e-007	-6.8856e+012	-6.8667e+012	6.8667e+012	5.2500e-015
-2.720e+000	3.0257e-007	-6.9045e+012	-6.8856e+012	6.8855e+012	5.2500e-015
-2.710e+000	3.0258e-007	-6.9234e+012	-6.9045e+012	6.9044e+012	5.2500e-015
-2.700e+000	3.0259e-007	-6.9422e+012	-6.9234e+012	6.9233e+012	5.2500e-015
-2.690e+000	3.0260e-007	-6.9611e+012	-6.9422e+012	6.9422e+012	5.2500e-015
-2.680e+000	3.0261e-007	-6.9800e+012	-6.9611e+012	6.9611e+012	5.2500e-015
-2.670e+000	3.0262e-007	-6.9989e+012	-6.9800e+012	6.9800e+012	5.2500e-015
-2.660e+000	3.0263e-007	-7.0178e+012	-6.9989e+012	6.9989e+012	5.2500e-015
-2.650e+000	3.0264e-007	-7.0367e+012	-7.0178e+012	7.0177e+012	5.2500e-015
-2.640e+000	3.0265e-007	-7.0556e+012	-7.0367e+012	7.0366e+012	5.2500e-015
-2.630e+000	3.0266e-007	-7.0745e+012	-7.0556e+012	7.0555e+012	5.2500e-015
-2.620e+000	3.0267e-007	-7.0933e+012	-7.0745e+012	7.0744e+012	5.2500e-015
-2.610e+000	3.0268e-007	-7.1122e+012	-7.0933e+012	7.0933e+012	5.2500e-015
-2.600e+000	3.0269e-007	-7.1311e+012	-7.1122e+012	7.1122e+012	5.2500e-015
-2.590e+000	3.0270e-007	-7.1500e+012	-7.1311e+012	7.1311e+012	5.2500e-015
-2.580e+000	3.0271e-007	-7.1689e+012	-7.1500e+012	7.1500e+012	5.2500e-015
-2.570e+000	3.0272e-007	-7.1878e+012	-7.1689e+012	7.1689e+012	5.2500e-015
-2.560e+000	3.0273e-007	-7.2067e+012	-7.1878e+012	7.1878e+012	5.2500e-015
-2.550e+000	3.0274e-007	-7.2256e+012	-7.2067e+012	7.2067e+012	5.2500e-015
-2.540e+000	3.0275e-007	-7.2445e+012	-7.2256e+012	7.2256e+012	5.2500e-015
-2.530e+000	3.0276e-007	-7.2634e+012	-7.2445e+012	7.2445e+012	5.2500e-015
-2.520e+000	3.0277e-007	-7.2823e+012	-7.2634e+012	7.2634e+012	5.2500e-015
-2.510e+000	3.0278e-007	-7.3012e+012	-7.2823e+012	7.2823e+012	5.2500e-015
-2.500e+000	3.0279e-007	-7.3201e+012	-7.3012e+012	7.3012e+012	5.2500e-015
-2.490e+000	3.0280e-007	-7.3390e+012	-7.3201e+012	7.3201e+012	5.2500e-015
-2.480e+000	3.0281e-007	-7.3579e+012	-7.3390e+012	7.3389e+012	5.2500e-015
-2.470e+000	3.0282e-007	-7.3768e+012	-7.3579e+012	7.3578e+012	5.2500e-015
-2.460e+000	3.0283e-007	-7.3957e+012	-7.3768e+012	7.3768e+012	5.2500e-015
-2.450e+000	3.0284e-007	-7.4146e+012	-7.3957e+012	7.3957e+012	5.2500e-015
-2.440e+000	3.0285e-007	-7.4335e+012	-7.4146e+012	7.4146e+012	5.2500e-015
-2.430e+000	3.0286e-007	-7.4524e+012	-7.4335e+012	7.4335e+012	5.2500e-015
-2.420e+000	3.0287e-007	-7.4713e+012	-7.4524e+012	7.4524e+012	5.2500e-015
-2.410e+000	3.0288e-007	-7.4902e+012	-7.4713e+012	7.4713e+012	5.2500e-015
-2.400e+000	3.0288e-007	-7.5091e+012	-7.4902e+012	7.4902e+012	5.2500e-015
-2.390e+000	3.0289e-007	-7.5280e+012	-7.5091e+012	7.5091e+012	5.2500e-015
-2.380e+000	3.0290e-007	-7.5469e+012	-7.5280e+012	7.5280e+012	5.2500e-015
-2.370e+000	3.0291e-007	-7.5658e+012	-7.5469e+012	7.5469e+012	5.2500e-015
-2.360e+000	3.0292e-007	-7.5847e+012	-7.5658e+012	7.5658e+012	5.2500e-015
-2.350e+000	3.0293e-007	-7.6036e+012	-7.5847e+012	7.5847e+012	5.2500e-015
-2.340e+000	3.0294e-007	-7.6225e+012	-7.6036e+012	7.6036e+012	5.2500e-015
-2.330e+000	3.0295e-007	-7.6415e+012	-7.6225e+012	7.6225e+012	5.2500e-015
-2.320e+000	3.0296e-007	-7.6604e+012	-7.6415e+012	7.6414e+012	5.2500e-015
-2.310e+000	3.0297e-007	-7.6793e+012	-7.6604e+012	7.6603e+012	5.2500e-015
-2.300e+000	3.0298e-007	-7.6982e+012	-7.6793e+012	7.6792e+012	5.2500e-015
-2.290e+000	3.0298e-007	-7.7171e+012	-7.6982e+012	7.6981e+012	5.2500e-015
-2.280e+000	3.0299e-007	-7.7360e+012	-7.7171e+012	7.7171e+012	5.2500e-015
-2.270e+000	3.0300e-007	-7.7549e+012	-7.7360e+012	7.7360e+012	5.2500e-015
-2.260e+000	3.0301e-007	-7.7738e+012	-7.7549e+012	7.7549e+012	5.2500e-015
-2.250e+000	3.0302e-007	-7.7927e+012	-7.7738e+012	7.7738e+012	5.2500e-015
-2.240e+000	3.0303e-007	-7.8117e+012	-7.7927e+012	7.7927e+012	5.2500e-015
-2.230e+000	3.0304e-007	-7.8306e+012	-7.8117e+012	7.8116e+012	5.2500e-015
-2.220e+000	3.0305e-007	-7.8495e+012	-7.8306e+012	7.8305e+012	5.2500e-015
-2.210e+000	3.0306e-007	-7.8684e+012	-7.8495e+012	7.8494e+012	5.2500e-015
-2.200e+000	3.0306e-007	-7.8873e+012	-7.8684e+012	7.8684e+012	5.2500e-015
-2.190e+000	3.0307e-007	-7.9062e+012	-7.8873e+012	7.8873e+012	5.2500e-015
-2.180e+000	3.0308e-007	-7.9252e+012	-7.9062e+012	7.9062e+012	5.2500e-015
-2.170e+000	3.0309e-007	-7.9441e+012	-7.9252e+012	7.9251e+012	5.2500e-015
-2.160e+000	3.0310e-007	-7.9630e+012	-7.9441e+012	7.9440e+012	5.2500e-015
-2.150e+000	3.0311e-007	-7.9819e+012	-7.9630e+012	7.9629e+012	5.2500e-015
-2.140e+000	3.0312e-007	-8.0008e+012	-7.9819e+012	7.9819e+012	5.2500e-015
-2.130e+000	3.0312e-007	-8.0197e+012	-8.0008e+012	8.0008e+012	5.2500e-015
-2.120e+000	3.0313e-007	-8.0387e+012	-8.0197e+012	8.0197e+012	5.2500e-015
-2.110e+000	3.0314e-007	-8.0576e+012	-8.0387e+012	8.0386e+012	5.2500e-015
-2.100e+000	3.0315e-007	-8.0765e+012	-8.0576e+012	8.0575e+012	5.2500e-015
-2.090e+000	3.0316e-007	-8.0954e+012	-8.0765e+012	8.0765e+012	5.2500e-015
-2.080e+000	3.0317e-007	-8.1143e+012	-8.0954e+012	8.0954e+012	5.2500e-015
-2.070e+000	3.0317e-007	-8.1333e+012	-8.1143e+012	8.1143e+012	5.2500e-015
-2.060e+000	3.0318e-007	-8.1522e+012	-8.1333e+012	8.1332e+012	5.2500e-015
-2.050e+000	3.0319e-007	-8.1711e+012	-8.1522e+012	8.1522e+012	5.2500e-015
-2.040e+000	3.0320e-007	-8.1900e+012	-8.1711e+012	8.1711e+012	5.2500e-015
-2.030e+000	3.0321e-007	-8.2090e+012	-8.1900e+012	8.1900e+012	5.2500e-015
-2.020e+000	3.0322e-007	-8.2279e+012	-8.2090e+012	8.2089e+012	5.2500e-015
-2.010e+000	3.0322e-007	-8.2468e+012	-8.2279e+012	8.2279e+012	5.2500e-015
-2.000e+000	3.0323e-007	-8.2657e+012	-8.2468e+012	8.2468e+012	5.2500e-015
-1.990e+000	3.0324e-007	-8.2847e+012	-8.2657e+012	8.2657e+012	5.2500e-015
-1.980e+000	3.0325e-007	-8.3036e+012	-8.2847e+012	8.2846e+012	5.2500e-015
-1.970e+000	3.0326e-007	-8.3225e+012	-8.3036e+012	8.3036e+012	5.2500e-015
-1.960e+000	3.0326e-007	-8.3415e+012	-8.3225e+012	8.3225e+012	5.2500e-015
-1.950e+000	3.0327e-007	-8.3604e+012	-8.3415e+012	8.3414e+012	5.2500e-015
-1.940e+000	3.0328e-007	-8.3793e+012	-8.3604e+012	8.3603e+012	5.2500e-015
-1.930e+000	3.0329e-007	-8.3982e+012	-8.3793e+012	8.3793e+012	5.2500e-015
-1.920e+000	3.0330e-007	-8.4172e+012	-8.3982e+012	8.3982e+012	5.2500e-015
-1.910e+000	3.0330e-007	-8.4361e+012	-8.4172e+012	8.4171e+012	5.2500e-015
-1.900e+000	3.0331e-007	-8.4550e+012	-8.4361e+012	8.4361e+012	5.2500e-015
-1.890e+000	3.0332e-007	-8.4740e+012	-8.4550e+012	8.4550e+012	5.2500e-015
-1.880e+000	3.0333e-007	-8.4929e+012	-8.4740e+012	8.4739e+012	5.2500e-015
-1.870e+000	3.0334e-007	-8.5118e+012	-8.4929e+012	8.4929e+012	5.2500e-015
-1.860e+000	3.0334e-007	-8.5308e+012	-8.5118e+012	8.5118e+012	5.2500e-015
-1.850e+000	3.0335e-007	-8.5497e+012	-8.5308e+012	8.5307e+012	5.2500e-015
-1.840e+000	3.0336e-007	-8.5686e+012	-8.5497e+012	8.5497e+012	5.2500e-015
-1.830e+000	3.0337e-007	-8.5876e+012	-8.5686e+012	8.5686e+012	5.2500e-015
-1.820e+000	3.0337e-007	-8.6065e+012	-8.5876e+012	8.5875e+012	5.2500e-015
-1.810e+000	3.0338e-007	-8.6254e+012	-8.6065e+012	8.6065e+012	5.2500e-015
-1.800e+000	3.0339e-007	-8.6444e+012	-8.6254e+012	8.6254e+012	5.2500e-015
-1.790e+000	3.0340e-007	-8.6633e+012	-8.6444e+012	8.6443e+012	5.2500e-015
-1.780e+000	3.0340e-007	-8.6822e+012	-8.6633e+012	8.6633e+012	5.2500e-015
-1.770e+000	3.0341e-007	-8.7012e+012	-8.6822e+012	8.6822e+012	5.2500e-015
-1.760e+000	3.0342e-007	-8.7201e+012	-8.7012e+012	8.7011e+012	5.2500e-015
-1.750e+000	3.0343e-007	-8.7391e+012	-8.7201e+012	8.7201e+012	5.2500e-015
-1.740e+000	3.0343e-007	-8.7580e+012	-8.7391e+012	8.7390e+012	5.2500e-015
-1.730e+000	3.0344e-007	-8.7769e+012	-8.7580e+012	8.7580e+012	5.2500e-015
-1.720e+000	3.0345e-007	-8.7959e+012	-8.7769e+012	8.7769e+012	5.2500e-015
-1.710e+000	3.0346e-007	-8.8148e+012	-8.7959e+012	8.7958e+012	5.2500e-015
-1.700e+000	3.0346e-007	-8.8338e+012	-8.8148e+012	8.8148e+012	5.2500e-015
-1.690e+000	3.0347e-007	-8.8527e+012	-8.8338e+012	8.8337e+012	5.2500e-015
-1.680e+000	3.0348e-007	-8.8716e+012	-8.8527e+012	8.8527e+012	5.2500e-015
-1.670e+000	3.0349e-007	-8.8906e+012	-8.8716e+012	8.8716e+012	5.2500e-015
-1.660e+000	3.0349e-007	-8.9095e+012	-8.8906e+012	8.8905e+012	5.2500e-015
-1.650e+000	3.0350e-007	-8.9285e+012	-8.9095e+012	8.9095e+012	5.2500e-015
-1.640e+000	3.0351e-007	-8.9474e+012	-8.9285e+012	8.9284e+012	5.2500e-015
-1.630e+000	3.0352e-007	-8.9664e+012	-8.9474e+012	8.9474e+012	5.2500e-015
-1.620e+000	3.0352e-007	-8.9853e+012	-8.9664e+012	8.9663e+012	5.2500e-015
-1.610e+000	3.0353e-007	-9.0042e+012	-8.9853e+012	8.9853e+012	5.2500e-015
-1.600e+000	3.0354e-007	-9.0232e+012	-9.0042e+012	9.0042e+012	5.2500e-015
-1.590e+000	3.0354e-007	-9.0421e+012	-9.0232e+012	9.0232e+012	5.2500e-015
-1.580e+000	3.0355e-007	-9.0611e+012	-9.0421e+012	9.0421e+012	5.2500e-015
-1.570e+000	3.0356e-007	-9.0800e+012	-9.0611e+012	9.0610e+012	5.2500e-015
-1.560e+000	3.0357e-007	-9.0990e+012	-9.0800e+012	9.0800e+012	5.2500e-015
-1.550e+000	3.0357e-007	-9.1179e+012	-9.0990e+012	9.0989e+012	5.2500e-015
-1.540e+000	3.0358e-007	-9.1369e+012	-9.1179e+012	9.1179e+012	5.2500e-015
-1.530e+000	3.0359e-007	-9.1558e+012	-9.1369e+012	9.1368e+012	5.2500e-015
-1.520e+000	3.0359e-007	-9.1748e+012	-9.1558e+012	9.1558e+012	5.2500e-015
-1.510e+000	3.0360e-007	-9.1937e+012	-9.1748e+012	9.1747e+012	5.2500e-015
-1.500e+000	3.0361e-007	-9.2127e+012	-9.1937e+012	9.1937e+012	5.2500e-015
-1.490e+000	3.0361e-007	-9.2316e+012	-9.2127e+012	9.2126e+012	5.2500e-015
-1.480e+000	3.0362e-007	-9.2506e+012	-9.2316e+012	9.2316e+012	5.2500e-015
-1.470e+000	3.0363e-007	-9.2695e+012	-9.2506e+012	9.2505e+012	5.2500e-015
-1.460e+000	3.0364e-007	-9.2885e+012	-9.2695e+012	9.2695e+012	5.2500e-015
-1.450e+000	3.0364e-007	-9.3074e+012	-9.2885e+012	9.2884e+012	5.2500e-015
-1.440e+000	3.0365e-007	-9.3264e+012	-9.3074e+012	9.3074e+012	5.2500e-015
-1.430e+000	3.0366e-007	-9.3453e+012	-9.3264e+012	9.3263e+012	5.2500e-015
-1.420e+000	3.0366e-007	-9.3643e+012	-9.3453e+012	9.3453e+012	5.2500e-015
-1.410e+000	3.0367e-007	-9.3832e+012	-9.3643e+012	9.3642e+012	5.2500e-015
-1.400e+000	3.0368e-007	-9.4022e+012	-9.3832e+012	9.3832e+012	5.2500e-015
-1.390e+000	3.0368e-007	-9.4211e+012	-9.4022e+012	9.4021e+012	5.2500e-015
-1.380e+000	3.0369e-007	-9.4401e+012	-9.4211e+012	9.4211e+012	5.2500e-015
-1.370e+000	3.0370e-007	-9.4591e+012	-9.4401e+012	9.4401e+012	5.2500e-015
-1.360e+000	3.0370e-007	-9.4780e+012	-9.4591e+012	9.4590e+012	5.2500e-015
-1.350e+000	3.0371e-007	-9.4970e+012	-9.4780e+012	9.4780e+012	5.2500e-015
-1.340e+000	3.0372e-007	-9.5159e+012	-9.4970e+012	9.4969e+012	5.2500e-015
-1.330e+000	3.0372e-007	-9.5349e+012	-9.5159e+012	9.5159e+012	5.2500e-015
-1.320e+000	3.0373e-007	-9.5538e+012	-9.5349e+012	9.5348e+012	5.2500e-015
-1.310e+000	3.0374e-007	-9.5728e+012	-9.5538e+012	9.5538e+012	5.2500e-015
-1.300e+000	3.0374e-007	-9.5918e+012	-9.5728e+012	9.5728e+012	5.2500e-015
-1.290e+000	3.0375e-007	-9.6107e+012	-9.5918e+012	9.5917e+012	5.2500e-015
-1.280e+000	3.0376e-007	-9.6297e+012	-9.6107e+012	9.6107e+012	5.2500e-015
-1.270e+000	3.0376e-007	-9.6486e+012	-9.6297e+012	9.6296e+012	5.2500e-015
-1.260e+000	3.0377e-007	-9.6676e+012	-9.6486e+012	9.6486e+012	5.2500e-015
-1.250e+000	3.0378e-007	-9.6865e+012	-9.6676e+012	9.6675e+012	5.2500e-015
-1.240e+000	3.0378e-007	-9.7055e+012	-9.6865e+012	9.6865e+012	5.2500e-015
-1.230e+000	3.0379e-007	-9.7245e+012	-9.7055e+012	9.7055e+012	5.2500e-015
-1.220e+000	3.0379e-007	-9.7434e+012	-9.7245e+012	9.7244e+012	5.2500e-015
-1.210e+000	3.0380e-007	-9.7624e+012	-9.7434e+012	9.7434e+012	5.2500e-015
-1.200e+000	3.0381e-007	-9.7814e+012	-9.7624e+012	9.7624e+012	5.2500e-015
-1.190e+000	3.0381e-007	-9.8003e+012	-9.7814e+012	9.7813e+012	5.2500e-015
-1.180e+000	3.0382e-007	-9.8193e+012	-9.8003e+012	9.8003e+012	5.2500e-015
-1.170e+000	3.0383e-007	-9.8382e+012	-9.8193e+012	9.8192e+012	5.2500e-015
-1.160e+000	3.0383e-007	-9.8572e+012	-9.8382e+012	9.8382e+012	5.2500e-015
-1.150e+000	3.0384e-007	-9.8762e+012	-9.8572e+012	9.8572e+012	5.2500e-015
-1.140e+000	3.0385e-007	-9.8951e+012	-9.8762e+012	9.8761e+012	5.2500e-015
-1.130e+000	3.0385e-007	-9.9141e+012	-9.8951e+012	9.8951e+012	5.2500e-015
-1.120e+000	3.0386e-007	-9.9331e+012	-9.9141e+012	9.9141e+012	5.2500e-015
-1.110e+000	3.0386e-007	-9.9520e+012	-9.9331e+012	9.9330e+012	5.2500e-015
-1.100e+000	3.0387e-007	-9.9710e+012	-9.9520e+012	9.9520e+012	5.2500e-015
-1.090e+000	3.0388e-007	-9.9900e+012	-9.9710e+012	9.9710e+012	5.2500e-015
-1.080e+000	3.0388e-007	-1.0009e+013	-9.9900e+012	9.9899e+012	5.2500e-015
-1.070e+000	3.0389e-007	-1.0028e+013	-1.0009e+013	1.0009e+013	5.2500e-015
-1.060e+000	3.0390e-007	-1.0047e+013	-1.0028e+013	1.0028e+013	5.2500e-015
-1.050e+000	3.0390e-007	-1.0066e+013	-1.0047e+013	1.0047e+013	5.2500e-015
-1.040e+000	3.0391e-007	-1.0085e+013	-1.0066e+013	1.0066e+013	5.2500e-015
-1.030e+000	3.0391e-007	-1.0104e+013	-1.0085e+013	1.0085e+013	5.2500e-015
-1.020e+000	3.0392e-007	-1.0123e+013	-1.0104e+013	1.0104e+013	5.2500e-015
-1.010e+000	3.0393e-007	-1.0142e+013	-1.0123e+013	1.0123e+013	5.2500e-015
-1.000e+000	3.0393e-007	-1.0161e+013	-1.0142e+013	1.0142e+013	5.2500e-015
-9.900e-001	3.0394e-007	-1.0180e+013	-1.0161e+013	1.0161e+013	5.2500e-015
-9.800e-001	3.0394e-007	-1.0199e+013	-1.0180e+013	1.0180e+013	5.2500e-015
-9.700e-001	3.0395e-007	-1.0218e+013	-1.0199e+013	1.0199e+013	5.2500e-015
-9.600e-001	3.0396e-007	-1.0237e+013	-1.0218e+013	1.0218e+013	5.2500e-015
-9.500e-001	3.0396e-007	-1.0256e+013	-1.0237e+013	1.0237e+013	5.2500e-015
-9.400e-001	3.0397e-007	-1.0275e+013	-1.0256e+013	1.0255e+013	5.2500e-015
-9.300e-001	3.0397e-007	-1.0293e+013	-1.0275e+013	1.0274e+013	5.2500e-015
-9.200e-001	3.0398e-007	-1.0312e+013	-1.0293e+013	1.0293e+013	5.2500e-015
-9.100e-001	3.0399e-007	-1.0331e+013	-1.0312e+013	1.0312e+013	5.2500e-015
-9.000e-001	3.0399e-007	-1.0350e+013	-1.0331e+013	1.0331e+013	5.2500e-015
-8.900e-001	3.0400e-007	-1.0369e+013	-1.0350e+013	1.0350e+013	5.2500e-015
-8.800e-001	3.0400e-007	-1.0388e+013	-1.0369e+013	1.0369e+013	5.2500e-015
-8.700e-001	3.0401e-007	-1.0407e+013	-1.0388e+013	1.0388e+013	5.2500e-015
-8.600e-001	3.0402e-007	-1.0426e+013	-1.0407e+013	1.0407e+013	5.2500e-015
-8.500e-001	3.0402e-007	-1.0445e+013	-1.0426e+013	1.0426e+013	5.2500e-015
-8.400e-001	3.0403e-007	-1.0464e+013	-1.0445e+013	1.0445e+013	5.2500e-015
-8.300e-001	3.0403e-007	-1.0483e+013	-1.0464e+013	1.0464e+013	5.2500e-015
-8.200e-001	3.0404e-007	-1.0502e+013	-1.0483e+013	1.0483e+013	5.2500e-015
-8.100e-001	3.0405e-007	-1.0521e+013	-1.0502e+013	1.0502e+013	5.2500e-015
-8.000e-001	3.0405e-007	-1.0540e+013	-1.0521e+013	1.0521e+013	5.2500e-015
-7.900e-001	3.0406e-007	-1.0559e+013	-1.0540e+013	1.0540e+013	5.2500e-015
-7.800e-001	3.0406e-007	-1.0578e+013	-1.0559e+013	1.0559e+013	5.2500e-015
-7.700e-001	3.0407e-007	-1.0597e+013	-1.0578e+013	1.0578e+013	5.2500e-015
-7.600e-001	3.0407e-007	-1.0616e+013	-1.0597e+013	1.0597e+013	5.2500e-015
-7.500e-001	3.0408e-007	-1.0635e+013	-1.0616e+013	1.0616e+013	5.2500e-015
-7.400e-001	3.0409e-007	-1.0654e+013	-1.0635e+013	1.0635e+013	5.2500e-015
-7.300e-001	3.0409e-007	-1.0673e+013	-1.0654e+013	1.0654e+013	5.2500e-015
-7.200e-001	3.0410e-007	-1.0692e+013	-1.0673e+013	1.0673e+013	5.2500e-015
-7.100e-001	3.0410e-007	-1.0711e+013	-1.0692e+013	1.0692e+013	5.2500e-015
-7.000e-001	3.0411e-007	-1.0730e+013	-1.0711e+013	1.0711e+013	5.2500e-015
-6.900e-001	3.0411e-007	-1.0749e+013	-1.0730e+013	1.0730e+013	5.2500e-015
-6.800e-001	3.0412e-007	-1.0768e+013	-1.0749e+013	1.0749e+013	5.2500e-015
-6.700e-001	3.0412e-007	-1.0787e+013	-1.0768e+013	1.0768e+013	5.2500e-015
-6.600e-001	3.0413e-007	-1.0806e+013	-1.0787e+013	1.0787e+013	5.2500e-015
-6.500e-001	3.0414e-007	-1.0825e+013	-1.0806e+013	1.0806e+013	5.2500e-015
-6.400e-001	3.0414e-007	-1.0844e+013	-1.0825e+013	1.0825e+013	5.2500e-015
-6.300e-001	3.0415e-007	-1.0863e+013	-1.0844e+013	1.0844e+013	5.2500e-015
-6.200e-001	3.0415e-007	-1.0882e+013	-1.0863e+013	1.0863e+013	5.2500e-015
-6.100e-001	3.0416e-007	-1.0901e+013	-1.0882e+013	1.0882e+013	5.2500e-015
-6.000e-001	3.0416e-007	-1.0920e+013	-1.0901e+013	1.0901e+013	5.2500e-015
-5.900e-001	3.0417e-007	-1.0939e+013	-1.0920e+013	1.0920e+013	5.2500e-015
-5.800e-001	3.0417e-007	-1.0958e+013	-1.0939e+013	1.0939e+013	5.2500e-015
-5.700e-001	3.0418e-007	-1.0977e+013	-1.0958e+013	1.0958e+013	5.2500e-015
-5.600e-001	3.0419e-007	-1.0996e+013	-1.0977e+013	1.0977e+013	5.2500e-015
-5.500e-001	3.0419e-007	-1.1015e+013	-1.0996e+013	1.0996e+013	5.2500e-015
-5.400e-001	3.0420e-007	-1.1034e+013	-1.1015e+013	1.1015e+013	5.2500e-015
-5.300e-001	3.0420e-007	-1.1053e+013	-1.1034e+013	1.1034e+013	5.2500e-015
-5.200e-001	3.0421e-007	-1.1072e+013	-1.1053e+013	1.1053e+013	5.2500e-015
-5.100e-001	3.0421e-007	-1.1091e+013	-1.1072e+013	1.1072e+013	5.2500e-015
-5.000e-001	3.0422e-007	-1.1110e+013	-1.1091e+013	1.1091e+013	5.2500e-015
-4.900e-001	3.0422e-007	-1.1129e+013	-1.1110e+013	1.1110e+013	5.2500e-015
-4.800e-001	3.0423e-007	-1.1148e+013	-1.1129e+013	1.1129e+013	5.2500e-015
-4.700e-001	3.0423e-007	-1.1167e+013	-1.1148e+013	1.1148e+013	5.2500e-015
-4.600e-001	3.0424e-007	-1.1186e+013	-1.1167e+013	1.1167e+013	5.2500e-015
-4.500e-001	3.0424e-007	-1.1205e+013	-1.1186e+013	1.1186e+013	5.2500e-015
-4.400e-001	3.0425e-007	-1.1224e+013	-1.1205e+013	1.1205e+013	5.2500e-015
-4.300e-001	3.0426e-007	-1.1243e+013	-1.1224e+013	1.1224e+013	5.2500e-015
-4.200e-001	3.0426e-007	-1.1262e+013	-1.1243e+013	1.1243e+013	5.2500e-015
-4.100e-001	3.0427e-007	-1.1281e+013	-1.1262e+013	1.1262e+013	5.2500e-015
-4.000e-001	3.0427e-007	-1.1300e+013	-1.1281e+013	1.1281e+013	5.2500e-015
-3.900e-001	3.0428e-007	-1.1319e+013	-1.1300e+013	1.1299e+013	5.2500e-015
-3.800e-001	3.0428e-007	-1.1338e+013	-1.1319e+013	1.1318e+013	5.2500e-015
-3.700e-001	3.0429e-007	-1.1357e+013	-1.1338e+013	1.1337e+013	5.2500e-015
-3.600e-001	3.0429e-007	-1.1376e+013	-1.1357e+013	1.1356e+013	5.2500e-015
-3.500e-001	3.0430e-007	-1.1394e+013	-1.1376e+013	1.1375e+013	5.2500e-015
-3.400e-001	3.0430e-007	-1.1413e+013	-1.1394e+013	1.1394e+013	5.2500e-015
-3.300e-001	3.0431e-007	-1.1432e+013	-1.1413e+013	1.1413e+013	5.2500e-015
-3.200e-001	3.0431e-007	-1.1451e+013	-1.1432e+013	1.1432e+013	5.2500e-015
-3.100e-001	3.0432e-007	-1.1470e+013	-1.1451e+013	1.1451e+013	5.2500e-015
-3.000e-001	3.0432e-007	-1.1489e+013	-1.1470e+013	1.1470e+013	5.2500e-015
-2.900e-001	3.0433e-007	-1.1508e+013	-1.1489e+013	1.1489e+013	5.2500e-015
-2.800e-001	3.0433e-007	-1.1527e+013	-1.1508e+013	1.1508e+013	5.2500e-015
-2.700e-001	3.0434e-007	-1.1546e+013	-1.1527e+013	1.1527e+013	5.2500e-015
-2.600e-001	3.0434e-007	-1.1565e+013	-1.1546e+013	1.1546e+013	5.2500e-015
-2.500e-001	3.0435e-007	-1.1584e+013	-1.1565e+013	1.1565e+013	5.2500e-015
-2.400e-001	3.0435e-007	-1.1603e+013	-1.1584e+013	1.1584e+013	5.2500e-015
-2.300e-001	3.0436e-007	-1.1622e+013	-1.1603e+013	1.1603e+013	5.2500e-015
-2.200e-001	3.0436e-007	-1.1641e+013	-1.1622e+013	1.1622e+013	5.2500e-015
-2.100e-001	3.0437e-007	-1.1660e+013	-1.1641e+013	1.1641e+013	5.2500e-015
-2.000e-001	3.0437e-007	-1.1679e+013	-1.1660e+013	1.1660e+013	5.2500e-015
-1.900e-001	3.0438e-007	-1.1698e+013	-1.1679e+013	1.1679e+013	5.2500e-015
-1.800e-001	3.0438e-007	-1.1717e+013	-1.1698e+013	1.1698e+013	5.2500e-015
-1.700e-001	3.0439e-007	-1.1736e+013	-1.1717e+013	1.1717e+013	5.2500e-015
-1.600e-001	3.0439e-007	-1.1755e+013	-1.1736e+013	1.1736e+013	5.2500e-015
-1.500e-001	3.0440e-007	-1.1774e+013	-1.1755e+013	1.1755e+013	5.2500e-015
-1.400e-001	3.0440e-007	-1.1793e+013	-1.1774e+013	1.1774e+013	5.2500e-015
-1.300e-001	3.0441e-007	-1.1812e+013	-1.1793e+013	1.1793e+013	5.2500e-015
-1.200e-001	3.0441e-007	-1.1831e+013	-1.1812e+013	1.1812e+013	5.2500e-015
-1.100e-001	3.0442e-007	-1.1850e+013	-1.1831e+013	1.1831e+013	5.2500e-015
-1.000e-001	3.0442e-007	-1.1869e+013	-1.1850e+013	1.1850e+013	5.2500e-015
-9.000e-002	3.0443e-007	-1.1888e+013	-1.1869e+013	1.1869e+013	5.2500e-015
-8.000e-002	3.0443e-007	-1.1907e+013	-1.1888e+013	1.1888e+013	5.2500e-015
-7.000e-002	3.0444e-007	-1.1926e+013	-1.1907e+013	1.1907e+013	5.2500e-015
-6.000e-002	3.0444e-007	-1.1945e+013	-1.1926e+013	1.1926e+013	5.2500e-015
-5.000e-002	3.0445e-007	-1.1964e+013	-1.1945e+013	1.1945e+013	5.2500e-015
-4.000e-002	3.0445e-007	-1.1983e+013	-1.1964e+013	1.1964e+013	5.2500e-015
-3.000e-002	3.0446e-007	-1.2002e+013	-1.1983e+013	1.1983e+013	5.2500e-015
-2.000e-002	3.0446e-007	-1.2021e+013	-1.2002e+013	1.2002e+013	5.2500e-015
-1.000e-002	3.0447e-007	-1.2040e+013	-1.2021e+013	1.2021e+013	5.2500e-015
0.000e+000	3.0447e-007	-1.2059e+013	-1.2040e+013	1.2040e+013	5.2500e-015
1.000e-002	3.0448e-007	-1.2078e+013	-1.2059e+013	1.2059e+013	5.2500e-015
2.000e-002	3.0448e-007	-1.2097e+013	-1.2078e+013	1.2078e+013	5.2500e-015
3.000e-002	3.0449e-007	-1.2116e+013	-1.2097e+013	1.2097e+013	5.2500e-015
4.000e-002	3.0449e-007	-1.2135e+013	-1.2116e+013	1.2116e+013	5.2500e-015
5.000e-002	3.0450e-007	-1.2154e+013	-1.2135e+013	1.2135e+013	5.2500e-015
6.000e-002	3.0450e-007	-1.2173e+013	-1.2154e+013	1.2154e+013	5.2500e-015
7.000e-002	3.0451e-007	-1.2192e+013	-1.2173e+013	1.2173e+013	5.2500e-015
8.000e-002	3.0451e-007	-1.2211e+013	-1.2192e+013	1.2192e+013	5.2500e-015
9.000e-002	3.0452e-007	-1.2230e+013	-1.2211e+013	1.2211e+013	5.2500e-015
1.000e-001	3.0452e-007	-1.2249e+013	-1.2230e+013	1.2230e+013	5.2500e-015
1.100e-001	3.0452e-007	-1.2268e+013	-1.2249e+013	1.2249e+013	5.2500e-015
1.200e-001	3.0453e-007	-1.2288e+013	-1.2268e+013	1.2268e+013	5.2500e-015
1.300e-001	3.0453e-007	-1.2307e+013	-1.2288e+013	1.2287e+013	5.2500e-015
1.400e-001	3.0454e-007	-1.2326e+013	-1.2307e+013	1.2306e+013	5.2500e-015
1.500e-001	3.0454e-007	-1.2345e+013	-1.2326e+013	1.2325e+013	5.2500e-015
1.600e-001	3.0455e-007	-1.2364e+013	-1.2345e+013	1.2344e+013	5.2500e-015
1.700e-001	3.0455e-007	-1.2383e+013	-1.2364e+013	1.2363e+013	5.2500e-015
1.800e-001	3.0456e-007	-1.2402e+013	-1.2383e+013	1.2383e+013	5.2500e-015
1.900e-001	3.0456e-007	-1.2421e+013	-1.2402e+013	1.2402e+013	5.2500e-015
2.000e-001	3.0457e-007	-1.2440e+013	-1.2421e+013	1.2421e+013	5.2500e-015
2.100e-001	3.0457e-007	-1.2459e+013	-1.2440e+013	1.2440e+013	5.2500e-015
2.200e-001	3.0458e-007	-1.2478e+013	-1.2459e+013	1.2459e+013	5.2500e-015
2.300e-001	3.0458e-007	-1.2497e+013	-1.2478e+013	1.2478e+013	5.2500e-015
2.400e-001	3.0459e-007	-1.2516e+013	-1.2497e+013	1.2497e+013	5.2500e-015
2.500e-001	3.0459e-007	-1.2535e+013	-1.2516e+013	1.2516e+013	5.2500e-015
2.600e-001	3.0459e-007	-1.2554e+013	-1.2535e+013	1.2535e+013	5.2500e-015
2.700e-001	3.0460e-007	-1.2573e+013	-1.2554e+013	1.2554e+013	5.2500e-015
2.800e-001	3.0460e-007	-1.2592e+013	-1.2573e+013	1.2573e+013	5.2500e-015
2.900e-001	3.0461e-007	-1.2611e+013	-1.2592e+013	1.2592e+013	5.2500e-015
3.000e-001	3.0461e-007	-1.2630e+013	-1.2611e+013	1.2611e+013	5.2500e-015
3.100e-001	3.0462e-007	-1.2649e+013	-1.2630e+013	1.2630e+013	5.2500e-015
3.200e-001	3.0462e-007	-1.2668e+013	-1.2649e+013	1.2649e+013	5.2500e-015
3.300e-001	3.0463e-007	-1.2687e+013	-1.2668e+013	1.2668e+013	5.2500e-015
3.400e-001	3.0463e-007	-1.2706e+013	-1.2687e+013	1.2687e+013	5.2500e-015
3.500e-001	3.0463e-007	-1.2725e+013	-1.2706e+013	1.2706e+013	5.2500e-015
3.600e-001	3.0464e-007	-1.2744e+013	-1.2725e+013	1.2725e+013	5.2500e-015
3.700e-001	3.0464e-007	-1.2763e+013	-1.2744e+013	1.2744e+013	5.2500e-015
3.800e-001	3.0465e-007	-1.2782e+013	-1.2763e+013	1.2763e+013	5.2500e-015
3.900e-001	3.0465e-007	-1.2801e+013	-1.2782e+013	1.2782e+013	5.2500e-015
4.000e-001	3.0466e-007	-1.2820e+013	-1.2801e+013	1.2801e+013	5.2500e-015
4.100e-001	3.0466e-007	-1.2839e+013	-1.2820e+013	1.2820e+013	5.2500e-015
4.200e-001	3.0467e-007	-1.2858e+013	-1.2839e+013	1.2839e+013	5.2500e-015
4.300e-001	3.0467e-007	-1.2877e+013	-1.2858e+013	1.2858e+013	5.2500e-015
4.400e-001	3.0468e-007	-1.2896e+013	-1.2877e+013	1.2877e+013	5.2500e-015
4.500e-001	3.0468e-007	-1.2915e+013	-1.2896e+013	1.2896e+013	5.2500e-015
4.600e-001	3.0468e-007	-1.2934e+013	-1.2915e+013	1.2915e+013	5.2500e-015
4.700e-001	3.0469e-007	-1.2953e+013	-1.2934e+013	1.2934e+013	5.2500e-015
4.800e-001	3.0469e-007	-1.2972e+013	-1.2953e+013	1.2953e+013	5.2500e-015
4.900e-001	3.0470e-007	-1.2991e+013	-1.2972e+013	1.2972e+013	5.2500e-015
5.000e-001	3.0470e-007	-1.3010e+013	-1.2991e+013	1.2991e+013	5.2500e-015
5.100e-001	3.0471e-007	-1.3029e+013	-1.3010e+013	1.3010e+013	5.2500e-015
5.200e-001	3.0471e-007	-1.3048e+013	-1.3029e+013	1.3029e+013	5.2500e-015
5.300e-001	3.0471e-007	-1.3067e+013	-1.3048e+013	1.3048e+013	5.2500e-015
5.400e-001	3.0471e-007	-1.3086e+013	-1.3067e+013	1.3067e+013	5.2500e-015
5.500e-001	3.0468e-007	-1.3105e+013	-1.3086e+013	1.3086e+013	5.2500e-015
5.600e-001	3.0468e-007	-1.3124e+013	-1.3105e+013	1.3105e+013	5.2500e-015
5.700e-001	3.0469e-007	-1.3143e+013	-1.3124e+013	1.3124e+013	5.2500e-015
5.800e-001	3.0469e-007	-1.3162e+013	-1.3143e+013	1.3143e+013	5.2500e-015
5.900e-001	3.0470e-007	-1.3181e+013	-1.3162e+013	1.3162e+013	5.2500e-015
6.000e-001	3.0470e-007	-1.3200e+013	-1.3181e+013	1.3181e+013	5.2500e-015
6.100e-001	3.0471e-007	-1.3219e+013	-1.3200e+013	1.3200e+013	5.2500e-015
6.200e-001	3.0471e-007	-1.3238e+013	-1.3219e+013	1.3219e+013	5.2500e-015
6.300e-001	3.0471e-007	-1.3257e+013	-1.3238e+013	1.3238e+013	5.2500e-015
6.400e-001	3.0472e-007	-1.3276e+013	-1.3257e+013	1.3257e+013	5.2500e-015
6.500e-001	3.0472e-007	-1.3295e+013	-1.3276e+013	1.3276e+013	5.2500e-015
6.600e-001	3.0473e-007	-1.3314e+013	-1.3295e+013	1.3295e+013	5.2500e-015
6.700e-001	3.0473e-007	-1.3333e+013	-1.3314e+013	1.3314e+013	5.2500e-015
6.800e-001	3.0474e-007	-1.3352e+013	-1.3333e+013	1.3333e+013	5.2500e-015
6.900e-001	3.0474e-007	-1.3371e+013	-1.3352e+013	1.3352e+013	5.2500e-015
7.000e-001	3.0475e-007	-1.3390e+013	-1.3371e+013	1.3371e+013	5.2500e-015
7.100e-001	3.0475e-007	-1.3409e+013	-1.3390e+013	1.3390e+013	5.2500e-015
7.200e-001	3.0475e-007	-1.3428e+013	-1.3409e+013	1.3409e+013	5.2500e-015
7.300e-001	3.0476e-007	-1.3447e+013	-1.3428e+013	1.3428e+013	5.2500e-015
7.400e-001	3.0476e-007	-1.3466e+013	-1.3447e+013	1.3447e+013	5.2500e-015
7.500e-001	3.0477e-007	-1.3485e+013	-1.3466e+013	1.3466e+013	5.2500e-015
7.600e-001	3.0477e-007	-1.3504e+013	-1.3485e+013	1.3485e+013	5.2500e-015
7.700e-001	3.0478e-007	-1.3524e+013	-1.3504e+013	1.3504e+013	5.2500e-015
7.800e-001	3.0479e-007	-1.3543e+013	-1.3524e+013	1.3523e+013	5.2500e-015
7.900e-001	3.0479e-007	-1.3562e+013	-1.3543e+013	1.3542e+013	5.2500e-015
8.000e-001	3.0480e-007	-1.3581e+013	-1.3562e+013	1.3562e+013	5.2500e-015
8.100e-001	3.0480e-007	-1.3600e+013	-1.3581e+013	1.3581e+013	5.2500e-015
8.200e-001	3.0481e-007	-1.3619e+013	-1.3600e+013	1.3600e+013	5.2500e-015
8.300e-001	3.0482e-007	-1.3638e+013	-1.3619e+013	1.3619e+013	5.2500e-015
8.400e-001	3.0483e-007	-1.3657e+013	-1.3638e+013	1.3638e+013	5.2500e-015
8.500e-001	3.0484e-007	-1.3676e+013	-1.3657e+013	1.3657e+013	5.2500e-015
8.600e-001	3.0485e-007	-1.3695e+013	-1.3676e+013	1.3676e+013	5.2500e-015
8.700e-001	3.0486e-007	-1.3714e+013	-1.3695e+013	1.3695e+013	5.2500e-015
8.800e-001	3.0487e-007	-1.3733e+013	-1.3714e+013	1.3714e+013	5.2500e-015
8.900e-001	3.0489e-007	-1.3752e+013	-1.3733e+013	1.3733e+013	5.2500e-015
9.000e-001	3.0490e-007	-1.3771e+013	-1.3752e+013	1.3752e+013	5.2500e-015
9.100e-001	3.0492e-007	-1.3790e+013	-1.3771e+013	1.3771e+013	5.2500e-015
9.200e-001	3.0495e-007	-1.3809e+013	-1.3790e+013	1.3790e+013	5.2500e-015
9.300e-001	3.0498e-007	-1.3828e+013	-1.3809e+013	1.3809e+013	5.2500e-015
9.400e-001	3.0501e-007	-1.3847e+013	-1.3828e+013	1.3828e+013	5.2500e-015
9.500e-001	3.0505e-007	-1.3866e+013	-1.3847e+013	1.3847e+013	5.2500e-015
9.600e-001	3.0510e-007	-1.3885e+013	-1.3866e+013	1.3866e+013	5.2500e-015
9.700e-001	3.0515e-007	-1.3904e+013	-1.3885e+013	1.3885e+013	5.2500e-015
9.800e-001	3.0522e-007	-1.3923e+013	-1.3904e+013	1.3904e+013	5.2500e-015
9.900e-001	3.0531e-007	-1.3942e+013	-1.3923e+013	1.3923e+013	5.2500e-015
1.000e+000	3.0541e-007	-1.3961e+013	-1.3942e+013	1.3942e+013	5.2500e-015
1.010e+000	3.0554e-007	-1.3980e+013	-1.3961e+013	1.3961e+013	5.2500e-015
1.020e+000	3.0569e-007	-1.3999e+013	-1.3980e+013	1.3980e+013	5.2500e-015
1.030e+000	3.0588e-007	-1.4019e+013	-1.3999e+013	1.3999e+013	5.2500e-015
1.040e+000	3.0611e-007	-1.4038e+013	-1.4019e+013	1.4018e+013	5.2500e-015
1.050e+000	3.0639e-007	-1.4057e+013	-1.4038e+013	1.4038e+013	5.2500e-015
1.060e+000	3.0674e-007	-1.4076e+013	-1.4057e+013	1.4057e+013	5.2500e-015
1.070e+000	3.0717e-007	-1.4095e+013	-1.4076e+013	1.4076e+013	5.2500e-015
1.080e+000	3.0771e-007	-1.4114e+013	-1.4095e+013	1.4095e+013	5.2500e-015
1.090e+000	3.0836e-007	-1.4134e+013	-1.4114e+013	1.4114e+013	5.2500e-015
1.100e+000	3.0918e-007	-1.4153e+013	-1.4134e+013	1.4133e+013	5.2500e-015
1.110e+000	3.1018e-007	-1.4172e+013	-1.4153e+013	1.4153e+013	5.2500e-015
1.120e+000	3.1141e-007	-1.4192e+013	-1.4172e+013	1.4172e+013	5.2500e-015
1.130e+000	3.1293e-007	-1.4211e+013	-1.4192e+013	1.4192e+013	5.2500e-015
1.140e+000	3.1479e-007	-1.4231e+013	-1.4211e+013	1.4211e+013	5.2500e-015
1.150e+000	3.1708e-007	-1.4251e+013	-1.4231e+013	1.4231e+013	5.2500e-015
1.160e+000	3.1987e-007	-1.4271e+013	-1.4251e+013	1.4251e+013	5.2500e-015
1.170e+000	3.2327e-007	-1.4291e+013	-1.4271e+013	1.4271e+013	5.2500e-015
1.180e+000	3.2738e-007	-1.4311e+013	-1.4291e+013	1.4291e+013	5.2500e-015
1.190e+000	3.3195e-007	-1.4332e+013	-1.4311e+013	1.4311e+013	5.2500e-015
1.200e+000	3.3777e-007	-1.4353e+013	-1.4332e+013	1.4332e+013	5.2500e-015
1.210e+000	3.4480e-007	-1.4374e+013	-1.4353e+013	1.4353e+013	5.2500e-015
1.220e+000	3.5255e-007	-1.4396e+013	-1.4374e+013	1.4374e+013	5.2500e-015
1.230e+000	3.6189e-007	-1.4419e+013	-1.4396e+013	1.4396e+013	5.2500e-015
1.240e+000	3.7213e-007	-1.4442e+013	-1.4419e+013	1.4419e+013	5.2500e-015
1.250e+000	3.8395e-007	-1.4466e+013	-1.4442e+013	1.4442e+013	5.2500e-015
1.260e+000	3.9684e-007	-1.4491e+013	-1.4466e+013	1.4466e+013	5.2500e-015
1.270e+000	4.1072e-007	-1.4517e+013	-1.4491e+013	1.4491e+013	5.2500e-015
1.280e+000	4.2594e-007	-1.4543e+013	-1.4517e+013	1.4517e+013	5.2500e-015
1.290e+000	4.4201e-007	-1.4571e+013	-1.4543e+013	1.4543e+013	5.2500e-015
1.300e+000	4.5902e-007	-1.4599e+013	-1.4571e+013	1.4571e+013	5.2500e-015
1.310e+000	4.7687e-007	-1.4629e+013	-1.4599e+013	1.4599e+013	5.2500e-015
1.320e+000	4.9609e-007	-1.4660e+013	-1.4629e+013	1.4629e+013	5.2500e-015
1.330e+000	5.1669e-007	-1.4692e+013	-1.4660e+013	1.4660e+013	5.2500e-015
1.340e+000	5.3888e-007	-1.4726e+013	-1.4692e+013	1.4692e+013	5.2500e-015
1.350e+000	5.6454e-007	-1.4761e+013	-1.4726e+013	1.4726e+013	5.2500e-015
1.360e+000	5.9403e-007	-1.4798e+013	-1.4761e+013	1.4761e+013	5.2500e-015
1.370e+000	6.2916e-007	-1.4838e+013	-1.4798e+013	1.4798e+013	5.2500e-015
1.380e+000	6.7162e-007	-1.4880e+013	-1.4838e+013	1.4838e+013	5.2500e-015
1.390e+000	7.2511e-007	-1.4925e+013	-1.4880e+013	1.4880e+013	5.2500e-015
1.400e+000	7.9132e-007	-1.4974e+013	-1.4925e+013	1.4925e+013	5.2500e-015
1.410e+000	8.7289e-007	-1.5029e+013	-1.4974e+013	1.4974e+013	5.2500e-015
1.420e+000	9.7303e-007	-1.5089e+013	-1.5029e+013	1.5029e+013	5.2500e-015
1.430e+000	1.0918e-006	-1.5158e+013	-1.5089e+013	1.5089e+013	5.2500e-015
1.440e+000	1.2283e-006	-1.5234e+013	-1.5158e+013	1.5158e+013	5.2500e-015
1.450e+000	1.3805e-006	-1.5320e+013	-1.5234e+013	1.5234e+013	5.2500e-015
1.460e+000	1.5432e-006	-1.5417e+013	-1.5320e+013	1.5320e+013	5.2500e-015
1.470e+000	1.7111e-006	-1.5524e+013	-1.5417e+013	1.5417e+013	5.2500e-015
1.480e+000	1.8797e-006	-1.5641e+013	-1.5524e+013	1.5524e+013	5.2500e-015
1.490e+000	2.0441e-006	-1.5768e+013	-1.5641e+013	1.5641e+013	5.2500e-015
1.500e+000	2.2014e-006	-1.5906e+013	-1.5768e+013	1.5768e+013	5.2500e-015
1.510e+000	2.3496e-006	-1.6053e+013	-1.5906e+013	1.5906e+013	5.2500e-015
1.520e+000	2.4880e-006	-1.6208e+013	-1.6053e+013	1.6052e+013	5.2500e-015
1.530e+000	2.6162e-006	-1.6371e+013	-1.6208e+013	1.6208e+013	5.2500e-015
1.540e+000	2.7346e-006	-1.6542e+013	-1.6371e+013	1.6371e+013	5.2500e-015
1.550e+000	2.8435e-006	-1.6719e+013	-1.6542e+013	1.6542e+013	5.2500e-015
1.560e+000	2.9440e-006	-1.6903e+013	-1.6719e+013	1.6719e+013	5.2500e-015
1.570e+000	3.0366e-006	-1.7093e+013	-1.6903e+013	1.6903e+013	5.2500e-015
1.580e+000	3.1222e-006	-1.7287e+013	-1.7093e+013	1.7092e+013	5.2500e-015
1.590e+000	3.2014e-006	-1.7487e+013	-1.7287e+013	1.7287e+013	5.2500e-015
1.600e+000	3.2751e-006	-1.7692e+013	-1.7487e+013	1.7487e+013	5.2500e-015
1.610e+000	3.3437e-006	-1.7900e+013	-1.7692e+013	1.7692e+013	5.2500e-015
1.620e+000	3.4078e-006	-1.8113e+013	-1.7900e+013	1.7900e+013	5.2500e-015
1.630e+000	3.4680e-006	-1.8329e+013	-1.8113e+013	1.8113e+013	5.2500e-015
1.640e+000	3.5246e-006	-1.8549e+013	-1.8329e+013	1.8329e+013	5.2500e-015
1.650e+000	3.5780e-006	-1.8773e+013	-1.8549e+013	1.8549e+013	5.2500e-015
1.660e+000	3.6286e-006	-1.8999e+013	-1.8773e+013	1.8773e+013	5.2500e-015
1.670e+000	3.6765e-006	-1.9229e+013	-1.8999e+013	1.8999e+013	5.2500e-015
1.680e+000	3.7222e-006	-1.9461e+013	-1.9229e+013	1.9229e+013	5.2500e-015
1.690e+000	3.7657e-006	-1.9696e+013	-1.9461e+013	1.9461e+013	5.2500e-015
1.700e+000	3.8073e-006	-1.9934e+013	-1.9696e+013	1.9696e+013	5.2500e-015
1.710e+000	3.8471e-006	-2.0174e+013	-1.9934e+013	1.9934e+013	5.2500e-015
1.720e+000	3.8765e-006	-2.0416e+013	-2.0174e+013	2.0174e+013	5.2500e-015
1.730e+000	3.8759e-006	-2.0658e+013	-2.0416e+013	2.0416e+013	5.2500e-015
1.740e+000	3.9057e-006	-2.0901e+013	-2.0658e+013	2.0658e+013	5.2500e-015
1.750e+000	3.9342e-006	-2.1147e+013	-2.0901e+013	2.0901e+013	5.2500e-015
1.760e+000	3.9616e-006	-2.1394e+013	-2.1147e+013	2.1147e+013	5.2500e-015
1.770e+000	3.9878e-006	-2.1643e+013	-2.1394e+013	2.1394e+013	5.2500e-015
1.780e+000	4.0130e-006	-2.1894e+013	-2.1643e+013	2.1643e+013	5.2500e-015
1.790e+000	4.0373e-006	-2.2146e+013	-2.1894e+013	2.1894e+013	5.2500e-015
1.800e+000	4.0607e-006	-2.2399e+013	-2.2146e+013	2.2146e+013	5.2500e-015
1.810e+000	4.0832e-006	-2.2654e+013	-2.2399e+013	2.2399e+013	5.2500e-015
1.820e+000	4.1051e-006	-2.2910e+013	-2.2654e+013	2.2654e+013	5.2500e-015
1.830e+000	4.1261e-006	-2.3168e+013	-2.2910e+013	2.2910e+013	5.2500e-015
1.840e+000	4.1466e-006	-2.3426e+013	-2.3168e+013	2.3168e+013	5.2500e-015
1.850e+000	4.1664e-006	-2.3687e+013	-2.3426e+013	2.3426e+013	5.2500e-015
1.860e+000	4.1856e-006	-2.3948e+013	-2.3687e+013	2.3686e+013	5.2500e-015
1.870e+000	4.2042e-006	-2.4210e+013	-2.3948e+013	2.3948e+013	5.2500e-015
1.880e+000	4.2223e-006	-2.4474e+013	-2.4210e+013	2.4210e+013	5.2500e-015
1.890e+000	4.2399e-006	-2.4738e+013	-2.4474e+013	2.4474e+013	5.2500e-015
1.900e+000	4.2571e-006	-2.5004e+013	-2.4738e+013	2.4738e+013	5.2500e-015
1.910e+000	4.2738e-006	-2.5271e+013	-2.5004e+013	2.5004e+013	5.2500e-015
1.920e+000	4.2900e-006	-2.5539e+013	-2.5271e+013	2.5271e+013	5.2500e-015
1.930e+000	4.3059e-006	-2.5807e+013	-2.5539e+013	2.5539e+013	5.2500e-015
1.940e+000	4.3214e-006	-2.6077e+013	-2.5807e+013	2.5807e+013	5.2500e-015
1.950e+000	4.3365e-006	-2.6348e+013	-2.6077e+013	2.6077e+013	5.2500e-015
1.960e+000	4.3513e-006	-2.6619e+013	-2.6348e+013	2.6348e+013	5.2500e-015
1.970e+000	4.3657e-006	-2.6892e+013	-2.6619e+013	2.6619e+013	5.2500e-015
1.980e+000	4.3798e-006	-2.7165e+013	-2.6892e+013	2.6892e+013	5.2500e-015
1.990e+000	4.3936e-006	-2.7439e+013	-2.7165e+013	2.7165e+013	5.2500e-015
2.000e+000	4.4072e-006	-2.7714e+013	-2.7439e+013	2.7439e+013	5.2500e-015
2.010e+000	4.4177e-006	-2.7990e+013	-2.7714e+013	2.7714e+013	5.2500e-015
2.020e+000	4.4238e-006	-2.8266e+013	-2.7990e+013	2.7990e+013	5.2500e-015
2.030e+000	4.4360e-006	-2.8543e+013	-2.8266e+013	2.8266e+013	5.2500e-015
2.040e+000	4.4480e-006	-2.8821e+013	-2.8543e+013	2.8543e+013	5.2500e-015
2.050e+000	4.4598e-006	-2.9099e+013	-2.8821e+013	2.8821e+013	5.2500e-015
2.060e+000	4.4713e-006	-2.9378e+013	-2.9099e+013	2.9099e+013	5.2500e-015
2.070e+000	4.4827e-006	-2.9658e+013	-2.9378e+013	2.9378e+013	5.2500e-015
2.080e+000	4.4938e-006	-2.9938e+013	-2.9658e+013	2.9658e+013	5.2500e-015
2.090e+000	4.5047e-006	-3.0220e+013	-2.9938e+013	2.9938e+013	5.2500e-015
2.100e+000	4.5154e-006	-3.0501e+013	-3.0220e+013	3.0220e+013	5.2500e-015
2.110e+000	4.5260e-006	-3.0784e+013	-3.0501e+013	3.0501e+013	5.2500e-015
2.120e+000	4.5363e-006	-3.1067e+013	-3.0784e+013	3.0784e+013	5.2500e-015
2.130e+000	4.5465e-006	-3.1351e+013	-3.1067e+013	3.1067e+013	5.2500e-015
2.140e+000	4.5566e-006	-3.1635e+013	-3.1351e+013	3.1351e+013	5.2500e-015
2.150e+000	4.5664e-006	-3.1920e+013	-3.1635e+013	3.1635e+013	5.2500e-015
2.160e+000	4.5761e-006	-3.2206e+013	-3.1920e+013	3.1920e+013	5.2500e-015
2.170e+000	4.5857e-006	-3.2492e+013	-3.2206e+013	3.2206e+013	5.2500e-015
2.180e+000	4.5951e-006	-3.2779e+013	-3.2492e+013	3.2492e+013	5.2500e-015
2.190e+000	4.6043e-006	-3.3066e+013	-3.2779e+013	3.2779e+013	5.2500e-015
2.200e+000	4.6135e-006	-3.3354e+013	-3.3066e+013	3.3066e+013	5.2500e-015
2.210e+000	4.6224e-006	-3.3643e+013	-3.3354e+013	3.3354e+013	5.2500e-015
2.220e+000	4.6313e-006	-3.3932e+013	-3.3643e+013	3.3643e+013	5.2500e-015
2.230e+000	4.6400e-006	-3.4221e+013	-3.3932e+013	3.3932e+013	5.2500e-015
2.240e+000	4.6486e-006	-3.4512e+013	-3.4221e+013	3.4221e+013	5.2500e-015
2.250e+000	4.6571e-006	-3.4802e+013	-3.4512e+013	3.4512e+013	5.2500e-015
2.260e+000	4.6655e-006	-3.5093e+013	-3.4802e+013	3.4802e+013	5.2500e-015
2.270e+000	4.6737e-006	-3.5385e+013	-3.5093e+013	3.5093e+013	5.2500e-015
2.280e+000	4.6819e-006	-3.5677e+013	-3.5385e+013	3.5385e+013	5.2500e-015
2.290e+000	4.6899e-006	-3.5970e+013	-3.5677e+013	3.5677e+013	5.2500e-015
2.300e+000	4.6979e-006	-3.6263e+013	-3.5970e+013	3.5970e+013	5.2500e-015
2.310e+000	4.7057e-006	-3.6557e+013	-3.6263e+013	3.6263e+013	5.2500e-015
2.320e+000	4.7134e-006	-3.6851e+013	-3.6557e+013	3.6557e+013	5.2500e-015
2.330e+000	4.7210e-006	-3.7146e+013	-3.6851e+013	3.6851e+013	5.2500e-015
2.340e+000	4.7286e-006	-3.7441e+013	-3.7146e+013	3.7146e+013	5.2500e-015
2.350e+000	4.7360e-006	-3.7737e+013	-3.7441e+013	3.7441e+013	5.2500e-015
2.360e+000	4.7434e-006	-3.8033e+013	-3.7737e+013	3.7737e+013	5.2500e-015
2.370e+000	4.7507e-006	-3.8329e+013	-3.8033e+013	3.8033e+013	5.2500e-015
2.380e+000	4.7578e-006	-3.8626e+013	-3.8329e+013	3.8329e+013	5.2500e-015
2.390e+000	4.7649e-006	-3.8924e+013	-3.8626e+013	3.8626e+013	5.2500e-015
2.400e+000	4.7720e-006	-3.9221e+013	-3.8924e+013	3.8923e+013	5.2500e-015
2.410e+000	4.7789e-006	-3.9520e+013	-3.9221e+013	3.9221e+013	5.2500e-015
2.420e+000	4.7857e-006	-3.9818e+013	-3.9520e+013	3.9520e+013	5.2500e-015
2.430e+000	4.7925e-006	-4.0117e+013	-3.9818e+013	3.9818e+013	5.2500e-015
2.440e+000	4.7992e-006	-4.0417e+013	-4.0117e+013	4.0117e+013	5.2500e-015
2.450e+000	4.8059e-006	-4.0717e+013	-4.0417e+013	4.0417e+013	5.2500e-015
2.460e+000	4.8124e-006	-4.1017e+013	-4.0717e+013	4.0717e+013	5.2500e-015
2.470e+000	4.8189e-006	-4.1318e+013	-4.1017e+013	4.1017e+013	5.2500e-015
2.480e+000	4.8253e-006	-4.1619e+013	-4.1318e+013	4.1318e+013	5.2500e-015
2.490e+000	4.8317e-006	-4.1921e+013	-4.1619e+013	4.1619e+013	5.2500e-015
2.500e+000	4.8380e-006	-4.2223e+013	-4.1921e+013	4.1921e+013	5.2500e-015
2.510e+000	4.8442e-006	-4.2525e+013	-4.2223e+013	4.2223e+013	5.2500e-015
2.520e+000	4.8504e-006	-4.2828e+013	-4.2525e+013	4.2525e+013	5.2500e-015
2.530e+000	4.8565e-006	-4.3131e+013	-4.2828e+013	4.2828e+013	5.2500e-015
2.540e+000	4.8625e-006	-4.3434e+013	-4.3131e+013	4.3131e+013	5.2500e-015
2.550e+000	4.8685e-006	-4.3738e+013	-4.3434e+013	4.3434e+013	5.2500e-015
2.560e+000	4.8744e-006	-4.4043e+013	-4.3738e+013	4.3738e+013	5.2500e-015
2.570e+000	4.8803e-006	-4.4347e+013	-4.4043e+013	4.4043e+013	5.2500e-015
2.580e+000	4.8861e-006	-4.4652e+013	-4.4347e+013	4.4347e+013	5.2500e-015
2.590e+000	4.8918e-006	-4.4957e+013	-4.4652e+013	4.4652e+013	5.2500e-015
2.600e+000	4.8975e-006	-4.5263e+013	-4.4957e+013	4.4957e+013	5.2500e-015
2.610e+000	4.9032e-006	-4.5569e+013	-4.5263e+013	4.5263e+013	5.2500e-015
2.620e+000	4.9088e-006	-4.5876e+013	-4.5569e+013	4.5569e+013	5.2500e-015
2.630e+000	4.9143e-006	-4.6182e+013	-4.5876e+013	4.5876e+013	5.2500e-015
2.640e+000	4.9198e-006	-4.6489e+013	-4.6182e+013	4.6182e+013	5.2500e-015
2.650e+000	4.9252e-006	-4.6797e+013	-4.6489e+013	4.6489e+013	5.2500e-015
2.660e+000	4.9306e-006	-4.7105e+013	-4.6797e+013	4.6797e+013	5.2500e-015
2.670e+000	4.9360e-006	-4.7413e+013	-4.7105e+013	4.7104e+013	5.2500e-015
2.680e+000	4.9400e-006	-4.7721e+013	-4.7413e+013	4.7413e+013	5.2500e-015
2.690e+000	4.9449e-006	-4.8030e+013	-4.7721e+013	4.7721e+013	5.2500e-015
2.700e+000	4.9501e-006	-4.8339e+013	-4.8030e+013	4.8030e+013	5.2500e-015
2.710e+000	4.9553e-006	-4.8648e+013	-4.8339e+013	4.8338e+013	5.2500e-015
2.720e+000	4.9604e-006	-4.8957e+013	-4.8648e+013	4.8648e+013	5.2500e-015
2.730e+000	4.9654e-006	-4.9267e+013	-4.8957e+013	4.8957e+013	5.2500e-015
2.740e+000	4.9704e-006	-4.9578e+013	-4.9267e+013	4.9267e+013	5.2500e-015
2.750e+000	4.9754e-006	-4.9888e+013	-4.9578e+013	4.9578e+013	5.2500e-015
2.760e+000	4.9803e-006	-5.0199e+013	-4.9888e+013	4.9888e+013	5.2500e-015
2.770e+000	4.9852e-006	-5.0510e+013	-5.0199e+013	5.0199e+013	5.2500e-015
2.780e+000	4.9900e-006	-5.0822e+013	-5.0510e+013	5.0510e+013	5.2500e-015
2.790e+000	4.9948e-006	-5.1133e+013	-5.0822e+013	5.0822e+013	5.2500e-015
2.800e+000	4.9996e-006	-5.1445e+013	-5.1133e+013	5.1133e+013	5.2500e-015
2.810e+000	5.0043e-006	-5.1758e+013	-5.1445e+013	5.1445e+013	5.2500e-015
2.820e+000	5.0090e-006	-5.2070e+013	-5.1758e+013	5.1758e+013	5.2500e-015
2.830e+000	5.0137e-006	-5.2383e+013	-5.2070e+013	5.2070e+013	5.2500e-015
2.840e+000	5.0183e-006	-5.2696e+013	-5.2383e+013	5.2383e+013	5.2500e-015
2.850e+000	5.0229e-006	-5.3010e+013	-5.2696e+013	5.2696e+013	5.2500e-015
2.860e+000	5.0274e-006	-5.3324e+013	-5.3010e+013	5.3010e+013	5.2500e-015
2.870e+000	5.0320e-006	-5.3638e+013	-5.3324e+013	5.3324e+013	5.2500e-015
2.880e+000	5.0364e-006	-5.3952e+013	-5.3638e+013	5.3638e+013	5.2500e-015
2.890e+000	5.0409e-006	-5.4267e+013	-5.3952e+013	5.3952e+013	5.2500e-015
2.900e+000	5.0453e-006	-5.4582e+013	-5.4267e+013	5.4267e+013	5.2500e-015
2.910e+000	5.0497e-006	-5.4897e+013	-5.4582e+013	5.4582e+013	5.2500e-015
2.920e+000	5.0540e-006	-5.5212e+013	-5.4897e+013	5.4897e+013	5.2500e-015
2.930e+000	5.0583e-006	-5.5528e+013	-5.5212e+013	5.5212e+013	5.2500e-015
2.940e+000	5.0626e-006	-5.5844e+013	-5.5528e+013	5.5528e+013	5.2500e-015
2.950e+000	5.0669e-006	-5.6160e+013	-5.5844e+013	5.5844e+013	5.2500e-015
2.960e+000	5.0711e-006	-5.6477e+013	-5.6160e+013	5.6160e+013	5.2500e-015
2.970e+000	5.0753e-006	-5.6794e+013	-5.6477e+013	5.6477e+013	5.2500e-015
2.980e+000	5.0795e-006	-5.7111e+013	-5.6794e+013	5.6794e+013	5.2500e-015
2.990e+000	5.0836e-006	-5.7428e+013	-5.7111e+013	5.7111e+013	5.2500e-015
3.000e+000	5.0877e-006	-5.7745e+013	-5.7428e+013	5.7428e+013	5.2500e-015
3.010e+000	5.0918e-006	-5.8063e+013	-5.7745e+013	5.7745e+013	5.2500e-015
3.020e+000	5.0959e-006	-5.8381e+013	-5.8063e+013	5.8063e+013	5.2500e-015
3.030e+000	5.0999e-006	-5.8700e+013	-5.8381e+013	5.8381e+013	5.2500e-015
3.040e+000	5.1039e-006	-5.9018e+013	-5.8700e+013	5.8700e+013	5.2500e-015
3.050e+000	5.1079e-006	-5.9337e+013	-5.9018e+013	5.9018e+013	5.2500e-015
3.060e+000	5.1118e-006	-5.9656e+013	-5.9337e+013	5.9337e+013	5.2500e-015
3.070e+000	5.1157e-006	-5.9975e+013	-5.9656e+013	5.9656e+013	5.2500e-015
3.080e+000	5.1196e-006	-6.0295e+013	-5.9975e+013	5.9975e+013	5.2500e-015
3.090e+000	5.1235e-006	-6.0615e+013	-6.0295e+013	6.0295e+013	5.2500e-015
3.100e+000	5.1273e-006	-6.0935e+013	-6.0615e+013	6.0615e+013	5.2500e-015
3.110e+000	5.1311e-006	-6.1255e+013	-6.0935e+013	6.0935e+013	5.2500e-015
3.120e+000	5.1349e-006	-6.1575e+013	-6.1255e+013	6.1255e+013	5.2500e-015
3.130e+000	5.1387e-006	-6.1896e+013	-6.1575e+013	6.1575e+013	5.2500e-015
3.140e+000	5.1425e-006	-6.2217e+013	-6.1896e+013	6.1896e+013	5.2500e-015
3.150e+000	5.1462e-006	-6.2538e+013	-6.2217e+013	6.2217e+013	5.2500e-015
3.160e+000	5.1499e-006	-6.2860e+013	-6.2538e+013	6.2538e+013	5.2500e-015
3.170e+000	5.1535e-006	-6.3181e+013	-6.2860e+013	6.2860e+013	5.2500e-015
3.180e+000	5.1572e-006	-6.3503e+013	-6.3181e+013	6.3181e+013	5.2500e-015
3.190e+000	5.1608e-006	-6.3825e+013	-6.3503e+013	6.3503e+013	5.2500e-015
3.200e+000	5.1644e-006	-6.4148e+013	-6.3825e+013	6.3825e+013	5.2500e-015
3.210e+000	5.1680e-006	-6.4470e+013	-6.4148e+013	6.4148e+013	5.2500e-015
3.220e+000	5.1716e-006	-6.4793e+013	-6.4470e+013	6.4470e+013	5.2500e-015
3.230e+000	5.1751e-006	-6.5116e+013	-6.4793e+013	6.4793e+013	5.2500e-015
3.240e+000	5.1786e-006	-6.5439e+013	-6.5116e+013	6.5116e+013	5.2500e-015
3.250e+000	5.1821e-006	-6.5763e+013	-6.5439e+013	6.5439e+013	5.2500e-015
3.260e+000	5.1856e-006	-6.6086e+013	-6.5763e+013	6.5763e+013	5.2500e-015
3.270e+000	5.1891e-006	-6.6410e+013	-6.6086e+013	6.6086e+013	5.2500e-015
3.280e+000	5.1925e-006	-6.6734e+013	-6.6410e+013	6.6410e+013	5.2500e-015
3.290e+000	5.1959e-006	-6.7059e+013	-6.6734e+013	6.6734e+013	5.2500e-015
3.300e+000	5.1993e-006	-6.7383e+013	-6.7059e+013	6.7059e+013	5.2500e-015
3.310e+000	5.2027e-006	-6.7708e+013	-6.7383e+013	6.7383e+013	5.2500e-015
3.320e+000	5.2061e-006	-6.8033e+013	-6.7708e+013	6.7708e+013	5.2500e-015
3.330e+000	5.2094e-006	-6.8358e+013	-6.8033e+013	6.8033e+013	5.2500e-015
3.340e+000	5.2127e-006	-6.8683e+013	-6.8358e+013	6.8358e+013	5.2500e-015
3.350e+000	5.2160e-006	-6.9009e+013	-6.8683e+013	6.8683e+013	5.2500e-015
3.360e+000	5.2193e-006	-6.9335e+013	-6.9009e+013	6.9009e+013	5.2500e-015
3.370e+000	5.2226e-006	-6.9661e+013	-6.9335e+013	6.9335e+013	5.2500e-015
3.380e+000	5.2258e-006	-6.9987e+013	-6.9661e+013	6.9661e+013	5.2500e-015
3.390e+000	5.2291e-006	-7.0313e+013	-6.9987e+013	6.9987e+013	5.2500e-015
3.400e+000	5.2323e-006	-7.0640e+013	-7.0313e+013	7.0313e+013	5.2500e-015
3.410e+000	5.2355e-006	-7.0967e+013	-7.0640e+013	7.0640e+013	5.2500e-015
3.420e+000	5.2386e-006	-7.1294e+013	-7.0967e+013	7.0967e+013	5.2500e-015
3.430e+000	5.2418e-006	-7.1621e+013	-7.1294e+013	7.1294e+013	5.2500e-015
3.440e+000	5.2449e-006	-7.1948e+013	-7.1621e+013	7.1621e+013	5.2500e-015
3.450e+000	5.2481e-006	-7.2276e+013	-7.1948e+013	7.1948e+013	5.2500e-015
3.460e+000	5.2512e-006	-7.2603e+013	-7.2276e+013	7.2276e+013	5.2500e-015
3.470e+000	5.2543e-006	-7.2931e+013	-7.2603e+013	7.2603e+013	5.2500e-015
3.480e+000	5.2573e-006	-7.3259e+013	-7.2931e+013	7.2931e+013	5.2500e-015
3.490e+000	5.2604e-006	-7.3588e+013	-7.3259e+013	7.3259e+013	5.2500e-015
3.500e+000	5.2634e-006	-7.3916e+013	-7.3588e+013	7.3588e+013	5.2500e-015
3.510e+000	5.2665e-006	-7.4245e+013	-7.3916e+013	7.3916e+013	5.2500e-015
3.520e+000	5.2695e-006	-7.4574e+013	-7.4245e+013	7.4245e+013	5.2500e-015
3.530e+000	5.2725e-006	-7.4903e+013	-7.4574e+013	7.4574e+013	5.2500e-015
3.540e+000	5.2755e-006	-7.5232e+013	-7.4903e+013	7.4903e+013	5.2500e-015
3.550e+000	5.2784e-006	-7.5562e+013	-7.5232e+013	7.5232e+013	5.2500e-015
3.560e+000	5.2814e-006	-7.5891e+013	-7.5562e+013	7.5562e+013	5.2500e-015
3.570e+000	5.2843e-006	-7.6221e+013	-7.5891e+013	7.5891e+013	5.2500e-015
3.580e+000	5.2872e-006	-7.6551e+013	-7.6221e+013	7.6221e+013	5.2500e-015
3.590e+000	5.2901e-006	-7.6881e+013	-7.6551e+013	7.6551e+013	5.2500e-015
3.600e+000	5.2930e-006	-7.7212e+013	-7.6881e+013	7.6881e+013	5.2500e-015
3.610e+000	5.2959e-006	-7.7542e+013	-7.7212e+013	7.7212e+013	5.2500e-015
3.620e+000	5.2988e-006	-7.7873e+013	-7.7542e+013	7.7542e+013	5.2500e-015
3.630e+000	5.3016e-006	-7.8204e+013	-7.7873e+013	7.7873e+013	5.2500e-015
3.640e+000	5.3045e-006	-7.8535e+013	-7.8204e+013	7.8204e+013	5.2500e-015
3.650e+000	5.3073e-006	-7.8866e+013	-7.8535e+013	7.8535e+013	5.2500e-015
3.660e+000	5.3101e-006	-7.9198e+013	-7.8866e+013	7.8866e+013	5.2500e-015
3.670e+000	5.3129e-006	-7.9529e+013	-7.9198e+013	7.9198e+013	5.2500e-015
3.680e+000	5.3157e-006	-7.9861e+013	-7.9529e+013	7.9529e+013	5.2500e-015
3.690e+000	5.3184e-006	-8.0193e+013	-7.9861e+013	7.9861e+013	5.2500e-015
3.700e+000	5.3212e-006	-8.0525e+013	-8.0193e+013	8.0193e+013	5.2500e-015
3.710e+000	5.3239e-006	-8.0857e+013	-8.0525e+013	8.0525e+013	5.2500e-015
3.720e+000	5.3266e-006	-8.1190e+013	-8.0857e+013	8.0857e+013	5.2500e-015
3.730e+000	5.3294e-006	-8.1522e+013	-8.1190e+013	8.1190e+013	5.2500e-015
3.740e+000	5.3321e-006	-8.1855e+013	-8.1522e+013	8.1522e+013	5.2500e-015
3.750e+000	5.3347e-006	-8.2188e+013	-8.1855e+013	8.1855e+013	5.2500e-015
3.760e+000	5.3374e-006	-8.2521e+013	-8.2188e+013	8.2188e+013	5.2500e-015
3.770e+000	5.3401e-006	-8.2855e+013	-8.2521e+013	8.2521e+013	5.2500e-015
3.780e+000	5.3427e-006	-8.3188e+013	-8.2855e+013	8.2855e+013	5.2500e-015
3.790e+000	5.3454e-006	-8.3522e+013	-8.3188e+013	8.3188e+013	5.2500e-015
3.800e+000	5.3480e-006	-8.3856e+013	-8.3522e+013	8.3522e+013	5.2500e-015
3.810e+000	5.3506e-006	-8.4190e+013	-8.3856e+013	8.3856e+013	5.2500e-015
3.820e+000	5.3532e-006	-8.4524e+013	-8.4190e+013	8.4190e+013	5.2500e-015
3.830e+000	5.3558e-006	-8.4858e+013	-8.4524e+013	8.4524e+013	5.2500e-015
3.840e+000	5.3584e-006	-8.5192e+013	-8.4858e+013	8.4858e+013	5.2500e-015
3.850e+000	5.3610e-006	-8.5527e+013	-8.5192e+013	8.5192e+013	5.2500e-015
3.860e+000	5.3635e-006	-8.5862e+013	-8.5527e+013	8.5527e+013	5.2500e-015
3.870e+000	5.3661e-006	-8.6197e+013	-8.5862e+013	8.5862e+013	5.2500e-015
3.880e+000	5.3686e-006	-8.6532e+013	-8.6197e+013	8.6197e+013	5.2500e-015
3.890e+000	5.3711e-006	-8.6867e+013	-8.6532e+013	8.6532e+013	5.2500e-015
3.900e+000	5.3736e-006	-8.7202e+013	-8.6867e+013	8.6867e+013	5.2500e-015
3.910e+000	5.3761e-006	-8.7538e+013	-8.7202e+013	8.7202e+013	5.2500e-015
3.920e+000	5.3786e-006	-8.7874e+013	-8.7538e+013	8.7538e+013	5.2500e-015
3.930e+000	5.3811e-006	-8.8210e+013	-8.7874e+013	8.7874e+013	5.2500e-015
3.940e+000	5.3836e-006	-8.8546e+013	-8.8210e+013	8.8209e+013	5.2500e-015
3.950e+000	5.3860e-006	-8.8882e+013	-8.8546e+013	8.8545e+013	5.2500e-015
3.960e+000	5.3885e-006	-8.9218e+013	-8.8882e+013	8.8882e+013	5.2500e-015
3.970e+000	5.3909e-006	-8.9554e+013	-8.9218e+013	8.9218e+013	5.2500e-015
3.980e+000	5.3933e-006	-8.9891e+013	-8.9554e+013	8.9554e+013	5.2500e-015
3.990e+000	5.3957e-006	-9.0228e+013	-8.9891e+013	8.9891e+013	5.2500e-015
4.000e+000	5.3982e-006	-9.0565e+013	-9.0228e+013	9.0228e+013	5.2500e-015
4.010e+000	5.4005e-006	-9.0902e+013	-9.0565e+013	9.0565e+013	5.2500e-015
4.020e+000	5.4029e-006	-9.1239e+013	-9.0902e+013	9.0902e+013	5.2500e-015
4.030e+000	5.4053e-006	-9.1576e+013	-9.1239e+013	9.1239e+013	5.2500e-015
4.040e+000	5.4077e-006	-9.1914e+013	-9.1576e+013	9.1576e+013	5.2500e-015
4.050e+000	5.4100e-006	-9.2252e+013	-9.1914e+013	9.1914e+013	5.2500e-015
4.060e+000	5.4124e-006	-9.2589e+013	-9.2252e+013	9.2252e+013	5.2500e-015
4.070e+000	5.4147e-006	-9.2927e+013	-9.2589e+013	9.2589e+013	5.2500e-015
4.080e+000	5.4170e-006	-9.3266e+013	-9.2927e+013	9.2927e+013	5.2500e-015
4.090e+000	5.4194e-006	-9.3604e+013	-9.3266e+013	9.3266e+013	5.2500e-015
4.100e+000	5.4217e-006	-9.3942e+013	-9.3604e+013	9.3604e+013	5.2500e-015
4.110e+000	5.4240e-006	-9.4281e+013	-9.3942e+013	9.3942e+013	5.2500e-015
4.120e+000	5.4262e-006	-9.4619e+013	-9.4281e+013	9.4281e+013	5.2500e-015
4.130e+000	5.4285e-006	-9.4958e+013	-9.4619e+013	9.4619e+013	5.2500e-015
4.140e+000	5.4308e-006	-9.5297e+013	-9.4958e+013	9.4958e+013	5.2500e-015
4.150e+000	5.4331e-006	-9.5636e+013	-9.5297e+013	9.5297e+013	5.2500e-015
4.160e+000	5.4353e-006	-9.5976e+013	-9.5636e+013	9.5636e+013	5.2500e-015
4.170e+000	5.4376e-006	-9.6315e+013	-9.5976e+013	9.5975e+013	5.2500e-015
4.180e+000	5.4398e-006	-9.6654e+013	-9.6315e+013	9.6315e+013	5.2500e-015
4.190e+000	5.4420e-006	-9.6994e+013	-9.6654e+013	9.6654e+013	5.2500e-015
4.200e+000	5.4442e-006	-9.7334e+013	-9.6994e+013	9.6994e+013	5.2500e-015
4.210e+000	5.4464e-006	-9.7674e+013	-9.7334e+013	9.7334e+013	5.2500e-015
4.220e+000	5.4486e-006	-9.8014e+013	-9.7674e+013	9.7674e+013	5.2500e-015
4.230e+000	5.4508e-006	-9.8354e+013	-9.8014e+013	9.8014e+013	5.2500e-015
4.240e+000	5.4530e-006	-9.8694e+013	-9.8354e+013	9.8354e+013	5.2500e-015
4.250e+000	5.4552e-006	-9.9035e+013	-9.8694e+013	9.8694e+013	5.2500e-015
4.260e+000	5.4573e-006	-9.9376e+013	-9.9035e+013	9.9035e+013	5.2500e-015
4.270e+000	5.4595e-006	-9.9716e+013	-9.9376e+013	9.9376e+013	5.2500e-015
4.280e+000	5.4617e-006	-1.0006e+014	-9.9716e+013	9.9716e+013	5.2500e-015
4.290e+000	5.4638e-006	-1.0040e+014	-1.0006e+014	1.0006e+014	5.2500e-015
4.300e+000	5.4659e-006	-1.0074e+014	-1.0040e+014	1.0040e+014	5.2500e-015
4.310e+000	5.4681e-006	-1.0108e+014	-1.0074e+014	1.0074e+014	5.2500e-015
4.320e+000	5.4702e-006	-1.0142e+014	-1.0108e+014	1.0108e+014	5.2500e-015
4.330e+000	5.4723e-006	-1.0176e+014	-1.0142e+014	1.0142e+014	5.2500e-015
4.340e+000	5.4744e-006	-1.0211e+014	-1.0176e+014	1.0176e+014	5.2500e-015
4.350e+000	5.4765e-006	-1.0245e+014	-1.0211e+014	1.0211e+014	5.2500e-015
4.360e+000	5.4786e-006	-1.0279e+014	-1.0245e+014	1.0245e+014	5.2500e-015
4.370e+000	5.4806e-006	-1.0313e+014	-1.0279e+014	1.0279e+014	5.2500e-015
4.380e+000	5.4827e-006	-1.0347e+014	-1.0313e+014	1.0313e+014	5.2500e-015
4.390e+000	5.4848e-006	-1.0382e+014	-1.0347e+014	1.0347e+014	5.2500e-015
4.400e+000	5.4868e-006	-1.0416e+014	-1.0382e+014	1.0382e+014	5.2500e-015
4.410e+000	5.4889e-006	-1.0450e+014	-1.0416e+014	1.0416e+014	5.2500e-015
4.420e+000	5.4909e-006	-1.0484e+014	-1.0450e+014	1.0450e+014	5.2500e-015
4.430e+000	5.4929e-006	-1.0519e+014	-1.0484e+014	1.0484e+014	5.2500e-015
4.440e+000	5.4950e-006	-1.0553e+014	-1.0519e+014	1.0519e+014	5.2500e-015
4.450e+000	5.4970e-006	-1.0587e+014	-1.0553e+014	1.0553e+014	5.2500e-015
4.460e+000	5.4990e-006	-1.0622e+014	-1.0587e+014	1.0587e+014	5.2500e-015
4.470e+000	5.5010e-006	-1.0656e+014	-1.0622e+014	1.0622e+014	5.2500e-015
4.480e+000	5.5029e-006	-1.0690e+014	-1.0656e+014	1.0656e+014	5.2500e-015
4.490e+000	5.5048e-006	-1.0725e+014	-1.0690e+014	1.0690e+014	5.2500e-015
4.500e+000	5.5068e-006	-1.0759e+014	-1.0725e+014	1.0725e+014	5.2500e-015
4.510e+000	5.5087e-006	-1.0793e+014	-1.0759e+014	1.0759e+014	5.2500e-015
4.520e+000	5.5107e-006	-1.0828e+014	-1.0793e+014	1.0793e+014	5.2500e-015
4.530e+000	5.5127e-006	-1.0862e+014	-1.0828e+014	1.0828e+014	5.2500e-015
4.540e+000	5.5146e-006	-1.0897e+014	-1.0862e+014	1.0862e+014	5.2500e-015
4.550e+000	5.5166e-006	-1.0931e+014	-1.0897e+014	1.0897e+014	5.2500e-015
4.560e+000	5.5185e-006	-1.0965e+014	-1.0931e+014	1.0931e+014	5.2500e-015
4.570e+000	5.5204e-006	-1.1000e+014	-1.0965e+014	1.0965e+014	5.2500e-015
4.580e+000	5.5224e-006	-1.1034e+014	-1.1000e+014	1.1000e+014	5.2500e-015
4.590e+000	5.5243e-006	-1.1069e+014	-1.1034e+014	1.1034e+014	5.2500e-015
4.600e+000	5.5262e-006	-1.1103e+014	-1.1069e+014	1.1069e+014	5.2500e-015
4.610e+000	5.5281e-006	-1.1138e+014	-1.1103e+014	1.1103e+014	5.2500e-015
4.620e+000	5.5300e-006	-1.1172e+014	-1.1138e+014	1.1138e+014	5.2500e-015
4.630e+000	5.5319e-006	-1.1207e+014	-1.1172e+014	1.1172e+014	5.2500e-015
4.640e+000	5.5338e-006	-1.1241e+014	-1.1207e+014	1.1207e+014	5.2500e-015
4.650e+000	5.5357e-006	-1.1276e+014	-1.1241e+014	1.1241e+014	5.2500e-015
4.660e+000	5.5375e-006	-1.1311e+014	-1.1276e+014	1.1276e+014	5.2500e-015
4.670e+000	5.5394e-006	-1.1345e+014	-1.1311e+014	1.1311e+014	5.2500e-015
4.680e+000	5.5413e-006	-1.1380e+014	-1.1345e+014	1.1345e+014	5.2500e-015
4.690e+000	5.5431e-006	-1.1414e+014	-1.1380e+014	1.1380e+014	5.2500e-015
4.700e+000	5.5450e-006	-1.1449e+014	-1.1414e+014	1.1414e+014	5.2500e-015
4.710e+000	5.5468e-006	-1.1484e+014	-1.1449e+014	1.1449e+014	5.2500e-015
4.720e+000	5.5487e-006	-1.1518e+014	-1.1484e+014	1.1484e+014	5.2500e-015
4.730e+000	5.5505e-006	-1.1553e+014	-1.1518e+014	1.1518e+014	5.2500e-015
4.740e+000	5.5523e-006	-1.1587e+014	-1.1553e+014	1.1553e+014	5.2500e-015
4.750e+000	5.5541e-006	-1.1622e+014	-1.1587e+014	1.1587e+014	5.2500e-015
4.760e+000	5.5559e-006	-1.1657e+014	-1.1622e+014	1.1622e+014	5.2500e-015
4.770e+000	5.5577e-006	-1.1691e+014	-1.1657e+014	1.1657e+014	5.2500e-015
4.780e+000	5.5595e-006	-1.1726e+014	-1.1691e+014	1.1691e+014	5.2500e-015
4.790e+000	5.5613e-006	-1.1761e+014	-1.1726e+014	1.1726e+014	5.2500e-015
4.800e+000	5.5631e-006	-1.1796e+014	-1.1761e+014	1.1761e+014	5.2500e-015
4.810e+000	5.5649e-006	-1.1830e+014	-1.1796e+014	1.1796e+014	5.2500e-015
4.820e+000	5.5667e-006	-1.1865e+014	-1.1830e+014	1.1830e+014	5.2500e-015
4.830e+000	5.5685e-006	-1.1900e+014	-1.1865e+014	1.1865e+014	5.2500e-015
4.840e+000	5.5702e-006	-1.1935e+014	-1.1900e+014	1.1900e+014	5.2500e-015
4.850e+000	5.5720e-006	-1.1969e+014	-1.1935e+014	1.1935e+014	5.2500e-015
4.860e+000	5.5737e-006	-1.2004e+014	-1.1969e+014	1.1969e+014	5.2500e-015
4.870e+000	5.5755e-006	-1.2039e+014	-1.2004e+014	1.2004e+014	5.2500e-015
4.880e+000	5.5772e-006	-1.2074e+014	-1.2039e+014	1.2039e+014	5.2500e-015
4.890e+000	5.5790e-006	-1.2109e+014	-1.2074e+014	1.2074e+014	5.2500e-015
4.900e+000	5.5807e-006	-1.2143e+014	-1.2109e+014	1.2109e+014	5.2500e-015
4.910e+000	5.5824e-006	-1.2178e+014	-1.2143e+014	1.2143e+014	5.2500e-015
4.920e+000	5.5841e-006	-1.2213e+014	-1.2178e+014	1.2178e+014	5.2500e-015
4.930e+000	5.5859e-006	-1.2248e+014	-1.2213e+014	1.2213e+014	5.2500e-015
4.940e+000	5.5876e-006	-1.2283e+014	-1.2248e+014	1.2248e+014	5.2500e-015
4.950e+000	5.5893e-006	-1.2318e+014	-1.2283e+014	1.2283e+014	5.2500e-015
4.960e+000	5.5910e-006	-1.2353e+014	-1.2318e+014	1.2318e+014	5.2500e-015
4.970e+000	5.5927e-006	-1.2388e+014	-1.2353e+014	1.2353e+014	5.2500e-015
4.980e+000	5.5944e-006	-1.2422e+014	-1.2388e+014	1.2388e+014	5.2500e-015
4.990e+000	5.5960e-006	-1.2457e+014	-1.2422e+014	1.2422e+014	5.2500e-015
5.000e+000	5.5977e-006	-1.2492e+014	-1.2457e+014	1.2457e+014	5.2500e-015
5.010e+000	5.5994e-006	-1.2527e+014	-1.2492e+014	1.2492e+014	5.2500e-015
5.020e+000	5.6011e-006	-1.2562e+014	-1.2527e+014	1.2527e+014	5.2500e-015
5.030e+000	5.6027e-006	-1.2597e+014	-1.2562e+014	1.2562e+014	5.2500e-015
5.040e+000	5.6044e-006	-1.2632e+014	-1.2597e+014	1.2597e+014	5.2500e-015
5.050e+000	5.6060e-006	-1.2667e+014	-1.2632e+014	1.2632e+014	5.2500e-015
5.060e+000	5.6077e-006	-1.2702e+014	-1.2667e+014	1.2667e+014	5.2500e-015
5.070e+000	5.6093e-006	-1.2737e+014	-1.2702e+014	1.2702e+014	5.2500e-015
5.080e+000	5.6110e-006	-1.2772e+014	-1.2737e+014	1.2737e+014	5.2500e-015
5.090e+000	5.6126e-006	-1.2807e+014	-1.2772e+014	1.2772e+014	5.2500e-015
5.100e+000	5.6142e-006	-1.2842e+014	-1.2807e+014	1.2807e+014	5.2500e-015
5.110e+000	5.6159e-006	-1.2877e+014	-1.2842e+014	1.2842e+014	5.2500e-015
5.120e+000	5.6175e-006	-1.2912e+014	-1.2877e+014	1.2877e+014	5.2500e-015
5.130e+000	5.6191e-006	-1.2947e+014	-1.2912e+014	1.2912e+014	5.2500e-015
5.140e+000	5.6207e-006	-1.2983e+014	-1.2947e+014	1.2947e+014	5.2500e-015
5.150e+000	5.6223e-006	-1.3018e+014	-1.2983e+014	1.2983e+014	5.2500e-015
5.160e+000	5.6239e-006	-1.3053e+014	-1.3018e+014	1.3018e+014	5.2500e-015
5.170e+000	5.6255e-006	-1.3088e+014	-1.3053e+014	1.3053e+014	5.2500e-015
5.180e+000	5.6271e-006	-1.3123e+014	-1.3088e+014	1.3088e+014	5.2500e-015
5.190e+000	5.6287e-006	-1.3158e+014	-1.3123e+014	1.3123e+014	5.2500e-015
5.200e+000	5.6303e-006	-1.3193e+014	-1.3158e+014	1.3158e+014	5.2500e-015
5.210e+000	5.6318e-006	-1.3228e+014	-1.3193e+014	1.3193e+014	5.2500e-015
5.220e+000	5.6334e-006	-1.3264e+014	-1.3228e+014	1.3228e+014	5.2500e-015
5.230e+000	5.6350e-006	-1.3299e+014	-1.3264e+014	1.3264e+014	5.2500e-015
5.240e+000	5.6365e-006	-1.3334e+014	-1.3299e+014	1.3299e+014	5.2500e-015
5.250e+000	5.6381e-006	-1.3369e+014	-1.3334e+014	1.3334e+014	5.2500e-015
5.260e+000	5.6397e-006	-1.3404e+014	-1.3369e+014	1.3369e+014	5.2500e-015
5.270e+000	5.6412e-006	-1.3440e+014	-1.3404e+014	1.3404e+014	5.2500e-015
5.280e+000	5.6427e-006	-1.3475e+014	-1.3440e+014	1.3440e+014	5.2500e-015
5.290e+000	5.6443e-006	-1.3510e+014	-1.3475e+014	1.3475e+014	5.2500e-015
5.300e+000	5.6458e-006	-1.3545e+014	-1.3510e+014	1.3510e+014	5.2500e-015
5.310e+000	5.6474e-006	-1.3580e+014	-1.3545e+014	1.3545e+014	5.2500e-015
5.320e+000	5.6489e-006	-1.3616e+014	-1.3580e+014	1.3580e+014	5.2500e-015
5.330e+000	5.6504e-006	-1.3651e+014	-1.3616e+014	1.3616e+014	5.2500e-015
5.340e+000	5.6519e-006	-1.3686e+014	-1.3651e+014	1.3651e+014	5.2500e-015
5.350e+000	5.6534e-006	-1.3722e+014	-1.3686e+014	1.3686e+014	5.2500e-015
5.360e+000	5.6550e-006	-1.3757e+014	-1.3722e+014	1.3722e+014	5.2500e-015
5.370e+000	5.6565e-006	-1.3792e+014	-1.3757e+014	1.3757e+014	5.2500e-015
5.380e+000	5.6580e-006	-1.3827e+014	-1.3792e+014	1.3792e+014	5.2500e-015
5.390e+000	5.6595e-006	-1.3863e+014	-1.3827e+014	1.3827e+014	5.2500e-015
5.400e+000	5.6610e-006	-1.3898e+014	-1.3863e+014	1.3863e+014	5.2500e-015
5.410e+000	5.6624e-006	-1.3933e+014	-1.3898e+014	1.3898e+014	5.2500e-015
5.420e+000	5.6639e-006	-1.3969e+014	-1.3933e+014	1.3933e+014	5.2500e-015
5.430e+000	5.6654e-006	-1.4004e+014	-1.3969e+014	1.3969e+014	5.2500e-015
5.440e+000	5.6669e-006	-1.4040e+014	-1.4004e+014	1.4004e+014	5.2500e-015
5.450e+000	5.6684e-006	-1.4075e+014	-1.4040e+014	1.4040e+014	5.2500e-015
5.460e+000	5.6698e-006	-1.4110e+014	-1.4075e+014	1.4075e+014	5.2500e-015
5.470e+000	5.6713e-006	-1.4146e+014	-1.4110e+014	1.4110e+014	5.2500e-015
5.480e+000	5.6728e-006	-1.4181e+014	-1.4146e+014	1.4146e+014	5.2500e-015
5.490e+000	5.6742e-006	-1.4217e+014	-1.4181e+014	1.4181e+014	5.2500e-015
5.500e+000	5.6757e-006	-1.4252e+014	-1.4217e+014	1.4217e+014	5.2500e-015
5.510e+000	5.6771e-006	-1.4287e+014	-1.4252e+014	1.4252e+014	5.2500e-015
5.520e+000	5.6786e-006	-1.4323e+014	-1.4287e+014	1.4287e+014	5.2500e-015
5.530e+000	5.6800e-006	-1.4358e+014	-1.4323e+014	1.4323e+014	5.2500e-015
5.540e+000	5.6814e-006	-1.4394e+014	-1.4358e+014	1.4358e+014	5.2500e-015
5.550e+000	5.6829e-006	-1.4429e+014	-1.4394e+014	1.4394e+014	5.2500e-015
5.560e+000	5.6843e-006	-1.4465e+014	-1.4429e+014	1.4429e+014	5.2500e-015
5.570e+000	5.6857e-006	-1.4500e+014	-1.4465e+014	1.4465e+014	5.2500e-015
5.580e+000	5.6872e-006	-1.4536e+014	-1.4500e+014	1.4500e+014	5.2500e-015
5.590e+000	5.6886e-006	-1.4571e+014	-1.4536e+014	1.4536e+014	5.2500e-015
5.600e+000	5.6900e-006	-1.4607e+014	-1.4571e+014	1.4571e+014	5.2500e-015
5.610e+000	5.6914e-006	-1.4642e+014	-1.4607e+014	1.4607e+014	5.2500e-015
5.620e+000	5.6928e-006	-1.4678e+014	-1.4642e+014	1.4642e+014	5.2500e-015
5.630e+000	5.6942e-006	-1.4713e+014	-1.4678e+014	1.4678e+014	5.2500e-015
5.640e+000	5.6956e-006	-1.4749e+014	-1.4713e+014	1.4713e+014	5.2500e-015
5.650e+000	5.6970e-006	-1.4784e+014	-1.4749e+014	1.4749e+014	5.2500e-015
5.660e+000	5.6984e-006	-1.4820e+014	-1.4784e+014	1.4784e+014	5.2500e-015
5.670e+000	5.6998e-006	-1.4856e+014	-1.4820e+014	1.4820e+014	5.2500e-015
5.680e+000	5.7012e-006	-1.4891e+014	-1.4856e+014	1.4856e+014	5.2500e-015
5.690e+000	5.7026e-006	-1.4927e+014	-1.4891e+014	1.4891e+014	5.2500e-015
5.700e+000	5.7039e-006	-1.4962e+014	-1.4927e+014	1.4927e+014	5.2500e-015
5.710e+000	5.7053e-006	-1.4998e+014	-1.4962e+014	1.4962e+014	5.2500e-015
5.720e+000	5.7067e-006	-1.5034e+014	-1.4998e+014	1.4998e+014	5.2500e-015
5.730e+000	5.7081e-006	-1.5069e+014	-1.5034e+014	1.5034e+014	5.2500e-015
5.740e+000	5.7094e-006	-1.5105e+014	-1.5069e+014	1.5069e+014	5.2500e-015
5.750e+000	5.7108e-006	-1.5140e+014	-1.5105e+014	1.5105e+014	5.2500e-015
5.760e+000	5.7121e-006	-1.5176e+014	-1.5140e+014	1.5140e+014	5.2500e-015
5.770e+000	5.7135e-006	-1.5212e+014	-1.5176e+014	1.5176e+014	5.2500e-015
5.780e+000	5.7148e-006	-1.5247e+014	-1.5212e+014	1.5212e+014	5.2500e-015
5.790e+000	5.7162e-006	-1.5283e+014	-1.5247e+014	1.5247e+014	5.2500e-015
5.800e+000	5.7175e-006	-1.5319e+014	-1.5283e+014	1.5283e+014	5.2500e-015
5.810e+000	5.7189e-006	-1.5355e+014	-1.5319e+014	1.5319e+014	5.2500e-015
5.820e+000	5.7202e-006	-1.5390e+014	-1.5355e+014	1.5354e+014	5.2500e-015
5.830e+000	5.7215e-006	-1.5426e+014	-1.5390e+014	1.5390e+014	5.2500e-015
5.840e+000	5.7229e-006	-1.5462e+014	-1.5426e+014	1.5426e+014	5.2500e-015
5.850e+000	5.7242e-006	-1.5497e+014	-1.5462e+014	1.5462e+014	5.2500e-015
5.860e+000	5.7255e-006	-1.5533e+014	-1.5497e+014	1.5497e+014	5.2500e-015
5.870e+000	5.7269e-006	-1.5569e+014	-1.5533e+014	1.5533e+014	5.2500e-015
5.880e+000	5.7282e-006	-1.5605e+014	-1.5569e+014	1.5569e+014	5.2500e-015
5.890e+000	5.7295e-006	-1.5640e+014	-1.5605e+014	1.5605e+014	5.2500e-015
5.900e+000	5.7308e-006	-1.5676e+014	-1.5640e+014	1.5640e+014	5.2500e-015
5.910e+000	5.7321e-006	-1.5712e+014	-1.5676e+014	1.5676e+014	5.2500e-015
5.920e+000	5.7334e-006	-1.5748e+014	-1.5712e+014	1.5712e+014	5.2500e-015
5.930e+000	5.7347e-006	-1.5783e+014	-1.5748e+014	1.5748e+014	5.2500e-015
5.940e+000	5.7360e-006	-1.5819e+014	-1.5783e+014	1.5783e+014	5.2500e-015
5.950e+000	5.7373e-006	-1.5855e+014	-1.5819e+014	1.5819e+014	5.2500e-015
5.960e+000	5.7386e-006	-1.5891e+014	-1.5855e+014	1.5855e+014	5.2500e-015
5.970e+000	5.7399e-006	-1.5927e+014	-1.5891e+014	1.5891e+014	5.2500e-015
5.980e+000	5.7412e-006	-1.5963e+014	-1.5927e+014	1.5927e+014	5.2500e-015
5.990e+000	5.7424e-006	-1.5998e+014	-1.5963e+014	1.5963e+014	5.2500e-015
6.000e+000	5.7437e-006	-1.6034e+014	-1.5998e+014	1.5998e+014	5.2500e-015
6.010e+000	5.7450e-006	-1.6070e+014	-1.6034e+014	1.6034e+014	5.2500e-015
6.020e+000	5.7463e-006	-1.6106e+014	-1.6070e+014	1.6070e+014	5.2500e-015
6.030e+000	5.7475e-006	-1.6142e+014	-1.6106e+014	1.6106e+014	5.2500e-015
6.040e+000	5.7488e-006	-1.6178e+014	-1.6142e+014	1.6142e+014	5.2500e-015
6.050e+000	5.7501e-006	-1.6214e+014	-1.6178e+014	1.6178e+014	5.2500e-015
6.060e+000	5.7513e-006	-1.6250e+014	-1.6214e+014	1.6214e+014	5.2500e-015
6.070e+000	5.7526e-006	-1.6285e+014	-1.6250e+014	1.6250e+014	5.2500e-015
6.080e+000	5.7538e-006	-1.6321e+014	-1.6285e+014	1.6285e+014	5.2500e-015
6.090e+000	5.7551e-006	-1.6357e+014	-1.6321e+014	1.6321e+014	5.2500e-015
6.100e+000	5.7563e-006	-1.6393e+014	-1.6357e+014	1.6357e+014	5.2500e-015
6.110e+000	5.7576e-006	-1.6429e+014	-1.6393e+014	1.6393e+014	5.2500e-015
6.120e+000	5.7588e-006	-1.6465e+014	-1.6429e+014	1.6429e+014	5.2500e-015
6.130e+000	5.7601e-006	-1.6501e+014	-1.6465e+014	1.6465e+014	5.2500e-015
6.140e+000	5.7613e-006	-1.6537e+014	-1.6501e+014	1.6501e+014	5.2500e-015
6.150e+000	5.7625e-006	-1.6573e+014	-1.6537e+014	1.6537e+014	5.2500e-015
6.160e+000	5.7638e-006	-1.6609e+014	-1.6573e+014	1.6573e+014	5.2500e-015
6.170e+000	5.7650e-006	-1.6645e+014	-1.6609e+014	1.6609e+014	5.2500e-015
6.180e+000	5.7662e-006	-1.6681e+014	-1.6645e+014	1.6645e+014	5.2500e-015
6.190e+000	5.7675e-006	-1.6717e+014	-1.6681e+014	1.6681e+014	5.2500e-015
6.200e+000	5.7687e-006	-1.6753e+014	-1.6717e+014	1.6717e+014	5.2500e-015
6.210e+000	5.7699e-006	-1.6789e+014	-1.6753e+014	1.6753e+014	5.2500e-015
6.220e+000	5.7711e-006	-1.6825e+014	-1.6789e+014	1.6789e+014	5.2500e-015
6.230e+000	5.7723e-006	-1.6861e+014	-1.6825e+014	1.6825e+014	5.2500e-015
6.240e+000	5.7735e-006	-1.6897e+014	-1.6861e+014	1.6861e+014	5.2500e-015
6.250e+000	5.7747e-006	-1.6933e+014	-1.6897e+014	1.6897e+014	5.2500e-015
6.260e+000	5.7759e-006	-1.6969e+014	-1.6933e+014	1.6933e+014	5.2500e-015
6.270e+000	5.7771e-006	-1.7005e+014	-1.6969e+014	1.6969e+014	5.2500e-015
6.280e+000	5.7783e-006	-1.7041e+014	-1.7005e+014	1.7005e+014	5.2500e-015
6.290e+000	5.7795e-006	-1.7077e+014	-1.7041e+014	1.7041e+014	5.2500e-015
6.300e+000	5.7807e-006	-1.7113e+014	-1.7077e+014	1.7077e+014	5.2500e-015
6.310e+000	5.7819e-006	-1.7149e+014	-1.7113e+014	1.7113e+014	5.2500e-015
6.320e+000	5.7831e-006	-1.7186e+014	-1.7149e+014	1.7149e+014	5.2500e-015
6.330e+000	5.7843e-006	-1.7222e+014	-1.7186e+014	1.7186e+014	5.2500e-015
6.340e+000	5.7855e-006	-1.7258e+014	-1.7222e+014	1.7222e+014	5.2500e-015
6.350e+000	5.7866e-006	-1.7294e+014	-1.7258e+014	1.7258e+014	5.2500e-015
6.360e+000	5.7878e-006	-1.7330e+014	-1.7294e+014	1.7294e+014	5.2500e-015
6.370e+000	5.7890e-006	-1.7366e+014	-1.7330e+014	1.7330e+014	5.2500e-015
6.380e+000	5.7902e-006	-1.7402e+014	-1.7366e+014	1.7366e+014	5.2500e-015
6.390e+000	5.7913e-006	-1.7438e+014	-1.7402e+014	1.7402e+014	5.2500e-015
6.400e+000	5.7925e-006	-1.7475e+014	-1.7438e+014	1.7438e+014	5.2500e-015
6.410e+000	5.7937e-006	-1.7511e+014	-1.7475e+014	1.7475e+014	5.2500e-015
6.420e+000	5.7948e-006	-1.7547e+014	-1.7511e+014	1.7511e+014	5.2500e-015
6.430e+000	5.7960e-006	-1.7583e+014	-1.7547e+014	1.7547e+014	5.2500e-015
6.440e+000	5.7971e-006	-1.7619e+014	-1.7583e+014	1.7583e+014	5.2500e-015
6.450e+000	5.7983e-006	-1.7655e+014	-1.7619e+014	1.7619e+014	5.2500e-015
6.460e+000	5.7994e-006	-1.7692e+014	-1.7655e+014	1.7655e+014	5.2500e-015
6.470e+000	5.8006e-006	-1.7728e+014	-1.7692e+014	1.7692e+014	5.2500e-015
6.480e+000	5.8017e-006	-1.7764e+014	-1.7728e+014	1.7728e+014	5.2500e-015
6.490e+000	5.8029e-006	-1.7800e+014	-1.7764e+014	1.7764e+014	5.2500e-015
6.500e+000	5.8040e-006	-1.7837e+014	-1.7800e+014	1.7800e+014	5.2500e-015
6.510e+000	5.8051e-006	-1.7873e+014	-1.7837e+014	1.7836e+014	5.2500e-015
6.520e+000	5.8063e-006	-1.7909e+014	-1.7873e+014	1.7873e+014	5.2500e-015
6.530e+000	5.8074e-006	-1.7945e+014	-1.7909e+014	1.7909e+014	5.2500e-015
6.540e+000	5.8085e-006	-1.7981e+014	-1.7945e+014	1.7945e+014	5.2500e-015
6.550e+000	5.8097e-006	-1.8018e+014	-1.7981e+014	1.7981e+014	5.2500e-015
6.560e+000	5.8108e-006	-1.8054e+014	-1.8018e+014	1.8018e+014	5.2500e-015
6.570e+000	5.8119e-006	-1.8090e+014	-1.8054e+014	1.8054e+014	5.2500e-015
6.580e+000	5.8130e-006	-1.8127e+014	-1.8090e+014	1.8090e+014	5.2500e-015
6.590e+000	5.8142e-006	-1.8163e+014	-1.8127e+014	1.8127e+014	5.2500e-015
6.600e+000	5.8153e-006	-1.8199e+014	-1.8163e+014	1.8163e+014	5.2500e-015
6.610e+000	5.8164e-006	-1.8235e+014	-1.8199e+014	1.8199e+014	5.2500e-015
6.620e+000	5.8175e-006	-1.8272e+014	-1.8235e+014	1.8235e+014	5.2500e-015
6.630e+000	5.8186e-006	-1.8308e+014	-1.8272e+014	1.8272e+014	5.2500e-015
6.640e+000	5.8197e-006	-1.8344e+014	-1.8308e+014	1.8308e+014	5.2500e-015
6.650e+000	5.8208e-006	-1.8381e+014	-1.8344e+014	1.8344e+014	5.2500e-015
6.660e+000	5.8219e-006	-1.8417e+014	-1.8381e+014	1.8381e+014	5.2500e-015
6.670e+000	5.8230e-006	-1.8453e+014	-1.8417e+014	1.8417e+014	5.2500e-015
6.680e+000	5.8241e-006	-1.8490e+014	-1.8453e+014	1.8453e+014	5.2500e-015
6.690e+000	5.8252e-006	-1.8526e+014	-1.8490e+014	1.8490e+014	5.2500e-015
6.700e+000	5.8263e-006	-1.8562e+014	-1.8526e+014	1.8526e+014	5.2500e-015
6.710e+000	5.8274e-006	-1.8599e+014	-1.8562e+014	1.8562e+014	5.2500e-015
6.720e+000	5.8285e-006	-1.8635e+014	-1.8599e+014	1.8599e+014	5.2500e-015
6.730e+000	5.8296e-006	-1.8672e+014	-1.8635e+014	1.8635e+014	5.2500e-015
6.740e+000	5.8306e-006	-1.8708e+014	-1.8672e+014	1.8672e+014	5.2500e-015
6.750e+000	5.8317e-006	-1.8744e+014	-1.8708e+014	1.8708e+014	5.2500e-015
6.760e+000	5.8328e-006	-1.8781e+014	-1.8744e+014	1.8744e+014	5.2500e-015
6.770e+000	5.8339e-006	-1.8817e+014	-1.8781e+014	1.8781e+014	5.2500e-015
6.780e+000	5.8349e-006	-1.8854e+014	-1.8817e+014	1.8817e+014	5.2500e-015
6.790e+000	5.8360e-006	-1.8890e+014	-1.8854e+014	1.8854e+014	5.2500e-015
6.800e+000	5.8371e-006	-1.8927e+014	-1.8890e+014	1.8890e+014	5.2500e-015
6.810e+000	5.8382e-006	-1.8963e+014	-1.8927e+014	1.8927e+014	5.2500e-015
6.820e+000	5.8392e-006	-1.8999e+014	-1.8963e+014	1.8963e+014	5.2500e-015
6.830e+000	5.8403e-006	-1.9036e+014	-1.8999e+014	1.8999e+014	5.2500e-015
6.840e+000	5.8413e-006	-1.9072e+014	-1.9036e+014	1.9036e+014	5.2500e-015
6.850e+000	5.8424e-006	-1.9109e+014	-1.9072e+014	1.9072e+014	5.2500e-015
6.860e+000	5.8435e-006	-1.9145e+014	-1.9109e+014	1.9109e+014	5.2500e-015
6.870e+000	5.8445e-006	-1.9182e+014	-1.9145e+014	1.9145e+014	5.2500e-015
6.880e+000	5.8456e-006	-1.9218e+014	-1.9182e+014	1.9182e+014	5.2500e-015
6.890e+000	5.8466e-006	-1.9255e+014	-1.9218e+014	1.9218e+014	5.2500e-015
6.900e+000	5.8477e-006	-1.9291e+014	-1.9255e+014	1.9255e+014	5.2500e-015
6.910e+000	5.8487e-006	-1.9328e+014	-1.9291e+014	1.9291e+014	5.2500e-015
6.920e+000	5.8498e-006	-1.9364e+014	-1.9328e+014	1.9328e+014	5.2500e-015
6.930e+000	5.8508e-006	-1.9401e+014	-1.9364e+014	1.9364e+014	5.2500e-015
6.940e+000	5.8518e-006	-1.9437e+014	-1.9401e+014	1.9401e+014	5.2500e-015
6.950e+000	5.8529e-006	-1.9474e+014	-1.9437e+014	1.9437e+014	5.2500e-015
6.960e+000	5.8539e-006	-1.9510e+014	-1.9474e+014	1.9474e+014	5.2500e-015
6.970e+000	5.8549e-006	-1.9547e+014	-1.9510e+014	1.9510e+014	5.2500e-015
6.980e+000	5.8560e-006	-1.9583e+014	-1.9547e+014	1.9547e+014	5.2500e-015
6.990e+000	5.8570e-006	-1.9620e+014	-1.9583e+014	1.9583e+014	5.2500e-015
7.000e+000	5.8580e-006	-1.9657e+014	-1.9620e+014	1.9620e+014	5.2500e-015
