Y (ang)	Ec (eV)	Ev (eV)	E (V/cm)	Ef (eV)	n (cm-3)	p (cm-3)	Nd - Na (cm-3)	el eval 1 (eV)	el eval 2 (eV)	el eval 3 (eV)	el eval 4 (eV)	el eval 5 (eV)	el eval 6 (eV)	el eval 7 (eV)	el eval 8 (eV)	el eval 9 (eV)	el eval 10 (eV)	el eval 11 (eV)
0.000000e+000	6.00000000e-001	-2.80000000e+000	2.80896104e+006	-0.00000000e+000	1.8691e+008	1.0000e-010	0.0000e+000
1.000000e+001	1.55289610e+000	-2.68710390e+000	-4.02966837e+005	0.00000000e+000	1.8238e-008	1.0000e-010	-1.6796e+020
2.000000e+001	1.51259942e+000	-2.72740058e+000	-4.02966837e+005	0.00000000e+000	8.7223e-008	1.0000e-010	0.0000e+000	-1.4895e-001	-3.5556e-003	4.7898e-002	7.5253e-002	9.3534e-002	1.0719e-001	1.1806e-001	1.2708e-001	1.3478e-001	1.4151e-001	1.4765e-001
3.000000e+001	1.47230274e+000	-2.76769726e+000	-4.02966837e+005	0.00000000e+000	4.1456e-007	1.0000e-010	0.0000e+000
4.000000e+001	1.43200605e+000	-2.80799395e+000	-4.02966837e+005	0.00000000e+000	1.9703e-006	1.0000e-010	0.0000e+000
5.000000e+001	1.39170937e+000	-2.84829063e+000	-4.02966837e+005	0.00000000e+000	9.3647e-006	1.0000e-010	0.0000e+000
6.000000e+001	1.35141269e+000	-2.88858731e+000	-4.02966837e+005	0.00000000e+000	4.4509e-005	1.0000e-010	0.0000e+000
7.000000e+001	1.31111600e+000	-2.92888400e+000	-4.02966837e+005	0.00000000e+000	2.1155e-004	1.0000e-010	0.0000e+000
8.000000e+001	1.27081932e+000	-2.96918068e+000	-4.02966837e+005	0.00000000e+000	1.0054e-003	1.0000e-010	0.0000e+000
9.000000e+001	1.23052264e+000	-3.00947736e+000	-4.02966837e+005	0.00000000e+000	4.7787e-003	1.0000e-010	0.0000e+000
1.000000e+002	1.19022595e+000	-3.04977405e+000	-4.02966837e+005	0.00000000e+000	2.2713e-002	1.0000e-010	0.0000e+000
1.100000e+002	1.14992927e+000	-3.09007073e+000	-4.02966837e+005	0.00000000e+000	1.0795e-001	1.0000e-010	0.0000e+000
1.200000e+002	1.10963258e+000	-3.13036742e+000	-4.02966837e+005	0.00000000e+000	5.1307e-001	1.0000e-010	0.0000e+000
1.300000e+002	1.06933590e+000	-3.17066410e+000	-4.02966837e+005	0.00000000e+000	2.4386e+000	1.0000e-010	0.0000e+000
1.400000e+002	1.02903922e+000	-3.21096078e+000	-4.02966837e+005	0.00000000e+000	1.1590e+001	1.0000e-010	0.0000e+000
1.500000e+002	9.88742533e-001	-3.25125747e+000	-4.02966837e+005	0.00000000e+000	5.5086e+001	1.0000e-010	0.0000e+000
1.600000e+002	9.48445850e-001	-3.29155415e+000	-4.02966837e+005	0.00000000e+000	2.6182e+002	1.0000e-010	0.0000e+000
1.700000e+002	9.08149166e-001	-3.33185083e+000	-4.02966837e+005	0.00000000e+000	1.2444e+003	1.0000e-010	0.0000e+000
1.800000e+002	8.67852482e-001	-3.37214752e+000	-4.02966837e+005	0.00000000e+000	5.9168e+003	1.0000e-010	0.0000e+000
1.900000e+002	8.27555799e-001	-3.41244420e+000	-4.02966837e+005	0.00000000e+000	2.8213e+004	1.0000e-010	0.0000e+000
2.000000e+002	7.87259115e-001	-3.45274088e+000	-4.02966837e+005	0.00000000e+000	1.3782e+005	1.0000e-010	0.0000e+000
2.100000e+002	7.46962431e-001	-3.49303757e+000	-4.02966837e+005	0.00000000e+000	8.0044e+005	1.0000e-010	0.0000e+000
2.200000e+002	7.06665748e-001	-3.53333425e+000	-4.02966837e+005	0.00000000e+000	9.2197e+006	1.0000e-010	0.0000e+000
2.300000e+002	6.66369064e-001	-3.57363094e+000	-4.02966837e+005	0.00000000e+000	2.3602e+008	1.0000e-010	0.0000e+000
2.400000e+002	6.26072380e-001	-3.61392762e+000	-4.02966837e+005	0.00000000e+000	7.6022e+009	1.0000e-010	0.0000e+000
2.500000e+002	5.85775697e-001	-3.65422430e+000	-4.02966841e+005	0.00000000e+000	2.4284e+011	1.0000e-010	0.0000e+000
2.600000e+002	5.45479013e-001	-3.69452099e+000	-4.02966986e+005	0.00000000e+000	7.3614e+012	1.0000e-010	0.0000e+000
2.700000e+002	5.05182314e-001	-3.73481769e+000	-4.02971106e+005	0.00000000e+000	2.0947e+014	1.0000e-010	0.0000e+000
2.800000e+002	4.64885203e-001	-3.77511480e+000	-4.03080452e+005	0.00000000e+000	5.5594e+015	1.0000e-010	0.0000e+000
2.900000e+002	4.24577158e-001	-3.81542284e+000	-4.05770969e+005	0.00000000e+000	1.3679e+017	1.0000e-010	0.0000e+000
3.000000e+002	3.84000061e-001	-3.85599994e+000	-4.66773706e+005	0.00000000e+000	3.1015e+018	1.0000e-010	0.0000e+000
3.100000e+002	-3.34677309e-001	-3.73467731e+000	1.52074562e+006	0.00000000e+000	6.4388e+019	1.0000e-010	1.6796e+020
3.200000e+002	-1.82602747e-001	-3.58260275e+000	7.45545375e+005	0.00000000e+000	4.0698e+019	1.0000e-010	0.0000e+000
3.300000e+002	-1.08048210e-001	-3.50804821e+000	4.41008180e+005	0.00000000e+000	1.5989e+019	1.0000e-010	0.0000e+000
3.400000e+002	-6.39473915e-002	-3.46394739e+000	2.97446639e+005	0.00000000e+000	7.5374e+018	1.0000e-010	0.0000e+000
3.500000e+002	-3.42027276e-002	-3.43420273e+000	2.11171830e+005	0.00000000e+000	4.5299e+018	1.0000e-010	0.0000e+000
3.600000e+002	-1.30855446e-002	-3.41308554e+000	1.57023165e+005	0.00000000e+000	2.8433e+018	1.0000e-010	0.0000e+000
3.700000e+002	2.61677191e-003	-3.39738323e+000	1.22716779e+005	0.00000000e+000	1.8015e+018	1.0000e-010	0.0000e+000
3.800000e+002	1.48884498e-002	-3.38511155e+000	1.00065801e+005	0.00000000e+000	1.1895e+018	1.0000e-010	0.0000e+000
3.900000e+002	2.48950300e-002	-3.37510497e+000	8.42522100e+004	0.00000000e+000	8.3050e+017	1.0000e-010	0.0000e+000
4.000000e+002	3.33202510e-002	-3.36667975e+000	7.26293083e+004	0.00000000e+000	6.1045e+017	1.0000e-010	0.0000e+000
4.100000e+002	4.05831818e-002	-3.35941682e+000	6.37505109e+004	0.00000000e+000	4.6635e+017	1.0000e-010	0.0000e+000
4.200000e+002	4.69582329e-002	-3.35304177e+000	5.67804837e+004	0.00000000e+000	3.6611e+017	1.0000e-010	0.0000e+000
4.300000e+002	5.26362813e-002	-3.34736372e+000	5.11775442e+004	0.00000000e+000	2.9432e+017	1.0000e-010	0.0000e+000
4.400000e+002	5.77540357e-002	-3.34224596e+000	4.65705030e+004	0.00000000e+000	2.4201e+017	1.0000e-010	0.0000e+000
4.500000e+002	6.24110860e-002	-3.33758891e+000	4.27146410e+004	0.00000000e+000	2.0256e+017	1.0000e-010	0.0000e+000
4.600000e+002	6.66825501e-002	-3.33331745e+000	3.94477471e+004	0.00000000e+000	1.7163e+017	1.0000e-010	0.0000e+000
4.700000e+002	7.06273248e-002	-3.32937268e+000	3.66486294e+004	0.00000000e+000	1.4706e+017	1.0000e-010	0.0000e+000
4.800000e+002	7.42921877e-002	-3.32570781e+000	3.42200419e+004	0.00000000e+000	1.2759e+017	1.0000e-010	0.0000e+000
4.900000e+002	7.77141919e-002	-3.32228581e+000	3.20891595e+004	0.00000000e+000	1.1196e+017	1.0000e-010	0.0000e+000
5.000000e+002	8.09231079e-002	-3.31907689e+000	3.02057176e+004	0.00000000e+000	9.8958e+016	1.0000e-010	0.0000e+000
5.100000e+002	8.39436796e-002	-3.31605632e+000	2.85325859e+004	0.00000000e+000	8.7910e+016	1.0000e-010	0.0000e+000
5.200000e+002	8.67969382e-002	-3.31320306e+000	2.70373516e+004	0.00000000e+000	7.8565e+016	1.0000e-010	0.0000e+000
5.300000e+002	8.95006734e-002	-3.31049933e+000	2.56909060e+004	0.00000000e+000	7.0749e+016	1.0000e-010	0.0000e+000
5.400000e+002	9.20697640e-002	-3.30793024e+000	2.44700609e+004	0.00000000e+000	6.4150e+016	1.0000e-010	0.0000e+000
5.500000e+002	9.45167701e-002	-3.30548323e+000	2.33583878e+004	0.00000000e+000	5.8414e+016	1.0000e-010	0.0000e+000
5.600000e+002	9.68526088e-002	-3.30314739e+000	2.23437169e+004	0.00000000e+000	5.3318e+016	1.0000e-010	0.0000e+000
5.700000e+002	9.90869805e-002	-3.30091302e+000	2.14149831e+004	0.00000000e+000	4.8803e+016	1.0000e-010	0.0000e+000
5.800000e+002	1.01228479e-001	-3.29877152e+000	2.05611281e+004	0.00000000e+000	4.4869e+016	1.0000e-010	0.0000e+000
5.900000e+002	1.03284592e-001	-3.29671541e+000	1.97720933e+004	0.00000000e+000	4.1463e+016	1.0000e-010	0.0000e+000
6.000000e+002	1.05261801e-001	-3.29473820e+000	1.90400695e+004	0.00000000e+000	3.8468e+016	1.0000e-010	0.0000e+000
6.100000e+002	1.07165808e-001	-3.29283419e+000	1.83595534e+004	0.00000000e+000	3.5761e+016	1.0000e-010	0.0000e+000
6.200000e+002	1.09001763e-001	-3.29099824e+000	1.77262814e+004	0.00000000e+000	3.3279e+016	1.0000e-010	0.0000e+000
6.300000e+002	1.10774391e-001	-3.28922561e+000	1.71360805e+004	0.00000000e+000	3.1015e+016	1.0000e-010	0.0000e+000
6.400000e+002	1.12487999e-001	-3.28751200e+000	1.65844798e+004	0.00000000e+000	2.8987e+016	1.0000e-010	0.0000e+000
6.500000e+002	1.14146447e-001	-3.28585355e+000	1.60671074e+004	0.00000000e+000	2.7189e+016	1.0000e-010	0.0000e+000
6.600000e+002	1.15753158e-001	-3.28424684e+000	1.55803070e+004	0.00000000e+000	2.5582e+016	1.0000e-010	0.0000e+000
6.700000e+002	1.17311189e-001	-3.28268881e+000	1.51214110e+004	0.00000000e+000	2.4116e+016	1.0000e-010	0.0000e+000
6.800000e+002	1.18823330e-001	-3.28117667e+000	1.46885137e+004	0.00000000e+000	2.2750e+016	1.0000e-010	0.0000e+000
6.900000e+002	1.20292181e-001	-3.27970782e+000	1.42799837e+004	0.00000000e+000	2.1469e+016	1.0000e-010	0.0000e+000
7.000000e+002	1.21720180e-001	-3.27827982e+000	1.38940696e+004	0.00000000e+000	2.0280e+016	1.0000e-010	0.0000e+000
7.100000e+002	1.23109587e-001	-3.27689041e+000	1.35288077e+004	0.00000000e+000	1.9195e+016	1.0000e-010	0.0000e+000
7.200000e+002	1.24462467e-001	-3.27553753e+000	1.31822017e+004	0.00000000e+000	1.8215e+016	1.0000e-010	0.0000e+000
7.300000e+002	1.25780688e-001	-3.27421931e+000	1.28524920e+004	0.00000000e+000	1.7327e+016	1.0000e-010	0.0000e+000
7.400000e+002	1.27065937e-001	-3.27293406e+000	1.25383305e+004	0.00000000e+000	1.6510e+016	1.0000e-010	0.0000e+000
7.500000e+002	1.28319770e-001	-3.27168023e+000	1.22387732e+004	0.00000000e+000	1.5742e+016	1.0000e-010	0.0000e+000
7.600000e+002	1.29543647e-001	-3.27045635e+000	1.19531238e+004	0.00000000e+000	1.5011e+016	1.0000e-010	0.0000e+000
7.700000e+002	1.30738960e-001	-3.26926104e+000	1.16807310e+004	0.00000000e+000	1.4314e+016	1.0000e-010	0.0000e+000
7.800000e+002	1.31907033e-001	-3.26809297e+000	1.14208392e+004	0.00000000e+000	1.3657e+016	1.0000e-010	0.0000e+000
7.900000e+002	1.33049117e-001	-3.26695088e+000	1.11725505e+004	0.00000000e+000	1.3047e+016	1.0000e-010	0.0000e+000
8.000000e+002	1.34166372e-001	-3.26583363e+000	1.09348820e+004	0.00000000e+000	1.2489e+016	1.0000e-010	0.0000e+000
8.100000e+002	1.35259860e-001	-3.26474014e+000	1.07068812e+004	0.00000000e+000	1.1981e+016	1.0000e-010	0.0000e+000
8.200000e+002	1.36330548e-001	-3.26366945e+000	1.04877382e+004	0.00000000e+000	1.1516e+016	1.0000e-010	0.0000e+000
8.300000e+002	1.37379322e-001	-3.26262068e+000	1.02768519e+004	0.00000000e+000	1.1082e+016	1.0000e-010	0.0000e+000
8.400000e+002	1.38407007e-001	-3.26159299e+000	1.00738354e+004	0.00000000e+000	1.0668e+016	1.0000e-010	0.0000e+000
8.500000e+002	1.39414390e-001	-3.26058561e+000	9.87846802e+003	0.00000000e+000	1.0266e+016	1.0000e-010	0.0000e+000
8.600000e+002	1.40402237e-001	-3.25959776e+000	9.69061841e+003	0.00000000e+000	9.8710e+015	1.0000e-010	0.0000e+000
8.700000e+002	1.41371299e-001	-3.25862870e+000	9.51016327e+003	0.00000000e+000	9.4823e+015	1.0000e-010	0.0000e+000
8.800000e+002	1.42322315e-001	-3.25767768e+000	9.33692410e+003	0.00000000e+000	9.1030e+015	1.0000e-010	0.0000e+000
8.900000e+002	1.43256008e-001	-3.25674399e+000	9.17063177e+003	0.00000000e+000	8.7378e+015	1.0000e-010	0.0000e+000
9.000000e+002	1.44173071e-001	-3.25582693e+000	9.01092034e+003	0.00000000e+000	8.3918e+015	1.0000e-010	0.0000e+000
9.100000e+002	1.45074163e-001	-3.25492584e+000	8.85734428e+003	0.00000000e+000	8.0692e+015	1.0000e-010	0.0000e+000
9.200000e+002	1.45959898e-001	-3.25404010e+000	8.70940970e+003	0.00000000e+000	7.7727e+015	1.0000e-010	0.0000e+000
9.300000e+002	1.46830838e-001	-3.25316916e+000	8.56661049e+003	0.00000000e+000	7.5027e+015	1.0000e-010	0.0000e+000
9.400000e+002	1.47687500e-001	-3.25231250e+000	8.42845972e+003	0.00000000e+000	7.2583e+015	1.0000e-010	0.0000e+000
9.500000e+002	1.48530346e-001	-3.25146965e+000	8.29452107e+003	0.00000000e+000	7.0369e+015	1.0000e-010	0.0000e+000
9.600000e+002	1.49359798e-001	-3.25064020e+000	8.16442213e+003	0.00000000e+000	6.8351e+015	1.0000e-010	0.0000e+000
9.700000e+002	1.50176240e-001	-3.24982376e+000	8.03786570e+003	0.00000000e+000	6.6489e+015	1.0000e-010	0.0000e+000
9.800000e+002	1.50980026e-001	-3.24901997e+000	7.91463547e+003	0.00000000e+000	6.4741e+015	1.0000e-010	0.0000e+000
9.900000e+002	1.51771490e-001	-3.24822851e+000	7.79460097e+003	0.00000000e+000	6.3062e+015	1.0000e-010	0.0000e+000
1.000000e+003	1.52550950e-001	-3.24744905e+000	7.67779574e+003	0.00000000e+000	6.1368e+015	1.0000e-010	0.0000e+000	-1.4895e-001	-3.5556e-003	4.7898e-002	7.5253e-002	9.3534e-002	1.0719e-001	1.1806e-001	1.2708e-001	1.3478e-001	1.4151e-001	1.4765e-001
1.010000e+003	1.53318730e-001	-3.24668127e+000	7.56419320e+003	0.00000000e+000	5.9655e+015	1.0000e-010	0.0000e+000
1.020000e+003	1.54075149e-001	-3.24592485e+000	7.45386648e+003	0.00000000e+000	5.7935e+015	1.0000e-010	0.0000e+000
1.030000e+003	1.54820536e-001	-3.24517946e+000	7.34667537e+003	0.00000000e+000	5.6288e+015	1.0000e-010	0.0000e+000
1.040000e+003	1.55555203e-001	-3.24444480e+000	7.24248756e+003	0.00000000e+000	5.4711e+015	1.0000e-010	0.0000e+000
1.050000e+003	1.56279452e-001	-3.24372055e+000	7.14117809e+003	0.00000000e+000	5.3199e+015	1.0000e-010	0.0000e+000
1.060000e+003	1.56993570e-001	-3.24300643e+000	7.04262883e+003	0.00000000e+000	5.1750e+015	1.0000e-010	0.0000e+000
1.070000e+003	1.57697833e-001	-3.24230217e+000	6.94672801e+003	0.00000000e+000	5.0359e+015	1.0000e-010	0.0000e+000
1.080000e+003	1.58392505e-001	-3.24160749e+000	6.85336985e+003	0.00000000e+000	4.9023e+015	1.0000e-010	0.0000e+000
1.090000e+003	1.59077842e-001	-3.24092216e+000	6.76245410e+003	0.00000000e+000	4.7741e+015	1.0000e-010	0.0000e+000
1.100000e+003	1.59754088e-001	-3.24024591e+000	6.67388571e+003	0.00000000e+000	4.6508e+015	1.0000e-010	0.0000e+000
1.110000e+003	1.60421476e-001	-3.23957852e+000	6.58757453e+003	0.00000000e+000	4.5323e+015	1.0000e-010	0.0000e+000
1.120000e+003	1.61080234e-001	-3.23891977e+000	6.50343493e+003	0.00000000e+000	4.4182e+015	1.0000e-010	0.0000e+000
1.130000e+003	1.61730577e-001	-3.23826942e+000	6.42138558e+003	0.00000000e+000	4.3084e+015	1.0000e-010	0.0000e+000
1.140000e+003	1.62372716e-001	-3.23762728e+000	6.34134916e+003	0.00000000e+000	4.2027e+015	1.0000e-010	0.0000e+000
1.150000e+003	1.63006851e-001	-3.23699315e+000	6.26325210e+003	0.00000000e+000	4.1009e+015	1.0000e-010	0.0000e+000
1.160000e+003	1.63633176e-001	-3.23636682e+000	6.18702439e+003	0.00000000e+000	4.0027e+015	1.0000e-010	0.0000e+000
1.170000e+003	1.64251878e-001	-3.23574812e+000	6.11259934e+003	0.00000000e+000	3.9080e+015	1.0000e-010	0.0000e+000
1.180000e+003	1.64863138e-001	-3.23513686e+000	6.03991340e+003	0.00000000e+000	3.8167e+015	1.0000e-010	0.0000e+000
1.190000e+003	1.65467130e-001	-3.23453287e+000	5.96890597e+003	0.00000000e+000	3.7286e+015	1.0000e-010	0.0000e+000
1.200000e+003	1.66064020e-001	-3.23393598e+000	5.89951923e+003	0.00000000e+000	3.6435e+015	1.0000e-010	0.0000e+000
1.210000e+003	1.66653972e-001	-3.23334603e+000	5.83169799e+003	0.00000000e+000	3.5613e+015	1.0000e-010	0.0000e+000
1.220000e+003	1.67237142e-001	-3.23276286e+000	5.76538954e+003	0.00000000e+000	3.4818e+015	1.0000e-010	0.0000e+000
1.230000e+003	1.67813681e-001	-3.23218632e+000	5.70054350e+003	0.00000000e+000	3.4050e+015	1.0000e-010	0.0000e+000
1.240000e+003	1.68383735e-001	-3.23161626e+000	5.63711171e+003	0.00000000e+000	3.3307e+015	1.0000e-010	0.0000e+000
1.250000e+003	1.68947446e-001	-3.23105255e+000	5.57504810e+003	0.00000000e+000	3.2589e+015	1.0000e-010	0.0000e+000
1.260000e+003	1.69504951e-001	-3.23049505e+000	5.51430858e+003	0.00000000e+000	3.1894e+015	1.0000e-010	0.0000e+000
1.270000e+003	1.70056382e-001	-3.22994362e+000	5.45485093e+003	0.00000000e+000	3.1220e+015	1.0000e-010	0.0000e+000
1.280000e+003	1.70601867e-001	-3.22939813e+000	5.39663472e+003	0.00000000e+000	3.0569e+015	1.0000e-010	0.0000e+000
1.290000e+003	1.71141531e-001	-3.22885847e+000	5.33962118e+003	0.00000000e+000	2.9937e+015	1.0000e-010	0.0000e+000
1.300000e+003	1.71675493e-001	-3.22832451e+000	5.28377315e+003	0.00000000e+000	2.9325e+015	1.0000e-010	0.0000e+000
1.310000e+003	1.72203870e-001	-3.22779613e+000	5.22905499e+003	0.00000000e+000	2.8732e+015	1.0000e-010	0.0000e+000
1.320000e+003	1.72726776e-001	-3.22727322e+000	5.17543248e+003	0.00000000e+000	2.8156e+015	1.0000e-010	0.0000e+000
1.330000e+003	1.73244319e-001	-3.22675568e+000	5.12287280e+003	0.00000000e+000	2.7598e+015	1.0000e-010	0.0000e+000
1.340000e+003	1.73756606e-001	-3.22624339e+000	5.07134440e+003	0.00000000e+000	2.7057e+015	1.0000e-010	0.0000e+000
1.350000e+003	1.74263741e-001	-3.22573626e+000	5.02081697e+003	0.00000000e+000	2.6531e+015	1.0000e-010	0.0000e+000
1.360000e+003	1.74765822e-001	-3.22523418e+000	4.97126139e+003	0.00000000e+000	2.6021e+015	1.0000e-010	0.0000e+000
1.370000e+003	1.75262948e-001	-3.22473705e+000	4.92264965e+003	0.00000000e+000	2.5525e+015	1.0000e-010	0.0000e+000
1.380000e+003	1.75755213e-001	-3.22424479e+000	4.87495479e+003	0.00000000e+000	2.5044e+015	1.0000e-010	0.0000e+000
1.390000e+003	1.76242709e-001	-3.22375729e+000	4.82815090e+003	0.00000000e+000	2.4576e+015	1.0000e-010	0.0000e+000
1.400000e+003	1.76725524e-001	-3.22327448e+000	4.78221301e+003	0.00000000e+000	2.4121e+015	1.0000e-010	0.0000e+000
1.410000e+003	1.77203745e-001	-3.22279625e+000	4.73711709e+003	0.00000000e+000	2.3679e+015	1.0000e-010	0.0000e+000
1.420000e+003	1.77677457e-001	-3.22232254e+000	4.69283998e+003	0.00000000e+000	2.3249e+015	1.0000e-010	0.0000e+000
1.430000e+003	1.78146741e-001	-3.22185326e+000	4.64935937e+003	0.00000000e+000	2.2831e+015	1.0000e-010	0.0000e+000
1.440000e+003	1.78611677e-001	-3.22138832e+000	4.60665375e+003	0.00000000e+000	2.2424e+015	1.0000e-010	0.0000e+000
1.450000e+003	1.79072342e-001	-3.22092766e+000	4.56470237e+003	0.00000000e+000	2.2028e+015	1.0000e-010	0.0000e+000
1.460000e+003	1.79528813e-001	-3.22047119e+000	4.52348524e+003	0.00000000e+000	2.1642e+015	1.0000e-010	0.0000e+000
1.470000e+003	1.79981161e-001	-3.22001884e+000	4.48298303e+003	0.00000000e+000	2.1267e+015	1.0000e-010	0.0000e+000
1.480000e+003	1.80429459e-001	-3.21957054e+000	4.44317711e+003	0.00000000e+000	2.0901e+015	1.0000e-010	0.0000e+000
1.490000e+003	1.80873777e-001	-3.21912622e+000	4.40404949e+003	0.00000000e+000	2.0545e+015	1.0000e-010	0.0000e+000
1.500000e+003	1.81314182e-001	-3.21868582e+000	4.36558279e+003	0.00000000e+000	2.0198e+015	1.0000e-010	0.0000e+000
1.510000e+003	1.81750740e-001	-3.21824926e+000	4.32776022e+003	0.00000000e+000	1.9860e+015	1.0000e-010	0.0000e+000
1.520000e+003	1.82183516e-001	-3.21781648e+000	4.29056554e+003	0.00000000e+000	1.9530e+015	1.0000e-010	0.0000e+000
1.530000e+003	1.82612573e-001	-3.21738743e+000	4.25398308e+003	0.00000000e+000	1.9208e+015	1.0000e-010	0.0000e+000
1.540000e+003	1.83037971e-001	-3.21696203e+000	4.21799766e+003	0.00000000e+000	1.8895e+015	1.0000e-010	0.0000e+000
1.550000e+003	1.83459771e-001	-3.21654023e+000	4.18259462e+003	0.00000000e+000	1.8589e+015	1.0000e-010	0.0000e+000
1.560000e+003	1.83878030e-001	-3.21612197e+000	4.14775975e+003	0.00000000e+000	1.8291e+015	1.0000e-010	0.0000e+000
1.570000e+003	1.84292806e-001	-3.21570719e+000	4.11347932e+003	0.00000000e+000	1.8000e+015	1.0000e-010	0.0000e+000
1.580000e+003	1.84704154e-001	-3.21529585e+000	4.07974004e+003	0.00000000e+000	1.7715e+015	1.0000e-010	0.0000e+000
1.590000e+003	1.85112128e-001	-3.21488787e+000	4.04652902e+003	0.00000000e+000	1.7438e+015	1.0000e-010	0.0000e+000
1.600000e+003	1.85516781e-001	-3.21448322e+000	4.01383379e+003	0.00000000e+000	1.7167e+015	1.0000e-010	0.0000e+000
1.610000e+003	1.85918165e-001	-3.21408184e+000	3.98164227e+003	0.00000000e+000	1.6903e+015	1.0000e-010	0.0000e+000
1.620000e+003	1.86316329e-001	-3.21368367e+000	3.94994276e+003	0.00000000e+000	1.6644e+015	1.0000e-010	0.0000e+000
1.630000e+003	1.86711323e-001	-3.21328868e+000	3.91872391e+003	0.00000000e+000	1.6392e+015	1.0000e-010	0.0000e+000
1.640000e+003	1.87103195e-001	-3.21289680e+000	3.88797472e+003	0.00000000e+000	1.6145e+015	1.0000e-010	0.0000e+000
1.650000e+003	1.87491993e-001	-3.21250801e+000	3.85768451e+003	0.00000000e+000	1.5904e+015	1.0000e-010	0.0000e+000
1.660000e+003	1.87877761e-001	-3.21212224e+000	3.82784294e+003	0.00000000e+000	1.5669e+015	1.0000e-010	0.0000e+000
1.670000e+003	1.88260546e-001	-3.21173945e+000	3.79843998e+003	0.00000000e+000	1.5438e+015	1.0000e-010	0.0000e+000
1.680000e+003	1.88640390e-001	-3.21135961e+000	3.76946587e+003	0.00000000e+000	1.5213e+015	1.0000e-010	0.0000e+000
1.690000e+003	1.89017336e-001	-3.21098266e+000	3.74091118e+003	0.00000000e+000	1.4993e+015	1.0000e-010	0.0000e+000
1.700000e+003	1.89391427e-001	-3.21060857e+000	3.71276670e+003	0.00000000e+000	1.4778e+015	1.0000e-010	0.0000e+000
1.710000e+003	1.89762704e-001	-3.21023730e+000	3.68502354e+003	0.00000000e+000	1.4567e+015	1.0000e-010	0.0000e+000
1.720000e+003	1.90131206e-001	-3.20986879e+000	3.65767303e+003	0.00000000e+000	1.4361e+015	1.0000e-010	0.0000e+000
1.730000e+003	1.90496974e-001	-3.20950303e+000	3.63070677e+003	0.00000000e+000	1.4159e+015	1.0000e-010	0.0000e+000
1.740000e+003	1.90860044e-001	-3.20913996e+000	3.60411658e+003	0.00000000e+000	1.3961e+015	1.0000e-010	0.0000e+000
1.750000e+003	1.91220456e-001	-3.20877954e+000	3.57789452e+003	0.00000000e+000	1.3768e+015	1.0000e-010	0.0000e+000
1.760000e+003	1.91578246e-001	-3.20842175e+000	3.55203287e+003	0.00000000e+000	1.3579e+015	1.0000e-010	0.0000e+000
1.770000e+003	1.91933449e-001	-3.20806655e+000	3.52652413e+003	0.00000000e+000	1.3394e+015	1.0000e-010	0.0000e+000
1.780000e+003	1.92286101e-001	-3.20771390e+000	3.50136099e+003	0.00000000e+000	1.3212e+015	1.0000e-010	0.0000e+000
1.790000e+003	1.92636237e-001	-3.20736376e+000	3.47653637e+003	0.00000000e+000	1.3034e+015	1.0000e-010	0.0000e+000
1.800000e+003	1.92983891e-001	-3.20701611e+000	3.45204335e+003	0.00000000e+000	1.2860e+015	1.0000e-010	0.0000e+000
1.810000e+003	1.93329095e-001	-3.20667090e+000	3.42787521e+003	0.00000000e+000	1.2690e+015	1.0000e-010	0.0000e+000
1.820000e+003	1.93671883e-001	-3.20632812e+000	3.40402541e+003	0.00000000e+000	1.2522e+015	1.0000e-010	0.0000e+000
1.830000e+003	1.94012285e-001	-3.20598771e+000	3.38048760e+003	0.00000000e+000	1.2359e+015	1.0000e-010	0.0000e+000
1.840000e+003	1.94350334e-001	-3.20564967e+000	3.35725557e+003	0.00000000e+000	1.2198e+015	1.0000e-010	0.0000e+000
1.850000e+003	1.94686060e-001	-3.20531394e+000	3.33432329e+003	0.00000000e+000	1.2041e+015	1.0000e-010	0.0000e+000
1.860000e+003	1.95019492e-001	-3.20498051e+000	3.31168489e+003	0.00000000e+000	1.1886e+015	1.0000e-010	0.0000e+000
1.870000e+003	1.95350660e-001	-3.20464934e+000	3.28933464e+003	0.00000000e+000	1.1735e+015	1.0000e-010	0.0000e+000
1.880000e+003	1.95679594e-001	-3.20432041e+000	3.26726697e+003	0.00000000e+000	1.1587e+015	1.0000e-010	0.0000e+000
1.890000e+003	1.96006321e-001	-3.20399368e+000	3.24547644e+003	0.00000000e+000	1.1441e+015	1.0000e-010	0.0000e+000
1.900000e+003	1.96330868e-001	-3.20366913e+000	3.22395776e+003	0.00000000e+000	1.1298e+015	1.0000e-010	0.0000e+000
1.910000e+003	1.96653264e-001	-3.20334674e+000	3.20270577e+003	0.00000000e+000	1.1158e+015	1.0000e-010	0.0000e+000
1.920000e+003	1.96973535e-001	-3.20302647e+000	3.18171544e+003	0.00000000e+000	1.1021e+015	1.0000e-010	0.0000e+000
1.930000e+003	1.97291706e-001	-3.20270829e+000	3.16098186e+003	0.00000000e+000	1.0886e+015	1.0000e-010	0.0000e+000
1.940000e+003	1.97607804e-001	-3.20239220e+000	3.14050025e+003	0.00000000e+000	1.0754e+015	1.0000e-010	0.0000e+000
1.950000e+003	1.97921854e-001	-3.20207815e+000	3.12026595e+003	0.00000000e+000	1.0624e+015	1.0000e-010	0.0000e+000
1.960000e+003	1.98233881e-001	-3.20176612e+000	3.10027440e+003	0.00000000e+000	1.0497e+015	1.0000e-010	0.0000e+000
1.970000e+003	1.98543908e-001	-3.20145609e+000	3.08052117e+003	0.00000000e+000	1.0371e+015	1.0000e-010	0.0000e+000
1.980000e+003	1.98851961e-001	-3.20114804e+000	3.06100192e+003	0.00000000e+000	1.0249e+015	1.0000e-010	0.0000e+000
1.990000e+003	1.99158061e-001	-3.20084194e+000	3.04171243e+003	0.00000000e+000	1.0128e+015	1.0000e-010	0.0000e+000
2.000000e+003	1.99462232e-001	-3.20053777e+000	3.02264856e+003	0.00000000e+000	1.0009e+015	1.0000e-010	0.0000e+000
2.010000e+003	1.99764497e-001	-3.20023550e+000	3.00380629e+003	0.00000000e+000	9.8931e+014	1.0000e-010	0.0000e+000
2.020000e+003	2.00064877e-001	-3.19993512e+000	2.98518169e+003	0.00000000e+000	9.7788e+014	1.0000e-010	0.0000e+000
2.030000e+003	2.00363396e-001	-3.19963660e+000	2.96677091e+003	0.00000000e+000	9.6666e+014	1.0000e-010	0.0000e+000
2.040000e+003	2.00660073e-001	-3.19933993e+000	2.94857021e+003	0.00000000e+000	9.5562e+014	1.0000e-010	0.0000e+000
2.050000e+003	2.00954930e-001	-3.19904507e+000	2.93057592e+003	0.00000000e+000	9.4479e+014	1.0000e-010	0.0000e+000
2.060000e+003	2.01247987e-001	-3.19875201e+000	2.91278446e+003	0.00000000e+000	9.3414e+014	1.0000e-010	0.0000e+000
2.070000e+003	2.01539266e-001	-3.19846073e+000	2.89519233e+003	0.00000000e+000	9.2367e+014	1.0000e-010	0.0000e+000
2.080000e+003	2.01828785e-001	-3.19817121e+000	2.87779612e+003	0.00000000e+000	9.1338e+014	1.0000e-010	0.0000e+000
2.090000e+003	2.02116565e-001	-3.19788344e+000	2.86059249e+003	0.00000000e+000	9.0327e+014	1.0000e-010	0.0000e+000
2.100000e+003	2.02402624e-001	-3.19759738e+000	2.84357817e+003	0.00000000e+000	8.9333e+014	1.0000e-010	0.0000e+000
2.110000e+003	2.02686982e-001	-3.19731302e+000	2.82674997e+003	0.00000000e+000	8.8356e+014	1.0000e-010	0.0000e+000
2.120000e+003	2.02969657e-001	-3.19703034e+000	2.81010478e+003	0.00000000e+000	8.7395e+014	1.0000e-010	0.0000e+000
2.130000e+003	2.03250667e-001	-3.19674933e+000	2.79363954e+003	0.00000000e+000	8.6450e+014	1.0000e-010	0.0000e+000
2.140000e+003	2.03530031e-001	-3.19646997e+000	2.77735127e+003	0.00000000e+000	8.5521e+014	1.0000e-010	0.0000e+000
2.150000e+003	2.03807766e-001	-3.19619223e+000	2.76123705e+003	0.00000000e+000	8.4607e+014	1.0000e-010	0.0000e+000
2.160000e+003	2.04083890e-001	-3.19591611e+000	2.74529403e+003	0.00000000e+000	8.3708e+014	1.0000e-010	0.0000e+000
2.170000e+003	2.04358419e-001	-3.19564158e+000	2.72951942e+003	0.00000000e+000	8.2824e+014	1.0000e-010	0.0000e+000
2.180000e+003	2.04631371e-001	-3.19536863e+000	2.71391049e+003	0.00000000e+000	8.1954e+014	1.0000e-010	0.0000e+000
2.190000e+003	2.04902762e-001	-3.19509724e+000	2.69846456e+003	0.00000000e+000	8.1098e+014	1.0000e-010	0.0000e+000
2.200000e+003	2.05172609e-001	-3.19482739e+000	2.68317901e+003	0.00000000e+000	8.0256e+014	1.0000e-010	0.0000e+000
2.210000e+003	2.05440927e-001	-3.19455907e+000	2.66805130e+003	0.00000000e+000	7.9427e+014	1.0000e-010	0.0000e+000
2.220000e+003	2.05707732e-001	-3.19429227e+000	2.65307891e+003	0.00000000e+000	7.8612e+014	1.0000e-010	0.0000e+000
2.230000e+003	2.05973040e-001	-3.19402696e+000	2.63825938e+003	0.00000000e+000	7.7809e+014	1.0000e-010	0.0000e+000
2.240000e+003	2.06236866e-001	-3.19376313e+000	2.62359033e+003	0.00000000e+000	7.7019e+014	1.0000e-010	0.0000e+000
2.250000e+003	2.06499225e-001	-3.19350078e+000	2.60906939e+003	0.00000000e+000	7.6241e+014	1.0000e-010	0.0000e+000
2.260000e+003	2.06760132e-001	-3.19323987e+000	2.59469427e+003	0.00000000e+000	7.5476e+014	1.0000e-010	0.0000e+000
2.270000e+003	2.07019601e-001	-3.19298040e+000	2.58046270e+003	0.00000000e+000	7.4722e+014	1.0000e-010	0.0000e+000
2.280000e+003	2.07277647e-001	-3.19272235e+000	2.56637248e+003	0.00000000e+000	7.3980e+014	1.0000e-010	0.0000e+000
2.290000e+003	2.07534285e-001	-3.19246572e+000	2.55242144e+003	0.00000000e+000	7.3249e+014	1.0000e-010	0.0000e+000
2.300000e+003	2.07789527e-001	-3.19221047e+000	2.53860747e+003	0.00000000e+000	7.2529e+014	1.0000e-010	0.0000e+000
2.310000e+003	2.08043387e-001	-3.19195661e+000	2.52492849e+003	0.00000000e+000	7.1820e+014	1.0000e-010	0.0000e+000
2.320000e+003	2.08295880e-001	-3.19170412e+000	2.51138245e+003	0.00000000e+000	7.1122e+014	1.0000e-010	0.0000e+000
2.330000e+003	2.08547019e-001	-3.19145298e+000	2.49796737e+003	0.00000000e+000	7.0435e+014	1.0000e-010	0.0000e+000
2.340000e+003	2.08796815e-001	-3.19120318e+000	2.48468129e+003	0.00000000e+000	6.9757e+014	1.0000e-010	0.0000e+000
2.350000e+003	2.09045283e-001	-3.19095472e+000	2.47152230e+003	0.00000000e+000	6.9090e+014	1.0000e-010	0.0000e+000
2.360000e+003	2.09292436e-001	-3.19070756e+000	2.45848850e+003	0.00000000e+000	6.8433e+014	1.0000e-010	0.0000e+000
2.370000e+003	2.09538285e-001	-3.19046172e+000	2.44557807e+003	0.00000000e+000	6.7785e+014	1.0000e-010	0.0000e+000
2.380000e+003	2.09782842e-001	-3.19021716e+000	2.43278920e+003	0.00000000e+000	6.7147e+014	1.0000e-010	0.0000e+000
2.390000e+003	2.10026121e-001	-3.18997388e+000	2.42012011e+003	0.00000000e+000	6.6518e+014	1.0000e-010	0.0000e+000
2.400000e+003	2.10268133e-001	-3.18973187e+000	2.40756907e+003	0.00000000e+000	6.5898e+014	1.0000e-010	0.0000e+000
2.410000e+003	2.10508890e-001	-3.18949111e+000	2.39513437e+003	0.00000000e+000	6.5287e+014	1.0000e-010	0.0000e+000
2.420000e+003	2.10748404e-001	-3.18925160e+000	2.38281435e+003	0.00000000e+000	6.4685e+014	1.0000e-010	0.0000e+000
2.430000e+003	2.10986685e-001	-3.18901331e+000	2.37060735e+003	0.00000000e+000	6.4092e+014	1.0000e-010	0.0000e+000
2.440000e+003	2.11223746e-001	-3.18877625e+000	2.35851179e+003	0.00000000e+000	6.3506e+014	1.0000e-010	0.0000e+000
2.450000e+003	2.11459597e-001	-3.18854040e+000	2.34652607e+003	0.00000000e+000	6.2930e+014	1.0000e-010	0.0000e+000
2.460000e+003	2.11694250e-001	-3.18830575e+000	2.33464865e+003	0.00000000e+000	6.2361e+014	1.0000e-010	0.0000e+000
2.470000e+003	2.11927714e-001	-3.18807229e+000	2.32287801e+003	0.00000000e+000	6.1800e+014	1.0000e-010	0.0000e+000
2.480000e+003	2.12160002e-001	-3.18784000e+000	2.31121266e+003	0.00000000e+000	6.1248e+014	1.0000e-010	0.0000e+000
2.490000e+003	2.12391123e-001	-3.18760888e+000	2.29965114e+003	0.00000000e+000	6.0702e+014	1.0000e-010	0.0000e+000
2.500000e+003	2.12621089e-001	-3.18737891e+000	2.28819200e+003	0.00000000e+000	6.0165e+014	1.0000e-010	0.0000e+000
2.510000e+003	2.12849908e-001	-3.18715009e+000	2.27683384e+003	0.00000000e+000	5.9635e+014	1.0000e-010	0.0000e+000
2.520000e+003	2.13077591e-001	-3.18692241e+000	2.26557528e+003	0.00000000e+000	5.9112e+014	1.0000e-010	0.0000e+000
2.530000e+003	2.13304149e-001	-3.18669585e+000	2.25441495e+003	0.00000000e+000	5.8596e+014	1.0000e-010	0.0000e+000
2.540000e+003	2.13529590e-001	-3.18647041e+000	2.24335153e+003	0.00000000e+000	5.8087e+014	1.0000e-010	0.0000e+000
2.550000e+003	2.13753925e-001	-3.18624607e+000	2.23238369e+003	0.00000000e+000	5.7585e+014	1.0000e-010	0.0000e+000
2.560000e+003	2.13977164e-001	-3.18602284e+000	2.22151015e+003	0.00000000e+000	5.7090e+014	1.0000e-010	0.0000e+000
2.570000e+003	2.14199315e-001	-3.18580069e+000	2.21072965e+003	0.00000000e+000	5.6602e+014	1.0000e-010	0.0000e+000
2.580000e+003	2.14420388e-001	-3.18557961e+000	2.20004095e+003	0.00000000e+000	5.6120e+014	1.0000e-010	0.0000e+000
2.590000e+003	2.14640392e-001	-3.18535961e+000	2.18944283e+003	0.00000000e+000	5.5644e+014	1.0000e-010	0.0000e+000
2.600000e+003	2.14859336e-001	-3.18514066e+000	2.17893408e+003	0.00000000e+000	5.5175e+014	1.0000e-010	0.0000e+000
2.610000e+003	2.15077230e-001	-3.18492277e+000	2.16851353e+003	0.00000000e+000	5.4712e+014	1.0000e-010	0.0000e+000
2.620000e+003	2.15294081e-001	-3.18470592e+000	2.15818003e+003	0.00000000e+000	5.4255e+014	1.0000e-010	0.0000e+000
2.630000e+003	2.15509899e-001	-3.18449010e+000	2.14793244e+003	0.00000000e+000	5.3804e+014	1.0000e-010	0.0000e+000
2.640000e+003	2.15724692e-001	-3.18427531e+000	2.13776963e+003	0.00000000e+000	5.3358e+014	1.0000e-010	0.0000e+000
2.650000e+003	2.15938469e-001	-3.18406153e+000	2.12769052e+003	0.00000000e+000	5.2919e+014	1.0000e-010	0.0000e+000
2.660000e+003	2.16151238e-001	-3.18384876e+000	2.11769402e+003	0.00000000e+000	5.2485e+014	1.0000e-010	0.0000e+000
2.670000e+003	2.16363008e-001	-3.18363699e+000	2.10777907e+003	0.00000000e+000	5.2057e+014	1.0000e-010	0.0000e+000
2.680000e+003	2.16573785e-001	-3.18342621e+000	2.09794464e+003	0.00000000e+000	5.1634e+014	1.0000e-010	0.0000e+000
2.690000e+003	2.16783580e-001	-3.18321642e+000	2.08818969e+003	0.00000000e+000	5.1217e+014	1.0000e-010	0.0000e+000
2.700000e+003	2.16992399e-001	-3.18300760e+000	2.07851321e+003	0.00000000e+000	5.0805e+014	1.0000e-010	0.0000e+000
2.710000e+003	2.17200250e-001	-3.18279975e+000	2.06891423e+003	0.00000000e+000	5.0398e+014	1.0000e-010	0.0000e+000
2.720000e+003	2.17407142e-001	-3.18259286e+000	2.05939176e+003	0.00000000e+000	4.9996e+014	1.0000e-010	0.0000e+000
2.730000e+003	2.17613081e-001	-3.18238692e+000	2.04994484e+003	0.00000000e+000	4.9600e+014	1.0000e-010	0.0000e+000
2.740000e+003	2.17818075e-001	-3.18218192e+000	2.04057254e+003	0.00000000e+000	4.9208e+014	1.0000e-010	0.0000e+000
2.750000e+003	2.18022133e-001	-3.18197787e+000	2.03127393e+003	0.00000000e+000	4.8821e+014	1.0000e-010	0.0000e+000
2.760000e+003	2.18225260e-001	-3.18177474e+000	2.02204809e+003	0.00000000e+000	4.8439e+014	1.0000e-010	0.0000e+000
2.770000e+003	2.18427465e-001	-3.18157254e+000	2.01289413e+003	0.00000000e+000	4.8061e+014	1.0000e-010	0.0000e+000
2.780000e+003	2.18628754e-001	-3.18137125e+000	2.00381116e+003	0.00000000e+000	4.7689e+014	1.0000e-010	0.0000e+000
2.790000e+003	2.18829135e-001	-3.18117086e+000	1.99479833e+003	0.00000000e+000	4.7320e+014	1.0000e-010	0.0000e+000
2.800000e+003	2.19028615e-001	-3.18097138e+000	1.98585478e+003	0.00000000e+000	4.6957e+014	1.0000e-010	0.0000e+000
2.810000e+003	2.19227201e-001	-3.18077280e+000	1.97697966e+003	0.00000000e+000	4.6597e+014	1.0000e-010	0.0000e+000
2.820000e+003	2.19424899e-001	-3.18057510e+000	1.96817216e+003	0.00000000e+000	4.6242e+014	1.0000e-010	0.0000e+000
2.830000e+003	2.19621716e-001	-3.18037828e+000	1.95943146e+003	0.00000000e+000	4.5892e+014	1.0000e-010	0.0000e+000
2.840000e+003	2.19817659e-001	-3.18018234e+000	1.95075675e+003	0.00000000e+000	4.5545e+014	1.0000e-010	0.0000e+000
2.850000e+003	2.20012735e-001	-3.17998727e+000	1.94214726e+003	0.00000000e+000	4.5203e+014	1.0000e-010	0.0000e+000
2.860000e+003	2.20206949e-001	-3.17979305e+000	1.93360220e+003	0.00000000e+000	4.4864e+014	1.0000e-010	0.0000e+000
2.870000e+003	2.20400310e-001	-3.17959969e+000	1.92512082e+003	0.00000000e+000	4.4530e+014	1.0000e-010	0.0000e+000
2.880000e+003	2.20592822e-001	-3.17940718e+000	1.91670236e+003	0.00000000e+000	4.4200e+014	1.0000e-010	0.0000e+000
2.890000e+003	2.20784492e-001	-3.17921551e+000	1.90834608e+003	0.00000000e+000	4.3873e+014	1.0000e-010	0.0000e+000
2.900000e+003	2.20975326e-001	-3.17902467e+000	1.90005127e+003	0.00000000e+000	4.3550e+014	1.0000e-010	0.0000e+000
2.910000e+003	2.21165332e-001	-3.17883467e+000	1.89181719e+003	0.00000000e+000	4.3232e+014	1.0000e-010	0.0000e+000
2.920000e+003	2.21354513e-001	-3.17864549e+000	1.88364315e+003	0.00000000e+000	4.2916e+014	1.0000e-010	0.0000e+000
2.930000e+003	2.21542878e-001	-3.17845712e+000	1.87552845e+003	0.00000000e+000	4.2605e+014	1.0000e-010	0.0000e+000
2.940000e+003	2.21730430e-001	-3.17826957e+000	1.86747241e+003	0.00000000e+000	4.2297e+014	1.0000e-010	0.0000e+000
2.950000e+003	2.21917178e-001	-3.17808282e+000	1.85947436e+003	0.00000000e+000	4.1992e+014	1.0000e-010	0.0000e+000
2.960000e+003	2.22103125e-001	-3.17789687e+000	1.85153363e+003	0.00000000e+000	4.1691e+014	1.0000e-010	0.0000e+000
2.970000e+003	2.22288278e-001	-3.17771172e+000	1.84364956e+003	0.00000000e+000	4.1394e+014	1.0000e-010	0.0000e+000
2.980000e+003	2.22472643e-001	-3.17752736e+000	1.83582152e+003	0.00000000e+000	4.1100e+014	1.0000e-010	0.0000e+000
2.990000e+003	2.22656226e-001	-3.17734377e+000	1.82804888e+003	0.00000000e+000	4.0809e+014	1.0000e-010	0.0000e+000
3.000000e+003	2.22839030e-001	-3.17716097e+000	1.82033100e+003	0.00000000e+000	4.0521e+014	1.0000e-010	0.0000e+000
3.010000e+003	2.23021064e-001	-3.17697894e+000	1.81266727e+003	0.00000000e+000	4.0237e+014	1.0000e-010	0.0000e+000
3.020000e+003	2.23202330e-001	-3.17679767e+000	1.80505710e+003	0.00000000e+000	3.9956e+014	1.0000e-010	0.0000e+000
3.030000e+003	2.23382836e-001	-3.17661716e+000	1.79749987e+003	0.00000000e+000	3.9678e+014	1.0000e-010	0.0000e+000
3.040000e+003	2.23562586e-001	-3.17643741e+000	1.78999501e+003	0.00000000e+000	3.9403e+014	1.0000e-010	0.0000e+000
3.050000e+003	2.23741586e-001	-3.17625841e+000	1.78254193e+003	0.00000000e+000	3.9131e+014	1.0000e-010	0.0000e+000
3.060000e+003	2.23919840e-001	-3.17608016e+000	1.77514007e+003	0.00000000e+000	3.8862e+014	1.0000e-010	0.0000e+000
3.070000e+003	2.24097354e-001	-3.17590265e+000	1.76778885e+003	0.00000000e+000	3.8596e+014	1.0000e-010	0.0000e+000
3.080000e+003	2.24274133e-001	-3.17572587e+000	1.76048774e+003	0.00000000e+000	3.8333e+014	1.0000e-010	0.0000e+000
3.090000e+003	2.24450181e-001	-3.17554982e+000	1.75323617e+003	0.00000000e+000	3.8073e+014	1.0000e-010	0.0000e+000
3.100000e+003	2.24625505e-001	-3.17537450e+000	1.74603362e+003	0.00000000e+000	3.7816e+014	1.0000e-010	0.0000e+000
3.110000e+003	2.24800108e-001	-3.17519989e+000	1.73887955e+003	0.00000000e+000	3.7561e+014	1.0000e-010	0.0000e+000
3.120000e+003	2.24973996e-001	-3.17502600e+000	1.73177344e+003	0.00000000e+000	3.7309e+014	1.0000e-010	0.0000e+000
3.130000e+003	2.25147174e-001	-3.17485283e+000	1.72471477e+003	0.00000000e+000	3.7060e+014	1.0000e-010	0.0000e+000
3.140000e+003	2.25319645e-001	-3.17468035e+000	1.71770303e+003	0.00000000e+000	3.6814e+014	1.0000e-010	0.0000e+000
3.150000e+003	2.25491415e-001	-3.17450858e+000	1.71073773e+003	0.00000000e+000	3.6570e+014	1.0000e-010	0.0000e+000
3.160000e+003	2.25662489e-001	-3.17433751e+000	1.70381837e+003	0.00000000e+000	3.6329e+014	1.0000e-010	0.0000e+000
3.170000e+003	2.25832871e-001	-3.17416713e+000	1.69694447e+003	0.00000000e+000	3.6090e+014	1.0000e-010	0.0000e+000
3.180000e+003	2.26002565e-001	-3.17399743e+000	1.69011553e+003	0.00000000e+000	3.5854e+014	1.0000e-010	0.0000e+000
3.190000e+003	2.26171577e-001	-3.17382842e+000	1.68333110e+003	0.00000000e+000	3.5620e+014	1.0000e-010	0.0000e+000
3.200000e+003	2.26339910e-001	-3.17366009e+000	1.67659070e+003	0.00000000e+000	3.5389e+014	1.0000e-010	0.0000e+000
3.210000e+003	2.26507569e-001	-3.17349243e+000	1.66989387e+003	0.00000000e+000	3.5160e+014	1.0000e-010	0.0000e+000
3.220000e+003	2.26674559e-001	-3.17332544e+000	1.66324016e+003	0.00000000e+000	3.4934e+014	1.0000e-010	0.0000e+000
3.230000e+003	2.26840883e-001	-3.17315912e+000	1.65662912e+003	0.00000000e+000	3.4710e+014	1.0000e-010	0.0000e+000
3.240000e+003	2.27006546e-001	-3.17299345e+000	1.65006031e+003	0.00000000e+000	3.4488e+014	1.0000e-010	0.0000e+000
3.250000e+003	2.27171552e-001	-3.17282845e+000	1.64353330e+003	0.00000000e+000	3.4269e+014	1.0000e-010	0.0000e+000
3.260000e+003	2.27335905e-001	-3.17266410e+000	1.63704764e+003	0.00000000e+000	3.4051e+014	1.0000e-010	0.0000e+000
3.270000e+003	2.27499610e-001	-3.17250039e+000	1.63060293e+003	0.00000000e+000	3.3837e+014	1.0000e-010	0.0000e+000
3.280000e+003	2.27662670e-001	-3.17233733e+000	1.62419874e+003	0.00000000e+000	3.3624e+014	1.0000e-010	0.0000e+000
3.290000e+003	2.27825090e-001	-3.17217491e+000	1.61783465e+003	0.00000000e+000	3.3413e+014	1.0000e-010	0.0000e+000
3.300000e+003	2.27986873e-001	-3.17201313e+000	1.61151027e+003	0.00000000e+000	3.3205e+014	1.0000e-010	0.0000e+000
3.310000e+003	2.28148024e-001	-3.17185198e+000	1.60522520e+003	0.00000000e+000	3.2998e+014	1.0000e-010	0.0000e+000
3.320000e+003	2.28308547e-001	-3.17169145e+000	1.59897902e+003	0.00000000e+000	3.2794e+014	1.0000e-010	0.0000e+000
3.330000e+003	2.28468445e-001	-3.17153156e+000	1.59277136e+003	0.00000000e+000	3.2592e+014	1.0000e-010	0.0000e+000
3.340000e+003	2.28627722e-001	-3.17137228e+000	1.58660183e+003	0.00000000e+000	3.2392e+014	1.0000e-010	0.0000e+000
3.350000e+003	2.28786382e-001	-3.17121362e+000	1.58047005e+003	0.00000000e+000	3.2194e+014	1.0000e-010	0.0000e+000
3.360000e+003	2.28944429e-001	-3.17105557e+000	1.57437564e+003	0.00000000e+000	3.1997e+014	1.0000e-010	0.0000e+000
3.370000e+003	2.29101867e-001	-3.17089813e+000	1.56831823e+003	0.00000000e+000	3.1803e+014	1.0000e-010	0.0000e+000
3.380000e+003	2.29258698e-001	-3.17074130e+000	1.56229746e+003	0.00000000e+000	3.1611e+014	1.0000e-010	0.0000e+000
3.390000e+003	2.29414928e-001	-3.17058507e+000	1.55631296e+003	0.00000000e+000	3.1420e+014	1.0000e-010	0.0000e+000
3.400000e+003	2.29570559e-001	-3.17042944e+000	1.55036438e+003	0.00000000e+000	3.1232e+014	1.0000e-010	0.0000e+000
3.410000e+003	2.29725596e-001	-3.17027440e+000	1.54445137e+003	0.00000000e+000	3.1045e+014	1.0000e-010	0.0000e+000
3.420000e+003	2.29880041e-001	-3.17011996e+000	1.53857358e+003	0.00000000e+000	3.0860e+014	1.0000e-010	0.0000e+000
3.430000e+003	2.30033898e-001	-3.16996610e+000	1.53273067e+003	0.00000000e+000	3.0677e+014	1.0000e-010	0.0000e+000
3.440000e+003	2.30187171e-001	-3.16981283e+000	1.52692229e+003	0.00000000e+000	3.0495e+014	1.0000e-010	0.0000e+000
3.450000e+003	2.30339864e-001	-3.16966014e+000	1.52114813e+003	0.00000000e+000	3.0316e+014	1.0000e-010	0.0000e+000
3.460000e+003	2.30491979e-001	-3.16950802e+000	1.51540783e+003	0.00000000e+000	3.0138e+014	1.0000e-010	0.0000e+000
3.470000e+003	2.30643519e-001	-3.16935648e+000	1.50970109e+003	0.00000000e+000	2.9962e+014	1.0000e-010	0.0000e+000
3.480000e+003	2.30794489e-001	-3.16920551e+000	1.50402758e+003	0.00000000e+000	2.9787e+014	1.0000e-010	0.0000e+000
3.490000e+003	2.30944892e-001	-3.16905511e+000	1.49838698e+003	0.00000000e+000	2.9615e+014	1.0000e-010	0.0000e+000
3.500000e+003	2.31094731e-001	-3.16890527e+000	1.49277897e+003	0.00000000e+000	2.9443e+014	1.0000e-010	0.0000e+000
3.510000e+003	2.31244009e-001	-3.16875599e+000	1.48720326e+003	0.00000000e+000	2.9274e+014	1.0000e-010	0.0000e+000
3.520000e+003	2.31392729e-001	-3.16860727e+000	1.48165953e+003	0.00000000e+000	2.9106e+014	1.0000e-010	0.0000e+000
3.530000e+003	2.31540895e-001	-3.16845910e+000	1.47614748e+003	0.00000000e+000	2.8940e+014	1.0000e-010	0.0000e+000
3.540000e+003	2.31688510e-001	-3.16831149e+000	1.47066682e+003	0.00000000e+000	2.8775e+014	1.0000e-010	0.0000e+000
3.550000e+003	2.31835576e-001	-3.16816442e+000	1.46521725e+003	0.00000000e+000	2.8612e+014	1.0000e-010	0.0000e+000
3.560000e+003	2.31982098e-001	-3.16801790e+000	1.45979847e+003	0.00000000e+000	2.8450e+014	1.0000e-010	0.0000e+000
3.570000e+003	2.32128078e-001	-3.16787192e+000	1.45441021e+003	0.00000000e+000	2.8290e+014	1.0000e-010	0.0000e+000
3.580000e+003	2.32273519e-001	-3.16772648e+000	1.44905218e+003	0.00000000e+000	2.8131e+014	1.0000e-010	0.0000e+000
3.590000e+003	2.32418424e-001	-3.16758158e+000	1.44372409e+003	0.00000000e+000	2.7974e+014	1.0000e-010	0.0000e+000
3.600000e+003	2.32562797e-001	-3.16743720e+000	1.43842568e+003	0.00000000e+000	2.7818e+014	1.0000e-010	0.0000e+000
3.610000e+003	2.32706639e-001	-3.16729336e+000	1.43315666e+003	0.00000000e+000	2.7664e+014	1.0000e-010	0.0000e+000
3.620000e+003	2.32849955e-001	-3.16715005e+000	1.42791678e+003	0.00000000e+000	2.7511e+014	1.0000e-010	0.0000e+000
3.630000e+003	2.32992747e-001	-3.16700725e+000	1.42270576e+003	0.00000000e+000	2.7359e+014	1.0000e-010	0.0000e+000
3.640000e+003	2.33135017e-001	-3.16686498e+000	1.41752333e+003	0.00000000e+000	2.7209e+014	1.0000e-010	0.0000e+000
3.650000e+003	2.33276770e-001	-3.16672323e+000	1.41236925e+003	0.00000000e+000	2.7060e+014	1.0000e-010	0.0000e+000
3.660000e+003	2.33418006e-001	-3.16658199e+000	1.40724324e+003	0.00000000e+000	2.6913e+014	1.0000e-010	0.0000e+000
3.670000e+003	2.33558731e-001	-3.16644127e+000	1.40214507e+003	0.00000000e+000	2.6767e+014	1.0000e-010	0.0000e+000
3.680000e+003	2.33698945e-001	-3.16630105e+000	1.39707447e+003	0.00000000e+000	2.6622e+014	1.0000e-010	0.0000e+000
3.690000e+003	2.33838653e-001	-3.16616135e+000	1.39203120e+003	0.00000000e+000	2.6478e+014	1.0000e-010	0.0000e+000
3.700000e+003	2.33977856e-001	-3.16602214e+000	1.38701501e+003	0.00000000e+000	2.6336e+014	1.0000e-010	0.0000e+000
3.710000e+003	2.34116557e-001	-3.16588344e+000	1.38202566e+003	0.00000000e+000	2.6195e+014	1.0000e-010	0.0000e+000
3.720000e+003	2.34254760e-001	-3.16574524e+000	1.37706292e+003	0.00000000e+000	2.6056e+014	1.0000e-010	0.0000e+000
3.730000e+003	2.34392466e-001	-3.16560753e+000	1.37212654e+003	0.00000000e+000	2.5917e+014	1.0000e-010	0.0000e+000
3.740000e+003	2.34529679e-001	-3.16547032e+000	1.36721629e+003	0.00000000e+000	2.5780e+014	1.0000e-010	0.0000e+000
3.750000e+003	2.34666400e-001	-3.16533360e+000	1.36233194e+003	0.00000000e+000	2.5644e+014	1.0000e-010	0.0000e+000
3.760000e+003	2.34802634e-001	-3.16519737e+000	1.35747326e+003	0.00000000e+000	2.5509e+014	1.0000e-010	0.0000e+000
3.770000e+003	2.34938381e-001	-3.16506162e+000	1.35264002e+003	0.00000000e+000	2.5376e+014	1.0000e-010	0.0000e+000
3.780000e+003	2.35073645e-001	-3.16492635e+000	1.34783201e+003	0.00000000e+000	2.5243e+014	1.0000e-010	0.0000e+000
3.790000e+003	2.35208428e-001	-3.16479157e+000	1.34304901e+003	0.00000000e+000	2.5112e+014	1.0000e-010	0.0000e+000
3.800000e+003	2.35342733e-001	-3.16465727e+000	1.33829078e+003	0.00000000e+000	2.4982e+014	1.0000e-010	0.0000e+000
3.810000e+003	2.35476562e-001	-3.16452344e+000	1.33355713e+003	0.00000000e+000	2.4853e+014	1.0000e-010	0.0000e+000
3.820000e+003	2.35609918e-001	-3.16439008e+000	1.32884783e+003	0.00000000e+000	2.4725e+014	1.0000e-010	0.0000e+000
3.830000e+003	2.35742803e-001	-3.16425720e+000	1.32416267e+003	0.00000000e+000	2.4598e+014	1.0000e-010	0.0000e+000
3.840000e+003	2.35875219e-001	-3.16412478e+000	1.31950145e+003	0.00000000e+000	2.4472e+014	1.0000e-010	0.0000e+000
3.850000e+003	2.36007169e-001	-3.16399283e+000	1.31486396e+003	0.00000000e+000	2.4348e+014	1.0000e-010	0.0000e+000
3.860000e+003	2.36138655e-001	-3.16386134e+000	1.31025000e+003	0.00000000e+000	2.4224e+014	1.0000e-010	0.0000e+000
3.870000e+003	2.36269680e-001	-3.16373032e+000	1.30565937e+003	0.00000000e+000	2.4102e+014	1.0000e-010	0.0000e+000
3.880000e+003	2.36400246e-001	-3.16359975e+000	1.30109186e+003	0.00000000e+000	2.3980e+014	1.0000e-010	0.0000e+000
3.890000e+003	2.36530356e-001	-3.16346964e+000	1.29654728e+003	0.00000000e+000	2.3860e+014	1.0000e-010	0.0000e+000
3.900000e+003	2.36660010e-001	-3.16333999e+000	1.29202543e+003	0.00000000e+000	2.3741e+014	1.0000e-010	0.0000e+000
3.910000e+003	2.36789213e-001	-3.16321079e+000	1.28752613e+003	0.00000000e+000	2.3622e+014	1.0000e-010	0.0000e+000
3.920000e+003	2.36917966e-001	-3.16308203e+000	1.28304918e+003	0.00000000e+000	2.3505e+014	1.0000e-010	0.0000e+000
3.930000e+003	2.37046270e-001	-3.16295373e+000	1.27859440e+003	0.00000000e+000	2.3389e+014	1.0000e-010	0.0000e+000
3.940000e+003	2.37174130e-001	-3.16282587e+000	1.27416159e+003	0.00000000e+000	2.3273e+014	1.0000e-010	0.0000e+000
3.950000e+003	2.37301546e-001	-3.16269845e+000	1.26975058e+003	0.00000000e+000	2.3159e+014	1.0000e-010	0.0000e+000
3.960000e+003	2.37428521e-001	-3.16257148e+000	1.26536118e+003	0.00000000e+000	2.3045e+014	1.0000e-010	0.0000e+000
3.970000e+003	2.37555057e-001	-3.16244494e+000	1.26099321e+003	0.00000000e+000	2.2933e+014	1.0000e-010	0.0000e+000
3.980000e+003	2.37681157e-001	-3.16231884e+000	1.25664650e+003	0.00000000e+000	2.2821e+014	1.0000e-010	0.0000e+000
3.990000e+003	2.37806821e-001	-3.16219318e+000	1.25232086e+003	0.00000000e+000	2.2711e+014	1.0000e-010	0.0000e+000
4.000000e+003	2.37932053e-001	-3.16206795e+000	1.24801613e+003	0.00000000e+000	2.2601e+014	1.0000e-010	0.0000e+000
4.010000e+003	2.38056855e-001	-3.16194315e+000	1.24373213e+003	0.00000000e+000	2.2492e+014	1.0000e-010	0.0000e+000
4.020000e+003	2.38181228e-001	-3.16181877e+000	1.23946868e+003	0.00000000e+000	2.2384e+014	1.0000e-010	0.0000e+000
4.030000e+003	2.38305175e-001	-3.16169483e+000	1.23522564e+003	0.00000000e+000	2.2277e+014	1.0000e-010	0.0000e+000
4.040000e+003	2.38428698e-001	-3.16157130e+000	1.23100281e+003	0.00000000e+000	2.2171e+014	1.0000e-010	0.0000e+000
4.050000e+003	2.38551798e-001	-3.16144820e+000	1.22680005e+003	0.00000000e+000	2.2065e+014	1.0000e-010	0.0000e+000
4.060000e+003	2.38674478e-001	-3.16132552e+000	1.22261718e+003	0.00000000e+000	2.1961e+014	1.0000e-010	0.0000e+000
4.070000e+003	2.38796740e-001	-3.16120326e+000	1.21845405e+003	0.00000000e+000	2.1857e+014	1.0000e-010	0.0000e+000
4.080000e+003	2.38918585e-001	-3.16108142e+000	1.21431049e+003	0.00000000e+000	2.1755e+014	1.0000e-010	0.0000e+000
4.090000e+003	2.39040016e-001	-3.16095998e+000	1.21018636e+003	0.00000000e+000	2.1653e+014	1.0000e-010	0.0000e+000
4.100000e+003	2.39161035e-001	-3.16083897e+000	1.20608148e+003	0.00000000e+000	2.1551e+014	1.0000e-010	0.0000e+000
4.110000e+003	2.39281643e-001	-3.16071836e+000	1.20199571e+003	0.00000000e+000	2.1451e+014	1.0000e-010	0.0000e+000
4.120000e+003	2.39401842e-001	-3.16059816e+000	1.19792889e+003	0.00000000e+000	2.1352e+014	1.0000e-010	0.0000e+000
4.130000e+003	2.39521635e-001	-3.16047836e+000	1.19388087e+003	0.00000000e+000	2.1253e+014	1.0000e-010	0.0000e+000
4.140000e+003	2.39641023e-001	-3.16035898e+000	1.18985150e+003	0.00000000e+000	2.1155e+014	1.0000e-010	0.0000e+000
4.150000e+003	2.39760008e-001	-3.16023999e+000	1.18584064e+003	0.00000000e+000	2.1058e+014	1.0000e-010	0.0000e+000
4.160000e+003	2.39878593e-001	-3.16012141e+000	1.18184813e+003	0.00000000e+000	2.0962e+014	1.0000e-010	0.0000e+000
4.170000e+003	2.39996777e-001	-3.16000322e+000	1.17787383e+003	0.00000000e+000	2.0866e+014	1.0000e-010	0.0000e+000
4.180000e+003	2.40114565e-001	-3.15988544e+000	1.17391760e+003	0.00000000e+000	2.0771e+014	1.0000e-010	0.0000e+000
4.190000e+003	2.40231956e-001	-3.15976804e+000	1.16997930e+003	0.00000000e+000	2.0677e+014	1.0000e-010	0.0000e+000
4.200000e+003	2.40348954e-001	-3.15965105e+000	1.16605877e+003	0.00000000e+000	2.0584e+014	1.0000e-010	0.0000e+000
4.210000e+003	2.40465560e-001	-3.15953444e+000	1.16215589e+003	0.00000000e+000	2.0491e+014	1.0000e-010	0.0000e+000
4.220000e+003	2.40581776e-001	-3.15941822e+000	1.15827052e+003	0.00000000e+000	2.0399e+014	1.0000e-010	0.0000e+000
4.230000e+003	2.40697603e-001	-3.15930240e+000	1.15440252e+003	0.00000000e+000	2.0308e+014	1.0000e-010	0.0000e+000
4.240000e+003	2.40813043e-001	-3.15918696e+000	1.15055175e+003	0.00000000e+000	2.0217e+014	1.0000e-010	0.0000e+000
4.250000e+003	2.40928098e-001	-3.15907190e+000	1.14671807e+003	0.00000000e+000	2.0128e+014	1.0000e-010	0.0000e+000
4.260000e+003	2.41042770e-001	-3.15895723e+000	1.14290137e+003	0.00000000e+000	2.0038e+014	1.0000e-010	0.0000e+000
4.270000e+003	2.41157060e-001	-3.15884294e+000	1.13910150e+003	0.00000000e+000	1.9950e+014	1.0000e-010	0.0000e+000
4.280000e+003	2.41270970e-001	-3.15872903e+000	1.13531834e+003	0.00000000e+000	1.9862e+014	1.0000e-010	0.0000e+000
4.290000e+003	2.41384502e-001	-3.15861550e+000	1.13155176e+003	0.00000000e+000	1.9775e+014	1.0000e-010	0.0000e+000
4.300000e+003	2.41497657e-001	-3.15850234e+000	1.12780163e+003	0.00000000e+000	1.9689e+014	1.0000e-010	0.0000e+000
4.310000e+003	2.41610438e-001	-3.15838956e+000	1.12406782e+003	0.00000000e+000	1.9603e+014	1.0000e-010	0.0000e+000
4.320000e+003	2.41722844e-001	-3.15827716e+000	1.12035021e+003	0.00000000e+000	1.9518e+014	1.0000e-010	0.0000e+000
4.330000e+003	2.41834879e-001	-3.15816512e+000	1.11664868e+003	0.00000000e+000	1.9434e+014	1.0000e-010	0.0000e+000
4.340000e+003	2.41946544e-001	-3.15805346e+000	1.11296310e+003	0.00000000e+000	1.9350e+014	1.0000e-010	0.0000e+000
4.350000e+003	2.42057841e-001	-3.15794216e+000	1.10929335e+003	0.00000000e+000	1.9267e+014	1.0000e-010	0.0000e+000
4.360000e+003	2.42168770e-001	-3.15783123e+000	1.10563932e+003	0.00000000e+000	1.9184e+014	1.0000e-010	0.0000e+000
4.370000e+003	2.42279334e-001	-3.15772067e+000	1.10200088e+003	0.00000000e+000	1.9103e+014	1.0000e-010	0.0000e+000
4.380000e+003	2.42389534e-001	-3.15761047e+000	1.09837792e+003	0.00000000e+000	1.9021e+014	1.0000e-010	0.0000e+000
4.390000e+003	2.42499372e-001	-3.15750063e+000	1.09477031e+003	0.00000000e+000	1.8941e+014	1.0000e-010	0.0000e+000
4.400000e+003	2.42608849e-001	-3.15739115e+000	1.09117796e+003	0.00000000e+000	1.8861e+014	1.0000e-010	0.0000e+000
4.410000e+003	2.42717967e-001	-3.15728203e+000	1.08760073e+003	0.00000000e+000	1.8781e+014	1.0000e-010	0.0000e+000
4.420000e+003	2.42826727e-001	-3.15717327e+000	1.08403852e+003	0.00000000e+000	1.8702e+014	1.0000e-010	0.0000e+000
4.430000e+003	2.42935130e-001	-3.15706487e+000	1.08049122e+003	0.00000000e+000	1.8624e+014	1.0000e-010	0.0000e+000
4.440000e+003	2.43043180e-001	-3.15695682e+000	1.07695871e+003	0.00000000e+000	1.8546e+014	1.0000e-010	0.0000e+000
4.450000e+003	2.43150875e-001	-3.15684912e+000	1.07344089e+003	0.00000000e+000	1.8469e+014	1.0000e-010	0.0000e+000
4.460000e+003	2.43258220e-001	-3.15674178e+000	1.06993765e+003	0.00000000e+000	1.8393e+014	1.0000e-010	0.0000e+000
4.470000e+003	2.43365213e-001	-3.15663479e+000	1.06644887e+003	0.00000000e+000	1.8317e+014	1.0000e-010	0.0000e+000
4.480000e+003	2.43471858e-001	-3.15652814e+000	1.06297446e+003	0.00000000e+000	1.8241e+014	1.0000e-010	0.0000e+000
4.490000e+003	2.43578156e-001	-3.15642184e+000	1.05951430e+003	0.00000000e+000	1.8167e+014	1.0000e-010	0.0000e+000
4.500000e+003	2.43684107e-001	-3.15631589e+000	1.05606830e+003	0.00000000e+000	1.8092e+014	1.0000e-010	0.0000e+000
4.510000e+003	2.43789714e-001	-3.15621029e+000	1.05263634e+003	0.00000000e+000	1.8018e+014	1.0000e-010	0.0000e+000
4.520000e+003	2.43894978e-001	-3.15610502e+000	1.04921833e+003	0.00000000e+000	1.7945e+014	1.0000e-010	0.0000e+000
4.530000e+003	2.43999899e-001	-3.15600010e+000	1.04581416e+003	0.00000000e+000	1.7873e+014	1.0000e-010	0.0000e+000
4.540000e+003	2.44104481e-001	-3.15589552e+000	1.04242374e+003	0.00000000e+000	1.7800e+014	1.0000e-010	0.0000e+000
4.550000e+003	2.44208723e-001	-3.15579128e+000	1.03904696e+003	0.00000000e+000	1.7729e+014	1.0000e-010	0.0000e+000
4.560000e+003	2.44312628e-001	-3.15568737e+000	1.03568372e+003	0.00000000e+000	1.7658e+014	1.0000e-010	0.0000e+000
4.570000e+003	2.44416196e-001	-3.15558380e+000	1.03233393e+003	0.00000000e+000	1.7587e+014	1.0000e-010	0.0000e+000
4.580000e+003	2.44519430e-001	-3.15548057e+000	1.02899750e+003	0.00000000e+000	1.7517e+014	1.0000e-010	0.0000e+000
4.590000e+003	2.44622329e-001	-3.15537767e+000	1.02567431e+003	0.00000000e+000	1.7447e+014	1.0000e-010	0.0000e+000
4.600000e+003	2.44724897e-001	-3.15527510e+000	1.02236428e+003	0.00000000e+000	1.7378e+014	1.0000e-010	0.0000e+000
4.610000e+003	2.44827133e-001	-3.15517287e+000	1.01906732e+003	0.00000000e+000	1.7310e+014	1.0000e-010	0.0000e+000
4.620000e+003	2.44929040e-001	-3.15507096e+000	1.01578333e+003	0.00000000e+000	1.7242e+014	1.0000e-010	0.0000e+000
4.630000e+003	2.45030618e-001	-3.15496938e+000	1.01251222e+003	0.00000000e+000	1.7174e+014	1.0000e-010	0.0000e+000
4.640000e+003	2.45131870e-001	-3.15486813e+000	1.00925389e+003	0.00000000e+000	1.7107e+014	1.0000e-010	0.0000e+000
4.650000e+003	2.45232795e-001	-3.15476721e+000	1.00600826e+003	0.00000000e+000	1.7040e+014	1.0000e-010	0.0000e+000
4.660000e+003	2.45333396e-001	-3.15466660e+000	1.00277524e+003	0.00000000e+000	1.6974e+014	1.0000e-010	0.0000e+000
4.670000e+003	2.45433673e-001	-3.15456633e+000	9.99554728e+002	0.00000000e+000	1.6908e+014	1.0000e-010	0.0000e+000
4.680000e+003	2.45533629e-001	-3.15446637e+000	9.96346647e+002	0.00000000e+000	1.6843e+014	1.0000e-010	0.0000e+000
4.690000e+003	2.45633263e-001	-3.15436674e+000	9.93150907e+002	0.00000000e+000	1.6778e+014	1.0000e-010	0.0000e+000
4.700000e+003	2.45732579e-001	-3.15426742e+000	9.89967420e+002	0.00000000e+000	1.6714e+014	1.0000e-010	0.0000e+000
4.710000e+003	2.45831575e-001	-3.15416842e+000	9.86796100e+002	0.00000000e+000	1.6650e+014	1.0000e-010	0.0000e+000
4.720000e+003	2.45930255e-001	-3.15406975e+000	9.83636862e+002	0.00000000e+000	1.6587e+014	1.0000e-010	0.0000e+000
4.730000e+003	2.46028619e-001	-3.15397138e+000	9.80489623e+002	0.00000000e+000	1.6524e+014	1.0000e-010	0.0000e+000
4.740000e+003	2.46126668e-001	-3.15387333e+000	9.77354297e+002	0.00000000e+000	1.6461e+014	1.0000e-010	0.0000e+000
4.750000e+003	2.46224403e-001	-3.15377560e+000	9.74230802e+002	0.00000000e+000	1.6399e+014	1.0000e-010	0.0000e+000
4.760000e+003	2.46321826e-001	-3.15367817e+000	9.71119055e+002	0.00000000e+000	1.6337e+014	1.0000e-010	0.0000e+000
4.770000e+003	2.46418938e-001	-3.15358106e+000	9.68018976e+002	0.00000000e+000	1.6276e+014	1.0000e-010	0.0000e+000
4.780000e+003	2.46515740e-001	-3.15348426e+000	9.64930484e+002	0.00000000e+000	1.6215e+014	1.0000e-010	0.0000e+000
4.790000e+003	2.46612233e-001	-3.15338777e+000	9.61853497e+002	0.00000000e+000	1.6155e+014	1.0000e-010	0.0000e+000
4.800000e+003	2.46708418e-001	-3.15329158e+000	9.58787938e+002	0.00000000e+000	1.6095e+014	1.0000e-010	0.0000e+000
4.810000e+003	2.46804297e-001	-3.15319570e+000	9.55733727e+002	0.00000000e+000	1.6035e+014	1.0000e-010	0.0000e+000
4.820000e+003	2.46899870e-001	-3.15310013e+000	9.52690787e+002	0.00000000e+000	1.5976e+014	1.0000e-010	0.0000e+000
4.830000e+003	2.46995139e-001	-3.15300486e+000	9.49659040e+002	0.00000000e+000	1.5917e+014	1.0000e-010	0.0000e+000
4.840000e+003	2.47090105e-001	-3.15290989e+000	9.46638409e+002	0.00000000e+000	1.5859e+014	1.0000e-010	0.0000e+000
4.850000e+003	2.47184769e-001	-3.15281523e+000	9.43628819e+002	0.00000000e+000	1.5801e+014	1.0000e-010	0.0000e+000
4.860000e+003	2.47279132e-001	-3.15272087e+000	9.40630194e+002	0.00000000e+000	1.5743e+014	1.0000e-010	0.0000e+000
4.870000e+003	2.47373195e-001	-3.15262680e+000	9.37642460e+002	0.00000000e+000	1.5686e+014	1.0000e-010	0.0000e+000
4.880000e+003	2.47466959e-001	-3.15253304e+000	9.34665542e+002	0.00000000e+000	1.5629e+014	1.0000e-010	0.0000e+000
4.890000e+003	2.47560426e-001	-3.15243957e+000	9.31699369e+002	0.00000000e+000	1.5573e+014	1.0000e-010	0.0000e+000
4.900000e+003	2.47653596e-001	-3.15234640e+000	9.28743865e+002	0.00000000e+000	1.5517e+014	1.0000e-010	0.0000e+000
4.910000e+003	2.47746470e-001	-3.15225353e+000	9.25798961e+002	0.00000000e+000	1.5461e+014	1.0000e-010	0.0000e+000
4.920000e+003	2.47839050e-001	-3.15216095e+000	9.22864584e+002	0.00000000e+000	1.5406e+014	1.0000e-010	0.0000e+000
4.930000e+003	2.47931337e-001	-3.15206866e+000	9.19940663e+002	0.00000000e+000	1.5351e+014	1.0000e-010	0.0000e+000
4.940000e+003	2.48023331e-001	-3.15197667e+000	9.17027129e+002	0.00000000e+000	1.5297e+014	1.0000e-010	0.0000e+000
4.950000e+003	2.48115033e-001	-3.15188497e+000	9.14123911e+002	0.00000000e+000	1.5242e+014	1.0000e-010	0.0000e+000
4.960000e+003	2.48206446e-001	-3.15179355e+000	9.11230941e+002	0.00000000e+000	1.5189e+014	1.0000e-010	0.0000e+000
4.970000e+003	2.48297569e-001	-3.15170243e+000	9.08348150e+002	0.00000000e+000	1.5135e+014	1.0000e-010	0.0000e+000
4.980000e+003	2.48388404e-001	-3.15161160e+000	9.05475471e+002	0.00000000e+000	1.5082e+014	1.0000e-010	0.0000e+000
4.990000e+003	2.48478951e-001	-3.15152105e+000	9.02612835e+002	0.00000000e+000	1.5029e+014	1.0000e-010	0.0000e+000
5.000000e+003	2.48569213e-001	-3.15143079e+000	8.99760177e+002	0.00000000e+000	1.4977e+014	1.0000e-010	0.0000e+000
5.010000e+003	2.48659189e-001	-3.15134081e+000	8.96917430e+002	0.00000000e+000	1.4925e+014	1.0000e-010	0.0000e+000
5.020000e+003	2.48748880e-001	-3.15125112e+000	8.94084529e+002	0.00000000e+000	1.4873e+014	1.0000e-010	0.0000e+000
5.030000e+003	2.48838289e-001	-3.15116171e+000	8.91261408e+002	0.00000000e+000	1.4822e+014	1.0000e-010	0.0000e+000
5.040000e+003	2.48927415e-001	-3.15107259e+000	8.88448004e+002	0.00000000e+000	1.4771e+014	1.0000e-010	0.0000e+000
5.050000e+003	2.49016260e-001	-3.15098374e+000	8.85644251e+002	0.00000000e+000	1.4720e+014	1.0000e-010	0.0000e+000
5.060000e+003	2.49104824e-001	-3.15089518e+000	8.82850087e+002	0.00000000e+000	1.4670e+014	1.0000e-010	0.0000e+000
5.070000e+003	2.49193109e-001	-3.15080689e+000	8.80065450e+002	0.00000000e+000	1.4620e+014	1.0000e-010	0.0000e+000
5.080000e+003	2.49281116e-001	-3.15071888e+000	8.77290275e+002	0.00000000e+000	1.4570e+014	1.0000e-010	0.0000e+000
5.090000e+003	2.49368845e-001	-3.15063116e+000	8.74524502e+002	0.00000000e+000	1.4521e+014	1.0000e-010	0.0000e+000
5.100000e+003	2.49456297e-001	-3.15054370e+000	8.71768070e+002	0.00000000e+000	1.4472e+014	1.0000e-010	0.0000e+000
5.110000e+003	2.49543474e-001	-3.15045653e+000	8.69020917e+002	0.00000000e+000	1.4423e+014	1.0000e-010	0.0000e+000
5.120000e+003	2.49630376e-001	-3.15036962e+000	8.66282983e+002	0.00000000e+000	1.4375e+014	1.0000e-010	0.0000e+000
5.130000e+003	2.49717004e-001	-3.15028300e+000	8.63554208e+002	0.00000000e+000	1.4327e+014	1.0000e-010	0.0000e+000
5.140000e+003	2.49803360e-001	-3.15019664e+000	8.60834534e+002	0.00000000e+000	1.4279e+014	1.0000e-010	0.0000e+000
5.150000e+003	2.49889443e-001	-3.15011056e+000	8.58123900e+002	0.00000000e+000	1.4231e+014	1.0000e-010	0.0000e+000
5.160000e+003	2.49975256e-001	-3.15002474e+000	8.55422249e+002	0.00000000e+000	1.4184e+014	1.0000e-010	0.0000e+000
5.170000e+003	2.50060798e-001	-3.14993920e+000	8.52729523e+002	0.00000000e+000	1.4137e+014	1.0000e-010	0.0000e+000
5.180000e+003	2.50146071e-001	-3.14985393e+000	8.50045664e+002	0.00000000e+000	1.4091e+014	1.0000e-010	0.0000e+000
5.190000e+003	2.50231075e-001	-3.14976892e+000	8.47370616e+002	0.00000000e+000	1.4044e+014	1.0000e-010	0.0000e+000
5.200000e+003	2.50315812e-001	-3.14968419e+000	8.44704321e+002	0.00000000e+000	1.3998e+014	1.0000e-010	0.0000e+000
5.210000e+003	2.50400283e-001	-3.14959972e+000	8.42046724e+002	0.00000000e+000	1.3953e+014	1.0000e-010	0.0000e+000
5.220000e+003	2.50484487e-001	-3.14951551e+000	8.39397770e+002	0.00000000e+000	1.3907e+014	1.0000e-010	0.0000e+000
5.230000e+003	2.50568427e-001	-3.14943157e+000	8.36757402e+002	0.00000000e+000	1.3862e+014	1.0000e-010	0.0000e+000
5.240000e+003	2.50652103e-001	-3.14934790e+000	8.34125567e+002	0.00000000e+000	1.3818e+014	1.0000e-010	0.0000e+000
5.250000e+003	2.50735516e-001	-3.14926448e+000	8.31502210e+002	0.00000000e+000	1.3773e+014	1.0000e-010	0.0000e+000
5.260000e+003	2.50818666e-001	-3.14918133e+000	8.28887277e+002	0.00000000e+000	1.3729e+014	1.0000e-010	0.0000e+000
5.270000e+003	2.50901555e-001	-3.14909845e+000	8.26280714e+002	0.00000000e+000	1.3685e+014	1.0000e-010	0.0000e+000
5.280000e+003	2.50984183e-001	-3.14901582e+000	8.23682470e+002	0.00000000e+000	1.3641e+014	1.0000e-010	0.0000e+000
5.290000e+003	2.51066551e-001	-3.14893345e+000	8.21092491e+002	0.00000000e+000	1.3598e+014	1.0000e-010	0.0000e+000
5.300000e+003	2.51148660e-001	-3.14885134e+000	8.18510725e+002	0.00000000e+000	1.3555e+014	1.0000e-010	0.0000e+000
5.310000e+003	2.51230511e-001	-3.14876949e+000	8.15937120e+002	0.00000000e+000	1.3512e+014	1.0000e-010	0.0000e+000
5.320000e+003	2.51312105e-001	-3.14868790e+000	8.13371625e+002	0.00000000e+000	1.3469e+014	1.0000e-010	0.0000e+000
5.330000e+003	2.51393442e-001	-3.14860656e+000	8.10814189e+002	0.00000000e+000	1.3427e+014	1.0000e-010	0.0000e+000
5.340000e+003	2.51474523e-001	-3.14852548e+000	8.08264762e+002	0.00000000e+000	1.3385e+014	1.0000e-010	0.0000e+000
5.350000e+003	2.51555350e-001	-3.14844465e+000	8.05723293e+002	0.00000000e+000	1.3343e+014	1.0000e-010	0.0000e+000
5.360000e+003	2.51635922e-001	-3.14836408e+000	8.03189733e+002	0.00000000e+000	1.3302e+014	1.0000e-010	0.0000e+000
5.370000e+003	2.51716241e-001	-3.14828376e+000	8.00664031e+002	0.00000000e+000	1.3260e+014	1.0000e-010	0.0000e+000
5.380000e+003	2.51796308e-001	-3.14820369e+000	7.98146141e+002	0.00000000e+000	1.3219e+014	1.0000e-010	0.0000e+000
5.390000e+003	2.51876122e-001	-3.14812388e+000	7.95636011e+002	0.00000000e+000	1.3179e+014	1.0000e-010	0.0000e+000
5.400000e+003	2.51955686e-001	-3.14804431e+000	7.93133596e+002	0.00000000e+000	1.3138e+014	1.0000e-010	0.0000e+000
5.410000e+003	2.52034999e-001	-3.14796500e+000	7.90638846e+002	0.00000000e+000	1.3098e+014	1.0000e-010	0.0000e+000
5.420000e+003	2.52114063e-001	-3.14788594e+000	7.88151714e+002	0.00000000e+000	1.3058e+014	1.0000e-010	0.0000e+000
5.430000e+003	2.52192878e-001	-3.14780712e+000	7.85672153e+002	0.00000000e+000	1.3018e+014	1.0000e-010	0.0000e+000
5.440000e+003	2.52271445e-001	-3.14772855e+000	7.83200116e+002	0.00000000e+000	1.2979e+014	1.0000e-010	0.0000e+000
5.450000e+003	2.52349765e-001	-3.14765023e+000	7.80735557e+002	0.00000000e+000	1.2939e+014	1.0000e-010	0.0000e+000
5.460000e+003	2.52427839e-001	-3.14757216e+000	7.78278430e+002	0.00000000e+000	1.2900e+014	1.0000e-010	0.0000e+000
5.470000e+003	2.52505667e-001	-3.14749433e+000	7.75828689e+002	0.00000000e+000	1.2862e+014	1.0000e-010	0.0000e+000
5.480000e+003	2.52583250e-001	-3.14741675e+000	7.73386288e+002	0.00000000e+000	1.2823e+014	1.0000e-010	0.0000e+000
5.490000e+003	2.52660588e-001	-3.14733941e+000	7.70951184e+002	0.00000000e+000	1.2785e+014	1.0000e-010	0.0000e+000
5.500000e+003	2.52737683e-001	-3.14726232e+000	7.68523330e+002	0.00000000e+000	1.2747e+014	1.0000e-010	0.0000e+000
5.510000e+003	2.52814536e-001	-3.14718546e+000	7.66102684e+002	0.00000000e+000	1.2709e+014	1.0000e-010	0.0000e+000
5.520000e+003	2.52891146e-001	-3.14710885e+000	7.63689200e+002	0.00000000e+000	1.2671e+014	1.0000e-010	0.0000e+000
5.530000e+003	2.52967515e-001	-3.14703248e+000	7.61282835e+002	0.00000000e+000	1.2634e+014	1.0000e-010	0.0000e+000
5.540000e+003	2.53043643e-001	-3.14695636e+000	7.58883546e+002	0.00000000e+000	1.2597e+014	1.0000e-010	0.0000e+000
5.550000e+003	2.53119532e-001	-3.14688047e+000	7.56491289e+002	0.00000000e+000	1.2560e+014	1.0000e-010	0.0000e+000
5.560000e+003	2.53195181e-001	-3.14680482e+000	7.54106023e+002	0.00000000e+000	1.2523e+014	1.0000e-010	0.0000e+000
5.570000e+003	2.53270591e-001	-3.14672941e+000	7.51727705e+002	0.00000000e+000	1.2487e+014	1.0000e-010	0.0000e+000
5.580000e+003	2.53345764e-001	-3.14665424e+000	7.49356292e+002	0.00000000e+000	1.2450e+014	1.0000e-010	0.0000e+000
5.590000e+003	2.53420700e-001	-3.14657930e+000	7.46991743e+002	0.00000000e+000	1.2414e+014	1.0000e-010	0.0000e+000
5.600000e+003	2.53495399e-001	-3.14650460e+000	7.44634017e+002	0.00000000e+000	1.2378e+014	1.0000e-010	0.0000e+000
5.610000e+003	2.53569862e-001	-3.14643014e+000	7.42283072e+002	0.00000000e+000	1.2343e+014	1.0000e-010	0.0000e+000
5.620000e+003	2.53644091e-001	-3.14635591e+000	7.39938867e+002	0.00000000e+000	1.2307e+014	1.0000e-010	0.0000e+000
5.630000e+003	2.53718085e-001	-3.14628192e+000	7.37601363e+002	0.00000000e+000	1.2272e+014	1.0000e-010	0.0000e+000
5.640000e+003	2.53791845e-001	-3.14620816e+000	7.35270518e+002	0.00000000e+000	1.2237e+014	1.0000e-010	0.0000e+000
5.650000e+003	2.53865372e-001	-3.14613463e+000	7.32946293e+002	0.00000000e+000	1.2203e+014	1.0000e-010	0.0000e+000
5.660000e+003	2.53938666e-001	-3.14606133e+000	7.30628648e+002	0.00000000e+000	1.2168e+014	1.0000e-010	0.0000e+000
5.670000e+003	2.54011729e-001	-3.14598827e+000	7.28317545e+002	0.00000000e+000	1.2134e+014	1.0000e-010	0.0000e+000
5.680000e+003	2.54084561e-001	-3.14591544e+000	7.26012943e+002	0.00000000e+000	1.2100e+014	1.0000e-010	0.0000e+000
5.690000e+003	2.54157162e-001	-3.14584284e+000	7.23714804e+002	0.00000000e+000	1.2066e+014	1.0000e-010	0.0000e+000
5.700000e+003	2.54229534e-001	-3.14577047e+000	7.21423090e+002	0.00000000e+000	1.2032e+014	1.0000e-010	0.0000e+000
5.710000e+003	2.54301676e-001	-3.14569832e+000	7.19137762e+002	0.00000000e+000	1.1998e+014	1.0000e-010	0.0000e+000
5.720000e+003	2.54373590e-001	-3.14562641e+000	7.16858782e+002	0.00000000e+000	1.1965e+014	1.0000e-010	0.0000e+000
5.730000e+003	2.54445276e-001	-3.14555472e+000	7.14586113e+002	0.00000000e+000	1.1932e+014	1.0000e-010	0.0000e+000
5.740000e+003	2.54516734e-001	-3.14548327e+000	7.12319717e+002	0.00000000e+000	1.1899e+014	1.0000e-010	0.0000e+000
5.750000e+003	2.54587966e-001	-3.14541203e+000	7.10059558e+002	0.00000000e+000	1.1866e+014	1.0000e-010	0.0000e+000
5.760000e+003	2.54658972e-001	-3.14534103e+000	7.07805598e+002	0.00000000e+000	1.1834e+014	1.0000e-010	0.0000e+000
5.770000e+003	2.54729753e-001	-3.14527025e+000	7.05557800e+002	0.00000000e+000	1.1801e+014	1.0000e-010	0.0000e+000
5.780000e+003	2.54800309e-001	-3.14519969e+000	7.03316129e+002	0.00000000e+000	1.1769e+014	1.0000e-010	0.0000e+000
5.790000e+003	2.54870640e-001	-3.14512936e+000	7.01080549e+002	0.00000000e+000	1.1737e+014	1.0000e-010	0.0000e+000
5.800000e+003	2.54940748e-001	-3.14505925e+000	6.98851022e+002	0.00000000e+000	1.1705e+014	1.0000e-010	0.0000e+000
5.810000e+003	2.55010633e-001	-3.14498937e+000	6.96627515e+002	0.00000000e+000	1.1674e+014	1.0000e-010	0.0000e+000
5.820000e+003	2.55080296e-001	-3.14491970e+000	6.94409991e+002	0.00000000e+000	1.1642e+014	1.0000e-010	0.0000e+000
5.830000e+003	2.55149737e-001	-3.14485026e+000	6.92198416e+002	0.00000000e+000	1.1611e+014	1.0000e-010	0.0000e+000
5.840000e+003	2.55218957e-001	-3.14478104e+000	6.89992754e+002	0.00000000e+000	1.1580e+014	1.0000e-010	0.0000e+000
5.850000e+003	2.55287956e-001	-3.14471204e+000	6.87792971e+002	0.00000000e+000	1.1549e+014	1.0000e-010	0.0000e+000
5.860000e+003	2.55356736e-001	-3.14464326e+000	6.85599034e+002	0.00000000e+000	1.1518e+014	1.0000e-010	0.0000e+000
5.870000e+003	2.55425295e-001	-3.14457470e+000	6.83410906e+002	0.00000000e+000	1.1488e+014	1.0000e-010	0.0000e+000
5.880000e+003	2.55493637e-001	-3.14450636e+000	6.81228556e+002	0.00000000e+000	1.1458e+014	1.0000e-010	0.0000e+000
5.890000e+003	2.55561759e-001	-3.14443824e+000	6.79051949e+002	0.00000000e+000	1.1428e+014	1.0000e-010	0.0000e+000
5.900000e+003	2.55629665e-001	-3.14437034e+000	6.76881051e+002	0.00000000e+000	1.1398e+014	1.0000e-010	0.0000e+000
5.910000e+003	2.55697353e-001	-3.14430265e+000	6.74715831e+002	0.00000000e+000	1.1368e+014	1.0000e-010	0.0000e+000
5.920000e+003	2.55764824e-001	-3.14423518e+000	6.72556253e+002	0.00000000e+000	1.1338e+014	1.0000e-010	0.0000e+000
5.930000e+003	2.55832080e-001	-3.14416792e+000	6.70402287e+002	0.00000000e+000	1.1309e+014	1.0000e-010	0.0000e+000
5.940000e+003	2.55899120e-001	-3.14410088e+000	6.68253899e+002	0.00000000e+000	1.1279e+014	1.0000e-010	0.0000e+000
5.950000e+003	2.55965946e-001	-3.14403405e+000	6.66111058e+002	0.00000000e+000	1.1250e+014	1.0000e-010	0.0000e+000
5.960000e+003	2.56032557e-001	-3.14396744e+000	6.63973731e+002	0.00000000e+000	1.1221e+014	1.0000e-010	0.0000e+000
5.970000e+003	2.56098954e-001	-3.14390105e+000	6.61841886e+002	0.00000000e+000	1.1192e+014	1.0000e-010	0.0000e+000
5.980000e+003	2.56165138e-001	-3.14383486e+000	6.59715492e+002	0.00000000e+000	1.1164e+014	1.0000e-010	0.0000e+000
5.990000e+003	2.56231110e-001	-3.14376889e+000	6.57594517e+002	0.00000000e+000	1.1135e+014	1.0000e-010	0.0000e+000
6.000000e+003	2.56296869e-001	-3.14370313e+000	6.55478931e+002	0.00000000e+000	1.1107e+014	1.0000e-010	0.0000e+000
6.010000e+003	2.56362417e-001	-3.14363758e+000	6.53368702e+002	0.00000000e+000	1.1079e+014	1.0000e-010	0.0000e+000
6.020000e+003	2.56427754e-001	-3.14357225e+000	6.51263799e+002	0.00000000e+000	1.1051e+014	1.0000e-010	0.0000e+000
6.030000e+003	2.56492880e-001	-3.14350712e+000	6.49164193e+002	0.00000000e+000	1.1023e+014	1.0000e-010	0.0000e+000
6.040000e+003	2.56557797e-001	-3.14344220e+000	6.47069852e+002	0.00000000e+000	1.0996e+014	1.0000e-010	0.0000e+000
6.050000e+003	2.56622504e-001	-3.14337750e+000	6.44980747e+002	0.00000000e+000	1.0968e+014	1.0000e-010	0.0000e+000
6.060000e+003	2.56687002e-001	-3.14331300e+000	6.42896847e+002	0.00000000e+000	1.0941e+014	1.0000e-010	0.0000e+000
6.070000e+003	2.56751291e-001	-3.14324871e+000	6.40818123e+002	0.00000000e+000	1.0914e+014	1.0000e-010	0.0000e+000
6.080000e+003	2.56815373e-001	-3.14318463e+000	6.38744545e+002	0.00000000e+000	1.0887e+014	1.0000e-010	0.0000e+000
6.090000e+003	2.56879248e-001	-3.14312075e+000	6.36676085e+002	0.00000000e+000	1.0860e+014	1.0000e-010	0.0000e+000
6.100000e+003	2.56942915e-001	-3.14305708e+000	6.34612712e+002	0.00000000e+000	1.0833e+014	1.0000e-010	0.0000e+000
6.110000e+003	2.57006377e-001	-3.14299362e+000	6.32554399e+002	0.00000000e+000	1.0806e+014	1.0000e-010	0.0000e+000
6.120000e+003	2.57069632e-001	-3.14293037e+000	6.30501115e+002	0.00000000e+000	1.0780e+014	1.0000e-010	0.0000e+000
6.130000e+003	2.57132682e-001	-3.14286732e+000	6.28452833e+002	0.00000000e+000	1.0754e+014	1.0000e-010	0.0000e+000
6.140000e+003	2.57195527e-001	-3.14280447e+000	6.26409525e+002	0.00000000e+000	1.0728e+014	1.0000e-010	0.0000e+000
6.150000e+003	2.57258168e-001	-3.14274183e+000	6.24371161e+002	0.00000000e+000	1.0702e+014	1.0000e-010	0.0000e+000
6.160000e+003	2.57320606e-001	-3.14267939e+000	6.22337715e+002	0.00000000e+000	1.0676e+014	1.0000e-010	0.0000e+000
6.170000e+003	2.57382839e-001	-3.14261716e+000	6.20309158e+002	0.00000000e+000	1.0650e+014	1.0000e-010	0.0000e+000
6.180000e+003	2.57444870e-001	-3.14255513e+000	6.18285462e+002	0.00000000e+000	1.0625e+014	1.0000e-010	0.0000e+000
6.190000e+003	2.57506699e-001	-3.14249330e+000	6.16266601e+002	0.00000000e+000	1.0599e+014	1.0000e-010	0.0000e+000
6.200000e+003	2.57568325e-001	-3.14243167e+000	6.14252546e+002	0.00000000e+000	1.0574e+014	1.0000e-010	0.0000e+000
6.210000e+003	2.57629751e-001	-3.14237025e+000	6.12243271e+002	0.00000000e+000	1.0549e+014	1.0000e-010	0.0000e+000
6.220000e+003	2.57690975e-001	-3.14230902e+000	6.10238749e+002	0.00000000e+000	1.0524e+014	1.0000e-010	0.0000e+000
6.230000e+003	2.57751999e-001	-3.14224800e+000	6.08238954e+002	0.00000000e+000	1.0499e+014	1.0000e-010	0.0000e+000
6.240000e+003	2.57812823e-001	-3.14218718e+000	6.06243857e+002	0.00000000e+000	1.0475e+014	1.0000e-010	0.0000e+000
6.250000e+003	2.57873447e-001	-3.14212655e+000	6.04253434e+002	0.00000000e+000	1.0450e+014	1.0000e-010	0.0000e+000
6.260000e+003	2.57933873e-001	-3.14206613e+000	6.02267658e+002	0.00000000e+000	1.0426e+014	1.0000e-010	0.0000e+000
6.270000e+003	2.57994099e-001	-3.14200590e+000	6.00286503e+002	0.00000000e+000	1.0401e+014	1.0000e-010	0.0000e+000
6.280000e+003	2.58054128e-001	-3.14194587e+000	5.98309942e+002	0.00000000e+000	1.0377e+014	1.0000e-010	0.0000e+000
6.290000e+003	2.58113959e-001	-3.14188604e+000	5.96337951e+002	0.00000000e+000	1.0353e+014	1.0000e-010	0.0000e+000
6.300000e+003	2.58173593e-001	-3.14182641e+000	5.94370503e+002	0.00000000e+000	1.0329e+014	1.0000e-010	0.0000e+000
6.310000e+003	2.58233030e-001	-3.14176697e+000	5.92407574e+002	0.00000000e+000	1.0306e+014	1.0000e-010	0.0000e+000
6.320000e+003	2.58292271e-001	-3.14170773e+000	5.90449137e+002	0.00000000e+000	1.0282e+014	1.0000e-010	0.0000e+000
6.330000e+003	2.58351315e-001	-3.14164868e+000	5.88495169e+002	0.00000000e+000	1.0259e+014	1.0000e-010	0.0000e+000
6.340000e+003	2.58410165e-001	-3.14158984e+000	5.86545643e+002	0.00000000e+000	1.0235e+014	1.0000e-010	0.0000e+000
6.350000e+003	2.58468820e-001	-3.14153118e+000	5.84600536e+002	0.00000000e+000	1.0212e+014	1.0000e-010	0.0000e+000
6.360000e+003	2.58527280e-001	-3.14147272e+000	5.82659822e+002	0.00000000e+000	1.0189e+014	1.0000e-010	0.0000e+000
6.370000e+003	2.58585546e-001	-3.14141445e+000	5.80723477e+002	0.00000000e+000	1.0166e+014	1.0000e-010	0.0000e+000
6.380000e+003	2.58643618e-001	-3.14135638e+000	5.78791477e+002	0.00000000e+000	1.0143e+014	1.0000e-010	0.0000e+000
6.390000e+003	2.58701497e-001	-3.14129850e+000	5.76863798e+002	0.00000000e+000	1.0121e+014	1.0000e-010	0.0000e+000
6.400000e+003	2.58759183e-001	-3.14124082e+000	5.74940415e+002	0.00000000e+000	1.0098e+014	1.0000e-010	0.0000e+000
6.410000e+003	2.58816677e-001	-3.14118332e+000	5.73021306e+002	0.00000000e+000	1.0076e+014	1.0000e-010	0.0000e+000
6.420000e+003	2.58873980e-001	-3.14112602e+000	5.71106445e+002	0.00000000e+000	1.0053e+014	1.0000e-010	0.0000e+000
6.430000e+003	2.58931090e-001	-3.14106891e+000	5.69195810e+002	0.00000000e+000	1.0031e+014	1.0000e-010	0.0000e+000
6.440000e+003	2.58988010e-001	-3.14101199e+000	5.67289376e+002	0.00000000e+000	1.0009e+014	1.0000e-010	0.0000e+000
6.450000e+003	2.59044739e-001	-3.14095526e+000	5.65387122e+002	0.00000000e+000	9.9871e+013	1.0000e-010	0.0000e+000
6.460000e+003	2.59101277e-001	-3.14089872e+000	5.63489024e+002	0.00000000e+000	9.9653e+013	1.0000e-010	0.0000e+000
6.470000e+003	2.59157626e-001	-3.14084237e+000	5.61595058e+002	0.00000000e+000	9.9436e+013	1.0000e-010	0.0000e+000
6.480000e+003	2.59213786e-001	-3.14078621e+000	5.59705202e+002	0.00000000e+000	9.9220e+013	1.0000e-010	0.0000e+000
6.490000e+003	2.59269756e-001	-3.14073024e+000	5.57819433e+002	0.00000000e+000	9.9005e+013	1.0000e-010	0.0000e+000
6.500000e+003	2.59325538e-001	-3.14067446e+000	5.55937729e+002	0.00000000e+000	9.8792e+013	1.0000e-010	0.0000e+000
6.510000e+003	2.59381132e-001	-3.14061887e+000	5.54060067e+002	0.00000000e+000	9.8580e+013	1.0000e-010	0.0000e+000
6.520000e+003	2.59436538e-001	-3.14056346e+000	5.52186425e+002	0.00000000e+000	9.8369e+013	1.0000e-010	0.0000e+000
6.530000e+003	2.59491757e-001	-3.14050824e+000	5.50316781e+002	0.00000000e+000	9.8159e+013	1.0000e-010	0.0000e+000
6.540000e+003	2.59546788e-001	-3.14045321e+000	5.48451112e+002	0.00000000e+000	9.7950e+013	1.0000e-010	0.0000e+000
6.550000e+003	2.59601634e-001	-3.14039837e+000	5.46589397e+002	0.00000000e+000	9.7742e+013	1.0000e-010	0.0000e+000
6.560000e+003	2.59656293e-001	-3.14034371e+000	5.44731615e+002	0.00000000e+000	9.7536e+013	1.0000e-010	0.0000e+000
6.570000e+003	2.59710766e-001	-3.14028923e+000	5.42877742e+002	0.00000000e+000	9.7331e+013	1.0000e-010	0.0000e+000
6.580000e+003	2.59765053e-001	-3.14023495e+000	5.41027759e+002	0.00000000e+000	9.7127e+013	1.0000e-010	0.0000e+000
6.590000e+003	2.59819156e-001	-3.14018084e+000	5.39181643e+002	0.00000000e+000	9.6923e+013	1.0000e-010	0.0000e+000
6.600000e+003	2.59873074e-001	-3.14012693e+000	5.37339374e+002	0.00000000e+000	9.6722e+013	1.0000e-010	0.0000e+000
6.610000e+003	2.59926808e-001	-3.14007319e+000	5.35500930e+002	0.00000000e+000	9.6521e+013	1.0000e-010	0.0000e+000
6.620000e+003	2.59980358e-001	-3.14001964e+000	5.33666290e+002	0.00000000e+000	9.6321e+013	1.0000e-010	0.0000e+000
6.630000e+003	2.60033725e-001	-3.13996627e+000	5.31835433e+002	0.00000000e+000	9.6122e+013	1.0000e-010	0.0000e+000
6.640000e+003	2.60086909e-001	-3.13991309e+000	5.30008339e+002	0.00000000e+000	9.5925e+013	1.0000e-010	0.0000e+000
6.650000e+003	2.60139909e-001	-3.13986009e+000	5.28184987e+002	0.00000000e+000	9.5728e+013	1.0000e-010	0.0000e+000
6.660000e+003	2.60192728e-001	-3.13980727e+000	5.26365357e+002	0.00000000e+000	9.5533e+013	1.0000e-010	0.0000e+000
6.670000e+003	2.60245364e-001	-3.13975464e+000	5.24549428e+002	0.00000000e+000	9.5339e+013	1.0000e-010	0.0000e+000
6.680000e+003	2.60297819e-001	-3.13970218e+000	5.22737179e+002	0.00000000e+000	9.5145e+013	1.0000e-010	0.0000e+000
6.690000e+003	2.60350093e-001	-3.13964991e+000	5.20928592e+002	0.00000000e+000	9.4953e+013	1.0000e-010	0.0000e+000
6.700000e+003	2.60402186e-001	-3.13959781e+000	5.19123645e+002	0.00000000e+000	9.4762e+013	1.0000e-010	0.0000e+000
6.710000e+003	2.60454098e-001	-3.13954590e+000	5.17322318e+002	0.00000000e+000	9.4572e+013	1.0000e-010	0.0000e+000
6.720000e+003	2.60505831e-001	-3.13949417e+000	5.15524593e+002	0.00000000e+000	9.4383e+013	1.0000e-010	0.0000e+000
6.730000e+003	2.60557383e-001	-3.13944262e+000	5.13730449e+002	0.00000000e+000	9.4195e+013	1.0000e-010	0.0000e+000
6.740000e+003	2.60608756e-001	-3.13939124e+000	5.11939867e+002	0.00000000e+000	9.4008e+013	1.0000e-010	0.0000e+000
6.750000e+003	2.60659950e-001	-3.13934005e+000	5.10152828e+002	0.00000000e+000	9.3822e+013	1.0000e-010	0.0000e+000
6.760000e+003	2.60710965e-001	-3.13928903e+000	5.08369311e+002	0.00000000e+000	9.3637e+013	1.0000e-010	0.0000e+000
6.770000e+003	2.60761802e-001	-3.13923820e+000	5.06589298e+002	0.00000000e+000	9.3453e+013	1.0000e-010	0.0000e+000
6.780000e+003	2.60812461e-001	-3.13918754e+000	5.04812770e+002	0.00000000e+000	9.3270e+013	1.0000e-010	0.0000e+000
6.790000e+003	2.60862942e-001	-3.13913706e+000	5.03039707e+002	0.00000000e+000	9.3088e+013	1.0000e-010	0.0000e+000
6.800000e+003	2.60913246e-001	-3.13908675e+000	5.01270091e+002	0.00000000e+000	9.2907e+013	1.0000e-010	0.0000e+000
6.810000e+003	2.60963373e-001	-3.13903663e+000	4.99503903e+002	0.00000000e+000	9.2727e+013	1.0000e-010	0.0000e+000
6.820000e+003	2.61013324e-001	-3.13898668e+000	4.97741125e+002	0.00000000e+000	9.2548e+013	1.0000e-010	0.0000e+000
6.830000e+003	2.61063098e-001	-3.13893690e+000	4.95981737e+002	0.00000000e+000	9.2370e+013	1.0000e-010	0.0000e+000
6.840000e+003	2.61112696e-001	-3.13888730e+000	4.94225721e+002	0.00000000e+000	9.2193e+013	1.0000e-010	0.0000e+000
6.850000e+003	2.61162119e-001	-3.13883788e+000	4.92473059e+002	0.00000000e+000	9.2017e+013	1.0000e-010	0.0000e+000
6.860000e+003	2.61211366e-001	-3.13878863e+000	4.90723733e+002	0.00000000e+000	9.1842e+013	1.0000e-010	0.0000e+000
6.870000e+003	2.61260438e-001	-3.13873956e+000	4.88977724e+002	0.00000000e+000	9.1668e+013	1.0000e-010	0.0000e+000
6.880000e+003	2.61309336e-001	-3.13869066e+000	4.87235015e+002	0.00000000e+000	9.1494e+013	1.0000e-010	0.0000e+000
6.890000e+003	2.61358060e-001	-3.13864194e+000	4.85495587e+002	0.00000000e+000	9.1322e+013	1.0000e-010	0.0000e+000
6.900000e+003	2.61406609e-001	-3.13859339e+000	4.83759422e+002	0.00000000e+000	9.1151e+013	1.0000e-010	0.0000e+000
6.910000e+003	2.61454985e-001	-3.13854501e+000	4.82026503e+002	0.00000000e+000	9.0980e+013	1.0000e-010	0.0000e+000
6.920000e+003	2.61503188e-001	-3.13849681e+000	4.80296813e+002	0.00000000e+000	9.0811e+013	1.0000e-010	0.0000e+000
6.930000e+003	2.61551217e-001	-3.13844878e+000	4.78570333e+002	0.00000000e+000	9.0642e+013	1.0000e-010	0.0000e+000
6.940000e+003	2.61599075e-001	-3.13840093e+000	4.76847046e+002	0.00000000e+000	9.0475e+013	1.0000e-010	0.0000e+000
6.950000e+003	2.61646759e-001	-3.13835324e+000	4.75126934e+002	0.00000000e+000	9.0308e+013	1.0000e-010	0.0000e+000
6.960000e+003	2.61694272e-001	-3.13830573e+000	4.73409982e+002	0.00000000e+000	9.0142e+013	1.0000e-010	0.0000e+000
6.970000e+003	2.61741613e-001	-3.13825839e+000	4.71696170e+002	0.00000000e+000	8.9977e+013	1.0000e-010	0.0000e+000
6.980000e+003	2.61788783e-001	-3.13821122e+000	4.69985483e+002	0.00000000e+000	8.9813e+013	1.0000e-010	0.0000e+000
6.990000e+003	2.61835781e-001	-3.13816422e+000	4.68277903e+002	0.00000000e+000	8.9650e+013	1.0000e-010	0.0000e+000
7.000000e+003	2.61882609e-001	-3.13811739e+000	4.66573413e+002	0.00000000e+000	8.9488e+013	1.0000e-010	0.0000e+000
7.010000e+003	2.61929266e-001	-3.13807073e+000	4.64871996e+002	0.00000000e+000	8.9326e+013	1.0000e-010	0.0000e+000
7.020000e+003	2.61975753e-001	-3.13802425e+000	4.63173637e+002	0.00000000e+000	8.9166e+013	1.0000e-010	0.0000e+000
7.030000e+003	2.62022071e-001	-3.13797793e+000	4.61478317e+002	0.00000000e+000	8.9006e+013	1.0000e-010	0.0000e+000
7.040000e+003	2.62068219e-001	-3.13793178e+000	4.59786021e+002	0.00000000e+000	8.8848e+013	1.0000e-010	0.0000e+000
7.050000e+003	2.62114197e-001	-3.13788580e+000	4.58096732e+002	0.00000000e+000	8.8690e+013	1.0000e-010	0.0000e+000
7.060000e+003	2.62160007e-001	-3.13783999e+000	4.56410434e+002	0.00000000e+000	8.8533e+013	1.0000e-010	0.0000e+000
7.070000e+003	2.62205648e-001	-3.13779435e+000	4.54727111e+002	0.00000000e+000	8.8377e+013	1.0000e-010	0.0000e+000
7.080000e+003	2.62251121e-001	-3.13774888e+000	4.53046745e+002	0.00000000e+000	8.8221e+013	1.0000e-010	0.0000e+000
7.090000e+003	2.62296425e-001	-3.13770357e+000	4.51369322e+002	0.00000000e+000	8.8067e+013	1.0000e-010	0.0000e+000
7.100000e+003	2.62341562e-001	-3.13765844e+000	4.49694825e+002	0.00000000e+000	8.7913e+013	1.0000e-010	0.0000e+000
7.110000e+003	2.62386532e-001	-3.13761347e+000	4.48023239e+002	0.00000000e+000	8.7760e+013	1.0000e-010	0.0000e+000
7.120000e+003	2.62431334e-001	-3.13756867e+000	4.46354546e+002	0.00000000e+000	8.7608e+013	1.0000e-010	0.0000e+000
7.130000e+003	2.62475970e-001	-3.13752403e+000	4.44688733e+002	0.00000000e+000	8.7457e+013	1.0000e-010	0.0000e+000
7.140000e+003	2.62520438e-001	-3.13747956e+000	4.43025782e+002	0.00000000e+000	8.7307e+013	1.0000e-010	0.0000e+000
7.150000e+003	2.62564741e-001	-3.13743526e+000	4.41365679e+002	0.00000000e+000	8.7157e+013	1.0000e-010	0.0000e+000
7.160000e+003	2.62608878e-001	-3.13739112e+000	4.39708407e+002	0.00000000e+000	8.7009e+013	1.0000e-010	0.0000e+000
7.170000e+003	2.62652848e-001	-3.13734715e+000	4.38053952e+002	0.00000000e+000	8.6861e+013	1.0000e-010	0.0000e+000
7.180000e+003	2.62696654e-001	-3.13730335e+000	4.36402298e+002	0.00000000e+000	8.6714e+013	1.0000e-010	0.0000e+000
7.190000e+003	2.62740294e-001	-3.13725971e+000	4.34753430e+002	0.00000000e+000	8.6568e+013	1.0000e-010	0.0000e+000
7.200000e+003	2.62783769e-001	-3.13721623e+000	4.33107332e+002	0.00000000e+000	8.6422e+013	1.0000e-010	0.0000e+000
7.210000e+003	2.62827080e-001	-3.13717292e+000	4.31463990e+002	0.00000000e+000	8.6277e+013	1.0000e-010	0.0000e+000
7.220000e+003	2.62870226e-001	-3.13712977e+000	4.29823389e+002	0.00000000e+000	8.6134e+013	1.0000e-010	0.0000e+000
7.230000e+003	2.62913209e-001	-3.13708679e+000	4.28185512e+002	0.00000000e+000	8.5990e+013	1.0000e-010	0.0000e+000
7.240000e+003	2.62956027e-001	-3.13704397e+000	4.26550346e+002	0.00000000e+000	8.5848e+013	1.0000e-010	0.0000e+000
7.250000e+003	2.62998682e-001	-3.13700132e+000	4.24917876e+002	0.00000000e+000	8.5707e+013	1.0000e-010	0.0000e+000
7.260000e+003	2.63041174e-001	-3.13695883e+000	4.23288087e+002	0.00000000e+000	8.5566e+013	1.0000e-010	0.0000e+000
7.270000e+003	2.63083503e-001	-3.13691650e+000	4.21660965e+002	0.00000000e+000	8.5426e+013	1.0000e-010	0.0000e+000
7.280000e+003	2.63125669e-001	-3.13687433e+000	4.20036494e+002	0.00000000e+000	8.5287e+013	1.0000e-010	0.0000e+000
7.290000e+003	2.63167673e-001	-3.13683233e+000	4.18414660e+002	0.00000000e+000	8.5148e+013	1.0000e-010	0.0000e+000
7.300000e+003	2.63209514e-001	-3.13679049e+000	4.16795449e+002	0.00000000e+000	8.5010e+013	1.0000e-010	0.0000e+000
7.310000e+003	2.63251194e-001	-3.13674881e+000	4.15178847e+002	0.00000000e+000	8.4874e+013	1.0000e-010	0.0000e+000
7.320000e+003	2.63292712e-001	-3.13670729e+000	4.13564839e+002	0.00000000e+000	8.4737e+013	1.0000e-010	0.0000e+000
7.330000e+003	2.63334068e-001	-3.13666593e+000	4.11953411e+002	0.00000000e+000	8.4602e+013	1.0000e-010	0.0000e+000
7.340000e+003	2.63375263e-001	-3.13662474e+000	4.10344548e+002	0.00000000e+000	8.4467e+013	1.0000e-010	0.0000e+000
7.350000e+003	2.63416298e-001	-3.13658370e+000	4.08738237e+002	0.00000000e+000	8.4333e+013	1.0000e-010	0.0000e+000
7.360000e+003	2.63457172e-001	-3.13654283e+000	4.07134464e+002	0.00000000e+000	8.4200e+013	1.0000e-010	0.0000e+000
7.370000e+003	2.63497885e-001	-3.13650211e+000	4.05533215e+002	0.00000000e+000	8.4067e+013	1.0000e-010	0.0000e+000
7.380000e+003	2.63538439e-001	-3.13646156e+000	4.03934475e+002	0.00000000e+000	8.3936e+013	1.0000e-010	0.0000e+000
7.390000e+003	2.63578832e-001	-3.13642117e+000	4.02338232e+002	0.00000000e+000	8.3805e+013	1.0000e-010	0.0000e+000
7.400000e+003	2.63619066e-001	-3.13638093e+000	4.00744471e+002	0.00000000e+000	8.3674e+013	1.0000e-010	0.0000e+000
7.410000e+003	2.63659140e-001	-3.13634086e+000	3.99153178e+002	0.00000000e+000	8.3545e+013	1.0000e-010	0.0000e+000
7.420000e+003	2.63699056e-001	-3.13630094e+000	3.97564341e+002	0.00000000e+000	8.3416e+013	1.0000e-010	0.0000e+000
7.430000e+003	2.63738812e-001	-3.13626119e+000	3.95977945e+002	0.00000000e+000	8.3288e+013	1.0000e-010	0.0000e+000
7.440000e+003	2.63778410e-001	-3.13622159e+000	3.94393977e+002	0.00000000e+000	8.3160e+013	1.0000e-010	0.0000e+000
7.450000e+003	2.63817849e-001	-3.13618215e+000	3.92812424e+002	0.00000000e+000	8.3033e+013	1.0000e-010	0.0000e+000
7.460000e+003	2.63857130e-001	-3.13614287e+000	3.91233272e+002	0.00000000e+000	8.2907e+013	1.0000e-010	0.0000e+000
7.470000e+003	2.63896254e-001	-3.13610375e+000	3.89656508e+002	0.00000000e+000	8.2782e+013	1.0000e-010	0.0000e+000
7.480000e+003	2.63935219e-001	-3.13606478e+000	3.88082119e+002	0.00000000e+000	8.2657e+013	1.0000e-010	0.0000e+000
7.490000e+003	2.63974028e-001	-3.13602597e+000	3.86510092e+002	0.00000000e+000	8.2533e+013	1.0000e-010	0.0000e+000
7.500000e+003	2.64012679e-001	-3.13598732e+000	3.84940413e+002	0.00000000e+000	8.2410e+013	1.0000e-010	0.0000e+000
7.510000e+003	2.64051173e-001	-3.13594883e+000	3.83373069e+002	0.00000000e+000	8.2287e+013	1.0000e-010	0.0000e+000
7.520000e+003	2.64089510e-001	-3.13591049e+000	3.81808049e+002	0.00000000e+000	8.2165e+013	1.0000e-010	0.0000e+000
7.530000e+003	2.64127691e-001	-3.13587231e+000	3.80245337e+002	0.00000000e+000	8.2044e+013	1.0000e-010	0.0000e+000
7.540000e+003	2.64165715e-001	-3.13583428e+000	3.78684923e+002	0.00000000e+000	8.1924e+013	1.0000e-010	0.0000e+000
7.550000e+003	2.64203584e-001	-3.13579642e+000	3.77126793e+002	0.00000000e+000	8.1804e+013	1.0000e-010	0.0000e+000
7.560000e+003	2.64241296e-001	-3.13575870e+000	3.75570934e+002	0.00000000e+000	8.1684e+013	1.0000e-010	0.0000e+000
7.570000e+003	2.64278854e-001	-3.13572115e+000	3.74017334e+002	0.00000000e+000	8.1566e+013	1.0000e-010	0.0000e+000
7.580000e+003	2.64316255e-001	-3.13568374e+000	3.72465980e+002	0.00000000e+000	8.1448e+013	1.0000e-010	0.0000e+000
7.590000e+003	2.64353502e-001	-3.13564650e+000	3.70916859e+002	0.00000000e+000	8.1331e+013	1.0000e-010	0.0000e+000
7.600000e+003	2.64390594e-001	-3.13560941e+000	3.69369959e+002	0.00000000e+000	8.1214e+013	1.0000e-010	0.0000e+000
7.610000e+003	2.64427531e-001	-3.13557247e+000	3.67825268e+002	0.00000000e+000	8.1098e+013	1.0000e-010	0.0000e+000
7.620000e+003	2.64464313e-001	-3.13553569e+000	3.66282774e+002	0.00000000e+000	8.0983e+013	1.0000e-010	0.0000e+000
7.630000e+003	2.64500941e-001	-3.13549906e+000	3.64742463e+002	0.00000000e+000	8.0868e+013	1.0000e-010	0.0000e+000
7.640000e+003	2.64537416e-001	-3.13546258e+000	3.63204324e+002	0.00000000e+000	8.0754e+013	1.0000e-010	0.0000e+000
7.650000e+003	2.64573736e-001	-3.13542626e+000	3.61668344e+002	0.00000000e+000	8.0641e+013	1.0000e-010	0.0000e+000
7.660000e+003	2.64609903e-001	-3.13539010e+000	3.60134512e+002	0.00000000e+000	8.0528e+013	1.0000e-010	0.0000e+000
7.670000e+003	2.64645916e-001	-3.13535408e+000	3.58602815e+002	0.00000000e+000	8.0416e+013	1.0000e-010	0.0000e+000
7.680000e+003	2.64681777e-001	-3.13531822e+000	3.57073241e+002	0.00000000e+000	8.0304e+013	1.0000e-010	0.0000e+000
7.690000e+003	2.64717484e-001	-3.13528252e+000	3.55545778e+002	0.00000000e+000	8.0194e+013	1.0000e-010	0.0000e+000
7.700000e+003	2.64753039e-001	-3.13524696e+000	3.54020415e+002	0.00000000e+000	8.0083e+013	1.0000e-010	0.0000e+000
7.710000e+003	2.64788441e-001	-3.13521156e+000	3.52497139e+002	0.00000000e+000	7.9974e+013	1.0000e-010	0.0000e+000
7.720000e+003	2.64823690e-001	-3.13517631e+000	3.50975938e+002	0.00000000e+000	7.9865e+013	1.0000e-010	0.0000e+000
7.730000e+003	2.64858788e-001	-3.13514121e+000	3.49456802e+002	0.00000000e+000	7.9756e+013	1.0000e-010	0.0000e+000
7.740000e+003	2.64893734e-001	-3.13510627e+000	3.47939717e+002	0.00000000e+000	7.9649e+013	1.0000e-010	0.0000e+000
7.750000e+003	2.64928528e-001	-3.13507147e+000	3.46424674e+002	0.00000000e+000	7.9542e+013	1.0000e-010	0.0000e+000
7.760000e+003	2.64963170e-001	-3.13503683e+000	3.44911658e+002	0.00000000e+000	7.9435e+013	1.0000e-010	0.0000e+000
7.770000e+003	2.64997661e-001	-3.13500234e+000	3.43400661e+002	0.00000000e+000	7.9329e+013	1.0000e-010	0.0000e+000
7.780000e+003	2.65032001e-001	-3.13496800e+000	3.41891669e+002	0.00000000e+000	7.9224e+013	1.0000e-010	0.0000e+000
7.790000e+003	2.65066190e-001	-3.13493381e+000	3.40384671e+002	0.00000000e+000	7.9119e+013	1.0000e-010	0.0000e+000
7.800000e+003	2.65100229e-001	-3.13489977e+000	3.38879656e+002	0.00000000e+000	7.9015e+013	1.0000e-010	0.0000e+000
7.810000e+003	2.65134117e-001	-3.13486588e+000	3.37376613e+002	0.00000000e+000	7.8911e+013	1.0000e-010	0.0000e+000
7.820000e+003	2.65167854e-001	-3.13483215e+000	3.35875530e+002	0.00000000e+000	7.8809e+013	1.0000e-010	0.0000e+000
7.830000e+003	2.65201442e-001	-3.13479856e+000	3.34376396e+002	0.00000000e+000	7.8706e+013	1.0000e-010	0.0000e+000
7.840000e+003	2.65234880e-001	-3.13476512e+000	3.32879199e+002	0.00000000e+000	7.8604e+013	1.0000e-010	0.0000e+000
7.850000e+003	2.65268168e-001	-3.13473183e+000	3.31383930e+002	0.00000000e+000	7.8503e+013	1.0000e-010	0.0000e+000
7.860000e+003	2.65301306e-001	-3.13469869e+000	3.29890576e+002	0.00000000e+000	7.8403e+013	1.0000e-010	0.0000e+000
7.870000e+003	2.65334295e-001	-3.13466570e+000	3.28399126e+002	0.00000000e+000	7.8303e+013	1.0000e-010	0.0000e+000
7.880000e+003	2.65367135e-001	-3.13463287e+000	3.26909569e+002	0.00000000e+000	7.8203e+013	1.0000e-010	0.0000e+000
7.890000e+003	2.65399826e-001	-3.13460017e+000	3.25421896e+002	0.00000000e+000	7.8105e+013	1.0000e-010	0.0000e+000
7.900000e+003	2.65432368e-001	-3.13456763e+000	3.23936093e+002	0.00000000e+000	7.8006e+013	1.0000e-010	0.0000e+000
7.910000e+003	2.65464762e-001	-3.13453524e+000	3.22452151e+002	0.00000000e+000	7.7909e+013	1.0000e-010	0.0000e+000
7.920000e+003	2.65497007e-001	-3.13450299e+000	3.20970059e+002	0.00000000e+000	7.7811e+013	1.0000e-010	0.0000e+000
7.930000e+003	2.65529104e-001	-3.13447090e+000	3.19489806e+002	0.00000000e+000	7.7715e+013	1.0000e-010	0.0000e+000
7.940000e+003	2.65561053e-001	-3.13443895e+000	3.18011381e+002	0.00000000e+000	7.7619e+013	1.0000e-010	0.0000e+000
7.950000e+003	2.65592854e-001	-3.13440715e+000	3.16534774e+002	0.00000000e+000	7.7524e+013	1.0000e-010	0.0000e+000
7.960000e+003	2.65624508e-001	-3.13437549e+000	3.15059973e+002	0.00000000e+000	7.7429e+013	1.0000e-010	0.0000e+000
7.970000e+003	2.65656014e-001	-3.13434399e+000	3.13586969e+002	0.00000000e+000	7.7334e+013	1.0000e-010	0.0000e+000
7.980000e+003	2.65687372e-001	-3.13431263e+000	3.12115750e+002	0.00000000e+000	7.7241e+013	1.0000e-010	0.0000e+000
7.990000e+003	2.65718584e-001	-3.13428142e+000	3.10646307e+002	0.00000000e+000	7.7147e+013	1.0000e-010	0.0000e+000
8.000000e+003	2.65749648e-001	-3.13425035e+000	3.09178628e+002	0.00000000e+000	7.7055e+013	1.0000e-010	0.0000e+000
8.010000e+003	2.65780566e-001	-3.13421943e+000	3.07712704e+002	0.00000000e+000	7.6963e+013	1.0000e-010	0.0000e+000
8.020000e+003	2.65811338e-001	-3.13418866e+000	3.06248523e+002	0.00000000e+000	7.6871e+013	1.0000e-010	0.0000e+000
8.030000e+003	2.65841962e-001	-3.13415804e+000	3.04786076e+002	0.00000000e+000	7.6780e+013	1.0000e-010	0.0000e+000
8.040000e+003	2.65872441e-001	-3.13412756e+000	3.03325352e+002	0.00000000e+000	7.6690e+013	1.0000e-010	0.0000e+000
8.050000e+003	2.65902774e-001	-3.13409723e+000	3.01866341e+002	0.00000000e+000	7.6600e+013	1.0000e-010	0.0000e+000
8.060000e+003	2.65932960e-001	-3.13406704e+000	3.00409032e+002	0.00000000e+000	7.6510e+013	1.0000e-010	0.0000e+000
8.070000e+003	2.65963001e-001	-3.13403700e+000	2.98953416e+002	0.00000000e+000	7.6421e+013	1.0000e-010	0.0000e+000
8.080000e+003	2.65992896e-001	-3.13400710e+000	2.97499482e+002	0.00000000e+000	7.6333e+013	1.0000e-010	0.0000e+000
8.090000e+003	2.66022646e-001	-3.13397735e+000	2.96047221e+002	0.00000000e+000	7.6245e+013	1.0000e-010	0.0000e+000
8.100000e+003	2.66052251e-001	-3.13394775e+000	2.94596622e+002	0.00000000e+000	7.6158e+013	1.0000e-010	0.0000e+000
8.110000e+003	2.66081711e-001	-3.13391829e+000	2.93147674e+002	0.00000000e+000	7.6071e+013	1.0000e-010	0.0000e+000
8.120000e+003	2.66111026e-001	-3.13388897e+000	2.91700369e+002	0.00000000e+000	7.5985e+013	1.0000e-010	0.0000e+000
8.130000e+003	2.66140196e-001	-3.13385980e+000	2.90254696e+002	0.00000000e+000	7.5899e+013	1.0000e-010	0.0000e+000
8.140000e+003	2.66169221e-001	-3.13383078e+000	2.88810645e+002	0.00000000e+000	7.5814e+013	1.0000e-010	0.0000e+000
8.150000e+003	2.66198102e-001	-3.13380190e+000	2.87368207e+002	0.00000000e+000	7.5730e+013	1.0000e-010	0.0000e+000
8.160000e+003	2.66226839e-001	-3.13377316e+000	2.85927371e+002	0.00000000e+000	7.5645e+013	1.0000e-010	0.0000e+000
8.170000e+003	2.66255432e-001	-3.13374457e+000	2.84488127e+002	0.00000000e+000	7.5562e+013	1.0000e-010	0.0000e+000
8.180000e+003	2.66283880e-001	-3.13371612e+000	2.83050467e+002	0.00000000e+000	7.5479e+013	1.0000e-010	0.0000e+000
8.190000e+003	2.66312186e-001	-3.13368781e+000	2.81614380e+002	0.00000000e+000	7.5396e+013	1.0000e-010	0.0000e+000
8.200000e+003	2.66340347e-001	-3.13365965e+000	2.80179856e+002	0.00000000e+000	7.5314e+013	1.0000e-010	0.0000e+000
8.210000e+003	2.66368365e-001	-3.13363164e+000	2.78746886e+002	0.00000000e+000	7.5232e+013	1.0000e-010	0.0000e+000
8.220000e+003	2.66396240e-001	-3.13360376e+000	2.77315461e+002	0.00000000e+000	7.5151e+013	1.0000e-010	0.0000e+000
8.230000e+003	2.66423971e-001	-3.13357603e+000	2.75885570e+002	0.00000000e+000	7.5071e+013	1.0000e-010	0.0000e+000
8.240000e+003	2.66451560e-001	-3.13354844e+000	2.74457205e+002	0.00000000e+000	7.4991e+013	1.0000e-010	0.0000e+000
8.250000e+003	2.66479005e-001	-3.13352099e+000	2.73030354e+002	0.00000000e+000	7.4911e+013	1.0000e-010	0.0000e+000
8.260000e+003	2.66506309e-001	-3.13349369e+000	2.71605011e+002	0.00000000e+000	7.4832e+013	1.0000e-010	0.0000e+000
8.270000e+003	2.66533469e-001	-3.13346653e+000	2.70181163e+002	0.00000000e+000	7.4753e+013	1.0000e-010	0.0000e+000
8.280000e+003	2.66560487e-001	-3.13343951e+000	2.68758803e+002	0.00000000e+000	7.4675e+013	1.0000e-010	0.0000e+000
8.290000e+003	2.66587363e-001	-3.13341264e+000	2.67337921e+002	0.00000000e+000	7.4598e+013	1.0000e-010	0.0000e+000
8.300000e+003	2.66614097e-001	-3.13338590e+000	2.65918508e+002	0.00000000e+000	7.4521e+013	1.0000e-010	0.0000e+000
8.310000e+003	2.66640689e-001	-3.13335931e+000	2.64500554e+002	0.00000000e+000	7.4444e+013	1.0000e-010	0.0000e+000
8.320000e+003	2.66667139e-001	-3.13333286e+000	2.63084050e+002	0.00000000e+000	7.4368e+013	1.0000e-010	0.0000e+000
8.330000e+003	2.66693447e-001	-3.13330655e+000	2.61668987e+002	0.00000000e+000	7.4292e+013	1.0000e-010	0.0000e+000
8.340000e+003	2.66719614e-001	-3.13328039e+000	2.60255355e+002	0.00000000e+000	7.4217e+013	1.0000e-010	0.0000e+000
8.350000e+003	2.66745640e-001	-3.13325436e+000	2.58843145e+002	0.00000000e+000	7.4142e+013	1.0000e-010	0.0000e+000
8.360000e+003	2.66771524e-001	-3.13322848e+000	2.57432349e+002	0.00000000e+000	7.4068e+013	1.0000e-010	0.0000e+000
8.370000e+003	2.66797267e-001	-3.13320273e+000	2.56022957e+002	0.00000000e+000	7.3995e+013	1.0000e-010	0.0000e+000
8.380000e+003	2.66822869e-001	-3.13317713e+000	2.54614961e+002	0.00000000e+000	7.3921e+013	1.0000e-010	0.0000e+000
8.390000e+003	2.66848331e-001	-3.13315167e+000	2.53208350e+002	0.00000000e+000	7.3849e+013	1.0000e-010	0.0000e+000
8.400000e+003	2.66873652e-001	-3.13312635e+000	2.51803116e+002	0.00000000e+000	7.3776e+013	1.0000e-010	0.0000e+000
8.410000e+003	2.66898832e-001	-3.13310117e+000	2.50399250e+002	0.00000000e+000	7.3704e+013	1.0000e-010	0.0000e+000
8.420000e+003	2.66923872e-001	-3.13307613e+000	2.48996744e+002	0.00000000e+000	7.3633e+013	1.0000e-010	0.0000e+000
8.430000e+003	2.66948772e-001	-3.13305123e+000	2.47595587e+002	0.00000000e+000	7.3562e+013	1.0000e-010	0.0000e+000
8.440000e+003	2.66973531e-001	-3.13302647e+000	2.46195772e+002	0.00000000e+000	7.3492e+013	1.0000e-010	0.0000e+000
8.450000e+003	2.66998151e-001	-3.13300185e+000	2.44797290e+002	0.00000000e+000	7.3422e+013	1.0000e-010	0.0000e+000
8.460000e+003	2.67022630e-001	-3.13297737e+000	2.43400131e+002	0.00000000e+000	7.3352e+013	1.0000e-010	0.0000e+000
8.470000e+003	2.67046971e-001	-3.13295303e+000	2.42004287e+002	0.00000000e+000	7.3283e+013	1.0000e-010	0.0000e+000
8.480000e+003	2.67071171e-001	-3.13292883e+000	2.40609748e+002	0.00000000e+000	7.3215e+013	1.0000e-010	0.0000e+000
8.490000e+003	2.67095232e-001	-3.13290477e+000	2.39216508e+002	0.00000000e+000	7.3147e+013	1.0000e-010	0.0000e+000
8.500000e+003	2.67119154e-001	-3.13288085e+000	2.37824555e+002	0.00000000e+000	7.3079e+013	1.0000e-010	0.0000e+000
8.510000e+003	2.67142936e-001	-3.13285706e+000	2.36433883e+002	0.00000000e+000	7.3012e+013	1.0000e-010	0.0000e+000
8.520000e+003	2.67166579e-001	-3.13283342e+000	2.35044482e+002	0.00000000e+000	7.2945e+013	1.0000e-010	0.0000e+000
8.530000e+003	2.67190084e-001	-3.13280992e+000	2.33656344e+002	0.00000000e+000	7.2879e+013	1.0000e-010	0.0000e+000
8.540000e+003	2.67213449e-001	-3.13278655e+000	2.32269460e+002	0.00000000e+000	7.2813e+013	1.0000e-010	0.0000e+000
8.550000e+003	2.67236676e-001	-3.13276332e+000	2.30883821e+002	0.00000000e+000	7.2747e+013	1.0000e-010	0.0000e+000
8.560000e+003	2.67259765e-001	-3.13274024e+000	2.29499419e+002	0.00000000e+000	7.2683e+013	1.0000e-010	0.0000e+000
8.570000e+003	2.67282715e-001	-3.13271729e+000	2.28116246e+002	0.00000000e+000	7.2618e+013	1.0000e-010	0.0000e+000
8.580000e+003	2.67305526e-001	-3.13269447e+000	2.26734292e+002	0.00000000e+000	7.2554e+013	1.0000e-010	0.0000e+000
8.590000e+003	2.67328200e-001	-3.13267180e+000	2.25353551e+002	0.00000000e+000	7.2490e+013	1.0000e-010	0.0000e+000
8.600000e+003	2.67350735e-001	-3.13264926e+000	2.23974012e+002	0.00000000e+000	7.2427e+013	1.0000e-010	0.0000e+000
8.610000e+003	2.67373133e-001	-3.13262687e+000	2.22595668e+002	0.00000000e+000	7.2364e+013	1.0000e-010	0.0000e+000
8.620000e+003	2.67395392e-001	-3.13260461e+000	2.21218510e+002	0.00000000e+000	7.2302e+013	1.0000e-010	0.0000e+000
8.630000e+003	2.67417514e-001	-3.13258249e+000	2.19842530e+002	0.00000000e+000	7.2240e+013	1.0000e-010	0.0000e+000
8.640000e+003	2.67439498e-001	-3.13256050e+000	2.18467720e+002	0.00000000e+000	7.2179e+013	1.0000e-010	0.0000e+000
8.650000e+003	2.67461345e-001	-3.13253865e+000	2.17094071e+002	0.00000000e+000	7.2118e+013	1.0000e-010	0.0000e+000
8.660000e+003	2.67483054e-001	-3.13251695e+000	2.15721575e+002	0.00000000e+000	7.2057e+013	1.0000e-010	0.0000e+000
8.670000e+003	2.67504627e-001	-3.13249537e+000	2.14350224e+002	0.00000000e+000	7.1997e+013	1.0000e-010	0.0000e+000
8.680000e+003	2.67526062e-001	-3.13247394e+000	2.12980009e+002	0.00000000e+000	7.1938e+013	1.0000e-010	0.0000e+000
8.690000e+003	2.67547360e-001	-3.13245264e+000	2.11610923e+002	0.00000000e+000	7.1878e+013	1.0000e-010	0.0000e+000
8.700000e+003	2.67568521e-001	-3.13243148e+000	2.10242957e+002	0.00000000e+000	7.1820e+013	1.0000e-010	0.0000e+000
8.710000e+003	2.67589545e-001	-3.13241046e+000	2.08876103e+002	0.00000000e+000	7.1761e+013	1.0000e-010	0.0000e+000
8.720000e+003	2.67610433e-001	-3.13238957e+000	2.07510353e+002	0.00000000e+000	7.1703e+013	1.0000e-010	0.0000e+000
8.730000e+003	2.67631184e-001	-3.13236882e+000	2.06145699e+002	0.00000000e+000	7.1646e+013	1.0000e-010	0.0000e+000
8.740000e+003	2.67651798e-001	-3.13234820e+000	2.04782133e+002	0.00000000e+000	7.1589e+013	1.0000e-010	0.0000e+000
8.750000e+003	2.67672276e-001	-3.13232772e+000	2.03419646e+002	0.00000000e+000	7.1532e+013	1.0000e-010	0.0000e+000
8.760000e+003	2.67692618e-001	-3.13230738e+000	2.02058231e+002	0.00000000e+000	7.1476e+013	1.0000e-010	0.0000e+000
8.770000e+003	2.67712824e-001	-3.13228718e+000	2.00697880e+002	0.00000000e+000	7.1420e+013	1.0000e-010	0.0000e+000
8.780000e+003	2.67732894e-001	-3.13226711e+000	1.99338584e+002	0.00000000e+000	7.1364e+013	1.0000e-010	0.0000e+000
8.790000e+003	2.67752828e-001	-3.13224717e+000	1.97980336e+002	0.00000000e+000	7.1309e+013	1.0000e-010	0.0000e+000
8.800000e+003	2.67772626e-001	-3.13222737e+000	1.96623128e+002	0.00000000e+000	7.1255e+013	1.0000e-010	0.0000e+000
8.810000e+003	2.67792288e-001	-3.13220771e+000	1.95266952e+002	0.00000000e+000	7.1201e+013	1.0000e-010	0.0000e+000
8.820000e+003	2.67811815e-001	-3.13218819e+000	1.93911800e+002	0.00000000e+000	7.1147e+013	1.0000e-010	0.0000e+000
8.830000e+003	2.67831206e-001	-3.13216879e+000	1.92557663e+002	0.00000000e+000	7.1094e+013	1.0000e-010	0.0000e+000
8.840000e+003	2.67850462e-001	-3.13214954e+000	1.91204535e+002	0.00000000e+000	7.1041e+013	1.0000e-010	0.0000e+000
8.850000e+003	2.67869582e-001	-3.13213042e+000	1.89852408e+002	0.00000000e+000	7.0988e+013	1.0000e-010	0.0000e+000
8.860000e+003	2.67888568e-001	-3.13211143e+000	1.88501273e+002	0.00000000e+000	7.0936e+013	1.0000e-010	0.0000e+000
8.870000e+003	2.67907418e-001	-3.13209258e+000	1.87151123e+002	0.00000000e+000	7.0884e+013	1.0000e-010	0.0000e+000
8.880000e+003	2.67926133e-001	-3.13207387e+000	1.85801950e+002	0.00000000e+000	7.0833e+013	1.0000e-010	0.0000e+000
8.890000e+003	2.67944713e-001	-3.13205529e+000	1.84453746e+002	0.00000000e+000	7.0782e+013	1.0000e-010	0.0000e+000
8.900000e+003	2.67963158e-001	-3.13203684e+000	1.83106504e+002	0.00000000e+000	7.0732e+013	1.0000e-010	0.0000e+000
8.910000e+003	2.67981469e-001	-3.13201853e+000	1.81760216e+002	0.00000000e+000	7.0682e+013	1.0000e-010	0.0000e+000
8.920000e+003	2.67999645e-001	-3.13200035e+000	1.80414874e+002	0.00000000e+000	7.0632e+013	1.0000e-010	0.0000e+000
8.930000e+003	2.68017687e-001	-3.13198231e+000	1.79070470e+002	0.00000000e+000	7.0583e+013	1.0000e-010	0.0000e+000
8.940000e+003	2.68035594e-001	-3.13196441e+000	1.77726998e+002	0.00000000e+000	7.0534e+013	1.0000e-010	0.0000e+000
8.950000e+003	2.68053366e-001	-3.13194663e+000	1.76384448e+002	0.00000000e+000	7.0485e+013	1.0000e-010	0.0000e+000
8.960000e+003	2.68071005e-001	-3.13192900e+000	1.75042815e+002	0.00000000e+000	7.0437e+013	1.0000e-010	0.0000e+000
8.970000e+003	2.68088509e-001	-3.13191149e+000	1.73702089e+002	0.00000000e+000	7.0389e+013	1.0000e-010	0.0000e+000
8.980000e+003	2.68105879e-001	-3.13189412e+000	1.72362264e+002	0.00000000e+000	7.0342e+013	1.0000e-010	0.0000e+000
8.990000e+003	2.68123115e-001	-3.13187688e+000	1.71023333e+002	0.00000000e+000	7.0295e+013	1.0000e-010	0.0000e+000
9.000000e+003	2.68140218e-001	-3.13185978e+000	1.69685286e+002	0.00000000e+000	7.0249e+013	1.0000e-010	0.0000e+000
9.010000e+003	2.68157186e-001	-3.13184281e+000	1.68348118e+002	0.00000000e+000	7.0203e+013	1.0000e-010	0.0000e+000
9.020000e+003	2.68174021e-001	-3.13182598e+000	1.67011820e+002	0.00000000e+000	7.0157e+013	1.0000e-010	0.0000e+000
9.030000e+003	2.68190722e-001	-3.13180928e+000	1.65676385e+002	0.00000000e+000	7.0112e+013	1.0000e-010	0.0000e+000
9.040000e+003	2.68207290e-001	-3.13179271e+000	1.64341805e+002	0.00000000e+000	7.0067e+013	1.0000e-010	0.0000e+000
9.050000e+003	2.68223724e-001	-3.13177628e+000	1.63008074e+002	0.00000000e+000	7.0022e+013	1.0000e-010	0.0000e+000
9.060000e+003	2.68240025e-001	-3.13175998e+000	1.61675183e+002	0.00000000e+000	6.9978e+013	1.0000e-010	0.0000e+000
9.070000e+003	2.68256192e-001	-3.13174381e+000	1.60343126e+002	0.00000000e+000	6.9934e+013	1.0000e-010	0.0000e+000
9.080000e+003	2.68272227e-001	-3.13172777e+000	1.59011895e+002	0.00000000e+000	6.9891e+013	1.0000e-010	0.0000e+000
9.090000e+003	2.68288128e-001	-3.13171187e+000	1.57681482e+002	0.00000000e+000	6.9848e+013	1.0000e-010	0.0000e+000
9.100000e+003	2.68303896e-001	-3.13169610e+000	1.56351880e+002	0.00000000e+000	6.9805e+013	1.0000e-010	0.0000e+000
9.110000e+003	2.68319531e-001	-3.13168047e+000	1.55023083e+002	0.00000000e+000	6.9763e+013	1.0000e-010	0.0000e+000
9.120000e+003	2.68335034e-001	-3.13166497e+000	1.53695082e+002	0.00000000e+000	6.9721e+013	1.0000e-010	0.0000e+000
9.130000e+003	2.68350403e-001	-3.13164960e+000	1.52367870e+002	0.00000000e+000	6.9680e+013	1.0000e-010	0.0000e+000
9.140000e+003	2.68365640e-001	-3.13163436e+000	1.51041440e+002	0.00000000e+000	6.9639e+013	1.0000e-010	0.0000e+000
9.150000e+003	2.68380744e-001	-3.13161926e+000	1.49715785e+002	0.00000000e+000	6.9598e+013	1.0000e-010	0.0000e+000
9.160000e+003	2.68395716e-001	-3.13160428e+000	1.48390898e+002	0.00000000e+000	6.9558e+013	1.0000e-010	0.0000e+000
9.170000e+003	2.68410555e-001	-3.13158945e+000	1.47066770e+002	0.00000000e+000	6.9518e+013	1.0000e-010	0.0000e+000
9.180000e+003	2.68425261e-001	-3.13157474e+000	1.45743396e+002	0.00000000e+000	6.9478e+013	1.0000e-010	0.0000e+000
9.190000e+003	2.68439836e-001	-3.13156016e+000	1.44420768e+002	0.00000000e+000	6.9439e+013	1.0000e-010	0.0000e+000
9.200000e+003	2.68454278e-001	-3.13154572e+000	1.43098878e+002	0.00000000e+000	6.9401e+013	1.0000e-010	0.0000e+000
9.210000e+003	2.68468588e-001	-3.13153141e+000	1.41777720e+002	0.00000000e+000	6.9362e+013	1.0000e-010	0.0000e+000
9.220000e+003	2.68482765e-001	-3.13151723e+000	1.40457286e+002	0.00000000e+000	6.9324e+013	1.0000e-010	0.0000e+000
9.230000e+003	2.68496811e-001	-3.13150319e+000	1.39137569e+002	0.00000000e+000	6.9286e+013	1.0000e-010	0.0000e+000
9.240000e+003	2.68510725e-001	-3.13148928e+000	1.37818563e+002	0.00000000e+000	6.9249e+013	1.0000e-010	0.0000e+000
9.250000e+003	2.68524507e-001	-3.13147549e+000	1.36500259e+002	0.00000000e+000	6.9212e+013	1.0000e-010	0.0000e+000
9.260000e+003	2.68538157e-001	-3.13146184e+000	1.35182652e+002	0.00000000e+000	6.9176e+013	1.0000e-010	0.0000e+000
9.270000e+003	2.68551675e-001	-3.13144832e+000	1.33865733e+002	0.00000000e+000	6.9140e+013	1.0000e-010	0.0000e+000
9.280000e+003	2.68565062e-001	-3.13143494e+000	1.32549496e+002	0.00000000e+000	6.9104e+013	1.0000e-010	0.0000e+000
9.290000e+003	2.68578317e-001	-3.13142168e+000	1.31233934e+002	0.00000000e+000	6.9068e+013	1.0000e-010	0.0000e+000
9.300000e+003	2.68591440e-001	-3.13140856e+000	1.29919039e+002	0.00000000e+000	6.9033e+013	1.0000e-010	0.0000e+000
9.310000e+003	2.68604432e-001	-3.13139557e+000	1.28604805e+002	0.00000000e+000	6.8999e+013	1.0000e-010	0.0000e+000
9.320000e+003	2.68617292e-001	-3.13138271e+000	1.27291224e+002	0.00000000e+000	6.8964e+013	1.0000e-010	0.0000e+000
9.330000e+003	2.68630021e-001	-3.13136998e+000	1.25978290e+002	0.00000000e+000	6.8930e+013	1.0000e-010	0.0000e+000
9.340000e+003	2.68642619e-001	-3.13135738e+000	1.24665996e+002	0.00000000e+000	6.8897e+013	1.0000e-010	0.0000e+000
9.350000e+003	2.68655086e-001	-3.13134491e+000	1.23354335e+002	0.00000000e+000	6.8864e+013	1.0000e-010	0.0000e+000
9.360000e+003	2.68667421e-001	-3.13133258e+000	1.22043299e+002	0.00000000e+000	6.8831e+013	1.0000e-010	0.0000e+000
9.370000e+003	2.68679626e-001	-3.13132037e+000	1.20732882e+002	0.00000000e+000	6.8798e+013	1.0000e-010	0.0000e+000
9.380000e+003	2.68691699e-001	-3.13130830e+000	1.19423077e+002	0.00000000e+000	6.8766e+013	1.0000e-010	0.0000e+000
9.390000e+003	2.68703641e-001	-3.13129636e+000	1.18113876e+002	0.00000000e+000	6.8734e+013	1.0000e-010	0.0000e+000
9.400000e+003	2.68715453e-001	-3.13128455e+000	1.16805274e+002	0.00000000e+000	6.8703e+013	1.0000e-010	0.0000e+000
9.410000e+003	2.68727133e-001	-3.13127287e+000	1.15497263e+002	0.00000000e+000	6.8672e+013	1.0000e-010	0.0000e+000
9.420000e+003	2.68738683e-001	-3.13126132e+000	1.14189836e+002	0.00000000e+000	6.8641e+013	1.0000e-010	0.0000e+000
9.430000e+003	2.68750102e-001	-3.13124990e+000	1.12882987e+002	0.00000000e+000	6.8611e+013	1.0000e-010	0.0000e+000
9.440000e+003	2.68761390e-001	-3.13123861e+000	1.11576708e+002	0.00000000e+000	6.8581e+013	1.0000e-010	0.0000e+000
9.450000e+003	2.68772548e-001	-3.13122745e+000	1.10270992e+002	0.00000000e+000	6.8551e+013	1.0000e-010	0.0000e+000
9.460000e+003	2.68783575e-001	-3.13121643e+000	1.08965834e+002	0.00000000e+000	6.8522e+013	1.0000e-010	0.0000e+000
9.470000e+003	2.68794472e-001	-3.13120553e+000	1.07661225e+002	0.00000000e+000	6.8493e+013	1.0000e-010	0.0000e+000
9.480000e+003	2.68805238e-001	-3.13119476e+000	1.06357160e+002	0.00000000e+000	6.8465e+013	1.0000e-010	0.0000e+000
9.490000e+003	2.68815873e-001	-3.13118413e+000	1.05053631e+002	0.00000000e+000	6.8437e+013	1.0000e-010	0.0000e+000
9.500000e+003	2.68826379e-001	-3.13117362e+000	1.03750632e+002	0.00000000e+000	6.8409e+013	1.0000e-010	0.0000e+000
9.510000e+003	2.68836754e-001	-3.13116325e+000	1.02448155e+002	0.00000000e+000	6.8381e+013	1.0000e-010	0.0000e+000
9.520000e+003	2.68846999e-001	-3.13115300e+000	1.01146195e+002	0.00000000e+000	6.8354e+013	1.0000e-010	0.0000e+000
9.530000e+003	2.68857113e-001	-3.13114289e+000	9.98447436e+001	0.00000000e+000	6.8327e+013	1.0000e-010	0.0000e+000
9.540000e+003	2.68867098e-001	-3.13113290e+000	9.85437950e+001	0.00000000e+000	6.8301e+013	1.0000e-010	0.0000e+000
9.550000e+003	2.68876952e-001	-3.13112305e+000	9.72433422e+001	0.00000000e+000	6.8275e+013	1.0000e-010	0.0000e+000
9.560000e+003	2.68886676e-001	-3.13111332e+000	9.59433785e+001	0.00000000e+000	6.8249e+013	1.0000e-010	0.0000e+000
9.570000e+003	2.68896271e-001	-3.13110373e+000	9.46438972e+001	0.00000000e+000	6.8224e+013	1.0000e-010	0.0000e+000
9.580000e+003	2.68905735e-001	-3.13109426e+000	9.33448915e+001	0.00000000e+000	6.8199e+013	1.0000e-010	0.0000e+000
9.590000e+003	2.68915070e-001	-3.13108493e+000	9.20463547e+001	0.00000000e+000	6.8174e+013	1.0000e-010	0.0000e+000
9.600000e+003	2.68924274e-001	-3.13107573e+000	9.07482802e+001	0.00000000e+000	6.8150e+013	1.0000e-010	0.0000e+000
9.610000e+003	2.68933349e-001	-3.13106665e+000	8.94506613e+001	0.00000000e+000	6.8126e+013	1.0000e-010	0.0000e+000
9.620000e+003	2.68942294e-001	-3.13105771e+000	8.81534914e+001	0.00000000e+000	6.8103e+013	1.0000e-010	0.0000e+000
9.630000e+003	2.68951110e-001	-3.13104889e+000	8.68567636e+001	0.00000000e+000	6.8079e+013	1.0000e-010	0.0000e+000
9.640000e+003	2.68959795e-001	-3.13104020e+000	8.55604715e+001	0.00000000e+000	6.8057e+013	1.0000e-010	0.0000e+000
9.650000e+003	2.68968351e-001	-3.13103165e+000	8.42646083e+001	0.00000000e+000	6.8034e+013	1.0000e-010	0.0000e+000
9.660000e+003	2.68976778e-001	-3.13102322e+000	8.29691674e+001	0.00000000e+000	6.8012e+013	1.0000e-010	0.0000e+000
9.670000e+003	2.68985075e-001	-3.13101493e+000	8.16741423e+001	0.00000000e+000	6.7990e+013	1.0000e-010	0.0000e+000
9.680000e+003	2.68993242e-001	-3.13100676e+000	8.03795261e+001	0.00000000e+000	6.7969e+013	1.0000e-010	0.0000e+000
9.690000e+003	2.69001280e-001	-3.13099872e+000	7.90853125e+001	0.00000000e+000	6.7947e+013	1.0000e-010	0.0000e+000
9.700000e+003	2.69009189e-001	-3.13099081e+000	7.77914947e+001	0.00000000e+000	6.7927e+013	1.0000e-010	0.0000e+000
9.710000e+003	2.69016968e-001	-3.13098303e+000	7.64980662e+001	0.00000000e+000	6.7906e+013	1.0000e-010	0.0000e+000
9.720000e+003	2.69024617e-001	-3.13097538e+000	7.52050204e+001	0.00000000e+000	6.7886e+013	1.0000e-010	0.0000e+000
9.730000e+003	2.69032138e-001	-3.13096786e+000	7.39123506e+001	0.00000000e+000	6.7866e+013	1.0000e-010	0.0000e+000
9.740000e+003	2.69039529e-001	-3.13096047e+000	7.26200504e+001	0.00000000e+000	6.7847e+013	1.0000e-010	0.0000e+000
9.750000e+003	2.69046791e-001	-3.13095321e+000	7.13281132e+001	0.00000000e+000	6.7828e+013	1.0000e-010	0.0000e+000
9.760000e+003	2.69053924e-001	-3.13094608e+000	7.00365323e+001	0.00000000e+000	6.7809e+013	1.0000e-010	0.0000e+000
9.770000e+003	2.69060928e-001	-3.13093907e+000	6.87453014e+001	0.00000000e+000	6.7791e+013	1.0000e-010	0.0000e+000
9.780000e+003	2.69067802e-001	-3.13093220e+000	6.74544137e+001	0.00000000e+000	6.7773e+013	1.0000e-010	0.0000e+000
9.790000e+003	2.69074548e-001	-3.13092545e+000	6.61638628e+001	0.00000000e+000	6.7755e+013	1.0000e-010	0.0000e+000
9.800000e+003	2.69081164e-001	-3.13091884e+000	6.48736422e+001	0.00000000e+000	6.7738e+013	1.0000e-010	0.0000e+000
9.810000e+003	2.69087651e-001	-3.13091235e+000	6.35837453e+001	0.00000000e+000	6.7721e+013	1.0000e-010	0.0000e+000
9.820000e+003	2.69094010e-001	-3.13090599e+000	6.22941656e+001	0.00000000e+000	6.7704e+013	1.0000e-010	0.0000e+000
9.830000e+003	2.69100239e-001	-3.13089976e+000	6.10048967e+001	0.00000000e+000	6.7688e+013	1.0000e-010	0.0000e+000
9.840000e+003	2.69106340e-001	-3.13089366e+000	5.97159319e+001	0.00000000e+000	6.7672e+013	1.0000e-010	0.0000e+000
9.850000e+003	2.69112311e-001	-3.13088769e+000	5.84272648e+001	0.00000000e+000	6.7656e+013	1.0000e-010	0.0000e+000
9.860000e+003	2.69118154e-001	-3.13088185e+000	5.71388890e+001	0.00000000e+000	6.7641e+013	1.0000e-010	0.0000e+000
9.870000e+003	2.69123868e-001	-3.13087613e+000	5.58507979e+001	0.00000000e+000	6.7626e+013	1.0000e-010	0.0000e+000
9.880000e+003	2.69129453e-001	-3.13087055e+000	5.45629850e+001	0.00000000e+000	6.7611e+013	1.0000e-010	0.0000e+000
9.890000e+003	2.69134909e-001	-3.13086509e+000	5.32754439e+001	0.00000000e+000	6.7597e+013	1.0000e-010	0.0000e+000
9.900000e+003	2.69140237e-001	-3.13085976e+000	5.19881681e+001	0.00000000e+000	6.7583e+013	1.0000e-010	0.0000e+000
9.910000e+003	2.69145436e-001	-3.13085456e+000	5.07011512e+001	0.00000000e+000	6.7570e+013	1.0000e-010	0.0000e+000
9.920000e+003	2.69150506e-001	-3.13084949e+000	4.94143866e+001	0.00000000e+000	6.7556e+013	1.0000e-010	0.0000e+000
9.930000e+003	2.69155447e-001	-3.13084455e+000	4.81278680e+001	0.00000000e+000	6.7543e+013	1.0000e-010	0.0000e+000
9.940000e+003	2.69160260e-001	-3.13083974e+000	4.68415889e+001	0.00000000e+000	6.7531e+013	1.0000e-010	0.0000e+000
9.950000e+003	2.69164944e-001	-3.13083506e+000	4.55555428e+001	0.00000000e+000	6.7519e+013	1.0000e-010	0.0000e+000
9.960000e+003	2.69169500e-001	-3.13083050e+000	4.42697233e+001	0.00000000e+000	6.7507e+013	1.0000e-010	0.0000e+000
9.970000e+003	2.69173927e-001	-3.13082607e+000	4.29841239e+001	0.00000000e+000	6.7495e+013	1.0000e-010	0.0000e+000
9.980000e+003	2.69178225e-001	-3.13082177e+000	4.16987384e+001	0.00000000e+000	6.7484e+013	1.0000e-010	0.0000e+000
9.990000e+003	2.69182395e-001	-3.13081761e+000	4.04135601e+001	0.00000000e+000	6.7473e+013	1.0000e-010	0.0000e+000
1.000000e+004	2.69186436e-001	-3.13081356e+000	3.91285827e+001	0.00000000e+000	6.7463e+013	1.0000e-010	0.0000e+000
1.001000e+004	2.69190349e-001	-3.13080965e+000	3.78437998e+001	0.00000000e+000	6.7452e+013	1.0000e-010	0.0000e+000
1.002000e+004	2.69194134e-001	-3.13080587e+000	3.65592050e+001	0.00000000e+000	6.7442e+013	1.0000e-010	0.0000e+000
1.003000e+004	2.69197789e-001	-3.13080221e+000	3.52747918e+001	0.00000000e+000	6.7433e+013	1.0000e-010	0.0000e+000
1.004000e+004	2.69201317e-001	-3.13079868e+000	3.39905538e+001	0.00000000e+000	6.7424e+013	1.0000e-010	0.0000e+000
1.005000e+004	2.69204716e-001	-3.13079528e+000	3.27064847e+001	0.00000000e+000	6.7415e+013	1.0000e-010	0.0000e+000
1.006000e+004	2.69207987e-001	-3.13079201e+000	3.14225780e+001	0.00000000e+000	6.7406e+013	1.0000e-010	0.0000e+000
1.007000e+004	2.69211129e-001	-3.13078887e+000	3.01388274e+001	0.00000000e+000	6.7398e+013	1.0000e-010	0.0000e+000
1.008000e+004	2.69214143e-001	-3.13078586e+000	2.88552265e+001	0.00000000e+000	6.7390e+013	1.0000e-010	0.0000e+000
1.009000e+004	2.69217028e-001	-3.13078297e+000	2.75717688e+001	0.00000000e+000	6.7383e+013	1.0000e-010	0.0000e+000
1.010000e+004	2.69219785e-001	-3.13078021e+000	2.62884479e+001	0.00000000e+000	6.7376e+013	1.0000e-010	0.0000e+000
1.011000e+004	2.69222414e-001	-3.13077759e+000	2.50052576e+001	0.00000000e+000	6.7369e+013	1.0000e-010	0.0000e+000
1.012000e+004	2.69224915e-001	-3.13077509e+000	2.37221914e+001	0.00000000e+000	6.7362e+013	1.0000e-010	0.0000e+000
1.013000e+004	2.69227287e-001	-3.13077271e+000	2.24392429e+001	0.00000000e+000	6.7356e+013	1.0000e-010	0.0000e+000
1.014000e+004	2.69229531e-001	-3.13077047e+000	2.11564058e+001	0.00000000e+000	6.7350e+013	1.0000e-010	0.0000e+000
1.015000e+004	2.69231647e-001	-3.13076835e+000	1.98736736e+001	0.00000000e+000	6.7345e+013	1.0000e-010	0.0000e+000
1.016000e+004	2.69233634e-001	-3.13076637e+000	1.85910401e+001	0.00000000e+000	6.7340e+013	1.0000e-010	0.0000e+000
1.017000e+004	2.69235493e-001	-3.13076451e+000	1.73084987e+001	0.00000000e+000	6.7335e+013	1.0000e-010	0.0000e+000
1.018000e+004	2.69237224e-001	-3.13076278e+000	1.60260433e+001	0.00000000e+000	6.7330e+013	1.0000e-010	0.0000e+000
1.019000e+004	2.69238827e-001	-3.13076117e+000	1.47436673e+001	0.00000000e+000	6.7326e+013	1.0000e-010	0.0000e+000
1.020000e+004	2.69240301e-001	-3.13075970e+000	1.34613645e+001	0.00000000e+000	6.7322e+013	1.0000e-010	0.0000e+000
1.021000e+004	2.69241647e-001	-3.13075835e+000	1.21791285e+001	0.00000000e+000	6.7319e+013	1.0000e-010	0.0000e+000
1.022000e+004	2.69242865e-001	-3.13075714e+000	1.08969528e+001	0.00000000e+000	6.7315e+013	1.0000e-010	0.0000e+000
1.023000e+004	2.69243955e-001	-3.13075605e+000	9.61483123e+000	0.00000000e+000	6.7313e+013	1.0000e-010	0.0000e+000
1.024000e+004	2.69244916e-001	-3.13075508e+000	8.33275731e+000	0.00000000e+000	6.7310e+013	1.0000e-010	0.0000e+000
1.025000e+004	2.69245749e-001	-3.13075425e+000	7.05072472e+000	0.00000000e+000	6.7308e+013	1.0000e-010	0.0000e+000
1.026000e+004	2.69246455e-001	-3.13075355e+000	5.76872709e+000	0.00000000e+000	6.7306e+013	1.0000e-010	0.0000e+000
1.027000e+004	2.69247031e-001	-3.13075297e+000	4.48675808e+000	0.00000000e+000	6.7305e+013	1.0000e-010	0.0000e+000
1.028000e+004	2.69247480e-001	-3.13075252e+000	3.20481130e+000	0.00000000e+000	6.7303e+013	1.0000e-010	0.0000e+000
1.029000e+004	2.69247801e-001	-3.13075220e+000	1.92288043e+000	0.00000000e+000	6.7303e+013	1.0000e-010	0.0000e+000
1.030000e+004	2.69247993e-001	-3.13075201e+000	6.40959082e-001	0.00000000e+000	6.7302e+013	1.0000e-010	0.0000e+000
1.031000e+004	2.69248057e-001	-3.13075194e+000	6.40959082e-001	0.00000000e+000	6.7302e+013	1.0000e-010	0.0000e+000
