V	C (Fcm-2)	Initcharge (cm-2)	Finalcharge (cm-2)	ns Total (cm-2)	ps Total (cm-2)
-7.000e+000	4.8034e-017	-9.3457e+000	-6.3477e+000	6.3476e+000	5.2500e-015
-6.990e+000	4.8034e-017	-9.3457e+000	-6.3477e+000	6.3476e+000	5.2500e-015
-6.980e+000	4.8034e-017	-9.3457e+000	-6.3477e+000	6.3476e+000	5.2500e-015
-6.970e+000	4.8034e-017	-9.3457e+000	-6.3477e+000	6.3476e+000	5.2500e-015
-6.960e+000	4.8034e-017	-9.3457e+000	-6.3477e+000	6.3476e+000	5.2500e-015
-6.950e+000	4.8034e-017	-9.3457e+000	-6.3477e+000	6.3476e+000	5.2500e-015
-6.940e+000	4.8034e-017	-9.3457e+000	-6.3477e+000	6.3476e+000	5.2500e-015
-6.930e+000	4.8034e-017	-9.3457e+000	-6.3477e+000	6.3476e+000	5.2500e-015
-6.920e+000	4.8034e-017	-9.3457e+000	-6.3477e+000	6.3476e+000	5.2500e-015
-6.910e+000	4.8034e-017	-9.3457e+000	-6.3477e+000	6.3476e+000	5.2500e-015
-6.900e+000	4.8034e-017	-9.3457e+000	-6.3477e+000	6.3476e+000	5.2500e-015
-6.890e+000	4.8034e-017	-9.3457e+000	-6.3477e+000	6.3476e+000	5.2500e-015
-6.880e+000	4.8034e-017	-9.3457e+000	-6.3477e+000	6.3476e+000	5.2500e-015
-6.870e+000	4.8034e-017	-9.3457e+000	-6.3477e+000	6.3476e+000	5.2500e-015
-6.860e+000	4.8034e-017	-9.3457e+000	-6.3477e+000	6.3476e+000	5.2500e-015
-6.850e+000	4.8034e-017	-9.3457e+000	-6.3477e+000	6.3476e+000	5.2500e-015
-6.840e+000	4.8034e-017	-9.3457e+000	-6.3477e+000	6.3476e+000	5.2500e-015
-6.830e+000	4.8034e-017	-9.3457e+000	-6.3477e+000	6.3476e+000	5.2500e-015
-6.820e+000	4.8034e-017	-9.3457e+000	-6.3477e+000	6.3476e+000	5.2500e-015
-6.810e+000	4.8034e-017	-9.3457e+000	-6.3477e+000	6.3476e+000	5.2500e-015
-6.800e+000	4.8034e-017	-9.3457e+000	-6.3477e+000	6.3476e+000	5.2500e-015
-6.790e+000	4.8034e-017	-9.3457e+000	-6.3477e+000	6.3476e+000	5.2500e-015
-6.780e+000	4.8034e-017	-9.3457e+000	-6.3477e+000	6.3476e+000	5.2500e-015
-6.770e+000	4.8034e-017	-9.3457e+000	-6.3477e+000	6.3476e+000	5.2500e-015
-6.760e+000	4.8034e-017	-9.3457e+000	-6.3477e+000	6.3476e+000	5.2500e-015
-6.750e+000	4.8034e-017	-9.3457e+000	-6.3477e+000	6.3476e+000	5.2500e-015
-6.740e+000	4.8034e-017	-9.3457e+000	-6.3477e+000	6.3476e+000	5.2500e-015
-6.730e+000	4.8034e-017	-9.3457e+000	-6.3477e+000	6.3476e+000	5.2500e-015
-6.720e+000	4.8034e-017	-9.3457e+000	-6.3477e+000	6.3476e+000	5.2500e-015
-6.710e+000	4.8034e-017	-9.3457e+000	-6.3477e+000	6.3476e+000	5.2500e-015
-6.700e+000	4.8034e-017	-9.3457e+000	-6.3477e+000	6.3476e+000	5.2500e-015
-6.690e+000	4.8034e-017	-9.3457e+000	-6.3477e+000	6.3476e+000	5.2500e-015
-6.680e+000	4.8034e-017	-9.3457e+000	-6.3477e+000	6.3476e+000	5.2500e-015
-6.670e+000	4.8034e-017	-9.3457e+000	-6.3477e+000	6.3476e+000	5.2500e-015
-6.660e+000	4.8034e-017	-9.3457e+000	-6.3477e+000	6.3476e+000	5.2500e-015
-6.650e+000	4.8034e-017	-9.3457e+000	-6.3477e+000	6.3476e+000	5.2500e-015
-6.640e+000	4.8034e-017	-9.3457e+000	-6.3477e+000	6.3476e+000	5.2500e-015
-6.630e+000	4.8034e-017	-9.3457e+000	-6.3477e+000	6.3476e+000	5.2500e-015
-6.620e+000	4.8034e-017	-9.3457e+000	-6.3477e+000	6.3476e+000	5.2500e-015
-6.610e+000	4.8034e-017	-9.3457e+000	-6.3477e+000	6.3476e+000	5.2500e-015
-6.600e+000	4.8034e-017	-9.3457e+000	-6.3477e+000	6.3476e+000	5.2500e-015
-6.590e+000	4.8034e-017	-9.3457e+000	-6.3477e+000	6.3476e+000	5.2500e-015
-6.580e+000	4.8034e-017	-9.3457e+000	-6.3477e+000	6.3476e+000	5.2500e-015
-6.570e+000	4.8034e-017	-9.3458e+000	-6.3477e+000	6.3476e+000	5.2500e-015
-6.560e+000	4.8035e-017	-9.3458e+000	-6.3477e+000	6.3476e+000	5.2500e-015
-6.550e+000	4.8035e-017	-9.3458e+000	-6.3477e+000	6.3477e+000	5.2500e-015
-6.540e+000	4.8035e-017	-9.3459e+000	-6.3478e+000	6.3477e+000	5.2500e-015
-6.530e+000	4.8036e-017	-9.3460e+000	-6.3478e+000	6.3478e+000	5.2500e-015
-6.520e+000	4.8036e-017	-9.3461e+000	-6.3479e+000	6.3479e+000	5.2500e-015
-6.510e+000	4.8037e-017	-9.3463e+000	-6.3481e+000	6.3480e+000	5.2500e-015
-6.500e+000	4.8039e-017	-9.3466e+000	-6.3483e+000	6.3482e+000	5.2500e-015
-6.490e+000	4.8041e-017	-9.3470e+000	-6.3485e+000	6.3485e+000	5.2500e-015
-6.480e+000	4.8044e-017	-9.3476e+000	-6.3490e+000	6.3489e+000	5.2500e-015
-6.470e+000	4.8049e-017	-9.3485e+000	-6.3496e+000	6.3495e+000	5.2500e-015
-6.460e+000	4.8055e-017	-9.3499e+000	-6.3505e+000	6.3504e+000	5.2500e-015
-6.450e+000	4.8066e-017	-9.3518e+000	-6.3518e+000	6.3517e+000	5.2500e-015
-6.440e+000	4.8080e-017	-9.3547e+000	-6.3538e+000	6.3537e+000	5.2500e-015
-6.430e+000	4.8102e-017	-9.3590e+000	-6.3567e+000	6.3566e+000	5.2500e-015
-6.420e+000	4.8134e-017	-9.3652e+000	-6.3609e+000	6.3608e+000	5.2500e-015
-6.410e+000	4.8182e-017	-9.3745e+000	-6.3672e+000	6.3671e+000	5.2500e-015
-6.400e+000	4.8252e-017	-9.3880e+000	-6.3764e+000	6.3763e+000	5.2500e-015
-6.390e+000	4.8354e-017	-9.4080e+000	-6.3900e+000	6.3899e+000	5.2500e-015
-6.380e+000	4.8506e-017	-9.4375e+000	-6.4100e+000	6.4099e+000	5.2500e-015
-6.370e+000	4.8729e-017	-9.4808e+000	-6.4394e+000	6.4393e+000	5.2500e-015
-6.360e+000	4.9056e-017	-9.5446e+000	-6.4828e+000	6.4827e+000	5.2500e-015
-6.350e+000	4.9555e-017	-9.6396e+000	-6.5466e+000	6.5465e+000	5.2500e-015
-6.340e+000	5.0282e-017	-9.7798e+000	-6.6415e+000	6.6405e+000	5.2500e-015
-6.330e+000	5.1297e-017	-9.9835e+000	-6.7818e+000	6.7788e+000	5.2500e-015
-6.320e+000	5.2838e-017	-1.0283e+001	-6.9854e+000	6.9824e+000	5.2500e-015
-6.310e+000	5.5154e-017	-1.0728e+001	-7.2853e+000	7.2823e+000	5.2500e-015
-6.300e+000	5.8447e-017	-1.1378e+001	-7.7296e+000	7.7237e+000	5.2500e-015
-6.290e+000	6.3427e-017	-1.2338e+001	-8.3795e+000	8.3736e+000	5.2500e-015
-6.280e+000	7.0637e-017	-1.3749e+001	-9.3403e+000	9.3305e+000	5.2500e-015
-6.270e+000	8.1406e-017	-1.5832e+001	-1.0751e+001	1.0739e+001	5.2500e-015
-6.260e+000	9.7101e-017	-1.8895e+001	-1.2834e+001	1.2813e+001	5.2500e-015
-6.250e+000	1.2026e-016	-2.3402e+001	-1.5896e+001	1.5867e+001	5.2500e-015
-6.240e+000	1.5443e-016	-3.0043e+001	-2.0404e+001	2.0363e+001	5.2500e-015
-6.230e+000	2.0464e-016	-3.9818e+001	-2.7045e+001	2.6982e+001	5.2500e-015
-6.220e+000	2.7861e-016	-5.4209e+001	-3.6820e+001	3.6728e+001	5.2500e-015
-6.210e+000	3.8749e-016	-7.5396e+001	-5.1211e+001	5.1076e+001	5.2500e-015
-6.200e+000	5.4784e-016	-1.0659e+002	-7.2398e+001	7.2201e+001	5.2500e-015
-6.190e+000	7.8387e-016	-1.5252e+002	-1.0359e+002	1.0330e+002	5.2500e-015
-6.180e+000	1.1314e-015	-2.2014e+002	-1.4952e+002	1.4909e+002	5.2500e-015
-6.170e+000	1.6431e-015	-3.1969e+002	-2.1714e+002	2.1651e+002	5.2500e-015
-6.160e+000	2.3964e-015	-4.6627e+002	-3.1670e+002	3.1577e+002	5.2500e-015
-6.150e+000	3.5055e-015	-6.8207e+002	-4.6327e+002	4.6190e+002	5.2500e-015
-6.140e+000	5.1384e-015	-9.9979e+002	-6.7907e+002	6.7706e+002	5.2500e-015
-6.130e+000	7.5426e-015	-1.4676e+003	-9.9679e+002	9.9382e+002	5.2500e-015
-6.120e+000	1.1082e-014	-2.1563e+003	-1.4646e+003	1.4602e+003	5.2500e-015
-6.110e+000	1.6294e-014	-3.1702e+003	-2.1533e+003	2.1468e+003	5.2500e-015
-6.100e+000	2.3966e-014	-4.6631e+003	-3.1672e+003	3.1578e+003	5.2500e-015
-6.090e+000	3.5262e-014	-6.8610e+003	-4.6601e+003	4.6461e+003	5.2500e-015
-6.080e+000	5.1893e-014	-1.0097e+004	-6.8580e+003	6.8374e+003	5.2500e-015
-6.070e+000	7.6379e-014	-1.4861e+004	-1.0094e+004	1.0064e+004	5.2500e-015
-6.060e+000	1.1243e-013	-2.1875e+004	-1.4858e+004	1.4814e+004	5.2500e-015
-6.050e+000	1.6551e-013	-3.2202e+004	-2.1872e+004	2.1807e+004	5.2500e-015
-6.040e+000	2.4365e-013	-4.7407e+004	-3.2199e+004	3.2103e+004	5.2500e-015
-6.030e+000	3.5869e-013	-6.9792e+004	-4.7404e+004	4.7262e+004	5.2500e-015
-6.020e+000	5.2807e-013	-1.0275e+005	-6.9789e+004	6.9580e+004	5.2500e-015
-6.010e+000	7.7745e-013	-1.5127e+005	-1.0275e+005	1.0244e+005	5.2500e-015
-6.000e+000	1.1446e-012	-2.2271e+005	-1.5127e+005	1.5081e+005	5.2500e-015
-5.990e+000	1.6851e-012	-3.2788e+005	-2.2270e+005	2.2204e+005	5.2500e-015
-5.980e+000	2.4808e-012	-4.8271e+005	-3.2787e+005	3.2689e+005	5.2500e-015
-5.970e+000	3.6523e-012	-7.1067e+005	-4.8271e+005	4.8127e+005	5.2500e-015
-5.960e+000	5.3767e-012	-1.0463e+006	-7.1066e+005	7.0854e+005	5.2500e-015
-5.950e+000	7.9151e-012	-1.5403e+006	-1.0463e+006	1.0431e+006	5.2500e-015
-5.940e+000	1.1651e-011	-2.2675e+006	-1.5403e+006	1.5357e+006	5.2500e-015
-5.930e+000	1.7150e-011	-3.3379e+006	-2.2675e+006	2.2607e+006	5.2500e-015
-5.920e+000	2.5240e-011	-4.9132e+006	-3.3379e+006	3.3279e+006	5.2500e-015
-5.910e+000	3.7140e-011	-7.2313e+006	-4.9132e+006	4.8985e+006	5.2500e-015
-5.900e+000	5.4636e-011	-1.0641e+007	-7.2313e+006	7.2096e+006	5.2500e-015
-5.890e+000	8.0343e-011	-1.5656e+007	-1.0641e+007	1.0610e+007	5.2500e-015
-5.880e+000	1.1808e-010	-2.3026e+007	-1.5656e+007	1.5609e+007	5.2500e-015
-5.870e+000	1.7340e-010	-3.3849e+007	-2.3026e+007	2.2957e+007	5.2500e-015
-5.860e+000	2.5434e-010	-4.9723e+007	-3.3849e+007	3.3748e+007	5.2500e-015
-5.850e+000	3.7240e-010	-7.2967e+007	-4.9723e+007	4.9575e+007	5.2500e-015
-5.840e+000	5.4390e-010	-1.0691e+008	-7.2967e+007	7.2749e+007	5.2500e-015
-5.830e+000	7.9151e-010	-1.5632e+008	-1.0691e+008	1.0660e+008	5.2500e-015
-5.820e+000	1.1460e-009	-2.2784e+008	-1.5632e+008	1.5585e+008	5.2500e-015
-5.810e+000	1.6475e-009	-3.3067e+008	-2.2784e+008	2.2717e+008	5.2500e-015
-5.800e+000	2.3456e-009	-4.7707e+008	-3.3067e+008	3.2970e+008	5.2500e-015
-5.790e+000	3.2972e-009	-6.8286e+008	-4.7707e+008	4.7568e+008	5.2500e-015
-5.780e+000	4.5604e-009	-9.6750e+008	-6.8286e+008	6.8090e+008	5.2500e-015
-5.770e+000	6.1858e-009	-1.3536e+009	-9.6750e+008	9.6476e+008	5.2500e-015
-5.760e+000	8.2069e-009	-1.8658e+009	-1.3536e+009	1.3498e+009	5.2500e-015
-5.750e+000	1.0636e-008	-2.5297e+009	-1.8658e+009	1.8608e+009	5.2500e-015
-5.740e+000	1.3467e-008	-3.3702e+009	-2.5297e+009	2.5231e+009	5.2500e-015
-5.730e+000	1.6688e-008	-4.4118e+009	-3.3702e+009	3.3619e+009	5.2500e-015
-5.720e+000	2.0296e-008	-5.6786e+009	-4.4118e+009	4.4015e+009	5.2500e-015
-5.710e+000	2.4302e-008	-7.1954e+009	-5.6786e+009	5.6662e+009	5.2500e-015
-5.700e+000	2.8733e-008	-8.9888e+009	-7.1954e+009	7.1808e+009	5.2500e-015
-5.690e+000	3.3628e-008	-1.1088e+010	-8.9888e+009	8.9719e+009	5.2500e-015
-5.680e+000	3.9027e-008	-1.3524e+010	-1.1088e+010	1.1069e+010	5.2500e-015
-5.670e+000	4.4962e-008	-1.6330e+010	-1.3524e+010	1.3502e+010	5.2500e-015
-5.660e+000	5.1452e-008	-1.9541e+010	-1.6330e+010	1.6307e+010	5.2500e-015
-5.650e+000	5.8493e-008	-2.3192e+010	-1.9541e+010	1.9516e+010	5.2500e-015
-5.640e+000	6.6060e-008	-2.7315e+010	-2.3192e+010	2.3165e+010	5.2500e-015
-5.630e+000	7.4101e-008	-3.1940e+010	-2.7315e+010	2.7287e+010	5.2500e-015
-5.620e+000	8.2543e-008	-3.7092e+010	-3.1940e+010	3.1911e+010	5.2500e-015
-5.610e+000	9.1297e-008	-4.2790e+010	-3.7092e+010	3.7061e+010	5.2500e-015
-5.600e+000	1.0026e-007	-4.9048e+010	-4.2790e+010	4.2759e+010	5.2500e-015
-5.590e+000	1.0933e-007	-5.5872e+010	-4.9048e+010	4.9016e+010	5.2500e-015
-5.580e+000	1.1841e-007	-6.3263e+010	-5.5872e+010	5.5839e+010	5.2500e-015
-5.570e+000	1.2739e-007	-7.1214e+010	-6.3263e+010	6.3229e+010	5.2500e-015
-5.560e+000	1.3620e-007	-7.9715e+010	-7.1214e+010	7.1179e+010	5.2500e-015
-5.550e+000	1.4476e-007	-8.8750e+010	-7.9715e+010	7.9680e+010	5.2500e-015
-5.540e+000	1.5302e-007	-9.8301e+010	-8.8750e+010	8.8715e+010	5.2500e-015
-5.530e+000	1.6074e-007	-1.0833e+011	-9.8301e+010	9.8265e+010	5.2500e-015
-5.520e+000	1.6801e-007	-1.1882e+011	-1.0833e+011	1.0830e+011	5.2500e-015
-5.510e+000	1.7510e-007	-1.2975e+011	-1.1882e+011	1.1878e+011	5.2500e-015
-5.500e+000	1.8182e-007	-1.4110e+011	-1.2975e+011	1.2971e+011	5.2500e-015
-5.490e+000	1.8826e-007	-1.5285e+011	-1.4110e+011	1.4106e+011	5.2500e-015
-5.480e+000	1.9420e-007	-1.6497e+011	-1.5285e+011	1.5281e+011	5.2500e-015
-5.470e+000	1.9968e-007	-1.7743e+011	-1.6497e+011	1.6493e+011	5.2500e-015
-5.460e+000	2.0501e-007	-1.9023e+011	-1.7743e+011	1.7739e+011	5.2500e-015
-5.450e+000	2.0998e-007	-2.0333e+011	-1.9023e+011	1.9019e+011	5.2500e-015
-5.440e+000	2.1448e-007	-2.1672e+011	-2.0333e+011	2.0330e+011	5.2500e-015
-5.430e+000	2.1877e-007	-2.3038e+011	-2.1672e+011	2.1668e+011	5.2500e-015
-5.420e+000	2.2279e-007	-2.4428e+011	-2.3038e+011	2.3034e+011	5.2500e-015
-5.410e+000	2.2659e-007	-2.5842e+011	-2.4428e+011	2.4424e+011	5.2500e-015
-5.400e+000	2.3005e-007	-2.7278e+011	-2.5842e+011	2.5839e+011	5.2500e-015
-5.390e+000	2.3339e-007	-2.8735e+011	-2.7278e+011	2.7274e+011	5.2500e-015
-5.380e+000	2.3643e-007	-3.0211e+011	-2.8735e+011	2.8731e+011	5.2500e-015
-5.370e+000	2.3935e-007	-3.1705e+011	-3.0211e+011	3.0207e+011	5.2500e-015
-5.360e+000	2.4203e-007	-3.3215e+011	-3.1705e+011	3.1701e+011	5.2500e-015
-5.350e+000	2.4460e-007	-3.4742e+011	-3.3215e+011	3.3211e+011	5.2500e-015
-5.340e+000	2.4699e-007	-3.6283e+011	-3.4742e+011	3.4738e+011	5.2500e-015
-5.330e+000	2.4921e-007	-3.7839e+011	-3.6283e+011	3.6280e+011	5.2500e-015
-5.320e+000	2.5135e-007	-3.9408e+011	-3.7839e+011	3.7835e+011	5.2500e-015
-5.310e+000	2.5334e-007	-4.0989e+011	-3.9408e+011	3.9404e+011	5.2500e-015
-5.300e+000	2.5520e-007	-4.2582e+011	-4.0989e+011	4.0985e+011	5.2500e-015
-5.290e+000	2.5699e-007	-4.4186e+011	-4.2582e+011	4.2578e+011	5.2500e-015
-5.280e+000	2.5866e-007	-4.5800e+011	-4.4186e+011	4.4182e+011	5.2500e-015
-5.270e+000	2.6024e-007	-4.7424e+011	-4.5800e+011	4.5796e+011	5.2500e-015
-5.260e+000	2.6172e-007	-4.9058e+011	-4.7424e+011	4.7420e+011	5.2500e-015
-5.250e+000	2.6316e-007	-5.0700e+011	-4.9058e+011	4.9054e+011	5.2500e-015
-5.240e+000	2.6450e-007	-5.2351e+011	-5.0700e+011	5.0696e+011	5.2500e-015
-5.230e+000	2.6577e-007	-5.4010e+011	-5.2351e+011	5.2347e+011	5.2500e-015
-5.220e+000	2.6698e-007	-5.5676e+011	-5.4010e+011	5.4006e+011	5.2500e-015
-5.210e+000	2.6813e-007	-5.7350e+011	-5.5676e+011	5.5672e+011	5.2500e-015
-5.200e+000	2.6921e-007	-5.9030e+011	-5.7350e+011	5.7346e+011	5.2500e-015
-5.190e+000	2.7026e-007	-6.0717e+011	-5.9030e+011	5.9026e+011	5.2500e-015
-5.180e+000	2.7125e-007	-6.2410e+011	-6.0717e+011	6.0713e+011	5.2500e-015
-5.170e+000	2.7219e-007	-6.4109e+011	-6.2410e+011	6.2406e+011	5.2500e-015
-5.160e+000	2.7309e-007	-6.5813e+011	-6.4109e+011	6.4105e+011	5.2500e-015
-5.150e+000	2.7395e-007	-6.7523e+011	-6.5813e+011	6.5809e+011	5.2500e-015
-5.140e+000	2.7476e-007	-6.9238e+011	-6.7523e+011	6.7519e+011	5.2500e-015
-5.130e+000	2.7555e-007	-7.0958e+011	-6.9238e+011	6.9234e+011	5.2500e-015
-5.120e+000	2.7629e-007	-7.2682e+011	-7.0958e+011	7.0954e+011	5.2500e-015
-5.110e+000	2.7701e-007	-7.4411e+011	-7.2682e+011	7.2678e+011	5.2500e-015
-5.100e+000	2.7770e-007	-7.6145e+011	-7.4411e+011	7.4407e+011	5.2500e-015
-5.090e+000	2.7835e-007	-7.7882e+011	-7.6145e+011	7.6141e+011	5.2500e-015
-5.080e+000	2.7898e-007	-7.9623e+011	-7.7882e+011	7.7878e+011	5.2500e-015
-5.070e+000	2.7959e-007	-8.1368e+011	-7.9623e+011	7.9619e+011	5.2500e-015
-5.060e+000	2.8017e-007	-8.3117e+011	-8.1368e+011	8.1364e+011	5.2500e-015
-5.050e+000	2.8073e-007	-8.4869e+011	-8.3117e+011	8.3113e+011	5.2500e-015
-5.040e+000	2.8126e-007	-8.6625e+011	-8.4869e+011	8.4865e+011	5.2500e-015
-5.030e+000	2.8178e-007	-8.8383e+011	-8.6625e+011	8.6621e+011	5.2500e-015
-5.020e+000	2.8227e-007	-9.0145e+011	-8.8383e+011	8.8379e+011	5.2500e-015
-5.010e+000	2.8275e-007	-9.1910e+011	-9.0145e+011	9.0141e+011	5.2500e-015
-5.000e+000	2.8321e-007	-9.3678e+011	-9.1910e+011	9.1906e+011	5.2500e-015
-4.990e+000	2.8365e-007	-9.5448e+011	-9.3678e+011	9.3674e+011	5.2500e-015
-4.980e+000	2.8408e-007	-9.7221e+011	-9.5448e+011	9.5444e+011	5.2500e-015
-4.970e+000	2.8449e-007	-9.8997e+011	-9.7221e+011	9.7217e+011	5.2500e-015
-4.960e+000	2.8489e-007	-1.0077e+012	-9.8997e+011	9.8993e+011	5.2500e-015
-4.950e+000	2.8527e-007	-1.0256e+012	-1.0077e+012	1.0077e+012	5.2500e-015
-4.940e+000	2.8564e-007	-1.0434e+012	-1.0256e+012	1.0255e+012	5.2500e-015
-4.930e+000	2.8600e-007	-1.0612e+012	-1.0434e+012	1.0433e+012	5.2500e-015
-4.920e+000	2.8635e-007	-1.0791e+012	-1.0612e+012	1.0612e+012	5.2500e-015
-4.910e+000	2.8668e-007	-1.0970e+012	-1.0791e+012	1.0791e+012	5.2500e-015
-4.900e+000	2.8701e-007	-1.1149e+012	-1.0970e+012	1.0970e+012	5.2500e-015
-4.890e+000	2.8732e-007	-1.1328e+012	-1.1149e+012	1.1149e+012	5.2500e-015
-4.880e+000	2.8762e-007	-1.1508e+012	-1.1328e+012	1.1328e+012	5.2500e-015
-4.870e+000	2.8792e-007	-1.1688e+012	-1.1508e+012	1.1508e+012	5.2500e-015
-4.860e+000	2.8820e-007	-1.1868e+012	-1.1688e+012	1.1687e+012	5.2500e-015
-4.850e+000	2.8848e-007	-1.2048e+012	-1.1868e+012	1.1867e+012	5.2500e-015
-4.840e+000	2.8875e-007	-1.2228e+012	-1.2048e+012	1.2047e+012	5.2500e-015
-4.830e+000	2.8901e-007	-1.2408e+012	-1.2228e+012	1.2227e+012	5.2500e-015
-4.820e+000	2.8926e-007	-1.2589e+012	-1.2408e+012	1.2408e+012	5.2500e-015
-4.810e+000	2.8951e-007	-1.2769e+012	-1.2589e+012	1.2588e+012	5.2500e-015
-4.800e+000	2.8975e-007	-1.2950e+012	-1.2769e+012	1.2769e+012	5.2500e-015
-4.790e+000	2.8998e-007	-1.3131e+012	-1.2950e+012	1.2950e+012	5.2500e-015
-4.780e+000	2.9021e-007	-1.3312e+012	-1.3131e+012	1.3131e+012	5.2500e-015
-4.770e+000	2.9043e-007	-1.3494e+012	-1.3312e+012	1.3312e+012	5.2500e-015
-4.760e+000	2.9064e-007	-1.3675e+012	-1.3494e+012	1.3493e+012	5.2500e-015
-4.750e+000	2.9085e-007	-1.3857e+012	-1.3675e+012	1.3675e+012	5.2500e-015
-4.740e+000	2.9105e-007	-1.4038e+012	-1.3857e+012	1.3856e+012	5.2500e-015
-4.730e+000	2.9125e-007	-1.4220e+012	-1.4038e+012	1.4038e+012	5.2500e-015
-4.720e+000	2.9144e-007	-1.4402e+012	-1.4220e+012	1.4220e+012	5.2500e-015
-4.710e+000	2.9163e-007	-1.4584e+012	-1.4402e+012	1.4402e+012	5.2500e-015
-4.700e+000	2.9181e-007	-1.4766e+012	-1.4584e+012	1.4584e+012	5.2500e-015
-4.690e+000	2.9199e-007	-1.4948e+012	-1.4766e+012	1.4766e+012	5.2500e-015
-4.680e+000	2.9217e-007	-1.5131e+012	-1.4948e+012	1.4948e+012	5.2500e-015
-4.670e+000	2.9234e-007	-1.5313e+012	-1.5131e+012	1.5130e+012	5.2500e-015
-4.660e+000	2.9250e-007	-1.5496e+012	-1.5313e+012	1.5313e+012	5.2500e-015
-4.650e+000	2.9266e-007	-1.5678e+012	-1.5496e+012	1.5495e+012	5.2500e-015
-4.640e+000	2.9282e-007	-1.5861e+012	-1.5678e+012	1.5678e+012	5.2500e-015
-4.630e+000	2.9298e-007	-1.6044e+012	-1.5861e+012	1.5861e+012	5.2500e-015
-4.620e+000	2.9313e-007	-1.6227e+012	-1.6044e+012	1.6044e+012	5.2500e-015
-4.610e+000	2.9327e-007	-1.6410e+012	-1.6227e+012	1.6227e+012	5.2500e-015
-4.600e+000	2.9342e-007	-1.6593e+012	-1.6410e+012	1.6410e+012	5.2500e-015
-4.590e+000	2.9356e-007	-1.6776e+012	-1.6593e+012	1.6593e+012	5.2500e-015
-4.580e+000	2.9370e-007	-1.6960e+012	-1.6776e+012	1.6776e+012	5.2500e-015
-4.570e+000	2.9383e-007	-1.7143e+012	-1.6960e+012	1.6959e+012	5.2500e-015
-4.560e+000	2.9397e-007	-1.7327e+012	-1.7143e+012	1.7143e+012	5.2500e-015
-4.550e+000	2.9410e-007	-1.7510e+012	-1.7327e+012	1.7326e+012	5.2500e-015
-4.540e+000	2.9422e-007	-1.7694e+012	-1.7510e+012	1.7510e+012	5.2500e-015
-4.530e+000	2.9435e-007	-1.7878e+012	-1.7694e+012	1.7693e+012	5.2500e-015
-4.520e+000	2.9447e-007	-1.8061e+012	-1.7878e+012	1.7877e+012	5.2500e-015
-4.510e+000	2.9459e-007	-1.8245e+012	-1.8061e+012	1.8061e+012	5.2500e-015
-4.500e+000	2.9471e-007	-1.8429e+012	-1.8245e+012	1.8245e+012	5.2500e-015
-4.490e+000	2.9482e-007	-1.8613e+012	-1.8429e+012	1.8429e+012	5.2500e-015
-4.480e+000	2.9494e-007	-1.8797e+012	-1.8613e+012	1.8613e+012	5.2500e-015
-4.470e+000	2.9505e-007	-1.8981e+012	-1.8797e+012	1.8797e+012	5.2500e-015
-4.460e+000	2.9516e-007	-1.9166e+012	-1.8981e+012	1.8981e+012	5.2500e-015
-4.450e+000	2.9527e-007	-1.9350e+012	-1.9166e+012	1.9165e+012	5.2500e-015
-4.440e+000	2.9537e-007	-1.9534e+012	-1.9350e+012	1.9349e+012	5.2500e-015
-4.430e+000	2.9548e-007	-1.9719e+012	-1.9534e+012	1.9534e+012	5.2500e-015
-4.420e+000	2.9558e-007	-1.9903e+012	-1.9719e+012	1.9718e+012	5.2500e-015
-4.410e+000	2.9568e-007	-2.0088e+012	-1.9903e+012	1.9903e+012	5.2500e-015
-4.400e+000	2.9578e-007	-2.0272e+012	-2.0088e+012	2.0087e+012	5.2500e-015
-4.390e+000	2.9588e-007	-2.0457e+012	-2.0272e+012	2.0272e+012	5.2500e-015
-4.380e+000	2.9597e-007	-2.0642e+012	-2.0457e+012	2.0457e+012	5.2500e-015
-4.370e+000	2.9607e-007	-2.0827e+012	-2.0642e+012	2.0641e+012	5.2500e-015
-4.360e+000	2.9616e-007	-2.1011e+012	-2.0827e+012	2.0826e+012	5.2500e-015
-4.350e+000	2.9626e-007	-2.1196e+012	-2.1011e+012	2.1011e+012	5.2500e-015
-4.340e+000	2.9635e-007	-2.1381e+012	-2.1196e+012	2.1196e+012	5.2500e-015
-4.330e+000	2.9644e-007	-2.1566e+012	-2.1381e+012	2.1381e+012	5.2500e-015
-4.320e+000	2.9653e-007	-2.1751e+012	-2.1566e+012	2.1566e+012	5.2500e-015
-4.310e+000	2.9662e-007	-2.1936e+012	-2.1751e+012	2.1751e+012	5.2500e-015
-4.300e+000	2.9671e-007	-2.2122e+012	-2.1936e+012	2.1936e+012	5.2500e-015
-4.290e+000	2.9679e-007	-2.2307e+012	-2.2122e+012	2.2121e+012	5.2500e-015
-4.280e+000	2.9688e-007	-2.2492e+012	-2.2307e+012	2.2306e+012	5.2500e-015
-4.270e+000	2.9697e-007	-2.2678e+012	-2.2492e+012	2.2492e+012	5.2500e-015
-4.260e+000	2.9705e-007	-2.2863e+012	-2.2678e+012	2.2677e+012	5.2500e-015
-4.250e+000	2.9714e-007	-2.3048e+012	-2.2863e+012	2.2863e+012	5.2500e-015
-4.240e+000	2.9723e-007	-2.3234e+012	-2.3048e+012	2.3048e+012	5.2500e-015
-4.230e+000	2.9731e-007	-2.3419e+012	-2.3234e+012	2.3234e+012	5.2500e-015
-4.220e+000	2.9740e-007	-2.3605e+012	-2.3419e+012	2.3419e+012	5.2500e-015
-4.210e+000	2.9748e-007	-2.3791e+012	-2.3605e+012	2.3605e+012	5.2500e-015
-4.200e+000	2.9757e-007	-2.3977e+012	-2.3791e+012	2.3790e+012	5.2500e-015
-4.190e+000	2.9765e-007	-2.4162e+012	-2.3977e+012	2.3976e+012	5.2500e-015
-4.180e+000	2.9774e-007	-2.4348e+012	-2.4162e+012	2.4162e+012	5.2500e-015
-4.170e+000	2.9783e-007	-2.4534e+012	-2.4348e+012	2.4348e+012	5.2500e-015
-4.160e+000	2.9791e-007	-2.4720e+012	-2.4534e+012	2.4534e+012	5.2500e-015
-4.150e+000	2.9800e-007	-2.4906e+012	-2.4720e+012	2.4720e+012	5.2500e-015
-4.140e+000	2.9809e-007	-2.5092e+012	-2.4906e+012	2.4906e+012	5.2500e-015
-4.130e+000	2.9818e-007	-2.5278e+012	-2.5092e+012	2.5092e+012	5.2500e-015
-4.120e+000	2.9827e-007	-2.5464e+012	-2.5278e+012	2.5278e+012	5.2500e-015
-4.110e+000	2.9836e-007	-2.5651e+012	-2.5464e+012	2.5464e+012	5.2500e-015
-4.100e+000	2.9846e-007	-2.5837e+012	-2.5651e+012	2.5650e+012	5.2500e-015
-4.090e+000	2.9856e-007	-2.6023e+012	-2.5837e+012	2.5836e+012	5.2500e-015
-4.080e+000	2.9865e-007	-2.6210e+012	-2.6023e+012	2.6023e+012	5.2500e-015
-4.070e+000	2.9875e-007	-2.6396e+012	-2.6210e+012	2.6209e+012	5.2500e-015
-4.060e+000	2.9886e-007	-2.6583e+012	-2.6396e+012	2.6396e+012	5.2500e-015
-4.050e+000	2.9896e-007	-2.6769e+012	-2.6583e+012	2.6582e+012	5.2500e-015
-4.040e+000	2.9907e-007	-2.6956e+012	-2.6769e+012	2.6769e+012	5.2500e-015
-4.030e+000	2.9919e-007	-2.7143e+012	-2.6956e+012	2.6955e+012	5.2500e-015
-4.020e+000	2.9930e-007	-2.7329e+012	-2.7143e+012	2.7142e+012	5.2500e-015
-4.010e+000	2.9942e-007	-2.7516e+012	-2.7329e+012	2.7329e+012	5.2500e-015
-4.000e+000	2.9945e-007	-2.7703e+012	-2.7516e+012	2.7516e+012	5.2500e-015
-3.990e+000	2.9966e-007	-2.7890e+012	-2.7703e+012	2.7703e+012	5.2500e-015
-3.980e+000	2.9979e-007	-2.8077e+012	-2.7890e+012	2.7890e+012	5.2500e-015
-3.970e+000	2.9993e-007	-2.8264e+012	-2.8077e+012	2.8077e+012	5.2500e-015
-3.960e+000	3.0007e-007	-2.8452e+012	-2.8264e+012	2.8264e+012	5.2500e-015
-3.950e+000	3.0022e-007	-2.8639e+012	-2.8452e+012	2.8451e+012	5.2500e-015
-3.940e+000	3.0037e-007	-2.8827e+012	-2.8639e+012	2.8639e+012	5.2500e-015
-3.930e+000	3.0053e-007	-2.9014e+012	-2.8827e+012	2.8826e+012	5.2500e-015
-3.920e+000	3.0070e-007	-2.9202e+012	-2.9014e+012	2.9014e+012	5.2500e-015
-3.910e+000	3.0088e-007	-2.9390e+012	-2.9202e+012	2.9201e+012	5.2500e-015
-3.900e+000	3.0106e-007	-2.9578e+012	-2.9390e+012	2.9389e+012	5.2500e-015
-3.890e+000	3.0125e-007	-2.9766e+012	-2.9578e+012	2.9577e+012	5.2500e-015
-3.880e+000	3.0145e-007	-2.9954e+012	-2.9766e+012	2.9765e+012	5.2500e-015
-3.870e+000	3.0166e-007	-3.0142e+012	-2.9954e+012	2.9953e+012	5.2500e-015
-3.860e+000	3.0188e-007	-3.0330e+012	-3.0142e+012	3.0142e+012	5.2500e-015
-3.850e+000	3.0211e-007	-3.0519e+012	-3.0330e+012	3.0330e+012	5.2500e-015
-3.840e+000	3.0235e-007	-3.0708e+012	-3.0519e+012	3.0519e+012	5.2500e-015
-3.830e+000	3.0260e-007	-3.0897e+012	-3.0708e+012	3.0707e+012	5.2500e-015
-3.820e+000	3.0286e-007	-3.1086e+012	-3.0897e+012	3.0896e+012	5.2500e-015
-3.810e+000	3.0313e-007	-3.1275e+012	-3.1086e+012	3.1085e+012	5.2500e-015
-3.800e+000	3.0342e-007	-3.1464e+012	-3.1275e+012	3.1274e+012	5.2500e-015
-3.790e+000	3.0372e-007	-3.1654e+012	-3.1464e+012	3.1464e+012	5.2500e-015
-3.780e+000	3.0403e-007	-3.1844e+012	-3.1654e+012	3.1653e+012	5.2500e-015
-3.770e+000	3.0435e-007	-3.2033e+012	-3.1844e+012	3.1843e+012	5.2500e-015
-3.760e+000	3.0469e-007	-3.2224e+012	-3.2033e+012	3.2033e+012	5.2500e-015
-3.750e+000	3.0504e-007	-3.2414e+012	-3.2224e+012	3.2223e+012	5.2500e-015
-3.740e+000	3.0540e-007	-3.2605e+012	-3.2414e+012	3.2414e+012	5.2500e-015
-3.730e+000	3.0578e-007	-3.2796e+012	-3.2605e+012	3.2604e+012	5.2500e-015
-3.720e+000	3.0617e-007	-3.2987e+012	-3.2796e+012	3.2795e+012	5.2500e-015
-3.710e+000	3.0658e-007	-3.3178e+012	-3.2987e+012	3.2986e+012	5.2500e-015
-3.700e+000	3.0699e-007	-3.3370e+012	-3.3178e+012	3.3178e+012	5.2500e-015
-3.690e+000	3.0743e-007	-3.3561e+012	-3.3370e+012	3.3369e+012	5.2500e-015
-3.680e+000	3.0787e-007	-3.3754e+012	-3.3561e+012	3.3561e+012	5.2500e-015
-3.670e+000	3.0833e-007	-3.3946e+012	-3.3754e+012	3.3753e+012	5.2500e-015
-3.660e+000	3.0880e-007	-3.4139e+012	-3.3946e+012	3.3946e+012	5.2500e-015
-3.650e+000	3.0928e-007	-3.4332e+012	-3.4139e+012	3.4138e+012	5.2500e-015
-3.640e+000	3.0977e-007	-3.4525e+012	-3.4332e+012	3.4331e+012	5.2500e-015
-3.630e+000	3.1027e-007	-3.4719e+012	-3.4525e+012	3.4525e+012	5.2500e-015
-3.620e+000	3.1078e-007	-3.4913e+012	-3.4719e+012	3.4718e+012	5.2500e-015
-3.610e+000	3.1130e-007	-3.5107e+012	-3.4913e+012	3.4912e+012	5.2500e-015
-3.600e+000	3.1183e-007	-3.5302e+012	-3.5107e+012	3.5107e+012	5.2500e-015
-3.590e+000	3.1236e-007	-3.5497e+012	-3.5302e+012	3.5301e+012	5.2500e-015
-3.580e+000	3.1291e-007	-3.5692e+012	-3.5497e+012	3.5496e+012	5.2500e-015
-3.570e+000	3.1345e-007	-3.5888e+012	-3.5692e+012	3.5692e+012	5.2500e-015
-3.560e+000	3.1400e-007	-3.6084e+012	-3.5888e+012	3.5887e+012	5.2500e-015
-3.550e+000	3.1456e-007	-3.6280e+012	-3.6084e+012	3.6083e+012	5.2500e-015
-3.540e+000	3.1511e-007	-3.6477e+012	-3.6280e+012	3.6280e+012	5.2500e-015
-3.530e+000	3.1567e-007	-3.6674e+012	-3.6477e+012	3.6476e+012	5.2500e-015
-3.520e+000	3.1623e-007	-3.6871e+012	-3.6674e+012	3.6673e+012	5.2500e-015
-3.510e+000	3.1679e-007	-3.7069e+012	-3.6871e+012	3.6871e+012	5.2500e-015
-3.500e+000	3.1735e-007	-3.7267e+012	-3.7069e+012	3.7068e+012	5.2500e-015
-3.490e+000	3.1790e-007	-3.7465e+012	-3.7267e+012	3.7266e+012	5.2500e-015
-3.480e+000	3.1846e-007	-3.7664e+012	-3.7465e+012	3.7465e+012	5.2500e-015
-3.470e+000	3.1901e-007	-3.7863e+012	-3.7664e+012	3.7664e+012	5.2500e-015
-3.460e+000	3.1955e-007	-3.8063e+012	-3.7863e+012	3.7863e+012	5.2500e-015
-3.450e+000	3.2009e-007	-3.8262e+012	-3.8063e+012	3.8062e+012	5.2500e-015
-3.440e+000	3.2063e-007	-3.8462e+012	-3.8262e+012	3.8262e+012	5.2500e-015
-3.430e+000	3.2115e-007	-3.8663e+012	-3.8462e+012	3.8462e+012	5.2500e-015
-3.420e+000	3.2168e-007	-3.8864e+012	-3.8663e+012	3.8662e+012	5.2500e-015
-3.410e+000	3.2219e-007	-3.9065e+012	-3.8864e+012	3.8863e+012	5.2500e-015
-3.400e+000	3.2270e-007	-3.9266e+012	-3.9065e+012	3.9064e+012	5.2500e-015
-3.390e+000	3.2320e-007	-3.9468e+012	-3.9266e+012	3.9266e+012	5.2500e-015
-3.380e+000	3.2369e-007	-3.9670e+012	-3.9468e+012	3.9467e+012	5.2500e-015
-3.370e+000	3.2417e-007	-3.9872e+012	-3.9670e+012	3.9670e+012	5.2500e-015
-3.360e+000	3.2465e-007	-4.0075e+012	-3.9872e+012	3.9872e+012	5.2500e-015
-3.350e+000	3.2511e-007	-4.0278e+012	-4.0075e+012	4.0074e+012	5.2500e-015
-3.340e+000	3.2557e-007	-4.0481e+012	-4.0278e+012	4.0277e+012	5.2500e-015
-3.330e+000	3.2602e-007	-4.0684e+012	-4.0481e+012	4.0481e+012	5.2500e-015
-3.320e+000	3.2646e-007	-4.0888e+012	-4.0684e+012	4.0684e+012	5.2500e-015
-3.310e+000	3.2689e-007	-4.1092e+012	-4.0888e+012	4.0888e+012	5.2500e-015
-3.300e+000	3.2731e-007	-4.1297e+012	-4.1092e+012	4.1092e+012	5.2500e-015
-3.290e+000	3.2772e-007	-4.1501e+012	-4.1297e+012	4.1296e+012	5.2500e-015
-3.280e+000	3.2813e-007	-4.1706e+012	-4.1501e+012	4.1501e+012	5.2500e-015
-3.270e+000	3.2852e-007	-4.1911e+012	-4.1706e+012	4.1706e+012	5.2500e-015
-3.260e+000	3.2891e-007	-4.2116e+012	-4.1911e+012	4.1911e+012	5.2500e-015
-3.250e+000	3.2929e-007	-4.2322e+012	-4.2116e+012	4.2116e+012	5.2500e-015
-3.240e+000	3.2965e-007	-4.2528e+012	-4.2322e+012	4.2321e+012	5.2500e-015
-3.230e+000	3.3002e-007	-4.2734e+012	-4.2528e+012	4.2527e+012	5.2500e-015
-3.220e+000	3.3037e-007	-4.2940e+012	-4.2734e+012	4.2733e+012	5.2500e-015
-3.210e+000	3.3071e-007	-4.3146e+012	-4.2940e+012	4.2939e+012	5.2500e-015
-3.200e+000	3.3105e-007	-4.3353e+012	-4.3146e+012	4.3146e+012	5.2500e-015
-3.190e+000	3.3138e-007	-4.3560e+012	-4.3353e+012	4.3352e+012	5.2500e-015
-3.180e+000	3.3170e-007	-4.3767e+012	-4.3560e+012	4.3559e+012	5.2500e-015
-3.170e+000	3.3201e-007	-4.3974e+012	-4.3767e+012	4.3766e+012	5.2500e-015
-3.160e+000	3.3232e-007	-4.4181e+012	-4.3974e+012	4.3973e+012	5.2500e-015
-3.150e+000	3.3262e-007	-4.4389e+012	-4.4181e+012	4.4181e+012	5.2500e-015
-3.140e+000	3.3291e-007	-4.4597e+012	-4.4389e+012	4.4388e+012	5.2500e-015
-3.130e+000	3.3319e-007	-4.4805e+012	-4.4597e+012	4.4596e+012	5.2500e-015
-3.120e+000	3.3347e-007	-4.5013e+012	-4.4805e+012	4.4804e+012	5.2500e-015
-3.110e+000	3.3375e-007	-4.5221e+012	-4.5013e+012	4.5012e+012	5.2500e-015
-3.100e+000	3.3401e-007	-4.5430e+012	-4.5221e+012	4.5221e+012	5.2500e-015
-3.090e+000	3.3427e-007	-4.5638e+012	-4.5430e+012	4.5429e+012	5.2500e-015
-3.080e+000	3.3453e-007	-4.5847e+012	-4.5638e+012	4.5638e+012	5.2500e-015
-3.070e+000	3.3478e-007	-4.6056e+012	-4.5847e+012	4.5847e+012	5.2500e-015
-3.060e+000	3.3502e-007	-4.6265e+012	-4.6056e+012	4.6056e+012	5.2500e-015
-3.050e+000	3.3526e-007	-4.6474e+012	-4.6265e+012	4.6265e+012	5.2500e-015
-3.040e+000	3.3549e-007	-4.6684e+012	-4.6474e+012	4.6474e+012	5.2500e-015
-3.030e+000	3.3572e-007	-4.6893e+012	-4.6684e+012	4.6683e+012	5.2500e-015
-3.020e+000	3.3594e-007	-4.7103e+012	-4.6893e+012	4.6893e+012	5.2500e-015
-3.010e+000	3.3616e-007	-4.7313e+012	-4.7103e+012	4.7102e+012	5.2500e-015
-3.000e+000	3.3637e-007	-4.7523e+012	-4.7313e+012	4.7312e+012	5.2500e-015
-2.990e+000	3.3658e-007	-4.7733e+012	-4.7523e+012	4.7522e+012	5.2500e-015
-2.980e+000	3.3679e-007	-4.7943e+012	-4.7733e+012	4.7732e+012	5.2500e-015
-2.970e+000	3.3699e-007	-4.8153e+012	-4.7943e+012	4.7943e+012	5.2500e-015
-2.960e+000	3.3718e-007	-4.8364e+012	-4.8153e+012	4.8153e+012	5.2500e-015
-2.950e+000	3.3737e-007	-4.8574e+012	-4.8364e+012	4.8363e+012	5.2500e-015
-2.940e+000	3.3756e-007	-4.8785e+012	-4.8574e+012	4.8574e+012	5.2500e-015
-2.930e+000	3.3775e-007	-4.8996e+012	-4.8785e+012	4.8785e+012	5.2500e-015
-2.920e+000	3.3793e-007	-4.9207e+012	-4.8996e+012	4.8995e+012	5.2500e-015
-2.910e+000	3.3811e-007	-4.9418e+012	-4.9207e+012	4.9206e+012	5.2500e-015
-2.900e+000	3.3828e-007	-4.9629e+012	-4.9418e+012	4.9417e+012	5.2500e-015
-2.890e+000	3.3845e-007	-4.9840e+012	-4.9629e+012	4.9628e+012	5.2500e-015
-2.880e+000	3.3862e-007	-5.0051e+012	-4.9840e+012	4.9840e+012	5.2500e-015
-2.870e+000	3.3878e-007	-5.0263e+012	-5.0051e+012	5.0051e+012	5.2500e-015
-2.860e+000	3.3894e-007	-5.0474e+012	-5.0263e+012	5.0262e+012	5.2500e-015
-2.850e+000	3.3910e-007	-5.0686e+012	-5.0474e+012	5.0474e+012	5.2500e-015
-2.840e+000	3.3926e-007	-5.0898e+012	-5.0686e+012	5.0686e+012	5.2500e-015
-2.830e+000	3.3941e-007	-5.1110e+012	-5.0898e+012	5.0897e+012	5.2500e-015
-2.820e+000	3.3956e-007	-5.1322e+012	-5.1110e+012	5.1109e+012	5.2500e-015
-2.810e+000	3.3971e-007	-5.1534e+012	-5.1322e+012	5.1321e+012	5.2500e-015
-2.800e+000	3.3985e-007	-5.1746e+012	-5.1534e+012	5.1533e+012	5.2500e-015
-2.790e+000	3.3999e-007	-5.1958e+012	-5.1746e+012	5.1745e+012	5.2500e-015
-2.780e+000	3.4013e-007	-5.2170e+012	-5.1958e+012	5.1958e+012	5.2500e-015
-2.770e+000	3.4027e-007	-5.2383e+012	-5.2170e+012	5.2170e+012	5.2500e-015
-2.760e+000	3.4041e-007	-5.2595e+012	-5.2383e+012	5.2382e+012	5.2500e-015
-2.750e+000	3.4054e-007	-5.2808e+012	-5.2595e+012	5.2595e+012	5.2500e-015
-2.740e+000	3.4067e-007	-5.3020e+012	-5.2808e+012	5.2807e+012	5.2500e-015
-2.730e+000	3.4080e-007	-5.3233e+012	-5.3020e+012	5.3020e+012	5.2500e-015
-2.720e+000	3.4093e-007	-5.3446e+012	-5.3233e+012	5.3233e+012	5.2500e-015
-2.710e+000	3.4105e-007	-5.3659e+012	-5.3446e+012	5.3445e+012	5.2500e-015
-2.700e+000	3.4117e-007	-5.3872e+012	-5.3659e+012	5.3658e+012	5.2500e-015
-2.690e+000	3.4130e-007	-5.4085e+012	-5.3872e+012	5.3871e+012	5.2500e-015
-2.680e+000	3.4141e-007	-5.4298e+012	-5.4085e+012	5.4084e+012	5.2500e-015
-2.670e+000	3.4153e-007	-5.4511e+012	-5.4298e+012	5.4297e+012	5.2500e-015
-2.660e+000	3.4165e-007	-5.4724e+012	-5.4511e+012	5.4510e+012	5.2500e-015
-2.650e+000	3.4176e-007	-5.4937e+012	-5.4724e+012	5.4724e+012	5.2500e-015
-2.640e+000	3.4187e-007	-5.5151e+012	-5.4937e+012	5.4937e+012	5.2500e-015
-2.630e+000	3.4199e-007	-5.5364e+012	-5.5151e+012	5.5150e+012	5.2500e-015
-2.620e+000	3.4209e-007	-5.5578e+012	-5.5364e+012	5.5364e+012	5.2500e-015
-2.610e+000	3.4220e-007	-5.5791e+012	-5.5578e+012	5.5577e+012	5.2500e-015
-2.600e+000	3.4231e-007	-5.6005e+012	-5.5791e+012	5.5791e+012	5.2500e-015
-2.590e+000	3.4241e-007	-5.6219e+012	-5.6005e+012	5.6005e+012	5.2500e-015
-2.580e+000	3.4252e-007	-5.6433e+012	-5.6219e+012	5.6218e+012	5.2500e-015
-2.570e+000	3.4262e-007	-5.6646e+012	-5.6433e+012	5.6432e+012	5.2500e-015
-2.560e+000	3.4272e-007	-5.6860e+012	-5.6646e+012	5.6646e+012	5.2500e-015
-2.550e+000	3.4282e-007	-5.7074e+012	-5.6860e+012	5.6860e+012	5.2500e-015
-2.540e+000	3.4292e-007	-5.7288e+012	-5.7074e+012	5.7074e+012	5.2500e-015
-2.530e+000	3.4302e-007	-5.7502e+012	-5.7288e+012	5.7288e+012	5.2500e-015
-2.520e+000	3.4311e-007	-5.7717e+012	-5.7502e+012	5.7502e+012	5.2500e-015
-2.510e+000	3.4321e-007	-5.7931e+012	-5.7717e+012	5.7716e+012	5.2500e-015
-2.500e+000	3.4330e-007	-5.8145e+012	-5.7931e+012	5.7930e+012	5.2500e-015
-2.490e+000	3.4339e-007	-5.8359e+012	-5.8145e+012	5.8145e+012	5.2500e-015
-2.480e+000	3.4348e-007	-5.8574e+012	-5.8359e+012	5.8359e+012	5.2500e-015
-2.470e+000	3.4357e-007	-5.8788e+012	-5.8574e+012	5.8573e+012	5.2500e-015
-2.460e+000	3.4366e-007	-5.9003e+012	-5.8788e+012	5.8788e+012	5.2500e-015
-2.450e+000	3.4375e-007	-5.9217e+012	-5.9003e+012	5.9002e+012	5.2500e-015
-2.440e+000	3.4384e-007	-5.9432e+012	-5.9217e+012	5.9217e+012	5.2500e-015
-2.430e+000	3.4392e-007	-5.9646e+012	-5.9432e+012	5.9431e+012	5.2500e-015
-2.420e+000	3.4401e-007	-5.9861e+012	-5.9646e+012	5.9646e+012	5.2500e-015
-2.410e+000	3.4409e-007	-6.0076e+012	-5.9861e+012	5.9861e+012	5.2500e-015
-2.400e+000	3.4418e-007	-6.0291e+012	-6.0076e+012	6.0076e+012	5.2500e-015
-2.390e+000	3.4426e-007	-6.0506e+012	-6.0291e+012	6.0290e+012	5.2500e-015
-2.380e+000	3.4434e-007	-6.0721e+012	-6.0506e+012	6.0505e+012	5.2500e-015
-2.370e+000	3.4442e-007	-6.0936e+012	-6.0721e+012	6.0720e+012	5.2500e-015
-2.360e+000	3.4450e-007	-6.1151e+012	-6.0936e+012	6.0935e+012	5.2500e-015
-2.350e+000	3.4458e-007	-6.1366e+012	-6.1151e+012	6.1150e+012	5.2500e-015
-2.340e+000	3.4466e-007	-6.1581e+012	-6.1366e+012	6.1365e+012	5.2500e-015
-2.330e+000	3.4474e-007	-6.1796e+012	-6.1581e+012	6.1580e+012	5.2500e-015
-2.320e+000	3.4481e-007	-6.2011e+012	-6.1796e+012	6.1795e+012	5.2500e-015
-2.310e+000	3.4489e-007	-6.2226e+012	-6.2011e+012	6.2011e+012	5.2500e-015
-2.300e+000	3.4497e-007	-6.2442e+012	-6.2226e+012	6.2226e+012	5.2500e-015
-2.290e+000	3.4504e-007	-6.2657e+012	-6.2442e+012	6.2441e+012	5.2500e-015
-2.280e+000	3.4511e-007	-6.2872e+012	-6.2657e+012	6.2657e+012	5.2500e-015
-2.270e+000	3.4519e-007	-6.3088e+012	-6.2872e+012	6.2872e+012	5.2500e-015
-2.260e+000	3.4526e-007	-6.3303e+012	-6.3088e+012	6.3087e+012	5.2500e-015
-2.250e+000	3.4533e-007	-6.3519e+012	-6.3303e+012	6.3303e+012	5.2500e-015
-2.240e+000	3.4540e-007	-6.3735e+012	-6.3519e+012	6.3519e+012	5.2500e-015
-2.230e+000	3.4547e-007	-6.3950e+012	-6.3735e+012	6.3734e+012	5.2500e-015
-2.220e+000	3.4554e-007	-6.4166e+012	-6.3950e+012	6.3950e+012	5.2500e-015
-2.210e+000	3.4561e-007	-6.4382e+012	-6.4166e+012	6.4165e+012	5.2500e-015
-2.200e+000	3.4568e-007	-6.4597e+012	-6.4382e+012	6.4381e+012	5.2500e-015
-2.190e+000	3.4575e-007	-6.4813e+012	-6.4597e+012	6.4597e+012	5.2500e-015
-2.180e+000	3.4582e-007	-6.5029e+012	-6.4813e+012	6.4813e+012	5.2500e-015
-2.170e+000	3.4588e-007	-6.5245e+012	-6.5029e+012	6.5029e+012	5.2500e-015
-2.160e+000	3.4595e-007	-6.5461e+012	-6.5245e+012	6.5244e+012	5.2500e-015
-2.150e+000	3.4602e-007	-6.5677e+012	-6.5461e+012	6.5460e+012	5.2500e-015
-2.140e+000	3.4608e-007	-6.5893e+012	-6.5677e+012	6.5676e+012	5.2500e-015
-2.130e+000	3.4615e-007	-6.6109e+012	-6.5893e+012	6.5892e+012	5.2500e-015
-2.120e+000	3.4621e-007	-6.6325e+012	-6.6109e+012	6.6108e+012	5.2500e-015
-2.110e+000	3.4627e-007	-6.6541e+012	-6.6325e+012	6.6324e+012	5.2500e-015
-2.100e+000	3.4634e-007	-6.6757e+012	-6.6541e+012	6.6541e+012	5.2500e-015
-2.090e+000	3.4640e-007	-6.6973e+012	-6.6757e+012	6.6757e+012	5.2500e-015
-2.080e+000	3.4646e-007	-6.7190e+012	-6.6973e+012	6.6973e+012	5.2500e-015
-2.070e+000	3.4652e-007	-6.7406e+012	-6.7190e+012	6.7189e+012	5.2500e-015
-2.060e+000	3.4658e-007	-6.7622e+012	-6.7406e+012	6.7405e+012	5.2500e-015
-2.050e+000	3.4664e-007	-6.7839e+012	-6.7622e+012	6.7622e+012	5.2500e-015
-2.040e+000	3.4670e-007	-6.8055e+012	-6.7839e+012	6.7838e+012	5.2500e-015
-2.030e+000	3.4676e-007	-6.8271e+012	-6.8055e+012	6.8055e+012	5.2500e-015
-2.020e+000	3.4682e-007	-6.8488e+012	-6.8271e+012	6.8271e+012	5.2500e-015
-2.010e+000	3.4688e-007	-6.8704e+012	-6.8488e+012	6.8487e+012	5.2500e-015
-2.000e+000	3.4694e-007	-6.8921e+012	-6.8704e+012	6.8704e+012	5.2500e-015
-1.990e+000	3.4700e-007	-6.9137e+012	-6.8921e+012	6.8920e+012	5.2500e-015
-1.980e+000	3.4706e-007	-6.9354e+012	-6.9137e+012	6.9137e+012	5.2500e-015
-1.970e+000	3.4711e-007	-6.9571e+012	-6.9354e+012	6.9354e+012	5.2500e-015
-1.960e+000	3.4717e-007	-6.9787e+012	-6.9571e+012	6.9570e+012	5.2500e-015
-1.950e+000	3.4723e-007	-7.0004e+012	-6.9787e+012	6.9787e+012	5.2500e-015
-1.940e+000	3.4728e-007	-7.0221e+012	-7.0004e+012	7.0004e+012	5.2500e-015
-1.930e+000	3.4734e-007	-7.0438e+012	-7.0221e+012	7.0220e+012	5.2500e-015
-1.920e+000	3.4739e-007	-7.0655e+012	-7.0438e+012	7.0437e+012	5.2500e-015
-1.910e+000	3.4745e-007	-7.0871e+012	-7.0655e+012	7.0654e+012	5.2500e-015
-1.900e+000	3.4748e-007	-7.1088e+012	-7.0871e+012	7.0871e+012	5.2500e-015
-1.890e+000	3.4756e-007	-7.1305e+012	-7.1088e+012	7.1088e+012	5.2500e-015
-1.880e+000	3.4761e-007	-7.1522e+012	-7.1305e+012	7.1305e+012	5.2500e-015
-1.870e+000	3.4766e-007	-7.1739e+012	-7.1522e+012	7.1522e+012	5.2500e-015
-1.860e+000	3.4772e-007	-7.1956e+012	-7.1739e+012	7.1739e+012	5.2500e-015
-1.850e+000	3.4777e-007	-7.2173e+012	-7.1956e+012	7.1956e+012	5.2500e-015
-1.840e+000	3.4782e-007	-7.2390e+012	-7.2173e+012	7.2173e+012	5.2500e-015
-1.830e+000	3.4788e-007	-7.2607e+012	-7.2390e+012	7.2390e+012	5.2500e-015
-1.820e+000	3.4793e-007	-7.2825e+012	-7.2607e+012	7.2607e+012	5.2500e-015
-1.810e+000	3.4798e-007	-7.3042e+012	-7.2825e+012	7.2824e+012	5.2500e-015
-1.800e+000	3.4803e-007	-7.3259e+012	-7.3042e+012	7.3041e+012	5.2500e-015
-1.790e+000	3.4808e-007	-7.3476e+012	-7.3259e+012	7.3259e+012	5.2500e-015
-1.780e+000	3.4813e-007	-7.3694e+012	-7.3476e+012	7.3476e+012	5.2500e-015
-1.770e+000	3.4818e-007	-7.3911e+012	-7.3694e+012	7.3693e+012	5.2500e-015
-1.760e+000	3.4823e-007	-7.4128e+012	-7.3911e+012	7.3910e+012	5.2500e-015
-1.750e+000	3.4828e-007	-7.4346e+012	-7.4128e+012	7.4128e+012	5.2500e-015
-1.740e+000	3.4833e-007	-7.4563e+012	-7.4346e+012	7.4345e+012	5.2500e-015
-1.730e+000	3.4838e-007	-7.4780e+012	-7.4563e+012	7.4563e+012	5.2500e-015
-1.720e+000	3.4843e-007	-7.4998e+012	-7.4780e+012	7.4780e+012	5.2500e-015
-1.710e+000	3.4848e-007	-7.5215e+012	-7.4998e+012	7.4998e+012	5.2500e-015
-1.700e+000	3.4852e-007	-7.5433e+012	-7.5215e+012	7.5215e+012	5.2500e-015
-1.690e+000	3.4857e-007	-7.5651e+012	-7.5433e+012	7.5433e+012	5.2500e-015
-1.680e+000	3.4862e-007	-7.5868e+012	-7.5651e+012	7.5650e+012	5.2500e-015
-1.670e+000	3.4867e-007	-7.6086e+012	-7.5868e+012	7.5868e+012	5.2500e-015
-1.660e+000	3.4872e-007	-7.6303e+012	-7.6086e+012	7.6085e+012	5.2500e-015
-1.650e+000	3.4876e-007	-7.6521e+012	-7.6303e+012	7.6303e+012	5.2500e-015
-1.640e+000	3.4881e-007	-7.6739e+012	-7.6521e+012	7.6521e+012	5.2500e-015
-1.630e+000	3.4886e-007	-7.6957e+012	-7.6739e+012	7.6738e+012	5.2500e-015
-1.620e+000	3.4890e-007	-7.7174e+012	-7.6957e+012	7.6956e+012	5.2500e-015
-1.610e+000	3.4895e-007	-7.7392e+012	-7.7174e+012	7.7174e+012	5.2500e-015
-1.600e+000	3.4899e-007	-7.7610e+012	-7.7392e+012	7.7392e+012	5.2500e-015
-1.590e+000	3.4904e-007	-7.7828e+012	-7.7610e+012	7.7609e+012	5.2500e-015
-1.580e+000	3.4908e-007	-7.8046e+012	-7.7828e+012	7.7827e+012	5.2500e-015
-1.570e+000	3.4913e-007	-7.8264e+012	-7.8046e+012	7.8045e+012	5.2500e-015
-1.560e+000	3.4917e-007	-7.8481e+012	-7.8264e+012	7.8263e+012	5.2500e-015
-1.550e+000	3.4922e-007	-7.8699e+012	-7.8481e+012	7.8481e+012	5.2500e-015
-1.540e+000	3.4926e-007	-7.8917e+012	-7.8699e+012	7.8699e+012	5.2500e-015
-1.530e+000	3.4931e-007	-7.9135e+012	-7.8917e+012	7.8917e+012	5.2500e-015
-1.520e+000	3.4935e-007	-7.9353e+012	-7.9135e+012	7.9135e+012	5.2500e-015
-1.510e+000	3.4939e-007	-7.9572e+012	-7.9353e+012	7.9353e+012	5.2500e-015
-1.500e+000	3.4944e-007	-7.9790e+012	-7.9572e+012	7.9571e+012	5.2500e-015
-1.490e+000	3.4948e-007	-8.0008e+012	-7.9790e+012	7.9789e+012	5.2500e-015
-1.480e+000	3.4952e-007	-8.0226e+012	-8.0008e+012	8.0007e+012	5.2500e-015
-1.470e+000	3.4957e-007	-8.0444e+012	-8.0226e+012	8.0226e+012	5.2500e-015
-1.460e+000	3.4961e-007	-8.0662e+012	-8.0444e+012	8.0444e+012	5.2500e-015
-1.450e+000	3.4965e-007	-8.0881e+012	-8.0662e+012	8.0662e+012	5.2500e-015
-1.440e+000	3.4969e-007	-8.1099e+012	-8.0881e+012	8.0880e+012	5.2500e-015
-1.430e+000	3.4974e-007	-8.1317e+012	-8.1099e+012	8.1098e+012	5.2500e-015
-1.420e+000	3.4978e-007	-8.1535e+012	-8.1317e+012	8.1317e+012	5.2500e-015
-1.410e+000	3.4982e-007	-8.1754e+012	-8.1535e+012	8.1535e+012	5.2500e-015
-1.400e+000	3.4986e-007	-8.1972e+012	-8.1754e+012	8.1753e+012	5.2500e-015
-1.390e+000	3.4990e-007	-8.2191e+012	-8.1972e+012	8.1972e+012	5.2500e-015
-1.380e+000	3.4994e-007	-8.2409e+012	-8.2191e+012	8.2190e+012	5.2500e-015
-1.370e+000	3.4998e-007	-8.2627e+012	-8.2409e+012	8.2409e+012	5.2500e-015
-1.360e+000	3.5002e-007	-8.2846e+012	-8.2627e+012	8.2627e+012	5.2500e-015
-1.350e+000	3.5006e-007	-8.3064e+012	-8.2846e+012	8.2845e+012	5.2500e-015
-1.340e+000	3.5011e-007	-8.3283e+012	-8.3064e+012	8.3064e+012	5.2500e-015
-1.330e+000	3.5015e-007	-8.3501e+012	-8.3283e+012	8.3282e+012	5.2500e-015
-1.320e+000	3.4996e-007	-8.3720e+012	-8.3501e+012	8.3501e+012	5.2500e-015
-1.310e+000	3.4967e-007	-8.3938e+012	-8.3720e+012	8.3719e+012	5.2500e-015
-1.300e+000	3.4971e-007	-8.4156e+012	-8.3938e+012	8.3938e+012	5.2500e-015
-1.290e+000	3.4974e-007	-8.4375e+012	-8.4156e+012	8.4156e+012	5.2500e-015
-1.280e+000	3.4977e-007	-8.4593e+012	-8.4375e+012	8.4374e+012	5.2500e-015
-1.270e+000	3.4981e-007	-8.4811e+012	-8.4593e+012	8.4593e+012	5.2500e-015
-1.260e+000	3.4984e-007	-8.5030e+012	-8.4811e+012	8.4811e+012	5.2500e-015
-1.250e+000	3.4987e-007	-8.5248e+012	-8.5030e+012	8.5029e+012	5.2500e-015
-1.240e+000	3.4990e-007	-8.5466e+012	-8.5248e+012	8.5248e+012	5.2500e-015
-1.230e+000	3.4993e-007	-8.5685e+012	-8.5466e+012	8.5466e+012	5.2500e-015
-1.220e+000	3.4997e-007	-8.5903e+012	-8.5685e+012	8.5684e+012	5.2500e-015
-1.210e+000	3.5000e-007	-8.6122e+012	-8.5903e+012	8.5903e+012	5.2500e-015
-1.200e+000	3.5003e-007	-8.6340e+012	-8.6122e+012	8.6121e+012	5.2500e-015
-1.190e+000	3.5006e-007	-8.6559e+012	-8.6340e+012	8.6340e+012	5.2500e-015
-1.180e+000	3.5009e-007	-8.6777e+012	-8.6559e+012	8.6558e+012	5.2500e-015
-1.170e+000	3.5012e-007	-8.6996e+012	-8.6777e+012	8.6777e+012	5.2500e-015
-1.160e+000	3.5016e-007	-8.7214e+012	-8.6996e+012	8.6995e+012	5.2500e-015
-1.150e+000	3.5019e-007	-8.7433e+012	-8.7214e+012	8.7214e+012	5.2500e-015
-1.140e+000	3.5022e-007	-8.7651e+012	-8.7433e+012	8.7432e+012	5.2500e-015
-1.130e+000	3.5025e-007	-8.7870e+012	-8.7651e+012	8.7651e+012	5.2500e-015
-1.120e+000	3.5028e-007	-8.8089e+012	-8.7870e+012	8.7870e+012	5.2500e-015
-1.110e+000	3.5031e-007	-8.8307e+012	-8.8089e+012	8.8088e+012	5.2500e-015
-1.100e+000	3.5034e-007	-8.8526e+012	-8.8307e+012	8.8307e+012	5.2500e-015
-1.090e+000	3.5037e-007	-8.8745e+012	-8.8526e+012	8.8526e+012	5.2500e-015
-1.080e+000	3.5040e-007	-8.8963e+012	-8.8745e+012	8.8744e+012	5.2500e-015
-1.070e+000	3.5043e-007	-8.9182e+012	-8.8963e+012	8.8963e+012	5.2500e-015
-1.060e+000	3.5046e-007	-8.9401e+012	-8.9182e+012	8.9182e+012	5.2500e-015
-1.050e+000	3.5049e-007	-8.9620e+012	-8.9401e+012	8.9400e+012	5.2500e-015
-1.040e+000	3.5052e-007	-8.9838e+012	-8.9620e+012	8.9619e+012	5.2500e-015
-1.030e+000	3.5055e-007	-9.0057e+012	-8.9838e+012	8.9838e+012	5.2500e-015
-1.020e+000	3.5058e-007	-9.0276e+012	-9.0057e+012	9.0057e+012	5.2500e-015
-1.010e+000	3.5061e-007	-9.0495e+012	-9.0276e+012	9.0276e+012	5.2500e-015
-1.000e+000	3.5064e-007	-9.0714e+012	-9.0495e+012	9.0494e+012	5.2500e-015
-9.900e-001	3.5067e-007	-9.0933e+012	-9.0714e+012	9.0713e+012	5.2500e-015
-9.800e-001	3.5070e-007	-9.1151e+012	-9.0933e+012	9.0932e+012	5.2500e-015
-9.700e-001	3.5073e-007	-9.1370e+012	-9.1151e+012	9.1151e+012	5.2500e-015
-9.600e-001	3.5076e-007	-9.1589e+012	-9.1370e+012	9.1370e+012	5.2500e-015
-9.500e-001	3.5079e-007	-9.1808e+012	-9.1589e+012	9.1589e+012	5.2500e-015
-9.400e-001	3.5082e-007	-9.2027e+012	-9.1808e+012	9.1808e+012	5.2500e-015
-9.300e-001	3.5085e-007	-9.2246e+012	-9.2027e+012	9.2027e+012	5.2500e-015
-9.200e-001	3.5088e-007	-9.2465e+012	-9.2246e+012	9.2246e+012	5.2500e-015
-9.100e-001	3.5090e-007	-9.2684e+012	-9.2465e+012	9.2465e+012	5.2500e-015
-9.000e-001	3.5093e-007	-9.2903e+012	-9.2684e+012	9.2684e+012	5.2500e-015
-8.900e-001	3.5096e-007	-9.3122e+012	-9.2903e+012	9.2903e+012	5.2500e-015
-8.800e-001	3.5099e-007	-9.3341e+012	-9.3122e+012	9.3122e+012	5.2500e-015
-8.700e-001	3.5102e-007	-9.3560e+012	-9.3341e+012	9.3341e+012	5.2500e-015
-8.600e-001	3.5105e-007	-9.3779e+012	-9.3560e+012	9.3560e+012	5.2500e-015
-8.500e-001	3.5108e-007	-9.3999e+012	-9.3779e+012	9.3779e+012	5.2500e-015
-8.400e-001	3.5111e-007	-9.4218e+012	-9.3999e+012	9.3998e+012	5.2500e-015
-8.300e-001	3.5113e-007	-9.4437e+012	-9.4218e+012	9.4217e+012	5.2500e-015
-8.200e-001	3.5116e-007	-9.4656e+012	-9.4437e+012	9.4437e+012	5.2500e-015
-8.100e-001	3.5119e-007	-9.4875e+012	-9.4656e+012	9.4656e+012	5.2500e-015
-8.000e-001	3.5122e-007	-9.5095e+012	-9.4875e+012	9.4875e+012	5.2500e-015
-7.900e-001	3.5125e-007	-9.5314e+012	-9.5095e+012	9.5094e+012	5.2500e-015
-7.800e-001	3.5128e-007	-9.5533e+012	-9.5314e+012	9.5313e+012	5.2500e-015
-7.700e-001	3.5130e-007	-9.5752e+012	-9.5533e+012	9.5533e+012	5.2500e-015
-7.600e-001	3.5133e-007	-9.5972e+012	-9.5752e+012	9.5752e+012	5.2500e-015
-7.500e-001	3.5136e-007	-9.6191e+012	-9.5972e+012	9.5971e+012	5.2500e-015
-7.400e-001	3.5139e-007	-9.6410e+012	-9.6191e+012	9.6190e+012	5.2500e-015
-7.300e-001	3.5142e-007	-9.6629e+012	-9.6410e+012	9.6410e+012	5.2500e-015
-7.200e-001	3.5144e-007	-9.6849e+012	-9.6629e+012	9.6629e+012	5.2500e-015
-7.100e-001	3.5147e-007	-9.7068e+012	-9.6849e+012	9.6848e+012	5.2500e-015
-7.000e-001	3.5150e-007	-9.7288e+012	-9.7068e+012	9.7068e+012	5.2500e-015
-6.900e-001	3.5153e-007	-9.7507e+012	-9.7288e+012	9.7287e+012	5.2500e-015
-6.800e-001	3.5155e-007	-9.7726e+012	-9.7507e+012	9.7507e+012	5.2500e-015
-6.700e-001	3.5158e-007	-9.7946e+012	-9.7726e+012	9.7726e+012	5.2500e-015
-6.600e-001	3.5161e-007	-9.8165e+012	-9.7946e+012	9.7945e+012	5.2500e-015
-6.500e-001	3.5164e-007	-9.8385e+012	-9.8165e+012	9.8165e+012	5.2500e-015
-6.400e-001	3.5166e-007	-9.8604e+012	-9.8385e+012	9.8384e+012	5.2500e-015
-6.300e-001	3.5169e-007	-9.8824e+012	-9.8604e+012	9.8604e+012	5.2500e-015
-6.200e-001	3.5172e-007	-9.9043e+012	-9.8824e+012	9.8823e+012	5.2500e-015
-6.100e-001	3.5175e-007	-9.9263e+012	-9.9043e+012	9.9043e+012	5.2500e-015
-6.000e-001	3.5177e-007	-9.9482e+012	-9.9263e+012	9.9262e+012	5.2500e-015
-5.900e-001	3.5180e-007	-9.9702e+012	-9.9482e+012	9.9482e+012	5.2500e-015
-5.800e-001	3.5183e-007	-9.9922e+012	-9.9702e+012	9.9702e+012	5.2500e-015
-5.700e-001	3.5186e-007	-1.0014e+013	-9.9922e+012	9.9921e+012	5.2500e-015
-5.600e-001	3.5188e-007	-1.0036e+013	-1.0014e+013	1.0014e+013	5.2500e-015
-5.500e-001	3.5191e-007	-1.0058e+013	-1.0036e+013	1.0036e+013	5.2500e-015
-5.400e-001	3.5194e-007	-1.0080e+013	-1.0058e+013	1.0058e+013	5.2500e-015
-5.300e-001	3.5196e-007	-1.0102e+013	-1.0080e+013	1.0080e+013	5.2500e-015
-5.200e-001	3.5199e-007	-1.0124e+013	-1.0102e+013	1.0102e+013	5.2500e-015
-5.100e-001	3.5202e-007	-1.0146e+013	-1.0124e+013	1.0124e+013	5.2500e-015
-5.000e-001	3.5204e-007	-1.0168e+013	-1.0146e+013	1.0146e+013	5.2500e-015
-4.900e-001	3.5207e-007	-1.0190e+013	-1.0168e+013	1.0168e+013	5.2500e-015
-4.800e-001	3.5210e-007	-1.0212e+013	-1.0190e+013	1.0190e+013	5.2500e-015
-4.700e-001	3.5212e-007	-1.0234e+013	-1.0212e+013	1.0212e+013	5.2500e-015
-4.600e-001	3.5215e-007	-1.0256e+013	-1.0234e+013	1.0234e+013	5.2500e-015
-4.500e-001	3.5218e-007	-1.0278e+013	-1.0256e+013	1.0256e+013	5.2500e-015
-4.400e-001	3.5220e-007	-1.0300e+013	-1.0278e+013	1.0278e+013	5.2500e-015
-4.300e-001	3.5223e-007	-1.0322e+013	-1.0300e+013	1.0300e+013	5.2500e-015
-4.200e-001	3.5226e-007	-1.0344e+013	-1.0322e+013	1.0322e+013	5.2500e-015
-4.100e-001	3.5228e-007	-1.0366e+013	-1.0344e+013	1.0344e+013	5.2500e-015
-4.000e-001	3.5231e-007	-1.0388e+013	-1.0366e+013	1.0366e+013	5.2500e-015
-3.900e-001	3.5234e-007	-1.0410e+013	-1.0388e+013	1.0388e+013	5.2500e-015
-3.800e-001	3.5236e-007	-1.0432e+013	-1.0410e+013	1.0410e+013	5.2500e-015
-3.700e-001	3.5239e-007	-1.0454e+013	-1.0432e+013	1.0432e+013	5.2500e-015
-3.600e-001	3.5241e-007	-1.0476e+013	-1.0454e+013	1.0454e+013	5.2500e-015
-3.500e-001	3.5244e-007	-1.0498e+013	-1.0476e+013	1.0476e+013	5.2500e-015
-3.400e-001	3.5247e-007	-1.0520e+013	-1.0498e+013	1.0498e+013	5.2500e-015
-3.300e-001	3.5249e-007	-1.0542e+013	-1.0520e+013	1.0520e+013	5.2500e-015
-3.200e-001	3.5252e-007	-1.0564e+013	-1.0542e+013	1.0542e+013	5.2500e-015
-3.100e-001	3.5255e-007	-1.0586e+013	-1.0564e+013	1.0564e+013	5.2500e-015
-3.000e-001	3.5257e-007	-1.0608e+013	-1.0586e+013	1.0586e+013	5.2500e-015
-2.900e-001	3.5260e-007	-1.0630e+013	-1.0608e+013	1.0608e+013	5.2500e-015
-2.800e-001	3.5262e-007	-1.0652e+013	-1.0630e+013	1.0630e+013	5.2500e-015
-2.700e-001	3.5265e-007	-1.0674e+013	-1.0652e+013	1.0652e+013	5.2500e-015
-2.600e-001	3.5268e-007	-1.0696e+013	-1.0674e+013	1.0674e+013	5.2500e-015
-2.500e-001	3.5270e-007	-1.0718e+013	-1.0696e+013	1.0696e+013	5.2500e-015
-2.400e-001	3.5273e-007	-1.0740e+013	-1.0718e+013	1.0718e+013	5.2500e-015
-2.300e-001	3.5275e-007	-1.0762e+013	-1.0740e+013	1.0740e+013	5.2500e-015
-2.200e-001	3.5278e-007	-1.0784e+013	-1.0762e+013	1.0762e+013	5.2500e-015
-2.100e-001	3.5280e-007	-1.0806e+013	-1.0784e+013	1.0784e+013	5.2500e-015
-2.000e-001	3.5283e-007	-1.0828e+013	-1.0806e+013	1.0806e+013	5.2500e-015
-1.900e-001	3.5285e-007	-1.0850e+013	-1.0828e+013	1.0828e+013	5.2500e-015
-1.800e-001	3.5288e-007	-1.0872e+013	-1.0850e+013	1.0850e+013	5.2500e-015
-1.700e-001	3.5291e-007	-1.0894e+013	-1.0872e+013	1.0872e+013	5.2500e-015
-1.600e-001	3.5293e-007	-1.0916e+013	-1.0894e+013	1.0894e+013	5.2500e-015
-1.500e-001	3.5296e-007	-1.0938e+013	-1.0916e+013	1.0916e+013	5.2500e-015
-1.400e-001	3.5298e-007	-1.0960e+013	-1.0938e+013	1.0938e+013	5.2500e-015
-1.300e-001	3.5301e-007	-1.0982e+013	-1.0960e+013	1.0960e+013	5.2500e-015
-1.200e-001	3.5303e-007	-1.1004e+013	-1.0982e+013	1.0982e+013	5.2500e-015
-1.100e-001	3.5306e-007	-1.1026e+013	-1.1004e+013	1.1004e+013	5.2500e-015
-1.000e-001	3.5308e-007	-1.1048e+013	-1.1026e+013	1.1026e+013	5.2500e-015
-9.000e-002	3.5311e-007	-1.1070e+013	-1.1048e+013	1.1048e+013	5.2500e-015
-8.000e-002	3.5313e-007	-1.1092e+013	-1.1070e+013	1.1070e+013	5.2500e-015
-7.000e-002	3.5316e-007	-1.1114e+013	-1.1092e+013	1.1092e+013	5.2500e-015
-6.000e-002	3.5318e-007	-1.1136e+013	-1.1114e+013	1.1114e+013	5.2500e-015
-5.000e-002	3.5321e-007	-1.1158e+013	-1.1136e+013	1.1136e+013	5.2500e-015
-4.000e-002	3.5323e-007	-1.1180e+013	-1.1158e+013	1.1158e+013	5.2500e-015
-3.000e-002	3.5326e-007	-1.1202e+013	-1.1180e+013	1.1180e+013	5.2500e-015
-2.000e-002	3.5328e-007	-1.1225e+013	-1.1202e+013	1.1202e+013	5.2500e-015
-1.000e-002	3.5331e-007	-1.1247e+013	-1.1225e+013	1.1224e+013	5.2500e-015
0.000e+000	3.5333e-007	-1.1269e+013	-1.1247e+013	1.1247e+013	5.2500e-015
1.000e-002	3.5336e-007	-1.1291e+013	-1.1269e+013	1.1269e+013	5.2500e-015
2.000e-002	3.5338e-007	-1.1313e+013	-1.1291e+013	1.1291e+013	5.2500e-015
3.000e-002	3.5341e-007	-1.1335e+013	-1.1313e+013	1.1313e+013	5.2500e-015
4.000e-002	3.5343e-007	-1.1357e+013	-1.1335e+013	1.1335e+013	5.2500e-015
5.000e-002	3.5345e-007	-1.1379e+013	-1.1357e+013	1.1357e+013	5.2500e-015
6.000e-002	3.5348e-007	-1.1401e+013	-1.1379e+013	1.1379e+013	5.2500e-015
7.000e-002	3.5350e-007	-1.1423e+013	-1.1401e+013	1.1401e+013	5.2500e-015
8.000e-002	3.5353e-007	-1.1445e+013	-1.1423e+013	1.1423e+013	5.2500e-015
9.000e-002	3.5355e-007	-1.1467e+013	-1.1445e+013	1.1445e+013	5.2500e-015
1.000e-001	3.5357e-007	-1.1489e+013	-1.1467e+013	1.1467e+013	5.2500e-015
1.100e-001	3.5360e-007	-1.1511e+013	-1.1489e+013	1.1489e+013	5.2500e-015
1.200e-001	3.5362e-007	-1.1533e+013	-1.1511e+013	1.1511e+013	5.2500e-015
1.300e-001	3.5365e-007	-1.1555e+013	-1.1533e+013	1.1533e+013	5.2500e-015
1.400e-001	3.5367e-007	-1.1578e+013	-1.1555e+013	1.1555e+013	5.2500e-015
1.500e-001	3.5369e-007	-1.1600e+013	-1.1578e+013	1.1577e+013	5.2500e-015
1.600e-001	3.5372e-007	-1.1622e+013	-1.1600e+013	1.1600e+013	5.2500e-015
1.700e-001	3.5374e-007	-1.1644e+013	-1.1622e+013	1.1622e+013	5.2500e-015
1.800e-001	3.5377e-007	-1.1666e+013	-1.1644e+013	1.1644e+013	5.2500e-015
1.900e-001	3.5379e-007	-1.1688e+013	-1.1666e+013	1.1666e+013	5.2500e-015
2.000e-001	3.5381e-007	-1.1710e+013	-1.1688e+013	1.1688e+013	5.2500e-015
2.100e-001	3.5384e-007	-1.1732e+013	-1.1710e+013	1.1710e+013	5.2500e-015
2.200e-001	3.5386e-007	-1.1754e+013	-1.1732e+013	1.1732e+013	5.2500e-015
2.300e-001	3.5388e-007	-1.1776e+013	-1.1754e+013	1.1754e+013	5.2500e-015
2.400e-001	3.5391e-007	-1.1798e+013	-1.1776e+013	1.1776e+013	5.2500e-015
2.500e-001	3.5393e-007	-1.1820e+013	-1.1798e+013	1.1798e+013	5.2500e-015
2.600e-001	3.5395e-007	-1.1843e+013	-1.1820e+013	1.1820e+013	5.2500e-015
2.700e-001	3.5398e-007	-1.1865e+013	-1.1843e+013	1.1842e+013	5.2500e-015
2.800e-001	3.5400e-007	-1.1887e+013	-1.1865e+013	1.1865e+013	5.2500e-015
2.900e-001	3.5402e-007	-1.1909e+013	-1.1887e+013	1.1887e+013	5.2500e-015
3.000e-001	3.5404e-007	-1.1931e+013	-1.1909e+013	1.1909e+013	5.2500e-015
3.100e-001	3.5407e-007	-1.1953e+013	-1.1931e+013	1.1931e+013	5.2500e-015
3.200e-001	3.5409e-007	-1.1975e+013	-1.1953e+013	1.1953e+013	5.2500e-015
3.300e-001	3.5411e-007	-1.1997e+013	-1.1975e+013	1.1975e+013	5.2500e-015
3.400e-001	3.5414e-007	-1.2019e+013	-1.1997e+013	1.1997e+013	5.2500e-015
3.500e-001	3.5416e-007	-1.2041e+013	-1.2019e+013	1.2019e+013	5.2500e-015
3.600e-001	3.5418e-007	-1.2064e+013	-1.2041e+013	1.2041e+013	5.2500e-015
3.700e-001	3.5420e-007	-1.2086e+013	-1.2064e+013	1.2063e+013	5.2500e-015
3.800e-001	3.5422e-007	-1.2108e+013	-1.2086e+013	1.2086e+013	5.2500e-015
3.900e-001	3.5425e-007	-1.2130e+013	-1.2108e+013	1.2108e+013	5.2500e-015
4.000e-001	3.5427e-007	-1.2152e+013	-1.2130e+013	1.2130e+013	5.2500e-015
4.100e-001	3.5429e-007	-1.2174e+013	-1.2152e+013	1.2152e+013	5.2500e-015
4.200e-001	3.5431e-007	-1.2196e+013	-1.2174e+013	1.2174e+013	5.2500e-015
4.300e-001	3.5434e-007	-1.2218e+013	-1.2196e+013	1.2196e+013	5.2500e-015
4.400e-001	3.5436e-007	-1.2240e+013	-1.2218e+013	1.2218e+013	5.2500e-015
4.500e-001	3.5438e-007	-1.2263e+013	-1.2240e+013	1.2240e+013	5.2500e-015
4.600e-001	3.5440e-007	-1.2285e+013	-1.2263e+013	1.2262e+013	5.2500e-015
4.700e-001	3.5442e-007	-1.2307e+013	-1.2285e+013	1.2285e+013	5.2500e-015
4.800e-001	3.5444e-007	-1.2329e+013	-1.2307e+013	1.2307e+013	5.2500e-015
4.900e-001	3.5447e-007	-1.2351e+013	-1.2329e+013	1.2329e+013	5.2500e-015
5.000e-001	3.5449e-007	-1.2373e+013	-1.2351e+013	1.2351e+013	5.2500e-015
5.100e-001	3.5451e-007	-1.2395e+013	-1.2373e+013	1.2373e+013	5.2500e-015
5.200e-001	3.5453e-007	-1.2417e+013	-1.2395e+013	1.2395e+013	5.2500e-015
5.300e-001	3.5455e-007	-1.2440e+013	-1.2417e+013	1.2417e+013	5.2500e-015
5.400e-001	3.5457e-007	-1.2462e+013	-1.2440e+013	1.2439e+013	5.2500e-015
5.500e-001	3.5459e-007	-1.2484e+013	-1.2462e+013	1.2462e+013	5.2500e-015
5.600e-001	3.5461e-007	-1.2506e+013	-1.2484e+013	1.2484e+013	5.2500e-015
5.700e-001	3.5464e-007	-1.2528e+013	-1.2506e+013	1.2506e+013	5.2500e-015
5.800e-001	3.5466e-007	-1.2550e+013	-1.2528e+013	1.2528e+013	5.2500e-015
5.900e-001	3.5468e-007	-1.2572e+013	-1.2550e+013	1.2550e+013	5.2500e-015
6.000e-001	3.5470e-007	-1.2594e+013	-1.2572e+013	1.2572e+013	5.2500e-015
6.100e-001	3.5472e-007	-1.2617e+013	-1.2594e+013	1.2594e+013	5.2500e-015
6.200e-001	3.5474e-007	-1.2639e+013	-1.2617e+013	1.2617e+013	5.2500e-015
6.300e-001	3.5476e-007	-1.2661e+013	-1.2639e+013	1.2639e+013	5.2500e-015
6.400e-001	3.5478e-007	-1.2683e+013	-1.2661e+013	1.2661e+013	5.2500e-015
6.500e-001	3.5480e-007	-1.2705e+013	-1.2683e+013	1.2683e+013	5.2500e-015
6.600e-001	3.5482e-007	-1.2727e+013	-1.2705e+013	1.2705e+013	5.2500e-015
6.700e-001	3.5484e-007	-1.2749e+013	-1.2727e+013	1.2727e+013	5.2500e-015
6.800e-001	3.5486e-007	-1.2772e+013	-1.2749e+013	1.2749e+013	5.2500e-015
6.900e-001	3.5488e-007	-1.2794e+013	-1.2772e+013	1.2772e+013	5.2500e-015
7.000e-001	3.5490e-007	-1.2816e+013	-1.2794e+013	1.2794e+013	5.2500e-015
7.100e-001	3.5492e-007	-1.2838e+013	-1.2816e+013	1.2816e+013	5.2500e-015
7.200e-001	3.5494e-007	-1.2860e+013	-1.2838e+013	1.2838e+013	5.2500e-015
7.300e-001	3.5496e-007	-1.2882e+013	-1.2860e+013	1.2860e+013	5.2500e-015
7.400e-001	3.5498e-007	-1.2905e+013	-1.2882e+013	1.2882e+013	5.2500e-015
7.500e-001	3.5500e-007	-1.2927e+013	-1.2905e+013	1.2905e+013	5.2500e-015
7.600e-001	3.5502e-007	-1.2949e+013	-1.2927e+013	1.2927e+013	5.2500e-015
7.700e-001	3.5504e-007	-1.2971e+013	-1.2949e+013	1.2949e+013	5.2500e-015
7.800e-001	3.5506e-007	-1.2993e+013	-1.2971e+013	1.2971e+013	5.2500e-015
7.900e-001	3.5508e-007	-1.3015e+013	-1.2993e+013	1.2993e+013	5.2500e-015
8.000e-001	3.5509e-007	-1.3038e+013	-1.3015e+013	1.3015e+013	5.2500e-015
8.100e-001	3.5510e-007	-1.3060e+013	-1.3038e+013	1.3037e+013	5.2500e-015
8.200e-001	3.5512e-007	-1.3082e+013	-1.3060e+013	1.3060e+013	5.2500e-015
8.300e-001	3.5514e-007	-1.3104e+013	-1.3082e+013	1.3082e+013	5.2500e-015
8.400e-001	3.5516e-007	-1.3126e+013	-1.3104e+013	1.3104e+013	5.2500e-015
8.500e-001	3.5518e-007	-1.3148e+013	-1.3126e+013	1.3126e+013	5.2500e-015
8.600e-001	3.5520e-007	-1.3171e+013	-1.3148e+013	1.3148e+013	5.2500e-015
8.700e-001	3.5522e-007	-1.3193e+013	-1.3171e+013	1.3170e+013	5.2500e-015
8.800e-001	3.5524e-007	-1.3215e+013	-1.3193e+013	1.3193e+013	5.2500e-015
8.900e-001	3.5525e-007	-1.3237e+013	-1.3215e+013	1.3215e+013	5.2500e-015
9.000e-001	3.5527e-007	-1.3259e+013	-1.3237e+013	1.3237e+013	5.2500e-015
9.100e-001	3.5529e-007	-1.3281e+013	-1.3259e+013	1.3259e+013	5.2500e-015
9.200e-001	3.5531e-007	-1.3304e+013	-1.3281e+013	1.3281e+013	5.2500e-015
9.300e-001	3.5533e-007	-1.3326e+013	-1.3304e+013	1.3304e+013	5.2500e-015
9.400e-001	3.5535e-007	-1.3348e+013	-1.3326e+013	1.3326e+013	5.2500e-015
9.500e-001	3.5537e-007	-1.3370e+013	-1.3348e+013	1.3348e+013	5.2500e-015
9.600e-001	3.5539e-007	-1.3392e+013	-1.3370e+013	1.3370e+013	5.2500e-015
9.700e-001	3.5540e-007	-1.3414e+013	-1.3392e+013	1.3392e+013	5.2500e-015
9.800e-001	3.5542e-007	-1.3437e+013	-1.3414e+013	1.3414e+013	5.2500e-015
9.900e-001	3.5544e-007	-1.3459e+013	-1.3437e+013	1.3437e+013	5.2500e-015
1.000e+000	3.5546e-007	-1.3481e+013	-1.3459e+013	1.3459e+013	5.2500e-015
1.010e+000	3.5548e-007	-1.3503e+013	-1.3481e+013	1.3481e+013	5.2500e-015
1.020e+000	3.5550e-007	-1.3525e+013	-1.3503e+013	1.3503e+013	5.2500e-015
1.030e+000	3.5552e-007	-1.3548e+013	-1.3525e+013	1.3525e+013	5.2500e-015
1.040e+000	3.5554e-007	-1.3570e+013	-1.3548e+013	1.3548e+013	5.2500e-015
1.050e+000	3.5556e-007	-1.3592e+013	-1.3570e+013	1.3570e+013	5.2500e-015
1.060e+000	3.5559e-007	-1.3614e+013	-1.3592e+013	1.3592e+013	5.2500e-015
1.070e+000	3.5561e-007	-1.3636e+013	-1.3614e+013	1.3614e+013	5.2500e-015
1.080e+000	3.5564e-007	-1.3659e+013	-1.3636e+013	1.3636e+013	5.2500e-015
1.090e+000	3.5566e-007	-1.3681e+013	-1.3659e+013	1.3659e+013	5.2500e-015
1.100e+000	3.5570e-007	-1.3703e+013	-1.3681e+013	1.3681e+013	5.2500e-015
1.110e+000	3.5573e-007	-1.3725e+013	-1.3703e+013	1.3703e+013	5.2500e-015
1.120e+000	3.5578e-007	-1.3747e+013	-1.3725e+013	1.3725e+013	5.2500e-015
1.130e+000	3.5583e-007	-1.3770e+013	-1.3747e+013	1.3747e+013	5.2500e-015
1.140e+000	3.5589e-007	-1.3792e+013	-1.3770e+013	1.3770e+013	5.2500e-015
1.150e+000	3.5597e-007	-1.3814e+013	-1.3792e+013	1.3792e+013	5.2500e-015
1.160e+000	3.5607e-007	-1.3836e+013	-1.3814e+013	1.3814e+013	5.2500e-015
1.170e+000	3.5620e-007	-1.3858e+013	-1.3836e+013	1.3836e+013	5.2500e-015
1.180e+000	3.5636e-007	-1.3881e+013	-1.3858e+013	1.3858e+013	5.2500e-015
1.190e+000	3.5658e-007	-1.3903e+013	-1.3881e+013	1.3881e+013	5.2500e-015
1.200e+000	3.5688e-007	-1.3925e+013	-1.3903e+013	1.3903e+013	5.2500e-015
1.210e+000	3.5728e-007	-1.3948e+013	-1.3925e+013	1.3925e+013	5.2500e-015
1.220e+000	3.5781e-007	-1.3970e+013	-1.3948e+013	1.3947e+013	5.2500e-015
1.230e+000	3.5855e-007	-1.3992e+013	-1.3970e+013	1.3970e+013	5.2500e-015
1.240e+000	3.5955e-007	-1.4015e+013	-1.3992e+013	1.3992e+013	5.2500e-015
1.250e+000	3.6094e-007	-1.4037e+013	-1.4015e+013	1.4015e+013	5.2500e-015
1.260e+000	3.6284e-007	-1.4060e+013	-1.4037e+013	1.4037e+013	5.2500e-015
1.270e+000	3.6548e-007	-1.4083e+013	-1.4060e+013	1.4060e+013	5.2500e-015
1.280e+000	3.6913e-007	-1.4106e+013	-1.4083e+013	1.4083e+013	5.2500e-015
1.290e+000	3.7419e-007	-1.4129e+013	-1.4106e+013	1.4106e+013	5.2500e-015
1.300e+000	3.8120e-007	-1.4153e+013	-1.4129e+013	1.4129e+013	5.2500e-015
1.310e+000	3.9093e-007	-1.4177e+013	-1.4153e+013	1.4153e+013	5.2500e-015
1.320e+000	4.0440e-007	-1.4202e+013	-1.4177e+013	1.4177e+013	5.2500e-015
1.330e+000	4.2254e-007	-1.4229e+013	-1.4202e+013	1.4202e+013	5.2500e-015
1.340e+000	4.4763e-007	-1.4257e+013	-1.4229e+013	1.4229e+013	5.2500e-015
1.350e+000	4.8172e-007	-1.4287e+013	-1.4257e+013	1.4257e+013	5.2500e-015
1.360e+000	5.2753e-007	-1.4320e+013	-1.4287e+013	1.4287e+013	5.2500e-015
1.370e+000	5.8815e-007	-1.4357e+013	-1.4320e+013	1.4320e+013	5.2500e-015
1.380e+000	6.6684e-007	-1.4398e+013	-1.4357e+013	1.4356e+013	5.2500e-015
1.390e+000	7.6665e-007	-1.4446e+013	-1.4398e+013	1.4398e+013	5.2500e-015
1.400e+000	8.8876e-007	-1.4501e+013	-1.4446e+013	1.4446e+013	5.2500e-015
1.410e+000	1.0341e-006	-1.4566e+013	-1.4501e+013	1.4501e+013	5.2500e-015
1.420e+000	1.1995e-006	-1.4641e+013	-1.4566e+013	1.4566e+013	5.2500e-015
1.430e+000	1.3809e-006	-1.4727e+013	-1.4641e+013	1.4641e+013	5.2500e-015
1.440e+000	1.5716e-006	-1.4825e+013	-1.4727e+013	1.4727e+013	5.2500e-015
1.450e+000	1.7644e-006	-1.4935e+013	-1.4825e+013	1.4825e+013	5.2500e-015
1.460e+000	1.9536e-006	-1.5057e+013	-1.4935e+013	1.4935e+013	5.2500e-015
1.470e+000	2.1336e-006	-1.5190e+013	-1.5057e+013	1.5057e+013	5.2500e-015
1.480e+000	2.3016e-006	-1.5334e+013	-1.5190e+013	1.5190e+013	5.2500e-015
1.490e+000	2.4559e-006	-1.5487e+013	-1.5334e+013	1.5334e+013	5.2500e-015
1.500e+000	2.5966e-006	-1.5649e+013	-1.5487e+013	1.5487e+013	5.2500e-015
1.510e+000	2.7239e-006	-1.5819e+013	-1.5649e+013	1.5649e+013	5.2500e-015
1.520e+000	2.8391e-006	-1.5997e+013	-1.5819e+013	1.5819e+013	5.2500e-015
1.530e+000	2.9432e-006	-1.6180e+013	-1.5997e+013	1.5997e+013	5.2500e-015
1.540e+000	3.0377e-006	-1.6370e+013	-1.6180e+013	1.6180e+013	5.2500e-015
1.550e+000	3.1238e-006	-1.6565e+013	-1.6370e+013	1.6370e+013	5.2500e-015
1.560e+000	3.2025e-006	-1.6765e+013	-1.6565e+013	1.6565e+013	5.2500e-015
1.570e+000	3.2750e-006	-1.6969e+013	-1.6765e+013	1.6765e+013	5.2500e-015
1.580e+000	3.3419e-006	-1.7178e+013	-1.6969e+013	1.6969e+013	5.2500e-015
1.590e+000	3.4041e-006	-1.7390e+013	-1.7178e+013	1.7178e+013	5.2500e-015
1.600e+000	3.4621e-006	-1.7606e+013	-1.7390e+013	1.7390e+013	5.2500e-015
1.610e+000	3.5164e-006	-1.7826e+013	-1.7606e+013	1.7606e+013	5.2500e-015
1.620e+000	3.5676e-006	-1.8048e+013	-1.7826e+013	1.7826e+013	5.2500e-015
1.630e+000	3.6159e-006	-1.8274e+013	-1.8048e+013	1.8048e+013	5.2500e-015
1.640e+000	3.6618e-006	-1.8503e+013	-1.8274e+013	1.8274e+013	5.2500e-015
1.650e+000	3.7054e-006	-1.8734e+013	-1.8503e+013	1.8503e+013	5.2500e-015
1.660e+000	3.7471e-006	-1.8968e+013	-1.8734e+013	1.8734e+013	5.2500e-015
1.670e+000	3.7869e-006	-1.9204e+013	-1.8968e+013	1.8968e+013	5.2500e-015
1.680e+000	3.8251e-006	-1.9443e+013	-1.9204e+013	1.9204e+013	5.2500e-015
1.690e+000	3.8618e-006	-1.9684e+013	-1.9443e+013	1.9443e+013	5.2500e-015
1.700e+000	3.8972e-006	-1.9927e+013	-1.9684e+013	1.9684e+013	5.2500e-015
1.710e+000	3.9314e-006	-2.0173e+013	-1.9927e+013	1.9927e+013	5.2500e-015
1.720e+000	3.9563e-006	-2.0420e+013	-2.0173e+013	2.0173e+013	5.2500e-015
1.730e+000	3.9517e-006	-2.0666e+013	-2.0420e+013	2.0419e+013	5.2500e-015
1.740e+000	3.9773e-006	-2.0914e+013	-2.0666e+013	2.0666e+013	5.2500e-015
1.750e+000	4.0019e-006	-2.1164e+013	-2.0914e+013	2.0914e+013	5.2500e-015
1.760e+000	4.0256e-006	-2.1415e+013	-2.1164e+013	2.1164e+013	5.2500e-015
1.770e+000	4.0485e-006	-2.1668e+013	-2.1415e+013	2.1415e+013	5.2500e-015
1.780e+000	4.0706e-006	-2.1922e+013	-2.1668e+013	2.1668e+013	5.2500e-015
1.790e+000	4.0920e-006	-2.2178e+013	-2.1922e+013	2.1922e+013	5.2500e-015
1.800e+000	4.1127e-006	-2.2434e+013	-2.2178e+013	2.2178e+013	5.2500e-015
1.810e+000	4.1328e-006	-2.2692e+013	-2.2434e+013	2.2434e+013	5.2500e-015
1.820e+000	4.1523e-006	-2.2951e+013	-2.2692e+013	2.2692e+013	5.2500e-015
1.830e+000	4.1712e-006	-2.3212e+013	-2.2951e+013	2.2951e+013	5.2500e-015
1.840e+000	4.1896e-006	-2.3473e+013	-2.3212e+013	2.3212e+013	5.2500e-015
1.850e+000	4.2075e-006	-2.3736e+013	-2.3473e+013	2.3473e+013	5.2500e-015
1.860e+000	4.2249e-006	-2.4000e+013	-2.3736e+013	2.3736e+013	5.2500e-015
1.870e+000	4.2419e-006	-2.4264e+013	-2.4000e+013	2.4000e+013	5.2500e-015
1.880e+000	4.2584e-006	-2.4530e+013	-2.4264e+013	2.4264e+013	5.2500e-015
1.890e+000	4.2745e-006	-2.4797e+013	-2.4530e+013	2.4530e+013	5.2500e-015
1.900e+000	4.2903e-006	-2.5065e+013	-2.4797e+013	2.4797e+013	5.2500e-015
1.910e+000	4.3057e-006	-2.5333e+013	-2.5065e+013	2.5065e+013	5.2500e-015
1.920e+000	4.3207e-006	-2.5603e+013	-2.5333e+013	2.5333e+013	5.2500e-015
1.930e+000	4.3354e-006	-2.5874e+013	-2.5603e+013	2.5603e+013	5.2500e-015
1.940e+000	4.3498e-006	-2.6145e+013	-2.5874e+013	2.5874e+013	5.2500e-015
1.950e+000	4.3639e-006	-2.6418e+013	-2.6145e+013	2.6145e+013	5.2500e-015
1.960e+000	4.3776e-006	-2.6691e+013	-2.6418e+013	2.6418e+013	5.2500e-015
1.970e+000	4.3911e-006	-2.6965e+013	-2.6691e+013	2.6691e+013	5.2500e-015
1.980e+000	4.3978e-006	-2.7239e+013	-2.6965e+013	2.6965e+013	5.2500e-015
1.990e+000	4.4077e-006	-2.7514e+013	-2.7239e+013	2.7239e+013	5.2500e-015
2.000e+000	4.4199e-006	-2.7790e+013	-2.7514e+013	2.7514e+013	5.2500e-015
2.010e+000	4.4320e-006	-2.8067e+013	-2.7790e+013	2.7790e+013	5.2500e-015
2.020e+000	4.4438e-006	-2.8344e+013	-2.8067e+013	2.8067e+013	5.2500e-015
2.030e+000	4.4553e-006	-2.8622e+013	-2.8344e+013	2.8344e+013	5.2500e-015
2.040e+000	4.4667e-006	-2.8901e+013	-2.8622e+013	2.8622e+013	5.2500e-015
2.050e+000	4.4778e-006	-2.9181e+013	-2.8901e+013	2.8901e+013	5.2500e-015
2.060e+000	4.4888e-006	-2.9461e+013	-2.9181e+013	2.9181e+013	5.2500e-015
2.070e+000	4.4996e-006	-2.9742e+013	-2.9461e+013	2.9461e+013	5.2500e-015
2.080e+000	4.5102e-006	-3.0023e+013	-2.9742e+013	2.9742e+013	5.2500e-015
2.090e+000	4.5206e-006	-3.0305e+013	-3.0023e+013	3.0023e+013	5.2500e-015
2.100e+000	4.5308e-006	-3.0588e+013	-3.0305e+013	3.0305e+013	5.2500e-015
2.110e+000	4.5409e-006	-3.0872e+013	-3.0588e+013	3.0588e+013	5.2500e-015
2.120e+000	4.5508e-006	-3.1156e+013	-3.0872e+013	3.0871e+013	5.2500e-015
2.130e+000	4.5606e-006	-3.1440e+013	-3.1156e+013	3.1156e+013	5.2500e-015
2.140e+000	4.5702e-006	-3.1725e+013	-3.1440e+013	3.1440e+013	5.2500e-015
2.150e+000	4.5797e-006	-3.2011e+013	-3.1725e+013	3.1725e+013	5.2500e-015
2.160e+000	4.5890e-006	-3.2298e+013	-3.2011e+013	3.2011e+013	5.2500e-015
2.170e+000	4.5982e-006	-3.2585e+013	-3.2298e+013	3.2298e+013	5.2500e-015
2.180e+000	4.6073e-006	-3.2872e+013	-3.2585e+013	3.2585e+013	5.2500e-015
2.190e+000	4.6162e-006	-3.3160e+013	-3.2872e+013	3.2872e+013	5.2500e-015
2.200e+000	4.6250e-006	-3.3449e+013	-3.3160e+013	3.3160e+013	5.2500e-015
2.210e+000	4.6337e-006	-3.3738e+013	-3.3449e+013	3.3449e+013	5.2500e-015
2.220e+000	4.6422e-006	-3.4028e+013	-3.3738e+013	3.3738e+013	5.2500e-015
2.230e+000	4.6507e-006	-3.4318e+013	-3.4028e+013	3.4028e+013	5.2500e-015
2.240e+000	4.6590e-006	-3.4609e+013	-3.4318e+013	3.4318e+013	5.2500e-015
2.250e+000	4.6672e-006	-3.4900e+013	-3.4609e+013	3.4609e+013	5.2500e-015
2.260e+000	4.6753e-006	-3.5192e+013	-3.4900e+013	3.4900e+013	5.2500e-015
2.270e+000	4.6833e-006	-3.5485e+013	-3.5192e+013	3.5192e+013	5.2500e-015
2.280e+000	4.6912e-006	-3.5777e+013	-3.5485e+013	3.5484e+013	5.2500e-015
2.290e+000	4.6990e-006	-3.6071e+013	-3.5777e+013	3.5777e+013	5.2500e-015
2.300e+000	4.7067e-006	-3.6364e+013	-3.6071e+013	3.6071e+013	5.2500e-015
2.310e+000	4.7144e-006	-3.6659e+013	-3.6364e+013	3.6364e+013	5.2500e-015
2.320e+000	4.7219e-006	-3.6953e+013	-3.6659e+013	3.6659e+013	5.2500e-015
2.330e+000	4.7293e-006	-3.7249e+013	-3.6953e+013	3.6953e+013	5.2500e-015
2.340e+000	4.7366e-006	-3.7544e+013	-3.7249e+013	3.7248e+013	5.2500e-015
2.350e+000	4.7439e-006	-3.7840e+013	-3.7544e+013	3.7544e+013	5.2500e-015
2.360e+000	4.7511e-006	-3.8137e+013	-3.7840e+013	3.7840e+013	5.2500e-015
2.370e+000	4.7582e-006	-3.8434e+013	-3.8137e+013	3.8137e+013	5.2500e-015
2.380e+000	4.7652e-006	-3.8731e+013	-3.8434e+013	3.8434e+013	5.2500e-015
2.390e+000	4.7721e-006	-3.9029e+013	-3.8731e+013	3.8731e+013	5.2500e-015
2.400e+000	4.7790e-006	-3.9327e+013	-3.9029e+013	3.9029e+013	5.2500e-015
2.410e+000	4.7858e-006	-3.9626e+013	-3.9327e+013	3.9327e+013	5.2500e-015
2.420e+000	4.7925e-006	-3.9925e+013	-3.9626e+013	3.9626e+013	5.2500e-015
2.430e+000	4.7991e-006	-4.0225e+013	-3.9925e+013	3.9925e+013	5.2500e-015
2.440e+000	4.8057e-006	-4.0525e+013	-4.0225e+013	4.0225e+013	5.2500e-015
2.450e+000	4.8122e-006	-4.0825e+013	-4.0525e+013	4.0525e+013	5.2500e-015
2.460e+000	4.8186e-006	-4.1126e+013	-4.0825e+013	4.0825e+013	5.2500e-015
2.470e+000	4.8249e-006	-4.1427e+013	-4.1126e+013	4.1126e+013	5.2500e-015
2.480e+000	4.8312e-006	-4.1728e+013	-4.1427e+013	4.1427e+013	5.2500e-015
2.490e+000	4.8375e-006	-4.2030e+013	-4.1728e+013	4.1728e+013	5.2500e-015
2.500e+000	4.8436e-006	-4.2333e+013	-4.2030e+013	4.2030e+013	5.2500e-015
2.510e+000	4.8497e-006	-4.2635e+013	-4.2333e+013	4.2333e+013	5.2500e-015
2.520e+000	4.8558e-006	-4.2938e+013	-4.2635e+013	4.2635e+013	5.2500e-015
2.530e+000	4.8618e-006	-4.3242e+013	-4.2938e+013	4.2938e+013	5.2500e-015
2.540e+000	4.8677e-006	-4.3546e+013	-4.3242e+013	4.3242e+013	5.2500e-015
2.550e+000	4.8736e-006	-4.3850e+013	-4.3546e+013	4.3546e+013	5.2500e-015
2.560e+000	4.8784e-006	-4.4154e+013	-4.3850e+013	4.3850e+013	5.2500e-015
2.570e+000	4.8836e-006	-4.4459e+013	-4.4154e+013	4.4154e+013	5.2500e-015
2.580e+000	4.8893e-006	-4.4764e+013	-4.4459e+013	4.4459e+013	5.2500e-015
2.590e+000	4.8949e-006	-4.5070e+013	-4.4764e+013	4.4764e+013	5.2500e-015
2.600e+000	4.9005e-006	-4.5376e+013	-4.5070e+013	4.5070e+013	5.2500e-015
2.610e+000	4.9060e-006	-4.5682e+013	-4.5376e+013	4.5376e+013	5.2500e-015
2.620e+000	4.9115e-006	-4.5988e+013	-4.5682e+013	4.5682e+013	5.2500e-015
2.630e+000	4.9169e-006	-4.6295e+013	-4.5988e+013	4.5988e+013	5.2500e-015
2.640e+000	4.9223e-006	-4.6603e+013	-4.6295e+013	4.6295e+013	5.2500e-015
2.650e+000	4.9276e-006	-4.6910e+013	-4.6603e+013	4.6603e+013	5.2500e-015
2.660e+000	4.9329e-006	-4.7218e+013	-4.6910e+013	4.6910e+013	5.2500e-015
2.670e+000	4.9382e-006	-4.7526e+013	-4.7218e+013	4.7218e+013	5.2500e-015
2.680e+000	4.9434e-006	-4.7835e+013	-4.7526e+013	4.7526e+013	5.2500e-015
2.690e+000	4.9485e-006	-4.8144e+013	-4.7835e+013	4.7835e+013	5.2500e-015
2.700e+000	4.9536e-006	-4.8453e+013	-4.8144e+013	4.8144e+013	5.2500e-015
2.710e+000	4.9587e-006	-4.8762e+013	-4.8453e+013	4.8453e+013	5.2500e-015
2.720e+000	4.9637e-006	-4.9072e+013	-4.8762e+013	4.8762e+013	5.2500e-015
2.730e+000	4.9687e-006	-4.9382e+013	-4.9072e+013	4.9072e+013	5.2500e-015
2.740e+000	4.9737e-006	-4.9693e+013	-4.9382e+013	4.9382e+013	5.2500e-015
2.750e+000	4.9786e-006	-5.0003e+013	-4.9693e+013	4.9693e+013	5.2500e-015
2.760e+000	4.9834e-006	-5.0314e+013	-5.0003e+013	5.0003e+013	5.2500e-015
2.770e+000	4.9883e-006	-5.0626e+013	-5.0314e+013	5.0314e+013	5.2500e-015
2.780e+000	4.9930e-006	-5.0937e+013	-5.0626e+013	5.0626e+013	5.2500e-015
2.790e+000	4.9978e-006	-5.1249e+013	-5.0937e+013	5.0937e+013	5.2500e-015
2.800e+000	5.0025e-006	-5.1562e+013	-5.1249e+013	5.1249e+013	5.2500e-015
2.810e+000	5.0072e-006	-5.1874e+013	-5.1562e+013	5.1562e+013	5.2500e-015
2.820e+000	5.0118e-006	-5.2187e+013	-5.1874e+013	5.1874e+013	5.2500e-015
2.830e+000	5.0164e-006	-5.2500e+013	-5.2187e+013	5.2187e+013	5.2500e-015
2.840e+000	5.0210e-006	-5.2813e+013	-5.2500e+013	5.2500e+013	5.2500e-015
2.850e+000	5.0255e-006	-5.3127e+013	-5.2813e+013	5.2813e+013	5.2500e-015
2.860e+000	5.0300e-006	-5.3441e+013	-5.3127e+013	5.3127e+013	5.2500e-015
2.870e+000	5.0345e-006	-5.3755e+013	-5.3441e+013	5.3441e+013	5.2500e-015
2.880e+000	5.0389e-006	-5.4070e+013	-5.3755e+013	5.3755e+013	5.2500e-015
2.890e+000	5.0433e-006	-5.4385e+013	-5.4070e+013	5.4070e+013	5.2500e-015
2.900e+000	5.0477e-006	-5.4700e+013	-5.4385e+013	5.4385e+013	5.2500e-015
2.910e+000	5.0521e-006	-5.5015e+013	-5.4700e+013	5.4700e+013	5.2500e-015
2.920e+000	5.0564e-006	-5.5331e+013	-5.5015e+013	5.5015e+013	5.2500e-015
2.930e+000	5.0606e-006	-5.5646e+013	-5.5331e+013	5.5331e+013	5.2500e-015
2.940e+000	5.0649e-006	-5.5963e+013	-5.5646e+013	5.5646e+013	5.2500e-015
2.950e+000	5.0691e-006	-5.6279e+013	-5.5963e+013	5.5962e+013	5.2500e-015
2.960e+000	5.0733e-006	-5.6596e+013	-5.6279e+013	5.6279e+013	5.2500e-015
2.970e+000	5.0775e-006	-5.6912e+013	-5.6596e+013	5.6596e+013	5.2500e-015
2.980e+000	5.0816e-006	-5.7230e+013	-5.6912e+013	5.6912e+013	5.2500e-015
2.990e+000	5.0857e-006	-5.7547e+013	-5.7230e+013	5.7230e+013	5.2500e-015
3.000e+000	5.0898e-006	-5.7865e+013	-5.7547e+013	5.7547e+013	5.2500e-015
3.010e+000	5.0938e-006	-5.8183e+013	-5.7865e+013	5.7865e+013	5.2500e-015
3.020e+000	5.0978e-006	-5.8501e+013	-5.8183e+013	5.8183e+013	5.2500e-015
3.030e+000	5.1018e-006	-5.8819e+013	-5.8501e+013	5.8501e+013	5.2500e-015
3.040e+000	5.1058e-006	-5.9138e+013	-5.8819e+013	5.8819e+013	5.2500e-015
3.050e+000	5.1097e-006	-5.9457e+013	-5.9138e+013	5.9138e+013	5.2500e-015
3.060e+000	5.1136e-006	-5.9776e+013	-5.9457e+013	5.9457e+013	5.2500e-015
3.070e+000	5.1175e-006	-6.0095e+013	-5.9776e+013	5.9776e+013	5.2500e-015
3.080e+000	5.1214e-006	-6.0415e+013	-6.0095e+013	6.0095e+013	5.2500e-015
3.090e+000	5.1252e-006	-6.0735e+013	-6.0415e+013	6.0415e+013	5.2500e-015
3.100e+000	5.1290e-006	-6.1055e+013	-6.0735e+013	6.0735e+013	5.2500e-015
3.110e+000	5.1328e-006	-6.1376e+013	-6.1055e+013	6.1055e+013	5.2500e-015
3.120e+000	5.1366e-006	-6.1696e+013	-6.1376e+013	6.1375e+013	5.2500e-015
3.130e+000	5.1403e-006	-6.2017e+013	-6.1696e+013	6.1696e+013	5.2500e-015
3.140e+000	5.1441e-006	-6.2338e+013	-6.2017e+013	6.2017e+013	5.2500e-015
3.150e+000	5.1478e-006	-6.2659e+013	-6.2338e+013	6.2338e+013	5.2500e-015
3.160e+000	5.1514e-006	-6.2981e+013	-6.2659e+013	6.2659e+013	5.2500e-015
3.170e+000	5.1551e-006	-6.3303e+013	-6.2981e+013	6.2981e+013	5.2500e-015
3.180e+000	5.1587e-006	-6.3625e+013	-6.3303e+013	6.3303e+013	5.2500e-015
3.190e+000	5.1623e-006	-6.3947e+013	-6.3625e+013	6.3625e+013	5.2500e-015
3.200e+000	5.1659e-006	-6.4269e+013	-6.3947e+013	6.3947e+013	5.2500e-015
3.210e+000	5.1695e-006	-6.4592e+013	-6.4269e+013	6.4269e+013	5.2500e-015
3.220e+000	5.1730e-006	-6.4915e+013	-6.4592e+013	6.4592e+013	5.2500e-015
3.230e+000	5.1765e-006	-6.5238e+013	-6.4915e+013	6.4915e+013	5.2500e-015
3.240e+000	5.1800e-006	-6.5561e+013	-6.5238e+013	6.5238e+013	5.2500e-015
3.250e+000	5.1835e-006	-6.5885e+013	-6.5561e+013	6.5561e+013	5.2500e-015
3.260e+000	5.1869e-006	-6.6208e+013	-6.5885e+013	6.5885e+013	5.2500e-015
3.270e+000	5.1904e-006	-6.6532e+013	-6.6208e+013	6.6208e+013	5.2500e-015
3.280e+000	5.1938e-006	-6.6857e+013	-6.6532e+013	6.6532e+013	5.2500e-015
3.290e+000	5.1972e-006	-6.7181e+013	-6.6857e+013	6.6856e+013	5.2500e-015
3.300e+000	5.2006e-006	-6.7506e+013	-6.7181e+013	6.7181e+013	5.2500e-015
3.310e+000	5.2039e-006	-6.7830e+013	-6.7506e+013	6.7505e+013	5.2500e-015
3.320e+000	5.2073e-006	-6.8155e+013	-6.7830e+013	6.7830e+013	5.2500e-015
3.330e+000	5.2106e-006	-6.8481e+013	-6.8155e+013	6.8155e+013	5.2500e-015
3.340e+000	5.2139e-006	-6.8806e+013	-6.8481e+013	6.8480e+013	5.2500e-015
3.350e+000	5.2172e-006	-6.9132e+013	-6.8806e+013	6.8806e+013	5.2500e-015
3.360e+000	5.2204e-006	-6.9457e+013	-6.9132e+013	6.9132e+013	5.2500e-015
3.370e+000	5.2237e-006	-6.9783e+013	-6.9457e+013	6.9457e+013	5.2500e-015
3.380e+000	5.2269e-006	-7.0110e+013	-6.9783e+013	6.9783e+013	5.2500e-015
3.390e+000	5.2301e-006	-7.0436e+013	-7.0110e+013	7.0110e+013	5.2500e-015
3.400e+000	5.2333e-006	-7.0763e+013	-7.0436e+013	7.0436e+013	5.2500e-015
3.410e+000	5.2365e-006	-7.1090e+013	-7.0763e+013	7.0763e+013	5.2500e-015
3.420e+000	5.2397e-006	-7.1417e+013	-7.1090e+013	7.1090e+013	5.2500e-015
3.430e+000	5.2428e-006	-7.1744e+013	-7.1417e+013	7.1417e+013	5.2500e-015
3.440e+000	5.2459e-006	-7.2071e+013	-7.1744e+013	7.1744e+013	5.2500e-015
3.450e+000	5.2490e-006	-7.2399e+013	-7.2071e+013	7.2071e+013	5.2500e-015
3.460e+000	5.2521e-006	-7.2727e+013	-7.2399e+013	7.2399e+013	5.2500e-015
3.470e+000	5.2552e-006	-7.3055e+013	-7.2727e+013	7.2727e+013	5.2500e-015
3.480e+000	5.2583e-006	-7.3383e+013	-7.3055e+013	7.3055e+013	5.2500e-015
3.490e+000	5.2613e-006	-7.3711e+013	-7.3383e+013	7.3383e+013	5.2500e-015
3.500e+000	5.2644e-006	-7.4040e+013	-7.3711e+013	7.3711e+013	5.2500e-015
3.510e+000	5.2674e-006	-7.4369e+013	-7.4040e+013	7.4040e+013	5.2500e-015
3.520e+000	5.2704e-006	-7.4698e+013	-7.4369e+013	7.4369e+013	5.2500e-015
3.530e+000	5.2733e-006	-7.5027e+013	-7.4698e+013	7.4698e+013	5.2500e-015
3.540e+000	5.2763e-006	-7.5356e+013	-7.5027e+013	7.5027e+013	5.2500e-015
3.550e+000	5.2793e-006	-7.5686e+013	-7.5356e+013	7.5356e+013	5.2500e-015
3.560e+000	5.2822e-006	-7.6015e+013	-7.5686e+013	7.5686e+013	5.2500e-015
3.570e+000	5.2851e-006	-7.6345e+013	-7.6015e+013	7.6015e+013	5.2500e-015
3.580e+000	5.2880e-006	-7.6675e+013	-7.6345e+013	7.6345e+013	5.2500e-015
3.590e+000	5.2909e-006	-7.7005e+013	-7.6675e+013	7.6675e+013	5.2500e-015
3.600e+000	5.2938e-006	-7.7336e+013	-7.7005e+013	7.7005e+013	5.2500e-015
3.610e+000	5.2967e-006	-7.7666e+013	-7.7336e+013	7.7336e+013	5.2500e-015
3.620e+000	5.2995e-006	-7.7997e+013	-7.7666e+013	7.7666e+013	5.2500e-015
3.630e+000	5.3024e-006	-7.8328e+013	-7.7997e+013	7.7997e+013	5.2500e-015
3.640e+000	5.3052e-006	-7.8659e+013	-7.8328e+013	7.8328e+013	5.2500e-015
3.650e+000	5.3080e-006	-7.8991e+013	-7.8659e+013	7.8659e+013	5.2500e-015
3.660e+000	5.3108e-006	-7.9322e+013	-7.8991e+013	7.8991e+013	5.2500e-015
3.670e+000	5.3136e-006	-7.9654e+013	-7.9322e+013	7.9322e+013	5.2500e-015
3.680e+000	5.3163e-006	-7.9985e+013	-7.9654e+013	7.9654e+013	5.2500e-015
3.690e+000	5.3191e-006	-8.0317e+013	-7.9985e+013	7.9985e+013	5.2500e-015
3.700e+000	5.3218e-006	-8.0650e+013	-8.0317e+013	8.0317e+013	5.2500e-015
3.710e+000	5.3246e-006	-8.0982e+013	-8.0650e+013	8.0650e+013	5.2500e-015
3.720e+000	5.3273e-006	-8.1314e+013	-8.0982e+013	8.0982e+013	5.2500e-015
3.730e+000	5.3300e-006	-8.1647e+013	-8.1314e+013	8.1314e+013	5.2500e-015
3.740e+000	5.3327e-006	-8.1980e+013	-8.1647e+013	8.1647e+013	5.2500e-015
3.750e+000	5.3353e-006	-8.2313e+013	-8.1980e+013	8.1980e+013	5.2500e-015
3.760e+000	5.3380e-006	-8.2646e+013	-8.2313e+013	8.2313e+013	5.2500e-015
3.770e+000	5.3407e-006	-8.2979e+013	-8.2646e+013	8.2646e+013	5.2500e-015
3.780e+000	5.3433e-006	-8.3313e+013	-8.2979e+013	8.2979e+013	5.2500e-015
3.790e+000	5.3459e-006	-8.3647e+013	-8.3313e+013	8.3313e+013	5.2500e-015
3.800e+000	5.3486e-006	-8.3980e+013	-8.3647e+013	8.3647e+013	5.2500e-015
3.810e+000	5.3512e-006	-8.4314e+013	-8.3980e+013	8.3980e+013	5.2500e-015
3.820e+000	5.3538e-006	-8.4649e+013	-8.4314e+013	8.4314e+013	5.2500e-015
3.830e+000	5.3563e-006	-8.4983e+013	-8.4649e+013	8.4649e+013	5.2500e-015
3.840e+000	5.3589e-006	-8.5317e+013	-8.4983e+013	8.4983e+013	5.2500e-015
3.850e+000	5.3615e-006	-8.5652e+013	-8.5317e+013	8.5317e+013	5.2500e-015
3.860e+000	5.3640e-006	-8.5987e+013	-8.5652e+013	8.5652e+013	5.2500e-015
3.870e+000	5.3666e-006	-8.6322e+013	-8.5987e+013	8.5987e+013	5.2500e-015
3.880e+000	5.3691e-006	-8.6657e+013	-8.6322e+013	8.6322e+013	5.2500e-015
3.890e+000	5.3716e-006	-8.6992e+013	-8.6657e+013	8.6657e+013	5.2500e-015
3.900e+000	5.3741e-006	-8.7328e+013	-8.6992e+013	8.6992e+013	5.2500e-015
3.910e+000	5.3766e-006	-8.7663e+013	-8.7328e+013	8.7328e+013	5.2500e-015
3.920e+000	5.3791e-006	-8.7999e+013	-8.7663e+013	8.7663e+013	5.2500e-015
3.930e+000	5.3815e-006	-8.8335e+013	-8.7999e+013	8.7999e+013	5.2500e-015
3.940e+000	5.3840e-006	-8.8671e+013	-8.8335e+013	8.8335e+013	5.2500e-015
3.950e+000	5.3865e-006	-8.9007e+013	-8.8671e+013	8.8671e+013	5.2500e-015
3.960e+000	5.3889e-006	-8.9343e+013	-8.9007e+013	8.9007e+013	5.2500e-015
3.970e+000	5.3913e-006	-8.9680e+013	-8.9343e+013	8.9343e+013	5.2500e-015
3.980e+000	5.3937e-006	-9.0017e+013	-8.9680e+013	8.9680e+013	5.2500e-015
3.990e+000	5.3961e-006	-9.0353e+013	-9.0017e+013	9.0017e+013	5.2500e-015
4.000e+000	5.3985e-006	-9.0690e+013	-9.0353e+013	9.0353e+013	5.2500e-015
4.010e+000	5.4009e-006	-9.1027e+013	-9.0690e+013	9.0690e+013	5.2500e-015
4.020e+000	5.4033e-006	-9.1365e+013	-9.1027e+013	9.1027e+013	5.2500e-015
4.030e+000	5.4057e-006	-9.1702e+013	-9.1365e+013	9.1365e+013	5.2500e-015
4.040e+000	5.4080e-006	-9.2040e+013	-9.1702e+013	9.1702e+013	5.2500e-015
4.050e+000	5.4104e-006	-9.2377e+013	-9.2040e+013	9.2040e+013	5.2500e-015
4.060e+000	5.4127e-006	-9.2715e+013	-9.2377e+013	9.2377e+013	5.2500e-015
4.070e+000	5.4151e-006	-9.3053e+013	-9.2715e+013	9.2715e+013	5.2500e-015
4.080e+000	5.4174e-006	-9.3391e+013	-9.3053e+013	9.3053e+013	5.2500e-015
4.090e+000	5.4197e-006	-9.3729e+013	-9.3391e+013	9.3391e+013	5.2500e-015
4.100e+000	5.4219e-006	-9.4068e+013	-9.3729e+013	9.3729e+013	5.2500e-015
4.110e+000	5.4241e-006	-9.4406e+013	-9.4068e+013	9.4068e+013	5.2500e-015
4.120e+000	5.4264e-006	-9.4745e+013	-9.4406e+013	9.4406e+013	5.2500e-015
4.130e+000	5.4286e-006	-9.5084e+013	-9.4745e+013	9.4745e+013	5.2500e-015
4.140e+000	5.4309e-006	-9.5423e+013	-9.5084e+013	9.5084e+013	5.2500e-015
4.150e+000	5.4332e-006	-9.5762e+013	-9.5423e+013	9.5423e+013	5.2500e-015
4.160e+000	5.4354e-006	-9.6101e+013	-9.5762e+013	9.5762e+013	5.2500e-015
4.170e+000	5.4376e-006	-9.6441e+013	-9.6101e+013	9.6101e+013	5.2500e-015
4.180e+000	5.4399e-006	-9.6780e+013	-9.6441e+013	9.6441e+013	5.2500e-015
4.190e+000	5.4421e-006	-9.7120e+013	-9.6780e+013	9.6780e+013	5.2500e-015
4.200e+000	5.4443e-006	-9.7460e+013	-9.7120e+013	9.7120e+013	5.2500e-015
4.210e+000	5.4465e-006	-9.7800e+013	-9.7460e+013	9.7460e+013	5.2500e-015
4.220e+000	5.4487e-006	-9.8140e+013	-9.7800e+013	9.7800e+013	5.2500e-015
4.230e+000	5.4509e-006	-9.8480e+013	-9.8140e+013	9.8140e+013	5.2500e-015
4.240e+000	5.4531e-006	-9.8820e+013	-9.8480e+013	9.8480e+013	5.2500e-015
4.250e+000	5.4552e-006	-9.9161e+013	-9.8820e+013	9.8820e+013	5.2500e-015
4.260e+000	5.4574e-006	-9.9501e+013	-9.9161e+013	9.9161e+013	5.2500e-015
4.270e+000	5.4595e-006	-9.9842e+013	-9.9501e+013	9.9501e+013	5.2500e-015
4.280e+000	5.4617e-006	-1.0018e+014	-9.9842e+013	9.9842e+013	5.2500e-015
4.290e+000	5.4638e-006	-1.0052e+014	-1.0018e+014	1.0018e+014	5.2500e-015
4.300e+000	5.4659e-006	-1.0087e+014	-1.0052e+014	1.0052e+014	5.2500e-015
4.310e+000	5.4681e-006	-1.0121e+014	-1.0087e+014	1.0087e+014	5.2500e-015
4.320e+000	5.4702e-006	-1.0155e+014	-1.0121e+014	1.0121e+014	5.2500e-015
4.330e+000	5.4723e-006	-1.0189e+014	-1.0155e+014	1.0155e+014	5.2500e-015
4.340e+000	5.4744e-006	-1.0223e+014	-1.0189e+014	1.0189e+014	5.2500e-015
4.350e+000	5.4765e-006	-1.0257e+014	-1.0223e+014	1.0223e+014	5.2500e-015
4.360e+000	5.4785e-006	-1.0291e+014	-1.0257e+014	1.0257e+014	5.2500e-015
4.370e+000	5.4806e-006	-1.0326e+014	-1.0291e+014	1.0291e+014	5.2500e-015
4.380e+000	5.4827e-006	-1.0360e+014	-1.0326e+014	1.0326e+014	5.2500e-015
4.390e+000	5.4847e-006	-1.0394e+014	-1.0360e+014	1.0360e+014	5.2500e-015
4.400e+000	5.4868e-006	-1.0428e+014	-1.0394e+014	1.0394e+014	5.2500e-015
4.410e+000	5.4888e-006	-1.0463e+014	-1.0428e+014	1.0428e+014	5.2500e-015
4.420e+000	5.4909e-006	-1.0497e+014	-1.0463e+014	1.0463e+014	5.2500e-015
4.430e+000	5.4929e-006	-1.0531e+014	-1.0497e+014	1.0497e+014	5.2500e-015
4.440e+000	5.4949e-006	-1.0566e+014	-1.0531e+014	1.0531e+014	5.2500e-015
4.450e+000	5.4969e-006	-1.0600e+014	-1.0566e+014	1.0566e+014	5.2500e-015
4.460e+000	5.4989e-006	-1.0634e+014	-1.0600e+014	1.0600e+014	5.2500e-015
4.470e+000	5.5009e-006	-1.0668e+014	-1.0634e+014	1.0634e+014	5.2500e-015
4.480e+000	5.5029e-006	-1.0703e+014	-1.0668e+014	1.0668e+014	5.2500e-015
4.490e+000	5.5049e-006	-1.0737e+014	-1.0703e+014	1.0703e+014	5.2500e-015
4.500e+000	5.5069e-006	-1.0772e+014	-1.0737e+014	1.0737e+014	5.2500e-015
4.510e+000	5.5088e-006	-1.0806e+014	-1.0772e+014	1.0772e+014	5.2500e-015
4.520e+000	5.5108e-006	-1.0840e+014	-1.0806e+014	1.0806e+014	5.2500e-015
4.530e+000	5.5128e-006	-1.0875e+014	-1.0840e+014	1.0840e+014	5.2500e-015
4.540e+000	5.5147e-006	-1.0909e+014	-1.0875e+014	1.0875e+014	5.2500e-015
4.550e+000	5.5167e-006	-1.0944e+014	-1.0909e+014	1.0909e+014	5.2500e-015
4.560e+000	5.5186e-006	-1.0978e+014	-1.0944e+014	1.0944e+014	5.2500e-015
4.570e+000	5.5205e-006	-1.1012e+014	-1.0978e+014	1.0978e+014	5.2500e-015
4.580e+000	5.5224e-006	-1.1047e+014	-1.1012e+014	1.1012e+014	5.2500e-015
4.590e+000	5.5244e-006	-1.1081e+014	-1.1047e+014	1.1047e+014	5.2500e-015
4.600e+000	5.5263e-006	-1.1116e+014	-1.1081e+014	1.1081e+014	5.2500e-015
4.610e+000	5.5282e-006	-1.1150e+014	-1.1116e+014	1.1116e+014	5.2500e-015
4.620e+000	5.5301e-006	-1.1185e+014	-1.1150e+014	1.1150e+014	5.2500e-015
4.630e+000	5.5320e-006	-1.1219e+014	-1.1185e+014	1.1185e+014	5.2500e-015
4.640e+000	5.5338e-006	-1.1254e+014	-1.1219e+014	1.1219e+014	5.2500e-015
4.650e+000	5.5357e-006	-1.1289e+014	-1.1254e+014	1.1254e+014	5.2500e-015
4.660e+000	5.5376e-006	-1.1323e+014	-1.1289e+014	1.1289e+014	5.2500e-015
4.670e+000	5.5394e-006	-1.1358e+014	-1.1323e+014	1.1323e+014	5.2500e-015
4.680e+000	5.5413e-006	-1.1392e+014	-1.1358e+014	1.1358e+014	5.2500e-015
4.690e+000	5.5432e-006	-1.1427e+014	-1.1392e+014	1.1392e+014	5.2500e-015
4.700e+000	5.5450e-006	-1.1461e+014	-1.1427e+014	1.1427e+014	5.2500e-015
4.710e+000	5.5468e-006	-1.1496e+014	-1.1461e+014	1.1461e+014	5.2500e-015
4.720e+000	5.5487e-006	-1.1531e+014	-1.1496e+014	1.1496e+014	5.2500e-015
4.730e+000	5.5505e-006	-1.1565e+014	-1.1531e+014	1.1531e+014	5.2500e-015
4.740e+000	5.5523e-006	-1.1600e+014	-1.1565e+014	1.1565e+014	5.2500e-015
4.750e+000	5.5541e-006	-1.1635e+014	-1.1600e+014	1.1600e+014	5.2500e-015
4.760e+000	5.5560e-006	-1.1669e+014	-1.1635e+014	1.1635e+014	5.2500e-015
4.770e+000	5.5578e-006	-1.1704e+014	-1.1669e+014	1.1669e+014	5.2500e-015
4.780e+000	5.5596e-006	-1.1739e+014	-1.1704e+014	1.1704e+014	5.2500e-015
4.790e+000	5.5613e-006	-1.1773e+014	-1.1739e+014	1.1739e+014	5.2500e-015
4.800e+000	5.5631e-006	-1.1808e+014	-1.1773e+014	1.1773e+014	5.2500e-015
4.810e+000	5.5649e-006	-1.1843e+014	-1.1808e+014	1.1808e+014	5.2500e-015
4.820e+000	5.5667e-006	-1.1878e+014	-1.1843e+014	1.1843e+014	5.2500e-015
4.830e+000	5.5685e-006	-1.1912e+014	-1.1878e+014	1.1878e+014	5.2500e-015
4.840e+000	5.5702e-006	-1.1947e+014	-1.1912e+014	1.1912e+014	5.2500e-015
4.850e+000	5.5720e-006	-1.1982e+014	-1.1947e+014	1.1947e+014	5.2500e-015
4.860e+000	5.5737e-006	-1.2017e+014	-1.1982e+014	1.1982e+014	5.2500e-015
4.870e+000	5.5755e-006	-1.2052e+014	-1.2017e+014	1.2017e+014	5.2500e-015
4.880e+000	5.5772e-006	-1.2086e+014	-1.2052e+014	1.2052e+014	5.2500e-015
4.890e+000	5.5789e-006	-1.2121e+014	-1.2086e+014	1.2086e+014	5.2500e-015
4.900e+000	5.5807e-006	-1.2156e+014	-1.2121e+014	1.2121e+014	5.2500e-015
4.910e+000	5.5824e-006	-1.2191e+014	-1.2156e+014	1.2156e+014	5.2500e-015
4.920e+000	5.5841e-006	-1.2226e+014	-1.2191e+014	1.2191e+014	5.2500e-015
4.930e+000	5.5858e-006	-1.2261e+014	-1.2226e+014	1.2226e+014	5.2500e-015
4.940e+000	5.5875e-006	-1.2295e+014	-1.2261e+014	1.2261e+014	5.2500e-015
4.950e+000	5.5892e-006	-1.2330e+014	-1.2295e+014	1.2295e+014	5.2500e-015
4.960e+000	5.5909e-006	-1.2365e+014	-1.2330e+014	1.2330e+014	5.2500e-015
4.970e+000	5.5926e-006	-1.2400e+014	-1.2365e+014	1.2365e+014	5.2500e-015
4.980e+000	5.5943e-006	-1.2435e+014	-1.2400e+014	1.2400e+014	5.2500e-015
4.990e+000	5.5960e-006	-1.2470e+014	-1.2435e+014	1.2435e+014	5.2500e-015
5.000e+000	5.5977e-006	-1.2505e+014	-1.2470e+014	1.2470e+014	5.2500e-015
5.010e+000	5.5994e-006	-1.2540e+014	-1.2505e+014	1.2505e+014	5.2500e-015
5.020e+000	5.6010e-006	-1.2575e+014	-1.2540e+014	1.2540e+014	5.2500e-015
5.030e+000	5.6027e-006	-1.2610e+014	-1.2575e+014	1.2575e+014	5.2500e-015
5.040e+000	5.6043e-006	-1.2645e+014	-1.2610e+014	1.2610e+014	5.2500e-015
5.050e+000	5.6060e-006	-1.2680e+014	-1.2645e+014	1.2645e+014	5.2500e-015
5.060e+000	5.6076e-006	-1.2715e+014	-1.2680e+014	1.2680e+014	5.2500e-015
5.070e+000	5.6093e-006	-1.2750e+014	-1.2715e+014	1.2715e+014	5.2500e-015
5.080e+000	5.6109e-006	-1.2785e+014	-1.2750e+014	1.2750e+014	5.2500e-015
5.090e+000	5.6125e-006	-1.2820e+014	-1.2785e+014	1.2785e+014	5.2500e-015
5.100e+000	5.6142e-006	-1.2855e+014	-1.2820e+014	1.2820e+014	5.2500e-015
5.110e+000	5.6158e-006	-1.2890e+014	-1.2855e+014	1.2855e+014	5.2500e-015
5.120e+000	5.6174e-006	-1.2925e+014	-1.2890e+014	1.2890e+014	5.2500e-015
5.130e+000	5.6190e-006	-1.2960e+014	-1.2925e+014	1.2925e+014	5.2500e-015
5.140e+000	5.6206e-006	-1.2995e+014	-1.2960e+014	1.2960e+014	5.2500e-015
5.150e+000	5.6222e-006	-1.3030e+014	-1.2995e+014	1.2995e+014	5.2500e-015
5.160e+000	5.6238e-006	-1.3065e+014	-1.3030e+014	1.3030e+014	5.2500e-015
5.170e+000	5.6254e-006	-1.3100e+014	-1.3065e+014	1.3065e+014	5.2500e-015
5.180e+000	5.6270e-006	-1.3136e+014	-1.3100e+014	1.3100e+014	5.2500e-015
5.190e+000	5.6286e-006	-1.3171e+014	-1.3136e+014	1.3136e+014	5.2500e-015
5.200e+000	5.6302e-006	-1.3206e+014	-1.3171e+014	1.3171e+014	5.2500e-015
5.210e+000	5.6318e-006	-1.3241e+014	-1.3206e+014	1.3206e+014	5.2500e-015
5.220e+000	5.6333e-006	-1.3276e+014	-1.3241e+014	1.3241e+014	5.2500e-015
5.230e+000	5.6349e-006	-1.3311e+014	-1.3276e+014	1.3276e+014	5.2500e-015
5.240e+000	5.6365e-006	-1.3347e+014	-1.3311e+014	1.3311e+014	5.2500e-015
5.250e+000	5.6380e-006	-1.3382e+014	-1.3347e+014	1.3347e+014	5.2500e-015
5.260e+000	5.6396e-006	-1.3417e+014	-1.3382e+014	1.3382e+014	5.2500e-015
5.270e+000	5.6411e-006	-1.3452e+014	-1.3417e+014	1.3417e+014	5.2500e-015
5.280e+000	5.6427e-006	-1.3487e+014	-1.3452e+014	1.3452e+014	5.2500e-015
5.290e+000	5.6442e-006	-1.3523e+014	-1.3487e+014	1.3487e+014	5.2500e-015
5.300e+000	5.6457e-006	-1.3558e+014	-1.3523e+014	1.3523e+014	5.2500e-015
5.310e+000	5.6473e-006	-1.3593e+014	-1.3558e+014	1.3558e+014	5.2500e-015
5.320e+000	5.6488e-006	-1.3628e+014	-1.3593e+014	1.3593e+014	5.2500e-015
5.330e+000	5.6503e-006	-1.3664e+014	-1.3628e+014	1.3628e+014	5.2500e-015
5.340e+000	5.6518e-006	-1.3699e+014	-1.3664e+014	1.3664e+014	5.2500e-015
5.350e+000	5.6533e-006	-1.3734e+014	-1.3699e+014	1.3699e+014	5.2500e-015
5.360e+000	5.6549e-006	-1.3769e+014	-1.3734e+014	1.3734e+014	5.2500e-015
5.370e+000	5.6564e-006	-1.3805e+014	-1.3769e+014	1.3769e+014	5.2500e-015
5.380e+000	5.6579e-006	-1.3840e+014	-1.3805e+014	1.3805e+014	5.2500e-015
5.390e+000	5.6594e-006	-1.3875e+014	-1.3840e+014	1.3840e+014	5.2500e-015
5.400e+000	5.6608e-006	-1.3911e+014	-1.3875e+014	1.3875e+014	5.2500e-015
5.410e+000	5.6623e-006	-1.3946e+014	-1.3911e+014	1.3911e+014	5.2500e-015
5.420e+000	5.6638e-006	-1.3981e+014	-1.3946e+014	1.3946e+014	5.2500e-015
5.430e+000	5.6653e-006	-1.4017e+014	-1.3981e+014	1.3981e+014	5.2500e-015
5.440e+000	5.6668e-006	-1.4052e+014	-1.4017e+014	1.4017e+014	5.2500e-015
5.450e+000	5.6683e-006	-1.4087e+014	-1.4052e+014	1.4052e+014	5.2500e-015
5.460e+000	5.6697e-006	-1.4123e+014	-1.4087e+014	1.4087e+014	5.2500e-015
5.470e+000	5.6712e-006	-1.4158e+014	-1.4123e+014	1.4123e+014	5.2500e-015
5.480e+000	5.6726e-006	-1.4194e+014	-1.4158e+014	1.4158e+014	5.2500e-015
5.490e+000	5.6741e-006	-1.4229e+014	-1.4194e+014	1.4194e+014	5.2500e-015
5.500e+000	5.6756e-006	-1.4265e+014	-1.4229e+014	1.4229e+014	5.2500e-015
5.510e+000	5.6770e-006	-1.4300e+014	-1.4265e+014	1.4265e+014	5.2500e-015
5.520e+000	5.6784e-006	-1.4335e+014	-1.4300e+014	1.4300e+014	5.2500e-015
5.530e+000	5.6799e-006	-1.4371e+014	-1.4335e+014	1.4335e+014	5.2500e-015
5.540e+000	5.6813e-006	-1.4406e+014	-1.4371e+014	1.4371e+014	5.2500e-015
5.550e+000	5.6828e-006	-1.4442e+014	-1.4406e+014	1.4406e+014	5.2500e-015
5.560e+000	5.6842e-006	-1.4477e+014	-1.4442e+014	1.4442e+014	5.2500e-015
5.570e+000	5.6856e-006	-1.4513e+014	-1.4477e+014	1.4477e+014	5.2500e-015
5.580e+000	5.6870e-006	-1.4548e+014	-1.4513e+014	1.4513e+014	5.2500e-015
5.590e+000	5.6884e-006	-1.4584e+014	-1.4548e+014	1.4548e+014	5.2500e-015
5.600e+000	5.6899e-006	-1.4619e+014	-1.4584e+014	1.4584e+014	5.2500e-015
5.610e+000	5.6913e-006	-1.4655e+014	-1.4619e+014	1.4619e+014	5.2500e-015
5.620e+000	5.6927e-006	-1.4690e+014	-1.4655e+014	1.4655e+014	5.2500e-015
5.630e+000	5.6941e-006	-1.4726e+014	-1.4690e+014	1.4690e+014	5.2500e-015
5.640e+000	5.6955e-006	-1.4761e+014	-1.4726e+014	1.4726e+014	5.2500e-015
5.650e+000	5.6969e-006	-1.4797e+014	-1.4761e+014	1.4761e+014	5.2500e-015
5.660e+000	5.6983e-006	-1.4833e+014	-1.4797e+014	1.4797e+014	5.2500e-015
5.670e+000	5.6997e-006	-1.4868e+014	-1.4833e+014	1.4833e+014	5.2500e-015
5.680e+000	5.7010e-006	-1.4904e+014	-1.4868e+014	1.4868e+014	5.2500e-015
5.690e+000	5.7024e-006	-1.4939e+014	-1.4904e+014	1.4904e+014	5.2500e-015
5.700e+000	5.7038e-006	-1.4975e+014	-1.4939e+014	1.4939e+014	5.2500e-015
5.710e+000	5.7052e-006	-1.5010e+014	-1.4975e+014	1.4975e+014	5.2500e-015
5.720e+000	5.7065e-006	-1.5046e+014	-1.5010e+014	1.5010e+014	5.2500e-015
5.730e+000	5.7079e-006	-1.5082e+014	-1.5046e+014	1.5046e+014	5.2500e-015
5.740e+000	5.7093e-006	-1.5117e+014	-1.5082e+014	1.5082e+014	5.2500e-015
5.750e+000	5.7106e-006	-1.5153e+014	-1.5117e+014	1.5117e+014	5.2500e-015
5.760e+000	5.7120e-006	-1.5189e+014	-1.5153e+014	1.5153e+014	5.2500e-015
5.770e+000	5.7133e-006	-1.5224e+014	-1.5189e+014	1.5189e+014	5.2500e-015
5.780e+000	5.7147e-006	-1.5260e+014	-1.5224e+014	1.5224e+014	5.2500e-015
5.790e+000	5.7160e-006	-1.5296e+014	-1.5260e+014	1.5260e+014	5.2500e-015
5.800e+000	5.7174e-006	-1.5331e+014	-1.5296e+014	1.5296e+014	5.2500e-015
5.810e+000	5.7187e-006	-1.5367e+014	-1.5331e+014	1.5331e+014	5.2500e-015
5.820e+000	5.7201e-006	-1.5403e+014	-1.5367e+014	1.5367e+014	5.2500e-015
5.830e+000	5.7214e-006	-1.5438e+014	-1.5403e+014	1.5403e+014	5.2500e-015
5.840e+000	5.7227e-006	-1.5474e+014	-1.5438e+014	1.5438e+014	5.2500e-015
5.850e+000	5.7241e-006	-1.5510e+014	-1.5474e+014	1.5474e+014	5.2500e-015
5.860e+000	5.7254e-006	-1.5546e+014	-1.5510e+014	1.5510e+014	5.2500e-015
5.870e+000	5.7267e-006	-1.5581e+014	-1.5546e+014	1.5546e+014	5.2500e-015
5.880e+000	5.7280e-006	-1.5617e+014	-1.5581e+014	1.5581e+014	5.2500e-015
5.890e+000	5.7293e-006	-1.5653e+014	-1.5617e+014	1.5617e+014	5.2500e-015
5.900e+000	5.7306e-006	-1.5689e+014	-1.5653e+014	1.5653e+014	5.2500e-015
5.910e+000	5.7319e-006	-1.5724e+014	-1.5689e+014	1.5689e+014	5.2500e-015
5.920e+000	5.7332e-006	-1.5760e+014	-1.5724e+014	1.5724e+014	5.2500e-015
5.930e+000	5.7345e-006	-1.5796e+014	-1.5760e+014	1.5760e+014	5.2500e-015
5.940e+000	5.7358e-006	-1.5832e+014	-1.5796e+014	1.5796e+014	5.2500e-015
5.950e+000	5.7371e-006	-1.5868e+014	-1.5832e+014	1.5832e+014	5.2500e-015
5.960e+000	5.7384e-006	-1.5903e+014	-1.5868e+014	1.5868e+014	5.2500e-015
5.970e+000	5.7397e-006	-1.5939e+014	-1.5903e+014	1.5903e+014	5.2500e-015
5.980e+000	5.7410e-006	-1.5975e+014	-1.5939e+014	1.5939e+014	5.2500e-015
5.990e+000	5.7423e-006	-1.6011e+014	-1.5975e+014	1.5975e+014	5.2500e-015
6.000e+000	5.7436e-006	-1.6047e+014	-1.6011e+014	1.6011e+014	5.2500e-015
6.010e+000	5.7448e-006	-1.6083e+014	-1.6047e+014	1.6047e+014	5.2500e-015
6.020e+000	5.7461e-006	-1.6118e+014	-1.6083e+014	1.6083e+014	5.2500e-015
6.030e+000	5.7474e-006	-1.6154e+014	-1.6118e+014	1.6118e+014	5.2500e-015
6.040e+000	5.7486e-006	-1.6190e+014	-1.6154e+014	1.6154e+014	5.2500e-015
6.050e+000	5.7499e-006	-1.6226e+014	-1.6190e+014	1.6190e+014	5.2500e-015
6.060e+000	5.7512e-006	-1.6262e+014	-1.6226e+014	1.6226e+014	5.2500e-015
6.070e+000	5.7524e-006	-1.6298e+014	-1.6262e+014	1.6262e+014	5.2500e-015
6.080e+000	5.7537e-006	-1.6334e+014	-1.6298e+014	1.6298e+014	5.2500e-015
6.090e+000	5.7549e-006	-1.6370e+014	-1.6334e+014	1.6334e+014	5.2500e-015
6.100e+000	5.7562e-006	-1.6406e+014	-1.6370e+014	1.6370e+014	5.2500e-015
6.110e+000	5.7574e-006	-1.6442e+014	-1.6406e+014	1.6406e+014	5.2500e-015
6.120e+000	5.7587e-006	-1.6478e+014	-1.6442e+014	1.6442e+014	5.2500e-015
6.130e+000	5.7599e-006	-1.6514e+014	-1.6478e+014	1.6478e+014	5.2500e-015
6.140e+000	5.7611e-006	-1.6549e+014	-1.6514e+014	1.6514e+014	5.2500e-015
6.150e+000	5.7624e-006	-1.6585e+014	-1.6549e+014	1.6549e+014	5.2500e-015
6.160e+000	5.7636e-006	-1.6621e+014	-1.6585e+014	1.6585e+014	5.2500e-015
6.170e+000	5.7648e-006	-1.6657e+014	-1.6621e+014	1.6621e+014	5.2500e-015
6.180e+000	5.7661e-006	-1.6693e+014	-1.6657e+014	1.6657e+014	5.2500e-015
6.190e+000	5.7673e-006	-1.6729e+014	-1.6693e+014	1.6693e+014	5.2500e-015
6.200e+000	5.7685e-006	-1.6765e+014	-1.6729e+014	1.6729e+014	5.2500e-015
6.210e+000	5.7697e-006	-1.6801e+014	-1.6765e+014	1.6765e+014	5.2500e-015
6.220e+000	5.7709e-006	-1.6837e+014	-1.6801e+014	1.6801e+014	5.2500e-015
6.230e+000	5.7721e-006	-1.6873e+014	-1.6837e+014	1.6837e+014	5.2500e-015
6.240e+000	5.7733e-006	-1.6909e+014	-1.6873e+014	1.6873e+014	5.2500e-015
6.250e+000	5.7745e-006	-1.6946e+014	-1.6909e+014	1.6909e+014	5.2500e-015
6.260e+000	5.7758e-006	-1.6982e+014	-1.6946e+014	1.6946e+014	5.2500e-015
6.270e+000	5.7770e-006	-1.7018e+014	-1.6982e+014	1.6982e+014	5.2500e-015
6.280e+000	5.7781e-006	-1.7054e+014	-1.7018e+014	1.7018e+014	5.2500e-015
6.290e+000	5.7793e-006	-1.7090e+014	-1.7054e+014	1.7054e+014	5.2500e-015
6.300e+000	5.7805e-006	-1.7126e+014	-1.7090e+014	1.7090e+014	5.2500e-015
6.310e+000	5.7817e-006	-1.7162e+014	-1.7126e+014	1.7126e+014	5.2500e-015
6.320e+000	5.7829e-006	-1.7198e+014	-1.7162e+014	1.7162e+014	5.2500e-015
6.330e+000	5.7841e-006	-1.7234e+014	-1.7198e+014	1.7198e+014	5.2500e-015
6.340e+000	5.7853e-006	-1.7270e+014	-1.7234e+014	1.7234e+014	5.2500e-015
6.350e+000	5.7865e-006	-1.7306e+014	-1.7270e+014	1.7270e+014	5.2500e-015
6.360e+000	5.7876e-006	-1.7342e+014	-1.7306e+014	1.7306e+014	5.2500e-015
6.370e+000	5.7888e-006	-1.7379e+014	-1.7342e+014	1.7342e+014	5.2500e-015
6.380e+000	5.7900e-006	-1.7415e+014	-1.7379e+014	1.7379e+014	5.2500e-015
6.390e+000	5.7911e-006	-1.7451e+014	-1.7415e+014	1.7415e+014	5.2500e-015
6.400e+000	5.7923e-006	-1.7487e+014	-1.7451e+014	1.7451e+014	5.2500e-015
6.410e+000	5.7935e-006	-1.7523e+014	-1.7487e+014	1.7487e+014	5.2500e-015
6.420e+000	5.7946e-006	-1.7559e+014	-1.7523e+014	1.7523e+014	5.2500e-015
6.430e+000	5.7958e-006	-1.7596e+014	-1.7559e+014	1.7559e+014	5.2500e-015
6.440e+000	5.7969e-006	-1.7632e+014	-1.7596e+014	1.7596e+014	5.2500e-015
6.450e+000	5.7981e-006	-1.7668e+014	-1.7632e+014	1.7632e+014	5.2500e-015
6.460e+000	5.7992e-006	-1.7704e+014	-1.7668e+014	1.7668e+014	5.2500e-015
6.470e+000	5.8004e-006	-1.7740e+014	-1.7704e+014	1.7704e+014	5.2500e-015
6.480e+000	5.8015e-006	-1.7777e+014	-1.7740e+014	1.7740e+014	5.2500e-015
6.490e+000	5.8027e-006	-1.7813e+014	-1.7777e+014	1.7777e+014	5.2500e-015
6.500e+000	5.8038e-006	-1.7849e+014	-1.7813e+014	1.7813e+014	5.2500e-015
6.510e+000	5.8049e-006	-1.7885e+014	-1.7849e+014	1.7849e+014	5.2500e-015
6.520e+000	5.8061e-006	-1.7921e+014	-1.7885e+014	1.7885e+014	5.2500e-015
6.530e+000	5.8072e-006	-1.7958e+014	-1.7921e+014	1.7921e+014	5.2500e-015
6.540e+000	5.8083e-006	-1.7994e+014	-1.7958e+014	1.7958e+014	5.2500e-015
6.550e+000	5.8095e-006	-1.8030e+014	-1.7994e+014	1.7994e+014	5.2500e-015
6.560e+000	5.8106e-006	-1.8066e+014	-1.8030e+014	1.8030e+014	5.2500e-015
6.570e+000	5.8117e-006	-1.8103e+014	-1.8066e+014	1.8066e+014	5.2500e-015
6.580e+000	5.8128e-006	-1.8139e+014	-1.8103e+014	1.8103e+014	5.2500e-015
6.590e+000	5.8140e-006	-1.8175e+014	-1.8139e+014	1.8139e+014	5.2500e-015
6.600e+000	5.8151e-006	-1.8212e+014	-1.8175e+014	1.8175e+014	5.2500e-015
6.610e+000	5.8162e-006	-1.8248e+014	-1.8212e+014	1.8212e+014	5.2500e-015
6.620e+000	5.8173e-006	-1.8284e+014	-1.8248e+014	1.8248e+014	5.2500e-015
6.630e+000	5.8184e-006	-1.8321e+014	-1.8284e+014	1.8284e+014	5.2500e-015
6.640e+000	5.8195e-006	-1.8357e+014	-1.8321e+014	1.8321e+014	5.2500e-015
6.650e+000	5.8206e-006	-1.8393e+014	-1.8357e+014	1.8357e+014	5.2500e-015
6.660e+000	5.8217e-006	-1.8430e+014	-1.8393e+014	1.8393e+014	5.2500e-015
6.670e+000	5.8228e-006	-1.8466e+014	-1.8430e+014	1.8430e+014	5.2500e-015
6.680e+000	5.8239e-006	-1.8502e+014	-1.8466e+014	1.8466e+014	5.2500e-015
6.690e+000	5.8250e-006	-1.8539e+014	-1.8502e+014	1.8502e+014	5.2500e-015
6.700e+000	5.8261e-006	-1.8575e+014	-1.8539e+014	1.8539e+014	5.2500e-015
6.710e+000	5.8272e-006	-1.8611e+014	-1.8575e+014	1.8575e+014	5.2500e-015
6.720e+000	5.8283e-006	-1.8648e+014	-1.8611e+014	1.8611e+014	5.2500e-015
6.730e+000	5.8294e-006	-1.8684e+014	-1.8648e+014	1.8648e+014	5.2500e-015
6.740e+000	5.8304e-006	-1.8720e+014	-1.8684e+014	1.8684e+014	5.2500e-015
6.750e+000	5.8315e-006	-1.8757e+014	-1.8720e+014	1.8720e+014	5.2500e-015
6.760e+000	5.8326e-006	-1.8793e+014	-1.8757e+014	1.8757e+014	5.2500e-015
6.770e+000	5.8337e-006	-1.8830e+014	-1.8793e+014	1.8793e+014	5.2500e-015
6.780e+000	5.8347e-006	-1.8866e+014	-1.8830e+014	1.8830e+014	5.2500e-015
6.790e+000	5.8358e-006	-1.8902e+014	-1.8866e+014	1.8866e+014	5.2500e-015
6.800e+000	5.8369e-006	-1.8939e+014	-1.8902e+014	1.8902e+014	5.2500e-015
6.810e+000	5.8380e-006	-1.8975e+014	-1.8939e+014	1.8939e+014	5.2500e-015
6.820e+000	5.8390e-006	-1.9012e+014	-1.8975e+014	1.8975e+014	5.2500e-015
6.830e+000	5.8401e-006	-1.9048e+014	-1.9012e+014	1.9012e+014	5.2500e-015
6.840e+000	5.8411e-006	-1.9085e+014	-1.9048e+014	1.9048e+014	5.2500e-015
6.850e+000	5.8422e-006	-1.9121e+014	-1.9085e+014	1.9085e+014	5.2500e-015
6.860e+000	5.8433e-006	-1.9158e+014	-1.9121e+014	1.9121e+014	5.2500e-015
6.870e+000	5.8443e-006	-1.9194e+014	-1.9158e+014	1.9158e+014	5.2500e-015
6.880e+000	5.8454e-006	-1.9231e+014	-1.9194e+014	1.9194e+014	5.2500e-015
6.890e+000	5.8464e-006	-1.9267e+014	-1.9231e+014	1.9231e+014	5.2500e-015
6.900e+000	5.8475e-006	-1.9304e+014	-1.9267e+014	1.9267e+014	5.2500e-015
6.910e+000	5.8485e-006	-1.9340e+014	-1.9304e+014	1.9304e+014	5.2500e-015
6.920e+000	5.8495e-006	-1.9377e+014	-1.9340e+014	1.9340e+014	5.2500e-015
6.930e+000	5.8506e-006	-1.9413e+014	-1.9377e+014	1.9377e+014	5.2500e-015
6.940e+000	5.8516e-006	-1.9450e+014	-1.9413e+014	1.9413e+014	5.2500e-015
6.950e+000	5.8527e-006	-1.9486e+014	-1.9450e+014	1.9450e+014	5.2500e-015
6.960e+000	5.8537e-006	-1.9523e+014	-1.9486e+014	1.9486e+014	5.2500e-015
6.970e+000	5.8547e-006	-1.9559e+014	-1.9523e+014	1.9523e+014	5.2500e-015
6.980e+000	5.8558e-006	-1.9596e+014	-1.9559e+014	1.9559e+014	5.2500e-015
6.990e+000	5.8568e-006	-1.9632e+014	-1.9596e+014	1.9596e+014	5.2500e-015
7.000e+000	5.8578e-006	-1.9669e+014	-1.9632e+014	1.9632e+014	5.2500e-015
