V	C (Fcm-2)	Initcharge (cm-2)	Finalcharge (cm-2)	ns Total (cm-2)	ps Total (cm-2)
-7.000e+000	4.8034e-017	-9.3457e+000	-6.3477e+000	6.3476e+000	5.2500e-015
-6.990e+000	4.8034e-017	-9.3457e+000	-6.3477e+000	6.3476e+000	5.2500e-015
-6.980e+000	4.8034e-017	-9.3457e+000	-6.3477e+000	6.3476e+000	5.2500e-015
-6.970e+000	4.8034e-017	-9.3457e+000	-6.3477e+000	6.3476e+000	5.2500e-015
-6.960e+000	4.8034e-017	-9.3457e+000	-6.3477e+000	6.3476e+000	5.2500e-015
-6.950e+000	4.8034e-017	-9.3457e+000	-6.3477e+000	6.3476e+000	5.2500e-015
-6.940e+000	4.8034e-017	-9.3457e+000	-6.3477e+000	6.3476e+000	5.2500e-015
-6.930e+000	4.8034e-017	-9.3457e+000	-6.3477e+000	6.3476e+000	5.2500e-015
-6.920e+000	4.8034e-017	-9.3457e+000	-6.3477e+000	6.3476e+000	5.2500e-015
-6.910e+000	4.8034e-017	-9.3457e+000	-6.3477e+000	6.3476e+000	5.2500e-015
-6.900e+000	4.8034e-017	-9.3457e+000	-6.3477e+000	6.3476e+000	5.2500e-015
-6.890e+000	4.8034e-017	-9.3457e+000	-6.3477e+000	6.3476e+000	5.2500e-015
-6.880e+000	4.8034e-017	-9.3457e+000	-6.3477e+000	6.3476e+000	5.2500e-015
-6.870e+000	4.8034e-017	-9.3457e+000	-6.3477e+000	6.3476e+000	5.2500e-015
-6.860e+000	4.8034e-017	-9.3457e+000	-6.3477e+000	6.3476e+000	5.2500e-015
-6.850e+000	4.8034e-017	-9.3457e+000	-6.3477e+000	6.3476e+000	5.2500e-015
-6.840e+000	4.8034e-017	-9.3457e+000	-6.3477e+000	6.3476e+000	5.2500e-015
-6.830e+000	4.8034e-017	-9.3457e+000	-6.3477e+000	6.3476e+000	5.2500e-015
-6.820e+000	4.8034e-017	-9.3457e+000	-6.3477e+000	6.3476e+000	5.2500e-015
-6.810e+000	4.8034e-017	-9.3457e+000	-6.3477e+000	6.3476e+000	5.2500e-015
-6.800e+000	4.8034e-017	-9.3457e+000	-6.3477e+000	6.3476e+000	5.2500e-015
-6.790e+000	4.8034e-017	-9.3457e+000	-6.3477e+000	6.3476e+000	5.2500e-015
-6.780e+000	4.8034e-017	-9.3457e+000	-6.3477e+000	6.3476e+000	5.2500e-015
-6.770e+000	4.8034e-017	-9.3457e+000	-6.3477e+000	6.3476e+000	5.2500e-015
-6.760e+000	4.8034e-017	-9.3457e+000	-6.3477e+000	6.3476e+000	5.2500e-015
-6.750e+000	4.8034e-017	-9.3457e+000	-6.3477e+000	6.3476e+000	5.2500e-015
-6.740e+000	4.8034e-017	-9.3457e+000	-6.3477e+000	6.3476e+000	5.2500e-015
-6.730e+000	4.8034e-017	-9.3457e+000	-6.3477e+000	6.3476e+000	5.2500e-015
-6.720e+000	4.8034e-017	-9.3457e+000	-6.3477e+000	6.3476e+000	5.2500e-015
-6.710e+000	4.8034e-017	-9.3457e+000	-6.3477e+000	6.3476e+000	5.2500e-015
-6.700e+000	4.8034e-017	-9.3457e+000	-6.3477e+000	6.3476e+000	5.2500e-015
-6.690e+000	4.8034e-017	-9.3457e+000	-6.3477e+000	6.3476e+000	5.2500e-015
-6.680e+000	4.8034e-017	-9.3457e+000	-6.3477e+000	6.3476e+000	5.2500e-015
-6.670e+000	4.8034e-017	-9.3457e+000	-6.3477e+000	6.3476e+000	5.2500e-015
-6.660e+000	4.8034e-017	-9.3457e+000	-6.3477e+000	6.3476e+000	5.2500e-015
-6.650e+000	4.8034e-017	-9.3457e+000	-6.3477e+000	6.3476e+000	5.2500e-015
-6.640e+000	4.8034e-017	-9.3457e+000	-6.3477e+000	6.3476e+000	5.2500e-015
-6.630e+000	4.8034e-017	-9.3457e+000	-6.3477e+000	6.3476e+000	5.2500e-015
-6.620e+000	4.8034e-017	-9.3457e+000	-6.3477e+000	6.3476e+000	5.2500e-015
-6.610e+000	4.8034e-017	-9.3457e+000	-6.3477e+000	6.3476e+000	5.2500e-015
-6.600e+000	4.8034e-017	-9.3457e+000	-6.3477e+000	6.3476e+000	5.2500e-015
-6.590e+000	4.8034e-017	-9.3457e+000	-6.3477e+000	6.3476e+000	5.2500e-015
-6.580e+000	4.8034e-017	-9.3457e+000	-6.3477e+000	6.3476e+000	5.2500e-015
-6.570e+000	4.8034e-017	-9.3457e+000	-6.3477e+000	6.3476e+000	5.2500e-015
-6.560e+000	4.8034e-017	-9.3457e+000	-6.3477e+000	6.3476e+000	5.2500e-015
-6.550e+000	4.8034e-017	-9.3457e+000	-6.3477e+000	6.3476e+000	5.2500e-015
-6.540e+000	4.8034e-017	-9.3457e+000	-6.3477e+000	6.3476e+000	5.2500e-015
-6.530e+000	4.8034e-017	-9.3457e+000	-6.3477e+000	6.3476e+000	5.2500e-015
-6.520e+000	4.8034e-017	-9.3457e+000	-6.3477e+000	6.3476e+000	5.2500e-015
-6.510e+000	4.8034e-017	-9.3457e+000	-6.3477e+000	6.3476e+000	5.2500e-015
-6.500e+000	4.8034e-017	-9.3457e+000	-6.3477e+000	6.3476e+000	5.2500e-015
-6.490e+000	4.8034e-017	-9.3457e+000	-6.3477e+000	6.3476e+000	5.2500e-015
-6.480e+000	4.8034e-017	-9.3457e+000	-6.3477e+000	6.3476e+000	5.2500e-015
-6.470e+000	4.8034e-017	-9.3457e+000	-6.3477e+000	6.3476e+000	5.2500e-015
-6.460e+000	4.8034e-017	-9.3457e+000	-6.3477e+000	6.3476e+000	5.2500e-015
-6.450e+000	4.8034e-017	-9.3457e+000	-6.3477e+000	6.3476e+000	5.2500e-015
-6.440e+000	4.8034e-017	-9.3457e+000	-6.3477e+000	6.3476e+000	5.2500e-015
-6.430e+000	4.8034e-017	-9.3457e+000	-6.3477e+000	6.3476e+000	5.2500e-015
-6.420e+000	4.8034e-017	-9.3457e+000	-6.3477e+000	6.3476e+000	5.2500e-015
-6.410e+000	4.8034e-017	-9.3457e+000	-6.3477e+000	6.3476e+000	5.2500e-015
-6.400e+000	4.8034e-017	-9.3457e+000	-6.3477e+000	6.3476e+000	5.2500e-015
-6.390e+000	4.8034e-017	-9.3457e+000	-6.3477e+000	6.3476e+000	5.2500e-015
-6.380e+000	4.8034e-017	-9.3457e+000	-6.3477e+000	6.3476e+000	5.2500e-015
-6.370e+000	4.8034e-017	-9.3457e+000	-6.3477e+000	6.3476e+000	5.2500e-015
-6.360e+000	4.8034e-017	-9.3457e+000	-6.3477e+000	6.3476e+000	5.2500e-015
-6.350e+000	4.8034e-017	-9.3457e+000	-6.3477e+000	6.3476e+000	5.2500e-015
-6.340e+000	4.8034e-017	-9.3457e+000	-6.3477e+000	6.3476e+000	5.2500e-015
-6.330e+000	4.8034e-017	-9.3457e+000	-6.3477e+000	6.3476e+000	5.2500e-015
-6.320e+000	4.8034e-017	-9.3457e+000	-6.3477e+000	6.3476e+000	5.2500e-015
-6.310e+000	4.8034e-017	-9.3457e+000	-6.3477e+000	6.3476e+000	5.2500e-015
-6.300e+000	4.8034e-017	-9.3457e+000	-6.3477e+000	6.3476e+000	5.2500e-015
-6.290e+000	4.8034e-017	-9.3458e+000	-6.3477e+000	6.3476e+000	5.2500e-015
-6.280e+000	4.8035e-017	-9.3458e+000	-6.3477e+000	6.3476e+000	5.2500e-015
-6.270e+000	4.8035e-017	-9.3458e+000	-6.3477e+000	6.3477e+000	5.2500e-015
-6.260e+000	4.8035e-017	-9.3459e+000	-6.3478e+000	6.3477e+000	5.2500e-015
-6.250e+000	4.8036e-017	-9.3460e+000	-6.3479e+000	6.3478e+000	5.2500e-015
-6.240e+000	4.8036e-017	-9.3461e+000	-6.3480e+000	6.3479e+000	5.2500e-015
-6.230e+000	4.8037e-017	-9.3463e+000	-6.3481e+000	6.3480e+000	5.2500e-015
-6.220e+000	4.8039e-017	-9.3466e+000	-6.3483e+000	6.3482e+000	5.2500e-015
-6.210e+000	4.8041e-017	-9.3471e+000	-6.3486e+000	6.3485e+000	5.2500e-015
-6.200e+000	4.8045e-017	-9.3477e+000	-6.3490e+000	6.3490e+000	5.2500e-015
-6.190e+000	4.8050e-017	-9.3487e+000	-6.3497e+000	6.3496e+000	5.2500e-015
-6.180e+000	4.8057e-017	-9.3501e+000	-6.3507e+000	6.3506e+000	5.2500e-015
-6.170e+000	4.8068e-017	-9.3522e+000	-6.3521e+000	6.3520e+000	5.2500e-015
-6.160e+000	4.8083e-017	-9.3553e+000	-6.3542e+000	6.3541e+000	5.2500e-015
-6.150e+000	4.8107e-017	-9.3598e+000	-6.3572e+000	6.3572e+000	5.2500e-015
-6.140e+000	4.8141e-017	-9.3665e+000	-6.3618e+000	6.3617e+000	5.2500e-015
-6.130e+000	4.8191e-017	-9.3763e+000	-6.3684e+000	6.3684e+000	5.2500e-015
-6.120e+000	4.8266e-017	-9.3908e+000	-6.3783e+000	6.3782e+000	5.2500e-015
-6.110e+000	4.8375e-017	-9.4121e+000	-6.3927e+000	6.3927e+000	5.2500e-015
-6.100e+000	4.8536e-017	-9.4434e+000	-6.4140e+000	6.4139e+000	5.2500e-015
-6.090e+000	4.8773e-017	-9.4895e+000	-6.4454e+000	6.4453e+000	5.2500e-015
-6.080e+000	4.9123e-017	-9.5575e+000	-6.4915e+000	6.4914e+000	5.2500e-015
-6.070e+000	4.9637e-017	-9.6575e+000	-6.5594e+000	6.5594e+000	5.2500e-015
-6.060e+000	5.0440e-017	-9.8077e+000	-6.6594e+000	6.6594e+000	5.2500e-015
-6.050e+000	5.1508e-017	-1.0024e+001	-6.8096e+000	6.8066e+000	5.2500e-015
-6.040e+000	5.3148e-017	-1.0344e+001	-7.0264e+000	7.0234e+000	5.2500e-015
-6.030e+000	5.5579e-017	-1.0815e+001	-7.3456e+000	7.3426e+000	5.2500e-015
-6.020e+000	5.9167e-017	-1.1509e+001	-7.8166e+000	7.8126e+000	5.2500e-015
-6.010e+000	6.4402e-017	-1.2531e+001	-8.5114e+000	8.5045e+000	5.2500e-015
-6.000e+000	7.2142e-017	-1.4036e+001	-9.5330e+000	9.5231e+000	5.2500e-015
-5.990e+000	8.3475e-017	-1.6248e+001	-1.1038e+001	1.1023e+001	5.2500e-015
-5.980e+000	1.0029e-016	-1.9509e+001	-1.3250e+001	1.3231e+001	5.2500e-015
-5.970e+000	1.2496e-016	-2.4310e+001	-1.6511e+001	1.6482e+001	5.2500e-015
-5.960e+000	1.6128e-016	-3.1379e+001	-2.1312e+001	2.1268e+001	5.2500e-015
-5.950e+000	2.1478e-016	-4.1786e+001	-2.8381e+001	2.8315e+001	5.2500e-015
-5.940e+000	2.9347e-016	-5.7105e+001	-3.8788e+001	3.8690e+001	5.2500e-015
-5.930e+000	4.0946e-016	-7.9664e+001	-5.4107e+001	5.3966e+001	5.2500e-015
-5.920e+000	5.8011e-016	-1.1287e+002	-7.6666e+001	7.6455e+001	5.2500e-015
-5.910e+000	8.3144e-016	-1.6177e+002	-1.0988e+002	1.0957e+002	5.2500e-015
-5.900e+000	1.2014e-015	-2.3376e+002	-1.5877e+002	1.5831e+002	5.2500e-015
-5.890e+000	1.7462e-015	-3.3974e+002	-2.3076e+002	2.3009e+002	5.2500e-015
-5.880e+000	2.5481e-015	-4.9579e+002	-3.3675e+002	3.3576e+002	5.2500e-015
-5.870e+000	3.7288e-015	-7.2552e+002	-4.9279e+002	4.9133e+002	5.2500e-015
-5.860e+000	5.4673e-015	-1.0638e+003	-7.2252e+002	7.2038e+002	5.2500e-015
-5.850e+000	8.0267e-015	-1.5618e+003	-1.0608e+003	1.0576e+003	5.2500e-015
-5.840e+000	1.1795e-014	-2.2949e+003	-1.5588e+003	1.5541e+003	5.2500e-015
-5.830e+000	1.7343e-014	-3.3744e+003	-2.2919e+003	2.2851e+003	5.2500e-015
-5.820e+000	2.5511e-014	-4.9637e+003	-3.3714e+003	3.3613e+003	5.2500e-015
-5.810e+000	3.7537e-014	-7.3035e+003	-4.9607e+003	4.9458e+003	5.2500e-015
-5.800e+000	5.5242e-014	-1.0748e+004	-7.3005e+003	7.2787e+003	5.2500e-015
-5.790e+000	8.1310e-014	-1.5820e+004	-1.0745e+004	1.0713e+004	5.2500e-015
-5.780e+000	1.1969e-013	-2.3288e+004	-1.5817e+004	1.5770e+004	5.2500e-015
-5.770e+000	1.7619e-013	-3.4282e+004	-2.3285e+004	2.3215e+004	5.2500e-015
-5.760e+000	2.5938e-013	-5.0468e+004	-3.4279e+004	3.4176e+004	5.2500e-015
-5.750e+000	3.8186e-013	-7.4299e+004	-5.0465e+004	5.0314e+004	5.2500e-015
-5.740e+000	5.6218e-013	-1.0938e+005	-7.4296e+004	7.4074e+004	5.2500e-015
-5.730e+000	8.2766e-013	-1.6104e+005	-1.0938e+005	1.0905e+005	5.2500e-015
-5.720e+000	1.2185e-012	-2.3709e+005	-1.6104e+005	1.6055e+005	5.2500e-015
-5.710e+000	1.7939e-012	-3.4906e+005	-2.3709e+005	2.3638e+005	5.2500e-015
-5.700e+000	2.6411e-012	-5.1389e+005	-3.4905e+005	3.4801e+005	5.2500e-015
-5.690e+000	3.8881e-012	-7.5657e+005	-5.1389e+005	5.1235e+005	5.2500e-015
-5.680e+000	5.7239e-012	-1.1138e+006	-7.5657e+005	7.5430e+005	5.2500e-015
-5.670e+000	8.4262e-012	-1.6397e+006	-1.1138e+006	1.1105e+006	5.2500e-015
-5.660e+000	1.2404e-011	-2.4139e+006	-1.6397e+006	1.6348e+006	5.2500e-015
-5.650e+000	1.8257e-011	-3.5534e+006	-2.4139e+006	2.4067e+006	5.2500e-015
-5.640e+000	2.6868e-011	-5.2304e+006	-3.5534e+006	3.5427e+006	5.2500e-015
-5.630e+000	3.9534e-011	-7.6979e+006	-5.2303e+006	5.2147e+006	5.2500e-015
-5.620e+000	5.8156e-011	-1.1328e+007	-7.6979e+006	7.6748e+006	5.2500e-015
-5.610e+000	8.5513e-011	-1.6665e+007	-1.1328e+007	1.1294e+007	5.2500e-015
-5.600e+000	1.2566e-010	-2.4508e+007	-1.6665e+007	1.6615e+007	5.2500e-015
-5.590e+000	1.8451e-010	-3.6024e+007	-2.4508e+007	2.4435e+007	5.2500e-015
-5.580e+000	2.7056e-010	-5.2911e+007	-3.6024e+007	3.5917e+007	5.2500e-015
-5.570e+000	3.9602e-010	-7.7629e+007	-5.2911e+007	5.2754e+007	5.2500e-015
-5.560e+000	5.7811e-010	-1.1371e+008	-7.7629e+007	7.7398e+007	5.2500e-015
-5.550e+000	8.4070e-010	-1.6618e+008	-1.1371e+008	1.1337e+008	5.2500e-015
-5.540e+000	1.2160e-009	-2.4208e+008	-1.6618e+008	1.6569e+008	5.2500e-015
-5.530e+000	1.7457e-009	-3.5104e+008	-2.4208e+008	2.4137e+008	5.2500e-015
-5.520e+000	2.4809e-009	-5.0588e+008	-3.5104e+008	3.5001e+008	5.2500e-015
-5.510e+000	3.4790e-009	-7.2303e+008	-5.0588e+008	5.0441e+008	5.2500e-015
-5.500e+000	4.7978e-009	-1.0225e+009	-7.2303e+008	7.2095e+008	5.2500e-015
-5.490e+000	6.4857e-009	-1.4273e+009	-1.0225e+009	1.0196e+009	5.2500e-015
-5.480e+000	8.5727e-009	-1.9624e+009	-1.4273e+009	1.4234e+009	5.2500e-015
-5.470e+000	1.1068e-008	-2.6531e+009	-1.9624e+009	1.9571e+009	5.2500e-015
-5.460e+000	1.3963e-008	-3.5246e+009	-2.6531e+009	2.6463e+009	5.2500e-015
-5.450e+000	1.7248e-008	-4.6012e+009	-3.5246e+009	3.5160e+009	5.2500e-015
-5.440e+000	2.0920e-008	-5.9069e+009	-4.6012e+009	4.5905e+009	5.2500e-015
-5.430e+000	2.4993e-008	-7.4668e+009	-5.9069e+009	5.8941e+009	5.2500e-015
-5.420e+000	2.9498e-008	-9.3079e+009	-7.4668e+009	7.4518e+009	5.2500e-015
-5.410e+000	3.4473e-008	-1.1460e+010	-9.3079e+009	9.2907e+009	5.2500e-015
-5.400e+000	3.9959e-008	-1.3954e+010	-1.1460e+010	1.1440e+010	5.2500e-015
-5.390e+000	4.5986e-008	-1.6824e+010	-1.3954e+010	1.3932e+010	5.2500e-015
-5.380e+000	5.2570e-008	-2.0105e+010	-1.6824e+010	1.6800e+010	5.2500e-015
-5.370e+000	5.9703e-008	-2.3831e+010	-2.0105e+010	2.0080e+010	5.2500e-015
-5.360e+000	6.7356e-008	-2.8035e+010	-2.3831e+010	2.3804e+010	5.2500e-015
-5.350e+000	7.5473e-008	-3.2746e+010	-2.8035e+010	2.8007e+010	5.2500e-015
-5.340e+000	8.3980e-008	-3.7988e+010	-3.2746e+010	3.2716e+010	5.2500e-015
-5.330e+000	9.2783e-008	-4.3779e+010	-3.7988e+010	3.7957e+010	5.2500e-015
-5.320e+000	1.0178e-007	-5.0131e+010	-4.3779e+010	4.3747e+010	5.2500e-015
-5.310e+000	1.1087e-007	-5.7051e+010	-5.0131e+010	5.0099e+010	5.2500e-015
-5.300e+000	1.1995e-007	-6.4538e+010	-5.7051e+010	5.7018e+010	5.2500e-015
-5.290e+000	1.2892e-007	-7.2584e+010	-6.4538e+010	6.4504e+010	5.2500e-015
-5.280e+000	1.3770e-007	-8.1179e+010	-7.2584e+010	7.2549e+010	5.2500e-015
-5.270e+000	1.4623e-007	-9.0305e+010	-8.1179e+010	8.1143e+010	5.2500e-015
-5.260e+000	1.5445e-007	-9.9945e+010	-9.0305e+010	9.0270e+010	5.2500e-015
-5.250e+000	1.6211e-007	-1.1006e+011	-9.9945e+010	9.9909e+010	5.2500e-015
-5.240e+000	1.6932e-007	-1.2063e+011	-1.1006e+011	1.1003e+011	5.2500e-015
-5.230e+000	1.7635e-007	-1.3164e+011	-1.2063e+011	1.2059e+011	5.2500e-015
-5.220e+000	1.8301e-007	-1.4306e+011	-1.3164e+011	1.3160e+011	5.2500e-015
-5.210e+000	1.8941e-007	-1.5488e+011	-1.4306e+011	1.4302e+011	5.2500e-015
-5.200e+000	1.9519e-007	-1.6707e+011	-1.5488e+011	1.5485e+011	5.2500e-015
-5.190e+000	2.0083e-007	-1.7960e+011	-1.6707e+011	1.6703e+011	5.2500e-015
-5.180e+000	2.0601e-007	-1.9246e+011	-1.7960e+011	1.7956e+011	5.2500e-015
-5.170e+000	2.1086e-007	-2.0562e+011	-1.9246e+011	1.9242e+011	5.2500e-015
-5.160e+000	2.1547e-007	-2.1907e+011	-2.0562e+011	2.0558e+011	5.2500e-015
-5.150e+000	2.1965e-007	-2.3278e+011	-2.1907e+011	2.1903e+011	5.2500e-015
-5.140e+000	2.2362e-007	-2.4673e+011	-2.3278e+011	2.3274e+011	5.2500e-015
-5.130e+000	2.2739e-007	-2.6093e+011	-2.4673e+011	2.4670e+011	5.2500e-015
-5.120e+000	2.3082e-007	-2.7533e+011	-2.6093e+011	2.6089e+011	5.2500e-015
-5.110e+000	2.3408e-007	-2.8994e+011	-2.7533e+011	2.7530e+011	5.2500e-015
-5.100e+000	2.3717e-007	-3.0475e+011	-2.8994e+011	2.8991e+011	5.2500e-015
-5.090e+000	2.4003e-007	-3.1973e+011	-3.0475e+011	3.0471e+011	5.2500e-015
-5.080e+000	2.4268e-007	-3.3488e+011	-3.1973e+011	3.1969e+011	5.2500e-015
-5.070e+000	2.4524e-007	-3.5018e+011	-3.3488e+011	3.3484e+011	5.2500e-015
-5.060e+000	2.4758e-007	-3.6563e+011	-3.5018e+011	3.5014e+011	5.2500e-015
-5.050e+000	2.4983e-007	-3.8123e+011	-3.6563e+011	3.6560e+011	5.2500e-015
-5.040e+000	2.5193e-007	-3.9695e+011	-3.8123e+011	3.8119e+011	5.2500e-015
-5.030e+000	2.5390e-007	-4.1280e+011	-3.9695e+011	3.9691e+011	5.2500e-015
-5.020e+000	2.5574e-007	-4.2876e+011	-4.1280e+011	4.1276e+011	5.2500e-015
-5.010e+000	2.5752e-007	-4.4483e+011	-4.2876e+011	4.2872e+011	5.2500e-015
-5.000e+000	2.5918e-007	-4.6101e+011	-4.4483e+011	4.4480e+011	5.2500e-015
-4.990e+000	2.6075e-007	-4.7729e+011	-4.6101e+011	4.6097e+011	5.2500e-015
-4.980e+000	2.6222e-007	-4.9365e+011	-4.7729e+011	4.7725e+011	5.2500e-015
-4.970e+000	2.6364e-007	-5.1011e+011	-4.9365e+011	4.9361e+011	5.2500e-015
-4.960e+000	2.6497e-007	-5.2664e+011	-5.1011e+011	5.1007e+011	5.2500e-015
-4.950e+000	2.6623e-007	-5.4326e+011	-5.2664e+011	5.2661e+011	5.2500e-015
-4.940e+000	2.6743e-007	-5.5995e+011	-5.4326e+011	5.4322e+011	5.2500e-015
-4.930e+000	2.6857e-007	-5.7672e+011	-5.5995e+011	5.5991e+011	5.2500e-015
-4.920e+000	2.6965e-007	-5.9355e+011	-5.7672e+011	5.7668e+011	5.2500e-015
-4.910e+000	2.7069e-007	-6.1044e+011	-5.9355e+011	5.9351e+011	5.2500e-015
-4.900e+000	2.7167e-007	-6.2740e+011	-6.1044e+011	6.1040e+011	5.2500e-015
-4.890e+000	2.7261e-007	-6.4441e+011	-6.2740e+011	6.2736e+011	5.2500e-015
-4.880e+000	2.7350e-007	-6.6148e+011	-6.4441e+011	6.4437e+011	5.2500e-015
-4.870e+000	2.7435e-007	-6.7861e+011	-6.6148e+011	6.6144e+011	5.2500e-015
-4.860e+000	2.7517e-007	-6.9578e+011	-6.7861e+011	6.7857e+011	5.2500e-015
-4.850e+000	2.7594e-007	-7.1300e+011	-6.9578e+011	6.9574e+011	5.2500e-015
-4.840e+000	2.7668e-007	-7.3027e+011	-7.1300e+011	7.1297e+011	5.2500e-015
-4.830e+000	2.7740e-007	-7.4759e+011	-7.3027e+011	7.3023e+011	5.2500e-015
-4.820e+000	2.7808e-007	-7.6494e+011	-7.4759e+011	7.4755e+011	5.2500e-015
-4.810e+000	2.7874e-007	-7.8234e+011	-7.6494e+011	7.6490e+011	5.2500e-015
-4.800e+000	2.7936e-007	-7.9978e+011	-7.8234e+011	7.8230e+011	5.2500e-015
-4.790e+000	2.7996e-007	-8.1725e+011	-7.9978e+011	7.9974e+011	5.2500e-015
-4.780e+000	2.8054e-007	-8.3476e+011	-8.1725e+011	8.1721e+011	5.2500e-015
-4.770e+000	2.8109e-007	-8.5231e+011	-8.3476e+011	8.3472e+011	5.2500e-015
-4.760e+000	2.8163e-007	-8.6988e+011	-8.5231e+011	8.5227e+011	5.2500e-015
-4.750e+000	2.8214e-007	-8.8749e+011	-8.6988e+011	8.6984e+011	5.2500e-015
-4.740e+000	2.8263e-007	-9.0513e+011	-8.8749e+011	8.8745e+011	5.2500e-015
-4.730e+000	2.8311e-007	-9.2280e+011	-9.0513e+011	9.0509e+011	5.2500e-015
-4.720e+000	2.8356e-007	-9.4050e+011	-9.2280e+011	9.2276e+011	5.2500e-015
-4.710e+000	2.8400e-007	-9.5823e+011	-9.4050e+011	9.4046e+011	5.2500e-015
-4.700e+000	2.8443e-007	-9.7598e+011	-9.5823e+011	9.5819e+011	5.2500e-015
-4.690e+000	2.8484e-007	-9.9376e+011	-9.7598e+011	9.7594e+011	5.2500e-015
-4.680e+000	2.8523e-007	-1.0116e+012	-9.9376e+011	9.9372e+011	5.2500e-015
-4.670e+000	2.8562e-007	-1.0294e+012	-1.0116e+012	1.0115e+012	5.2500e-015
-4.660e+000	2.8598e-007	-1.0472e+012	-1.0294e+012	1.0293e+012	5.2500e-015
-4.650e+000	2.8634e-007	-1.0651e+012	-1.0472e+012	1.0472e+012	5.2500e-015
-4.640e+000	2.8669e-007	-1.0830e+012	-1.0651e+012	1.0651e+012	5.2500e-015
-4.630e+000	2.8702e-007	-1.1009e+012	-1.0830e+012	1.0830e+012	5.2500e-015
-4.620e+000	2.8734e-007	-1.1189e+012	-1.1009e+012	1.1009e+012	5.2500e-015
-4.610e+000	2.8766e-007	-1.1368e+012	-1.1189e+012	1.1188e+012	5.2500e-015
-4.600e+000	2.8796e-007	-1.1548e+012	-1.1368e+012	1.1368e+012	5.2500e-015
-4.590e+000	2.8825e-007	-1.1728e+012	-1.1548e+012	1.1547e+012	5.2500e-015
-4.580e+000	2.8854e-007	-1.1908e+012	-1.1728e+012	1.1727e+012	5.2500e-015
-4.570e+000	2.8881e-007	-1.2088e+012	-1.1908e+012	1.1907e+012	5.2500e-015
-4.560e+000	2.8908e-007	-1.2268e+012	-1.2088e+012	1.2088e+012	5.2500e-015
-4.550e+000	2.8934e-007	-1.2449e+012	-1.2268e+012	1.2268e+012	5.2500e-015
-4.540e+000	2.8959e-007	-1.2630e+012	-1.2449e+012	1.2449e+012	5.2500e-015
-4.530e+000	2.8984e-007	-1.2811e+012	-1.2630e+012	1.2629e+012	5.2500e-015
-4.520e+000	2.9007e-007	-1.2992e+012	-1.2811e+012	1.2810e+012	5.2500e-015
-4.510e+000	2.9031e-007	-1.3173e+012	-1.2992e+012	1.2991e+012	5.2500e-015
-4.500e+000	2.9053e-007	-1.3354e+012	-1.3173e+012	1.3173e+012	5.2500e-015
-4.490e+000	2.9075e-007	-1.3536e+012	-1.3354e+012	1.3354e+012	5.2500e-015
-4.480e+000	2.9096e-007	-1.3717e+012	-1.3536e+012	1.3535e+012	5.2500e-015
-4.470e+000	2.9117e-007	-1.3899e+012	-1.3717e+012	1.3717e+012	5.2500e-015
-4.460e+000	2.9137e-007	-1.4081e+012	-1.3899e+012	1.3899e+012	5.2500e-015
-4.450e+000	2.9157e-007	-1.4263e+012	-1.4081e+012	1.4081e+012	5.2500e-015
-4.440e+000	2.9176e-007	-1.4445e+012	-1.4263e+012	1.4263e+012	5.2500e-015
-4.430e+000	2.9195e-007	-1.4627e+012	-1.4445e+012	1.4445e+012	5.2500e-015
-4.420e+000	2.9213e-007	-1.4810e+012	-1.4627e+012	1.4627e+012	5.2500e-015
-4.410e+000	2.9231e-007	-1.4992e+012	-1.4810e+012	1.4809e+012	5.2500e-015
-4.400e+000	2.9248e-007	-1.5175e+012	-1.4992e+012	1.4992e+012	5.2500e-015
-4.390e+000	2.9265e-007	-1.5357e+012	-1.5175e+012	1.5174e+012	5.2500e-015
-4.380e+000	2.9281e-007	-1.5540e+012	-1.5357e+012	1.5357e+012	5.2500e-015
-4.370e+000	2.9297e-007	-1.5723e+012	-1.5540e+012	1.5540e+012	5.2500e-015
-4.360e+000	2.9313e-007	-1.5906e+012	-1.5723e+012	1.5722e+012	5.2500e-015
-4.350e+000	2.9328e-007	-1.6089e+012	-1.5906e+012	1.5905e+012	5.2500e-015
-4.340e+000	2.9343e-007	-1.6272e+012	-1.6089e+012	1.6088e+012	5.2500e-015
-4.330e+000	2.9358e-007	-1.6455e+012	-1.6272e+012	1.6272e+012	5.2500e-015
-4.320e+000	2.9372e-007	-1.6639e+012	-1.6455e+012	1.6455e+012	5.2500e-015
-4.310e+000	2.9386e-007	-1.6822e+012	-1.6639e+012	1.6638e+012	5.2500e-015
-4.300e+000	2.9400e-007	-1.7006e+012	-1.6822e+012	1.6822e+012	5.2500e-015
-4.290e+000	2.9413e-007	-1.7189e+012	-1.7006e+012	1.7005e+012	5.2500e-015
-4.280e+000	2.9427e-007	-1.7373e+012	-1.7189e+012	1.7189e+012	5.2500e-015
-4.270e+000	2.9439e-007	-1.7557e+012	-1.7373e+012	1.7372e+012	5.2500e-015
-4.260e+000	2.9452e-007	-1.7740e+012	-1.7557e+012	1.7556e+012	5.2500e-015
-4.250e+000	2.9464e-007	-1.7924e+012	-1.7740e+012	1.7740e+012	5.2500e-015
-4.240e+000	2.9476e-007	-1.8108e+012	-1.7924e+012	1.7924e+012	5.2500e-015
-4.230e+000	2.9488e-007	-1.8292e+012	-1.8108e+012	1.8108e+012	5.2500e-015
-4.220e+000	2.9500e-007	-1.8476e+012	-1.8292e+012	1.8292e+012	5.2500e-015
-4.210e+000	2.9511e-007	-1.8661e+012	-1.8476e+012	1.8476e+012	5.2500e-015
-4.200e+000	2.9522e-007	-1.8845e+012	-1.8661e+012	1.8660e+012	5.2500e-015
-4.190e+000	2.9533e-007	-1.9029e+012	-1.8845e+012	1.8844e+012	5.2500e-015
-4.180e+000	2.9544e-007	-1.9214e+012	-1.9029e+012	1.9029e+012	5.2500e-015
-4.170e+000	2.9554e-007	-1.9398e+012	-1.9214e+012	1.9213e+012	5.2500e-015
-4.160e+000	2.9565e-007	-1.9583e+012	-1.9398e+012	1.9398e+012	5.2500e-015
-4.150e+000	2.9575e-007	-1.9767e+012	-1.9583e+012	1.9582e+012	5.2500e-015
-4.140e+000	2.9585e-007	-1.9952e+012	-1.9767e+012	1.9767e+012	5.2500e-015
-4.130e+000	2.9594e-007	-2.0137e+012	-1.9952e+012	1.9951e+012	5.2500e-015
-4.120e+000	2.9604e-007	-2.0321e+012	-2.0137e+012	2.0136e+012	5.2500e-015
-4.110e+000	2.9613e-007	-2.0506e+012	-2.0321e+012	2.0321e+012	5.2500e-015
-4.100e+000	2.9623e-007	-2.0691e+012	-2.0506e+012	2.0506e+012	5.2500e-015
-4.090e+000	2.9632e-007	-2.0876e+012	-2.0691e+012	2.0691e+012	5.2500e-015
-4.080e+000	2.9641e-007	-2.1061e+012	-2.0876e+012	2.0876e+012	5.2500e-015
-4.070e+000	2.9649e-007	-2.1246e+012	-2.1061e+012	2.1061e+012	5.2500e-015
-4.060e+000	2.9658e-007	-2.1431e+012	-2.1246e+012	2.1246e+012	5.2500e-015
-4.050e+000	2.9666e-007	-2.1616e+012	-2.1431e+012	2.1431e+012	5.2500e-015
-4.040e+000	2.9675e-007	-2.1801e+012	-2.1616e+012	2.1616e+012	5.2500e-015
-4.030e+000	2.9683e-007	-2.1987e+012	-2.1801e+012	2.1801e+012	5.2500e-015
-4.020e+000	2.9691e-007	-2.2172e+012	-2.1987e+012	2.1986e+012	5.2500e-015
-4.010e+000	2.9699e-007	-2.2357e+012	-2.2172e+012	2.2172e+012	5.2500e-015
-4.000e+000	2.9707e-007	-2.2543e+012	-2.2357e+012	2.2357e+012	5.2500e-015
-3.990e+000	2.9714e-007	-2.2728e+012	-2.2543e+012	2.2542e+012	5.2500e-015
-3.980e+000	2.9722e-007	-2.2914e+012	-2.2728e+012	2.2728e+012	5.2500e-015
-3.970e+000	2.9729e-007	-2.3099e+012	-2.2914e+012	2.2913e+012	5.2500e-015
-3.960e+000	2.9737e-007	-2.3285e+012	-2.3099e+012	2.3099e+012	5.2500e-015
-3.950e+000	2.9744e-007	-2.3471e+012	-2.3285e+012	2.3285e+012	5.2500e-015
-3.940e+000	2.9751e-007	-2.3656e+012	-2.3471e+012	2.3470e+012	5.2500e-015
-3.930e+000	2.9758e-007	-2.3842e+012	-2.3656e+012	2.3656e+012	5.2500e-015
-3.920e+000	2.9765e-007	-2.4028e+012	-2.3842e+012	2.3842e+012	5.2500e-015
-3.910e+000	2.9772e-007	-2.4214e+012	-2.4028e+012	2.4027e+012	5.2500e-015
-3.900e+000	2.9778e-007	-2.4400e+012	-2.4214e+012	2.4213e+012	5.2500e-015
-3.890e+000	2.9785e-007	-2.4585e+012	-2.4400e+012	2.4399e+012	5.2500e-015
-3.880e+000	2.9791e-007	-2.4771e+012	-2.4585e+012	2.4585e+012	5.2500e-015
-3.870e+000	2.9798e-007	-2.4957e+012	-2.4771e+012	2.4771e+012	5.2500e-015
-3.860e+000	2.9804e-007	-2.5143e+012	-2.4957e+012	2.4957e+012	5.2500e-015
-3.850e+000	2.9810e-007	-2.5329e+012	-2.5143e+012	2.5143e+012	5.2500e-015
-3.840e+000	2.9817e-007	-2.5516e+012	-2.5329e+012	2.5329e+012	5.2500e-015
-3.830e+000	2.9823e-007	-2.5702e+012	-2.5516e+012	2.5515e+012	5.2500e-015
-3.820e+000	2.9829e-007	-2.5888e+012	-2.5702e+012	2.5701e+012	5.2500e-015
-3.810e+000	2.9834e-007	-2.6074e+012	-2.5888e+012	2.5887e+012	5.2500e-015
-3.800e+000	2.9840e-007	-2.6260e+012	-2.6074e+012	2.6074e+012	5.2500e-015
-3.790e+000	2.9846e-007	-2.6447e+012	-2.6260e+012	2.6260e+012	5.2500e-015
-3.780e+000	2.9852e-007	-2.6633e+012	-2.6447e+012	2.6446e+012	5.2500e-015
-3.770e+000	2.9857e-007	-2.6819e+012	-2.6633e+012	2.6632e+012	5.2500e-015
-3.760e+000	2.9863e-007	-2.7006e+012	-2.6819e+012	2.6819e+012	5.2500e-015
-3.750e+000	2.9868e-007	-2.7192e+012	-2.7006e+012	2.7005e+012	5.2500e-015
-3.740e+000	2.9874e-007	-2.7379e+012	-2.7192e+012	2.7192e+012	5.2500e-015
-3.730e+000	2.9879e-007	-2.7565e+012	-2.7379e+012	2.7378e+012	5.2500e-015
-3.720e+000	2.9885e-007	-2.7752e+012	-2.7565e+012	2.7565e+012	5.2500e-015
-3.710e+000	2.9890e-007	-2.7938e+012	-2.7752e+012	2.7751e+012	5.2500e-015
-3.700e+000	2.9895e-007	-2.8125e+012	-2.7938e+012	2.7938e+012	5.2500e-015
-3.690e+000	2.9900e-007	-2.8311e+012	-2.8125e+012	2.8124e+012	5.2500e-015
-3.680e+000	2.9905e-007	-2.8498e+012	-2.8311e+012	2.8311e+012	5.2500e-015
-3.670e+000	2.9910e-007	-2.8685e+012	-2.8498e+012	2.8498e+012	5.2500e-015
-3.660e+000	2.9915e-007	-2.8871e+012	-2.8685e+012	2.8684e+012	5.2500e-015
-3.650e+000	2.9920e-007	-2.9058e+012	-2.8871e+012	2.8871e+012	5.2500e-015
-3.640e+000	2.9925e-007	-2.9245e+012	-2.9058e+012	2.9058e+012	5.2500e-015
-3.630e+000	2.9930e-007	-2.9432e+012	-2.9245e+012	2.9244e+012	5.2500e-015
-3.620e+000	2.9935e-007	-2.9619e+012	-2.9432e+012	2.9431e+012	5.2500e-015
-3.610e+000	2.9939e-007	-2.9805e+012	-2.9619e+012	2.9618e+012	5.2500e-015
-3.600e+000	2.9944e-007	-2.9992e+012	-2.9805e+012	2.9805e+012	5.2500e-015
-3.590e+000	2.9949e-007	-3.0179e+012	-2.9992e+012	2.9992e+012	5.2500e-015
-3.580e+000	2.9953e-007	-3.0366e+012	-3.0179e+012	3.0179e+012	5.2500e-015
-3.570e+000	2.9958e-007	-3.0553e+012	-3.0366e+012	3.0366e+012	5.2500e-015
-3.560e+000	2.9963e-007	-3.0740e+012	-3.0553e+012	3.0553e+012	5.2500e-015
-3.550e+000	2.9967e-007	-3.0927e+012	-3.0740e+012	3.0740e+012	5.2500e-015
-3.540e+000	2.9972e-007	-3.1114e+012	-3.0927e+012	3.0927e+012	5.2500e-015
-3.530e+000	2.9976e-007	-3.1301e+012	-3.1114e+012	3.1114e+012	5.2500e-015
-3.520e+000	2.9981e-007	-3.1488e+012	-3.1301e+012	3.1301e+012	5.2500e-015
-3.510e+000	2.9985e-007	-3.1676e+012	-3.1488e+012	3.1488e+012	5.2500e-015
-3.500e+000	2.9990e-007	-3.1863e+012	-3.1676e+012	3.1675e+012	5.2500e-015
-3.490e+000	2.9994e-007	-3.2050e+012	-3.1863e+012	3.1862e+012	5.2500e-015
-3.480e+000	2.9999e-007	-3.2237e+012	-3.2050e+012	3.2050e+012	5.2500e-015
-3.470e+000	3.0004e-007	-3.2425e+012	-3.2237e+012	3.2237e+012	5.2500e-015
-3.460e+000	3.0008e-007	-3.2612e+012	-3.2425e+012	3.2424e+012	5.2500e-015
-3.450e+000	3.0013e-007	-3.2799e+012	-3.2612e+012	3.2611e+012	5.2500e-015
-3.440e+000	3.0017e-007	-3.2986e+012	-3.2799e+012	3.2799e+012	5.2500e-015
-3.430e+000	3.0022e-007	-3.3174e+012	-3.2986e+012	3.2986e+012	5.2500e-015
-3.420e+000	3.0027e-007	-3.3361e+012	-3.3174e+012	3.3173e+012	5.2500e-015
-3.410e+000	3.0032e-007	-3.3549e+012	-3.3361e+012	3.3361e+012	5.2500e-015
-3.400e+000	3.0037e-007	-3.3736e+012	-3.3549e+012	3.3548e+012	5.2500e-015
-3.390e+000	3.0042e-007	-3.3924e+012	-3.3736e+012	3.3736e+012	5.2500e-015
-3.380e+000	3.0047e-007	-3.4111e+012	-3.3924e+012	3.3923e+012	5.2500e-015
-3.370e+000	3.0052e-007	-3.4299e+012	-3.4111e+012	3.4111e+012	5.2500e-015
-3.360e+000	3.0058e-007	-3.4486e+012	-3.4299e+012	3.4298e+012	5.2500e-015
-3.350e+000	3.0063e-007	-3.4674e+012	-3.4486e+012	3.4486e+012	5.2500e-015
-3.340e+000	3.0069e-007	-3.4862e+012	-3.4674e+012	3.4674e+012	5.2500e-015
-3.330e+000	3.0075e-007	-3.5049e+012	-3.4862e+012	3.4861e+012	5.2500e-015
-3.320e+000	3.0081e-007	-3.5237e+012	-3.5049e+012	3.5049e+012	5.2500e-015
-3.310e+000	3.0088e-007	-3.5425e+012	-3.5237e+012	3.5237e+012	5.2500e-015
-3.300e+000	3.0095e-007	-3.5613e+012	-3.5425e+012	3.5425e+012	5.2500e-015
-3.290e+000	3.0102e-007	-3.5801e+012	-3.5613e+012	3.5612e+012	5.2500e-015
-3.280e+000	3.0109e-007	-3.5989e+012	-3.5801e+012	3.5800e+012	5.2500e-015
-3.270e+000	3.0117e-007	-3.6177e+012	-3.5989e+012	3.5988e+012	5.2500e-015
-3.260e+000	3.0126e-007	-3.6365e+012	-3.6177e+012	3.6176e+012	5.2500e-015
-3.250e+000	3.0134e-007	-3.6553e+012	-3.6365e+012	3.6364e+012	5.2500e-015
-3.240e+000	3.0144e-007	-3.6741e+012	-3.6553e+012	3.6552e+012	5.2500e-015
-3.230e+000	3.0154e-007	-3.6929e+012	-3.6741e+012	3.6740e+012	5.2500e-015
-3.220e+000	3.0165e-007	-3.7117e+012	-3.6929e+012	3.6929e+012	5.2500e-015
-3.210e+000	3.0176e-007	-3.7306e+012	-3.7117e+012	3.7117e+012	5.2500e-015
-3.200e+000	3.0189e-007	-3.7494e+012	-3.7306e+012	3.7305e+012	5.2500e-015
-3.190e+000	3.0202e-007	-3.7683e+012	-3.7494e+012	3.7494e+012	5.2500e-015
-3.180e+000	3.0217e-007	-3.7871e+012	-3.7683e+012	3.7682e+012	5.2500e-015
-3.170e+000	3.0232e-007	-3.8060e+012	-3.7871e+012	3.7871e+012	5.2500e-015
-3.160e+000	3.0249e-007	-3.8249e+012	-3.8060e+012	3.8060e+012	5.2500e-015
-3.150e+000	3.0267e-007	-3.8438e+012	-3.8249e+012	3.8248e+012	5.2500e-015
-3.140e+000	3.0275e-007	-3.8627e+012	-3.8438e+012	3.8437e+012	5.2500e-015
-3.130e+000	3.0305e-007	-3.8816e+012	-3.8627e+012	3.8626e+012	5.2500e-015
-3.120e+000	3.0328e-007	-3.9005e+012	-3.8816e+012	3.8815e+012	5.2500e-015
-3.110e+000	3.0352e-007	-3.9194e+012	-3.9005e+012	3.9005e+012	5.2500e-015
-3.100e+000	3.0379e-007	-3.9384e+012	-3.9194e+012	3.9194e+012	5.2500e-015
-3.090e+000	3.0407e-007	-3.9574e+012	-3.9384e+012	3.9384e+012	5.2500e-015
-3.080e+000	3.0438e-007	-3.9764e+012	-3.9574e+012	3.9573e+012	5.2500e-015
-3.070e+000	3.0472e-007	-3.9954e+012	-3.9764e+012	3.9763e+012	5.2500e-015
-3.060e+000	3.0508e-007	-4.0144e+012	-3.9954e+012	3.9954e+012	5.2500e-015
-3.050e+000	3.0547e-007	-4.0335e+012	-4.0144e+012	4.0144e+012	5.2500e-015
-3.040e+000	3.0588e-007	-4.0526e+012	-4.0335e+012	4.0335e+012	5.2500e-015
-3.030e+000	3.0634e-007	-4.0717e+012	-4.0526e+012	4.0526e+012	5.2500e-015
-3.020e+000	3.0682e-007	-4.0909e+012	-4.0717e+012	4.0717e+012	5.2500e-015
-3.010e+000	3.0734e-007	-4.1101e+012	-4.0909e+012	4.0908e+012	5.2500e-015
-3.000e+000	3.0790e-007	-4.1293e+012	-4.1101e+012	4.1100e+012	5.2500e-015
-2.990e+000	3.0850e-007	-4.1485e+012	-4.1293e+012	4.1292e+012	5.2500e-015
-2.980e+000	3.0913e-007	-4.1678e+012	-4.1485e+012	4.1485e+012	5.2500e-015
-2.970e+000	3.0981e-007	-4.1872e+012	-4.1678e+012	4.1678e+012	5.2500e-015
-2.960e+000	3.1052e-007	-4.2065e+012	-4.1872e+012	4.1871e+012	5.2500e-015
-2.950e+000	3.1128e-007	-4.2260e+012	-4.2065e+012	4.2065e+012	5.2500e-015
-2.940e+000	3.1208e-007	-4.2454e+012	-4.2260e+012	4.2259e+012	5.2500e-015
-2.930e+000	3.1293e-007	-4.2650e+012	-4.2454e+012	4.2454e+012	5.2500e-015
-2.920e+000	3.1381e-007	-4.2846e+012	-4.2650e+012	4.2649e+012	5.2500e-015
-2.910e+000	3.1473e-007	-4.3042e+012	-4.2846e+012	4.2845e+012	5.2500e-015
-2.900e+000	3.1569e-007	-4.3239e+012	-4.3042e+012	4.3042e+012	5.2500e-015
-2.890e+000	3.1669e-007	-4.3437e+012	-4.3239e+012	4.3239e+012	5.2500e-015
-2.880e+000	3.1772e-007	-4.3635e+012	-4.3437e+012	4.3436e+012	5.2500e-015
-2.870e+000	3.1878e-007	-4.3834e+012	-4.3635e+012	4.3635e+012	5.2500e-015
-2.860e+000	3.1987e-007	-4.4034e+012	-4.3834e+012	4.3834e+012	5.2500e-015
-2.850e+000	3.2098e-007	-4.4234e+012	-4.4034e+012	4.4033e+012	5.2500e-015
-2.840e+000	3.2212e-007	-4.4435e+012	-4.4234e+012	4.4234e+012	5.2500e-015
-2.830e+000	3.2327e-007	-4.4637e+012	-4.4435e+012	4.4435e+012	5.2500e-015
-2.820e+000	3.2444e-007	-4.4839e+012	-4.4637e+012	4.4636e+012	5.2500e-015
-2.810e+000	3.2562e-007	-4.5043e+012	-4.4839e+012	4.4839e+012	5.2500e-015
-2.800e+000	3.2680e-007	-4.5247e+012	-4.5043e+012	4.5042e+012	5.2500e-015
-2.790e+000	3.2799e-007	-4.5451e+012	-4.5247e+012	4.5246e+012	5.2500e-015
-2.780e+000	3.2917e-007	-4.5657e+012	-4.5451e+012	4.5451e+012	5.2500e-015
-2.770e+000	3.3035e-007	-4.5863e+012	-4.5657e+012	4.5656e+012	5.2500e-015
-2.760e+000	3.3152e-007	-4.6070e+012	-4.5863e+012	4.5863e+012	5.2500e-015
-2.750e+000	3.3268e-007	-4.6278e+012	-4.6070e+012	4.6069e+012	5.2500e-015
-2.740e+000	3.3383e-007	-4.6486e+012	-4.6278e+012	4.6277e+012	5.2500e-015
-2.730e+000	3.3496e-007	-4.6695e+012	-4.6486e+012	4.6485e+012	5.2500e-015
-2.720e+000	3.3607e-007	-4.6905e+012	-4.6695e+012	4.6695e+012	5.2500e-015
-2.710e+000	3.3717e-007	-4.7115e+012	-4.6905e+012	4.6904e+012	5.2500e-015
-2.700e+000	3.3824e-007	-4.7326e+012	-4.7115e+012	4.7115e+012	5.2500e-015
-2.690e+000	3.3929e-007	-4.7538e+012	-4.7326e+012	4.7326e+012	5.2500e-015
-2.680e+000	3.4031e-007	-4.7750e+012	-4.7538e+012	4.7538e+012	5.2500e-015
-2.670e+000	3.4131e-007	-4.7963e+012	-4.7750e+012	4.7750e+012	5.2500e-015
-2.660e+000	3.4229e-007	-4.8177e+012	-4.7963e+012	4.7963e+012	5.2500e-015
-2.650e+000	3.4323e-007	-4.8391e+012	-4.8177e+012	4.8177e+012	5.2500e-015
-2.640e+000	3.4416e-007	-4.8606e+012	-4.8391e+012	4.8391e+012	5.2500e-015
-2.630e+000	3.4505e-007	-4.8821e+012	-4.8606e+012	4.8606e+012	5.2500e-015
-2.620e+000	3.4592e-007	-4.9037e+012	-4.8821e+012	4.8821e+012	5.2500e-015
-2.610e+000	3.4677e-007	-4.9254e+012	-4.9037e+012	4.9037e+012	5.2500e-015
-2.600e+000	3.4759e-007	-4.9471e+012	-4.9254e+012	4.9253e+012	5.2500e-015
-2.590e+000	3.4838e-007	-4.9688e+012	-4.9471e+012	4.9470e+012	5.2500e-015
-2.580e+000	3.4915e-007	-4.9906e+012	-4.9688e+012	4.9688e+012	5.2500e-015
-2.570e+000	3.4990e-007	-5.0125e+012	-4.9906e+012	4.9906e+012	5.2500e-015
-2.560e+000	3.5062e-007	-5.0343e+012	-5.0125e+012	5.0124e+012	5.2500e-015
-2.550e+000	3.5132e-007	-5.0563e+012	-5.0343e+012	5.0343e+012	5.2500e-015
-2.540e+000	3.5200e-007	-5.0782e+012	-5.0563e+012	5.0562e+012	5.2500e-015
-2.530e+000	3.5265e-007	-5.1002e+012	-5.0782e+012	5.0782e+012	5.2500e-015
-2.520e+000	3.5329e-007	-5.1223e+012	-5.1002e+012	5.1002e+012	5.2500e-015
-2.510e+000	3.5390e-007	-5.1444e+012	-5.1223e+012	5.1223e+012	5.2500e-015
-2.500e+000	3.5450e-007	-5.1665e+012	-5.1444e+012	5.1443e+012	5.2500e-015
-2.490e+000	3.5508e-007	-5.1887e+012	-5.1665e+012	5.1665e+012	5.2500e-015
-2.480e+000	3.5563e-007	-5.2109e+012	-5.1887e+012	5.1886e+012	5.2500e-015
-2.470e+000	3.5618e-007	-5.2331e+012	-5.2109e+012	5.2108e+012	5.2500e-015
-2.460e+000	3.5670e-007	-5.2554e+012	-5.2331e+012	5.2331e+012	5.2500e-015
-2.450e+000	3.5721e-007	-5.2777e+012	-5.2554e+012	5.2553e+012	5.2500e-015
-2.440e+000	3.5770e-007	-5.3000e+012	-5.2777e+012	5.2776e+012	5.2500e-015
-2.430e+000	3.5818e-007	-5.3223e+012	-5.3000e+012	5.2999e+012	5.2500e-015
-2.420e+000	3.5864e-007	-5.3447e+012	-5.3223e+012	5.3223e+012	5.2500e-015
-2.410e+000	3.5909e-007	-5.3671e+012	-5.3447e+012	5.3447e+012	5.2500e-015
-2.400e+000	3.5953e-007	-5.3896e+012	-5.3671e+012	5.3671e+012	5.2500e-015
-2.390e+000	3.5995e-007	-5.4120e+012	-5.3896e+012	5.3895e+012	5.2500e-015
-2.380e+000	3.6037e-007	-5.4345e+012	-5.4120e+012	5.4120e+012	5.2500e-015
-2.370e+000	3.6077e-007	-5.4571e+012	-5.4345e+012	5.4345e+012	5.2500e-015
-2.360e+000	3.6115e-007	-5.4796e+012	-5.4571e+012	5.4570e+012	5.2500e-015
-2.350e+000	3.6153e-007	-5.5022e+012	-5.4796e+012	5.4796e+012	5.2500e-015
-2.340e+000	3.6190e-007	-5.5247e+012	-5.5022e+012	5.5021e+012	5.2500e-015
-2.330e+000	3.6226e-007	-5.5474e+012	-5.5247e+012	5.5247e+012	5.2500e-015
-2.320e+000	3.6261e-007	-5.5700e+012	-5.5474e+012	5.5473e+012	5.2500e-015
-2.310e+000	3.6295e-007	-5.5926e+012	-5.5700e+012	5.5700e+012	5.2500e-015
-2.300e+000	3.6328e-007	-5.6153e+012	-5.5926e+012	5.5926e+012	5.2500e-015
-2.290e+000	3.6360e-007	-5.6380e+012	-5.6153e+012	5.6153e+012	5.2500e-015
-2.280e+000	3.6391e-007	-5.6607e+012	-5.6380e+012	5.6380e+012	5.2500e-015
-2.270e+000	3.6422e-007	-5.6835e+012	-5.6607e+012	5.6607e+012	5.2500e-015
-2.260e+000	3.6452e-007	-5.7062e+012	-5.6835e+012	5.6834e+012	5.2500e-015
-2.250e+000	3.6481e-007	-5.7290e+012	-5.7062e+012	5.7062e+012	5.2500e-015
-2.240e+000	3.6509e-007	-5.7518e+012	-5.7290e+012	5.7289e+012	5.2500e-015
-2.230e+000	3.6537e-007	-5.7746e+012	-5.7518e+012	5.7517e+012	5.2500e-015
-2.220e+000	3.6564e-007	-5.7974e+012	-5.7746e+012	5.7745e+012	5.2500e-015
-2.210e+000	3.6591e-007	-5.8202e+012	-5.7974e+012	5.7974e+012	5.2500e-015
-2.200e+000	3.6617e-007	-5.8431e+012	-5.8202e+012	5.8202e+012	5.2500e-015
-2.190e+000	3.6642e-007	-5.8660e+012	-5.8431e+012	5.8430e+012	5.2500e-015
-2.180e+000	3.6667e-007	-5.8888e+012	-5.8660e+012	5.8659e+012	5.2500e-015
-2.170e+000	3.6691e-007	-5.9117e+012	-5.8888e+012	5.8888e+012	5.2500e-015
-2.160e+000	3.6715e-007	-5.9347e+012	-5.9117e+012	5.9117e+012	5.2500e-015
-2.150e+000	3.6739e-007	-5.9576e+012	-5.9347e+012	5.9346e+012	5.2500e-015
-2.140e+000	3.6761e-007	-5.9805e+012	-5.9576e+012	5.9575e+012	5.2500e-015
-2.130e+000	3.6784e-007	-6.0035e+012	-5.9805e+012	5.9805e+012	5.2500e-015
-2.120e+000	3.6806e-007	-6.0265e+012	-6.0035e+012	6.0035e+012	5.2500e-015
-2.110e+000	3.6827e-007	-6.0495e+012	-6.0265e+012	6.0264e+012	5.2500e-015
-2.100e+000	3.6848e-007	-6.0724e+012	-6.0495e+012	6.0494e+012	5.2500e-015
-2.090e+000	3.6869e-007	-6.0955e+012	-6.0724e+012	6.0724e+012	5.2500e-015
-2.080e+000	3.6889e-007	-6.1185e+012	-6.0955e+012	6.0954e+012	5.2500e-015
-2.070e+000	3.6909e-007	-6.1415e+012	-6.1185e+012	6.1184e+012	5.2500e-015
-2.060e+000	3.6929e-007	-6.1646e+012	-6.1415e+012	6.1415e+012	5.2500e-015
-2.050e+000	3.6948e-007	-6.1876e+012	-6.1646e+012	6.1645e+012	5.2500e-015
-2.040e+000	3.6967e-007	-6.2107e+012	-6.1876e+012	6.1876e+012	5.2500e-015
-2.030e+000	3.6986e-007	-6.2338e+012	-6.2107e+012	6.2107e+012	5.2500e-015
-2.020e+000	3.7004e-007	-6.2569e+012	-6.2338e+012	6.2338e+012	5.2500e-015
-2.010e+000	3.7022e-007	-6.2800e+012	-6.2569e+012	6.2568e+012	5.2500e-015
-2.000e+000	3.7040e-007	-6.3031e+012	-6.2800e+012	6.2800e+012	5.2500e-015
-1.990e+000	3.7057e-007	-6.3262e+012	-6.3031e+012	6.3031e+012	5.2500e-015
-1.980e+000	3.7074e-007	-6.3494e+012	-6.3262e+012	6.3262e+012	5.2500e-015
-1.970e+000	3.7091e-007	-6.3725e+012	-6.3494e+012	6.3493e+012	5.2500e-015
-1.960e+000	3.7108e-007	-6.3957e+012	-6.3725e+012	6.3725e+012	5.2500e-015
-1.950e+000	3.7124e-007	-6.4189e+012	-6.3957e+012	6.3957e+012	5.2500e-015
-1.940e+000	3.7137e-007	-6.4420e+012	-6.4189e+012	6.4188e+012	5.2500e-015
-1.930e+000	3.7156e-007	-6.4652e+012	-6.4420e+012	6.4420e+012	5.2500e-015
-1.920e+000	3.7172e-007	-6.4884e+012	-6.4652e+012	6.4652e+012	5.2500e-015
-1.910e+000	3.7187e-007	-6.5116e+012	-6.4884e+012	6.4884e+012	5.2500e-015
-1.900e+000	3.7203e-007	-6.5349e+012	-6.5116e+012	6.5116e+012	5.2500e-015
-1.890e+000	3.7218e-007	-6.5581e+012	-6.5349e+012	6.5348e+012	5.2500e-015
-1.880e+000	3.7232e-007	-6.5813e+012	-6.5581e+012	6.5581e+012	5.2500e-015
-1.870e+000	3.7247e-007	-6.6046e+012	-6.5813e+012	6.5813e+012	5.2500e-015
-1.860e+000	3.7262e-007	-6.6278e+012	-6.6046e+012	6.6045e+012	5.2500e-015
-1.850e+000	3.7276e-007	-6.6511e+012	-6.6278e+012	6.6278e+012	5.2500e-015
-1.840e+000	3.7290e-007	-6.6744e+012	-6.6511e+012	6.6511e+012	5.2500e-015
-1.830e+000	3.7304e-007	-6.6977e+012	-6.6744e+012	6.6743e+012	5.2500e-015
-1.820e+000	3.7317e-007	-6.7210e+012	-6.6977e+012	6.6976e+012	5.2500e-015
-1.810e+000	3.7331e-007	-6.7443e+012	-6.7210e+012	6.7209e+012	5.2500e-015
-1.800e+000	3.7344e-007	-6.7676e+012	-6.7443e+012	6.7442e+012	5.2500e-015
-1.790e+000	3.7358e-007	-6.7909e+012	-6.7676e+012	6.7675e+012	5.2500e-015
-1.780e+000	3.7371e-007	-6.8142e+012	-6.7909e+012	6.7908e+012	5.2500e-015
-1.770e+000	3.7384e-007	-6.8375e+012	-6.8142e+012	6.8142e+012	5.2500e-015
-1.760e+000	3.7397e-007	-6.8609e+012	-6.8375e+012	6.8375e+012	5.2500e-015
-1.750e+000	3.7409e-007	-6.8842e+012	-6.8609e+012	6.8608e+012	5.2500e-015
-1.740e+000	3.7422e-007	-6.9076e+012	-6.8842e+012	6.8842e+012	5.2500e-015
-1.730e+000	3.7434e-007	-6.9309e+012	-6.9076e+012	6.9075e+012	5.2500e-015
-1.720e+000	3.7446e-007	-6.9543e+012	-6.9309e+012	6.9309e+012	5.2500e-015
-1.710e+000	3.7458e-007	-6.9777e+012	-6.9543e+012	6.9543e+012	5.2500e-015
-1.700e+000	3.7470e-007	-7.0011e+012	-6.9777e+012	6.9777e+012	5.2500e-015
-1.690e+000	3.7482e-007	-7.0245e+012	-7.0011e+012	7.0010e+012	5.2500e-015
-1.680e+000	3.7494e-007	-7.0479e+012	-7.0245e+012	7.0244e+012	5.2500e-015
-1.670e+000	3.7506e-007	-7.0713e+012	-7.0479e+012	7.0478e+012	5.2500e-015
-1.660e+000	3.7517e-007	-7.0947e+012	-7.0713e+012	7.0713e+012	5.2500e-015
-1.650e+000	3.7529e-007	-7.1181e+012	-7.0947e+012	7.0947e+012	5.2500e-015
-1.640e+000	3.7540e-007	-7.1416e+012	-7.1181e+012	7.1181e+012	5.2500e-015
-1.630e+000	3.7551e-007	-7.1650e+012	-7.1416e+012	7.1415e+012	5.2500e-015
-1.620e+000	3.7562e-007	-7.1884e+012	-7.1650e+012	7.1650e+012	5.2500e-015
-1.610e+000	3.7573e-007	-7.2119e+012	-7.1884e+012	7.1884e+012	5.2500e-015
-1.600e+000	3.7584e-007	-7.2354e+012	-7.2119e+012	7.2119e+012	5.2500e-015
-1.590e+000	3.7595e-007	-7.2588e+012	-7.2354e+012	7.2353e+012	5.2500e-015
-1.580e+000	3.7606e-007	-7.2823e+012	-7.2588e+012	7.2588e+012	5.2500e-015
-1.570e+000	3.7617e-007	-7.3058e+012	-7.2823e+012	7.2823e+012	5.2500e-015
-1.560e+000	3.7627e-007	-7.3293e+012	-7.3058e+012	7.3057e+012	5.2500e-015
-1.550e+000	3.7638e-007	-7.3527e+012	-7.3293e+012	7.3292e+012	5.2500e-015
-1.540e+000	3.7648e-007	-7.3762e+012	-7.3527e+012	7.3527e+012	5.2500e-015
-1.530e+000	3.7658e-007	-7.3997e+012	-7.3762e+012	7.3762e+012	5.2500e-015
-1.520e+000	3.7668e-007	-7.4233e+012	-7.3997e+012	7.3997e+012	5.2500e-015
-1.510e+000	3.7679e-007	-7.4468e+012	-7.4233e+012	7.4232e+012	5.2500e-015
-1.500e+000	3.7689e-007	-7.4703e+012	-7.4468e+012	7.4467e+012	5.2500e-015
-1.490e+000	3.7699e-007	-7.4938e+012	-7.4703e+012	7.4703e+012	5.2500e-015
-1.480e+000	3.7709e-007	-7.5174e+012	-7.4938e+012	7.4938e+012	5.2500e-015
-1.470e+000	3.7718e-007	-7.5409e+012	-7.5174e+012	7.5173e+012	5.2500e-015
-1.460e+000	3.7728e-007	-7.5645e+012	-7.5409e+012	7.5409e+012	5.2500e-015
-1.450e+000	3.7738e-007	-7.5880e+012	-7.5645e+012	7.5644e+012	5.2500e-015
-1.440e+000	3.7748e-007	-7.6116e+012	-7.5880e+012	7.5880e+012	5.2500e-015
-1.430e+000	3.7757e-007	-7.6351e+012	-7.6116e+012	7.6115e+012	5.2500e-015
-1.420e+000	3.7767e-007	-7.6587e+012	-7.6351e+012	7.6351e+012	5.2500e-015
-1.410e+000	3.7776e-007	-7.6823e+012	-7.6587e+012	7.6587e+012	5.2500e-015
-1.400e+000	3.7785e-007	-7.7059e+012	-7.6823e+012	7.6822e+012	5.2500e-015
-1.390e+000	3.7795e-007	-7.7295e+012	-7.7059e+012	7.7058e+012	5.2500e-015
-1.380e+000	3.7804e-007	-7.7531e+012	-7.7295e+012	7.7294e+012	5.2500e-015
-1.370e+000	3.7813e-007	-7.7767e+012	-7.7531e+012	7.7530e+012	5.2500e-015
-1.360e+000	3.7822e-007	-7.8003e+012	-7.7767e+012	7.7766e+012	5.2500e-015
-1.350e+000	3.7831e-007	-7.8239e+012	-7.8003e+012	7.8002e+012	5.2500e-015
-1.340e+000	3.7840e-007	-7.8475e+012	-7.8239e+012	7.8238e+012	5.2500e-015
-1.330e+000	3.7849e-007	-7.8711e+012	-7.8475e+012	7.8475e+012	5.2500e-015
-1.320e+000	3.7858e-007	-7.8947e+012	-7.8711e+012	7.8711e+012	5.2500e-015
-1.310e+000	3.7867e-007	-7.9184e+012	-7.8947e+012	7.8947e+012	5.2500e-015
-1.300e+000	3.7876e-007	-7.9420e+012	-7.9184e+012	7.9183e+012	5.2500e-015
-1.290e+000	3.7885e-007	-7.9657e+012	-7.9420e+012	7.9420e+012	5.2500e-015
-1.280e+000	3.7893e-007	-7.9893e+012	-7.9657e+012	7.9656e+012	5.2500e-015
-1.270e+000	3.7902e-007	-8.0130e+012	-7.9893e+012	7.9893e+012	5.2500e-015
-1.260e+000	3.7911e-007	-8.0366e+012	-8.0130e+012	8.0129e+012	5.2500e-015
-1.250e+000	3.7919e-007	-8.0603e+012	-8.0366e+012	8.0366e+012	5.2500e-015
-1.240e+000	3.7928e-007	-8.0840e+012	-8.0603e+012	8.0603e+012	5.2500e-015
-1.230e+000	3.7936e-007	-8.1077e+012	-8.0840e+012	8.0839e+012	5.2500e-015
-1.220e+000	3.7945e-007	-8.1313e+012	-8.1077e+012	8.1076e+012	5.2500e-015
-1.210e+000	3.7953e-007	-8.1550e+012	-8.1313e+012	8.1313e+012	5.2500e-015
-1.200e+000	3.7961e-007	-8.1787e+012	-8.1550e+012	8.1550e+012	5.2500e-015
-1.190e+000	3.7970e-007	-8.2024e+012	-8.1787e+012	8.1787e+012	5.2500e-015
-1.180e+000	3.7978e-007	-8.2261e+012	-8.2024e+012	8.2024e+012	5.2500e-015
-1.170e+000	3.7986e-007	-8.2498e+012	-8.2261e+012	8.2261e+012	5.2500e-015
-1.160e+000	3.7994e-007	-8.2735e+012	-8.2498e+012	8.2498e+012	5.2500e-015
-1.150e+000	3.8003e-007	-8.2973e+012	-8.2735e+012	8.2735e+012	5.2500e-015
-1.140e+000	3.8011e-007	-8.3210e+012	-8.2973e+012	8.2972e+012	5.2500e-015
-1.130e+000	3.8019e-007	-8.3447e+012	-8.3210e+012	8.3209e+012	5.2500e-015
-1.120e+000	3.8027e-007	-8.3685e+012	-8.3447e+012	8.3447e+012	5.2500e-015
-1.110e+000	3.8035e-007	-8.3922e+012	-8.3685e+012	8.3684e+012	5.2500e-015
-1.100e+000	3.8043e-007	-8.4159e+012	-8.3922e+012	8.3922e+012	5.2500e-015
-1.090e+000	3.8051e-007	-8.4397e+012	-8.4159e+012	8.4159e+012	5.2500e-015
-1.080e+000	3.8059e-007	-8.4634e+012	-8.4397e+012	8.4396e+012	5.2500e-015
-1.070e+000	3.8066e-007	-8.4872e+012	-8.4634e+012	8.4634e+012	5.2500e-015
-1.060e+000	3.8074e-007	-8.5110e+012	-8.4872e+012	8.4872e+012	5.2500e-015
-1.050e+000	3.8082e-007	-8.5347e+012	-8.5110e+012	8.5109e+012	5.2500e-015
-1.040e+000	3.8090e-007	-8.5585e+012	-8.5347e+012	8.5347e+012	5.2500e-015
-1.030e+000	3.8097e-007	-8.5823e+012	-8.5585e+012	8.5585e+012	5.2500e-015
-1.020e+000	3.8105e-007	-8.6061e+012	-8.5823e+012	8.5822e+012	5.2500e-015
-1.010e+000	3.8113e-007	-8.6299e+012	-8.6061e+012	8.6060e+012	5.2500e-015
-1.000e+000	3.8120e-007	-8.6536e+012	-8.6299e+012	8.6298e+012	5.2500e-015
-9.900e-001	3.8128e-007	-8.6774e+012	-8.6536e+012	8.6536e+012	5.2500e-015
-9.800e-001	3.8135e-007	-8.7012e+012	-8.6774e+012	8.6774e+012	5.2500e-015
-9.700e-001	3.8143e-007	-8.7251e+012	-8.7012e+012	8.7012e+012	5.2500e-015
-9.600e-001	3.8150e-007	-8.7489e+012	-8.7251e+012	8.7250e+012	5.2500e-015
-9.500e-001	3.8158e-007	-8.7727e+012	-8.7489e+012	8.7488e+012	5.2500e-015
-9.400e-001	3.8153e-007	-8.7965e+012	-8.7727e+012	8.7726e+012	5.2500e-015
-9.300e-001	3.8101e-007	-8.8203e+012	-8.7965e+012	8.7965e+012	5.2500e-015
-9.200e-001	3.8107e-007	-8.8441e+012	-8.8203e+012	8.8202e+012	5.2500e-015
-9.100e-001	3.8114e-007	-8.8679e+012	-8.8441e+012	8.8440e+012	5.2500e-015
-9.000e-001	3.8120e-007	-8.8916e+012	-8.8679e+012	8.8678e+012	5.2500e-015
-8.900e-001	3.8126e-007	-8.9154e+012	-8.8916e+012	8.8916e+012	5.2500e-015
-8.800e-001	3.8133e-007	-8.9392e+012	-8.9154e+012	8.9154e+012	5.2500e-015
-8.700e-001	3.8139e-007	-8.9630e+012	-8.9392e+012	8.9392e+012	5.2500e-015
-8.600e-001	3.8145e-007	-8.9869e+012	-8.9630e+012	8.9630e+012	5.2500e-015
-8.500e-001	3.8152e-007	-9.0107e+012	-8.9869e+012	8.9868e+012	5.2500e-015
-8.400e-001	3.8158e-007	-9.0345e+012	-9.0107e+012	9.0106e+012	5.2500e-015
-8.300e-001	3.8164e-007	-9.0583e+012	-9.0345e+012	9.0344e+012	5.2500e-015
-8.200e-001	3.8170e-007	-9.0821e+012	-9.0583e+012	9.0583e+012	5.2500e-015
-8.100e-001	3.8177e-007	-9.1060e+012	-9.0821e+012	9.0821e+012	5.2500e-015
-8.000e-001	3.8183e-007	-9.1298e+012	-9.1060e+012	9.1059e+012	5.2500e-015
-7.900e-001	3.8189e-007	-9.1536e+012	-9.1298e+012	9.1297e+012	5.2500e-015
-7.800e-001	3.8195e-007	-9.1775e+012	-9.1536e+012	9.1536e+012	5.2500e-015
-7.700e-001	3.8201e-007	-9.2013e+012	-9.1775e+012	9.1774e+012	5.2500e-015
-7.600e-001	3.8207e-007	-9.2252e+012	-9.2013e+012	9.2013e+012	5.2500e-015
-7.500e-001	3.8213e-007	-9.2490e+012	-9.2252e+012	9.2251e+012	5.2500e-015
-7.400e-001	3.8219e-007	-9.2729e+012	-9.2490e+012	9.2490e+012	5.2500e-015
-7.300e-001	3.8226e-007	-9.2967e+012	-9.2729e+012	9.2728e+012	5.2500e-015
-7.200e-001	3.8232e-007	-9.3206e+012	-9.2967e+012	9.2967e+012	5.2500e-015
-7.100e-001	3.8238e-007	-9.3444e+012	-9.3206e+012	9.3205e+012	5.2500e-015
-7.000e-001	3.8244e-007	-9.3683e+012	-9.3444e+012	9.3444e+012	5.2500e-015
-6.900e-001	3.8249e-007	-9.3922e+012	-9.3683e+012	9.3683e+012	5.2500e-015
-6.800e-001	3.8255e-007	-9.4161e+012	-9.3922e+012	9.3921e+012	5.2500e-015
-6.700e-001	3.8261e-007	-9.4399e+012	-9.4161e+012	9.4160e+012	5.2500e-015
-6.600e-001	3.8267e-007	-9.4638e+012	-9.4399e+012	9.4399e+012	5.2500e-015
-6.500e-001	3.8273e-007	-9.4877e+012	-9.4638e+012	9.4638e+012	5.2500e-015
-6.400e-001	3.8279e-007	-9.5116e+012	-9.4877e+012	9.4877e+012	5.2500e-015
-6.300e-001	3.8285e-007	-9.5355e+012	-9.5116e+012	9.5116e+012	5.2500e-015
-6.200e-001	3.8290e-007	-9.5594e+012	-9.5355e+012	9.5355e+012	5.2500e-015
-6.100e-001	3.8296e-007	-9.5833e+012	-9.5594e+012	9.5594e+012	5.2500e-015
-6.000e-001	3.8302e-007	-9.6072e+012	-9.5833e+012	9.5833e+012	5.2500e-015
-5.900e-001	3.8308e-007	-9.6311e+012	-9.6072e+012	9.6072e+012	5.2500e-015
-5.800e-001	3.8313e-007	-9.6550e+012	-9.6311e+012	9.6311e+012	5.2500e-015
-5.700e-001	3.8319e-007	-9.6790e+012	-9.6550e+012	9.6550e+012	5.2500e-015
-5.600e-001	3.8325e-007	-9.7029e+012	-9.6790e+012	9.6789e+012	5.2500e-015
-5.500e-001	3.8330e-007	-9.7268e+012	-9.7029e+012	9.7028e+012	5.2500e-015
-5.400e-001	3.8336e-007	-9.7507e+012	-9.7268e+012	9.7268e+012	5.2500e-015
-5.300e-001	3.8342e-007	-9.7747e+012	-9.7507e+012	9.7507e+012	5.2500e-015
-5.200e-001	3.8347e-007	-9.7986e+012	-9.7747e+012	9.7746e+012	5.2500e-015
-5.100e-001	3.8353e-007	-9.8225e+012	-9.7986e+012	9.7985e+012	5.2500e-015
-5.000e-001	3.8358e-007	-9.8465e+012	-9.8225e+012	9.8225e+012	5.2500e-015
-4.900e-001	3.8364e-007	-9.8704e+012	-9.8465e+012	9.8464e+012	5.2500e-015
-4.800e-001	3.8369e-007	-9.8944e+012	-9.8704e+012	9.8704e+012	5.2500e-015
-4.700e-001	3.8375e-007	-9.9183e+012	-9.8944e+012	9.8943e+012	5.2500e-015
-4.600e-001	3.8380e-007	-9.9423e+012	-9.9183e+012	9.9183e+012	5.2500e-015
-4.500e-001	3.8385e-007	-9.9662e+012	-9.9423e+012	9.9422e+012	5.2500e-015
-4.400e-001	3.8391e-007	-9.9902e+012	-9.9662e+012	9.9662e+012	5.2500e-015
-4.300e-001	3.8396e-007	-1.0014e+013	-9.9902e+012	9.9901e+012	5.2500e-015
-4.200e-001	3.8401e-007	-1.0038e+013	-1.0014e+013	1.0014e+013	5.2500e-015
-4.100e-001	3.8407e-007	-1.0062e+013	-1.0038e+013	1.0038e+013	5.2500e-015
-4.000e-001	3.8412e-007	-1.0086e+013	-1.0062e+013	1.0062e+013	5.2500e-015
-3.900e-001	3.8417e-007	-1.0110e+013	-1.0086e+013	1.0086e+013	5.2500e-015
-3.800e-001	3.8422e-007	-1.0134e+013	-1.0110e+013	1.0110e+013	5.2500e-015
-3.700e-001	3.8428e-007	-1.0158e+013	-1.0134e+013	1.0134e+013	5.2500e-015
-3.600e-001	3.8433e-007	-1.0182e+013	-1.0158e+013	1.0158e+013	5.2500e-015
-3.500e-001	3.8438e-007	-1.0206e+013	-1.0182e+013	1.0182e+013	5.2500e-015
-3.400e-001	3.8443e-007	-1.0230e+013	-1.0206e+013	1.0206e+013	5.2500e-015
-3.300e-001	3.8448e-007	-1.0254e+013	-1.0230e+013	1.0230e+013	5.2500e-015
-3.200e-001	3.8453e-007	-1.0278e+013	-1.0254e+013	1.0254e+013	5.2500e-015
-3.100e-001	3.8458e-007	-1.0302e+013	-1.0278e+013	1.0278e+013	5.2500e-015
-3.000e-001	3.8463e-007	-1.0326e+013	-1.0302e+013	1.0302e+013	5.2500e-015
-2.900e-001	3.8468e-007	-1.0350e+013	-1.0326e+013	1.0326e+013	5.2500e-015
-2.800e-001	3.8473e-007	-1.0374e+013	-1.0350e+013	1.0350e+013	5.2500e-015
-2.700e-001	3.8478e-007	-1.0398e+013	-1.0374e+013	1.0374e+013	5.2500e-015
-2.600e-001	3.8483e-007	-1.0422e+013	-1.0398e+013	1.0398e+013	5.2500e-015
-2.500e-001	3.8488e-007	-1.0446e+013	-1.0422e+013	1.0422e+013	5.2500e-015
-2.400e-001	3.8493e-007	-1.0470e+013	-1.0446e+013	1.0446e+013	5.2500e-015
-2.300e-001	3.8497e-007	-1.0494e+013	-1.0470e+013	1.0470e+013	5.2500e-015
-2.200e-001	3.8502e-007	-1.0518e+013	-1.0494e+013	1.0494e+013	5.2500e-015
-2.100e-001	3.8507e-007	-1.0542e+013	-1.0518e+013	1.0518e+013	5.2500e-015
-2.000e-001	3.8512e-007	-1.0566e+013	-1.0542e+013	1.0542e+013	5.2500e-015
-1.900e-001	3.8517e-007	-1.0590e+013	-1.0566e+013	1.0566e+013	5.2500e-015
-1.800e-001	3.8521e-007	-1.0614e+013	-1.0590e+013	1.0590e+013	5.2500e-015
-1.700e-001	3.8526e-007	-1.0638e+013	-1.0614e+013	1.0614e+013	5.2500e-015
-1.600e-001	3.8530e-007	-1.0662e+013	-1.0638e+013	1.0638e+013	5.2500e-015
-1.500e-001	3.8535e-007	-1.0686e+013	-1.0662e+013	1.0662e+013	5.2500e-015
-1.400e-001	3.8540e-007	-1.0711e+013	-1.0686e+013	1.0686e+013	5.2500e-015
-1.300e-001	3.8544e-007	-1.0735e+013	-1.0711e+013	1.0710e+013	5.2500e-015
-1.200e-001	3.8549e-007	-1.0759e+013	-1.0735e+013	1.0735e+013	5.2500e-015
-1.100e-001	3.8553e-007	-1.0783e+013	-1.0759e+013	1.0759e+013	5.2500e-015
-1.000e-001	3.8558e-007	-1.0807e+013	-1.0783e+013	1.0783e+013	5.2500e-015
-9.000e-002	3.8562e-007	-1.0831e+013	-1.0807e+013	1.0807e+013	5.2500e-015
-8.000e-002	3.8567e-007	-1.0855e+013	-1.0831e+013	1.0831e+013	5.2500e-015
-7.000e-002	3.8571e-007	-1.0879e+013	-1.0855e+013	1.0855e+013	5.2500e-015
-6.000e-002	3.8575e-007	-1.0903e+013	-1.0879e+013	1.0879e+013	5.2500e-015
-5.000e-002	3.8580e-007	-1.0927e+013	-1.0903e+013	1.0903e+013	5.2500e-015
-4.000e-002	3.8584e-007	-1.0951e+013	-1.0927e+013	1.0927e+013	5.2500e-015
-3.000e-002	3.8588e-007	-1.0975e+013	-1.0951e+013	1.0951e+013	5.2500e-015
-2.000e-002	3.8593e-007	-1.0999e+013	-1.0975e+013	1.0975e+013	5.2500e-015
-1.000e-002	3.8597e-007	-1.1023e+013	-1.0999e+013	1.0999e+013	5.2500e-015
0.000e+000	3.8601e-007	-1.1048e+013	-1.1023e+013	1.1023e+013	5.2500e-015
1.000e-002	3.8605e-007	-1.1072e+013	-1.1048e+013	1.1048e+013	5.2500e-015
2.000e-002	3.8609e-007	-1.1096e+013	-1.1072e+013	1.1072e+013	5.2500e-015
3.000e-002	3.8613e-007	-1.1120e+013	-1.1096e+013	1.1096e+013	5.2500e-015
4.000e-002	3.8618e-007	-1.1144e+013	-1.1120e+013	1.1120e+013	5.2500e-015
5.000e-002	3.8622e-007	-1.1168e+013	-1.1144e+013	1.1144e+013	5.2500e-015
6.000e-002	3.8626e-007	-1.1192e+013	-1.1168e+013	1.1168e+013	5.2500e-015
7.000e-002	3.8630e-007	-1.1216e+013	-1.1192e+013	1.1192e+013	5.2500e-015
8.000e-002	3.8634e-007	-1.1240e+013	-1.1216e+013	1.1216e+013	5.2500e-015
9.000e-002	3.8638e-007	-1.1265e+013	-1.1240e+013	1.1240e+013	5.2500e-015
1.000e-001	3.8642e-007	-1.1289e+013	-1.1265e+013	1.1264e+013	5.2500e-015
1.100e-001	3.8646e-007	-1.1313e+013	-1.1289e+013	1.1289e+013	5.2500e-015
1.200e-001	3.8650e-007	-1.1337e+013	-1.1313e+013	1.1313e+013	5.2500e-015
1.300e-001	3.8653e-007	-1.1361e+013	-1.1337e+013	1.1337e+013	5.2500e-015
1.400e-001	3.8657e-007	-1.1385e+013	-1.1361e+013	1.1361e+013	5.2500e-015
1.500e-001	3.8661e-007	-1.1409e+013	-1.1385e+013	1.1385e+013	5.2500e-015
1.600e-001	3.8665e-007	-1.1433e+013	-1.1409e+013	1.1409e+013	5.2500e-015
1.700e-001	3.8669e-007	-1.1458e+013	-1.1433e+013	1.1433e+013	5.2500e-015
1.800e-001	3.8672e-007	-1.1482e+013	-1.1458e+013	1.1457e+013	5.2500e-015
1.900e-001	3.8676e-007	-1.1506e+013	-1.1482e+013	1.1482e+013	5.2500e-015
2.000e-001	3.8680e-007	-1.1530e+013	-1.1506e+013	1.1506e+013	5.2500e-015
2.100e-001	3.8684e-007	-1.1554e+013	-1.1530e+013	1.1530e+013	5.2500e-015
2.200e-001	3.8687e-007	-1.1578e+013	-1.1554e+013	1.1554e+013	5.2500e-015
2.300e-001	3.8691e-007	-1.1602e+013	-1.1578e+013	1.1578e+013	5.2500e-015
2.400e-001	3.8694e-007	-1.1627e+013	-1.1602e+013	1.1602e+013	5.2500e-015
2.500e-001	3.8698e-007	-1.1651e+013	-1.1627e+013	1.1626e+013	5.2500e-015
2.600e-001	3.8702e-007	-1.1675e+013	-1.1651e+013	1.1651e+013	5.2500e-015
2.700e-001	3.8705e-007	-1.1699e+013	-1.1675e+013	1.1675e+013	5.2500e-015
2.800e-001	3.8709e-007	-1.1723e+013	-1.1699e+013	1.1699e+013	5.2500e-015
2.900e-001	3.8712e-007	-1.1747e+013	-1.1723e+013	1.1723e+013	5.2500e-015
3.000e-001	3.8716e-007	-1.1771e+013	-1.1747e+013	1.1747e+013	5.2500e-015
3.100e-001	3.8719e-007	-1.1796e+013	-1.1771e+013	1.1771e+013	5.2500e-015
3.200e-001	3.8723e-007	-1.1820e+013	-1.1796e+013	1.1796e+013	5.2500e-015
3.300e-001	3.8726e-007	-1.1844e+013	-1.1820e+013	1.1820e+013	5.2500e-015
3.400e-001	3.8729e-007	-1.1868e+013	-1.1844e+013	1.1844e+013	5.2500e-015
3.500e-001	3.8733e-007	-1.1892e+013	-1.1868e+013	1.1868e+013	5.2500e-015
3.600e-001	3.8736e-007	-1.1917e+013	-1.1892e+013	1.1892e+013	5.2500e-015
3.700e-001	3.8739e-007	-1.1941e+013	-1.1917e+013	1.1916e+013	5.2500e-015
3.800e-001	3.8743e-007	-1.1965e+013	-1.1941e+013	1.1941e+013	5.2500e-015
3.900e-001	3.8746e-007	-1.1989e+013	-1.1965e+013	1.1965e+013	5.2500e-015
4.000e-001	3.8749e-007	-1.2013e+013	-1.1989e+013	1.1989e+013	5.2500e-015
4.100e-001	3.8752e-007	-1.2037e+013	-1.2013e+013	1.2013e+013	5.2500e-015
4.200e-001	3.8756e-007	-1.2062e+013	-1.2037e+013	1.2037e+013	5.2500e-015
4.300e-001	3.8759e-007	-1.2086e+013	-1.2062e+013	1.2062e+013	5.2500e-015
4.400e-001	3.8762e-007	-1.2110e+013	-1.2086e+013	1.2086e+013	5.2500e-015
4.500e-001	3.8765e-007	-1.2134e+013	-1.2110e+013	1.2110e+013	5.2500e-015
4.600e-001	3.8768e-007	-1.2158e+013	-1.2134e+013	1.2134e+013	5.2500e-015
4.700e-001	3.8771e-007	-1.2183e+013	-1.2158e+013	1.2158e+013	5.2500e-015
4.800e-001	3.8775e-007	-1.2207e+013	-1.2183e+013	1.2183e+013	5.2500e-015
4.900e-001	3.8778e-007	-1.2231e+013	-1.2207e+013	1.2207e+013	5.2500e-015
5.000e-001	3.8781e-007	-1.2255e+013	-1.2231e+013	1.2231e+013	5.2500e-015
5.100e-001	3.8784e-007	-1.2279e+013	-1.2255e+013	1.2255e+013	5.2500e-015
5.200e-001	3.8787e-007	-1.2304e+013	-1.2279e+013	1.2279e+013	5.2500e-015
5.300e-001	3.8790e-007	-1.2328e+013	-1.2304e+013	1.2304e+013	5.2500e-015
5.400e-001	3.8793e-007	-1.2352e+013	-1.2328e+013	1.2328e+013	5.2500e-015
5.500e-001	3.8796e-007	-1.2376e+013	-1.2352e+013	1.2352e+013	5.2500e-015
5.600e-001	3.8799e-007	-1.2400e+013	-1.2376e+013	1.2376e+013	5.2500e-015
5.700e-001	3.8802e-007	-1.2425e+013	-1.2400e+013	1.2400e+013	5.2500e-015
5.800e-001	3.8805e-007	-1.2449e+013	-1.2425e+013	1.2425e+013	5.2500e-015
5.900e-001	3.8807e-007	-1.2473e+013	-1.2449e+013	1.2449e+013	5.2500e-015
6.000e-001	3.8810e-007	-1.2497e+013	-1.2473e+013	1.2473e+013	5.2500e-015
6.100e-001	3.8813e-007	-1.2522e+013	-1.2497e+013	1.2497e+013	5.2500e-015
6.200e-001	3.8816e-007	-1.2546e+013	-1.2522e+013	1.2522e+013	5.2500e-015
6.300e-001	3.8819e-007	-1.2570e+013	-1.2546e+013	1.2546e+013	5.2500e-015
6.400e-001	3.8822e-007	-1.2594e+013	-1.2570e+013	1.2570e+013	5.2500e-015
6.500e-001	3.8824e-007	-1.2619e+013	-1.2594e+013	1.2594e+013	5.2500e-015
6.600e-001	3.8827e-007	-1.2643e+013	-1.2619e+013	1.2618e+013	5.2500e-015
6.700e-001	3.8830e-007	-1.2667e+013	-1.2643e+013	1.2643e+013	5.2500e-015
6.800e-001	3.8833e-007	-1.2691e+013	-1.2667e+013	1.2667e+013	5.2500e-015
6.900e-001	3.8835e-007	-1.2715e+013	-1.2691e+013	1.2691e+013	5.2500e-015
7.000e-001	3.8838e-007	-1.2740e+013	-1.2715e+013	1.2715e+013	5.2500e-015
7.100e-001	3.8841e-007	-1.2764e+013	-1.2740e+013	1.2740e+013	5.2500e-015
7.200e-001	3.8843e-007	-1.2788e+013	-1.2764e+013	1.2764e+013	5.2500e-015
7.300e-001	3.8846e-007	-1.2812e+013	-1.2788e+013	1.2788e+013	5.2500e-015
7.400e-001	3.8849e-007	-1.2837e+013	-1.2812e+013	1.2812e+013	5.2500e-015
7.500e-001	3.8851e-007	-1.2861e+013	-1.2837e+013	1.2837e+013	5.2500e-015
7.600e-001	3.8854e-007	-1.2885e+013	-1.2861e+013	1.2861e+013	5.2500e-015
7.700e-001	3.8857e-007	-1.2909e+013	-1.2885e+013	1.2885e+013	5.2500e-015
7.800e-001	3.8859e-007	-1.2934e+013	-1.2909e+013	1.2909e+013	5.2500e-015
7.900e-001	3.8862e-007	-1.2958e+013	-1.2934e+013	1.2934e+013	5.2500e-015
8.000e-001	3.8864e-007	-1.2982e+013	-1.2958e+013	1.2958e+013	5.2500e-015
8.100e-001	3.8867e-007	-1.3006e+013	-1.2982e+013	1.2982e+013	5.2500e-015
8.200e-001	3.8869e-007	-1.3031e+013	-1.3006e+013	1.3006e+013	5.2500e-015
8.300e-001	3.8872e-007	-1.3055e+013	-1.3031e+013	1.3031e+013	5.2500e-015
8.400e-001	3.8874e-007	-1.3079e+013	-1.3055e+013	1.3055e+013	5.2500e-015
8.500e-001	3.8877e-007	-1.3104e+013	-1.3079e+013	1.3079e+013	5.2500e-015
8.600e-001	3.8879e-007	-1.3128e+013	-1.3104e+013	1.3103e+013	5.2500e-015
8.700e-001	3.8882e-007	-1.3152e+013	-1.3128e+013	1.3128e+013	5.2500e-015
8.800e-001	3.8884e-007	-1.3176e+013	-1.3152e+013	1.3152e+013	5.2500e-015
8.900e-001	3.8887e-007	-1.3201e+013	-1.3176e+013	1.3176e+013	5.2500e-015
9.000e-001	3.8889e-007	-1.3225e+013	-1.3201e+013	1.3201e+013	5.2500e-015
9.100e-001	3.8891e-007	-1.3249e+013	-1.3225e+013	1.3225e+013	5.2500e-015
9.200e-001	3.8893e-007	-1.3273e+013	-1.3249e+013	1.3249e+013	5.2500e-015
9.300e-001	3.8896e-007	-1.3298e+013	-1.3273e+013	1.3273e+013	5.2500e-015
9.400e-001	3.8898e-007	-1.3322e+013	-1.3298e+013	1.3298e+013	5.2500e-015
9.500e-001	3.8901e-007	-1.3346e+013	-1.3322e+013	1.3322e+013	5.2500e-015
9.600e-001	3.8903e-007	-1.3371e+013	-1.3346e+013	1.3346e+013	5.2500e-015
9.700e-001	3.8905e-007	-1.3395e+013	-1.3371e+013	1.3370e+013	5.2500e-015
9.800e-001	3.8908e-007	-1.3419e+013	-1.3395e+013	1.3395e+013	5.2500e-015
9.900e-001	3.8910e-007	-1.3443e+013	-1.3419e+013	1.3419e+013	5.2500e-015
1.000e+000	3.8912e-007	-1.3468e+013	-1.3443e+013	1.3443e+013	5.2500e-015
1.010e+000	3.8915e-007	-1.3492e+013	-1.3468e+013	1.3468e+013	5.2500e-015
1.020e+000	3.8917e-007	-1.3516e+013	-1.3492e+013	1.3492e+013	5.2500e-015
1.030e+000	3.8920e-007	-1.3541e+013	-1.3516e+013	1.3516e+013	5.2500e-015
1.040e+000	3.8922e-007	-1.3565e+013	-1.3541e+013	1.3540e+013	5.2500e-015
1.050e+000	3.8925e-007	-1.3589e+013	-1.3565e+013	1.3565e+013	5.2500e-015
1.060e+000	3.8927e-007	-1.3613e+013	-1.3589e+013	1.3589e+013	5.2500e-015
1.070e+000	3.8930e-007	-1.3638e+013	-1.3613e+013	1.3613e+013	5.2500e-015
1.080e+000	3.8933e-007	-1.3662e+013	-1.3638e+013	1.3638e+013	5.2500e-015
1.090e+000	3.8936e-007	-1.3686e+013	-1.3662e+013	1.3662e+013	5.2500e-015
1.100e+000	3.8940e-007	-1.3711e+013	-1.3686e+013	1.3686e+013	5.2500e-015
1.110e+000	3.8943e-007	-1.3735e+013	-1.3711e+013	1.3711e+013	5.2500e-015
1.120e+000	3.8948e-007	-1.3759e+013	-1.3735e+013	1.3735e+013	5.2500e-015
1.130e+000	3.8953e-007	-1.3784e+013	-1.3759e+013	1.3759e+013	5.2500e-015
1.140e+000	3.8959e-007	-1.3808e+013	-1.3784e+013	1.3784e+013	5.2500e-015
1.150e+000	3.8966e-007	-1.3832e+013	-1.3808e+013	1.3808e+013	5.2500e-015
1.160e+000	3.8975e-007	-1.3857e+013	-1.3832e+013	1.3832e+013	5.2500e-015
1.170e+000	3.8986e-007	-1.3881e+013	-1.3857e+013	1.3856e+013	5.2500e-015
1.180e+000	3.9001e-007	-1.3905e+013	-1.3881e+013	1.3881e+013	5.2500e-015
1.190e+000	3.9021e-007	-1.3930e+013	-1.3905e+013	1.3905e+013	5.2500e-015
1.200e+000	3.9046e-007	-1.3954e+013	-1.3930e+013	1.3929e+013	5.2500e-015
1.210e+000	3.9081e-007	-1.3978e+013	-1.3954e+013	1.3954e+013	5.2500e-015
1.220e+000	3.9127e-007	-1.4003e+013	-1.3978e+013	1.3978e+013	5.2500e-015
1.230e+000	3.9190e-007	-1.4027e+013	-1.4003e+013	1.4003e+013	5.2500e-015
1.240e+000	3.9277e-007	-1.4052e+013	-1.4027e+013	1.4027e+013	5.2500e-015
1.250e+000	3.9396e-007	-1.4076e+013	-1.4052e+013	1.4052e+013	5.2500e-015
1.260e+000	3.9560e-007	-1.4101e+013	-1.4076e+013	1.4076e+013	5.2500e-015
1.270e+000	3.9786e-007	-1.4126e+013	-1.4101e+013	1.4101e+013	5.2500e-015
1.280e+000	4.0100e-007	-1.4151e+013	-1.4126e+013	1.4126e+013	5.2500e-015
1.290e+000	4.0536e-007	-1.4176e+013	-1.4151e+013	1.4151e+013	5.2500e-015
1.300e+000	4.1141e-007	-1.4202e+013	-1.4176e+013	1.4176e+013	5.2500e-015
1.310e+000	4.1982e-007	-1.4228e+013	-1.4202e+013	1.4202e+013	5.2500e-015
1.320e+000	4.3149e-007	-1.4255e+013	-1.4228e+013	1.4228e+013	5.2500e-015
1.330e+000	4.4724e-007	-1.4283e+013	-1.4255e+013	1.4255e+013	5.2500e-015
1.340e+000	4.6915e-007	-1.4312e+013	-1.4283e+013	1.4283e+013	5.2500e-015
1.350e+000	4.9908e-007	-1.4343e+013	-1.4312e+013	1.4312e+013	5.2500e-015
1.360e+000	5.3989e-007	-1.4377e+013	-1.4343e+013	1.4343e+013	5.2500e-015
1.370e+000	5.9353e-007	-1.4414e+013	-1.4377e+013	1.4377e+013	5.2500e-015
1.380e+000	6.6437e-007	-1.4456e+013	-1.4414e+013	1.4414e+013	5.2500e-015
1.390e+000	7.5539e-007	-1.4503e+013	-1.4456e+013	1.4455e+013	5.2500e-015
1.400e+000	8.6808e-007	-1.4557e+013	-1.4503e+013	1.4503e+013	5.2500e-015
1.410e+000	1.0044e-006	-1.4620e+013	-1.4557e+013	1.4557e+013	5.2500e-015
1.420e+000	1.1619e-006	-1.4692e+013	-1.4620e+013	1.4619e+013	5.2500e-015
1.430e+000	1.3375e-006	-1.4776e+013	-1.4692e+013	1.4692e+013	5.2500e-015
1.440e+000	1.5244e-006	-1.4871e+013	-1.4776e+013	1.4775e+013	5.2500e-015
1.450e+000	1.7163e-006	-1.4978e+013	-1.4871e+013	1.4871e+013	5.2500e-015
1.460e+000	1.9060e-006	-1.5097e+013	-1.4978e+013	1.4978e+013	5.2500e-015
1.470e+000	2.0883e-006	-1.5227e+013	-1.5097e+013	1.5097e+013	5.2500e-015
1.480e+000	2.2592e-006	-1.5368e+013	-1.5227e+013	1.5227e+013	5.2500e-015
1.490e+000	2.4172e-006	-1.5519e+013	-1.5368e+013	1.5368e+013	5.2500e-015
1.500e+000	2.5613e-006	-1.5679e+013	-1.5519e+013	1.5519e+013	5.2500e-015
1.510e+000	2.6920e-006	-1.5847e+013	-1.5679e+013	1.5679e+013	5.2500e-015
1.520e+000	2.8103e-006	-1.6022e+013	-1.5847e+013	1.5847e+013	5.2500e-015
1.530e+000	2.9173e-006	-1.6204e+013	-1.6022e+013	1.6022e+013	5.2500e-015
1.540e+000	3.0144e-006	-1.6392e+013	-1.6204e+013	1.6204e+013	5.2500e-015
1.550e+000	3.1028e-006	-1.6586e+013	-1.6392e+013	1.6392e+013	5.2500e-015
1.560e+000	3.1835e-006	-1.6785e+013	-1.6586e+013	1.6586e+013	5.2500e-015
1.570e+000	3.2578e-006	-1.6988e+013	-1.6785e+013	1.6785e+013	5.2500e-015
1.580e+000	3.3263e-006	-1.7196e+013	-1.6988e+013	1.6988e+013	5.2500e-015
1.590e+000	3.3898e-006	-1.7407e+013	-1.7196e+013	1.7196e+013	5.2500e-015
1.600e+000	3.4490e-006	-1.7623e+013	-1.7407e+013	1.7407e+013	5.2500e-015
1.610e+000	3.5044e-006	-1.7841e+013	-1.7623e+013	1.7623e+013	5.2500e-015
1.620e+000	3.5566e-006	-1.8063e+013	-1.7841e+013	1.7841e+013	5.2500e-015
1.630e+000	3.6058e-006	-1.8288e+013	-1.8063e+013	1.8063e+013	5.2500e-015
1.640e+000	3.6524e-006	-1.8516e+013	-1.8288e+013	1.8288e+013	5.2500e-015
1.650e+000	3.6967e-006	-1.8747e+013	-1.8516e+013	1.8516e+013	5.2500e-015
1.660e+000	3.7389e-006	-1.8980e+013	-1.8747e+013	1.8747e+013	5.2500e-015
1.670e+000	3.7793e-006	-1.9216e+013	-1.8980e+013	1.8980e+013	5.2500e-015
1.680e+000	3.8180e-006	-1.9455e+013	-1.9216e+013	1.9216e+013	5.2500e-015
1.690e+000	3.8552e-006	-1.9695e+013	-1.9455e+013	1.9455e+013	5.2500e-015
1.700e+000	3.8910e-006	-1.9938e+013	-1.9695e+013	1.9695e+013	5.2500e-015
1.710e+000	3.9256e-006	-2.0183e+013	-1.9938e+013	1.9938e+013	5.2500e-015
1.720e+000	3.9524e-006	-2.0430e+013	-2.0183e+013	2.0183e+013	5.2500e-015
1.730e+000	3.9467e-006	-2.0676e+013	-2.0430e+013	2.0430e+013	5.2500e-015
1.740e+000	3.9725e-006	-2.0924e+013	-2.0676e+013	2.0676e+013	5.2500e-015
1.750e+000	3.9974e-006	-2.1174e+013	-2.0924e+013	2.0924e+013	5.2500e-015
1.760e+000	4.0214e-006	-2.1425e+013	-2.1174e+013	2.1174e+013	5.2500e-015
1.770e+000	4.0445e-006	-2.1677e+013	-2.1425e+013	2.1425e+013	5.2500e-015
1.780e+000	4.0668e-006	-2.1931e+013	-2.1677e+013	2.1677e+013	5.2500e-015
1.790e+000	4.0884e-006	-2.2186e+013	-2.1931e+013	2.1931e+013	5.2500e-015
1.800e+000	4.1092e-006	-2.2443e+013	-2.2186e+013	2.2186e+013	5.2500e-015
1.810e+000	4.1295e-006	-2.2700e+013	-2.2443e+013	2.2442e+013	5.2500e-015
1.820e+000	4.1491e-006	-2.2959e+013	-2.2700e+013	2.2700e+013	5.2500e-015
1.830e+000	4.1682e-006	-2.3219e+013	-2.2959e+013	2.2959e+013	5.2500e-015
1.840e+000	4.1867e-006	-2.3481e+013	-2.3219e+013	2.3219e+013	5.2500e-015
1.850e+000	4.2047e-006	-2.3743e+013	-2.3481e+013	2.3481e+013	5.2500e-015
1.860e+000	4.2223e-006	-2.4007e+013	-2.3743e+013	2.3743e+013	5.2500e-015
1.870e+000	4.2393e-006	-2.4271e+013	-2.4007e+013	2.4007e+013	5.2500e-015
1.880e+000	4.2560e-006	-2.4537e+013	-2.4271e+013	2.4271e+013	5.2500e-015
1.890e+000	4.2722e-006	-2.4804e+013	-2.4537e+013	2.4537e+013	5.2500e-015
1.900e+000	4.2881e-006	-2.5071e+013	-2.4804e+013	2.4804e+013	5.2500e-015
1.910e+000	4.3035e-006	-2.5340e+013	-2.5071e+013	2.5071e+013	5.2500e-015
1.920e+000	4.3186e-006	-2.5609e+013	-2.5340e+013	2.5340e+013	5.2500e-015
1.930e+000	4.3334e-006	-2.5880e+013	-2.5609e+013	2.5609e+013	5.2500e-015
1.940e+000	4.3479e-006	-2.6151e+013	-2.5880e+013	2.5880e+013	5.2500e-015
1.950e+000	4.3620e-006	-2.6423e+013	-2.6151e+013	2.6151e+013	5.2500e-015
1.960e+000	4.3759e-006	-2.6697e+013	-2.6423e+013	2.6423e+013	5.2500e-015
1.970e+000	4.3894e-006	-2.6971e+013	-2.6697e+013	2.6697e+013	5.2500e-015
1.980e+000	4.3972e-006	-2.7245e+013	-2.6971e+013	2.6970e+013	5.2500e-015
1.990e+000	4.4061e-006	-2.7520e+013	-2.7245e+013	2.7245e+013	5.2500e-015
2.000e+000	4.4184e-006	-2.7796e+013	-2.7520e+013	2.7520e+013	5.2500e-015
2.010e+000	4.4305e-006	-2.8072e+013	-2.7796e+013	2.7796e+013	5.2500e-015
2.020e+000	4.4423e-006	-2.8350e+013	-2.8072e+013	2.8072e+013	5.2500e-015
2.030e+000	4.4539e-006	-2.8628e+013	-2.8350e+013	2.8350e+013	5.2500e-015
2.040e+000	4.4654e-006	-2.8906e+013	-2.8628e+013	2.8628e+013	5.2500e-015
2.050e+000	4.4766e-006	-2.9186e+013	-2.8906e+013	2.8906e+013	5.2500e-015
2.060e+000	4.4876e-006	-2.9466e+013	-2.9186e+013	2.9186e+013	5.2500e-015
2.070e+000	4.4984e-006	-2.9747e+013	-2.9466e+013	2.9466e+013	5.2500e-015
2.080e+000	4.5090e-006	-3.0028e+013	-2.9747e+013	2.9746e+013	5.2500e-015
2.090e+000	4.5194e-006	-3.0310e+013	-3.0028e+013	3.0028e+013	5.2500e-015
2.100e+000	4.5297e-006	-3.0593e+013	-3.0310e+013	3.0310e+013	5.2500e-015
2.110e+000	4.5398e-006	-3.0876e+013	-3.0593e+013	3.0593e+013	5.2500e-015
2.120e+000	4.5498e-006	-3.1160e+013	-3.0876e+013	3.0876e+013	5.2500e-015
2.130e+000	4.5596e-006	-3.1445e+013	-3.1160e+013	3.1160e+013	5.2500e-015
2.140e+000	4.5692e-006	-3.1730e+013	-3.1445e+013	3.1445e+013	5.2500e-015
2.150e+000	4.5787e-006	-3.2016e+013	-3.1730e+013	3.1730e+013	5.2500e-015
2.160e+000	4.5881e-006	-3.2302e+013	-3.2016e+013	3.2016e+013	5.2500e-015
2.170e+000	4.5973e-006	-3.2589e+013	-3.2302e+013	3.2302e+013	5.2500e-015
2.180e+000	4.6064e-006	-3.2876e+013	-3.2589e+013	3.2589e+013	5.2500e-015
2.190e+000	4.6153e-006	-3.3164e+013	-3.2876e+013	3.2876e+013	5.2500e-015
2.200e+000	4.6241e-006	-3.3453e+013	-3.3164e+013	3.3164e+013	5.2500e-015
2.210e+000	4.6328e-006	-3.3742e+013	-3.3453e+013	3.3453e+013	5.2500e-015
2.220e+000	4.6414e-006	-3.4032e+013	-3.3742e+013	3.3742e+013	5.2500e-015
2.230e+000	4.6499e-006	-3.4322e+013	-3.4032e+013	3.4032e+013	5.2500e-015
2.240e+000	4.6582e-006	-3.4613e+013	-3.4322e+013	3.4322e+013	5.2500e-015
2.250e+000	4.6664e-006	-3.4904e+013	-3.4613e+013	3.4613e+013	5.2500e-015
2.260e+000	4.6746e-006	-3.5196e+013	-3.4904e+013	3.4904e+013	5.2500e-015
2.270e+000	4.6826e-006	-3.5488e+013	-3.5196e+013	3.5196e+013	5.2500e-015
2.280e+000	4.6905e-006	-3.5781e+013	-3.5488e+013	3.5488e+013	5.2500e-015
2.290e+000	4.6983e-006	-3.6074e+013	-3.5781e+013	3.5781e+013	5.2500e-015
2.300e+000	4.7061e-006	-3.6368e+013	-3.6074e+013	3.6074e+013	5.2500e-015
2.310e+000	4.7137e-006	-3.6662e+013	-3.6368e+013	3.6368e+013	5.2500e-015
2.320e+000	4.7212e-006	-3.6957e+013	-3.6662e+013	3.6662e+013	5.2500e-015
2.330e+000	4.7287e-006	-3.7252e+013	-3.6957e+013	3.6957e+013	5.2500e-015
2.340e+000	4.7360e-006	-3.7548e+013	-3.7252e+013	3.7252e+013	5.2500e-015
2.350e+000	4.7433e-006	-3.7844e+013	-3.7548e+013	3.7548e+013	5.2500e-015
2.360e+000	4.7505e-006	-3.8140e+013	-3.7844e+013	3.7844e+013	5.2500e-015
2.370e+000	4.7576e-006	-3.8437e+013	-3.8140e+013	3.8140e+013	5.2500e-015
2.380e+000	4.7646e-006	-3.8734e+013	-3.8437e+013	3.8437e+013	5.2500e-015
2.390e+000	4.7716e-006	-3.9032e+013	-3.8734e+013	3.8734e+013	5.2500e-015
2.400e+000	4.7784e-006	-3.9331e+013	-3.9032e+013	3.9032e+013	5.2500e-015
2.410e+000	4.7852e-006	-3.9629e+013	-3.9331e+013	3.9330e+013	5.2500e-015
2.420e+000	4.7919e-006	-3.9928e+013	-3.9629e+013	3.9629e+013	5.2500e-015
2.430e+000	4.7986e-006	-4.0228e+013	-3.9928e+013	3.9928e+013	5.2500e-015
2.440e+000	4.8052e-006	-4.0528e+013	-4.0228e+013	4.0228e+013	5.2500e-015
2.450e+000	4.8117e-006	-4.0828e+013	-4.0528e+013	4.0528e+013	5.2500e-015
2.460e+000	4.8181e-006	-4.1129e+013	-4.0828e+013	4.0828e+013	5.2500e-015
2.470e+000	4.8245e-006	-4.1430e+013	-4.1129e+013	4.1129e+013	5.2500e-015
2.480e+000	4.8308e-006	-4.1731e+013	-4.1430e+013	4.1430e+013	5.2500e-015
2.490e+000	4.8370e-006	-4.2033e+013	-4.1731e+013	4.1731e+013	5.2500e-015
2.500e+000	4.8432e-006	-4.2336e+013	-4.2033e+013	4.2033e+013	5.2500e-015
2.510e+000	4.8493e-006	-4.2638e+013	-4.2336e+013	4.2336e+013	5.2500e-015
2.520e+000	4.8554e-006	-4.2941e+013	-4.2638e+013	4.2638e+013	5.2500e-015
2.530e+000	4.8614e-006	-4.3245e+013	-4.2941e+013	4.2941e+013	5.2500e-015
2.540e+000	4.8673e-006	-4.3548e+013	-4.3245e+013	4.3245e+013	5.2500e-015
2.550e+000	4.8732e-006	-4.3853e+013	-4.3548e+013	4.3548e+013	5.2500e-015
2.560e+000	4.8785e-006	-4.4157e+013	-4.3853e+013	4.3853e+013	5.2500e-015
2.570e+000	4.8832e-006	-4.4462e+013	-4.4157e+013	4.4157e+013	5.2500e-015
2.580e+000	4.8889e-006	-4.4767e+013	-4.4462e+013	4.4462e+013	5.2500e-015
2.590e+000	4.8945e-006	-4.5073e+013	-4.4767e+013	4.4767e+013	5.2500e-015
2.600e+000	4.9001e-006	-4.5378e+013	-4.5073e+013	4.5073e+013	5.2500e-015
2.610e+000	4.9056e-006	-4.5685e+013	-4.5378e+013	4.5378e+013	5.2500e-015
2.620e+000	4.9111e-006	-4.5991e+013	-4.5685e+013	4.5685e+013	5.2500e-015
2.630e+000	4.9166e-006	-4.6298e+013	-4.5991e+013	4.5991e+013	5.2500e-015
2.640e+000	4.9219e-006	-4.6605e+013	-4.6298e+013	4.6298e+013	5.2500e-015
2.650e+000	4.9273e-006	-4.6913e+013	-4.6605e+013	4.6605e+013	5.2500e-015
2.660e+000	4.9326e-006	-4.7221e+013	-4.6913e+013	4.6913e+013	5.2500e-015
2.670e+000	4.9378e-006	-4.7529e+013	-4.7221e+013	4.7221e+013	5.2500e-015
2.680e+000	4.9430e-006	-4.7837e+013	-4.7529e+013	4.7529e+013	5.2500e-015
2.690e+000	4.9482e-006	-4.8146e+013	-4.7837e+013	4.7837e+013	5.2500e-015
2.700e+000	4.9533e-006	-4.8455e+013	-4.8146e+013	4.8146e+013	5.2500e-015
2.710e+000	4.9584e-006	-4.8765e+013	-4.8455e+013	4.8455e+013	5.2500e-015
2.720e+000	4.9634e-006	-4.9075e+013	-4.8765e+013	4.8765e+013	5.2500e-015
2.730e+000	4.9684e-006	-4.9385e+013	-4.9075e+013	4.9075e+013	5.2500e-015
2.740e+000	4.9734e-006	-4.9695e+013	-4.9385e+013	4.9385e+013	5.2500e-015
2.750e+000	4.9783e-006	-5.0006e+013	-4.9695e+013	4.9695e+013	5.2500e-015
2.760e+000	4.9831e-006	-5.0317e+013	-5.0006e+013	5.0006e+013	5.2500e-015
2.770e+000	4.9880e-006	-5.0628e+013	-5.0317e+013	5.0317e+013	5.2500e-015
2.780e+000	4.9928e-006	-5.0940e+013	-5.0628e+013	5.0628e+013	5.2500e-015
2.790e+000	4.9975e-006	-5.1252e+013	-5.0940e+013	5.0940e+013	5.2500e-015
2.800e+000	5.0022e-006	-5.1564e+013	-5.1252e+013	5.1252e+013	5.2500e-015
2.810e+000	5.0069e-006	-5.1876e+013	-5.1564e+013	5.1564e+013	5.2500e-015
2.820e+000	5.0116e-006	-5.2189e+013	-5.1876e+013	5.1876e+013	5.2500e-015
2.830e+000	5.0162e-006	-5.2502e+013	-5.2189e+013	5.2189e+013	5.2500e-015
2.840e+000	5.0207e-006	-5.2816e+013	-5.2502e+013	5.2502e+013	5.2500e-015
2.850e+000	5.0253e-006	-5.3129e+013	-5.2816e+013	5.2816e+013	5.2500e-015
2.860e+000	5.0298e-006	-5.3443e+013	-5.3129e+013	5.3129e+013	5.2500e-015
2.870e+000	5.0343e-006	-5.3757e+013	-5.3443e+013	5.3443e+013	5.2500e-015
2.880e+000	5.0387e-006	-5.4072e+013	-5.3757e+013	5.3757e+013	5.2500e-015
2.890e+000	5.0431e-006	-5.4387e+013	-5.4072e+013	5.4072e+013	5.2500e-015
2.900e+000	5.0475e-006	-5.4702e+013	-5.4387e+013	5.4387e+013	5.2500e-015
2.910e+000	5.0518e-006	-5.5017e+013	-5.4702e+013	5.4702e+013	5.2500e-015
2.920e+000	5.0561e-006	-5.5333e+013	-5.5017e+013	5.5017e+013	5.2500e-015
2.930e+000	5.0604e-006	-5.5648e+013	-5.5333e+013	5.5333e+013	5.2500e-015
2.940e+000	5.0647e-006	-5.5965e+013	-5.5648e+013	5.5648e+013	5.2500e-015
2.950e+000	5.0689e-006	-5.6281e+013	-5.5965e+013	5.5965e+013	5.2500e-015
2.960e+000	5.0731e-006	-5.6598e+013	-5.6281e+013	5.6281e+013	5.2500e-015
2.970e+000	5.0772e-006	-5.6914e+013	-5.6598e+013	5.6598e+013	5.2500e-015
2.980e+000	5.0814e-006	-5.7232e+013	-5.6914e+013	5.6914e+013	5.2500e-015
2.990e+000	5.0855e-006	-5.7549e+013	-5.7232e+013	5.7232e+013	5.2500e-015
3.000e+000	5.0896e-006	-5.7867e+013	-5.7549e+013	5.7549e+013	5.2500e-015
3.010e+000	5.0936e-006	-5.8185e+013	-5.7867e+013	5.7867e+013	5.2500e-015
3.020e+000	5.0976e-006	-5.8503e+013	-5.8185e+013	5.8185e+013	5.2500e-015
3.030e+000	5.1016e-006	-5.8821e+013	-5.8503e+013	5.8503e+013	5.2500e-015
3.040e+000	5.1056e-006	-5.9140e+013	-5.8821e+013	5.8821e+013	5.2500e-015
3.050e+000	5.1095e-006	-5.9459e+013	-5.9140e+013	5.9140e+013	5.2500e-015
3.060e+000	5.1135e-006	-5.9778e+013	-5.9459e+013	5.9459e+013	5.2500e-015
3.070e+000	5.1173e-006	-6.0097e+013	-5.9778e+013	5.9778e+013	5.2500e-015
3.080e+000	5.1212e-006	-6.0417e+013	-6.0097e+013	6.0097e+013	5.2500e-015
3.090e+000	5.1250e-006	-6.0737e+013	-6.0417e+013	6.0417e+013	5.2500e-015
3.100e+000	5.1289e-006	-6.1057e+013	-6.0737e+013	6.0737e+013	5.2500e-015
3.110e+000	5.1327e-006	-6.1377e+013	-6.1057e+013	6.1057e+013	5.2500e-015
3.120e+000	5.1364e-006	-6.1698e+013	-6.1377e+013	6.1377e+013	5.2500e-015
3.130e+000	5.1402e-006	-6.2019e+013	-6.1698e+013	6.1698e+013	5.2500e-015
3.140e+000	5.1439e-006	-6.2340e+013	-6.2019e+013	6.2019e+013	5.2500e-015
3.150e+000	5.1476e-006	-6.2661e+013	-6.2340e+013	6.2340e+013	5.2500e-015
3.160e+000	5.1513e-006	-6.2983e+013	-6.2661e+013	6.2661e+013	5.2500e-015
3.170e+000	5.1549e-006	-6.3304e+013	-6.2983e+013	6.2983e+013	5.2500e-015
3.180e+000	5.1585e-006	-6.3626e+013	-6.3304e+013	6.3304e+013	5.2500e-015
3.190e+000	5.1621e-006	-6.3949e+013	-6.3626e+013	6.3626e+013	5.2500e-015
3.200e+000	5.1657e-006	-6.4271e+013	-6.3949e+013	6.3948e+013	5.2500e-015
3.210e+000	5.1693e-006	-6.4594e+013	-6.4271e+013	6.4271e+013	5.2500e-015
3.220e+000	5.1728e-006	-6.4916e+013	-6.4594e+013	6.4594e+013	5.2500e-015
3.230e+000	5.1764e-006	-6.5240e+013	-6.4916e+013	6.4916e+013	5.2500e-015
3.240e+000	5.1799e-006	-6.5563e+013	-6.5240e+013	6.5239e+013	5.2500e-015
3.250e+000	5.1833e-006	-6.5886e+013	-6.5563e+013	6.5563e+013	5.2500e-015
3.260e+000	5.1868e-006	-6.6210e+013	-6.5886e+013	6.5886e+013	5.2500e-015
3.270e+000	5.1902e-006	-6.6534e+013	-6.6210e+013	6.6210e+013	5.2500e-015
3.280e+000	5.1937e-006	-6.6858e+013	-6.6534e+013	6.6534e+013	5.2500e-015
3.290e+000	5.1971e-006	-6.7183e+013	-6.6858e+013	6.6858e+013	5.2500e-015
3.300e+000	5.2004e-006	-6.7507e+013	-6.7183e+013	6.7183e+013	5.2500e-015
3.310e+000	5.2038e-006	-6.7832e+013	-6.7507e+013	6.7507e+013	5.2500e-015
3.320e+000	5.2071e-006	-6.8157e+013	-6.7832e+013	6.7832e+013	5.2500e-015
3.330e+000	5.2105e-006	-6.8482e+013	-6.8157e+013	6.8157e+013	5.2500e-015
3.340e+000	5.2138e-006	-6.8808e+013	-6.8482e+013	6.8482e+013	5.2500e-015
3.350e+000	5.2170e-006	-6.9133e+013	-6.8808e+013	6.8808e+013	5.2500e-015
3.360e+000	5.2203e-006	-6.9459e+013	-6.9133e+013	6.9133e+013	5.2500e-015
3.370e+000	5.2236e-006	-6.9785e+013	-6.9459e+013	6.9459e+013	5.2500e-015
3.380e+000	5.2268e-006	-7.0111e+013	-6.9785e+013	6.9785e+013	5.2500e-015
3.390e+000	5.2300e-006	-7.0438e+013	-7.0111e+013	7.0111e+013	5.2500e-015
3.400e+000	5.2332e-006	-7.0764e+013	-7.0438e+013	7.0438e+013	5.2500e-015
3.410e+000	5.2364e-006	-7.1091e+013	-7.0764e+013	7.0764e+013	5.2500e-015
3.420e+000	5.2395e-006	-7.1418e+013	-7.1091e+013	7.1091e+013	5.2500e-015
3.430e+000	5.2427e-006	-7.1745e+013	-7.1418e+013	7.1418e+013	5.2500e-015
3.440e+000	5.2458e-006	-7.2073e+013	-7.1745e+013	7.1745e+013	5.2500e-015
3.450e+000	5.2489e-006	-7.2400e+013	-7.2073e+013	7.2073e+013	5.2500e-015
3.460e+000	5.2520e-006	-7.2728e+013	-7.2400e+013	7.2400e+013	5.2500e-015
3.470e+000	5.2551e-006	-7.3056e+013	-7.2728e+013	7.2728e+013	5.2500e-015
3.480e+000	5.2582e-006	-7.3384e+013	-7.3056e+013	7.3056e+013	5.2500e-015
3.490e+000	5.2612e-006	-7.3713e+013	-7.3384e+013	7.3384e+013	5.2500e-015
3.500e+000	5.2642e-006	-7.4041e+013	-7.3713e+013	7.3713e+013	5.2500e-015
3.510e+000	5.2672e-006	-7.4370e+013	-7.4041e+013	7.4041e+013	5.2500e-015
3.520e+000	5.2702e-006	-7.4699e+013	-7.4370e+013	7.4370e+013	5.2500e-015
3.530e+000	5.2732e-006	-7.5028e+013	-7.4699e+013	7.4699e+013	5.2500e-015
3.540e+000	5.2762e-006	-7.5358e+013	-7.5028e+013	7.5028e+013	5.2500e-015
3.550e+000	5.2791e-006	-7.5687e+013	-7.5358e+013	7.5357e+013	5.2500e-015
3.560e+000	5.2821e-006	-7.6017e+013	-7.5687e+013	7.5687e+013	5.2500e-015
3.570e+000	5.2850e-006	-7.6347e+013	-7.6017e+013	7.6017e+013	5.2500e-015
3.580e+000	5.2879e-006	-7.6677e+013	-7.6347e+013	7.6347e+013	5.2500e-015
3.590e+000	5.2908e-006	-7.7007e+013	-7.6677e+013	7.6677e+013	5.2500e-015
3.600e+000	5.2937e-006	-7.7337e+013	-7.7007e+013	7.7007e+013	5.2500e-015
3.610e+000	5.2966e-006	-7.7668e+013	-7.7337e+013	7.7337e+013	5.2500e-015
3.620e+000	5.2994e-006	-7.7999e+013	-7.7668e+013	7.7668e+013	5.2500e-015
3.630e+000	5.3022e-006	-7.8330e+013	-7.7999e+013	7.7999e+013	5.2500e-015
3.640e+000	5.3051e-006	-7.8661e+013	-7.8330e+013	7.8329e+013	5.2500e-015
3.650e+000	5.3079e-006	-7.8992e+013	-7.8661e+013	7.8661e+013	5.2500e-015
3.660e+000	5.3107e-006	-7.9323e+013	-7.8992e+013	7.8992e+013	5.2500e-015
3.670e+000	5.3135e-006	-7.9655e+013	-7.9323e+013	7.9323e+013	5.2500e-015
3.680e+000	5.3162e-006	-7.9987e+013	-7.9655e+013	7.9655e+013	5.2500e-015
3.690e+000	5.3190e-006	-8.0319e+013	-7.9987e+013	7.9987e+013	5.2500e-015
3.700e+000	5.3217e-006	-8.0651e+013	-8.0319e+013	8.0319e+013	5.2500e-015
3.710e+000	5.3245e-006	-8.0983e+013	-8.0651e+013	8.0651e+013	5.2500e-015
3.720e+000	5.3272e-006	-8.1316e+013	-8.0983e+013	8.0983e+013	5.2500e-015
3.730e+000	5.3299e-006	-8.1648e+013	-8.1316e+013	8.1316e+013	5.2500e-015
3.740e+000	5.3326e-006	-8.1981e+013	-8.1648e+013	8.1648e+013	5.2500e-015
3.750e+000	5.3353e-006	-8.2314e+013	-8.1981e+013	8.1981e+013	5.2500e-015
3.760e+000	5.3379e-006	-8.2647e+013	-8.2314e+013	8.2314e+013	5.2500e-015
3.770e+000	5.3406e-006	-8.2981e+013	-8.2647e+013	8.2647e+013	5.2500e-015
3.780e+000	5.3432e-006	-8.3314e+013	-8.2981e+013	8.2981e+013	5.2500e-015
3.790e+000	5.3458e-006	-8.3648e+013	-8.3314e+013	8.3314e+013	5.2500e-015
3.800e+000	5.3485e-006	-8.3982e+013	-8.3648e+013	8.3648e+013	5.2500e-015
3.810e+000	5.3511e-006	-8.4316e+013	-8.3982e+013	8.3982e+013	5.2500e-015
3.820e+000	5.3537e-006	-8.4650e+013	-8.4316e+013	8.4316e+013	5.2500e-015
3.830e+000	5.3562e-006	-8.4984e+013	-8.4650e+013	8.4650e+013	5.2500e-015
3.840e+000	5.3588e-006	-8.5319e+013	-8.4984e+013	8.4984e+013	5.2500e-015
3.850e+000	5.3614e-006	-8.5653e+013	-8.5319e+013	8.5319e+013	5.2500e-015
3.860e+000	5.3639e-006	-8.5988e+013	-8.5653e+013	8.5653e+013	5.2500e-015
3.870e+000	5.3665e-006	-8.6323e+013	-8.5988e+013	8.5988e+013	5.2500e-015
3.880e+000	5.3690e-006	-8.6658e+013	-8.6323e+013	8.6323e+013	5.2500e-015
3.890e+000	5.3715e-006	-8.6993e+013	-8.6658e+013	8.6658e+013	5.2500e-015
3.900e+000	5.3740e-006	-8.7329e+013	-8.6993e+013	8.6993e+013	5.2500e-015
3.910e+000	5.3765e-006	-8.7664e+013	-8.7329e+013	8.7329e+013	5.2500e-015
3.920e+000	5.3790e-006	-8.8000e+013	-8.7664e+013	8.7664e+013	5.2500e-015
3.930e+000	5.3815e-006	-8.8336e+013	-8.8000e+013	8.8000e+013	5.2500e-015
3.940e+000	5.3839e-006	-8.8672e+013	-8.8336e+013	8.8336e+013	5.2500e-015
3.950e+000	5.3864e-006	-8.9008e+013	-8.8672e+013	8.8672e+013	5.2500e-015
3.960e+000	5.3888e-006	-8.9345e+013	-8.9008e+013	8.9008e+013	5.2500e-015
3.970e+000	5.3912e-006	-8.9681e+013	-8.9345e+013	8.9345e+013	5.2500e-015
3.980e+000	5.3937e-006	-9.0018e+013	-8.9681e+013	8.9681e+013	5.2500e-015
3.990e+000	5.3961e-006	-9.0355e+013	-9.0018e+013	9.0018e+013	5.2500e-015
4.000e+000	5.3985e-006	-9.0691e+013	-9.0355e+013	9.0355e+013	5.2500e-015
4.010e+000	5.4009e-006	-9.1029e+013	-9.0691e+013	9.0691e+013	5.2500e-015
4.020e+000	5.4032e-006	-9.1366e+013	-9.1029e+013	9.1029e+013	5.2500e-015
4.030e+000	5.4056e-006	-9.1703e+013	-9.1366e+013	9.1366e+013	5.2500e-015
4.040e+000	5.4080e-006	-9.2041e+013	-9.1703e+013	9.1703e+013	5.2500e-015
4.050e+000	5.4103e-006	-9.2378e+013	-9.2041e+013	9.2041e+013	5.2500e-015
4.060e+000	5.4127e-006	-9.2716e+013	-9.2378e+013	9.2378e+013	5.2500e-015
4.070e+000	5.4150e-006	-9.3054e+013	-9.2716e+013	9.2716e+013	5.2500e-015
4.080e+000	5.4173e-006	-9.3392e+013	-9.3054e+013	9.3054e+013	5.2500e-015
4.090e+000	5.4196e-006	-9.3731e+013	-9.3392e+013	9.3392e+013	5.2500e-015
4.100e+000	5.4219e-006	-9.4069e+013	-9.3731e+013	9.3731e+013	5.2500e-015
4.110e+000	5.4241e-006	-9.4408e+013	-9.4069e+013	9.4069e+013	5.2500e-015
4.120e+000	5.4263e-006	-9.4746e+013	-9.4408e+013	9.4408e+013	5.2500e-015
4.130e+000	5.4286e-006	-9.5085e+013	-9.4746e+013	9.4746e+013	5.2500e-015
4.140e+000	5.4308e-006	-9.5424e+013	-9.5085e+013	9.5085e+013	5.2500e-015
4.150e+000	5.4331e-006	-9.5763e+013	-9.5424e+013	9.5424e+013	5.2500e-015
4.160e+000	5.4353e-006	-9.6102e+013	-9.5763e+013	9.5763e+013	5.2500e-015
4.170e+000	5.4376e-006	-9.6442e+013	-9.6102e+013	9.6102e+013	5.2500e-015
4.180e+000	5.4398e-006	-9.6781e+013	-9.6442e+013	9.6442e+013	5.2500e-015
4.190e+000	5.4420e-006	-9.7121e+013	-9.6781e+013	9.6781e+013	5.2500e-015
4.200e+000	5.4442e-006	-9.7461e+013	-9.7121e+013	9.7121e+013	5.2500e-015
4.210e+000	5.4464e-006	-9.7801e+013	-9.7461e+013	9.7461e+013	5.2500e-015
4.220e+000	5.4486e-006	-9.8141e+013	-9.7801e+013	9.7801e+013	5.2500e-015
4.230e+000	5.4508e-006	-9.8481e+013	-9.8141e+013	9.8141e+013	5.2500e-015
4.240e+000	5.4530e-006	-9.8821e+013	-9.8481e+013	9.8481e+013	5.2500e-015
4.250e+000	5.4552e-006	-9.9162e+013	-9.8821e+013	9.8821e+013	5.2500e-015
4.260e+000	5.4573e-006	-9.9502e+013	-9.9162e+013	9.9162e+013	5.2500e-015
4.270e+000	5.4595e-006	-9.9843e+013	-9.9502e+013	9.9502e+013	5.2500e-015
4.280e+000	5.4616e-006	-1.0018e+014	-9.9843e+013	9.9843e+013	5.2500e-015
4.290e+000	5.4638e-006	-1.0053e+014	-1.0018e+014	1.0018e+014	5.2500e-015
4.300e+000	5.4659e-006	-1.0087e+014	-1.0053e+014	1.0053e+014	5.2500e-015
4.310e+000	5.4680e-006	-1.0121e+014	-1.0087e+014	1.0087e+014	5.2500e-015
4.320e+000	5.4701e-006	-1.0155e+014	-1.0121e+014	1.0121e+014	5.2500e-015
4.330e+000	5.4722e-006	-1.0189e+014	-1.0155e+014	1.0155e+014	5.2500e-015
4.340e+000	5.4743e-006	-1.0223e+014	-1.0189e+014	1.0189e+014	5.2500e-015
4.350e+000	5.4764e-006	-1.0257e+014	-1.0223e+014	1.0223e+014	5.2500e-015
4.360e+000	5.4785e-006	-1.0292e+014	-1.0257e+014	1.0257e+014	5.2500e-015
4.370e+000	5.4806e-006	-1.0326e+014	-1.0292e+014	1.0292e+014	5.2500e-015
4.380e+000	5.4826e-006	-1.0360e+014	-1.0326e+014	1.0326e+014	5.2500e-015
4.390e+000	5.4847e-006	-1.0394e+014	-1.0360e+014	1.0360e+014	5.2500e-015
4.400e+000	5.4867e-006	-1.0428e+014	-1.0394e+014	1.0394e+014	5.2500e-015
4.410e+000	5.4888e-006	-1.0463e+014	-1.0428e+014	1.0428e+014	5.2500e-015
4.420e+000	5.4908e-006	-1.0497e+014	-1.0463e+014	1.0463e+014	5.2500e-015
4.430e+000	5.4928e-006	-1.0531e+014	-1.0497e+014	1.0497e+014	5.2500e-015
4.440e+000	5.4948e-006	-1.0566e+014	-1.0531e+014	1.0531e+014	5.2500e-015
4.450e+000	5.4969e-006	-1.0600e+014	-1.0566e+014	1.0566e+014	5.2500e-015
4.460e+000	5.4989e-006	-1.0634e+014	-1.0600e+014	1.0600e+014	5.2500e-015
4.470e+000	5.5009e-006	-1.0669e+014	-1.0634e+014	1.0634e+014	5.2500e-015
4.480e+000	5.5029e-006	-1.0703e+014	-1.0669e+014	1.0669e+014	5.2500e-015
4.490e+000	5.5048e-006	-1.0737e+014	-1.0703e+014	1.0703e+014	5.2500e-015
4.500e+000	5.5068e-006	-1.0772e+014	-1.0737e+014	1.0737e+014	5.2500e-015
4.510e+000	5.5088e-006	-1.0806e+014	-1.0772e+014	1.0772e+014	5.2500e-015
4.520e+000	5.5108e-006	-1.0840e+014	-1.0806e+014	1.0806e+014	5.2500e-015
4.530e+000	5.5127e-006	-1.0875e+014	-1.0840e+014	1.0840e+014	5.2500e-015
4.540e+000	5.5147e-006	-1.0909e+014	-1.0875e+014	1.0875e+014	5.2500e-015
4.550e+000	5.5166e-006	-1.0944e+014	-1.0909e+014	1.0909e+014	5.2500e-015
4.560e+000	5.5185e-006	-1.0978e+014	-1.0944e+014	1.0944e+014	5.2500e-015
4.570e+000	5.5205e-006	-1.1013e+014	-1.0978e+014	1.0978e+014	5.2500e-015
4.580e+000	5.5224e-006	-1.1047e+014	-1.1013e+014	1.1013e+014	5.2500e-015
4.590e+000	5.5243e-006	-1.1082e+014	-1.1047e+014	1.1047e+014	5.2500e-015
4.600e+000	5.5262e-006	-1.1116e+014	-1.1082e+014	1.1082e+014	5.2500e-015
4.610e+000	5.5281e-006	-1.1151e+014	-1.1116e+014	1.1116e+014	5.2500e-015
4.620e+000	5.5300e-006	-1.1185e+014	-1.1151e+014	1.1151e+014	5.2500e-015
4.630e+000	5.5319e-006	-1.1220e+014	-1.1185e+014	1.1185e+014	5.2500e-015
4.640e+000	5.5338e-006	-1.1254e+014	-1.1220e+014	1.1220e+014	5.2500e-015
4.650e+000	5.5357e-006	-1.1289e+014	-1.1254e+014	1.1254e+014	5.2500e-015
4.660e+000	5.5375e-006	-1.1323e+014	-1.1289e+014	1.1289e+014	5.2500e-015
4.670e+000	5.5394e-006	-1.1358e+014	-1.1323e+014	1.1323e+014	5.2500e-015
4.680e+000	5.5413e-006	-1.1392e+014	-1.1358e+014	1.1358e+014	5.2500e-015
4.690e+000	5.5431e-006	-1.1427e+014	-1.1392e+014	1.1392e+014	5.2500e-015
4.700e+000	5.5450e-006	-1.1462e+014	-1.1427e+014	1.1427e+014	5.2500e-015
4.710e+000	5.5468e-006	-1.1496e+014	-1.1462e+014	1.1462e+014	5.2500e-015
4.720e+000	5.5486e-006	-1.1531e+014	-1.1496e+014	1.1496e+014	5.2500e-015
4.730e+000	5.5505e-006	-1.1565e+014	-1.1531e+014	1.1531e+014	5.2500e-015
4.740e+000	5.5523e-006	-1.1600e+014	-1.1565e+014	1.1565e+014	5.2500e-015
4.750e+000	5.5541e-006	-1.1635e+014	-1.1600e+014	1.1600e+014	5.2500e-015
4.760e+000	5.5559e-006	-1.1669e+014	-1.1635e+014	1.1635e+014	5.2500e-015
4.770e+000	5.5577e-006	-1.1704e+014	-1.1669e+014	1.1669e+014	5.2500e-015
4.780e+000	5.5595e-006	-1.1739e+014	-1.1704e+014	1.1704e+014	5.2500e-015
4.790e+000	5.5613e-006	-1.1774e+014	-1.1739e+014	1.1739e+014	5.2500e-015
4.800e+000	5.5631e-006	-1.1808e+014	-1.1774e+014	1.1774e+014	5.2500e-015
4.810e+000	5.5649e-006	-1.1843e+014	-1.1808e+014	1.1808e+014	5.2500e-015
4.820e+000	5.5666e-006	-1.1878e+014	-1.1843e+014	1.1843e+014	5.2500e-015
4.830e+000	5.5684e-006	-1.1913e+014	-1.1878e+014	1.1878e+014	5.2500e-015
4.840e+000	5.5702e-006	-1.1947e+014	-1.1913e+014	1.1913e+014	5.2500e-015
4.850e+000	5.5719e-006	-1.1982e+014	-1.1947e+014	1.1947e+014	5.2500e-015
4.860e+000	5.5737e-006	-1.2017e+014	-1.1982e+014	1.1982e+014	5.2500e-015
4.870e+000	5.5754e-006	-1.2052e+014	-1.2017e+014	1.2017e+014	5.2500e-015
4.880e+000	5.5772e-006	-1.2086e+014	-1.2052e+014	1.2052e+014	5.2500e-015
4.890e+000	5.5789e-006	-1.2121e+014	-1.2086e+014	1.2086e+014	5.2500e-015
4.900e+000	5.5806e-006	-1.2156e+014	-1.2121e+014	1.2121e+014	5.2500e-015
4.910e+000	5.5824e-006	-1.2191e+014	-1.2156e+014	1.2156e+014	5.2500e-015
4.920e+000	5.5841e-006	-1.2226e+014	-1.2191e+014	1.2191e+014	5.2500e-015
4.930e+000	5.5858e-006	-1.2261e+014	-1.2226e+014	1.2226e+014	5.2500e-015
4.940e+000	5.5875e-006	-1.2296e+014	-1.2261e+014	1.2261e+014	5.2500e-015
4.950e+000	5.5892e-006	-1.2330e+014	-1.2296e+014	1.2296e+014	5.2500e-015
4.960e+000	5.5909e-006	-1.2365e+014	-1.2330e+014	1.2330e+014	5.2500e-015
4.970e+000	5.5926e-006	-1.2400e+014	-1.2365e+014	1.2365e+014	5.2500e-015
4.980e+000	5.5943e-006	-1.2435e+014	-1.2400e+014	1.2400e+014	5.2500e-015
4.990e+000	5.5960e-006	-1.2470e+014	-1.2435e+014	1.2435e+014	5.2500e-015
5.000e+000	5.5976e-006	-1.2505e+014	-1.2470e+014	1.2470e+014	5.2500e-015
5.010e+000	5.5993e-006	-1.2540e+014	-1.2505e+014	1.2505e+014	5.2500e-015
5.020e+000	5.6010e-006	-1.2575e+014	-1.2540e+014	1.2540e+014	5.2500e-015
5.030e+000	5.6026e-006	-1.2610e+014	-1.2575e+014	1.2575e+014	5.2500e-015
5.040e+000	5.6043e-006	-1.2645e+014	-1.2610e+014	1.2610e+014	5.2500e-015
5.050e+000	5.6060e-006	-1.2680e+014	-1.2645e+014	1.2645e+014	5.2500e-015
5.060e+000	5.6076e-006	-1.2715e+014	-1.2680e+014	1.2680e+014	5.2500e-015
5.070e+000	5.6092e-006	-1.2750e+014	-1.2715e+014	1.2715e+014	5.2500e-015
5.080e+000	5.6109e-006	-1.2785e+014	-1.2750e+014	1.2750e+014	5.2500e-015
5.090e+000	5.6125e-006	-1.2820e+014	-1.2785e+014	1.2785e+014	5.2500e-015
5.100e+000	5.6141e-006	-1.2855e+014	-1.2820e+014	1.2820e+014	5.2500e-015
5.110e+000	5.6158e-006	-1.2890e+014	-1.2855e+014	1.2855e+014	5.2500e-015
5.120e+000	5.6174e-006	-1.2925e+014	-1.2890e+014	1.2890e+014	5.2500e-015
5.130e+000	5.6190e-006	-1.2960e+014	-1.2925e+014	1.2925e+014	5.2500e-015
5.140e+000	5.6206e-006	-1.2995e+014	-1.2960e+014	1.2960e+014	5.2500e-015
5.150e+000	5.6222e-006	-1.3030e+014	-1.2995e+014	1.2995e+014	5.2500e-015
5.160e+000	5.6238e-006	-1.3065e+014	-1.3030e+014	1.3030e+014	5.2500e-015
5.170e+000	5.6254e-006	-1.3101e+014	-1.3065e+014	1.3065e+014	5.2500e-015
5.180e+000	5.6270e-006	-1.3136e+014	-1.3101e+014	1.3101e+014	5.2500e-015
5.190e+000	5.6286e-006	-1.3171e+014	-1.3136e+014	1.3136e+014	5.2500e-015
5.200e+000	5.6301e-006	-1.3206e+014	-1.3171e+014	1.3171e+014	5.2500e-015
5.210e+000	5.6317e-006	-1.3241e+014	-1.3206e+014	1.3206e+014	5.2500e-015
5.220e+000	5.6333e-006	-1.3276e+014	-1.3241e+014	1.3241e+014	5.2500e-015
5.230e+000	5.6349e-006	-1.3311e+014	-1.3276e+014	1.3276e+014	5.2500e-015
5.240e+000	5.6364e-006	-1.3347e+014	-1.3311e+014	1.3311e+014	5.2500e-015
5.250e+000	5.6380e-006	-1.3382e+014	-1.3347e+014	1.3347e+014	5.2500e-015
5.260e+000	5.6395e-006	-1.3417e+014	-1.3382e+014	1.3382e+014	5.2500e-015
5.270e+000	5.6411e-006	-1.3452e+014	-1.3417e+014	1.3417e+014	5.2500e-015
5.280e+000	5.6426e-006	-1.3487e+014	-1.3452e+014	1.3452e+014	5.2500e-015
5.290e+000	5.6442e-006	-1.3523e+014	-1.3487e+014	1.3487e+014	5.2500e-015
5.300e+000	5.6457e-006	-1.3558e+014	-1.3523e+014	1.3523e+014	5.2500e-015
5.310e+000	5.6472e-006	-1.3593e+014	-1.3558e+014	1.3558e+014	5.2500e-015
5.320e+000	5.6488e-006	-1.3628e+014	-1.3593e+014	1.3593e+014	5.2500e-015
5.330e+000	5.6503e-006	-1.3664e+014	-1.3628e+014	1.3628e+014	5.2500e-015
5.340e+000	5.6518e-006	-1.3699e+014	-1.3664e+014	1.3664e+014	5.2500e-015
5.350e+000	5.6533e-006	-1.3734e+014	-1.3699e+014	1.3699e+014	5.2500e-015
5.360e+000	5.6548e-006	-1.3770e+014	-1.3734e+014	1.3734e+014	5.2500e-015
5.370e+000	5.6563e-006	-1.3805e+014	-1.3770e+014	1.3769e+014	5.2500e-015
5.380e+000	5.6578e-006	-1.3840e+014	-1.3805e+014	1.3805e+014	5.2500e-015
5.390e+000	5.6593e-006	-1.3875e+014	-1.3840e+014	1.3840e+014	5.2500e-015
5.400e+000	5.6608e-006	-1.3911e+014	-1.3875e+014	1.3875e+014	5.2500e-015
5.410e+000	5.6623e-006	-1.3946e+014	-1.3911e+014	1.3911e+014	5.2500e-015
5.420e+000	5.6638e-006	-1.3981e+014	-1.3946e+014	1.3946e+014	5.2500e-015
5.430e+000	5.6653e-006	-1.4017e+014	-1.3981e+014	1.3981e+014	5.2500e-015
5.440e+000	5.6667e-006	-1.4052e+014	-1.4017e+014	1.4017e+014	5.2500e-015
5.450e+000	5.6682e-006	-1.4088e+014	-1.4052e+014	1.4052e+014	5.2500e-015
5.460e+000	5.6697e-006	-1.4123e+014	-1.4088e+014	1.4088e+014	5.2500e-015
5.470e+000	5.6712e-006	-1.4158e+014	-1.4123e+014	1.4123e+014	5.2500e-015
5.480e+000	5.6726e-006	-1.4194e+014	-1.4158e+014	1.4158e+014	5.2500e-015
5.490e+000	5.6741e-006	-1.4229e+014	-1.4194e+014	1.4194e+014	5.2500e-015
5.500e+000	5.6755e-006	-1.4265e+014	-1.4229e+014	1.4229e+014	5.2500e-015
5.510e+000	5.6770e-006	-1.4300e+014	-1.4265e+014	1.4265e+014	5.2500e-015
5.520e+000	5.6784e-006	-1.4335e+014	-1.4300e+014	1.4300e+014	5.2500e-015
5.530e+000	5.6799e-006	-1.4371e+014	-1.4335e+014	1.4335e+014	5.2500e-015
5.540e+000	5.6813e-006	-1.4406e+014	-1.4371e+014	1.4371e+014	5.2500e-015
5.550e+000	5.6827e-006	-1.4442e+014	-1.4406e+014	1.4406e+014	5.2500e-015
5.560e+000	5.6842e-006	-1.4477e+014	-1.4442e+014	1.4442e+014	5.2500e-015
5.570e+000	5.6856e-006	-1.4513e+014	-1.4477e+014	1.4477e+014	5.2500e-015
5.580e+000	5.6870e-006	-1.4548e+014	-1.4513e+014	1.4513e+014	5.2500e-015
5.590e+000	5.6884e-006	-1.4584e+014	-1.4548e+014	1.4548e+014	5.2500e-015
5.600e+000	5.6898e-006	-1.4619e+014	-1.4584e+014	1.4584e+014	5.2500e-015
5.610e+000	5.6912e-006	-1.4655e+014	-1.4619e+014	1.4619e+014	5.2500e-015
5.620e+000	5.6927e-006	-1.4690e+014	-1.4655e+014	1.4655e+014	5.2500e-015
5.630e+000	5.6941e-006	-1.4726e+014	-1.4690e+014	1.4690e+014	5.2500e-015
5.640e+000	5.6955e-006	-1.4761e+014	-1.4726e+014	1.4726e+014	5.2500e-015
5.650e+000	5.6969e-006	-1.4797e+014	-1.4761e+014	1.4761e+014	5.2500e-015
5.660e+000	5.6982e-006	-1.4833e+014	-1.4797e+014	1.4797e+014	5.2500e-015
5.670e+000	5.6996e-006	-1.4868e+014	-1.4833e+014	1.4833e+014	5.2500e-015
5.680e+000	5.7010e-006	-1.4904e+014	-1.4868e+014	1.4868e+014	5.2500e-015
5.690e+000	5.7024e-006	-1.4939e+014	-1.4904e+014	1.4904e+014	5.2500e-015
5.700e+000	5.7038e-006	-1.4975e+014	-1.4939e+014	1.4939e+014	5.2500e-015
5.710e+000	5.7051e-006	-1.5011e+014	-1.4975e+014	1.4975e+014	5.2500e-015
5.720e+000	5.7065e-006	-1.5046e+014	-1.5011e+014	1.5011e+014	5.2500e-015
5.730e+000	5.7079e-006	-1.5082e+014	-1.5046e+014	1.5046e+014	5.2500e-015
5.740e+000	5.7093e-006	-1.5117e+014	-1.5082e+014	1.5082e+014	5.2500e-015
5.750e+000	5.7106e-006	-1.5153e+014	-1.5117e+014	1.5117e+014	5.2500e-015
5.760e+000	5.7120e-006	-1.5189e+014	-1.5153e+014	1.5153e+014	5.2500e-015
5.770e+000	5.7133e-006	-1.5224e+014	-1.5189e+014	1.5189e+014	5.2500e-015
5.780e+000	5.7147e-006	-1.5260e+014	-1.5224e+014	1.5224e+014	5.2500e-015
5.790e+000	5.7160e-006	-1.5296e+014	-1.5260e+014	1.5260e+014	5.2500e-015
5.800e+000	5.7174e-006	-1.5331e+014	-1.5296e+014	1.5296e+014	5.2500e-015
5.810e+000	5.7187e-006	-1.5367e+014	-1.5331e+014	1.5331e+014	5.2500e-015
5.820e+000	5.7200e-006	-1.5403e+014	-1.5367e+014	1.5367e+014	5.2500e-015
5.830e+000	5.7214e-006	-1.5439e+014	-1.5403e+014	1.5403e+014	5.2500e-015
5.840e+000	5.7227e-006	-1.5474e+014	-1.5439e+014	1.5439e+014	5.2500e-015
5.850e+000	5.7240e-006	-1.5510e+014	-1.5474e+014	1.5474e+014	5.2500e-015
5.860e+000	5.7253e-006	-1.5546e+014	-1.5510e+014	1.5510e+014	5.2500e-015
5.870e+000	5.7267e-006	-1.5581e+014	-1.5546e+014	1.5546e+014	5.2500e-015
5.880e+000	5.7280e-006	-1.5617e+014	-1.5581e+014	1.5581e+014	5.2500e-015
5.890e+000	5.7293e-006	-1.5653e+014	-1.5617e+014	1.5617e+014	5.2500e-015
5.900e+000	5.7306e-006	-1.5689e+014	-1.5653e+014	1.5653e+014	5.2500e-015
5.910e+000	5.7319e-006	-1.5724e+014	-1.5689e+014	1.5689e+014	5.2500e-015
5.920e+000	5.7332e-006	-1.5760e+014	-1.5724e+014	1.5724e+014	5.2500e-015
5.930e+000	5.7345e-006	-1.5796e+014	-1.5760e+014	1.5760e+014	5.2500e-015
5.940e+000	5.7358e-006	-1.5832e+014	-1.5796e+014	1.5796e+014	5.2500e-015
5.950e+000	5.7371e-006	-1.5868e+014	-1.5832e+014	1.5832e+014	5.2500e-015
5.960e+000	5.7384e-006	-1.5903e+014	-1.5868e+014	1.5868e+014	5.2500e-015
5.970e+000	5.7397e-006	-1.5939e+014	-1.5903e+014	1.5903e+014	5.2500e-015
5.980e+000	5.7410e-006	-1.5975e+014	-1.5939e+014	1.5939e+014	5.2500e-015
5.990e+000	5.7423e-006	-1.6011e+014	-1.5975e+014	1.5975e+014	5.2500e-015
6.000e+000	5.7435e-006	-1.6047e+014	-1.6011e+014	1.6011e+014	5.2500e-015
6.010e+000	5.7448e-006	-1.6083e+014	-1.6047e+014	1.6047e+014	5.2500e-015
6.020e+000	5.7461e-006	-1.6119e+014	-1.6083e+014	1.6083e+014	5.2500e-015
6.030e+000	5.7474e-006	-1.6154e+014	-1.6119e+014	1.6119e+014	5.2500e-015
6.040e+000	5.7486e-006	-1.6190e+014	-1.6154e+014	1.6154e+014	5.2500e-015
6.050e+000	5.7499e-006	-1.6226e+014	-1.6190e+014	1.6190e+014	5.2500e-015
6.060e+000	5.7511e-006	-1.6262e+014	-1.6226e+014	1.6226e+014	5.2500e-015
6.070e+000	5.7524e-006	-1.6298e+014	-1.6262e+014	1.6262e+014	5.2500e-015
6.080e+000	5.7537e-006	-1.6334e+014	-1.6298e+014	1.6298e+014	5.2500e-015
6.090e+000	5.7549e-006	-1.6370e+014	-1.6334e+014	1.6334e+014	5.2500e-015
6.100e+000	5.7562e-006	-1.6406e+014	-1.6370e+014	1.6370e+014	5.2500e-015
6.110e+000	5.7574e-006	-1.6442e+014	-1.6406e+014	1.6406e+014	5.2500e-015
6.120e+000	5.7586e-006	-1.6478e+014	-1.6442e+014	1.6442e+014	5.2500e-015
6.130e+000	5.7599e-006	-1.6514e+014	-1.6478e+014	1.6478e+014	5.2500e-015
6.140e+000	5.7611e-006	-1.6550e+014	-1.6514e+014	1.6514e+014	5.2500e-015
6.150e+000	5.7623e-006	-1.6586e+014	-1.6550e+014	1.6550e+014	5.2500e-015
6.160e+000	5.7636e-006	-1.6621e+014	-1.6586e+014	1.6586e+014	5.2500e-015
6.170e+000	5.7648e-006	-1.6657e+014	-1.6621e+014	1.6621e+014	5.2500e-015
6.180e+000	5.7660e-006	-1.6693e+014	-1.6657e+014	1.6657e+014	5.2500e-015
6.190e+000	5.7673e-006	-1.6729e+014	-1.6693e+014	1.6693e+014	5.2500e-015
6.200e+000	5.7685e-006	-1.6765e+014	-1.6729e+014	1.6729e+014	5.2500e-015
6.210e+000	5.7697e-006	-1.6801e+014	-1.6765e+014	1.6765e+014	5.2500e-015
6.220e+000	5.7709e-006	-1.6837e+014	-1.6801e+014	1.6801e+014	5.2500e-015
6.230e+000	5.7721e-006	-1.6874e+014	-1.6837e+014	1.6837e+014	5.2500e-015
6.240e+000	5.7733e-006	-1.6910e+014	-1.6874e+014	1.6874e+014	5.2500e-015
6.250e+000	5.7745e-006	-1.6946e+014	-1.6910e+014	1.6910e+014	5.2500e-015
6.260e+000	5.7757e-006	-1.6982e+014	-1.6946e+014	1.6946e+014	5.2500e-015
6.270e+000	5.7769e-006	-1.7018e+014	-1.6982e+014	1.6982e+014	5.2500e-015
6.280e+000	5.7781e-006	-1.7054e+014	-1.7018e+014	1.7018e+014	5.2500e-015
6.290e+000	5.7793e-006	-1.7090e+014	-1.7054e+014	1.7054e+014	5.2500e-015
6.300e+000	5.7805e-006	-1.7126e+014	-1.7090e+014	1.7090e+014	5.2500e-015
6.310e+000	5.7817e-006	-1.7162e+014	-1.7126e+014	1.7126e+014	5.2500e-015
6.320e+000	5.7829e-006	-1.7198e+014	-1.7162e+014	1.7162e+014	5.2500e-015
6.330e+000	5.7841e-006	-1.7234e+014	-1.7198e+014	1.7198e+014	5.2500e-015
6.340e+000	5.7853e-006	-1.7270e+014	-1.7234e+014	1.7234e+014	5.2500e-015
6.350e+000	5.7864e-006	-1.7306e+014	-1.7270e+014	1.7270e+014	5.2500e-015
6.360e+000	5.7876e-006	-1.7343e+014	-1.7306e+014	1.7306e+014	5.2500e-015
6.370e+000	5.7888e-006	-1.7379e+014	-1.7343e+014	1.7343e+014	5.2500e-015
6.380e+000	5.7899e-006	-1.7415e+014	-1.7379e+014	1.7379e+014	5.2500e-015
6.390e+000	5.7911e-006	-1.7451e+014	-1.7415e+014	1.7415e+014	5.2500e-015
6.400e+000	5.7923e-006	-1.7487e+014	-1.7451e+014	1.7451e+014	5.2500e-015
6.410e+000	5.7934e-006	-1.7523e+014	-1.7487e+014	1.7487e+014	5.2500e-015
6.420e+000	5.7946e-006	-1.7559e+014	-1.7523e+014	1.7523e+014	5.2500e-015
6.430e+000	5.7958e-006	-1.7596e+014	-1.7559e+014	1.7559e+014	5.2500e-015
6.440e+000	5.7969e-006	-1.7632e+014	-1.7596e+014	1.7596e+014	5.2500e-015
6.450e+000	5.7981e-006	-1.7668e+014	-1.7632e+014	1.7632e+014	5.2500e-015
6.460e+000	5.7992e-006	-1.7704e+014	-1.7668e+014	1.7668e+014	5.2500e-015
6.470e+000	5.8004e-006	-1.7740e+014	-1.7704e+014	1.7704e+014	5.2500e-015
6.480e+000	5.8015e-006	-1.7777e+014	-1.7740e+014	1.7740e+014	5.2500e-015
6.490e+000	5.8027e-006	-1.7813e+014	-1.7777e+014	1.7777e+014	5.2500e-015
6.500e+000	5.8038e-006	-1.7849e+014	-1.7813e+014	1.7813e+014	5.2500e-015
6.510e+000	5.8049e-006	-1.7885e+014	-1.7849e+014	1.7849e+014	5.2500e-015
6.520e+000	5.8061e-006	-1.7921e+014	-1.7885e+014	1.7885e+014	5.2500e-015
6.530e+000	5.8072e-006	-1.7958e+014	-1.7921e+014	1.7921e+014	5.2500e-015
6.540e+000	5.8083e-006	-1.7994e+014	-1.7958e+014	1.7958e+014	5.2500e-015
6.550e+000	5.8095e-006	-1.8030e+014	-1.7994e+014	1.7994e+014	5.2500e-015
6.560e+000	5.8106e-006	-1.8067e+014	-1.8030e+014	1.8030e+014	5.2500e-015
6.570e+000	5.8117e-006	-1.8103e+014	-1.8067e+014	1.8067e+014	5.2500e-015
6.580e+000	5.8128e-006	-1.8139e+014	-1.8103e+014	1.8103e+014	5.2500e-015
6.590e+000	5.8139e-006	-1.8175e+014	-1.8139e+014	1.8139e+014	5.2500e-015
6.600e+000	5.8151e-006	-1.8212e+014	-1.8175e+014	1.8175e+014	5.2500e-015
6.610e+000	5.8162e-006	-1.8248e+014	-1.8212e+014	1.8212e+014	5.2500e-015
6.620e+000	5.8173e-006	-1.8284e+014	-1.8248e+014	1.8248e+014	5.2500e-015
6.630e+000	5.8184e-006	-1.8321e+014	-1.8284e+014	1.8284e+014	5.2500e-015
6.640e+000	5.8195e-006	-1.8357e+014	-1.8321e+014	1.8321e+014	5.2500e-015
6.650e+000	5.8206e-006	-1.8393e+014	-1.8357e+014	1.8357e+014	5.2500e-015
6.660e+000	5.8217e-006	-1.8430e+014	-1.8393e+014	1.8393e+014	5.2500e-015
6.670e+000	5.8228e-006	-1.8466e+014	-1.8430e+014	1.8430e+014	5.2500e-015
6.680e+000	5.8239e-006	-1.8502e+014	-1.8466e+014	1.8466e+014	5.2500e-015
6.690e+000	5.8250e-006	-1.8539e+014	-1.8502e+014	1.8502e+014	5.2500e-015
6.700e+000	5.8261e-006	-1.8575e+014	-1.8539e+014	1.8539e+014	5.2500e-015
6.710e+000	5.8272e-006	-1.8611e+014	-1.8575e+014	1.8575e+014	5.2500e-015
6.720e+000	5.8283e-006	-1.8648e+014	-1.8611e+014	1.8611e+014	5.2500e-015
6.730e+000	5.8293e-006	-1.8684e+014	-1.8648e+014	1.8648e+014	5.2500e-015
6.740e+000	5.8304e-006	-1.8720e+014	-1.8684e+014	1.8684e+014	5.2500e-015
6.750e+000	5.8315e-006	-1.8757e+014	-1.8720e+014	1.8720e+014	5.2500e-015
6.760e+000	5.8326e-006	-1.8793e+014	-1.8757e+014	1.8757e+014	5.2500e-015
6.770e+000	5.8337e-006	-1.8830e+014	-1.8793e+014	1.8793e+014	5.2500e-015
6.780e+000	5.8347e-006	-1.8866e+014	-1.8830e+014	1.8830e+014	5.2500e-015
6.790e+000	5.8358e-006	-1.8903e+014	-1.8866e+014	1.8866e+014	5.2500e-015
6.800e+000	5.8369e-006	-1.8939e+014	-1.8903e+014	1.8903e+014	5.2500e-015
6.810e+000	5.8379e-006	-1.8975e+014	-1.8939e+014	1.8939e+014	5.2500e-015
6.820e+000	5.8390e-006	-1.9012e+014	-1.8975e+014	1.8975e+014	5.2500e-015
6.830e+000	5.8401e-006	-1.9048e+014	-1.9012e+014	1.9012e+014	5.2500e-015
6.840e+000	5.8411e-006	-1.9085e+014	-1.9048e+014	1.9048e+014	5.2500e-015
6.850e+000	5.8422e-006	-1.9121e+014	-1.9085e+014	1.9085e+014	5.2500e-015
6.860e+000	5.8432e-006	-1.9158e+014	-1.9121e+014	1.9121e+014	5.2500e-015
6.870e+000	5.8443e-006	-1.9194e+014	-1.9158e+014	1.9158e+014	5.2500e-015
6.880e+000	5.8453e-006	-1.9231e+014	-1.9194e+014	1.9194e+014	5.2500e-015
6.890e+000	5.8464e-006	-1.9267e+014	-1.9231e+014	1.9231e+014	5.2500e-015
6.900e+000	5.8474e-006	-1.9304e+014	-1.9267e+014	1.9267e+014	5.2500e-015
6.910e+000	5.8485e-006	-1.9340e+014	-1.9304e+014	1.9304e+014	5.2500e-015
6.920e+000	5.8495e-006	-1.9377e+014	-1.9340e+014	1.9340e+014	5.2500e-015
6.930e+000	5.8506e-006	-1.9413e+014	-1.9377e+014	1.9377e+014	5.2500e-015
6.940e+000	5.8516e-006	-1.9450e+014	-1.9413e+014	1.9413e+014	5.2500e-015
6.950e+000	5.8526e-006	-1.9486e+014	-1.9450e+014	1.9450e+014	5.2500e-015
6.960e+000	5.8537e-006	-1.9523e+014	-1.9486e+014	1.9486e+014	5.2500e-015
6.970e+000	5.8547e-006	-1.9559e+014	-1.9523e+014	1.9523e+014	5.2500e-015
6.980e+000	5.8557e-006	-1.9596e+014	-1.9559e+014	1.9559e+014	5.2500e-015
6.990e+000	5.8568e-006	-1.9632e+014	-1.9596e+014	1.9596e+014	5.2500e-015
7.000e+000	5.8578e-006	-1.9669e+014	-1.9632e+014	1.9632e+014	5.2500e-015
