V	C (Fcm-2)	Initcharge (cm-2)	Finalcharge (cm-2)	ns Total (cm-2)	ps Total (cm-2)
-7.000e+000	4.8065e-017	-9.3457e+000	-6.3457e+000	6.3476e+000	5.2500e-015
-6.990e+000	4.8065e-017	-9.3457e+000	-6.3457e+000	6.3476e+000	5.2500e-015
-6.980e+000	4.8065e-017	-9.3457e+000	-6.3457e+000	6.3476e+000	5.2500e-015
-6.970e+000	4.8065e-017	-9.3457e+000	-6.3457e+000	6.3476e+000	5.2500e-015
-6.960e+000	4.8065e-017	-9.3457e+000	-6.3457e+000	6.3476e+000	5.2500e-015
-6.950e+000	4.8065e-017	-9.3457e+000	-6.3457e+000	6.3476e+000	5.2500e-015
-6.940e+000	4.8065e-017	-9.3457e+000	-6.3457e+000	6.3476e+000	5.2500e-015
-6.930e+000	4.8065e-017	-9.3457e+000	-6.3457e+000	6.3476e+000	5.2500e-015
-6.920e+000	4.8065e-017	-9.3457e+000	-6.3457e+000	6.3476e+000	5.2500e-015
-6.910e+000	4.8065e-017	-9.3457e+000	-6.3457e+000	6.3476e+000	5.2500e-015
-6.900e+000	4.8065e-017	-9.3457e+000	-6.3457e+000	6.3476e+000	5.2500e-015
-6.890e+000	4.8065e-017	-9.3457e+000	-6.3457e+000	6.3476e+000	5.2500e-015
-6.880e+000	4.8065e-017	-9.3457e+000	-6.3457e+000	6.3476e+000	5.2500e-015
-6.870e+000	4.8065e-017	-9.3457e+000	-6.3457e+000	6.3476e+000	5.2500e-015
-6.860e+000	4.8065e-017	-9.3457e+000	-6.3457e+000	6.3476e+000	5.2500e-015
-6.850e+000	4.8065e-017	-9.3457e+000	-6.3457e+000	6.3476e+000	5.2500e-015
-6.840e+000	4.8065e-017	-9.3457e+000	-6.3457e+000	6.3476e+000	5.2500e-015
-6.830e+000	4.8065e-017	-9.3457e+000	-6.3457e+000	6.3476e+000	5.2500e-015
-6.820e+000	4.8065e-017	-9.3457e+000	-6.3457e+000	6.3476e+000	5.2500e-015
-6.810e+000	4.8065e-017	-9.3457e+000	-6.3457e+000	6.3476e+000	5.2500e-015
-6.800e+000	4.8065e-017	-9.3457e+000	-6.3457e+000	6.3476e+000	5.2500e-015
-6.790e+000	4.8065e-017	-9.3457e+000	-6.3457e+000	6.3476e+000	5.2500e-015
-6.780e+000	4.8065e-017	-9.3457e+000	-6.3457e+000	6.3476e+000	5.2500e-015
-6.770e+000	4.8065e-017	-9.3457e+000	-6.3457e+000	6.3476e+000	5.2500e-015
-6.760e+000	4.8065e-017	-9.3457e+000	-6.3457e+000	6.3476e+000	5.2500e-015
-6.750e+000	4.8065e-017	-9.3457e+000	-6.3457e+000	6.3476e+000	5.2500e-015
-6.740e+000	4.8065e-017	-9.3457e+000	-6.3457e+000	6.3476e+000	5.2500e-015
-6.730e+000	4.8065e-017	-9.3457e+000	-6.3457e+000	6.3476e+000	5.2500e-015
-6.720e+000	4.8065e-017	-9.3457e+000	-6.3457e+000	6.3476e+000	5.2500e-015
-6.710e+000	4.8065e-017	-9.3457e+000	-6.3457e+000	6.3476e+000	5.2500e-015
-6.700e+000	4.8065e-017	-9.3457e+000	-6.3457e+000	6.3476e+000	5.2500e-015
-6.690e+000	4.8065e-017	-9.3457e+000	-6.3457e+000	6.3476e+000	5.2500e-015
-6.680e+000	4.8065e-017	-9.3457e+000	-6.3457e+000	6.3476e+000	5.2500e-015
-6.670e+000	4.8065e-017	-9.3457e+000	-6.3457e+000	6.3476e+000	5.2500e-015
-6.660e+000	4.8065e-017	-9.3457e+000	-6.3457e+000	6.3476e+000	5.2500e-015
-6.650e+000	4.8065e-017	-9.3457e+000	-6.3457e+000	6.3476e+000	5.2500e-015
-6.640e+000	4.8065e-017	-9.3457e+000	-6.3457e+000	6.3476e+000	5.2500e-015
-6.630e+000	4.8065e-017	-9.3457e+000	-6.3457e+000	6.3476e+000	5.2500e-015
-6.620e+000	4.8065e-017	-9.3457e+000	-6.3457e+000	6.3476e+000	5.2500e-015
-6.610e+000	4.8065e-017	-9.3457e+000	-6.3457e+000	6.3476e+000	5.2500e-015
-6.600e+000	4.8065e-017	-9.3457e+000	-6.3457e+000	6.3476e+000	5.2500e-015
-6.590e+000	4.8065e-017	-9.3457e+000	-6.3457e+000	6.3476e+000	5.2500e-015
-6.580e+000	4.8065e-017	-9.3457e+000	-6.3457e+000	6.3476e+000	5.2500e-015
-6.570e+000	4.8065e-017	-9.3457e+000	-6.3457e+000	6.3476e+000	5.2500e-015
-6.560e+000	4.8065e-017	-9.3457e+000	-6.3457e+000	6.3476e+000	5.2500e-015
-6.550e+000	4.8065e-017	-9.3457e+000	-6.3457e+000	6.3476e+000	5.2500e-015
-6.540e+000	4.8065e-017	-9.3457e+000	-6.3457e+000	6.3476e+000	5.2500e-015
-6.530e+000	4.8065e-017	-9.3457e+000	-6.3457e+000	6.3476e+000	5.2500e-015
-6.520e+000	4.8065e-017	-9.3457e+000	-6.3457e+000	6.3476e+000	5.2500e-015
-6.510e+000	4.8065e-017	-9.3457e+000	-6.3457e+000	6.3476e+000	5.2500e-015
-6.500e+000	4.8065e-017	-9.3457e+000	-6.3457e+000	6.3476e+000	5.2500e-015
-6.490e+000	4.8065e-017	-9.3457e+000	-6.3457e+000	6.3476e+000	5.2500e-015
-6.480e+000	4.8065e-017	-9.3457e+000	-6.3457e+000	6.3476e+000	5.2500e-015
-6.470e+000	4.8065e-017	-9.3457e+000	-6.3457e+000	6.3476e+000	5.2500e-015
-6.460e+000	4.8065e-017	-9.3457e+000	-6.3457e+000	6.3476e+000	5.2500e-015
-6.450e+000	4.8065e-017	-9.3457e+000	-6.3457e+000	6.3476e+000	5.2500e-015
-6.440e+000	4.8065e-017	-9.3457e+000	-6.3457e+000	6.3476e+000	5.2500e-015
-6.430e+000	4.8065e-017	-9.3457e+000	-6.3457e+000	6.3476e+000	5.2500e-015
-6.420e+000	4.8065e-017	-9.3457e+000	-6.3457e+000	6.3476e+000	5.2500e-015
-6.410e+000	4.8065e-017	-9.3457e+000	-6.3457e+000	6.3476e+000	5.2500e-015
-6.400e+000	4.8065e-017	-9.3457e+000	-6.3457e+000	6.3476e+000	5.2500e-015
-6.390e+000	4.8065e-017	-9.3457e+000	-6.3457e+000	6.3476e+000	5.2500e-015
-6.380e+000	4.8065e-017	-9.3457e+000	-6.3457e+000	6.3476e+000	5.2500e-015
-6.370e+000	4.8065e-017	-9.3457e+000	-6.3457e+000	6.3476e+000	5.2500e-015
-6.360e+000	4.8065e-017	-9.3457e+000	-6.3457e+000	6.3476e+000	5.2500e-015
-6.350e+000	4.8065e-017	-9.3457e+000	-6.3457e+000	6.3476e+000	5.2500e-015
-6.340e+000	4.8065e-017	-9.3457e+000	-6.3457e+000	6.3476e+000	5.2500e-015
-6.330e+000	4.8065e-017	-9.3457e+000	-6.3457e+000	6.3476e+000	5.2500e-015
-6.320e+000	4.8065e-017	-9.3457e+000	-6.3457e+000	6.3476e+000	5.2500e-015
-6.310e+000	4.8065e-017	-9.3457e+000	-6.3457e+000	6.3476e+000	5.2500e-015
-6.300e+000	4.8065e-017	-9.3457e+000	-6.3457e+000	6.3476e+000	5.2500e-015
-6.290e+000	4.8065e-017	-9.3457e+000	-6.3457e+000	6.3476e+000	5.2500e-015
-6.280e+000	4.8065e-017	-9.3457e+000	-6.3457e+000	6.3476e+000	5.2500e-015
-6.270e+000	4.8065e-017	-9.3457e+000	-6.3457e+000	6.3476e+000	5.2500e-015
-6.260e+000	4.8065e-017	-9.3457e+000	-6.3457e+000	6.3476e+000	5.2500e-015
-6.250e+000	4.8065e-017	-9.3457e+000	-6.3457e+000	6.3476e+000	5.2500e-015
-6.240e+000	4.8065e-017	-9.3457e+000	-6.3457e+000	6.3476e+000	5.2500e-015
-6.230e+000	4.8065e-017	-9.3457e+000	-6.3457e+000	6.3476e+000	5.2500e-015
-6.220e+000	4.8065e-017	-9.3457e+000	-6.3457e+000	6.3476e+000	5.2500e-015
-6.210e+000	4.8065e-017	-9.3457e+000	-6.3457e+000	6.3476e+000	5.2500e-015
-6.200e+000	4.8065e-017	-9.3457e+000	-6.3457e+000	6.3476e+000	5.2500e-015
-6.190e+000	4.8065e-017	-9.3457e+000	-6.3457e+000	6.3476e+000	5.2500e-015
-6.180e+000	4.8065e-017	-9.3457e+000	-6.3457e+000	6.3476e+000	5.2500e-015
-6.170e+000	4.8065e-017	-9.3457e+000	-6.3457e+000	6.3476e+000	5.2500e-015
-6.160e+000	4.8065e-017	-9.3457e+000	-6.3457e+000	6.3476e+000	5.2500e-015
-6.150e+000	4.8065e-017	-9.3457e+000	-6.3457e+000	6.3476e+000	5.2500e-015
-6.140e+000	4.8065e-017	-9.3457e+000	-6.3457e+000	6.3476e+000	5.2500e-015
-6.130e+000	4.8065e-017	-9.3457e+000	-6.3457e+000	6.3476e+000	5.2500e-015
-6.120e+000	4.8065e-017	-9.3457e+000	-6.3457e+000	6.3476e+000	5.2500e-015
-6.110e+000	4.8065e-017	-9.3457e+000	-6.3457e+000	6.3476e+000	5.2500e-015
-6.100e+000	4.8065e-017	-9.3457e+000	-6.3457e+000	6.3476e+000	5.2500e-015
-6.090e+000	4.8065e-017	-9.3457e+000	-6.3457e+000	6.3476e+000	5.2500e-015
-6.080e+000	4.8065e-017	-9.3457e+000	-6.3457e+000	6.3476e+000	5.2500e-015
-6.070e+000	4.8065e-017	-9.3457e+000	-6.3457e+000	6.3476e+000	5.2500e-015
-6.060e+000	4.8065e-017	-9.3457e+000	-6.3457e+000	6.3476e+000	5.2500e-015
-6.050e+000	4.8065e-017	-9.3457e+000	-6.3457e+000	6.3476e+000	5.2500e-015
-6.040e+000	4.8065e-017	-9.3457e+000	-6.3457e+000	6.3476e+000	5.2500e-015
-6.030e+000	4.8065e-017	-9.3457e+000	-6.3457e+000	6.3476e+000	5.2500e-015
-6.020e+000	4.8065e-017	-9.3457e+000	-6.3457e+000	6.3476e+000	5.2500e-015
-6.010e+000	4.8065e-017	-9.3457e+000	-6.3457e+000	6.3476e+000	5.2500e-015
-6.000e+000	4.8065e-017	-9.3457e+000	-6.3457e+000	6.3476e+000	5.2500e-015
-5.990e+000	4.8065e-017	-9.3457e+000	-6.3457e+000	6.3476e+000	5.2500e-015
-5.980e+000	4.8065e-017	-9.3457e+000	-6.3457e+000	6.3476e+000	5.2500e-015
-5.970e+000	4.8065e-017	-9.3457e+000	-6.3457e+000	6.3476e+000	5.2500e-015
-5.960e+000	4.8065e-017	-9.3457e+000	-6.3457e+000	6.3476e+000	5.2500e-015
-5.950e+000	4.8065e-017	-9.3457e+000	-6.3457e+000	6.3476e+000	5.2500e-015
-5.940e+000	4.8065e-017	-9.3457e+000	-6.3457e+000	6.3476e+000	5.2500e-015
-5.930e+000	4.8065e-017	-9.3457e+000	-6.3457e+000	6.3476e+000	5.2500e-015
-5.920e+000	4.8065e-017	-9.3457e+000	-6.3457e+000	6.3476e+000	5.2500e-015
-5.910e+000	4.8065e-017	-9.3457e+000	-6.3457e+000	6.3476e+000	5.2500e-015
-5.900e+000	4.8065e-017	-9.3457e+000	-6.3457e+000	6.3476e+000	5.2500e-015
-5.890e+000	4.8065e-017	-9.3457e+000	-6.3457e+000	6.3476e+000	5.2500e-015
-5.880e+000	4.8065e-017	-9.3457e+000	-6.3457e+000	6.3476e+000	5.2500e-015
-5.870e+000	4.8065e-017	-9.3457e+000	-6.3457e+000	6.3476e+000	5.2500e-015
-5.860e+000	4.8065e-017	-9.3457e+000	-6.3457e+000	6.3476e+000	5.2500e-015
-5.850e+000	4.8065e-017	-9.3457e+000	-6.3457e+000	6.3476e+000	5.2500e-015
-5.840e+000	4.8065e-017	-9.3457e+000	-6.3457e+000	6.3476e+000	5.2500e-015
-5.830e+000	4.8065e-017	-9.3457e+000	-6.3457e+000	6.3476e+000	5.2500e-015
-5.820e+000	4.8065e-017	-9.3457e+000	-6.3457e+000	6.3476e+000	5.2500e-015
-5.810e+000	4.8065e-017	-9.3457e+000	-6.3457e+000	6.3476e+000	5.2500e-015
-5.800e+000	4.8065e-017	-9.3457e+000	-6.3457e+000	6.3476e+000	5.2500e-015
-5.790e+000	4.8065e-017	-9.3457e+000	-6.3457e+000	6.3476e+000	5.2500e-015
-5.780e+000	4.8065e-017	-9.3457e+000	-6.3457e+000	6.3476e+000	5.2500e-015
-5.770e+000	4.8065e-017	-9.3457e+000	-6.3457e+000	6.3476e+000	5.2500e-015
-5.760e+000	4.8065e-017	-9.3457e+000	-6.3457e+000	6.3476e+000	5.2500e-015
-5.750e+000	4.8065e-017	-9.3457e+000	-6.3457e+000	6.3476e+000	5.2500e-015
-5.740e+000	4.8065e-017	-9.3457e+000	-6.3457e+000	6.3476e+000	5.2500e-015
-5.730e+000	4.8065e-017	-9.3457e+000	-6.3457e+000	6.3476e+000	5.2500e-015
-5.720e+000	4.8065e-017	-9.3457e+000	-6.3457e+000	6.3476e+000	5.2500e-015
-5.710e+000	4.8065e-017	-9.3457e+000	-6.3457e+000	6.3476e+000	5.2500e-015
-5.700e+000	4.8065e-017	-9.3457e+000	-6.3457e+000	6.3476e+000	5.2500e-015
-5.690e+000	4.8065e-017	-9.3457e+000	-6.3457e+000	6.3476e+000	5.2500e-015
-5.680e+000	4.8065e-017	-9.3457e+000	-6.3457e+000	6.3476e+000	5.2500e-015
-5.670e+000	4.8065e-017	-9.3457e+000	-6.3457e+000	6.3476e+000	5.2500e-015
-5.660e+000	4.8065e-017	-9.3457e+000	-6.3457e+000	6.3476e+000	5.2500e-015
-5.650e+000	4.8065e-017	-9.3457e+000	-6.3457e+000	6.3476e+000	5.2500e-015
-5.640e+000	4.8065e-017	-9.3457e+000	-6.3457e+000	6.3476e+000	5.2500e-015
-5.630e+000	4.8065e-017	-9.3457e+000	-6.3457e+000	6.3476e+000	5.2500e-015
-5.620e+000	4.8065e-017	-9.3457e+000	-6.3457e+000	6.3476e+000	5.2500e-015
-5.610e+000	4.8065e-017	-9.3457e+000	-6.3457e+000	6.3476e+000	5.2500e-015
-5.600e+000	4.8065e-017	-9.3457e+000	-6.3457e+000	6.3476e+000	5.2500e-015
-5.590e+000	4.8065e-017	-9.3457e+000	-6.3457e+000	6.3476e+000	5.2500e-015
-5.580e+000	4.8065e-017	-9.3457e+000	-6.3457e+000	6.3476e+000	5.2500e-015
-5.570e+000	4.8065e-017	-9.3457e+000	-6.3457e+000	6.3476e+000	5.2500e-015
-5.560e+000	4.8065e-017	-9.3457e+000	-6.3457e+000	6.3476e+000	5.2500e-015
-5.550e+000	4.8065e-017	-9.3457e+000	-6.3457e+000	6.3476e+000	5.2500e-015
-5.540e+000	4.8065e-017	-9.3457e+000	-6.3457e+000	6.3476e+000	5.2500e-015
-5.530e+000	4.8065e-017	-9.3457e+000	-6.3457e+000	6.3476e+000	5.2500e-015
-5.520e+000	4.8065e-017	-9.3457e+000	-6.3457e+000	6.3476e+000	5.2500e-015
-5.510e+000	4.8065e-017	-9.3457e+000	-6.3457e+000	6.3476e+000	5.2500e-015
-5.500e+000	4.8065e-017	-9.3457e+000	-6.3457e+000	6.3476e+000	5.2500e-015
-5.490e+000	4.8065e-017	-9.3457e+000	-6.3457e+000	6.3476e+000	5.2500e-015
-5.480e+000	4.8065e-017	-9.3457e+000	-6.3457e+000	6.3476e+000	5.2500e-015
-5.470e+000	4.8065e-017	-9.3457e+000	-6.3457e+000	6.3476e+000	5.2500e-015
-5.460e+000	4.8065e-017	-9.3457e+000	-6.3457e+000	6.3476e+000	5.2500e-015
-5.450e+000	4.8065e-017	-9.3457e+000	-6.3457e+000	6.3476e+000	5.2500e-015
-5.440e+000	4.8065e-017	-9.3457e+000	-6.3457e+000	6.3476e+000	5.2500e-015
-5.430e+000	4.8065e-017	-9.3457e+000	-6.3457e+000	6.3476e+000	5.2500e-015
-5.420e+000	4.8065e-017	-9.3457e+000	-6.3457e+000	6.3476e+000	5.2500e-015
-5.410e+000	4.8065e-017	-9.3457e+000	-6.3457e+000	6.3476e+000	5.2500e-015
-5.400e+000	4.8065e-017	-9.3457e+000	-6.3457e+000	6.3476e+000	5.2500e-015
-5.390e+000	4.8065e-017	-9.3457e+000	-6.3457e+000	6.3476e+000	5.2500e-015
-5.380e+000	4.8065e-017	-9.3457e+000	-6.3457e+000	6.3476e+000	5.2500e-015
-5.370e+000	4.8065e-017	-9.3457e+000	-6.3457e+000	6.3476e+000	5.2500e-015
-5.360e+000	4.8065e-017	-9.3457e+000	-6.3457e+000	6.3476e+000	5.2500e-015
-5.350e+000	4.8065e-017	-9.3457e+000	-6.3457e+000	6.3476e+000	5.2500e-015
-5.340e+000	4.8065e-017	-9.3457e+000	-6.3457e+000	6.3476e+000	5.2500e-015
-5.330e+000	4.8065e-017	-9.3457e+000	-6.3457e+000	6.3476e+000	5.2500e-015
-5.320e+000	4.8065e-017	-9.3457e+000	-6.3457e+000	6.3476e+000	5.2500e-015
-5.310e+000	4.8065e-017	-9.3457e+000	-6.3457e+000	6.3476e+000	5.2500e-015
-5.300e+000	4.8065e-017	-9.3457e+000	-6.3457e+000	6.3476e+000	5.2500e-015
-5.290e+000	4.8065e-017	-9.3457e+000	-6.3457e+000	6.3476e+000	5.2500e-015
-5.280e+000	4.8065e-017	-9.3457e+000	-6.3457e+000	6.3476e+000	5.2500e-015
-5.270e+000	4.8065e-017	-9.3457e+000	-6.3457e+000	6.3476e+000	5.2500e-015
-5.260e+000	4.8065e-017	-9.3457e+000	-6.3457e+000	6.3476e+000	5.2500e-015
-5.250e+000	4.8065e-017	-9.3457e+000	-6.3457e+000	6.3476e+000	5.2500e-015
-5.240e+000	4.8065e-017	-9.3457e+000	-6.3457e+000	6.3476e+000	5.2500e-015
-5.230e+000	4.8065e-017	-9.3457e+000	-6.3457e+000	6.3476e+000	5.2500e-015
-5.220e+000	4.8065e-017	-9.3457e+000	-6.3457e+000	6.3476e+000	5.2500e-015
-5.210e+000	4.8065e-017	-9.3457e+000	-6.3457e+000	6.3476e+000	5.2500e-015
-5.200e+000	4.8065e-017	-9.3457e+000	-6.3457e+000	6.3476e+000	5.2500e-015
-5.190e+000	4.8065e-017	-9.3457e+000	-6.3457e+000	6.3476e+000	5.2500e-015
-5.180e+000	4.8065e-017	-9.3457e+000	-6.3457e+000	6.3476e+000	5.2500e-015
-5.170e+000	4.8065e-017	-9.3457e+000	-6.3457e+000	6.3476e+000	5.2500e-015
-5.160e+000	4.8065e-017	-9.3457e+000	-6.3457e+000	6.3476e+000	5.2500e-015
-5.150e+000	4.8065e-017	-9.3457e+000	-6.3457e+000	6.3476e+000	5.2500e-015
-5.140e+000	4.8065e-017	-9.3457e+000	-6.3457e+000	6.3476e+000	5.2500e-015
-5.130e+000	4.8065e-017	-9.3457e+000	-6.3457e+000	6.3476e+000	5.2500e-015
-5.120e+000	4.8065e-017	-9.3457e+000	-6.3457e+000	6.3476e+000	5.2500e-015
-5.110e+000	4.8065e-017	-9.3457e+000	-6.3457e+000	6.3476e+000	5.2500e-015
-5.100e+000	4.8065e-017	-9.3457e+000	-6.3457e+000	6.3476e+000	5.2500e-015
-5.090e+000	4.8065e-017	-9.3457e+000	-6.3457e+000	6.3476e+000	5.2500e-015
-5.080e+000	4.8065e-017	-9.3457e+000	-6.3457e+000	6.3476e+000	5.2500e-015
-5.070e+000	4.8065e-017	-9.3457e+000	-6.3457e+000	6.3476e+000	5.2500e-015
-5.060e+000	4.8065e-017	-9.3457e+000	-6.3457e+000	6.3476e+000	5.2500e-015
-5.050e+000	4.8065e-017	-9.3457e+000	-6.3457e+000	6.3476e+000	5.2500e-015
-5.040e+000	4.8065e-017	-9.3457e+000	-6.3457e+000	6.3476e+000	5.2500e-015
-5.030e+000	4.8065e-017	-9.3457e+000	-6.3457e+000	6.3476e+000	5.2500e-015
-5.020e+000	4.8065e-017	-9.3457e+000	-6.3457e+000	6.3476e+000	5.2500e-015
-5.010e+000	4.8065e-017	-9.3457e+000	-6.3457e+000	6.3476e+000	5.2500e-015
-5.000e+000	4.8065e-017	-9.3457e+000	-6.3457e+000	6.3476e+000	5.2500e-015
-4.990e+000	4.8065e-017	-9.3457e+000	-6.3457e+000	6.3476e+000	5.2500e-015
-4.980e+000	4.8065e-017	-9.3457e+000	-6.3457e+000	6.3476e+000	5.2500e-015
-4.970e+000	4.8065e-017	-9.3457e+000	-6.3457e+000	6.3476e+000	5.2500e-015
-4.960e+000	4.8065e-017	-9.3457e+000	-6.3457e+000	6.3476e+000	5.2500e-015
-4.950e+000	4.8065e-017	-9.3457e+000	-6.3457e+000	6.3476e+000	5.2500e-015
-4.940e+000	4.8065e-017	-9.3457e+000	-6.3457e+000	6.3476e+000	5.2500e-015
-4.930e+000	4.8065e-017	-9.3457e+000	-6.3457e+000	6.3476e+000	5.2500e-015
-4.920e+000	4.8065e-017	-9.3457e+000	-6.3457e+000	6.3476e+000	5.2500e-015
-4.910e+000	4.8065e-017	-9.3457e+000	-6.3457e+000	6.3476e+000	5.2500e-015
-4.900e+000	4.8065e-017	-9.3457e+000	-6.3457e+000	6.3476e+000	5.2500e-015
-4.890e+000	4.8065e-017	-9.3457e+000	-6.3457e+000	6.3476e+000	5.2500e-015
-4.880e+000	4.8065e-017	-9.3457e+000	-6.3457e+000	6.3476e+000	5.2500e-015
-4.870e+000	4.8065e-017	-9.3457e+000	-6.3457e+000	6.3476e+000	5.2500e-015
-4.860e+000	4.8065e-017	-9.3457e+000	-6.3457e+000	6.3476e+000	5.2500e-015
-4.850e+000	4.8065e-017	-9.3457e+000	-6.3457e+000	6.3476e+000	5.2500e-015
-4.840e+000	4.8065e-017	-9.3457e+000	-6.3457e+000	6.3476e+000	5.2500e-015
-4.830e+000	4.8065e-017	-9.3457e+000	-6.3457e+000	6.3476e+000	5.2500e-015
-4.820e+000	4.8065e-017	-9.3457e+000	-6.3457e+000	6.3476e+000	5.2500e-015
-4.810e+000	4.8065e-017	-9.3457e+000	-6.3457e+000	6.3476e+000	5.2500e-015
-4.800e+000	4.8065e-017	-9.3457e+000	-6.3457e+000	6.3476e+000	5.2500e-015
-4.790e+000	4.8065e-017	-9.3457e+000	-6.3457e+000	6.3476e+000	5.2500e-015
-4.780e+000	4.8065e-017	-9.3457e+000	-6.3457e+000	6.3476e+000	5.2500e-015
-4.770e+000	4.8065e-017	-9.3457e+000	-6.3457e+000	6.3476e+000	5.2500e-015
-4.760e+000	4.8065e-017	-9.3457e+000	-6.3457e+000	6.3476e+000	5.2500e-015
-4.750e+000	4.8065e-017	-9.3457e+000	-6.3457e+000	6.3476e+000	5.2500e-015
-4.740e+000	4.8065e-017	-9.3457e+000	-6.3457e+000	6.3476e+000	5.2500e-015
-4.730e+000	4.8065e-017	-9.3457e+000	-6.3457e+000	6.3476e+000	5.2500e-015
-4.720e+000	4.8065e-017	-9.3457e+000	-6.3457e+000	6.3476e+000	5.2500e-015
-4.710e+000	4.8065e-017	-9.3457e+000	-6.3457e+000	6.3476e+000	5.2500e-015
-4.700e+000	4.8065e-017	-9.3457e+000	-6.3457e+000	6.3476e+000	5.2500e-015
-4.690e+000	4.8065e-017	-9.3457e+000	-6.3457e+000	6.3476e+000	5.2500e-015
-4.680e+000	4.8065e-017	-9.3457e+000	-6.3457e+000	6.3476e+000	5.2500e-015
-4.670e+000	4.8065e-017	-9.3457e+000	-6.3457e+000	6.3476e+000	5.2500e-015
-4.660e+000	4.8065e-017	-9.3457e+000	-6.3457e+000	6.3476e+000	5.2500e-015
-4.650e+000	4.8065e-017	-9.3457e+000	-6.3457e+000	6.3476e+000	5.2500e-015
-4.640e+000	4.8065e-017	-9.3457e+000	-6.3457e+000	6.3476e+000	5.2500e-015
-4.630e+000	4.8065e-017	-9.3457e+000	-6.3457e+000	6.3476e+000	5.2500e-015
-4.620e+000	4.8065e-017	-9.3457e+000	-6.3457e+000	6.3476e+000	5.2500e-015
-4.610e+000	4.8065e-017	-9.3457e+000	-6.3457e+000	6.3476e+000	5.2500e-015
-4.600e+000	4.8065e-017	-9.3457e+000	-6.3457e+000	6.3476e+000	5.2500e-015
-4.590e+000	4.8065e-017	-9.3457e+000	-6.3457e+000	6.3476e+000	5.2500e-015
-4.580e+000	4.8065e-017	-9.3457e+000	-6.3457e+000	6.3476e+000	5.2500e-015
-4.570e+000	4.8065e-017	-9.3457e+000	-6.3457e+000	6.3476e+000	5.2500e-015
-4.560e+000	4.8065e-017	-9.3457e+000	-6.3457e+000	6.3476e+000	5.2500e-015
-4.550e+000	4.8065e-017	-9.3457e+000	-6.3457e+000	6.3476e+000	5.2500e-015
-4.540e+000	4.8065e-017	-9.3457e+000	-6.3457e+000	6.3476e+000	5.2500e-015
-4.530e+000	4.8065e-017	-9.3457e+000	-6.3457e+000	6.3476e+000	5.2500e-015
-4.520e+000	4.8065e-017	-9.3457e+000	-6.3457e+000	6.3476e+000	5.2500e-015
-4.510e+000	4.8065e-017	-9.3457e+000	-6.3457e+000	6.3476e+000	5.2500e-015
-4.500e+000	4.8065e-017	-9.3457e+000	-6.3457e+000	6.3476e+000	5.2500e-015
-4.490e+000	4.8065e-017	-9.3457e+000	-6.3457e+000	6.3476e+000	5.2500e-015
-4.480e+000	4.8065e-017	-9.3457e+000	-6.3457e+000	6.3476e+000	5.2500e-015
-4.470e+000	4.8065e-017	-9.3457e+000	-6.3457e+000	6.3476e+000	5.2500e-015
-4.460e+000	4.8065e-017	-9.3457e+000	-6.3457e+000	6.3476e+000	5.2500e-015
-4.450e+000	4.8065e-017	-9.3457e+000	-6.3457e+000	6.3476e+000	5.2500e-015
-4.440e+000	4.8065e-017	-9.3457e+000	-6.3457e+000	6.3476e+000	5.2500e-015
-4.430e+000	4.8065e-017	-9.3457e+000	-6.3457e+000	6.3476e+000	5.2500e-015
-4.420e+000	4.8065e-017	-9.3457e+000	-6.3457e+000	6.3476e+000	5.2500e-015
-4.410e+000	4.8065e-017	-9.3457e+000	-6.3457e+000	6.3476e+000	5.2500e-015
-4.400e+000	4.8065e-017	-9.3457e+000	-6.3457e+000	6.3476e+000	5.2500e-015
-4.390e+000	4.8065e-017	-9.3457e+000	-6.3457e+000	6.3476e+000	5.2500e-015
-4.380e+000	4.8065e-017	-9.3457e+000	-6.3457e+000	6.3476e+000	5.2500e-015
-4.370e+000	4.8065e-017	-9.3457e+000	-6.3457e+000	6.3476e+000	5.2500e-015
-4.360e+000	4.8065e-017	-9.3457e+000	-6.3457e+000	6.3476e+000	5.2500e-015
-4.350e+000	4.8065e-017	-9.3457e+000	-6.3457e+000	6.3476e+000	5.2500e-015
-4.340e+000	4.8065e-017	-9.3457e+000	-6.3457e+000	6.3476e+000	5.2500e-015
-4.330e+000	4.8065e-017	-9.3457e+000	-6.3457e+000	6.3476e+000	5.2500e-015
-4.320e+000	4.8065e-017	-9.3457e+000	-6.3457e+000	6.3476e+000	5.2500e-015
-4.310e+000	4.8065e-017	-9.3457e+000	-6.3457e+000	6.3476e+000	5.2500e-015
-4.300e+000	4.8065e-017	-9.3457e+000	-6.3457e+000	6.3476e+000	5.2500e-015
-4.290e+000	4.8065e-017	-9.3457e+000	-6.3457e+000	6.3476e+000	5.2500e-015
-4.280e+000	4.8065e-017	-9.3457e+000	-6.3457e+000	6.3476e+000	5.2500e-015
-4.270e+000	4.8065e-017	-9.3457e+000	-6.3457e+000	6.3476e+000	5.2500e-015
-4.260e+000	4.8065e-017	-9.3457e+000	-6.3457e+000	6.3476e+000	5.2500e-015
-4.250e+000	4.8065e-017	-9.3457e+000	-6.3457e+000	6.3476e+000	5.2500e-015
-4.240e+000	4.8065e-017	-9.3457e+000	-6.3457e+000	6.3476e+000	5.2500e-015
-4.230e+000	4.8065e-017	-9.3457e+000	-6.3457e+000	6.3476e+000	5.2500e-015
-4.220e+000	4.8065e-017	-9.3457e+000	-6.3457e+000	6.3476e+000	5.2500e-015
-4.210e+000	4.8065e-017	-9.3457e+000	-6.3457e+000	6.3476e+000	5.2500e-015
-4.200e+000	4.8065e-017	-9.3457e+000	-6.3457e+000	6.3476e+000	5.2500e-015
-4.190e+000	4.8065e-017	-9.3457e+000	-6.3457e+000	6.3476e+000	5.2500e-015
-4.180e+000	4.8065e-017	-9.3457e+000	-6.3457e+000	6.3476e+000	5.2500e-015
-4.170e+000	4.8065e-017	-9.3457e+000	-6.3457e+000	6.3476e+000	5.2500e-015
-4.160e+000	4.8065e-017	-9.3457e+000	-6.3457e+000	6.3476e+000	5.2500e-015
-4.150e+000	4.8065e-017	-9.3457e+000	-6.3457e+000	6.3476e+000	5.2500e-015
-4.140e+000	4.8065e-017	-9.3457e+000	-6.3457e+000	6.3476e+000	5.2500e-015
-4.130e+000	4.8065e-017	-9.3457e+000	-6.3457e+000	6.3476e+000	5.2500e-015
-4.120e+000	4.8065e-017	-9.3457e+000	-6.3457e+000	6.3476e+000	5.2500e-015
-4.110e+000	4.8065e-017	-9.3457e+000	-6.3457e+000	6.3476e+000	5.2500e-015
-4.100e+000	4.8065e-017	-9.3457e+000	-6.3457e+000	6.3476e+000	5.2500e-015
-4.090e+000	4.8065e-017	-9.3457e+000	-6.3457e+000	6.3476e+000	5.2500e-015
-4.080e+000	4.8065e-017	-9.3457e+000	-6.3457e+000	6.3476e+000	5.2500e-015
-4.070e+000	4.8065e-017	-9.3457e+000	-6.3457e+000	6.3476e+000	5.2500e-015
-4.060e+000	4.8065e-017	-9.3457e+000	-6.3457e+000	6.3476e+000	5.2500e-015
-4.050e+000	4.8065e-017	-9.3457e+000	-6.3457e+000	6.3476e+000	5.2500e-015
-4.040e+000	4.8065e-017	-9.3457e+000	-6.3457e+000	6.3476e+000	5.2500e-015
-4.030e+000	4.8065e-017	-9.3457e+000	-6.3457e+000	6.3476e+000	5.2500e-015
-4.020e+000	4.8065e-017	-9.3457e+000	-6.3457e+000	6.3476e+000	5.2500e-015
-4.010e+000	4.8065e-017	-9.3457e+000	-6.3457e+000	6.3476e+000	5.2500e-015
-4.000e+000	4.8065e-017	-9.3457e+000	-6.3457e+000	6.3476e+000	5.2500e-015
-3.990e+000	4.8065e-017	-9.3457e+000	-6.3457e+000	6.3476e+000	5.2500e-015
-3.980e+000	4.8065e-017	-9.3457e+000	-6.3457e+000	6.3476e+000	5.2500e-015
-3.970e+000	4.8065e-017	-9.3457e+000	-6.3457e+000	6.3476e+000	5.2500e-015
-3.960e+000	4.8065e-017	-9.3457e+000	-6.3457e+000	6.3476e+000	5.2500e-015
-3.950e+000	4.8065e-017	-9.3457e+000	-6.3457e+000	6.3476e+000	5.2500e-015
-3.940e+000	4.8065e-017	-9.3457e+000	-6.3457e+000	6.3476e+000	5.2500e-015
-3.930e+000	4.8065e-017	-9.3457e+000	-6.3457e+000	6.3476e+000	5.2500e-015
-3.920e+000	4.8065e-017	-9.3457e+000	-6.3457e+000	6.3476e+000	5.2500e-015
-3.910e+000	4.8065e-017	-9.3457e+000	-6.3457e+000	6.3476e+000	5.2500e-015
-3.900e+000	4.8065e-017	-9.3457e+000	-6.3457e+000	6.3476e+000	5.2500e-015
-3.890e+000	4.8065e-017	-9.3457e+000	-6.3457e+000	6.3476e+000	5.2500e-015
-3.880e+000	4.8065e-017	-9.3457e+000	-6.3457e+000	6.3476e+000	5.2500e-015
-3.870e+000	4.8065e-017	-9.3457e+000	-6.3457e+000	6.3476e+000	5.2500e-015
-3.860e+000	4.8065e-017	-9.3457e+000	-6.3457e+000	6.3476e+000	5.2500e-015
-3.850e+000	4.8065e-017	-9.3457e+000	-6.3457e+000	6.3476e+000	5.2500e-015
-3.840e+000	4.8065e-017	-9.3457e+000	-6.3457e+000	6.3476e+000	5.2500e-015
-3.830e+000	4.8065e-017	-9.3457e+000	-6.3457e+000	6.3476e+000	5.2500e-015
-3.820e+000	4.8065e-017	-9.3457e+000	-6.3457e+000	6.3476e+000	5.2500e-015
-3.810e+000	4.8065e-017	-9.3457e+000	-6.3457e+000	6.3476e+000	5.2500e-015
-3.800e+000	4.8065e-017	-9.3457e+000	-6.3457e+000	6.3476e+000	5.2500e-015
-3.790e+000	4.8065e-017	-9.3457e+000	-6.3457e+000	6.3476e+000	5.2500e-015
-3.780e+000	4.8065e-017	-9.3457e+000	-6.3457e+000	6.3476e+000	5.2500e-015
-3.770e+000	4.8065e-017	-9.3457e+000	-6.3457e+000	6.3476e+000	5.2500e-015
-3.760e+000	4.8065e-017	-9.3457e+000	-6.3457e+000	6.3476e+000	5.2500e-015
-3.750e+000	4.8065e-017	-9.3457e+000	-6.3457e+000	6.3476e+000	5.2500e-015
-3.740e+000	4.8066e-017	-9.3457e+000	-6.3457e+000	6.3476e+000	5.2500e-015
-3.730e+000	4.8066e-017	-9.3457e+000	-6.3457e+000	6.3476e+000	5.2500e-015
-3.720e+000	4.8066e-017	-9.3458e+000	-6.3457e+000	6.3476e+000	5.2500e-015
-3.710e+000	4.8066e-017	-9.3458e+000	-6.3458e+000	6.3476e+000	5.2500e-015
-3.700e+000	4.8066e-017	-9.3458e+000	-6.3458e+000	6.3477e+000	5.2500e-015
-3.690e+000	4.8066e-017	-9.3459e+000	-6.3458e+000	6.3477e+000	5.2500e-015
-3.680e+000	4.8067e-017	-9.3460e+000	-6.3459e+000	6.3478e+000	5.2500e-015
-3.670e+000	4.8067e-017	-9.3461e+000	-6.3460e+000	6.3478e+000	5.2500e-015
-3.660e+000	4.8068e-017	-9.3463e+000	-6.3461e+000	6.3480e+000	5.2500e-015
-3.650e+000	4.8070e-017	-9.3466e+000	-6.3463e+000	6.3482e+000	5.2500e-015
-3.640e+000	4.8072e-017	-9.3470e+000	-6.3466e+000	6.3484e+000	5.2500e-015
-3.630e+000	4.8075e-017	-9.3476e+000	-6.3470e+000	6.3488e+000	5.2500e-015
-3.620e+000	4.8079e-017	-9.3484e+000	-6.3476e+000	6.3494e+000	5.2500e-015
-3.610e+000	4.8086e-017	-9.3497e+000	-6.3484e+000	6.3503e+000	5.2500e-015
-3.600e+000	4.8096e-017	-9.3516e+000	-6.3497e+000	6.3516e+000	5.2500e-015
-3.590e+000	4.8110e-017	-9.3544e+000	-6.3516e+000	6.3535e+000	5.2500e-015
-3.580e+000	4.8131e-017	-9.3585e+000	-6.3544e+000	6.3563e+000	5.2500e-015
-3.570e+000	4.8162e-017	-9.3646e+000	-6.3585e+000	6.3604e+000	5.2500e-015
-3.560e+000	4.8208e-017	-9.3735e+000	-6.3646e+000	6.3665e+000	5.2500e-015
-3.550e+000	4.8276e-017	-9.3866e+000	-6.3735e+000	6.3754e+000	5.2500e-015
-3.540e+000	4.8375e-017	-9.4060e+000	-6.3866e+000	6.3885e+000	5.2500e-015
-3.530e+000	4.8521e-017	-9.4344e+000	-6.4060e+000	6.4079e+000	5.2500e-015
-3.520e+000	4.8737e-017	-9.4764e+000	-6.4344e+000	6.4363e+000	5.2500e-015
-3.510e+000	4.9054e-017	-9.5381e+000	-6.4764e+000	6.4782e+000	5.2500e-015
-3.500e+000	4.9521e-017	-9.6289e+000	-6.5381e+000	6.5399e+000	5.2500e-015
-3.490e+000	5.0271e-017	-9.7666e+000	-6.6289e+000	6.6308e+000	5.2500e-015
-3.480e+000	5.1220e-017	-9.9635e+000	-6.7666e+000	6.7645e+000	5.2500e-015
-3.470e+000	5.2711e-017	-1.0253e+001	-6.9635e+000	6.9615e+000	5.2500e-015
-3.460e+000	5.4936e-017	-1.0682e+001	-7.2534e+000	7.2514e+000	5.2500e-015
-3.450e+000	5.8134e-017	-1.1311e+001	-7.6822e+000	7.6782e+000	5.2500e-015
-3.440e+000	6.2968e-017	-1.2241e+001	-8.3107e+000	8.3067e+000	5.2500e-015
-3.430e+000	6.9922e-017	-1.3605e+001	-9.2408e+000	9.2319e+000	5.2500e-015
-3.420e+000	8.0308e-017	-1.5617e+001	-1.0605e+001	1.0594e+001	5.2500e-015
-3.410e+000	9.5500e-017	-1.8578e+001	-1.2617e+001	1.2600e+001	5.2500e-015
-3.400e+000	1.1795e-016	-2.2940e+001	-1.5578e+001	1.5553e+001	5.2500e-015
-3.390e+000	1.5091e-016	-2.9359e+001	-1.9940e+001	1.9900e+001	5.2500e-015
-3.380e+000	1.9952e-016	-3.8812e+001	-2.6359e+001	2.6301e+001	5.2500e-015
-3.370e+000	2.7101e-016	-5.2728e+001	-3.5812e+001	3.5724e+001	5.2500e-015
-3.360e+000	3.7633e-016	-7.3216e+001	-4.9728e+001	4.9599e+001	5.2500e-015
-3.350e+000	5.3137e-016	-1.0338e+002	-7.0216e+001	7.0026e+001	5.2500e-015
-3.340e+000	7.5961e-016	-1.4779e+002	-1.0038e+002	1.0010e+002	5.2500e-015
-3.330e+000	1.0956e-015	-2.1318e+002	-1.4479e+002	1.4438e+002	5.2500e-015
-3.320e+000	1.5905e-015	-3.0945e+002	-2.1018e+002	2.0957e+002	5.2500e-015
-3.310e+000	2.3188e-015	-4.5118e+002	-3.0645e+002	3.0555e+002	5.2500e-015
-3.300e+000	3.3913e-015	-6.5985e+002	-4.4818e+002	4.4685e+002	5.2500e-015
-3.290e+000	4.9704e-015	-9.6707e+002	-6.5685e+002	6.5490e+002	5.2500e-015
-3.280e+000	7.2951e-015	-1.4194e+003	-9.6407e+002	9.6120e+002	5.2500e-015
-3.270e+000	1.0718e-014	-2.0853e+003	-1.4164e+003	1.4122e+003	5.2500e-015
-3.260e+000	1.5757e-014	-3.0658e+003	-2.0823e+003	2.0761e+003	5.2500e-015
-3.250e+000	2.3176e-014	-4.5093e+003	-3.0628e+003	3.0537e+003	5.2500e-015
-3.240e+000	3.4099e-014	-6.6346e+003	-4.5063e+003	4.4929e+003	5.2500e-015
-3.230e+000	5.0181e-014	-9.7636e+003	-6.6316e+003	6.6118e+003	5.2500e-015
-3.220e+000	7.3858e-014	-1.4370e+004	-9.7606e+003	9.7314e+003	5.2500e-015
-3.210e+000	1.0872e-013	-2.1153e+004	-1.4367e+004	1.4324e+004	5.2500e-015
-3.200e+000	1.6004e-013	-3.1139e+004	-2.1150e+004	2.1087e+004	5.2500e-015
-3.190e+000	2.3560e-013	-4.5841e+004	-3.1136e+004	3.1043e+004	5.2500e-015
-3.180e+000	3.4685e-013	-6.7486e+004	-4.5838e+004	4.5701e+004	5.2500e-015
-3.170e+000	5.1063e-013	-9.9354e+004	-6.7483e+004	6.7281e+004	5.2500e-015
-3.160e+000	7.5177e-013	-1.4627e+005	-9.9351e+004	9.9054e+004	5.2500e-015
-3.150e+000	1.1068e-012	-2.1535e+005	-1.4627e+005	1.4583e+005	5.2500e-015
-3.140e+000	1.6294e-012	-3.1705e+005	-2.1535e+005	2.1470e+005	5.2500e-015
-3.130e+000	2.3989e-012	-4.6677e+005	-3.1704e+005	3.1610e+005	5.2500e-015
-3.120e+000	3.5316e-012	-6.8719e+005	-4.6677e+005	4.6537e+005	5.2500e-015
-3.110e+000	5.1992e-012	-1.0117e+006	-6.8719e+005	6.8513e+005	5.2500e-015
-3.100e+000	7.6538e-012	-1.4894e+006	-1.0117e+006	1.0087e+006	5.2500e-015
-3.090e+000	1.1267e-011	-2.1926e+006	-1.4894e+006	1.4849e+006	5.2500e-015
-3.080e+000	1.6584e-011	-3.2277e+006	-2.1926e+006	2.1860e+006	5.2500e-015
-3.070e+000	2.4407e-011	-4.7510e+006	-3.2277e+006	3.2180e+006	5.2500e-015
-3.060e+000	3.5915e-011	-6.9927e+006	-4.7510e+006	4.7368e+006	5.2500e-015
-3.050e+000	5.2836e-011	-1.0290e+007	-6.9926e+006	6.9717e+006	5.2500e-015
-3.040e+000	7.7699e-011	-1.5140e+007	-1.0290e+007	1.0260e+007	5.2500e-015
-3.030e+000	1.1420e-010	-2.2268e+007	-1.5140e+007	1.5095e+007	5.2500e-015
-3.020e+000	1.6772e-010	-3.2736e+007	-2.2268e+007	2.2201e+007	5.2500e-015
-3.010e+000	2.4604e-010	-4.8092e+007	-3.2736e+007	3.2638e+007	5.2500e-015
-3.000e+000	3.6031e-010	-7.0581e+007	-4.8092e+007	4.7949e+007	5.2500e-015
-2.990e+000	5.2638e-010	-1.0344e+008	-7.0581e+007	7.0371e+007	5.2500e-015
-2.980e+000	7.6632e-010	-1.5126e+008	-1.0344e+008	1.0313e+008	5.2500e-015
-2.970e+000	1.1101e-009	-2.2055e+008	-1.5126e+008	1.5082e+008	5.2500e-015
-2.960e+000	1.5971e-009	-3.2023e+008	-2.2055e+008	2.1990e+008	5.2500e-015
-2.950e+000	2.2761e-009	-4.6230e+008	-3.2023e+008	3.1929e+008	5.2500e-015
-2.940e+000	3.2036e-009	-6.6225e+008	-4.6230e+008	4.6095e+008	5.2500e-015
-2.930e+000	4.4382e-009	-9.3926e+008	-6.6225e+008	6.6035e+008	5.2500e-015
-2.920e+000	6.0315e-009	-1.3157e+009	-9.3926e+008	9.3660e+008	5.2500e-015
-2.910e+000	8.0192e-009	-1.8162e+009	-1.3157e+009	1.3121e+009	5.2500e-015
-2.900e+000	1.0415e-008	-2.4663e+009	-1.8162e+009	1.8114e+009	5.2500e-015
-2.890e+000	1.3216e-008	-3.2912e+009	-2.4663e+009	2.4599e+009	5.2500e-015
-2.880e+000	1.6409e-008	-4.3153e+009	-3.2912e+009	3.2830e+009	5.2500e-015
-2.870e+000	1.9991e-008	-5.5631e+009	-4.3153e+009	4.3052e+009	5.2500e-015
-2.860e+000	2.3971e-008	-7.0592e+009	-5.5631e+009	5.5508e+009	5.2500e-015
-2.850e+000	2.8377e-008	-8.8304e+009	-7.0592e+009	7.0448e+009	5.2500e-015
-2.840e+000	3.3247e-008	-1.0906e+010	-8.8304e+009	8.8137e+009	5.2500e-015
-2.830e+000	3.8623e-008	-1.3316e+010	-1.0906e+010	1.0887e+010	5.2500e-015
-2.820e+000	4.4539e-008	-1.6096e+010	-1.3316e+010	1.3295e+010	5.2500e-015
-2.810e+000	5.1016e-008	-1.9280e+010	-1.6096e+010	1.6073e+010	5.2500e-015
-2.800e+000	5.8054e-008	-2.2904e+010	-1.9280e+010	1.9255e+010	5.2500e-015
-2.790e+000	6.5629e-008	-2.7000e+010	-2.2904e+010	2.2877e+010	5.2500e-015
-2.780e+000	7.3694e-008	-3.1599e+010	-2.7000e+010	2.6972e+010	5.2500e-015
-2.770e+000	8.2176e-008	-3.6728e+010	-3.1599e+010	3.1570e+010	5.2500e-015
-2.760e+000	9.0989e-008	-4.2408e+010	-3.6728e+010	3.6698e+010	5.2500e-015
-2.750e+000	1.0003e-007	-4.8651e+010	-4.2408e+010	4.2376e+010	5.2500e-015
-2.740e+000	1.0919e-007	-5.5466e+010	-4.8651e+010	4.8618e+010	5.2500e-015
-2.730e+000	1.1837e-007	-6.2854e+010	-5.5466e+010	5.5433e+010	5.2500e-015
-2.720e+000	1.2747e-007	-7.0810e+010	-6.2854e+010	6.2820e+010	5.2500e-015
-2.710e+000	1.3641e-007	-7.9324e+010	-7.0810e+010	7.0776e+010	5.2500e-015
-2.700e+000	1.4510e-007	-8.8381e+010	-7.9324e+010	7.9289e+010	5.2500e-015
-2.690e+000	1.5350e-007	-9.7962e+010	-8.8381e+010	8.8345e+010	5.2500e-015
-2.680e+000	1.6136e-007	-1.0803e+011	-9.7962e+010	9.7926e+010	5.2500e-015
-2.670e+000	1.6877e-007	-1.1857e+011	-1.0803e+011	1.0800e+011	5.2500e-015
-2.660e+000	1.7598e-007	-1.2955e+011	-1.1857e+011	1.1853e+011	5.2500e-015
-2.650e+000	1.8283e-007	-1.4096e+011	-1.2955e+011	1.2951e+011	5.2500e-015
-2.640e+000	1.8940e-007	-1.5278e+011	-1.4096e+011	1.4092e+011	5.2500e-015
-2.630e+000	1.9545e-007	-1.6498e+011	-1.5278e+011	1.5275e+011	5.2500e-015
-2.620e+000	2.0104e-007	-1.7753e+011	-1.6498e+011	1.6494e+011	5.2500e-015
-2.610e+000	2.0648e-007	-1.9042e+011	-1.7753e+011	1.7749e+011	5.2500e-015
-2.600e+000	2.1147e-007	-2.0362e+011	-1.9042e+011	1.9038e+011	5.2500e-015
-2.590e+000	2.1621e-007	-2.1711e+011	-2.0362e+011	2.0358e+011	5.2500e-015
-2.580e+000	2.2051e-007	-2.3087e+011	-2.1711e+011	2.1707e+011	5.2500e-015
-2.570e+000	2.2461e-007	-2.4489e+011	-2.3087e+011	2.3084e+011	5.2500e-015
-2.560e+000	2.2849e-007	-2.5915e+011	-2.4489e+011	2.4485e+011	5.2500e-015
-2.550e+000	2.3202e-007	-2.7364e+011	-2.5915e+011	2.5912e+011	5.2500e-015
-2.540e+000	2.3542e-007	-2.8833e+011	-2.7364e+011	2.7360e+011	5.2500e-015
-2.530e+000	2.3851e-007	-3.0322e+011	-2.8833e+011	2.8829e+011	5.2500e-015
-2.520e+000	2.4150e-007	-3.1829e+011	-3.0322e+011	3.0318e+011	5.2500e-015
-2.510e+000	2.4422e-007	-3.3353e+011	-3.1829e+011	3.1825e+011	5.2500e-015
-2.500e+000	2.4684e-007	-3.4894e+011	-3.3353e+011	3.3349e+011	5.2500e-015
-2.490e+000	2.4925e-007	-3.6450e+011	-3.4894e+011	3.4890e+011	5.2500e-015
-2.480e+000	2.5156e-007	-3.8020e+011	-3.6450e+011	3.6446e+011	5.2500e-015
-2.470e+000	2.5372e-007	-3.9603e+011	-3.8020e+011	3.8016e+011	5.2500e-015
-2.460e+000	2.5574e-007	-4.1199e+011	-3.9603e+011	3.9599e+011	5.2500e-015
-2.450e+000	2.5763e-007	-4.2807e+011	-4.1199e+011	4.1196e+011	5.2500e-015
-2.440e+000	2.5946e-007	-4.4427e+011	-4.2807e+011	4.2804e+011	5.2500e-015
-2.430e+000	2.6116e-007	-4.6057e+011	-4.4427e+011	4.4423e+011	5.2500e-015
-2.420e+000	2.6277e-007	-4.7697e+011	-4.6057e+011	4.6053e+011	5.2500e-015
-2.410e+000	2.6427e-007	-4.9346e+011	-4.7697e+011	4.7693e+011	5.2500e-015
-2.400e+000	2.6573e-007	-5.1005e+011	-4.9346e+011	4.9342e+011	5.2500e-015
-2.390e+000	2.6709e-007	-5.2672e+011	-5.1005e+011	5.1001e+011	5.2500e-015
-2.380e+000	2.6839e-007	-5.4347e+011	-5.2672e+011	5.2668e+011	5.2500e-015
-2.370e+000	2.6962e-007	-5.6030e+011	-5.4347e+011	5.4343e+011	5.2500e-015
-2.360e+000	2.7078e-007	-5.7720e+011	-5.6030e+011	5.6026e+011	5.2500e-015
-2.350e+000	2.7188e-007	-5.9417e+011	-5.7720e+011	5.7716e+011	5.2500e-015
-2.340e+000	2.7295e-007	-6.1121e+011	-5.9417e+011	5.9413e+011	5.2500e-015
-2.330e+000	2.7395e-007	-6.2831e+011	-6.1121e+011	6.1117e+011	5.2500e-015
-2.320e+000	2.7491e-007	-6.4546e+011	-6.2831e+011	6.2827e+011	5.2500e-015
-2.310e+000	2.7582e-007	-6.6268e+011	-6.4546e+011	6.4542e+011	5.2500e-015
-2.300e+000	2.7669e-007	-6.7995e+011	-6.6268e+011	6.6264e+011	5.2500e-015
-2.290e+000	2.7752e-007	-6.9727e+011	-6.7995e+011	6.7991e+011	5.2500e-015
-2.280e+000	2.7832e-007	-7.1464e+011	-6.9727e+011	6.9723e+011	5.2500e-015
-2.270e+000	2.7907e-007	-7.3206e+011	-7.1464e+011	7.1460e+011	5.2500e-015
-2.260e+000	2.7981e-007	-7.4952e+011	-7.3206e+011	7.3202e+011	5.2500e-015
-2.250e+000	2.8050e-007	-7.6703e+011	-7.4952e+011	7.4948e+011	5.2500e-015
-2.240e+000	2.8117e-007	-7.8458e+011	-7.6703e+011	7.6699e+011	5.2500e-015
-2.230e+000	2.8181e-007	-8.0217e+011	-7.8458e+011	7.8454e+011	5.2500e-015
-2.220e+000	2.8242e-007	-8.1980e+011	-8.0217e+011	8.0213e+011	5.2500e-015
-2.210e+000	2.8301e-007	-8.3746e+011	-8.1980e+011	8.1976e+011	5.2500e-015
-2.200e+000	2.8357e-007	-8.5516e+011	-8.3746e+011	8.3742e+011	5.2500e-015
-2.190e+000	2.8412e-007	-8.7289e+011	-8.5516e+011	8.5512e+011	5.2500e-015
-2.180e+000	2.8464e-007	-8.9066e+011	-8.7289e+011	8.7285e+011	5.2500e-015
-2.170e+000	2.8514e-007	-9.0846e+011	-8.9066e+011	8.9062e+011	5.2500e-015
-2.160e+000	2.8562e-007	-9.2628e+011	-9.0846e+011	9.0842e+011	5.2500e-015
-2.150e+000	2.8608e-007	-9.4414e+011	-9.2628e+011	9.2624e+011	5.2500e-015
-2.140e+000	2.8654e-007	-9.6202e+011	-9.4414e+011	9.4410e+011	5.2500e-015
-2.130e+000	2.8697e-007	-9.7993e+011	-9.6202e+011	9.6198e+011	5.2500e-015
-2.120e+000	2.8739e-007	-9.9787e+011	-9.7993e+011	9.7989e+011	5.2500e-015
-2.110e+000	2.8779e-007	-1.0158e+012	-9.9787e+011	9.9783e+011	5.2500e-015
-2.100e+000	2.8818e-007	-1.0338e+012	-1.0158e+012	1.0158e+012	5.2500e-015
-2.090e+000	2.8855e-007	-1.0518e+012	-1.0338e+012	1.0338e+012	5.2500e-015
-2.080e+000	2.8892e-007	-1.0699e+012	-1.0518e+012	1.0518e+012	5.2500e-015
-2.070e+000	2.8927e-007	-1.0879e+012	-1.0699e+012	1.0698e+012	5.2500e-015
-2.060e+000	2.8961e-007	-1.1060e+012	-1.0879e+012	1.0879e+012	5.2500e-015
-2.050e+000	2.8993e-007	-1.1241e+012	-1.1060e+012	1.1060e+012	5.2500e-015
-2.040e+000	2.9025e-007	-1.1422e+012	-1.1241e+012	1.1240e+012	5.2500e-015
-2.030e+000	2.9056e-007	-1.1603e+012	-1.1422e+012	1.1422e+012	5.2500e-015
-2.020e+000	2.9086e-007	-1.1785e+012	-1.1603e+012	1.1603e+012	5.2500e-015
-2.010e+000	2.9115e-007	-1.1967e+012	-1.1785e+012	1.1785e+012	5.2500e-015
-2.000e+000	2.9143e-007	-1.2149e+012	-1.1967e+012	1.1966e+012	5.2500e-015
-1.990e+000	2.9170e-007	-1.2331e+012	-1.2149e+012	1.2148e+012	5.2500e-015
-1.980e+000	2.9196e-007	-1.2513e+012	-1.2331e+012	1.2330e+012	5.2500e-015
-1.970e+000	2.9222e-007	-1.2695e+012	-1.2513e+012	1.2512e+012	5.2500e-015
-1.960e+000	2.9247e-007	-1.2878e+012	-1.2695e+012	1.2695e+012	5.2500e-015
-1.950e+000	2.9271e-007	-1.3060e+012	-1.2878e+012	1.2877e+012	5.2500e-015
-1.940e+000	2.9295e-007	-1.3243e+012	-1.3060e+012	1.3060e+012	5.2500e-015
-1.930e+000	2.9317e-007	-1.3426e+012	-1.3243e+012	1.3243e+012	5.2500e-015
-1.920e+000	2.9340e-007	-1.3609e+012	-1.3426e+012	1.3426e+012	5.2500e-015
-1.910e+000	2.9361e-007	-1.3793e+012	-1.3609e+012	1.3609e+012	5.2500e-015
-1.900e+000	2.9382e-007	-1.3976e+012	-1.3793e+012	1.3792e+012	5.2500e-015
-1.890e+000	2.9403e-007	-1.4160e+012	-1.3976e+012	1.3976e+012	5.2500e-015
-1.880e+000	2.9423e-007	-1.4343e+012	-1.4160e+012	1.4159e+012	5.2500e-015
-1.870e+000	2.9442e-007	-1.4527e+012	-1.4343e+012	1.4343e+012	5.2500e-015
-1.860e+000	2.9461e-007	-1.4711e+012	-1.4527e+012	1.4527e+012	5.2500e-015
-1.850e+000	2.9480e-007	-1.4895e+012	-1.4711e+012	1.4710e+012	5.2500e-015
-1.840e+000	2.9498e-007	-1.5079e+012	-1.4895e+012	1.4894e+012	5.2500e-015
-1.830e+000	2.9515e-007	-1.5263e+012	-1.5079e+012	1.5079e+012	5.2500e-015
-1.820e+000	2.9532e-007	-1.5448e+012	-1.5263e+012	1.5263e+012	5.2500e-015
-1.810e+000	2.9549e-007	-1.5632e+012	-1.5448e+012	1.5447e+012	5.2500e-015
-1.800e+000	2.9565e-007	-1.5816e+012	-1.5632e+012	1.5632e+012	5.2500e-015
-1.790e+000	2.9581e-007	-1.6001e+012	-1.5816e+012	1.5816e+012	5.2500e-015
-1.780e+000	2.9597e-007	-1.6186e+012	-1.6001e+012	1.6001e+012	5.2500e-015
-1.770e+000	2.9612e-007	-1.6371e+012	-1.6186e+012	1.6185e+012	5.2500e-015
-1.760e+000	2.9627e-007	-1.6556e+012	-1.6371e+012	1.6370e+012	5.2500e-015
-1.750e+000	2.9641e-007	-1.6741e+012	-1.6556e+012	1.6555e+012	5.2500e-015
-1.740e+000	2.9656e-007	-1.6926e+012	-1.6741e+012	1.6740e+012	5.2500e-015
-1.730e+000	2.9670e-007	-1.7111e+012	-1.6926e+012	1.6925e+012	5.2500e-015
-1.720e+000	2.9683e-007	-1.7296e+012	-1.7111e+012	1.7110e+012	5.2500e-015
-1.710e+000	2.9696e-007	-1.7481e+012	-1.7296e+012	1.7296e+012	5.2500e-015
-1.700e+000	2.9709e-007	-1.7667e+012	-1.7481e+012	1.7481e+012	5.2500e-015
-1.690e+000	2.9722e-007	-1.7852e+012	-1.7667e+012	1.7667e+012	5.2500e-015
-1.680e+000	2.9735e-007	-1.8038e+012	-1.7852e+012	1.7852e+012	5.2500e-015
-1.670e+000	2.9747e-007	-1.8224e+012	-1.8038e+012	1.8038e+012	5.2500e-015
-1.660e+000	2.9759e-007	-1.8409e+012	-1.8224e+012	1.8223e+012	5.2500e-015
-1.650e+000	2.9771e-007	-1.8595e+012	-1.8409e+012	1.8409e+012	5.2500e-015
-1.640e+000	2.9782e-007	-1.8781e+012	-1.8595e+012	1.8595e+012	5.2500e-015
-1.630e+000	2.9793e-007	-1.8967e+012	-1.8781e+012	1.8781e+012	5.2500e-015
-1.620e+000	2.9804e-007	-1.9153e+012	-1.8967e+012	1.8967e+012	5.2500e-015
-1.610e+000	2.9815e-007	-1.9339e+012	-1.9153e+012	1.9153e+012	5.2500e-015
-1.600e+000	2.9826e-007	-1.9525e+012	-1.9339e+012	1.9339e+012	5.2500e-015
-1.590e+000	2.9836e-007	-1.9712e+012	-1.9525e+012	1.9525e+012	5.2500e-015
-1.580e+000	2.9847e-007	-1.9898e+012	-1.9712e+012	1.9711e+012	5.2500e-015
-1.570e+000	2.9857e-007	-2.0084e+012	-1.9898e+012	1.9897e+012	5.2500e-015
-1.560e+000	2.9867e-007	-2.0271e+012	-2.0084e+012	2.0084e+012	5.2500e-015
-1.550e+000	2.9876e-007	-2.0457e+012	-2.0271e+012	2.0270e+012	5.2500e-015
-1.540e+000	2.9886e-007	-2.0644e+012	-2.0457e+012	2.0457e+012	5.2500e-015
-1.530e+000	2.9895e-007	-2.0830e+012	-2.0644e+012	2.0643e+012	5.2500e-015
-1.520e+000	2.9904e-007	-2.1017e+012	-2.0830e+012	2.0830e+012	5.2500e-015
-1.510e+000	2.9913e-007	-2.1204e+012	-2.1017e+012	2.1016e+012	5.2500e-015
-1.500e+000	2.9922e-007	-2.1390e+012	-2.1204e+012	2.1203e+012	5.2500e-015
-1.490e+000	2.9931e-007	-2.1577e+012	-2.1390e+012	2.1390e+012	5.2500e-015
-1.480e+000	2.9940e-007	-2.1764e+012	-2.1577e+012	2.1577e+012	5.2500e-015
-1.470e+000	2.9948e-007	-2.1951e+012	-2.1764e+012	2.1764e+012	5.2500e-015
-1.460e+000	2.9956e-007	-2.2138e+012	-2.1951e+012	2.1951e+012	5.2500e-015
-1.450e+000	2.9964e-007	-2.2325e+012	-2.2138e+012	2.2138e+012	5.2500e-015
-1.440e+000	2.9972e-007	-2.2512e+012	-2.2325e+012	2.2325e+012	5.2500e-015
-1.430e+000	2.9980e-007	-2.2699e+012	-2.2512e+012	2.2512e+012	5.2500e-015
-1.420e+000	2.9988e-007	-2.2886e+012	-2.2699e+012	2.2699e+012	5.2500e-015
-1.410e+000	2.9996e-007	-2.3074e+012	-2.2886e+012	2.2886e+012	5.2500e-015
-1.400e+000	3.0003e-007	-2.3261e+012	-2.3074e+012	2.3073e+012	5.2500e-015
-1.390e+000	3.0011e-007	-2.3448e+012	-2.3261e+012	2.3260e+012	5.2500e-015
-1.380e+000	3.0018e-007	-2.3635e+012	-2.3448e+012	2.3448e+012	5.2500e-015
-1.370e+000	3.0025e-007	-2.3823e+012	-2.3635e+012	2.3635e+012	5.2500e-015
-1.360e+000	3.0032e-007	-2.4010e+012	-2.3823e+012	2.3822e+012	5.2500e-015
-1.350e+000	3.0039e-007	-2.4198e+012	-2.4010e+012	2.4010e+012	5.2500e-015
-1.340e+000	3.0046e-007	-2.4385e+012	-2.4198e+012	2.4197e+012	5.2500e-015
-1.330e+000	3.0053e-007	-2.4573e+012	-2.4385e+012	2.4385e+012	5.2500e-015
-1.320e+000	3.0060e-007	-2.4761e+012	-2.4573e+012	2.4572e+012	5.2500e-015
-1.310e+000	3.0066e-007	-2.4948e+012	-2.4761e+012	2.4760e+012	5.2500e-015
-1.300e+000	3.0073e-007	-2.5136e+012	-2.4948e+012	2.4948e+012	5.2500e-015
-1.290e+000	3.0079e-007	-2.5324e+012	-2.5136e+012	2.5135e+012	5.2500e-015
-1.280e+000	3.0085e-007	-2.5511e+012	-2.5324e+012	2.5323e+012	5.2500e-015
-1.270e+000	3.0092e-007	-2.5699e+012	-2.5511e+012	2.5511e+012	5.2500e-015
-1.260e+000	3.0098e-007	-2.5887e+012	-2.5699e+012	2.5699e+012	5.2500e-015
-1.250e+000	3.0104e-007	-2.6075e+012	-2.5887e+012	2.5887e+012	5.2500e-015
-1.240e+000	3.0110e-007	-2.6263e+012	-2.6075e+012	2.6075e+012	5.2500e-015
-1.230e+000	3.0116e-007	-2.6451e+012	-2.6263e+012	2.6262e+012	5.2500e-015
-1.220e+000	3.0122e-007	-2.6639e+012	-2.6451e+012	2.6450e+012	5.2500e-015
-1.210e+000	3.0127e-007	-2.6827e+012	-2.6639e+012	2.6638e+012	5.2500e-015
-1.200e+000	3.0133e-007	-2.7015e+012	-2.6827e+012	2.6826e+012	5.2500e-015
-1.190e+000	3.0139e-007	-2.7203e+012	-2.7015e+012	2.7015e+012	5.2500e-015
-1.180e+000	3.0144e-007	-2.7391e+012	-2.7203e+012	2.7203e+012	5.2500e-015
-1.170e+000	3.0149e-007	-2.7579e+012	-2.7391e+012	2.7391e+012	5.2500e-015
-1.160e+000	3.0155e-007	-2.7768e+012	-2.7579e+012	2.7579e+012	5.2500e-015
-1.150e+000	3.0160e-007	-2.7956e+012	-2.7768e+012	2.7767e+012	5.2500e-015
-1.140e+000	3.0165e-007	-2.8144e+012	-2.7956e+012	2.7955e+012	5.2500e-015
-1.130e+000	3.0171e-007	-2.8332e+012	-2.8144e+012	2.8144e+012	5.2500e-015
-1.120e+000	3.0176e-007	-2.8521e+012	-2.8332e+012	2.8332e+012	5.2500e-015
-1.110e+000	3.0181e-007	-2.8709e+012	-2.8521e+012	2.8520e+012	5.2500e-015
-1.100e+000	3.0186e-007	-2.8898e+012	-2.8709e+012	2.8709e+012	5.2500e-015
-1.090e+000	3.0191e-007	-2.9086e+012	-2.8898e+012	2.8897e+012	5.2500e-015
-1.080e+000	3.0196e-007	-2.9274e+012	-2.9086e+012	2.9086e+012	5.2500e-015
-1.070e+000	3.0201e-007	-2.9463e+012	-2.9274e+012	2.9274e+012	5.2500e-015
-1.060e+000	3.0205e-007	-2.9651e+012	-2.9463e+012	2.9463e+012	5.2500e-015
-1.050e+000	3.0210e-007	-2.9840e+012	-2.9651e+012	2.9651e+012	5.2500e-015
-1.040e+000	3.0215e-007	-3.0029e+012	-2.9840e+012	2.9840e+012	5.2500e-015
-1.030e+000	3.0219e-007	-3.0217e+012	-3.0029e+012	3.0028e+012	5.2500e-015
-1.020e+000	3.0224e-007	-3.0406e+012	-3.0217e+012	3.0217e+012	5.2500e-015
-1.010e+000	3.0228e-007	-3.0595e+012	-3.0406e+012	3.0405e+012	5.2500e-015
-1.000e+000	3.0233e-007	-3.0783e+012	-3.0595e+012	3.0594e+012	5.2500e-015
-9.900e-001	3.0237e-007	-3.0972e+012	-3.0783e+012	3.0783e+012	5.2500e-015
-9.800e-001	3.0242e-007	-3.1161e+012	-3.0972e+012	3.0972e+012	5.2500e-015
-9.700e-001	3.0246e-007	-3.1350e+012	-3.1161e+012	3.1160e+012	5.2500e-015
-9.600e-001	3.0250e-007	-3.1538e+012	-3.1350e+012	3.1349e+012	5.2500e-015
-9.500e-001	3.0255e-007	-3.1727e+012	-3.1538e+012	3.1538e+012	5.2500e-015
-9.400e-001	3.0259e-007	-3.1916e+012	-3.1727e+012	3.1727e+012	5.2500e-015
-9.300e-001	3.0263e-007	-3.2105e+012	-3.1916e+012	3.1916e+012	5.2500e-015
-9.200e-001	3.0267e-007	-3.2294e+012	-3.2105e+012	3.2104e+012	5.2500e-015
-9.100e-001	3.0271e-007	-3.2483e+012	-3.2294e+012	3.2293e+012	5.2500e-015
-9.000e-001	3.0275e-007	-3.2672e+012	-3.2483e+012	3.2482e+012	5.2500e-015
-8.900e-001	3.0279e-007	-3.2861e+012	-3.2672e+012	3.2671e+012	5.2500e-015
-8.800e-001	3.0283e-007	-3.3050e+012	-3.2861e+012	3.2860e+012	5.2500e-015
-8.700e-001	3.0287e-007	-3.3239e+012	-3.3050e+012	3.3049e+012	5.2500e-015
-8.600e-001	3.0291e-007	-3.3428e+012	-3.3239e+012	3.3238e+012	5.2500e-015
-8.500e-001	3.0295e-007	-3.3617e+012	-3.3428e+012	3.3427e+012	5.2500e-015
-8.400e-001	3.0298e-007	-3.3806e+012	-3.3617e+012	3.3616e+012	5.2500e-015
-8.300e-001	3.0302e-007	-3.3995e+012	-3.3806e+012	3.3806e+012	5.2500e-015
-8.200e-001	3.0306e-007	-3.4184e+012	-3.3995e+012	3.3995e+012	5.2500e-015
-8.100e-001	3.0310e-007	-3.4373e+012	-3.4184e+012	3.4184e+012	5.2500e-015
-8.000e-001	3.0313e-007	-3.4563e+012	-3.4373e+012	3.4373e+012	5.2500e-015
-7.900e-001	3.0317e-007	-3.4752e+012	-3.4563e+012	3.4562e+012	5.2500e-015
-7.800e-001	3.0320e-007	-3.4941e+012	-3.4752e+012	3.4751e+012	5.2500e-015
-7.700e-001	3.0324e-007	-3.5130e+012	-3.4941e+012	3.4941e+012	5.2500e-015
-7.600e-001	3.0328e-007	-3.5320e+012	-3.5130e+012	3.5130e+012	5.2500e-015
-7.500e-001	3.0331e-007	-3.5509e+012	-3.5320e+012	3.5319e+012	5.2500e-015
-7.400e-001	3.0334e-007	-3.5698e+012	-3.5509e+012	3.5509e+012	5.2500e-015
-7.300e-001	3.0338e-007	-3.5888e+012	-3.5698e+012	3.5698e+012	5.2500e-015
-7.200e-001	3.0341e-007	-3.6077e+012	-3.5888e+012	3.5887e+012	5.2500e-015
-7.100e-001	3.0345e-007	-3.6266e+012	-3.6077e+012	3.6077e+012	5.2500e-015
-7.000e-001	3.0348e-007	-3.6456e+012	-3.6266e+012	3.6266e+012	5.2500e-015
-6.900e-001	3.0351e-007	-3.6645e+012	-3.6456e+012	3.6455e+012	5.2500e-015
-6.800e-001	3.0355e-007	-3.6835e+012	-3.6645e+012	3.6645e+012	5.2500e-015
-6.700e-001	3.0358e-007	-3.7024e+012	-3.6835e+012	3.6834e+012	5.2500e-015
-6.600e-001	3.0361e-007	-3.7214e+012	-3.7024e+012	3.7024e+012	5.2500e-015
-6.500e-001	3.0364e-007	-3.7403e+012	-3.7214e+012	3.7213e+012	5.2500e-015
-6.400e-001	3.0367e-007	-3.7593e+012	-3.7403e+012	3.7403e+012	5.2500e-015
-6.300e-001	3.0371e-007	-3.7782e+012	-3.7593e+012	3.7592e+012	5.2500e-015
-6.200e-001	3.0374e-007	-3.7972e+012	-3.7782e+012	3.7782e+012	5.2500e-015
-6.100e-001	3.0377e-007	-3.8162e+012	-3.7972e+012	3.7972e+012	5.2500e-015
-6.000e-001	3.0380e-007	-3.8351e+012	-3.8162e+012	3.8161e+012	5.2500e-015
-5.900e-001	3.0383e-007	-3.8541e+012	-3.8351e+012	3.8351e+012	5.2500e-015
-5.800e-001	3.0386e-007	-3.8730e+012	-3.8541e+012	3.8540e+012	5.2500e-015
-5.700e-001	3.0389e-007	-3.8920e+012	-3.8730e+012	3.8730e+012	5.2500e-015
-5.600e-001	3.0392e-007	-3.9110e+012	-3.8920e+012	3.8920e+012	5.2500e-015
-5.500e-001	3.0395e-007	-3.9300e+012	-3.9110e+012	3.9109e+012	5.2500e-015
-5.400e-001	3.0398e-007	-3.9489e+012	-3.9300e+012	3.9299e+012	5.2500e-015
-5.300e-001	3.0401e-007	-3.9679e+012	-3.9489e+012	3.9489e+012	5.2500e-015
-5.200e-001	3.0404e-007	-3.9869e+012	-3.9679e+012	3.9679e+012	5.2500e-015
-5.100e-001	3.0407e-007	-4.0059e+012	-3.9869e+012	3.9868e+012	5.2500e-015
-5.000e-001	3.0409e-007	-4.0248e+012	-4.0059e+012	4.0058e+012	5.2500e-015
-4.900e-001	3.0412e-007	-4.0438e+012	-4.0248e+012	4.0248e+012	5.2500e-015
-4.800e-001	3.0415e-007	-4.0628e+012	-4.0438e+012	4.0438e+012	5.2500e-015
-4.700e-001	3.0418e-007	-4.0818e+012	-4.0628e+012	4.0628e+012	5.2500e-015
-4.600e-001	3.0421e-007	-4.1008e+012	-4.0818e+012	4.0817e+012	5.2500e-015
-4.500e-001	3.0423e-007	-4.1198e+012	-4.1008e+012	4.1007e+012	5.2500e-015
-4.400e-001	3.0426e-007	-4.1387e+012	-4.1198e+012	4.1197e+012	5.2500e-015
-4.300e-001	3.0429e-007	-4.1577e+012	-4.1387e+012	4.1387e+012	5.2500e-015
-4.200e-001	3.0431e-007	-4.1767e+012	-4.1577e+012	4.1577e+012	5.2500e-015
-4.100e-001	3.0434e-007	-4.1957e+012	-4.1767e+012	4.1767e+012	5.2500e-015
-4.000e-001	3.0437e-007	-4.2147e+012	-4.1957e+012	4.1957e+012	5.2500e-015
-3.900e-001	3.0439e-007	-4.2337e+012	-4.2147e+012	4.2147e+012	5.2500e-015
-3.800e-001	3.0442e-007	-4.2527e+012	-4.2337e+012	4.2337e+012	5.2500e-015
-3.700e-001	3.0444e-007	-4.2717e+012	-4.2527e+012	4.2527e+012	5.2500e-015
-3.600e-001	3.0447e-007	-4.2907e+012	-4.2717e+012	4.2717e+012	5.2500e-015
-3.500e-001	3.0450e-007	-4.3097e+012	-4.2907e+012	4.2907e+012	5.2500e-015
-3.400e-001	3.0452e-007	-4.3287e+012	-4.3097e+012	4.3097e+012	5.2500e-015
-3.300e-001	3.0455e-007	-4.3478e+012	-4.3287e+012	4.3287e+012	5.2500e-015
-3.200e-001	3.0457e-007	-4.3668e+012	-4.3478e+012	4.3477e+012	5.2500e-015
-3.100e-001	3.0460e-007	-4.3858e+012	-4.3668e+012	4.3667e+012	5.2500e-015
-3.000e-001	3.0462e-007	-4.4048e+012	-4.3858e+012	4.3857e+012	5.2500e-015
-2.900e-001	3.0465e-007	-4.4238e+012	-4.4048e+012	4.4047e+012	5.2500e-015
-2.800e-001	3.0467e-007	-4.4428e+012	-4.4238e+012	4.4238e+012	5.2500e-015
-2.700e-001	3.0469e-007	-4.4618e+012	-4.4428e+012	4.4428e+012	5.2500e-015
-2.600e-001	3.0472e-007	-4.4809e+012	-4.4618e+012	4.4618e+012	5.2500e-015
-2.500e-001	3.0474e-007	-4.4999e+012	-4.4809e+012	4.4808e+012	5.2500e-015
-2.400e-001	3.0477e-007	-4.5189e+012	-4.4999e+012	4.4998e+012	5.2500e-015
-2.300e-001	3.0479e-007	-4.5379e+012	-4.5189e+012	4.5189e+012	5.2500e-015
-2.200e-001	3.0481e-007	-4.5569e+012	-4.5379e+012	4.5379e+012	5.2500e-015
-2.100e-001	3.0484e-007	-4.5760e+012	-4.5569e+012	4.5569e+012	5.2500e-015
-2.000e-001	3.0486e-007	-4.5950e+012	-4.5760e+012	4.5759e+012	5.2500e-015
-1.900e-001	3.0488e-007	-4.6140e+012	-4.5950e+012	4.5950e+012	5.2500e-015
-1.800e-001	3.0491e-007	-4.6331e+012	-4.6140e+012	4.6140e+012	5.2500e-015
-1.700e-001	3.0493e-007	-4.6521e+012	-4.6331e+012	4.6330e+012	5.2500e-015
-1.600e-001	3.0496e-007	-4.6711e+012	-4.6521e+012	4.6520e+012	5.2500e-015
-1.500e-001	3.0498e-007	-4.6902e+012	-4.6711e+012	4.6711e+012	5.2500e-015
-1.400e-001	3.0500e-007	-4.7092e+012	-4.6902e+012	4.6901e+012	5.2500e-015
-1.300e-001	3.0503e-007	-4.7282e+012	-4.7092e+012	4.7092e+012	5.2500e-015
-1.200e-001	3.0506e-007	-4.7473e+012	-4.7282e+012	4.7282e+012	5.2500e-015
-1.100e-001	3.0509e-007	-4.7663e+012	-4.7473e+012	4.7472e+012	5.2500e-015
-1.000e-001	3.0512e-007	-4.7854e+012	-4.7663e+012	4.7663e+012	5.2500e-015
-9.000e-002	3.0516e-007	-4.8044e+012	-4.7854e+012	4.7853e+012	5.2500e-015
-8.000e-002	3.0520e-007	-4.8235e+012	-4.8044e+012	4.8044e+012	5.2500e-015
-7.000e-002	3.0525e-007	-4.8425e+012	-4.8235e+012	4.8234e+012	5.2500e-015
-6.000e-002	3.0531e-007	-4.8616e+012	-4.8425e+012	4.8425e+012	5.2500e-015
-5.000e-002	3.0539e-007	-4.8806e+012	-4.8616e+012	4.8615e+012	5.2500e-015
-4.000e-002	3.0549e-007	-4.8997e+012	-4.8806e+012	4.8806e+012	5.2500e-015
-3.000e-002	3.0562e-007	-4.9188e+012	-4.8997e+012	4.8997e+012	5.2500e-015
-2.000e-002	3.0579e-007	-4.9379e+012	-4.9188e+012	4.9187e+012	5.2500e-015
-1.000e-002	3.0602e-007	-4.9570e+012	-4.9379e+012	4.9378e+012	5.2500e-015
0.000e+000	3.0633e-007	-4.9761e+012	-4.9570e+012	4.9569e+012	5.2500e-015
1.000e-002	3.0675e-007	-4.9952e+012	-4.9761e+012	4.9760e+012	5.2500e-015
2.000e-002	3.0733e-007	-5.0144e+012	-4.9952e+012	4.9952e+012	5.2500e-015
3.000e-002	3.0812e-007	-5.0336e+012	-5.0144e+012	5.0144e+012	5.2500e-015
4.000e-002	3.0922e-007	-5.0529e+012	-5.0336e+012	5.0336e+012	5.2500e-015
5.000e-002	3.1073e-007	-5.0723e+012	-5.0529e+012	5.0529e+012	5.2500e-015
6.000e-002	3.1281e-007	-5.0918e+012	-5.0723e+012	5.0723e+012	5.2500e-015
7.000e-002	3.1568e-007	-5.1116e+012	-5.0918e+012	5.0918e+012	5.2500e-015
8.000e-002	3.1963e-007	-5.1315e+012	-5.1116e+012	5.1115e+012	5.2500e-015
9.000e-002	3.2452e-007	-5.1518e+012	-5.1315e+012	5.1315e+012	5.2500e-015
1.000e-001	3.3200e-007	-5.1725e+012	-5.1518e+012	5.1517e+012	5.2500e-015
1.100e-001	3.4168e-007	-5.1938e+012	-5.1725e+012	5.1724e+012	5.2500e-015
1.200e-001	3.5456e-007	-5.2159e+012	-5.1938e+012	5.1938e+012	5.2500e-015
1.300e-001	3.7145e-007	-5.2391e+012	-5.2159e+012	5.2159e+012	5.2500e-015
1.400e-001	3.9319e-007	-5.2637e+012	-5.2391e+012	5.2391e+012	5.2500e-015
1.500e-001	4.2053e-007	-5.2899e+012	-5.2637e+012	5.2636e+012	5.2500e-015
1.600e-001	4.5394e-007	-5.3182e+012	-5.2899e+012	5.2899e+012	5.2500e-015
1.700e-001	4.9348e-007	-5.3490e+012	-5.3182e+012	5.3182e+012	5.2500e-015
1.800e-001	5.3860e-007	-5.3827e+012	-5.3490e+012	5.3490e+012	5.2500e-015
1.900e-001	5.8818e-007	-5.4194e+012	-5.3827e+012	5.3826e+012	5.2500e-015
2.000e-001	6.4065e-007	-5.4594e+012	-5.4194e+012	5.4193e+012	5.2500e-015
2.100e-001	6.9424e-007	-5.5027e+012	-5.4594e+012	5.4593e+012	5.2500e-015
2.200e-001	7.4729e-007	-5.5493e+012	-5.5027e+012	5.5026e+012	5.2500e-015
2.300e-001	7.9844e-007	-5.5992e+012	-5.5493e+012	5.5493e+012	5.2500e-015
2.400e-001	8.4675e-007	-5.6520e+012	-5.5992e+012	5.5991e+012	5.2500e-015
2.500e-001	8.9168e-007	-5.7077e+012	-5.6520e+012	5.6520e+012	5.2500e-015
2.600e-001	9.3279e-007	-5.7659e+012	-5.7077e+012	5.7076e+012	5.2500e-015
2.700e-001	9.7077e-007	-5.8265e+012	-5.7659e+012	5.7658e+012	5.2500e-015
2.800e-001	1.0053e-006	-5.8892e+012	-5.8265e+012	5.8264e+012	5.2500e-015
2.900e-001	1.0367e-006	-5.9539e+012	-5.8892e+012	5.8892e+012	5.2500e-015
3.000e-001	1.0654e-006	-6.0204e+012	-5.9539e+012	5.9539e+012	5.2500e-015
3.100e-001	1.0917e-006	-6.0886e+012	-6.0204e+012	6.0204e+012	5.2500e-015
3.200e-001	1.1160e-006	-6.1582e+012	-6.0886e+012	6.0885e+012	5.2500e-015
3.300e-001	1.1384e-006	-6.2293e+012	-6.1582e+012	6.1582e+012	5.2500e-015
3.400e-001	1.1592e-006	-6.3016e+012	-6.2293e+012	6.2292e+012	5.2500e-015
3.500e-001	1.1787e-006	-6.3752e+012	-6.3016e+012	6.3016e+012	5.2500e-015
3.600e-001	1.1970e-006	-6.4499e+012	-6.3752e+012	6.3751e+012	5.2500e-015
3.700e-001	1.2143e-006	-6.5257e+012	-6.4499e+012	6.4499e+012	5.2500e-015
3.800e-001	1.2307e-006	-6.6025e+012	-6.5257e+012	6.5256e+012	5.2500e-015
3.900e-001	1.2464e-006	-6.6803e+012	-6.6025e+012	6.6025e+012	5.2500e-015
4.000e-001	1.2614e-006	-6.7590e+012	-6.6803e+012	6.6803e+012	5.2500e-015
4.100e-001	1.2758e-006	-6.8387e+012	-6.7590e+012	6.7590e+012	5.2500e-015
4.200e-001	1.2897e-006	-6.9192e+012	-6.8387e+012	6.8386e+012	5.2500e-015
4.300e-001	1.3031e-006	-7.0005e+012	-6.9192e+012	6.9191e+012	5.2500e-015
4.400e-001	1.3160e-006	-7.0826e+012	-7.0005e+012	7.0004e+012	5.2500e-015
4.500e-001	1.3285e-006	-7.1655e+012	-7.0826e+012	7.0826e+012	5.2500e-015
4.600e-001	1.3406e-006	-7.2492e+012	-7.1655e+012	7.1655e+012	5.2500e-015
4.700e-001	1.3523e-006	-7.3336e+012	-7.2492e+012	7.2492e+012	5.2500e-015
4.800e-001	1.3637e-006	-7.4187e+012	-7.3336e+012	7.3336e+012	5.2500e-015
4.900e-001	1.3746e-006	-7.5045e+012	-7.4187e+012	7.4187e+012	5.2500e-015
5.000e-001	1.3852e-006	-7.5910e+012	-7.5045e+012	7.5045e+012	5.2500e-015
5.100e-001	1.3955e-006	-7.6781e+012	-7.5910e+012	7.5910e+012	5.2500e-015
5.200e-001	1.4054e-006	-7.7658e+012	-7.6781e+012	7.6781e+012	5.2500e-015
5.300e-001	1.4149e-006	-7.8541e+012	-7.7658e+012	7.7658e+012	5.2500e-015
5.400e-001	1.4241e-006	-7.9430e+012	-7.8541e+012	7.8541e+012	5.2500e-015
5.500e-001	1.4329e-006	-8.0324e+012	-7.9430e+012	7.9430e+012	5.2500e-015
5.600e-001	1.4414e-006	-8.1224e+012	-8.0324e+012	8.0324e+012	5.2500e-015
5.700e-001	1.4496e-006	-8.2129e+012	-8.1224e+012	8.1224e+012	5.2500e-015
5.800e-001	1.4575e-006	-8.3039e+012	-8.2129e+012	8.2128e+012	5.2500e-015
5.900e-001	1.4651e-006	-8.3953e+012	-8.3039e+012	8.3038e+012	5.2500e-015
6.000e-001	1.4723e-006	-8.4872e+012	-8.3953e+012	8.3953e+012	5.2500e-015
6.100e-001	1.4792e-006	-8.5795e+012	-8.4872e+012	8.4872e+012	5.2500e-015
6.200e-001	1.4861e-006	-8.6723e+012	-8.5795e+012	8.5795e+012	5.2500e-015
6.300e-001	1.4925e-006	-8.7654e+012	-8.6723e+012	8.6722e+012	5.2500e-015
6.400e-001	1.4987e-006	-8.8590e+012	-8.7654e+012	8.7654e+012	5.2500e-015
6.500e-001	1.5047e-006	-8.9529e+012	-8.8590e+012	8.8589e+012	5.2500e-015
6.600e-001	1.5105e-006	-9.0472e+012	-8.9529e+012	8.9528e+012	5.2500e-015
6.700e-001	1.5077e-006	-9.1413e+012	-9.0472e+012	9.0471e+012	5.2500e-015
6.800e-001	1.5104e-006	-9.2355e+012	-9.1413e+012	9.1412e+012	5.2500e-015
6.900e-001	1.5150e-006	-9.3301e+012	-9.2355e+012	9.2355e+012	5.2500e-015
7.000e-001	1.5196e-006	-9.4249e+012	-9.3301e+012	9.3301e+012	5.2500e-015
7.100e-001	1.5239e-006	-9.5201e+012	-9.4249e+012	9.4249e+012	5.2500e-015
7.200e-001	1.5281e-006	-9.6154e+012	-9.5201e+012	9.5200e+012	5.2500e-015
7.300e-001	1.5322e-006	-9.7111e+012	-9.6154e+012	9.6154e+012	5.2500e-015
7.400e-001	1.5361e-006	-9.8069e+012	-9.7111e+012	9.7110e+012	5.2500e-015
7.500e-001	1.5399e-006	-9.9031e+012	-9.8069e+012	9.8069e+012	5.2500e-015
7.600e-001	1.5436e-006	-9.9994e+012	-9.9031e+012	9.9030e+012	5.2500e-015
7.700e-001	1.5471e-006	-1.0096e+013	-9.9994e+012	9.9994e+012	5.2500e-015
7.800e-001	1.5506e-006	-1.0193e+013	-1.0096e+013	1.0096e+013	5.2500e-015
7.900e-001	1.5539e-006	-1.0290e+013	-1.0193e+013	1.0193e+013	5.2500e-015
8.000e-001	1.5572e-006	-1.0387e+013	-1.0290e+013	1.0290e+013	5.2500e-015
8.100e-001	1.5603e-006	-1.0484e+013	-1.0387e+013	1.0387e+013	5.2500e-015
8.200e-001	1.5634e-006	-1.0582e+013	-1.0484e+013	1.0484e+013	5.2500e-015
8.300e-001	1.5664e-006	-1.0680e+013	-1.0582e+013	1.0582e+013	5.2500e-015
8.400e-001	1.5693e-006	-1.0778e+013	-1.0680e+013	1.0680e+013	5.2500e-015
8.500e-001	1.5721e-006	-1.0876e+013	-1.0778e+013	1.0778e+013	5.2500e-015
8.600e-001	1.5749e-006	-1.0974e+013	-1.0876e+013	1.0876e+013	5.2500e-015
8.700e-001	1.5776e-006	-1.1072e+013	-1.0974e+013	1.0974e+013	5.2500e-015
8.800e-001	1.5802e-006	-1.1171e+013	-1.1072e+013	1.1072e+013	5.2500e-015
8.900e-001	1.5828e-006	-1.1270e+013	-1.1171e+013	1.1171e+013	5.2500e-015
9.000e-001	1.5854e-006	-1.1369e+013	-1.1270e+013	1.1270e+013	5.2500e-015
9.100e-001	1.5878e-006	-1.1468e+013	-1.1369e+013	1.1369e+013	5.2500e-015
9.200e-001	1.5902e-006	-1.1567e+013	-1.1468e+013	1.1468e+013	5.2500e-015
9.300e-001	1.5926e-006	-1.1667e+013	-1.1567e+013	1.1567e+013	5.2500e-015
9.400e-001	1.5949e-006	-1.1766e+013	-1.1667e+013	1.1667e+013	5.2500e-015
9.500e-001	1.5972e-006	-1.1866e+013	-1.1766e+013	1.1766e+013	5.2500e-015
9.600e-001	1.5994e-006	-1.1966e+013	-1.1866e+013	1.1866e+013	5.2500e-015
9.700e-001	1.6016e-006	-1.2066e+013	-1.1966e+013	1.1966e+013	5.2500e-015
9.800e-001	1.6038e-006	-1.2166e+013	-1.2066e+013	1.2066e+013	5.2500e-015
9.900e-001	1.6059e-006	-1.2266e+013	-1.2166e+013	1.2166e+013	5.2500e-015
1.000e+000	1.6080e-006	-1.2366e+013	-1.2266e+013	1.2266e+013	5.2500e-015
1.010e+000	1.6100e-006	-1.2467e+013	-1.2366e+013	1.2366e+013	5.2500e-015
1.020e+000	1.6120e-006	-1.2567e+013	-1.2467e+013	1.2467e+013	5.2500e-015
1.030e+000	1.6140e-006	-1.2668e+013	-1.2567e+013	1.2567e+013	5.2500e-015
1.040e+000	1.6159e-006	-1.2769e+013	-1.2668e+013	1.2668e+013	5.2500e-015
1.050e+000	1.6178e-006	-1.2870e+013	-1.2769e+013	1.2769e+013	5.2500e-015
1.060e+000	1.6197e-006	-1.2971e+013	-1.2870e+013	1.2870e+013	5.2500e-015
1.070e+000	1.6215e-006	-1.3072e+013	-1.2971e+013	1.2971e+013	5.2500e-015
1.080e+000	1.6233e-006	-1.3174e+013	-1.3072e+013	1.3072e+013	5.2500e-015
1.090e+000	1.6251e-006	-1.3275e+013	-1.3174e+013	1.3174e+013	5.2500e-015
1.100e+000	1.6269e-006	-1.3377e+013	-1.3275e+013	1.3275e+013	5.2500e-015
1.110e+000	1.6286e-006	-1.3478e+013	-1.3377e+013	1.3377e+013	5.2500e-015
1.120e+000	1.6303e-006	-1.3580e+013	-1.3478e+013	1.3478e+013	5.2500e-015
1.130e+000	1.6320e-006	-1.3682e+013	-1.3580e+013	1.3580e+013	5.2500e-015
1.140e+000	1.6336e-006	-1.3784e+013	-1.3682e+013	1.3682e+013	5.2500e-015
1.150e+000	1.6353e-006	-1.3886e+013	-1.3784e+013	1.3784e+013	5.2500e-015
1.160e+000	1.6369e-006	-1.3988e+013	-1.3886e+013	1.3886e+013	5.2500e-015
1.170e+000	1.6385e-006	-1.4090e+013	-1.3988e+013	1.3988e+013	5.2500e-015
1.180e+000	1.6400e-006	-1.4193e+013	-1.4090e+013	1.4090e+013	5.2500e-015
1.190e+000	1.6416e-006	-1.4295e+013	-1.4193e+013	1.4193e+013	5.2500e-015
1.200e+000	1.6431e-006	-1.4398e+013	-1.4295e+013	1.4295e+013	5.2500e-015
1.210e+000	1.6446e-006	-1.4500e+013	-1.4398e+013	1.4398e+013	5.2500e-015
1.220e+000	1.6462e-006	-1.4603e+013	-1.4500e+013	1.4500e+013	5.2500e-015
1.230e+000	1.6477e-006	-1.4706e+013	-1.4603e+013	1.4603e+013	5.2500e-015
1.240e+000	1.6492e-006	-1.4809e+013	-1.4706e+013	1.4706e+013	5.2500e-015
1.250e+000	1.6507e-006	-1.4912e+013	-1.4809e+013	1.4809e+013	5.2500e-015
1.260e+000	1.6523e-006	-1.5015e+013	-1.4912e+013	1.4912e+013	5.2500e-015
1.270e+000	1.6539e-006	-1.5118e+013	-1.5015e+013	1.5015e+013	5.2500e-015
1.280e+000	1.6555e-006	-1.5222e+013	-1.5118e+013	1.5118e+013	5.2500e-015
1.290e+000	1.6573e-006	-1.5325e+013	-1.5222e+013	1.5222e+013	5.2500e-015
1.300e+000	1.6592e-006	-1.5429e+013	-1.5325e+013	1.5325e+013	5.2500e-015
1.310e+000	1.6613e-006	-1.5532e+013	-1.5429e+013	1.5429e+013	5.2500e-015
1.320e+000	1.6637e-006	-1.5636e+013	-1.5532e+013	1.5532e+013	5.2500e-015
1.330e+000	1.6664e-006	-1.5740e+013	-1.5636e+013	1.5636e+013	5.2500e-015
1.340e+000	1.6697e-006	-1.5844e+013	-1.5740e+013	1.5740e+013	5.2500e-015
1.350e+000	1.6736e-006	-1.5949e+013	-1.5844e+013	1.5844e+013	5.2500e-015
1.360e+000	1.6785e-006	-1.6054e+013	-1.5949e+013	1.5949e+013	5.2500e-015
1.370e+000	1.6842e-006	-1.6159e+013	-1.6054e+013	1.6054e+013	5.2500e-015
1.380e+000	1.6922e-006	-1.6264e+013	-1.6159e+013	1.6159e+013	5.2500e-015
1.390e+000	1.7020e-006	-1.6371e+013	-1.6264e+013	1.6264e+013	5.2500e-015
1.400e+000	1.7148e-006	-1.6478e+013	-1.6371e+013	1.6370e+013	5.2500e-015
1.410e+000	1.7313e-006	-1.6586e+013	-1.6478e+013	1.6478e+013	5.2500e-015
1.420e+000	1.7524e-006	-1.6695e+013	-1.6586e+013	1.6586e+013	5.2500e-015
1.430e+000	1.7794e-006	-1.6806e+013	-1.6695e+013	1.6695e+013	5.2500e-015
1.440e+000	1.8132e-006	-1.6919e+013	-1.6806e+013	1.6806e+013	5.2500e-015
1.450e+000	1.8556e-006	-1.7035e+013	-1.6919e+013	1.6919e+013	5.2500e-015
1.460e+000	1.9068e-006	-1.7154e+013	-1.7035e+013	1.7035e+013	5.2500e-015
1.470e+000	1.9676e-006	-1.7277e+013	-1.7154e+013	1.7154e+013	5.2500e-015
1.480e+000	2.0377e-006	-1.7404e+013	-1.7277e+013	1.7277e+013	5.2500e-015
1.490e+000	2.1160e-006	-1.7536e+013	-1.7404e+013	1.7404e+013	5.2500e-015
1.500e+000	2.2008e-006	-1.7673e+013	-1.7536e+013	1.7536e+013	5.2500e-015
1.510e+000	2.2899e-006	-1.7816e+013	-1.7673e+013	1.7673e+013	5.2500e-015
1.520e+000	2.3810e-006	-1.7965e+013	-1.7816e+013	1.7816e+013	5.2500e-015
1.530e+000	2.4720e-006	-1.8119e+013	-1.7965e+013	1.7965e+013	5.2500e-015
1.540e+000	2.5612e-006	-1.8279e+013	-1.8119e+013	1.8119e+013	5.2500e-015
1.550e+000	2.6475e-006	-1.8444e+013	-1.8279e+013	1.8279e+013	5.2500e-015
1.560e+000	2.7303e-006	-1.8615e+013	-1.8444e+013	1.8444e+013	5.2500e-015
1.570e+000	2.8094e-006	-1.8790e+013	-1.8615e+013	1.8615e+013	5.2500e-015
1.580e+000	2.8847e-006	-1.8970e+013	-1.8790e+013	1.8790e+013	5.2500e-015
1.590e+000	2.9566e-006	-1.9155e+013	-1.8970e+013	1.8970e+013	5.2500e-015
1.600e+000	3.0251e-006	-1.9344e+013	-1.9155e+013	1.9155e+013	5.2500e-015
1.610e+000	3.0906e-006	-1.9536e+013	-1.9344e+013	1.9344e+013	5.2500e-015
1.620e+000	3.1535e-006	-1.9733e+013	-1.9536e+013	1.9536e+013	5.2500e-015
1.630e+000	3.2138e-006	-1.9934e+013	-1.9733e+013	1.9733e+013	5.2500e-015
1.640e+000	3.2718e-006	-2.0138e+013	-1.9934e+013	1.9934e+013	5.2500e-015
1.650e+000	3.3270e-006	-2.0346e+013	-2.0138e+013	2.0138e+013	5.2500e-015
1.660e+000	3.3805e-006	-2.0557e+013	-2.0346e+013	2.0346e+013	5.2500e-015
1.670e+000	3.4322e-006	-2.0771e+013	-2.0557e+013	2.0557e+013	5.2500e-015
1.680e+000	3.4820e-006	-2.0988e+013	-2.0771e+013	2.0771e+013	5.2500e-015
1.690e+000	3.5299e-006	-2.1209e+013	-2.0988e+013	2.0988e+013	5.2500e-015
1.700e+000	3.5761e-006	-2.1432e+013	-2.1209e+013	2.1209e+013	5.2500e-015
1.710e+000	3.6206e-006	-2.1658e+013	-2.1432e+013	2.1432e+013	5.2500e-015
1.720e+000	3.6635e-006	-2.1886e+013	-2.1658e+013	2.1658e+013	5.2500e-015
1.730e+000	3.7048e-006	-2.2118e+013	-2.1886e+013	2.1886e+013	5.2500e-015
1.740e+000	3.7447e-006	-2.2351e+013	-2.2118e+013	2.2118e+013	5.2500e-015
1.750e+000	3.7832e-006	-2.2588e+013	-2.2351e+013	2.2351e+013	5.2500e-015
1.760e+000	3.8204e-006	-2.2826e+013	-2.2588e+013	2.2588e+013	5.2500e-015
1.770e+000	3.8515e-006	-2.3066e+013	-2.2826e+013	2.2826e+013	5.2500e-015
1.780e+000	3.8449e-006	-2.3306e+013	-2.3066e+013	2.3066e+013	5.2500e-015
1.790e+000	3.8729e-006	-2.3548e+013	-2.3306e+013	2.3306e+013	5.2500e-015
1.800e+000	3.8999e-006	-2.3792e+013	-2.3548e+013	2.3548e+013	5.2500e-015
1.810e+000	3.9258e-006	-2.4037e+013	-2.3792e+013	2.3791e+013	5.2500e-015
1.820e+000	3.9508e-006	-2.4283e+013	-2.4037e+013	2.4037e+013	5.2500e-015
1.830e+000	3.9750e-006	-2.4531e+013	-2.4283e+013	2.4283e+013	5.2500e-015
1.840e+000	3.9983e-006	-2.4781e+013	-2.4531e+013	2.4531e+013	5.2500e-015
1.850e+000	4.0210e-006	-2.5032e+013	-2.4781e+013	2.4781e+013	5.2500e-015
1.860e+000	4.0429e-006	-2.5284e+013	-2.5032e+013	2.5032e+013	5.2500e-015
1.870e+000	4.0641e-006	-2.5538e+013	-2.5284e+013	2.5284e+013	5.2500e-015
1.880e+000	4.0847e-006	-2.5793e+013	-2.5538e+013	2.5538e+013	5.2500e-015
1.890e+000	4.1048e-006	-2.6049e+013	-2.5793e+013	2.5793e+013	5.2500e-015
1.900e+000	4.1243e-006	-2.6306e+013	-2.6049e+013	2.6049e+013	5.2500e-015
1.910e+000	4.1432e-006	-2.6565e+013	-2.6306e+013	2.6306e+013	5.2500e-015
1.920e+000	4.1617e-006	-2.6825e+013	-2.6565e+013	2.6565e+013	5.2500e-015
1.930e+000	4.1798e-006	-2.7086e+013	-2.6825e+013	2.6825e+013	5.2500e-015
1.940e+000	4.1974e-006	-2.7348e+013	-2.7086e+013	2.7086e+013	5.2500e-015
1.950e+000	4.2146e-006	-2.7611e+013	-2.7348e+013	2.7347e+013	5.2500e-015
1.960e+000	4.2313e-006	-2.7875e+013	-2.7611e+013	2.7611e+013	5.2500e-015
1.970e+000	4.2478e-006	-2.8140e+013	-2.7875e+013	2.7875e+013	5.2500e-015
1.980e+000	4.2638e-006	-2.8406e+013	-2.8140e+013	2.8140e+013	5.2500e-015
1.990e+000	4.2795e-006	-2.8673e+013	-2.8406e+013	2.8406e+013	5.2500e-015
2.000e+000	4.2949e-006	-2.8941e+013	-2.8673e+013	2.8673e+013	5.2500e-015
2.010e+000	4.3100e-006	-2.9210e+013	-2.8941e+013	2.8941e+013	5.2500e-015
2.020e+000	4.3248e-006	-2.9480e+013	-2.9210e+013	2.9210e+013	5.2500e-015
2.030e+000	4.3392e-006	-2.9751e+013	-2.9480e+013	2.9480e+013	5.2500e-015
2.040e+000	4.3534e-006	-3.0023e+013	-2.9751e+013	2.9751e+013	5.2500e-015
2.050e+000	4.3674e-006	-3.0295e+013	-3.0023e+013	3.0023e+013	5.2500e-015
2.060e+000	4.3810e-006	-3.0569e+013	-3.0295e+013	3.0295e+013	5.2500e-015
2.070e+000	4.3945e-006	-3.0843e+013	-3.0569e+013	3.0569e+013	5.2500e-015
2.080e+000	4.4076e-006	-3.1118e+013	-3.0843e+013	3.0843e+013	5.2500e-015
2.090e+000	4.4206e-006	-3.1394e+013	-3.1118e+013	3.1118e+013	5.2500e-015
2.100e+000	4.4333e-006	-3.1671e+013	-3.1394e+013	3.1394e+013	5.2500e-015
2.110e+000	4.4458e-006	-3.1948e+013	-3.1671e+013	3.1671e+013	5.2500e-015
2.120e+000	4.4581e-006	-3.2226e+013	-3.1948e+013	3.1948e+013	5.2500e-015
2.130e+000	4.4701e-006	-3.2505e+013	-3.2226e+013	3.2226e+013	5.2500e-015
2.140e+000	4.4820e-006	-3.2785e+013	-3.2505e+013	3.2505e+013	5.2500e-015
2.150e+000	4.4937e-006	-3.3066e+013	-3.2785e+013	3.2785e+013	5.2500e-015
2.160e+000	4.5051e-006	-3.3347e+013	-3.3066e+013	3.3066e+013	5.2500e-015
2.170e+000	4.5164e-006	-3.3629e+013	-3.3347e+013	3.3347e+013	5.2500e-015
2.180e+000	4.5275e-006	-3.3911e+013	-3.3629e+013	3.3629e+013	5.2500e-015
2.190e+000	4.5385e-006	-3.4195e+013	-3.3911e+013	3.3911e+013	5.2500e-015
2.200e+000	4.5492e-006	-3.4478e+013	-3.4195e+013	3.4194e+013	5.2500e-015
2.210e+000	4.5535e-006	-3.4763e+013	-3.4478e+013	3.4478e+013	5.2500e-015
2.220e+000	4.5613e-006	-3.5047e+013	-3.4763e+013	3.4763e+013	5.2500e-015
2.230e+000	4.5711e-006	-3.5333e+013	-3.5047e+013	3.5047e+013	5.2500e-015
2.240e+000	4.5808e-006	-3.5619e+013	-3.5333e+013	3.5333e+013	5.2500e-015
2.250e+000	4.5903e-006	-3.5905e+013	-3.5619e+013	3.5619e+013	5.2500e-015
2.260e+000	4.5998e-006	-3.6192e+013	-3.5905e+013	3.5905e+013	5.2500e-015
2.270e+000	4.6090e-006	-3.6480e+013	-3.6192e+013	3.6192e+013	5.2500e-015
2.280e+000	4.6181e-006	-3.6768e+013	-3.6480e+013	3.6480e+013	5.2500e-015
2.290e+000	4.6271e-006	-3.7057e+013	-3.6768e+013	3.6768e+013	5.2500e-015
2.300e+000	4.6360e-006	-3.7346e+013	-3.7057e+013	3.7057e+013	5.2500e-015
2.310e+000	4.6448e-006	-3.7636e+013	-3.7346e+013	3.7346e+013	5.2500e-015
2.320e+000	4.6534e-006	-3.7927e+013	-3.7636e+013	3.7636e+013	5.2500e-015
2.330e+000	4.6619e-006	-3.8218e+013	-3.7927e+013	3.7927e+013	5.2500e-015
2.340e+000	4.6703e-006	-3.8509e+013	-3.8218e+013	3.8218e+013	5.2500e-015
2.350e+000	4.6785e-006	-3.8801e+013	-3.8509e+013	3.8509e+013	5.2500e-015
2.360e+000	4.6867e-006	-3.9094e+013	-3.8801e+013	3.8801e+013	5.2500e-015
2.370e+000	4.6947e-006	-3.9387e+013	-3.9094e+013	3.9094e+013	5.2500e-015
2.380e+000	4.7027e-006	-3.9680e+013	-3.9387e+013	3.9387e+013	5.2500e-015
2.390e+000	4.7105e-006	-3.9974e+013	-3.9680e+013	3.9680e+013	5.2500e-015
2.400e+000	4.7183e-006	-4.0269e+013	-3.9974e+013	3.9974e+013	5.2500e-015
2.410e+000	4.7259e-006	-4.0564e+013	-4.0269e+013	4.0269e+013	5.2500e-015
2.420e+000	4.7335e-006	-4.0859e+013	-4.0564e+013	4.0564e+013	5.2500e-015
2.430e+000	4.7409e-006	-4.1155e+013	-4.0859e+013	4.0859e+013	5.2500e-015
2.440e+000	4.7483e-006	-4.1451e+013	-4.1155e+013	4.1155e+013	5.2500e-015
2.450e+000	4.7556e-006	-4.1748e+013	-4.1451e+013	4.1451e+013	5.2500e-015
2.460e+000	4.7627e-006	-4.2045e+013	-4.1748e+013	4.1748e+013	5.2500e-015
2.470e+000	4.7698e-006	-4.2343e+013	-4.2045e+013	4.2045e+013	5.2500e-015
2.480e+000	4.7769e-006	-4.2641e+013	-4.2343e+013	4.2343e+013	5.2500e-015
2.490e+000	4.7838e-006	-4.2940e+013	-4.2641e+013	4.2641e+013	5.2500e-015
2.500e+000	4.7907e-006	-4.3239e+013	-4.2940e+013	4.2940e+013	5.2500e-015
2.510e+000	4.7974e-006	-4.3538e+013	-4.3239e+013	4.3239e+013	5.2500e-015
2.520e+000	4.8041e-006	-4.3838e+013	-4.3538e+013	4.3538e+013	5.2500e-015
2.530e+000	4.8108e-006	-4.4138e+013	-4.3838e+013	4.3838e+013	5.2500e-015
2.540e+000	4.8173e-006	-4.4439e+013	-4.4138e+013	4.4138e+013	5.2500e-015
2.550e+000	4.8238e-006	-4.4740e+013	-4.4439e+013	4.4439e+013	5.2500e-015
2.560e+000	4.8302e-006	-4.5042e+013	-4.4740e+013	4.4740e+013	5.2500e-015
2.570e+000	4.8366e-006	-4.5343e+013	-4.5042e+013	4.5042e+013	5.2500e-015
2.580e+000	4.8428e-006	-4.5646e+013	-4.5343e+013	4.5343e+013	5.2500e-015
2.590e+000	4.8490e-006	-4.5948e+013	-4.5646e+013	4.5646e+013	5.2500e-015
2.600e+000	4.8552e-006	-4.6251e+013	-4.5948e+013	4.5948e+013	5.2500e-015
2.610e+000	4.8613e-006	-4.6555e+013	-4.6251e+013	4.6251e+013	5.2500e-015
2.620e+000	4.8673e-006	-4.6859e+013	-4.6555e+013	4.6555e+013	5.2500e-015
2.630e+000	4.8733e-006	-4.7163e+013	-4.6859e+013	4.6859e+013	5.2500e-015
2.640e+000	4.8792e-006	-4.7467e+013	-4.7163e+013	4.7163e+013	5.2500e-015
2.650e+000	4.8850e-006	-4.7772e+013	-4.7467e+013	4.7467e+013	5.2500e-015
2.660e+000	4.8908e-006	-4.8077e+013	-4.7772e+013	4.7772e+013	5.2500e-015
2.670e+000	4.8965e-006	-4.8383e+013	-4.8077e+013	4.8077e+013	5.2500e-015
2.680e+000	4.9022e-006	-4.8689e+013	-4.8383e+013	4.8383e+013	5.2500e-015
2.690e+000	4.9078e-006	-4.8995e+013	-4.8689e+013	4.8689e+013	5.2500e-015
2.700e+000	4.9134e-006	-4.9302e+013	-4.8995e+013	4.8995e+013	5.2500e-015
2.710e+000	4.9189e-006	-4.9609e+013	-4.9302e+013	4.9302e+013	5.2500e-015
2.720e+000	4.9244e-006	-4.9916e+013	-4.9609e+013	4.9609e+013	5.2500e-015
2.730e+000	4.9298e-006	-5.0224e+013	-4.9916e+013	4.9916e+013	5.2500e-015
2.740e+000	4.9352e-006	-5.0532e+013	-5.0224e+013	5.0224e+013	5.2500e-015
2.750e+000	4.9405e-006	-5.0841e+013	-5.0532e+013	5.0532e+013	5.2500e-015
2.760e+000	4.9458e-006	-5.1149e+013	-5.0841e+013	5.0840e+013	5.2500e-015
2.770e+000	4.9510e-006	-5.1458e+013	-5.1149e+013	5.1149e+013	5.2500e-015
2.780e+000	4.9562e-006	-5.1768e+013	-5.1458e+013	5.1458e+013	5.2500e-015
2.790e+000	4.9613e-006	-5.2077e+013	-5.1768e+013	5.1768e+013	5.2500e-015
2.800e+000	4.9664e-006	-5.2387e+013	-5.2077e+013	5.2077e+013	5.2500e-015
2.810e+000	4.9715e-006	-5.2698e+013	-5.2387e+013	5.2387e+013	5.2500e-015
2.820e+000	4.9765e-006	-5.3008e+013	-5.2698e+013	5.2697e+013	5.2500e-015
2.830e+000	4.9814e-006	-5.3319e+013	-5.3008e+013	5.3008e+013	5.2500e-015
2.840e+000	4.9864e-006	-5.3630e+013	-5.3319e+013	5.3319e+013	5.2500e-015
2.850e+000	4.9913e-006	-5.3942e+013	-5.3630e+013	5.3630e+013	5.2500e-015
2.860e+000	4.9961e-006	-5.4254e+013	-5.3942e+013	5.3942e+013	5.2500e-015
2.870e+000	5.0009e-006	-5.4566e+013	-5.4254e+013	5.4254e+013	5.2500e-015
2.880e+000	5.0057e-006	-5.4878e+013	-5.4566e+013	5.4566e+013	5.2500e-015
2.890e+000	5.0104e-006	-5.5191e+013	-5.4878e+013	5.4878e+013	5.2500e-015
2.900e+000	5.0151e-006	-5.5504e+013	-5.5191e+013	5.5191e+013	5.2500e-015
2.910e+000	5.0197e-006	-5.5817e+013	-5.5504e+013	5.5504e+013	5.2500e-015
2.920e+000	5.0244e-006	-5.6131e+013	-5.5817e+013	5.5817e+013	5.2500e-015
2.930e+000	5.0289e-006	-5.6445e+013	-5.6131e+013	5.6131e+013	5.2500e-015
2.940e+000	5.0335e-006	-5.6759e+013	-5.6445e+013	5.6445e+013	5.2500e-015
2.950e+000	5.0380e-006	-5.7073e+013	-5.6759e+013	5.6759e+013	5.2500e-015
2.960e+000	5.0425e-006	-5.7388e+013	-5.7073e+013	5.7073e+013	5.2500e-015
2.970e+000	5.0469e-006	-5.7703e+013	-5.7388e+013	5.7388e+013	5.2500e-015
2.980e+000	5.0513e-006	-5.8018e+013	-5.7703e+013	5.7703e+013	5.2500e-015
2.990e+000	5.0557e-006	-5.8334e+013	-5.8018e+013	5.8018e+013	5.2500e-015
3.000e+000	5.0601e-006	-5.8650e+013	-5.8334e+013	5.8334e+013	5.2500e-015
3.010e+000	5.0644e-006	-5.8966e+013	-5.8650e+013	5.8650e+013	5.2500e-015
3.020e+000	5.0687e-006	-5.9282e+013	-5.8966e+013	5.8966e+013	5.2500e-015
3.030e+000	5.0729e-006	-5.9599e+013	-5.9282e+013	5.9282e+013	5.2500e-015
3.040e+000	5.0771e-006	-5.9916e+013	-5.9599e+013	5.9599e+013	5.2500e-015
3.050e+000	5.0813e-006	-6.0233e+013	-5.9916e+013	5.9916e+013	5.2500e-015
3.060e+000	5.0855e-006	-6.0550e+013	-6.0233e+013	6.0233e+013	5.2500e-015
3.070e+000	5.0896e-006	-6.0868e+013	-6.0550e+013	6.0550e+013	5.2500e-015
3.080e+000	5.0937e-006	-6.1186e+013	-6.0868e+013	6.0868e+013	5.2500e-015
3.090e+000	5.0978e-006	-6.1504e+013	-6.1186e+013	6.1186e+013	5.2500e-015
3.100e+000	5.1018e-006	-6.1822e+013	-6.1504e+013	6.1504e+013	5.2500e-015
3.110e+000	5.1059e-006	-6.2141e+013	-6.1822e+013	6.1822e+013	5.2500e-015
3.120e+000	5.1099e-006	-6.2460e+013	-6.2141e+013	6.2141e+013	5.2500e-015
3.130e+000	5.1138e-006	-6.2779e+013	-6.2460e+013	6.2460e+013	5.2500e-015
3.140e+000	5.1178e-006	-6.3099e+013	-6.2779e+013	6.2779e+013	5.2500e-015
3.150e+000	5.1217e-006	-6.3418e+013	-6.3099e+013	6.3099e+013	5.2500e-015
3.160e+000	5.1256e-006	-6.3738e+013	-6.3418e+013	6.3418e+013	5.2500e-015
3.170e+000	5.1294e-006	-6.4058e+013	-6.3738e+013	6.3738e+013	5.2500e-015
3.180e+000	5.1333e-006	-6.4379e+013	-6.4058e+013	6.4058e+013	5.2500e-015
3.190e+000	5.1371e-006	-6.4699e+013	-6.4379e+013	6.4379e+013	5.2500e-015
3.200e+000	5.1409e-006	-6.5020e+013	-6.4699e+013	6.4699e+013	5.2500e-015
3.210e+000	5.1446e-006	-6.5341e+013	-6.5020e+013	6.5020e+013	5.2500e-015
3.220e+000	5.1484e-006	-6.5663e+013	-6.5341e+013	6.5341e+013	5.2500e-015
3.230e+000	5.1521e-006	-6.5984e+013	-6.5663e+013	6.5663e+013	5.2500e-015
3.240e+000	5.1558e-006	-6.6306e+013	-6.5984e+013	6.5984e+013	5.2500e-015
3.250e+000	5.1595e-006	-6.6628e+013	-6.6306e+013	6.6306e+013	5.2500e-015
3.260e+000	5.1631e-006	-6.6950e+013	-6.6628e+013	6.6628e+013	5.2500e-015
3.270e+000	5.1667e-006	-6.7273e+013	-6.6950e+013	6.6950e+013	5.2500e-015
3.280e+000	5.1703e-006	-6.7596e+013	-6.7273e+013	6.7273e+013	5.2500e-015
3.290e+000	5.1739e-006	-6.7918e+013	-6.7596e+013	6.7595e+013	5.2500e-015
3.300e+000	5.1775e-006	-6.8242e+013	-6.7918e+013	6.7918e+013	5.2500e-015
3.310e+000	5.1810e-006	-6.8565e+013	-6.8242e+013	6.8242e+013	5.2500e-015
3.320e+000	5.1845e-006	-6.8889e+013	-6.8565e+013	6.8565e+013	5.2500e-015
3.330e+000	5.1880e-006	-6.9212e+013	-6.8889e+013	6.8889e+013	5.2500e-015
3.340e+000	5.1915e-006	-6.9536e+013	-6.9212e+013	6.9212e+013	5.2500e-015
3.350e+000	5.1949e-006	-6.9861e+013	-6.9536e+013	6.9536e+013	5.2500e-015
3.360e+000	5.1984e-006	-7.0185e+013	-6.9861e+013	6.9861e+013	5.2500e-015
3.370e+000	5.2018e-006	-7.0510e+013	-7.0185e+013	7.0185e+013	5.2500e-015
3.380e+000	5.2052e-006	-7.0835e+013	-7.0510e+013	7.0510e+013	5.2500e-015
3.390e+000	5.2086e-006	-7.1160e+013	-7.0835e+013	7.0835e+013	5.2500e-015
3.400e+000	5.2119e-006	-7.1485e+013	-7.1160e+013	7.1160e+013	5.2500e-015
3.410e+000	5.2152e-006	-7.1811e+013	-7.1485e+013	7.1485e+013	5.2500e-015
3.420e+000	5.2186e-006	-7.2136e+013	-7.1811e+013	7.1811e+013	5.2500e-015
3.430e+000	5.2219e-006	-7.2462e+013	-7.2136e+013	7.2136e+013	5.2500e-015
3.440e+000	5.2251e-006	-7.2788e+013	-7.2462e+013	7.2462e+013	5.2500e-015
3.450e+000	5.2284e-006	-7.3115e+013	-7.2788e+013	7.2788e+013	5.2500e-015
3.460e+000	5.2316e-006	-7.3441e+013	-7.3115e+013	7.3115e+013	5.2500e-015
3.470e+000	5.2349e-006	-7.3768e+013	-7.3441e+013	7.3441e+013	5.2500e-015
3.480e+000	5.2381e-006	-7.4095e+013	-7.3768e+013	7.3768e+013	5.2500e-015
3.490e+000	5.2413e-006	-7.4422e+013	-7.4095e+013	7.4095e+013	5.2500e-015
3.500e+000	5.2444e-006	-7.4749e+013	-7.4422e+013	7.4422e+013	5.2500e-015
3.510e+000	5.2476e-006	-7.5077e+013	-7.4749e+013	7.4749e+013	5.2500e-015
3.520e+000	5.2507e-006	-7.5405e+013	-7.5077e+013	7.5077e+013	5.2500e-015
3.530e+000	5.2538e-006	-7.5732e+013	-7.5405e+013	7.5405e+013	5.2500e-015
3.540e+000	5.2569e-006	-7.6061e+013	-7.5732e+013	7.5732e+013	5.2500e-015
3.550e+000	5.2600e-006	-7.6389e+013	-7.6061e+013	7.6061e+013	5.2500e-015
3.560e+000	5.2631e-006	-7.6717e+013	-7.6389e+013	7.6389e+013	5.2500e-015
3.570e+000	5.2662e-006	-7.7046e+013	-7.6717e+013	7.6717e+013	5.2500e-015
3.580e+000	5.2692e-006	-7.7375e+013	-7.7046e+013	7.7046e+013	5.2500e-015
3.590e+000	5.2722e-006	-7.7704e+013	-7.7375e+013	7.7375e+013	5.2500e-015
3.600e+000	5.2752e-006	-7.8033e+013	-7.7704e+013	7.7704e+013	5.2500e-015
3.610e+000	5.2782e-006	-7.8363e+013	-7.8033e+013	7.8033e+013	5.2500e-015
3.620e+000	5.2812e-006	-7.8692e+013	-7.8363e+013	7.8363e+013	5.2500e-015
3.630e+000	5.2842e-006	-7.9022e+013	-7.8692e+013	7.8692e+013	5.2500e-015
3.640e+000	5.2871e-006	-7.9352e+013	-7.9022e+013	7.9022e+013	5.2500e-015
3.650e+000	5.2900e-006	-7.9682e+013	-7.9352e+013	7.9352e+013	5.2500e-015
3.660e+000	5.2930e-006	-8.0013e+013	-7.9682e+013	7.9682e+013	5.2500e-015
3.670e+000	5.2959e-006	-8.0343e+013	-8.0013e+013	8.0013e+013	5.2500e-015
3.680e+000	5.2987e-006	-8.0674e+013	-8.0343e+013	8.0343e+013	5.2500e-015
3.690e+000	5.3016e-006	-8.1005e+013	-8.0674e+013	8.0674e+013	5.2500e-015
3.700e+000	5.3045e-006	-8.1336e+013	-8.1005e+013	8.1005e+013	5.2500e-015
3.710e+000	5.3073e-006	-8.1667e+013	-8.1336e+013	8.1336e+013	5.2500e-015
3.720e+000	5.3101e-006	-8.1999e+013	-8.1667e+013	8.1667e+013	5.2500e-015
3.730e+000	5.3130e-006	-8.2330e+013	-8.1999e+013	8.1999e+013	5.2500e-015
3.740e+000	5.3158e-006	-8.2662e+013	-8.2330e+013	8.2330e+013	5.2500e-015
3.750e+000	5.3186e-006	-8.2994e+013	-8.2662e+013	8.2662e+013	5.2500e-015
3.760e+000	5.3213e-006	-8.3326e+013	-8.2994e+013	8.2994e+013	5.2500e-015
3.770e+000	5.3241e-006	-8.3658e+013	-8.3326e+013	8.3326e+013	5.2500e-015
3.780e+000	5.3266e-006	-8.3991e+013	-8.3658e+013	8.3658e+013	5.2500e-015
3.790e+000	5.3287e-006	-8.4323e+013	-8.3991e+013	8.3991e+013	5.2500e-015
3.800e+000	5.3314e-006	-8.4656e+013	-8.4323e+013	8.4323e+013	5.2500e-015
3.810e+000	5.3341e-006	-8.4989e+013	-8.4656e+013	8.4656e+013	5.2500e-015
3.820e+000	5.3368e-006	-8.5322e+013	-8.4989e+013	8.4989e+013	5.2500e-015
3.830e+000	5.3395e-006	-8.5656e+013	-8.5322e+013	8.5322e+013	5.2500e-015
3.840e+000	5.3421e-006	-8.5989e+013	-8.5656e+013	8.5655e+013	5.2500e-015
3.850e+000	5.3448e-006	-8.6323e+013	-8.5989e+013	8.5989e+013	5.2500e-015
3.860e+000	5.3474e-006	-8.6656e+013	-8.6323e+013	8.6322e+013	5.2500e-015
3.870e+000	5.3501e-006	-8.6990e+013	-8.6656e+013	8.6656e+013	5.2500e-015
3.880e+000	5.3527e-006	-8.7324e+013	-8.6990e+013	8.6990e+013	5.2500e-015
3.890e+000	5.3553e-006	-8.7659e+013	-8.7324e+013	8.7324e+013	5.2500e-015
3.900e+000	5.3579e-006	-8.7993e+013	-8.7659e+013	8.7659e+013	5.2500e-015
3.910e+000	5.3604e-006	-8.8328e+013	-8.7993e+013	8.7993e+013	5.2500e-015
3.920e+000	5.3630e-006	-8.8662e+013	-8.8328e+013	8.8327e+013	5.2500e-015
3.930e+000	5.3655e-006	-8.8997e+013	-8.8662e+013	8.8662e+013	5.2500e-015
3.940e+000	5.3681e-006	-8.9332e+013	-8.8997e+013	8.8997e+013	5.2500e-015
3.950e+000	5.3706e-006	-8.9667e+013	-8.9332e+013	8.9332e+013	5.2500e-015
3.960e+000	5.3731e-006	-9.0003e+013	-8.9667e+013	8.9667e+013	5.2500e-015
3.970e+000	5.3756e-006	-9.0338e+013	-9.0003e+013	9.0003e+013	5.2500e-015
3.980e+000	5.3781e-006	-9.0674e+013	-9.0338e+013	9.0338e+013	5.2500e-015
3.990e+000	5.3806e-006	-9.1010e+013	-9.0674e+013	9.0674e+013	5.2500e-015
4.000e+000	5.3831e-006	-9.1346e+013	-9.1010e+013	9.1010e+013	5.2500e-015
4.010e+000	5.3856e-006	-9.1682e+013	-9.1346e+013	9.1346e+013	5.2500e-015
4.020e+000	5.3880e-006	-9.2018e+013	-9.1682e+013	9.1682e+013	5.2500e-015
4.030e+000	5.3905e-006	-9.2355e+013	-9.2018e+013	9.2018e+013	5.2500e-015
4.040e+000	5.3929e-006	-9.2691e+013	-9.2355e+013	9.2355e+013	5.2500e-015
4.050e+000	5.3953e-006	-9.3028e+013	-9.2691e+013	9.2691e+013	5.2500e-015
4.060e+000	5.3977e-006	-9.3365e+013	-9.3028e+013	9.3028e+013	5.2500e-015
4.070e+000	5.4001e-006	-9.3702e+013	-9.3365e+013	9.3365e+013	5.2500e-015
4.080e+000	5.4025e-006	-9.4039e+013	-9.3702e+013	9.3702e+013	5.2500e-015
4.090e+000	5.4049e-006	-9.4377e+013	-9.4039e+013	9.4039e+013	5.2500e-015
4.100e+000	5.4073e-006	-9.4714e+013	-9.4377e+013	9.4376e+013	5.2500e-015
4.110e+000	5.4096e-006	-9.5052e+013	-9.4714e+013	9.4714e+013	5.2500e-015
4.120e+000	5.4120e-006	-9.5389e+013	-9.5052e+013	9.5052e+013	5.2500e-015
4.130e+000	5.4143e-006	-9.5727e+013	-9.5389e+013	9.5389e+013	5.2500e-015
4.140e+000	5.4167e-006	-9.6065e+013	-9.5727e+013	9.5727e+013	5.2500e-015
4.150e+000	5.4190e-006	-9.6404e+013	-9.6065e+013	9.6065e+013	5.2500e-015
4.160e+000	5.4213e-006	-9.6742e+013	-9.6404e+013	9.6404e+013	5.2500e-015
4.170e+000	5.4236e-006	-9.7081e+013	-9.6742e+013	9.6742e+013	5.2500e-015
4.180e+000	5.4259e-006	-9.7419e+013	-9.7081e+013	9.7081e+013	5.2500e-015
4.190e+000	5.4282e-006	-9.7758e+013	-9.7419e+013	9.7419e+013	5.2500e-015
4.200e+000	5.4305e-006	-9.8097e+013	-9.7758e+013	9.7758e+013	5.2500e-015
4.210e+000	5.4327e-006	-9.8436e+013	-9.8097e+013	9.8097e+013	5.2500e-015
4.220e+000	5.4350e-006	-9.8775e+013	-9.8436e+013	9.8436e+013	5.2500e-015
4.230e+000	5.4372e-006	-9.9115e+013	-9.8775e+013	9.8775e+013	5.2500e-015
4.240e+000	5.4395e-006	-9.9454e+013	-9.9115e+013	9.9115e+013	5.2500e-015
4.250e+000	5.4417e-006	-9.9794e+013	-9.9454e+013	9.9454e+013	5.2500e-015
4.260e+000	5.4439e-006	-1.0013e+014	-9.9794e+013	9.9794e+013	5.2500e-015
4.270e+000	5.4461e-006	-1.0047e+014	-1.0013e+014	1.0013e+014	5.2500e-015
4.280e+000	5.4483e-006	-1.0081e+014	-1.0047e+014	1.0047e+014	5.2500e-015
4.290e+000	5.4505e-006	-1.0115e+014	-1.0081e+014	1.0081e+014	5.2500e-015
4.300e+000	5.4527e-006	-1.0149e+014	-1.0115e+014	1.0115e+014	5.2500e-015
4.310e+000	5.4549e-006	-1.0183e+014	-1.0149e+014	1.0149e+014	5.2500e-015
4.320e+000	5.4571e-006	-1.0218e+014	-1.0183e+014	1.0183e+014	5.2500e-015
4.330e+000	5.4592e-006	-1.0252e+014	-1.0218e+014	1.0218e+014	5.2500e-015
4.340e+000	5.4614e-006	-1.0286e+014	-1.0252e+014	1.0252e+014	5.2500e-015
4.350e+000	5.4635e-006	-1.0320e+014	-1.0286e+014	1.0286e+014	5.2500e-015
4.360e+000	5.4657e-006	-1.0354e+014	-1.0320e+014	1.0320e+014	5.2500e-015
4.370e+000	5.4678e-006	-1.0388e+014	-1.0354e+014	1.0354e+014	5.2500e-015
4.380e+000	5.4699e-006	-1.0422e+014	-1.0388e+014	1.0388e+014	5.2500e-015
4.390e+000	5.4720e-006	-1.0456e+014	-1.0422e+014	1.0422e+014	5.2500e-015
4.400e+000	5.4741e-006	-1.0490e+014	-1.0456e+014	1.0456e+014	5.2500e-015
4.410e+000	5.4762e-006	-1.0525e+014	-1.0490e+014	1.0490e+014	5.2500e-015
4.420e+000	5.4783e-006	-1.0559e+014	-1.0525e+014	1.0525e+014	5.2500e-015
4.430e+000	5.4804e-006	-1.0593e+014	-1.0559e+014	1.0559e+014	5.2500e-015
4.440e+000	5.4825e-006	-1.0627e+014	-1.0593e+014	1.0593e+014	5.2500e-015
4.450e+000	5.4845e-006	-1.0662e+014	-1.0627e+014	1.0627e+014	5.2500e-015
4.460e+000	5.4866e-006	-1.0696e+014	-1.0662e+014	1.0662e+014	5.2500e-015
4.470e+000	5.4887e-006	-1.0730e+014	-1.0696e+014	1.0696e+014	5.2500e-015
4.480e+000	5.4907e-006	-1.0764e+014	-1.0730e+014	1.0730e+014	5.2500e-015
4.490e+000	5.4927e-006	-1.0799e+014	-1.0764e+014	1.0764e+014	5.2500e-015
4.500e+000	5.4948e-006	-1.0833e+014	-1.0799e+014	1.0799e+014	5.2500e-015
4.510e+000	5.4968e-006	-1.0867e+014	-1.0833e+014	1.0833e+014	5.2500e-015
4.520e+000	5.4988e-006	-1.0901e+014	-1.0867e+014	1.0867e+014	5.2500e-015
4.530e+000	5.5008e-006	-1.0936e+014	-1.0901e+014	1.0901e+014	5.2500e-015
4.540e+000	5.5028e-006	-1.0970e+014	-1.0936e+014	1.0936e+014	5.2500e-015
4.550e+000	5.5048e-006	-1.1005e+014	-1.0970e+014	1.0970e+014	5.2500e-015
4.560e+000	5.5068e-006	-1.1039e+014	-1.1005e+014	1.1005e+014	5.2500e-015
4.570e+000	5.5088e-006	-1.1073e+014	-1.1039e+014	1.1039e+014	5.2500e-015
4.580e+000	5.5107e-006	-1.1108e+014	-1.1073e+014	1.1073e+014	5.2500e-015
4.590e+000	5.5127e-006	-1.1142e+014	-1.1108e+014	1.1108e+014	5.2500e-015
4.600e+000	5.5146e-006	-1.1176e+014	-1.1142e+014	1.1142e+014	5.2500e-015
4.610e+000	5.5166e-006	-1.1211e+014	-1.1176e+014	1.1176e+014	5.2500e-015
4.620e+000	5.5185e-006	-1.1245e+014	-1.1211e+014	1.1211e+014	5.2500e-015
4.630e+000	5.5205e-006	-1.1280e+014	-1.1245e+014	1.1245e+014	5.2500e-015
4.640e+000	5.5224e-006	-1.1314e+014	-1.1280e+014	1.1280e+014	5.2500e-015
4.650e+000	5.5243e-006	-1.1349e+014	-1.1314e+014	1.1314e+014	5.2500e-015
4.660e+000	5.5262e-006	-1.1383e+014	-1.1349e+014	1.1349e+014	5.2500e-015
4.670e+000	5.5282e-006	-1.1418e+014	-1.1383e+014	1.1383e+014	5.2500e-015
4.680e+000	5.5301e-006	-1.1452e+014	-1.1418e+014	1.1418e+014	5.2500e-015
4.690e+000	5.5320e-006	-1.1487e+014	-1.1452e+014	1.1452e+014	5.2500e-015
4.700e+000	5.5338e-006	-1.1521e+014	-1.1487e+014	1.1487e+014	5.2500e-015
4.710e+000	5.5357e-006	-1.1556e+014	-1.1521e+014	1.1521e+014	5.2500e-015
4.720e+000	5.5376e-006	-1.1590e+014	-1.1556e+014	1.1556e+014	5.2500e-015
4.730e+000	5.5395e-006	-1.1625e+014	-1.1590e+014	1.1590e+014	5.2500e-015
4.740e+000	5.5413e-006	-1.1660e+014	-1.1625e+014	1.1625e+014	5.2500e-015
4.750e+000	5.5432e-006	-1.1694e+014	-1.1660e+014	1.1660e+014	5.2500e-015
4.760e+000	5.5450e-006	-1.1729e+014	-1.1694e+014	1.1694e+014	5.2500e-015
4.770e+000	5.5469e-006	-1.1763e+014	-1.1729e+014	1.1729e+014	5.2500e-015
4.780e+000	5.5487e-006	-1.1798e+014	-1.1763e+014	1.1763e+014	5.2500e-015
4.790e+000	5.5506e-006	-1.1833e+014	-1.1798e+014	1.1798e+014	5.2500e-015
4.800e+000	5.5524e-006	-1.1867e+014	-1.1833e+014	1.1833e+014	5.2500e-015
4.810e+000	5.5542e-006	-1.1902e+014	-1.1867e+014	1.1867e+014	5.2500e-015
4.820e+000	5.5560e-006	-1.1937e+014	-1.1902e+014	1.1902e+014	5.2500e-015
4.830e+000	5.5578e-006	-1.1971e+014	-1.1937e+014	1.1937e+014	5.2500e-015
4.840e+000	5.5596e-006	-1.2006e+014	-1.1971e+014	1.1971e+014	5.2500e-015
4.850e+000	5.5614e-006	-1.2041e+014	-1.2006e+014	1.2006e+014	5.2500e-015
4.860e+000	5.5632e-006	-1.2076e+014	-1.2041e+014	1.2041e+014	5.2500e-015
4.870e+000	5.5650e-006	-1.2110e+014	-1.2076e+014	1.2076e+014	5.2500e-015
4.880e+000	5.5668e-006	-1.2145e+014	-1.2110e+014	1.2110e+014	5.2500e-015
4.890e+000	5.5686e-006	-1.2180e+014	-1.2145e+014	1.2145e+014	5.2500e-015
4.900e+000	5.5703e-006	-1.2215e+014	-1.2180e+014	1.2180e+014	5.2500e-015
4.910e+000	5.5721e-006	-1.2249e+014	-1.2215e+014	1.2215e+014	5.2500e-015
4.920e+000	5.5739e-006	-1.2284e+014	-1.2249e+014	1.2249e+014	5.2500e-015
4.930e+000	5.5756e-006	-1.2319e+014	-1.2284e+014	1.2284e+014	5.2500e-015
4.940e+000	5.5774e-006	-1.2354e+014	-1.2319e+014	1.2319e+014	5.2500e-015
4.950e+000	5.5791e-006	-1.2389e+014	-1.2354e+014	1.2354e+014	5.2500e-015
4.960e+000	5.5808e-006	-1.2423e+014	-1.2389e+014	1.2389e+014	5.2500e-015
4.970e+000	5.5826e-006	-1.2458e+014	-1.2423e+014	1.2423e+014	5.2500e-015
4.980e+000	5.5843e-006	-1.2493e+014	-1.2458e+014	1.2458e+014	5.2500e-015
4.990e+000	5.5860e-006	-1.2528e+014	-1.2493e+014	1.2493e+014	5.2500e-015
5.000e+000	5.5877e-006	-1.2563e+014	-1.2528e+014	1.2528e+014	5.2500e-015
5.010e+000	5.5894e-006	-1.2598e+014	-1.2563e+014	1.2563e+014	5.2500e-015
5.020e+000	5.5911e-006	-1.2633e+014	-1.2598e+014	1.2598e+014	5.2500e-015
5.030e+000	5.5928e-006	-1.2668e+014	-1.2633e+014	1.2633e+014	5.2500e-015
5.040e+000	5.5945e-006	-1.2702e+014	-1.2668e+014	1.2668e+014	5.2500e-015
5.050e+000	5.5962e-006	-1.2737e+014	-1.2702e+014	1.2702e+014	5.2500e-015
5.060e+000	5.5979e-006	-1.2772e+014	-1.2737e+014	1.2737e+014	5.2500e-015
5.070e+000	5.5996e-006	-1.2807e+014	-1.2772e+014	1.2772e+014	5.2500e-015
5.080e+000	5.6012e-006	-1.2842e+014	-1.2807e+014	1.2807e+014	5.2500e-015
5.090e+000	5.6029e-006	-1.2877e+014	-1.2842e+014	1.2842e+014	5.2500e-015
5.100e+000	5.6046e-006	-1.2912e+014	-1.2877e+014	1.2877e+014	5.2500e-015
5.110e+000	5.6062e-006	-1.2947e+014	-1.2912e+014	1.2912e+014	5.2500e-015
5.120e+000	5.6079e-006	-1.2982e+014	-1.2947e+014	1.2947e+014	5.2500e-015
5.130e+000	5.6095e-006	-1.3017e+014	-1.2982e+014	1.2982e+014	5.2500e-015
5.140e+000	5.6112e-006	-1.3052e+014	-1.3017e+014	1.3017e+014	5.2500e-015
5.150e+000	5.6128e-006	-1.3087e+014	-1.3052e+014	1.3052e+014	5.2500e-015
5.160e+000	5.6144e-006	-1.3122e+014	-1.3087e+014	1.3087e+014	5.2500e-015
5.170e+000	5.6160e-006	-1.3157e+014	-1.3122e+014	1.3122e+014	5.2500e-015
5.180e+000	5.6177e-006	-1.3192e+014	-1.3157e+014	1.3157e+014	5.2500e-015
5.190e+000	5.6193e-006	-1.3227e+014	-1.3192e+014	1.3192e+014	5.2500e-015
5.200e+000	5.6209e-006	-1.3263e+014	-1.3227e+014	1.3227e+014	5.2500e-015
5.210e+000	5.6225e-006	-1.3298e+014	-1.3263e+014	1.3263e+014	5.2500e-015
5.220e+000	5.6241e-006	-1.3333e+014	-1.3298e+014	1.3298e+014	5.2500e-015
5.230e+000	5.6257e-006	-1.3368e+014	-1.3333e+014	1.3333e+014	5.2500e-015
5.240e+000	5.6273e-006	-1.3403e+014	-1.3368e+014	1.3368e+014	5.2500e-015
5.250e+000	5.6289e-006	-1.3438e+014	-1.3403e+014	1.3403e+014	5.2500e-015
5.260e+000	5.6305e-006	-1.3473e+014	-1.3438e+014	1.3438e+014	5.2500e-015
5.270e+000	5.6320e-006	-1.3508e+014	-1.3473e+014	1.3473e+014	5.2500e-015
5.280e+000	5.6336e-006	-1.3544e+014	-1.3508e+014	1.3508e+014	5.2500e-015
5.290e+000	5.6352e-006	-1.3579e+014	-1.3544e+014	1.3544e+014	5.2500e-015
5.300e+000	5.6368e-006	-1.3614e+014	-1.3579e+014	1.3579e+014	5.2500e-015
5.310e+000	5.6383e-006	-1.3649e+014	-1.3614e+014	1.3614e+014	5.2500e-015
5.320e+000	5.6399e-006	-1.3684e+014	-1.3649e+014	1.3649e+014	5.2500e-015
5.330e+000	5.6414e-006	-1.3720e+014	-1.3684e+014	1.3684e+014	5.2500e-015
5.340e+000	5.6430e-006	-1.3755e+014	-1.3720e+014	1.3720e+014	5.2500e-015
5.350e+000	5.6445e-006	-1.3790e+014	-1.3755e+014	1.3755e+014	5.2500e-015
5.360e+000	5.6460e-006	-1.3825e+014	-1.3790e+014	1.3790e+014	5.2500e-015
5.370e+000	5.6476e-006	-1.3860e+014	-1.3825e+014	1.3825e+014	5.2500e-015
5.380e+000	5.6491e-006	-1.3896e+014	-1.3860e+014	1.3860e+014	5.2500e-015
5.390e+000	5.6506e-006	-1.3931e+014	-1.3896e+014	1.3896e+014	5.2500e-015
5.400e+000	5.6522e-006	-1.3966e+014	-1.3931e+014	1.3931e+014	5.2500e-015
5.410e+000	5.6537e-006	-1.4002e+014	-1.3966e+014	1.3966e+014	5.2500e-015
5.420e+000	5.6552e-006	-1.4037e+014	-1.4002e+014	1.4002e+014	5.2500e-015
5.430e+000	5.6567e-006	-1.4072e+014	-1.4037e+014	1.4037e+014	5.2500e-015
5.440e+000	5.6582e-006	-1.4107e+014	-1.4072e+014	1.4072e+014	5.2500e-015
5.450e+000	5.6597e-006	-1.4143e+014	-1.4107e+014	1.4107e+014	5.2500e-015
5.460e+000	5.6612e-006	-1.4178e+014	-1.4143e+014	1.4143e+014	5.2500e-015
5.470e+000	5.6627e-006	-1.4213e+014	-1.4178e+014	1.4178e+014	5.2500e-015
5.480e+000	5.6642e-006	-1.4249e+014	-1.4213e+014	1.4213e+014	5.2500e-015
5.490e+000	5.6657e-006	-1.4284e+014	-1.4249e+014	1.4249e+014	5.2500e-015
5.500e+000	5.6671e-006	-1.4320e+014	-1.4284e+014	1.4284e+014	5.2500e-015
5.510e+000	5.6686e-006	-1.4355e+014	-1.4320e+014	1.4320e+014	5.2500e-015
5.520e+000	5.6701e-006	-1.4390e+014	-1.4355e+014	1.4355e+014	5.2500e-015
5.530e+000	5.6716e-006	-1.4426e+014	-1.4390e+014	1.4390e+014	5.2500e-015
5.540e+000	5.6730e-006	-1.4461e+014	-1.4426e+014	1.4426e+014	5.2500e-015
5.550e+000	5.6745e-006	-1.4497e+014	-1.4461e+014	1.4461e+014	5.2500e-015
5.560e+000	5.6759e-006	-1.4532e+014	-1.4497e+014	1.4497e+014	5.2500e-015
5.570e+000	5.6774e-006	-1.4567e+014	-1.4532e+014	1.4532e+014	5.2500e-015
5.580e+000	5.6788e-006	-1.4603e+014	-1.4567e+014	1.4567e+014	5.2500e-015
5.590e+000	5.6803e-006	-1.4638e+014	-1.4603e+014	1.4603e+014	5.2500e-015
5.600e+000	5.6817e-006	-1.4674e+014	-1.4638e+014	1.4638e+014	5.2500e-015
5.610e+000	5.6831e-006	-1.4709e+014	-1.4674e+014	1.4674e+014	5.2500e-015
5.620e+000	5.6846e-006	-1.4745e+014	-1.4709e+014	1.4709e+014	5.2500e-015
5.630e+000	5.6860e-006	-1.4780e+014	-1.4745e+014	1.4745e+014	5.2500e-015
5.640e+000	5.6874e-006	-1.4816e+014	-1.4780e+014	1.4780e+014	5.2500e-015
5.650e+000	5.6888e-006	-1.4851e+014	-1.4816e+014	1.4816e+014	5.2500e-015
5.660e+000	5.6903e-006	-1.4887e+014	-1.4851e+014	1.4851e+014	5.2500e-015
5.670e+000	5.6917e-006	-1.4922e+014	-1.4887e+014	1.4887e+014	5.2500e-015
5.680e+000	5.6931e-006	-1.4958e+014	-1.4922e+014	1.4922e+014	5.2500e-015
5.690e+000	5.6945e-006	-1.4993e+014	-1.4958e+014	1.4958e+014	5.2500e-015
5.700e+000	5.6959e-006	-1.5029e+014	-1.4993e+014	1.4993e+014	5.2500e-015
5.710e+000	5.6973e-006	-1.5064e+014	-1.5029e+014	1.5029e+014	5.2500e-015
5.720e+000	5.6987e-006	-1.5100e+014	-1.5064e+014	1.5064e+014	5.2500e-015
5.730e+000	5.7001e-006	-1.5136e+014	-1.5100e+014	1.5100e+014	5.2500e-015
5.740e+000	5.7015e-006	-1.5171e+014	-1.5136e+014	1.5136e+014	5.2500e-015
5.750e+000	5.7028e-006	-1.5207e+014	-1.5171e+014	1.5171e+014	5.2500e-015
5.760e+000	5.7042e-006	-1.5242e+014	-1.5207e+014	1.5207e+014	5.2500e-015
5.770e+000	5.7056e-006	-1.5278e+014	-1.5242e+014	1.5242e+014	5.2500e-015
5.780e+000	5.7070e-006	-1.5314e+014	-1.5278e+014	1.5278e+014	5.2500e-015
5.790e+000	5.7083e-006	-1.5349e+014	-1.5314e+014	1.5314e+014	5.2500e-015
5.800e+000	5.7097e-006	-1.5385e+014	-1.5349e+014	1.5349e+014	5.2500e-015
5.810e+000	5.7111e-006	-1.5421e+014	-1.5385e+014	1.5385e+014	5.2500e-015
5.820e+000	5.7124e-006	-1.5456e+014	-1.5421e+014	1.5421e+014	5.2500e-015
5.830e+000	5.7138e-006	-1.5492e+014	-1.5456e+014	1.5456e+014	5.2500e-015
5.840e+000	5.7151e-006	-1.5528e+014	-1.5492e+014	1.5492e+014	5.2500e-015
5.850e+000	5.7165e-006	-1.5563e+014	-1.5528e+014	1.5528e+014	5.2500e-015
5.860e+000	5.7178e-006	-1.5599e+014	-1.5563e+014	1.5563e+014	5.2500e-015
5.870e+000	5.7192e-006	-1.5635e+014	-1.5599e+014	1.5599e+014	5.2500e-015
5.880e+000	5.7205e-006	-1.5670e+014	-1.5635e+014	1.5635e+014	5.2500e-015
5.890e+000	5.7218e-006	-1.5706e+014	-1.5670e+014	1.5670e+014	5.2500e-015
5.900e+000	5.7232e-006	-1.5742e+014	-1.5706e+014	1.5706e+014	5.2500e-015
5.910e+000	5.7245e-006	-1.5777e+014	-1.5742e+014	1.5742e+014	5.2500e-015
5.920e+000	5.7258e-006	-1.5813e+014	-1.5777e+014	1.5777e+014	5.2500e-015
5.930e+000	5.7272e-006	-1.5849e+014	-1.5813e+014	1.5813e+014	5.2500e-015
5.940e+000	5.7285e-006	-1.5885e+014	-1.5849e+014	1.5849e+014	5.2500e-015
5.950e+000	5.7298e-006	-1.5920e+014	-1.5885e+014	1.5885e+014	5.2500e-015
5.960e+000	5.7311e-006	-1.5956e+014	-1.5920e+014	1.5920e+014	5.2500e-015
5.970e+000	5.7324e-006	-1.5992e+014	-1.5956e+014	1.5956e+014	5.2500e-015
5.980e+000	5.7337e-006	-1.6028e+014	-1.5992e+014	1.5992e+014	5.2500e-015
5.990e+000	5.7350e-006	-1.6064e+014	-1.6028e+014	1.6028e+014	5.2500e-015
6.000e+000	5.7363e-006	-1.6099e+014	-1.6064e+014	1.6064e+014	5.2500e-015
6.010e+000	5.7376e-006	-1.6135e+014	-1.6099e+014	1.6099e+014	5.2500e-015
6.020e+000	5.7389e-006	-1.6171e+014	-1.6135e+014	1.6135e+014	5.2500e-015
6.030e+000	5.7402e-006	-1.6207e+014	-1.6171e+014	1.6171e+014	5.2500e-015
6.040e+000	5.7415e-006	-1.6243e+014	-1.6207e+014	1.6207e+014	5.2500e-015
6.050e+000	5.7428e-006	-1.6279e+014	-1.6243e+014	1.6243e+014	5.2500e-015
6.060e+000	5.7440e-006	-1.6314e+014	-1.6279e+014	1.6279e+014	5.2500e-015
6.070e+000	5.7453e-006	-1.6350e+014	-1.6314e+014	1.6314e+014	5.2500e-015
6.080e+000	5.7466e-006	-1.6386e+014	-1.6350e+014	1.6350e+014	5.2500e-015
6.090e+000	5.7479e-006	-1.6422e+014	-1.6386e+014	1.6386e+014	5.2500e-015
6.100e+000	5.7491e-006	-1.6458e+014	-1.6422e+014	1.6422e+014	5.2500e-015
6.110e+000	5.7504e-006	-1.6494e+014	-1.6458e+014	1.6458e+014	5.2500e-015
6.120e+000	5.7517e-006	-1.6530e+014	-1.6494e+014	1.6494e+014	5.2500e-015
6.130e+000	5.7529e-006	-1.6566e+014	-1.6530e+014	1.6530e+014	5.2500e-015
6.140e+000	5.7542e-006	-1.6601e+014	-1.6566e+014	1.6566e+014	5.2500e-015
6.150e+000	5.7554e-006	-1.6637e+014	-1.6601e+014	1.6601e+014	5.2500e-015
6.160e+000	5.7567e-006	-1.6673e+014	-1.6637e+014	1.6637e+014	5.2500e-015
6.170e+000	5.7579e-006	-1.6709e+014	-1.6673e+014	1.6673e+014	5.2500e-015
6.180e+000	5.7592e-006	-1.6745e+014	-1.6709e+014	1.6709e+014	5.2500e-015
6.190e+000	5.7604e-006	-1.6781e+014	-1.6745e+014	1.6745e+014	5.2500e-015
6.200e+000	5.7616e-006	-1.6817e+014	-1.6781e+014	1.6781e+014	5.2500e-015
6.210e+000	5.7629e-006	-1.6853e+014	-1.6817e+014	1.6817e+014	5.2500e-015
6.220e+000	5.7641e-006	-1.6889e+014	-1.6853e+014	1.6853e+014	5.2500e-015
6.230e+000	5.7653e-006	-1.6925e+014	-1.6889e+014	1.6889e+014	5.2500e-015
6.240e+000	5.7666e-006	-1.6961e+014	-1.6925e+014	1.6925e+014	5.2500e-015
6.250e+000	5.7678e-006	-1.6997e+014	-1.6961e+014	1.6961e+014	5.2500e-015
6.260e+000	5.7690e-006	-1.7033e+014	-1.6997e+014	1.6997e+014	5.2500e-015
6.270e+000	5.7702e-006	-1.7069e+014	-1.7033e+014	1.7033e+014	5.2500e-015
6.280e+000	5.7714e-006	-1.7105e+014	-1.7069e+014	1.7069e+014	5.2500e-015
6.290e+000	5.7727e-006	-1.7141e+014	-1.7105e+014	1.7105e+014	5.2500e-015
6.300e+000	5.7739e-006	-1.7177e+014	-1.7141e+014	1.7141e+014	5.2500e-015
6.310e+000	5.7751e-006	-1.7213e+014	-1.7177e+014	1.7177e+014	5.2500e-015
6.320e+000	5.7763e-006	-1.7249e+014	-1.7213e+014	1.7213e+014	5.2500e-015
6.330e+000	5.7775e-006	-1.7285e+014	-1.7249e+014	1.7249e+014	5.2500e-015
6.340e+000	5.7787e-006	-1.7321e+014	-1.7285e+014	1.7285e+014	5.2500e-015
6.350e+000	5.7799e-006	-1.7357e+014	-1.7321e+014	1.7321e+014	5.2500e-015
6.360e+000	5.7811e-006	-1.7394e+014	-1.7357e+014	1.7357e+014	5.2500e-015
6.370e+000	5.7822e-006	-1.7430e+014	-1.7394e+014	1.7394e+014	5.2500e-015
6.380e+000	5.7834e-006	-1.7466e+014	-1.7430e+014	1.7430e+014	5.2500e-015
6.390e+000	5.7846e-006	-1.7502e+014	-1.7466e+014	1.7466e+014	5.2500e-015
6.400e+000	5.7858e-006	-1.7538e+014	-1.7502e+014	1.7502e+014	5.2500e-015
6.410e+000	5.7870e-006	-1.7574e+014	-1.7538e+014	1.7538e+014	5.2500e-015
6.420e+000	5.7882e-006	-1.7610e+014	-1.7574e+014	1.7574e+014	5.2500e-015
6.430e+000	5.7893e-006	-1.7646e+014	-1.7610e+014	1.7610e+014	5.2500e-015
6.440e+000	5.7905e-006	-1.7682e+014	-1.7646e+014	1.7646e+014	5.2500e-015
6.450e+000	5.7917e-006	-1.7719e+014	-1.7682e+014	1.7682e+014	5.2500e-015
6.460e+000	5.7928e-006	-1.7755e+014	-1.7719e+014	1.7719e+014	5.2500e-015
6.470e+000	5.7940e-006	-1.7791e+014	-1.7755e+014	1.7755e+014	5.2500e-015
6.480e+000	5.7952e-006	-1.7827e+014	-1.7791e+014	1.7791e+014	5.2500e-015
6.490e+000	5.7963e-006	-1.7863e+014	-1.7827e+014	1.7827e+014	5.2500e-015
6.500e+000	5.7975e-006	-1.7899e+014	-1.7863e+014	1.7863e+014	5.2500e-015
6.510e+000	5.7986e-006	-1.7936e+014	-1.7899e+014	1.7899e+014	5.2500e-015
6.520e+000	5.7998e-006	-1.7972e+014	-1.7936e+014	1.7936e+014	5.2500e-015
6.530e+000	5.8009e-006	-1.8008e+014	-1.7972e+014	1.7972e+014	5.2500e-015
6.540e+000	5.8021e-006	-1.8044e+014	-1.8008e+014	1.8008e+014	5.2500e-015
6.550e+000	5.8032e-006	-1.8080e+014	-1.8044e+014	1.8044e+014	5.2500e-015
6.560e+000	5.8044e-006	-1.8117e+014	-1.8080e+014	1.8080e+014	5.2500e-015
6.570e+000	5.8055e-006	-1.8153e+014	-1.8117e+014	1.8117e+014	5.2500e-015
6.580e+000	5.8066e-006	-1.8189e+014	-1.8153e+014	1.8153e+014	5.2500e-015
6.590e+000	5.8078e-006	-1.8225e+014	-1.8189e+014	1.8189e+014	5.2500e-015
6.600e+000	5.8089e-006	-1.8262e+014	-1.8225e+014	1.8225e+014	5.2500e-015
6.610e+000	5.8100e-006	-1.8298e+014	-1.8262e+014	1.8262e+014	5.2500e-015
6.620e+000	5.8112e-006	-1.8334e+014	-1.8298e+014	1.8298e+014	5.2500e-015
6.630e+000	5.8123e-006	-1.8371e+014	-1.8334e+014	1.8334e+014	5.2500e-015
6.640e+000	5.8134e-006	-1.8407e+014	-1.8371e+014	1.8371e+014	5.2500e-015
6.650e+000	5.8145e-006	-1.8443e+014	-1.8407e+014	1.8407e+014	5.2500e-015
6.660e+000	5.8156e-006	-1.8479e+014	-1.8443e+014	1.8443e+014	5.2500e-015
6.670e+000	5.8167e-006	-1.8516e+014	-1.8479e+014	1.8479e+014	5.2500e-015
6.680e+000	5.8179e-006	-1.8552e+014	-1.8516e+014	1.8516e+014	5.2500e-015
6.690e+000	5.8190e-006	-1.8588e+014	-1.8552e+014	1.8552e+014	5.2500e-015
6.700e+000	5.8201e-006	-1.8625e+014	-1.8588e+014	1.8588e+014	5.2500e-015
6.710e+000	5.8212e-006	-1.8661e+014	-1.8625e+014	1.8625e+014	5.2500e-015
6.720e+000	5.8223e-006	-1.8697e+014	-1.8661e+014	1.8661e+014	5.2500e-015
6.730e+000	5.8234e-006	-1.8734e+014	-1.8697e+014	1.8697e+014	5.2500e-015
6.740e+000	5.8245e-006	-1.8770e+014	-1.8734e+014	1.8734e+014	5.2500e-015
6.750e+000	5.8256e-006	-1.8806e+014	-1.8770e+014	1.8770e+014	5.2500e-015
6.760e+000	5.8267e-006	-1.8843e+014	-1.8806e+014	1.8806e+014	5.2500e-015
6.770e+000	5.8277e-006	-1.8879e+014	-1.8843e+014	1.8843e+014	5.2500e-015
6.780e+000	5.8288e-006	-1.8916e+014	-1.8879e+014	1.8879e+014	5.2500e-015
6.790e+000	5.8299e-006	-1.8952e+014	-1.8916e+014	1.8915e+014	5.2500e-015
6.800e+000	5.8310e-006	-1.8988e+014	-1.8952e+014	1.8952e+014	5.2500e-015
6.810e+000	5.8321e-006	-1.9025e+014	-1.8988e+014	1.8988e+014	5.2500e-015
6.820e+000	5.8332e-006	-1.9061e+014	-1.9025e+014	1.9025e+014	5.2500e-015
6.830e+000	5.8342e-006	-1.9098e+014	-1.9061e+014	1.9061e+014	5.2500e-015
6.840e+000	5.8353e-006	-1.9134e+014	-1.9098e+014	1.9098e+014	5.2500e-015
6.850e+000	5.8364e-006	-1.9170e+014	-1.9134e+014	1.9134e+014	5.2500e-015
6.860e+000	5.8375e-006	-1.9207e+014	-1.9170e+014	1.9170e+014	5.2500e-015
6.870e+000	5.8385e-006	-1.9243e+014	-1.9207e+014	1.9207e+014	5.2500e-015
6.880e+000	5.8396e-006	-1.9280e+014	-1.9243e+014	1.9243e+014	5.2500e-015
6.890e+000	5.8407e-006	-1.9316e+014	-1.9280e+014	1.9280e+014	5.2500e-015
6.900e+000	5.8417e-006	-1.9353e+014	-1.9316e+014	1.9316e+014	5.2500e-015
6.910e+000	5.8428e-006	-1.9389e+014	-1.9353e+014	1.9353e+014	5.2500e-015
6.920e+000	5.8438e-006	-1.9426e+014	-1.9389e+014	1.9389e+014	5.2500e-015
6.930e+000	5.8449e-006	-1.9462e+014	-1.9426e+014	1.9426e+014	5.2500e-015
6.940e+000	5.8459e-006	-1.9499e+014	-1.9462e+014	1.9462e+014	5.2500e-015
6.950e+000	5.8470e-006	-1.9535e+014	-1.9499e+014	1.9498e+014	5.2500e-015
6.960e+000	5.8480e-006	-1.9571e+014	-1.9535e+014	1.9535e+014	5.2500e-015
6.970e+000	5.8491e-006	-1.9608e+014	-1.9571e+014	1.9571e+014	5.2500e-015
6.980e+000	5.8501e-006	-1.9645e+014	-1.9608e+014	1.9608e+014	5.2500e-015
6.990e+000	5.8512e-006	-1.9681e+014	-1.9645e+014	1.9645e+014	5.2500e-015
7.000e+000	5.8522e-006	-1.9718e+014	-1.9681e+014	1.9681e+014	5.2500e-015
