V	C (Fcm-2)	Initcharge (cm-2)	Finalcharge (cm-2)	ns Total (cm-2)	ps Total (cm-2)
-7.000e+000	4.8034e-017	-9.3447e+000	-6.3467e+000	6.3476e+000	5.2500e-015
-6.990e+000	4.8034e-017	-9.3447e+000	-6.3467e+000	6.3476e+000	5.2500e-015
-6.980e+000	4.8034e-017	-9.3447e+000	-6.3467e+000	6.3476e+000	5.2500e-015
-6.970e+000	4.8034e-017	-9.3447e+000	-6.3467e+000	6.3476e+000	5.2500e-015
-6.960e+000	4.8034e-017	-9.3447e+000	-6.3467e+000	6.3476e+000	5.2500e-015
-6.950e+000	4.8034e-017	-9.3447e+000	-6.3467e+000	6.3476e+000	5.2500e-015
-6.940e+000	4.8034e-017	-9.3447e+000	-6.3467e+000	6.3476e+000	5.2500e-015
-6.930e+000	4.8034e-017	-9.3447e+000	-6.3467e+000	6.3476e+000	5.2500e-015
-6.920e+000	4.8034e-017	-9.3447e+000	-6.3467e+000	6.3476e+000	5.2500e-015
-6.910e+000	4.8034e-017	-9.3447e+000	-6.3467e+000	6.3476e+000	5.2500e-015
-6.900e+000	4.8034e-017	-9.3447e+000	-6.3467e+000	6.3476e+000	5.2500e-015
-6.890e+000	4.8034e-017	-9.3447e+000	-6.3467e+000	6.3476e+000	5.2500e-015
-6.880e+000	4.8034e-017	-9.3447e+000	-6.3467e+000	6.3476e+000	5.2500e-015
-6.870e+000	4.8034e-017	-9.3447e+000	-6.3467e+000	6.3476e+000	5.2500e-015
-6.860e+000	4.8034e-017	-9.3447e+000	-6.3467e+000	6.3476e+000	5.2500e-015
-6.850e+000	4.8034e-017	-9.3447e+000	-6.3467e+000	6.3476e+000	5.2500e-015
-6.840e+000	4.8034e-017	-9.3447e+000	-6.3467e+000	6.3476e+000	5.2500e-015
-6.830e+000	4.8034e-017	-9.3447e+000	-6.3467e+000	6.3476e+000	5.2500e-015
-6.820e+000	4.8034e-017	-9.3447e+000	-6.3467e+000	6.3476e+000	5.2500e-015
-6.810e+000	4.8034e-017	-9.3447e+000	-6.3467e+000	6.3476e+000	5.2500e-015
-6.800e+000	4.8034e-017	-9.3447e+000	-6.3467e+000	6.3476e+000	5.2500e-015
-6.790e+000	4.8034e-017	-9.3447e+000	-6.3467e+000	6.3476e+000	5.2500e-015
-6.780e+000	4.8034e-017	-9.3447e+000	-6.3467e+000	6.3476e+000	5.2500e-015
-6.770e+000	4.8034e-017	-9.3447e+000	-6.3467e+000	6.3476e+000	5.2500e-015
-6.760e+000	4.8034e-017	-9.3447e+000	-6.3467e+000	6.3476e+000	5.2500e-015
-6.750e+000	4.8034e-017	-9.3447e+000	-6.3467e+000	6.3476e+000	5.2500e-015
-6.740e+000	4.8034e-017	-9.3447e+000	-6.3467e+000	6.3476e+000	5.2500e-015
-6.730e+000	4.8034e-017	-9.3447e+000	-6.3467e+000	6.3476e+000	5.2500e-015
-6.720e+000	4.8034e-017	-9.3447e+000	-6.3467e+000	6.3476e+000	5.2500e-015
-6.710e+000	4.8034e-017	-9.3447e+000	-6.3467e+000	6.3476e+000	5.2500e-015
-6.700e+000	4.8034e-017	-9.3447e+000	-6.3467e+000	6.3476e+000	5.2500e-015
-6.690e+000	4.8034e-017	-9.3447e+000	-6.3467e+000	6.3476e+000	5.2500e-015
-6.680e+000	4.8034e-017	-9.3447e+000	-6.3467e+000	6.3476e+000	5.2500e-015
-6.670e+000	4.8034e-017	-9.3447e+000	-6.3467e+000	6.3476e+000	5.2500e-015
-6.660e+000	4.8034e-017	-9.3447e+000	-6.3467e+000	6.3476e+000	5.2500e-015
-6.650e+000	4.8034e-017	-9.3447e+000	-6.3467e+000	6.3476e+000	5.2500e-015
-6.640e+000	4.8034e-017	-9.3447e+000	-6.3467e+000	6.3476e+000	5.2500e-015
-6.630e+000	4.8034e-017	-9.3447e+000	-6.3467e+000	6.3476e+000	5.2500e-015
-6.620e+000	4.8034e-017	-9.3447e+000	-6.3467e+000	6.3476e+000	5.2500e-015
-6.610e+000	4.8034e-017	-9.3447e+000	-6.3467e+000	6.3476e+000	5.2500e-015
-6.600e+000	4.8034e-017	-9.3447e+000	-6.3467e+000	6.3476e+000	5.2500e-015
-6.590e+000	4.8034e-017	-9.3447e+000	-6.3467e+000	6.3476e+000	5.2500e-015
-6.580e+000	4.8034e-017	-9.3447e+000	-6.3467e+000	6.3476e+000	5.2500e-015
-6.570e+000	4.8034e-017	-9.3447e+000	-6.3467e+000	6.3476e+000	5.2500e-015
-6.560e+000	4.8034e-017	-9.3447e+000	-6.3467e+000	6.3476e+000	5.2500e-015
-6.550e+000	4.8034e-017	-9.3447e+000	-6.3467e+000	6.3476e+000	5.2500e-015
-6.540e+000	4.8034e-017	-9.3447e+000	-6.3467e+000	6.3476e+000	5.2500e-015
-6.530e+000	4.8034e-017	-9.3447e+000	-6.3467e+000	6.3476e+000	5.2500e-015
-6.520e+000	4.8034e-017	-9.3447e+000	-6.3467e+000	6.3476e+000	5.2500e-015
-6.510e+000	4.8034e-017	-9.3447e+000	-6.3467e+000	6.3476e+000	5.2500e-015
-6.500e+000	4.8034e-017	-9.3447e+000	-6.3467e+000	6.3476e+000	5.2500e-015
-6.490e+000	4.8034e-017	-9.3447e+000	-6.3467e+000	6.3476e+000	5.2500e-015
-6.480e+000	4.8034e-017	-9.3447e+000	-6.3467e+000	6.3476e+000	5.2500e-015
-6.470e+000	4.8034e-017	-9.3447e+000	-6.3467e+000	6.3476e+000	5.2500e-015
-6.460e+000	4.8034e-017	-9.3447e+000	-6.3467e+000	6.3476e+000	5.2500e-015
-6.450e+000	4.8034e-017	-9.3447e+000	-6.3467e+000	6.3476e+000	5.2500e-015
-6.440e+000	4.8034e-017	-9.3447e+000	-6.3467e+000	6.3476e+000	5.2500e-015
-6.430e+000	4.8034e-017	-9.3447e+000	-6.3467e+000	6.3476e+000	5.2500e-015
-6.420e+000	4.8034e-017	-9.3447e+000	-6.3467e+000	6.3476e+000	5.2500e-015
-6.410e+000	4.8034e-017	-9.3447e+000	-6.3467e+000	6.3476e+000	5.2500e-015
-6.400e+000	4.8034e-017	-9.3447e+000	-6.3467e+000	6.3476e+000	5.2500e-015
-6.390e+000	4.8034e-017	-9.3447e+000	-6.3467e+000	6.3476e+000	5.2500e-015
-6.380e+000	4.8034e-017	-9.3447e+000	-6.3467e+000	6.3476e+000	5.2500e-015
-6.370e+000	4.8034e-017	-9.3447e+000	-6.3467e+000	6.3476e+000	5.2500e-015
-6.360e+000	4.8034e-017	-9.3447e+000	-6.3467e+000	6.3476e+000	5.2500e-015
-6.350e+000	4.8034e-017	-9.3447e+000	-6.3467e+000	6.3476e+000	5.2500e-015
-6.340e+000	4.8034e-017	-9.3447e+000	-6.3467e+000	6.3476e+000	5.2500e-015
-6.330e+000	4.8034e-017	-9.3447e+000	-6.3467e+000	6.3476e+000	5.2500e-015
-6.320e+000	4.8034e-017	-9.3447e+000	-6.3467e+000	6.3476e+000	5.2500e-015
-6.310e+000	4.8034e-017	-9.3447e+000	-6.3467e+000	6.3476e+000	5.2500e-015
-6.300e+000	4.8034e-017	-9.3447e+000	-6.3467e+000	6.3476e+000	5.2500e-015
-6.290e+000	4.8034e-017	-9.3447e+000	-6.3467e+000	6.3476e+000	5.2500e-015
-6.280e+000	4.8034e-017	-9.3447e+000	-6.3467e+000	6.3476e+000	5.2500e-015
-6.270e+000	4.8034e-017	-9.3447e+000	-6.3467e+000	6.3476e+000	5.2500e-015
-6.260e+000	4.8034e-017	-9.3447e+000	-6.3467e+000	6.3476e+000	5.2500e-015
-6.250e+000	4.8034e-017	-9.3447e+000	-6.3467e+000	6.3476e+000	5.2500e-015
-6.240e+000	4.8034e-017	-9.3447e+000	-6.3467e+000	6.3476e+000	5.2500e-015
-6.230e+000	4.8034e-017	-9.3447e+000	-6.3467e+000	6.3476e+000	5.2500e-015
-6.220e+000	4.8034e-017	-9.3447e+000	-6.3467e+000	6.3476e+000	5.2500e-015
-6.210e+000	4.8034e-017	-9.3447e+000	-6.3467e+000	6.3476e+000	5.2500e-015
-6.200e+000	4.8034e-017	-9.3447e+000	-6.3467e+000	6.3476e+000	5.2500e-015
-6.190e+000	4.8034e-017	-9.3447e+000	-6.3467e+000	6.3476e+000	5.2500e-015
-6.180e+000	4.8034e-017	-9.3447e+000	-6.3467e+000	6.3476e+000	5.2500e-015
-6.170e+000	4.8034e-017	-9.3447e+000	-6.3467e+000	6.3476e+000	5.2500e-015
-6.160e+000	4.8034e-017	-9.3447e+000	-6.3467e+000	6.3476e+000	5.2500e-015
-6.150e+000	4.8034e-017	-9.3447e+000	-6.3467e+000	6.3476e+000	5.2500e-015
-6.140e+000	4.8034e-017	-9.3447e+000	-6.3467e+000	6.3476e+000	5.2500e-015
-6.130e+000	4.8034e-017	-9.3447e+000	-6.3467e+000	6.3476e+000	5.2500e-015
-6.120e+000	4.8034e-017	-9.3447e+000	-6.3467e+000	6.3476e+000	5.2500e-015
-6.110e+000	4.8034e-017	-9.3447e+000	-6.3467e+000	6.3476e+000	5.2500e-015
-6.100e+000	4.8034e-017	-9.3447e+000	-6.3467e+000	6.3476e+000	5.2500e-015
-6.090e+000	4.8034e-017	-9.3447e+000	-6.3467e+000	6.3476e+000	5.2500e-015
-6.080e+000	4.8034e-017	-9.3447e+000	-6.3467e+000	6.3476e+000	5.2500e-015
-6.070e+000	4.8034e-017	-9.3447e+000	-6.3467e+000	6.3476e+000	5.2500e-015
-6.060e+000	4.8034e-017	-9.3447e+000	-6.3467e+000	6.3476e+000	5.2500e-015
-6.050e+000	4.8034e-017	-9.3447e+000	-6.3467e+000	6.3476e+000	5.2500e-015
-6.040e+000	4.8034e-017	-9.3447e+000	-6.3467e+000	6.3476e+000	5.2500e-015
-6.030e+000	4.8034e-017	-9.3447e+000	-6.3467e+000	6.3476e+000	5.2500e-015
-6.020e+000	4.8034e-017	-9.3447e+000	-6.3467e+000	6.3476e+000	5.2500e-015
-6.010e+000	4.8034e-017	-9.3447e+000	-6.3467e+000	6.3476e+000	5.2500e-015
-6.000e+000	4.8034e-017	-9.3447e+000	-6.3467e+000	6.3476e+000	5.2500e-015
-5.990e+000	4.8034e-017	-9.3447e+000	-6.3467e+000	6.3476e+000	5.2500e-015
-5.980e+000	4.8034e-017	-9.3447e+000	-6.3467e+000	6.3476e+000	5.2500e-015
-5.970e+000	4.8034e-017	-9.3447e+000	-6.3467e+000	6.3476e+000	5.2500e-015
-5.960e+000	4.8034e-017	-9.3447e+000	-6.3467e+000	6.3476e+000	5.2500e-015
-5.950e+000	4.8034e-017	-9.3447e+000	-6.3467e+000	6.3476e+000	5.2500e-015
-5.940e+000	4.8034e-017	-9.3447e+000	-6.3467e+000	6.3476e+000	5.2500e-015
-5.930e+000	4.8034e-017	-9.3447e+000	-6.3467e+000	6.3476e+000	5.2500e-015
-5.920e+000	4.8034e-017	-9.3447e+000	-6.3467e+000	6.3476e+000	5.2500e-015
-5.910e+000	4.8034e-017	-9.3447e+000	-6.3467e+000	6.3476e+000	5.2500e-015
-5.900e+000	4.8034e-017	-9.3447e+000	-6.3467e+000	6.3476e+000	5.2500e-015
-5.890e+000	4.8034e-017	-9.3447e+000	-6.3467e+000	6.3476e+000	5.2500e-015
-5.880e+000	4.8034e-017	-9.3447e+000	-6.3467e+000	6.3476e+000	5.2500e-015
-5.870e+000	4.8034e-017	-9.3447e+000	-6.3467e+000	6.3476e+000	5.2500e-015
-5.860e+000	4.8034e-017	-9.3447e+000	-6.3467e+000	6.3476e+000	5.2500e-015
-5.850e+000	4.8034e-017	-9.3447e+000	-6.3467e+000	6.3476e+000	5.2500e-015
-5.840e+000	4.8034e-017	-9.3447e+000	-6.3467e+000	6.3476e+000	5.2500e-015
-5.830e+000	4.8034e-017	-9.3447e+000	-6.3467e+000	6.3476e+000	5.2500e-015
-5.820e+000	4.8034e-017	-9.3447e+000	-6.3467e+000	6.3476e+000	5.2500e-015
-5.810e+000	4.8034e-017	-9.3447e+000	-6.3467e+000	6.3476e+000	5.2500e-015
-5.800e+000	4.8034e-017	-9.3447e+000	-6.3467e+000	6.3476e+000	5.2500e-015
-5.790e+000	4.8034e-017	-9.3447e+000	-6.3467e+000	6.3476e+000	5.2500e-015
-5.780e+000	4.8034e-017	-9.3447e+000	-6.3467e+000	6.3476e+000	5.2500e-015
-5.770e+000	4.8034e-017	-9.3447e+000	-6.3467e+000	6.3476e+000	5.2500e-015
-5.760e+000	4.8034e-017	-9.3447e+000	-6.3467e+000	6.3476e+000	5.2500e-015
-5.750e+000	4.8034e-017	-9.3447e+000	-6.3467e+000	6.3476e+000	5.2500e-015
-5.740e+000	4.8034e-017	-9.3447e+000	-6.3467e+000	6.3476e+000	5.2500e-015
-5.730e+000	4.8034e-017	-9.3447e+000	-6.3467e+000	6.3476e+000	5.2500e-015
-5.720e+000	4.8034e-017	-9.3447e+000	-6.3467e+000	6.3476e+000	5.2500e-015
-5.710e+000	4.8034e-017	-9.3447e+000	-6.3467e+000	6.3476e+000	5.2500e-015
-5.700e+000	4.8034e-017	-9.3447e+000	-6.3467e+000	6.3476e+000	5.2500e-015
-5.690e+000	4.8034e-017	-9.3447e+000	-6.3467e+000	6.3476e+000	5.2500e-015
-5.680e+000	4.8034e-017	-9.3447e+000	-6.3467e+000	6.3476e+000	5.2500e-015
-5.670e+000	4.8034e-017	-9.3447e+000	-6.3467e+000	6.3476e+000	5.2500e-015
-5.660e+000	4.8034e-017	-9.3447e+000	-6.3467e+000	6.3476e+000	5.2500e-015
-5.650e+000	4.8034e-017	-9.3447e+000	-6.3467e+000	6.3476e+000	5.2500e-015
-5.640e+000	4.8034e-017	-9.3447e+000	-6.3467e+000	6.3476e+000	5.2500e-015
-5.630e+000	4.8034e-017	-9.3447e+000	-6.3467e+000	6.3476e+000	5.2500e-015
-5.620e+000	4.8034e-017	-9.3447e+000	-6.3467e+000	6.3476e+000	5.2500e-015
-5.610e+000	4.8034e-017	-9.3447e+000	-6.3467e+000	6.3476e+000	5.2500e-015
-5.600e+000	4.8034e-017	-9.3447e+000	-6.3467e+000	6.3476e+000	5.2500e-015
-5.590e+000	4.8034e-017	-9.3447e+000	-6.3467e+000	6.3476e+000	5.2500e-015
-5.580e+000	4.8034e-017	-9.3447e+000	-6.3467e+000	6.3476e+000	5.2500e-015
-5.570e+000	4.8034e-017	-9.3447e+000	-6.3467e+000	6.3476e+000	5.2500e-015
-5.560e+000	4.8034e-017	-9.3447e+000	-6.3467e+000	6.3476e+000	5.2500e-015
-5.550e+000	4.8034e-017	-9.3447e+000	-6.3467e+000	6.3476e+000	5.2500e-015
-5.540e+000	4.8034e-017	-9.3447e+000	-6.3467e+000	6.3476e+000	5.2500e-015
-5.530e+000	4.8034e-017	-9.3447e+000	-6.3467e+000	6.3476e+000	5.2500e-015
-5.520e+000	4.8034e-017	-9.3447e+000	-6.3467e+000	6.3476e+000	5.2500e-015
-5.510e+000	4.8034e-017	-9.3447e+000	-6.3467e+000	6.3476e+000	5.2500e-015
-5.500e+000	4.8034e-017	-9.3447e+000	-6.3467e+000	6.3476e+000	5.2500e-015
-5.490e+000	4.8034e-017	-9.3447e+000	-6.3467e+000	6.3476e+000	5.2500e-015
-5.480e+000	4.8034e-017	-9.3447e+000	-6.3467e+000	6.3476e+000	5.2500e-015
-5.470e+000	4.8034e-017	-9.3447e+000	-6.3467e+000	6.3476e+000	5.2500e-015
-5.460e+000	4.8034e-017	-9.3447e+000	-6.3467e+000	6.3476e+000	5.2500e-015
-5.450e+000	4.8034e-017	-9.3447e+000	-6.3467e+000	6.3476e+000	5.2500e-015
-5.440e+000	4.8034e-017	-9.3447e+000	-6.3467e+000	6.3476e+000	5.2500e-015
-5.430e+000	4.8034e-017	-9.3447e+000	-6.3467e+000	6.3476e+000	5.2500e-015
-5.420e+000	4.8034e-017	-9.3447e+000	-6.3467e+000	6.3476e+000	5.2500e-015
-5.410e+000	4.8034e-017	-9.3447e+000	-6.3467e+000	6.3476e+000	5.2500e-015
-5.400e+000	4.8034e-017	-9.3447e+000	-6.3467e+000	6.3476e+000	5.2500e-015
-5.390e+000	4.8034e-017	-9.3447e+000	-6.3467e+000	6.3476e+000	5.2500e-015
-5.380e+000	4.8034e-017	-9.3447e+000	-6.3467e+000	6.3476e+000	5.2500e-015
-5.370e+000	4.8034e-017	-9.3447e+000	-6.3467e+000	6.3476e+000	5.2500e-015
-5.360e+000	4.8034e-017	-9.3447e+000	-6.3467e+000	6.3476e+000	5.2500e-015
-5.350e+000	4.8034e-017	-9.3447e+000	-6.3467e+000	6.3476e+000	5.2500e-015
-5.340e+000	4.8034e-017	-9.3447e+000	-6.3467e+000	6.3476e+000	5.2500e-015
-5.330e+000	4.8034e-017	-9.3447e+000	-6.3467e+000	6.3476e+000	5.2500e-015
-5.320e+000	4.8034e-017	-9.3447e+000	-6.3467e+000	6.3476e+000	5.2500e-015
-5.310e+000	4.8034e-017	-9.3447e+000	-6.3467e+000	6.3476e+000	5.2500e-015
-5.300e+000	4.8034e-017	-9.3447e+000	-6.3467e+000	6.3476e+000	5.2500e-015
-5.290e+000	4.8034e-017	-9.3447e+000	-6.3467e+000	6.3476e+000	5.2500e-015
-5.280e+000	4.8034e-017	-9.3447e+000	-6.3467e+000	6.3476e+000	5.2500e-015
-5.270e+000	4.8034e-017	-9.3447e+000	-6.3467e+000	6.3476e+000	5.2500e-015
-5.260e+000	4.8034e-017	-9.3447e+000	-6.3467e+000	6.3476e+000	5.2500e-015
-5.250e+000	4.8034e-017	-9.3447e+000	-6.3467e+000	6.3476e+000	5.2500e-015
-5.240e+000	4.8034e-017	-9.3447e+000	-6.3467e+000	6.3476e+000	5.2500e-015
-5.230e+000	4.8034e-017	-9.3447e+000	-6.3467e+000	6.3476e+000	5.2500e-015
-5.220e+000	4.8034e-017	-9.3447e+000	-6.3467e+000	6.3476e+000	5.2500e-015
-5.210e+000	4.8034e-017	-9.3447e+000	-6.3467e+000	6.3476e+000	5.2500e-015
-5.200e+000	4.8034e-017	-9.3447e+000	-6.3467e+000	6.3476e+000	5.2500e-015
-5.190e+000	4.8034e-017	-9.3447e+000	-6.3467e+000	6.3476e+000	5.2500e-015
-5.180e+000	4.8034e-017	-9.3447e+000	-6.3467e+000	6.3476e+000	5.2500e-015
-5.170e+000	4.8034e-017	-9.3447e+000	-6.3467e+000	6.3476e+000	5.2500e-015
-5.160e+000	4.8034e-017	-9.3447e+000	-6.3467e+000	6.3476e+000	5.2500e-015
-5.150e+000	4.8034e-017	-9.3447e+000	-6.3467e+000	6.3476e+000	5.2500e-015
-5.140e+000	4.8034e-017	-9.3447e+000	-6.3467e+000	6.3476e+000	5.2500e-015
-5.130e+000	4.8034e-017	-9.3447e+000	-6.3467e+000	6.3476e+000	5.2500e-015
-5.120e+000	4.8034e-017	-9.3447e+000	-6.3467e+000	6.3476e+000	5.2500e-015
-5.110e+000	4.8034e-017	-9.3447e+000	-6.3467e+000	6.3476e+000	5.2500e-015
-5.100e+000	4.8034e-017	-9.3447e+000	-6.3467e+000	6.3476e+000	5.2500e-015
-5.090e+000	4.8034e-017	-9.3447e+000	-6.3467e+000	6.3476e+000	5.2500e-015
-5.080e+000	4.8034e-017	-9.3447e+000	-6.3467e+000	6.3476e+000	5.2500e-015
-5.070e+000	4.8034e-017	-9.3447e+000	-6.3467e+000	6.3476e+000	5.2500e-015
-5.060e+000	4.8034e-017	-9.3447e+000	-6.3467e+000	6.3476e+000	5.2500e-015
-5.050e+000	4.8034e-017	-9.3447e+000	-6.3467e+000	6.3476e+000	5.2500e-015
-5.040e+000	4.8034e-017	-9.3447e+000	-6.3467e+000	6.3476e+000	5.2500e-015
-5.030e+000	4.8034e-017	-9.3447e+000	-6.3467e+000	6.3476e+000	5.2500e-015
-5.020e+000	4.8034e-017	-9.3447e+000	-6.3467e+000	6.3476e+000	5.2500e-015
-5.010e+000	4.8034e-017	-9.3447e+000	-6.3467e+000	6.3476e+000	5.2500e-015
-5.000e+000	4.8034e-017	-9.3447e+000	-6.3467e+000	6.3476e+000	5.2500e-015
-4.990e+000	4.8034e-017	-9.3447e+000	-6.3467e+000	6.3476e+000	5.2500e-015
-4.980e+000	4.8034e-017	-9.3447e+000	-6.3467e+000	6.3476e+000	5.2500e-015
-4.970e+000	4.8034e-017	-9.3447e+000	-6.3467e+000	6.3476e+000	5.2500e-015
-4.960e+000	4.8034e-017	-9.3447e+000	-6.3467e+000	6.3476e+000	5.2500e-015
-4.950e+000	4.8034e-017	-9.3447e+000	-6.3467e+000	6.3476e+000	5.2500e-015
-4.940e+000	4.8034e-017	-9.3447e+000	-6.3467e+000	6.3476e+000	5.2500e-015
-4.930e+000	4.8034e-017	-9.3447e+000	-6.3467e+000	6.3476e+000	5.2500e-015
-4.920e+000	4.8034e-017	-9.3447e+000	-6.3467e+000	6.3476e+000	5.2500e-015
-4.910e+000	4.8034e-017	-9.3447e+000	-6.3467e+000	6.3476e+000	5.2500e-015
-4.900e+000	4.8034e-017	-9.3447e+000	-6.3467e+000	6.3476e+000	5.2500e-015
-4.890e+000	4.8034e-017	-9.3447e+000	-6.3467e+000	6.3476e+000	5.2500e-015
-4.880e+000	4.8034e-017	-9.3447e+000	-6.3467e+000	6.3476e+000	5.2500e-015
-4.870e+000	4.8034e-017	-9.3447e+000	-6.3467e+000	6.3476e+000	5.2500e-015
-4.860e+000	4.8034e-017	-9.3447e+000	-6.3467e+000	6.3476e+000	5.2500e-015
-4.850e+000	4.8034e-017	-9.3447e+000	-6.3467e+000	6.3476e+000	5.2500e-015
-4.840e+000	4.8034e-017	-9.3447e+000	-6.3467e+000	6.3476e+000	5.2500e-015
-4.830e+000	4.8034e-017	-9.3447e+000	-6.3467e+000	6.3476e+000	5.2500e-015
-4.820e+000	4.8034e-017	-9.3447e+000	-6.3467e+000	6.3476e+000	5.2500e-015
-4.810e+000	4.8034e-017	-9.3447e+000	-6.3467e+000	6.3476e+000	5.2500e-015
-4.800e+000	4.8034e-017	-9.3447e+000	-6.3467e+000	6.3476e+000	5.2500e-015
-4.790e+000	4.8034e-017	-9.3447e+000	-6.3467e+000	6.3476e+000	5.2500e-015
-4.780e+000	4.8034e-017	-9.3447e+000	-6.3467e+000	6.3476e+000	5.2500e-015
-4.770e+000	4.8034e-017	-9.3447e+000	-6.3467e+000	6.3476e+000	5.2500e-015
-4.760e+000	4.8034e-017	-9.3447e+000	-6.3467e+000	6.3476e+000	5.2500e-015
-4.750e+000	4.8034e-017	-9.3447e+000	-6.3467e+000	6.3476e+000	5.2500e-015
-4.740e+000	4.8034e-017	-9.3447e+000	-6.3467e+000	6.3476e+000	5.2500e-015
-4.730e+000	4.8034e-017	-9.3447e+000	-6.3467e+000	6.3476e+000	5.2500e-015
-4.720e+000	4.8034e-017	-9.3447e+000	-6.3467e+000	6.3476e+000	5.2500e-015
-4.710e+000	4.8034e-017	-9.3447e+000	-6.3467e+000	6.3476e+000	5.2500e-015
-4.700e+000	4.8034e-017	-9.3447e+000	-6.3467e+000	6.3476e+000	5.2500e-015
-4.690e+000	4.8034e-017	-9.3447e+000	-6.3467e+000	6.3476e+000	5.2500e-015
-4.680e+000	4.8034e-017	-9.3447e+000	-6.3467e+000	6.3476e+000	5.2500e-015
-4.670e+000	4.8034e-017	-9.3447e+000	-6.3467e+000	6.3476e+000	5.2500e-015
-4.660e+000	4.8034e-017	-9.3447e+000	-6.3467e+000	6.3476e+000	5.2500e-015
-4.650e+000	4.8034e-017	-9.3447e+000	-6.3467e+000	6.3476e+000	5.2500e-015
-4.640e+000	4.8034e-017	-9.3448e+000	-6.3467e+000	6.3476e+000	5.2500e-015
-4.630e+000	4.8034e-017	-9.3448e+000	-6.3467e+000	6.3476e+000	5.2500e-015
-4.620e+000	4.8034e-017	-9.3448e+000	-6.3467e+000	6.3476e+000	5.2500e-015
-4.610e+000	4.8035e-017	-9.3448e+000	-6.3467e+000	6.3476e+000	5.2500e-015
-4.600e+000	4.8035e-017	-9.3449e+000	-6.3468e+000	6.3477e+000	5.2500e-015
-4.590e+000	4.8035e-017	-9.3449e+000	-6.3468e+000	6.3477e+000	5.2500e-015
-4.580e+000	4.8036e-017	-9.3450e+000	-6.3469e+000	6.3478e+000	5.2500e-015
-4.570e+000	4.8036e-017	-9.3452e+000	-6.3470e+000	6.3479e+000	5.2500e-015
-4.560e+000	4.8038e-017	-9.3454e+000	-6.3471e+000	6.3480e+000	5.2500e-015
-4.550e+000	4.8039e-017	-9.3457e+000	-6.3473e+000	6.3482e+000	5.2500e-015
-4.540e+000	4.8042e-017	-9.3462e+000	-6.3477e+000	6.3486e+000	5.2500e-015
-4.530e+000	4.8045e-017	-9.3469e+000	-6.3481e+000	6.3490e+000	5.2500e-015
-4.520e+000	4.8050e-017	-9.3479e+000	-6.3488e+000	6.3497e+000	5.2500e-015
-4.510e+000	4.8058e-017	-9.3493e+000	-6.3498e+000	6.3507e+000	5.2500e-015
-4.500e+000	4.8069e-017	-9.3515e+000	-6.3513e+000	6.3522e+000	5.2500e-015
-4.490e+000	4.8086e-017	-9.3547e+000	-6.3535e+000	6.3544e+000	5.2500e-015
-4.480e+000	4.8110e-017	-9.3595e+000	-6.3567e+000	6.3576e+000	5.2500e-015
-4.470e+000	4.8146e-017	-9.3664e+000	-6.3614e+000	6.3623e+000	5.2500e-015
-4.460e+000	4.8198e-017	-9.3767e+000	-6.3684e+000	6.3693e+000	5.2500e-015
-4.450e+000	4.8276e-017	-9.3918e+000	-6.3786e+000	6.3795e+000	5.2500e-015
-4.440e+000	4.8390e-017	-9.4140e+000	-6.3937e+000	6.3946e+000	5.2500e-015
-4.430e+000	4.8558e-017	-9.4467e+000	-6.4159e+000	6.4168e+000	5.2500e-015
-4.420e+000	4.8806e-017	-9.4948e+000	-6.4486e+000	6.4495e+000	5.2500e-015
-4.410e+000	4.9170e-017	-9.5657e+000	-6.4968e+000	6.4977e+000	5.2500e-015
-4.400e+000	4.9707e-017	-9.6701e+000	-6.5677e+000	6.5686e+000	5.2500e-015
-4.390e+000	5.0543e-017	-9.8267e+000	-6.6721e+000	6.6730e+000	5.2500e-015
-4.380e+000	5.1659e-017	-1.0053e+001	-6.8287e+000	6.8267e+000	5.2500e-015
-4.370e+000	5.3372e-017	-1.0386e+001	-7.0550e+000	7.0529e+000	5.2500e-015
-4.360e+000	5.5924e-017	-1.0879e+001	-7.3881e+000	7.3861e+000	5.2500e-015
-4.350e+000	5.9651e-017	-1.1604e+001	-7.8805e+000	7.8765e+000	5.2500e-015
-4.340e+000	6.5099e-017	-1.2669e+001	-8.6056e+000	8.5987e+000	5.2500e-015
-4.330e+000	7.3191e-017	-1.4239e+001	-9.6707e+000	9.6618e+000	5.2500e-015
-4.320e+000	8.5082e-017	-1.6551e+001	-1.1241e+001	1.1227e+001	5.2500e-015
-4.310e+000	1.0255e-016	-1.9954e+001	-1.3553e+001	1.3532e+001	5.2500e-015
-4.300e+000	1.2830e-016	-2.4964e+001	-1.6956e+001	1.6925e+001	5.2500e-015
-4.290e+000	1.6621e-016	-3.2340e+001	-2.1966e+001	2.1920e+001	5.2500e-015
-4.280e+000	2.2202e-016	-4.3199e+001	-2.9342e+001	2.9275e+001	5.2500e-015
-4.270e+000	3.0427e-016	-5.9192e+001	-4.0201e+001	4.0103e+001	5.2500e-015
-4.260e+000	4.2517e-016	-8.2731e+001	-5.6194e+001	5.6045e+001	5.2500e-015
-4.250e+000	6.0340e-016	-1.1739e+002	-7.9733e+001	7.9516e+001	5.2500e-015
-4.240e+000	8.6564e-016	-1.6842e+002	-1.1440e+002	1.1407e+002	5.2500e-015
-4.230e+000	1.2517e-015	-2.4355e+002	-1.6543e+002	1.6495e+002	5.2500e-015
-4.220e+000	1.8203e-015	-3.5417e+002	-2.4056e+002	2.3986e+002	5.2500e-015
-4.210e+000	2.6572e-015	-5.1702e+002	-3.5117e+002	3.5014e+002	5.2500e-015
-4.200e+000	3.8896e-015	-7.5680e+002	-5.1403e+002	5.1251e+002	5.2500e-015
-4.190e+000	5.7039e-015	-1.1098e+003	-7.5380e+002	7.5156e+002	5.2500e-015
-4.180e+000	8.3751e-015	-1.6295e+003	-1.1068e+003	1.1035e+003	5.2500e-015
-4.170e+000	1.2308e-014	-2.3947e+003	-1.6265e+003	1.6217e+003	5.2500e-015
-4.160e+000	1.8098e-014	-3.5213e+003	-2.3917e+003	2.3846e+003	5.2500e-015
-4.150e+000	2.6623e-014	-5.1800e+003	-3.5183e+003	3.5078e+003	5.2500e-015
-4.140e+000	3.9174e-014	-7.6220e+003	-5.1770e+003	5.1615e+003	5.2500e-015
-4.130e+000	5.7652e-014	-1.1217e+004	-7.6190e+003	7.5963e+003	5.2500e-015
-4.120e+000	8.4858e-014	-1.6511e+004	-1.1214e+004	1.1181e+004	5.2500e-015
-4.110e+000	1.2491e-013	-2.4304e+004	-1.6508e+004	1.6458e+004	5.2500e-015
-4.100e+000	1.8388e-013	-3.5778e+004	-2.4301e+004	2.4229e+004	5.2500e-015
-4.090e+000	2.7071e-013	-5.2672e+004	-3.5775e+004	3.5668e+004	5.2500e-015
-4.080e+000	3.9853e-013	-7.7543e+004	-5.2669e+004	5.2511e+004	5.2500e-015
-4.070e+000	5.8673e-013	-1.1416e+005	-7.7540e+004	7.7308e+004	5.2500e-015
-4.060e+000	8.6380e-013	-1.6807e+005	-1.1416e+005	1.1382e+005	5.2500e-015
-4.050e+000	1.2717e-012	-2.4744e+005	-1.6807e+005	1.6757e+005	5.2500e-015
-4.040e+000	1.8723e-012	-3.6430e+005	-2.4744e+005	2.4670e+005	5.2500e-015
-4.030e+000	2.7564e-012	-5.3633e+005	-3.6429e+005	3.6320e+005	5.2500e-015
-4.020e+000	4.0579e-012	-7.8960e+005	-5.3633e+005	5.3472e+005	5.2500e-015
-4.010e+000	5.9738e-012	-1.1625e+006	-7.8960e+005	7.8723e+005	5.2500e-015
-4.000e+000	8.7940e-012	-1.7113e+006	-1.1625e+006	1.1590e+006	5.2500e-015
-3.990e+000	1.2945e-011	-2.5193e+006	-1.7113e+006	1.7062e+006	5.2500e-015
-3.980e+000	1.9053e-011	-3.7085e+006	-2.5193e+006	2.5117e+006	5.2500e-015
-3.970e+000	2.8040e-011	-5.4586e+006	-3.7085e+006	3.6974e+006	5.2500e-015
-3.960e+000	4.1257e-011	-8.0336e+006	-5.4586e+006	5.4422e+006	5.2500e-015
-3.950e+000	6.0688e-011	-1.1821e+007	-8.0336e+006	8.0096e+006	5.2500e-015
-3.940e+000	8.9232e-011	-1.7391e+007	-1.1821e+007	1.1786e+007	5.2500e-015
-3.930e+000	1.3112e-010	-2.5575e+007	-1.7391e+007	1.7339e+007	5.2500e-015
-3.920e+000	1.9250e-010	-3.7589e+007	-2.5575e+007	2.5498e+007	5.2500e-015
-3.910e+000	2.8223e-010	-5.5204e+007	-3.7589e+007	3.7477e+007	5.2500e-015
-3.900e+000	4.1299e-010	-8.0981e+007	-5.5204e+007	5.5040e+007	5.2500e-015
-3.890e+000	6.0267e-010	-1.1860e+008	-8.0981e+007	8.0740e+007	5.2500e-015
-3.880e+000	8.7598e-010	-1.7327e+008	-1.1860e+008	1.1824e+008	5.2500e-015
-3.870e+000	1.2661e-009	-2.5230e+008	-1.7327e+008	1.7276e+008	5.2500e-015
-3.860e+000	1.8160e-009	-3.6564e+008	-2.5230e+008	2.5155e+008	5.2500e-015
-3.850e+000	2.5774e-009	-5.2651e+008	-3.6564e+008	3.6457e+008	5.2500e-015
-3.840e+000	3.6085e-009	-7.5173e+008	-5.2651e+008	5.2498e+008	5.2500e-015
-3.830e+000	4.9664e-009	-1.0617e+009	-7.5173e+008	7.4958e+008	5.2500e-015
-3.820e+000	6.6979e-009	-1.4798e+009	-1.0617e+009	1.0587e+009	5.2500e-015
-3.810e+000	8.8312e-009	-2.0310e+009	-1.4798e+009	1.4757e+009	5.2500e-015
-3.800e+000	1.1373e-008	-2.7408e+009	-2.0310e+009	2.0256e+009	5.2500e-015
-3.790e+000	1.4314e-008	-3.6342e+009	-2.7408e+009	2.7338e+009	5.2500e-015
-3.780e+000	1.7645e-008	-4.7355e+009	-3.6342e+009	3.6254e+009	5.2500e-015
-3.770e+000	2.1365e-008	-6.0690e+009	-4.7355e+009	4.7246e+009	5.2500e-015
-3.760e+000	2.5491e-008	-7.6600e+009	-6.0690e+009	6.0560e+009	5.2500e-015
-3.750e+000	3.0054e-008	-9.5358e+009	-7.6600e+009	7.6447e+009	5.2500e-015
-3.740e+000	3.5095e-008	-1.1726e+010	-9.5358e+009	9.5183e+009	5.2500e-015
-3.730e+000	4.0654e-008	-1.4264e+010	-1.1726e+010	1.1707e+010	5.2500e-015
-3.720e+000	4.6760e-008	-1.7182e+010	-1.4264e+010	1.4242e+010	5.2500e-015
-3.710e+000	5.3427e-008	-2.0517e+010	-1.7182e+010	1.7159e+010	5.2500e-015
-3.700e+000	6.0647e-008	-2.4302e+010	-2.0517e+010	2.0491e+010	5.2500e-015
-3.690e+000	6.8387e-008	-2.8571e+010	-2.4302e+010	2.4275e+010	5.2500e-015
-3.680e+000	7.6590e-008	-3.3351e+010	-2.8571e+010	2.8542e+010	5.2500e-015
-3.670e+000	8.5178e-008	-3.8667e+010	-3.3351e+010	3.3321e+010	5.2500e-015
-3.660e+000	9.4058e-008	-4.4538e+010	-3.8667e+010	3.8636e+010	5.2500e-015
-3.650e+000	1.0313e-007	-5.0974e+010	-4.4538e+010	4.4506e+010	5.2500e-015
-3.640e+000	1.1227e-007	-5.7982e+010	-5.0974e+010	5.0942e+010	5.2500e-015
-3.630e+000	1.2140e-007	-6.5560e+010	-5.7982e+010	5.7949e+010	5.2500e-015
-3.620e+000	1.3042e-007	-7.3700e+010	-6.5560e+010	6.5525e+010	5.2500e-015
-3.610e+000	1.3924e-007	-8.2390e+010	-7.3700e+010	7.3665e+010	5.2500e-015
-3.600e+000	1.4780e-007	-9.1615e+010	-8.2390e+010	8.2355e+010	5.2500e-015
-3.590e+000	1.5605e-007	-1.0136e+011	-9.1615e+010	9.1580e+010	5.2500e-015
-3.580e+000	1.6372e-007	-1.1157e+011	-1.0136e+011	1.0132e+011	5.2500e-015
-3.570e+000	1.7077e-007	-1.2223e+011	-1.1157e+011	1.1154e+011	5.2500e-015
-3.560e+000	1.7815e-007	-1.3335e+011	-1.2223e+011	1.2220e+011	5.2500e-015
-3.550e+000	1.8466e-007	-1.4488e+011	-1.3335e+011	1.3331e+011	5.2500e-015
-3.540e+000	1.9107e-007	-1.5680e+011	-1.4488e+011	1.4484e+011	5.2500e-015
-3.530e+000	1.9686e-007	-1.6909e+011	-1.5680e+011	1.5676e+011	5.2500e-015
-3.520e+000	2.0250e-007	-1.8173e+011	-1.6909e+011	1.6905e+011	5.2500e-015
-3.510e+000	2.0769e-007	-1.9469e+011	-1.8173e+011	1.8169e+011	5.2500e-015
-3.500e+000	2.1255e-007	-2.0796e+011	-1.9469e+011	1.9465e+011	5.2500e-015
-3.490e+000	2.1709e-007	-2.2151e+011	-2.0796e+011	2.0792e+011	5.2500e-015
-3.480e+000	2.2140e-007	-2.3533e+011	-2.2151e+011	2.2147e+011	5.2500e-015
-3.470e+000	2.2532e-007	-2.4939e+011	-2.3533e+011	2.3529e+011	5.2500e-015
-3.460e+000	2.2904e-007	-2.6368e+011	-2.4939e+011	2.4935e+011	5.2500e-015
-3.450e+000	2.3257e-007	-2.7820e+011	-2.6368e+011	2.6365e+011	5.2500e-015
-3.440e+000	2.3578e-007	-2.9292e+011	-2.7820e+011	2.7816e+011	5.2500e-015
-3.430e+000	2.3888e-007	-3.0783e+011	-2.9292e+011	2.9288e+011	5.2500e-015
-3.420e+000	2.4171e-007	-3.2291e+011	-3.0783e+011	3.0779e+011	5.2500e-015
-3.410e+000	2.4442e-007	-3.3817e+011	-3.2291e+011	3.2287e+011	5.2500e-015
-3.400e+000	2.4695e-007	-3.5358e+011	-3.3817e+011	3.3813e+011	5.2500e-015
-3.390e+000	2.4929e-007	-3.6914e+011	-3.5358e+011	3.5354e+011	5.2500e-015
-3.380e+000	2.5154e-007	-3.8484e+011	-3.6914e+011	3.6910e+011	5.2500e-015
-3.370e+000	2.5364e-007	-4.0067e+011	-3.8484e+011	3.8480e+011	5.2500e-015
-3.360e+000	2.5562e-007	-4.1663e+011	-4.0067e+011	4.0063e+011	5.2500e-015
-3.350e+000	2.5746e-007	-4.3269e+011	-4.1663e+011	4.1659e+011	5.2500e-015
-3.340e+000	2.5924e-007	-4.4888e+011	-4.3269e+011	4.3266e+011	5.2500e-015
-3.330e+000	2.6090e-007	-4.6516e+011	-4.4888e+011	4.4884e+011	5.2500e-015
-3.320e+000	2.6247e-007	-4.8154e+011	-4.6516e+011	4.6512e+011	5.2500e-015
-3.310e+000	2.6394e-007	-4.9802e+011	-4.8154e+011	4.8150e+011	5.2500e-015
-3.300e+000	2.6537e-007	-5.1458e+011	-4.9802e+011	4.9798e+011	5.2500e-015
-3.290e+000	2.6670e-007	-5.3122e+011	-5.1458e+011	5.1454e+011	5.2500e-015
-3.280e+000	2.6796e-007	-5.4795e+011	-5.3122e+011	5.3118e+011	5.2500e-015
-3.270e+000	2.6917e-007	-5.6475e+011	-5.4795e+011	5.4791e+011	5.2500e-015
-3.260e+000	2.7031e-007	-5.8162e+011	-5.6475e+011	5.6471e+011	5.2500e-015
-3.250e+000	2.7138e-007	-5.9856e+011	-5.8162e+011	5.8158e+011	5.2500e-015
-3.240e+000	2.7243e-007	-6.1556e+011	-5.9856e+011	5.9852e+011	5.2500e-015
-3.230e+000	2.7341e-007	-6.3263e+011	-6.1556e+011	6.1552e+011	5.2500e-015
-3.220e+000	2.7435e-007	-6.4975e+011	-6.3263e+011	6.3259e+011	5.2500e-015
-3.210e+000	2.7524e-007	-6.6693e+011	-6.4975e+011	6.4971e+011	5.2500e-015
-3.200e+000	2.7609e-007	-6.8416e+011	-6.6693e+011	6.6689e+011	5.2500e-015
-3.190e+000	2.7691e-007	-7.0144e+011	-6.8416e+011	6.8412e+011	5.2500e-015
-3.180e+000	2.7769e-007	-7.1878e+011	-7.0144e+011	7.0140e+011	5.2500e-015
-3.170e+000	2.7842e-007	-7.3615e+011	-7.1878e+011	7.1874e+011	5.2500e-015
-3.160e+000	2.7915e-007	-7.5358e+011	-7.3615e+011	7.3611e+011	5.2500e-015
-3.150e+000	2.7983e-007	-7.7104e+011	-7.5358e+011	7.5354e+011	5.2500e-015
-3.140e+000	2.8048e-007	-7.8855e+011	-7.7104e+011	7.7100e+011	5.2500e-015
-3.130e+000	2.8111e-007	-8.0609e+011	-7.8855e+011	7.8851e+011	5.2500e-015
-3.120e+000	2.8171e-007	-8.2368e+011	-8.0609e+011	8.0605e+011	5.2500e-015
-3.110e+000	2.8229e-007	-8.4130e+011	-8.2368e+011	8.2364e+011	5.2500e-015
-3.100e+000	2.8284e-007	-8.5895e+011	-8.4130e+011	8.4126e+011	5.2500e-015
-3.090e+000	2.8338e-007	-8.7664e+011	-8.5895e+011	8.5891e+011	5.2500e-015
-3.080e+000	2.8389e-007	-8.9436e+011	-8.7664e+011	8.7660e+011	5.2500e-015
-3.070e+000	2.8438e-007	-9.1211e+011	-8.9436e+011	8.9432e+011	5.2500e-015
-3.060e+000	2.8486e-007	-9.2989e+011	-9.1211e+011	9.1207e+011	5.2500e-015
-3.050e+000	2.8531e-007	-9.4769e+011	-9.2989e+011	9.2985e+011	5.2500e-015
-3.040e+000	2.8576e-007	-9.6553e+011	-9.4769e+011	9.4765e+011	5.2500e-015
-3.030e+000	2.8618e-007	-9.8339e+011	-9.6553e+011	9.6549e+011	5.2500e-015
-3.020e+000	2.8660e-007	-1.0013e+012	-9.8339e+011	9.8335e+011	5.2500e-015
-3.010e+000	2.8699e-007	-1.0192e+012	-1.0013e+012	1.0012e+012	5.2500e-015
-3.000e+000	2.8737e-007	-1.0371e+012	-1.0192e+012	1.0192e+012	5.2500e-015
-2.990e+000	2.8774e-007	-1.0551e+012	-1.0371e+012	1.0371e+012	5.2500e-015
-2.980e+000	2.8810e-007	-1.0731e+012	-1.0551e+012	1.0550e+012	5.2500e-015
-2.970e+000	2.8845e-007	-1.0911e+012	-1.0731e+012	1.0730e+012	5.2500e-015
-2.960e+000	2.8878e-007	-1.1091e+012	-1.0911e+012	1.0910e+012	5.2500e-015
-2.950e+000	2.8910e-007	-1.1271e+012	-1.1091e+012	1.1091e+012	5.2500e-015
-2.940e+000	2.8942e-007	-1.1452e+012	-1.1271e+012	1.1271e+012	5.2500e-015
-2.930e+000	2.8972e-007	-1.1633e+012	-1.1452e+012	1.1452e+012	5.2500e-015
-2.920e+000	2.9001e-007	-1.1814e+012	-1.1633e+012	1.1632e+012	5.2500e-015
-2.910e+000	2.9030e-007	-1.1995e+012	-1.1814e+012	1.1813e+012	5.2500e-015
-2.900e+000	2.9058e-007	-1.2176e+012	-1.1995e+012	1.1995e+012	5.2500e-015
-2.890e+000	2.9084e-007	-1.2358e+012	-1.2176e+012	1.2176e+012	5.2500e-015
-2.880e+000	2.9110e-007	-1.2540e+012	-1.2358e+012	1.2358e+012	5.2500e-015
-2.870e+000	2.9136e-007	-1.2722e+012	-1.2540e+012	1.2539e+012	5.2500e-015
-2.860e+000	2.9160e-007	-1.2904e+012	-1.2722e+012	1.2721e+012	5.2500e-015
-2.850e+000	2.9184e-007	-1.3086e+012	-1.2904e+012	1.2903e+012	5.2500e-015
-2.840e+000	2.9207e-007	-1.3268e+012	-1.3086e+012	1.3085e+012	5.2500e-015
-2.830e+000	2.9230e-007	-1.3450e+012	-1.3268e+012	1.3268e+012	5.2500e-015
-2.820e+000	2.9252e-007	-1.3633e+012	-1.3450e+012	1.3450e+012	5.2500e-015
-2.810e+000	2.9273e-007	-1.3816e+012	-1.3633e+012	1.3633e+012	5.2500e-015
-2.800e+000	2.9294e-007	-1.3999e+012	-1.3816e+012	1.3815e+012	5.2500e-015
-2.790e+000	2.9314e-007	-1.4181e+012	-1.3999e+012	1.3998e+012	5.2500e-015
-2.780e+000	2.9334e-007	-1.4365e+012	-1.4181e+012	1.4181e+012	5.2500e-015
-2.770e+000	2.9353e-007	-1.4548e+012	-1.4365e+012	1.4364e+012	5.2500e-015
-2.760e+000	2.9372e-007	-1.4731e+012	-1.4548e+012	1.4547e+012	5.2500e-015
-2.750e+000	2.9390e-007	-1.4915e+012	-1.4731e+012	1.4731e+012	5.2500e-015
-2.740e+000	2.9408e-007	-1.5098e+012	-1.4915e+012	1.4914e+012	5.2500e-015
-2.730e+000	2.9425e-007	-1.5282e+012	-1.5098e+012	1.5098e+012	5.2500e-015
-2.720e+000	2.9442e-007	-1.5466e+012	-1.5282e+012	1.5281e+012	5.2500e-015
-2.710e+000	2.9459e-007	-1.5649e+012	-1.5466e+012	1.5465e+012	5.2500e-015
-2.700e+000	2.9475e-007	-1.5833e+012	-1.5649e+012	1.5649e+012	5.2500e-015
-2.690e+000	2.9491e-007	-1.6017e+012	-1.5833e+012	1.5833e+012	5.2500e-015
-2.680e+000	2.9506e-007	-1.6202e+012	-1.6017e+012	1.6017e+012	5.2500e-015
-2.670e+000	2.9521e-007	-1.6386e+012	-1.6202e+012	1.6201e+012	5.2500e-015
-2.660e+000	2.9536e-007	-1.6570e+012	-1.6386e+012	1.6385e+012	5.2500e-015
-2.650e+000	2.9550e-007	-1.6755e+012	-1.6570e+012	1.6570e+012	5.2500e-015
-2.640e+000	2.9564e-007	-1.6939e+012	-1.6755e+012	1.6754e+012	5.2500e-015
-2.630e+000	2.9578e-007	-1.7124e+012	-1.6939e+012	1.6939e+012	5.2500e-015
-2.620e+000	2.9591e-007	-1.7308e+012	-1.7124e+012	1.7123e+012	5.2500e-015
-2.610e+000	2.9604e-007	-1.7493e+012	-1.7308e+012	1.7308e+012	5.2500e-015
-2.600e+000	2.9617e-007	-1.7678e+012	-1.7493e+012	1.7493e+012	5.2500e-015
-2.590e+000	2.9630e-007	-1.7863e+012	-1.7678e+012	1.7678e+012	5.2500e-015
-2.580e+000	2.9642e-007	-1.8048e+012	-1.7863e+012	1.7863e+012	5.2500e-015
-2.570e+000	2.9654e-007	-1.8233e+012	-1.8048e+012	1.8048e+012	5.2500e-015
-2.560e+000	2.9666e-007	-1.8418e+012	-1.8233e+012	1.8233e+012	5.2500e-015
-2.550e+000	2.9678e-007	-1.8604e+012	-1.8418e+012	1.8418e+012	5.2500e-015
-2.540e+000	2.9689e-007	-1.8789e+012	-1.8604e+012	1.8603e+012	5.2500e-015
-2.530e+000	2.9700e-007	-1.8974e+012	-1.8789e+012	1.8788e+012	5.2500e-015
-2.520e+000	2.9711e-007	-1.9160e+012	-1.8974e+012	1.8974e+012	5.2500e-015
-2.510e+000	2.9722e-007	-1.9345e+012	-1.9160e+012	1.9159e+012	5.2500e-015
-2.500e+000	2.9733e-007	-1.9531e+012	-1.9345e+012	1.9345e+012	5.2500e-015
-2.490e+000	2.9743e-007	-1.9716e+012	-1.9531e+012	1.9530e+012	5.2500e-015
-2.480e+000	2.9753e-007	-1.9902e+012	-1.9716e+012	1.9716e+012	5.2500e-015
-2.470e+000	2.9763e-007	-2.0088e+012	-1.9902e+012	1.9902e+012	5.2500e-015
-2.460e+000	2.9773e-007	-2.0274e+012	-2.0088e+012	2.0087e+012	5.2500e-015
-2.450e+000	2.9783e-007	-2.0460e+012	-2.0274e+012	2.0273e+012	5.2500e-015
-2.440e+000	2.9792e-007	-2.0645e+012	-2.0460e+012	2.0459e+012	5.2500e-015
-2.430e+000	2.9801e-007	-2.0831e+012	-2.0645e+012	2.0645e+012	5.2500e-015
-2.420e+000	2.9810e-007	-2.1018e+012	-2.0831e+012	2.0831e+012	5.2500e-015
-2.410e+000	2.9819e-007	-2.1204e+012	-2.1018e+012	2.1017e+012	5.2500e-015
-2.400e+000	2.9828e-007	-2.1390e+012	-2.1204e+012	2.1203e+012	5.2500e-015
-2.390e+000	2.9837e-007	-2.1576e+012	-2.1390e+012	2.1389e+012	5.2500e-015
-2.380e+000	2.9845e-007	-2.1762e+012	-2.1576e+012	2.1576e+012	5.2500e-015
-2.370e+000	2.9854e-007	-2.1949e+012	-2.1762e+012	2.1762e+012	5.2500e-015
-2.360e+000	2.9862e-007	-2.2135e+012	-2.1949e+012	2.1948e+012	5.2500e-015
-2.350e+000	2.9870e-007	-2.2321e+012	-2.2135e+012	2.2135e+012	5.2500e-015
-2.340e+000	2.9878e-007	-2.2508e+012	-2.2321e+012	2.2321e+012	5.2500e-015
-2.330e+000	2.9886e-007	-2.2695e+012	-2.2508e+012	2.2508e+012	5.2500e-015
-2.320e+000	2.9893e-007	-2.2881e+012	-2.2695e+012	2.2694e+012	5.2500e-015
-2.310e+000	2.9901e-007	-2.3068e+012	-2.2881e+012	2.2881e+012	5.2500e-015
-2.300e+000	2.9908e-007	-2.3254e+012	-2.3068e+012	2.3067e+012	5.2500e-015
-2.290e+000	2.9916e-007	-2.3441e+012	-2.3254e+012	2.3254e+012	5.2500e-015
-2.280e+000	2.9923e-007	-2.3628e+012	-2.3441e+012	2.3441e+012	5.2500e-015
-2.270e+000	2.9930e-007	-2.3815e+012	-2.3628e+012	2.3627e+012	5.2500e-015
-2.260e+000	2.9937e-007	-2.4002e+012	-2.3815e+012	2.3814e+012	5.2500e-015
-2.250e+000	2.9944e-007	-2.4188e+012	-2.4002e+012	2.4001e+012	5.2500e-015
-2.240e+000	2.9951e-007	-2.4375e+012	-2.4188e+012	2.4188e+012	5.2500e-015
-2.230e+000	2.9958e-007	-2.4562e+012	-2.4375e+012	2.4375e+012	5.2500e-015
-2.220e+000	2.9964e-007	-2.4749e+012	-2.4562e+012	2.4562e+012	5.2500e-015
-2.210e+000	2.9971e-007	-2.4936e+012	-2.4749e+012	2.4749e+012	5.2500e-015
-2.200e+000	2.9977e-007	-2.5124e+012	-2.4936e+012	2.4936e+012	5.2500e-015
-2.190e+000	2.9983e-007	-2.5311e+012	-2.5124e+012	2.5123e+012	5.2500e-015
-2.180e+000	2.9990e-007	-2.5498e+012	-2.5311e+012	2.5310e+012	5.2500e-015
-2.170e+000	2.9996e-007	-2.5685e+012	-2.5498e+012	2.5497e+012	5.2500e-015
-2.160e+000	3.0002e-007	-2.5872e+012	-2.5685e+012	2.5685e+012	5.2500e-015
-2.150e+000	3.0008e-007	-2.6060e+012	-2.5872e+012	2.5872e+012	5.2500e-015
-2.140e+000	3.0014e-007	-2.6247e+012	-2.6060e+012	2.6059e+012	5.2500e-015
-2.130e+000	3.0020e-007	-2.6434e+012	-2.6247e+012	2.6247e+012	5.2500e-015
-2.120e+000	3.0026e-007	-2.6622e+012	-2.6434e+012	2.6434e+012	5.2500e-015
-2.110e+000	3.0031e-007	-2.6809e+012	-2.6622e+012	2.6621e+012	5.2500e-015
-2.100e+000	3.0037e-007	-2.6997e+012	-2.6809e+012	2.6809e+012	5.2500e-015
-2.090e+000	3.0042e-007	-2.7184e+012	-2.6997e+012	2.6996e+012	5.2500e-015
-2.080e+000	3.0048e-007	-2.7372e+012	-2.7184e+012	2.7184e+012	5.2500e-015
-2.070e+000	3.0053e-007	-2.7559e+012	-2.7372e+012	2.7371e+012	5.2500e-015
-2.060e+000	3.0059e-007	-2.7747e+012	-2.7559e+012	2.7559e+012	5.2500e-015
-2.050e+000	3.0064e-007	-2.7935e+012	-2.7747e+012	2.7746e+012	5.2500e-015
-2.040e+000	3.0069e-007	-2.8122e+012	-2.7935e+012	2.7934e+012	5.2500e-015
-2.030e+000	3.0074e-007	-2.8310e+012	-2.8122e+012	2.8122e+012	5.2500e-015
-2.020e+000	3.0079e-007	-2.8498e+012	-2.8310e+012	2.8310e+012	5.2500e-015
-2.010e+000	3.0084e-007	-2.8685e+012	-2.8498e+012	2.8497e+012	5.2500e-015
-2.000e+000	3.0089e-007	-2.8873e+012	-2.8685e+012	2.8685e+012	5.2500e-015
-1.990e+000	3.0094e-007	-2.9061e+012	-2.8873e+012	2.8873e+012	5.2500e-015
-1.980e+000	3.0099e-007	-2.9249e+012	-2.9061e+012	2.9061e+012	5.2500e-015
-1.970e+000	3.0104e-007	-2.9437e+012	-2.9249e+012	2.9249e+012	5.2500e-015
-1.960e+000	3.0109e-007	-2.9625e+012	-2.9437e+012	2.9436e+012	5.2500e-015
-1.950e+000	3.0113e-007	-2.9813e+012	-2.9625e+012	2.9624e+012	5.2500e-015
-1.940e+000	3.0118e-007	-3.0001e+012	-2.9813e+012	2.9812e+012	5.2500e-015
-1.930e+000	3.0123e-007	-3.0189e+012	-3.0001e+012	3.0000e+012	5.2500e-015
-1.920e+000	3.0127e-007	-3.0377e+012	-3.0189e+012	3.0188e+012	5.2500e-015
-1.910e+000	3.0132e-007	-3.0565e+012	-3.0377e+012	3.0376e+012	5.2500e-015
-1.900e+000	3.0136e-007	-3.0753e+012	-3.0565e+012	3.0564e+012	5.2500e-015
-1.890e+000	3.0140e-007	-3.0941e+012	-3.0753e+012	3.0752e+012	5.2500e-015
-1.880e+000	3.0145e-007	-3.1129e+012	-3.0941e+012	3.0941e+012	5.2500e-015
-1.870e+000	3.0149e-007	-3.1317e+012	-3.1129e+012	3.1129e+012	5.2500e-015
-1.860e+000	3.0153e-007	-3.1506e+012	-3.1317e+012	3.1317e+012	5.2500e-015
-1.850e+000	3.0157e-007	-3.1694e+012	-3.1506e+012	3.1505e+012	5.2500e-015
-1.840e+000	3.0162e-007	-3.1882e+012	-3.1694e+012	3.1693e+012	5.2500e-015
-1.830e+000	3.0166e-007	-3.2070e+012	-3.1882e+012	3.1882e+012	5.2500e-015
-1.820e+000	3.0170e-007	-3.2259e+012	-3.2070e+012	3.2070e+012	5.2500e-015
-1.810e+000	3.0174e-007	-3.2447e+012	-3.2259e+012	3.2258e+012	5.2500e-015
-1.800e+000	3.0178e-007	-3.2635e+012	-3.2447e+012	3.2447e+012	5.2500e-015
-1.790e+000	3.0182e-007	-3.2824e+012	-3.2635e+012	3.2635e+012	5.2500e-015
-1.780e+000	3.0186e-007	-3.3012e+012	-3.2824e+012	3.2823e+012	5.2500e-015
-1.770e+000	3.0190e-007	-3.3200e+012	-3.3012e+012	3.3012e+012	5.2500e-015
-1.760e+000	3.0193e-007	-3.3389e+012	-3.3200e+012	3.3200e+012	5.2500e-015
-1.750e+000	3.0197e-007	-3.3577e+012	-3.3389e+012	3.3389e+012	5.2500e-015
-1.740e+000	3.0201e-007	-3.3766e+012	-3.3577e+012	3.3577e+012	5.2500e-015
-1.730e+000	3.0205e-007	-3.3954e+012	-3.3766e+012	3.3766e+012	5.2500e-015
-1.720e+000	3.0208e-007	-3.4143e+012	-3.3954e+012	3.3954e+012	5.2500e-015
-1.710e+000	3.0212e-007	-3.4332e+012	-3.4143e+012	3.4143e+012	5.2500e-015
-1.700e+000	3.0216e-007	-3.4520e+012	-3.4332e+012	3.4331e+012	5.2500e-015
-1.690e+000	3.0219e-007	-3.4709e+012	-3.4520e+012	3.4520e+012	5.2500e-015
-1.680e+000	3.0223e-007	-3.4897e+012	-3.4709e+012	3.4708e+012	5.2500e-015
-1.670e+000	3.0226e-007	-3.5086e+012	-3.4897e+012	3.4897e+012	5.2500e-015
-1.660e+000	3.0230e-007	-3.5275e+012	-3.5086e+012	3.5086e+012	5.2500e-015
-1.650e+000	3.0233e-007	-3.5463e+012	-3.5275e+012	3.5274e+012	5.2500e-015
-1.640e+000	3.0237e-007	-3.5652e+012	-3.5463e+012	3.5463e+012	5.2500e-015
-1.630e+000	3.0240e-007	-3.5841e+012	-3.5652e+012	3.5652e+012	5.2500e-015
-1.620e+000	3.0244e-007	-3.6030e+012	-3.5841e+012	3.5840e+012	5.2500e-015
-1.610e+000	3.0247e-007	-3.6218e+012	-3.6030e+012	3.6029e+012	5.2500e-015
-1.600e+000	3.0250e-007	-3.6407e+012	-3.6218e+012	3.6218e+012	5.2500e-015
-1.590e+000	3.0254e-007	-3.6596e+012	-3.6407e+012	3.6407e+012	5.2500e-015
-1.580e+000	3.0257e-007	-3.6785e+012	-3.6596e+012	3.6596e+012	5.2500e-015
-1.570e+000	3.0260e-007	-3.6974e+012	-3.6785e+012	3.6785e+012	5.2500e-015
-1.560e+000	3.0263e-007	-3.7163e+012	-3.6974e+012	3.6973e+012	5.2500e-015
-1.550e+000	3.0266e-007	-3.7352e+012	-3.7163e+012	3.7162e+012	5.2500e-015
-1.540e+000	3.0270e-007	-3.7541e+012	-3.7352e+012	3.7351e+012	5.2500e-015
-1.530e+000	3.0273e-007	-3.7729e+012	-3.7541e+012	3.7540e+012	5.2500e-015
-1.520e+000	3.0276e-007	-3.7918e+012	-3.7729e+012	3.7729e+012	5.2500e-015
-1.510e+000	3.0279e-007	-3.8107e+012	-3.7918e+012	3.7918e+012	5.2500e-015
-1.500e+000	3.0282e-007	-3.8296e+012	-3.8107e+012	3.8107e+012	5.2500e-015
-1.490e+000	3.0285e-007	-3.8485e+012	-3.8296e+012	3.8296e+012	5.2500e-015
-1.480e+000	3.0288e-007	-3.8674e+012	-3.8485e+012	3.8485e+012	5.2500e-015
-1.470e+000	3.0291e-007	-3.8864e+012	-3.8674e+012	3.8674e+012	5.2500e-015
-1.460e+000	3.0294e-007	-3.9053e+012	-3.8864e+012	3.8863e+012	5.2500e-015
-1.450e+000	3.0297e-007	-3.9242e+012	-3.9053e+012	3.9052e+012	5.2500e-015
-1.440e+000	3.0300e-007	-3.9431e+012	-3.9242e+012	3.9241e+012	5.2500e-015
-1.430e+000	3.0303e-007	-3.9620e+012	-3.9431e+012	3.9430e+012	5.2500e-015
-1.420e+000	3.0305e-007	-3.9809e+012	-3.9620e+012	3.9620e+012	5.2500e-015
-1.410e+000	3.0308e-007	-3.9998e+012	-3.9809e+012	3.9809e+012	5.2500e-015
-1.400e+000	3.0311e-007	-4.0187e+012	-3.9998e+012	3.9998e+012	5.2500e-015
-1.390e+000	3.0314e-007	-4.0377e+012	-4.0187e+012	4.0187e+012	5.2500e-015
-1.380e+000	3.0317e-007	-4.0566e+012	-4.0377e+012	4.0376e+012	5.2500e-015
-1.370e+000	3.0319e-007	-4.0755e+012	-4.0566e+012	4.0566e+012	5.2500e-015
-1.360e+000	3.0322e-007	-4.0944e+012	-4.0755e+012	4.0755e+012	5.2500e-015
-1.350e+000	3.0325e-007	-4.1134e+012	-4.0944e+012	4.0944e+012	5.2500e-015
-1.340e+000	3.0328e-007	-4.1323e+012	-4.1134e+012	4.1133e+012	5.2500e-015
-1.330e+000	3.0330e-007	-4.1512e+012	-4.1323e+012	4.1323e+012	5.2500e-015
-1.320e+000	3.0333e-007	-4.1702e+012	-4.1512e+012	4.1512e+012	5.2500e-015
-1.310e+000	3.0336e-007	-4.1891e+012	-4.1702e+012	4.1701e+012	5.2500e-015
-1.300e+000	3.0338e-007	-4.2080e+012	-4.1891e+012	4.1891e+012	5.2500e-015
-1.290e+000	3.0341e-007	-4.2270e+012	-4.2080e+012	4.2080e+012	5.2500e-015
-1.280e+000	3.0343e-007	-4.2459e+012	-4.2270e+012	4.2269e+012	5.2500e-015
-1.270e+000	3.0346e-007	-4.2648e+012	-4.2459e+012	4.2459e+012	5.2500e-015
-1.260e+000	3.0349e-007	-4.2838e+012	-4.2648e+012	4.2648e+012	5.2500e-015
-1.250e+000	3.0351e-007	-4.3027e+012	-4.2838e+012	4.2837e+012	5.2500e-015
-1.240e+000	3.0354e-007	-4.3217e+012	-4.3027e+012	4.3027e+012	5.2500e-015
-1.230e+000	3.0356e-007	-4.3406e+012	-4.3217e+012	4.3216e+012	5.2500e-015
-1.220e+000	3.0359e-007	-4.3596e+012	-4.3406e+012	4.3406e+012	5.2500e-015
-1.210e+000	3.0361e-007	-4.3785e+012	-4.3596e+012	4.3595e+012	5.2500e-015
-1.200e+000	3.0364e-007	-4.3975e+012	-4.3785e+012	4.3785e+012	5.2500e-015
-1.190e+000	3.0366e-007	-4.4164e+012	-4.3975e+012	4.3974e+012	5.2500e-015
-1.180e+000	3.0368e-007	-4.4354e+012	-4.4164e+012	4.4164e+012	5.2500e-015
-1.170e+000	3.0371e-007	-4.4543e+012	-4.4354e+012	4.4353e+012	5.2500e-015
-1.160e+000	3.0373e-007	-4.4733e+012	-4.4543e+012	4.4543e+012	5.2500e-015
-1.150e+000	3.0376e-007	-4.4923e+012	-4.4733e+012	4.4733e+012	5.2500e-015
-1.140e+000	3.0378e-007	-4.5112e+012	-4.4923e+012	4.4922e+012	5.2500e-015
-1.130e+000	3.0380e-007	-4.5302e+012	-4.5112e+012	4.5112e+012	5.2500e-015
-1.120e+000	3.0383e-007	-4.5491e+012	-4.5302e+012	4.5301e+012	5.2500e-015
-1.110e+000	3.0385e-007	-4.5681e+012	-4.5491e+012	4.5491e+012	5.2500e-015
-1.100e+000	3.0387e-007	-4.5871e+012	-4.5681e+012	4.5681e+012	5.2500e-015
-1.090e+000	3.0389e-007	-4.6060e+012	-4.5871e+012	4.5870e+012	5.2500e-015
-1.080e+000	3.0392e-007	-4.6250e+012	-4.6060e+012	4.6060e+012	5.2500e-015
-1.070e+000	3.0394e-007	-4.6440e+012	-4.6250e+012	4.6250e+012	5.2500e-015
-1.060e+000	3.0396e-007	-4.6629e+012	-4.6440e+012	4.6439e+012	5.2500e-015
-1.050e+000	3.0398e-007	-4.6819e+012	-4.6629e+012	4.6629e+012	5.2500e-015
-1.040e+000	3.0401e-007	-4.7009e+012	-4.6819e+012	4.6819e+012	5.2500e-015
-1.030e+000	3.0403e-007	-4.7199e+012	-4.7009e+012	4.7009e+012	5.2500e-015
-1.020e+000	3.0405e-007	-4.7388e+012	-4.7199e+012	4.7198e+012	5.2500e-015
-1.010e+000	3.0407e-007	-4.7578e+012	-4.7388e+012	4.7388e+012	5.2500e-015
-1.000e+000	3.0409e-007	-4.7768e+012	-4.7578e+012	4.7578e+012	5.2500e-015
-9.900e-001	3.0411e-007	-4.7958e+012	-4.7768e+012	4.7768e+012	5.2500e-015
-9.800e-001	3.0414e-007	-4.8148e+012	-4.7958e+012	4.7957e+012	5.2500e-015
-9.700e-001	3.0416e-007	-4.8338e+012	-4.8148e+012	4.8147e+012	5.2500e-015
-9.600e-001	3.0418e-007	-4.8527e+012	-4.8338e+012	4.8337e+012	5.2500e-015
-9.500e-001	3.0420e-007	-4.8717e+012	-4.8527e+012	4.8527e+012	5.2500e-015
-9.400e-001	3.0422e-007	-4.8907e+012	-4.8717e+012	4.8717e+012	5.2500e-015
-9.300e-001	3.0424e-007	-4.9097e+012	-4.8907e+012	4.8907e+012	5.2500e-015
-9.200e-001	3.0426e-007	-4.9287e+012	-4.9097e+012	4.9097e+012	5.2500e-015
-9.100e-001	3.0428e-007	-4.9477e+012	-4.9287e+012	4.9287e+012	5.2500e-015
-9.000e-001	3.0430e-007	-4.9667e+012	-4.9477e+012	4.9476e+012	5.2500e-015
-8.900e-001	3.0432e-007	-4.9857e+012	-4.9667e+012	4.9666e+012	5.2500e-015
-8.800e-001	3.0434e-007	-5.0047e+012	-4.9857e+012	4.9856e+012	5.2500e-015
-8.700e-001	3.0436e-007	-5.0237e+012	-5.0047e+012	5.0046e+012	5.2500e-015
-8.600e-001	3.0438e-007	-5.0427e+012	-5.0237e+012	5.0236e+012	5.2500e-015
-8.500e-001	3.0440e-007	-5.0617e+012	-5.0427e+012	5.0426e+012	5.2500e-015
-8.400e-001	3.0442e-007	-5.0807e+012	-5.0617e+012	5.0616e+012	5.2500e-015
-8.300e-001	3.0444e-007	-5.0997e+012	-5.0807e+012	5.0806e+012	5.2500e-015
-8.200e-001	3.0446e-007	-5.1187e+012	-5.0997e+012	5.0996e+012	5.2500e-015
-8.100e-001	3.0448e-007	-5.1377e+012	-5.1187e+012	5.1186e+012	5.2500e-015
-8.000e-001	3.0450e-007	-5.1567e+012	-5.1377e+012	5.1376e+012	5.2500e-015
-7.900e-001	3.0452e-007	-5.1757e+012	-5.1567e+012	5.1566e+012	5.2500e-015
-7.800e-001	3.0455e-007	-5.1947e+012	-5.1757e+012	5.1756e+012	5.2500e-015
-7.700e-001	3.0457e-007	-5.2137e+012	-5.1947e+012	5.1947e+012	5.2500e-015
-7.600e-001	3.0459e-007	-5.2327e+012	-5.2137e+012	5.2137e+012	5.2500e-015
-7.500e-001	3.0461e-007	-5.2517e+012	-5.2327e+012	5.2327e+012	5.2500e-015
-7.400e-001	3.0463e-007	-5.2707e+012	-5.2517e+012	5.2517e+012	5.2500e-015
-7.300e-001	3.0466e-007	-5.2898e+012	-5.2707e+012	5.2707e+012	5.2500e-015
-7.200e-001	3.0469e-007	-5.3088e+012	-5.2898e+012	5.2897e+012	5.2500e-015
-7.100e-001	3.0472e-007	-5.3278e+012	-5.3088e+012	5.3087e+012	5.2500e-015
-7.000e-001	3.0475e-007	-5.3468e+012	-5.3278e+012	5.3278e+012	5.2500e-015
-6.900e-001	3.0479e-007	-5.3658e+012	-5.3468e+012	5.3468e+012	5.2500e-015
-6.800e-001	3.0483e-007	-5.3849e+012	-5.3658e+012	5.3658e+012	5.2500e-015
-6.700e-001	3.0488e-007	-5.4039e+012	-5.3849e+012	5.3848e+012	5.2500e-015
-6.600e-001	3.0494e-007	-5.4229e+012	-5.4039e+012	5.4039e+012	5.2500e-015
-6.500e-001	3.0502e-007	-5.4420e+012	-5.4229e+012	5.4229e+012	5.2500e-015
-6.400e-001	3.0511e-007	-5.4610e+012	-5.4420e+012	5.4419e+012	5.2500e-015
-6.300e-001	3.0523e-007	-5.4801e+012	-5.4610e+012	5.4610e+012	5.2500e-015
-6.200e-001	3.0537e-007	-5.4991e+012	-5.4801e+012	5.4800e+012	5.2500e-015
-6.100e-001	3.0556e-007	-5.5182e+012	-5.4991e+012	5.4991e+012	5.2500e-015
-6.000e-001	3.0580e-007	-5.5373e+012	-5.5182e+012	5.5181e+012	5.2500e-015
-5.900e-001	3.0611e-007	-5.5564e+012	-5.5373e+012	5.5372e+012	5.2500e-015
-5.800e-001	3.0650e-007	-5.5755e+012	-5.5564e+012	5.5563e+012	5.2500e-015
-5.700e-001	3.0702e-007	-5.5947e+012	-5.5755e+012	5.5755e+012	5.2500e-015
-5.600e-001	3.0769e-007	-5.6139e+012	-5.5947e+012	5.5946e+012	5.2500e-015
-5.500e-001	3.0855e-007	-5.6331e+012	-5.6139e+012	5.6138e+012	5.2500e-015
-5.400e-001	3.0968e-007	-5.6525e+012	-5.6331e+012	5.6331e+012	5.2500e-015
-5.300e-001	3.1114e-007	-5.6719e+012	-5.6525e+012	5.6524e+012	5.2500e-015
-5.200e-001	3.1304e-007	-5.6914e+012	-5.6719e+012	5.6718e+012	5.2500e-015
-5.100e-001	3.1550e-007	-5.7111e+012	-5.6914e+012	5.6914e+012	5.2500e-015
-5.000e-001	3.1822e-007	-5.7310e+012	-5.7111e+012	5.7111e+012	5.2500e-015
-4.900e-001	3.2242e-007	-5.7511e+012	-5.7310e+012	5.7309e+012	5.2500e-015
-4.800e-001	3.2742e-007	-5.7715e+012	-5.7511e+012	5.7511e+012	5.2500e-015
-4.700e-001	3.3367e-007	-5.7924e+012	-5.7715e+012	5.7715e+012	5.2500e-015
-4.600e-001	3.4142e-007	-5.8137e+012	-5.7924e+012	5.7923e+012	5.2500e-015
-4.500e-001	3.5089e-007	-5.8356e+012	-5.8137e+012	5.8136e+012	5.2500e-015
-4.400e-001	3.6225e-007	-5.8582e+012	-5.8356e+012	5.8355e+012	5.2500e-015
-4.300e-001	3.7563e-007	-5.8816e+012	-5.8582e+012	5.8581e+012	5.2500e-015
-4.200e-001	3.9102e-007	-5.9060e+012	-5.8816e+012	5.8816e+012	5.2500e-015
-4.100e-001	4.0831e-007	-5.9315e+012	-5.9060e+012	5.9060e+012	5.2500e-015
-4.000e-001	4.2724e-007	-5.9582e+012	-5.9315e+012	5.9315e+012	5.2500e-015
-3.900e-001	4.4741e-007	-5.9861e+012	-5.9582e+012	5.9581e+012	5.2500e-015
-3.800e-001	4.6839e-007	-6.0153e+012	-5.9861e+012	5.9861e+012	5.2500e-015
-3.700e-001	4.8966e-007	-6.0459e+012	-6.0153e+012	6.0153e+012	5.2500e-015
-3.600e-001	5.1079e-007	-6.0778e+012	-6.0459e+012	6.0459e+012	5.2500e-015
-3.500e-001	5.3136e-007	-6.1110e+012	-6.0778e+012	6.0777e+012	5.2500e-015
-3.400e-001	5.5107e-007	-6.1453e+012	-6.1110e+012	6.1109e+012	5.2500e-015
-3.300e-001	5.6971e-007	-6.1809e+012	-6.1453e+012	6.1453e+012	5.2500e-015
-3.200e-001	5.8717e-007	-6.2176e+012	-6.1809e+012	6.1809e+012	5.2500e-015
-3.100e-001	6.0339e-007	-6.2552e+012	-6.2176e+012	6.2175e+012	5.2500e-015
-3.000e-001	6.1838e-007	-6.2938e+012	-6.2552e+012	6.2552e+012	5.2500e-015
-2.900e-001	6.3219e-007	-6.3333e+012	-6.2938e+012	6.2938e+012	5.2500e-015
-2.800e-001	6.4487e-007	-6.3735e+012	-6.3333e+012	6.3332e+012	5.2500e-015
-2.700e-001	6.5653e-007	-6.4145e+012	-6.3735e+012	6.3735e+012	5.2500e-015
-2.600e-001	6.6723e-007	-6.4561e+012	-6.4145e+012	6.4145e+012	5.2500e-015
-2.500e-001	6.7707e-007	-6.4984e+012	-6.4561e+012	6.4561e+012	5.2500e-015
-2.400e-001	6.8613e-007	-6.5412e+012	-6.4984e+012	6.4984e+012	5.2500e-015
-2.300e-001	6.9449e-007	-6.5846e+012	-6.5412e+012	6.5412e+012	5.2500e-015
-2.200e-001	7.0223e-007	-6.6284e+012	-6.5846e+012	6.5845e+012	5.2500e-015
-2.100e-001	7.0927e-007	-6.6727e+012	-6.6284e+012	6.6284e+012	5.2500e-015
-2.000e-001	7.1604e-007	-6.7174e+012	-6.6727e+012	6.6726e+012	5.2500e-015
-1.900e-001	7.2225e-007	-6.7624e+012	-6.7174e+012	6.7173e+012	5.2500e-015
-1.800e-001	7.2806e-007	-6.8079e+012	-6.7624e+012	6.7624e+012	5.2500e-015
-1.700e-001	7.3351e-007	-6.8537e+012	-6.8079e+012	6.8078e+012	5.2500e-015
-1.600e-001	7.3863e-007	-6.8998e+012	-6.8537e+012	6.8536e+012	5.2500e-015
-1.500e-001	7.4347e-007	-6.9462e+012	-6.8998e+012	6.8997e+012	5.2500e-015
-1.400e-001	7.4804e-007	-6.9929e+012	-6.9462e+012	6.9461e+012	5.2500e-015
-1.300e-001	7.5237e-007	-7.0398e+012	-6.9929e+012	6.9928e+012	5.2500e-015
-1.200e-001	7.5649e-007	-7.0870e+012	-7.0398e+012	7.0398e+012	5.2500e-015
-1.100e-001	7.6042e-007	-7.1345e+012	-7.0870e+012	7.0870e+012	5.2500e-015
-1.000e-001	7.6417e-007	-7.1822e+012	-7.1345e+012	7.1345e+012	5.2500e-015
-9.000e-002	7.6777e-007	-7.2301e+012	-7.1822e+012	7.1821e+012	5.2500e-015
-8.000e-002	7.7122e-007	-7.2782e+012	-7.2301e+012	7.2301e+012	5.2500e-015
-7.000e-002	7.7454e-007	-7.3266e+012	-7.2782e+012	7.2782e+012	5.2500e-015
-6.000e-002	7.7774e-007	-7.3751e+012	-7.3266e+012	7.3265e+012	5.2500e-015
-5.000e-002	7.8083e-007	-7.4239e+012	-7.3751e+012	7.3751e+012	5.2500e-015
-4.000e-002	7.8382e-007	-7.4728e+012	-7.4239e+012	7.4238e+012	5.2500e-015
-3.000e-002	7.8672e-007	-7.5219e+012	-7.4728e+012	7.4727e+012	5.2500e-015
-2.000e-002	7.8954e-007	-7.5712e+012	-7.5219e+012	7.5219e+012	5.2500e-015
-1.000e-002	7.9228e-007	-7.6206e+012	-7.5712e+012	7.5711e+012	5.2500e-015
0.000e+000	7.9494e-007	-7.6702e+012	-7.6206e+012	7.6206e+012	5.2500e-015
1.000e-002	7.9754e-007	-7.7200e+012	-7.6702e+012	7.6702e+012	5.2500e-015
2.000e-002	8.0008e-007	-7.7700e+012	-7.7200e+012	7.7200e+012	5.2500e-015
3.000e-002	8.0255e-007	-7.8200e+012	-7.7700e+012	7.7699e+012	5.2500e-015
4.000e-002	8.0498e-007	-7.8703e+012	-7.8200e+012	7.8200e+012	5.2500e-015
5.000e-002	8.0735e-007	-7.9207e+012	-7.8703e+012	7.8702e+012	5.2500e-015
6.000e-002	8.0967e-007	-7.9712e+012	-7.9207e+012	7.9206e+012	5.2500e-015
7.000e-002	8.1194e-007	-8.0219e+012	-7.9712e+012	7.9712e+012	5.2500e-015
8.000e-002	8.1417e-007	-8.0727e+012	-8.0219e+012	8.0218e+012	5.2500e-015
9.000e-002	8.1636e-007	-8.1237e+012	-8.0727e+012	8.0727e+012	5.2500e-015
1.000e-001	8.1851e-007	-8.1747e+012	-8.1237e+012	8.1236e+012	5.2500e-015
1.100e-001	8.2061e-007	-8.2260e+012	-8.1747e+012	8.1747e+012	5.2500e-015
1.200e-001	8.2268e-007	-8.2773e+012	-8.2260e+012	8.2259e+012	5.2500e-015
1.300e-001	8.2471e-007	-8.3288e+012	-8.2773e+012	8.2773e+012	5.2500e-015
1.400e-001	8.2670e-007	-8.3804e+012	-8.3288e+012	8.3287e+012	5.2500e-015
1.500e-001	8.2865e-007	-8.4321e+012	-8.3804e+012	8.3803e+012	5.2500e-015
1.600e-001	8.3057e-007	-8.4839e+012	-8.4321e+012	8.4321e+012	5.2500e-015
1.700e-001	8.3246e-007	-8.5359e+012	-8.4839e+012	8.4839e+012	5.2500e-015
1.800e-001	8.3430e-007	-8.5880e+012	-8.5359e+012	8.5359e+012	5.2500e-015
1.900e-001	8.3612e-007	-8.6402e+012	-8.5880e+012	8.5879e+012	5.2500e-015
2.000e-001	8.3789e-007	-8.6925e+012	-8.6402e+012	8.6401e+012	5.2500e-015
2.100e-001	8.3964e-007	-8.7449e+012	-8.6925e+012	8.6924e+012	5.2500e-015
2.200e-001	8.4135e-007	-8.7974e+012	-8.7449e+012	8.7448e+012	5.2500e-015
2.300e-001	8.4302e-007	-8.8500e+012	-8.7974e+012	8.7973e+012	5.2500e-015
2.400e-001	8.4466e-007	-8.9027e+012	-8.8500e+012	8.8500e+012	5.2500e-015
2.500e-001	8.4627e-007	-8.9555e+012	-8.9027e+012	8.9027e+012	5.2500e-015
2.600e-001	8.4785e-007	-9.0085e+012	-8.9555e+012	8.9555e+012	5.2500e-015
2.700e-001	8.4939e-007	-9.0615e+012	-9.0085e+012	9.0084e+012	5.2500e-015
2.800e-001	8.5090e-007	-9.1146e+012	-9.0615e+012	9.0614e+012	5.2500e-015
2.900e-001	8.5238e-007	-9.1678e+012	-9.1146e+012	9.1145e+012	5.2500e-015
3.000e-001	8.5382e-007	-9.2211e+012	-9.1678e+012	9.1677e+012	5.2500e-015
3.100e-001	8.5524e-007	-9.2744e+012	-9.2211e+012	9.2210e+012	5.2500e-015
3.200e-001	8.5662e-007	-9.3279e+012	-9.2744e+012	9.2744e+012	5.2500e-015
3.300e-001	8.5797e-007	-9.3815e+012	-9.3279e+012	9.3279e+012	5.2500e-015
3.400e-001	8.5930e-007	-9.4351e+012	-9.3815e+012	9.3814e+012	5.2500e-015
3.500e-001	8.6059e-007	-9.4888e+012	-9.4351e+012	9.4351e+012	5.2500e-015
3.600e-001	8.6186e-007	-9.5426e+012	-9.4888e+012	9.4888e+012	5.2500e-015
3.700e-001	8.6309e-007	-9.5965e+012	-9.5426e+012	9.5426e+012	5.2500e-015
3.800e-001	8.6189e-007	-9.6503e+012	-9.5965e+012	9.5964e+012	5.2500e-015
3.900e-001	8.6163e-007	-9.7040e+012	-9.6503e+012	9.6502e+012	5.2500e-015
4.000e-001	8.6270e-007	-9.7579e+012	-9.7040e+012	9.7040e+012	5.2500e-015
4.100e-001	8.6374e-007	-9.8118e+012	-9.7579e+012	9.7579e+012	5.2500e-015
4.200e-001	8.6476e-007	-9.8658e+012	-9.8118e+012	9.8118e+012	5.2500e-015
4.300e-001	8.6575e-007	-9.9198e+012	-9.8658e+012	9.8657e+012	5.2500e-015
4.400e-001	8.6673e-007	-9.9739e+012	-9.9198e+012	9.9198e+012	5.2500e-015
4.500e-001	8.6768e-007	-1.0028e+013	-9.9739e+012	9.9739e+012	5.2500e-015
4.600e-001	8.6860e-007	-1.0082e+013	-1.0028e+013	1.0028e+013	5.2500e-015
4.700e-001	8.6951e-007	-1.0137e+013	-1.0082e+013	1.0082e+013	5.2500e-015
4.800e-001	8.7040e-007	-1.0191e+013	-1.0137e+013	1.0137e+013	5.2500e-015
4.900e-001	8.7127e-007	-1.0245e+013	-1.0191e+013	1.0191e+013	5.2500e-015
5.000e-001	8.7212e-007	-1.0300e+013	-1.0245e+013	1.0245e+013	5.2500e-015
5.100e-001	8.7295e-007	-1.0354e+013	-1.0300e+013	1.0300e+013	5.2500e-015
5.200e-001	8.7376e-007	-1.0409e+013	-1.0354e+013	1.0354e+013	5.2500e-015
5.300e-001	8.7455e-007	-1.0463e+013	-1.0409e+013	1.0409e+013	5.2500e-015
5.400e-001	8.7533e-007	-1.0518e+013	-1.0463e+013	1.0463e+013	5.2500e-015
5.500e-001	8.7609e-007	-1.0573e+013	-1.0518e+013	1.0518e+013	5.2500e-015
5.600e-001	8.7683e-007	-1.0627e+013	-1.0573e+013	1.0573e+013	5.2500e-015
5.700e-001	8.7756e-007	-1.0682e+013	-1.0627e+013	1.0627e+013	5.2500e-015
5.800e-001	8.7827e-007	-1.0737e+013	-1.0682e+013	1.0682e+013	5.2500e-015
5.900e-001	8.7892e-007	-1.0792e+013	-1.0737e+013	1.0737e+013	5.2500e-015
6.000e-001	8.7965e-007	-1.0847e+013	-1.0792e+013	1.0792e+013	5.2500e-015
6.100e-001	8.8032e-007	-1.0902e+013	-1.0847e+013	1.0847e+013	5.2500e-015
6.200e-001	8.8097e-007	-1.0957e+013	-1.0902e+013	1.0902e+013	5.2500e-015
6.300e-001	8.8162e-007	-1.1012e+013	-1.0957e+013	1.0957e+013	5.2500e-015
6.400e-001	8.8224e-007	-1.1067e+013	-1.1012e+013	1.1012e+013	5.2500e-015
6.500e-001	8.8286e-007	-1.1122e+013	-1.1067e+013	1.1067e+013	5.2500e-015
6.600e-001	8.8346e-007	-1.1177e+013	-1.1122e+013	1.1122e+013	5.2500e-015
6.700e-001	8.8406e-007	-1.1232e+013	-1.1177e+013	1.1177e+013	5.2500e-015
6.800e-001	8.8464e-007	-1.1287e+013	-1.1232e+013	1.1232e+013	5.2500e-015
6.900e-001	8.8521e-007	-1.1343e+013	-1.1287e+013	1.1287e+013	5.2500e-015
7.000e-001	8.8578e-007	-1.1398e+013	-1.1343e+013	1.1343e+013	5.2500e-015
7.100e-001	8.8633e-007	-1.1453e+013	-1.1398e+013	1.1398e+013	5.2500e-015
7.200e-001	8.8687e-007	-1.1509e+013	-1.1453e+013	1.1453e+013	5.2500e-015
7.300e-001	8.8740e-007	-1.1564e+013	-1.1509e+013	1.1509e+013	5.2500e-015
7.400e-001	8.8793e-007	-1.1619e+013	-1.1564e+013	1.1564e+013	5.2500e-015
7.500e-001	8.8844e-007	-1.1675e+013	-1.1619e+013	1.1619e+013	5.2500e-015
7.600e-001	8.8895e-007	-1.1730e+013	-1.1675e+013	1.1675e+013	5.2500e-015
7.700e-001	8.8944e-007	-1.1786e+013	-1.1730e+013	1.1730e+013	5.2500e-015
7.800e-001	8.8993e-007	-1.1841e+013	-1.1786e+013	1.1786e+013	5.2500e-015
7.900e-001	8.9041e-007	-1.1897e+013	-1.1841e+013	1.1841e+013	5.2500e-015
8.000e-001	8.9089e-007	-1.1953e+013	-1.1897e+013	1.1897e+013	5.2500e-015
8.100e-001	8.9135e-007	-1.2008e+013	-1.1953e+013	1.1952e+013	5.2500e-015
8.200e-001	8.9181e-007	-1.2064e+013	-1.2008e+013	1.2008e+013	5.2500e-015
8.300e-001	8.9227e-007	-1.2120e+013	-1.2064e+013	1.2064e+013	5.2500e-015
8.400e-001	8.9271e-007	-1.2175e+013	-1.2120e+013	1.2119e+013	5.2500e-015
8.500e-001	8.9315e-007	-1.2231e+013	-1.2175e+013	1.2175e+013	5.2500e-015
8.600e-001	8.9358e-007	-1.2287e+013	-1.2231e+013	1.2231e+013	5.2500e-015
8.700e-001	8.9401e-007	-1.2343e+013	-1.2287e+013	1.2287e+013	5.2500e-015
8.800e-001	8.9443e-007	-1.2398e+013	-1.2343e+013	1.2343e+013	5.2500e-015
8.900e-001	8.9484e-007	-1.2454e+013	-1.2398e+013	1.2398e+013	5.2500e-015
9.000e-001	8.9525e-007	-1.2510e+013	-1.2454e+013	1.2454e+013	5.2500e-015
9.100e-001	8.9565e-007	-1.2566e+013	-1.2510e+013	1.2510e+013	5.2500e-015
9.200e-001	8.9605e-007	-1.2622e+013	-1.2566e+013	1.2566e+013	5.2500e-015
9.300e-001	8.9644e-007	-1.2678e+013	-1.2622e+013	1.2622e+013	5.2500e-015
9.400e-001	8.9683e-007	-1.2734e+013	-1.2678e+013	1.2678e+013	5.2500e-015
9.500e-001	8.9721e-007	-1.2790e+013	-1.2734e+013	1.2734e+013	5.2500e-015
9.600e-001	8.9759e-007	-1.2846e+013	-1.2790e+013	1.2790e+013	5.2500e-015
9.700e-001	8.9796e-007	-1.2902e+013	-1.2846e+013	1.2846e+013	5.2500e-015
9.800e-001	8.9833e-007	-1.2958e+013	-1.2902e+013	1.2902e+013	5.2500e-015
9.900e-001	8.9870e-007	-1.3014e+013	-1.2958e+013	1.2958e+013	5.2500e-015
1.000e+000	8.9906e-007	-1.3070e+013	-1.3014e+013	1.3014e+013	5.2500e-015
1.010e+000	8.9941e-007	-1.3126e+013	-1.3070e+013	1.3070e+013	5.2500e-015
1.020e+000	8.9976e-007	-1.3183e+013	-1.3126e+013	1.3126e+013	5.2500e-015
1.030e+000	9.0011e-007	-1.3239e+013	-1.3183e+013	1.3182e+013	5.2500e-015
1.040e+000	9.0046e-007	-1.3295e+013	-1.3239e+013	1.3239e+013	5.2500e-015
1.050e+000	9.0080e-007	-1.3351e+013	-1.3295e+013	1.3295e+013	5.2500e-015
1.060e+000	9.0113e-007	-1.3407e+013	-1.3351e+013	1.3351e+013	5.2500e-015
1.070e+000	9.0147e-007	-1.3464e+013	-1.3407e+013	1.3407e+013	5.2500e-015
1.080e+000	9.0180e-007	-1.3520e+013	-1.3464e+013	1.3464e+013	5.2500e-015
1.090e+000	9.0213e-007	-1.3576e+013	-1.3520e+013	1.3520e+013	5.2500e-015
1.100e+000	9.0245e-007	-1.3633e+013	-1.3576e+013	1.3576e+013	5.2500e-015
1.110e+000	9.0278e-007	-1.3689e+013	-1.3633e+013	1.3633e+013	5.2500e-015
1.120e+000	9.0310e-007	-1.3745e+013	-1.3689e+013	1.3689e+013	5.2500e-015
1.130e+000	9.0342e-007	-1.3802e+013	-1.3745e+013	1.3745e+013	5.2500e-015
1.140e+000	9.0374e-007	-1.3858e+013	-1.3802e+013	1.3802e+013	5.2500e-015
1.150e+000	9.0406e-007	-1.3914e+013	-1.3858e+013	1.3858e+013	5.2500e-015
1.160e+000	9.0439e-007	-1.3971e+013	-1.3914e+013	1.3914e+013	5.2500e-015
1.170e+000	9.0472e-007	-1.4027e+013	-1.3971e+013	1.3971e+013	5.2500e-015
1.180e+000	9.0506e-007	-1.4084e+013	-1.4027e+013	1.4027e+013	5.2500e-015
1.190e+000	9.0541e-007	-1.4140e+013	-1.4084e+013	1.4084e+013	5.2500e-015
1.200e+000	9.0577e-007	-1.4197e+013	-1.4140e+013	1.4140e+013	5.2500e-015
1.210e+000	9.0616e-007	-1.4253e+013	-1.4197e+013	1.4197e+013	5.2500e-015
1.220e+000	9.0659e-007	-1.4310e+013	-1.4253e+013	1.4253e+013	5.2500e-015
1.230e+000	9.0706e-007	-1.4367e+013	-1.4310e+013	1.4310e+013	5.2500e-015
1.240e+000	9.0760e-007	-1.4423e+013	-1.4367e+013	1.4367e+013	5.2500e-015
1.250e+000	9.0823e-007	-1.4480e+013	-1.4423e+013	1.4423e+013	5.2500e-015
1.260e+000	9.0899e-007	-1.4537e+013	-1.4480e+013	1.4480e+013	5.2500e-015
1.270e+000	9.0993e-007	-1.4594e+013	-1.4537e+013	1.4537e+013	5.2500e-015
1.280e+000	9.1112e-007	-1.4650e+013	-1.4594e+013	1.4594e+013	5.2500e-015
1.290e+000	9.1265e-007	-1.4707e+013	-1.4650e+013	1.4650e+013	5.2500e-015
1.300e+000	9.1467e-007	-1.4764e+013	-1.4707e+013	1.4707e+013	5.2500e-015
1.310e+000	9.1735e-007	-1.4822e+013	-1.4764e+013	1.4764e+013	5.2500e-015
1.320e+000	9.2095e-007	-1.4879e+013	-1.4822e+013	1.4822e+013	5.2500e-015
1.330e+000	9.2582e-007	-1.4937e+013	-1.4879e+013	1.4879e+013	5.2500e-015
1.340e+000	9.3247e-007	-1.4995e+013	-1.4937e+013	1.4937e+013	5.2500e-015
1.350e+000	9.4093e-007	-1.5054e+013	-1.4995e+013	1.4995e+013	5.2500e-015
1.360e+000	9.5340e-007	-1.5113e+013	-1.5054e+013	1.5054e+013	5.2500e-015
1.370e+000	9.6991e-007	-1.5174e+013	-1.5113e+013	1.5113e+013	5.2500e-015
1.380e+000	9.9169e-007	-1.5236e+013	-1.5174e+013	1.5174e+013	5.2500e-015
1.390e+000	1.0217e-006	-1.5300e+013	-1.5236e+013	1.5236e+013	5.2500e-015
1.400e+000	1.0610e-006	-1.5366e+013	-1.5300e+013	1.5300e+013	5.2500e-015
1.410e+000	1.1122e-006	-1.5435e+013	-1.5366e+013	1.5366e+013	5.2500e-015
1.420e+000	1.1770e-006	-1.5509e+013	-1.5435e+013	1.5435e+013	5.2500e-015
1.430e+000	1.2582e-006	-1.5587e+013	-1.5509e+013	1.5509e+013	5.2500e-015
1.440e+000	1.3556e-006	-1.5672e+013	-1.5587e+013	1.5587e+013	5.2500e-015
1.450e+000	1.4688e-006	-1.5764e+013	-1.5672e+013	1.5672e+013	5.2500e-015
1.460e+000	1.5956e-006	-1.5863e+013	-1.5764e+013	1.5764e+013	5.2500e-015
1.470e+000	1.7323e-006	-1.5971e+013	-1.5863e+013	1.5863e+013	5.2500e-015
1.480e+000	1.8745e-006	-1.6088e+013	-1.5971e+013	1.5971e+013	5.2500e-015
1.490e+000	2.0186e-006	-1.6214e+013	-1.6088e+013	1.6088e+013	5.2500e-015
1.500e+000	2.1603e-006	-1.6349e+013	-1.6214e+013	1.6214e+013	5.2500e-015
1.510e+000	2.2971e-006	-1.6492e+013	-1.6349e+013	1.6349e+013	5.2500e-015
1.520e+000	2.4272e-006	-1.6644e+013	-1.6492e+013	1.6492e+013	5.2500e-015
1.530e+000	2.5497e-006	-1.6803e+013	-1.6644e+013	1.6644e+013	5.2500e-015
1.540e+000	2.6642e-006	-1.6969e+013	-1.6803e+013	1.6803e+013	5.2500e-015
1.550e+000	2.7707e-006	-1.7142e+013	-1.6969e+013	1.6969e+013	5.2500e-015
1.560e+000	2.8698e-006	-1.7321e+013	-1.7142e+013	1.7142e+013	5.2500e-015
1.570e+000	2.9618e-006	-1.7506e+013	-1.7321e+013	1.7321e+013	5.2500e-015
1.580e+000	3.0474e-006	-1.7696e+013	-1.7506e+013	1.7506e+013	5.2500e-015
1.590e+000	3.1272e-006	-1.7892e+013	-1.7696e+013	1.7696e+013	5.2500e-015
1.600e+000	3.2015e-006	-1.8092e+013	-1.7892e+013	1.7892e+013	5.2500e-015
1.610e+000	3.2712e-006	-1.8296e+013	-1.8092e+013	1.8091e+013	5.2500e-015
1.620e+000	3.3366e-006	-1.8504e+013	-1.8296e+013	1.8296e+013	5.2500e-015
1.630e+000	3.3980e-006	-1.8716e+013	-1.8504e+013	1.8504e+013	5.2500e-015
1.640e+000	3.4560e-006	-1.8932e+013	-1.8716e+013	1.8716e+013	5.2500e-015
1.650e+000	3.5109e-006	-1.9151e+013	-1.8932e+013	1.8932e+013	5.2500e-015
1.660e+000	3.5630e-006	-1.9373e+013	-1.9151e+013	1.9151e+013	5.2500e-015
1.670e+000	3.6125e-006	-1.9599e+013	-1.9373e+013	1.9373e+013	5.2500e-015
1.680e+000	3.6596e-006	-1.9827e+013	-1.9599e+013	1.9599e+013	5.2500e-015
1.690e+000	3.7046e-006	-2.0058e+013	-1.9827e+013	1.9827e+013	5.2500e-015
1.700e+000	3.7477e-006	-2.0292e+013	-2.0058e+013	2.0058e+013	5.2500e-015
1.710e+000	3.7890e-006	-2.0529e+013	-2.0292e+013	2.0292e+013	5.2500e-015
1.720e+000	3.8287e-006	-2.0768e+013	-2.0529e+013	2.0529e+013	5.2500e-015
1.730e+000	3.8669e-006	-2.1009e+013	-2.0768e+013	2.0768e+013	5.2500e-015
1.740e+000	3.8601e-006	-2.1250e+013	-2.1009e+013	2.1009e+013	5.2500e-015
1.750e+000	3.8884e-006	-2.1493e+013	-2.1250e+013	2.1250e+013	5.2500e-015
1.760e+000	3.9171e-006	-2.1737e+013	-2.1493e+013	2.1493e+013	5.2500e-015
1.770e+000	3.9446e-006	-2.1983e+013	-2.1737e+013	2.1737e+013	5.2500e-015
1.780e+000	3.9710e-006	-2.2231e+013	-2.1983e+013	2.1983e+013	5.2500e-015
1.790e+000	3.9964e-006	-2.2481e+013	-2.2231e+013	2.2231e+013	5.2500e-015
1.800e+000	4.0209e-006	-2.2732e+013	-2.2481e+013	2.2481e+013	5.2500e-015
1.810e+000	4.0446e-006	-2.2984e+013	-2.2732e+013	2.2732e+013	5.2500e-015
1.820e+000	4.0674e-006	-2.3238e+013	-2.2984e+013	2.2984e+013	5.2500e-015
1.830e+000	4.0895e-006	-2.3493e+013	-2.3238e+013	2.3238e+013	5.2500e-015
1.840e+000	4.1109e-006	-2.3750e+013	-2.3493e+013	2.3493e+013	5.2500e-015
1.850e+000	4.1316e-006	-2.4008e+013	-2.3750e+013	2.3750e+013	5.2500e-015
1.860e+000	4.1517e-006	-2.4267e+013	-2.4008e+013	2.4008e+013	5.2500e-015
1.870e+000	4.1712e-006	-2.4527e+013	-2.4267e+013	2.4267e+013	5.2500e-015
1.880e+000	4.1901e-006	-2.4789e+013	-2.4527e+013	2.4527e+013	5.2500e-015
1.890e+000	4.2085e-006	-2.5051e+013	-2.4789e+013	2.4789e+013	5.2500e-015
1.900e+000	4.2264e-006	-2.5315e+013	-2.5051e+013	2.5051e+013	5.2500e-015
1.910e+000	4.2439e-006	-2.5580e+013	-2.5315e+013	2.5315e+013	5.2500e-015
1.920e+000	4.2609e-006	-2.5846e+013	-2.5580e+013	2.5580e+013	5.2500e-015
1.930e+000	4.2774e-006	-2.6113e+013	-2.5846e+013	2.5846e+013	5.2500e-015
1.940e+000	4.2936e-006	-2.6381e+013	-2.6113e+013	2.6113e+013	5.2500e-015
1.950e+000	4.3093e-006	-2.6650e+013	-2.6381e+013	2.6381e+013	5.2500e-015
1.960e+000	4.3247e-006	-2.6920e+013	-2.6650e+013	2.6650e+013	5.2500e-015
1.970e+000	4.3398e-006	-2.7191e+013	-2.6920e+013	2.6920e+013	5.2500e-015
1.980e+000	4.3545e-006	-2.7462e+013	-2.7191e+013	2.7191e+013	5.2500e-015
1.990e+000	4.3689e-006	-2.7735e+013	-2.7462e+013	2.7462e+013	5.2500e-015
2.000e+000	4.3829e-006	-2.8009e+013	-2.7735e+013	2.7735e+013	5.2500e-015
2.010e+000	4.3967e-006	-2.8283e+013	-2.8009e+013	2.8009e+013	5.2500e-015
2.020e+000	4.4076e-006	-2.8558e+013	-2.8283e+013	2.8283e+013	5.2500e-015
2.030e+000	4.4135e-006	-2.8834e+013	-2.8558e+013	2.8558e+013	5.2500e-015
2.040e+000	4.4260e-006	-2.9110e+013	-2.8834e+013	2.8834e+013	5.2500e-015
2.050e+000	4.4382e-006	-2.9387e+013	-2.9110e+013	2.9110e+013	5.2500e-015
2.060e+000	4.4502e-006	-2.9665e+013	-2.9387e+013	2.9387e+013	5.2500e-015
2.070e+000	4.4619e-006	-2.9943e+013	-2.9665e+013	2.9665e+013	5.2500e-015
2.080e+000	4.4735e-006	-3.0222e+013	-2.9943e+013	2.9943e+013	5.2500e-015
2.090e+000	4.4848e-006	-3.0502e+013	-3.0222e+013	3.0222e+013	5.2500e-015
2.100e+000	4.4959e-006	-3.0783e+013	-3.0502e+013	3.0502e+013	5.2500e-015
2.110e+000	4.5068e-006	-3.1064e+013	-3.0783e+013	3.0783e+013	5.2500e-015
2.120e+000	4.5175e-006	-3.1346e+013	-3.1064e+013	3.1064e+013	5.2500e-015
2.130e+000	4.5281e-006	-3.1629e+013	-3.1346e+013	3.1346e+013	5.2500e-015
2.140e+000	4.5384e-006	-3.1912e+013	-3.1629e+013	3.1629e+013	5.2500e-015
2.150e+000	4.5486e-006	-3.2196e+013	-3.1912e+013	3.1912e+013	5.2500e-015
2.160e+000	4.5586e-006	-3.2480e+013	-3.2196e+013	3.2196e+013	5.2500e-015
2.170e+000	4.5685e-006	-3.2766e+013	-3.2480e+013	3.2480e+013	5.2500e-015
2.180e+000	4.5782e-006	-3.3051e+013	-3.2766e+013	3.2766e+013	5.2500e-015
2.190e+000	4.5877e-006	-3.3338e+013	-3.3051e+013	3.3051e+013	5.2500e-015
2.200e+000	4.5971e-006	-3.3625e+013	-3.3338e+013	3.3338e+013	5.2500e-015
2.210e+000	4.6064e-006	-3.3912e+013	-3.3625e+013	3.3625e+013	5.2500e-015
2.220e+000	4.6155e-006	-3.4200e+013	-3.3912e+013	3.3912e+013	5.2500e-015
2.230e+000	4.6245e-006	-3.4489e+013	-3.4200e+013	3.4200e+013	5.2500e-015
2.240e+000	4.6333e-006	-3.4778e+013	-3.4489e+013	3.4489e+013	5.2500e-015
2.250e+000	4.6421e-006	-3.5068e+013	-3.4778e+013	3.4778e+013	5.2500e-015
2.260e+000	4.6507e-006	-3.5358e+013	-3.5068e+013	3.5068e+013	5.2500e-015
2.270e+000	4.6592e-006	-3.5649e+013	-3.5358e+013	3.5358e+013	5.2500e-015
2.280e+000	4.6675e-006	-3.5940e+013	-3.5649e+013	3.5649e+013	5.2500e-015
2.290e+000	4.6758e-006	-3.6232e+013	-3.5940e+013	3.5940e+013	5.2500e-015
2.300e+000	4.6840e-006	-3.6524e+013	-3.6232e+013	3.6232e+013	5.2500e-015
2.310e+000	4.6920e-006	-3.6817e+013	-3.6524e+013	3.6524e+013	5.2500e-015
2.320e+000	4.6999e-006	-3.7111e+013	-3.6817e+013	3.6817e+013	5.2500e-015
2.330e+000	4.7078e-006	-3.7404e+013	-3.7111e+013	3.7111e+013	5.2500e-015
2.340e+000	4.7155e-006	-3.7699e+013	-3.7404e+013	3.7404e+013	5.2500e-015
2.350e+000	4.7231e-006	-3.7994e+013	-3.7699e+013	3.7699e+013	5.2500e-015
2.360e+000	4.7307e-006	-3.8289e+013	-3.7994e+013	3.7993e+013	5.2500e-015
2.370e+000	4.7381e-006	-3.8585e+013	-3.8289e+013	3.8289e+013	5.2500e-015
2.380e+000	4.7455e-006	-3.8881e+013	-3.8585e+013	3.8584e+013	5.2500e-015
2.390e+000	4.7528e-006	-3.9177e+013	-3.8881e+013	3.8881e+013	5.2500e-015
2.400e+000	4.7599e-006	-3.9474e+013	-3.9177e+013	3.9177e+013	5.2500e-015
2.410e+000	4.7670e-006	-3.9772e+013	-3.9474e+013	3.9474e+013	5.2500e-015
2.420e+000	4.7741e-006	-4.0070e+013	-3.9772e+013	3.9772e+013	5.2500e-015
2.430e+000	4.7810e-006	-4.0368e+013	-4.0070e+013	4.0070e+013	5.2500e-015
2.440e+000	4.7879e-006	-4.0667e+013	-4.0368e+013	4.0368e+013	5.2500e-015
2.450e+000	4.7947e-006	-4.0966e+013	-4.0667e+013	4.0667e+013	5.2500e-015
2.460e+000	4.8014e-006	-4.1266e+013	-4.0966e+013	4.0966e+013	5.2500e-015
2.470e+000	4.8080e-006	-4.1566e+013	-4.1266e+013	4.1266e+013	5.2500e-015
2.480e+000	4.8146e-006	-4.1867e+013	-4.1566e+013	4.1566e+013	5.2500e-015
2.490e+000	4.8211e-006	-4.2168e+013	-4.1867e+013	4.1867e+013	5.2500e-015
2.500e+000	4.8275e-006	-4.2469e+013	-4.2168e+013	4.2168e+013	5.2500e-015
2.510e+000	4.8338e-006	-4.2771e+013	-4.2469e+013	4.2469e+013	5.2500e-015
2.520e+000	4.8401e-006	-4.3073e+013	-4.2771e+013	4.2771e+013	5.2500e-015
2.530e+000	4.8464e-006	-4.3375e+013	-4.3073e+013	4.3073e+013	5.2500e-015
2.540e+000	4.8525e-006	-4.3678e+013	-4.3375e+013	4.3375e+013	5.2500e-015
2.550e+000	4.8586e-006	-4.3981e+013	-4.3678e+013	4.3678e+013	5.2500e-015
2.560e+000	4.8647e-006	-4.4285e+013	-4.3981e+013	4.3981e+013	5.2500e-015
2.570e+000	4.8706e-006	-4.4589e+013	-4.4285e+013	4.4285e+013	5.2500e-015
2.580e+000	4.8766e-006	-4.4893e+013	-4.4589e+013	4.4589e+013	5.2500e-015
2.590e+000	4.8824e-006	-4.5198e+013	-4.4893e+013	4.4893e+013	5.2500e-015
2.600e+000	4.8882e-006	-4.5503e+013	-4.5198e+013	4.5198e+013	5.2500e-015
2.610e+000	4.8940e-006	-4.5809e+013	-4.5503e+013	4.5503e+013	5.2500e-015
2.620e+000	4.8997e-006	-4.6114e+013	-4.5809e+013	4.5809e+013	5.2500e-015
2.630e+000	4.9053e-006	-4.6421e+013	-4.6114e+013	4.6114e+013	5.2500e-015
2.640e+000	4.9109e-006	-4.6727e+013	-4.6421e+013	4.6421e+013	5.2500e-015
2.650e+000	4.9165e-006	-4.7034e+013	-4.6727e+013	4.6727e+013	5.2500e-015
2.660e+000	4.9219e-006	-4.7341e+013	-4.7034e+013	4.7034e+013	5.2500e-015
2.670e+000	4.9274e-006	-4.7649e+013	-4.7341e+013	4.7341e+013	5.2500e-015
2.680e+000	4.9328e-006	-4.7957e+013	-4.7649e+013	4.7649e+013	5.2500e-015
2.690e+000	4.9381e-006	-4.8265e+013	-4.7957e+013	4.7957e+013	5.2500e-015
2.700e+000	4.9434e-006	-4.8573e+013	-4.8265e+013	4.8265e+013	5.2500e-015
2.710e+000	4.9487e-006	-4.8882e+013	-4.8573e+013	4.8573e+013	5.2500e-015
2.720e+000	4.9524e-006	-4.9191e+013	-4.8882e+013	4.8882e+013	5.2500e-015
2.730e+000	4.9574e-006	-4.9501e+013	-4.9191e+013	4.9191e+013	5.2500e-015
2.740e+000	4.9625e-006	-4.9810e+013	-4.9501e+013	4.9501e+013	5.2500e-015
2.750e+000	4.9676e-006	-5.0121e+013	-4.9810e+013	4.9810e+013	5.2500e-015
2.760e+000	4.9726e-006	-5.0431e+013	-5.0121e+013	5.0120e+013	5.2500e-015
2.770e+000	4.9775e-006	-5.0742e+013	-5.0431e+013	5.0431e+013	5.2500e-015
2.780e+000	4.9825e-006	-5.1053e+013	-5.0742e+013	5.0742e+013	5.2500e-015
2.790e+000	4.9873e-006	-5.1364e+013	-5.1053e+013	5.1053e+013	5.2500e-015
2.800e+000	4.9922e-006	-5.1675e+013	-5.1364e+013	5.1364e+013	5.2500e-015
2.810e+000	4.9970e-006	-5.1987e+013	-5.1675e+013	5.1675e+013	5.2500e-015
2.820e+000	5.0018e-006	-5.2299e+013	-5.1987e+013	5.1987e+013	5.2500e-015
2.830e+000	5.0065e-006	-5.2612e+013	-5.2299e+013	5.2299e+013	5.2500e-015
2.840e+000	5.0112e-006	-5.2925e+013	-5.2612e+013	5.2612e+013	5.2500e-015
2.850e+000	5.0158e-006	-5.3238e+013	-5.2925e+013	5.2925e+013	5.2500e-015
2.860e+000	5.0204e-006	-5.3551e+013	-5.3238e+013	5.3238e+013	5.2500e-015
2.870e+000	5.0250e-006	-5.3865e+013	-5.3551e+013	5.3551e+013	5.2500e-015
2.880e+000	5.0296e-006	-5.4179e+013	-5.3865e+013	5.3865e+013	5.2500e-015
2.890e+000	5.0341e-006	-5.4493e+013	-5.4179e+013	5.4179e+013	5.2500e-015
2.900e+000	5.0386e-006	-5.4807e+013	-5.4493e+013	5.4493e+013	5.2500e-015
2.910e+000	5.0430e-006	-5.5122e+013	-5.4807e+013	5.4807e+013	5.2500e-015
2.920e+000	5.0474e-006	-5.5437e+013	-5.5122e+013	5.5122e+013	5.2500e-015
2.930e+000	5.0518e-006	-5.5752e+013	-5.5437e+013	5.5437e+013	5.2500e-015
2.940e+000	5.0561e-006	-5.6068e+013	-5.5752e+013	5.5752e+013	5.2500e-015
2.950e+000	5.0605e-006	-5.6384e+013	-5.6068e+013	5.6068e+013	5.2500e-015
2.960e+000	5.0648e-006	-5.6700e+013	-5.6384e+013	5.6384e+013	5.2500e-015
2.970e+000	5.0690e-006	-5.7016e+013	-5.6700e+013	5.6700e+013	5.2500e-015
2.980e+000	5.0732e-006	-5.7333e+013	-5.7016e+013	5.7016e+013	5.2500e-015
2.990e+000	5.0774e-006	-5.7650e+013	-5.7333e+013	5.7333e+013	5.2500e-015
3.000e+000	5.0816e-006	-5.7967e+013	-5.7650e+013	5.7650e+013	5.2500e-015
3.010e+000	5.0857e-006	-5.8285e+013	-5.7967e+013	5.7967e+013	5.2500e-015
3.020e+000	5.0898e-006	-5.8602e+013	-5.8285e+013	5.8285e+013	5.2500e-015
3.030e+000	5.0939e-006	-5.8920e+013	-5.8602e+013	5.8602e+013	5.2500e-015
3.040e+000	5.0980e-006	-5.9238e+013	-5.8920e+013	5.8920e+013	5.2500e-015
3.050e+000	5.1020e-006	-5.9557e+013	-5.9238e+013	5.9238e+013	5.2500e-015
3.060e+000	5.1060e-006	-5.9876e+013	-5.9557e+013	5.9557e+013	5.2500e-015
3.070e+000	5.1099e-006	-6.0194e+013	-5.9876e+013	5.9875e+013	5.2500e-015
3.080e+000	5.1139e-006	-6.0514e+013	-6.0194e+013	6.0194e+013	5.2500e-015
3.090e+000	5.1178e-006	-6.0833e+013	-6.0514e+013	6.0514e+013	5.2500e-015
3.100e+000	5.1217e-006	-6.1153e+013	-6.0833e+013	6.0833e+013	5.2500e-015
3.110e+000	5.1256e-006	-6.1473e+013	-6.1153e+013	6.1153e+013	5.2500e-015
3.120e+000	5.1294e-006	-6.1793e+013	-6.1473e+013	6.1473e+013	5.2500e-015
3.130e+000	5.1332e-006	-6.2113e+013	-6.1793e+013	6.1793e+013	5.2500e-015
3.140e+000	5.1370e-006	-6.2434e+013	-6.2113e+013	6.2113e+013	5.2500e-015
3.150e+000	5.1408e-006	-6.2755e+013	-6.2434e+013	6.2434e+013	5.2500e-015
3.160e+000	5.1445e-006	-6.3076e+013	-6.2755e+013	6.2755e+013	5.2500e-015
3.170e+000	5.1482e-006	-6.3397e+013	-6.3076e+013	6.3076e+013	5.2500e-015
3.180e+000	5.1519e-006	-6.3719e+013	-6.3397e+013	6.3397e+013	5.2500e-015
3.190e+000	5.1556e-006	-6.4040e+013	-6.3719e+013	6.3719e+013	5.2500e-015
3.200e+000	5.1592e-006	-6.4362e+013	-6.4040e+013	6.4040e+013	5.2500e-015
3.210e+000	5.1629e-006	-6.4685e+013	-6.4362e+013	6.4362e+013	5.2500e-015
3.220e+000	5.1665e-006	-6.5007e+013	-6.4685e+013	6.4685e+013	5.2500e-015
3.230e+000	5.1700e-006	-6.5330e+013	-6.5007e+013	6.5007e+013	5.2500e-015
3.240e+000	5.1736e-006	-6.5653e+013	-6.5330e+013	6.5330e+013	5.2500e-015
3.250e+000	5.1771e-006	-6.5976e+013	-6.5653e+013	6.5653e+013	5.2500e-015
3.260e+000	5.1807e-006	-6.6299e+013	-6.5976e+013	6.5976e+013	5.2500e-015
3.270e+000	5.1842e-006	-6.6623e+013	-6.6299e+013	6.6299e+013	5.2500e-015
3.280e+000	5.1876e-006	-6.6947e+013	-6.6623e+013	6.6623e+013	5.2500e-015
3.290e+000	5.1911e-006	-6.7271e+013	-6.6947e+013	6.6947e+013	5.2500e-015
3.300e+000	5.1945e-006	-6.7595e+013	-6.7271e+013	6.7271e+013	5.2500e-015
3.310e+000	5.1979e-006	-6.7919e+013	-6.7595e+013	6.7595e+013	5.2500e-015
3.320e+000	5.2013e-006	-6.8244e+013	-6.7919e+013	6.7919e+013	5.2500e-015
3.330e+000	5.2047e-006	-6.8569e+013	-6.8244e+013	6.8244e+013	5.2500e-015
3.340e+000	5.2081e-006	-6.8894e+013	-6.8569e+013	6.8569e+013	5.2500e-015
3.350e+000	5.2114e-006	-6.9219e+013	-6.8894e+013	6.8894e+013	5.2500e-015
3.360e+000	5.2147e-006	-6.9545e+013	-6.9219e+013	6.9219e+013	5.2500e-015
3.370e+000	5.2180e-006	-6.9870e+013	-6.9545e+013	6.9544e+013	5.2500e-015
3.380e+000	5.2213e-006	-7.0196e+013	-6.9870e+013	6.9870e+013	5.2500e-015
3.390e+000	5.2245e-006	-7.0522e+013	-7.0196e+013	7.0196e+013	5.2500e-015
3.400e+000	5.2278e-006	-7.0848e+013	-7.0522e+013	7.0522e+013	5.2500e-015
3.410e+000	5.2310e-006	-7.1175e+013	-7.0848e+013	7.0848e+013	5.2500e-015
3.420e+000	5.2342e-006	-7.1502e+013	-7.1175e+013	7.1175e+013	5.2500e-015
3.430e+000	5.2374e-006	-7.1829e+013	-7.1502e+013	7.1502e+013	5.2500e-015
3.440e+000	5.2406e-006	-7.2156e+013	-7.1829e+013	7.1828e+013	5.2500e-015
3.450e+000	5.2437e-006	-7.2483e+013	-7.2156e+013	7.2156e+013	5.2500e-015
3.460e+000	5.2469e-006	-7.2810e+013	-7.2483e+013	7.2483e+013	5.2500e-015
3.470e+000	5.2500e-006	-7.3138e+013	-7.2810e+013	7.2810e+013	5.2500e-015
3.480e+000	5.2531e-006	-7.3466e+013	-7.3138e+013	7.3138e+013	5.2500e-015
3.490e+000	5.2562e-006	-7.3794e+013	-7.3466e+013	7.3466e+013	5.2500e-015
3.500e+000	5.2593e-006	-7.4122e+013	-7.3794e+013	7.3794e+013	5.2500e-015
3.510e+000	5.2623e-006	-7.4451e+013	-7.4122e+013	7.4122e+013	5.2500e-015
3.520e+000	5.2654e-006	-7.4779e+013	-7.4451e+013	7.4451e+013	5.2500e-015
3.530e+000	5.2684e-006	-7.5108e+013	-7.4779e+013	7.4779e+013	5.2500e-015
3.540e+000	5.2714e-006	-7.5437e+013	-7.5108e+013	7.5108e+013	5.2500e-015
3.550e+000	5.2744e-006	-7.5766e+013	-7.5437e+013	7.5437e+013	5.2500e-015
3.560e+000	5.2774e-006	-7.6096e+013	-7.5766e+013	7.5766e+013	5.2500e-015
3.570e+000	5.2803e-006	-7.6425e+013	-7.6096e+013	7.6096e+013	5.2500e-015
3.580e+000	5.2833e-006	-7.6755e+013	-7.6425e+013	7.6425e+013	5.2500e-015
3.590e+000	5.2862e-006	-7.7085e+013	-7.6755e+013	7.6755e+013	5.2500e-015
3.600e+000	5.2891e-006	-7.7415e+013	-7.7085e+013	7.7085e+013	5.2500e-015
3.610e+000	5.2920e-006	-7.7745e+013	-7.7415e+013	7.7415e+013	5.2500e-015
3.620e+000	5.2949e-006	-7.8076e+013	-7.7745e+013	7.7745e+013	5.2500e-015
3.630e+000	5.2978e-006	-7.8407e+013	-7.8076e+013	7.8076e+013	5.2500e-015
3.640e+000	5.3006e-006	-7.8737e+013	-7.8407e+013	7.8407e+013	5.2500e-015
3.650e+000	5.3035e-006	-7.9068e+013	-7.8737e+013	7.8737e+013	5.2500e-015
3.660e+000	5.3063e-006	-7.9400e+013	-7.9068e+013	7.9068e+013	5.2500e-015
3.670e+000	5.3091e-006	-7.9731e+013	-7.9400e+013	7.9400e+013	5.2500e-015
3.680e+000	5.3119e-006	-8.0063e+013	-7.9731e+013	7.9731e+013	5.2500e-015
3.690e+000	5.3147e-006	-8.0394e+013	-8.0063e+013	8.0063e+013	5.2500e-015
3.700e+000	5.3175e-006	-8.0726e+013	-8.0394e+013	8.0394e+013	5.2500e-015
3.710e+000	5.3202e-006	-8.1058e+013	-8.0726e+013	8.0726e+013	5.2500e-015
3.720e+000	5.3230e-006	-8.1390e+013	-8.1058e+013	8.1058e+013	5.2500e-015
3.730e+000	5.3257e-006	-8.1723e+013	-8.1390e+013	8.1390e+013	5.2500e-015
3.740e+000	5.3285e-006	-8.2055e+013	-8.1723e+013	8.1723e+013	5.2500e-015
3.750e+000	5.3312e-006	-8.2388e+013	-8.2055e+013	8.2055e+013	5.2500e-015
3.760e+000	5.3339e-006	-8.2721e+013	-8.2388e+013	8.2388e+013	5.2500e-015
3.770e+000	5.3365e-006	-8.3054e+013	-8.2721e+013	8.2721e+013	5.2500e-015
3.780e+000	5.3392e-006	-8.3387e+013	-8.3054e+013	8.3054e+013	5.2500e-015
3.790e+000	5.3419e-006	-8.3721e+013	-8.3387e+013	8.3387e+013	5.2500e-015
3.800e+000	5.3445e-006	-8.4054e+013	-8.3721e+013	8.3721e+013	5.2500e-015
3.810e+000	5.3472e-006	-8.4388e+013	-8.4054e+013	8.4054e+013	5.2500e-015
3.820e+000	5.3498e-006	-8.4722e+013	-8.4388e+013	8.4388e+013	5.2500e-015
3.830e+000	5.3524e-006	-8.5056e+013	-8.4722e+013	8.4722e+013	5.2500e-015
3.840e+000	5.3550e-006	-8.5390e+013	-8.5056e+013	8.5056e+013	5.2500e-015
3.850e+000	5.3576e-006	-8.5725e+013	-8.5390e+013	8.5390e+013	5.2500e-015
3.860e+000	5.3602e-006	-8.6059e+013	-8.5725e+013	8.5725e+013	5.2500e-015
3.870e+000	5.3627e-006	-8.6394e+013	-8.6059e+013	8.6059e+013	5.2500e-015
3.880e+000	5.3653e-006	-8.6729e+013	-8.6394e+013	8.6394e+013	5.2500e-015
3.890e+000	5.3678e-006	-8.7064e+013	-8.6729e+013	8.6729e+013	5.2500e-015
3.900e+000	5.3703e-006	-8.7399e+013	-8.7064e+013	8.7064e+013	5.2500e-015
3.910e+000	5.3729e-006	-8.7734e+013	-8.7399e+013	8.7399e+013	5.2500e-015
3.920e+000	5.3754e-006	-8.8070e+013	-8.7734e+013	8.7734e+013	5.2500e-015
3.930e+000	5.3779e-006	-8.8406e+013	-8.8070e+013	8.8070e+013	5.2500e-015
3.940e+000	5.3804e-006	-8.8741e+013	-8.8406e+013	8.8406e+013	5.2500e-015
3.950e+000	5.3828e-006	-8.9077e+013	-8.8741e+013	8.8741e+013	5.2500e-015
3.960e+000	5.3853e-006	-8.9414e+013	-8.9077e+013	8.9077e+013	5.2500e-015
3.970e+000	5.3877e-006	-8.9750e+013	-8.9414e+013	8.9414e+013	5.2500e-015
3.980e+000	5.3902e-006	-9.0086e+013	-8.9750e+013	8.9750e+013	5.2500e-015
3.990e+000	5.3926e-006	-9.0423e+013	-9.0086e+013	9.0086e+013	5.2500e-015
4.000e+000	5.3950e-006	-9.0760e+013	-9.0423e+013	9.0423e+013	5.2500e-015
4.010e+000	5.3975e-006	-9.1096e+013	-9.0760e+013	9.0760e+013	5.2500e-015
4.020e+000	5.3999e-006	-9.1433e+013	-9.1096e+013	9.1096e+013	5.2500e-015
4.030e+000	5.4022e-006	-9.1771e+013	-9.1433e+013	9.1433e+013	5.2500e-015
4.040e+000	5.4046e-006	-9.2108e+013	-9.1771e+013	9.1771e+013	5.2500e-015
4.050e+000	5.4070e-006	-9.2445e+013	-9.2108e+013	9.2108e+013	5.2500e-015
4.060e+000	5.4094e-006	-9.2783e+013	-9.2445e+013	9.2445e+013	5.2500e-015
4.070e+000	5.4117e-006	-9.3121e+013	-9.2783e+013	9.2783e+013	5.2500e-015
4.080e+000	5.4141e-006	-9.3459e+013	-9.3121e+013	9.3121e+013	5.2500e-015
4.090e+000	5.4164e-006	-9.3797e+013	-9.3459e+013	9.3459e+013	5.2500e-015
4.100e+000	5.4187e-006	-9.4135e+013	-9.3797e+013	9.3797e+013	5.2500e-015
4.110e+000	5.4210e-006	-9.4473e+013	-9.4135e+013	9.4135e+013	5.2500e-015
4.120e+000	5.4233e-006	-9.4812e+013	-9.4473e+013	9.4473e+013	5.2500e-015
4.130e+000	5.4256e-006	-9.5151e+013	-9.4812e+013	9.4812e+013	5.2500e-015
4.140e+000	5.4279e-006	-9.5489e+013	-9.5151e+013	9.5150e+013	5.2500e-015
4.150e+000	5.4302e-006	-9.5828e+013	-9.5489e+013	9.5489e+013	5.2500e-015
4.160e+000	5.4324e-006	-9.6167e+013	-9.5828e+013	9.5828e+013	5.2500e-015
4.170e+000	5.4347e-006	-9.6507e+013	-9.6167e+013	9.6167e+013	5.2500e-015
4.180e+000	5.4370e-006	-9.6846e+013	-9.6507e+013	9.6506e+013	5.2500e-015
4.190e+000	5.4392e-006	-9.7185e+013	-9.6846e+013	9.6846e+013	5.2500e-015
4.200e+000	5.4414e-006	-9.7525e+013	-9.7185e+013	9.7185e+013	5.2500e-015
4.210e+000	5.4436e-006	-9.7865e+013	-9.7525e+013	9.7525e+013	5.2500e-015
4.220e+000	5.4459e-006	-9.8205e+013	-9.7865e+013	9.7865e+013	5.2500e-015
4.230e+000	5.4481e-006	-9.8545e+013	-9.8205e+013	9.8205e+013	5.2500e-015
4.240e+000	5.4503e-006	-9.8885e+013	-9.8545e+013	9.8545e+013	5.2500e-015
4.250e+000	5.4524e-006	-9.9225e+013	-9.8885e+013	9.8885e+013	5.2500e-015
4.260e+000	5.4546e-006	-9.9566e+013	-9.9225e+013	9.9225e+013	5.2500e-015
4.270e+000	5.4568e-006	-9.9906e+013	-9.9566e+013	9.9566e+013	5.2500e-015
4.280e+000	5.4590e-006	-1.0025e+014	-9.9906e+013	9.9906e+013	5.2500e-015
4.290e+000	5.4611e-006	-1.0059e+014	-1.0025e+014	1.0025e+014	5.2500e-015
4.300e+000	5.4633e-006	-1.0093e+014	-1.0059e+014	1.0059e+014	5.2500e-015
4.310e+000	5.4654e-006	-1.0127e+014	-1.0093e+014	1.0093e+014	5.2500e-015
4.320e+000	5.4675e-006	-1.0161e+014	-1.0127e+014	1.0127e+014	5.2500e-015
4.330e+000	5.4696e-006	-1.0195e+014	-1.0161e+014	1.0161e+014	5.2500e-015
4.340e+000	5.4718e-006	-1.0229e+014	-1.0195e+014	1.0195e+014	5.2500e-015
4.350e+000	5.4739e-006	-1.0264e+014	-1.0229e+014	1.0229e+014	5.2500e-015
4.360e+000	5.4760e-006	-1.0298e+014	-1.0264e+014	1.0264e+014	5.2500e-015
4.370e+000	5.4780e-006	-1.0332e+014	-1.0298e+014	1.0298e+014	5.2500e-015
4.380e+000	5.4801e-006	-1.0366e+014	-1.0332e+014	1.0332e+014	5.2500e-015
4.390e+000	5.4822e-006	-1.0400e+014	-1.0366e+014	1.0366e+014	5.2500e-015
4.400e+000	5.4843e-006	-1.0435e+014	-1.0400e+014	1.0400e+014	5.2500e-015
4.410e+000	5.4863e-006	-1.0469e+014	-1.0435e+014	1.0435e+014	5.2500e-015
4.420e+000	5.4884e-006	-1.0503e+014	-1.0469e+014	1.0469e+014	5.2500e-015
4.430e+000	5.4904e-006	-1.0537e+014	-1.0503e+014	1.0503e+014	5.2500e-015
4.440e+000	5.4925e-006	-1.0572e+014	-1.0537e+014	1.0537e+014	5.2500e-015
4.450e+000	5.4945e-006	-1.0606e+014	-1.0572e+014	1.0572e+014	5.2500e-015
4.460e+000	5.4965e-006	-1.0640e+014	-1.0606e+014	1.0606e+014	5.2500e-015
4.470e+000	5.4985e-006	-1.0675e+014	-1.0640e+014	1.0640e+014	5.2500e-015
4.480e+000	5.5005e-006	-1.0709e+014	-1.0675e+014	1.0675e+014	5.2500e-015
4.490e+000	5.5025e-006	-1.0743e+014	-1.0709e+014	1.0709e+014	5.2500e-015
4.500e+000	5.5045e-006	-1.0778e+014	-1.0743e+014	1.0743e+014	5.2500e-015
4.510e+000	5.5065e-006	-1.0812e+014	-1.0778e+014	1.0778e+014	5.2500e-015
4.520e+000	5.5085e-006	-1.0846e+014	-1.0812e+014	1.0812e+014	5.2500e-015
4.530e+000	5.5104e-006	-1.0881e+014	-1.0846e+014	1.0846e+014	5.2500e-015
4.540e+000	5.5124e-006	-1.0915e+014	-1.0881e+014	1.0881e+014	5.2500e-015
4.550e+000	5.5144e-006	-1.0950e+014	-1.0915e+014	1.0915e+014	5.2500e-015
4.560e+000	5.5163e-006	-1.0984e+014	-1.0950e+014	1.0950e+014	5.2500e-015
4.570e+000	5.5183e-006	-1.1018e+014	-1.0984e+014	1.0984e+014	5.2500e-015
4.580e+000	5.5202e-006	-1.1053e+014	-1.1018e+014	1.1018e+014	5.2500e-015
4.590e+000	5.5221e-006	-1.1087e+014	-1.1053e+014	1.1053e+014	5.2500e-015
4.600e+000	5.5240e-006	-1.1122e+014	-1.1087e+014	1.1087e+014	5.2500e-015
4.610e+000	5.5260e-006	-1.1156e+014	-1.1122e+014	1.1122e+014	5.2500e-015
4.620e+000	5.5279e-006	-1.1191e+014	-1.1156e+014	1.1156e+014	5.2500e-015
4.630e+000	5.5298e-006	-1.1225e+014	-1.1191e+014	1.1191e+014	5.2500e-015
4.640e+000	5.5317e-006	-1.1260e+014	-1.1225e+014	1.1225e+014	5.2500e-015
4.650e+000	5.5336e-006	-1.1294e+014	-1.1260e+014	1.1260e+014	5.2500e-015
4.660e+000	5.5354e-006	-1.1329e+014	-1.1294e+014	1.1294e+014	5.2500e-015
4.670e+000	5.5373e-006	-1.1364e+014	-1.1329e+014	1.1329e+014	5.2500e-015
4.680e+000	5.5392e-006	-1.1398e+014	-1.1364e+014	1.1364e+014	5.2500e-015
4.690e+000	5.5411e-006	-1.1433e+014	-1.1398e+014	1.1398e+014	5.2500e-015
4.700e+000	5.5429e-006	-1.1467e+014	-1.1433e+014	1.1433e+014	5.2500e-015
4.710e+000	5.5448e-006	-1.1502e+014	-1.1467e+014	1.1467e+014	5.2500e-015
4.720e+000	5.5466e-006	-1.1536e+014	-1.1502e+014	1.1502e+014	5.2500e-015
4.730e+000	5.5485e-006	-1.1571e+014	-1.1536e+014	1.1536e+014	5.2500e-015
4.740e+000	5.5503e-006	-1.1606e+014	-1.1571e+014	1.1571e+014	5.2500e-015
4.750e+000	5.5521e-006	-1.1640e+014	-1.1606e+014	1.1606e+014	5.2500e-015
4.760e+000	5.5539e-006	-1.1675e+014	-1.1640e+014	1.1640e+014	5.2500e-015
4.770e+000	5.5557e-006	-1.1710e+014	-1.1675e+014	1.1675e+014	5.2500e-015
4.780e+000	5.5574e-006	-1.1744e+014	-1.1710e+014	1.1710e+014	5.2500e-015
4.790e+000	5.5592e-006	-1.1779e+014	-1.1744e+014	1.1744e+014	5.2500e-015
4.800e+000	5.5610e-006	-1.1814e+014	-1.1779e+014	1.1779e+014	5.2500e-015
4.810e+000	5.5628e-006	-1.1849e+014	-1.1814e+014	1.1814e+014	5.2500e-015
4.820e+000	5.5646e-006	-1.1883e+014	-1.1849e+014	1.1849e+014	5.2500e-015
4.830e+000	5.5664e-006	-1.1918e+014	-1.1883e+014	1.1883e+014	5.2500e-015
4.840e+000	5.5681e-006	-1.1953e+014	-1.1918e+014	1.1918e+014	5.2500e-015
4.850e+000	5.5699e-006	-1.1988e+014	-1.1953e+014	1.1953e+014	5.2500e-015
4.860e+000	5.5717e-006	-1.2022e+014	-1.1988e+014	1.1988e+014	5.2500e-015
4.870e+000	5.5734e-006	-1.2057e+014	-1.2022e+014	1.2022e+014	5.2500e-015
4.880e+000	5.5752e-006	-1.2092e+014	-1.2057e+014	1.2057e+014	5.2500e-015
4.890e+000	5.5769e-006	-1.2127e+014	-1.2092e+014	1.2092e+014	5.2500e-015
4.900e+000	5.5786e-006	-1.2162e+014	-1.2127e+014	1.2127e+014	5.2500e-015
4.910e+000	5.5804e-006	-1.2196e+014	-1.2162e+014	1.2162e+014	5.2500e-015
4.920e+000	5.5821e-006	-1.2231e+014	-1.2196e+014	1.2196e+014	5.2500e-015
4.930e+000	5.5838e-006	-1.2266e+014	-1.2231e+014	1.2231e+014	5.2500e-015
4.940e+000	5.5856e-006	-1.2301e+014	-1.2266e+014	1.2266e+014	5.2500e-015
4.950e+000	5.5873e-006	-1.2336e+014	-1.2301e+014	1.2301e+014	5.2500e-015
4.960e+000	5.5890e-006	-1.2371e+014	-1.2336e+014	1.2336e+014	5.2500e-015
4.970e+000	5.5907e-006	-1.2406e+014	-1.2371e+014	1.2371e+014	5.2500e-015
4.980e+000	5.5924e-006	-1.2440e+014	-1.2406e+014	1.2406e+014	5.2500e-015
4.990e+000	5.5941e-006	-1.2475e+014	-1.2440e+014	1.2440e+014	5.2500e-015
5.000e+000	5.5958e-006	-1.2510e+014	-1.2475e+014	1.2475e+014	5.2500e-015
5.010e+000	5.5974e-006	-1.2545e+014	-1.2510e+014	1.2510e+014	5.2500e-015
5.020e+000	5.5991e-006	-1.2580e+014	-1.2545e+014	1.2545e+014	5.2500e-015
5.030e+000	5.6008e-006	-1.2615e+014	-1.2580e+014	1.2580e+014	5.2500e-015
5.040e+000	5.6024e-006	-1.2650e+014	-1.2615e+014	1.2615e+014	5.2500e-015
5.050e+000	5.6041e-006	-1.2685e+014	-1.2650e+014	1.2650e+014	5.2500e-015
5.060e+000	5.6058e-006	-1.2720e+014	-1.2685e+014	1.2685e+014	5.2500e-015
5.070e+000	5.6074e-006	-1.2755e+014	-1.2720e+014	1.2720e+014	5.2500e-015
5.080e+000	5.6091e-006	-1.2790e+014	-1.2755e+014	1.2755e+014	5.2500e-015
5.090e+000	5.6107e-006	-1.2825e+014	-1.2790e+014	1.2790e+014	5.2500e-015
5.100e+000	5.6123e-006	-1.2860e+014	-1.2825e+014	1.2825e+014	5.2500e-015
5.110e+000	5.6140e-006	-1.2895e+014	-1.2860e+014	1.2860e+014	5.2500e-015
5.120e+000	5.6156e-006	-1.2930e+014	-1.2895e+014	1.2895e+014	5.2500e-015
5.130e+000	5.6172e-006	-1.2965e+014	-1.2930e+014	1.2930e+014	5.2500e-015
5.140e+000	5.6188e-006	-1.3000e+014	-1.2965e+014	1.2965e+014	5.2500e-015
5.150e+000	5.6204e-006	-1.3035e+014	-1.3000e+014	1.3000e+014	5.2500e-015
5.160e+000	5.6220e-006	-1.3071e+014	-1.3035e+014	1.3035e+014	5.2500e-015
5.170e+000	5.6236e-006	-1.3106e+014	-1.3071e+014	1.3071e+014	5.2500e-015
5.180e+000	5.6252e-006	-1.3141e+014	-1.3106e+014	1.3106e+014	5.2500e-015
5.190e+000	5.6268e-006	-1.3176e+014	-1.3141e+014	1.3141e+014	5.2500e-015
5.200e+000	5.6284e-006	-1.3211e+014	-1.3176e+014	1.3176e+014	5.2500e-015
5.210e+000	5.6300e-006	-1.3246e+014	-1.3211e+014	1.3211e+014	5.2500e-015
5.220e+000	5.6316e-006	-1.3281e+014	-1.3246e+014	1.3246e+014	5.2500e-015
5.230e+000	5.6332e-006	-1.3316e+014	-1.3281e+014	1.3281e+014	5.2500e-015
5.240e+000	5.6347e-006	-1.3352e+014	-1.3316e+014	1.3316e+014	5.2500e-015
5.250e+000	5.6363e-006	-1.3387e+014	-1.3352e+014	1.3352e+014	5.2500e-015
5.260e+000	5.6379e-006	-1.3422e+014	-1.3387e+014	1.3387e+014	5.2500e-015
5.270e+000	5.6394e-006	-1.3457e+014	-1.3422e+014	1.3422e+014	5.2500e-015
5.280e+000	5.6410e-006	-1.3492e+014	-1.3457e+014	1.3457e+014	5.2500e-015
5.290e+000	5.6425e-006	-1.3528e+014	-1.3492e+014	1.3492e+014	5.2500e-015
5.300e+000	5.6441e-006	-1.3563e+014	-1.3528e+014	1.3528e+014	5.2500e-015
5.310e+000	5.6456e-006	-1.3598e+014	-1.3563e+014	1.3563e+014	5.2500e-015
5.320e+000	5.6471e-006	-1.3633e+014	-1.3598e+014	1.3598e+014	5.2500e-015
5.330e+000	5.6487e-006	-1.3669e+014	-1.3633e+014	1.3633e+014	5.2500e-015
5.340e+000	5.6502e-006	-1.3704e+014	-1.3669e+014	1.3669e+014	5.2500e-015
5.350e+000	5.6517e-006	-1.3739e+014	-1.3704e+014	1.3704e+014	5.2500e-015
5.360e+000	5.6532e-006	-1.3774e+014	-1.3739e+014	1.3739e+014	5.2500e-015
5.370e+000	5.6547e-006	-1.3810e+014	-1.3774e+014	1.3774e+014	5.2500e-015
5.380e+000	5.6562e-006	-1.3845e+014	-1.3810e+014	1.3810e+014	5.2500e-015
5.390e+000	5.6577e-006	-1.3880e+014	-1.3845e+014	1.3845e+014	5.2500e-015
5.400e+000	5.6592e-006	-1.3916e+014	-1.3880e+014	1.3880e+014	5.2500e-015
5.410e+000	5.6607e-006	-1.3951e+014	-1.3916e+014	1.3916e+014	5.2500e-015
5.420e+000	5.6622e-006	-1.3986e+014	-1.3951e+014	1.3951e+014	5.2500e-015
5.430e+000	5.6637e-006	-1.4022e+014	-1.3986e+014	1.3986e+014	5.2500e-015
5.440e+000	5.6652e-006	-1.4057e+014	-1.4022e+014	1.4022e+014	5.2500e-015
5.450e+000	5.6667e-006	-1.4092e+014	-1.4057e+014	1.4057e+014	5.2500e-015
5.460e+000	5.6682e-006	-1.4128e+014	-1.4092e+014	1.4092e+014	5.2500e-015
5.470e+000	5.6696e-006	-1.4163e+014	-1.4128e+014	1.4128e+014	5.2500e-015
5.480e+000	5.6711e-006	-1.4199e+014	-1.4163e+014	1.4163e+014	5.2500e-015
5.490e+000	5.6726e-006	-1.4234e+014	-1.4199e+014	1.4199e+014	5.2500e-015
5.500e+000	5.6740e-006	-1.4269e+014	-1.4234e+014	1.4234e+014	5.2500e-015
5.510e+000	5.6755e-006	-1.4305e+014	-1.4269e+014	1.4269e+014	5.2500e-015
5.520e+000	5.6769e-006	-1.4340e+014	-1.4305e+014	1.4305e+014	5.2500e-015
5.530e+000	5.6784e-006	-1.4376e+014	-1.4340e+014	1.4340e+014	5.2500e-015
5.540e+000	5.6798e-006	-1.4411e+014	-1.4376e+014	1.4376e+014	5.2500e-015
5.550e+000	5.6813e-006	-1.4447e+014	-1.4411e+014	1.4411e+014	5.2500e-015
5.560e+000	5.6827e-006	-1.4482e+014	-1.4447e+014	1.4447e+014	5.2500e-015
5.570e+000	5.6841e-006	-1.4518e+014	-1.4482e+014	1.4482e+014	5.2500e-015
5.580e+000	5.6855e-006	-1.4553e+014	-1.4518e+014	1.4518e+014	5.2500e-015
5.590e+000	5.6870e-006	-1.4589e+014	-1.4553e+014	1.4553e+014	5.2500e-015
5.600e+000	5.6884e-006	-1.4624e+014	-1.4589e+014	1.4589e+014	5.2500e-015
5.610e+000	5.6898e-006	-1.4660e+014	-1.4624e+014	1.4624e+014	5.2500e-015
5.620e+000	5.6912e-006	-1.4695e+014	-1.4660e+014	1.4660e+014	5.2500e-015
5.630e+000	5.6926e-006	-1.4731e+014	-1.4695e+014	1.4695e+014	5.2500e-015
5.640e+000	5.6940e-006	-1.4766e+014	-1.4731e+014	1.4731e+014	5.2500e-015
5.650e+000	5.6954e-006	-1.4802e+014	-1.4766e+014	1.4766e+014	5.2500e-015
5.660e+000	5.6968e-006	-1.4837e+014	-1.4802e+014	1.4802e+014	5.2500e-015
5.670e+000	5.6982e-006	-1.4873e+014	-1.4837e+014	1.4837e+014	5.2500e-015
5.680e+000	5.6996e-006	-1.4908e+014	-1.4873e+014	1.4873e+014	5.2500e-015
5.690e+000	5.7010e-006	-1.4944e+014	-1.4908e+014	1.4908e+014	5.2500e-015
5.700e+000	5.7024e-006	-1.4980e+014	-1.4944e+014	1.4944e+014	5.2500e-015
5.710e+000	5.7038e-006	-1.5015e+014	-1.4980e+014	1.4980e+014	5.2500e-015
5.720e+000	5.7051e-006	-1.5051e+014	-1.5015e+014	1.5015e+014	5.2500e-015
5.730e+000	5.7065e-006	-1.5086e+014	-1.5051e+014	1.5051e+014	5.2500e-015
5.740e+000	5.7079e-006	-1.5122e+014	-1.5086e+014	1.5086e+014	5.2500e-015
5.750e+000	5.7093e-006	-1.5158e+014	-1.5122e+014	1.5122e+014	5.2500e-015
5.760e+000	5.7106e-006	-1.5193e+014	-1.5158e+014	1.5158e+014	5.2500e-015
5.770e+000	5.7120e-006	-1.5229e+014	-1.5193e+014	1.5193e+014	5.2500e-015
5.780e+000	5.7133e-006	-1.5265e+014	-1.5229e+014	1.5229e+014	5.2500e-015
5.790e+000	5.7147e-006	-1.5300e+014	-1.5265e+014	1.5265e+014	5.2500e-015
5.800e+000	5.7160e-006	-1.5336e+014	-1.5300e+014	1.5300e+014	5.2500e-015
5.810e+000	5.7174e-006	-1.5372e+014	-1.5336e+014	1.5336e+014	5.2500e-015
5.820e+000	5.7187e-006	-1.5407e+014	-1.5372e+014	1.5372e+014	5.2500e-015
5.830e+000	5.7201e-006	-1.5443e+014	-1.5407e+014	1.5407e+014	5.2500e-015
5.840e+000	5.7214e-006	-1.5479e+014	-1.5443e+014	1.5443e+014	5.2500e-015
5.850e+000	5.7227e-006	-1.5514e+014	-1.5479e+014	1.5479e+014	5.2500e-015
5.860e+000	5.7240e-006	-1.5550e+014	-1.5514e+014	1.5514e+014	5.2500e-015
5.870e+000	5.7254e-006	-1.5586e+014	-1.5550e+014	1.5550e+014	5.2500e-015
5.880e+000	5.7267e-006	-1.5622e+014	-1.5586e+014	1.5586e+014	5.2500e-015
5.890e+000	5.7280e-006	-1.5657e+014	-1.5622e+014	1.5622e+014	5.2500e-015
5.900e+000	5.7293e-006	-1.5693e+014	-1.5657e+014	1.5657e+014	5.2500e-015
5.910e+000	5.7306e-006	-1.5729e+014	-1.5693e+014	1.5693e+014	5.2500e-015
5.920e+000	5.7319e-006	-1.5765e+014	-1.5729e+014	1.5729e+014	5.2500e-015
5.930e+000	5.7333e-006	-1.5800e+014	-1.5765e+014	1.5765e+014	5.2500e-015
5.940e+000	5.7346e-006	-1.5836e+014	-1.5800e+014	1.5800e+014	5.2500e-015
5.950e+000	5.7359e-006	-1.5872e+014	-1.5836e+014	1.5836e+014	5.2500e-015
5.960e+000	5.7372e-006	-1.5908e+014	-1.5872e+014	1.5872e+014	5.2500e-015
5.970e+000	5.7384e-006	-1.5944e+014	-1.5908e+014	1.5908e+014	5.2500e-015
5.980e+000	5.7397e-006	-1.5980e+014	-1.5944e+014	1.5944e+014	5.2500e-015
5.990e+000	5.7410e-006	-1.6015e+014	-1.5980e+014	1.5980e+014	5.2500e-015
6.000e+000	5.7423e-006	-1.6051e+014	-1.6015e+014	1.6015e+014	5.2500e-015
6.010e+000	5.7436e-006	-1.6087e+014	-1.6051e+014	1.6051e+014	5.2500e-015
6.020e+000	5.7449e-006	-1.6123e+014	-1.6087e+014	1.6087e+014	5.2500e-015
6.030e+000	5.7461e-006	-1.6159e+014	-1.6123e+014	1.6123e+014	5.2500e-015
6.040e+000	5.7474e-006	-1.6195e+014	-1.6159e+014	1.6159e+014	5.2500e-015
6.050e+000	5.7487e-006	-1.6231e+014	-1.6195e+014	1.6195e+014	5.2500e-015
6.060e+000	5.7499e-006	-1.6266e+014	-1.6231e+014	1.6231e+014	5.2500e-015
6.070e+000	5.7512e-006	-1.6302e+014	-1.6266e+014	1.6266e+014	5.2500e-015
6.080e+000	5.7525e-006	-1.6338e+014	-1.6302e+014	1.6302e+014	5.2500e-015
6.090e+000	5.7537e-006	-1.6374e+014	-1.6338e+014	1.6338e+014	5.2500e-015
6.100e+000	5.7550e-006	-1.6410e+014	-1.6374e+014	1.6374e+014	5.2500e-015
6.110e+000	5.7562e-006	-1.6446e+014	-1.6410e+014	1.6410e+014	5.2500e-015
6.120e+000	5.7575e-006	-1.6482e+014	-1.6446e+014	1.6446e+014	5.2500e-015
6.130e+000	5.7587e-006	-1.6518e+014	-1.6482e+014	1.6482e+014	5.2500e-015
6.140e+000	5.7599e-006	-1.6554e+014	-1.6518e+014	1.6518e+014	5.2500e-015
6.150e+000	5.7612e-006	-1.6590e+014	-1.6554e+014	1.6554e+014	5.2500e-015
6.160e+000	5.7624e-006	-1.6626e+014	-1.6590e+014	1.6590e+014	5.2500e-015
6.170e+000	5.7637e-006	-1.6662e+014	-1.6626e+014	1.6626e+014	5.2500e-015
6.180e+000	5.7649e-006	-1.6698e+014	-1.6662e+014	1.6662e+014	5.2500e-015
6.190e+000	5.7661e-006	-1.6734e+014	-1.6698e+014	1.6698e+014	5.2500e-015
6.200e+000	5.7673e-006	-1.6770e+014	-1.6734e+014	1.6734e+014	5.2500e-015
6.210e+000	5.7686e-006	-1.6806e+014	-1.6770e+014	1.6770e+014	5.2500e-015
6.220e+000	5.7698e-006	-1.6842e+014	-1.6806e+014	1.6806e+014	5.2500e-015
6.230e+000	5.7710e-006	-1.6878e+014	-1.6842e+014	1.6842e+014	5.2500e-015
6.240e+000	5.7722e-006	-1.6914e+014	-1.6878e+014	1.6878e+014	5.2500e-015
6.250e+000	5.7734e-006	-1.6950e+014	-1.6914e+014	1.6914e+014	5.2500e-015
6.260e+000	5.7746e-006	-1.6986e+014	-1.6950e+014	1.6950e+014	5.2500e-015
6.270e+000	5.7758e-006	-1.7022e+014	-1.6986e+014	1.6986e+014	5.2500e-015
6.280e+000	5.7770e-006	-1.7058e+014	-1.7022e+014	1.7022e+014	5.2500e-015
6.290e+000	5.7782e-006	-1.7094e+014	-1.7058e+014	1.7058e+014	5.2500e-015
6.300e+000	5.7794e-006	-1.7130e+014	-1.7094e+014	1.7094e+014	5.2500e-015
6.310e+000	5.7806e-006	-1.7166e+014	-1.7130e+014	1.7130e+014	5.2500e-015
6.320e+000	5.7818e-006	-1.7202e+014	-1.7166e+014	1.7166e+014	5.2500e-015
6.330e+000	5.7830e-006	-1.7238e+014	-1.7202e+014	1.7202e+014	5.2500e-015
6.340e+000	5.7842e-006	-1.7274e+014	-1.7238e+014	1.7238e+014	5.2500e-015
6.350e+000	5.7853e-006	-1.7311e+014	-1.7274e+014	1.7274e+014	5.2500e-015
6.360e+000	5.7865e-006	-1.7347e+014	-1.7311e+014	1.7311e+014	5.2500e-015
6.370e+000	5.7877e-006	-1.7383e+014	-1.7347e+014	1.7347e+014	5.2500e-015
6.380e+000	5.7889e-006	-1.7419e+014	-1.7383e+014	1.7383e+014	5.2500e-015
6.390e+000	5.7900e-006	-1.7455e+014	-1.7419e+014	1.7419e+014	5.2500e-015
6.400e+000	5.7912e-006	-1.7491e+014	-1.7455e+014	1.7455e+014	5.2500e-015
6.410e+000	5.7924e-006	-1.7527e+014	-1.7491e+014	1.7491e+014	5.2500e-015
6.420e+000	5.7935e-006	-1.7563e+014	-1.7527e+014	1.7527e+014	5.2500e-015
6.430e+000	5.7947e-006	-1.7600e+014	-1.7563e+014	1.7563e+014	5.2500e-015
6.440e+000	5.7959e-006	-1.7636e+014	-1.7600e+014	1.7600e+014	5.2500e-015
6.450e+000	5.7970e-006	-1.7672e+014	-1.7636e+014	1.7636e+014	5.2500e-015
6.460e+000	5.7982e-006	-1.7708e+014	-1.7672e+014	1.7672e+014	5.2500e-015
6.470e+000	5.7993e-006	-1.7744e+014	-1.7708e+014	1.7708e+014	5.2500e-015
6.480e+000	5.8005e-006	-1.7781e+014	-1.7744e+014	1.7744e+014	5.2500e-015
6.490e+000	5.8016e-006	-1.7817e+014	-1.7781e+014	1.7781e+014	5.2500e-015
6.500e+000	5.8028e-006	-1.7853e+014	-1.7817e+014	1.7817e+014	5.2500e-015
6.510e+000	5.8039e-006	-1.7889e+014	-1.7853e+014	1.7853e+014	5.2500e-015
6.520e+000	5.8050e-006	-1.7925e+014	-1.7889e+014	1.7889e+014	5.2500e-015
6.530e+000	5.8062e-006	-1.7962e+014	-1.7925e+014	1.7925e+014	5.2500e-015
6.540e+000	5.8073e-006	-1.7998e+014	-1.7962e+014	1.7962e+014	5.2500e-015
6.550e+000	5.8084e-006	-1.8034e+014	-1.7998e+014	1.7998e+014	5.2500e-015
6.560e+000	5.8096e-006	-1.8070e+014	-1.8034e+014	1.8034e+014	5.2500e-015
6.570e+000	5.8107e-006	-1.8107e+014	-1.8070e+014	1.8070e+014	5.2500e-015
6.580e+000	5.8118e-006	-1.8143e+014	-1.8107e+014	1.8107e+014	5.2500e-015
6.590e+000	5.8129e-006	-1.8179e+014	-1.8143e+014	1.8143e+014	5.2500e-015
6.600e+000	5.8141e-006	-1.8216e+014	-1.8179e+014	1.8179e+014	5.2500e-015
6.610e+000	5.8152e-006	-1.8252e+014	-1.8216e+014	1.8216e+014	5.2500e-015
6.620e+000	5.8163e-006	-1.8288e+014	-1.8252e+014	1.8252e+014	5.2500e-015
6.630e+000	5.8174e-006	-1.8324e+014	-1.8288e+014	1.8288e+014	5.2500e-015
6.640e+000	5.8185e-006	-1.8361e+014	-1.8324e+014	1.8324e+014	5.2500e-015
6.650e+000	5.8196e-006	-1.8397e+014	-1.8361e+014	1.8361e+014	5.2500e-015
6.660e+000	5.8207e-006	-1.8433e+014	-1.8397e+014	1.8397e+014	5.2500e-015
6.670e+000	5.8218e-006	-1.8470e+014	-1.8433e+014	1.8433e+014	5.2500e-015
6.680e+000	5.8229e-006	-1.8506e+014	-1.8470e+014	1.8470e+014	5.2500e-015
6.690e+000	5.8240e-006	-1.8542e+014	-1.8506e+014	1.8506e+014	5.2500e-015
6.700e+000	5.8251e-006	-1.8579e+014	-1.8542e+014	1.8542e+014	5.2500e-015
6.710e+000	5.8262e-006	-1.8615e+014	-1.8579e+014	1.8579e+014	5.2500e-015
6.720e+000	5.8273e-006	-1.8652e+014	-1.8615e+014	1.8615e+014	5.2500e-015
6.730e+000	5.8284e-006	-1.8688e+014	-1.8652e+014	1.8652e+014	5.2500e-015
6.740e+000	5.8295e-006	-1.8724e+014	-1.8688e+014	1.8688e+014	5.2500e-015
6.750e+000	5.8306e-006	-1.8761e+014	-1.8724e+014	1.8724e+014	5.2500e-015
6.760e+000	5.8316e-006	-1.8797e+014	-1.8761e+014	1.8761e+014	5.2500e-015
6.770e+000	5.8327e-006	-1.8834e+014	-1.8797e+014	1.8797e+014	5.2500e-015
6.780e+000	5.8338e-006	-1.8870e+014	-1.8834e+014	1.8834e+014	5.2500e-015
6.790e+000	5.8349e-006	-1.8906e+014	-1.8870e+014	1.8870e+014	5.2500e-015
6.800e+000	5.8359e-006	-1.8943e+014	-1.8906e+014	1.8906e+014	5.2500e-015
6.810e+000	5.8370e-006	-1.8979e+014	-1.8943e+014	1.8943e+014	5.2500e-015
6.820e+000	5.8381e-006	-1.9016e+014	-1.8979e+014	1.8979e+014	5.2500e-015
6.830e+000	5.8391e-006	-1.9052e+014	-1.9016e+014	1.9016e+014	5.2500e-015
6.840e+000	5.8402e-006	-1.9089e+014	-1.9052e+014	1.9052e+014	5.2500e-015
6.850e+000	5.8413e-006	-1.9125e+014	-1.9089e+014	1.9089e+014	5.2500e-015
6.860e+000	5.8423e-006	-1.9161e+014	-1.9125e+014	1.9125e+014	5.2500e-015
6.870e+000	5.8434e-006	-1.9198e+014	-1.9161e+014	1.9161e+014	5.2500e-015
6.880e+000	5.8444e-006	-1.9234e+014	-1.9198e+014	1.9198e+014	5.2500e-015
6.890e+000	5.8455e-006	-1.9271e+014	-1.9234e+014	1.9234e+014	5.2500e-015
6.900e+000	5.8465e-006	-1.9307e+014	-1.9271e+014	1.9271e+014	5.2500e-015
6.910e+000	5.8476e-006	-1.9344e+014	-1.9307e+014	1.9307e+014	5.2500e-015
6.920e+000	5.8486e-006	-1.9380e+014	-1.9344e+014	1.9344e+014	5.2500e-015
6.930e+000	5.8497e-006	-1.9417e+014	-1.9380e+014	1.9380e+014	5.2500e-015
6.940e+000	5.8507e-006	-1.9453e+014	-1.9417e+014	1.9417e+014	5.2500e-015
6.950e+000	5.8518e-006	-1.9490e+014	-1.9453e+014	1.9453e+014	5.2500e-015
6.960e+000	5.8528e-006	-1.9526e+014	-1.9490e+014	1.9490e+014	5.2500e-015
6.970e+000	5.8538e-006	-1.9563e+014	-1.9526e+014	1.9526e+014	5.2500e-015
6.980e+000	5.8549e-006	-1.9600e+014	-1.9563e+014	1.9563e+014	5.2500e-015
6.990e+000	5.8559e-006	-1.9636e+014	-1.9600e+014	1.9600e+014	5.2500e-015
7.000e+000	5.8569e-006	-1.9673e+014	-1.9636e+014	1.9636e+014	5.2500e-015
