V	C (Fcm-2)	Initcharge (cm-2)	Finalcharge (cm-2)	ns Total (cm-2)	ps Total (cm-2)
-7.000e+000	4.8034e-017	-1.3434e+007	-1.3434e+007	6.3476e+000	5.2500e-015
-6.990e+000	4.8034e-017	-1.3434e+007	-1.3434e+007	6.3476e+000	5.2500e-015
-6.980e+000	4.8034e-017	-1.3434e+007	-1.3434e+007	6.3476e+000	5.2500e-015
-6.970e+000	4.8034e-017	-1.3434e+007	-1.3434e+007	6.3476e+000	5.2500e-015
-6.960e+000	4.8034e-017	-1.3434e+007	-1.3434e+007	6.3476e+000	5.2500e-015
-6.950e+000	4.8034e-017	-1.3434e+007	-1.3434e+007	6.3476e+000	5.2500e-015
-6.940e+000	4.8034e-017	-1.3434e+007	-1.3434e+007	6.3476e+000	5.2500e-015
-6.930e+000	4.8034e-017	-1.3434e+007	-1.3434e+007	6.3476e+000	5.2500e-015
-6.920e+000	4.8034e-017	-1.3434e+007	-1.3434e+007	6.3476e+000	5.2500e-015
-6.910e+000	4.8034e-017	-1.3434e+007	-1.3434e+007	6.3476e+000	5.2500e-015
-6.900e+000	4.8034e-017	-1.3434e+007	-1.3434e+007	6.3476e+000	5.2500e-015
-6.890e+000	4.8034e-017	-1.3434e+007	-1.3434e+007	6.3476e+000	5.2500e-015
-6.880e+000	4.8034e-017	-1.3434e+007	-1.3434e+007	6.3476e+000	5.2500e-015
-6.870e+000	4.8034e-017	-1.3434e+007	-1.3434e+007	6.3476e+000	5.2500e-015
-6.860e+000	4.8034e-017	-1.3434e+007	-1.3434e+007	6.3476e+000	5.2500e-015
-6.850e+000	4.8034e-017	-1.3434e+007	-1.3434e+007	6.3476e+000	5.2500e-015
-6.840e+000	4.8034e-017	-1.3434e+007	-1.3434e+007	6.3476e+000	5.2500e-015
-6.830e+000	4.8034e-017	-1.3434e+007	-1.3434e+007	6.3476e+000	5.2500e-015
-6.820e+000	4.8034e-017	-1.3434e+007	-1.3434e+007	6.3476e+000	5.2500e-015
-6.810e+000	4.8034e-017	-1.3434e+007	-1.3434e+007	6.3476e+000	5.2500e-015
-6.800e+000	4.8034e-017	-1.3434e+007	-1.3434e+007	6.3476e+000	5.2500e-015
-6.790e+000	4.8034e-017	-1.3434e+007	-1.3434e+007	6.3476e+000	5.2500e-015
-6.780e+000	4.8034e-017	-1.3434e+007	-1.3434e+007	6.3476e+000	5.2500e-015
-6.770e+000	4.8034e-017	-1.3434e+007	-1.3434e+007	6.3476e+000	5.2500e-015
-6.760e+000	4.8034e-017	-1.3434e+007	-1.3434e+007	6.3476e+000	5.2500e-015
-6.750e+000	4.8034e-017	-1.3434e+007	-1.3434e+007	6.3476e+000	5.2500e-015
-6.740e+000	4.8034e-017	-1.3434e+007	-1.3434e+007	6.3476e+000	5.2500e-015
-6.730e+000	4.8034e-017	-1.3434e+007	-1.3434e+007	6.3476e+000	5.2500e-015
-6.720e+000	4.8034e-017	-1.3434e+007	-1.3434e+007	6.3476e+000	5.2500e-015
-6.710e+000	4.8034e-017	-1.3434e+007	-1.3434e+007	6.3476e+000	5.2500e-015
-6.700e+000	4.8034e-017	-1.3434e+007	-1.3434e+007	6.3476e+000	5.2500e-015
-6.690e+000	4.8034e-017	-1.3434e+007	-1.3434e+007	6.3476e+000	5.2500e-015
-6.680e+000	4.8034e-017	-1.3434e+007	-1.3434e+007	6.3476e+000	5.2500e-015
-6.670e+000	4.8034e-017	-1.3434e+007	-1.3434e+007	6.3476e+000	5.2500e-015
-6.660e+000	4.8034e-017	-1.3434e+007	-1.3434e+007	6.3476e+000	5.2500e-015
-6.650e+000	4.8034e-017	-1.3434e+007	-1.3434e+007	6.3476e+000	5.2500e-015
-6.640e+000	4.8034e-017	-1.3434e+007	-1.3434e+007	6.3476e+000	5.2500e-015
-6.630e+000	4.8034e-017	-1.3434e+007	-1.3434e+007	6.3476e+000	5.2500e-015
-6.620e+000	4.8034e-017	-1.3434e+007	-1.3434e+007	6.3476e+000	5.2500e-015
-6.610e+000	4.8034e-017	-1.3434e+007	-1.3434e+007	6.3476e+000	5.2500e-015
-6.600e+000	4.8034e-017	-1.3434e+007	-1.3434e+007	6.3476e+000	5.2500e-015
-6.590e+000	4.8034e-017	-1.3434e+007	-1.3434e+007	6.3476e+000	5.2500e-015
-6.580e+000	4.8034e-017	-1.3434e+007	-1.3434e+007	6.3476e+000	5.2500e-015
-6.570e+000	4.8034e-017	-1.3434e+007	-1.3434e+007	6.3476e+000	5.2500e-015
-6.560e+000	4.8034e-017	-1.3434e+007	-1.3434e+007	6.3476e+000	5.2500e-015
-6.550e+000	4.8034e-017	-1.3434e+007	-1.3434e+007	6.3476e+000	5.2500e-015
-6.540e+000	4.8034e-017	-1.3434e+007	-1.3434e+007	6.3476e+000	5.2500e-015
-6.530e+000	4.8034e-017	-1.3434e+007	-1.3434e+007	6.3476e+000	5.2500e-015
-6.520e+000	4.8034e-017	-1.3434e+007	-1.3434e+007	6.3476e+000	5.2500e-015
-6.510e+000	4.8034e-017	-1.3434e+007	-1.3434e+007	6.3476e+000	5.2500e-015
-6.500e+000	4.8034e-017	-1.3434e+007	-1.3434e+007	6.3476e+000	5.2500e-015
-6.490e+000	4.8034e-017	-1.3434e+007	-1.3434e+007	6.3476e+000	5.2500e-015
-6.480e+000	4.8034e-017	-1.3434e+007	-1.3434e+007	6.3476e+000	5.2500e-015
-6.470e+000	4.8034e-017	-1.3434e+007	-1.3434e+007	6.3476e+000	5.2500e-015
-6.460e+000	4.8034e-017	-1.3434e+007	-1.3434e+007	6.3476e+000	5.2500e-015
-6.450e+000	4.8034e-017	-1.3434e+007	-1.3434e+007	6.3476e+000	5.2500e-015
-6.440e+000	4.8034e-017	-1.3434e+007	-1.3434e+007	6.3476e+000	5.2500e-015
-6.430e+000	4.8034e-017	-1.3434e+007	-1.3434e+007	6.3476e+000	5.2500e-015
-6.420e+000	4.8034e-017	-1.3434e+007	-1.3434e+007	6.3476e+000	5.2500e-015
-6.410e+000	4.8034e-017	-1.3434e+007	-1.3434e+007	6.3476e+000	5.2500e-015
-6.400e+000	4.8034e-017	-1.3434e+007	-1.3434e+007	6.3476e+000	5.2500e-015
-6.390e+000	4.8034e-017	-1.3434e+007	-1.3434e+007	6.3476e+000	5.2500e-015
-6.380e+000	4.8034e-017	-1.3434e+007	-1.3434e+007	6.3476e+000	5.2500e-015
-6.370e+000	4.8034e-017	-1.3434e+007	-1.3434e+007	6.3476e+000	5.2500e-015
-6.360e+000	4.8034e-017	-1.3434e+007	-1.3434e+007	6.3476e+000	5.2500e-015
-6.350e+000	4.8034e-017	-1.3434e+007	-1.3434e+007	6.3476e+000	5.2500e-015
-6.340e+000	4.8034e-017	-1.3434e+007	-1.3434e+007	6.3476e+000	5.2500e-015
-6.330e+000	4.8034e-017	-1.3434e+007	-1.3434e+007	6.3476e+000	5.2500e-015
-6.320e+000	4.8034e-017	-1.3434e+007	-1.3434e+007	6.3476e+000	5.2500e-015
-6.310e+000	4.8034e-017	-1.3434e+007	-1.3434e+007	6.3476e+000	5.2500e-015
-6.300e+000	4.8034e-017	-1.3434e+007	-1.3434e+007	6.3476e+000	5.2500e-015
-6.290e+000	4.8034e-017	-1.3434e+007	-1.3434e+007	6.3476e+000	5.2500e-015
-6.280e+000	4.8034e-017	-1.3434e+007	-1.3434e+007	6.3476e+000	5.2500e-015
-6.270e+000	4.8034e-017	-1.3434e+007	-1.3434e+007	6.3476e+000	5.2500e-015
-6.260e+000	4.8034e-017	-1.3434e+007	-1.3434e+007	6.3476e+000	5.2500e-015
-6.250e+000	4.8034e-017	-1.3434e+007	-1.3434e+007	6.3476e+000	5.2500e-015
-6.240e+000	4.8034e-017	-1.3434e+007	-1.3434e+007	6.3476e+000	5.2500e-015
-6.230e+000	4.8034e-017	-1.3434e+007	-1.3434e+007	6.3476e+000	5.2500e-015
-6.220e+000	4.8034e-017	-1.3434e+007	-1.3434e+007	6.3476e+000	5.2500e-015
-6.210e+000	4.8034e-017	-1.3434e+007	-1.3434e+007	6.3476e+000	5.2500e-015
-6.200e+000	4.8034e-017	-1.3434e+007	-1.3434e+007	6.3476e+000	5.2500e-015
-6.190e+000	4.8034e-017	-1.3434e+007	-1.3434e+007	6.3476e+000	5.2500e-015
-6.180e+000	4.8034e-017	-1.3434e+007	-1.3434e+007	6.3476e+000	5.2500e-015
-6.170e+000	4.8034e-017	-1.3434e+007	-1.3434e+007	6.3476e+000	5.2500e-015
-6.160e+000	4.8034e-017	-1.3434e+007	-1.3434e+007	6.3476e+000	5.2500e-015
-6.150e+000	4.8034e-017	-1.3434e+007	-1.3434e+007	6.3476e+000	5.2500e-015
-6.140e+000	4.8034e-017	-1.3434e+007	-1.3434e+007	6.3476e+000	5.2500e-015
-6.130e+000	4.8034e-017	-1.3434e+007	-1.3434e+007	6.3476e+000	5.2500e-015
-6.120e+000	4.8034e-017	-1.3434e+007	-1.3434e+007	6.3476e+000	5.2500e-015
-6.110e+000	4.8034e-017	-1.3434e+007	-1.3434e+007	6.3476e+000	5.2500e-015
-6.100e+000	4.8034e-017	-1.3434e+007	-1.3434e+007	6.3476e+000	5.2500e-015
-6.090e+000	4.8034e-017	-1.3434e+007	-1.3434e+007	6.3476e+000	5.2500e-015
-6.080e+000	4.8034e-017	-1.3434e+007	-1.3434e+007	6.3476e+000	5.2500e-015
-6.070e+000	4.8034e-017	-1.3434e+007	-1.3434e+007	6.3476e+000	5.2500e-015
-6.060e+000	4.8034e-017	-1.3434e+007	-1.3434e+007	6.3476e+000	5.2500e-015
-6.050e+000	4.8034e-017	-1.3434e+007	-1.3434e+007	6.3476e+000	5.2500e-015
-6.040e+000	4.8034e-017	-1.3434e+007	-1.3434e+007	6.3476e+000	5.2500e-015
-6.030e+000	4.8034e-017	-1.3434e+007	-1.3434e+007	6.3476e+000	5.2500e-015
-6.020e+000	4.8034e-017	-1.3434e+007	-1.3434e+007	6.3476e+000	5.2500e-015
-6.010e+000	4.8034e-017	-1.3434e+007	-1.3434e+007	6.3476e+000	5.2500e-015
-6.000e+000	4.8034e-017	-1.3434e+007	-1.3434e+007	6.3476e+000	5.2500e-015
-5.990e+000	4.8034e-017	-1.3434e+007	-1.3434e+007	6.3476e+000	5.2500e-015
-5.980e+000	4.8034e-017	-1.3434e+007	-1.3434e+007	6.3476e+000	5.2500e-015
-5.970e+000	4.8034e-017	-1.3434e+007	-1.3434e+007	6.3476e+000	5.2500e-015
-5.960e+000	4.8034e-017	-1.3434e+007	-1.3434e+007	6.3476e+000	5.2500e-015
-5.950e+000	4.8034e-017	-1.3434e+007	-1.3434e+007	6.3476e+000	5.2500e-015
-5.940e+000	4.8034e-017	-1.3434e+007	-1.3434e+007	6.3476e+000	5.2500e-015
-5.930e+000	4.8034e-017	-1.3434e+007	-1.3434e+007	6.3476e+000	5.2500e-015
-5.920e+000	4.8034e-017	-1.3434e+007	-1.3434e+007	6.3476e+000	5.2500e-015
-5.910e+000	4.8034e-017	-1.3434e+007	-1.3434e+007	6.3476e+000	5.2500e-015
-5.900e+000	4.8034e-017	-1.3434e+007	-1.3434e+007	6.3476e+000	5.2500e-015
-5.890e+000	4.8034e-017	-1.3434e+007	-1.3434e+007	6.3476e+000	5.2500e-015
-5.880e+000	4.8034e-017	-1.3434e+007	-1.3434e+007	6.3476e+000	5.2500e-015
-5.870e+000	4.8034e-017	-1.3434e+007	-1.3434e+007	6.3476e+000	5.2500e-015
-5.860e+000	4.8034e-017	-1.3434e+007	-1.3434e+007	6.3476e+000	5.2500e-015
-5.850e+000	4.8034e-017	-1.3434e+007	-1.3434e+007	6.3476e+000	5.2500e-015
-5.840e+000	4.8034e-017	-1.3434e+007	-1.3434e+007	6.3476e+000	5.2500e-015
-5.830e+000	4.8034e-017	-1.3434e+007	-1.3434e+007	6.3476e+000	5.2500e-015
-5.820e+000	4.8034e-017	-1.3434e+007	-1.3434e+007	6.3476e+000	5.2500e-015
-5.810e+000	4.8034e-017	-1.3434e+007	-1.3434e+007	6.3476e+000	5.2500e-015
-5.800e+000	4.8034e-017	-1.3434e+007	-1.3434e+007	6.3476e+000	5.2500e-015
-5.790e+000	4.8034e-017	-1.3434e+007	-1.3434e+007	6.3476e+000	5.2500e-015
-5.780e+000	4.8034e-017	-1.3434e+007	-1.3434e+007	6.3476e+000	5.2500e-015
-5.770e+000	4.8034e-017	-1.3434e+007	-1.3434e+007	6.3476e+000	5.2500e-015
-5.760e+000	4.8034e-017	-1.3434e+007	-1.3434e+007	6.3476e+000	5.2500e-015
-5.750e+000	4.8034e-017	-1.3434e+007	-1.3434e+007	6.3476e+000	5.2500e-015
-5.740e+000	4.8034e-017	-1.3434e+007	-1.3434e+007	6.3476e+000	5.2500e-015
-5.730e+000	4.8034e-017	-1.3434e+007	-1.3434e+007	6.3476e+000	5.2500e-015
-5.720e+000	4.8034e-017	-1.3434e+007	-1.3434e+007	6.3476e+000	5.2500e-015
-5.710e+000	4.8034e-017	-1.3434e+007	-1.3434e+007	6.3476e+000	5.2500e-015
-5.700e+000	4.8034e-017	-1.3434e+007	-1.3434e+007	6.3476e+000	5.2500e-015
-5.690e+000	4.8034e-017	-1.3434e+007	-1.3434e+007	6.3476e+000	5.2500e-015
-5.680e+000	4.8034e-017	-1.3434e+007	-1.3434e+007	6.3476e+000	5.2500e-015
-5.670e+000	4.8034e-017	-1.3434e+007	-1.3434e+007	6.3476e+000	5.2500e-015
-5.660e+000	4.8034e-017	-1.3434e+007	-1.3434e+007	6.3476e+000	5.2500e-015
-5.650e+000	4.8034e-017	-1.3434e+007	-1.3434e+007	6.3476e+000	5.2500e-015
-5.640e+000	4.8034e-017	-1.3434e+007	-1.3434e+007	6.3476e+000	5.2500e-015
-5.630e+000	4.8034e-017	-1.3434e+007	-1.3434e+007	6.3476e+000	5.2500e-015
-5.620e+000	4.8034e-017	-1.3434e+007	-1.3434e+007	6.3476e+000	5.2500e-015
-5.610e+000	4.8034e-017	-1.3434e+007	-1.3434e+007	6.3476e+000	5.2500e-015
-5.600e+000	4.8034e-017	-1.3434e+007	-1.3434e+007	6.3476e+000	5.2500e-015
-5.590e+000	4.8034e-017	-1.3434e+007	-1.3434e+007	6.3476e+000	5.2500e-015
-5.580e+000	4.8034e-017	-1.3434e+007	-1.3434e+007	6.3476e+000	5.2500e-015
-5.570e+000	4.8034e-017	-1.3434e+007	-1.3434e+007	6.3476e+000	5.2500e-015
-5.560e+000	4.8034e-017	-1.3434e+007	-1.3434e+007	6.3476e+000	5.2500e-015
-5.550e+000	4.8034e-017	-1.3434e+007	-1.3434e+007	6.3476e+000	5.2500e-015
-5.540e+000	4.8034e-017	-1.3434e+007	-1.3434e+007	6.3476e+000	5.2500e-015
-5.530e+000	4.8034e-017	-1.3434e+007	-1.3434e+007	6.3476e+000	5.2500e-015
-5.520e+000	4.8034e-017	-1.3434e+007	-1.3434e+007	6.3476e+000	5.2500e-015
-5.510e+000	4.8034e-017	-1.3434e+007	-1.3434e+007	6.3476e+000	5.2500e-015
-5.500e+000	4.8034e-017	-1.3434e+007	-1.3434e+007	6.3476e+000	5.2500e-015
-5.490e+000	4.8034e-017	-1.3434e+007	-1.3434e+007	6.3476e+000	5.2500e-015
-5.480e+000	4.8034e-017	-1.3434e+007	-1.3434e+007	6.3476e+000	5.2500e-015
-5.470e+000	4.8034e-017	-1.3434e+007	-1.3434e+007	6.3476e+000	5.2500e-015
-5.460e+000	4.8034e-017	-1.3434e+007	-1.3434e+007	6.3476e+000	5.2500e-015
-5.450e+000	4.8034e-017	-1.3434e+007	-1.3434e+007	6.3476e+000	5.2500e-015
-5.440e+000	4.8034e-017	-1.3434e+007	-1.3434e+007	6.3476e+000	5.2500e-015
-5.430e+000	4.8034e-017	-1.3434e+007	-1.3434e+007	6.3476e+000	5.2500e-015
-5.420e+000	4.8034e-017	-1.3434e+007	-1.3434e+007	6.3476e+000	5.2500e-015
-5.410e+000	4.8034e-017	-1.3434e+007	-1.3434e+007	6.3476e+000	5.2500e-015
-5.400e+000	4.8034e-017	-1.3434e+007	-1.3434e+007	6.3476e+000	5.2500e-015
-5.390e+000	4.8034e-017	-1.3434e+007	-1.3434e+007	6.3476e+000	5.2500e-015
-5.380e+000	4.8034e-017	-1.3434e+007	-1.3434e+007	6.3476e+000	5.2500e-015
-5.370e+000	4.8034e-017	-1.3434e+007	-1.3434e+007	6.3476e+000	5.2500e-015
-5.360e+000	4.8034e-017	-1.3434e+007	-1.3434e+007	6.3476e+000	5.2500e-015
-5.350e+000	4.8034e-017	-1.3434e+007	-1.3434e+007	6.3476e+000	5.2500e-015
-5.340e+000	4.8034e-017	-1.3434e+007	-1.3434e+007	6.3476e+000	5.2500e-015
-5.330e+000	4.8034e-017	-1.3434e+007	-1.3434e+007	6.3476e+000	5.2500e-015
-5.320e+000	4.8034e-017	-1.3434e+007	-1.3434e+007	6.3476e+000	5.2500e-015
-5.310e+000	4.8034e-017	-1.3434e+007	-1.3434e+007	6.3476e+000	5.2500e-015
-5.300e+000	4.8034e-017	-1.3434e+007	-1.3434e+007	6.3476e+000	5.2500e-015
-5.290e+000	4.8034e-017	-1.3434e+007	-1.3434e+007	6.3476e+000	5.2500e-015
-5.280e+000	4.8034e-017	-1.3434e+007	-1.3434e+007	6.3476e+000	5.2500e-015
-5.270e+000	4.8034e-017	-1.3434e+007	-1.3434e+007	6.3476e+000	5.2500e-015
-5.260e+000	4.8034e-017	-1.3434e+007	-1.3434e+007	6.3476e+000	5.2500e-015
-5.250e+000	4.8034e-017	-1.3434e+007	-1.3434e+007	6.3476e+000	5.2500e-015
-5.240e+000	4.8034e-017	-1.3434e+007	-1.3434e+007	6.3476e+000	5.2500e-015
-5.230e+000	4.8034e-017	-1.3434e+007	-1.3434e+007	6.3476e+000	5.2500e-015
-5.220e+000	4.8034e-017	-1.3434e+007	-1.3434e+007	6.3476e+000	5.2500e-015
-5.210e+000	4.8034e-017	-1.3434e+007	-1.3434e+007	6.3476e+000	5.2500e-015
-5.200e+000	4.8034e-017	-1.3434e+007	-1.3434e+007	6.3476e+000	5.2500e-015
-5.190e+000	4.8034e-017	-1.3434e+007	-1.3434e+007	6.3476e+000	5.2500e-015
-5.180e+000	4.8035e-017	-1.3434e+007	-1.3434e+007	6.3476e+000	5.2500e-015
-5.170e+000	4.8035e-017	-1.3434e+007	-1.3434e+007	6.3477e+000	5.2500e-015
-5.160e+000	4.8035e-017	-1.3434e+007	-1.3434e+007	6.3477e+000	5.2500e-015
-5.150e+000	4.8035e-017	-1.3434e+007	-1.3434e+007	6.3478e+000	5.2500e-015
-5.140e+000	4.8036e-017	-1.3434e+007	-1.3434e+007	6.3478e+000	5.2500e-015
-5.130e+000	4.8037e-017	-1.3434e+007	-1.3434e+007	6.3480e+000	5.2500e-015
-5.120e+000	4.8038e-017	-1.3434e+007	-1.3434e+007	6.3482e+000	5.2500e-015
-5.110e+000	4.8041e-017	-1.3434e+007	-1.3434e+007	6.3484e+000	5.2500e-015
-5.100e+000	4.8044e-017	-1.3434e+007	-1.3434e+007	6.3488e+000	5.2500e-015
-5.090e+000	4.8048e-017	-1.3434e+007	-1.3434e+007	6.3494e+000	5.2500e-015
-5.080e+000	4.8055e-017	-1.3434e+007	-1.3434e+007	6.3503e+000	5.2500e-015
-5.070e+000	4.8064e-017	-1.3434e+007	-1.3434e+007	6.3516e+000	5.2500e-015
-5.060e+000	4.8078e-017	-1.3434e+007	-1.3434e+007	6.3534e+000	5.2500e-015
-5.050e+000	4.8099e-017	-1.3434e+007	-1.3434e+007	6.3562e+000	5.2500e-015
-5.040e+000	4.8130e-017	-1.3434e+007	-1.3434e+007	6.3603e+000	5.2500e-015
-5.030e+000	4.8176e-017	-1.3434e+007	-1.3434e+007	6.3663e+000	5.2500e-015
-5.020e+000	4.8242e-017	-1.3434e+007	-1.3434e+007	6.3751e+000	5.2500e-015
-5.010e+000	4.8341e-017	-1.3434e+007	-1.3434e+007	6.3881e+000	5.2500e-015
-5.000e+000	4.8486e-017	-1.3434e+007	-1.3434e+007	6.4073e+000	5.2500e-015
-4.990e+000	4.8699e-017	-1.3434e+007	-1.3434e+007	6.4354e+000	5.2500e-015
-4.980e+000	4.9013e-017	-1.3434e+007	-1.3434e+007	6.4769e+000	5.2500e-015
-4.970e+000	4.9499e-017	-1.3434e+007	-1.3434e+007	6.5380e+000	5.2500e-015
-4.960e+000	5.0156e-017	-1.3434e+007	-1.3434e+007	6.6280e+000	5.2500e-015
-4.950e+000	5.1158e-017	-1.3434e+007	-1.3434e+007	6.7604e+000	5.2500e-015
-4.940e+000	5.2649e-017	-1.3434e+007	-1.3434e+007	6.9554e+000	5.2500e-015
-4.930e+000	5.4833e-017	-1.3434e+007	-1.3434e+007	7.2425e+000	5.2500e-015
-4.920e+000	5.8035e-017	-1.3434e+007	-1.3434e+007	7.6651e+000	5.2500e-015
-4.910e+000	6.2756e-017	-1.3434e+007	-1.3434e+007	8.2874e+000	5.2500e-015
-4.900e+000	6.9704e-017	-1.3434e+007	-1.3434e+007	9.2035e+000	5.2500e-015
-4.890e+000	7.9953e-017	-1.3434e+007	-1.3434e+007	1.0552e+001	5.2500e-015
-4.880e+000	9.5011e-017	-1.3434e+007	-1.3434e+007	1.2538e+001	5.2500e-015
-4.870e+000	1.1723e-016	-1.3434e+007	-1.3434e+007	1.5462e+001	5.2500e-015
-4.860e+000	1.4986e-016	-1.3434e+007	-1.3434e+007	1.9767e+001	5.2500e-015
-4.850e+000	1.9799e-016	-1.3434e+007	-1.3434e+007	2.6104e+001	5.2500e-015
-4.840e+000	2.6880e-016	-1.3434e+007	-1.3434e+007	3.5435e+001	5.2500e-015
-4.830e+000	3.7305e-016	-1.3434e+007	-1.3434e+007	4.9173e+001	5.2500e-015
-4.820e+000	5.2657e-016	-1.3434e+007	-1.3434e+007	6.9399e+001	5.2500e-015
-4.810e+000	7.5258e-016	-1.3434e+007	-1.3434e+007	9.9177e+001	5.2500e-015
-4.800e+000	1.0853e-015	-1.3434e+007	-1.3434e+007	1.4302e+002	5.2500e-015
-4.790e+000	1.5752e-015	-1.3435e+007	-1.3434e+007	2.0757e+002	5.2500e-015
-4.780e+000	2.2965e-015	-1.3435e+007	-1.3435e+007	3.0260e+002	5.2500e-015
-4.770e+000	3.3584e-015	-1.3435e+007	-1.3435e+007	4.4252e+002	5.2500e-015
-4.760e+000	4.9219e-015	-1.3435e+007	-1.3435e+007	6.4852e+002	5.2500e-015
-4.750e+000	7.2237e-015	-1.3436e+007	-1.3435e+007	9.5181e+002	5.2500e-015
-4.740e+000	1.0613e-014	-1.3436e+007	-1.3436e+007	1.3983e+003	5.2500e-015
-4.730e+000	1.5602e-014	-1.3437e+007	-1.3436e+007	2.0558e+003	5.2500e-015
-4.720e+000	2.2948e-014	-1.3439e+007	-1.3437e+007	3.0237e+003	5.2500e-015
-4.710e+000	3.3764e-014	-1.3441e+007	-1.3439e+007	4.4487e+003	5.2500e-015
-4.700e+000	4.9687e-014	-1.3444e+007	-1.3441e+007	6.5468e+003	5.2500e-015
-4.690e+000	7.3131e-014	-1.3449e+007	-1.3444e+007	9.6357e+003	5.2500e-015
-4.680e+000	1.0765e-013	-1.3455e+007	-1.3448e+007	1.4184e+004	5.2500e-015
-4.670e+000	1.5847e-013	-1.3465e+007	-1.3455e+007	2.0879e+004	5.2500e-015
-4.660e+000	2.3328e-013	-1.3480e+007	-1.3465e+007	3.0737e+004	5.2500e-015
-4.650e+000	3.4343e-013	-1.3501e+007	-1.3480e+007	4.5251e+004	5.2500e-015
-4.640e+000	5.0561e-013	-1.3533e+007	-1.3501e+007	6.6619e+004	5.2500e-015
-4.630e+000	7.4437e-013	-1.3579e+007	-1.3533e+007	9.8079e+004	5.2500e-015
-4.620e+000	1.0959e-012	-1.3648e+007	-1.3579e+007	1.4440e+005	5.2500e-015
-4.610e+000	1.6134e-012	-1.3748e+007	-1.3647e+007	2.1259e+005	5.2500e-015
-4.600e+000	2.3753e-012	-1.3896e+007	-1.3748e+007	3.1298e+005	5.2500e-015
-4.590e+000	3.4969e-012	-1.4115e+007	-1.3896e+007	4.6079e+005	5.2500e-015
-4.580e+000	5.1480e-012	-1.4436e+007	-1.4115e+007	6.7839e+005	5.2500e-015
-4.570e+000	7.5785e-012	-1.4909e+007	-1.4436e+007	9.9874e+005	5.2500e-015
-4.560e+000	1.1156e-011	-1.5605e+007	-1.4909e+007	1.4703e+006	5.2500e-015
-4.550e+000	1.6421e-011	-1.6630e+007	-1.5605e+007	2.1645e+006	5.2500e-015
-4.540e+000	2.4167e-011	-1.8139e+007	-1.6630e+007	3.1864e+006	5.2500e-015
-4.530e+000	3.5562e-011	-2.0358e+007	-1.8139e+007	4.6902e+006	5.2500e-015
-4.520e+000	5.2317e-011	-2.3624e+007	-2.0358e+007	6.9032e+006	5.2500e-015
-4.510e+000	7.6937e-011	-2.8426e+007	-2.3624e+007	1.0159e+007	5.2500e-015
-4.500e+000	1.1308e-010	-3.5484e+007	-2.8426e+007	1.4946e+007	5.2500e-015
-4.490e+000	1.6608e-010	-4.5850e+007	-3.5484e+007	2.1983e+007	5.2500e-015
-4.480e+000	2.4364e-010	-6.1056e+007	-4.5850e+007	3.2319e+007	5.2500e-015
-4.470e+000	3.5682e-010	-8.3327e+007	-6.1056e+007	4.7480e+007	5.2500e-015
-4.460e+000	5.2132e-010	-1.1587e+008	-8.3327e+007	6.9685e+007	5.2500e-015
-4.450e+000	7.5902e-010	-1.6324e+008	-1.1587e+008	1.0213e+008	5.2500e-015
-4.440e+000	1.0997e-009	-2.3188e+008	-1.6324e+008	1.4936e+008	5.2500e-015
-4.430e+000	1.5824e-009	-3.3064e+008	-2.3188e+008	2.1780e+008	5.2500e-015
-4.420e+000	2.2557e-009	-4.7143e+008	-3.3064e+008	3.1627e+008	5.2500e-015
-4.410e+000	3.1760e-009	-6.6966e+008	-4.7143e+008	4.5666e+008	5.2500e-015
-4.400e+000	4.4017e-009	-9.4440e+008	-6.6966e+008	6.5434e+008	5.2500e-015
-4.390e+000	5.9848e-009	-1.3179e+009	-9.4440e+008	9.2833e+008	5.2500e-015
-4.380e+000	7.9614e-009	-1.8148e+009	-1.3179e+009	1.3009e+009	5.2500e-015
-4.370e+000	1.0346e-008	-2.4606e+009	-1.8148e+009	1.7966e+009	5.2500e-015
-4.360e+000	1.3134e-008	-3.2803e+009	-2.4606e+009	2.4408e+009	5.2500e-015
-4.350e+000	1.6315e-008	-4.2986e+009	-3.2803e+009	3.2588e+009	5.2500e-015
-4.340e+000	1.9883e-008	-5.5396e+009	-4.2986e+009	4.2751e+009	5.2500e-015
-4.330e+000	2.3847e-008	-7.0280e+009	-5.5396e+009	5.5140e+009	5.2500e-015
-4.320e+000	2.8235e-008	-8.7903e+009	-7.0280e+009	7.0002e+009	5.2500e-015
-4.310e+000	3.3084e-008	-1.0855e+010	-8.7903e+009	8.7603e+009	5.2500e-015
-4.300e+000	3.8435e-008	-1.3254e+010	-1.0855e+010	1.0823e+010	5.2500e-015
-4.290e+000	4.4323e-008	-1.6021e+010	-1.3254e+010	1.3220e+010	5.2500e-015
-4.280e+000	5.0767e-008	-1.9189e+010	-1.6021e+010	1.5984e+010	5.2500e-015
-4.270e+000	5.7769e-008	-2.2795e+010	-1.9189e+010	1.9151e+010	5.2500e-015
-4.260e+000	6.5304e-008	-2.6871e+010	-2.2795e+010	2.2755e+010	5.2500e-015
-4.250e+000	7.3325e-008	-3.1447e+010	-2.6871e+010	2.6829e+010	5.2500e-015
-4.240e+000	8.1762e-008	-3.6551e+010	-3.1447e+010	3.1405e+010	5.2500e-015
-4.230e+000	9.0525e-008	-4.2201e+010	-3.6551e+010	3.6507e+010	5.2500e-015
-4.220e+000	9.9516e-008	-4.8412e+010	-4.2201e+010	4.2156e+010	5.2500e-015
-4.210e+000	1.0863e-007	-5.5192e+010	-4.8412e+010	4.8366e+010	5.2500e-015
-4.200e+000	1.1776e-007	-6.2542e+010	-5.5192e+010	5.5145e+010	5.2500e-015
-4.190e+000	1.2681e-007	-7.0456e+010	-6.2542e+010	6.2494e+010	5.2500e-015
-4.180e+000	1.3569e-007	-7.8925e+010	-7.0456e+010	7.0408e+010	5.2500e-015
-4.170e+000	1.4434e-007	-8.7934e+010	-7.8925e+010	7.8877e+010	5.2500e-015
-4.160e+000	1.5269e-007	-9.7464e+010	-8.7934e+010	8.7885e+010	5.2500e-015
-4.150e+000	1.6050e-007	-1.0748e+011	-9.7464e+010	9.7415e+010	5.2500e-015
-4.140e+000	1.6787e-007	-1.1796e+011	-1.0748e+011	1.0743e+011	5.2500e-015
-4.130e+000	1.7505e-007	-1.2889e+011	-1.1796e+011	1.1791e+011	5.2500e-015
-4.120e+000	1.8199e-007	-1.4024e+011	-1.2889e+011	1.2883e+011	5.2500e-015
-4.110e+000	1.8825e-007	-1.5199e+011	-1.4024e+011	1.4019e+011	5.2500e-015
-4.100e+000	1.9441e-007	-1.6413e+011	-1.5199e+011	1.5194e+011	5.2500e-015
-4.090e+000	2.0006e-007	-1.7661e+011	-1.6413e+011	1.6408e+011	5.2500e-015
-4.080e+000	2.0536e-007	-1.8943e+011	-1.7661e+011	1.7656e+011	5.2500e-015
-4.070e+000	2.1033e-007	-2.0256e+011	-1.8943e+011	1.8938e+011	5.2500e-015
-4.060e+000	2.1498e-007	-2.1598e+011	-2.0256e+011	2.0251e+011	5.2500e-015
-4.050e+000	2.1933e-007	-2.2967e+011	-2.1598e+011	2.1593e+011	5.2500e-015
-4.040e+000	2.2340e-007	-2.4361e+011	-2.2967e+011	2.2962e+011	5.2500e-015
-4.030e+000	2.2726e-007	-2.5780e+011	-2.4361e+011	2.4356e+011	5.2500e-015
-4.020e+000	2.3077e-007	-2.7220e+011	-2.5780e+011	2.5774e+011	5.2500e-015
-4.010e+000	2.3415e-007	-2.8681e+011	-2.7220e+011	2.7215e+011	5.2500e-015
-4.000e+000	2.3723e-007	-3.0162e+011	-2.8681e+011	2.8676e+011	5.2500e-015
-3.990e+000	2.4020e-007	-3.1661e+011	-3.0162e+011	3.0157e+011	5.2500e-015
-3.980e+000	2.4291e-007	-3.3177e+011	-3.1661e+011	3.1656e+011	5.2500e-015
-3.970e+000	2.4552e-007	-3.4710e+011	-3.3177e+011	3.3172e+011	5.2500e-015
-3.960e+000	2.4794e-007	-3.6257e+011	-3.4710e+011	3.4705e+011	5.2500e-015
-3.950e+000	2.5019e-007	-3.7819e+011	-3.6257e+011	3.6252e+011	5.2500e-015
-3.940e+000	2.5236e-007	-3.9394e+011	-3.7819e+011	3.7814e+011	5.2500e-015
-3.930e+000	2.5438e-007	-4.0982e+011	-3.9394e+011	3.9389e+011	5.2500e-015
-3.920e+000	2.5626e-007	-4.2581e+011	-4.0982e+011	4.0977e+011	5.2500e-015
-3.910e+000	2.5807e-007	-4.4192e+011	-4.2581e+011	4.2576e+011	5.2500e-015
-3.900e+000	2.5977e-007	-4.5813e+011	-4.4192e+011	4.4187e+011	5.2500e-015
-3.890e+000	2.6137e-007	-4.7445e+011	-4.5813e+011	4.5808e+011	5.2500e-015
-3.880e+000	2.6287e-007	-4.9085e+011	-4.7445e+011	4.7439e+011	5.2500e-015
-3.870e+000	2.6432e-007	-5.0735e+011	-4.9085e+011	4.9080e+011	5.2500e-015
-3.860e+000	2.6568e-007	-5.2393e+011	-5.0735e+011	5.0730e+011	5.2500e-015
-3.850e+000	2.6697e-007	-5.4060e+011	-5.2393e+011	5.2388e+011	5.2500e-015
-3.840e+000	2.6819e-007	-5.5733e+011	-5.4060e+011	5.4054e+011	5.2500e-015
-3.830e+000	2.6935e-007	-5.7415e+011	-5.5733e+011	5.5728e+011	5.2500e-015
-3.820e+000	2.7044e-007	-5.9103e+011	-5.7415e+011	5.7409e+011	5.2500e-015
-3.810e+000	2.7151e-007	-6.0797e+011	-5.9103e+011	5.9097e+011	5.2500e-015
-3.800e+000	2.7251e-007	-6.2498e+011	-6.0797e+011	6.0792e+011	5.2500e-015
-3.790e+000	2.7346e-007	-6.4205e+011	-6.2498e+011	6.2493e+011	5.2500e-015
-3.780e+000	2.7437e-007	-6.5917e+011	-6.4205e+011	6.4200e+011	5.2500e-015
-3.770e+000	2.7524e-007	-6.7635e+011	-6.5917e+011	6.5912e+011	5.2500e-015
-3.760e+000	2.7607e-007	-6.9358e+011	-6.7635e+011	6.7630e+011	5.2500e-015
-3.750e+000	2.7687e-007	-7.1086e+011	-6.9358e+011	6.9353e+011	5.2500e-015
-3.740e+000	2.7762e-007	-7.2819e+011	-7.1086e+011	7.1081e+011	5.2500e-015
-3.730e+000	2.7835e-007	-7.4556e+011	-7.2819e+011	7.2814e+011	5.2500e-015
-3.720e+000	2.7905e-007	-7.6298e+011	-7.4556e+011	7.4551e+011	5.2500e-015
-3.710e+000	2.7972e-007	-7.8044e+011	-7.6298e+011	7.6293e+011	5.2500e-015
-3.700e+000	2.8036e-007	-7.9794e+011	-7.8044e+011	7.8039e+011	5.2500e-015
-3.690e+000	2.8098e-007	-8.1548e+011	-7.9794e+011	7.9789e+011	5.2500e-015
-3.680e+000	2.8157e-007	-8.3305e+011	-8.1548e+011	8.1542e+011	5.2500e-015
-3.670e+000	2.8214e-007	-8.5066e+011	-8.3305e+011	8.3300e+011	5.2500e-015
-3.660e+000	2.8269e-007	-8.6830e+011	-8.5066e+011	8.5061e+011	5.2500e-015
-3.650e+000	2.8322e-007	-8.8598e+011	-8.6830e+011	8.6825e+011	5.2500e-015
-3.640e+000	2.8374e-007	-9.0369e+011	-8.8598e+011	8.8593e+011	5.2500e-015
-3.630e+000	2.8423e-007	-9.2143e+011	-9.0369e+011	9.0364e+011	5.2500e-015
-3.620e+000	2.8471e-007	-9.3920e+011	-9.2143e+011	9.2138e+011	5.2500e-015
-3.610e+000	2.8518e-007	-9.5700e+011	-9.3920e+011	9.3915e+011	5.2500e-015
-3.600e+000	2.8564e-007	-9.7483e+011	-9.5700e+011	9.5695e+011	5.2500e-015
-3.590e+000	2.8608e-007	-9.9268e+011	-9.7483e+011	9.7478e+011	5.2500e-015
-3.580e+000	2.8652e-007	-1.0106e+012	-9.9268e+011	9.9263e+011	5.2500e-015
-3.570e+000	2.8694e-007	-1.0285e+012	-1.0106e+012	1.0105e+012	5.2500e-015
-3.560e+000	2.8736e-007	-1.0464e+012	-1.0285e+012	1.0284e+012	5.2500e-015
-3.550e+000	2.8777e-007	-1.0644e+012	-1.0464e+012	1.0464e+012	5.2500e-015
-3.540e+000	2.8818e-007	-1.0824e+012	-1.0644e+012	1.0643e+012	5.2500e-015
-3.530e+000	2.8859e-007	-1.1004e+012	-1.0824e+012	1.0823e+012	5.2500e-015
-3.520e+000	2.8899e-007	-1.1184e+012	-1.1004e+012	1.1003e+012	5.2500e-015
-3.510e+000	2.8940e-007	-1.1365e+012	-1.1184e+012	1.1184e+012	5.2500e-015
-3.500e+000	2.8982e-007	-1.1546e+012	-1.1365e+012	1.1364e+012	5.2500e-015
-3.490e+000	2.9024e-007	-1.1727e+012	-1.1546e+012	1.1545e+012	5.2500e-015
-3.480e+000	2.9067e-007	-1.1908e+012	-1.1727e+012	1.1726e+012	5.2500e-015
-3.470e+000	2.9111e-007	-1.2090e+012	-1.1908e+012	1.1908e+012	5.2500e-015
-3.460e+000	2.9157e-007	-1.2272e+012	-1.2090e+012	1.2089e+012	5.2500e-015
-3.450e+000	2.9206e-007	-1.2454e+012	-1.2272e+012	1.2271e+012	5.2500e-015
-3.440e+000	2.9257e-007	-1.2637e+012	-1.2454e+012	1.2454e+012	5.2500e-015
-3.430e+000	2.9311e-007	-1.2820e+012	-1.2637e+012	1.2636e+012	5.2500e-015
-3.420e+000	2.9368e-007	-1.3003e+012	-1.2820e+012	1.2819e+012	5.2500e-015
-3.410e+000	2.9431e-007	-1.3187e+012	-1.3003e+012	1.3002e+012	5.2500e-015
-3.400e+000	2.9498e-007	-1.3371e+012	-1.3187e+012	1.3186e+012	5.2500e-015
-3.390e+000	2.9572e-007	-1.3555e+012	-1.3371e+012	1.3370e+012	5.2500e-015
-3.380e+000	2.9633e-007	-1.3740e+012	-1.3555e+012	1.3555e+012	5.2500e-015
-3.370e+000	2.9733e-007	-1.3926e+012	-1.3740e+012	1.3740e+012	5.2500e-015
-3.360e+000	2.9828e-007	-1.4112e+012	-1.3926e+012	1.3925e+012	5.2500e-015
-3.350e+000	2.9932e-007	-1.4299e+012	-1.4112e+012	1.4112e+012	5.2500e-015
-3.340e+000	3.0047e-007	-1.4486e+012	-1.4299e+012	1.4298e+012	5.2500e-015
-3.330e+000	3.0173e-007	-1.4675e+012	-1.4486e+012	1.4486e+012	5.2500e-015
-3.320e+000	3.0312e-007	-1.4864e+012	-1.4675e+012	1.4674e+012	5.2500e-015
-3.310e+000	3.0464e-007	-1.5054e+012	-1.4864e+012	1.4863e+012	5.2500e-015
-3.300e+000	3.0631e-007	-1.5245e+012	-1.5054e+012	1.5054e+012	5.2500e-015
-3.290e+000	3.0812e-007	-1.5438e+012	-1.5245e+012	1.5245e+012	5.2500e-015
-3.280e+000	3.1010e-007	-1.5631e+012	-1.5438e+012	1.5437e+012	5.2500e-015
-3.270e+000	3.1224e-007	-1.5826e+012	-1.5631e+012	1.5631e+012	5.2500e-015
-3.260e+000	3.1455e-007	-1.6022e+012	-1.5826e+012	1.5826e+012	5.2500e-015
-3.250e+000	3.1702e-007	-1.6220e+012	-1.6022e+012	1.6022e+012	5.2500e-015
-3.240e+000	3.1964e-007	-1.6420e+012	-1.6220e+012	1.6220e+012	5.2500e-015
-3.230e+000	3.2226e-007	-1.6621e+012	-1.6420e+012	1.6419e+012	5.2500e-015
-3.220e+000	3.2529e-007	-1.6824e+012	-1.6621e+012	1.6620e+012	5.2500e-015
-3.210e+000	3.2832e-007	-1.7029e+012	-1.6824e+012	1.6823e+012	5.2500e-015
-3.200e+000	3.3145e-007	-1.7236e+012	-1.7029e+012	1.7028e+012	5.2500e-015
-3.190e+000	3.3467e-007	-1.7445e+012	-1.7236e+012	1.7235e+012	5.2500e-015
-3.180e+000	3.3794e-007	-1.7656e+012	-1.7445e+012	1.7444e+012	5.2500e-015
-3.170e+000	3.4126e-007	-1.7869e+012	-1.7656e+012	1.7655e+012	5.2500e-015
-3.160e+000	3.4459e-007	-1.8084e+012	-1.7869e+012	1.7868e+012	5.2500e-015
-3.150e+000	3.4792e-007	-1.8301e+012	-1.8084e+012	1.8083e+012	5.2500e-015
-3.140e+000	3.5123e-007	-1.8520e+012	-1.8301e+012	1.8300e+012	5.2500e-015
-3.130e+000	3.5450e-007	-1.8741e+012	-1.8520e+012	1.8519e+012	5.2500e-015
-3.120e+000	3.5771e-007	-1.8965e+012	-1.8741e+012	1.8741e+012	5.2500e-015
-3.110e+000	3.6085e-007	-1.9190e+012	-1.8965e+012	1.8964e+012	5.2500e-015
-3.100e+000	3.6392e-007	-1.9417e+012	-1.9190e+012	1.9189e+012	5.2500e-015
-3.090e+000	3.6689e-007	-1.9646e+012	-1.9417e+012	1.9416e+012	5.2500e-015
-3.080e+000	3.6976e-007	-1.9877e+012	-1.9646e+012	1.9645e+012	5.2500e-015
-3.070e+000	3.7254e-007	-2.0109e+012	-1.9877e+012	1.9876e+012	5.2500e-015
-3.060e+000	3.7521e-007	-2.0343e+012	-2.0109e+012	2.0109e+012	5.2500e-015
-3.050e+000	3.7778e-007	-2.0579e+012	-2.0343e+012	2.0343e+012	5.2500e-015
-3.040e+000	3.8017e-007	-2.0816e+012	-2.0579e+012	2.0579e+012	5.2500e-015
-3.030e+000	3.8260e-007	-2.1055e+012	-2.0816e+012	2.0816e+012	5.2500e-015
-3.020e+000	3.8486e-007	-2.1295e+012	-2.1055e+012	2.1055e+012	5.2500e-015
-3.010e+000	3.8702e-007	-2.1537e+012	-2.1295e+012	2.1295e+012	5.2500e-015
-3.000e+000	3.8908e-007	-2.1780e+012	-2.1537e+012	2.1536e+012	5.2500e-015
-2.990e+000	3.9106e-007	-2.2024e+012	-2.1780e+012	2.1779e+012	5.2500e-015
-2.980e+000	3.9295e-007	-2.2269e+012	-2.2024e+012	2.2023e+012	5.2500e-015
-2.970e+000	3.9475e-007	-2.2516e+012	-2.2269e+012	2.2269e+012	5.2500e-015
-2.960e+000	3.9647e-007	-2.2763e+012	-2.2516e+012	2.2515e+012	5.2500e-015
-2.950e+000	3.9812e-007	-2.3012e+012	-2.2763e+012	2.2762e+012	5.2500e-015
-2.940e+000	3.9970e-007	-2.3261e+012	-2.3012e+012	2.3011e+012	5.2500e-015
-2.930e+000	4.0121e-007	-2.3511e+012	-2.3261e+012	2.3260e+012	5.2500e-015
-2.920e+000	4.0265e-007	-2.3763e+012	-2.3511e+012	2.3511e+012	5.2500e-015
-2.910e+000	4.0403e-007	-2.4015e+012	-2.3763e+012	2.3762e+012	5.2500e-015
-2.900e+000	4.0535e-007	-2.4268e+012	-2.4015e+012	2.4014e+012	5.2500e-015
-2.890e+000	4.0662e-007	-2.4522e+012	-2.4268e+012	2.4267e+012	5.2500e-015
-2.880e+000	4.0784e-007	-2.4776e+012	-2.4522e+012	2.4521e+012	5.2500e-015
-2.870e+000	4.0900e-007	-2.5031e+012	-2.4776e+012	2.4776e+012	5.2500e-015
-2.860e+000	4.1012e-007	-2.5287e+012	-2.5031e+012	2.5031e+012	5.2500e-015
-2.850e+000	4.1120e-007	-2.5544e+012	-2.5287e+012	2.5287e+012	5.2500e-015
-2.840e+000	4.1224e-007	-2.5801e+012	-2.5544e+012	2.5544e+012	5.2500e-015
-2.830e+000	4.1323e-007	-2.6059e+012	-2.5801e+012	2.5801e+012	5.2500e-015
-2.820e+000	4.1419e-007	-2.6318e+012	-2.6059e+012	2.6059e+012	5.2500e-015
-2.810e+000	4.1511e-007	-2.6577e+012	-2.6318e+012	2.6317e+012	5.2500e-015
-2.800e+000	4.1600e-007	-2.6837e+012	-2.6577e+012	2.6576e+012	5.2500e-015
-2.790e+000	4.1686e-007	-2.7097e+012	-2.6837e+012	2.6836e+012	5.2500e-015
-2.780e+000	4.1769e-007	-2.7357e+012	-2.7097e+012	2.7096e+012	5.2500e-015
-2.770e+000	4.1849e-007	-2.7619e+012	-2.7357e+012	2.7357e+012	5.2500e-015
-2.760e+000	4.1926e-007	-2.7880e+012	-2.7619e+012	2.7618e+012	5.2500e-015
-2.750e+000	4.2001e-007	-2.8143e+012	-2.7880e+012	2.7880e+012	5.2500e-015
-2.740e+000	4.2073e-007	-2.8405e+012	-2.8143e+012	2.8142e+012	5.2500e-015
-2.730e+000	4.2143e-007	-2.8668e+012	-2.8405e+012	2.8405e+012	5.2500e-015
-2.720e+000	4.2211e-007	-2.8932e+012	-2.8668e+012	2.8668e+012	5.2500e-015
-2.710e+000	4.2276e-007	-2.9195e+012	-2.8932e+012	2.8931e+012	5.2500e-015
-2.700e+000	4.2340e-007	-2.9460e+012	-2.9195e+012	2.9195e+012	5.2500e-015
-2.690e+000	4.2401e-007	-2.9724e+012	-2.9460e+012	2.9459e+012	5.2500e-015
-2.680e+000	4.2458e-007	-2.9989e+012	-2.9724e+012	2.9724e+012	5.2500e-015
-2.670e+000	4.2519e-007	-3.0255e+012	-2.9989e+012	2.9989e+012	5.2500e-015
-2.660e+000	4.2575e-007	-3.0521e+012	-3.0255e+012	3.0254e+012	5.2500e-015
-2.650e+000	4.2630e-007	-3.0787e+012	-3.0521e+012	3.0520e+012	5.2500e-015
-2.640e+000	4.2683e-007	-3.1053e+012	-3.0787e+012	3.0786e+012	5.2500e-015
-2.630e+000	4.2735e-007	-3.1320e+012	-3.1053e+012	3.1052e+012	5.2500e-015
-2.620e+000	4.2785e-007	-3.1587e+012	-3.1320e+012	3.1319e+012	5.2500e-015
-2.610e+000	4.2834e-007	-3.1854e+012	-3.1587e+012	3.1586e+012	5.2500e-015
-2.600e+000	4.2881e-007	-3.2122e+012	-3.1854e+012	3.1854e+012	5.2500e-015
-2.590e+000	4.2928e-007	-3.2390e+012	-3.2122e+012	3.2121e+012	5.2500e-015
-2.580e+000	4.2973e-007	-3.2658e+012	-3.2390e+012	3.2389e+012	5.2500e-015
-2.570e+000	4.3017e-007	-3.2926e+012	-3.2658e+012	3.2657e+012	5.2500e-015
-2.560e+000	4.3059e-007	-3.3195e+012	-3.2926e+012	3.2926e+012	5.2500e-015
-2.550e+000	4.3101e-007	-3.3464e+012	-3.3195e+012	3.3195e+012	5.2500e-015
-2.540e+000	4.3142e-007	-3.3733e+012	-3.3464e+012	3.3464e+012	5.2500e-015
-2.530e+000	4.3181e-007	-3.4003e+012	-3.3733e+012	3.3733e+012	5.2500e-015
-2.520e+000	4.3220e-007	-3.4273e+012	-3.4003e+012	3.4002e+012	5.2500e-015
-2.510e+000	4.3258e-007	-3.4543e+012	-3.4273e+012	3.4272e+012	5.2500e-015
-2.500e+000	4.3295e-007	-3.4813e+012	-3.4543e+012	3.4542e+012	5.2500e-015
-2.490e+000	4.3331e-007	-3.5083e+012	-3.4813e+012	3.4812e+012	5.2500e-015
-2.480e+000	4.3366e-007	-3.5354e+012	-3.5083e+012	3.5083e+012	5.2500e-015
-2.470e+000	4.3401e-007	-3.5625e+012	-3.5354e+012	3.5353e+012	5.2500e-015
-2.460e+000	4.3434e-007	-3.5896e+012	-3.5625e+012	3.5624e+012	5.2500e-015
-2.450e+000	4.3467e-007	-3.6167e+012	-3.5896e+012	3.5895e+012	5.2500e-015
-2.440e+000	4.3499e-007	-3.6439e+012	-3.6167e+012	3.6167e+012	5.2500e-015
-2.430e+000	4.3531e-007	-3.6711e+012	-3.6439e+012	3.6438e+012	5.2500e-015
-2.420e+000	4.3562e-007	-3.6982e+012	-3.6711e+012	3.6710e+012	5.2500e-015
-2.410e+000	4.3592e-007	-3.7254e+012	-3.6982e+012	3.6982e+012	5.2500e-015
-2.400e+000	4.3621e-007	-3.7527e+012	-3.7254e+012	3.7254e+012	5.2500e-015
-2.390e+000	4.3650e-007	-3.7799e+012	-3.7527e+012	3.7526e+012	5.2500e-015
-2.380e+000	4.3678e-007	-3.8072e+012	-3.7799e+012	3.7799e+012	5.2500e-015
-2.370e+000	4.3706e-007	-3.8345e+012	-3.8072e+012	3.8071e+012	5.2500e-015
-2.360e+000	4.3733e-007	-3.8618e+012	-3.8345e+012	3.8344e+012	5.2500e-015
-2.350e+000	4.3760e-007	-3.8891e+012	-3.8618e+012	3.8617e+012	5.2500e-015
-2.340e+000	4.3786e-007	-3.9164e+012	-3.8891e+012	3.8890e+012	5.2500e-015
-2.330e+000	4.3812e-007	-3.9437e+012	-3.9164e+012	3.9163e+012	5.2500e-015
-2.320e+000	4.3837e-007	-3.9711e+012	-3.9437e+012	3.9437e+012	5.2500e-015
-2.310e+000	4.3861e-007	-3.9985e+012	-3.9711e+012	3.9710e+012	5.2500e-015
-2.300e+000	4.3885e-007	-4.0259e+012	-3.9985e+012	3.9984e+012	5.2500e-015
-2.290e+000	4.3909e-007	-4.0533e+012	-4.0259e+012	4.0258e+012	5.2500e-015
-2.280e+000	4.3932e-007	-4.0807e+012	-4.0533e+012	4.0532e+012	5.2500e-015
-2.270e+000	4.3955e-007	-4.1081e+012	-4.0807e+012	4.0806e+012	5.2500e-015
-2.260e+000	4.3978e-007	-4.1356e+012	-4.1081e+012	4.1081e+012	5.2500e-015
-2.250e+000	4.4000e-007	-4.1630e+012	-4.1356e+012	4.1355e+012	5.2500e-015
-2.240e+000	4.4021e-007	-4.1905e+012	-4.1630e+012	4.1630e+012	5.2500e-015
-2.230e+000	4.4043e-007	-4.2180e+012	-4.1905e+012	4.1905e+012	5.2500e-015
-2.220e+000	4.4064e-007	-4.2455e+012	-4.2180e+012	4.2180e+012	5.2500e-015
-2.210e+000	4.4084e-007	-4.2730e+012	-4.2455e+012	4.2455e+012	5.2500e-015
-2.200e+000	4.4104e-007	-4.3006e+012	-4.2730e+012	4.2730e+012	5.2500e-015
-2.190e+000	4.4124e-007	-4.3281e+012	-4.3006e+012	4.3005e+012	5.2500e-015
-2.180e+000	4.4144e-007	-4.3556e+012	-4.3281e+012	4.3280e+012	5.2500e-015
-2.170e+000	4.4163e-007	-4.3832e+012	-4.3556e+012	4.3556e+012	5.2500e-015
-2.160e+000	4.4182e-007	-4.4108e+012	-4.3832e+012	4.3832e+012	5.2500e-015
-2.150e+000	4.4200e-007	-4.4384e+012	-4.4108e+012	4.4107e+012	5.2500e-015
-2.140e+000	4.4219e-007	-4.4660e+012	-4.4384e+012	4.4383e+012	5.2500e-015
-2.130e+000	4.4236e-007	-4.4936e+012	-4.4660e+012	4.4659e+012	5.2500e-015
-2.120e+000	4.4254e-007	-4.5212e+012	-4.4936e+012	4.4935e+012	5.2500e-015
-2.110e+000	4.4272e-007	-4.5488e+012	-4.5212e+012	4.5211e+012	5.2500e-015
-2.100e+000	4.4289e-007	-4.5765e+012	-4.5488e+012	4.5488e+012	5.2500e-015
-2.090e+000	4.4306e-007	-4.6041e+012	-4.5765e+012	4.5764e+012	5.2500e-015
-2.080e+000	4.4322e-007	-4.6318e+012	-4.6041e+012	4.6041e+012	5.2500e-015
-2.070e+000	4.4339e-007	-4.6595e+012	-4.6318e+012	4.6317e+012	5.2500e-015
-2.060e+000	4.4355e-007	-4.6872e+012	-4.6595e+012	4.6594e+012	5.2500e-015
-2.050e+000	4.4371e-007	-4.7148e+012	-4.6872e+012	4.6871e+012	5.2500e-015
-2.040e+000	4.4386e-007	-4.7426e+012	-4.7148e+012	4.7148e+012	5.2500e-015
-2.030e+000	4.4402e-007	-4.7703e+012	-4.7426e+012	4.7425e+012	5.2500e-015
-2.020e+000	4.4416e-007	-4.7980e+012	-4.7703e+012	4.7702e+012	5.2500e-015
-2.010e+000	4.4432e-007	-4.8257e+012	-4.7980e+012	4.7979e+012	5.2500e-015
-2.000e+000	4.4447e-007	-4.8535e+012	-4.8257e+012	4.8257e+012	5.2500e-015
-1.990e+000	4.4462e-007	-4.8812e+012	-4.8535e+012	4.8534e+012	5.2500e-015
-1.980e+000	4.4476e-007	-4.9090e+012	-4.8812e+012	4.8812e+012	5.2500e-015
-1.970e+000	4.4490e-007	-4.9367e+012	-4.9090e+012	4.9089e+012	5.2500e-015
-1.960e+000	4.4504e-007	-4.9645e+012	-4.9367e+012	4.9367e+012	5.2500e-015
-1.950e+000	4.4518e-007	-4.9923e+012	-4.9645e+012	4.9645e+012	5.2500e-015
-1.940e+000	4.4532e-007	-5.0201e+012	-4.9923e+012	4.9922e+012	5.2500e-015
-1.930e+000	4.4545e-007	-5.0479e+012	-5.0201e+012	5.0200e+012	5.2500e-015
-1.920e+000	4.4558e-007	-5.0757e+012	-5.0479e+012	5.0478e+012	5.2500e-015
-1.910e+000	4.4571e-007	-5.1035e+012	-5.0757e+012	5.0757e+012	5.2500e-015
-1.900e+000	4.4584e-007	-5.1314e+012	-5.1035e+012	5.1035e+012	5.2500e-015
-1.890e+000	4.4597e-007	-5.1592e+012	-5.1314e+012	5.1313e+012	5.2500e-015
-1.880e+000	4.4610e-007	-5.1870e+012	-5.1592e+012	5.1591e+012	5.2500e-015
-1.870e+000	4.4622e-007	-5.2149e+012	-5.1870e+012	5.1870e+012	5.2500e-015
-1.860e+000	4.4635e-007	-5.2427e+012	-5.2149e+012	5.2148e+012	5.2500e-015
-1.850e+000	4.4647e-007	-5.2706e+012	-5.2427e+012	5.2427e+012	5.2500e-015
-1.840e+000	4.4659e-007	-5.2985e+012	-5.2706e+012	5.2706e+012	5.2500e-015
-1.830e+000	4.4671e-007	-5.3264e+012	-5.2985e+012	5.2984e+012	5.2500e-015
-1.820e+000	4.4682e-007	-5.3543e+012	-5.3264e+012	5.3263e+012	5.2500e-015
-1.810e+000	4.4694e-007	-5.3821e+012	-5.3543e+012	5.3542e+012	5.2500e-015
-1.800e+000	4.4705e-007	-5.4101e+012	-5.3821e+012	5.3821e+012	5.2500e-015
-1.790e+000	4.4717e-007	-5.4380e+012	-5.4101e+012	5.4100e+012	5.2500e-015
-1.780e+000	4.4728e-007	-5.4659e+012	-5.4380e+012	5.4379e+012	5.2500e-015
-1.770e+000	4.4739e-007	-5.4938e+012	-5.4659e+012	5.4658e+012	5.2500e-015
-1.760e+000	4.4750e-007	-5.5217e+012	-5.4938e+012	5.4937e+012	5.2500e-015
-1.750e+000	4.4761e-007	-5.5497e+012	-5.5217e+012	5.5217e+012	5.2500e-015
-1.740e+000	4.4771e-007	-5.5776e+012	-5.5497e+012	5.5496e+012	5.2500e-015
-1.730e+000	4.4782e-007	-5.6056e+012	-5.5776e+012	5.5776e+012	5.2500e-015
-1.720e+000	4.4792e-007	-5.6335e+012	-5.6056e+012	5.6055e+012	5.2500e-015
-1.710e+000	4.4802e-007	-5.6615e+012	-5.6335e+012	5.6335e+012	5.2500e-015
-1.700e+000	4.4813e-007	-5.6895e+012	-5.6615e+012	5.6614e+012	5.2500e-015
-1.690e+000	4.4823e-007	-5.7174e+012	-5.6895e+012	5.6894e+012	5.2500e-015
-1.680e+000	4.4833e-007	-5.7454e+012	-5.7174e+012	5.7174e+012	5.2500e-015
-1.670e+000	4.4843e-007	-5.7734e+012	-5.7454e+012	5.7454e+012	5.2500e-015
-1.660e+000	4.4852e-007	-5.8014e+012	-5.7734e+012	5.7733e+012	5.2500e-015
-1.650e+000	4.4862e-007	-5.8294e+012	-5.8014e+012	5.8013e+012	5.2500e-015
-1.640e+000	4.4872e-007	-5.8574e+012	-5.8294e+012	5.8293e+012	5.2500e-015
-1.630e+000	4.4881e-007	-5.8854e+012	-5.8574e+012	5.8574e+012	5.2500e-015
-1.620e+000	4.4890e-007	-5.9134e+012	-5.8854e+012	5.8854e+012	5.2500e-015
-1.610e+000	4.4900e-007	-5.9415e+012	-5.9134e+012	5.9134e+012	5.2500e-015
-1.600e+000	4.4909e-007	-5.9695e+012	-5.9415e+012	5.9414e+012	5.2500e-015
-1.590e+000	4.4918e-007	-5.9975e+012	-5.9695e+012	5.9694e+012	5.2500e-015
-1.580e+000	4.4927e-007	-6.0256e+012	-5.9975e+012	5.9975e+012	5.2500e-015
-1.570e+000	4.4936e-007	-6.0536e+012	-6.0256e+012	6.0255e+012	5.2500e-015
-1.560e+000	4.4945e-007	-6.0817e+012	-6.0536e+012	6.0536e+012	5.2500e-015
-1.550e+000	4.4953e-007	-6.1097e+012	-6.0817e+012	6.0816e+012	5.2500e-015
-1.540e+000	4.4962e-007	-6.1378e+012	-6.1097e+012	6.1097e+012	5.2500e-015
-1.530e+000	4.4971e-007	-6.1659e+012	-6.1378e+012	6.1377e+012	5.2500e-015
-1.520e+000	4.4979e-007	-6.1939e+012	-6.1659e+012	6.1658e+012	5.2500e-015
-1.510e+000	4.4987e-007	-6.2220e+012	-6.1939e+012	6.1939e+012	5.2500e-015
-1.500e+000	4.4996e-007	-6.2501e+012	-6.2220e+012	6.2220e+012	5.2500e-015
-1.490e+000	4.5004e-007	-6.2782e+012	-6.2501e+012	6.2500e+012	5.2500e-015
-1.480e+000	4.5012e-007	-6.3063e+012	-6.2782e+012	6.2781e+012	5.2500e-015
-1.470e+000	4.5020e-007	-6.3344e+012	-6.3063e+012	6.3062e+012	5.2500e-015
-1.460e+000	4.5028e-007	-6.3625e+012	-6.3344e+012	6.3343e+012	5.2500e-015
-1.450e+000	4.5036e-007	-6.3906e+012	-6.3625e+012	6.3624e+012	5.2500e-015
-1.440e+000	4.5044e-007	-6.4187e+012	-6.3906e+012	6.3905e+012	5.2500e-015
-1.430e+000	4.5052e-007	-6.4468e+012	-6.4187e+012	6.4186e+012	5.2500e-015
-1.420e+000	4.5060e-007	-6.4749e+012	-6.4468e+012	6.4468e+012	5.2500e-015
-1.410e+000	4.5067e-007	-6.5031e+012	-6.4749e+012	6.4749e+012	5.2500e-015
-1.400e+000	4.5075e-007	-6.5312e+012	-6.5031e+012	6.5030e+012	5.2500e-015
-1.390e+000	4.5082e-007	-6.5593e+012	-6.5312e+012	6.5312e+012	5.2500e-015
-1.380e+000	4.5090e-007	-6.5875e+012	-6.5593e+012	6.5593e+012	5.2500e-015
-1.370e+000	4.5097e-007	-6.6156e+012	-6.5875e+012	6.5874e+012	5.2500e-015
-1.360e+000	4.5104e-007	-6.6438e+012	-6.6156e+012	6.6156e+012	5.2500e-015
-1.350e+000	4.5112e-007	-6.6719e+012	-6.6438e+012	6.6437e+012	5.2500e-015
-1.340e+000	4.5119e-007	-6.7001e+012	-6.6719e+012	6.6719e+012	5.2500e-015
-1.330e+000	4.5088e-007	-6.7282e+012	-6.7001e+012	6.7000e+012	5.2500e-015
-1.320e+000	4.5070e-007	-6.7564e+012	-6.7282e+012	6.7282e+012	5.2500e-015
-1.310e+000	4.5076e-007	-6.7845e+012	-6.7564e+012	6.7563e+012	5.2500e-015
-1.300e+000	4.5082e-007	-6.8126e+012	-6.7845e+012	6.7845e+012	5.2500e-015
-1.290e+000	4.5088e-007	-6.8408e+012	-6.8126e+012	6.8126e+012	5.2500e-015
-1.280e+000	4.5095e-007	-6.8689e+012	-6.8408e+012	6.8407e+012	5.2500e-015
-1.270e+000	4.5101e-007	-6.8971e+012	-6.8689e+012	6.8689e+012	5.2500e-015
-1.260e+000	4.5107e-007	-6.9252e+012	-6.8971e+012	6.8970e+012	5.2500e-015
-1.250e+000	4.5113e-007	-6.9534e+012	-6.9252e+012	6.9252e+012	5.2500e-015
-1.240e+000	4.5118e-007	-6.9816e+012	-6.9534e+012	6.9533e+012	5.2500e-015
-1.230e+000	4.5124e-007	-7.0097e+012	-6.9816e+012	6.9815e+012	5.2500e-015
-1.220e+000	4.5130e-007	-7.0379e+012	-7.0097e+012	7.0097e+012	5.2500e-015
-1.210e+000	4.5136e-007	-7.0661e+012	-7.0379e+012	7.0378e+012	5.2500e-015
-1.200e+000	4.5141e-007	-7.0942e+012	-7.0661e+012	7.0660e+012	5.2500e-015
-1.190e+000	4.5147e-007	-7.1224e+012	-7.0942e+012	7.0942e+012	5.2500e-015
-1.180e+000	4.5153e-007	-7.1506e+012	-7.1224e+012	7.1224e+012	5.2500e-015
-1.170e+000	4.5158e-007	-7.1788e+012	-7.1506e+012	7.1505e+012	5.2500e-015
-1.160e+000	4.5164e-007	-7.2070e+012	-7.1788e+012	7.1787e+012	5.2500e-015
-1.150e+000	4.5169e-007	-7.2352e+012	-7.2070e+012	7.2069e+012	5.2500e-015
-1.140e+000	4.5175e-007	-7.2634e+012	-7.2352e+012	7.2351e+012	5.2500e-015
-1.130e+000	4.5180e-007	-7.2916e+012	-7.2634e+012	7.2633e+012	5.2500e-015
-1.120e+000	4.5185e-007	-7.3198e+012	-7.2916e+012	7.2915e+012	5.2500e-015
-1.110e+000	4.5190e-007	-7.3480e+012	-7.3198e+012	7.3197e+012	5.2500e-015
-1.100e+000	4.5196e-007	-7.3762e+012	-7.3480e+012	7.3479e+012	5.2500e-015
-1.090e+000	4.5201e-007	-7.4044e+012	-7.3762e+012	7.3761e+012	5.2500e-015
-1.080e+000	4.5206e-007	-7.4326e+012	-7.4044e+012	7.4043e+012	5.2500e-015
-1.070e+000	4.5211e-007	-7.4608e+012	-7.4326e+012	7.4325e+012	5.2500e-015
-1.060e+000	4.5216e-007	-7.4890e+012	-7.4608e+012	7.4608e+012	5.2500e-015
-1.050e+000	4.5221e-007	-7.5173e+012	-7.4890e+012	7.4890e+012	5.2500e-015
-1.040e+000	4.5226e-007	-7.5455e+012	-7.5173e+012	7.5172e+012	5.2500e-015
-1.030e+000	4.5231e-007	-7.5737e+012	-7.5455e+012	7.5454e+012	5.2500e-015
-1.020e+000	4.5236e-007	-7.6020e+012	-7.5737e+012	7.5737e+012	5.2500e-015
-1.010e+000	4.5241e-007	-7.6302e+012	-7.6020e+012	7.6019e+012	5.2500e-015
-1.000e+000	4.5246e-007	-7.6584e+012	-7.6302e+012	7.6301e+012	5.2500e-015
-9.900e-001	4.5251e-007	-7.6867e+012	-7.6584e+012	7.6584e+012	5.2500e-015
-9.800e-001	4.5255e-007	-7.7149e+012	-7.6867e+012	7.6866e+012	5.2500e-015
-9.700e-001	4.5260e-007	-7.7432e+012	-7.7149e+012	7.7149e+012	5.2500e-015
-9.600e-001	4.5265e-007	-7.7714e+012	-7.7432e+012	7.7431e+012	5.2500e-015
-9.500e-001	4.5270e-007	-7.7997e+012	-7.7714e+012	7.7714e+012	5.2500e-015
-9.400e-001	4.5274e-007	-7.8279e+012	-7.7997e+012	7.7996e+012	5.2500e-015
-9.300e-001	4.5279e-007	-7.8562e+012	-7.8279e+012	7.8279e+012	5.2500e-015
-9.200e-001	4.5283e-007	-7.8845e+012	-7.8562e+012	7.8561e+012	5.2500e-015
-9.100e-001	4.5288e-007	-7.9127e+012	-7.8845e+012	7.8844e+012	5.2500e-015
-9.000e-001	4.5292e-007	-7.9410e+012	-7.9127e+012	7.9127e+012	5.2500e-015
-8.900e-001	4.5297e-007	-7.9693e+012	-7.9410e+012	7.9409e+012	5.2500e-015
-8.800e-001	4.5301e-007	-7.9975e+012	-7.9693e+012	7.9692e+012	5.2500e-015
-8.700e-001	4.5306e-007	-8.0258e+012	-7.9975e+012	7.9975e+012	5.2500e-015
-8.600e-001	4.5310e-007	-8.0541e+012	-8.0258e+012	8.0258e+012	5.2500e-015
-8.500e-001	4.5314e-007	-8.0824e+012	-8.0541e+012	8.0540e+012	5.2500e-015
-8.400e-001	4.5319e-007	-8.1107e+012	-8.0824e+012	8.0823e+012	5.2500e-015
-8.300e-001	4.5323e-007	-8.1390e+012	-8.1107e+012	8.1106e+012	5.2500e-015
-8.200e-001	4.5327e-007	-8.1673e+012	-8.1390e+012	8.1389e+012	5.2500e-015
-8.100e-001	4.5331e-007	-8.1955e+012	-8.1673e+012	8.1672e+012	5.2500e-015
-8.000e-001	4.5336e-007	-8.2238e+012	-8.1955e+012	8.1955e+012	5.2500e-015
-7.900e-001	4.5340e-007	-8.2521e+012	-8.2238e+012	8.2238e+012	5.2500e-015
-7.800e-001	4.5344e-007	-8.2804e+012	-8.2521e+012	8.2521e+012	5.2500e-015
-7.700e-001	4.5348e-007	-8.3087e+012	-8.2804e+012	8.2804e+012	5.2500e-015
-7.600e-001	4.5352e-007	-8.3371e+012	-8.3087e+012	8.3087e+012	5.2500e-015
-7.500e-001	4.5356e-007	-8.3654e+012	-8.3371e+012	8.3370e+012	5.2500e-015
-7.400e-001	4.5360e-007	-8.3937e+012	-8.3654e+012	8.3653e+012	5.2500e-015
-7.300e-001	4.5364e-007	-8.4220e+012	-8.3937e+012	8.3936e+012	5.2500e-015
-7.200e-001	4.5368e-007	-8.4503e+012	-8.4220e+012	8.4219e+012	5.2500e-015
-7.100e-001	4.5372e-007	-8.4786e+012	-8.4503e+012	8.4502e+012	5.2500e-015
-7.000e-001	4.5376e-007	-8.5069e+012	-8.4786e+012	8.4786e+012	5.2500e-015
-6.900e-001	4.5380e-007	-8.5353e+012	-8.5069e+012	8.5069e+012	5.2500e-015
-6.800e-001	4.5384e-007	-8.5636e+012	-8.5353e+012	8.5352e+012	5.2500e-015
-6.700e-001	4.5388e-007	-8.5919e+012	-8.5636e+012	8.5635e+012	5.2500e-015
-6.600e-001	4.5391e-007	-8.6203e+012	-8.5919e+012	8.5919e+012	5.2500e-015
-6.500e-001	4.5395e-007	-8.6486e+012	-8.6203e+012	8.6202e+012	5.2500e-015
-6.400e-001	4.5399e-007	-8.6769e+012	-8.6486e+012	8.6485e+012	5.2500e-015
-6.300e-001	4.5403e-007	-8.7053e+012	-8.6769e+012	8.6769e+012	5.2500e-015
-6.200e-001	4.5407e-007	-8.7336e+012	-8.7053e+012	8.7052e+012	5.2500e-015
-6.100e-001	4.5410e-007	-8.7619e+012	-8.7336e+012	8.7335e+012	5.2500e-015
-6.000e-001	4.5414e-007	-8.7903e+012	-8.7619e+012	8.7619e+012	5.2500e-015
-5.900e-001	4.5418e-007	-8.8186e+012	-8.7903e+012	8.7902e+012	5.2500e-015
-5.800e-001	4.5421e-007	-8.8470e+012	-8.8186e+012	8.8186e+012	5.2500e-015
-5.700e-001	4.5425e-007	-8.8753e+012	-8.8470e+012	8.8469e+012	5.2500e-015
-5.600e-001	4.5428e-007	-8.9037e+012	-8.8753e+012	8.8753e+012	5.2500e-015
-5.500e-001	4.5432e-007	-8.9320e+012	-8.9037e+012	8.9036e+012	5.2500e-015
-5.400e-001	4.5436e-007	-8.9604e+012	-8.9320e+012	8.9320e+012	5.2500e-015
-5.300e-001	4.5439e-007	-8.9888e+012	-8.9604e+012	8.9604e+012	5.2500e-015
-5.200e-001	4.5443e-007	-9.0171e+012	-8.9888e+012	8.9887e+012	5.2500e-015
-5.100e-001	4.5446e-007	-9.0455e+012	-9.0171e+012	9.0171e+012	5.2500e-015
-5.000e-001	4.5449e-007	-9.0739e+012	-9.0455e+012	9.0454e+012	5.2500e-015
-4.900e-001	4.5453e-007	-9.1022e+012	-9.0739e+012	9.0738e+012	5.2500e-015
-4.800e-001	4.5456e-007	-9.1306e+012	-9.1022e+012	9.1022e+012	5.2500e-015
-4.700e-001	4.5460e-007	-9.1590e+012	-9.1306e+012	9.1306e+012	5.2500e-015
-4.600e-001	4.5463e-007	-9.1874e+012	-9.1590e+012	9.1589e+012	5.2500e-015
-4.500e-001	4.5467e-007	-9.2157e+012	-9.1874e+012	9.1873e+012	5.2500e-015
-4.400e-001	4.5470e-007	-9.2441e+012	-9.2157e+012	9.2157e+012	5.2500e-015
-4.300e-001	4.5473e-007	-9.2725e+012	-9.2441e+012	9.2441e+012	5.2500e-015
-4.200e-001	4.5476e-007	-9.3009e+012	-9.2725e+012	9.2724e+012	5.2500e-015
-4.100e-001	4.5480e-007	-9.3293e+012	-9.3009e+012	9.3008e+012	5.2500e-015
-4.000e-001	4.5483e-007	-9.3577e+012	-9.3293e+012	9.3292e+012	5.2500e-015
-3.900e-001	4.5486e-007	-9.3860e+012	-9.3577e+012	9.3576e+012	5.2500e-015
-3.800e-001	4.5489e-007	-9.4144e+012	-9.3860e+012	9.3860e+012	5.2500e-015
-3.700e-001	4.5493e-007	-9.4428e+012	-9.4144e+012	9.4144e+012	5.2500e-015
-3.600e-001	4.5496e-007	-9.4712e+012	-9.4428e+012	9.4428e+012	5.2500e-015
-3.500e-001	4.5499e-007	-9.4996e+012	-9.4712e+012	9.4712e+012	5.2500e-015
-3.400e-001	4.5502e-007	-9.5280e+012	-9.4996e+012	9.4996e+012	5.2500e-015
-3.300e-001	4.5505e-007	-9.5564e+012	-9.5280e+012	9.5280e+012	5.2500e-015
-3.200e-001	4.5508e-007	-9.5848e+012	-9.5564e+012	9.5564e+012	5.2500e-015
-3.100e-001	4.5512e-007	-9.6132e+012	-9.5848e+012	9.5848e+012	5.2500e-015
-3.000e-001	4.5515e-007	-9.6416e+012	-9.6132e+012	9.6132e+012	5.2500e-015
-2.900e-001	4.5518e-007	-9.6701e+012	-9.6416e+012	9.6416e+012	5.2500e-015
-2.800e-001	4.5521e-007	-9.6985e+012	-9.6701e+012	9.6700e+012	5.2500e-015
-2.700e-001	4.5524e-007	-9.7269e+012	-9.6985e+012	9.6984e+012	5.2500e-015
-2.600e-001	4.5527e-007	-9.7553e+012	-9.7269e+012	9.7268e+012	5.2500e-015
-2.500e-001	4.5530e-007	-9.7837e+012	-9.7553e+012	9.7552e+012	5.2500e-015
-2.400e-001	4.5533e-007	-9.8121e+012	-9.7837e+012	9.7837e+012	5.2500e-015
-2.300e-001	4.5536e-007	-9.8406e+012	-9.8121e+012	9.8121e+012	5.2500e-015
-2.200e-001	4.5539e-007	-9.8690e+012	-9.8406e+012	9.8405e+012	5.2500e-015
-2.100e-001	4.5542e-007	-9.8974e+012	-9.8690e+012	9.8689e+012	5.2500e-015
-2.000e-001	4.5545e-007	-9.9258e+012	-9.8974e+012	9.8973e+012	5.2500e-015
-1.900e-001	4.5548e-007	-9.9543e+012	-9.9258e+012	9.9258e+012	5.2500e-015
-1.800e-001	4.5550e-007	-9.9827e+012	-9.9543e+012	9.9542e+012	5.2500e-015
-1.700e-001	4.5553e-007	-1.0011e+013	-9.9827e+012	9.9826e+012	5.2500e-015
-1.600e-001	4.5556e-007	-1.0040e+013	-1.0011e+013	1.0011e+013	5.2500e-015
-1.500e-001	4.5559e-007	-1.0068e+013	-1.0040e+013	1.0039e+013	5.2500e-015
-1.400e-001	4.5562e-007	-1.0096e+013	-1.0068e+013	1.0068e+013	5.2500e-015
-1.300e-001	4.5565e-007	-1.0125e+013	-1.0096e+013	1.0096e+013	5.2500e-015
-1.200e-001	4.5568e-007	-1.0153e+013	-1.0125e+013	1.0125e+013	5.2500e-015
-1.100e-001	4.5570e-007	-1.0182e+013	-1.0153e+013	1.0153e+013	5.2500e-015
-1.000e-001	4.5573e-007	-1.0210e+013	-1.0182e+013	1.0182e+013	5.2500e-015
-9.000e-002	4.5576e-007	-1.0239e+013	-1.0210e+013	1.0210e+013	5.2500e-015
-8.000e-002	4.5579e-007	-1.0267e+013	-1.0239e+013	1.0239e+013	5.2500e-015
-7.000e-002	4.5581e-007	-1.0296e+013	-1.0267e+013	1.0267e+013	5.2500e-015
-6.000e-002	4.5584e-007	-1.0324e+013	-1.0296e+013	1.0295e+013	5.2500e-015
-5.000e-002	4.5587e-007	-1.0352e+013	-1.0324e+013	1.0324e+013	5.2500e-015
-4.000e-002	4.5590e-007	-1.0381e+013	-1.0352e+013	1.0352e+013	5.2500e-015
-3.000e-002	4.5592e-007	-1.0409e+013	-1.0381e+013	1.0381e+013	5.2500e-015
-2.000e-002	4.5595e-007	-1.0438e+013	-1.0409e+013	1.0409e+013	5.2500e-015
-1.000e-002	4.5598e-007	-1.0466e+013	-1.0438e+013	1.0438e+013	5.2500e-015
0.000e+000	4.5600e-007	-1.0495e+013	-1.0466e+013	1.0466e+013	5.2500e-015
1.000e-002	4.5603e-007	-1.0523e+013	-1.0495e+013	1.0495e+013	5.2500e-015
2.000e-002	4.5605e-007	-1.0552e+013	-1.0523e+013	1.0523e+013	5.2500e-015
3.000e-002	4.5608e-007	-1.0580e+013	-1.0552e+013	1.0552e+013	5.2500e-015
4.000e-002	4.5611e-007	-1.0609e+013	-1.0580e+013	1.0580e+013	5.2500e-015
5.000e-002	4.5613e-007	-1.0637e+013	-1.0609e+013	1.0609e+013	5.2500e-015
6.000e-002	4.5616e-007	-1.0666e+013	-1.0637e+013	1.0637e+013	5.2500e-015
7.000e-002	4.5618e-007	-1.0694e+013	-1.0666e+013	1.0665e+013	5.2500e-015
8.000e-002	4.5621e-007	-1.0722e+013	-1.0694e+013	1.0694e+013	5.2500e-015
9.000e-002	4.5623e-007	-1.0751e+013	-1.0722e+013	1.0722e+013	5.2500e-015
1.000e-001	4.5626e-007	-1.0779e+013	-1.0751e+013	1.0751e+013	5.2500e-015
1.100e-001	4.5628e-007	-1.0808e+013	-1.0779e+013	1.0779e+013	5.2500e-015
1.200e-001	4.5631e-007	-1.0836e+013	-1.0808e+013	1.0808e+013	5.2500e-015
1.300e-001	4.5633e-007	-1.0865e+013	-1.0836e+013	1.0836e+013	5.2500e-015
1.400e-001	4.5636e-007	-1.0893e+013	-1.0865e+013	1.0865e+013	5.2500e-015
1.500e-001	4.5638e-007	-1.0922e+013	-1.0893e+013	1.0893e+013	5.2500e-015
1.600e-001	4.5641e-007	-1.0950e+013	-1.0922e+013	1.0922e+013	5.2500e-015
1.700e-001	4.5643e-007	-1.0979e+013	-1.0950e+013	1.0950e+013	5.2500e-015
1.800e-001	4.5646e-007	-1.1007e+013	-1.0979e+013	1.0979e+013	5.2500e-015
1.900e-001	4.5648e-007	-1.1036e+013	-1.1007e+013	1.1007e+013	5.2500e-015
2.000e-001	4.5651e-007	-1.1064e+013	-1.1036e+013	1.1036e+013	5.2500e-015
2.100e-001	4.5653e-007	-1.1093e+013	-1.1064e+013	1.1064e+013	5.2500e-015
2.200e-001	4.5655e-007	-1.1121e+013	-1.1093e+013	1.1093e+013	5.2500e-015
2.300e-001	4.5658e-007	-1.1150e+013	-1.1121e+013	1.1121e+013	5.2500e-015
2.400e-001	4.5660e-007	-1.1178e+013	-1.1150e+013	1.1150e+013	5.2500e-015
2.500e-001	4.5662e-007	-1.1207e+013	-1.1178e+013	1.1178e+013	5.2500e-015
2.600e-001	4.5665e-007	-1.1235e+013	-1.1207e+013	1.1207e+013	5.2500e-015
2.700e-001	4.5667e-007	-1.1264e+013	-1.1235e+013	1.1235e+013	5.2500e-015
2.800e-001	4.5669e-007	-1.1292e+013	-1.1264e+013	1.1264e+013	5.2500e-015
2.900e-001	4.5672e-007	-1.1321e+013	-1.1292e+013	1.1292e+013	5.2500e-015
3.000e-001	4.5674e-007	-1.1349e+013	-1.1321e+013	1.1321e+013	5.2500e-015
3.100e-001	4.5676e-007	-1.1378e+013	-1.1349e+013	1.1349e+013	5.2500e-015
3.200e-001	4.5679e-007	-1.1406e+013	-1.1378e+013	1.1378e+013	5.2500e-015
3.300e-001	4.5681e-007	-1.1435e+013	-1.1406e+013	1.1406e+013	5.2500e-015
3.400e-001	4.5683e-007	-1.1463e+013	-1.1435e+013	1.1435e+013	5.2500e-015
3.500e-001	4.5685e-007	-1.1492e+013	-1.1463e+013	1.1463e+013	5.2500e-015
3.600e-001	4.5688e-007	-1.1520e+013	-1.1492e+013	1.1492e+013	5.2500e-015
3.700e-001	4.5690e-007	-1.1549e+013	-1.1520e+013	1.1520e+013	5.2500e-015
3.800e-001	4.5692e-007	-1.1577e+013	-1.1549e+013	1.1549e+013	5.2500e-015
3.900e-001	4.5694e-007	-1.1606e+013	-1.1577e+013	1.1577e+013	5.2500e-015
4.000e-001	4.5697e-007	-1.1634e+013	-1.1606e+013	1.1606e+013	5.2500e-015
4.100e-001	4.5699e-007	-1.1663e+013	-1.1634e+013	1.1634e+013	5.2500e-015
4.200e-001	4.5701e-007	-1.1692e+013	-1.1663e+013	1.1663e+013	5.2500e-015
4.300e-001	4.5703e-007	-1.1720e+013	-1.1692e+013	1.1691e+013	5.2500e-015
4.400e-001	4.5705e-007	-1.1749e+013	-1.1720e+013	1.1720e+013	5.2500e-015
4.500e-001	4.5707e-007	-1.1777e+013	-1.1749e+013	1.1748e+013	5.2500e-015
4.600e-001	4.5710e-007	-1.1806e+013	-1.1777e+013	1.1777e+013	5.2500e-015
4.700e-001	4.5712e-007	-1.1834e+013	-1.1806e+013	1.1806e+013	5.2500e-015
4.800e-001	4.5714e-007	-1.1863e+013	-1.1834e+013	1.1834e+013	5.2500e-015
4.900e-001	4.5716e-007	-1.1891e+013	-1.1863e+013	1.1863e+013	5.2500e-015
5.000e-001	4.5718e-007	-1.1920e+013	-1.1891e+013	1.1891e+013	5.2500e-015
5.100e-001	4.5720e-007	-1.1948e+013	-1.1920e+013	1.1920e+013	5.2500e-015
5.200e-001	4.5722e-007	-1.1977e+013	-1.1948e+013	1.1948e+013	5.2500e-015
5.300e-001	4.5724e-007	-1.2005e+013	-1.1977e+013	1.1977e+013	5.2500e-015
5.400e-001	4.5727e-007	-1.2034e+013	-1.2005e+013	1.2005e+013	5.2500e-015
5.500e-001	4.5729e-007	-1.2062e+013	-1.2034e+013	1.2034e+013	5.2500e-015
5.600e-001	4.5731e-007	-1.2091e+013	-1.2062e+013	1.2062e+013	5.2500e-015
5.700e-001	4.5733e-007	-1.2120e+013	-1.2091e+013	1.2091e+013	5.2500e-015
5.800e-001	4.5735e-007	-1.2148e+013	-1.2120e+013	1.2119e+013	5.2500e-015
5.900e-001	4.5737e-007	-1.2177e+013	-1.2148e+013	1.2148e+013	5.2500e-015
6.000e-001	4.5739e-007	-1.2205e+013	-1.2177e+013	1.2177e+013	5.2500e-015
6.100e-001	4.5741e-007	-1.2234e+013	-1.2205e+013	1.2205e+013	5.2500e-015
6.200e-001	4.5743e-007	-1.2262e+013	-1.2234e+013	1.2234e+013	5.2500e-015
6.300e-001	4.5745e-007	-1.2291e+013	-1.2262e+013	1.2262e+013	5.2500e-015
6.400e-001	4.5747e-007	-1.2319e+013	-1.2291e+013	1.2291e+013	5.2500e-015
6.500e-001	4.5749e-007	-1.2348e+013	-1.2319e+013	1.2319e+013	5.2500e-015
6.600e-001	4.5751e-007	-1.2376e+013	-1.2348e+013	1.2348e+013	5.2500e-015
6.700e-001	4.5753e-007	-1.2405e+013	-1.2376e+013	1.2376e+013	5.2500e-015
6.800e-001	4.5755e-007	-1.2434e+013	-1.2405e+013	1.2405e+013	5.2500e-015
6.900e-001	4.5757e-007	-1.2462e+013	-1.2434e+013	1.2434e+013	5.2500e-015
7.000e-001	4.5759e-007	-1.2491e+013	-1.2462e+013	1.2462e+013	5.2500e-015
7.100e-001	4.5761e-007	-1.2519e+013	-1.2491e+013	1.2491e+013	5.2500e-015
7.200e-001	4.5763e-007	-1.2548e+013	-1.2519e+013	1.2519e+013	5.2500e-015
7.300e-001	4.5765e-007	-1.2576e+013	-1.2548e+013	1.2548e+013	5.2500e-015
7.400e-001	4.5767e-007	-1.2605e+013	-1.2576e+013	1.2576e+013	5.2500e-015
7.500e-001	4.5769e-007	-1.2634e+013	-1.2605e+013	1.2605e+013	5.2500e-015
7.600e-001	4.5770e-007	-1.2662e+013	-1.2634e+013	1.2633e+013	5.2500e-015
7.700e-001	4.5772e-007	-1.2691e+013	-1.2662e+013	1.2662e+013	5.2500e-015
7.800e-001	4.5774e-007	-1.2719e+013	-1.2691e+013	1.2691e+013	5.2500e-015
7.900e-001	4.5776e-007	-1.2748e+013	-1.2719e+013	1.2719e+013	5.2500e-015
8.000e-001	4.5778e-007	-1.2776e+013	-1.2748e+013	1.2748e+013	5.2500e-015
8.100e-001	4.5780e-007	-1.2805e+013	-1.2776e+013	1.2776e+013	5.2500e-015
8.200e-001	4.5782e-007	-1.2834e+013	-1.2805e+013	1.2805e+013	5.2500e-015
8.300e-001	4.5784e-007	-1.2862e+013	-1.2834e+013	1.2833e+013	5.2500e-015
8.400e-001	4.5786e-007	-1.2891e+013	-1.2862e+013	1.2862e+013	5.2500e-015
8.500e-001	4.5787e-007	-1.2919e+013	-1.2891e+013	1.2891e+013	5.2500e-015
8.600e-001	4.5789e-007	-1.2948e+013	-1.2919e+013	1.2919e+013	5.2500e-015
8.700e-001	4.5791e-007	-1.2976e+013	-1.2948e+013	1.2948e+013	5.2500e-015
8.800e-001	4.5793e-007	-1.3005e+013	-1.2976e+013	1.2976e+013	5.2500e-015
8.900e-001	4.5795e-007	-1.3034e+013	-1.3005e+013	1.3005e+013	5.2500e-015
9.000e-001	4.5797e-007	-1.3062e+013	-1.3034e+013	1.3034e+013	5.2500e-015
9.100e-001	4.5798e-007	-1.3091e+013	-1.3062e+013	1.3062e+013	5.2500e-015
9.200e-001	4.5800e-007	-1.3119e+013	-1.3091e+013	1.3091e+013	5.2500e-015
9.300e-001	4.5802e-007	-1.3148e+013	-1.3119e+013	1.3119e+013	5.2500e-015
9.400e-001	4.5804e-007	-1.3177e+013	-1.3148e+013	1.3148e+013	5.2500e-015
9.500e-001	4.5806e-007	-1.3205e+013	-1.3177e+013	1.3176e+013	5.2500e-015
9.600e-001	4.5808e-007	-1.3234e+013	-1.3205e+013	1.3205e+013	5.2500e-015
9.700e-001	4.5810e-007	-1.3262e+013	-1.3234e+013	1.3234e+013	5.2500e-015
9.800e-001	4.5811e-007	-1.3291e+013	-1.3262e+013	1.3262e+013	5.2500e-015
9.900e-001	4.5813e-007	-1.3319e+013	-1.3291e+013	1.3291e+013	5.2500e-015
1.000e+000	4.5815e-007	-1.3348e+013	-1.3319e+013	1.3319e+013	5.2500e-015
1.010e+000	4.5817e-007	-1.3377e+013	-1.3348e+013	1.3348e+013	5.2500e-015
1.020e+000	4.5819e-007	-1.3405e+013	-1.3377e+013	1.3377e+013	5.2500e-015
1.030e+000	4.5821e-007	-1.3434e+013	-1.3405e+013	1.3405e+013	5.2500e-015
1.040e+000	4.5823e-007	-1.3462e+013	-1.3434e+013	1.3434e+013	5.2500e-015
1.050e+000	4.5825e-007	-1.3491e+013	-1.3462e+013	1.3462e+013	5.2500e-015
1.060e+000	4.5827e-007	-1.3520e+013	-1.3491e+013	1.3491e+013	5.2500e-015
1.070e+000	4.5830e-007	-1.3548e+013	-1.3520e+013	1.3520e+013	5.2500e-015
1.080e+000	4.5832e-007	-1.3577e+013	-1.3548e+013	1.3548e+013	5.2500e-015
1.090e+000	4.5835e-007	-1.3605e+013	-1.3577e+013	1.3577e+013	5.2500e-015
1.100e+000	4.5838e-007	-1.3634e+013	-1.3605e+013	1.3605e+013	5.2500e-015
1.110e+000	4.5841e-007	-1.3663e+013	-1.3634e+013	1.3634e+013	5.2500e-015
1.120e+000	4.5845e-007	-1.3691e+013	-1.3663e+013	1.3663e+013	5.2500e-015
1.130e+000	4.5850e-007	-1.3720e+013	-1.3691e+013	1.3691e+013	5.2500e-015
1.140e+000	4.5855e-007	-1.3749e+013	-1.3720e+013	1.3720e+013	5.2500e-015
1.150e+000	4.5862e-007	-1.3777e+013	-1.3749e+013	1.3749e+013	5.2500e-015
1.160e+000	4.5871e-007	-1.3806e+013	-1.3777e+013	1.3777e+013	5.2500e-015
1.170e+000	4.5881e-007	-1.3834e+013	-1.3806e+013	1.3806e+013	5.2500e-015
1.180e+000	4.5895e-007	-1.3863e+013	-1.3834e+013	1.3834e+013	5.2500e-015
1.190e+000	4.5914e-007	-1.3892e+013	-1.3863e+013	1.3863e+013	5.2500e-015
1.200e+000	4.5938e-007	-1.3920e+013	-1.3892e+013	1.3892e+013	5.2500e-015
1.210e+000	4.5970e-007	-1.3949e+013	-1.3920e+013	1.3920e+013	5.2500e-015
1.220e+000	4.6014e-007	-1.3978e+013	-1.3949e+013	1.3949e+013	5.2500e-015
1.230e+000	4.6073e-007	-1.4007e+013	-1.3978e+013	1.3978e+013	5.2500e-015
1.240e+000	4.6153e-007	-1.4035e+013	-1.4007e+013	1.4007e+013	5.2500e-015
1.250e+000	4.6263e-007	-1.4064e+013	-1.4035e+013	1.4035e+013	5.2500e-015
1.260e+000	4.6414e-007	-1.4093e+013	-1.4064e+013	1.4064e+013	5.2500e-015
1.270e+000	4.6622e-007	-1.4122e+013	-1.4093e+013	1.4093e+013	5.2500e-015
1.280e+000	4.6909e-007	-1.4152e+013	-1.4122e+013	1.4122e+013	5.2500e-015
1.290e+000	4.7305e-007	-1.4181e+013	-1.4152e+013	1.4152e+013	5.2500e-015
1.300e+000	4.7853e-007	-1.4211e+013	-1.4181e+013	1.4181e+013	5.2500e-015
1.310e+000	4.8612e-007	-1.4241e+013	-1.4211e+013	1.4211e+013	5.2500e-015
1.320e+000	4.9662e-007	-1.4272e+013	-1.4241e+013	1.4241e+013	5.2500e-015
1.330e+000	5.1073e-007	-1.4304e+013	-1.4272e+013	1.4272e+013	5.2500e-015
1.340e+000	5.3036e-007	-1.4337e+013	-1.4304e+013	1.4304e+013	5.2500e-015
1.350e+000	5.5749e-007	-1.4372e+013	-1.4337e+013	1.4337e+013	5.2500e-015
1.360e+000	5.9336e-007	-1.4409e+013	-1.4372e+013	1.4372e+013	5.2500e-015
1.370e+000	6.4186e-007	-1.4449e+013	-1.4409e+013	1.4409e+013	5.2500e-015
1.380e+000	7.0568e-007	-1.4493e+013	-1.4449e+013	1.4449e+013	5.2500e-015
1.390e+000	7.8809e-007	-1.4542e+013	-1.4493e+013	1.4493e+013	5.2500e-015
1.400e+000	8.9107e-007	-1.4598e+013	-1.4542e+013	1.4542e+013	5.2500e-015
1.410e+000	1.0167e-006	-1.4662e+013	-1.4598e+013	1.4598e+013	5.2500e-015
1.420e+000	1.1639e-006	-1.4734e+013	-1.4662e+013	1.4661e+013	5.2500e-015
1.430e+000	1.3293e-006	-1.4817e+013	-1.4734e+013	1.4734e+013	5.2500e-015
1.440e+000	1.5085e-006	-1.4911e+013	-1.4817e+013	1.4817e+013	5.2500e-015
1.450e+000	1.6942e-006	-1.5017e+013	-1.4911e+013	1.4911e+013	5.2500e-015
1.460e+000	1.8801e-006	-1.5134e+013	-1.5017e+013	1.5017e+013	5.2500e-015
1.470e+000	2.0601e-006	-1.5263e+013	-1.5134e+013	1.5134e+013	5.2500e-015
1.480e+000	2.2307e-006	-1.5402e+013	-1.5263e+013	1.5263e+013	5.2500e-015
1.490e+000	2.3891e-006	-1.5551e+013	-1.5402e+013	1.5402e+013	5.2500e-015
1.500e+000	2.5343e-006	-1.5710e+013	-1.5551e+013	1.5551e+013	5.2500e-015
1.510e+000	2.6666e-006	-1.5876e+013	-1.5710e+013	1.5709e+013	5.2500e-015
1.520e+000	2.7865e-006	-1.6050e+013	-1.5876e+013	1.5876e+013	5.2500e-015
1.530e+000	2.8952e-006	-1.6231e+013	-1.6050e+013	1.6050e+013	5.2500e-015
1.540e+000	2.9940e-006	-1.6417e+013	-1.6231e+013	1.6231e+013	5.2500e-015
1.550e+000	3.0840e-006	-1.6610e+013	-1.6417e+013	1.6417e+013	5.2500e-015
1.560e+000	3.1662e-006	-1.6808e+013	-1.6610e+013	1.6610e+013	5.2500e-015
1.570e+000	3.2417e-006	-1.7010e+013	-1.6808e+013	1.6807e+013	5.2500e-015
1.580e+000	3.3114e-006	-1.7217e+013	-1.7010e+013	1.7010e+013	5.2500e-015
1.590e+000	3.3760e-006	-1.7427e+013	-1.7217e+013	1.7216e+013	5.2500e-015
1.600e+000	3.4362e-006	-1.7642e+013	-1.7427e+013	1.7427e+013	5.2500e-015
1.610e+000	3.4926e-006	-1.7860e+013	-1.7642e+013	1.7642e+013	5.2500e-015
1.620e+000	3.5455e-006	-1.8081e+013	-1.7860e+013	1.7860e+013	5.2500e-015
1.630e+000	3.5955e-006	-1.8305e+013	-1.8081e+013	1.8081e+013	5.2500e-015
1.640e+000	3.6428e-006	-1.8533e+013	-1.8305e+013	1.8305e+013	5.2500e-015
1.650e+000	3.6877e-006	-1.8763e+013	-1.8533e+013	1.8533e+013	5.2500e-015
1.660e+000	3.7305e-006	-1.8996e+013	-1.8763e+013	1.8763e+013	5.2500e-015
1.670e+000	3.7714e-006	-1.9231e+013	-1.8996e+013	1.8996e+013	5.2500e-015
1.680e+000	3.8106e-006	-1.9469e+013	-1.9231e+013	1.9231e+013	5.2500e-015
1.690e+000	3.8482e-006	-1.9709e+013	-1.9469e+013	1.9469e+013	5.2500e-015
1.700e+000	3.8844e-006	-1.9952e+013	-1.9709e+013	1.9709e+013	5.2500e-015
1.710e+000	3.9193e-006	-2.0196e+013	-1.9952e+013	1.9952e+013	5.2500e-015
1.720e+000	3.9483e-006	-2.0443e+013	-2.0196e+013	2.0196e+013	5.2500e-015
1.730e+000	3.9412e-006	-2.0689e+013	-2.0443e+013	2.0443e+013	5.2500e-015
1.740e+000	3.9673e-006	-2.0936e+013	-2.0689e+013	2.0689e+013	5.2500e-015
1.750e+000	3.9925e-006	-2.1186e+013	-2.0936e+013	2.0936e+013	5.2500e-015
1.760e+000	4.0167e-006	-2.1436e+013	-2.1186e+013	2.1185e+013	5.2500e-015
1.770e+000	4.0400e-006	-2.1688e+013	-2.1436e+013	2.1436e+013	5.2500e-015
1.780e+000	4.0625e-006	-2.1942e+013	-2.1688e+013	2.1688e+013	5.2500e-015
1.790e+000	4.0843e-006	-2.2197e+013	-2.1942e+013	2.1942e+013	5.2500e-015
1.800e+000	4.1053e-006	-2.2453e+013	-2.2197e+013	2.2197e+013	5.2500e-015
1.810e+000	4.1257e-006	-2.2711e+013	-2.2453e+013	2.2453e+013	5.2500e-015
1.820e+000	4.1455e-006	-2.2969e+013	-2.2711e+013	2.2711e+013	5.2500e-015
1.830e+000	4.1647e-006	-2.3229e+013	-2.2969e+013	2.2969e+013	5.2500e-015
1.840e+000	4.1834e-006	-2.3490e+013	-2.3229e+013	2.3229e+013	5.2500e-015
1.850e+000	4.2016e-006	-2.3753e+013	-2.3490e+013	2.3490e+013	5.2500e-015
1.860e+000	4.2192e-006	-2.4016e+013	-2.3753e+013	2.3753e+013	5.2500e-015
1.870e+000	4.2364e-006	-2.4280e+013	-2.4016e+013	2.4016e+013	5.2500e-015
1.880e+000	4.2532e-006	-2.4546e+013	-2.4280e+013	2.4280e+013	5.2500e-015
1.890e+000	4.2695e-006	-2.4812e+013	-2.4546e+013	2.4546e+013	5.2500e-015
1.900e+000	4.2854e-006	-2.5080e+013	-2.4812e+013	2.4812e+013	5.2500e-015
1.910e+000	4.3010e-006	-2.5348e+013	-2.5080e+013	2.5080e+013	5.2500e-015
1.920e+000	4.3162e-006	-2.5618e+013	-2.5348e+013	2.5348e+013	5.2500e-015
1.930e+000	4.3311e-006	-2.5888e+013	-2.5618e+013	2.5618e+013	5.2500e-015
1.940e+000	4.3456e-006	-2.6159e+013	-2.5888e+013	2.5888e+013	5.2500e-015
1.950e+000	4.3598e-006	-2.6431e+013	-2.6159e+013	2.6159e+013	5.2500e-015
1.960e+000	4.3737e-006	-2.6704e+013	-2.6431e+013	2.6431e+013	5.2500e-015
1.970e+000	4.3874e-006	-2.6978e+013	-2.6704e+013	2.6704e+013	5.2500e-015
1.980e+000	4.3966e-006	-2.7253e+013	-2.6978e+013	2.6978e+013	5.2500e-015
1.990e+000	4.4042e-006	-2.7527e+013	-2.7253e+013	2.7252e+013	5.2500e-015
2.000e+000	4.4166e-006	-2.7803e+013	-2.7527e+013	2.7527e+013	5.2500e-015
2.010e+000	4.4287e-006	-2.8080e+013	-2.7803e+013	2.7803e+013	5.2500e-015
2.020e+000	4.4406e-006	-2.8357e+013	-2.8080e+013	2.8079e+013	5.2500e-015
2.030e+000	4.4523e-006	-2.8635e+013	-2.8357e+013	2.8357e+013	5.2500e-015
2.040e+000	4.4637e-006	-2.8913e+013	-2.8635e+013	2.8635e+013	5.2500e-015
2.050e+000	4.4750e-006	-2.9192e+013	-2.8913e+013	2.8913e+013	5.2500e-015
2.060e+000	4.4860e-006	-2.9472e+013	-2.9192e+013	2.9192e+013	5.2500e-015
2.070e+000	4.4969e-006	-2.9753e+013	-2.9472e+013	2.9472e+013	5.2500e-015
2.080e+000	4.5076e-006	-3.0034e+013	-2.9753e+013	2.9753e+013	5.2500e-015
2.090e+000	4.5180e-006	-3.0316e+013	-3.0034e+013	3.0034e+013	5.2500e-015
2.100e+000	4.5284e-006	-3.0599e+013	-3.0316e+013	3.0316e+013	5.2500e-015
2.110e+000	4.5385e-006	-3.0882e+013	-3.0599e+013	3.0599e+013	5.2500e-015
2.120e+000	4.5485e-006	-3.1166e+013	-3.0882e+013	3.0882e+013	5.2500e-015
2.130e+000	4.5583e-006	-3.1451e+013	-3.1166e+013	3.1166e+013	5.2500e-015
2.140e+000	4.5680e-006	-3.1736e+013	-3.1451e+013	3.1451e+013	5.2500e-015
2.150e+000	4.5775e-006	-3.2022e+013	-3.1736e+013	3.1736e+013	5.2500e-015
2.160e+000	4.5869e-006	-3.2308e+013	-3.2022e+013	3.2022e+013	5.2500e-015
2.170e+000	4.5961e-006	-3.2595e+013	-3.2308e+013	3.2308e+013	5.2500e-015
2.180e+000	4.6052e-006	-3.2882e+013	-3.2595e+013	3.2595e+013	5.2500e-015
2.190e+000	4.6142e-006	-3.3170e+013	-3.2882e+013	3.2882e+013	5.2500e-015
2.200e+000	4.6231e-006	-3.3459e+013	-3.3170e+013	3.3170e+013	5.2500e-015
2.210e+000	4.6318e-006	-3.3748e+013	-3.3459e+013	3.3459e+013	5.2500e-015
2.220e+000	4.6404e-006	-3.4037e+013	-3.3748e+013	3.3748e+013	5.2500e-015
2.230e+000	4.6489e-006	-3.4328e+013	-3.4037e+013	3.4037e+013	5.2500e-015
2.240e+000	4.6572e-006	-3.4618e+013	-3.4328e+013	3.4328e+013	5.2500e-015
2.250e+000	4.6655e-006	-3.4909e+013	-3.4618e+013	3.4618e+013	5.2500e-015
2.260e+000	4.6736e-006	-3.5201e+013	-3.4909e+013	3.4909e+013	5.2500e-015
2.270e+000	4.6817e-006	-3.5493e+013	-3.5201e+013	3.5201e+013	5.2500e-015
2.280e+000	4.6896e-006	-3.5786e+013	-3.5493e+013	3.5493e+013	5.2500e-015
2.290e+000	4.6975e-006	-3.6079e+013	-3.5786e+013	3.5786e+013	5.2500e-015
2.300e+000	4.7052e-006	-3.6373e+013	-3.6079e+013	3.6079e+013	5.2500e-015
2.310e+000	4.7129e-006	-3.6667e+013	-3.6373e+013	3.6373e+013	5.2500e-015
2.320e+000	4.7204e-006	-3.6962e+013	-3.6667e+013	3.6667e+013	5.2500e-015
2.330e+000	4.7279e-006	-3.7257e+013	-3.6962e+013	3.6962e+013	5.2500e-015
2.340e+000	4.7352e-006	-3.7552e+013	-3.7257e+013	3.7257e+013	5.2500e-015
2.350e+000	4.7425e-006	-3.7848e+013	-3.7552e+013	3.7552e+013	5.2500e-015
2.360e+000	4.7497e-006	-3.8145e+013	-3.7848e+013	3.7848e+013	5.2500e-015
2.370e+000	4.7569e-006	-3.8442e+013	-3.8145e+013	3.8145e+013	5.2500e-015
2.380e+000	4.7639e-006	-3.8739e+013	-3.8442e+013	3.8442e+013	5.2500e-015
2.390e+000	4.7708e-006	-3.9037e+013	-3.8739e+013	3.8739e+013	5.2500e-015
2.400e+000	4.7777e-006	-3.9335e+013	-3.9037e+013	3.9037e+013	5.2500e-015
2.410e+000	4.7845e-006	-3.9634e+013	-3.9335e+013	3.9335e+013	5.2500e-015
2.420e+000	4.7913e-006	-3.9933e+013	-3.9634e+013	3.9634e+013	5.2500e-015
2.430e+000	4.7979e-006	-4.0232e+013	-3.9933e+013	3.9933e+013	5.2500e-015
2.440e+000	4.8045e-006	-4.0532e+013	-4.0232e+013	4.0232e+013	5.2500e-015
2.450e+000	4.8110e-006	-4.0832e+013	-4.0532e+013	4.0532e+013	5.2500e-015
2.460e+000	4.8175e-006	-4.1133e+013	-4.0832e+013	4.0832e+013	5.2500e-015
2.470e+000	4.8238e-006	-4.1434e+013	-4.1133e+013	4.1133e+013	5.2500e-015
2.480e+000	4.8302e-006	-4.1736e+013	-4.1434e+013	4.1434e+013	5.2500e-015
2.490e+000	4.8364e-006	-4.2037e+013	-4.1736e+013	4.1736e+013	5.2500e-015
2.500e+000	4.8426e-006	-4.2340e+013	-4.2037e+013	4.2037e+013	5.2500e-015
2.510e+000	4.8487e-006	-4.2642e+013	-4.2340e+013	4.2340e+013	5.2500e-015
2.520e+000	4.8548e-006	-4.2945e+013	-4.2642e+013	4.2642e+013	5.2500e-015
2.530e+000	4.8608e-006	-4.3249e+013	-4.2945e+013	4.2945e+013	5.2500e-015
2.540e+000	4.8667e-006	-4.3552e+013	-4.3249e+013	4.3249e+013	5.2500e-015
2.550e+000	4.8726e-006	-4.3857e+013	-4.3552e+013	4.3552e+013	5.2500e-015
2.560e+000	4.8785e-006	-4.4161e+013	-4.3857e+013	4.3857e+013	5.2500e-015
2.570e+000	4.8830e-006	-4.4466e+013	-4.4161e+013	4.4161e+013	5.2500e-015
2.580e+000	4.8884e-006	-4.4771e+013	-4.4466e+013	4.4466e+013	5.2500e-015
2.590e+000	4.8940e-006	-4.5076e+013	-4.4771e+013	4.4771e+013	5.2500e-015
2.600e+000	4.8996e-006	-4.5382e+013	-4.5076e+013	4.5076e+013	5.2500e-015
2.610e+000	4.9052e-006	-4.5688e+013	-4.5382e+013	4.5382e+013	5.2500e-015
2.620e+000	4.9106e-006	-4.5995e+013	-4.5688e+013	4.5688e+013	5.2500e-015
2.630e+000	4.9161e-006	-4.6302e+013	-4.5995e+013	4.5995e+013	5.2500e-015
2.640e+000	4.9215e-006	-4.6609e+013	-4.6302e+013	4.6302e+013	5.2500e-015
2.650e+000	4.9268e-006	-4.6916e+013	-4.6609e+013	4.6609e+013	5.2500e-015
2.660e+000	4.9321e-006	-4.7224e+013	-4.6916e+013	4.6916e+013	5.2500e-015
2.670e+000	4.9374e-006	-4.7532e+013	-4.7224e+013	4.7224e+013	5.2500e-015
2.680e+000	4.9426e-006	-4.7841e+013	-4.7532e+013	4.7532e+013	5.2500e-015
2.690e+000	4.9478e-006	-4.8150e+013	-4.7841e+013	4.7841e+013	5.2500e-015
2.700e+000	4.9529e-006	-4.8459e+013	-4.8150e+013	4.8150e+013	5.2500e-015
2.710e+000	4.9580e-006	-4.8768e+013	-4.8459e+013	4.8459e+013	5.2500e-015
2.720e+000	4.9630e-006	-4.9078e+013	-4.8768e+013	4.8768e+013	5.2500e-015
2.730e+000	4.9680e-006	-4.9388e+013	-4.9078e+013	4.9078e+013	5.2500e-015
2.740e+000	4.9730e-006	-4.9699e+013	-4.9388e+013	4.9388e+013	5.2500e-015
2.750e+000	4.9779e-006	-5.0009e+013	-4.9699e+013	4.9699e+013	5.2500e-015
2.760e+000	4.9828e-006	-5.0320e+013	-5.0009e+013	5.0009e+013	5.2500e-015
2.770e+000	4.9876e-006	-5.0632e+013	-5.0320e+013	5.0320e+013	5.2500e-015
2.780e+000	4.9924e-006	-5.0943e+013	-5.0632e+013	5.0631e+013	5.2500e-015
2.790e+000	4.9971e-006	-5.1255e+013	-5.0943e+013	5.0943e+013	5.2500e-015
2.800e+000	5.0019e-006	-5.1567e+013	-5.1255e+013	5.1255e+013	5.2500e-015
2.810e+000	5.0066e-006	-5.1880e+013	-5.1567e+013	5.1567e+013	5.2500e-015
2.820e+000	5.0112e-006	-5.2192e+013	-5.1880e+013	5.1880e+013	5.2500e-015
2.830e+000	5.0158e-006	-5.2506e+013	-5.2192e+013	5.2192e+013	5.2500e-015
2.840e+000	5.0204e-006	-5.2819e+013	-5.2506e+013	5.2506e+013	5.2500e-015
2.850e+000	5.0249e-006	-5.3133e+013	-5.2819e+013	5.2819e+013	5.2500e-015
2.860e+000	5.0295e-006	-5.3446e+013	-5.3133e+013	5.3132e+013	5.2500e-015
2.870e+000	5.0339e-006	-5.3761e+013	-5.3446e+013	5.3446e+013	5.2500e-015
2.880e+000	5.0384e-006	-5.4075e+013	-5.3761e+013	5.3761e+013	5.2500e-015
2.890e+000	5.0428e-006	-5.4390e+013	-5.4075e+013	5.4075e+013	5.2500e-015
2.900e+000	5.0472e-006	-5.4705e+013	-5.4390e+013	5.4390e+013	5.2500e-015
2.910e+000	5.0515e-006	-5.5020e+013	-5.4705e+013	5.4705e+013	5.2500e-015
2.920e+000	5.0558e-006	-5.5336e+013	-5.5020e+013	5.5020e+013	5.2500e-015
2.930e+000	5.0601e-006	-5.5652e+013	-5.5336e+013	5.5336e+013	5.2500e-015
2.940e+000	5.0644e-006	-5.5968e+013	-5.5652e+013	5.5652e+013	5.2500e-015
2.950e+000	5.0686e-006	-5.6284e+013	-5.5968e+013	5.5968e+013	5.2500e-015
2.960e+000	5.0728e-006	-5.6601e+013	-5.6284e+013	5.6284e+013	5.2500e-015
2.970e+000	5.0770e-006	-5.6917e+013	-5.6601e+013	5.6601e+013	5.2500e-015
2.980e+000	5.0811e-006	-5.7235e+013	-5.6917e+013	5.6917e+013	5.2500e-015
2.990e+000	5.0852e-006	-5.7552e+013	-5.7235e+013	5.7235e+013	5.2500e-015
3.000e+000	5.0893e-006	-5.7870e+013	-5.7552e+013	5.7552e+013	5.2500e-015
3.010e+000	5.0933e-006	-5.8188e+013	-5.7870e+013	5.7870e+013	5.2500e-015
3.020e+000	5.0974e-006	-5.8506e+013	-5.8188e+013	5.8188e+013	5.2500e-015
3.030e+000	5.1014e-006	-5.8824e+013	-5.8506e+013	5.8506e+013	5.2500e-015
3.040e+000	5.1053e-006	-5.9143e+013	-5.8824e+013	5.8824e+013	5.2500e-015
3.050e+000	5.1093e-006	-5.9462e+013	-5.9143e+013	5.9143e+013	5.2500e-015
3.060e+000	5.1132e-006	-5.9781e+013	-5.9462e+013	5.9462e+013	5.2500e-015
3.070e+000	5.1171e-006	-6.0100e+013	-5.9781e+013	5.9781e+013	5.2500e-015
3.080e+000	5.1209e-006	-6.0420e+013	-6.0100e+013	6.0100e+013	5.2500e-015
3.090e+000	5.1248e-006	-6.0740e+013	-6.0420e+013	6.0420e+013	5.2500e-015
3.100e+000	5.1286e-006	-6.1060e+013	-6.0740e+013	6.0740e+013	5.2500e-015
3.110e+000	5.1324e-006	-6.1380e+013	-6.1060e+013	6.1060e+013	5.2500e-015
3.120e+000	5.1362e-006	-6.1701e+013	-6.1380e+013	6.1380e+013	5.2500e-015
3.130e+000	5.1399e-006	-6.2022e+013	-6.1701e+013	6.1701e+013	5.2500e-015
3.140e+000	5.1436e-006	-6.2343e+013	-6.2022e+013	6.2021e+013	5.2500e-015
3.150e+000	5.1473e-006	-6.2664e+013	-6.2343e+013	6.2342e+013	5.2500e-015
3.160e+000	5.1510e-006	-6.2985e+013	-6.2664e+013	6.2664e+013	5.2500e-015
3.170e+000	5.1547e-006	-6.3307e+013	-6.2985e+013	6.2985e+013	5.2500e-015
3.180e+000	5.1583e-006	-6.3629e+013	-6.3307e+013	6.3307e+013	5.2500e-015
3.190e+000	5.1619e-006	-6.3951e+013	-6.3629e+013	6.3629e+013	5.2500e-015
3.200e+000	5.1655e-006	-6.4274e+013	-6.3951e+013	6.3951e+013	5.2500e-015
3.210e+000	5.1691e-006	-6.4596e+013	-6.4274e+013	6.4274e+013	5.2500e-015
3.220e+000	5.1726e-006	-6.4919e+013	-6.4596e+013	6.4596e+013	5.2500e-015
3.230e+000	5.1761e-006	-6.5242e+013	-6.4919e+013	6.4919e+013	5.2500e-015
3.240e+000	5.1796e-006	-6.5565e+013	-6.5242e+013	6.5242e+013	5.2500e-015
3.250e+000	5.1831e-006	-6.5889e+013	-6.5565e+013	6.5565e+013	5.2500e-015
3.260e+000	5.1866e-006	-6.6213e+013	-6.5889e+013	6.5889e+013	5.2500e-015
3.270e+000	5.1900e-006	-6.6537e+013	-6.6213e+013	6.6213e+013	5.2500e-015
3.280e+000	5.1934e-006	-6.6861e+013	-6.6537e+013	6.6537e+013	5.2500e-015
3.290e+000	5.1968e-006	-6.7185e+013	-6.6861e+013	6.6861e+013	5.2500e-015
3.300e+000	5.2002e-006	-6.7510e+013	-6.7185e+013	6.7185e+013	5.2500e-015
3.310e+000	5.2036e-006	-6.7834e+013	-6.7510e+013	6.7510e+013	5.2500e-015
3.320e+000	5.2069e-006	-6.8159e+013	-6.7834e+013	6.7834e+013	5.2500e-015
3.330e+000	5.2103e-006	-6.8485e+013	-6.8159e+013	6.8159e+013	5.2500e-015
3.340e+000	5.2136e-006	-6.8810e+013	-6.8485e+013	6.8485e+013	5.2500e-015
3.350e+000	5.2169e-006	-6.9136e+013	-6.8810e+013	6.8810e+013	5.2500e-015
3.360e+000	5.2201e-006	-6.9461e+013	-6.9136e+013	6.9136e+013	5.2500e-015
3.370e+000	5.2234e-006	-6.9787e+013	-6.9461e+013	6.9461e+013	5.2500e-015
3.380e+000	5.2266e-006	-7.0114e+013	-6.9787e+013	6.9787e+013	5.2500e-015
3.390e+000	5.2298e-006	-7.0440e+013	-7.0114e+013	7.0114e+013	5.2500e-015
3.400e+000	5.2330e-006	-7.0767e+013	-7.0440e+013	7.0440e+013	5.2500e-015
3.410e+000	5.2362e-006	-7.1094e+013	-7.0767e+013	7.0767e+013	5.2500e-015
3.420e+000	5.2394e-006	-7.1421e+013	-7.1094e+013	7.1093e+013	5.2500e-015
3.430e+000	5.2425e-006	-7.1748e+013	-7.1421e+013	7.1421e+013	5.2500e-015
3.440e+000	5.2456e-006	-7.2075e+013	-7.1748e+013	7.1748e+013	5.2500e-015
3.450e+000	5.2487e-006	-7.2403e+013	-7.2075e+013	7.2075e+013	5.2500e-015
3.460e+000	5.2518e-006	-7.2731e+013	-7.2403e+013	7.2403e+013	5.2500e-015
3.470e+000	5.2549e-006	-7.3059e+013	-7.2731e+013	7.2731e+013	5.2500e-015
3.480e+000	5.2580e-006	-7.3387e+013	-7.3059e+013	7.3058e+013	5.2500e-015
3.490e+000	5.2610e-006	-7.3715e+013	-7.3387e+013	7.3387e+013	5.2500e-015
3.500e+000	5.2641e-006	-7.4044e+013	-7.3715e+013	7.3715e+013	5.2500e-015
3.510e+000	5.2671e-006	-7.4372e+013	-7.4044e+013	7.4044e+013	5.2500e-015
3.520e+000	5.2701e-006	-7.4701e+013	-7.4372e+013	7.4372e+013	5.2500e-015
3.530e+000	5.2731e-006	-7.5030e+013	-7.4701e+013	7.4701e+013	5.2500e-015
3.540e+000	5.2760e-006	-7.5360e+013	-7.5030e+013	7.5030e+013	5.2500e-015
3.550e+000	5.2790e-006	-7.5689e+013	-7.5360e+013	7.5360e+013	5.2500e-015
3.560e+000	5.2819e-006	-7.6019e+013	-7.5689e+013	7.5689e+013	5.2500e-015
3.570e+000	5.2849e-006	-7.6349e+013	-7.6019e+013	7.6019e+013	5.2500e-015
3.580e+000	5.2878e-006	-7.6679e+013	-7.6349e+013	7.6349e+013	5.2500e-015
3.590e+000	5.2907e-006	-7.7009e+013	-7.6679e+013	7.6679e+013	5.2500e-015
3.600e+000	5.2935e-006	-7.7339e+013	-7.7009e+013	7.7009e+013	5.2500e-015
3.610e+000	5.2964e-006	-7.7670e+013	-7.7339e+013	7.7339e+013	5.2500e-015
3.620e+000	5.2993e-006	-7.8001e+013	-7.7670e+013	7.7670e+013	5.2500e-015
3.630e+000	5.3021e-006	-7.8332e+013	-7.8001e+013	7.8001e+013	5.2500e-015
3.640e+000	5.3049e-006	-7.8663e+013	-7.8332e+013	7.8332e+013	5.2500e-015
3.650e+000	5.3077e-006	-7.8994e+013	-7.8663e+013	7.8663e+013	5.2500e-015
3.660e+000	5.3105e-006	-7.9326e+013	-7.8994e+013	7.8994e+013	5.2500e-015
3.670e+000	5.3133e-006	-7.9657e+013	-7.9326e+013	7.9325e+013	5.2500e-015
3.680e+000	5.3161e-006	-7.9989e+013	-7.9657e+013	7.9657e+013	5.2500e-015
3.690e+000	5.3188e-006	-8.0321e+013	-7.9989e+013	7.9989e+013	5.2500e-015
3.700e+000	5.3216e-006	-8.0653e+013	-8.0321e+013	8.0321e+013	5.2500e-015
3.710e+000	5.3243e-006	-8.0985e+013	-8.0653e+013	8.0653e+013	5.2500e-015
3.720e+000	5.3270e-006	-8.1318e+013	-8.0985e+013	8.0985e+013	5.2500e-015
3.730e+000	5.3297e-006	-8.1651e+013	-8.1318e+013	8.1318e+013	5.2500e-015
3.740e+000	5.3324e-006	-8.1983e+013	-8.1651e+013	8.1650e+013	5.2500e-015
3.750e+000	5.3351e-006	-8.2316e+013	-8.1983e+013	8.1983e+013	5.2500e-015
3.760e+000	5.3378e-006	-8.2649e+013	-8.2316e+013	8.2316e+013	5.2500e-015
3.770e+000	5.3404e-006	-8.2983e+013	-8.2649e+013	8.2649e+013	5.2500e-015
3.780e+000	5.3431e-006	-8.3316e+013	-8.2983e+013	8.2983e+013	5.2500e-015
3.790e+000	5.3457e-006	-8.3650e+013	-8.3316e+013	8.3316e+013	5.2500e-015
3.800e+000	5.3483e-006	-8.3984e+013	-8.3650e+013	8.3650e+013	5.2500e-015
3.810e+000	5.3509e-006	-8.4318e+013	-8.3984e+013	8.3984e+013	5.2500e-015
3.820e+000	5.3535e-006	-8.4652e+013	-8.4318e+013	8.4318e+013	5.2500e-015
3.830e+000	5.3561e-006	-8.4986e+013	-8.4652e+013	8.4652e+013	5.2500e-015
3.840e+000	5.3587e-006	-8.5321e+013	-8.4986e+013	8.4986e+013	5.2500e-015
3.850e+000	5.3613e-006	-8.5655e+013	-8.5321e+013	8.5321e+013	5.2500e-015
3.860e+000	5.3638e-006	-8.5990e+013	-8.5655e+013	8.5655e+013	5.2500e-015
3.870e+000	5.3663e-006	-8.6325e+013	-8.5990e+013	8.5990e+013	5.2500e-015
3.880e+000	5.3689e-006	-8.6660e+013	-8.6325e+013	8.6325e+013	5.2500e-015
3.890e+000	5.3714e-006	-8.6995e+013	-8.6660e+013	8.6660e+013	5.2500e-015
3.900e+000	5.3739e-006	-8.7331e+013	-8.6995e+013	8.6995e+013	5.2500e-015
3.910e+000	5.3764e-006	-8.7666e+013	-8.7331e+013	8.7331e+013	5.2500e-015
3.920e+000	5.3789e-006	-8.8002e+013	-8.7666e+013	8.7666e+013	5.2500e-015
3.930e+000	5.3813e-006	-8.8338e+013	-8.8002e+013	8.8002e+013	5.2500e-015
3.940e+000	5.3838e-006	-8.8674e+013	-8.8338e+013	8.8338e+013	5.2500e-015
3.950e+000	5.3863e-006	-8.9010e+013	-8.8674e+013	8.8674e+013	5.2500e-015
3.960e+000	5.3887e-006	-8.9346e+013	-8.9010e+013	8.9010e+013	5.2500e-015
3.970e+000	5.3911e-006	-8.9683e+013	-8.9346e+013	8.9346e+013	5.2500e-015
3.980e+000	5.3935e-006	-9.0020e+013	-8.9683e+013	8.9683e+013	5.2500e-015
3.990e+000	5.3960e-006	-9.0356e+013	-9.0020e+013	9.0020e+013	5.2500e-015
4.000e+000	5.3984e-006	-9.0693e+013	-9.0356e+013	9.0356e+013	5.2500e-015
4.010e+000	5.4007e-006	-9.1030e+013	-9.0693e+013	9.0693e+013	5.2500e-015
4.020e+000	5.4031e-006	-9.1368e+013	-9.1030e+013	9.1030e+013	5.2500e-015
4.030e+000	5.4055e-006	-9.1705e+013	-9.1368e+013	9.1368e+013	5.2500e-015
4.040e+000	5.4079e-006	-9.2043e+013	-9.1705e+013	9.1705e+013	5.2500e-015
4.050e+000	5.4102e-006	-9.2380e+013	-9.2043e+013	9.2043e+013	5.2500e-015
4.060e+000	5.4125e-006	-9.2718e+013	-9.2380e+013	9.2380e+013	5.2500e-015
4.070e+000	5.4149e-006	-9.3056e+013	-9.2718e+013	9.2718e+013	5.2500e-015
4.080e+000	5.4172e-006	-9.3394e+013	-9.3056e+013	9.3056e+013	5.2500e-015
4.090e+000	5.4195e-006	-9.3732e+013	-9.3394e+013	9.3394e+013	5.2500e-015
4.100e+000	5.4218e-006	-9.4071e+013	-9.3732e+013	9.3732e+013	5.2500e-015
4.110e+000	5.4241e-006	-9.4409e+013	-9.4071e+013	9.4071e+013	5.2500e-015
4.120e+000	5.4264e-006	-9.4748e+013	-9.4409e+013	9.4409e+013	5.2500e-015
4.130e+000	5.4286e-006	-9.5087e+013	-9.4748e+013	9.4748e+013	5.2500e-015
4.140e+000	5.4307e-006	-9.5426e+013	-9.5087e+013	9.5087e+013	5.2500e-015
4.150e+000	5.4330e-006	-9.5765e+013	-9.5426e+013	9.5426e+013	5.2500e-015
4.160e+000	5.4352e-006	-9.6104e+013	-9.5765e+013	9.5765e+013	5.2500e-015
4.170e+000	5.4375e-006	-9.6444e+013	-9.6104e+013	9.6104e+013	5.2500e-015
4.180e+000	5.4397e-006	-9.6783e+013	-9.6444e+013	9.6443e+013	5.2500e-015
4.190e+000	5.4419e-006	-9.7123e+013	-9.6783e+013	9.6783e+013	5.2500e-015
4.200e+000	5.4441e-006	-9.7463e+013	-9.7123e+013	9.7123e+013	5.2500e-015
4.210e+000	5.4463e-006	-9.7802e+013	-9.7463e+013	9.7462e+013	5.2500e-015
4.220e+000	5.4485e-006	-9.8143e+013	-9.7802e+013	9.7802e+013	5.2500e-015
4.230e+000	5.4507e-006	-9.8483e+013	-9.8143e+013	9.8142e+013	5.2500e-015
4.240e+000	5.4529e-006	-9.8823e+013	-9.8483e+013	9.8483e+013	5.2500e-015
4.250e+000	5.4551e-006	-9.9164e+013	-9.8823e+013	9.8823e+013	5.2500e-015
4.260e+000	5.4572e-006	-9.9504e+013	-9.9164e+013	9.9164e+013	5.2500e-015
4.270e+000	5.4594e-006	-9.9845e+013	-9.9504e+013	9.9504e+013	5.2500e-015
4.280e+000	5.4615e-006	-1.0019e+014	-9.9845e+013	9.9845e+013	5.2500e-015
4.290e+000	5.4637e-006	-1.0053e+014	-1.0019e+014	1.0019e+014	5.2500e-015
4.300e+000	5.4658e-006	-1.0087e+014	-1.0053e+014	1.0053e+014	5.2500e-015
4.310e+000	5.4679e-006	-1.0121e+014	-1.0087e+014	1.0087e+014	5.2500e-015
4.320e+000	5.4700e-006	-1.0155e+014	-1.0121e+014	1.0121e+014	5.2500e-015
4.330e+000	5.4721e-006	-1.0189e+014	-1.0155e+014	1.0155e+014	5.2500e-015
4.340e+000	5.4742e-006	-1.0223e+014	-1.0189e+014	1.0189e+014	5.2500e-015
4.350e+000	5.4763e-006	-1.0258e+014	-1.0223e+014	1.0223e+014	5.2500e-015
4.360e+000	5.4784e-006	-1.0292e+014	-1.0258e+014	1.0258e+014	5.2500e-015
4.370e+000	5.4805e-006	-1.0326e+014	-1.0292e+014	1.0292e+014	5.2500e-015
4.380e+000	5.4825e-006	-1.0360e+014	-1.0326e+014	1.0326e+014	5.2500e-015
4.390e+000	5.4846e-006	-1.0394e+014	-1.0360e+014	1.0360e+014	5.2500e-015
4.400e+000	5.4866e-006	-1.0429e+014	-1.0394e+014	1.0394e+014	5.2500e-015
4.410e+000	5.4887e-006	-1.0463e+014	-1.0429e+014	1.0429e+014	5.2500e-015
4.420e+000	5.4907e-006	-1.0497e+014	-1.0463e+014	1.0463e+014	5.2500e-015
4.430e+000	5.4927e-006	-1.0531e+014	-1.0497e+014	1.0497e+014	5.2500e-015
4.440e+000	5.4948e-006	-1.0566e+014	-1.0531e+014	1.0531e+014	5.2500e-015
4.450e+000	5.4968e-006	-1.0600e+014	-1.0566e+014	1.0566e+014	5.2500e-015
4.460e+000	5.4988e-006	-1.0634e+014	-1.0600e+014	1.0600e+014	5.2500e-015
4.470e+000	5.5008e-006	-1.0669e+014	-1.0634e+014	1.0634e+014	5.2500e-015
4.480e+000	5.5028e-006	-1.0703e+014	-1.0669e+014	1.0669e+014	5.2500e-015
4.490e+000	5.5048e-006	-1.0737e+014	-1.0703e+014	1.0703e+014	5.2500e-015
4.500e+000	5.5067e-006	-1.0772e+014	-1.0737e+014	1.0737e+014	5.2500e-015
4.510e+000	5.5087e-006	-1.0806e+014	-1.0772e+014	1.0772e+014	5.2500e-015
4.520e+000	5.5107e-006	-1.0841e+014	-1.0806e+014	1.0806e+014	5.2500e-015
4.530e+000	5.5126e-006	-1.0875e+014	-1.0841e+014	1.0841e+014	5.2500e-015
4.540e+000	5.5146e-006	-1.0909e+014	-1.0875e+014	1.0875e+014	5.2500e-015
4.550e+000	5.5165e-006	-1.0944e+014	-1.0909e+014	1.0909e+014	5.2500e-015
4.560e+000	5.5185e-006	-1.0978e+014	-1.0944e+014	1.0944e+014	5.2500e-015
4.570e+000	5.5204e-006	-1.1013e+014	-1.0978e+014	1.0978e+014	5.2500e-015
4.580e+000	5.5223e-006	-1.1047e+014	-1.1013e+014	1.1013e+014	5.2500e-015
4.590e+000	5.5242e-006	-1.1082e+014	-1.1047e+014	1.1047e+014	5.2500e-015
4.600e+000	5.5261e-006	-1.1116e+014	-1.1082e+014	1.1082e+014	5.2500e-015
4.610e+000	5.5280e-006	-1.1151e+014	-1.1116e+014	1.1116e+014	5.2500e-015
4.620e+000	5.5299e-006	-1.1185e+014	-1.1151e+014	1.1151e+014	5.2500e-015
4.630e+000	5.5318e-006	-1.1220e+014	-1.1185e+014	1.1185e+014	5.2500e-015
4.640e+000	5.5337e-006	-1.1254e+014	-1.1220e+014	1.1220e+014	5.2500e-015
4.650e+000	5.5356e-006	-1.1289e+014	-1.1254e+014	1.1254e+014	5.2500e-015
4.660e+000	5.5375e-006	-1.1323e+014	-1.1289e+014	1.1289e+014	5.2500e-015
4.670e+000	5.5393e-006	-1.1358e+014	-1.1323e+014	1.1323e+014	5.2500e-015
4.680e+000	5.5412e-006	-1.1393e+014	-1.1358e+014	1.1358e+014	5.2500e-015
4.690e+000	5.5430e-006	-1.1427e+014	-1.1393e+014	1.1393e+014	5.2500e-015
4.700e+000	5.5449e-006	-1.1462e+014	-1.1427e+014	1.1427e+014	5.2500e-015
4.710e+000	5.5467e-006	-1.1496e+014	-1.1462e+014	1.1462e+014	5.2500e-015
4.720e+000	5.5486e-006	-1.1531e+014	-1.1496e+014	1.1496e+014	5.2500e-015
4.730e+000	5.5504e-006	-1.1566e+014	-1.1531e+014	1.1531e+014	5.2500e-015
4.740e+000	5.5522e-006	-1.1600e+014	-1.1566e+014	1.1566e+014	5.2500e-015
4.750e+000	5.5540e-006	-1.1635e+014	-1.1600e+014	1.1600e+014	5.2500e-015
4.760e+000	5.5558e-006	-1.1670e+014	-1.1635e+014	1.1635e+014	5.2500e-015
4.770e+000	5.5576e-006	-1.1704e+014	-1.1670e+014	1.1670e+014	5.2500e-015
4.780e+000	5.5594e-006	-1.1739e+014	-1.1704e+014	1.1704e+014	5.2500e-015
4.790e+000	5.5612e-006	-1.1774e+014	-1.1739e+014	1.1739e+014	5.2500e-015
4.800e+000	5.5630e-006	-1.1808e+014	-1.1774e+014	1.1774e+014	5.2500e-015
4.810e+000	5.5648e-006	-1.1843e+014	-1.1808e+014	1.1808e+014	5.2500e-015
4.820e+000	5.5666e-006	-1.1878e+014	-1.1843e+014	1.1843e+014	5.2500e-015
4.830e+000	5.5683e-006	-1.1913e+014	-1.1878e+014	1.1878e+014	5.2500e-015
4.840e+000	5.5701e-006	-1.1947e+014	-1.1913e+014	1.1913e+014	5.2500e-015
4.850e+000	5.5719e-006	-1.1982e+014	-1.1947e+014	1.1947e+014	5.2500e-015
4.860e+000	5.5736e-006	-1.2017e+014	-1.1982e+014	1.1982e+014	5.2500e-015
4.870e+000	5.5754e-006	-1.2052e+014	-1.2017e+014	1.2017e+014	5.2500e-015
4.880e+000	5.5771e-006	-1.2087e+014	-1.2052e+014	1.2052e+014	5.2500e-015
4.890e+000	5.5788e-006	-1.2121e+014	-1.2087e+014	1.2087e+014	5.2500e-015
4.900e+000	5.5806e-006	-1.2156e+014	-1.2121e+014	1.2121e+014	5.2500e-015
4.910e+000	5.5823e-006	-1.2191e+014	-1.2156e+014	1.2156e+014	5.2500e-015
4.920e+000	5.5840e-006	-1.2226e+014	-1.2191e+014	1.2191e+014	5.2500e-015
4.930e+000	5.5857e-006	-1.2261e+014	-1.2226e+014	1.2226e+014	5.2500e-015
4.940e+000	5.5874e-006	-1.2296e+014	-1.2261e+014	1.2261e+014	5.2500e-015
4.950e+000	5.5891e-006	-1.2331e+014	-1.2296e+014	1.2296e+014	5.2500e-015
4.960e+000	5.5908e-006	-1.2365e+014	-1.2331e+014	1.2331e+014	5.2500e-015
4.970e+000	5.5925e-006	-1.2400e+014	-1.2365e+014	1.2365e+014	5.2500e-015
4.980e+000	5.5942e-006	-1.2435e+014	-1.2400e+014	1.2400e+014	5.2500e-015
4.990e+000	5.5959e-006	-1.2470e+014	-1.2435e+014	1.2435e+014	5.2500e-015
5.000e+000	5.5976e-006	-1.2505e+014	-1.2470e+014	1.2470e+014	5.2500e-015
5.010e+000	5.5993e-006	-1.2540e+014	-1.2505e+014	1.2505e+014	5.2500e-015
5.020e+000	5.6009e-006	-1.2575e+014	-1.2540e+014	1.2540e+014	5.2500e-015
5.030e+000	5.6026e-006	-1.2610e+014	-1.2575e+014	1.2575e+014	5.2500e-015
5.040e+000	5.6042e-006	-1.2645e+014	-1.2610e+014	1.2610e+014	5.2500e-015
5.050e+000	5.6059e-006	-1.2680e+014	-1.2645e+014	1.2645e+014	5.2500e-015
5.060e+000	5.6075e-006	-1.2715e+014	-1.2680e+014	1.2680e+014	5.2500e-015
5.070e+000	5.6092e-006	-1.2750e+014	-1.2715e+014	1.2715e+014	5.2500e-015
5.080e+000	5.6108e-006	-1.2785e+014	-1.2750e+014	1.2750e+014	5.2500e-015
5.090e+000	5.6125e-006	-1.2820e+014	-1.2785e+014	1.2785e+014	5.2500e-015
5.100e+000	5.6141e-006	-1.2855e+014	-1.2820e+014	1.2820e+014	5.2500e-015
5.110e+000	5.6157e-006	-1.2890e+014	-1.2855e+014	1.2855e+014	5.2500e-015
5.120e+000	5.6173e-006	-1.2925e+014	-1.2890e+014	1.2890e+014	5.2500e-015
5.130e+000	5.6189e-006	-1.2960e+014	-1.2925e+014	1.2925e+014	5.2500e-015
5.140e+000	5.6205e-006	-1.2995e+014	-1.2960e+014	1.2960e+014	5.2500e-015
5.150e+000	5.6221e-006	-1.3030e+014	-1.2995e+014	1.2995e+014	5.2500e-015
5.160e+000	5.6237e-006	-1.3066e+014	-1.3030e+014	1.3030e+014	5.2500e-015
5.170e+000	5.6253e-006	-1.3101e+014	-1.3066e+014	1.3066e+014	5.2500e-015
5.180e+000	5.6269e-006	-1.3136e+014	-1.3101e+014	1.3101e+014	5.2500e-015
5.190e+000	5.6285e-006	-1.3171e+014	-1.3136e+014	1.3136e+014	5.2500e-015
5.200e+000	5.6301e-006	-1.3206e+014	-1.3171e+014	1.3171e+014	5.2500e-015
5.210e+000	5.6317e-006	-1.3241e+014	-1.3206e+014	1.3206e+014	5.2500e-015
5.220e+000	5.6332e-006	-1.3276e+014	-1.3241e+014	1.3241e+014	5.2500e-015
5.230e+000	5.6348e-006	-1.3312e+014	-1.3276e+014	1.3276e+014	5.2500e-015
5.240e+000	5.6364e-006	-1.3347e+014	-1.3312e+014	1.3312e+014	5.2500e-015
5.250e+000	5.6379e-006	-1.3382e+014	-1.3347e+014	1.3347e+014	5.2500e-015
5.260e+000	5.6395e-006	-1.3417e+014	-1.3382e+014	1.3382e+014	5.2500e-015
5.270e+000	5.6410e-006	-1.3452e+014	-1.3417e+014	1.3417e+014	5.2500e-015
5.280e+000	5.6426e-006	-1.3488e+014	-1.3452e+014	1.3452e+014	5.2500e-015
5.290e+000	5.6441e-006	-1.3523e+014	-1.3488e+014	1.3488e+014	5.2500e-015
5.300e+000	5.6456e-006	-1.3558e+014	-1.3523e+014	1.3523e+014	5.2500e-015
5.310e+000	5.6472e-006	-1.3593e+014	-1.3558e+014	1.3558e+014	5.2500e-015
5.320e+000	5.6487e-006	-1.3629e+014	-1.3593e+014	1.3593e+014	5.2500e-015
5.330e+000	5.6502e-006	-1.3664e+014	-1.3629e+014	1.3628e+014	5.2500e-015
5.340e+000	5.6517e-006	-1.3699e+014	-1.3664e+014	1.3664e+014	5.2500e-015
5.350e+000	5.6533e-006	-1.3734e+014	-1.3699e+014	1.3699e+014	5.2500e-015
5.360e+000	5.6548e-006	-1.3770e+014	-1.3734e+014	1.3734e+014	5.2500e-015
5.370e+000	5.6563e-006	-1.3805e+014	-1.3770e+014	1.3770e+014	5.2500e-015
5.380e+000	5.6578e-006	-1.3840e+014	-1.3805e+014	1.3805e+014	5.2500e-015
5.390e+000	5.6593e-006	-1.3876e+014	-1.3840e+014	1.3840e+014	5.2500e-015
5.400e+000	5.6608e-006	-1.3911e+014	-1.3876e+014	1.3876e+014	5.2500e-015
5.410e+000	5.6623e-006	-1.3946e+014	-1.3911e+014	1.3911e+014	5.2500e-015
5.420e+000	5.6637e-006	-1.3982e+014	-1.3946e+014	1.3946e+014	5.2500e-015
5.430e+000	5.6652e-006	-1.4017e+014	-1.3982e+014	1.3982e+014	5.2500e-015
5.440e+000	5.6667e-006	-1.4052e+014	-1.4017e+014	1.4017e+014	5.2500e-015
5.450e+000	5.6682e-006	-1.4088e+014	-1.4052e+014	1.4052e+014	5.2500e-015
5.460e+000	5.6696e-006	-1.4123e+014	-1.4088e+014	1.4088e+014	5.2500e-015
5.470e+000	5.6711e-006	-1.4158e+014	-1.4123e+014	1.4123e+014	5.2500e-015
5.480e+000	5.6726e-006	-1.4194e+014	-1.4158e+014	1.4158e+014	5.2500e-015
5.490e+000	5.6740e-006	-1.4229e+014	-1.4194e+014	1.4194e+014	5.2500e-015
5.500e+000	5.6755e-006	-1.4265e+014	-1.4229e+014	1.4229e+014	5.2500e-015
5.510e+000	5.6769e-006	-1.4300e+014	-1.4265e+014	1.4265e+014	5.2500e-015
5.520e+000	5.6784e-006	-1.4336e+014	-1.4300e+014	1.4300e+014	5.2500e-015
5.530e+000	5.6798e-006	-1.4371e+014	-1.4336e+014	1.4336e+014	5.2500e-015
5.540e+000	5.6812e-006	-1.4407e+014	-1.4371e+014	1.4371e+014	5.2500e-015
5.550e+000	5.6827e-006	-1.4442e+014	-1.4407e+014	1.4406e+014	5.2500e-015
5.560e+000	5.6841e-006	-1.4477e+014	-1.4442e+014	1.4442e+014	5.2500e-015
5.570e+000	5.6855e-006	-1.4513e+014	-1.4477e+014	1.4477e+014	5.2500e-015
5.580e+000	5.6870e-006	-1.4548e+014	-1.4513e+014	1.4513e+014	5.2500e-015
5.590e+000	5.6884e-006	-1.4584e+014	-1.4548e+014	1.4548e+014	5.2500e-015
5.600e+000	5.6898e-006	-1.4619e+014	-1.4584e+014	1.4584e+014	5.2500e-015
5.610e+000	5.6912e-006	-1.4655e+014	-1.4619e+014	1.4619e+014	5.2500e-015
5.620e+000	5.6926e-006	-1.4690e+014	-1.4655e+014	1.4655e+014	5.2500e-015
5.630e+000	5.6940e-006	-1.4726e+014	-1.4690e+014	1.4690e+014	5.2500e-015
5.640e+000	5.6954e-006	-1.4762e+014	-1.4726e+014	1.4726e+014	5.2500e-015
5.650e+000	5.6968e-006	-1.4797e+014	-1.4762e+014	1.4762e+014	5.2500e-015
5.660e+000	5.6982e-006	-1.4833e+014	-1.4797e+014	1.4797e+014	5.2500e-015
5.670e+000	5.6996e-006	-1.4868e+014	-1.4833e+014	1.4833e+014	5.2500e-015
5.680e+000	5.7010e-006	-1.4904e+014	-1.4868e+014	1.4868e+014	5.2500e-015
5.690e+000	5.7024e-006	-1.4939e+014	-1.4904e+014	1.4904e+014	5.2500e-015
5.700e+000	5.7037e-006	-1.4975e+014	-1.4939e+014	1.4939e+014	5.2500e-015
5.710e+000	5.7051e-006	-1.5011e+014	-1.4975e+014	1.4975e+014	5.2500e-015
5.720e+000	5.7065e-006	-1.5046e+014	-1.5011e+014	1.5011e+014	5.2500e-015
5.730e+000	5.7078e-006	-1.5082e+014	-1.5046e+014	1.5046e+014	5.2500e-015
5.740e+000	5.7092e-006	-1.5118e+014	-1.5082e+014	1.5082e+014	5.2500e-015
5.750e+000	5.7106e-006	-1.5153e+014	-1.5118e+014	1.5118e+014	5.2500e-015
5.760e+000	5.7119e-006	-1.5189e+014	-1.5153e+014	1.5153e+014	5.2500e-015
5.770e+000	5.7133e-006	-1.5224e+014	-1.5189e+014	1.5189e+014	5.2500e-015
5.780e+000	5.7146e-006	-1.5260e+014	-1.5224e+014	1.5224e+014	5.2500e-015
5.790e+000	5.7160e-006	-1.5296e+014	-1.5260e+014	1.5260e+014	5.2500e-015
5.800e+000	5.7173e-006	-1.5332e+014	-1.5296e+014	1.5296e+014	5.2500e-015
5.810e+000	5.7187e-006	-1.5367e+014	-1.5332e+014	1.5332e+014	5.2500e-015
5.820e+000	5.7200e-006	-1.5403e+014	-1.5367e+014	1.5367e+014	5.2500e-015
5.830e+000	5.7213e-006	-1.5439e+014	-1.5403e+014	1.5403e+014	5.2500e-015
5.840e+000	5.7227e-006	-1.5474e+014	-1.5439e+014	1.5439e+014	5.2500e-015
5.850e+000	5.7240e-006	-1.5510e+014	-1.5474e+014	1.5474e+014	5.2500e-015
5.860e+000	5.7253e-006	-1.5546e+014	-1.5510e+014	1.5510e+014	5.2500e-015
5.870e+000	5.7266e-006	-1.5582e+014	-1.5546e+014	1.5546e+014	5.2500e-015
5.880e+000	5.7279e-006	-1.5617e+014	-1.5582e+014	1.5582e+014	5.2500e-015
5.890e+000	5.7293e-006	-1.5653e+014	-1.5617e+014	1.5617e+014	5.2500e-015
5.900e+000	5.7306e-006	-1.5689e+014	-1.5653e+014	1.5653e+014	5.2500e-015
5.910e+000	5.7319e-006	-1.5725e+014	-1.5689e+014	1.5689e+014	5.2500e-015
5.920e+000	5.7332e-006	-1.5760e+014	-1.5725e+014	1.5725e+014	5.2500e-015
5.930e+000	5.7345e-006	-1.5796e+014	-1.5760e+014	1.5760e+014	5.2500e-015
5.940e+000	5.7358e-006	-1.5832e+014	-1.5796e+014	1.5796e+014	5.2500e-015
5.950e+000	5.7371e-006	-1.5868e+014	-1.5832e+014	1.5832e+014	5.2500e-015
5.960e+000	5.7384e-006	-1.5904e+014	-1.5868e+014	1.5868e+014	5.2500e-015
5.970e+000	5.7397e-006	-1.5939e+014	-1.5904e+014	1.5904e+014	5.2500e-015
5.980e+000	5.7409e-006	-1.5975e+014	-1.5939e+014	1.5939e+014	5.2500e-015
5.990e+000	5.7422e-006	-1.6011e+014	-1.5975e+014	1.5975e+014	5.2500e-015
6.000e+000	5.7435e-006	-1.6047e+014	-1.6011e+014	1.6011e+014	5.2500e-015
6.010e+000	5.7448e-006	-1.6083e+014	-1.6047e+014	1.6047e+014	5.2500e-015
6.020e+000	5.7460e-006	-1.6119e+014	-1.6083e+014	1.6083e+014	5.2500e-015
6.030e+000	5.7473e-006	-1.6155e+014	-1.6119e+014	1.6119e+014	5.2500e-015
6.040e+000	5.7486e-006	-1.6190e+014	-1.6155e+014	1.6155e+014	5.2500e-015
6.050e+000	5.7498e-006	-1.6226e+014	-1.6190e+014	1.6190e+014	5.2500e-015
6.060e+000	5.7511e-006	-1.6262e+014	-1.6226e+014	1.6226e+014	5.2500e-015
6.070e+000	5.7524e-006	-1.6298e+014	-1.6262e+014	1.6262e+014	5.2500e-015
6.080e+000	5.7536e-006	-1.6334e+014	-1.6298e+014	1.6298e+014	5.2500e-015
6.090e+000	5.7549e-006	-1.6370e+014	-1.6334e+014	1.6334e+014	5.2500e-015
6.100e+000	5.7561e-006	-1.6406e+014	-1.6370e+014	1.6370e+014	5.2500e-015
6.110e+000	5.7574e-006	-1.6442e+014	-1.6406e+014	1.6406e+014	5.2500e-015
6.120e+000	5.7586e-006	-1.6478e+014	-1.6442e+014	1.6442e+014	5.2500e-015
6.130e+000	5.7598e-006	-1.6514e+014	-1.6478e+014	1.6478e+014	5.2500e-015
6.140e+000	5.7611e-006	-1.6550e+014	-1.6514e+014	1.6514e+014	5.2500e-015
6.150e+000	5.7623e-006	-1.6586e+014	-1.6550e+014	1.6550e+014	5.2500e-015
6.160e+000	5.7635e-006	-1.6622e+014	-1.6586e+014	1.6586e+014	5.2500e-015
6.170e+000	5.7648e-006	-1.6658e+014	-1.6622e+014	1.6622e+014	5.2500e-015
6.180e+000	5.7660e-006	-1.6694e+014	-1.6658e+014	1.6658e+014	5.2500e-015
6.190e+000	5.7672e-006	-1.6730e+014	-1.6694e+014	1.6694e+014	5.2500e-015
6.200e+000	5.7684e-006	-1.6766e+014	-1.6730e+014	1.6730e+014	5.2500e-015
6.210e+000	5.7697e-006	-1.6802e+014	-1.6766e+014	1.6766e+014	5.2500e-015
6.220e+000	5.7709e-006	-1.6838e+014	-1.6802e+014	1.6802e+014	5.2500e-015
6.230e+000	5.7721e-006	-1.6874e+014	-1.6838e+014	1.6838e+014	5.2500e-015
6.240e+000	5.7733e-006	-1.6910e+014	-1.6874e+014	1.6874e+014	5.2500e-015
6.250e+000	5.7745e-006	-1.6946e+014	-1.6910e+014	1.6910e+014	5.2500e-015
6.260e+000	5.7757e-006	-1.6982e+014	-1.6946e+014	1.6946e+014	5.2500e-015
6.270e+000	5.7769e-006	-1.7018e+014	-1.6982e+014	1.6982e+014	5.2500e-015
6.280e+000	5.7781e-006	-1.7054e+014	-1.7018e+014	1.7018e+014	5.2500e-015
6.290e+000	5.7793e-006	-1.7090e+014	-1.7054e+014	1.7054e+014	5.2500e-015
6.300e+000	5.7805e-006	-1.7126e+014	-1.7090e+014	1.7090e+014	5.2500e-015
6.310e+000	5.7817e-006	-1.7162e+014	-1.7126e+014	1.7126e+014	5.2500e-015
6.320e+000	5.7829e-006	-1.7198e+014	-1.7162e+014	1.7162e+014	5.2500e-015
6.330e+000	5.7840e-006	-1.7234e+014	-1.7198e+014	1.7198e+014	5.2500e-015
6.340e+000	5.7852e-006	-1.7270e+014	-1.7234e+014	1.7234e+014	5.2500e-015
6.350e+000	5.7864e-006	-1.7307e+014	-1.7270e+014	1.7270e+014	5.2500e-015
6.360e+000	5.7876e-006	-1.7343e+014	-1.7307e+014	1.7307e+014	5.2500e-015
6.370e+000	5.7887e-006	-1.7379e+014	-1.7343e+014	1.7343e+014	5.2500e-015
6.380e+000	5.7899e-006	-1.7415e+014	-1.7379e+014	1.7379e+014	5.2500e-015
6.390e+000	5.7911e-006	-1.7451e+014	-1.7415e+014	1.7415e+014	5.2500e-015
6.400e+000	5.7923e-006	-1.7487e+014	-1.7451e+014	1.7451e+014	5.2500e-015
6.410e+000	5.7934e-006	-1.7523e+014	-1.7487e+014	1.7487e+014	5.2500e-015
6.420e+000	5.7946e-006	-1.7560e+014	-1.7523e+014	1.7523e+014	5.2500e-015
6.430e+000	5.7957e-006	-1.7596e+014	-1.7560e+014	1.7560e+014	5.2500e-015
6.440e+000	5.7969e-006	-1.7632e+014	-1.7596e+014	1.7596e+014	5.2500e-015
6.450e+000	5.7980e-006	-1.7668e+014	-1.7632e+014	1.7632e+014	5.2500e-015
6.460e+000	5.7992e-006	-1.7704e+014	-1.7668e+014	1.7668e+014	5.2500e-015
6.470e+000	5.8003e-006	-1.7740e+014	-1.7704e+014	1.7704e+014	5.2500e-015
6.480e+000	5.8015e-006	-1.7777e+014	-1.7740e+014	1.7740e+014	5.2500e-015
6.490e+000	5.8026e-006	-1.7813e+014	-1.7777e+014	1.7777e+014	5.2500e-015
6.500e+000	5.8038e-006	-1.7849e+014	-1.7813e+014	1.7813e+014	5.2500e-015
6.510e+000	5.8049e-006	-1.7885e+014	-1.7849e+014	1.7849e+014	5.2500e-015
6.520e+000	5.8060e-006	-1.7922e+014	-1.7885e+014	1.7885e+014	5.2500e-015
6.530e+000	5.8072e-006	-1.7958e+014	-1.7922e+014	1.7922e+014	5.2500e-015
6.540e+000	5.8083e-006	-1.7994e+014	-1.7958e+014	1.7958e+014	5.2500e-015
6.550e+000	5.8094e-006	-1.8030e+014	-1.7994e+014	1.7994e+014	5.2500e-015
6.560e+000	5.8105e-006	-1.8067e+014	-1.8030e+014	1.8030e+014	5.2500e-015
6.570e+000	5.8117e-006	-1.8103e+014	-1.8067e+014	1.8067e+014	5.2500e-015
6.580e+000	5.8128e-006	-1.8139e+014	-1.8103e+014	1.8103e+014	5.2500e-015
6.590e+000	5.8139e-006	-1.8175e+014	-1.8139e+014	1.8139e+014	5.2500e-015
6.600e+000	5.8150e-006	-1.8212e+014	-1.8175e+014	1.8175e+014	5.2500e-015
6.610e+000	5.8161e-006	-1.8248e+014	-1.8212e+014	1.8212e+014	5.2500e-015
6.620e+000	5.8172e-006	-1.8284e+014	-1.8248e+014	1.8248e+014	5.2500e-015
6.630e+000	5.8184e-006	-1.8321e+014	-1.8284e+014	1.8284e+014	5.2500e-015
6.640e+000	5.8195e-006	-1.8357e+014	-1.8321e+014	1.8321e+014	5.2500e-015
6.650e+000	5.8206e-006	-1.8393e+014	-1.8357e+014	1.8357e+014	5.2500e-015
6.660e+000	5.8217e-006	-1.8430e+014	-1.8393e+014	1.8393e+014	5.2500e-015
6.670e+000	5.8228e-006	-1.8466e+014	-1.8430e+014	1.8430e+014	5.2500e-015
6.680e+000	5.8239e-006	-1.8502e+014	-1.8466e+014	1.8466e+014	5.2500e-015
6.690e+000	5.8250e-006	-1.8539e+014	-1.8502e+014	1.8502e+014	5.2500e-015
6.700e+000	5.8260e-006	-1.8575e+014	-1.8539e+014	1.8539e+014	5.2500e-015
6.710e+000	5.8271e-006	-1.8611e+014	-1.8575e+014	1.8575e+014	5.2500e-015
6.720e+000	5.8282e-006	-1.8648e+014	-1.8611e+014	1.8611e+014	5.2500e-015
6.730e+000	5.8293e-006	-1.8684e+014	-1.8648e+014	1.8648e+014	5.2500e-015
6.740e+000	5.8304e-006	-1.8721e+014	-1.8684e+014	1.8684e+014	5.2500e-015
6.750e+000	5.8315e-006	-1.8757e+014	-1.8721e+014	1.8721e+014	5.2500e-015
6.760e+000	5.8325e-006	-1.8793e+014	-1.8757e+014	1.8757e+014	5.2500e-015
6.770e+000	5.8336e-006	-1.8830e+014	-1.8793e+014	1.8793e+014	5.2500e-015
6.780e+000	5.8347e-006	-1.8866e+014	-1.8830e+014	1.8830e+014	5.2500e-015
6.790e+000	5.8358e-006	-1.8903e+014	-1.8866e+014	1.8866e+014	5.2500e-015
6.800e+000	5.8368e-006	-1.8939e+014	-1.8903e+014	1.8903e+014	5.2500e-015
6.810e+000	5.8379e-006	-1.8976e+014	-1.8939e+014	1.8939e+014	5.2500e-015
6.820e+000	5.8390e-006	-1.9012e+014	-1.8976e+014	1.8976e+014	5.2500e-015
6.830e+000	5.8400e-006	-1.9048e+014	-1.9012e+014	1.9012e+014	5.2500e-015
6.840e+000	5.8411e-006	-1.9085e+014	-1.9048e+014	1.9048e+014	5.2500e-015
6.850e+000	5.8422e-006	-1.9121e+014	-1.9085e+014	1.9085e+014	5.2500e-015
6.860e+000	5.8432e-006	-1.9158e+014	-1.9121e+014	1.9121e+014	5.2500e-015
6.870e+000	5.8443e-006	-1.9194e+014	-1.9158e+014	1.9158e+014	5.2500e-015
6.880e+000	5.8453e-006	-1.9231e+014	-1.9194e+014	1.9194e+014	5.2500e-015
6.890e+000	5.8464e-006	-1.9267e+014	-1.9231e+014	1.9231e+014	5.2500e-015
6.900e+000	5.8474e-006	-1.9304e+014	-1.9267e+014	1.9267e+014	5.2500e-015
6.910e+000	5.8485e-006	-1.9340e+014	-1.9304e+014	1.9304e+014	5.2500e-015
6.920e+000	5.8495e-006	-1.9377e+014	-1.9340e+014	1.9340e+014	5.2500e-015
6.930e+000	5.8505e-006	-1.9413e+014	-1.9377e+014	1.9377e+014	5.2500e-015
6.940e+000	5.8516e-006	-1.9450e+014	-1.9413e+014	1.9413e+014	5.2500e-015
6.950e+000	5.8526e-006	-1.9486e+014	-1.9450e+014	1.9450e+014	5.2500e-015
6.960e+000	5.8537e-006	-1.9523e+014	-1.9486e+014	1.9486e+014	5.2500e-015
6.970e+000	5.8547e-006	-1.9559e+014	-1.9523e+014	1.9523e+014	5.2500e-015
6.980e+000	5.8557e-006	-1.9596e+014	-1.9559e+014	1.9559e+014	5.2500e-015
6.990e+000	5.8567e-006	-1.9633e+014	-1.9596e+014	1.9596e+014	5.2500e-015
7.000e+000	5.8578e-006	-1.9669e+014	-1.9633e+014	1.9632e+014	5.2500e-015
