V	C (Fcm-2)	Initcharge (cm-2)	Finalcharge (cm-2)	ns Total (cm-2)	ps Total (cm-2)
-7.000e+000	4.8034e-017	-9.3464e+000	-6.3484e+000	6.3476e+000	5.2500e-015
-6.990e+000	4.8034e-017	-9.3464e+000	-6.3484e+000	6.3476e+000	5.2500e-015
-6.980e+000	4.8034e-017	-9.3464e+000	-6.3484e+000	6.3476e+000	5.2500e-015
-6.970e+000	4.8034e-017	-9.3464e+000	-6.3484e+000	6.3476e+000	5.2500e-015
-6.960e+000	4.8034e-017	-9.3464e+000	-6.3484e+000	6.3476e+000	5.2500e-015
-6.950e+000	4.8034e-017	-9.3464e+000	-6.3484e+000	6.3476e+000	5.2500e-015
-6.940e+000	4.8034e-017	-9.3464e+000	-6.3484e+000	6.3476e+000	5.2500e-015
-6.930e+000	4.8034e-017	-9.3464e+000	-6.3484e+000	6.3476e+000	5.2500e-015
-6.920e+000	4.8034e-017	-9.3464e+000	-6.3484e+000	6.3476e+000	5.2500e-015
-6.910e+000	4.8034e-017	-9.3464e+000	-6.3484e+000	6.3476e+000	5.2500e-015
-6.900e+000	4.8034e-017	-9.3464e+000	-6.3484e+000	6.3476e+000	5.2500e-015
-6.890e+000	4.8034e-017	-9.3464e+000	-6.3484e+000	6.3476e+000	5.2500e-015
-6.880e+000	4.8034e-017	-9.3464e+000	-6.3484e+000	6.3476e+000	5.2500e-015
-6.870e+000	4.8034e-017	-9.3464e+000	-6.3484e+000	6.3476e+000	5.2500e-015
-6.860e+000	4.8034e-017	-9.3464e+000	-6.3484e+000	6.3476e+000	5.2500e-015
-6.850e+000	4.8034e-017	-9.3464e+000	-6.3484e+000	6.3476e+000	5.2500e-015
-6.840e+000	4.8034e-017	-9.3464e+000	-6.3484e+000	6.3476e+000	5.2500e-015
-6.830e+000	4.8034e-017	-9.3464e+000	-6.3484e+000	6.3476e+000	5.2500e-015
-6.820e+000	4.8034e-017	-9.3464e+000	-6.3484e+000	6.3476e+000	5.2500e-015
-6.810e+000	4.8034e-017	-9.3464e+000	-6.3484e+000	6.3476e+000	5.2500e-015
-6.800e+000	4.8034e-017	-9.3464e+000	-6.3484e+000	6.3476e+000	5.2500e-015
-6.790e+000	4.8034e-017	-9.3464e+000	-6.3484e+000	6.3476e+000	5.2500e-015
-6.780e+000	4.8034e-017	-9.3464e+000	-6.3484e+000	6.3476e+000	5.2500e-015
-6.770e+000	4.8034e-017	-9.3464e+000	-6.3484e+000	6.3476e+000	5.2500e-015
-6.760e+000	4.8034e-017	-9.3464e+000	-6.3484e+000	6.3476e+000	5.2500e-015
-6.750e+000	4.8034e-017	-9.3464e+000	-6.3484e+000	6.3476e+000	5.2500e-015
-6.740e+000	4.8034e-017	-9.3464e+000	-6.3484e+000	6.3476e+000	5.2500e-015
-6.730e+000	4.8034e-017	-9.3464e+000	-6.3484e+000	6.3476e+000	5.2500e-015
-6.720e+000	4.8034e-017	-9.3464e+000	-6.3484e+000	6.3476e+000	5.2500e-015
-6.710e+000	4.8034e-017	-9.3464e+000	-6.3484e+000	6.3476e+000	5.2500e-015
-6.700e+000	4.8034e-017	-9.3464e+000	-6.3484e+000	6.3476e+000	5.2500e-015
-6.690e+000	4.8034e-017	-9.3464e+000	-6.3484e+000	6.3476e+000	5.2500e-015
-6.680e+000	4.8034e-017	-9.3464e+000	-6.3484e+000	6.3476e+000	5.2500e-015
-6.670e+000	4.8034e-017	-9.3464e+000	-6.3484e+000	6.3476e+000	5.2500e-015
-6.660e+000	4.8034e-017	-9.3464e+000	-6.3484e+000	6.3476e+000	5.2500e-015
-6.650e+000	4.8034e-017	-9.3464e+000	-6.3484e+000	6.3476e+000	5.2500e-015
-6.640e+000	4.8034e-017	-9.3464e+000	-6.3484e+000	6.3476e+000	5.2500e-015
-6.630e+000	4.8034e-017	-9.3464e+000	-6.3484e+000	6.3476e+000	5.2500e-015
-6.620e+000	4.8034e-017	-9.3464e+000	-6.3484e+000	6.3476e+000	5.2500e-015
-6.610e+000	4.8034e-017	-9.3464e+000	-6.3484e+000	6.3476e+000	5.2500e-015
-6.600e+000	4.8034e-017	-9.3464e+000	-6.3484e+000	6.3476e+000	5.2500e-015
-6.590e+000	4.8034e-017	-9.3464e+000	-6.3484e+000	6.3476e+000	5.2500e-015
-6.580e+000	4.8034e-017	-9.3464e+000	-6.3484e+000	6.3476e+000	5.2500e-015
-6.570e+000	4.8034e-017	-9.3464e+000	-6.3484e+000	6.3476e+000	5.2500e-015
-6.560e+000	4.8034e-017	-9.3464e+000	-6.3484e+000	6.3476e+000	5.2500e-015
-6.550e+000	4.8034e-017	-9.3464e+000	-6.3484e+000	6.3476e+000	5.2500e-015
-6.540e+000	4.8034e-017	-9.3464e+000	-6.3484e+000	6.3476e+000	5.2500e-015
-6.530e+000	4.8034e-017	-9.3464e+000	-6.3484e+000	6.3476e+000	5.2500e-015
-6.520e+000	4.8034e-017	-9.3464e+000	-6.3484e+000	6.3476e+000	5.2500e-015
-6.510e+000	4.8034e-017	-9.3464e+000	-6.3484e+000	6.3476e+000	5.2500e-015
-6.500e+000	4.8034e-017	-9.3464e+000	-6.3484e+000	6.3476e+000	5.2500e-015
-6.490e+000	4.8034e-017	-9.3464e+000	-6.3484e+000	6.3476e+000	5.2500e-015
-6.480e+000	4.8034e-017	-9.3464e+000	-6.3484e+000	6.3476e+000	5.2500e-015
-6.470e+000	4.8034e-017	-9.3464e+000	-6.3484e+000	6.3476e+000	5.2500e-015
-6.460e+000	4.8034e-017	-9.3464e+000	-6.3484e+000	6.3476e+000	5.2500e-015
-6.450e+000	4.8034e-017	-9.3464e+000	-6.3484e+000	6.3476e+000	5.2500e-015
-6.440e+000	4.8034e-017	-9.3464e+000	-6.3484e+000	6.3476e+000	5.2500e-015
-6.430e+000	4.8034e-017	-9.3464e+000	-6.3484e+000	6.3476e+000	5.2500e-015
-6.420e+000	4.8034e-017	-9.3464e+000	-6.3484e+000	6.3476e+000	5.2500e-015
-6.410e+000	4.8034e-017	-9.3464e+000	-6.3484e+000	6.3476e+000	5.2500e-015
-6.400e+000	4.8034e-017	-9.3464e+000	-6.3484e+000	6.3476e+000	5.2500e-015
-6.390e+000	4.8034e-017	-9.3464e+000	-6.3484e+000	6.3476e+000	5.2500e-015
-6.380e+000	4.8034e-017	-9.3464e+000	-6.3484e+000	6.3476e+000	5.2500e-015
-6.370e+000	4.8034e-017	-9.3464e+000	-6.3484e+000	6.3476e+000	5.2500e-015
-6.360e+000	4.8034e-017	-9.3464e+000	-6.3484e+000	6.3476e+000	5.2500e-015
-6.350e+000	4.8034e-017	-9.3464e+000	-6.3484e+000	6.3476e+000	5.2500e-015
-6.340e+000	4.8034e-017	-9.3464e+000	-6.3484e+000	6.3476e+000	5.2500e-015
-6.330e+000	4.8034e-017	-9.3464e+000	-6.3484e+000	6.3476e+000	5.2500e-015
-6.320e+000	4.8034e-017	-9.3464e+000	-6.3484e+000	6.3476e+000	5.2500e-015
-6.310e+000	4.8034e-017	-9.3464e+000	-6.3484e+000	6.3476e+000	5.2500e-015
-6.300e+000	4.8034e-017	-9.3464e+000	-6.3484e+000	6.3476e+000	5.2500e-015
-6.290e+000	4.8034e-017	-9.3464e+000	-6.3484e+000	6.3476e+000	5.2500e-015
-6.280e+000	4.8034e-017	-9.3464e+000	-6.3484e+000	6.3476e+000	5.2500e-015
-6.270e+000	4.8034e-017	-9.3464e+000	-6.3484e+000	6.3476e+000	5.2500e-015
-6.260e+000	4.8034e-017	-9.3464e+000	-6.3484e+000	6.3476e+000	5.2500e-015
-6.250e+000	4.8034e-017	-9.3464e+000	-6.3484e+000	6.3476e+000	5.2500e-015
-6.240e+000	4.8034e-017	-9.3464e+000	-6.3484e+000	6.3476e+000	5.2500e-015
-6.230e+000	4.8034e-017	-9.3464e+000	-6.3484e+000	6.3476e+000	5.2500e-015
-6.220e+000	4.8034e-017	-9.3464e+000	-6.3484e+000	6.3476e+000	5.2500e-015
-6.210e+000	4.8034e-017	-9.3464e+000	-6.3484e+000	6.3476e+000	5.2500e-015
-6.200e+000	4.8034e-017	-9.3464e+000	-6.3484e+000	6.3476e+000	5.2500e-015
-6.190e+000	4.8034e-017	-9.3464e+000	-6.3484e+000	6.3476e+000	5.2500e-015
-6.180e+000	4.8034e-017	-9.3464e+000	-6.3484e+000	6.3476e+000	5.2500e-015
-6.170e+000	4.8034e-017	-9.3464e+000	-6.3484e+000	6.3476e+000	5.2500e-015
-6.160e+000	4.8034e-017	-9.3464e+000	-6.3484e+000	6.3476e+000	5.2500e-015
-6.150e+000	4.8034e-017	-9.3464e+000	-6.3484e+000	6.3476e+000	5.2500e-015
-6.140e+000	4.8034e-017	-9.3464e+000	-6.3484e+000	6.3476e+000	5.2500e-015
-6.130e+000	4.8034e-017	-9.3464e+000	-6.3484e+000	6.3476e+000	5.2500e-015
-6.120e+000	4.8034e-017	-9.3464e+000	-6.3484e+000	6.3476e+000	5.2500e-015
-6.110e+000	4.8034e-017	-9.3464e+000	-6.3484e+000	6.3476e+000	5.2500e-015
-6.100e+000	4.8034e-017	-9.3464e+000	-6.3484e+000	6.3476e+000	5.2500e-015
-6.090e+000	4.8034e-017	-9.3464e+000	-6.3484e+000	6.3476e+000	5.2500e-015
-6.080e+000	4.8034e-017	-9.3464e+000	-6.3484e+000	6.3476e+000	5.2500e-015
-6.070e+000	4.8034e-017	-9.3464e+000	-6.3484e+000	6.3476e+000	5.2500e-015
-6.060e+000	4.8034e-017	-9.3464e+000	-6.3484e+000	6.3476e+000	5.2500e-015
-6.050e+000	4.8034e-017	-9.3464e+000	-6.3484e+000	6.3476e+000	5.2500e-015
-6.040e+000	4.8034e-017	-9.3464e+000	-6.3484e+000	6.3476e+000	5.2500e-015
-6.030e+000	4.8034e-017	-9.3464e+000	-6.3484e+000	6.3476e+000	5.2500e-015
-6.020e+000	4.8034e-017	-9.3464e+000	-6.3484e+000	6.3476e+000	5.2500e-015
-6.010e+000	4.8034e-017	-9.3464e+000	-6.3484e+000	6.3476e+000	5.2500e-015
-6.000e+000	4.8034e-017	-9.3464e+000	-6.3484e+000	6.3476e+000	5.2500e-015
-5.990e+000	4.8034e-017	-9.3464e+000	-6.3484e+000	6.3476e+000	5.2500e-015
-5.980e+000	4.8034e-017	-9.3464e+000	-6.3484e+000	6.3476e+000	5.2500e-015
-5.970e+000	4.8034e-017	-9.3464e+000	-6.3484e+000	6.3476e+000	5.2500e-015
-5.960e+000	4.8034e-017	-9.3464e+000	-6.3484e+000	6.3476e+000	5.2500e-015
-5.950e+000	4.8034e-017	-9.3464e+000	-6.3484e+000	6.3476e+000	5.2500e-015
-5.940e+000	4.8034e-017	-9.3464e+000	-6.3484e+000	6.3476e+000	5.2500e-015
-5.930e+000	4.8034e-017	-9.3464e+000	-6.3484e+000	6.3476e+000	5.2500e-015
-5.920e+000	4.8034e-017	-9.3464e+000	-6.3484e+000	6.3476e+000	5.2500e-015
-5.910e+000	4.8034e-017	-9.3464e+000	-6.3484e+000	6.3476e+000	5.2500e-015
-5.900e+000	4.8034e-017	-9.3464e+000	-6.3484e+000	6.3476e+000	5.2500e-015
-5.890e+000	4.8034e-017	-9.3464e+000	-6.3484e+000	6.3476e+000	5.2500e-015
-5.880e+000	4.8034e-017	-9.3464e+000	-6.3484e+000	6.3476e+000	5.2500e-015
-5.870e+000	4.8034e-017	-9.3464e+000	-6.3484e+000	6.3476e+000	5.2500e-015
-5.860e+000	4.8034e-017	-9.3464e+000	-6.3484e+000	6.3476e+000	5.2500e-015
-5.850e+000	4.8034e-017	-9.3464e+000	-6.3484e+000	6.3476e+000	5.2500e-015
-5.840e+000	4.8034e-017	-9.3464e+000	-6.3484e+000	6.3476e+000	5.2500e-015
-5.830e+000	4.8034e-017	-9.3464e+000	-6.3484e+000	6.3476e+000	5.2500e-015
-5.820e+000	4.8034e-017	-9.3465e+000	-6.3484e+000	6.3476e+000	5.2500e-015
-5.810e+000	4.8034e-017	-9.3465e+000	-6.3484e+000	6.3476e+000	5.2500e-015
-5.800e+000	4.8034e-017	-9.3465e+000	-6.3484e+000	6.3476e+000	5.2500e-015
-5.790e+000	4.8034e-017	-9.3465e+000	-6.3484e+000	6.3476e+000	5.2500e-015
-5.780e+000	4.8035e-017	-9.3465e+000	-6.3484e+000	6.3476e+000	5.2500e-015
-5.770e+000	4.8035e-017	-9.3465e+000	-6.3485e+000	6.3477e+000	5.2500e-015
-5.760e+000	4.8035e-017	-9.3466e+000	-6.3485e+000	6.3477e+000	5.2500e-015
-5.750e+000	4.8035e-017	-9.3467e+000	-6.3486e+000	6.3477e+000	5.2500e-015
-5.740e+000	4.8036e-017	-9.3468e+000	-6.3486e+000	6.3478e+000	5.2500e-015
-5.730e+000	4.8037e-017	-9.3470e+000	-6.3488e+000	6.3479e+000	5.2500e-015
-5.720e+000	4.8038e-017	-9.3472e+000	-6.3489e+000	6.3481e+000	5.2500e-015
-5.710e+000	4.8040e-017	-9.3476e+000	-6.3492e+000	6.3484e+000	5.2500e-015
-5.700e+000	4.8043e-017	-9.3481e+000	-6.3495e+000	6.3487e+000	5.2500e-015
-5.690e+000	4.8047e-017	-9.3489e+000	-6.3501e+000	6.3493e+000	5.2500e-015
-5.680e+000	4.8053e-017	-9.3501e+000	-6.3509e+000	6.3501e+000	5.2500e-015
-5.670e+000	4.8062e-017	-9.3519e+000	-6.3521e+000	6.3513e+000	5.2500e-015
-5.660e+000	4.8075e-017	-9.3544e+000	-6.3538e+000	6.3530e+000	5.2500e-015
-5.650e+000	4.8095e-017	-9.3582e+000	-6.3564e+000	6.3556e+000	5.2500e-015
-5.640e+000	4.8123e-017	-9.3638e+000	-6.3602e+000	6.3594e+000	5.2500e-015
-5.630e+000	4.8165e-017	-9.3720e+000	-6.3657e+000	6.3649e+000	5.2500e-015
-5.620e+000	4.8227e-017	-9.3840e+000	-6.3739e+000	6.3731e+000	5.2500e-015
-5.610e+000	4.8318e-017	-9.4017e+000	-6.3860e+000	6.3851e+000	5.2500e-015
-5.600e+000	4.8453e-017	-9.4279e+000	-6.4037e+000	6.4029e+000	5.2500e-015
-5.590e+000	4.8662e-017	-9.4671e+000	-6.4298e+000	6.4290e+000	5.2500e-015
-5.580e+000	4.8941e-017	-9.5237e+000	-6.4690e+000	6.4675e+000	5.2500e-015
-5.570e+000	4.9370e-017	-9.6070e+000	-6.5256e+000	6.5241e+000	5.2500e-015
-5.560e+000	5.0008e-017	-9.7303e+000	-6.6090e+000	6.6075e+000	5.2500e-015
-5.550e+000	5.0937e-017	-9.9115e+000	-6.7322e+000	6.7302e+000	5.2500e-015
-5.540e+000	5.2312e-017	-1.0178e+001	-6.9134e+000	6.9109e+000	5.2500e-015
-5.530e+000	5.4326e-017	-1.0571e+001	-7.1805e+000	7.1770e+000	5.2500e-015
-5.520e+000	5.7305e-017	-1.1150e+001	-7.5731e+000	7.5687e+000	5.2500e-015
-5.510e+000	6.1677e-017	-1.2001e+001	-8.1518e+000	8.1454e+000	5.2500e-015
-5.500e+000	6.8121e-017	-1.3255e+001	-9.0033e+000	8.9945e+000	5.2500e-015
-5.490e+000	7.7612e-017	-1.5101e+001	-1.0257e+001	1.0245e+001	5.2500e-015
-5.480e+000	9.1574e-017	-1.7819e+001	-1.2103e+001	1.2085e+001	5.2500e-015
-5.470e+000	1.1215e-016	-2.1821e+001	-1.4821e+001	1.4795e+001	5.2500e-015
-5.460e+000	1.4241e-016	-2.7711e+001	-1.8823e+001	1.8784e+001	5.2500e-015
-5.450e+000	1.8700e-016	-3.6385e+001	-2.4713e+001	2.4658e+001	5.2500e-015
-5.440e+000	2.5264e-016	-4.9156e+001	-3.3387e+001	3.3306e+001	5.2500e-015
-5.430e+000	3.4927e-016	-6.7958e+001	-4.6158e+001	4.6038e+001	5.2500e-015
-5.420e+000	4.9154e-016	-9.5639e+001	-6.4959e+001	6.4783e+001	5.2500e-015
-5.410e+000	7.0099e-016	-1.3639e+002	-9.2641e+001	9.2382e+001	5.2500e-015
-5.400e+000	1.0094e-015	-1.9640e+002	-1.3340e+002	1.3301e+002	5.2500e-015
-5.390e+000	1.4634e-015	-2.8474e+002	-1.9340e+002	1.9284e+002	5.2500e-015
-5.380e+000	2.1319e-015	-4.1480e+002	-2.8174e+002	2.8092e+002	5.2500e-015
-5.370e+000	3.1161e-015	-6.0629e+002	-4.1180e+002	4.1059e+002	5.2500e-015
-5.360e+000	4.5651e-015	-8.8822e+002	-6.0330e+002	6.0151e+002	5.2500e-015
-5.350e+000	6.6984e-015	-1.3033e+003	-8.8523e+002	8.8260e+002	5.2500e-015
-5.340e+000	9.8393e-015	-1.9144e+003	-1.3003e+003	1.2964e+003	5.2500e-015
-5.330e+000	1.4464e-014	-2.8142e+003	-1.9114e+003	1.9057e+003	5.2500e-015
-5.320e+000	2.1272e-014	-4.1389e+003	-2.8112e+003	2.8028e+003	5.2500e-015
-5.310e+000	3.1296e-014	-6.0892e+003	-4.1359e+003	4.1235e+003	5.2500e-015
-5.300e+000	4.6054e-014	-8.9606e+003	-6.0862e+003	6.0680e+003	5.2500e-015
-5.290e+000	6.7781e-014	-1.3188e+004	-8.9576e+003	8.9308e+003	5.2500e-015
-5.280e+000	9.9771e-014	-1.9412e+004	-1.3185e+004	1.3146e+004	5.2500e-015
-5.270e+000	1.4687e-013	-2.8576e+004	-1.9409e+004	1.9351e+004	5.2500e-015
-5.260e+000	2.1621e-013	-4.2068e+004	-2.8573e+004	2.8488e+004	5.2500e-015
-5.250e+000	3.1830e-013	-6.1931e+004	-4.2065e+004	4.1939e+004	5.2500e-015
-5.240e+000	4.6860e-013	-9.1176e+004	-6.1928e+004	6.1743e+004	5.2500e-015
-5.230e+000	6.8988e-013	-1.3423e+005	-9.1173e+004	9.0900e+004	5.2500e-015
-5.220e+000	1.0157e-012	-1.9762e+005	-1.3423e+005	1.3383e+005	5.2500e-015
-5.210e+000	1.4953e-012	-2.9095e+005	-1.9762e+005	1.9703e+005	5.2500e-015
-5.200e+000	2.2014e-012	-4.2835e+005	-2.9095e+005	2.9007e+005	5.2500e-015
-5.190e+000	3.2409e-012	-6.3063e+005	-4.2834e+005	4.2706e+005	5.2500e-015
-5.180e+000	4.7712e-012	-9.2842e+005	-6.3062e+005	6.2874e+005	5.2500e-015
-5.170e+000	7.0239e-012	-1.3668e+006	-9.2842e+005	9.2564e+005	5.2500e-015
-5.160e+000	1.0340e-011	-2.0122e+006	-1.3668e+006	1.3627e+006	5.2500e-015
-5.150e+000	1.5219e-011	-2.9621e+006	-2.0121e+006	2.0061e+006	5.2500e-015
-5.140e+000	2.2400e-011	-4.3601e+006	-2.9621e+006	2.9532e+006	5.2500e-015
-5.130e+000	3.2963e-011	-6.4175e+006	-4.3601e+006	4.3471e+006	5.2500e-015
-5.120e+000	4.8496e-011	-9.4443e+006	-6.4175e+006	6.3983e+006	5.2500e-015
-5.110e+000	7.1324e-011	-1.3896e+007	-9.4443e+006	9.4161e+006	5.2500e-015
-5.100e+000	1.0485e-010	-2.0440e+007	-1.3896e+007	1.3854e+007	5.2500e-015
-5.090e+000	1.5401e-010	-3.0052e+007	-2.0440e+007	2.0379e+007	5.2500e-015
-5.080e+000	2.2599e-010	-4.4158e+007	-3.0052e+007	2.9963e+007	5.2500e-015
-5.070e+000	3.3109e-010	-6.4823e+007	-4.4158e+007	4.4026e+007	5.2500e-015
-5.060e+000	4.8399e-010	-9.5031e+007	-6.4823e+007	6.4629e+007	5.2500e-015
-5.050e+000	7.0523e-010	-1.3905e+008	-9.5031e+007	9.4748e+007	5.2500e-015
-5.040e+000	1.0229e-009	-2.0289e+008	-1.3905e+008	1.3864e+008	5.2500e-015
-5.030e+000	1.4741e-009	-2.9490e+008	-2.0289e+008	2.0229e+008	5.2500e-015
-5.020e+000	2.1057e-009	-4.2632e+008	-2.9490e+008	2.9403e+008	5.2500e-015
-5.010e+000	2.9727e-009	-6.1187e+008	-4.2632e+008	4.2508e+008	5.2500e-015
-5.000e+000	4.1339e-009	-8.6988e+008	-6.1187e+008	6.1010e+008	5.2500e-015
-4.990e+000	5.6431e-009	-1.2221e+009	-8.6988e+008	8.6741e+008	5.2500e-015
-4.980e+000	7.5402e-009	-1.6927e+009	-1.2221e+009	1.2187e+009	5.2500e-015
-4.970e+000	9.8438e-009	-2.3071e+009	-1.6927e+009	1.6881e+009	5.2500e-015
-4.960e+000	1.2553e-008	-3.0906e+009	-2.3071e+009	2.3011e+009	5.2500e-015
-4.950e+000	1.5656e-008	-4.0678e+009	-3.0906e+009	3.0829e+009	5.2500e-015
-4.940e+000	1.9147e-008	-5.2628e+009	-4.0678e+009	4.0581e+009	5.2500e-015
-4.930e+000	2.3030e-008	-6.7003e+009	-5.2628e+009	5.2511e+009	5.2500e-015
-4.920e+000	2.7330e-008	-8.4061e+009	-6.7003e+009	6.6863e+009	5.2500e-015
-4.910e+000	3.2082e-008	-1.0408e+010	-8.4061e+009	8.3899e+009	5.2500e-015
-4.900e+000	3.7328e-008	-1.2738e+010	-1.0408e+010	1.0390e+010	5.2500e-015
-4.890e+000	4.3103e-008	-1.5429e+010	-1.2738e+010	1.2718e+010	5.2500e-015
-4.880e+000	4.9431e-008	-1.8514e+010	-1.5429e+010	1.5406e+010	5.2500e-015
-4.870e+000	5.6317e-008	-2.2029e+010	-1.8514e+010	1.8489e+010	5.2500e-015
-4.860e+000	6.3741e-008	-2.6007e+010	-2.2029e+010	2.2003e+010	5.2500e-015
-4.850e+000	7.1662e-008	-3.0480e+010	-2.6007e+010	2.5979e+010	5.2500e-015
-4.840e+000	8.0011e-008	-3.5474e+010	-3.0480e+010	3.0451e+010	5.2500e-015
-4.830e+000	8.8705e-008	-4.1010e+010	-3.5474e+010	3.5444e+010	5.2500e-015
-4.820e+000	9.7644e-008	-4.7105e+010	-4.1010e+010	4.0979e+010	5.2500e-015
-4.810e+000	1.0673e-007	-5.3766e+010	-4.7105e+010	4.7072e+010	5.2500e-015
-4.800e+000	1.1584e-007	-6.0996e+010	-5.3766e+010	5.3733e+010	5.2500e-015
-4.790e+000	1.2490e-007	-6.8792e+010	-6.0996e+010	6.0963e+010	5.2500e-015
-4.780e+000	1.3381e-007	-7.7143e+010	-6.8792e+010	6.8757e+010	5.2500e-015
-4.770e+000	1.4249e-007	-8.6037e+010	-7.7143e+010	7.7108e+010	5.2500e-015
-4.760e+000	1.5089e-007	-9.5454e+010	-8.6037e+010	8.6001e+010	5.2500e-015
-4.750e+000	1.5896e-007	-1.0538e+011	-9.5454e+010	9.5419e+010	5.2500e-015
-4.740e+000	1.6620e-007	-1.1575e+011	-1.0538e+011	1.0534e+011	5.2500e-015
-4.730e+000	1.7344e-007	-1.2657e+011	-1.1575e+011	1.1571e+011	5.2500e-015
-4.720e+000	1.8031e-007	-1.3783e+011	-1.2657e+011	1.2654e+011	5.2500e-015
-4.710e+000	1.8681e-007	-1.4949e+011	-1.3783e+011	1.3779e+011	5.2500e-015
-4.700e+000	1.9303e-007	-1.6154e+011	-1.4949e+011	1.4945e+011	5.2500e-015
-4.690e+000	1.9876e-007	-1.7394e+011	-1.6154e+011	1.6150e+011	5.2500e-015
-4.680e+000	2.0413e-007	-1.8668e+011	-1.7394e+011	1.7390e+011	5.2500e-015
-4.670e+000	2.0917e-007	-1.9974e+011	-1.8668e+011	1.8664e+011	5.2500e-015
-4.660e+000	2.1390e-007	-2.1309e+011	-1.9974e+011	1.9970e+011	5.2500e-015
-4.650e+000	2.1832e-007	-2.2671e+011	-2.1309e+011	2.1305e+011	5.2500e-015
-4.640e+000	2.2247e-007	-2.4060e+011	-2.2671e+011	2.2668e+011	5.2500e-015
-4.630e+000	2.2641e-007	-2.5473e+011	-2.4060e+011	2.4056e+011	5.2500e-015
-4.620e+000	2.3000e-007	-2.6909e+011	-2.5473e+011	2.5469e+011	5.2500e-015
-4.610e+000	2.3346e-007	-2.8366e+011	-2.6909e+011	2.6905e+011	5.2500e-015
-4.600e+000	2.3662e-007	-2.9843e+011	-2.8366e+011	2.8362e+011	5.2500e-015
-4.590e+000	2.3968e-007	-3.1339e+011	-2.9843e+011	2.9839e+011	5.2500e-015
-4.580e+000	2.4248e-007	-3.2852e+011	-3.1339e+011	3.1335e+011	5.2500e-015
-4.570e+000	2.4519e-007	-3.4382e+011	-3.2852e+011	3.2848e+011	5.2500e-015
-4.560e+000	2.4771e-007	-3.5928e+011	-3.4382e+011	3.4378e+011	5.2500e-015
-4.550e+000	2.5008e-007	-3.7489e+011	-3.5928e+011	3.5925e+011	5.2500e-015
-4.540e+000	2.5237e-007	-3.9065e+011	-3.7489e+011	3.7485e+011	5.2500e-015
-4.530e+000	2.5452e-007	-4.0653e+011	-3.9065e+011	3.9061e+011	5.2500e-015
-4.520e+000	2.5654e-007	-4.2254e+011	-4.0653e+011	4.0649e+011	5.2500e-015
-4.510e+000	2.5852e-007	-4.3868e+011	-4.2254e+011	4.2250e+011	5.2500e-015
-4.500e+000	2.6038e-007	-4.5493e+011	-4.3868e+011	4.3864e+011	5.2500e-015
-4.490e+000	2.6218e-007	-4.7129e+011	-4.5493e+011	4.5489e+011	5.2500e-015
-4.480e+000	2.6390e-007	-4.8776e+011	-4.7129e+011	4.7125e+011	5.2500e-015
-4.470e+000	2.6555e-007	-5.0434e+011	-4.8776e+011	4.8773e+011	5.2500e-015
-4.460e+000	2.6717e-007	-5.2101e+011	-5.0434e+011	5.0430e+011	5.2500e-015
-4.450e+000	2.6874e-007	-5.3779e+011	-5.2101e+011	5.2098e+011	5.2500e-015
-4.440e+000	2.7027e-007	-5.5466e+011	-5.3779e+011	5.3775e+011	5.2500e-015
-4.430e+000	2.7177e-007	-5.7162e+011	-5.5466e+011	5.5462e+011	5.2500e-015
-4.420e+000	2.7309e-007	-5.8866e+011	-5.7162e+011	5.7158e+011	5.2500e-015
-4.410e+000	2.7464e-007	-6.0581e+011	-5.8866e+011	5.8862e+011	5.2500e-015
-4.400e+000	2.7609e-007	-6.2304e+011	-6.0581e+011	6.0577e+011	5.2500e-015
-4.390e+000	2.7752e-007	-6.4036e+011	-6.2304e+011	6.2300e+011	5.2500e-015
-4.380e+000	2.7895e-007	-6.5777e+011	-6.4036e+011	6.4032e+011	5.2500e-015
-4.370e+000	2.8038e-007	-6.7527e+011	-6.5777e+011	6.5773e+011	5.2500e-015
-4.360e+000	2.8183e-007	-6.9286e+011	-6.7527e+011	6.7523e+011	5.2500e-015
-4.350e+000	2.8328e-007	-7.1054e+011	-6.9286e+011	6.9282e+011	5.2500e-015
-4.340e+000	2.8476e-007	-7.2831e+011	-7.1054e+011	7.1050e+011	5.2500e-015
-4.330e+000	2.8625e-007	-7.4618e+011	-7.2831e+011	7.2828e+011	5.2500e-015
-4.320e+000	2.8778e-007	-7.6414e+011	-7.4618e+011	7.4614e+011	5.2500e-015
-4.310e+000	2.8934e-007	-7.8220e+011	-7.6414e+011	7.6410e+011	5.2500e-015
-4.300e+000	2.9082e-007	-8.0035e+011	-7.8220e+011	7.8216e+011	5.2500e-015
-4.290e+000	2.9253e-007	-8.1861e+011	-8.0035e+011	8.0031e+011	5.2500e-015
-4.280e+000	2.9418e-007	-8.3697e+011	-8.1861e+011	8.1857e+011	5.2500e-015
-4.270e+000	2.9587e-007	-8.5544e+011	-8.3697e+011	8.3693e+011	5.2500e-015
-4.260e+000	2.9759e-007	-8.7401e+011	-8.5544e+011	8.5540e+011	5.2500e-015
-4.250e+000	2.9934e-007	-8.9270e+011	-8.7401e+011	8.7397e+011	5.2500e-015
-4.240e+000	3.0113e-007	-9.1149e+011	-8.9270e+011	8.9266e+011	5.2500e-015
-4.230e+000	3.0294e-007	-9.3040e+011	-9.1149e+011	9.1145e+011	5.2500e-015
-4.220e+000	3.0477e-007	-9.4942e+011	-9.3040e+011	9.3036e+011	5.2500e-015
-4.210e+000	3.0663e-007	-9.6856e+011	-9.4942e+011	9.4938e+011	5.2500e-015
-4.200e+000	3.0849e-007	-9.8782e+011	-9.6856e+011	9.6852e+011	5.2500e-015
-4.190e+000	3.1037e-007	-1.0072e+012	-9.8782e+011	9.8778e+011	5.2500e-015
-4.180e+000	3.1225e-007	-1.0267e+012	-1.0072e+012	1.0071e+012	5.2500e-015
-4.170e+000	3.1413e-007	-1.0463e+012	-1.0267e+012	1.0266e+012	5.2500e-015
-4.160e+000	3.1592e-007	-1.0660e+012	-1.0463e+012	1.0462e+012	5.2500e-015
-4.150e+000	3.1785e-007	-1.0858e+012	-1.0660e+012	1.0660e+012	5.2500e-015
-4.140e+000	3.1969e-007	-1.1058e+012	-1.0858e+012	1.0858e+012	5.2500e-015
-4.130e+000	3.2151e-007	-1.1259e+012	-1.1058e+012	1.1058e+012	5.2500e-015
-4.120e+000	3.2331e-007	-1.1460e+012	-1.1259e+012	1.1258e+012	5.2500e-015
-4.110e+000	3.2507e-007	-1.1663e+012	-1.1460e+012	1.1460e+012	5.2500e-015
-4.100e+000	3.2680e-007	-1.1867e+012	-1.1663e+012	1.1663e+012	5.2500e-015
-4.090e+000	3.2849e-007	-1.2072e+012	-1.1867e+012	1.1867e+012	5.2500e-015
-4.080e+000	3.3014e-007	-1.2278e+012	-1.2072e+012	1.2072e+012	5.2500e-015
-4.070e+000	3.3175e-007	-1.2485e+012	-1.2278e+012	1.2278e+012	5.2500e-015
-4.060e+000	3.3331e-007	-1.2693e+012	-1.2485e+012	1.2485e+012	5.2500e-015
-4.050e+000	3.3484e-007	-1.2902e+012	-1.2693e+012	1.2693e+012	5.2500e-015
-4.040e+000	3.3631e-007	-1.3112e+012	-1.2902e+012	1.2902e+012	5.2500e-015
-4.030e+000	3.3775e-007	-1.3323e+012	-1.3112e+012	1.3112e+012	5.2500e-015
-4.020e+000	3.3913e-007	-1.3535e+012	-1.3323e+012	1.3323e+012	5.2500e-015
-4.010e+000	3.4047e-007	-1.3747e+012	-1.3535e+012	1.3534e+012	5.2500e-015
-4.000e+000	3.4172e-007	-1.3961e+012	-1.3747e+012	1.3747e+012	5.2500e-015
-3.990e+000	3.4302e-007	-1.4175e+012	-1.3961e+012	1.3960e+012	5.2500e-015
-3.980e+000	3.4423e-007	-1.4390e+012	-1.4175e+012	1.4174e+012	5.2500e-015
-3.970e+000	3.4539e-007	-1.4605e+012	-1.4390e+012	1.4389e+012	5.2500e-015
-3.960e+000	3.4652e-007	-1.4821e+012	-1.4605e+012	1.4605e+012	5.2500e-015
-3.950e+000	3.4761e-007	-1.5038e+012	-1.4821e+012	1.4821e+012	5.2500e-015
-3.940e+000	3.4865e-007	-1.5256e+012	-1.5038e+012	1.5038e+012	5.2500e-015
-3.930e+000	3.4966e-007	-1.5474e+012	-1.5256e+012	1.5256e+012	5.2500e-015
-3.920e+000	3.5064e-007	-1.5693e+012	-1.5474e+012	1.5474e+012	5.2500e-015
-3.910e+000	3.5157e-007	-1.5912e+012	-1.5693e+012	1.5693e+012	5.2500e-015
-3.900e+000	3.5248e-007	-1.6132e+012	-1.5912e+012	1.5912e+012	5.2500e-015
-3.890e+000	3.5335e-007	-1.6353e+012	-1.6132e+012	1.6132e+012	5.2500e-015
-3.880e+000	3.5419e-007	-1.6574e+012	-1.6353e+012	1.6353e+012	5.2500e-015
-3.870e+000	3.5501e-007	-1.6796e+012	-1.6574e+012	1.6574e+012	5.2500e-015
-3.860e+000	3.5579e-007	-1.7018e+012	-1.6796e+012	1.6795e+012	5.2500e-015
-3.850e+000	3.5655e-007	-1.7240e+012	-1.7018e+012	1.7017e+012	5.2500e-015
-3.840e+000	3.5728e-007	-1.7463e+012	-1.7240e+012	1.7240e+012	5.2500e-015
-3.830e+000	3.5798e-007	-1.7687e+012	-1.7463e+012	1.7463e+012	5.2500e-015
-3.820e+000	3.5867e-007	-1.7911e+012	-1.7687e+012	1.7686e+012	5.2500e-015
-3.810e+000	3.5933e-007	-1.8135e+012	-1.7911e+012	1.7910e+012	5.2500e-015
-3.800e+000	3.5996e-007	-1.8360e+012	-1.8135e+012	1.8134e+012	5.2500e-015
-3.790e+000	3.6055e-007	-1.8585e+012	-1.8360e+012	1.8359e+012	5.2500e-015
-3.780e+000	3.6117e-007	-1.8810e+012	-1.8585e+012	1.8584e+012	5.2500e-015
-3.770e+000	3.6175e-007	-1.9036e+012	-1.8810e+012	1.8810e+012	5.2500e-015
-3.760e+000	3.6231e-007	-1.9262e+012	-1.9036e+012	1.9035e+012	5.2500e-015
-3.750e+000	3.6285e-007	-1.9488e+012	-1.9262e+012	1.9262e+012	5.2500e-015
-3.740e+000	3.6337e-007	-1.9715e+012	-1.9488e+012	1.9488e+012	5.2500e-015
-3.730e+000	3.6388e-007	-1.9942e+012	-1.9715e+012	1.9715e+012	5.2500e-015
-3.720e+000	3.6437e-007	-2.0170e+012	-1.9942e+012	1.9942e+012	5.2500e-015
-3.710e+000	3.6485e-007	-2.0397e+012	-2.0170e+012	2.0169e+012	5.2500e-015
-3.700e+000	3.6532e-007	-2.0625e+012	-2.0397e+012	2.0397e+012	5.2500e-015
-3.690e+000	3.6577e-007	-2.0854e+012	-2.0625e+012	2.0625e+012	5.2500e-015
-3.680e+000	3.6620e-007	-2.1082e+012	-2.0854e+012	2.0853e+012	5.2500e-015
-3.670e+000	3.6663e-007	-2.1311e+012	-2.1082e+012	2.1082e+012	5.2500e-015
-3.660e+000	3.6704e-007	-2.1540e+012	-2.1311e+012	2.1311e+012	5.2500e-015
-3.650e+000	3.6744e-007	-2.1770e+012	-2.1540e+012	2.1540e+012	5.2500e-015
-3.640e+000	3.6783e-007	-2.1999e+012	-2.1770e+012	2.1769e+012	5.2500e-015
-3.630e+000	3.6821e-007	-2.2229e+012	-2.1999e+012	2.1999e+012	5.2500e-015
-3.620e+000	3.6858e-007	-2.2459e+012	-2.2229e+012	2.2229e+012	5.2500e-015
-3.610e+000	3.6894e-007	-2.2689e+012	-2.2459e+012	2.2459e+012	5.2500e-015
-3.600e+000	3.6927e-007	-2.2920e+012	-2.2689e+012	2.2689e+012	5.2500e-015
-3.590e+000	3.6963e-007	-2.3150e+012	-2.2920e+012	2.2919e+012	5.2500e-015
-3.580e+000	3.6996e-007	-2.3381e+012	-2.3150e+012	2.3150e+012	5.2500e-015
-3.570e+000	3.7028e-007	-2.3613e+012	-2.3381e+012	2.3381e+012	5.2500e-015
-3.560e+000	3.7060e-007	-2.3844e+012	-2.3613e+012	2.3612e+012	5.2500e-015
-3.550e+000	3.7091e-007	-2.4075e+012	-2.3844e+012	2.3843e+012	5.2500e-015
-3.540e+000	3.7121e-007	-2.4307e+012	-2.4075e+012	2.4075e+012	5.2500e-015
-3.530e+000	3.7150e-007	-2.4539e+012	-2.4307e+012	2.4307e+012	5.2500e-015
-3.520e+000	3.7179e-007	-2.4771e+012	-2.4539e+012	2.4538e+012	5.2500e-015
-3.510e+000	3.7207e-007	-2.5003e+012	-2.4771e+012	2.4771e+012	5.2500e-015
-3.500e+000	3.7234e-007	-2.5236e+012	-2.5003e+012	2.5003e+012	5.2500e-015
-3.490e+000	3.7261e-007	-2.5468e+012	-2.5236e+012	2.5235e+012	5.2500e-015
-3.480e+000	3.7287e-007	-2.5701e+012	-2.5468e+012	2.5468e+012	5.2500e-015
-3.470e+000	3.7312e-007	-2.5934e+012	-2.5701e+012	2.5700e+012	5.2500e-015
-3.460e+000	3.7337e-007	-2.6167e+012	-2.5934e+012	2.5933e+012	5.2500e-015
-3.450e+000	3.7361e-007	-2.6400e+012	-2.6167e+012	2.6166e+012	5.2500e-015
-3.440e+000	3.7385e-007	-2.6633e+012	-2.6400e+012	2.6400e+012	5.2500e-015
-3.430e+000	3.7408e-007	-2.6867e+012	-2.6633e+012	2.6633e+012	5.2500e-015
-3.420e+000	3.7431e-007	-2.7100e+012	-2.6867e+012	2.6866e+012	5.2500e-015
-3.410e+000	3.7453e-007	-2.7334e+012	-2.7100e+012	2.7100e+012	5.2500e-015
-3.400e+000	3.7475e-007	-2.7568e+012	-2.7334e+012	2.7334e+012	5.2500e-015
-3.390e+000	3.7497e-007	-2.7802e+012	-2.7568e+012	2.7568e+012	5.2500e-015
-3.380e+000	3.7518e-007	-2.8036e+012	-2.7802e+012	2.7802e+012	5.2500e-015
-3.370e+000	3.7538e-007	-2.8271e+012	-2.8036e+012	2.8036e+012	5.2500e-015
-3.360e+000	3.7558e-007	-2.8505e+012	-2.8271e+012	2.8270e+012	5.2500e-015
-3.350e+000	3.7578e-007	-2.8740e+012	-2.8505e+012	2.8505e+012	5.2500e-015
-3.340e+000	3.7597e-007	-2.8974e+012	-2.8740e+012	2.8739e+012	5.2500e-015
-3.330e+000	3.7616e-007	-2.9209e+012	-2.8974e+012	2.8974e+012	5.2500e-015
-3.320e+000	3.7635e-007	-2.9444e+012	-2.9209e+012	2.9209e+012	5.2500e-015
-3.310e+000	3.7653e-007	-2.9679e+012	-2.9444e+012	2.9443e+012	5.2500e-015
-3.300e+000	3.7671e-007	-2.9914e+012	-2.9679e+012	2.9678e+012	5.2500e-015
-3.290e+000	3.7689e-007	-3.0149e+012	-2.9914e+012	2.9914e+012	5.2500e-015
-3.280e+000	3.7706e-007	-3.0385e+012	-3.0149e+012	3.0149e+012	5.2500e-015
-3.270e+000	3.7723e-007	-3.0620e+012	-3.0385e+012	3.0384e+012	5.2500e-015
-3.260e+000	3.7740e-007	-3.0856e+012	-3.0620e+012	3.0620e+012	5.2500e-015
-3.250e+000	3.7756e-007	-3.1091e+012	-3.0856e+012	3.0855e+012	5.2500e-015
-3.240e+000	3.7772e-007	-3.1327e+012	-3.1091e+012	3.1091e+012	5.2500e-015
-3.230e+000	3.7788e-007	-3.1563e+012	-3.1327e+012	3.1327e+012	5.2500e-015
-3.220e+000	3.7804e-007	-3.1799e+012	-3.1563e+012	3.1562e+012	5.2500e-015
-3.210e+000	3.7819e-007	-3.2035e+012	-3.1799e+012	3.1798e+012	5.2500e-015
-3.200e+000	3.7834e-007	-3.2271e+012	-3.2035e+012	3.2034e+012	5.2500e-015
-3.190e+000	3.7849e-007	-3.2507e+012	-3.2271e+012	3.2271e+012	5.2500e-015
-3.180e+000	3.7863e-007	-3.2744e+012	-3.2507e+012	3.2507e+012	5.2500e-015
-3.170e+000	3.7877e-007	-3.2980e+012	-3.2744e+012	3.2743e+012	5.2500e-015
-3.160e+000	3.7891e-007	-3.3216e+012	-3.2980e+012	3.2980e+012	5.2500e-015
-3.150e+000	3.7905e-007	-3.3453e+012	-3.3216e+012	3.3216e+012	5.2500e-015
-3.140e+000	3.7919e-007	-3.3690e+012	-3.3453e+012	3.3453e+012	5.2500e-015
-3.130e+000	3.7932e-007	-3.3926e+012	-3.3690e+012	3.3689e+012	5.2500e-015
-3.120e+000	3.7945e-007	-3.4163e+012	-3.3926e+012	3.3926e+012	5.2500e-015
-3.110e+000	3.7958e-007	-3.4400e+012	-3.4163e+012	3.4163e+012	5.2500e-015
-3.100e+000	3.7971e-007	-3.4637e+012	-3.4400e+012	3.4400e+012	5.2500e-015
-3.090e+000	3.7984e-007	-3.4874e+012	-3.4637e+012	3.4637e+012	5.2500e-015
-3.080e+000	3.7996e-007	-3.5111e+012	-3.4874e+012	3.4874e+012	5.2500e-015
-3.070e+000	3.8008e-007	-3.5349e+012	-3.5111e+012	3.5111e+012	5.2500e-015
-3.060e+000	3.8020e-007	-3.5586e+012	-3.5349e+012	3.5348e+012	5.2500e-015
-3.050e+000	3.8032e-007	-3.5823e+012	-3.5586e+012	3.5586e+012	5.2500e-015
-3.040e+000	3.8044e-007	-3.6061e+012	-3.5823e+012	3.5823e+012	5.2500e-015
-3.030e+000	3.8055e-007	-3.6298e+012	-3.6061e+012	3.6060e+012	5.2500e-015
-3.020e+000	3.8067e-007	-3.6536e+012	-3.6298e+012	3.6298e+012	5.2500e-015
-3.010e+000	3.8078e-007	-3.6774e+012	-3.6536e+012	3.6536e+012	5.2500e-015
-3.000e+000	3.8089e-007	-3.7011e+012	-3.6774e+012	3.6773e+012	5.2500e-015
-2.990e+000	3.8100e-007	-3.7249e+012	-3.7011e+012	3.7011e+012	5.2500e-015
-2.980e+000	3.8110e-007	-3.7487e+012	-3.7249e+012	3.7249e+012	5.2500e-015
-2.970e+000	3.8121e-007	-3.7725e+012	-3.7487e+012	3.7487e+012	5.2500e-015
-2.960e+000	3.8131e-007	-3.7963e+012	-3.7725e+012	3.7725e+012	5.2500e-015
-2.950e+000	3.8142e-007	-3.8201e+012	-3.7963e+012	3.7963e+012	5.2500e-015
-2.940e+000	3.8152e-007	-3.8439e+012	-3.8201e+012	3.8201e+012	5.2500e-015
-2.930e+000	3.8162e-007	-3.8677e+012	-3.8439e+012	3.8439e+012	5.2500e-015
-2.920e+000	3.8172e-007	-3.8916e+012	-3.8677e+012	3.8677e+012	5.2500e-015
-2.910e+000	3.8182e-007	-3.9154e+012	-3.8916e+012	3.8915e+012	5.2500e-015
-2.900e+000	3.8191e-007	-3.9392e+012	-3.9154e+012	3.9153e+012	5.2500e-015
-2.890e+000	3.8201e-007	-3.9631e+012	-3.9392e+012	3.9392e+012	5.2500e-015
-2.880e+000	3.8210e-007	-3.9869e+012	-3.9631e+012	3.9630e+012	5.2500e-015
-2.870e+000	3.8219e-007	-4.0108e+012	-3.9869e+012	3.9869e+012	5.2500e-015
-2.860e+000	3.8228e-007	-4.0346e+012	-4.0108e+012	4.0107e+012	5.2500e-015
-2.850e+000	3.8238e-007	-4.0585e+012	-4.0346e+012	4.0346e+012	5.2500e-015
-2.840e+000	3.8246e-007	-4.0824e+012	-4.0585e+012	4.0585e+012	5.2500e-015
-2.830e+000	3.8255e-007	-4.1062e+012	-4.0824e+012	4.0823e+012	5.2500e-015
-2.820e+000	3.8264e-007	-4.1301e+012	-4.1062e+012	4.1062e+012	5.2500e-015
-2.810e+000	3.8273e-007	-4.1540e+012	-4.1301e+012	4.1301e+012	5.2500e-015
-2.800e+000	3.8281e-007	-4.1779e+012	-4.1540e+012	4.1540e+012	5.2500e-015
-2.790e+000	3.8290e-007	-4.2018e+012	-4.1779e+012	4.1779e+012	5.2500e-015
-2.780e+000	3.8298e-007	-4.2257e+012	-4.2018e+012	4.2018e+012	5.2500e-015
-2.770e+000	3.8306e-007	-4.2496e+012	-4.2257e+012	4.2257e+012	5.2500e-015
-2.760e+000	3.8314e-007	-4.2735e+012	-4.2496e+012	4.2496e+012	5.2500e-015
-2.750e+000	3.8322e-007	-4.2974e+012	-4.2735e+012	4.2735e+012	5.2500e-015
-2.740e+000	3.8330e-007	-4.3214e+012	-4.2974e+012	4.2974e+012	5.2500e-015
-2.730e+000	3.8338e-007	-4.3453e+012	-4.3214e+012	4.3213e+012	5.2500e-015
-2.720e+000	3.8346e-007	-4.3692e+012	-4.3453e+012	4.3453e+012	5.2500e-015
-2.710e+000	3.8354e-007	-4.3932e+012	-4.3692e+012	4.3692e+012	5.2500e-015
-2.700e+000	3.8361e-007	-4.4171e+012	-4.3932e+012	4.3931e+012	5.2500e-015
-2.690e+000	3.8369e-007	-4.4411e+012	-4.4171e+012	4.4171e+012	5.2500e-015
-2.680e+000	3.8376e-007	-4.4650e+012	-4.4411e+012	4.4410e+012	5.2500e-015
-2.670e+000	3.8383e-007	-4.4890e+012	-4.4650e+012	4.4650e+012	5.2500e-015
-2.660e+000	3.8391e-007	-4.5129e+012	-4.4890e+012	4.4889e+012	5.2500e-015
-2.650e+000	3.8398e-007	-4.5369e+012	-4.5129e+012	4.5129e+012	5.2500e-015
-2.640e+000	3.8405e-007	-4.5609e+012	-4.5369e+012	4.5369e+012	5.2500e-015
-2.630e+000	3.8412e-007	-4.5848e+012	-4.5609e+012	4.5608e+012	5.2500e-015
-2.620e+000	3.8419e-007	-4.6088e+012	-4.5848e+012	4.5848e+012	5.2500e-015
-2.610e+000	3.8426e-007	-4.6328e+012	-4.6088e+012	4.6088e+012	5.2500e-015
-2.600e+000	3.8433e-007	-4.6568e+012	-4.6328e+012	4.6328e+012	5.2500e-015
-2.590e+000	3.8440e-007	-4.6808e+012	-4.6568e+012	4.6568e+012	5.2500e-015
-2.580e+000	3.8446e-007	-4.7048e+012	-4.6808e+012	4.6807e+012	5.2500e-015
-2.570e+000	3.8453e-007	-4.7288e+012	-4.7048e+012	4.7047e+012	5.2500e-015
-2.560e+000	3.8460e-007	-4.7528e+012	-4.7288e+012	4.7287e+012	5.2500e-015
-2.550e+000	3.8466e-007	-4.7768e+012	-4.7528e+012	4.7528e+012	5.2500e-015
-2.540e+000	3.8472e-007	-4.8008e+012	-4.7768e+012	4.7768e+012	5.2500e-015
-2.530e+000	3.8479e-007	-4.8248e+012	-4.8008e+012	4.8008e+012	5.2500e-015
-2.520e+000	3.8485e-007	-4.8488e+012	-4.8248e+012	4.8248e+012	5.2500e-015
-2.510e+000	3.8491e-007	-4.8729e+012	-4.8488e+012	4.8488e+012	5.2500e-015
-2.500e+000	3.8498e-007	-4.8969e+012	-4.8729e+012	4.8728e+012	5.2500e-015
-2.490e+000	3.8504e-007	-4.9209e+012	-4.8969e+012	4.8969e+012	5.2500e-015
-2.480e+000	3.8510e-007	-4.9450e+012	-4.9209e+012	4.9209e+012	5.2500e-015
-2.470e+000	3.8516e-007	-4.9690e+012	-4.9450e+012	4.9449e+012	5.2500e-015
-2.460e+000	3.8522e-007	-4.9931e+012	-4.9690e+012	4.9690e+012	5.2500e-015
-2.450e+000	3.8528e-007	-5.0171e+012	-4.9931e+012	4.9930e+012	5.2500e-015
-2.440e+000	3.8534e-007	-5.0412e+012	-5.0171e+012	5.0171e+012	5.2500e-015
-2.430e+000	3.8539e-007	-5.0652e+012	-5.0412e+012	5.0411e+012	5.2500e-015
-2.420e+000	3.8545e-007	-5.0893e+012	-5.0652e+012	5.0652e+012	5.2500e-015
-2.410e+000	3.8551e-007	-5.1133e+012	-5.0893e+012	5.0892e+012	5.2500e-015
-2.400e+000	3.8557e-007	-5.1374e+012	-5.1133e+012	5.1133e+012	5.2500e-015
-2.390e+000	3.8562e-007	-5.1615e+012	-5.1374e+012	5.1373e+012	5.2500e-015
-2.380e+000	3.8568e-007	-5.1855e+012	-5.1615e+012	5.1614e+012	5.2500e-015
-2.370e+000	3.8573e-007	-5.2096e+012	-5.1855e+012	5.1855e+012	5.2500e-015
-2.360e+000	3.8579e-007	-5.2337e+012	-5.2096e+012	5.2096e+012	5.2500e-015
-2.350e+000	3.8584e-007	-5.2578e+012	-5.2337e+012	5.2336e+012	5.2500e-015
-2.340e+000	3.8590e-007	-5.2819e+012	-5.2578e+012	5.2577e+012	5.2500e-015
-2.330e+000	3.8595e-007	-5.3059e+012	-5.2819e+012	5.2818e+012	5.2500e-015
-2.320e+000	3.8600e-007	-5.3300e+012	-5.3059e+012	5.3059e+012	5.2500e-015
-2.310e+000	3.8605e-007	-5.3541e+012	-5.3300e+012	5.3300e+012	5.2500e-015
-2.300e+000	3.8611e-007	-5.3782e+012	-5.3541e+012	5.3541e+012	5.2500e-015
-2.290e+000	3.8616e-007	-5.4023e+012	-5.3782e+012	5.3782e+012	5.2500e-015
-2.280e+000	3.8621e-007	-5.4264e+012	-5.4023e+012	5.4023e+012	5.2500e-015
-2.270e+000	3.8626e-007	-5.4505e+012	-5.4264e+012	5.4264e+012	5.2500e-015
-2.260e+000	3.8631e-007	-5.4747e+012	-5.4505e+012	5.4505e+012	5.2500e-015
-2.250e+000	3.8636e-007	-5.4988e+012	-5.4747e+012	5.4746e+012	5.2500e-015
-2.240e+000	3.8641e-007	-5.5229e+012	-5.4988e+012	5.4987e+012	5.2500e-015
-2.230e+000	3.8646e-007	-5.5470e+012	-5.5229e+012	5.5228e+012	5.2500e-015
-2.220e+000	3.8651e-007	-5.5711e+012	-5.5470e+012	5.5470e+012	5.2500e-015
-2.210e+000	3.8655e-007	-5.5953e+012	-5.5711e+012	5.5711e+012	5.2500e-015
-2.200e+000	3.8660e-007	-5.6194e+012	-5.5953e+012	5.5952e+012	5.2500e-015
-2.190e+000	3.8665e-007	-5.6435e+012	-5.6194e+012	5.6193e+012	5.2500e-015
-2.180e+000	3.8670e-007	-5.6677e+012	-5.6435e+012	5.6435e+012	5.2500e-015
-2.170e+000	3.8674e-007	-5.6918e+012	-5.6677e+012	5.6676e+012	5.2500e-015
-2.160e+000	3.8679e-007	-5.7159e+012	-5.6918e+012	5.6918e+012	5.2500e-015
-2.150e+000	3.8684e-007	-5.7401e+012	-5.7159e+012	5.7159e+012	5.2500e-015
-2.140e+000	3.8688e-007	-5.7642e+012	-5.7401e+012	5.7400e+012	5.2500e-015
-2.130e+000	3.8693e-007	-5.7884e+012	-5.7642e+012	5.7642e+012	5.2500e-015
-2.120e+000	3.8697e-007	-5.8125e+012	-5.7884e+012	5.7883e+012	5.2500e-015
-2.110e+000	3.8702e-007	-5.8367e+012	-5.8125e+012	5.8125e+012	5.2500e-015
-2.100e+000	3.8706e-007	-5.8608e+012	-5.8367e+012	5.8366e+012	5.2500e-015
-2.090e+000	3.8711e-007	-5.8850e+012	-5.8608e+012	5.8608e+012	5.2500e-015
-2.080e+000	3.8715e-007	-5.9092e+012	-5.8850e+012	5.8850e+012	5.2500e-015
-2.070e+000	3.8719e-007	-5.9333e+012	-5.9092e+012	5.9091e+012	5.2500e-015
-2.060e+000	3.8724e-007	-5.9575e+012	-5.9333e+012	5.9333e+012	5.2500e-015
-2.050e+000	3.8728e-007	-5.9817e+012	-5.9575e+012	5.9575e+012	5.2500e-015
-2.040e+000	3.8732e-007	-6.0059e+012	-5.9817e+012	5.9816e+012	5.2500e-015
-2.030e+000	3.8736e-007	-6.0300e+012	-6.0059e+012	6.0058e+012	5.2500e-015
-2.020e+000	3.8741e-007	-6.0542e+012	-6.0300e+012	6.0300e+012	5.2500e-015
-2.010e+000	3.8745e-007	-6.0784e+012	-6.0542e+012	6.0542e+012	5.2500e-015
-2.000e+000	3.8749e-007	-6.1026e+012	-6.0784e+012	6.0784e+012	5.2500e-015
-1.990e+000	3.8753e-007	-6.1268e+012	-6.1026e+012	6.1025e+012	5.2500e-015
-1.980e+000	3.8757e-007	-6.1510e+012	-6.1268e+012	6.1267e+012	5.2500e-015
-1.970e+000	3.8761e-007	-6.1751e+012	-6.1510e+012	6.1509e+012	5.2500e-015
-1.960e+000	3.8765e-007	-6.1993e+012	-6.1751e+012	6.1751e+012	5.2500e-015
-1.950e+000	3.8769e-007	-6.2235e+012	-6.1993e+012	6.1993e+012	5.2500e-015
-1.940e+000	3.8773e-007	-6.2477e+012	-6.2235e+012	6.2235e+012	5.2500e-015
-1.930e+000	3.8777e-007	-6.2719e+012	-6.2477e+012	6.2477e+012	5.2500e-015
-1.920e+000	3.8781e-007	-6.2961e+012	-6.2719e+012	6.2719e+012	5.2500e-015
-1.910e+000	3.8785e-007	-6.3204e+012	-6.2961e+012	6.2961e+012	5.2500e-015
-1.900e+000	3.8789e-007	-6.3446e+012	-6.3204e+012	6.3203e+012	5.2500e-015
-1.890e+000	3.8793e-007	-6.3688e+012	-6.3446e+012	6.3445e+012	5.2500e-015
-1.880e+000	3.8796e-007	-6.3930e+012	-6.3688e+012	6.3687e+012	5.2500e-015
-1.870e+000	3.8800e-007	-6.4172e+012	-6.3930e+012	6.3930e+012	5.2500e-015
-1.860e+000	3.8778e-007	-6.4414e+012	-6.4172e+012	6.4172e+012	5.2500e-015
-1.850e+000	3.8764e-007	-6.4656e+012	-6.4414e+012	6.4414e+012	5.2500e-015
-1.840e+000	3.8768e-007	-6.4898e+012	-6.4656e+012	6.4656e+012	5.2500e-015
-1.830e+000	3.8771e-007	-6.5140e+012	-6.4898e+012	6.4898e+012	5.2500e-015
-1.820e+000	3.8774e-007	-6.5382e+012	-6.5140e+012	6.5140e+012	5.2500e-015
-1.810e+000	3.8777e-007	-6.5624e+012	-6.5382e+012	6.5382e+012	5.2500e-015
-1.800e+000	3.8781e-007	-6.5866e+012	-6.5624e+012	6.5624e+012	5.2500e-015
-1.790e+000	3.8784e-007	-6.6108e+012	-6.5866e+012	6.5866e+012	5.2500e-015
-1.780e+000	3.8787e-007	-6.6350e+012	-6.6108e+012	6.6108e+012	5.2500e-015
-1.770e+000	3.8790e-007	-6.6592e+012	-6.6350e+012	6.6350e+012	5.2500e-015
-1.760e+000	3.8793e-007	-6.6835e+012	-6.6592e+012	6.6592e+012	5.2500e-015
-1.750e+000	3.8796e-007	-6.7077e+012	-6.6835e+012	6.6834e+012	5.2500e-015
-1.740e+000	3.8799e-007	-6.7319e+012	-6.7077e+012	6.7076e+012	5.2500e-015
-1.730e+000	3.8802e-007	-6.7561e+012	-6.7319e+012	6.7318e+012	5.2500e-015
-1.720e+000	3.8805e-007	-6.7803e+012	-6.7561e+012	6.7561e+012	5.2500e-015
-1.710e+000	3.8808e-007	-6.8045e+012	-6.7803e+012	6.7803e+012	5.2500e-015
-1.700e+000	3.8811e-007	-6.8288e+012	-6.8045e+012	6.8045e+012	5.2500e-015
-1.690e+000	3.8814e-007	-6.8530e+012	-6.8288e+012	6.8287e+012	5.2500e-015
-1.680e+000	3.8817e-007	-6.8772e+012	-6.8530e+012	6.8530e+012	5.2500e-015
-1.670e+000	3.8820e-007	-6.9015e+012	-6.8772e+012	6.8772e+012	5.2500e-015
-1.660e+000	3.8823e-007	-6.9257e+012	-6.9015e+012	6.9014e+012	5.2500e-015
-1.650e+000	3.8826e-007	-6.9499e+012	-6.9257e+012	6.9256e+012	5.2500e-015
-1.640e+000	3.8829e-007	-6.9741e+012	-6.9499e+012	6.9499e+012	5.2500e-015
-1.630e+000	3.8831e-007	-6.9984e+012	-6.9741e+012	6.9741e+012	5.2500e-015
-1.620e+000	3.8834e-007	-7.0226e+012	-6.9984e+012	6.9983e+012	5.2500e-015
-1.610e+000	3.8837e-007	-7.0469e+012	-7.0226e+012	7.0226e+012	5.2500e-015
-1.600e+000	3.8840e-007	-7.0711e+012	-7.0469e+012	7.0468e+012	5.2500e-015
-1.590e+000	3.8843e-007	-7.0954e+012	-7.0711e+012	7.0711e+012	5.2500e-015
-1.580e+000	3.8845e-007	-7.1196e+012	-7.0954e+012	7.0953e+012	5.2500e-015
-1.570e+000	3.8848e-007	-7.1438e+012	-7.1196e+012	7.1196e+012	5.2500e-015
-1.560e+000	3.8851e-007	-7.1681e+012	-7.1438e+012	7.1438e+012	5.2500e-015
-1.550e+000	3.8854e-007	-7.1923e+012	-7.1681e+012	7.1681e+012	5.2500e-015
-1.540e+000	3.8856e-007	-7.2166e+012	-7.1923e+012	7.1923e+012	5.2500e-015
-1.530e+000	3.8859e-007	-7.2408e+012	-7.2166e+012	7.2166e+012	5.2500e-015
-1.520e+000	3.8862e-007	-7.2651e+012	-7.2408e+012	7.2408e+012	5.2500e-015
-1.510e+000	3.8864e-007	-7.2894e+012	-7.2651e+012	7.2651e+012	5.2500e-015
-1.500e+000	3.8867e-007	-7.3136e+012	-7.2894e+012	7.2893e+012	5.2500e-015
-1.490e+000	3.8869e-007	-7.3379e+012	-7.3136e+012	7.3136e+012	5.2500e-015
-1.480e+000	3.8872e-007	-7.3621e+012	-7.3379e+012	7.3378e+012	5.2500e-015
-1.470e+000	3.8875e-007	-7.3864e+012	-7.3621e+012	7.3621e+012	5.2500e-015
-1.460e+000	3.8877e-007	-7.4107e+012	-7.3864e+012	7.3864e+012	5.2500e-015
-1.450e+000	3.8880e-007	-7.4349e+012	-7.4107e+012	7.4106e+012	5.2500e-015
-1.440e+000	3.8882e-007	-7.4592e+012	-7.4349e+012	7.4349e+012	5.2500e-015
-1.430e+000	3.8885e-007	-7.4835e+012	-7.4592e+012	7.4592e+012	5.2500e-015
-1.420e+000	3.8887e-007	-7.5077e+012	-7.4835e+012	7.4834e+012	5.2500e-015
-1.410e+000	3.8890e-007	-7.5320e+012	-7.5077e+012	7.5077e+012	5.2500e-015
-1.400e+000	3.8892e-007	-7.5563e+012	-7.5320e+012	7.5320e+012	5.2500e-015
-1.390e+000	3.8895e-007	-7.5806e+012	-7.5563e+012	7.5563e+012	5.2500e-015
-1.380e+000	3.8897e-007	-7.6048e+012	-7.5806e+012	7.5805e+012	5.2500e-015
-1.370e+000	3.8900e-007	-7.6291e+012	-7.6048e+012	7.6048e+012	5.2500e-015
-1.360e+000	3.8902e-007	-7.6534e+012	-7.6291e+012	7.6291e+012	5.2500e-015
-1.350e+000	3.8904e-007	-7.6777e+012	-7.6534e+012	7.6534e+012	5.2500e-015
-1.340e+000	3.8907e-007	-7.7020e+012	-7.6777e+012	7.6777e+012	5.2500e-015
-1.330e+000	3.8909e-007	-7.7263e+012	-7.7020e+012	7.7019e+012	5.2500e-015
-1.320e+000	3.8912e-007	-7.7505e+012	-7.7263e+012	7.7262e+012	5.2500e-015
-1.310e+000	3.8914e-007	-7.7748e+012	-7.7505e+012	7.7505e+012	5.2500e-015
-1.300e+000	3.8916e-007	-7.7991e+012	-7.7748e+012	7.7748e+012	5.2500e-015
-1.290e+000	3.8919e-007	-7.8234e+012	-7.7991e+012	7.7991e+012	5.2500e-015
-1.280e+000	3.8921e-007	-7.8477e+012	-7.8234e+012	7.8234e+012	5.2500e-015
-1.270e+000	3.8923e-007	-7.8720e+012	-7.8477e+012	7.8477e+012	5.2500e-015
-1.260e+000	3.8926e-007	-7.8963e+012	-7.8720e+012	7.8720e+012	5.2500e-015
-1.250e+000	3.8928e-007	-7.9206e+012	-7.8963e+012	7.8963e+012	5.2500e-015
-1.240e+000	3.8930e-007	-7.9449e+012	-7.9206e+012	7.9206e+012	5.2500e-015
-1.230e+000	3.8932e-007	-7.9692e+012	-7.9449e+012	7.9449e+012	5.2500e-015
-1.220e+000	3.8935e-007	-7.9935e+012	-7.9692e+012	7.9692e+012	5.2500e-015
-1.210e+000	3.8937e-007	-8.0178e+012	-7.9935e+012	7.9935e+012	5.2500e-015
-1.200e+000	3.8939e-007	-8.0421e+012	-8.0178e+012	8.0178e+012	5.2500e-015
-1.190e+000	3.8941e-007	-8.0664e+012	-8.0421e+012	8.0421e+012	5.2500e-015
-1.180e+000	3.8944e-007	-8.0907e+012	-8.0664e+012	8.0664e+012	5.2500e-015
-1.170e+000	3.8946e-007	-8.1150e+012	-8.0907e+012	8.0907e+012	5.2500e-015
-1.160e+000	3.8948e-007	-8.1393e+012	-8.1150e+012	8.1150e+012	5.2500e-015
-1.150e+000	3.8950e-007	-8.1636e+012	-8.1393e+012	8.1393e+012	5.2500e-015
-1.140e+000	3.8952e-007	-8.1880e+012	-8.1636e+012	8.1636e+012	5.2500e-015
-1.130e+000	3.8954e-007	-8.2123e+012	-8.1880e+012	8.1879e+012	5.2500e-015
-1.120e+000	3.8957e-007	-8.2366e+012	-8.2123e+012	8.2122e+012	5.2500e-015
-1.110e+000	3.8959e-007	-8.2609e+012	-8.2366e+012	8.2365e+012	5.2500e-015
-1.100e+000	3.8961e-007	-8.2852e+012	-8.2609e+012	8.2609e+012	5.2500e-015
-1.090e+000	3.8963e-007	-8.3095e+012	-8.2852e+012	8.2852e+012	5.2500e-015
-1.080e+000	3.8965e-007	-8.3339e+012	-8.3095e+012	8.3095e+012	5.2500e-015
-1.070e+000	3.8967e-007	-8.3582e+012	-8.3339e+012	8.3338e+012	5.2500e-015
-1.060e+000	3.8969e-007	-8.3825e+012	-8.3582e+012	8.3581e+012	5.2500e-015
-1.050e+000	3.8971e-007	-8.4068e+012	-8.3825e+012	8.3825e+012	5.2500e-015
-1.040e+000	3.8973e-007	-8.4311e+012	-8.4068e+012	8.4068e+012	5.2500e-015
-1.030e+000	3.8975e-007	-8.4555e+012	-8.4311e+012	8.4311e+012	5.2500e-015
-1.020e+000	3.8977e-007	-8.4798e+012	-8.4555e+012	8.4554e+012	5.2500e-015
-1.010e+000	3.8979e-007	-8.5041e+012	-8.4798e+012	8.4798e+012	5.2500e-015
-1.000e+000	3.8981e-007	-8.5285e+012	-8.5041e+012	8.5041e+012	5.2500e-015
-9.900e-001	3.8983e-007	-8.5528e+012	-8.5285e+012	8.5284e+012	5.2500e-015
-9.800e-001	3.8985e-007	-8.5771e+012	-8.5528e+012	8.5527e+012	5.2500e-015
-9.700e-001	3.8987e-007	-8.6015e+012	-8.5771e+012	8.5771e+012	5.2500e-015
-9.600e-001	3.8989e-007	-8.6258e+012	-8.6015e+012	8.6014e+012	5.2500e-015
-9.500e-001	3.8991e-007	-8.6501e+012	-8.6258e+012	8.6258e+012	5.2500e-015
-9.400e-001	3.8993e-007	-8.6745e+012	-8.6501e+012	8.6501e+012	5.2500e-015
-9.300e-001	3.8995e-007	-8.6988e+012	-8.6745e+012	8.6744e+012	5.2500e-015
-9.200e-001	3.8997e-007	-8.7231e+012	-8.6988e+012	8.6988e+012	5.2500e-015
-9.100e-001	3.8999e-007	-8.7475e+012	-8.7231e+012	8.7231e+012	5.2500e-015
-9.000e-001	3.9001e-007	-8.7718e+012	-8.7475e+012	8.7474e+012	5.2500e-015
-8.900e-001	3.9003e-007	-8.7962e+012	-8.7718e+012	8.7718e+012	5.2500e-015
-8.800e-001	3.9005e-007	-8.8205e+012	-8.7962e+012	8.7961e+012	5.2500e-015
-8.700e-001	3.9007e-007	-8.8449e+012	-8.8205e+012	8.8205e+012	5.2500e-015
-8.600e-001	3.9009e-007	-8.8692e+012	-8.8449e+012	8.8448e+012	5.2500e-015
-8.500e-001	3.9010e-007	-8.8936e+012	-8.8692e+012	8.8692e+012	5.2500e-015
-8.400e-001	3.9012e-007	-8.9179e+012	-8.8936e+012	8.8935e+012	5.2500e-015
-8.300e-001	3.9014e-007	-8.9423e+012	-8.9179e+012	8.9179e+012	5.2500e-015
-8.200e-001	3.9016e-007	-8.9666e+012	-8.9423e+012	8.9422e+012	5.2500e-015
-8.100e-001	3.9018e-007	-8.9910e+012	-8.9666e+012	8.9666e+012	5.2500e-015
-8.000e-001	3.9020e-007	-9.0153e+012	-8.9910e+012	8.9909e+012	5.2500e-015
-7.900e-001	3.9022e-007	-9.0397e+012	-9.0153e+012	9.0153e+012	5.2500e-015
-7.800e-001	3.9023e-007	-9.0640e+012	-9.0397e+012	9.0396e+012	5.2500e-015
-7.700e-001	3.9025e-007	-9.0884e+012	-9.0640e+012	9.0640e+012	5.2500e-015
-7.600e-001	3.9027e-007	-9.1127e+012	-9.0884e+012	9.0883e+012	5.2500e-015
-7.500e-001	3.9029e-007	-9.1371e+012	-9.1127e+012	9.1127e+012	5.2500e-015
-7.400e-001	3.9031e-007	-9.1615e+012	-9.1371e+012	9.1371e+012	5.2500e-015
-7.300e-001	3.9032e-007	-9.1858e+012	-9.1615e+012	9.1614e+012	5.2500e-015
-7.200e-001	3.9034e-007	-9.2102e+012	-9.1858e+012	9.1858e+012	5.2500e-015
-7.100e-001	3.9036e-007	-9.2346e+012	-9.2102e+012	9.2102e+012	5.2500e-015
-7.000e-001	3.9038e-007	-9.2589e+012	-9.2346e+012	9.2345e+012	5.2500e-015
-6.900e-001	3.9039e-007	-9.2833e+012	-9.2589e+012	9.2589e+012	5.2500e-015
-6.800e-001	3.9041e-007	-9.3077e+012	-9.2833e+012	9.2832e+012	5.2500e-015
-6.700e-001	3.9043e-007	-9.3320e+012	-9.3077e+012	9.3076e+012	5.2500e-015
-6.600e-001	3.9045e-007	-9.3564e+012	-9.3320e+012	9.3320e+012	5.2500e-015
-6.500e-001	3.9046e-007	-9.3808e+012	-9.3564e+012	9.3564e+012	5.2500e-015
-6.400e-001	3.9048e-007	-9.4051e+012	-9.3808e+012	9.3807e+012	5.2500e-015
-6.300e-001	3.9050e-007	-9.4295e+012	-9.4051e+012	9.4051e+012	5.2500e-015
-6.200e-001	3.9051e-007	-9.4539e+012	-9.4295e+012	9.4295e+012	5.2500e-015
-6.100e-001	3.9053e-007	-9.4783e+012	-9.4539e+012	9.4538e+012	5.2500e-015
-6.000e-001	3.9055e-007	-9.5026e+012	-9.4783e+012	9.4782e+012	5.2500e-015
-5.900e-001	3.9056e-007	-9.5270e+012	-9.5026e+012	9.5026e+012	5.2500e-015
-5.800e-001	3.9058e-007	-9.5514e+012	-9.5270e+012	9.5270e+012	5.2500e-015
-5.700e-001	3.9060e-007	-9.5758e+012	-9.5514e+012	9.5513e+012	5.2500e-015
-5.600e-001	3.9061e-007	-9.6001e+012	-9.5758e+012	9.5757e+012	5.2500e-015
-5.500e-001	3.9063e-007	-9.6245e+012	-9.6001e+012	9.6001e+012	5.2500e-015
-5.400e-001	3.9065e-007	-9.6489e+012	-9.6245e+012	9.6245e+012	5.2500e-015
-5.300e-001	3.9066e-007	-9.6733e+012	-9.6489e+012	9.6489e+012	5.2500e-015
-5.200e-001	3.9068e-007	-9.6977e+012	-9.6733e+012	9.6733e+012	5.2500e-015
-5.100e-001	3.9070e-007	-9.7221e+012	-9.6977e+012	9.6976e+012	5.2500e-015
-5.000e-001	3.9071e-007	-9.7464e+012	-9.7221e+012	9.7220e+012	5.2500e-015
-4.900e-001	3.9073e-007	-9.7708e+012	-9.7464e+012	9.7464e+012	5.2500e-015
-4.800e-001	3.9074e-007	-9.7952e+012	-9.7708e+012	9.7708e+012	5.2500e-015
-4.700e-001	3.9076e-007	-9.8196e+012	-9.7952e+012	9.7952e+012	5.2500e-015
-4.600e-001	3.9078e-007	-9.8440e+012	-9.8196e+012	9.8196e+012	5.2500e-015
-4.500e-001	3.9079e-007	-9.8684e+012	-9.8440e+012	9.8440e+012	5.2500e-015
-4.400e-001	3.9081e-007	-9.8928e+012	-9.8684e+012	9.8684e+012	5.2500e-015
-4.300e-001	3.9082e-007	-9.9172e+012	-9.8928e+012	9.8927e+012	5.2500e-015
-4.200e-001	3.9084e-007	-9.9416e+012	-9.9172e+012	9.9171e+012	5.2500e-015
-4.100e-001	3.9085e-007	-9.9660e+012	-9.9416e+012	9.9415e+012	5.2500e-015
-4.000e-001	3.9087e-007	-9.9904e+012	-9.9660e+012	9.9659e+012	5.2500e-015
-3.900e-001	3.9089e-007	-1.0015e+013	-9.9904e+012	9.9903e+012	5.2500e-015
-3.800e-001	3.9090e-007	-1.0039e+013	-1.0015e+013	1.0015e+013	5.2500e-015
-3.700e-001	3.9092e-007	-1.0064e+013	-1.0039e+013	1.0039e+013	5.2500e-015
-3.600e-001	3.9093e-007	-1.0088e+013	-1.0064e+013	1.0064e+013	5.2500e-015
-3.500e-001	3.9095e-007	-1.0112e+013	-1.0088e+013	1.0088e+013	5.2500e-015
-3.400e-001	3.9096e-007	-1.0137e+013	-1.0112e+013	1.0112e+013	5.2500e-015
-3.300e-001	3.9098e-007	-1.0161e+013	-1.0137e+013	1.0137e+013	5.2500e-015
-3.200e-001	3.9099e-007	-1.0186e+013	-1.0161e+013	1.0161e+013	5.2500e-015
-3.100e-001	3.9101e-007	-1.0210e+013	-1.0186e+013	1.0186e+013	5.2500e-015
-3.000e-001	3.9102e-007	-1.0234e+013	-1.0210e+013	1.0210e+013	5.2500e-015
-2.900e-001	3.9104e-007	-1.0259e+013	-1.0234e+013	1.0234e+013	5.2500e-015
-2.800e-001	3.9105e-007	-1.0283e+013	-1.0259e+013	1.0259e+013	5.2500e-015
-2.700e-001	3.9107e-007	-1.0308e+013	-1.0283e+013	1.0283e+013	5.2500e-015
-2.600e-001	3.9108e-007	-1.0332e+013	-1.0308e+013	1.0308e+013	5.2500e-015
-2.500e-001	3.9110e-007	-1.0356e+013	-1.0332e+013	1.0332e+013	5.2500e-015
-2.400e-001	3.9111e-007	-1.0381e+013	-1.0356e+013	1.0356e+013	5.2500e-015
-2.300e-001	3.9113e-007	-1.0405e+013	-1.0381e+013	1.0381e+013	5.2500e-015
-2.200e-001	3.9114e-007	-1.0430e+013	-1.0405e+013	1.0405e+013	5.2500e-015
-2.100e-001	3.9115e-007	-1.0454e+013	-1.0430e+013	1.0430e+013	5.2500e-015
-2.000e-001	3.9117e-007	-1.0478e+013	-1.0454e+013	1.0454e+013	5.2500e-015
-1.900e-001	3.9118e-007	-1.0503e+013	-1.0478e+013	1.0478e+013	5.2500e-015
-1.800e-001	3.9120e-007	-1.0527e+013	-1.0503e+013	1.0503e+013	5.2500e-015
-1.700e-001	3.9121e-007	-1.0552e+013	-1.0527e+013	1.0527e+013	5.2500e-015
-1.600e-001	3.9123e-007	-1.0576e+013	-1.0552e+013	1.0552e+013	5.2500e-015
-1.500e-001	3.9124e-007	-1.0601e+013	-1.0576e+013	1.0576e+013	5.2500e-015
-1.400e-001	3.9125e-007	-1.0625e+013	-1.0601e+013	1.0601e+013	5.2500e-015
-1.300e-001	3.9127e-007	-1.0649e+013	-1.0625e+013	1.0625e+013	5.2500e-015
-1.200e-001	3.9128e-007	-1.0674e+013	-1.0649e+013	1.0649e+013	5.2500e-015
-1.100e-001	3.9130e-007	-1.0698e+013	-1.0674e+013	1.0674e+013	5.2500e-015
-1.000e-001	3.9131e-007	-1.0723e+013	-1.0698e+013	1.0698e+013	5.2500e-015
-9.000e-002	3.9132e-007	-1.0747e+013	-1.0723e+013	1.0723e+013	5.2500e-015
-8.000e-002	3.9134e-007	-1.0772e+013	-1.0747e+013	1.0747e+013	5.2500e-015
-7.000e-002	3.9135e-007	-1.0796e+013	-1.0772e+013	1.0771e+013	5.2500e-015
-6.000e-002	3.9136e-007	-1.0820e+013	-1.0796e+013	1.0796e+013	5.2500e-015
-5.000e-002	3.9138e-007	-1.0845e+013	-1.0820e+013	1.0820e+013	5.2500e-015
-4.000e-002	3.9139e-007	-1.0869e+013	-1.0845e+013	1.0845e+013	5.2500e-015
-3.000e-002	3.9141e-007	-1.0894e+013	-1.0869e+013	1.0869e+013	5.2500e-015
-2.000e-002	3.9142e-007	-1.0918e+013	-1.0894e+013	1.0894e+013	5.2500e-015
-1.000e-002	3.9143e-007	-1.0943e+013	-1.0918e+013	1.0918e+013	5.2500e-015
0.000e+000	3.9145e-007	-1.0967e+013	-1.0943e+013	1.0942e+013	5.2500e-015
1.000e-002	3.9146e-007	-1.0991e+013	-1.0967e+013	1.0967e+013	5.2500e-015
2.000e-002	3.9147e-007	-1.1016e+013	-1.0991e+013	1.0991e+013	5.2500e-015
3.000e-002	3.9149e-007	-1.1040e+013	-1.1016e+013	1.1016e+013	5.2500e-015
4.000e-002	3.9150e-007	-1.1065e+013	-1.1040e+013	1.1040e+013	5.2500e-015
5.000e-002	3.9151e-007	-1.1089e+013	-1.1065e+013	1.1065e+013	5.2500e-015
6.000e-002	3.9153e-007	-1.1114e+013	-1.1089e+013	1.1089e+013	5.2500e-015
7.000e-002	3.9154e-007	-1.1138e+013	-1.1114e+013	1.1114e+013	5.2500e-015
8.000e-002	3.9155e-007	-1.1162e+013	-1.1138e+013	1.1138e+013	5.2500e-015
9.000e-002	3.9156e-007	-1.1187e+013	-1.1162e+013	1.1162e+013	5.2500e-015
1.000e-001	3.9158e-007	-1.1211e+013	-1.1187e+013	1.1187e+013	5.2500e-015
1.100e-001	3.9159e-007	-1.1236e+013	-1.1211e+013	1.1211e+013	5.2500e-015
1.200e-001	3.9160e-007	-1.1260e+013	-1.1236e+013	1.1236e+013	5.2500e-015
1.300e-001	3.9162e-007	-1.1285e+013	-1.1260e+013	1.1260e+013	5.2500e-015
1.400e-001	3.9163e-007	-1.1309e+013	-1.1285e+013	1.1285e+013	5.2500e-015
1.500e-001	3.9164e-007	-1.1334e+013	-1.1309e+013	1.1309e+013	5.2500e-015
1.600e-001	3.9165e-007	-1.1358e+013	-1.1334e+013	1.1334e+013	5.2500e-015
1.700e-001	3.9167e-007	-1.1382e+013	-1.1358e+013	1.1358e+013	5.2500e-015
1.800e-001	3.9168e-007	-1.1407e+013	-1.1382e+013	1.1382e+013	5.2500e-015
1.900e-001	3.9169e-007	-1.1431e+013	-1.1407e+013	1.1407e+013	5.2500e-015
2.000e-001	3.9170e-007	-1.1456e+013	-1.1431e+013	1.1431e+013	5.2500e-015
2.100e-001	3.9172e-007	-1.1480e+013	-1.1456e+013	1.1456e+013	5.2500e-015
2.200e-001	3.9173e-007	-1.1505e+013	-1.1480e+013	1.1480e+013	5.2500e-015
2.300e-001	3.9174e-007	-1.1529e+013	-1.1505e+013	1.1505e+013	5.2500e-015
2.400e-001	3.9175e-007	-1.1554e+013	-1.1529e+013	1.1529e+013	5.2500e-015
2.500e-001	3.9177e-007	-1.1578e+013	-1.1554e+013	1.1554e+013	5.2500e-015
2.600e-001	3.9178e-007	-1.1602e+013	-1.1578e+013	1.1578e+013	5.2500e-015
2.700e-001	3.9179e-007	-1.1627e+013	-1.1602e+013	1.1602e+013	5.2500e-015
2.800e-001	3.9180e-007	-1.1651e+013	-1.1627e+013	1.1627e+013	5.2500e-015
2.900e-001	3.9182e-007	-1.1676e+013	-1.1651e+013	1.1651e+013	5.2500e-015
3.000e-001	3.9183e-007	-1.1700e+013	-1.1676e+013	1.1676e+013	5.2500e-015
3.100e-001	3.9184e-007	-1.1725e+013	-1.1700e+013	1.1700e+013	5.2500e-015
3.200e-001	3.9185e-007	-1.1749e+013	-1.1725e+013	1.1725e+013	5.2500e-015
3.300e-001	3.9186e-007	-1.1774e+013	-1.1749e+013	1.1749e+013	5.2500e-015
3.400e-001	3.9188e-007	-1.1798e+013	-1.1774e+013	1.1774e+013	5.2500e-015
3.500e-001	3.9189e-007	-1.1823e+013	-1.1798e+013	1.1798e+013	5.2500e-015
3.600e-001	3.9190e-007	-1.1847e+013	-1.1823e+013	1.1823e+013	5.2500e-015
3.700e-001	3.9191e-007	-1.1872e+013	-1.1847e+013	1.1847e+013	5.2500e-015
3.800e-001	3.9192e-007	-1.1896e+013	-1.1872e+013	1.1871e+013	5.2500e-015
3.900e-001	3.9194e-007	-1.1920e+013	-1.1896e+013	1.1896e+013	5.2500e-015
4.000e-001	3.9195e-007	-1.1945e+013	-1.1920e+013	1.1920e+013	5.2500e-015
4.100e-001	3.9196e-007	-1.1969e+013	-1.1945e+013	1.1945e+013	5.2500e-015
4.200e-001	3.9197e-007	-1.1994e+013	-1.1969e+013	1.1969e+013	5.2500e-015
4.300e-001	3.9198e-007	-1.2018e+013	-1.1994e+013	1.1994e+013	5.2500e-015
4.400e-001	3.9199e-007	-1.2043e+013	-1.2018e+013	1.2018e+013	5.2500e-015
4.500e-001	3.9201e-007	-1.2067e+013	-1.2043e+013	1.2043e+013	5.2500e-015
4.600e-001	3.9202e-007	-1.2092e+013	-1.2067e+013	1.2067e+013	5.2500e-015
4.700e-001	3.9203e-007	-1.2116e+013	-1.2092e+013	1.2092e+013	5.2500e-015
4.800e-001	3.9204e-007	-1.2141e+013	-1.2116e+013	1.2116e+013	5.2500e-015
4.900e-001	3.9205e-007	-1.2165e+013	-1.2141e+013	1.2141e+013	5.2500e-015
5.000e-001	3.9206e-007	-1.2190e+013	-1.2165e+013	1.2165e+013	5.2500e-015
5.100e-001	3.9207e-007	-1.2214e+013	-1.2190e+013	1.2190e+013	5.2500e-015
5.200e-001	3.9209e-007	-1.2239e+013	-1.2214e+013	1.2214e+013	5.2500e-015
5.300e-001	3.9210e-007	-1.2263e+013	-1.2239e+013	1.2238e+013	5.2500e-015
5.400e-001	3.9211e-007	-1.2287e+013	-1.2263e+013	1.2263e+013	5.2500e-015
5.500e-001	3.9212e-007	-1.2312e+013	-1.2287e+013	1.2287e+013	5.2500e-015
5.600e-001	3.9213e-007	-1.2336e+013	-1.2312e+013	1.2312e+013	5.2500e-015
5.700e-001	3.9214e-007	-1.2361e+013	-1.2336e+013	1.2336e+013	5.2500e-015
5.800e-001	3.9215e-007	-1.2385e+013	-1.2361e+013	1.2361e+013	5.2500e-015
5.900e-001	3.9216e-007	-1.2410e+013	-1.2385e+013	1.2385e+013	5.2500e-015
6.000e-001	3.9217e-007	-1.2434e+013	-1.2410e+013	1.2410e+013	5.2500e-015
6.100e-001	3.9219e-007	-1.2459e+013	-1.2434e+013	1.2434e+013	5.2500e-015
6.200e-001	3.9220e-007	-1.2483e+013	-1.2459e+013	1.2459e+013	5.2500e-015
6.300e-001	3.9221e-007	-1.2508e+013	-1.2483e+013	1.2483e+013	5.2500e-015
6.400e-001	3.9222e-007	-1.2532e+013	-1.2508e+013	1.2508e+013	5.2500e-015
6.500e-001	3.9223e-007	-1.2557e+013	-1.2532e+013	1.2532e+013	5.2500e-015
6.600e-001	3.9224e-007	-1.2581e+013	-1.2557e+013	1.2557e+013	5.2500e-015
6.700e-001	3.9225e-007	-1.2606e+013	-1.2581e+013	1.2581e+013	5.2500e-015
6.800e-001	3.9226e-007	-1.2630e+013	-1.2606e+013	1.2606e+013	5.2500e-015
6.900e-001	3.9227e-007	-1.2655e+013	-1.2630e+013	1.2630e+013	5.2500e-015
7.000e-001	3.9228e-007	-1.2679e+013	-1.2655e+013	1.2655e+013	5.2500e-015
7.100e-001	3.9229e-007	-1.2704e+013	-1.2679e+013	1.2679e+013	5.2500e-015
7.200e-001	3.9231e-007	-1.2728e+013	-1.2704e+013	1.2704e+013	5.2500e-015
7.300e-001	3.9232e-007	-1.2753e+013	-1.2728e+013	1.2728e+013	5.2500e-015
7.400e-001	3.9233e-007	-1.2777e+013	-1.2753e+013	1.2753e+013	5.2500e-015
7.500e-001	3.9234e-007	-1.2802e+013	-1.2777e+013	1.2777e+013	5.2500e-015
7.600e-001	3.9235e-007	-1.2826e+013	-1.2802e+013	1.2802e+013	5.2500e-015
7.700e-001	3.9236e-007	-1.2851e+013	-1.2826e+013	1.2826e+013	5.2500e-015
7.800e-001	3.9237e-007	-1.2875e+013	-1.2851e+013	1.2851e+013	5.2500e-015
7.900e-001	3.9238e-007	-1.2900e+013	-1.2875e+013	1.2875e+013	5.2500e-015
8.000e-001	3.9239e-007	-1.2924e+013	-1.2900e+013	1.2899e+013	5.2500e-015
8.100e-001	3.9240e-007	-1.2949e+013	-1.2924e+013	1.2924e+013	5.2500e-015
8.200e-001	3.9241e-007	-1.2973e+013	-1.2949e+013	1.2948e+013	5.2500e-015
8.300e-001	3.9242e-007	-1.2997e+013	-1.2973e+013	1.2973e+013	5.2500e-015
8.400e-001	3.9243e-007	-1.3022e+013	-1.2997e+013	1.2997e+013	5.2500e-015
8.500e-001	3.9244e-007	-1.3046e+013	-1.3022e+013	1.3022e+013	5.2500e-015
8.600e-001	3.9245e-007	-1.3071e+013	-1.3046e+013	1.3046e+013	5.2500e-015
8.700e-001	3.9246e-007	-1.3095e+013	-1.3071e+013	1.3071e+013	5.2500e-015
8.800e-001	3.9247e-007	-1.3120e+013	-1.3095e+013	1.3095e+013	5.2500e-015
8.900e-001	3.9248e-007	-1.3144e+013	-1.3120e+013	1.3120e+013	5.2500e-015
9.000e-001	3.9249e-007	-1.3169e+013	-1.3144e+013	1.3144e+013	5.2500e-015
9.100e-001	3.9251e-007	-1.3193e+013	-1.3169e+013	1.3169e+013	5.2500e-015
9.200e-001	3.9252e-007	-1.3218e+013	-1.3193e+013	1.3193e+013	5.2500e-015
9.300e-001	3.9253e-007	-1.3242e+013	-1.3218e+013	1.3218e+013	5.2500e-015
9.400e-001	3.9254e-007	-1.3267e+013	-1.3242e+013	1.3242e+013	5.2500e-015
9.500e-001	3.9255e-007	-1.3291e+013	-1.3267e+013	1.3267e+013	5.2500e-015
9.600e-001	3.9256e-007	-1.3316e+013	-1.3291e+013	1.3291e+013	5.2500e-015
9.700e-001	3.9257e-007	-1.3340e+013	-1.3316e+013	1.3316e+013	5.2500e-015
9.800e-001	3.9258e-007	-1.3365e+013	-1.3340e+013	1.3340e+013	5.2500e-015
9.900e-001	3.9259e-007	-1.3389e+013	-1.3365e+013	1.3365e+013	5.2500e-015
1.000e+000	3.9260e-007	-1.3414e+013	-1.3389e+013	1.3389e+013	5.2500e-015
1.010e+000	3.9261e-007	-1.3438e+013	-1.3414e+013	1.3414e+013	5.2500e-015
1.020e+000	3.9263e-007	-1.3463e+013	-1.3438e+013	1.3438e+013	5.2500e-015
1.030e+000	3.9264e-007	-1.3487e+013	-1.3463e+013	1.3463e+013	5.2500e-015
1.040e+000	3.9265e-007	-1.3512e+013	-1.3487e+013	1.3487e+013	5.2500e-015
1.050e+000	3.9267e-007	-1.3537e+013	-1.3512e+013	1.3512e+013	5.2500e-015
1.060e+000	3.9268e-007	-1.3561e+013	-1.3537e+013	1.3536e+013	5.2500e-015
1.070e+000	3.9270e-007	-1.3586e+013	-1.3561e+013	1.3561e+013	5.2500e-015
1.080e+000	3.9272e-007	-1.3610e+013	-1.3586e+013	1.3585e+013	5.2500e-015
1.090e+000	3.9274e-007	-1.3635e+013	-1.3610e+013	1.3610e+013	5.2500e-015
1.100e+000	3.9277e-007	-1.3659e+013	-1.3635e+013	1.3635e+013	5.2500e-015
1.110e+000	3.9280e-007	-1.3684e+013	-1.3659e+013	1.3659e+013	5.2500e-015
1.120e+000	3.9283e-007	-1.3708e+013	-1.3684e+013	1.3684e+013	5.2500e-015
1.130e+000	3.9288e-007	-1.3733e+013	-1.3708e+013	1.3708e+013	5.2500e-015
1.140e+000	3.9293e-007	-1.3757e+013	-1.3733e+013	1.3733e+013	5.2500e-015
1.150e+000	3.9301e-007	-1.3782e+013	-1.3757e+013	1.3757e+013	5.2500e-015
1.160e+000	3.9310e-007	-1.3806e+013	-1.3782e+013	1.3782e+013	5.2500e-015
1.170e+000	3.9322e-007	-1.3831e+013	-1.3806e+013	1.3806e+013	5.2500e-015
1.180e+000	3.9338e-007	-1.3855e+013	-1.3831e+013	1.3831e+013	5.2500e-015
1.190e+000	3.9359e-007	-1.3880e+013	-1.3855e+013	1.3855e+013	5.2500e-015
1.200e+000	3.9387e-007	-1.3904e+013	-1.3880e+013	1.3880e+013	5.2500e-015
1.210e+000	3.9425e-007	-1.3929e+013	-1.3904e+013	1.3904e+013	5.2500e-015
1.220e+000	3.9477e-007	-1.3954e+013	-1.3929e+013	1.3929e+013	5.2500e-015
1.230e+000	3.9548e-007	-1.3978e+013	-1.3954e+013	1.3954e+013	5.2500e-015
1.240e+000	3.9644e-007	-1.4003e+013	-1.3978e+013	1.3978e+013	5.2500e-015
1.250e+000	3.9777e-007	-1.4028e+013	-1.4003e+013	1.4003e+013	5.2500e-015
1.260e+000	3.9959e-007	-1.4053e+013	-1.4028e+013	1.4028e+013	5.2500e-015
1.270e+000	4.0210e-007	-1.4078e+013	-1.4053e+013	1.4053e+013	5.2500e-015
1.280e+000	4.0557e-007	-1.4103e+013	-1.4078e+013	1.4078e+013	5.2500e-015
1.290e+000	4.1037e-007	-1.4129e+013	-1.4103e+013	1.4103e+013	5.2500e-015
1.300e+000	4.1702e-007	-1.4155e+013	-1.4129e+013	1.4129e+013	5.2500e-015
1.310e+000	4.2622e-007	-1.4182e+013	-1.4155e+013	1.4155e+013	5.2500e-015
1.320e+000	4.3894e-007	-1.4209e+013	-1.4182e+013	1.4182e+013	5.2500e-015
1.330e+000	4.5602e-007	-1.4237e+013	-1.4209e+013	1.4209e+013	5.2500e-015
1.340e+000	4.7966e-007	-1.4267e+013	-1.4237e+013	1.4237e+013	5.2500e-015
1.350e+000	5.1178e-007	-1.4299e+013	-1.4267e+013	1.4267e+013	5.2500e-015
1.360e+000	5.5496e-007	-1.4334e+013	-1.4299e+013	1.4299e+013	5.2500e-015
1.370e+000	6.1222e-007	-1.4372e+013	-1.4334e+013	1.4334e+013	5.2500e-015
1.380e+000	6.8698e-007	-1.4415e+013	-1.4372e+013	1.4372e+013	5.2500e-015
1.390e+000	7.8138e-007	-1.4464e+013	-1.4415e+013	1.4415e+013	5.2500e-015
1.400e+000	8.9834e-007	-1.4520e+013	-1.4464e+013	1.4464e+013	5.2500e-015
1.410e+000	1.0380e-006	-1.4585e+013	-1.4520e+013	1.4520e+013	5.2500e-015
1.420e+000	1.1983e-006	-1.4659e+013	-1.4585e+013	1.4585e+013	5.2500e-015
1.430e+000	1.3748e-006	-1.4745e+013	-1.4659e+013	1.4659e+013	5.2500e-015
1.440e+000	1.5621e-006	-1.4843e+013	-1.4745e+013	1.4745e+013	5.2500e-015
1.450e+000	1.7527e-006	-1.4952e+013	-1.4843e+013	1.4843e+013	5.2500e-015
1.460e+000	1.9402e-006	-1.5073e+013	-1.4952e+013	1.4952e+013	5.2500e-015
1.470e+000	2.1199e-006	-1.5206e+013	-1.5073e+013	1.5073e+013	5.2500e-015
1.480e+000	2.2880e-006	-1.5348e+013	-1.5206e+013	1.5206e+013	5.2500e-015
1.490e+000	2.4429e-006	-1.5501e+013	-1.5348e+013	1.5348e+013	5.2500e-015
1.500e+000	2.5842e-006	-1.5662e+013	-1.5501e+013	1.5501e+013	5.2500e-015
1.510e+000	2.7123e-006	-1.5831e+013	-1.5662e+013	1.5662e+013	5.2500e-015
1.520e+000	2.8284e-006	-1.6008e+013	-1.5831e+013	1.5831e+013	5.2500e-015
1.530e+000	2.9335e-006	-1.6191e+013	-1.6008e+013	1.6008e+013	5.2500e-015
1.540e+000	3.0288e-006	-1.6380e+013	-1.6191e+013	1.6191e+013	5.2500e-015
1.550e+000	3.1156e-006	-1.6575e+013	-1.6380e+013	1.6380e+013	5.2500e-015
1.560e+000	3.1951e-006	-1.6774e+013	-1.6575e+013	1.6575e+013	5.2500e-015
1.570e+000	3.2681e-006	-1.6978e+013	-1.6774e+013	1.6774e+013	5.2500e-015
1.580e+000	3.3356e-006	-1.7186e+013	-1.6978e+013	1.6978e+013	5.2500e-015
1.590e+000	3.3982e-006	-1.7398e+013	-1.7186e+013	1.7186e+013	5.2500e-015
1.600e+000	3.4567e-006	-1.7614e+013	-1.7398e+013	1.7398e+013	5.2500e-015
1.610e+000	3.5114e-006	-1.7833e+013	-1.7614e+013	1.7614e+013	5.2500e-015
1.620e+000	3.5629e-006	-1.8056e+013	-1.7833e+013	1.7833e+013	5.2500e-015
1.630e+000	3.6116e-006	-1.8281e+013	-1.8056e+013	1.8055e+013	5.2500e-015
1.640e+000	3.6578e-006	-1.8509e+013	-1.8281e+013	1.8281e+013	5.2500e-015
1.650e+000	3.7017e-006	-1.8740e+013	-1.8509e+013	1.8509e+013	5.2500e-015
1.660e+000	3.7435e-006	-1.8974e+013	-1.8740e+013	1.8740e+013	5.2500e-015
1.670e+000	3.7836e-006	-1.9210e+013	-1.8974e+013	1.8974e+013	5.2500e-015
1.680e+000	3.8220e-006	-1.9449e+013	-1.9210e+013	1.9210e+013	5.2500e-015
1.690e+000	3.8589e-006	-1.9689e+013	-1.9449e+013	1.9449e+013	5.2500e-015
1.700e+000	3.8945e-006	-1.9933e+013	-1.9689e+013	1.9689e+013	5.2500e-015
1.710e+000	3.9288e-006	-2.0178e+013	-1.9933e+013	1.9933e+013	5.2500e-015
1.720e+000	3.9546e-006	-2.0425e+013	-2.0178e+013	2.0178e+013	5.2500e-015
1.730e+000	3.9495e-006	-2.0671e+013	-2.0425e+013	2.0425e+013	5.2500e-015
1.740e+000	3.9752e-006	-2.0919e+013	-2.0671e+013	2.0671e+013	5.2500e-015
1.750e+000	3.9999e-006	-2.1169e+013	-2.0919e+013	2.0919e+013	5.2500e-015
1.760e+000	4.0237e-006	-2.1420e+013	-2.1169e+013	2.1169e+013	5.2500e-015
1.770e+000	4.0467e-006	-2.1673e+013	-2.1420e+013	2.1420e+013	5.2500e-015
1.780e+000	4.0689e-006	-2.1927e+013	-2.1673e+013	2.1673e+013	5.2500e-015
1.790e+000	4.0903e-006	-2.2182e+013	-2.1927e+013	2.1927e+013	5.2500e-015
1.800e+000	4.1111e-006	-2.2438e+013	-2.2182e+013	2.2182e+013	5.2500e-015
1.810e+000	4.1313e-006	-2.2696e+013	-2.2438e+013	2.2438e+013	5.2500e-015
1.820e+000	4.1508e-006	-2.2955e+013	-2.2696e+013	2.2696e+013	5.2500e-015
1.830e+000	4.1698e-006	-2.3216e+013	-2.2955e+013	2.2955e+013	5.2500e-015
1.840e+000	4.1882e-006	-2.3477e+013	-2.3216e+013	2.3216e+013	5.2500e-015
1.850e+000	4.2062e-006	-2.3740e+013	-2.3477e+013	2.3477e+013	5.2500e-015
1.860e+000	4.2237e-006	-2.4003e+013	-2.3740e+013	2.3740e+013	5.2500e-015
1.870e+000	4.2407e-006	-2.4268e+013	-2.4003e+013	2.4003e+013	5.2500e-015
1.880e+000	4.2573e-006	-2.4534e+013	-2.4268e+013	2.4268e+013	5.2500e-015
1.890e+000	4.2734e-006	-2.4800e+013	-2.4534e+013	2.4534e+013	5.2500e-015
1.900e+000	4.2892e-006	-2.5068e+013	-2.4800e+013	2.4800e+013	5.2500e-015
1.910e+000	4.3047e-006	-2.5337e+013	-2.5068e+013	2.5068e+013	5.2500e-015
1.920e+000	4.3197e-006	-2.5606e+013	-2.5337e+013	2.5337e+013	5.2500e-015
1.930e+000	4.3345e-006	-2.5877e+013	-2.5606e+013	2.5606e+013	5.2500e-015
1.940e+000	4.3489e-006	-2.6148e+013	-2.5877e+013	2.5877e+013	5.2500e-015
1.950e+000	4.3630e-006	-2.6421e+013	-2.6148e+013	2.6148e+013	5.2500e-015
1.960e+000	4.3768e-006	-2.6694e+013	-2.6421e+013	2.6421e+013	5.2500e-015
1.970e+000	4.3903e-006	-2.6968e+013	-2.6694e+013	2.6694e+013	5.2500e-015
1.980e+000	4.3975e-006	-2.7242e+013	-2.6968e+013	2.6968e+013	5.2500e-015
1.990e+000	4.4069e-006	-2.7517e+013	-2.7242e+013	2.7242e+013	5.2500e-015
2.000e+000	4.4192e-006	-2.7793e+013	-2.7517e+013	2.7517e+013	5.2500e-015
2.010e+000	4.4313e-006	-2.8070e+013	-2.7793e+013	2.7793e+013	5.2500e-015
2.020e+000	4.4431e-006	-2.8347e+013	-2.8070e+013	2.8070e+013	5.2500e-015
2.030e+000	4.4547e-006	-2.8625e+013	-2.8347e+013	2.8347e+013	5.2500e-015
2.040e+000	4.4660e-006	-2.8904e+013	-2.8625e+013	2.8625e+013	5.2500e-015
2.050e+000	4.4772e-006	-2.9183e+013	-2.8904e+013	2.8904e+013	5.2500e-015
2.060e+000	4.4882e-006	-2.9463e+013	-2.9183e+013	2.9183e+013	5.2500e-015
2.070e+000	4.4990e-006	-2.9744e+013	-2.9463e+013	2.9463e+013	5.2500e-015
2.080e+000	4.5096e-006	-3.0026e+013	-2.9744e+013	2.9744e+013	5.2500e-015
2.090e+000	4.5200e-006	-3.0308e+013	-3.0026e+013	3.0026e+013	5.2500e-015
2.100e+000	4.5303e-006	-3.0591e+013	-3.0308e+013	3.0308e+013	5.2500e-015
2.110e+000	4.5404e-006	-3.0874e+013	-3.0591e+013	3.0591e+013	5.2500e-015
2.120e+000	4.5503e-006	-3.1158e+013	-3.0874e+013	3.0874e+013	5.2500e-015
2.130e+000	4.5601e-006	-3.1443e+013	-3.1158e+013	3.1158e+013	5.2500e-015
2.140e+000	4.5697e-006	-3.1728e+013	-3.1443e+013	3.1443e+013	5.2500e-015
2.150e+000	4.5792e-006	-3.2014e+013	-3.1728e+013	3.1728e+013	5.2500e-015
2.160e+000	4.5885e-006	-3.2300e+013	-3.2014e+013	3.2014e+013	5.2500e-015
2.170e+000	4.5977e-006	-3.2587e+013	-3.2300e+013	3.2300e+013	5.2500e-015
2.180e+000	4.6068e-006	-3.2874e+013	-3.2587e+013	3.2587e+013	5.2500e-015
2.190e+000	4.6157e-006	-3.3163e+013	-3.2874e+013	3.2874e+013	5.2500e-015
2.200e+000	4.6246e-006	-3.3451e+013	-3.3163e+013	3.3163e+013	5.2500e-015
2.210e+000	4.6332e-006	-3.3740e+013	-3.3451e+013	3.3451e+013	5.2500e-015
2.220e+000	4.6418e-006	-3.4030e+013	-3.3740e+013	3.3740e+013	5.2500e-015
2.230e+000	4.6503e-006	-3.4320e+013	-3.4030e+013	3.4030e+013	5.2500e-015
2.240e+000	4.6586e-006	-3.4611e+013	-3.4320e+013	3.4320e+013	5.2500e-015
2.250e+000	4.6668e-006	-3.4902e+013	-3.4611e+013	3.4611e+013	5.2500e-015
2.260e+000	4.6749e-006	-3.5194e+013	-3.4902e+013	3.4902e+013	5.2500e-015
2.270e+000	4.6830e-006	-3.5486e+013	-3.5194e+013	3.5194e+013	5.2500e-015
2.280e+000	4.6909e-006	-3.5779e+013	-3.5486e+013	3.5486e+013	5.2500e-015
2.290e+000	4.6987e-006	-3.6073e+013	-3.5779e+013	3.5779e+013	5.2500e-015
2.300e+000	4.7064e-006	-3.6366e+013	-3.6073e+013	3.6072e+013	5.2500e-015
2.310e+000	4.7140e-006	-3.6661e+013	-3.6366e+013	3.6366e+013	5.2500e-015
2.320e+000	4.7216e-006	-3.6955e+013	-3.6661e+013	3.6660e+013	5.2500e-015
2.330e+000	4.7290e-006	-3.7250e+013	-3.6955e+013	3.6955e+013	5.2500e-015
2.340e+000	4.7363e-006	-3.7546e+013	-3.7250e+013	3.7250e+013	5.2500e-015
2.350e+000	4.7436e-006	-3.7842e+013	-3.7546e+013	3.7546e+013	5.2500e-015
2.360e+000	4.7508e-006	-3.8139e+013	-3.7842e+013	3.7842e+013	5.2500e-015
2.370e+000	4.7579e-006	-3.8436e+013	-3.8139e+013	3.8139e+013	5.2500e-015
2.380e+000	4.7649e-006	-3.8733e+013	-3.8436e+013	3.8435e+013	5.2500e-015
2.390e+000	4.7718e-006	-3.9031e+013	-3.8733e+013	3.8733e+013	5.2500e-015
2.400e+000	4.7787e-006	-3.9329e+013	-3.9031e+013	3.9031e+013	5.2500e-015
2.410e+000	4.7855e-006	-3.9628e+013	-3.9329e+013	3.9329e+013	5.2500e-015
2.420e+000	4.7922e-006	-3.9927e+013	-3.9628e+013	3.9628e+013	5.2500e-015
2.430e+000	4.7988e-006	-4.0226e+013	-3.9927e+013	3.9927e+013	5.2500e-015
2.440e+000	4.8054e-006	-4.0526e+013	-4.0226e+013	4.0226e+013	5.2500e-015
2.450e+000	4.8119e-006	-4.0827e+013	-4.0526e+013	4.0526e+013	5.2500e-015
2.460e+000	4.8183e-006	-4.1127e+013	-4.0827e+013	4.0827e+013	5.2500e-015
2.470e+000	4.8247e-006	-4.1428e+013	-4.1127e+013	4.1127e+013	5.2500e-015
2.480e+000	4.8310e-006	-4.1730e+013	-4.1428e+013	4.1428e+013	5.2500e-015
2.490e+000	4.8372e-006	-4.2032e+013	-4.1730e+013	4.1730e+013	5.2500e-015
2.500e+000	4.8434e-006	-4.2334e+013	-4.2032e+013	4.2032e+013	5.2500e-015
2.510e+000	4.8495e-006	-4.2637e+013	-4.2334e+013	4.2334e+013	5.2500e-015
2.520e+000	4.8556e-006	-4.2940e+013	-4.2637e+013	4.2637e+013	5.2500e-015
2.530e+000	4.8616e-006	-4.3243e+013	-4.2940e+013	4.2940e+013	5.2500e-015
2.540e+000	4.8675e-006	-4.3547e+013	-4.3243e+013	4.3243e+013	5.2500e-015
2.550e+000	4.8734e-006	-4.3851e+013	-4.3547e+013	4.3547e+013	5.2500e-015
2.560e+000	4.8785e-006	-4.4156e+013	-4.3851e+013	4.3851e+013	5.2500e-015
2.570e+000	4.8834e-006	-4.4461e+013	-4.4156e+013	4.4156e+013	5.2500e-015
2.580e+000	4.8891e-006	-4.4766e+013	-4.4461e+013	4.4461e+013	5.2500e-015
2.590e+000	4.8947e-006	-4.5071e+013	-4.4766e+013	4.4766e+013	5.2500e-015
2.600e+000	4.9003e-006	-4.5377e+013	-4.5071e+013	4.5071e+013	5.2500e-015
2.610e+000	4.9058e-006	-4.5683e+013	-4.5377e+013	4.5377e+013	5.2500e-015
2.620e+000	4.9113e-006	-4.5990e+013	-4.5683e+013	4.5683e+013	5.2500e-015
2.630e+000	4.9167e-006	-4.6297e+013	-4.5990e+013	4.5990e+013	5.2500e-015
2.640e+000	4.9221e-006	-4.6604e+013	-4.6297e+013	4.6297e+013	5.2500e-015
2.650e+000	4.9275e-006	-4.6912e+013	-4.6604e+013	4.6604e+013	5.2500e-015
2.660e+000	4.9327e-006	-4.7219e+013	-4.6912e+013	4.6911e+013	5.2500e-015
2.670e+000	4.9380e-006	-4.7528e+013	-4.7219e+013	4.7219e+013	5.2500e-015
2.680e+000	4.9432e-006	-4.7836e+013	-4.7528e+013	4.7528e+013	5.2500e-015
2.690e+000	4.9484e-006	-4.8145e+013	-4.7836e+013	4.7836e+013	5.2500e-015
2.700e+000	4.9535e-006	-4.8454e+013	-4.8145e+013	4.8145e+013	5.2500e-015
2.710e+000	4.9585e-006	-4.8764e+013	-4.8454e+013	4.8454e+013	5.2500e-015
2.720e+000	4.9636e-006	-4.9073e+013	-4.8764e+013	4.8764e+013	5.2500e-015
2.730e+000	4.9686e-006	-4.9384e+013	-4.9073e+013	4.9073e+013	5.2500e-015
2.740e+000	4.9735e-006	-4.9694e+013	-4.9384e+013	4.9384e+013	5.2500e-015
2.750e+000	4.9784e-006	-5.0005e+013	-4.9694e+013	4.9694e+013	5.2500e-015
2.760e+000	4.9833e-006	-5.0316e+013	-5.0005e+013	5.0005e+013	5.2500e-015
2.770e+000	4.9881e-006	-5.0627e+013	-5.0316e+013	5.0316e+013	5.2500e-015
2.780e+000	4.9929e-006	-5.0939e+013	-5.0627e+013	5.0627e+013	5.2500e-015
2.790e+000	4.9977e-006	-5.1251e+013	-5.0939e+013	5.0939e+013	5.2500e-015
2.800e+000	5.0024e-006	-5.1563e+013	-5.1251e+013	5.1251e+013	5.2500e-015
2.810e+000	5.0070e-006	-5.1875e+013	-5.1563e+013	5.1563e+013	5.2500e-015
2.820e+000	5.0117e-006	-5.2188e+013	-5.1875e+013	5.1875e+013	5.2500e-015
2.830e+000	5.0163e-006	-5.2501e+013	-5.2188e+013	5.2188e+013	5.2500e-015
2.840e+000	5.0209e-006	-5.2815e+013	-5.2501e+013	5.2501e+013	5.2500e-015
2.850e+000	5.0254e-006	-5.3128e+013	-5.2815e+013	5.2815e+013	5.2500e-015
2.860e+000	5.0299e-006	-5.3442e+013	-5.3128e+013	5.3128e+013	5.2500e-015
2.870e+000	5.0344e-006	-5.3756e+013	-5.3442e+013	5.3442e+013	5.2500e-015
2.880e+000	5.0388e-006	-5.4071e+013	-5.3756e+013	5.3756e+013	5.2500e-015
2.890e+000	5.0432e-006	-5.4386e+013	-5.4071e+013	5.4071e+013	5.2500e-015
2.900e+000	5.0476e-006	-5.4701e+013	-5.4386e+013	5.4386e+013	5.2500e-015
2.910e+000	5.0519e-006	-5.5016e+013	-5.4701e+013	5.4701e+013	5.2500e-015
2.920e+000	5.0562e-006	-5.5332e+013	-5.5016e+013	5.5016e+013	5.2500e-015
2.930e+000	5.0605e-006	-5.5648e+013	-5.5332e+013	5.5332e+013	5.2500e-015
2.940e+000	5.0648e-006	-5.5964e+013	-5.5648e+013	5.5648e+013	5.2500e-015
2.950e+000	5.0690e-006	-5.6280e+013	-5.5964e+013	5.5964e+013	5.2500e-015
2.960e+000	5.0732e-006	-5.6597e+013	-5.6280e+013	5.6280e+013	5.2500e-015
2.970e+000	5.0773e-006	-5.6914e+013	-5.6597e+013	5.6597e+013	5.2500e-015
2.980e+000	5.0815e-006	-5.7231e+013	-5.6914e+013	5.6914e+013	5.2500e-015
2.990e+000	5.0856e-006	-5.7548e+013	-5.7231e+013	5.7231e+013	5.2500e-015
3.000e+000	5.0897e-006	-5.7866e+013	-5.7548e+013	5.7548e+013	5.2500e-015
3.010e+000	5.0937e-006	-5.8184e+013	-5.7866e+013	5.7866e+013	5.2500e-015
3.020e+000	5.0977e-006	-5.8502e+013	-5.8184e+013	5.8184e+013	5.2500e-015
3.030e+000	5.1017e-006	-5.8820e+013	-5.8502e+013	5.8502e+013	5.2500e-015
3.040e+000	5.1057e-006	-5.9139e+013	-5.8820e+013	5.8820e+013	5.2500e-015
3.050e+000	5.1096e-006	-5.9458e+013	-5.9139e+013	5.9139e+013	5.2500e-015
3.060e+000	5.1135e-006	-5.9777e+013	-5.9458e+013	5.9458e+013	5.2500e-015
3.070e+000	5.1174e-006	-6.0097e+013	-5.9777e+013	5.9777e+013	5.2500e-015
3.080e+000	5.1213e-006	-6.0416e+013	-6.0097e+013	6.0096e+013	5.2500e-015
3.090e+000	5.1251e-006	-6.0736e+013	-6.0416e+013	6.0416e+013	5.2500e-015
3.100e+000	5.1290e-006	-6.1056e+013	-6.0736e+013	6.0736e+013	5.2500e-015
3.110e+000	5.1327e-006	-6.1377e+013	-6.1056e+013	6.1056e+013	5.2500e-015
3.120e+000	5.1365e-006	-6.1697e+013	-6.1377e+013	6.1376e+013	5.2500e-015
3.130e+000	5.1403e-006	-6.2018e+013	-6.1697e+013	6.1697e+013	5.2500e-015
3.140e+000	5.1440e-006	-6.2339e+013	-6.2018e+013	6.2018e+013	5.2500e-015
3.150e+000	5.1477e-006	-6.2660e+013	-6.2339e+013	6.2339e+013	5.2500e-015
3.160e+000	5.1513e-006	-6.2982e+013	-6.2660e+013	6.2660e+013	5.2500e-015
3.170e+000	5.1550e-006	-6.3304e+013	-6.2982e+013	6.2982e+013	5.2500e-015
3.180e+000	5.1586e-006	-6.3626e+013	-6.3304e+013	6.3304e+013	5.2500e-015
3.190e+000	5.1622e-006	-6.3948e+013	-6.3626e+013	6.3626e+013	5.2500e-015
3.200e+000	5.1658e-006	-6.4270e+013	-6.3948e+013	6.3948e+013	5.2500e-015
3.210e+000	5.1694e-006	-6.4593e+013	-6.4270e+013	6.4270e+013	5.2500e-015
3.220e+000	5.1729e-006	-6.4916e+013	-6.4593e+013	6.4593e+013	5.2500e-015
3.230e+000	5.1764e-006	-6.5239e+013	-6.4916e+013	6.4916e+013	5.2500e-015
3.240e+000	5.1799e-006	-6.5562e+013	-6.5239e+013	6.5239e+013	5.2500e-015
3.250e+000	5.1834e-006	-6.5886e+013	-6.5562e+013	6.5562e+013	5.2500e-015
3.260e+000	5.1869e-006	-6.6209e+013	-6.5886e+013	6.5886e+013	5.2500e-015
3.270e+000	5.1903e-006	-6.6533e+013	-6.6209e+013	6.6209e+013	5.2500e-015
3.280e+000	5.1937e-006	-6.6857e+013	-6.6533e+013	6.6533e+013	5.2500e-015
3.290e+000	5.1971e-006	-6.7182e+013	-6.6857e+013	6.6857e+013	5.2500e-015
3.300e+000	5.2005e-006	-6.7506e+013	-6.7182e+013	6.7182e+013	5.2500e-015
3.310e+000	5.2039e-006	-6.7831e+013	-6.7506e+013	6.7506e+013	5.2500e-015
3.320e+000	5.2072e-006	-6.8156e+013	-6.7831e+013	6.7831e+013	5.2500e-015
3.330e+000	5.2105e-006	-6.8481e+013	-6.8156e+013	6.8156e+013	5.2500e-015
3.340e+000	5.2138e-006	-6.8807e+013	-6.8481e+013	6.8481e+013	5.2500e-015
3.350e+000	5.2171e-006	-6.9132e+013	-6.8807e+013	6.8807e+013	5.2500e-015
3.360e+000	5.2204e-006	-6.9458e+013	-6.9132e+013	6.9132e+013	5.2500e-015
3.370e+000	5.2236e-006	-6.9784e+013	-6.9458e+013	6.9458e+013	5.2500e-015
3.380e+000	5.2269e-006	-7.0111e+013	-6.9784e+013	6.9784e+013	5.2500e-015
3.390e+000	5.2301e-006	-7.0437e+013	-7.0111e+013	7.0111e+013	5.2500e-015
3.400e+000	5.2333e-006	-7.0764e+013	-7.0437e+013	7.0437e+013	5.2500e-015
3.410e+000	5.2364e-006	-7.1090e+013	-7.0764e+013	7.0764e+013	5.2500e-015
3.420e+000	5.2396e-006	-7.1418e+013	-7.1090e+013	7.1090e+013	5.2500e-015
3.430e+000	5.2427e-006	-7.1745e+013	-7.1418e+013	7.1417e+013	5.2500e-015
3.440e+000	5.2459e-006	-7.2072e+013	-7.1745e+013	7.1745e+013	5.2500e-015
3.450e+000	5.2490e-006	-7.2400e+013	-7.2072e+013	7.2072e+013	5.2500e-015
3.460e+000	5.2521e-006	-7.2728e+013	-7.2400e+013	7.2400e+013	5.2500e-015
3.470e+000	5.2551e-006	-7.3056e+013	-7.2728e+013	7.2728e+013	5.2500e-015
3.480e+000	5.2582e-006	-7.3384e+013	-7.3056e+013	7.3056e+013	5.2500e-015
3.490e+000	5.2613e-006	-7.3712e+013	-7.3384e+013	7.3384e+013	5.2500e-015
3.500e+000	5.2643e-006	-7.4041e+013	-7.3712e+013	7.3712e+013	5.2500e-015
3.510e+000	5.2673e-006	-7.4369e+013	-7.4041e+013	7.4041e+013	5.2500e-015
3.520e+000	5.2703e-006	-7.4698e+013	-7.4369e+013	7.4369e+013	5.2500e-015
3.530e+000	5.2733e-006	-7.5028e+013	-7.4698e+013	7.4698e+013	5.2500e-015
3.540e+000	5.2762e-006	-7.5357e+013	-7.5028e+013	7.5028e+013	5.2500e-015
3.550e+000	5.2792e-006	-7.5686e+013	-7.5357e+013	7.5357e+013	5.2500e-015
3.560e+000	5.2821e-006	-7.6016e+013	-7.5686e+013	7.5686e+013	5.2500e-015
3.570e+000	5.2851e-006	-7.6346e+013	-7.6016e+013	7.6016e+013	5.2500e-015
3.580e+000	5.2880e-006	-7.6676e+013	-7.6346e+013	7.6346e+013	5.2500e-015
3.590e+000	5.2909e-006	-7.7006e+013	-7.6676e+013	7.6676e+013	5.2500e-015
3.600e+000	5.2937e-006	-7.7337e+013	-7.7006e+013	7.7006e+013	5.2500e-015
3.610e+000	5.2966e-006	-7.7667e+013	-7.7337e+013	7.7337e+013	5.2500e-015
3.620e+000	5.2995e-006	-7.7998e+013	-7.7667e+013	7.7667e+013	5.2500e-015
3.630e+000	5.3023e-006	-7.8329e+013	-7.7998e+013	7.7998e+013	5.2500e-015
3.640e+000	5.3051e-006	-7.8660e+013	-7.8329e+013	7.8329e+013	5.2500e-015
3.650e+000	5.3079e-006	-7.8991e+013	-7.8660e+013	7.8660e+013	5.2500e-015
3.660e+000	5.3107e-006	-7.9323e+013	-7.8991e+013	7.8991e+013	5.2500e-015
3.670e+000	5.3135e-006	-7.9654e+013	-7.9323e+013	7.9323e+013	5.2500e-015
3.680e+000	5.3163e-006	-7.9986e+013	-7.9654e+013	7.9654e+013	5.2500e-015
3.690e+000	5.3190e-006	-8.0318e+013	-7.9986e+013	7.9986e+013	5.2500e-015
3.700e+000	5.3218e-006	-8.0650e+013	-8.0318e+013	8.0318e+013	5.2500e-015
3.710e+000	5.3245e-006	-8.0983e+013	-8.0650e+013	8.0650e+013	5.2500e-015
3.720e+000	5.3272e-006	-8.1315e+013	-8.0983e+013	8.0983e+013	5.2500e-015
3.730e+000	5.3299e-006	-8.1648e+013	-8.1315e+013	8.1315e+013	5.2500e-015
3.740e+000	5.3326e-006	-8.1981e+013	-8.1648e+013	8.1648e+013	5.2500e-015
3.750e+000	5.3353e-006	-8.2314e+013	-8.1981e+013	8.1981e+013	5.2500e-015
3.760e+000	5.3380e-006	-8.2647e+013	-8.2314e+013	8.2314e+013	5.2500e-015
3.770e+000	5.3406e-006	-8.2980e+013	-8.2647e+013	8.2647e+013	5.2500e-015
3.780e+000	5.3433e-006	-8.3314e+013	-8.2980e+013	8.2980e+013	5.2500e-015
3.790e+000	5.3459e-006	-8.3647e+013	-8.3314e+013	8.3314e+013	5.2500e-015
3.800e+000	5.3485e-006	-8.3981e+013	-8.3647e+013	8.3647e+013	5.2500e-015
3.810e+000	5.3511e-006	-8.4315e+013	-8.3981e+013	8.3981e+013	5.2500e-015
3.820e+000	5.3537e-006	-8.4649e+013	-8.4315e+013	8.4315e+013	5.2500e-015
3.830e+000	5.3563e-006	-8.4984e+013	-8.4649e+013	8.4649e+013	5.2500e-015
3.840e+000	5.3589e-006	-8.5318e+013	-8.4984e+013	8.4984e+013	5.2500e-015
3.850e+000	5.3614e-006	-8.5653e+013	-8.5318e+013	8.5318e+013	5.2500e-015
3.860e+000	5.3640e-006	-8.5988e+013	-8.5653e+013	8.5653e+013	5.2500e-015
3.870e+000	5.3665e-006	-8.6323e+013	-8.5988e+013	8.5988e+013	5.2500e-015
3.880e+000	5.3690e-006	-8.6658e+013	-8.6323e+013	8.6322e+013	5.2500e-015
3.890e+000	5.3715e-006	-8.6993e+013	-8.6658e+013	8.6658e+013	5.2500e-015
3.900e+000	5.3741e-006	-8.7328e+013	-8.6993e+013	8.6993e+013	5.2500e-015
3.910e+000	5.3765e-006	-8.7664e+013	-8.7328e+013	8.7328e+013	5.2500e-015
3.920e+000	5.3790e-006	-8.8000e+013	-8.7664e+013	8.7664e+013	5.2500e-015
3.930e+000	5.3815e-006	-8.8336e+013	-8.8000e+013	8.8000e+013	5.2500e-015
3.940e+000	5.3840e-006	-8.8672e+013	-8.8336e+013	8.8335e+013	5.2500e-015
3.950e+000	5.3864e-006	-8.9008e+013	-8.8672e+013	8.8672e+013	5.2500e-015
3.960e+000	5.3888e-006	-8.9344e+013	-8.9008e+013	8.9008e+013	5.2500e-015
3.970e+000	5.3913e-006	-8.9681e+013	-8.9344e+013	8.9344e+013	5.2500e-015
3.980e+000	5.3937e-006	-9.0017e+013	-8.9681e+013	8.9681e+013	5.2500e-015
3.990e+000	5.3961e-006	-9.0354e+013	-9.0017e+013	9.0017e+013	5.2500e-015
4.000e+000	5.3985e-006	-9.0691e+013	-9.0354e+013	9.0354e+013	5.2500e-015
4.010e+000	5.4009e-006	-9.1028e+013	-9.0691e+013	9.0691e+013	5.2500e-015
4.020e+000	5.4033e-006	-9.1365e+013	-9.1028e+013	9.1028e+013	5.2500e-015
4.030e+000	5.4056e-006	-9.1703e+013	-9.1365e+013	9.1365e+013	5.2500e-015
4.040e+000	5.4080e-006	-9.2040e+013	-9.1703e+013	9.1703e+013	5.2500e-015
4.050e+000	5.4103e-006	-9.2378e+013	-9.2040e+013	9.2040e+013	5.2500e-015
4.060e+000	5.4127e-006	-9.2716e+013	-9.2378e+013	9.2378e+013	5.2500e-015
4.070e+000	5.4150e-006	-9.3054e+013	-9.2716e+013	9.2716e+013	5.2500e-015
4.080e+000	5.4173e-006	-9.3392e+013	-9.3054e+013	9.3054e+013	5.2500e-015
4.090e+000	5.4196e-006	-9.3730e+013	-9.3392e+013	9.3392e+013	5.2500e-015
4.100e+000	5.4219e-006	-9.4069e+013	-9.3730e+013	9.3730e+013	5.2500e-015
4.110e+000	5.4241e-006	-9.4407e+013	-9.4069e+013	9.4069e+013	5.2500e-015
4.120e+000	5.4263e-006	-9.4746e+013	-9.4407e+013	9.4407e+013	5.2500e-015
4.130e+000	5.4286e-006	-9.5085e+013	-9.4746e+013	9.4746e+013	5.2500e-015
4.140e+000	5.4309e-006	-9.5424e+013	-9.5085e+013	9.5085e+013	5.2500e-015
4.150e+000	5.4331e-006	-9.5763e+013	-9.5424e+013	9.5424e+013	5.2500e-015
4.160e+000	5.4354e-006	-9.6102e+013	-9.5763e+013	9.5763e+013	5.2500e-015
4.170e+000	5.4376e-006	-9.6441e+013	-9.6102e+013	9.6102e+013	5.2500e-015
4.180e+000	5.4398e-006	-9.6781e+013	-9.6441e+013	9.6441e+013	5.2500e-015
4.190e+000	5.4421e-006	-9.7121e+013	-9.6781e+013	9.6781e+013	5.2500e-015
4.200e+000	5.4443e-006	-9.7460e+013	-9.7121e+013	9.7120e+013	5.2500e-015
4.210e+000	5.4465e-006	-9.7800e+013	-9.7460e+013	9.7460e+013	5.2500e-015
4.220e+000	5.4487e-006	-9.8140e+013	-9.7800e+013	9.7800e+013	5.2500e-015
4.230e+000	5.4508e-006	-9.8481e+013	-9.8140e+013	9.8140e+013	5.2500e-015
4.240e+000	5.4530e-006	-9.8821e+013	-9.8481e+013	9.8481e+013	5.2500e-015
4.250e+000	5.4552e-006	-9.9161e+013	-9.8821e+013	9.8821e+013	5.2500e-015
4.260e+000	5.4573e-006	-9.9502e+013	-9.9161e+013	9.9161e+013	5.2500e-015
4.270e+000	5.4595e-006	-9.9843e+013	-9.9502e+013	9.9502e+013	5.2500e-015
4.280e+000	5.4616e-006	-1.0018e+014	-9.9843e+013	9.9843e+013	5.2500e-015
4.290e+000	5.4638e-006	-1.0052e+014	-1.0018e+014	1.0018e+014	5.2500e-015
4.300e+000	5.4659e-006	-1.0087e+014	-1.0052e+014	1.0052e+014	5.2500e-015
4.310e+000	5.4680e-006	-1.0121e+014	-1.0087e+014	1.0087e+014	5.2500e-015
4.320e+000	5.4701e-006	-1.0155e+014	-1.0121e+014	1.0121e+014	5.2500e-015
4.330e+000	5.4722e-006	-1.0189e+014	-1.0155e+014	1.0155e+014	5.2500e-015
4.340e+000	5.4743e-006	-1.0223e+014	-1.0189e+014	1.0189e+014	5.2500e-015
4.350e+000	5.4764e-006	-1.0257e+014	-1.0223e+014	1.0223e+014	5.2500e-015
4.360e+000	5.4785e-006	-1.0292e+014	-1.0257e+014	1.0257e+014	5.2500e-015
4.370e+000	5.4806e-006	-1.0326e+014	-1.0292e+014	1.0292e+014	5.2500e-015
4.380e+000	5.4826e-006	-1.0360e+014	-1.0326e+014	1.0326e+014	5.2500e-015
4.390e+000	5.4847e-006	-1.0394e+014	-1.0360e+014	1.0360e+014	5.2500e-015
4.400e+000	5.4867e-006	-1.0428e+014	-1.0394e+014	1.0394e+014	5.2500e-015
4.410e+000	5.4888e-006	-1.0463e+014	-1.0428e+014	1.0428e+014	5.2500e-015
4.420e+000	5.4908e-006	-1.0497e+014	-1.0463e+014	1.0463e+014	5.2500e-015
4.430e+000	5.4929e-006	-1.0531e+014	-1.0497e+014	1.0497e+014	5.2500e-015
4.440e+000	5.4949e-006	-1.0566e+014	-1.0531e+014	1.0531e+014	5.2500e-015
4.450e+000	5.4969e-006	-1.0600e+014	-1.0566e+014	1.0566e+014	5.2500e-015
4.460e+000	5.4989e-006	-1.0634e+014	-1.0600e+014	1.0600e+014	5.2500e-015
4.470e+000	5.5009e-006	-1.0669e+014	-1.0634e+014	1.0634e+014	5.2500e-015
4.480e+000	5.5029e-006	-1.0703e+014	-1.0669e+014	1.0669e+014	5.2500e-015
4.490e+000	5.5049e-006	-1.0737e+014	-1.0703e+014	1.0703e+014	5.2500e-015
4.500e+000	5.5068e-006	-1.0772e+014	-1.0737e+014	1.0737e+014	5.2500e-015
4.510e+000	5.5088e-006	-1.0806e+014	-1.0772e+014	1.0772e+014	5.2500e-015
4.520e+000	5.5108e-006	-1.0840e+014	-1.0806e+014	1.0806e+014	5.2500e-015
4.530e+000	5.5127e-006	-1.0875e+014	-1.0840e+014	1.0840e+014	5.2500e-015
4.540e+000	5.5147e-006	-1.0909e+014	-1.0875e+014	1.0875e+014	5.2500e-015
4.550e+000	5.5166e-006	-1.0944e+014	-1.0909e+014	1.0909e+014	5.2500e-015
4.560e+000	5.5186e-006	-1.0978e+014	-1.0944e+014	1.0944e+014	5.2500e-015
4.570e+000	5.5205e-006	-1.1013e+014	-1.0978e+014	1.0978e+014	5.2500e-015
4.580e+000	5.5224e-006	-1.1047e+014	-1.1013e+014	1.1013e+014	5.2500e-015
4.590e+000	5.5243e-006	-1.1081e+014	-1.1047e+014	1.1047e+014	5.2500e-015
4.600e+000	5.5262e-006	-1.1116e+014	-1.1081e+014	1.1081e+014	5.2500e-015
4.610e+000	5.5281e-006	-1.1150e+014	-1.1116e+014	1.1116e+014	5.2500e-015
4.620e+000	5.5300e-006	-1.1185e+014	-1.1150e+014	1.1150e+014	5.2500e-015
4.630e+000	5.5319e-006	-1.1220e+014	-1.1185e+014	1.1185e+014	5.2500e-015
4.640e+000	5.5338e-006	-1.1254e+014	-1.1220e+014	1.1220e+014	5.2500e-015
4.650e+000	5.5357e-006	-1.1289e+014	-1.1254e+014	1.1254e+014	5.2500e-015
4.660e+000	5.5376e-006	-1.1323e+014	-1.1289e+014	1.1289e+014	5.2500e-015
4.670e+000	5.5394e-006	-1.1358e+014	-1.1323e+014	1.1323e+014	5.2500e-015
4.680e+000	5.5413e-006	-1.1392e+014	-1.1358e+014	1.1358e+014	5.2500e-015
4.690e+000	5.5431e-006	-1.1427e+014	-1.1392e+014	1.1392e+014	5.2500e-015
4.700e+000	5.5450e-006	-1.1462e+014	-1.1427e+014	1.1427e+014	5.2500e-015
4.710e+000	5.5468e-006	-1.1496e+014	-1.1462e+014	1.1462e+014	5.2500e-015
4.720e+000	5.5487e-006	-1.1531e+014	-1.1496e+014	1.1496e+014	5.2500e-015
4.730e+000	5.5505e-006	-1.1565e+014	-1.1531e+014	1.1531e+014	5.2500e-015
4.740e+000	5.5523e-006	-1.1600e+014	-1.1565e+014	1.1565e+014	5.2500e-015
4.750e+000	5.5541e-006	-1.1635e+014	-1.1600e+014	1.1600e+014	5.2500e-015
4.760e+000	5.5559e-006	-1.1669e+014	-1.1635e+014	1.1635e+014	5.2500e-015
4.770e+000	5.5577e-006	-1.1704e+014	-1.1669e+014	1.1669e+014	5.2500e-015
4.780e+000	5.5595e-006	-1.1739e+014	-1.1704e+014	1.1704e+014	5.2500e-015
4.790e+000	5.5613e-006	-1.1774e+014	-1.1739e+014	1.1739e+014	5.2500e-015
4.800e+000	5.5631e-006	-1.1808e+014	-1.1774e+014	1.1774e+014	5.2500e-015
4.810e+000	5.5649e-006	-1.1843e+014	-1.1808e+014	1.1808e+014	5.2500e-015
4.820e+000	5.5667e-006	-1.1878e+014	-1.1843e+014	1.1843e+014	5.2500e-015
4.830e+000	5.5684e-006	-1.1912e+014	-1.1878e+014	1.1878e+014	5.2500e-015
4.840e+000	5.5702e-006	-1.1947e+014	-1.1912e+014	1.1912e+014	5.2500e-015
4.850e+000	5.5720e-006	-1.1982e+014	-1.1947e+014	1.1947e+014	5.2500e-015
4.860e+000	5.5737e-006	-1.2017e+014	-1.1982e+014	1.1982e+014	5.2500e-015
4.870e+000	5.5754e-006	-1.2052e+014	-1.2017e+014	1.2017e+014	5.2500e-015
4.880e+000	5.5772e-006	-1.2086e+014	-1.2052e+014	1.2052e+014	5.2500e-015
4.890e+000	5.5789e-006	-1.2121e+014	-1.2086e+014	1.2086e+014	5.2500e-015
4.900e+000	5.5807e-006	-1.2156e+014	-1.2121e+014	1.2121e+014	5.2500e-015
4.910e+000	5.5824e-006	-1.2191e+014	-1.2156e+014	1.2156e+014	5.2500e-015
4.920e+000	5.5841e-006	-1.2226e+014	-1.2191e+014	1.2191e+014	5.2500e-015
4.930e+000	5.5858e-006	-1.2261e+014	-1.2226e+014	1.2226e+014	5.2500e-015
4.940e+000	5.5875e-006	-1.2296e+014	-1.2261e+014	1.2261e+014	5.2500e-015
4.950e+000	5.5892e-006	-1.2330e+014	-1.2296e+014	1.2296e+014	5.2500e-015
4.960e+000	5.5909e-006	-1.2365e+014	-1.2330e+014	1.2330e+014	5.2500e-015
4.970e+000	5.5926e-006	-1.2400e+014	-1.2365e+014	1.2365e+014	5.2500e-015
4.980e+000	5.5943e-006	-1.2435e+014	-1.2400e+014	1.2400e+014	5.2500e-015
4.990e+000	5.5960e-006	-1.2470e+014	-1.2435e+014	1.2435e+014	5.2500e-015
5.000e+000	5.5977e-006	-1.2505e+014	-1.2470e+014	1.2470e+014	5.2500e-015
5.010e+000	5.5993e-006	-1.2540e+014	-1.2505e+014	1.2505e+014	5.2500e-015
5.020e+000	5.6010e-006	-1.2575e+014	-1.2540e+014	1.2540e+014	5.2500e-015
5.030e+000	5.6027e-006	-1.2610e+014	-1.2575e+014	1.2575e+014	5.2500e-015
5.040e+000	5.6043e-006	-1.2645e+014	-1.2610e+014	1.2610e+014	5.2500e-015
5.050e+000	5.6060e-006	-1.2680e+014	-1.2645e+014	1.2645e+014	5.2500e-015
5.060e+000	5.6076e-006	-1.2715e+014	-1.2680e+014	1.2680e+014	5.2500e-015
5.070e+000	5.6093e-006	-1.2750e+014	-1.2715e+014	1.2715e+014	5.2500e-015
5.080e+000	5.6109e-006	-1.2785e+014	-1.2750e+014	1.2750e+014	5.2500e-015
5.090e+000	5.6125e-006	-1.2820e+014	-1.2785e+014	1.2785e+014	5.2500e-015
5.100e+000	5.6142e-006	-1.2855e+014	-1.2820e+014	1.2820e+014	5.2500e-015
5.110e+000	5.6158e-006	-1.2890e+014	-1.2855e+014	1.2855e+014	5.2500e-015
5.120e+000	5.6174e-006	-1.2925e+014	-1.2890e+014	1.2890e+014	5.2500e-015
5.130e+000	5.6190e-006	-1.2960e+014	-1.2925e+014	1.2925e+014	5.2500e-015
5.140e+000	5.6206e-006	-1.2995e+014	-1.2960e+014	1.2960e+014	5.2500e-015
5.150e+000	5.6222e-006	-1.3030e+014	-1.2995e+014	1.2995e+014	5.2500e-015
5.160e+000	5.6238e-006	-1.3065e+014	-1.3030e+014	1.3030e+014	5.2500e-015
5.170e+000	5.6254e-006	-1.3101e+014	-1.3065e+014	1.3065e+014	5.2500e-015
5.180e+000	5.6270e-006	-1.3136e+014	-1.3101e+014	1.3101e+014	5.2500e-015
5.190e+000	5.6286e-006	-1.3171e+014	-1.3136e+014	1.3136e+014	5.2500e-015
5.200e+000	5.6302e-006	-1.3206e+014	-1.3171e+014	1.3171e+014	5.2500e-015
5.210e+000	5.6317e-006	-1.3241e+014	-1.3206e+014	1.3206e+014	5.2500e-015
5.220e+000	5.6333e-006	-1.3276e+014	-1.3241e+014	1.3241e+014	5.2500e-015
5.230e+000	5.6349e-006	-1.3311e+014	-1.3276e+014	1.3276e+014	5.2500e-015
5.240e+000	5.6364e-006	-1.3347e+014	-1.3311e+014	1.3311e+014	5.2500e-015
5.250e+000	5.6380e-006	-1.3382e+014	-1.3347e+014	1.3347e+014	5.2500e-015
5.260e+000	5.6395e-006	-1.3417e+014	-1.3382e+014	1.3382e+014	5.2500e-015
5.270e+000	5.6411e-006	-1.3452e+014	-1.3417e+014	1.3417e+014	5.2500e-015
5.280e+000	5.6426e-006	-1.3487e+014	-1.3452e+014	1.3452e+014	5.2500e-015
5.290e+000	5.6442e-006	-1.3523e+014	-1.3487e+014	1.3487e+014	5.2500e-015
5.300e+000	5.6457e-006	-1.3558e+014	-1.3523e+014	1.3523e+014	5.2500e-015
5.310e+000	5.6472e-006	-1.3593e+014	-1.3558e+014	1.3558e+014	5.2500e-015
5.320e+000	5.6488e-006	-1.3628e+014	-1.3593e+014	1.3593e+014	5.2500e-015
5.330e+000	5.6503e-006	-1.3664e+014	-1.3628e+014	1.3628e+014	5.2500e-015
5.340e+000	5.6518e-006	-1.3699e+014	-1.3664e+014	1.3664e+014	5.2500e-015
5.350e+000	5.6533e-006	-1.3734e+014	-1.3699e+014	1.3699e+014	5.2500e-015
5.360e+000	5.6548e-006	-1.3769e+014	-1.3734e+014	1.3734e+014	5.2500e-015
5.370e+000	5.6563e-006	-1.3805e+014	-1.3769e+014	1.3769e+014	5.2500e-015
5.380e+000	5.6578e-006	-1.3840e+014	-1.3805e+014	1.3805e+014	5.2500e-015
5.390e+000	5.6593e-006	-1.3875e+014	-1.3840e+014	1.3840e+014	5.2500e-015
5.400e+000	5.6608e-006	-1.3911e+014	-1.3875e+014	1.3875e+014	5.2500e-015
5.410e+000	5.6623e-006	-1.3946e+014	-1.3911e+014	1.3911e+014	5.2500e-015
5.420e+000	5.6638e-006	-1.3981e+014	-1.3946e+014	1.3946e+014	5.2500e-015
5.430e+000	5.6653e-006	-1.4017e+014	-1.3981e+014	1.3981e+014	5.2500e-015
5.440e+000	5.6668e-006	-1.4052e+014	-1.4017e+014	1.4017e+014	5.2500e-015
5.450e+000	5.6682e-006	-1.4088e+014	-1.4052e+014	1.4052e+014	5.2500e-015
5.460e+000	5.6697e-006	-1.4123e+014	-1.4088e+014	1.4088e+014	5.2500e-015
5.470e+000	5.6712e-006	-1.4158e+014	-1.4123e+014	1.4123e+014	5.2500e-015
5.480e+000	5.6726e-006	-1.4194e+014	-1.4158e+014	1.4158e+014	5.2500e-015
5.490e+000	5.6741e-006	-1.4229e+014	-1.4194e+014	1.4194e+014	5.2500e-015
5.500e+000	5.6755e-006	-1.4265e+014	-1.4229e+014	1.4229e+014	5.2500e-015
5.510e+000	5.6770e-006	-1.4300e+014	-1.4265e+014	1.4265e+014	5.2500e-015
5.520e+000	5.6784e-006	-1.4335e+014	-1.4300e+014	1.4300e+014	5.2500e-015
5.530e+000	5.6799e-006	-1.4371e+014	-1.4335e+014	1.4335e+014	5.2500e-015
5.540e+000	5.6813e-006	-1.4406e+014	-1.4371e+014	1.4371e+014	5.2500e-015
5.550e+000	5.6827e-006	-1.4442e+014	-1.4406e+014	1.4406e+014	5.2500e-015
5.560e+000	5.6842e-006	-1.4477e+014	-1.4442e+014	1.4442e+014	5.2500e-015
5.570e+000	5.6856e-006	-1.4513e+014	-1.4477e+014	1.4477e+014	5.2500e-015
5.580e+000	5.6870e-006	-1.4548e+014	-1.4513e+014	1.4513e+014	5.2500e-015
5.590e+000	5.6884e-006	-1.4584e+014	-1.4548e+014	1.4548e+014	5.2500e-015
5.600e+000	5.6898e-006	-1.4619e+014	-1.4584e+014	1.4584e+014	5.2500e-015
5.610e+000	5.6913e-006	-1.4655e+014	-1.4619e+014	1.4619e+014	5.2500e-015
5.620e+000	5.6927e-006	-1.4690e+014	-1.4655e+014	1.4655e+014	5.2500e-015
5.630e+000	5.6941e-006	-1.4726e+014	-1.4690e+014	1.4690e+014	5.2500e-015
5.640e+000	5.6955e-006	-1.4761e+014	-1.4726e+014	1.4726e+014	5.2500e-015
5.650e+000	5.6969e-006	-1.4797e+014	-1.4761e+014	1.4761e+014	5.2500e-015
5.660e+000	5.6983e-006	-1.4833e+014	-1.4797e+014	1.4797e+014	5.2500e-015
5.670e+000	5.6996e-006	-1.4868e+014	-1.4833e+014	1.4833e+014	5.2500e-015
5.680e+000	5.7010e-006	-1.4904e+014	-1.4868e+014	1.4868e+014	5.2500e-015
5.690e+000	5.7024e-006	-1.4939e+014	-1.4904e+014	1.4904e+014	5.2500e-015
5.700e+000	5.7038e-006	-1.4975e+014	-1.4939e+014	1.4939e+014	5.2500e-015
5.710e+000	5.7052e-006	-1.5011e+014	-1.4975e+014	1.4975e+014	5.2500e-015
5.720e+000	5.7065e-006	-1.5046e+014	-1.5011e+014	1.5011e+014	5.2500e-015
5.730e+000	5.7079e-006	-1.5082e+014	-1.5046e+014	1.5046e+014	5.2500e-015
5.740e+000	5.7093e-006	-1.5117e+014	-1.5082e+014	1.5082e+014	5.2500e-015
5.750e+000	5.7106e-006	-1.5153e+014	-1.5117e+014	1.5117e+014	5.2500e-015
5.760e+000	5.7120e-006	-1.5189e+014	-1.5153e+014	1.5153e+014	5.2500e-015
5.770e+000	5.7133e-006	-1.5224e+014	-1.5189e+014	1.5189e+014	5.2500e-015
5.780e+000	5.7147e-006	-1.5260e+014	-1.5224e+014	1.5224e+014	5.2500e-015
5.790e+000	5.7160e-006	-1.5296e+014	-1.5260e+014	1.5260e+014	5.2500e-015
5.800e+000	5.7174e-006	-1.5331e+014	-1.5296e+014	1.5296e+014	5.2500e-015
5.810e+000	5.7187e-006	-1.5367e+014	-1.5331e+014	1.5331e+014	5.2500e-015
5.820e+000	5.7200e-006	-1.5403e+014	-1.5367e+014	1.5367e+014	5.2500e-015
5.830e+000	5.7214e-006	-1.5438e+014	-1.5403e+014	1.5403e+014	5.2500e-015
5.840e+000	5.7227e-006	-1.5474e+014	-1.5438e+014	1.5438e+014	5.2500e-015
5.850e+000	5.7240e-006	-1.5510e+014	-1.5474e+014	1.5474e+014	5.2500e-015
5.860e+000	5.7254e-006	-1.5546e+014	-1.5510e+014	1.5510e+014	5.2500e-015
5.870e+000	5.7267e-006	-1.5581e+014	-1.5546e+014	1.5546e+014	5.2500e-015
5.880e+000	5.7280e-006	-1.5617e+014	-1.5581e+014	1.5581e+014	5.2500e-015
5.890e+000	5.7293e-006	-1.5653e+014	-1.5617e+014	1.5617e+014	5.2500e-015
5.900e+000	5.7306e-006	-1.5689e+014	-1.5653e+014	1.5653e+014	5.2500e-015
5.910e+000	5.7319e-006	-1.5724e+014	-1.5689e+014	1.5689e+014	5.2500e-015
5.920e+000	5.7332e-006	-1.5760e+014	-1.5724e+014	1.5724e+014	5.2500e-015
5.930e+000	5.7345e-006	-1.5796e+014	-1.5760e+014	1.5760e+014	5.2500e-015
5.940e+000	5.7358e-006	-1.5832e+014	-1.5796e+014	1.5796e+014	5.2500e-015
5.950e+000	5.7371e-006	-1.5868e+014	-1.5832e+014	1.5832e+014	5.2500e-015
5.960e+000	5.7384e-006	-1.5903e+014	-1.5868e+014	1.5868e+014	5.2500e-015
5.970e+000	5.7397e-006	-1.5939e+014	-1.5903e+014	1.5903e+014	5.2500e-015
5.980e+000	5.7410e-006	-1.5975e+014	-1.5939e+014	1.5939e+014	5.2500e-015
5.990e+000	5.7423e-006	-1.6011e+014	-1.5975e+014	1.5975e+014	5.2500e-015
6.000e+000	5.7435e-006	-1.6047e+014	-1.6011e+014	1.6011e+014	5.2500e-015
6.010e+000	5.7448e-006	-1.6083e+014	-1.6047e+014	1.6047e+014	5.2500e-015
6.020e+000	5.7461e-006	-1.6119e+014	-1.6083e+014	1.6083e+014	5.2500e-015
6.030e+000	5.7474e-006	-1.6154e+014	-1.6119e+014	1.6119e+014	5.2500e-015
6.040e+000	5.7486e-006	-1.6190e+014	-1.6154e+014	1.6154e+014	5.2500e-015
6.050e+000	5.7499e-006	-1.6226e+014	-1.6190e+014	1.6190e+014	5.2500e-015
6.060e+000	5.7512e-006	-1.6262e+014	-1.6226e+014	1.6226e+014	5.2500e-015
6.070e+000	5.7524e-006	-1.6298e+014	-1.6262e+014	1.6262e+014	5.2500e-015
6.080e+000	5.7537e-006	-1.6334e+014	-1.6298e+014	1.6298e+014	5.2500e-015
6.090e+000	5.7549e-006	-1.6370e+014	-1.6334e+014	1.6334e+014	5.2500e-015
6.100e+000	5.7562e-006	-1.6406e+014	-1.6370e+014	1.6370e+014	5.2500e-015
6.110e+000	5.7574e-006	-1.6442e+014	-1.6406e+014	1.6406e+014	5.2500e-015
6.120e+000	5.7586e-006	-1.6478e+014	-1.6442e+014	1.6442e+014	5.2500e-015
6.130e+000	5.7599e-006	-1.6514e+014	-1.6478e+014	1.6478e+014	5.2500e-015
6.140e+000	5.7611e-006	-1.6550e+014	-1.6514e+014	1.6514e+014	5.2500e-015
6.150e+000	5.7624e-006	-1.6585e+014	-1.6550e+014	1.6550e+014	5.2500e-015
6.160e+000	5.7636e-006	-1.6621e+014	-1.6585e+014	1.6585e+014	5.2500e-015
6.170e+000	5.7648e-006	-1.6657e+014	-1.6621e+014	1.6621e+014	5.2500e-015
6.180e+000	5.7660e-006	-1.6693e+014	-1.6657e+014	1.6657e+014	5.2500e-015
6.190e+000	5.7673e-006	-1.6729e+014	-1.6693e+014	1.6693e+014	5.2500e-015
6.200e+000	5.7685e-006	-1.6765e+014	-1.6729e+014	1.6729e+014	5.2500e-015
6.210e+000	5.7697e-006	-1.6801e+014	-1.6765e+014	1.6765e+014	5.2500e-015
6.220e+000	5.7709e-006	-1.6837e+014	-1.6801e+014	1.6801e+014	5.2500e-015
6.230e+000	5.7721e-006	-1.6873e+014	-1.6837e+014	1.6837e+014	5.2500e-015
6.240e+000	5.7733e-006	-1.6910e+014	-1.6873e+014	1.6873e+014	5.2500e-015
6.250e+000	5.7745e-006	-1.6946e+014	-1.6910e+014	1.6910e+014	5.2500e-015
6.260e+000	5.7757e-006	-1.6982e+014	-1.6946e+014	1.6946e+014	5.2500e-015
6.270e+000	5.7769e-006	-1.7018e+014	-1.6982e+014	1.6982e+014	5.2500e-015
6.280e+000	5.7781e-006	-1.7054e+014	-1.7018e+014	1.7018e+014	5.2500e-015
6.290e+000	5.7793e-006	-1.7090e+014	-1.7054e+014	1.7054e+014	5.2500e-015
6.300e+000	5.7805e-006	-1.7126e+014	-1.7090e+014	1.7090e+014	5.2500e-015
6.310e+000	5.7817e-006	-1.7162e+014	-1.7126e+014	1.7126e+014	5.2500e-015
6.320e+000	5.7829e-006	-1.7198e+014	-1.7162e+014	1.7162e+014	5.2500e-015
6.330e+000	5.7841e-006	-1.7234e+014	-1.7198e+014	1.7198e+014	5.2500e-015
6.340e+000	5.7853e-006	-1.7270e+014	-1.7234e+014	1.7234e+014	5.2500e-015
6.350e+000	5.7864e-006	-1.7306e+014	-1.7270e+014	1.7270e+014	5.2500e-015
6.360e+000	5.7876e-006	-1.7343e+014	-1.7306e+014	1.7306e+014	5.2500e-015
6.370e+000	5.7888e-006	-1.7379e+014	-1.7343e+014	1.7343e+014	5.2500e-015
6.380e+000	5.7900e-006	-1.7415e+014	-1.7379e+014	1.7379e+014	5.2500e-015
6.390e+000	5.7911e-006	-1.7451e+014	-1.7415e+014	1.7415e+014	5.2500e-015
6.400e+000	5.7923e-006	-1.7487e+014	-1.7451e+014	1.7451e+014	5.2500e-015
6.410e+000	5.7935e-006	-1.7523e+014	-1.7487e+014	1.7487e+014	5.2500e-015
6.420e+000	5.7946e-006	-1.7559e+014	-1.7523e+014	1.7523e+014	5.2500e-015
6.430e+000	5.7958e-006	-1.7596e+014	-1.7559e+014	1.7559e+014	5.2500e-015
6.440e+000	5.7969e-006	-1.7632e+014	-1.7596e+014	1.7596e+014	5.2500e-015
6.450e+000	5.7981e-006	-1.7668e+014	-1.7632e+014	1.7632e+014	5.2500e-015
6.460e+000	5.7992e-006	-1.7704e+014	-1.7668e+014	1.7668e+014	5.2500e-015
6.470e+000	5.8004e-006	-1.7740e+014	-1.7704e+014	1.7704e+014	5.2500e-015
6.480e+000	5.8015e-006	-1.7777e+014	-1.7740e+014	1.7740e+014	5.2500e-015
6.490e+000	5.8027e-006	-1.7813e+014	-1.7777e+014	1.7777e+014	5.2500e-015
6.500e+000	5.8038e-006	-1.7849e+014	-1.7813e+014	1.7813e+014	5.2500e-015
6.510e+000	5.8049e-006	-1.7885e+014	-1.7849e+014	1.7849e+014	5.2500e-015
6.520e+000	5.8061e-006	-1.7921e+014	-1.7885e+014	1.7885e+014	5.2500e-015
6.530e+000	5.8072e-006	-1.7958e+014	-1.7921e+014	1.7921e+014	5.2500e-015
6.540e+000	5.8083e-006	-1.7994e+014	-1.7958e+014	1.7958e+014	5.2500e-015
6.550e+000	5.8095e-006	-1.8030e+014	-1.7994e+014	1.7994e+014	5.2500e-015
6.560e+000	5.8106e-006	-1.8066e+014	-1.8030e+014	1.8030e+014	5.2500e-015
6.570e+000	5.8117e-006	-1.8103e+014	-1.8066e+014	1.8066e+014	5.2500e-015
6.580e+000	5.8128e-006	-1.8139e+014	-1.8103e+014	1.8103e+014	5.2500e-015
6.590e+000	5.8139e-006	-1.8175e+014	-1.8139e+014	1.8139e+014	5.2500e-015
6.600e+000	5.8151e-006	-1.8212e+014	-1.8175e+014	1.8175e+014	5.2500e-015
6.610e+000	5.8162e-006	-1.8248e+014	-1.8212e+014	1.8212e+014	5.2500e-015
6.620e+000	5.8173e-006	-1.8284e+014	-1.8248e+014	1.8248e+014	5.2500e-015
6.630e+000	5.8184e-006	-1.8321e+014	-1.8284e+014	1.8284e+014	5.2500e-015
6.640e+000	5.8195e-006	-1.8357e+014	-1.8321e+014	1.8321e+014	5.2500e-015
6.650e+000	5.8206e-006	-1.8393e+014	-1.8357e+014	1.8357e+014	5.2500e-015
6.660e+000	5.8217e-006	-1.8430e+014	-1.8393e+014	1.8393e+014	5.2500e-015
6.670e+000	5.8228e-006	-1.8466e+014	-1.8430e+014	1.8430e+014	5.2500e-015
6.680e+000	5.8239e-006	-1.8502e+014	-1.8466e+014	1.8466e+014	5.2500e-015
6.690e+000	5.8250e-006	-1.8539e+014	-1.8502e+014	1.8502e+014	5.2500e-015
6.700e+000	5.8261e-006	-1.8575e+014	-1.8539e+014	1.8539e+014	5.2500e-015
6.710e+000	5.8272e-006	-1.8611e+014	-1.8575e+014	1.8575e+014	5.2500e-015
6.720e+000	5.8283e-006	-1.8648e+014	-1.8611e+014	1.8611e+014	5.2500e-015
6.730e+000	5.8293e-006	-1.8684e+014	-1.8648e+014	1.8648e+014	5.2500e-015
6.740e+000	5.8304e-006	-1.8720e+014	-1.8684e+014	1.8684e+014	5.2500e-015
6.750e+000	5.8315e-006	-1.8757e+014	-1.8720e+014	1.8720e+014	5.2500e-015
6.760e+000	5.8326e-006	-1.8793e+014	-1.8757e+014	1.8757e+014	5.2500e-015
6.770e+000	5.8337e-006	-1.8830e+014	-1.8793e+014	1.8793e+014	5.2500e-015
6.780e+000	5.8347e-006	-1.8866e+014	-1.8830e+014	1.8830e+014	5.2500e-015
6.790e+000	5.8358e-006	-1.8903e+014	-1.8866e+014	1.8866e+014	5.2500e-015
6.800e+000	5.8369e-006	-1.8939e+014	-1.8903e+014	1.8903e+014	5.2500e-015
6.810e+000	5.8379e-006	-1.8975e+014	-1.8939e+014	1.8939e+014	5.2500e-015
6.820e+000	5.8390e-006	-1.9012e+014	-1.8975e+014	1.8975e+014	5.2500e-015
6.830e+000	5.8401e-006	-1.9048e+014	-1.9012e+014	1.9012e+014	5.2500e-015
6.840e+000	5.8411e-006	-1.9085e+014	-1.9048e+014	1.9048e+014	5.2500e-015
6.850e+000	5.8422e-006	-1.9121e+014	-1.9085e+014	1.9085e+014	5.2500e-015
6.860e+000	5.8432e-006	-1.9158e+014	-1.9121e+014	1.9121e+014	5.2500e-015
6.870e+000	5.8443e-006	-1.9194e+014	-1.9158e+014	1.9158e+014	5.2500e-015
6.880e+000	5.8453e-006	-1.9231e+014	-1.9194e+014	1.9194e+014	5.2500e-015
6.890e+000	5.8464e-006	-1.9267e+014	-1.9231e+014	1.9231e+014	5.2500e-015
6.900e+000	5.8474e-006	-1.9304e+014	-1.9267e+014	1.9267e+014	5.2500e-015
6.910e+000	5.8485e-006	-1.9340e+014	-1.9304e+014	1.9304e+014	5.2500e-015
6.920e+000	5.8495e-006	-1.9377e+014	-1.9340e+014	1.9340e+014	5.2500e-015
6.930e+000	5.8506e-006	-1.9413e+014	-1.9377e+014	1.9377e+014	5.2500e-015
6.940e+000	5.8516e-006	-1.9450e+014	-1.9413e+014	1.9413e+014	5.2500e-015
6.950e+000	5.8527e-006	-1.9486e+014	-1.9450e+014	1.9450e+014	5.2500e-015
6.960e+000	5.8537e-006	-1.9523e+014	-1.9486e+014	1.9486e+014	5.2500e-015
6.970e+000	5.8547e-006	-1.9559e+014	-1.9523e+014	1.9523e+014	5.2500e-015
6.980e+000	5.8557e-006	-1.9596e+014	-1.9559e+014	1.9559e+014	5.2500e-015
6.990e+000	5.8568e-006	-1.9632e+014	-1.9596e+014	1.9596e+014	5.2500e-015
7.000e+000	5.8578e-006	-1.9669e+014	-1.9632e+014	1.9632e+014	5.2500e-015
