V	C (Fcm-2)	Initcharge (cm-2)	Finalcharge (cm-2)	ns Total (cm-2)	ps Total (cm-2)
-9.000e+000	4.8065e-017	-9.3457e+000	-6.3457e+000	6.3476e+000	5.2500e-015
-8.990e+000	4.8065e-017	-9.3457e+000	-6.3457e+000	6.3476e+000	5.2500e-015
-8.980e+000	4.8065e-017	-9.3457e+000	-6.3457e+000	6.3476e+000	5.2500e-015
-8.970e+000	4.8065e-017	-9.3457e+000	-6.3457e+000	6.3476e+000	5.2500e-015
-8.960e+000	4.8065e-017	-9.3457e+000	-6.3457e+000	6.3476e+000	5.2500e-015
-8.950e+000	4.8065e-017	-9.3457e+000	-6.3457e+000	6.3476e+000	5.2500e-015
-8.940e+000	4.8065e-017	-9.3457e+000	-6.3457e+000	6.3476e+000	5.2500e-015
-8.930e+000	4.8065e-017	-9.3457e+000	-6.3457e+000	6.3476e+000	5.2500e-015
-8.920e+000	4.8065e-017	-9.3457e+000	-6.3457e+000	6.3476e+000	5.2500e-015
-8.910e+000	4.8065e-017	-9.3457e+000	-6.3457e+000	6.3476e+000	5.2500e-015
-8.900e+000	4.8065e-017	-9.3457e+000	-6.3457e+000	6.3476e+000	5.2500e-015
-8.890e+000	4.8065e-017	-9.3457e+000	-6.3457e+000	6.3476e+000	5.2500e-015
-8.880e+000	4.8065e-017	-9.3457e+000	-6.3457e+000	6.3476e+000	5.2500e-015
-8.870e+000	4.8065e-017	-9.3457e+000	-6.3457e+000	6.3476e+000	5.2500e-015
-8.860e+000	4.8065e-017	-9.3457e+000	-6.3457e+000	6.3476e+000	5.2500e-015
-8.850e+000	4.8065e-017	-9.3457e+000	-6.3457e+000	6.3476e+000	5.2500e-015
-8.840e+000	4.8065e-017	-9.3457e+000	-6.3457e+000	6.3476e+000	5.2500e-015
-8.830e+000	4.8065e-017	-9.3457e+000	-6.3457e+000	6.3476e+000	5.2500e-015
-8.820e+000	4.8065e-017	-9.3457e+000	-6.3457e+000	6.3476e+000	5.2500e-015
-8.810e+000	4.8065e-017	-9.3457e+000	-6.3457e+000	6.3476e+000	5.2500e-015
-8.800e+000	4.8065e-017	-9.3457e+000	-6.3457e+000	6.3476e+000	5.2500e-015
-8.790e+000	4.8065e-017	-9.3457e+000	-6.3457e+000	6.3476e+000	5.2500e-015
-8.780e+000	4.8065e-017	-9.3457e+000	-6.3457e+000	6.3476e+000	5.2500e-015
-8.770e+000	4.8065e-017	-9.3457e+000	-6.3457e+000	6.3476e+000	5.2500e-015
-8.760e+000	4.8065e-017	-9.3457e+000	-6.3457e+000	6.3476e+000	5.2500e-015
-8.750e+000	4.8065e-017	-9.3457e+000	-6.3457e+000	6.3476e+000	5.2500e-015
-8.740e+000	4.8065e-017	-9.3457e+000	-6.3457e+000	6.3476e+000	5.2500e-015
-8.730e+000	4.8065e-017	-9.3457e+000	-6.3457e+000	6.3476e+000	5.2500e-015
-8.720e+000	4.8065e-017	-9.3457e+000	-6.3457e+000	6.3476e+000	5.2500e-015
-8.710e+000	4.8065e-017	-9.3457e+000	-6.3457e+000	6.3476e+000	5.2500e-015
-8.700e+000	4.8065e-017	-9.3457e+000	-6.3457e+000	6.3476e+000	5.2500e-015
-8.690e+000	4.8065e-017	-9.3457e+000	-6.3457e+000	6.3476e+000	5.2500e-015
-8.680e+000	4.8065e-017	-9.3457e+000	-6.3457e+000	6.3476e+000	5.2500e-015
-8.670e+000	4.8065e-017	-9.3457e+000	-6.3457e+000	6.3476e+000	5.2500e-015
-8.660e+000	4.8065e-017	-9.3457e+000	-6.3457e+000	6.3476e+000	5.2500e-015
-8.650e+000	4.8065e-017	-9.3457e+000	-6.3457e+000	6.3476e+000	5.2500e-015
-8.640e+000	4.8065e-017	-9.3457e+000	-6.3457e+000	6.3476e+000	5.2500e-015
-8.630e+000	4.8065e-017	-9.3457e+000	-6.3457e+000	6.3476e+000	5.2500e-015
-8.620e+000	4.8065e-017	-9.3457e+000	-6.3457e+000	6.3476e+000	5.2500e-015
-8.610e+000	4.8065e-017	-9.3457e+000	-6.3457e+000	6.3476e+000	5.2500e-015
-8.600e+000	4.8065e-017	-9.3457e+000	-6.3457e+000	6.3476e+000	5.2500e-015
-8.590e+000	4.8065e-017	-9.3457e+000	-6.3457e+000	6.3476e+000	5.2500e-015
-8.580e+000	4.8065e-017	-9.3457e+000	-6.3457e+000	6.3476e+000	5.2500e-015
-8.570e+000	4.8065e-017	-9.3457e+000	-6.3457e+000	6.3476e+000	5.2500e-015
-8.560e+000	4.8065e-017	-9.3457e+000	-6.3457e+000	6.3476e+000	5.2500e-015
-8.550e+000	4.8065e-017	-9.3457e+000	-6.3457e+000	6.3476e+000	5.2500e-015
-8.540e+000	4.8065e-017	-9.3457e+000	-6.3457e+000	6.3476e+000	5.2500e-015
-8.530e+000	4.8065e-017	-9.3457e+000	-6.3457e+000	6.3476e+000	5.2500e-015
-8.520e+000	4.8065e-017	-9.3457e+000	-6.3457e+000	6.3476e+000	5.2500e-015
-8.510e+000	4.8065e-017	-9.3457e+000	-6.3457e+000	6.3476e+000	5.2500e-015
-8.500e+000	4.8065e-017	-9.3457e+000	-6.3457e+000	6.3476e+000	5.2500e-015
-8.490e+000	4.8065e-017	-9.3457e+000	-6.3457e+000	6.3476e+000	5.2500e-015
-8.480e+000	4.8065e-017	-9.3457e+000	-6.3457e+000	6.3476e+000	5.2500e-015
-8.470e+000	4.8065e-017	-9.3457e+000	-6.3457e+000	6.3476e+000	5.2500e-015
-8.460e+000	4.8065e-017	-9.3457e+000	-6.3457e+000	6.3476e+000	5.2500e-015
-8.450e+000	4.8065e-017	-9.3457e+000	-6.3457e+000	6.3476e+000	5.2500e-015
-8.440e+000	4.8065e-017	-9.3457e+000	-6.3457e+000	6.3476e+000	5.2500e-015
-8.430e+000	4.8065e-017	-9.3457e+000	-6.3457e+000	6.3476e+000	5.2500e-015
-8.420e+000	4.8065e-017	-9.3457e+000	-6.3457e+000	6.3476e+000	5.2500e-015
-8.410e+000	4.8065e-017	-9.3457e+000	-6.3457e+000	6.3476e+000	5.2500e-015
-8.400e+000	4.8065e-017	-9.3457e+000	-6.3457e+000	6.3476e+000	5.2500e-015
-8.390e+000	4.8065e-017	-9.3457e+000	-6.3457e+000	6.3476e+000	5.2500e-015
-8.380e+000	4.8065e-017	-9.3457e+000	-6.3457e+000	6.3476e+000	5.2500e-015
-8.370e+000	4.8065e-017	-9.3457e+000	-6.3457e+000	6.3476e+000	5.2500e-015
-8.360e+000	4.8065e-017	-9.3457e+000	-6.3457e+000	6.3476e+000	5.2500e-015
-8.350e+000	4.8065e-017	-9.3457e+000	-6.3457e+000	6.3476e+000	5.2500e-015
-8.340e+000	4.8065e-017	-9.3457e+000	-6.3457e+000	6.3476e+000	5.2500e-015
-8.330e+000	4.8065e-017	-9.3457e+000	-6.3457e+000	6.3476e+000	5.2500e-015
-8.320e+000	4.8065e-017	-9.3457e+000	-6.3457e+000	6.3476e+000	5.2500e-015
-8.310e+000	4.8065e-017	-9.3457e+000	-6.3457e+000	6.3476e+000	5.2500e-015
-8.300e+000	4.8065e-017	-9.3457e+000	-6.3457e+000	6.3476e+000	5.2500e-015
-8.290e+000	4.8065e-017	-9.3457e+000	-6.3457e+000	6.3476e+000	5.2500e-015
-8.280e+000	4.8065e-017	-9.3457e+000	-6.3457e+000	6.3476e+000	5.2500e-015
-8.270e+000	4.8065e-017	-9.3457e+000	-6.3457e+000	6.3476e+000	5.2500e-015
-8.260e+000	4.8065e-017	-9.3457e+000	-6.3457e+000	6.3476e+000	5.2500e-015
-8.250e+000	4.8065e-017	-9.3457e+000	-6.3457e+000	6.3476e+000	5.2500e-015
-8.240e+000	4.8065e-017	-9.3457e+000	-6.3457e+000	6.3476e+000	5.2500e-015
-8.230e+000	4.8065e-017	-9.3457e+000	-6.3457e+000	6.3476e+000	5.2500e-015
-8.220e+000	4.8065e-017	-9.3457e+000	-6.3457e+000	6.3476e+000	5.2500e-015
-8.210e+000	4.8065e-017	-9.3457e+000	-6.3457e+000	6.3476e+000	5.2500e-015
-8.200e+000	4.8065e-017	-9.3457e+000	-6.3457e+000	6.3476e+000	5.2500e-015
-8.190e+000	4.8065e-017	-9.3457e+000	-6.3457e+000	6.3476e+000	5.2500e-015
-8.180e+000	4.8065e-017	-9.3457e+000	-6.3457e+000	6.3476e+000	5.2500e-015
-8.170e+000	4.8065e-017	-9.3457e+000	-6.3457e+000	6.3476e+000	5.2500e-015
-8.160e+000	4.8065e-017	-9.3457e+000	-6.3457e+000	6.3476e+000	5.2500e-015
-8.150e+000	4.8065e-017	-9.3457e+000	-6.3457e+000	6.3476e+000	5.2500e-015
-8.140e+000	4.8065e-017	-9.3457e+000	-6.3457e+000	6.3476e+000	5.2500e-015
-8.130e+000	4.8065e-017	-9.3457e+000	-6.3457e+000	6.3476e+000	5.2500e-015
-8.120e+000	4.8065e-017	-9.3457e+000	-6.3457e+000	6.3476e+000	5.2500e-015
-8.110e+000	4.8065e-017	-9.3457e+000	-6.3457e+000	6.3476e+000	5.2500e-015
-8.100e+000	4.8065e-017	-9.3457e+000	-6.3457e+000	6.3476e+000	5.2500e-015
-8.090e+000	4.8065e-017	-9.3457e+000	-6.3457e+000	6.3476e+000	5.2500e-015
-8.080e+000	4.8065e-017	-9.3457e+000	-6.3457e+000	6.3476e+000	5.2500e-015
-8.070e+000	4.8065e-017	-9.3457e+000	-6.3457e+000	6.3476e+000	5.2500e-015
-8.060e+000	4.8065e-017	-9.3457e+000	-6.3457e+000	6.3476e+000	5.2500e-015
-8.050e+000	4.8065e-017	-9.3457e+000	-6.3457e+000	6.3476e+000	5.2500e-015
-8.040e+000	4.8065e-017	-9.3457e+000	-6.3457e+000	6.3476e+000	5.2500e-015
-8.030e+000	4.8065e-017	-9.3457e+000	-6.3457e+000	6.3476e+000	5.2500e-015
-8.020e+000	4.8065e-017	-9.3457e+000	-6.3457e+000	6.3476e+000	5.2500e-015
-8.010e+000	4.8065e-017	-9.3457e+000	-6.3457e+000	6.3476e+000	5.2500e-015
-8.000e+000	4.8065e-017	-9.3457e+000	-6.3457e+000	6.3476e+000	5.2500e-015
-7.990e+000	4.8065e-017	-9.3457e+000	-6.3457e+000	6.3476e+000	5.2500e-015
-7.980e+000	4.8065e-017	-9.3457e+000	-6.3457e+000	6.3476e+000	5.2500e-015
-7.970e+000	4.8065e-017	-9.3457e+000	-6.3457e+000	6.3476e+000	5.2500e-015
-7.960e+000	4.8065e-017	-9.3457e+000	-6.3457e+000	6.3476e+000	5.2500e-015
-7.950e+000	4.8065e-017	-9.3457e+000	-6.3457e+000	6.3476e+000	5.2500e-015
-7.940e+000	4.8065e-017	-9.3457e+000	-6.3457e+000	6.3476e+000	5.2500e-015
-7.930e+000	4.8066e-017	-9.3457e+000	-6.3457e+000	6.3476e+000	5.2500e-015
-7.920e+000	4.8066e-017	-9.3457e+000	-6.3457e+000	6.3476e+000	5.2500e-015
-7.910e+000	4.8066e-017	-9.3458e+000	-6.3457e+000	6.3476e+000	5.2500e-015
-7.900e+000	4.8066e-017	-9.3458e+000	-6.3458e+000	6.3476e+000	5.2500e-015
-7.890e+000	4.8066e-017	-9.3458e+000	-6.3458e+000	6.3477e+000	5.2500e-015
-7.880e+000	4.8066e-017	-9.3459e+000	-6.3458e+000	6.3477e+000	5.2500e-015
-7.870e+000	4.8067e-017	-9.3460e+000	-6.3459e+000	6.3478e+000	5.2500e-015
-7.860e+000	4.8068e-017	-9.3461e+000	-6.3460e+000	6.3479e+000	5.2500e-015
-7.850e+000	4.8069e-017	-9.3463e+000	-6.3461e+000	6.3480e+000	5.2500e-015
-7.840e+000	4.8070e-017	-9.3466e+000	-6.3463e+000	6.3482e+000	5.2500e-015
-7.830e+000	4.8072e-017	-9.3471e+000	-6.3466e+000	6.3485e+000	5.2500e-015
-7.820e+000	4.8076e-017	-9.3477e+000	-6.3471e+000	6.3489e+000	5.2500e-015
-7.810e+000	4.8081e-017	-9.3487e+000	-6.3477e+000	6.3496e+000	5.2500e-015
-7.800e+000	4.8088e-017	-9.3501e+000	-6.3487e+000	6.3505e+000	5.2500e-015
-7.790e+000	4.8098e-017	-9.3521e+000	-6.3501e+000	6.3519e+000	5.2500e-015
-7.780e+000	4.8114e-017	-9.3551e+000	-6.3521e+000	6.3540e+000	5.2500e-015
-7.770e+000	4.8137e-017	-9.3596e+000	-6.3551e+000	6.3570e+000	5.2500e-015
-7.760e+000	4.8170e-017	-9.3661e+000	-6.3596e+000	6.3615e+000	5.2500e-015
-7.750e+000	4.8220e-017	-9.3758e+000	-6.3661e+000	6.3680e+000	5.2500e-015
-7.740e+000	4.8293e-017	-9.3900e+000	-6.3758e+000	6.3777e+000	5.2500e-015
-7.730e+000	4.8401e-017	-9.4109e+000	-6.3900e+000	6.3919e+000	5.2500e-015
-7.720e+000	4.8559e-017	-9.4417e+000	-6.4109e+000	6.4128e+000	5.2500e-015
-7.710e+000	4.8792e-017	-9.4871e+000	-6.4417e+000	6.4436e+000	5.2500e-015
-7.700e+000	4.9135e-017	-9.5539e+000	-6.4871e+000	6.4890e+000	5.2500e-015
-7.690e+000	4.9641e-017	-9.6522e+000	-6.5539e+000	6.5558e+000	5.2500e-015
-7.680e+000	5.0416e-017	-9.7989e+000	-6.6522e+000	6.6541e+000	5.2500e-015
-7.670e+000	5.1480e-017	-1.0012e+001	-6.7989e+000	6.7988e+000	5.2500e-015
-7.660e+000	5.3093e-017	-1.0326e+001	-7.0121e+000	7.0120e+000	5.2500e-015
-7.650e+000	5.5499e-017	-1.0790e+001	-7.3258e+000	7.3258e+000	5.2500e-015
-7.640e+000	5.9010e-017	-1.1473e+001	-7.7898e+000	7.7878e+000	5.2500e-015
-7.630e+000	6.4141e-017	-1.2476e+001	-8.4729e+000	8.4679e+000	5.2500e-015
-7.620e+000	7.1781e-017	-1.3956e+001	-9.4763e+000	9.4693e+000	5.2500e-015
-7.610e+000	8.2907e-017	-1.6131e+001	-1.0956e+001	1.0944e+001	5.2500e-015
-7.600e+000	9.9442e-017	-1.9338e+001	-1.3131e+001	1.3114e+001	5.2500e-015
-7.590e+000	1.2369e-016	-2.4058e+001	-1.6338e+001	1.6310e+001	5.2500e-015
-7.580e+000	1.5935e-016	-3.1004e+001	-2.1058e+001	2.1016e+001	5.2500e-015
-7.570e+000	2.1199e-016	-4.1235e+001	-2.8004e+001	2.7943e+001	5.2500e-015
-7.560e+000	2.8936e-016	-5.6296e+001	-3.8235e+001	3.8142e+001	5.2500e-015
-7.550e+000	4.0336e-016	-7.8471e+001	-5.3296e+001	5.3159e+001	5.2500e-015
-7.540e+000	5.7112e-016	-1.1112e+002	-7.5471e+001	7.5267e+001	5.2500e-015
-7.530e+000	8.1822e-016	-1.5919e+002	-1.0812e+002	1.0782e+002	5.2500e-015
-7.520e+000	1.1819e-015	-2.2995e+002	-1.5619e+002	1.5574e+002	5.2500e-015
-7.510e+000	1.7174e-015	-3.3414e+002	-2.2695e+002	2.2630e+002	5.2500e-015
-7.500e+000	2.5058e-015	-4.8754e+002	-3.3114e+002	3.3017e+002	5.2500e-015
-7.490e+000	3.6666e-015	-7.1339e+002	-4.8454e+002	4.8311e+002	5.2500e-015
-7.480e+000	5.3755e-015	-1.0459e+003	-7.1039e+002	7.0828e+002	5.2500e-015
-7.470e+000	7.8916e-015	-1.5355e+003	-1.0429e+003	1.0398e+003	5.2500e-015
-7.460e+000	1.1596e-014	-2.2562e+003	-1.5325e+003	1.5279e+003	5.2500e-015
-7.450e+000	1.7050e-014	-3.3174e+003	-2.2532e+003	2.2465e+003	5.2500e-015
-7.440e+000	2.5080e-014	-4.8797e+003	-3.3144e+003	3.3045e+003	5.2500e-015
-7.430e+000	3.6902e-014	-7.1800e+003	-4.8767e+003	4.8622e+003	5.2500e-015
-7.420e+000	5.4307e-014	-1.0567e+004	-7.1770e+003	7.1555e+003	5.2500e-015
-7.410e+000	7.9933e-014	-1.5553e+004	-1.0564e+004	1.0532e+004	5.2500e-015
-7.400e+000	1.1766e-013	-2.2893e+004	-1.5550e+004	1.5503e+004	5.2500e-015
-7.390e+000	1.7321e-013	-3.3701e+004	-2.2890e+004	2.2822e+004	5.2500e-015
-7.380e+000	2.5499e-013	-4.9613e+004	-3.3698e+004	3.3597e+004	5.2500e-015
-7.370e+000	3.7539e-013	-7.3040e+004	-4.9610e+004	4.9462e+004	5.2500e-015
-7.360e+000	5.5266e-013	-1.0753e+005	-7.3037e+004	7.2819e+004	5.2500e-015
-7.350e+000	8.1364e-013	-1.5831e+005	-1.0753e+005	1.0721e+005	5.2500e-015
-7.340e+000	1.1979e-012	-2.3307e+005	-1.5831e+005	1.5783e+005	5.2500e-015
-7.330e+000	1.7635e-012	-3.4314e+005	-2.3307e+005	2.3237e+005	5.2500e-015
-7.320e+000	2.5963e-012	-5.0519e+005	-3.4314e+005	3.4211e+005	5.2500e-015
-7.310e+000	3.8223e-012	-7.4375e+005	-5.0518e+005	5.0367e+005	5.2500e-015
-7.300e+000	5.6270e-012	-1.0950e+006	-7.4375e+005	7.4152e+005	5.2500e-015
-7.290e+000	8.2835e-012	-1.6120e+006	-1.0950e+006	1.0917e+006	5.2500e-015
-7.280e+000	1.2193e-011	-2.3730e+006	-1.6120e+006	1.6071e+006	5.2500e-015
-7.270e+000	1.7947e-011	-3.4932e+006	-2.3730e+006	2.3659e+006	5.2500e-015
-7.260e+000	2.6413e-011	-5.1418e+006	-3.4932e+006	3.4827e+006	5.2500e-015
-7.250e+000	3.8866e-011	-7.5676e+006	-5.1418e+006	5.1264e+006	5.2500e-015
-7.240e+000	5.7173e-011	-1.1136e+007	-7.5676e+006	7.5449e+006	5.2500e-015
-7.230e+000	8.4069e-011	-1.6383e+007	-1.1136e+007	1.1103e+007	5.2500e-015
-7.220e+000	1.2355e-010	-2.4094e+007	-1.6383e+007	1.6334e+007	5.2500e-015
-7.210e+000	1.8141e-010	-3.5417e+007	-2.4094e+007	2.4022e+007	5.2500e-015
-7.200e+000	2.6603e-010	-5.2021e+007	-3.5417e+007	3.5311e+007	5.2500e-015
-7.190e+000	3.8942e-010	-7.6327e+007	-5.2021e+007	5.1866e+007	5.2500e-015
-7.180e+000	5.6855e-010	-1.1181e+008	-7.6327e+007	7.6100e+007	5.2500e-015
-7.170e+000	8.2696e-010	-1.6343e+008	-1.1181e+008	1.1148e+008	5.2500e-015
-7.160e+000	1.1964e-009	-2.3810e+008	-1.6343e+008	1.6294e+008	5.2500e-015
-7.150e+000	1.7183e-009	-3.4535e+008	-2.3810e+008	2.3740e+008	5.2500e-015
-7.140e+000	2.4431e-009	-4.9783e+008	-3.4535e+008	3.4434e+008	5.2500e-015
-7.130e+000	3.4282e-009	-7.1180e+008	-4.9783e+008	4.9639e+008	5.2500e-015
-7.120e+000	4.7313e-009	-1.0071e+009	-7.1180e+008	7.0976e+008	5.2500e-015
-7.110e+000	6.4014e-009	-1.4066e+009	-1.0071e+009	1.0043e+009	5.2500e-015
-7.100e+000	8.4695e-009	-1.9353e+009	-1.4066e+009	1.4028e+009	5.2500e-015
-7.090e+000	1.0945e-008	-2.6184e+009	-1.9353e+009	1.9301e+009	5.2500e-015
-7.080e+000	1.3820e-008	-3.4810e+009	-2.6184e+009	2.6117e+009	5.2500e-015
-7.070e+000	1.7085e-008	-4.5473e+009	-3.4810e+009	3.4725e+009	5.2500e-015
-7.060e+000	2.0735e-008	-5.8415e+009	-4.5473e+009	4.5368e+009	5.2500e-015
-7.050e+000	2.4784e-008	-7.3884e+009	-5.8415e+009	5.8288e+009	5.2500e-015
-7.040e+000	2.9262e-008	-9.2148e+009	-7.3884e+009	7.3735e+009	5.2500e-015
-7.030e+000	3.4205e-008	-1.1350e+010	-9.2148e+009	9.1977e+009	5.2500e-015
-7.020e+000	3.9655e-008	-1.3825e+010	-1.1350e+010	1.1330e+010	5.2500e-015
-7.010e+000	4.5641e-008	-1.6673e+010	-1.3825e+010	1.3803e+010	5.2500e-015
-7.000e+000	5.2179e-008	-1.9930e+010	-1.6673e+010	1.6650e+010	5.2500e-015
-6.990e+000	5.9263e-008	-2.3629e+010	-1.9930e+010	1.9905e+010	5.2500e-015
-6.980e+000	6.6864e-008	-2.7802e+010	-2.3629e+010	2.3602e+010	5.2500e-015
-6.970e+000	7.4926e-008	-3.2479e+010	-2.7802e+010	2.7774e+010	5.2500e-015
-6.960e+000	8.3377e-008	-3.7683e+010	-3.2479e+010	3.2449e+010	5.2500e-015
-6.950e+000	9.2124e-008	-4.3433e+010	-3.7683e+010	3.7652e+010	5.2500e-015
-6.940e+000	1.0107e-007	-4.9741e+010	-4.3433e+010	4.3401e+010	5.2500e-015
-6.930e+000	1.1010e-007	-5.6613e+010	-4.9741e+010	4.9708e+010	5.2500e-015
-6.920e+000	1.1912e-007	-6.4047e+010	-5.6613e+010	5.6579e+010	5.2500e-015
-6.910e+000	1.2804e-007	-7.2039e+010	-6.4047e+010	6.4013e+010	5.2500e-015
-6.900e+000	1.3677e-007	-8.0575e+010	-7.2039e+010	7.2004e+010	5.2500e-015
-6.890e+000	1.4525e-007	-8.9641e+010	-8.0575e+010	8.0540e+010	5.2500e-015
-6.880e+000	1.5342e-007	-9.9217e+010	-8.9641e+010	8.9605e+010	5.2500e-015
-6.870e+000	1.6105e-007	-1.0927e+011	-9.9217e+010	9.9181e+010	5.2500e-015
-6.860e+000	1.6822e-007	-1.1977e+011	-1.0927e+011	1.0923e+011	5.2500e-015
-6.850e+000	1.7522e-007	-1.3070e+011	-1.1977e+011	1.1973e+011	5.2500e-015
-6.840e+000	1.8185e-007	-1.4205e+011	-1.3070e+011	1.3067e+011	5.2500e-015
-6.830e+000	1.8821e-007	-1.5380e+011	-1.4205e+011	1.4202e+011	5.2500e-015
-6.820e+000	1.9407e-007	-1.6591e+011	-1.5380e+011	1.5376e+011	5.2500e-015
-6.810e+000	1.9947e-007	-1.7836e+011	-1.6591e+011	1.6588e+011	5.2500e-015
-6.800e+000	2.0473e-007	-1.9114e+011	-1.7836e+011	1.7833e+011	5.2500e-015
-6.790e+000	2.0956e-007	-2.0422e+011	-1.9114e+011	1.9110e+011	5.2500e-015
-6.780e+000	2.1414e-007	-2.1759e+011	-2.0422e+011	2.0418e+011	5.2500e-015
-6.770e+000	2.1830e-007	-2.3121e+011	-2.1759e+011	2.1755e+011	5.2500e-015
-6.760e+000	2.2226e-007	-2.4509e+011	-2.3121e+011	2.3117e+011	5.2500e-015
-6.750e+000	2.2601e-007	-2.5919e+011	-2.4509e+011	2.4505e+011	5.2500e-015
-6.740e+000	2.2942e-007	-2.7351e+011	-2.5919e+011	2.5915e+011	5.2500e-015
-6.730e+000	2.3271e-007	-2.8803e+011	-2.7351e+011	2.7347e+011	5.2500e-015
-6.720e+000	2.3570e-007	-3.0275e+011	-2.8803e+011	2.8800e+011	5.2500e-015
-6.710e+000	2.3859e-007	-3.1764e+011	-3.0275e+011	3.0271e+011	5.2500e-015
-6.700e+000	2.4123e-007	-3.3269e+011	-3.1764e+011	3.1760e+011	5.2500e-015
-6.690e+000	2.4377e-007	-3.4791e+011	-3.3269e+011	3.3266e+011	5.2500e-015
-6.680e+000	2.4612e-007	-3.6327e+011	-3.4791e+011	3.4787e+011	5.2500e-015
-6.670e+000	2.4831e-007	-3.7877e+011	-3.6327e+011	3.6323e+011	5.2500e-015
-6.660e+000	2.5043e-007	-3.9440e+011	-3.7877e+011	3.7873e+011	5.2500e-015
-6.650e+000	2.5239e-007	-4.1015e+011	-3.9440e+011	3.9436e+011	5.2500e-015
-6.640e+000	2.5422e-007	-4.2602e+011	-4.1015e+011	4.1011e+011	5.2500e-015
-6.630e+000	2.5600e-007	-4.4200e+011	-4.2602e+011	4.2598e+011	5.2500e-015
-6.620e+000	2.5765e-007	-4.5808e+011	-4.4200e+011	4.4196e+011	5.2500e-015
-6.610e+000	2.5921e-007	-4.7426e+011	-4.5808e+011	4.5804e+011	5.2500e-015
-6.600e+000	2.6067e-007	-4.9053e+011	-4.7426e+011	4.7422e+011	5.2500e-015
-6.590e+000	2.6209e-007	-5.0689e+011	-4.9053e+011	4.9049e+011	5.2500e-015
-6.580e+000	2.6341e-007	-5.2333e+011	-5.0689e+011	5.0685e+011	5.2500e-015
-6.570e+000	2.6467e-007	-5.3985e+011	-5.2333e+011	5.2329e+011	5.2500e-015
-6.560e+000	2.6587e-007	-5.5644e+011	-5.3985e+011	5.3981e+011	5.2500e-015
-6.550e+000	2.6700e-007	-5.7311e+011	-5.5644e+011	5.5640e+011	5.2500e-015
-6.540e+000	2.6807e-007	-5.8984e+011	-5.7311e+011	5.7307e+011	5.2500e-015
-6.530e+000	2.6911e-007	-6.0663e+011	-5.8984e+011	5.8980e+011	5.2500e-015
-6.520e+000	2.7009e-007	-6.2349e+011	-6.0663e+011	6.0659e+011	5.2500e-015
-6.510e+000	2.7102e-007	-6.4041e+011	-6.2349e+011	6.2345e+011	5.2500e-015
-6.500e+000	2.7191e-007	-6.5738e+011	-6.4041e+011	6.4037e+011	5.2500e-015
-6.490e+000	2.7276e-007	-6.7440e+011	-6.5738e+011	6.5734e+011	5.2500e-015
-6.480e+000	2.7357e-007	-6.9148e+011	-6.7440e+011	6.7436e+011	5.2500e-015
-6.470e+000	2.7434e-007	-7.0860e+011	-6.9148e+011	6.9144e+011	5.2500e-015
-6.460e+000	2.7508e-007	-7.2577e+011	-7.0860e+011	7.0856e+011	5.2500e-015
-6.450e+000	2.7579e-007	-7.4298e+011	-7.2577e+011	7.2573e+011	5.2500e-015
-6.440e+000	2.7647e-007	-7.6024e+011	-7.4298e+011	7.4294e+011	5.2500e-015
-6.430e+000	2.7712e-007	-7.7753e+011	-7.6024e+011	7.6020e+011	5.2500e-015
-6.420e+000	2.7775e-007	-7.9487e+011	-7.7753e+011	7.7750e+011	5.2500e-015
-6.410e+000	2.7835e-007	-8.1224e+011	-7.9487e+011	7.9483e+011	5.2500e-015
-6.400e+000	2.7892e-007	-8.2965e+011	-8.1224e+011	8.1220e+011	5.2500e-015
-6.390e+000	2.7947e-007	-8.4710e+011	-8.2965e+011	8.2961e+011	5.2500e-015
-6.380e+000	2.8000e-007	-8.6457e+011	-8.4710e+011	8.4706e+011	5.2500e-015
-6.370e+000	2.8051e-007	-8.8208e+011	-8.6457e+011	8.6453e+011	5.2500e-015
-6.360e+000	2.8100e-007	-8.9962e+011	-8.8208e+011	8.8204e+011	5.2500e-015
-6.350e+000	2.8148e-007	-9.1719e+011	-8.9962e+011	8.9958e+011	5.2500e-015
-6.340e+000	2.8193e-007	-9.3478e+011	-9.1719e+011	9.1715e+011	5.2500e-015
-6.330e+000	2.8236e-007	-9.5241e+011	-9.3478e+011	9.3474e+011	5.2500e-015
-6.320e+000	2.8279e-007	-9.7006e+011	-9.5241e+011	9.5237e+011	5.2500e-015
-6.310e+000	2.8320e-007	-9.8773e+011	-9.7006e+011	9.7002e+011	5.2500e-015
-6.300e+000	2.8360e-007	-1.0054e+012	-9.8773e+011	9.8769e+011	5.2500e-015
-6.290e+000	2.8398e-007	-1.0232e+012	-1.0054e+012	1.0054e+012	5.2500e-015
-6.280e+000	2.8434e-007	-1.0409e+012	-1.0232e+012	1.0231e+012	5.2500e-015
-6.270e+000	2.8470e-007	-1.0587e+012	-1.0409e+012	1.0409e+012	5.2500e-015
-6.260e+000	2.8504e-007	-1.0765e+012	-1.0587e+012	1.0586e+012	5.2500e-015
-6.250e+000	2.8537e-007	-1.0943e+012	-1.0765e+012	1.0764e+012	5.2500e-015
-6.240e+000	2.8570e-007	-1.1121e+012	-1.0943e+012	1.0942e+012	5.2500e-015
-6.230e+000	2.8601e-007	-1.1300e+012	-1.1121e+012	1.1121e+012	5.2500e-015
-6.220e+000	2.8631e-007	-1.1478e+012	-1.1300e+012	1.1299e+012	5.2500e-015
-6.210e+000	2.8660e-007	-1.1657e+012	-1.1478e+012	1.1478e+012	5.2500e-015
-6.200e+000	2.8688e-007	-1.1836e+012	-1.1657e+012	1.1657e+012	5.2500e-015
-6.190e+000	2.8716e-007	-1.2015e+012	-1.1836e+012	1.1836e+012	5.2500e-015
-6.180e+000	2.8743e-007	-1.2195e+012	-1.2015e+012	1.2015e+012	5.2500e-015
-6.170e+000	2.8768e-007	-1.2374e+012	-1.2195e+012	1.2194e+012	5.2500e-015
-6.160e+000	2.8794e-007	-1.2554e+012	-1.2374e+012	1.2374e+012	5.2500e-015
-6.150e+000	2.8818e-007	-1.2734e+012	-1.2554e+012	1.2554e+012	5.2500e-015
-6.140e+000	2.8841e-007	-1.2914e+012	-1.2734e+012	1.2734e+012	5.2500e-015
-6.130e+000	2.8865e-007	-1.3094e+012	-1.2914e+012	1.2914e+012	5.2500e-015
-6.120e+000	2.8887e-007	-1.3274e+012	-1.3094e+012	1.3094e+012	5.2500e-015
-6.110e+000	2.8909e-007	-1.3455e+012	-1.3274e+012	1.3274e+012	5.2500e-015
-6.100e+000	2.8930e-007	-1.3635e+012	-1.3455e+012	1.3455e+012	5.2500e-015
-6.090e+000	2.8951e-007	-1.3816e+012	-1.3635e+012	1.3635e+012	5.2500e-015
-6.080e+000	2.8971e-007	-1.3997e+012	-1.3816e+012	1.3816e+012	5.2500e-015
-6.070e+000	2.8990e-007	-1.4178e+012	-1.3997e+012	1.3997e+012	5.2500e-015
-6.060e+000	2.9009e-007	-1.4359e+012	-1.4178e+012	1.4178e+012	5.2500e-015
-6.050e+000	2.9028e-007	-1.4540e+012	-1.4359e+012	1.4359e+012	5.2500e-015
-6.040e+000	2.9046e-007	-1.4721e+012	-1.4540e+012	1.4540e+012	5.2500e-015
-6.030e+000	2.9064e-007	-1.4903e+012	-1.4721e+012	1.4721e+012	5.2500e-015
-6.020e+000	2.9081e-007	-1.5084e+012	-1.4903e+012	1.4902e+012	5.2500e-015
-6.010e+000	2.9098e-007	-1.5266e+012	-1.5084e+012	1.5084e+012	5.2500e-015
-6.000e+000	2.9114e-007	-1.5448e+012	-1.5266e+012	1.5266e+012	5.2500e-015
-5.990e+000	2.9130e-007	-1.5630e+012	-1.5448e+012	1.5447e+012	5.2500e-015
-5.980e+000	2.9146e-007	-1.5811e+012	-1.5630e+012	1.5629e+012	5.2500e-015
-5.970e+000	2.9161e-007	-1.5993e+012	-1.5811e+012	1.5811e+012	5.2500e-015
-5.960e+000	2.9176e-007	-1.6176e+012	-1.5993e+012	1.5993e+012	5.2500e-015
-5.950e+000	2.9191e-007	-1.6358e+012	-1.6176e+012	1.6175e+012	5.2500e-015
-5.940e+000	2.9205e-007	-1.6540e+012	-1.6358e+012	1.6357e+012	5.2500e-015
-5.930e+000	2.9219e-007	-1.6722e+012	-1.6540e+012	1.6540e+012	5.2500e-015
-5.920e+000	2.9233e-007	-1.6905e+012	-1.6722e+012	1.6722e+012	5.2500e-015
-5.910e+000	2.9246e-007	-1.7087e+012	-1.6905e+012	1.6904e+012	5.2500e-015
-5.900e+000	2.9259e-007	-1.7270e+012	-1.7087e+012	1.7087e+012	5.2500e-015
-5.890e+000	2.9272e-007	-1.7453e+012	-1.7270e+012	1.7270e+012	5.2500e-015
-5.880e+000	2.9284e-007	-1.7636e+012	-1.7453e+012	1.7452e+012	5.2500e-015
-5.870e+000	2.9297e-007	-1.7818e+012	-1.7636e+012	1.7635e+012	5.2500e-015
-5.860e+000	2.9309e-007	-1.8001e+012	-1.7818e+012	1.7818e+012	5.2500e-015
-5.850e+000	2.9320e-007	-1.8184e+012	-1.8001e+012	1.8001e+012	5.2500e-015
-5.840e+000	2.9332e-007	-1.8367e+012	-1.8184e+012	1.8184e+012	5.2500e-015
-5.830e+000	2.9343e-007	-1.8551e+012	-1.8367e+012	1.8367e+012	5.2500e-015
-5.820e+000	2.9354e-007	-1.8734e+012	-1.8551e+012	1.8550e+012	5.2500e-015
-5.810e+000	2.9365e-007	-1.8917e+012	-1.8734e+012	1.8733e+012	5.2500e-015
-5.800e+000	2.9376e-007	-1.9100e+012	-1.8917e+012	1.8917e+012	5.2500e-015
-5.790e+000	2.9386e-007	-1.9284e+012	-1.9100e+012	1.9100e+012	5.2500e-015
-5.780e+000	2.9396e-007	-1.9467e+012	-1.9284e+012	1.9283e+012	5.2500e-015
-5.770e+000	2.9407e-007	-1.9651e+012	-1.9467e+012	1.9467e+012	5.2500e-015
-5.760e+000	2.9416e-007	-1.9834e+012	-1.9651e+012	1.9650e+012	5.2500e-015
-5.750e+000	2.9426e-007	-2.0018e+012	-1.9834e+012	1.9834e+012	5.2500e-015
-5.740e+000	2.9436e-007	-2.0202e+012	-2.0018e+012	2.0018e+012	5.2500e-015
-5.730e+000	2.9445e-007	-2.0386e+012	-2.0202e+012	2.0201e+012	5.2500e-015
-5.720e+000	2.9454e-007	-2.0569e+012	-2.0386e+012	2.0385e+012	5.2500e-015
-5.710e+000	2.9463e-007	-2.0753e+012	-2.0569e+012	2.0569e+012	5.2500e-015
-5.700e+000	2.9472e-007	-2.0937e+012	-2.0753e+012	2.0753e+012	5.2500e-015
-5.690e+000	2.9481e-007	-2.1121e+012	-2.0937e+012	2.0937e+012	5.2500e-015
-5.680e+000	2.9489e-007	-2.1305e+012	-2.1121e+012	2.1121e+012	5.2500e-015
-5.670e+000	2.9498e-007	-2.1489e+012	-2.1305e+012	2.1305e+012	5.2500e-015
-5.660e+000	2.9506e-007	-2.1674e+012	-2.1489e+012	2.1489e+012	5.2500e-015
-5.650e+000	2.9514e-007	-2.1858e+012	-2.1674e+012	2.1673e+012	5.2500e-015
-5.640e+000	2.9522e-007	-2.2042e+012	-2.1858e+012	2.1857e+012	5.2500e-015
-5.630e+000	2.9530e-007	-2.2226e+012	-2.2042e+012	2.2042e+012	5.2500e-015
-5.620e+000	2.9538e-007	-2.2411e+012	-2.2226e+012	2.2226e+012	5.2500e-015
-5.610e+000	2.9545e-007	-2.2595e+012	-2.2411e+012	2.2410e+012	5.2500e-015
-5.600e+000	2.9553e-007	-2.2780e+012	-2.2595e+012	2.2595e+012	5.2500e-015
-5.590e+000	2.9560e-007	-2.2964e+012	-2.2780e+012	2.2779e+012	5.2500e-015
-5.580e+000	2.9568e-007	-2.3149e+012	-2.2964e+012	2.2964e+012	5.2500e-015
-5.570e+000	2.9575e-007	-2.3333e+012	-2.3149e+012	2.3148e+012	5.2500e-015
-5.560e+000	2.9582e-007	-2.3518e+012	-2.3333e+012	2.3333e+012	5.2500e-015
-5.550e+000	2.9589e-007	-2.3703e+012	-2.3518e+012	2.3517e+012	5.2500e-015
-5.540e+000	2.9596e-007	-2.3887e+012	-2.3703e+012	2.3702e+012	5.2500e-015
-5.530e+000	2.9602e-007	-2.4072e+012	-2.3887e+012	2.3887e+012	5.2500e-015
-5.520e+000	2.9609e-007	-2.4257e+012	-2.4072e+012	2.4072e+012	5.2500e-015
-5.510e+000	2.9616e-007	-2.4442e+012	-2.4257e+012	2.4256e+012	5.2500e-015
-5.500e+000	2.9622e-007	-2.4627e+012	-2.4442e+012	2.4441e+012	5.2500e-015
-5.490e+000	2.9628e-007	-2.4811e+012	-2.4627e+012	2.4626e+012	5.2500e-015
-5.480e+000	2.9635e-007	-2.4996e+012	-2.4811e+012	2.4811e+012	5.2500e-015
-5.470e+000	2.9641e-007	-2.5181e+012	-2.4996e+012	2.4996e+012	5.2500e-015
-5.460e+000	2.9647e-007	-2.5366e+012	-2.5181e+012	2.5181e+012	5.2500e-015
-5.450e+000	2.9653e-007	-2.5552e+012	-2.5366e+012	2.5366e+012	5.2500e-015
-5.440e+000	2.9659e-007	-2.5737e+012	-2.5552e+012	2.5551e+012	5.2500e-015
-5.430e+000	2.9665e-007	-2.5922e+012	-2.5737e+012	2.5736e+012	5.2500e-015
-5.420e+000	2.9671e-007	-2.6107e+012	-2.5922e+012	2.5921e+012	5.2500e-015
-5.410e+000	2.9676e-007	-2.6292e+012	-2.6107e+012	2.6107e+012	5.2500e-015
-5.400e+000	2.9682e-007	-2.6478e+012	-2.6292e+012	2.6292e+012	5.2500e-015
-5.390e+000	2.9687e-007	-2.6663e+012	-2.6478e+012	2.6477e+012	5.2500e-015
-5.380e+000	2.9693e-007	-2.6848e+012	-2.6663e+012	2.6662e+012	5.2500e-015
-5.370e+000	2.9698e-007	-2.7034e+012	-2.6848e+012	2.6848e+012	5.2500e-015
-5.360e+000	2.9704e-007	-2.7219e+012	-2.7034e+012	2.7033e+012	5.2500e-015
-5.350e+000	2.9709e-007	-2.7404e+012	-2.7219e+012	2.7218e+012	5.2500e-015
-5.340e+000	2.9714e-007	-2.7590e+012	-2.7404e+012	2.7404e+012	5.2500e-015
-5.330e+000	2.9719e-007	-2.7775e+012	-2.7590e+012	2.7589e+012	5.2500e-015
-5.320e+000	2.9724e-007	-2.7961e+012	-2.7775e+012	2.7775e+012	5.2500e-015
-5.310e+000	2.9730e-007	-2.8146e+012	-2.7961e+012	2.7960e+012	5.2500e-015
-5.300e+000	2.9734e-007	-2.8332e+012	-2.8146e+012	2.8146e+012	5.2500e-015
-5.290e+000	2.9739e-007	-2.8518e+012	-2.8332e+012	2.8332e+012	5.2500e-015
-5.280e+000	2.9744e-007	-2.8703e+012	-2.8518e+012	2.8517e+012	5.2500e-015
-5.270e+000	2.9749e-007	-2.8889e+012	-2.8703e+012	2.8703e+012	5.2500e-015
-5.260e+000	2.9754e-007	-2.9075e+012	-2.8889e+012	2.8888e+012	5.2500e-015
-5.250e+000	2.9758e-007	-2.9260e+012	-2.9075e+012	2.9074e+012	5.2500e-015
-5.240e+000	2.9763e-007	-2.9446e+012	-2.9260e+012	2.9260e+012	5.2500e-015
-5.230e+000	2.9768e-007	-2.9632e+012	-2.9446e+012	2.9446e+012	5.2500e-015
-5.220e+000	2.9772e-007	-2.9818e+012	-2.9632e+012	2.9631e+012	5.2500e-015
-5.210e+000	2.9777e-007	-3.0004e+012	-2.9818e+012	2.9817e+012	5.2500e-015
-5.200e+000	2.9781e-007	-3.0189e+012	-3.0004e+012	3.0003e+012	5.2500e-015
-5.190e+000	2.9785e-007	-3.0375e+012	-3.0189e+012	3.0189e+012	5.2500e-015
-5.180e+000	2.9790e-007	-3.0561e+012	-3.0375e+012	3.0375e+012	5.2500e-015
-5.170e+000	2.9794e-007	-3.0747e+012	-3.0561e+012	3.0561e+012	5.2500e-015
-5.160e+000	2.9798e-007	-3.0933e+012	-3.0747e+012	3.0747e+012	5.2500e-015
-5.150e+000	2.9803e-007	-3.1119e+012	-3.0933e+012	3.0933e+012	5.2500e-015
-5.140e+000	2.9807e-007	-3.1305e+012	-3.1119e+012	3.1119e+012	5.2500e-015
-5.130e+000	2.9811e-007	-3.1491e+012	-3.1305e+012	3.1305e+012	5.2500e-015
-5.120e+000	2.9815e-007	-3.1677e+012	-3.1491e+012	3.1491e+012	5.2500e-015
-5.110e+000	2.9819e-007	-3.1864e+012	-3.1677e+012	3.1677e+012	5.2500e-015
-5.100e+000	2.9823e-007	-3.2050e+012	-3.1864e+012	3.1863e+012	5.2500e-015
-5.090e+000	2.9827e-007	-3.2236e+012	-3.2050e+012	3.2049e+012	5.2500e-015
-5.080e+000	2.9831e-007	-3.2422e+012	-3.2236e+012	3.2235e+012	5.2500e-015
-5.070e+000	2.9835e-007	-3.2608e+012	-3.2422e+012	3.2422e+012	5.2500e-015
-5.060e+000	2.9838e-007	-3.2794e+012	-3.2608e+012	3.2608e+012	5.2500e-015
-5.050e+000	2.9842e-007	-3.2981e+012	-3.2794e+012	3.2794e+012	5.2500e-015
-5.040e+000	2.9846e-007	-3.3167e+012	-3.2981e+012	3.2980e+012	5.2500e-015
-5.030e+000	2.9850e-007	-3.3353e+012	-3.3167e+012	3.3167e+012	5.2500e-015
-5.020e+000	2.9853e-007	-3.3540e+012	-3.3353e+012	3.3353e+012	5.2500e-015
-5.010e+000	2.9857e-007	-3.3726e+012	-3.3540e+012	3.3539e+012	5.2500e-015
-5.000e+000	2.9861e-007	-3.3912e+012	-3.3726e+012	3.3726e+012	5.2500e-015
-4.990e+000	2.9864e-007	-3.4099e+012	-3.3912e+012	3.3912e+012	5.2500e-015
-4.980e+000	2.9868e-007	-3.4285e+012	-3.4099e+012	3.4098e+012	5.2500e-015
-4.970e+000	2.9871e-007	-3.4472e+012	-3.4285e+012	3.4285e+012	5.2500e-015
-4.960e+000	2.9875e-007	-3.4658e+012	-3.4472e+012	3.4471e+012	5.2500e-015
-4.950e+000	2.9878e-007	-3.4845e+012	-3.4658e+012	3.4658e+012	5.2500e-015
-4.940e+000	2.9882e-007	-3.5031e+012	-3.4845e+012	3.4844e+012	5.2500e-015
-4.930e+000	2.9885e-007	-3.5218e+012	-3.5031e+012	3.5031e+012	5.2500e-015
-4.920e+000	2.9888e-007	-3.5404e+012	-3.5218e+012	3.5217e+012	5.2500e-015
-4.910e+000	2.9892e-007	-3.5591e+012	-3.5404e+012	3.5404e+012	5.2500e-015
-4.900e+000	2.9895e-007	-3.5777e+012	-3.5591e+012	3.5590e+012	5.2500e-015
-4.890e+000	2.9898e-007	-3.5964e+012	-3.5777e+012	3.5777e+012	5.2500e-015
-4.880e+000	2.9901e-007	-3.6151e+012	-3.5964e+012	3.5964e+012	5.2500e-015
-4.870e+000	2.9905e-007	-3.6337e+012	-3.6151e+012	3.6150e+012	5.2500e-015
-4.860e+000	2.9908e-007	-3.6524e+012	-3.6337e+012	3.6337e+012	5.2500e-015
-4.850e+000	2.9911e-007	-3.6711e+012	-3.6524e+012	3.6524e+012	5.2500e-015
-4.840e+000	2.9914e-007	-3.6897e+012	-3.6711e+012	3.6710e+012	5.2500e-015
-4.830e+000	2.9917e-007	-3.7084e+012	-3.6897e+012	3.6897e+012	5.2500e-015
-4.820e+000	2.9920e-007	-3.7271e+012	-3.7084e+012	3.7084e+012	5.2500e-015
-4.810e+000	2.9923e-007	-3.7458e+012	-3.7271e+012	3.7270e+012	5.2500e-015
-4.800e+000	2.9926e-007	-3.7644e+012	-3.7458e+012	3.7457e+012	5.2500e-015
-4.790e+000	2.9929e-007	-3.7831e+012	-3.7644e+012	3.7644e+012	5.2500e-015
-4.780e+000	2.9932e-007	-3.8018e+012	-3.7831e+012	3.7831e+012	5.2500e-015
-4.770e+000	2.9935e-007	-3.8205e+012	-3.8018e+012	3.8018e+012	5.2500e-015
-4.760e+000	2.9938e-007	-3.8392e+012	-3.8205e+012	3.8204e+012	5.2500e-015
-4.750e+000	2.9941e-007	-3.8579e+012	-3.8392e+012	3.8391e+012	5.2500e-015
-4.740e+000	2.9944e-007	-3.8765e+012	-3.8579e+012	3.8578e+012	5.2500e-015
-4.730e+000	2.9947e-007	-3.8952e+012	-3.8765e+012	3.8765e+012	5.2500e-015
-4.720e+000	2.9950e-007	-3.9139e+012	-3.8952e+012	3.8952e+012	5.2500e-015
-4.710e+000	2.9953e-007	-3.9326e+012	-3.9139e+012	3.9139e+012	5.2500e-015
-4.700e+000	2.9955e-007	-3.9513e+012	-3.9326e+012	3.9326e+012	5.2500e-015
-4.690e+000	2.9958e-007	-3.9700e+012	-3.9513e+012	3.9513e+012	5.2500e-015
-4.680e+000	2.9961e-007	-3.9887e+012	-3.9700e+012	3.9700e+012	5.2500e-015
-4.670e+000	2.9964e-007	-4.0074e+012	-3.9887e+012	3.9887e+012	5.2500e-015
-4.660e+000	2.9966e-007	-4.0261e+012	-4.0074e+012	4.0074e+012	5.2500e-015
-4.650e+000	2.9969e-007	-4.0448e+012	-4.0261e+012	4.0261e+012	5.2500e-015
-4.640e+000	2.9972e-007	-4.0635e+012	-4.0448e+012	4.0448e+012	5.2500e-015
-4.630e+000	2.9975e-007	-4.0822e+012	-4.0635e+012	4.0635e+012	5.2500e-015
-4.620e+000	2.9977e-007	-4.1010e+012	-4.0822e+012	4.0822e+012	5.2500e-015
-4.610e+000	2.9980e-007	-4.1197e+012	-4.1010e+012	4.1009e+012	5.2500e-015
-4.600e+000	2.9982e-007	-4.1384e+012	-4.1197e+012	4.1196e+012	5.2500e-015
-4.590e+000	2.9985e-007	-4.1571e+012	-4.1384e+012	4.1383e+012	5.2500e-015
-4.580e+000	2.9988e-007	-4.1758e+012	-4.1571e+012	4.1571e+012	5.2500e-015
-4.570e+000	2.9990e-007	-4.1945e+012	-4.1758e+012	4.1758e+012	5.2500e-015
-4.560e+000	2.9993e-007	-4.2133e+012	-4.1945e+012	4.1945e+012	5.2500e-015
-4.550e+000	2.9995e-007	-4.2320e+012	-4.2133e+012	4.2132e+012	5.2500e-015
-4.540e+000	2.9998e-007	-4.2507e+012	-4.2320e+012	4.2319e+012	5.2500e-015
-4.530e+000	3.0000e-007	-4.2694e+012	-4.2507e+012	4.2507e+012	5.2500e-015
-4.520e+000	3.0003e-007	-4.2881e+012	-4.2694e+012	4.2694e+012	5.2500e-015
-4.510e+000	3.0005e-007	-4.3069e+012	-4.2881e+012	4.2881e+012	5.2500e-015
-4.500e+000	3.0007e-007	-4.3256e+012	-4.3069e+012	4.3068e+012	5.2500e-015
-4.490e+000	3.0010e-007	-4.3443e+012	-4.3256e+012	4.3256e+012	5.2500e-015
-4.480e+000	3.0012e-007	-4.3631e+012	-4.3443e+012	4.3443e+012	5.2500e-015
-4.470e+000	3.0015e-007	-4.3818e+012	-4.3631e+012	4.3630e+012	5.2500e-015
-4.460e+000	3.0017e-007	-4.4005e+012	-4.3818e+012	4.3818e+012	5.2500e-015
-4.450e+000	3.0019e-007	-4.4193e+012	-4.4005e+012	4.4005e+012	5.2500e-015
-4.440e+000	3.0022e-007	-4.4380e+012	-4.4193e+012	4.4192e+012	5.2500e-015
-4.430e+000	3.0024e-007	-4.4567e+012	-4.4380e+012	4.4380e+012	5.2500e-015
-4.420e+000	3.0026e-007	-4.4755e+012	-4.4567e+012	4.4567e+012	5.2500e-015
-4.410e+000	3.0029e-007	-4.4942e+012	-4.4755e+012	4.4754e+012	5.2500e-015
-4.400e+000	3.0031e-007	-4.5130e+012	-4.4942e+012	4.4942e+012	5.2500e-015
-4.390e+000	3.0033e-007	-4.5317e+012	-4.5130e+012	4.5129e+012	5.2500e-015
-4.380e+000	3.0035e-007	-4.5505e+012	-4.5317e+012	4.5317e+012	5.2500e-015
-4.370e+000	3.0038e-007	-4.5692e+012	-4.5505e+012	4.5504e+012	5.2500e-015
-4.360e+000	3.0040e-007	-4.5880e+012	-4.5692e+012	4.5692e+012	5.2500e-015
-4.350e+000	3.0042e-007	-4.6067e+012	-4.5880e+012	4.5879e+012	5.2500e-015
-4.340e+000	3.0044e-007	-4.6255e+012	-4.6067e+012	4.6067e+012	5.2500e-015
-4.330e+000	3.0046e-007	-4.6442e+012	-4.6255e+012	4.6254e+012	5.2500e-015
-4.320e+000	3.0049e-007	-4.6630e+012	-4.6442e+012	4.6442e+012	5.2500e-015
-4.310e+000	3.0051e-007	-4.6817e+012	-4.6630e+012	4.6629e+012	5.2500e-015
-4.300e+000	3.0053e-007	-4.7005e+012	-4.6817e+012	4.6817e+012	5.2500e-015
-4.290e+000	3.0055e-007	-4.7192e+012	-4.7005e+012	4.7004e+012	5.2500e-015
-4.280e+000	3.0057e-007	-4.7380e+012	-4.7192e+012	4.7192e+012	5.2500e-015
-4.270e+000	3.0059e-007	-4.7568e+012	-4.7380e+012	4.7380e+012	5.2500e-015
-4.260e+000	3.0061e-007	-4.7755e+012	-4.7568e+012	4.7567e+012	5.2500e-015
-4.250e+000	3.0063e-007	-4.7943e+012	-4.7755e+012	4.7755e+012	5.2500e-015
-4.240e+000	3.0065e-007	-4.8131e+012	-4.7943e+012	4.7943e+012	5.2500e-015
-4.230e+000	3.0067e-007	-4.8318e+012	-4.8131e+012	4.8130e+012	5.2500e-015
-4.220e+000	3.0069e-007	-4.8506e+012	-4.8318e+012	4.8318e+012	5.2500e-015
-4.210e+000	3.0071e-007	-4.8694e+012	-4.8506e+012	4.8506e+012	5.2500e-015
-4.200e+000	3.0073e-007	-4.8881e+012	-4.8694e+012	4.8693e+012	5.2500e-015
-4.190e+000	3.0076e-007	-4.9069e+012	-4.8881e+012	4.8881e+012	5.2500e-015
-4.180e+000	3.0077e-007	-4.9257e+012	-4.9069e+012	4.9069e+012	5.2500e-015
-4.170e+000	3.0079e-007	-4.9445e+012	-4.9257e+012	4.9256e+012	5.2500e-015
-4.160e+000	3.0081e-007	-4.9632e+012	-4.9445e+012	4.9444e+012	5.2500e-015
-4.150e+000	3.0083e-007	-4.9820e+012	-4.9632e+012	4.9632e+012	5.2500e-015
-4.140e+000	3.0085e-007	-5.0008e+012	-4.9820e+012	4.9820e+012	5.2500e-015
-4.130e+000	3.0087e-007	-5.0196e+012	-5.0008e+012	5.0007e+012	5.2500e-015
-4.120e+000	3.0089e-007	-5.0383e+012	-5.0196e+012	5.0195e+012	5.2500e-015
-4.110e+000	3.0091e-007	-5.0571e+012	-5.0383e+012	5.0383e+012	5.2500e-015
-4.100e+000	3.0093e-007	-5.0759e+012	-5.0571e+012	5.0571e+012	5.2500e-015
-4.090e+000	3.0095e-007	-5.0947e+012	-5.0759e+012	5.0759e+012	5.2500e-015
-4.080e+000	3.0097e-007	-5.1135e+012	-5.0947e+012	5.0946e+012	5.2500e-015
-4.070e+000	3.0099e-007	-5.1323e+012	-5.1135e+012	5.1134e+012	5.2500e-015
-4.060e+000	3.0101e-007	-5.1510e+012	-5.1323e+012	5.1322e+012	5.2500e-015
-4.050e+000	3.0102e-007	-5.1698e+012	-5.1510e+012	5.1510e+012	5.2500e-015
-4.040e+000	3.0104e-007	-5.1886e+012	-5.1698e+012	5.1698e+012	5.2500e-015
-4.030e+000	3.0106e-007	-5.2074e+012	-5.1886e+012	5.1886e+012	5.2500e-015
-4.020e+000	3.0108e-007	-5.2262e+012	-5.2074e+012	5.2074e+012	5.2500e-015
-4.010e+000	3.0110e-007	-5.2450e+012	-5.2262e+012	5.2262e+012	5.2500e-015
-4.000e+000	3.0112e-007	-5.2638e+012	-5.2450e+012	5.2450e+012	5.2500e-015
-3.990e+000	3.0113e-007	-5.2826e+012	-5.2638e+012	5.2638e+012	5.2500e-015
-3.980e+000	3.0115e-007	-5.3014e+012	-5.2826e+012	5.2826e+012	5.2500e-015
-3.970e+000	3.0117e-007	-5.3202e+012	-5.3014e+012	5.3013e+012	5.2500e-015
-3.960e+000	3.0119e-007	-5.3390e+012	-5.3202e+012	5.3201e+012	5.2500e-015
-3.950e+000	3.0120e-007	-5.3578e+012	-5.3390e+012	5.3389e+012	5.2500e-015
-3.940e+000	3.0122e-007	-5.3766e+012	-5.3578e+012	5.3577e+012	5.2500e-015
-3.930e+000	3.0124e-007	-5.3954e+012	-5.3766e+012	5.3765e+012	5.2500e-015
-3.920e+000	3.0126e-007	-5.4142e+012	-5.3954e+012	5.3953e+012	5.2500e-015
-3.910e+000	3.0127e-007	-5.4330e+012	-5.4142e+012	5.4141e+012	5.2500e-015
-3.900e+000	3.0129e-007	-5.4518e+012	-5.4330e+012	5.4330e+012	5.2500e-015
-3.890e+000	3.0131e-007	-5.4706e+012	-5.4518e+012	5.4518e+012	5.2500e-015
-3.880e+000	3.0133e-007	-5.4894e+012	-5.4706e+012	5.4706e+012	5.2500e-015
-3.870e+000	3.0134e-007	-5.5082e+012	-5.4894e+012	5.4894e+012	5.2500e-015
-3.860e+000	3.0136e-007	-5.5270e+012	-5.5082e+012	5.5082e+012	5.2500e-015
-3.850e+000	3.0138e-007	-5.5458e+012	-5.5270e+012	5.5270e+012	5.2500e-015
-3.840e+000	3.0139e-007	-5.5647e+012	-5.5458e+012	5.5458e+012	5.2500e-015
-3.830e+000	3.0141e-007	-5.5835e+012	-5.5647e+012	5.5646e+012	5.2500e-015
-3.820e+000	3.0143e-007	-5.6023e+012	-5.5835e+012	5.5834e+012	5.2500e-015
-3.810e+000	3.0144e-007	-5.6211e+012	-5.6023e+012	5.6022e+012	5.2500e-015
-3.800e+000	3.0146e-007	-5.6399e+012	-5.6211e+012	5.6211e+012	5.2500e-015
-3.790e+000	3.0148e-007	-5.6587e+012	-5.6399e+012	5.6399e+012	5.2500e-015
-3.780e+000	3.0149e-007	-5.6775e+012	-5.6587e+012	5.6587e+012	5.2500e-015
-3.770e+000	3.0151e-007	-5.6964e+012	-5.6775e+012	5.6775e+012	5.2500e-015
-3.760e+000	3.0152e-007	-5.7152e+012	-5.6964e+012	5.6963e+012	5.2500e-015
-3.750e+000	3.0154e-007	-5.7340e+012	-5.7152e+012	5.7151e+012	5.2500e-015
-3.740e+000	3.0156e-007	-5.7528e+012	-5.7340e+012	5.7340e+012	5.2500e-015
-3.730e+000	3.0157e-007	-5.7716e+012	-5.7528e+012	5.7528e+012	5.2500e-015
-3.720e+000	3.0159e-007	-5.7905e+012	-5.7716e+012	5.7716e+012	5.2500e-015
-3.710e+000	3.0160e-007	-5.8093e+012	-5.7905e+012	5.7904e+012	5.2500e-015
-3.700e+000	3.0162e-007	-5.8281e+012	-5.8093e+012	5.8093e+012	5.2500e-015
-3.690e+000	3.0163e-007	-5.8469e+012	-5.8281e+012	5.8281e+012	5.2500e-015
-3.680e+000	3.0165e-007	-5.8658e+012	-5.8469e+012	5.8469e+012	5.2500e-015
-3.670e+000	3.0167e-007	-5.8846e+012	-5.8658e+012	5.8657e+012	5.2500e-015
-3.660e+000	3.0168e-007	-5.9034e+012	-5.8846e+012	5.8846e+012	5.2500e-015
-3.650e+000	3.0170e-007	-5.9223e+012	-5.9034e+012	5.9034e+012	5.2500e-015
-3.640e+000	3.0171e-007	-5.9411e+012	-5.9223e+012	5.9222e+012	5.2500e-015
-3.630e+000	3.0173e-007	-5.9599e+012	-5.9411e+012	5.9411e+012	5.2500e-015
-3.620e+000	3.0174e-007	-5.9788e+012	-5.9599e+012	5.9599e+012	5.2500e-015
-3.610e+000	3.0176e-007	-5.9976e+012	-5.9788e+012	5.9787e+012	5.2500e-015
-3.600e+000	3.0177e-007	-6.0164e+012	-5.9976e+012	5.9975e+012	5.2500e-015
-3.590e+000	3.0179e-007	-6.0353e+012	-6.0164e+012	6.0164e+012	5.2500e-015
-3.580e+000	3.0180e-007	-6.0541e+012	-6.0353e+012	6.0352e+012	5.2500e-015
-3.570e+000	3.0182e-007	-6.0729e+012	-6.0541e+012	6.0541e+012	5.2500e-015
-3.560e+000	3.0183e-007	-6.0918e+012	-6.0729e+012	6.0729e+012	5.2500e-015
-3.550e+000	3.0185e-007	-6.1106e+012	-6.0918e+012	6.0917e+012	5.2500e-015
-3.540e+000	3.0186e-007	-6.1295e+012	-6.1106e+012	6.1106e+012	5.2500e-015
-3.530e+000	3.0187e-007	-6.1483e+012	-6.1295e+012	6.1294e+012	5.2500e-015
-3.520e+000	3.0189e-007	-6.1671e+012	-6.1483e+012	6.1483e+012	5.2500e-015
-3.510e+000	3.0190e-007	-6.1860e+012	-6.1671e+012	6.1671e+012	5.2500e-015
-3.500e+000	3.0192e-007	-6.2048e+012	-6.1860e+012	6.1859e+012	5.2500e-015
-3.490e+000	3.0193e-007	-6.2237e+012	-6.2048e+012	6.2048e+012	5.2500e-015
-3.480e+000	3.0195e-007	-6.2425e+012	-6.2237e+012	6.2236e+012	5.2500e-015
-3.470e+000	3.0196e-007	-6.2614e+012	-6.2425e+012	6.2425e+012	5.2500e-015
-3.460e+000	3.0197e-007	-6.2802e+012	-6.2614e+012	6.2613e+012	5.2500e-015
-3.450e+000	3.0199e-007	-6.2991e+012	-6.2802e+012	6.2802e+012	5.2500e-015
-3.440e+000	3.0200e-007	-6.3179e+012	-6.2991e+012	6.2990e+012	5.2500e-015
-3.430e+000	3.0202e-007	-6.3368e+012	-6.3179e+012	6.3179e+012	5.2500e-015
-3.420e+000	3.0203e-007	-6.3556e+012	-6.3368e+012	6.3367e+012	5.2500e-015
-3.410e+000	3.0204e-007	-6.3745e+012	-6.3556e+012	6.3556e+012	5.2500e-015
-3.400e+000	3.0206e-007	-6.3933e+012	-6.3745e+012	6.3744e+012	5.2500e-015
-3.390e+000	3.0207e-007	-6.4122e+012	-6.3933e+012	6.3933e+012	5.2500e-015
-3.380e+000	3.0209e-007	-6.4310e+012	-6.4122e+012	6.4121e+012	5.2500e-015
-3.370e+000	3.0210e-007	-6.4499e+012	-6.4310e+012	6.4310e+012	5.2500e-015
-3.360e+000	3.0211e-007	-6.4687e+012	-6.4499e+012	6.4498e+012	5.2500e-015
-3.350e+000	3.0213e-007	-6.4876e+012	-6.4687e+012	6.4687e+012	5.2500e-015
-3.340e+000	3.0214e-007	-6.5065e+012	-6.4876e+012	6.4876e+012	5.2500e-015
-3.330e+000	3.0215e-007	-6.5253e+012	-6.5065e+012	6.5064e+012	5.2500e-015
-3.320e+000	3.0198e-007	-6.5442e+012	-6.5253e+012	6.5253e+012	5.2500e-015
-3.310e+000	3.0195e-007	-6.5630e+012	-6.5442e+012	6.5441e+012	5.2500e-015
-3.300e+000	3.0196e-007	-6.5819e+012	-6.5630e+012	6.5630e+012	5.2500e-015
-3.290e+000	3.0197e-007	-6.6007e+012	-6.5819e+012	6.5818e+012	5.2500e-015
-3.280e+000	3.0198e-007	-6.6195e+012	-6.6007e+012	6.6007e+012	5.2500e-015
-3.270e+000	3.0199e-007	-6.6384e+012	-6.6195e+012	6.6195e+012	5.2500e-015
-3.260e+000	3.0200e-007	-6.6572e+012	-6.6384e+012	6.6384e+012	5.2500e-015
-3.250e+000	3.0201e-007	-6.6761e+012	-6.6572e+012	6.6572e+012	5.2500e-015
-3.240e+000	3.0202e-007	-6.6949e+012	-6.6761e+012	6.6761e+012	5.2500e-015
-3.230e+000	3.0203e-007	-6.7138e+012	-6.6949e+012	6.6949e+012	5.2500e-015
-3.220e+000	3.0205e-007	-6.7327e+012	-6.7138e+012	6.7138e+012	5.2500e-015
-3.210e+000	3.0206e-007	-6.7515e+012	-6.7327e+012	6.7326e+012	5.2500e-015
-3.200e+000	3.0207e-007	-6.7704e+012	-6.7515e+012	6.7515e+012	5.2500e-015
-3.190e+000	3.0208e-007	-6.7892e+012	-6.7704e+012	6.7703e+012	5.2500e-015
-3.180e+000	3.0209e-007	-6.8081e+012	-6.7892e+012	6.7892e+012	5.2500e-015
-3.170e+000	3.0210e-007	-6.8269e+012	-6.8081e+012	6.8080e+012	5.2500e-015
-3.160e+000	3.0211e-007	-6.8458e+012	-6.8269e+012	6.8269e+012	5.2500e-015
-3.150e+000	3.0212e-007	-6.8646e+012	-6.8458e+012	6.8457e+012	5.2500e-015
-3.140e+000	3.0213e-007	-6.8835e+012	-6.8646e+012	6.8646e+012	5.2500e-015
-3.130e+000	3.0214e-007	-6.9024e+012	-6.8835e+012	6.8835e+012	5.2500e-015
-3.120e+000	3.0215e-007	-6.9212e+012	-6.9024e+012	6.9023e+012	5.2500e-015
-3.110e+000	3.0216e-007	-6.9401e+012	-6.9212e+012	6.9212e+012	5.2500e-015
-3.100e+000	3.0217e-007	-6.9589e+012	-6.9401e+012	6.9400e+012	5.2500e-015
-3.090e+000	3.0218e-007	-6.9778e+012	-6.9589e+012	6.9589e+012	5.2500e-015
-3.080e+000	3.0219e-007	-6.9967e+012	-6.9778e+012	6.9777e+012	5.2500e-015
-3.070e+000	3.0220e-007	-7.0155e+012	-6.9967e+012	6.9966e+012	5.2500e-015
-3.060e+000	3.0221e-007	-7.0344e+012	-7.0155e+012	7.0155e+012	5.2500e-015
-3.050e+000	3.0222e-007	-7.0532e+012	-7.0344e+012	7.0343e+012	5.2500e-015
-3.040e+000	3.0224e-007	-7.0721e+012	-7.0532e+012	7.0532e+012	5.2500e-015
-3.030e+000	3.0225e-007	-7.0910e+012	-7.0721e+012	7.0721e+012	5.2500e-015
-3.020e+000	3.0226e-007	-7.1098e+012	-7.0910e+012	7.0909e+012	5.2500e-015
-3.010e+000	3.0227e-007	-7.1287e+012	-7.1098e+012	7.1098e+012	5.2500e-015
-3.000e+000	3.0228e-007	-7.1476e+012	-7.1287e+012	7.1287e+012	5.2500e-015
-2.990e+000	3.0229e-007	-7.1664e+012	-7.1476e+012	7.1475e+012	5.2500e-015
-2.980e+000	3.0230e-007	-7.1853e+012	-7.1664e+012	7.1664e+012	5.2500e-015
-2.970e+000	3.0231e-007	-7.2042e+012	-7.1853e+012	7.1853e+012	5.2500e-015
-2.960e+000	3.0231e-007	-7.2230e+012	-7.2042e+012	7.2041e+012	5.2500e-015
-2.950e+000	3.0232e-007	-7.2419e+012	-7.2230e+012	7.2230e+012	5.2500e-015
-2.940e+000	3.0233e-007	-7.2608e+012	-7.2419e+012	7.2419e+012	5.2500e-015
-2.930e+000	3.0234e-007	-7.2796e+012	-7.2608e+012	7.2607e+012	5.2500e-015
-2.920e+000	3.0235e-007	-7.2985e+012	-7.2796e+012	7.2796e+012	5.2500e-015
-2.910e+000	3.0236e-007	-7.3174e+012	-7.2985e+012	7.2985e+012	5.2500e-015
-2.900e+000	3.0237e-007	-7.3363e+012	-7.3174e+012	7.3174e+012	5.2500e-015
-2.890e+000	3.0238e-007	-7.3551e+012	-7.3363e+012	7.3362e+012	5.2500e-015
-2.880e+000	3.0239e-007	-7.3740e+012	-7.3551e+012	7.3551e+012	5.2500e-015
-2.870e+000	3.0240e-007	-7.3929e+012	-7.3740e+012	7.3740e+012	5.2500e-015
-2.860e+000	3.0241e-007	-7.4118e+012	-7.3929e+012	7.3928e+012	5.2500e-015
-2.850e+000	3.0242e-007	-7.4306e+012	-7.4118e+012	7.4117e+012	5.2500e-015
-2.840e+000	3.0243e-007	-7.4495e+012	-7.4306e+012	7.4306e+012	5.2500e-015
-2.830e+000	3.0244e-007	-7.4684e+012	-7.4495e+012	7.4495e+012	5.2500e-015
-2.820e+000	3.0245e-007	-7.4873e+012	-7.4684e+012	7.4683e+012	5.2500e-015
-2.810e+000	3.0246e-007	-7.5061e+012	-7.4873e+012	7.4872e+012	5.2500e-015
-2.800e+000	3.0247e-007	-7.5250e+012	-7.5061e+012	7.5061e+012	5.2500e-015
-2.790e+000	3.0248e-007	-7.5439e+012	-7.5250e+012	7.5250e+012	5.2500e-015
-2.780e+000	3.0249e-007	-7.5628e+012	-7.5439e+012	7.5439e+012	5.2500e-015
-2.770e+000	3.0250e-007	-7.5817e+012	-7.5628e+012	7.5627e+012	5.2500e-015
-2.760e+000	3.0250e-007	-7.6005e+012	-7.5817e+012	7.5816e+012	5.2500e-015
-2.750e+000	3.0251e-007	-7.6194e+012	-7.6005e+012	7.6005e+012	5.2500e-015
-2.740e+000	3.0252e-007	-7.6383e+012	-7.6194e+012	7.6194e+012	5.2500e-015
-2.730e+000	3.0253e-007	-7.6572e+012	-7.6383e+012	7.6383e+012	5.2500e-015
-2.720e+000	3.0254e-007	-7.6761e+012	-7.6572e+012	7.6571e+012	5.2500e-015
-2.710e+000	3.0255e-007	-7.6950e+012	-7.6761e+012	7.6760e+012	5.2500e-015
-2.700e+000	3.0256e-007	-7.7138e+012	-7.6950e+012	7.6949e+012	5.2500e-015
-2.690e+000	3.0257e-007	-7.7327e+012	-7.7138e+012	7.7138e+012	5.2500e-015
-2.680e+000	3.0258e-007	-7.7516e+012	-7.7327e+012	7.7327e+012	5.2500e-015
-2.670e+000	3.0258e-007	-7.7705e+012	-7.7516e+012	7.7516e+012	5.2500e-015
-2.660e+000	3.0259e-007	-7.7894e+012	-7.7705e+012	7.7705e+012	5.2500e-015
-2.650e+000	3.0260e-007	-7.8083e+012	-7.7894e+012	7.7893e+012	5.2500e-015
-2.640e+000	3.0261e-007	-7.8272e+012	-7.8083e+012	7.8082e+012	5.2500e-015
-2.630e+000	3.0262e-007	-7.8460e+012	-7.8272e+012	7.8271e+012	5.2500e-015
-2.620e+000	3.0263e-007	-7.8649e+012	-7.8460e+012	7.8460e+012	5.2500e-015
-2.610e+000	3.0264e-007	-7.8838e+012	-7.8649e+012	7.8649e+012	5.2500e-015
-2.600e+000	3.0265e-007	-7.9027e+012	-7.8838e+012	7.8838e+012	5.2500e-015
-2.590e+000	3.0265e-007	-7.9216e+012	-7.9027e+012	7.9027e+012	5.2500e-015
-2.580e+000	3.0266e-007	-7.9405e+012	-7.9216e+012	7.9216e+012	5.2500e-015
-2.570e+000	3.0267e-007	-7.9594e+012	-7.9405e+012	7.9405e+012	5.2500e-015
-2.560e+000	3.0268e-007	-7.9783e+012	-7.9594e+012	7.9593e+012	5.2500e-015
-2.550e+000	3.0269e-007	-7.9972e+012	-7.9783e+012	7.9782e+012	5.2500e-015
-2.540e+000	3.0270e-007	-8.0161e+012	-7.9972e+012	7.9971e+012	5.2500e-015
-2.530e+000	3.0271e-007	-8.0350e+012	-8.0161e+012	8.0160e+012	5.2500e-015
-2.520e+000	3.0271e-007	-8.0538e+012	-8.0350e+012	8.0349e+012	5.2500e-015
-2.510e+000	3.0272e-007	-8.0727e+012	-8.0538e+012	8.0538e+012	5.2500e-015
-2.500e+000	3.0273e-007	-8.0916e+012	-8.0727e+012	8.0727e+012	5.2500e-015
-2.490e+000	3.0274e-007	-8.1105e+012	-8.0916e+012	8.0916e+012	5.2500e-015
-2.480e+000	3.0275e-007	-8.1294e+012	-8.1105e+012	8.1105e+012	5.2500e-015
-2.470e+000	3.0276e-007	-8.1483e+012	-8.1294e+012	8.1294e+012	5.2500e-015
-2.460e+000	3.0276e-007	-8.1672e+012	-8.1483e+012	8.1483e+012	5.2500e-015
-2.450e+000	3.0277e-007	-8.1861e+012	-8.1672e+012	8.1672e+012	5.2500e-015
-2.440e+000	3.0278e-007	-8.2050e+012	-8.1861e+012	8.1861e+012	5.2500e-015
-2.430e+000	3.0279e-007	-8.2239e+012	-8.2050e+012	8.2050e+012	5.2500e-015
-2.420e+000	3.0280e-007	-8.2428e+012	-8.2239e+012	8.2239e+012	5.2500e-015
-2.410e+000	3.0280e-007	-8.2617e+012	-8.2428e+012	8.2428e+012	5.2500e-015
-2.400e+000	3.0281e-007	-8.2806e+012	-8.2617e+012	8.2617e+012	5.2500e-015
-2.390e+000	3.0282e-007	-8.2995e+012	-8.2806e+012	8.2806e+012	5.2500e-015
-2.380e+000	3.0283e-007	-8.3184e+012	-8.2995e+012	8.2995e+012	5.2500e-015
-2.370e+000	3.0284e-007	-8.3373e+012	-8.3184e+012	8.3184e+012	5.2500e-015
-2.360e+000	3.0284e-007	-8.3562e+012	-8.3373e+012	8.3373e+012	5.2500e-015
-2.350e+000	3.0285e-007	-8.3751e+012	-8.3562e+012	8.3562e+012	5.2500e-015
-2.340e+000	3.0286e-007	-8.3940e+012	-8.3751e+012	8.3751e+012	5.2500e-015
-2.330e+000	3.0287e-007	-8.4129e+012	-8.3940e+012	8.3940e+012	5.2500e-015
-2.320e+000	3.0288e-007	-8.4318e+012	-8.4129e+012	8.4129e+012	5.2500e-015
-2.310e+000	3.0288e-007	-8.4507e+012	-8.4318e+012	8.4318e+012	5.2500e-015
-2.300e+000	3.0289e-007	-8.4696e+012	-8.4507e+012	8.4507e+012	5.2500e-015
-2.290e+000	3.0290e-007	-8.4885e+012	-8.4696e+012	8.4696e+012	5.2500e-015
-2.280e+000	3.0291e-007	-8.5075e+012	-8.4885e+012	8.4885e+012	5.2500e-015
-2.270e+000	3.0292e-007	-8.5264e+012	-8.5075e+012	8.5074e+012	5.2500e-015
-2.260e+000	3.0292e-007	-8.5453e+012	-8.5264e+012	8.5263e+012	5.2500e-015
-2.250e+000	3.0293e-007	-8.5642e+012	-8.5453e+012	8.5452e+012	5.2500e-015
-2.240e+000	3.0294e-007	-8.5831e+012	-8.5642e+012	8.5641e+012	5.2500e-015
-2.230e+000	3.0295e-007	-8.6020e+012	-8.5831e+012	8.5830e+012	5.2500e-015
-2.220e+000	3.0295e-007	-8.6209e+012	-8.6020e+012	8.6020e+012	5.2500e-015
-2.210e+000	3.0296e-007	-8.6398e+012	-8.6209e+012	8.6209e+012	5.2500e-015
-2.200e+000	3.0297e-007	-8.6587e+012	-8.6398e+012	8.6398e+012	5.2500e-015
-2.190e+000	3.0298e-007	-8.6776e+012	-8.6587e+012	8.6587e+012	5.2500e-015
-2.180e+000	3.0298e-007	-8.6965e+012	-8.6776e+012	8.6776e+012	5.2500e-015
-2.170e+000	3.0299e-007	-8.7155e+012	-8.6965e+012	8.6965e+012	5.2500e-015
-2.160e+000	3.0300e-007	-8.7344e+012	-8.7155e+012	8.7154e+012	5.2500e-015
-2.150e+000	3.0301e-007	-8.7533e+012	-8.7344e+012	8.7343e+012	5.2500e-015
-2.140e+000	3.0301e-007	-8.7722e+012	-8.7533e+012	8.7532e+012	5.2500e-015
-2.130e+000	3.0302e-007	-8.7911e+012	-8.7722e+012	8.7721e+012	5.2500e-015
-2.120e+000	3.0303e-007	-8.8100e+012	-8.7911e+012	8.7911e+012	5.2500e-015
-2.110e+000	3.0304e-007	-8.8289e+012	-8.8100e+012	8.8100e+012	5.2500e-015
-2.100e+000	3.0304e-007	-8.8478e+012	-8.8289e+012	8.8289e+012	5.2500e-015
-2.090e+000	3.0305e-007	-8.8668e+012	-8.8478e+012	8.8478e+012	5.2500e-015
-2.080e+000	3.0306e-007	-8.8857e+012	-8.8668e+012	8.8667e+012	5.2500e-015
-2.070e+000	3.0307e-007	-8.9046e+012	-8.8857e+012	8.8856e+012	5.2500e-015
-2.060e+000	3.0307e-007	-8.9235e+012	-8.9046e+012	8.9045e+012	5.2500e-015
-2.050e+000	3.0308e-007	-8.9424e+012	-8.9235e+012	8.9235e+012	5.2500e-015
-2.040e+000	3.0309e-007	-8.9613e+012	-8.9424e+012	8.9424e+012	5.2500e-015
-2.030e+000	3.0309e-007	-8.9803e+012	-8.9613e+012	8.9613e+012	5.2500e-015
-2.020e+000	3.0310e-007	-8.9992e+012	-8.9803e+012	8.9802e+012	5.2500e-015
-2.010e+000	3.0311e-007	-9.0181e+012	-8.9992e+012	8.9991e+012	5.2500e-015
-2.000e+000	3.0312e-007	-9.0370e+012	-9.0181e+012	9.0181e+012	5.2500e-015
-1.990e+000	3.0312e-007	-9.0559e+012	-9.0370e+012	9.0370e+012	5.2500e-015
-1.980e+000	3.0313e-007	-9.0749e+012	-9.0559e+012	9.0559e+012	5.2500e-015
-1.970e+000	3.0314e-007	-9.0938e+012	-9.0749e+012	9.0748e+012	5.2500e-015
-1.960e+000	3.0314e-007	-9.1127e+012	-9.0938e+012	9.0937e+012	5.2500e-015
-1.950e+000	3.0315e-007	-9.1316e+012	-9.1127e+012	9.1127e+012	5.2500e-015
-1.940e+000	3.0316e-007	-9.1505e+012	-9.1316e+012	9.1316e+012	5.2500e-015
-1.930e+000	3.0316e-007	-9.1695e+012	-9.1505e+012	9.1505e+012	5.2500e-015
-1.920e+000	3.0317e-007	-9.1884e+012	-9.1695e+012	9.1694e+012	5.2500e-015
-1.910e+000	3.0318e-007	-9.2073e+012	-9.1884e+012	9.1883e+012	5.2500e-015
-1.900e+000	3.0319e-007	-9.2262e+012	-9.2073e+012	9.2073e+012	5.2500e-015
-1.890e+000	3.0319e-007	-9.2451e+012	-9.2262e+012	9.2262e+012	5.2500e-015
-1.880e+000	3.0320e-007	-9.2641e+012	-9.2451e+012	9.2451e+012	5.2500e-015
-1.870e+000	3.0321e-007	-9.2830e+012	-9.2641e+012	9.2640e+012	5.2500e-015
-1.860e+000	3.0321e-007	-9.3019e+012	-9.2830e+012	9.2830e+012	5.2500e-015
-1.850e+000	3.0322e-007	-9.3208e+012	-9.3019e+012	9.3019e+012	5.2500e-015
-1.840e+000	3.0323e-007	-9.3398e+012	-9.3208e+012	9.3208e+012	5.2500e-015
-1.830e+000	3.0323e-007	-9.3587e+012	-9.3398e+012	9.3397e+012	5.2500e-015
-1.820e+000	3.0324e-007	-9.3776e+012	-9.3587e+012	9.3587e+012	5.2500e-015
-1.810e+000	3.0325e-007	-9.3966e+012	-9.3776e+012	9.3776e+012	5.2500e-015
-1.800e+000	3.0325e-007	-9.4155e+012	-9.3966e+012	9.3965e+012	5.2500e-015
-1.790e+000	3.0326e-007	-9.4344e+012	-9.4155e+012	9.4154e+012	5.2500e-015
-1.780e+000	3.0327e-007	-9.4533e+012	-9.4344e+012	9.4344e+012	5.2500e-015
-1.770e+000	3.0327e-007	-9.4723e+012	-9.4533e+012	9.4533e+012	5.2500e-015
-1.760e+000	3.0328e-007	-9.4912e+012	-9.4723e+012	9.4722e+012	5.2500e-015
-1.750e+000	3.0329e-007	-9.5101e+012	-9.4912e+012	9.4912e+012	5.2500e-015
-1.740e+000	3.0329e-007	-9.5291e+012	-9.5101e+012	9.5101e+012	5.2500e-015
-1.730e+000	3.0330e-007	-9.5480e+012	-9.5291e+012	9.5290e+012	5.2500e-015
-1.720e+000	3.0331e-007	-9.5669e+012	-9.5480e+012	9.5479e+012	5.2500e-015
-1.710e+000	3.0331e-007	-9.5858e+012	-9.5669e+012	9.5669e+012	5.2500e-015
-1.700e+000	3.0332e-007	-9.6048e+012	-9.5858e+012	9.5858e+012	5.2500e-015
-1.690e+000	3.0333e-007	-9.6237e+012	-9.6048e+012	9.6047e+012	5.2500e-015
-1.680e+000	3.0333e-007	-9.6426e+012	-9.6237e+012	9.6237e+012	5.2500e-015
-1.670e+000	3.0334e-007	-9.6616e+012	-9.6426e+012	9.6426e+012	5.2500e-015
-1.660e+000	3.0335e-007	-9.6805e+012	-9.6616e+012	9.6615e+012	5.2500e-015
-1.650e+000	3.0335e-007	-9.6994e+012	-9.6805e+012	9.6805e+012	5.2500e-015
-1.640e+000	3.0336e-007	-9.7184e+012	-9.6994e+012	9.6994e+012	5.2500e-015
-1.630e+000	3.0337e-007	-9.7373e+012	-9.7184e+012	9.7183e+012	5.2500e-015
-1.620e+000	3.0337e-007	-9.7562e+012	-9.7373e+012	9.7373e+012	5.2500e-015
-1.610e+000	3.0338e-007	-9.7752e+012	-9.7562e+012	9.7562e+012	5.2500e-015
-1.600e+000	3.0338e-007	-9.7941e+012	-9.7752e+012	9.7751e+012	5.2500e-015
-1.590e+000	3.0339e-007	-9.8131e+012	-9.7941e+012	9.7941e+012	5.2500e-015
-1.580e+000	3.0340e-007	-9.8320e+012	-9.8131e+012	9.8130e+012	5.2500e-015
-1.570e+000	3.0340e-007	-9.8509e+012	-9.8320e+012	9.8320e+012	5.2500e-015
-1.560e+000	3.0341e-007	-9.8699e+012	-9.8509e+012	9.8509e+012	5.2500e-015
-1.550e+000	3.0342e-007	-9.8888e+012	-9.8699e+012	9.8698e+012	5.2500e-015
-1.540e+000	3.0342e-007	-9.9077e+012	-9.8888e+012	9.8888e+012	5.2500e-015
-1.530e+000	3.0343e-007	-9.9267e+012	-9.9077e+012	9.9077e+012	5.2500e-015
-1.520e+000	3.0343e-007	-9.9456e+012	-9.9267e+012	9.9266e+012	5.2500e-015
-1.510e+000	3.0344e-007	-9.9646e+012	-9.9456e+012	9.9456e+012	5.2500e-015
-1.500e+000	3.0345e-007	-9.9835e+012	-9.9646e+012	9.9645e+012	5.2500e-015
-1.490e+000	3.0345e-007	-1.0002e+013	-9.9835e+012	9.9835e+012	5.2500e-015
-1.480e+000	3.0346e-007	-1.0021e+013	-1.0002e+013	1.0002e+013	5.2500e-015
-1.470e+000	3.0347e-007	-1.0040e+013	-1.0021e+013	1.0021e+013	5.2500e-015
-1.460e+000	3.0347e-007	-1.0059e+013	-1.0040e+013	1.0040e+013	5.2500e-015
-1.450e+000	3.0348e-007	-1.0078e+013	-1.0059e+013	1.0059e+013	5.2500e-015
-1.440e+000	3.0348e-007	-1.0097e+013	-1.0078e+013	1.0078e+013	5.2500e-015
-1.430e+000	3.0349e-007	-1.0116e+013	-1.0097e+013	1.0097e+013	5.2500e-015
-1.420e+000	3.0350e-007	-1.0135e+013	-1.0116e+013	1.0116e+013	5.2500e-015
-1.410e+000	3.0350e-007	-1.0154e+013	-1.0135e+013	1.0135e+013	5.2500e-015
-1.400e+000	3.0351e-007	-1.0173e+013	-1.0154e+013	1.0154e+013	5.2500e-015
-1.390e+000	3.0351e-007	-1.0192e+013	-1.0173e+013	1.0173e+013	5.2500e-015
-1.380e+000	3.0352e-007	-1.0211e+013	-1.0192e+013	1.0192e+013	5.2500e-015
-1.370e+000	3.0353e-007	-1.0230e+013	-1.0211e+013	1.0211e+013	5.2500e-015
-1.360e+000	3.0353e-007	-1.0249e+013	-1.0230e+013	1.0230e+013	5.2500e-015
-1.350e+000	3.0354e-007	-1.0268e+013	-1.0249e+013	1.0249e+013	5.2500e-015
-1.340e+000	3.0354e-007	-1.0287e+013	-1.0268e+013	1.0268e+013	5.2500e-015
-1.330e+000	3.0355e-007	-1.0306e+013	-1.0287e+013	1.0287e+013	5.2500e-015
-1.320e+000	3.0356e-007	-1.0324e+013	-1.0306e+013	1.0305e+013	5.2500e-015
-1.310e+000	3.0356e-007	-1.0343e+013	-1.0324e+013	1.0324e+013	5.2500e-015
-1.300e+000	3.0357e-007	-1.0362e+013	-1.0343e+013	1.0343e+013	5.2500e-015
-1.290e+000	3.0357e-007	-1.0381e+013	-1.0362e+013	1.0362e+013	5.2500e-015
-1.280e+000	3.0358e-007	-1.0400e+013	-1.0381e+013	1.0381e+013	5.2500e-015
-1.270e+000	3.0359e-007	-1.0419e+013	-1.0400e+013	1.0400e+013	5.2500e-015
-1.260e+000	3.0359e-007	-1.0438e+013	-1.0419e+013	1.0419e+013	5.2500e-015
-1.250e+000	3.0360e-007	-1.0457e+013	-1.0438e+013	1.0438e+013	5.2500e-015
-1.240e+000	3.0360e-007	-1.0476e+013	-1.0457e+013	1.0457e+013	5.2500e-015
-1.230e+000	3.0361e-007	-1.0495e+013	-1.0476e+013	1.0476e+013	5.2500e-015
-1.220e+000	3.0361e-007	-1.0514e+013	-1.0495e+013	1.0495e+013	5.2500e-015
-1.210e+000	3.0362e-007	-1.0533e+013	-1.0514e+013	1.0514e+013	5.2500e-015
-1.200e+000	3.0363e-007	-1.0552e+013	-1.0533e+013	1.0533e+013	5.2500e-015
-1.190e+000	3.0363e-007	-1.0571e+013	-1.0552e+013	1.0552e+013	5.2500e-015
-1.180e+000	3.0364e-007	-1.0590e+013	-1.0571e+013	1.0571e+013	5.2500e-015
-1.170e+000	3.0364e-007	-1.0609e+013	-1.0590e+013	1.0590e+013	5.2500e-015
-1.160e+000	3.0365e-007	-1.0628e+013	-1.0609e+013	1.0609e+013	5.2500e-015
-1.150e+000	3.0365e-007	-1.0647e+013	-1.0628e+013	1.0628e+013	5.2500e-015
-1.140e+000	3.0366e-007	-1.0666e+013	-1.0647e+013	1.0647e+013	5.2500e-015
-1.130e+000	3.0367e-007	-1.0685e+013	-1.0666e+013	1.0666e+013	5.2500e-015
-1.120e+000	3.0367e-007	-1.0703e+013	-1.0685e+013	1.0684e+013	5.2500e-015
-1.110e+000	3.0368e-007	-1.0722e+013	-1.0703e+013	1.0703e+013	5.2500e-015
-1.100e+000	3.0368e-007	-1.0741e+013	-1.0722e+013	1.0722e+013	5.2500e-015
-1.090e+000	3.0369e-007	-1.0760e+013	-1.0741e+013	1.0741e+013	5.2500e-015
-1.080e+000	3.0369e-007	-1.0779e+013	-1.0760e+013	1.0760e+013	5.2500e-015
-1.070e+000	3.0370e-007	-1.0798e+013	-1.0779e+013	1.0779e+013	5.2500e-015
-1.060e+000	3.0371e-007	-1.0817e+013	-1.0798e+013	1.0798e+013	5.2500e-015
-1.050e+000	3.0371e-007	-1.0836e+013	-1.0817e+013	1.0817e+013	5.2500e-015
-1.040e+000	3.0372e-007	-1.0855e+013	-1.0836e+013	1.0836e+013	5.2500e-015
-1.030e+000	3.0372e-007	-1.0874e+013	-1.0855e+013	1.0855e+013	5.2500e-015
-1.020e+000	3.0373e-007	-1.0893e+013	-1.0874e+013	1.0874e+013	5.2500e-015
-1.010e+000	3.0373e-007	-1.0912e+013	-1.0893e+013	1.0893e+013	5.2500e-015
-1.000e+000	3.0374e-007	-1.0931e+013	-1.0912e+013	1.0912e+013	5.2500e-015
-9.900e-001	3.0374e-007	-1.0950e+013	-1.0931e+013	1.0931e+013	5.2500e-015
-9.800e-001	3.0375e-007	-1.0969e+013	-1.0950e+013	1.0950e+013	5.2500e-015
-9.700e-001	3.0375e-007	-1.0988e+013	-1.0969e+013	1.0969e+013	5.2500e-015
-9.600e-001	3.0376e-007	-1.1007e+013	-1.0988e+013	1.0988e+013	5.2500e-015
-9.500e-001	3.0377e-007	-1.1026e+013	-1.1007e+013	1.1007e+013	5.2500e-015
-9.400e-001	3.0377e-007	-1.1045e+013	-1.1026e+013	1.1026e+013	5.2500e-015
-9.300e-001	3.0378e-007	-1.1064e+013	-1.1045e+013	1.1045e+013	5.2500e-015
-9.200e-001	3.0378e-007	-1.1083e+013	-1.1064e+013	1.1064e+013	5.2500e-015
-9.100e-001	3.0379e-007	-1.1102e+013	-1.1083e+013	1.1083e+013	5.2500e-015
-9.000e-001	3.0379e-007	-1.1121e+013	-1.1102e+013	1.1102e+013	5.2500e-015
-8.900e-001	3.0380e-007	-1.1140e+013	-1.1121e+013	1.1121e+013	5.2500e-015
-8.800e-001	3.0380e-007	-1.1158e+013	-1.1140e+013	1.1139e+013	5.2500e-015
-8.700e-001	3.0381e-007	-1.1177e+013	-1.1158e+013	1.1158e+013	5.2500e-015
-8.600e-001	3.0381e-007	-1.1196e+013	-1.1177e+013	1.1177e+013	5.2500e-015
-8.500e-001	3.0382e-007	-1.1215e+013	-1.1196e+013	1.1196e+013	5.2500e-015
-8.400e-001	3.0382e-007	-1.1234e+013	-1.1215e+013	1.1215e+013	5.2500e-015
-8.300e-001	3.0383e-007	-1.1253e+013	-1.1234e+013	1.1234e+013	5.2500e-015
-8.200e-001	3.0383e-007	-1.1272e+013	-1.1253e+013	1.1253e+013	5.2500e-015
-8.100e-001	3.0384e-007	-1.1291e+013	-1.1272e+013	1.1272e+013	5.2500e-015
-8.000e-001	3.0385e-007	-1.1310e+013	-1.1291e+013	1.1291e+013	5.2500e-015
-7.900e-001	3.0385e-007	-1.1329e+013	-1.1310e+013	1.1310e+013	5.2500e-015
-7.800e-001	3.0386e-007	-1.1348e+013	-1.1329e+013	1.1329e+013	5.2500e-015
-7.700e-001	3.0386e-007	-1.1367e+013	-1.1348e+013	1.1348e+013	5.2500e-015
-7.600e-001	3.0387e-007	-1.1386e+013	-1.1367e+013	1.1367e+013	5.2500e-015
-7.500e-001	3.0387e-007	-1.1405e+013	-1.1386e+013	1.1386e+013	5.2500e-015
-7.400e-001	3.0388e-007	-1.1424e+013	-1.1405e+013	1.1405e+013	5.2500e-015
-7.300e-001	3.0388e-007	-1.1443e+013	-1.1424e+013	1.1424e+013	5.2500e-015
-7.200e-001	3.0389e-007	-1.1462e+013	-1.1443e+013	1.1443e+013	5.2500e-015
-7.100e-001	3.0389e-007	-1.1481e+013	-1.1462e+013	1.1462e+013	5.2500e-015
-7.000e-001	3.0390e-007	-1.1500e+013	-1.1481e+013	1.1481e+013	5.2500e-015
-6.900e-001	3.0390e-007	-1.1519e+013	-1.1500e+013	1.1500e+013	5.2500e-015
-6.800e-001	3.0391e-007	-1.1538e+013	-1.1519e+013	1.1519e+013	5.2500e-015
-6.700e-001	3.0391e-007	-1.1557e+013	-1.1538e+013	1.1538e+013	5.2500e-015
-6.600e-001	3.0392e-007	-1.1576e+013	-1.1557e+013	1.1557e+013	5.2500e-015
-6.500e-001	3.0392e-007	-1.1595e+013	-1.1576e+013	1.1576e+013	5.2500e-015
-6.400e-001	3.0393e-007	-1.1614e+013	-1.1595e+013	1.1595e+013	5.2500e-015
-6.300e-001	3.0393e-007	-1.1633e+013	-1.1614e+013	1.1614e+013	5.2500e-015
-6.200e-001	3.0394e-007	-1.1652e+013	-1.1633e+013	1.1633e+013	5.2500e-015
-6.100e-001	3.0394e-007	-1.1671e+013	-1.1652e+013	1.1652e+013	5.2500e-015
-6.000e-001	3.0395e-007	-1.1690e+013	-1.1671e+013	1.1671e+013	5.2500e-015
-5.900e-001	3.0395e-007	-1.1709e+013	-1.1690e+013	1.1689e+013	5.2500e-015
-5.800e-001	3.0396e-007	-1.1727e+013	-1.1709e+013	1.1708e+013	5.2500e-015
-5.700e-001	3.0396e-007	-1.1746e+013	-1.1727e+013	1.1727e+013	5.2500e-015
-5.600e-001	3.0397e-007	-1.1765e+013	-1.1746e+013	1.1746e+013	5.2500e-015
-5.500e-001	3.0397e-007	-1.1784e+013	-1.1765e+013	1.1765e+013	5.2500e-015
-5.400e-001	3.0398e-007	-1.1803e+013	-1.1784e+013	1.1784e+013	5.2500e-015
-5.300e-001	3.0398e-007	-1.1822e+013	-1.1803e+013	1.1803e+013	5.2500e-015
-5.200e-001	3.0399e-007	-1.1841e+013	-1.1822e+013	1.1822e+013	5.2500e-015
-5.100e-001	3.0399e-007	-1.1860e+013	-1.1841e+013	1.1841e+013	5.2500e-015
-5.000e-001	3.0400e-007	-1.1879e+013	-1.1860e+013	1.1860e+013	5.2500e-015
-4.900e-001	3.0400e-007	-1.1898e+013	-1.1879e+013	1.1879e+013	5.2500e-015
-4.800e-001	3.0401e-007	-1.1917e+013	-1.1898e+013	1.1898e+013	5.2500e-015
-4.700e-001	3.0401e-007	-1.1936e+013	-1.1917e+013	1.1917e+013	5.2500e-015
-4.600e-001	3.0402e-007	-1.1955e+013	-1.1936e+013	1.1936e+013	5.2500e-015
-4.500e-001	3.0402e-007	-1.1974e+013	-1.1955e+013	1.1955e+013	5.2500e-015
-4.400e-001	3.0403e-007	-1.1993e+013	-1.1974e+013	1.1974e+013	5.2500e-015
-4.300e-001	3.0403e-007	-1.2012e+013	-1.1993e+013	1.1993e+013	5.2500e-015
-4.200e-001	3.0404e-007	-1.2031e+013	-1.2012e+013	1.2012e+013	5.2500e-015
-4.100e-001	3.0404e-007	-1.2050e+013	-1.2031e+013	1.2031e+013	5.2500e-015
-4.000e-001	3.0405e-007	-1.2069e+013	-1.2050e+013	1.2050e+013	5.2500e-015
-3.900e-001	3.0405e-007	-1.2088e+013	-1.2069e+013	1.2069e+013	5.2500e-015
-3.800e-001	3.0406e-007	-1.2107e+013	-1.2088e+013	1.2088e+013	5.2500e-015
-3.700e-001	3.0406e-007	-1.2126e+013	-1.2107e+013	1.2107e+013	5.2500e-015
-3.600e-001	3.0406e-007	-1.2145e+013	-1.2126e+013	1.2126e+013	5.2500e-015
-3.500e-001	3.0407e-007	-1.2164e+013	-1.2145e+013	1.2145e+013	5.2500e-015
-3.400e-001	3.0407e-007	-1.2183e+013	-1.2164e+013	1.2164e+013	5.2500e-015
-3.300e-001	3.0408e-007	-1.2202e+013	-1.2183e+013	1.2183e+013	5.2500e-015
-3.200e-001	3.0408e-007	-1.2221e+013	-1.2202e+013	1.2202e+013	5.2500e-015
-3.100e-001	3.0409e-007	-1.2240e+013	-1.2221e+013	1.2221e+013	5.2500e-015
-3.000e-001	3.0409e-007	-1.2259e+013	-1.2240e+013	1.2240e+013	5.2500e-015
-2.900e-001	3.0410e-007	-1.2278e+013	-1.2259e+013	1.2259e+013	5.2500e-015
-2.800e-001	3.0410e-007	-1.2297e+013	-1.2278e+013	1.2278e+013	5.2500e-015
-2.700e-001	3.0411e-007	-1.2316e+013	-1.2297e+013	1.2297e+013	5.2500e-015
-2.600e-001	3.0411e-007	-1.2335e+013	-1.2316e+013	1.2316e+013	5.2500e-015
-2.500e-001	3.0412e-007	-1.2354e+013	-1.2335e+013	1.2335e+013	5.2500e-015
-2.400e-001	3.0412e-007	-1.2373e+013	-1.2354e+013	1.2354e+013	5.2500e-015
-2.300e-001	3.0413e-007	-1.2392e+013	-1.2373e+013	1.2373e+013	5.2500e-015
-2.200e-001	3.0413e-007	-1.2411e+013	-1.2392e+013	1.2392e+013	5.2500e-015
-2.100e-001	3.0413e-007	-1.2430e+013	-1.2411e+013	1.2411e+013	5.2500e-015
-2.000e-001	3.0414e-007	-1.2449e+013	-1.2430e+013	1.2430e+013	5.2500e-015
-1.900e-001	3.0414e-007	-1.2468e+013	-1.2449e+013	1.2449e+013	5.2500e-015
-1.800e-001	3.0415e-007	-1.2487e+013	-1.2468e+013	1.2468e+013	5.2500e-015
-1.700e-001	3.0415e-007	-1.2506e+013	-1.2487e+013	1.2487e+013	5.2500e-015
-1.600e-001	3.0416e-007	-1.2525e+013	-1.2506e+013	1.2506e+013	5.2500e-015
-1.500e-001	3.0416e-007	-1.2544e+013	-1.2525e+013	1.2525e+013	5.2500e-015
-1.400e-001	3.0417e-007	-1.2563e+013	-1.2544e+013	1.2544e+013	5.2500e-015
-1.300e-001	3.0417e-007	-1.2582e+013	-1.2563e+013	1.2562e+013	5.2500e-015
-1.200e-001	3.0418e-007	-1.2600e+013	-1.2582e+013	1.2581e+013	5.2500e-015
-1.100e-001	3.0418e-007	-1.2619e+013	-1.2600e+013	1.2600e+013	5.2500e-015
-1.000e-001	3.0418e-007	-1.2638e+013	-1.2619e+013	1.2619e+013	5.2500e-015
-9.000e-002	3.0419e-007	-1.2657e+013	-1.2638e+013	1.2638e+013	5.2500e-015
-8.000e-002	3.0419e-007	-1.2676e+013	-1.2657e+013	1.2657e+013	5.2500e-015
-7.000e-002	3.0420e-007	-1.2695e+013	-1.2676e+013	1.2676e+013	5.2500e-015
-6.000e-002	3.0420e-007	-1.2714e+013	-1.2695e+013	1.2695e+013	5.2500e-015
-5.000e-002	3.0421e-007	-1.2733e+013	-1.2714e+013	1.2714e+013	5.2500e-015
-4.000e-002	3.0421e-007	-1.2752e+013	-1.2733e+013	1.2733e+013	5.2500e-015
-3.000e-002	3.0422e-007	-1.2771e+013	-1.2752e+013	1.2752e+013	5.2500e-015
-2.000e-002	3.0422e-007	-1.2790e+013	-1.2771e+013	1.2771e+013	5.2500e-015
-1.000e-002	3.0422e-007	-1.2809e+013	-1.2790e+013	1.2790e+013	5.2500e-015
0.000e+000	3.0423e-007	-1.2828e+013	-1.2809e+013	1.2809e+013	5.2500e-015
1.000e-002	3.0423e-007	-1.2847e+013	-1.2828e+013	1.2828e+013	5.2500e-015
2.000e-002	3.0424e-007	-1.2866e+013	-1.2847e+013	1.2847e+013	5.2500e-015
3.000e-002	3.0424e-007	-1.2885e+013	-1.2866e+013	1.2866e+013	5.2500e-015
4.000e-002	3.0425e-007	-1.2904e+013	-1.2885e+013	1.2885e+013	5.2500e-015
5.000e-002	3.0425e-007	-1.2923e+013	-1.2904e+013	1.2904e+013	5.2500e-015
6.000e-002	3.0426e-007	-1.2942e+013	-1.2923e+013	1.2923e+013	5.2500e-015
7.000e-002	3.0426e-007	-1.2961e+013	-1.2942e+013	1.2942e+013	5.2500e-015
8.000e-002	3.0426e-007	-1.2980e+013	-1.2961e+013	1.2961e+013	5.2500e-015
9.000e-002	3.0427e-007	-1.2999e+013	-1.2980e+013	1.2980e+013	5.2500e-015
1.000e-001	3.0427e-007	-1.3018e+013	-1.2999e+013	1.2999e+013	5.2500e-015
1.100e-001	3.0428e-007	-1.3037e+013	-1.3018e+013	1.3018e+013	5.2500e-015
1.200e-001	3.0428e-007	-1.3056e+013	-1.3037e+013	1.3037e+013	5.2500e-015
1.300e-001	3.0429e-007	-1.3075e+013	-1.3056e+013	1.3056e+013	5.2500e-015
1.400e-001	3.0427e-007	-1.3094e+013	-1.3075e+013	1.3075e+013	5.2500e-015
1.500e-001	3.0425e-007	-1.3113e+013	-1.3094e+013	1.3094e+013	5.2500e-015
1.600e-001	3.0426e-007	-1.3132e+013	-1.3113e+013	1.3113e+013	5.2500e-015
1.700e-001	3.0426e-007	-1.3151e+013	-1.3132e+013	1.3132e+013	5.2500e-015
1.800e-001	3.0426e-007	-1.3170e+013	-1.3151e+013	1.3151e+013	5.2500e-015
1.900e-001	3.0427e-007	-1.3189e+013	-1.3170e+013	1.3170e+013	5.2500e-015
2.000e-001	3.0427e-007	-1.3208e+013	-1.3189e+013	1.3189e+013	5.2500e-015
2.100e-001	3.0428e-007	-1.3227e+013	-1.3208e+013	1.3208e+013	5.2500e-015
2.200e-001	3.0428e-007	-1.3246e+013	-1.3227e+013	1.3227e+013	5.2500e-015
2.300e-001	3.0428e-007	-1.3265e+013	-1.3246e+013	1.3246e+013	5.2500e-015
2.400e-001	3.0429e-007	-1.3284e+013	-1.3265e+013	1.3265e+013	5.2500e-015
2.500e-001	3.0429e-007	-1.3303e+013	-1.3284e+013	1.3284e+013	5.2500e-015
2.600e-001	3.0430e-007	-1.3322e+013	-1.3303e+013	1.3303e+013	5.2500e-015
2.700e-001	3.0430e-007	-1.3341e+013	-1.3322e+013	1.3322e+013	5.2500e-015
2.800e-001	3.0430e-007	-1.3360e+013	-1.3341e+013	1.3341e+013	5.2500e-015
2.900e-001	3.0431e-007	-1.3379e+013	-1.3360e+013	1.3360e+013	5.2500e-015
3.000e-001	3.0431e-007	-1.3398e+013	-1.3379e+013	1.3379e+013	5.2500e-015
3.100e-001	3.0432e-007	-1.3417e+013	-1.3398e+013	1.3398e+013	5.2500e-015
3.200e-001	3.0432e-007	-1.3436e+013	-1.3417e+013	1.3417e+013	5.2500e-015
3.300e-001	3.0432e-007	-1.3455e+013	-1.3436e+013	1.3436e+013	5.2500e-015
3.400e-001	3.0433e-007	-1.3474e+013	-1.3455e+013	1.3455e+013	5.2500e-015
3.500e-001	3.0433e-007	-1.3493e+013	-1.3474e+013	1.3474e+013	5.2500e-015
3.600e-001	3.0434e-007	-1.3512e+013	-1.3493e+013	1.3493e+013	5.2500e-015
3.700e-001	3.0434e-007	-1.3531e+013	-1.3512e+013	1.3512e+013	5.2500e-015
3.800e-001	3.0434e-007	-1.3550e+013	-1.3531e+013	1.3531e+013	5.2500e-015
3.900e-001	3.0435e-007	-1.3569e+013	-1.3550e+013	1.3550e+013	5.2500e-015
4.000e-001	3.0435e-007	-1.3588e+013	-1.3569e+013	1.3569e+013	5.2500e-015
4.100e-001	3.0436e-007	-1.3607e+013	-1.3588e+013	1.3588e+013	5.2500e-015
4.200e-001	3.0436e-007	-1.3626e+013	-1.3607e+013	1.3607e+013	5.2500e-015
4.300e-001	3.0436e-007	-1.3645e+013	-1.3626e+013	1.3626e+013	5.2500e-015
4.400e-001	3.0437e-007	-1.3664e+013	-1.3645e+013	1.3645e+013	5.2500e-015
4.500e-001	3.0437e-007	-1.3683e+013	-1.3664e+013	1.3664e+013	5.2500e-015
4.600e-001	3.0438e-007	-1.3702e+013	-1.3683e+013	1.3683e+013	5.2500e-015
4.700e-001	3.0438e-007	-1.3721e+013	-1.3702e+013	1.3702e+013	5.2500e-015
4.800e-001	3.0438e-007	-1.3740e+013	-1.3721e+013	1.3721e+013	5.2500e-015
4.900e-001	3.0439e-007	-1.3759e+013	-1.3740e+013	1.3740e+013	5.2500e-015
5.000e-001	3.0439e-007	-1.3778e+013	-1.3759e+013	1.3759e+013	5.2500e-015
5.100e-001	3.0440e-007	-1.3797e+013	-1.3778e+013	1.3778e+013	5.2500e-015
5.200e-001	3.0440e-007	-1.3816e+013	-1.3797e+013	1.3797e+013	5.2500e-015
5.300e-001	3.0440e-007	-1.3835e+013	-1.3816e+013	1.3816e+013	5.2500e-015
5.400e-001	3.0441e-007	-1.3854e+013	-1.3835e+013	1.3835e+013	5.2500e-015
5.500e-001	3.0441e-007	-1.3873e+013	-1.3854e+013	1.3854e+013	5.2500e-015
5.600e-001	3.0442e-007	-1.3892e+013	-1.3873e+013	1.3873e+013	5.2500e-015
5.700e-001	3.0442e-007	-1.3911e+013	-1.3892e+013	1.3892e+013	5.2500e-015
5.800e-001	3.0442e-007	-1.3930e+013	-1.3911e+013	1.3911e+013	5.2500e-015
5.900e-001	3.0443e-007	-1.3949e+013	-1.3930e+013	1.3930e+013	5.2500e-015
6.000e-001	3.0443e-007	-1.3968e+013	-1.3949e+013	1.3949e+013	5.2500e-015
6.100e-001	3.0444e-007	-1.3987e+013	-1.3968e+013	1.3968e+013	5.2500e-015
6.200e-001	3.0444e-007	-1.4006e+013	-1.3987e+013	1.3987e+013	5.2500e-015
6.300e-001	3.0444e-007	-1.4025e+013	-1.4006e+013	1.4006e+013	5.2500e-015
6.400e-001	3.0445e-007	-1.4044e+013	-1.4025e+013	1.4025e+013	5.2500e-015
6.500e-001	3.0445e-007	-1.4063e+013	-1.4044e+013	1.4044e+013	5.2500e-015
6.600e-001	3.0445e-007	-1.4082e+013	-1.4063e+013	1.4063e+013	5.2500e-015
6.700e-001	3.0446e-007	-1.4101e+013	-1.4082e+013	1.4082e+013	5.2500e-015
6.800e-001	3.0446e-007	-1.4120e+013	-1.4101e+013	1.4101e+013	5.2500e-015
6.900e-001	3.0447e-007	-1.4139e+013	-1.4120e+013	1.4120e+013	5.2500e-015
7.000e-001	3.0447e-007	-1.4158e+013	-1.4139e+013	1.4139e+013	5.2500e-015
7.100e-001	3.0447e-007	-1.4177e+013	-1.4158e+013	1.4158e+013	5.2500e-015
7.200e-001	3.0448e-007	-1.4196e+013	-1.4177e+013	1.4177e+013	5.2500e-015
7.300e-001	3.0448e-007	-1.4215e+013	-1.4196e+013	1.4196e+013	5.2500e-015
7.400e-001	3.0449e-007	-1.4234e+013	-1.4215e+013	1.4215e+013	5.2500e-015
7.500e-001	3.0449e-007	-1.4253e+013	-1.4234e+013	1.4234e+013	5.2500e-015
7.600e-001	3.0449e-007	-1.4272e+013	-1.4253e+013	1.4253e+013	5.2500e-015
7.700e-001	3.0450e-007	-1.4291e+013	-1.4272e+013	1.4272e+013	5.2500e-015
7.800e-001	3.0450e-007	-1.4310e+013	-1.4291e+013	1.4291e+013	5.2500e-015
7.900e-001	3.0450e-007	-1.4329e+013	-1.4310e+013	1.4310e+013	5.2500e-015
8.000e-001	3.0451e-007	-1.4348e+013	-1.4329e+013	1.4329e+013	5.2500e-015
8.100e-001	3.0451e-007	-1.4367e+013	-1.4348e+013	1.4348e+013	5.2500e-015
8.200e-001	3.0452e-007	-1.4386e+013	-1.4367e+013	1.4367e+013	5.2500e-015
8.300e-001	3.0452e-007	-1.4405e+013	-1.4386e+013	1.4386e+013	5.2500e-015
8.400e-001	3.0452e-007	-1.4424e+013	-1.4405e+013	1.4405e+013	5.2500e-015
8.500e-001	3.0453e-007	-1.4443e+013	-1.4424e+013	1.4424e+013	5.2500e-015
8.600e-001	3.0453e-007	-1.4462e+013	-1.4443e+013	1.4443e+013	5.2500e-015
8.700e-001	3.0453e-007	-1.4481e+013	-1.4462e+013	1.4462e+013	5.2500e-015
8.800e-001	3.0454e-007	-1.4500e+013	-1.4481e+013	1.4481e+013	5.2500e-015
8.900e-001	3.0454e-007	-1.4519e+013	-1.4500e+013	1.4500e+013	5.2500e-015
9.000e-001	3.0455e-007	-1.4538e+013	-1.4519e+013	1.4519e+013	5.2500e-015
9.100e-001	3.0455e-007	-1.4557e+013	-1.4538e+013	1.4538e+013	5.2500e-015
9.200e-001	3.0455e-007	-1.4576e+013	-1.4557e+013	1.4557e+013	5.2500e-015
9.300e-001	3.0456e-007	-1.4595e+013	-1.4576e+013	1.4576e+013	5.2500e-015
9.400e-001	3.0456e-007	-1.4614e+013	-1.4595e+013	1.4595e+013	5.2500e-015
9.500e-001	3.0457e-007	-1.4633e+013	-1.4614e+013	1.4614e+013	5.2500e-015
9.600e-001	3.0457e-007	-1.4652e+013	-1.4633e+013	1.4633e+013	5.2500e-015
9.700e-001	3.0457e-007	-1.4671e+013	-1.4652e+013	1.4652e+013	5.2500e-015
9.800e-001	3.0458e-007	-1.4690e+013	-1.4671e+013	1.4671e+013	5.2500e-015
9.900e-001	3.0458e-007	-1.4709e+013	-1.4690e+013	1.4690e+013	5.2500e-015
1.000e+000	3.0458e-007	-1.4728e+013	-1.4709e+013	1.4709e+013	5.2500e-015
1.010e+000	3.0459e-007	-1.4747e+013	-1.4728e+013	1.4728e+013	5.2500e-015
1.020e+000	3.0459e-007	-1.4766e+013	-1.4747e+013	1.4747e+013	5.2500e-015
1.030e+000	3.0460e-007	-1.4785e+013	-1.4766e+013	1.4766e+013	5.2500e-015
1.040e+000	3.0460e-007	-1.4804e+013	-1.4785e+013	1.4785e+013	5.2500e-015
1.050e+000	3.0460e-007	-1.4823e+013	-1.4804e+013	1.4804e+013	5.2500e-015
1.060e+000	3.0461e-007	-1.4842e+013	-1.4823e+013	1.4823e+013	5.2500e-015
1.070e+000	3.0461e-007	-1.4861e+013	-1.4842e+013	1.4842e+013	5.2500e-015
1.080e+000	3.0462e-007	-1.4880e+013	-1.4861e+013	1.4861e+013	5.2500e-015
1.090e+000	3.0462e-007	-1.4899e+013	-1.4880e+013	1.4880e+013	5.2500e-015
1.100e+000	3.0463e-007	-1.4918e+013	-1.4899e+013	1.4899e+013	5.2500e-015
1.110e+000	3.0463e-007	-1.4937e+013	-1.4918e+013	1.4918e+013	5.2500e-015
1.120e+000	3.0464e-007	-1.4956e+013	-1.4937e+013	1.4937e+013	5.2500e-015
1.130e+000	3.0464e-007	-1.4975e+013	-1.4956e+013	1.4956e+013	5.2500e-015
1.140e+000	3.0465e-007	-1.4994e+013	-1.4975e+013	1.4975e+013	5.2500e-015
1.150e+000	3.0466e-007	-1.5013e+013	-1.4994e+013	1.4994e+013	5.2500e-015
1.160e+000	3.0467e-007	-1.5032e+013	-1.5013e+013	1.5013e+013	5.2500e-015
1.170e+000	3.0469e-007	-1.5051e+013	-1.5032e+013	1.5032e+013	5.2500e-015
1.180e+000	3.0471e-007	-1.5070e+013	-1.5051e+013	1.5051e+013	5.2500e-015
1.190e+000	3.0473e-007	-1.5090e+013	-1.5070e+013	1.5070e+013	5.2500e-015
1.200e+000	3.0477e-007	-1.5109e+013	-1.5090e+013	1.5089e+013	5.2500e-015
1.210e+000	3.0482e-007	-1.5128e+013	-1.5109e+013	1.5108e+013	5.2500e-015
1.220e+000	3.0490e-007	-1.5147e+013	-1.5128e+013	1.5128e+013	5.2500e-015
1.230e+000	3.0500e-007	-1.5166e+013	-1.5147e+013	1.5147e+013	5.2500e-015
1.240e+000	3.0515e-007	-1.5185e+013	-1.5166e+013	1.5166e+013	5.2500e-015
1.250e+000	3.0536e-007	-1.5204e+013	-1.5185e+013	1.5185e+013	5.2500e-015
1.260e+000	3.0566e-007	-1.5223e+013	-1.5204e+013	1.5204e+013	5.2500e-015
1.270e+000	3.0609e-007	-1.5242e+013	-1.5223e+013	1.5223e+013	5.2500e-015
1.280e+000	3.0672e-007	-1.5261e+013	-1.5242e+013	1.5242e+013	5.2500e-015
1.290e+000	3.0762e-007	-1.5280e+013	-1.5261e+013	1.5261e+013	5.2500e-015
1.300e+000	3.0891e-007	-1.5300e+013	-1.5280e+013	1.5280e+013	5.2500e-015
1.310e+000	3.1078e-007	-1.5319e+013	-1.5300e+013	1.5299e+013	5.2500e-015
1.320e+000	3.1348e-007	-1.5338e+013	-1.5319e+013	1.5319e+013	5.2500e-015
1.330e+000	3.1736e-007	-1.5358e+013	-1.5338e+013	1.5338e+013	5.2500e-015
1.340e+000	3.2295e-007	-1.5378e+013	-1.5358e+013	1.5358e+013	5.2500e-015
1.350e+000	3.3060e-007	-1.5399e+013	-1.5378e+013	1.5378e+013	5.2500e-015
1.360e+000	3.4214e-007	-1.5420e+013	-1.5399e+013	1.5399e+013	5.2500e-015
1.370e+000	3.5826e-007	-1.5443e+013	-1.5420e+013	1.5420e+013	5.2500e-015
1.380e+000	3.8102e-007	-1.5467e+013	-1.5443e+013	1.5443e+013	5.2500e-015
1.390e+000	4.1242e-007	-1.5492e+013	-1.5467e+013	1.5467e+013	5.2500e-015
1.400e+000	4.5634e-007	-1.5521e+013	-1.5492e+013	1.5492e+013	5.2500e-015
1.410e+000	5.1546e-007	-1.5553e+013	-1.5521e+013	1.5521e+013	5.2500e-015
1.420e+000	5.9353e-007	-1.5590e+013	-1.5553e+013	1.5553e+013	5.2500e-015
1.430e+000	6.9315e-007	-1.5633e+013	-1.5590e+013	1.5590e+013	5.2500e-015
1.440e+000	8.1679e-007	-1.5684e+013	-1.5633e+013	1.5633e+013	5.2500e-015
1.450e+000	9.6307e-007	-1.5744e+013	-1.5684e+013	1.5684e+013	5.2500e-015
1.460e+000	1.1290e-006	-1.5815e+013	-1.5744e+013	1.5744e+013	5.2500e-015
1.470e+000	1.3092e-006	-1.5897e+013	-1.5815e+013	1.5815e+013	5.2500e-015
1.480e+000	1.4968e-006	-1.5990e+013	-1.5897e+013	1.5897e+013	5.2500e-015
1.490e+000	1.6863e-006	-1.6095e+013	-1.5990e+013	1.5990e+013	5.2500e-015
1.500e+000	1.8716e-006	-1.6212e+013	-1.6095e+013	1.6095e+013	5.2500e-015
1.510e+000	2.0489e-006	-1.6340e+013	-1.6212e+013	1.6212e+013	5.2500e-015
1.520e+000	2.2159e-006	-1.6478e+013	-1.6340e+013	1.6340e+013	5.2500e-015
1.530e+000	2.3711e-006	-1.6626e+013	-1.6478e+013	1.6478e+013	5.2500e-015
1.540e+000	2.5147e-006	-1.6783e+013	-1.6626e+013	1.6626e+013	5.2500e-015
1.550e+000	2.6466e-006	-1.6948e+013	-1.6783e+013	1.6783e+013	5.2500e-015
1.560e+000	2.7676e-006	-1.7121e+013	-1.6948e+013	1.6948e+013	5.2500e-015
1.570e+000	2.8784e-006	-1.7301e+013	-1.7121e+013	1.7121e+013	5.2500e-015
1.580e+000	2.9802e-006	-1.7487e+013	-1.7301e+013	1.7301e+013	5.2500e-015
1.590e+000	3.0737e-006	-1.7679e+013	-1.7487e+013	1.7487e+013	5.2500e-015
1.600e+000	3.1600e-006	-1.7876e+013	-1.7679e+013	1.7679e+013	5.2500e-015
1.610e+000	3.2397e-006	-1.8078e+013	-1.7876e+013	1.7876e+013	5.2500e-015
1.620e+000	3.3135e-006	-1.8285e+013	-1.8078e+013	1.8078e+013	5.2500e-015
1.630e+000	3.3824e-006	-1.8496e+013	-1.8285e+013	1.8285e+013	5.2500e-015
1.640e+000	3.4466e-006	-1.8711e+013	-1.8496e+013	1.8496e+013	5.2500e-015
1.650e+000	3.5068e-006	-1.8930e+013	-1.8711e+013	1.8711e+013	5.2500e-015
1.660e+000	3.5634e-006	-1.9152e+013	-1.8930e+013	1.8930e+013	5.2500e-015
1.670e+000	3.6167e-006	-1.9378e+013	-1.9152e+013	1.9152e+013	5.2500e-015
1.680e+000	3.6671e-006	-1.9607e+013	-1.9378e+013	1.9378e+013	5.2500e-015
1.690e+000	3.7148e-006	-1.9839e+013	-1.9607e+013	1.9607e+013	5.2500e-015
1.700e+000	3.7603e-006	-2.0074e+013	-1.9839e+013	1.9839e+013	5.2500e-015
1.710e+000	3.8035e-006	-2.0311e+013	-2.0074e+013	2.0074e+013	5.2500e-015
1.720e+000	3.8449e-006	-2.0551e+013	-2.0311e+013	2.0311e+013	5.2500e-015
1.730e+000	3.8518e-006	-2.0791e+013	-2.0551e+013	2.0551e+013	5.2500e-015
1.740e+000	3.8728e-006	-2.1033e+013	-2.0791e+013	2.0791e+013	5.2500e-015
1.750e+000	3.9036e-006	-2.1277e+013	-2.1033e+013	2.1033e+013	5.2500e-015
1.760e+000	3.9330e-006	-2.1522e+013	-2.1277e+013	2.1277e+013	5.2500e-015
1.770e+000	3.9612e-006	-2.1769e+013	-2.1522e+013	2.1522e+013	5.2500e-015
1.780e+000	3.9882e-006	-2.2018e+013	-2.1769e+013	2.1769e+013	5.2500e-015
1.790e+000	4.0140e-006	-2.2269e+013	-2.2018e+013	2.2018e+013	5.2500e-015
1.800e+000	4.0389e-006	-2.2521e+013	-2.2269e+013	2.2269e+013	5.2500e-015
1.810e+000	4.0628e-006	-2.2775e+013	-2.2521e+013	2.2521e+013	5.2500e-015
1.820e+000	4.0858e-006	-2.3030e+013	-2.2775e+013	2.2775e+013	5.2500e-015
1.830e+000	4.1081e-006	-2.3286e+013	-2.3030e+013	2.3030e+013	5.2500e-015
1.840e+000	4.1296e-006	-2.3544e+013	-2.3286e+013	2.3286e+013	5.2500e-015
1.850e+000	4.1503e-006	-2.3803e+013	-2.3544e+013	2.3544e+013	5.2500e-015
1.860e+000	4.1704e-006	-2.4063e+013	-2.3803e+013	2.3803e+013	5.2500e-015
1.870e+000	4.1899e-006	-2.4325e+013	-2.4063e+013	2.4063e+013	5.2500e-015
1.880e+000	4.2088e-006	-2.4587e+013	-2.4325e+013	2.4325e+013	5.2500e-015
1.890e+000	4.2271e-006	-2.4851e+013	-2.4587e+013	2.4587e+013	5.2500e-015
1.900e+000	4.2449e-006	-2.5116e+013	-2.4851e+013	2.4851e+013	5.2500e-015
1.910e+000	4.2622e-006	-2.5382e+013	-2.5116e+013	2.5116e+013	5.2500e-015
1.920e+000	4.2791e-006	-2.5649e+013	-2.5382e+013	2.5382e+013	5.2500e-015
1.930e+000	4.2955e-006	-2.5917e+013	-2.5649e+013	2.5649e+013	5.2500e-015
1.940e+000	4.3115e-006	-2.6186e+013	-2.5917e+013	2.5917e+013	5.2500e-015
1.950e+000	4.3271e-006	-2.6456e+013	-2.6186e+013	2.6186e+013	5.2500e-015
1.960e+000	4.3423e-006	-2.6727e+013	-2.6456e+013	2.6456e+013	5.2500e-015
1.970e+000	4.3572e-006	-2.6999e+013	-2.6727e+013	2.6727e+013	5.2500e-015
1.980e+000	4.3717e-006	-2.7272e+013	-2.6999e+013	2.6999e+013	5.2500e-015
1.990e+000	4.3859e-006	-2.7546e+013	-2.7272e+013	2.7272e+013	5.2500e-015
2.000e+000	4.3985e-006	-2.7821e+013	-2.7546e+013	2.7546e+013	5.2500e-015
2.010e+000	4.4036e-006	-2.8095e+013	-2.7821e+013	2.7821e+013	5.2500e-015
2.020e+000	4.4163e-006	-2.8371e+013	-2.8095e+013	2.8095e+013	5.2500e-015
2.030e+000	4.4289e-006	-2.8647e+013	-2.8371e+013	2.8371e+013	5.2500e-015
2.040e+000	4.4412e-006	-2.8925e+013	-2.8647e+013	2.8647e+013	5.2500e-015
2.050e+000	4.4532e-006	-2.9203e+013	-2.8925e+013	2.8925e+013	5.2500e-015
2.060e+000	4.4650e-006	-2.9481e+013	-2.9203e+013	2.9203e+013	5.2500e-015
2.070e+000	4.4766e-006	-2.9761e+013	-2.9481e+013	2.9481e+013	5.2500e-015
2.080e+000	4.4879e-006	-3.0041e+013	-2.9761e+013	2.9761e+013	5.2500e-015
2.090e+000	4.4990e-006	-3.0322e+013	-3.0041e+013	3.0041e+013	5.2500e-015
2.100e+000	4.5100e-006	-3.0603e+013	-3.0322e+013	3.0322e+013	5.2500e-015
2.110e+000	4.5207e-006	-3.0885e+013	-3.0603e+013	3.0603e+013	5.2500e-015
2.120e+000	4.5313e-006	-3.1168e+013	-3.0885e+013	3.0885e+013	5.2500e-015
2.130e+000	4.5416e-006	-3.1452e+013	-3.1168e+013	3.1168e+013	5.2500e-015
2.140e+000	4.5518e-006	-3.1736e+013	-3.1452e+013	3.1452e+013	5.2500e-015
2.150e+000	4.5618e-006	-3.2020e+013	-3.1736e+013	3.1736e+013	5.2500e-015
2.160e+000	4.5717e-006	-3.2306e+013	-3.2020e+013	3.2020e+013	5.2500e-015
2.170e+000	4.5814e-006	-3.2592e+013	-3.2306e+013	3.2306e+013	5.2500e-015
2.180e+000	4.5909e-006	-3.2878e+013	-3.2592e+013	3.2592e+013	5.2500e-015
2.190e+000	4.6003e-006	-3.3165e+013	-3.2878e+013	3.2878e+013	5.2500e-015
2.200e+000	4.6095e-006	-3.3453e+013	-3.3165e+013	3.3165e+013	5.2500e-015
2.210e+000	4.6186e-006	-3.3741e+013	-3.3453e+013	3.3453e+013	5.2500e-015
2.220e+000	4.6276e-006	-3.4030e+013	-3.3741e+013	3.3741e+013	5.2500e-015
2.230e+000	4.6365e-006	-3.4320e+013	-3.4030e+013	3.4030e+013	5.2500e-015
2.240e+000	4.6452e-006	-3.4609e+013	-3.4320e+013	3.4319e+013	5.2500e-015
2.250e+000	4.6537e-006	-3.4900e+013	-3.4609e+013	3.4609e+013	5.2500e-015
2.260e+000	4.6622e-006	-3.5191e+013	-3.4900e+013	3.4900e+013	5.2500e-015
2.270e+000	4.6706e-006	-3.5482e+013	-3.5191e+013	3.5191e+013	5.2500e-015
2.280e+000	4.6788e-006	-3.5774e+013	-3.5482e+013	3.5482e+013	5.2500e-015
2.290e+000	4.6869e-006	-3.6067e+013	-3.5774e+013	3.5774e+013	5.2500e-015
2.300e+000	4.6949e-006	-3.6360e+013	-3.6067e+013	3.6067e+013	5.2500e-015
2.310e+000	4.7028e-006	-3.6654e+013	-3.6360e+013	3.6360e+013	5.2500e-015
2.320e+000	4.7106e-006	-3.6948e+013	-3.6654e+013	3.6653e+013	5.2500e-015
2.330e+000	4.7183e-006	-3.7242e+013	-3.6948e+013	3.6948e+013	5.2500e-015
2.340e+000	4.7259e-006	-3.7537e+013	-3.7242e+013	3.7242e+013	5.2500e-015
2.350e+000	4.7335e-006	-3.7832e+013	-3.7537e+013	3.7537e+013	5.2500e-015
2.360e+000	4.7409e-006	-3.8128e+013	-3.7832e+013	3.7832e+013	5.2500e-015
2.370e+000	4.7482e-006	-3.8425e+013	-3.8128e+013	3.8128e+013	5.2500e-015
2.380e+000	4.7555e-006	-3.8722e+013	-3.8425e+013	3.8425e+013	5.2500e-015
2.390e+000	4.7626e-006	-3.9019e+013	-3.8722e+013	3.8721e+013	5.2500e-015
2.400e+000	4.7697e-006	-3.9316e+013	-3.9019e+013	3.9019e+013	5.2500e-015
2.410e+000	4.7767e-006	-3.9615e+013	-3.9316e+013	3.9316e+013	5.2500e-015
2.420e+000	4.7836e-006	-3.9913e+013	-3.9615e+013	3.9615e+013	5.2500e-015
2.430e+000	4.7904e-006	-4.0212e+013	-3.9913e+013	3.9913e+013	5.2500e-015
2.440e+000	4.7972e-006	-4.0512e+013	-4.0212e+013	4.0212e+013	5.2500e-015
2.450e+000	4.8038e-006	-4.0811e+013	-4.0512e+013	4.0512e+013	5.2500e-015
2.460e+000	4.8104e-006	-4.1112e+013	-4.0811e+013	4.0811e+013	5.2500e-015
2.470e+000	4.8170e-006	-4.1412e+013	-4.1112e+013	4.1112e+013	5.2500e-015
2.480e+000	4.8234e-006	-4.1713e+013	-4.1412e+013	4.1412e+013	5.2500e-015
2.490e+000	4.8298e-006	-4.2015e+013	-4.1713e+013	4.1713e+013	5.2500e-015
2.500e+000	4.8362e-006	-4.2317e+013	-4.2015e+013	4.2015e+013	5.2500e-015
2.510e+000	4.8424e-006	-4.2619e+013	-4.2317e+013	4.2317e+013	5.2500e-015
2.520e+000	4.8486e-006	-4.2922e+013	-4.2619e+013	4.2619e+013	5.2500e-015
2.530e+000	4.8548e-006	-4.3225e+013	-4.2922e+013	4.2922e+013	5.2500e-015
2.540e+000	4.8608e-006	-4.3528e+013	-4.3225e+013	4.3225e+013	5.2500e-015
2.550e+000	4.8668e-006	-4.3832e+013	-4.3528e+013	4.3528e+013	5.2500e-015
2.560e+000	4.8728e-006	-4.4136e+013	-4.3832e+013	4.3832e+013	5.2500e-015
2.570e+000	4.8787e-006	-4.4440e+013	-4.4136e+013	4.4136e+013	5.2500e-015
2.580e+000	4.8845e-006	-4.4745e+013	-4.4440e+013	4.4440e+013	5.2500e-015
2.590e+000	4.8903e-006	-4.5050e+013	-4.4745e+013	4.4745e+013	5.2500e-015
2.600e+000	4.8960e-006	-4.5356e+013	-4.5050e+013	4.5050e+013	5.2500e-015
2.610e+000	4.9017e-006	-4.5662e+013	-4.5356e+013	4.5356e+013	5.2500e-015
2.620e+000	4.9073e-006	-4.5968e+013	-4.5662e+013	4.5662e+013	5.2500e-015
2.630e+000	4.9129e-006	-4.6275e+013	-4.5968e+013	4.5968e+013	5.2500e-015
2.640e+000	4.9168e-006	-4.6582e+013	-4.6275e+013	4.6275e+013	5.2500e-015
2.650e+000	4.9222e-006	-4.6889e+013	-4.6582e+013	4.6582e+013	5.2500e-015
2.660e+000	4.9276e-006	-4.7197e+013	-4.6889e+013	4.6889e+013	5.2500e-015
2.670e+000	4.9330e-006	-4.7504e+013	-4.7197e+013	4.7197e+013	5.2500e-015
2.680e+000	4.9383e-006	-4.7813e+013	-4.7504e+013	4.7504e+013	5.2500e-015
2.690e+000	4.9435e-006	-4.8121e+013	-4.7813e+013	4.7813e+013	5.2500e-015
2.700e+000	4.9487e-006	-4.8430e+013	-4.8121e+013	4.8121e+013	5.2500e-015
2.710e+000	4.9539e-006	-4.8739e+013	-4.8430e+013	4.8430e+013	5.2500e-015
2.720e+000	4.9590e-006	-4.9049e+013	-4.8739e+013	4.8739e+013	5.2500e-015
2.730e+000	4.9640e-006	-4.9359e+013	-4.9049e+013	4.9049e+013	5.2500e-015
2.740e+000	4.9691e-006	-4.9669e+013	-4.9359e+013	4.9359e+013	5.2500e-015
2.750e+000	4.9741e-006	-4.9979e+013	-4.9669e+013	4.9669e+013	5.2500e-015
2.760e+000	4.9790e-006	-5.0290e+013	-4.9979e+013	4.9979e+013	5.2500e-015
2.770e+000	4.9839e-006	-5.0601e+013	-5.0290e+013	5.0290e+013	5.2500e-015
2.780e+000	4.9888e-006	-5.0912e+013	-5.0601e+013	5.0601e+013	5.2500e-015
2.790e+000	4.9936e-006	-5.1224e+013	-5.0912e+013	5.0912e+013	5.2500e-015
2.800e+000	4.9984e-006	-5.1536e+013	-5.1224e+013	5.1224e+013	5.2500e-015
2.810e+000	5.0031e-006	-5.1848e+013	-5.1536e+013	5.1536e+013	5.2500e-015
2.820e+000	5.0078e-006	-5.2161e+013	-5.1848e+013	5.1848e+013	5.2500e-015
2.830e+000	5.0125e-006	-5.2474e+013	-5.2161e+013	5.2161e+013	5.2500e-015
2.840e+000	5.0171e-006	-5.2787e+013	-5.2474e+013	5.2474e+013	5.2500e-015
2.850e+000	5.0217e-006	-5.3100e+013	-5.2787e+013	5.2787e+013	5.2500e-015
2.860e+000	5.0263e-006	-5.3414e+013	-5.3100e+013	5.3100e+013	5.2500e-015
2.870e+000	5.0308e-006	-5.3728e+013	-5.3414e+013	5.3414e+013	5.2500e-015
2.880e+000	5.0353e-006	-5.4042e+013	-5.3728e+013	5.3728e+013	5.2500e-015
2.890e+000	5.0398e-006	-5.4357e+013	-5.4042e+013	5.4042e+013	5.2500e-015
2.900e+000	5.0442e-006	-5.4672e+013	-5.4357e+013	5.4357e+013	5.2500e-015
2.910e+000	5.0486e-006	-5.4987e+013	-5.4672e+013	5.4672e+013	5.2500e-015
2.920e+000	5.0530e-006	-5.5302e+013	-5.4987e+013	5.4987e+013	5.2500e-015
2.930e+000	5.0573e-006	-5.5618e+013	-5.5302e+013	5.5302e+013	5.2500e-015
2.940e+000	5.0616e-006	-5.5934e+013	-5.5618e+013	5.5618e+013	5.2500e-015
2.950e+000	5.0659e-006	-5.6250e+013	-5.5934e+013	5.5934e+013	5.2500e-015
2.960e+000	5.0701e-006	-5.6566e+013	-5.6250e+013	5.6250e+013	5.2500e-015
2.970e+000	5.0743e-006	-5.6883e+013	-5.6566e+013	5.6566e+013	5.2500e-015
2.980e+000	5.0785e-006	-5.7200e+013	-5.6883e+013	5.6883e+013	5.2500e-015
2.990e+000	5.0826e-006	-5.7517e+013	-5.7200e+013	5.7200e+013	5.2500e-015
3.000e+000	5.0868e-006	-5.7835e+013	-5.7517e+013	5.7517e+013	5.2500e-015
3.010e+000	5.0909e-006	-5.8153e+013	-5.7835e+013	5.7835e+013	5.2500e-015
3.020e+000	5.0949e-006	-5.8471e+013	-5.8153e+013	5.8153e+013	5.2500e-015
3.030e+000	5.0990e-006	-5.8789e+013	-5.8471e+013	5.8471e+013	5.2500e-015
3.040e+000	5.1030e-006	-5.9107e+013	-5.8789e+013	5.8789e+013	5.2500e-015
3.050e+000	5.1069e-006	-5.9426e+013	-5.9107e+013	5.9107e+013	5.2500e-015
3.060e+000	5.1109e-006	-5.9745e+013	-5.9426e+013	5.9426e+013	5.2500e-015
3.070e+000	5.1148e-006	-6.0064e+013	-5.9745e+013	5.9745e+013	5.2500e-015
3.080e+000	5.1187e-006	-6.0384e+013	-6.0064e+013	6.0064e+013	5.2500e-015
3.090e+000	5.1226e-006	-6.0704e+013	-6.0384e+013	6.0384e+013	5.2500e-015
3.100e+000	5.1265e-006	-6.1024e+013	-6.0704e+013	6.0704e+013	5.2500e-015
3.110e+000	5.1303e-006	-6.1344e+013	-6.1024e+013	6.1023e+013	5.2500e-015
3.120e+000	5.1341e-006	-6.1664e+013	-6.1344e+013	6.1344e+013	5.2500e-015
3.130e+000	5.1379e-006	-6.1985e+013	-6.1664e+013	6.1664e+013	5.2500e-015
3.140e+000	5.1416e-006	-6.2306e+013	-6.1985e+013	6.1985e+013	5.2500e-015
3.150e+000	5.1453e-006	-6.2627e+013	-6.2306e+013	6.2306e+013	5.2500e-015
3.160e+000	5.1490e-006	-6.2948e+013	-6.2627e+013	6.2627e+013	5.2500e-015
3.170e+000	5.1527e-006	-6.3270e+013	-6.2948e+013	6.2948e+013	5.2500e-015
3.180e+000	5.1564e-006	-6.3592e+013	-6.3270e+013	6.3270e+013	5.2500e-015
3.190e+000	5.1600e-006	-6.3914e+013	-6.3592e+013	6.3592e+013	5.2500e-015
3.200e+000	5.1636e-006	-6.4236e+013	-6.3914e+013	6.3914e+013	5.2500e-015
3.210e+000	5.1672e-006	-6.4559e+013	-6.4236e+013	6.4236e+013	5.2500e-015
3.220e+000	5.1708e-006	-6.4881e+013	-6.4559e+013	6.4559e+013	5.2500e-015
3.230e+000	5.1743e-006	-6.5204e+013	-6.4881e+013	6.4881e+013	5.2500e-015
3.240e+000	5.1779e-006	-6.5527e+013	-6.5204e+013	6.5204e+013	5.2500e-015
3.250e+000	5.1814e-006	-6.5851e+013	-6.5527e+013	6.5527e+013	5.2500e-015
3.260e+000	5.1849e-006	-6.6174e+013	-6.5851e+013	6.5851e+013	5.2500e-015
3.270e+000	5.1883e-006	-6.6498e+013	-6.6174e+013	6.6174e+013	5.2500e-015
3.280e+000	5.1918e-006	-6.6822e+013	-6.6498e+013	6.6498e+013	5.2500e-015
3.290e+000	5.1952e-006	-6.7147e+013	-6.6822e+013	6.6822e+013	5.2500e-015
3.300e+000	5.1986e-006	-6.7471e+013	-6.7147e+013	6.7147e+013	5.2500e-015
3.310e+000	5.2020e-006	-6.7796e+013	-6.7471e+013	6.7471e+013	5.2500e-015
3.320e+000	5.2054e-006	-6.8121e+013	-6.7796e+013	6.7796e+013	5.2500e-015
3.330e+000	5.2087e-006	-6.8446e+013	-6.8121e+013	6.8121e+013	5.2500e-015
3.340e+000	5.2120e-006	-6.8771e+013	-6.8446e+013	6.8446e+013	5.2500e-015
3.350e+000	5.2153e-006	-6.9097e+013	-6.8771e+013	6.8771e+013	5.2500e-015
3.360e+000	5.2186e-006	-6.9422e+013	-6.9097e+013	6.9097e+013	5.2500e-015
3.370e+000	5.2219e-006	-6.9748e+013	-6.9422e+013	6.9422e+013	5.2500e-015
3.380e+000	5.2251e-006	-7.0074e+013	-6.9748e+013	6.9748e+013	5.2500e-015
3.390e+000	5.2284e-006	-7.0401e+013	-7.0074e+013	7.0074e+013	5.2500e-015
3.400e+000	5.2316e-006	-7.0727e+013	-7.0401e+013	7.0401e+013	5.2500e-015
3.410e+000	5.2348e-006	-7.1054e+013	-7.0727e+013	7.0727e+013	5.2500e-015
3.420e+000	5.2380e-006	-7.1381e+013	-7.1054e+013	7.1054e+013	5.2500e-015
3.430e+000	5.2411e-006	-7.1708e+013	-7.1381e+013	7.1381e+013	5.2500e-015
3.440e+000	5.2443e-006	-7.2035e+013	-7.1708e+013	7.1708e+013	5.2500e-015
3.450e+000	5.2474e-006	-7.2363e+013	-7.2035e+013	7.2035e+013	5.2500e-015
3.460e+000	5.2505e-006	-7.2691e+013	-7.2363e+013	7.2363e+013	5.2500e-015
3.470e+000	5.2536e-006	-7.3018e+013	-7.2691e+013	7.2690e+013	5.2500e-015
3.480e+000	5.2567e-006	-7.3347e+013	-7.3018e+013	7.3018e+013	5.2500e-015
3.490e+000	5.2598e-006	-7.3675e+013	-7.3347e+013	7.3346e+013	5.2500e-015
3.500e+000	5.2628e-006	-7.4003e+013	-7.3675e+013	7.3675e+013	5.2500e-015
3.510e+000	5.2658e-006	-7.4332e+013	-7.4003e+013	7.4003e+013	5.2500e-015
3.520e+000	5.2689e-006	-7.4661e+013	-7.4332e+013	7.4332e+013	5.2500e-015
3.530e+000	5.2719e-006	-7.4990e+013	-7.4661e+013	7.4661e+013	5.2500e-015
3.540e+000	5.2748e-006	-7.5319e+013	-7.4990e+013	7.4990e+013	5.2500e-015
3.550e+000	5.2778e-006	-7.5649e+013	-7.5319e+013	7.5319e+013	5.2500e-015
3.560e+000	5.2808e-006	-7.5978e+013	-7.5649e+013	7.5648e+013	5.2500e-015
3.570e+000	5.2837e-006	-7.6308e+013	-7.5978e+013	7.5978e+013	5.2500e-015
3.580e+000	5.2866e-006	-7.6638e+013	-7.6308e+013	7.6308e+013	5.2500e-015
3.590e+000	5.2895e-006	-7.6968e+013	-7.6638e+013	7.6638e+013	5.2500e-015
3.600e+000	5.2924e-006	-7.7298e+013	-7.6968e+013	7.6968e+013	5.2500e-015
3.610e+000	5.2953e-006	-7.7629e+013	-7.7298e+013	7.7298e+013	5.2500e-015
3.620e+000	5.2982e-006	-7.7960e+013	-7.7629e+013	7.7629e+013	5.2500e-015
3.630e+000	5.3010e-006	-7.8290e+013	-7.7960e+013	7.7959e+013	5.2500e-015
3.640e+000	5.3039e-006	-7.8621e+013	-7.8290e+013	7.8290e+013	5.2500e-015
3.650e+000	5.3067e-006	-7.8953e+013	-7.8621e+013	7.8621e+013	5.2500e-015
3.660e+000	5.3095e-006	-7.9284e+013	-7.8953e+013	7.8953e+013	5.2500e-015
3.670e+000	5.3123e-006	-7.9616e+013	-7.9284e+013	7.9284e+013	5.2500e-015
3.680e+000	5.3151e-006	-7.9947e+013	-7.9616e+013	7.9616e+013	5.2500e-015
3.690e+000	5.3179e-006	-8.0279e+013	-7.9947e+013	7.9947e+013	5.2500e-015
3.700e+000	5.3206e-006	-8.0611e+013	-8.0279e+013	8.0279e+013	5.2500e-015
3.710e+000	5.3234e-006	-8.0944e+013	-8.0611e+013	8.0611e+013	5.2500e-015
3.720e+000	5.3261e-006	-8.1276e+013	-8.0944e+013	8.0944e+013	5.2500e-015
3.730e+000	5.3288e-006	-8.1609e+013	-8.1276e+013	8.1276e+013	5.2500e-015
3.740e+000	5.3315e-006	-8.1941e+013	-8.1609e+013	8.1609e+013	5.2500e-015
3.750e+000	5.3342e-006	-8.2274e+013	-8.1941e+013	8.1941e+013	5.2500e-015
3.760e+000	5.3369e-006	-8.2607e+013	-8.2274e+013	8.2274e+013	5.2500e-015
3.770e+000	5.3395e-006	-8.2941e+013	-8.2607e+013	8.2607e+013	5.2500e-015
3.780e+000	5.3422e-006	-8.3274e+013	-8.2941e+013	8.2941e+013	5.2500e-015
3.790e+000	5.3448e-006	-8.3608e+013	-8.3274e+013	8.3274e+013	5.2500e-015
3.800e+000	5.3475e-006	-8.3941e+013	-8.3608e+013	8.3608e+013	5.2500e-015
3.810e+000	5.3501e-006	-8.4275e+013	-8.3941e+013	8.3941e+013	5.2500e-015
3.820e+000	5.3527e-006	-8.4609e+013	-8.4275e+013	8.4275e+013	5.2500e-015
3.830e+000	5.3553e-006	-8.4944e+013	-8.4609e+013	8.4609e+013	5.2500e-015
3.840e+000	5.3579e-006	-8.5278e+013	-8.4944e+013	8.4944e+013	5.2500e-015
3.850e+000	5.3604e-006	-8.5613e+013	-8.5278e+013	8.5278e+013	5.2500e-015
3.860e+000	5.3630e-006	-8.5947e+013	-8.5613e+013	8.5613e+013	5.2500e-015
3.870e+000	5.3655e-006	-8.6282e+013	-8.5947e+013	8.5947e+013	5.2500e-015
3.880e+000	5.3681e-006	-8.6617e+013	-8.6282e+013	8.6282e+013	5.2500e-015
3.890e+000	5.3706e-006	-8.6953e+013	-8.6617e+013	8.6617e+013	5.2500e-015
3.900e+000	5.3731e-006	-8.7288e+013	-8.6953e+013	8.6953e+013	5.2500e-015
3.910e+000	5.3756e-006	-8.7623e+013	-8.7288e+013	8.7288e+013	5.2500e-015
3.920e+000	5.3781e-006	-8.7959e+013	-8.7623e+013	8.7623e+013	5.2500e-015
3.930e+000	5.3806e-006	-8.8295e+013	-8.7959e+013	8.7959e+013	5.2500e-015
3.940e+000	5.3831e-006	-8.8631e+013	-8.8295e+013	8.8295e+013	5.2500e-015
3.950e+000	5.3855e-006	-8.8967e+013	-8.8631e+013	8.8631e+013	5.2500e-015
3.960e+000	5.3880e-006	-8.9303e+013	-8.8967e+013	8.8967e+013	5.2500e-015
3.970e+000	5.3904e-006	-8.9640e+013	-8.9303e+013	8.9303e+013	5.2500e-015
3.980e+000	5.3928e-006	-8.9976e+013	-8.9640e+013	8.9640e+013	5.2500e-015
3.990e+000	5.3953e-006	-9.0313e+013	-8.9976e+013	8.9976e+013	5.2500e-015
4.000e+000	5.3977e-006	-9.0650e+013	-9.0313e+013	9.0313e+013	5.2500e-015
4.010e+000	5.4001e-006	-9.0987e+013	-9.0650e+013	9.0650e+013	5.2500e-015
4.020e+000	5.4025e-006	-9.1324e+013	-9.0987e+013	9.0987e+013	5.2500e-015
4.030e+000	5.4048e-006	-9.1662e+013	-9.1324e+013	9.1324e+013	5.2500e-015
4.040e+000	5.4072e-006	-9.1999e+013	-9.1662e+013	9.1662e+013	5.2500e-015
4.050e+000	5.4096e-006	-9.2337e+013	-9.1999e+013	9.1999e+013	5.2500e-015
4.060e+000	5.4119e-006	-9.2675e+013	-9.2337e+013	9.2337e+013	5.2500e-015
4.070e+000	5.4142e-006	-9.3012e+013	-9.2675e+013	9.2675e+013	5.2500e-015
4.080e+000	5.4166e-006	-9.3351e+013	-9.3012e+013	9.3012e+013	5.2500e-015
4.090e+000	5.4189e-006	-9.3689e+013	-9.3351e+013	9.3351e+013	5.2500e-015
4.100e+000	5.4212e-006	-9.4027e+013	-9.3689e+013	9.3689e+013	5.2500e-015
4.110e+000	5.4235e-006	-9.4366e+013	-9.4027e+013	9.4027e+013	5.2500e-015
4.120e+000	5.4258e-006	-9.4704e+013	-9.4366e+013	9.4366e+013	5.2500e-015
4.130e+000	5.4281e-006	-9.5043e+013	-9.4704e+013	9.4704e+013	5.2500e-015
4.140e+000	5.4303e-006	-9.5382e+013	-9.5043e+013	9.5043e+013	5.2500e-015
4.150e+000	5.4326e-006	-9.5721e+013	-9.5382e+013	9.5382e+013	5.2500e-015
4.160e+000	5.4349e-006	-9.6060e+013	-9.5721e+013	9.5721e+013	5.2500e-015
4.170e+000	5.4371e-006	-9.6400e+013	-9.6060e+013	9.6060e+013	5.2500e-015
4.180e+000	5.4393e-006	-9.6739e+013	-9.6400e+013	9.6400e+013	5.2500e-015
4.190e+000	5.4416e-006	-9.7079e+013	-9.6739e+013	9.6739e+013	5.2500e-015
4.200e+000	5.4438e-006	-9.7419e+013	-9.7079e+013	9.7079e+013	5.2500e-015
4.210e+000	5.4460e-006	-9.7759e+013	-9.7419e+013	9.7419e+013	5.2500e-015
4.220e+000	5.4482e-006	-9.8099e+013	-9.7759e+013	9.7758e+013	5.2500e-015
4.230e+000	5.4504e-006	-9.8439e+013	-9.8099e+013	9.8099e+013	5.2500e-015
4.240e+000	5.4526e-006	-9.8779e+013	-9.8439e+013	9.8439e+013	5.2500e-015
4.250e+000	5.4547e-006	-9.9120e+013	-9.8779e+013	9.8779e+013	5.2500e-015
4.260e+000	5.4569e-006	-9.9460e+013	-9.9120e+013	9.9119e+013	5.2500e-015
4.270e+000	5.4591e-006	-9.9801e+013	-9.9460e+013	9.9460e+013	5.2500e-015
4.280e+000	5.4612e-006	-1.0014e+014	-9.9801e+013	9.9801e+013	5.2500e-015
4.290e+000	5.4634e-006	-1.0048e+014	-1.0014e+014	1.0014e+014	5.2500e-015
4.300e+000	5.4655e-006	-1.0082e+014	-1.0048e+014	1.0048e+014	5.2500e-015
4.310e+000	5.4676e-006	-1.0117e+014	-1.0082e+014	1.0082e+014	5.2500e-015
4.320e+000	5.4697e-006	-1.0151e+014	-1.0117e+014	1.0117e+014	5.2500e-015
4.330e+000	5.4718e-006	-1.0185e+014	-1.0151e+014	1.0151e+014	5.2500e-015
4.340e+000	5.4738e-006	-1.0219e+014	-1.0185e+014	1.0185e+014	5.2500e-015
4.350e+000	5.4759e-006	-1.0253e+014	-1.0219e+014	1.0219e+014	5.2500e-015
4.360e+000	5.4779e-006	-1.0287e+014	-1.0253e+014	1.0253e+014	5.2500e-015
4.370e+000	5.4800e-006	-1.0322e+014	-1.0287e+014	1.0287e+014	5.2500e-015
4.380e+000	5.4821e-006	-1.0356e+014	-1.0322e+014	1.0322e+014	5.2500e-015
4.390e+000	5.4842e-006	-1.0390e+014	-1.0356e+014	1.0356e+014	5.2500e-015
4.400e+000	5.4862e-006	-1.0424e+014	-1.0390e+014	1.0390e+014	5.2500e-015
4.410e+000	5.4883e-006	-1.0458e+014	-1.0424e+014	1.0424e+014	5.2500e-015
4.420e+000	5.4903e-006	-1.0493e+014	-1.0458e+014	1.0458e+014	5.2500e-015
4.430e+000	5.4923e-006	-1.0527e+014	-1.0493e+014	1.0493e+014	5.2500e-015
4.440e+000	5.4944e-006	-1.0561e+014	-1.0527e+014	1.0527e+014	5.2500e-015
4.450e+000	5.4964e-006	-1.0596e+014	-1.0561e+014	1.0561e+014	5.2500e-015
4.460e+000	5.4984e-006	-1.0630e+014	-1.0596e+014	1.0596e+014	5.2500e-015
4.470e+000	5.5004e-006	-1.0664e+014	-1.0630e+014	1.0630e+014	5.2500e-015
4.480e+000	5.5024e-006	-1.0699e+014	-1.0664e+014	1.0664e+014	5.2500e-015
4.490e+000	5.5044e-006	-1.0733e+014	-1.0699e+014	1.0699e+014	5.2500e-015
4.500e+000	5.5064e-006	-1.0767e+014	-1.0733e+014	1.0733e+014	5.2500e-015
4.510e+000	5.5083e-006	-1.0802e+014	-1.0767e+014	1.0767e+014	5.2500e-015
4.520e+000	5.5103e-006	-1.0836e+014	-1.0802e+014	1.0802e+014	5.2500e-015
4.530e+000	5.5123e-006	-1.0871e+014	-1.0836e+014	1.0836e+014	5.2500e-015
4.540e+000	5.5142e-006	-1.0905e+014	-1.0871e+014	1.0871e+014	5.2500e-015
4.550e+000	5.5162e-006	-1.0939e+014	-1.0905e+014	1.0905e+014	5.2500e-015
4.560e+000	5.5181e-006	-1.0974e+014	-1.0939e+014	1.0939e+014	5.2500e-015
4.570e+000	5.5200e-006	-1.1008e+014	-1.0974e+014	1.0974e+014	5.2500e-015
4.580e+000	5.5220e-006	-1.1043e+014	-1.1008e+014	1.1008e+014	5.2500e-015
4.590e+000	5.5239e-006	-1.1077e+014	-1.1043e+014	1.1043e+014	5.2500e-015
4.600e+000	5.5258e-006	-1.1112e+014	-1.1077e+014	1.1077e+014	5.2500e-015
4.610e+000	5.5277e-006	-1.1146e+014	-1.1112e+014	1.1112e+014	5.2500e-015
4.620e+000	5.5296e-006	-1.1181e+014	-1.1146e+014	1.1146e+014	5.2500e-015
4.630e+000	5.5315e-006	-1.1215e+014	-1.1181e+014	1.1181e+014	5.2500e-015
4.640e+000	5.5334e-006	-1.1250e+014	-1.1215e+014	1.1215e+014	5.2500e-015
4.650e+000	5.5353e-006	-1.1284e+014	-1.1250e+014	1.1250e+014	5.2500e-015
4.660e+000	5.5371e-006	-1.1319e+014	-1.1284e+014	1.1284e+014	5.2500e-015
4.670e+000	5.5390e-006	-1.1353e+014	-1.1319e+014	1.1319e+014	5.2500e-015
4.680e+000	5.5409e-006	-1.1388e+014	-1.1353e+014	1.1353e+014	5.2500e-015
4.690e+000	5.5427e-006	-1.1423e+014	-1.1388e+014	1.1388e+014	5.2500e-015
4.700e+000	5.5446e-006	-1.1457e+014	-1.1423e+014	1.1423e+014	5.2500e-015
4.710e+000	5.5464e-006	-1.1492e+014	-1.1457e+014	1.1457e+014	5.2500e-015
4.720e+000	5.5483e-006	-1.1526e+014	-1.1492e+014	1.1492e+014	5.2500e-015
4.730e+000	5.5501e-006	-1.1561e+014	-1.1526e+014	1.1526e+014	5.2500e-015
4.740e+000	5.5519e-006	-1.1596e+014	-1.1561e+014	1.1561e+014	5.2500e-015
4.750e+000	5.5537e-006	-1.1630e+014	-1.1596e+014	1.1596e+014	5.2500e-015
4.760e+000	5.5555e-006	-1.1665e+014	-1.1630e+014	1.1630e+014	5.2500e-015
4.770e+000	5.5574e-006	-1.1700e+014	-1.1665e+014	1.1665e+014	5.2500e-015
4.780e+000	5.5592e-006	-1.1734e+014	-1.1700e+014	1.1700e+014	5.2500e-015
4.790e+000	5.5609e-006	-1.1769e+014	-1.1734e+014	1.1734e+014	5.2500e-015
4.800e+000	5.5627e-006	-1.1804e+014	-1.1769e+014	1.1769e+014	5.2500e-015
4.810e+000	5.5645e-006	-1.1839e+014	-1.1804e+014	1.1804e+014	5.2500e-015
4.820e+000	5.5663e-006	-1.1873e+014	-1.1839e+014	1.1839e+014	5.2500e-015
4.830e+000	5.5681e-006	-1.1908e+014	-1.1873e+014	1.1873e+014	5.2500e-015
4.840e+000	5.5698e-006	-1.1943e+014	-1.1908e+014	1.1908e+014	5.2500e-015
4.850e+000	5.5716e-006	-1.1978e+014	-1.1943e+014	1.1943e+014	5.2500e-015
4.860e+000	5.5734e-006	-1.2012e+014	-1.1978e+014	1.1978e+014	5.2500e-015
4.870e+000	5.5751e-006	-1.2047e+014	-1.2012e+014	1.2012e+014	5.2500e-015
4.880e+000	5.5768e-006	-1.2082e+014	-1.2047e+014	1.2047e+014	5.2500e-015
4.890e+000	5.5786e-006	-1.2117e+014	-1.2082e+014	1.2082e+014	5.2500e-015
4.900e+000	5.5803e-006	-1.2152e+014	-1.2117e+014	1.2117e+014	5.2500e-015
4.910e+000	5.5820e-006	-1.2187e+014	-1.2152e+014	1.2152e+014	5.2500e-015
4.920e+000	5.5838e-006	-1.2221e+014	-1.2187e+014	1.2187e+014	5.2500e-015
4.930e+000	5.5855e-006	-1.2256e+014	-1.2221e+014	1.2221e+014	5.2500e-015
4.940e+000	5.5872e-006	-1.2291e+014	-1.2256e+014	1.2256e+014	5.2500e-015
4.950e+000	5.5889e-006	-1.2326e+014	-1.2291e+014	1.2291e+014	5.2500e-015
4.960e+000	5.5906e-006	-1.2361e+014	-1.2326e+014	1.2326e+014	5.2500e-015
4.970e+000	5.5923e-006	-1.2396e+014	-1.2361e+014	1.2361e+014	5.2500e-015
4.980e+000	5.5940e-006	-1.2431e+014	-1.2396e+014	1.2396e+014	5.2500e-015
4.990e+000	5.5957e-006	-1.2466e+014	-1.2431e+014	1.2431e+014	5.2500e-015
5.000e+000	5.5974e-006	-1.2501e+014	-1.2466e+014	1.2466e+014	5.2500e-015
5.010e+000	5.5990e-006	-1.2536e+014	-1.2501e+014	1.2501e+014	5.2500e-015
5.020e+000	5.6007e-006	-1.2571e+014	-1.2536e+014	1.2536e+014	5.2500e-015
5.030e+000	5.6024e-006	-1.2605e+014	-1.2571e+014	1.2571e+014	5.2500e-015
5.040e+000	5.6040e-006	-1.2640e+014	-1.2605e+014	1.2605e+014	5.2500e-015
5.050e+000	5.6057e-006	-1.2675e+014	-1.2640e+014	1.2640e+014	5.2500e-015
5.060e+000	5.6073e-006	-1.2710e+014	-1.2675e+014	1.2675e+014	5.2500e-015
5.070e+000	5.6090e-006	-1.2745e+014	-1.2710e+014	1.2710e+014	5.2500e-015
5.080e+000	5.6106e-006	-1.2780e+014	-1.2745e+014	1.2745e+014	5.2500e-015
5.090e+000	5.6122e-006	-1.2815e+014	-1.2780e+014	1.2780e+014	5.2500e-015
5.100e+000	5.6139e-006	-1.2851e+014	-1.2815e+014	1.2815e+014	5.2500e-015
5.110e+000	5.6155e-006	-1.2886e+014	-1.2851e+014	1.2851e+014	5.2500e-015
5.120e+000	5.6171e-006	-1.2921e+014	-1.2886e+014	1.2886e+014	5.2500e-015
5.130e+000	5.6187e-006	-1.2956e+014	-1.2921e+014	1.2921e+014	5.2500e-015
5.140e+000	5.6203e-006	-1.2991e+014	-1.2956e+014	1.2956e+014	5.2500e-015
5.150e+000	5.6220e-006	-1.3026e+014	-1.2991e+014	1.2991e+014	5.2500e-015
5.160e+000	5.6236e-006	-1.3061e+014	-1.3026e+014	1.3026e+014	5.2500e-015
5.170e+000	5.6252e-006	-1.3096e+014	-1.3061e+014	1.3061e+014	5.2500e-015
5.180e+000	5.6267e-006	-1.3131e+014	-1.3096e+014	1.3096e+014	5.2500e-015
5.190e+000	5.6283e-006	-1.3166e+014	-1.3131e+014	1.3131e+014	5.2500e-015
5.200e+000	5.6299e-006	-1.3201e+014	-1.3166e+014	1.3166e+014	5.2500e-015
5.210e+000	5.6315e-006	-1.3237e+014	-1.3201e+014	1.3201e+014	5.2500e-015
5.220e+000	5.6331e-006	-1.3272e+014	-1.3237e+014	1.3237e+014	5.2500e-015
5.230e+000	5.6346e-006	-1.3307e+014	-1.3272e+014	1.3272e+014	5.2500e-015
5.240e+000	5.6362e-006	-1.3342e+014	-1.3307e+014	1.3307e+014	5.2500e-015
5.250e+000	5.6378e-006	-1.3377e+014	-1.3342e+014	1.3342e+014	5.2500e-015
5.260e+000	5.6393e-006	-1.3413e+014	-1.3377e+014	1.3377e+014	5.2500e-015
5.270e+000	5.6409e-006	-1.3448e+014	-1.3413e+014	1.3413e+014	5.2500e-015
5.280e+000	5.6424e-006	-1.3483e+014	-1.3448e+014	1.3448e+014	5.2500e-015
5.290e+000	5.6439e-006	-1.3518e+014	-1.3483e+014	1.3483e+014	5.2500e-015
5.300e+000	5.6455e-006	-1.3553e+014	-1.3518e+014	1.3518e+014	5.2500e-015
5.310e+000	5.6470e-006	-1.3589e+014	-1.3553e+014	1.3553e+014	5.2500e-015
5.320e+000	5.6485e-006	-1.3624e+014	-1.3589e+014	1.3589e+014	5.2500e-015
5.330e+000	5.6501e-006	-1.3659e+014	-1.3624e+014	1.3624e+014	5.2500e-015
5.340e+000	5.6516e-006	-1.3694e+014	-1.3659e+014	1.3659e+014	5.2500e-015
5.350e+000	5.6531e-006	-1.3730e+014	-1.3694e+014	1.3694e+014	5.2500e-015
5.360e+000	5.6546e-006	-1.3765e+014	-1.3730e+014	1.3730e+014	5.2500e-015
5.370e+000	5.6561e-006	-1.3800e+014	-1.3765e+014	1.3765e+014	5.2500e-015
5.380e+000	5.6576e-006	-1.3836e+014	-1.3800e+014	1.3800e+014	5.2500e-015
5.390e+000	5.6591e-006	-1.3871e+014	-1.3836e+014	1.3836e+014	5.2500e-015
5.400e+000	5.6606e-006	-1.3906e+014	-1.3871e+014	1.3871e+014	5.2500e-015
5.410e+000	5.6621e-006	-1.3942e+014	-1.3906e+014	1.3906e+014	5.2500e-015
5.420e+000	5.6636e-006	-1.3977e+014	-1.3942e+014	1.3942e+014	5.2500e-015
5.430e+000	5.6651e-006	-1.4012e+014	-1.3977e+014	1.3977e+014	5.2500e-015
5.440e+000	5.6666e-006	-1.4048e+014	-1.4012e+014	1.4012e+014	5.2500e-015
5.450e+000	5.6680e-006	-1.4083e+014	-1.4048e+014	1.4048e+014	5.2500e-015
5.460e+000	5.6695e-006	-1.4118e+014	-1.4083e+014	1.4083e+014	5.2500e-015
5.470e+000	5.6710e-006	-1.4154e+014	-1.4118e+014	1.4118e+014	5.2500e-015
5.480e+000	5.6724e-006	-1.4189e+014	-1.4154e+014	1.4154e+014	5.2500e-015
5.490e+000	5.6739e-006	-1.4225e+014	-1.4189e+014	1.4189e+014	5.2500e-015
5.500e+000	5.6753e-006	-1.4260e+014	-1.4225e+014	1.4225e+014	5.2500e-015
5.510e+000	5.6768e-006	-1.4296e+014	-1.4260e+014	1.4260e+014	5.2500e-015
5.520e+000	5.6782e-006	-1.4331e+014	-1.4296e+014	1.4296e+014	5.2500e-015
5.530e+000	5.6797e-006	-1.4366e+014	-1.4331e+014	1.4331e+014	5.2500e-015
5.540e+000	5.6811e-006	-1.4402e+014	-1.4366e+014	1.4366e+014	5.2500e-015
5.550e+000	5.6826e-006	-1.4437e+014	-1.4402e+014	1.4402e+014	5.2500e-015
5.560e+000	5.6840e-006	-1.4473e+014	-1.4437e+014	1.4437e+014	5.2500e-015
5.570e+000	5.6854e-006	-1.4508e+014	-1.4473e+014	1.4473e+014	5.2500e-015
5.580e+000	5.6868e-006	-1.4544e+014	-1.4508e+014	1.4508e+014	5.2500e-015
5.590e+000	5.6883e-006	-1.4579e+014	-1.4544e+014	1.4544e+014	5.2500e-015
5.600e+000	5.6897e-006	-1.4615e+014	-1.4579e+014	1.4579e+014	5.2500e-015
5.610e+000	5.6911e-006	-1.4650e+014	-1.4615e+014	1.4615e+014	5.2500e-015
5.620e+000	5.6925e-006	-1.4686e+014	-1.4650e+014	1.4650e+014	5.2500e-015
5.630e+000	5.6939e-006	-1.4721e+014	-1.4686e+014	1.4686e+014	5.2500e-015
5.640e+000	5.6953e-006	-1.4757e+014	-1.4721e+014	1.4721e+014	5.2500e-015
5.650e+000	5.6967e-006	-1.4793e+014	-1.4757e+014	1.4757e+014	5.2500e-015
5.660e+000	5.6981e-006	-1.4828e+014	-1.4793e+014	1.4793e+014	5.2500e-015
5.670e+000	5.6995e-006	-1.4864e+014	-1.4828e+014	1.4828e+014	5.2500e-015
5.680e+000	5.7009e-006	-1.4899e+014	-1.4864e+014	1.4864e+014	5.2500e-015
5.690e+000	5.7023e-006	-1.4935e+014	-1.4899e+014	1.4899e+014	5.2500e-015
5.700e+000	5.7036e-006	-1.4970e+014	-1.4935e+014	1.4935e+014	5.2500e-015
5.710e+000	5.7050e-006	-1.5006e+014	-1.4970e+014	1.4970e+014	5.2500e-015
5.720e+000	5.7064e-006	-1.5042e+014	-1.5006e+014	1.5006e+014	5.2500e-015
5.730e+000	5.7077e-006	-1.5077e+014	-1.5042e+014	1.5042e+014	5.2500e-015
5.740e+000	5.7091e-006	-1.5113e+014	-1.5077e+014	1.5077e+014	5.2500e-015
5.750e+000	5.7105e-006	-1.5149e+014	-1.5113e+014	1.5113e+014	5.2500e-015
5.760e+000	5.7118e-006	-1.5184e+014	-1.5149e+014	1.5149e+014	5.2500e-015
5.770e+000	5.7132e-006	-1.5220e+014	-1.5184e+014	1.5184e+014	5.2500e-015
5.780e+000	5.7145e-006	-1.5256e+014	-1.5220e+014	1.5220e+014	5.2500e-015
5.790e+000	5.7159e-006	-1.5291e+014	-1.5256e+014	1.5256e+014	5.2500e-015
5.800e+000	5.7172e-006	-1.5327e+014	-1.5291e+014	1.5291e+014	5.2500e-015
5.810e+000	5.7186e-006	-1.5363e+014	-1.5327e+014	1.5327e+014	5.2500e-015
5.820e+000	5.7199e-006	-1.5398e+014	-1.5363e+014	1.5363e+014	5.2500e-015
5.830e+000	5.7212e-006	-1.5434e+014	-1.5398e+014	1.5398e+014	5.2500e-015
5.840e+000	5.7226e-006	-1.5470e+014	-1.5434e+014	1.5434e+014	5.2500e-015
5.850e+000	5.7239e-006	-1.5505e+014	-1.5470e+014	1.5470e+014	5.2500e-015
5.860e+000	5.7252e-006	-1.5541e+014	-1.5505e+014	1.5505e+014	5.2500e-015
5.870e+000	5.7265e-006	-1.5577e+014	-1.5541e+014	1.5541e+014	5.2500e-015
5.880e+000	5.7279e-006	-1.5613e+014	-1.5577e+014	1.5577e+014	5.2500e-015
5.890e+000	5.7292e-006	-1.5648e+014	-1.5613e+014	1.5613e+014	5.2500e-015
5.900e+000	5.7305e-006	-1.5684e+014	-1.5648e+014	1.5648e+014	5.2500e-015
5.910e+000	5.7318e-006	-1.5720e+014	-1.5684e+014	1.5684e+014	5.2500e-015
5.920e+000	5.7331e-006	-1.5756e+014	-1.5720e+014	1.5720e+014	5.2500e-015
5.930e+000	5.7344e-006	-1.5792e+014	-1.5756e+014	1.5756e+014	5.2500e-015
5.940e+000	5.7357e-006	-1.5827e+014	-1.5792e+014	1.5792e+014	5.2500e-015
5.950e+000	5.7370e-006	-1.5863e+014	-1.5827e+014	1.5827e+014	5.2500e-015
5.960e+000	5.7383e-006	-1.5899e+014	-1.5863e+014	1.5863e+014	5.2500e-015
5.970e+000	5.7396e-006	-1.5935e+014	-1.5899e+014	1.5899e+014	5.2500e-015
5.980e+000	5.7409e-006	-1.5971e+014	-1.5935e+014	1.5935e+014	5.2500e-015
5.990e+000	5.7421e-006	-1.6006e+014	-1.5971e+014	1.5971e+014	5.2500e-015
6.000e+000	5.7434e-006	-1.6042e+014	-1.6006e+014	1.6006e+014	5.2500e-015
6.010e+000	5.7447e-006	-1.6078e+014	-1.6042e+014	1.6042e+014	5.2500e-015
6.020e+000	5.7460e-006	-1.6114e+014	-1.6078e+014	1.6078e+014	5.2500e-015
6.030e+000	5.7472e-006	-1.6150e+014	-1.6114e+014	1.6114e+014	5.2500e-015
6.040e+000	5.7485e-006	-1.6186e+014	-1.6150e+014	1.6150e+014	5.2500e-015
6.050e+000	5.7498e-006	-1.6222e+014	-1.6186e+014	1.6186e+014	5.2500e-015
6.060e+000	5.7510e-006	-1.6258e+014	-1.6222e+014	1.6222e+014	5.2500e-015
6.070e+000	5.7523e-006	-1.6293e+014	-1.6258e+014	1.6258e+014	5.2500e-015
6.080e+000	5.7536e-006	-1.6329e+014	-1.6293e+014	1.6293e+014	5.2500e-015
6.090e+000	5.7548e-006	-1.6365e+014	-1.6329e+014	1.6329e+014	5.2500e-015
6.100e+000	5.7561e-006	-1.6401e+014	-1.6365e+014	1.6365e+014	5.2500e-015
6.110e+000	5.7573e-006	-1.6437e+014	-1.6401e+014	1.6401e+014	5.2500e-015
6.120e+000	5.7585e-006	-1.6473e+014	-1.6437e+014	1.6437e+014	5.2500e-015
6.130e+000	5.7598e-006	-1.6509e+014	-1.6473e+014	1.6473e+014	5.2500e-015
6.140e+000	5.7610e-006	-1.6545e+014	-1.6509e+014	1.6509e+014	5.2500e-015
6.150e+000	5.7623e-006	-1.6581e+014	-1.6545e+014	1.6545e+014	5.2500e-015
6.160e+000	5.7635e-006	-1.6617e+014	-1.6581e+014	1.6581e+014	5.2500e-015
6.170e+000	5.7647e-006	-1.6653e+014	-1.6617e+014	1.6617e+014	5.2500e-015
6.180e+000	5.7659e-006	-1.6689e+014	-1.6653e+014	1.6653e+014	5.2500e-015
6.190e+000	5.7672e-006	-1.6725e+014	-1.6689e+014	1.6689e+014	5.2500e-015
6.200e+000	5.7684e-006	-1.6761e+014	-1.6725e+014	1.6725e+014	5.2500e-015
6.210e+000	5.7696e-006	-1.6797e+014	-1.6761e+014	1.6761e+014	5.2500e-015
6.220e+000	5.7708e-006	-1.6833e+014	-1.6797e+014	1.6797e+014	5.2500e-015
6.230e+000	5.7720e-006	-1.6869e+014	-1.6833e+014	1.6833e+014	5.2500e-015
6.240e+000	5.7732e-006	-1.6905e+014	-1.6869e+014	1.6869e+014	5.2500e-015
6.250e+000	5.7744e-006	-1.6941e+014	-1.6905e+014	1.6905e+014	5.2500e-015
6.260e+000	5.7757e-006	-1.6977e+014	-1.6941e+014	1.6941e+014	5.2500e-015
6.270e+000	5.7769e-006	-1.7013e+014	-1.6977e+014	1.6977e+014	5.2500e-015
6.280e+000	5.7780e-006	-1.7049e+014	-1.7013e+014	1.7013e+014	5.2500e-015
6.290e+000	5.7792e-006	-1.7085e+014	-1.7049e+014	1.7049e+014	5.2500e-015
6.300e+000	5.7804e-006	-1.7121e+014	-1.7085e+014	1.7085e+014	5.2500e-015
6.310e+000	5.7816e-006	-1.7157e+014	-1.7121e+014	1.7121e+014	5.2500e-015
6.320e+000	5.7828e-006	-1.7194e+014	-1.7157e+014	1.7157e+014	5.2500e-015
6.330e+000	5.7840e-006	-1.7230e+014	-1.7194e+014	1.7194e+014	5.2500e-015
6.340e+000	5.7852e-006	-1.7266e+014	-1.7230e+014	1.7230e+014	5.2500e-015
6.350e+000	5.7864e-006	-1.7302e+014	-1.7266e+014	1.7266e+014	5.2500e-015
6.360e+000	5.7875e-006	-1.7338e+014	-1.7302e+014	1.7302e+014	5.2500e-015
6.370e+000	5.7887e-006	-1.7374e+014	-1.7338e+014	1.7338e+014	5.2500e-015
6.380e+000	5.7899e-006	-1.7410e+014	-1.7374e+014	1.7374e+014	5.2500e-015
6.390e+000	5.7910e-006	-1.7446e+014	-1.7410e+014	1.7410e+014	5.2500e-015
6.400e+000	5.7922e-006	-1.7483e+014	-1.7446e+014	1.7446e+014	5.2500e-015
6.410e+000	5.7934e-006	-1.7519e+014	-1.7483e+014	1.7483e+014	5.2500e-015
6.420e+000	5.7945e-006	-1.7555e+014	-1.7519e+014	1.7519e+014	5.2500e-015
6.430e+000	5.7957e-006	-1.7591e+014	-1.7555e+014	1.7555e+014	5.2500e-015
6.440e+000	5.7969e-006	-1.7627e+014	-1.7591e+014	1.7591e+014	5.2500e-015
6.450e+000	5.7980e-006	-1.7663e+014	-1.7627e+014	1.7627e+014	5.2500e-015
6.460e+000	5.7992e-006	-1.7700e+014	-1.7663e+014	1.7663e+014	5.2500e-015
6.470e+000	5.8003e-006	-1.7736e+014	-1.7700e+014	1.7700e+014	5.2500e-015
6.480e+000	5.8014e-006	-1.7772e+014	-1.7736e+014	1.7736e+014	5.2500e-015
6.490e+000	5.8026e-006	-1.7808e+014	-1.7772e+014	1.7772e+014	5.2500e-015
6.500e+000	5.8037e-006	-1.7844e+014	-1.7808e+014	1.7808e+014	5.2500e-015
6.510e+000	5.8049e-006	-1.7881e+014	-1.7844e+014	1.7844e+014	5.2500e-015
6.520e+000	5.8060e-006	-1.7917e+014	-1.7881e+014	1.7881e+014	5.2500e-015
6.530e+000	5.8071e-006	-1.7953e+014	-1.7917e+014	1.7917e+014	5.2500e-015
6.540e+000	5.8083e-006	-1.7989e+014	-1.7953e+014	1.7953e+014	5.2500e-015
6.550e+000	5.8094e-006	-1.8026e+014	-1.7989e+014	1.7989e+014	5.2500e-015
6.560e+000	5.8105e-006	-1.8062e+014	-1.8026e+014	1.8026e+014	5.2500e-015
6.570e+000	5.8116e-006	-1.8098e+014	-1.8062e+014	1.8062e+014	5.2500e-015
6.580e+000	5.8128e-006	-1.8135e+014	-1.8098e+014	1.8098e+014	5.2500e-015
6.590e+000	5.8139e-006	-1.8171e+014	-1.8135e+014	1.8135e+014	5.2500e-015
6.600e+000	5.8150e-006	-1.8207e+014	-1.8171e+014	1.8171e+014	5.2500e-015
6.610e+000	5.8161e-006	-1.8243e+014	-1.8207e+014	1.8207e+014	5.2500e-015
6.620e+000	5.8172e-006	-1.8280e+014	-1.8243e+014	1.8243e+014	5.2500e-015
6.630e+000	5.8183e-006	-1.8316e+014	-1.8280e+014	1.8280e+014	5.2500e-015
6.640e+000	5.8194e-006	-1.8352e+014	-1.8316e+014	1.8316e+014	5.2500e-015
6.650e+000	5.8205e-006	-1.8389e+014	-1.8352e+014	1.8352e+014	5.2500e-015
6.660e+000	5.8216e-006	-1.8425e+014	-1.8389e+014	1.8389e+014	5.2500e-015
6.670e+000	5.8227e-006	-1.8461e+014	-1.8425e+014	1.8425e+014	5.2500e-015
6.680e+000	5.8238e-006	-1.8498e+014	-1.8461e+014	1.8461e+014	5.2500e-015
6.690e+000	5.8249e-006	-1.8534e+014	-1.8498e+014	1.8498e+014	5.2500e-015
6.700e+000	5.8260e-006	-1.8570e+014	-1.8534e+014	1.8534e+014	5.2500e-015
6.710e+000	5.8271e-006	-1.8607e+014	-1.8570e+014	1.8570e+014	5.2500e-015
6.720e+000	5.8282e-006	-1.8643e+014	-1.8607e+014	1.8607e+014	5.2500e-015
6.730e+000	5.8293e-006	-1.8680e+014	-1.8643e+014	1.8643e+014	5.2500e-015
6.740e+000	5.8304e-006	-1.8716e+014	-1.8680e+014	1.8680e+014	5.2500e-015
6.750e+000	5.8315e-006	-1.8752e+014	-1.8716e+014	1.8716e+014	5.2500e-015
6.760e+000	5.8325e-006	-1.8789e+014	-1.8752e+014	1.8752e+014	5.2500e-015
6.770e+000	5.8336e-006	-1.8825e+014	-1.8789e+014	1.8789e+014	5.2500e-015
6.780e+000	5.8347e-006	-1.8862e+014	-1.8825e+014	1.8825e+014	5.2500e-015
6.790e+000	5.8358e-006	-1.8898e+014	-1.8862e+014	1.8862e+014	5.2500e-015
6.800e+000	5.8368e-006	-1.8934e+014	-1.8898e+014	1.8898e+014	5.2500e-015
6.810e+000	5.8379e-006	-1.8971e+014	-1.8934e+014	1.8934e+014	5.2500e-015
6.820e+000	5.8390e-006	-1.9007e+014	-1.8971e+014	1.8971e+014	5.2500e-015
6.830e+000	5.8400e-006	-1.9044e+014	-1.9007e+014	1.9007e+014	5.2500e-015
6.840e+000	5.8411e-006	-1.9080e+014	-1.9044e+014	1.9044e+014	5.2500e-015
6.850e+000	5.8421e-006	-1.9117e+014	-1.9080e+014	1.9080e+014	5.2500e-015
6.860e+000	5.8432e-006	-1.9153e+014	-1.9117e+014	1.9117e+014	5.2500e-015
6.870e+000	5.8443e-006	-1.9190e+014	-1.9153e+014	1.9153e+014	5.2500e-015
6.880e+000	5.8453e-006	-1.9226e+014	-1.9190e+014	1.9190e+014	5.2500e-015
6.890e+000	5.8464e-006	-1.9263e+014	-1.9226e+014	1.9226e+014	5.2500e-015
6.900e+000	5.8474e-006	-1.9299e+014	-1.9263e+014	1.9263e+014	5.2500e-015
6.910e+000	5.8485e-006	-1.9336e+014	-1.9299e+014	1.9299e+014	5.2500e-015
6.920e+000	5.8495e-006	-1.9372e+014	-1.9336e+014	1.9336e+014	5.2500e-015
6.930e+000	5.8505e-006	-1.9409e+014	-1.9372e+014	1.9372e+014	5.2500e-015
6.940e+000	5.8516e-006	-1.9445e+014	-1.9409e+014	1.9409e+014	5.2500e-015
6.950e+000	5.8526e-006	-1.9482e+014	-1.9445e+014	1.9445e+014	5.2500e-015
6.960e+000	5.8536e-006	-1.9518e+014	-1.9482e+014	1.9482e+014	5.2500e-015
6.970e+000	5.8547e-006	-1.9555e+014	-1.9518e+014	1.9518e+014	5.2500e-015
6.980e+000	5.8557e-006	-1.9591e+014	-1.9555e+014	1.9555e+014	5.2500e-015
6.990e+000	5.8567e-006	-1.9628e+014	-1.9591e+014	1.9591e+014	5.2500e-015
7.000e+000	5.8578e-006	-1.9664e+014	-1.9628e+014	1.9628e+014	5.2500e-015
