V	C (Fcm-2)	Initcharge (cm-2)	Finalcharge (cm-2)	ns Total (cm-2)	ps Total (cm-2)
-7.000e+000	5.5338e-017	-1.0765e+001	-7.3107e+000	7.3087e+000	5.2500e-015
-6.990e+000	5.8788e-017	-1.1436e+001	-7.7666e+000	7.7626e+000	5.2500e-015
-6.980e+000	6.3830e-017	-1.2422e+001	-8.4378e+000	8.4309e+000	5.2500e-015
-6.970e+000	7.1338e-017	-1.3876e+001	-9.4237e+000	9.4148e+000	5.2500e-015
-6.960e+000	8.2268e-017	-1.6013e+001	-1.0878e+001	1.0863e+001	5.2500e-015
-6.950e+000	9.8516e-017	-1.9164e+001	-1.3015e+001	1.2996e+001	5.2500e-015
-6.940e+000	1.2234e-016	-2.3802e+001	-1.6166e+001	1.6136e+001	5.2500e-015
-6.930e+000	1.5738e-016	-3.0627e+001	-2.0804e+001	2.0759e+001	5.2500e-015
-6.920e+000	2.0906e-016	-4.0677e+001	-2.7629e+001	2.7566e+001	5.2500e-015
-6.910e+000	2.8514e-016	-5.5476e+001	-3.7679e+001	3.7587e+001	5.2500e-015
-6.900e+000	3.9714e-016	-7.7266e+001	-5.2478e+001	5.2341e+001	5.2500e-015
-6.890e+000	5.6197e-016	-1.0934e+002	-7.4268e+001	7.4064e+001	5.2500e-015
-6.880e+000	8.0467e-016	-1.5657e+002	-1.0635e+002	1.0605e+002	5.2500e-015
-6.870e+000	1.1621e-015	-2.2610e+002	-1.5357e+002	1.5313e+002	5.2500e-015
-6.860e+000	1.6882e-015	-3.2847e+002	-2.2310e+002	2.2246e+002	5.2500e-015
-6.850e+000	2.4628e-015	-4.7919e+002	-3.2548e+002	3.2452e+002	5.2500e-015
-6.840e+000	3.6033e-015	-7.0110e+002	-4.7620e+002	4.7479e+002	5.2500e-015
-6.830e+000	5.2825e-015	-1.0278e+003	-6.9810e+002	6.9603e+002	5.2500e-015
-6.820e+000	7.7546e-015	-1.5088e+003	-1.0248e+003	1.0218e+003	5.2500e-015
-6.810e+000	1.1394e-014	-2.2170e+003	-1.5058e+003	1.5013e+003	5.2500e-015
-6.800e+000	1.6753e-014	-3.2596e+003	-2.2140e+003	2.2074e+003	5.2500e-015
-6.790e+000	2.4643e-014	-4.7947e+003	-3.2566e+003	3.2469e+003	5.2500e-015
-6.780e+000	3.6258e-014	-7.0548e+003	-4.7917e+003	4.7774e+003	5.2500e-015
-6.770e+000	5.3360e-014	-1.0382e+004	-7.0518e+003	7.0307e+003	5.2500e-015
-6.760e+000	7.8538e-014	-1.5281e+004	-1.0379e+004	1.0348e+004	5.2500e-015
-6.750e+000	1.1561e-013	-2.2494e+004	-1.5278e+004	1.5232e+004	5.2500e-015
-6.740e+000	1.7019e-013	-3.3113e+004	-2.2491e+004	2.2424e+004	5.2500e-015
-6.730e+000	2.5054e-013	-4.8747e+004	-3.3110e+004	3.3011e+004	5.2500e-015
-6.720e+000	3.6884e-013	-7.1765e+004	-4.8744e+004	4.8598e+004	5.2500e-015
-6.710e+000	5.4301e-013	-1.0565e+005	-7.1762e+004	7.1548e+004	5.2500e-015
-6.700e+000	7.9944e-013	-1.5555e+005	-1.0565e+005	1.0534e+005	5.2500e-015
-6.690e+000	1.1770e-012	-2.2900e+005	-1.5555e+005	1.5508e+005	5.2500e-015
-6.680e+000	1.7327e-012	-3.3715e+005	-2.2900e+005	2.2832e+005	5.2500e-015
-6.670e+000	2.5510e-012	-4.9637e+005	-3.3715e+005	3.3614e+005	5.2500e-015
-6.660e+000	3.7556e-012	-7.3077e+005	-4.9636e+005	4.9488e+005	5.2500e-015
-6.650e+000	5.5288e-012	-1.0758e+006	-7.3076e+005	7.2858e+005	5.2500e-015
-6.640e+000	8.1389e-012	-1.5838e+006	-1.0758e+006	1.0726e+006	5.2500e-015
-6.630e+000	1.1981e-011	-2.3316e+006	-1.5838e+006	1.5791e+006	5.2500e-015
-6.620e+000	1.7634e-011	-3.4322e+006	-2.3316e+006	2.3246e+006	5.2500e-015
-6.610e+000	2.5953e-011	-5.0521e+006	-3.4322e+006	3.4220e+006	5.2500e-015
-6.600e+000	3.8188e-011	-7.4356e+006	-5.0521e+006	5.0370e+006	5.2500e-015
-6.590e+000	5.6177e-011	-1.0942e+007	-7.4356e+006	7.4134e+006	5.2500e-015
-6.580e+000	8.2607e-011	-1.6098e+007	-1.0942e+007	1.0909e+007	5.2500e-015
-6.570e+000	1.2140e-010	-2.3675e+007	-1.6098e+007	1.6050e+007	5.2500e-015
-6.560e+000	1.7827e-010	-3.4802e+007	-2.3675e+007	2.3604e+007	5.2500e-015
-6.550e+000	2.6144e-010	-5.1120e+007	-3.4802e+007	3.4698e+007	5.2500e-015
-6.540e+000	3.8275e-010	-7.5009e+007	-5.1120e+007	5.0967e+007	5.2500e-015
-6.530e+000	5.5888e-010	-1.0989e+008	-7.5009e+007	7.4785e+007	5.2500e-015
-6.520e+000	8.1307e-010	-1.6064e+008	-1.0989e+008	1.0956e+008	5.2500e-015
-6.510e+000	1.1767e-009	-2.3408e+008	-1.6064e+008	1.6016e+008	5.2500e-015
-6.500e+000	1.6905e-009	-3.3960e+008	-2.3408e+008	2.3339e+008	5.2500e-015
-6.490e+000	2.4049e-009	-4.8970e+008	-3.3960e+008	3.3860e+008	5.2500e-015
-6.480e+000	3.3770e-009	-7.0047e+008	-4.8970e+008	4.8828e+008	5.2500e-015
-6.470e+000	4.6646e-009	-9.9161e+008	-7.0047e+008	6.9846e+008	5.2500e-015
-6.460e+000	6.3174e-009	-1.3859e+009	-9.9161e+008	9.8882e+008	5.2500e-015
-6.450e+000	8.3674e-009	-1.9082e+009	-1.3859e+009	1.3821e+009	5.2500e-015
-6.440e+000	1.0825e-008	-2.5838e+009	-1.9082e+009	1.9031e+009	5.2500e-015
-6.430e+000	1.3683e-008	-3.4379e+009	-2.5838e+009	2.5771e+009	5.2500e-015
-6.420e+000	1.6932e-008	-4.4946e+009	-3.4379e+009	3.4294e+009	5.2500e-015
-6.410e+000	2.0566e-008	-5.7782e+009	-4.4946e+009	4.4842e+009	5.2500e-015
-6.400e+000	2.4599e-008	-7.3136e+009	-5.7782e+009	5.7657e+009	5.2500e-015
-6.390e+000	2.9059e-008	-9.1273e+009	-7.3136e+009	7.2988e+009	5.2500e-015
-6.380e+000	3.3984e-008	-1.1248e+010	-9.1273e+009	9.1102e+009	5.2500e-015
-6.370e+000	3.9415e-008	-1.3708e+010	-1.1248e+010	1.1229e+010	5.2500e-015
-6.360e+000	4.5382e-008	-1.6541e+010	-1.3708e+010	1.3687e+010	5.2500e-015
-6.350e+000	5.1903e-008	-1.9780e+010	-1.6541e+010	1.6518e+010	5.2500e-015
-6.340e+000	5.8973e-008	-2.3461e+010	-1.9780e+010	1.9755e+010	5.2500e-015
-6.330e+000	6.6563e-008	-2.7616e+010	-2.3461e+010	2.3435e+010	5.2500e-015
-6.320e+000	7.4620e-008	-3.2273e+010	-2.7616e+010	2.7588e+010	5.2500e-015
-6.310e+000	8.3070e-008	-3.7458e+010	-3.2273e+010	3.2244e+010	5.2500e-015
-6.300e+000	9.1823e-008	-4.3189e+010	-3.7458e+010	3.7427e+010	5.2500e-015
-6.290e+000	1.0078e-007	-4.9479e+010	-4.3189e+010	4.3157e+010	5.2500e-015
-6.280e+000	1.0983e-007	-5.6334e+010	-4.9479e+010	4.9447e+010	5.2500e-015
-6.270e+000	1.1888e-007	-6.3754e+010	-5.6334e+010	5.6301e+010	5.2500e-015
-6.260e+000	1.2782e-007	-7.1732e+010	-6.3754e+010	6.3720e+010	5.2500e-015
-6.250e+000	1.3659e-007	-8.0257e+010	-7.1732e+010	7.1697e+010	5.2500e-015
-6.240e+000	1.4511e-007	-8.9314e+010	-8.0257e+010	8.0222e+010	5.2500e-015
-6.230e+000	1.5332e-007	-9.8883e+010	-8.9314e+010	8.9278e+010	5.2500e-015
-6.220e+000	1.6098e-007	-1.0893e+011	-9.8883e+010	9.8847e+010	5.2500e-015
-6.210e+000	1.6820e-007	-1.1943e+011	-1.0893e+011	1.0889e+011	5.2500e-015
-6.200e+000	1.7523e-007	-1.3037e+011	-1.1943e+011	1.1939e+011	5.2500e-015
-6.190e+000	1.8190e-007	-1.4172e+011	-1.3037e+011	1.3033e+011	5.2500e-015
-6.180e+000	1.8830e-007	-1.5347e+011	-1.4172e+011	1.4168e+011	5.2500e-015
-6.170e+000	1.9419e-007	-1.6559e+011	-1.5347e+011	1.5343e+011	5.2500e-015
-6.160e+000	1.9963e-007	-1.7805e+011	-1.6559e+011	1.6555e+011	5.2500e-015
-6.150e+000	2.0491e-007	-1.9084e+011	-1.7805e+011	1.7801e+011	5.2500e-015
-6.140e+000	2.0977e-007	-2.0394e+011	-1.9084e+011	1.9080e+011	5.2500e-015
-6.130e+000	2.1438e-007	-2.1732e+011	-2.0394e+011	2.0390e+011	5.2500e-015
-6.120e+000	2.1857e-007	-2.3096e+011	-2.1732e+011	2.1728e+011	5.2500e-015
-6.110e+000	2.2255e-007	-2.4485e+011	-2.3096e+011	2.3092e+011	5.2500e-015
-6.100e+000	2.2632e-007	-2.5897e+011	-2.4485e+011	2.4481e+011	5.2500e-015
-6.090e+000	2.2975e-007	-2.7331e+011	-2.5897e+011	2.5894e+011	5.2500e-015
-6.080e+000	2.3306e-007	-2.8786e+011	-2.7331e+011	2.7328e+011	5.2500e-015
-6.070e+000	2.3607e-007	-3.0260e+011	-2.8786e+011	2.8782e+011	5.2500e-015
-6.060e+000	2.3898e-007	-3.1751e+011	-3.0260e+011	3.0256e+011	5.2500e-015
-6.050e+000	2.4163e-007	-3.3259e+011	-3.1751e+011	3.1747e+011	5.2500e-015
-6.040e+000	2.4419e-007	-3.4783e+011	-3.3259e+011	3.3255e+011	5.2500e-015
-6.030e+000	2.4656e-007	-3.6322e+011	-3.4783e+011	3.4779e+011	5.2500e-015
-6.020e+000	2.4876e-007	-3.7875e+011	-3.6322e+011	3.6318e+011	5.2500e-015
-6.010e+000	2.5088e-007	-3.9441e+011	-3.7875e+011	3.7871e+011	5.2500e-015
-6.000e+000	2.5286e-007	-4.1019e+011	-3.9441e+011	3.9437e+011	5.2500e-015
-5.990e+000	2.5470e-007	-4.2609e+011	-4.1019e+011	4.1015e+011	5.2500e-015
-5.980e+000	2.5648e-007	-4.4210e+011	-4.2609e+011	4.2605e+011	5.2500e-015
-5.970e+000	2.5814e-007	-4.5821e+011	-4.4210e+011	4.4206e+011	5.2500e-015
-5.960e+000	2.5971e-007	-4.7442e+011	-4.5821e+011	4.5817e+011	5.2500e-015
-5.950e+000	2.6118e-007	-4.9072e+011	-4.7442e+011	4.7438e+011	5.2500e-015
-5.940e+000	2.6261e-007	-5.0711e+011	-4.9072e+011	4.9068e+011	5.2500e-015
-5.930e+000	2.6394e-007	-5.2358e+011	-5.0711e+011	5.0707e+011	5.2500e-015
-5.920e+000	2.6520e-007	-5.4014e+011	-5.2358e+011	5.2354e+011	5.2500e-015
-5.910e+000	2.6641e-007	-5.5676e+011	-5.4014e+011	5.4010e+011	5.2500e-015
-5.900e+000	2.6755e-007	-5.7346e+011	-5.5676e+011	5.5672e+011	5.2500e-015
-5.890e+000	2.6862e-007	-5.9023e+011	-5.7346e+011	5.7342e+011	5.2500e-015
-5.880e+000	2.6966e-007	-6.0706e+011	-5.9023e+011	5.9019e+011	5.2500e-015
-5.870e+000	2.7065e-007	-6.2395e+011	-6.0706e+011	6.0702e+011	5.2500e-015
-5.860e+000	2.7158e-007	-6.4090e+011	-6.2395e+011	6.2391e+011	5.2500e-015
-5.850e+000	2.7248e-007	-6.5791e+011	-6.4090e+011	6.4086e+011	5.2500e-015
-5.840e+000	2.7333e-007	-6.7497e+011	-6.5791e+011	6.5787e+011	5.2500e-015
-5.830e+000	2.7414e-007	-6.9208e+011	-6.7497e+011	6.7493e+011	5.2500e-015
-5.820e+000	2.7492e-007	-7.0924e+011	-6.9208e+011	6.9204e+011	5.2500e-015
-5.810e+000	2.7566e-007	-7.2644e+011	-7.0924e+011	7.0920e+011	5.2500e-015
-5.800e+000	2.7638e-007	-7.4369e+011	-7.2644e+011	7.2640e+011	5.2500e-015
-5.790e+000	2.7706e-007	-7.6099e+011	-7.4369e+011	7.4365e+011	5.2500e-015
-5.780e+000	2.7771e-007	-7.7832e+011	-7.6099e+011	7.6095e+011	5.2500e-015
-5.770e+000	2.7834e-007	-7.9569e+011	-7.7832e+011	7.7828e+011	5.2500e-015
-5.760e+000	2.7894e-007	-8.1310e+011	-7.9569e+011	7.9565e+011	5.2500e-015
-5.750e+000	2.7952e-007	-8.3055e+011	-8.1310e+011	8.1306e+011	5.2500e-015
-5.740e+000	2.8007e-007	-8.4803e+011	-8.3055e+011	8.3051e+011	5.2500e-015
-5.730e+000	2.8060e-007	-8.6554e+011	-8.4803e+011	8.4799e+011	5.2500e-015
-5.720e+000	2.8112e-007	-8.8309e+011	-8.6554e+011	8.6550e+011	5.2500e-015
-5.710e+000	2.8161e-007	-9.0066e+011	-8.8309e+011	8.8305e+011	5.2500e-015
-5.700e+000	2.8208e-007	-9.1827e+011	-9.0066e+011	9.0063e+011	5.2500e-015
-5.690e+000	2.8254e-007	-9.3591e+011	-9.1827e+011	9.1823e+011	5.2500e-015
-5.680e+000	2.8297e-007	-9.5357e+011	-9.3591e+011	9.3587e+011	5.2500e-015
-5.670e+000	2.8341e-007	-9.7126e+011	-9.5357e+011	9.5353e+011	5.2500e-015
-5.660e+000	2.8381e-007	-9.8897e+011	-9.7126e+011	9.7122e+011	5.2500e-015
-5.650e+000	2.8421e-007	-1.0067e+012	-9.8897e+011	9.8893e+011	5.2500e-015
-5.640e+000	2.8459e-007	-1.0245e+012	-1.0067e+012	1.0067e+012	5.2500e-015
-5.630e+000	2.8496e-007	-1.0423e+012	-1.0245e+012	1.0244e+012	5.2500e-015
-5.620e+000	2.8532e-007	-1.0601e+012	-1.0423e+012	1.0422e+012	5.2500e-015
-5.610e+000	2.8566e-007	-1.0779e+012	-1.0601e+012	1.0600e+012	5.2500e-015
-5.600e+000	2.8600e-007	-1.0957e+012	-1.0779e+012	1.0779e+012	5.2500e-015
-5.590e+000	2.8632e-007	-1.1136e+012	-1.0957e+012	1.0957e+012	5.2500e-015
-5.580e+000	2.8663e-007	-1.1315e+012	-1.1136e+012	1.1136e+012	5.2500e-015
-5.570e+000	2.8693e-007	-1.1494e+012	-1.1315e+012	1.1315e+012	5.2500e-015
-5.560e+000	2.8723e-007	-1.1673e+012	-1.1494e+012	1.1494e+012	5.2500e-015
-5.550e+000	2.8751e-007	-1.1853e+012	-1.1673e+012	1.1673e+012	5.2500e-015
-5.540e+000	2.8779e-007	-1.2033e+012	-1.1853e+012	1.1852e+012	5.2500e-015
-5.530e+000	2.8805e-007	-1.2212e+012	-1.2033e+012	1.2032e+012	5.2500e-015
-5.520e+000	2.8831e-007	-1.2392e+012	-1.2212e+012	1.2212e+012	5.2500e-015
-5.510e+000	2.8857e-007	-1.2572e+012	-1.2392e+012	1.2392e+012	5.2500e-015
-5.500e+000	2.8881e-007	-1.2753e+012	-1.2572e+012	1.2572e+012	5.2500e-015
-5.490e+000	2.8905e-007	-1.2933e+012	-1.2753e+012	1.2752e+012	5.2500e-015
-5.480e+000	2.8928e-007	-1.3114e+012	-1.2933e+012	1.2933e+012	5.2500e-015
-5.470e+000	2.8950e-007	-1.3294e+012	-1.3114e+012	1.3113e+012	5.2500e-015
-5.460e+000	2.8972e-007	-1.3475e+012	-1.3294e+012	1.3294e+012	5.2500e-015
-5.450e+000	2.8994e-007	-1.3656e+012	-1.3475e+012	1.3475e+012	5.2500e-015
-5.440e+000	2.9014e-007	-1.3837e+012	-1.3656e+012	1.3656e+012	5.2500e-015
-5.430e+000	2.9034e-007	-1.4018e+012	-1.3837e+012	1.3837e+012	5.2500e-015
-5.420e+000	2.9054e-007	-1.4200e+012	-1.4018e+012	1.4018e+012	5.2500e-015
-5.410e+000	2.9073e-007	-1.4381e+012	-1.4200e+012	1.4199e+012	5.2500e-015
-5.400e+000	2.9092e-007	-1.4563e+012	-1.4381e+012	1.4381e+012	5.2500e-015
-5.390e+000	2.9110e-007	-1.4744e+012	-1.4563e+012	1.4562e+012	5.2500e-015
-5.380e+000	2.9128e-007	-1.4926e+012	-1.4744e+012	1.4744e+012	5.2500e-015
-5.370e+000	2.9145e-007	-1.5108e+012	-1.4926e+012	1.4926e+012	5.2500e-015
-5.360e+000	2.9162e-007	-1.5290e+012	-1.5108e+012	1.5108e+012	5.2500e-015
-5.350e+000	2.9178e-007	-1.5472e+012	-1.5290e+012	1.5290e+012	5.2500e-015
-5.340e+000	2.9194e-007	-1.5654e+012	-1.5472e+012	1.5472e+012	5.2500e-015
-5.330e+000	2.9210e-007	-1.5837e+012	-1.5654e+012	1.5654e+012	5.2500e-015
-5.320e+000	2.9225e-007	-1.6019e+012	-1.5837e+012	1.5836e+012	5.2500e-015
-5.310e+000	2.9240e-007	-1.6202e+012	-1.6019e+012	1.6019e+012	5.2500e-015
-5.300e+000	2.9255e-007	-1.6384e+012	-1.6202e+012	1.6201e+012	5.2500e-015
-5.290e+000	2.9269e-007	-1.6567e+012	-1.6384e+012	1.6384e+012	5.2500e-015
-5.280e+000	2.9283e-007	-1.6750e+012	-1.6567e+012	1.6567e+012	5.2500e-015
-5.270e+000	2.9297e-007	-1.6933e+012	-1.6750e+012	1.6749e+012	5.2500e-015
-5.260e+000	2.9310e-007	-1.7116e+012	-1.6933e+012	1.6932e+012	5.2500e-015
-5.250e+000	2.9324e-007	-1.7299e+012	-1.7116e+012	1.7115e+012	5.2500e-015
-5.240e+000	2.9336e-007	-1.7482e+012	-1.7299e+012	1.7298e+012	5.2500e-015
-5.230e+000	2.9349e-007	-1.7665e+012	-1.7482e+012	1.7481e+012	5.2500e-015
-5.220e+000	2.9361e-007	-1.7848e+012	-1.7665e+012	1.7664e+012	5.2500e-015
-5.210e+000	2.9373e-007	-1.8031e+012	-1.7848e+012	1.7848e+012	5.2500e-015
-5.200e+000	2.9385e-007	-1.8215e+012	-1.8031e+012	1.8031e+012	5.2500e-015
-5.190e+000	2.9397e-007	-1.8398e+012	-1.8215e+012	1.8214e+012	5.2500e-015
-5.180e+000	2.9408e-007	-1.8582e+012	-1.8398e+012	1.8398e+012	5.2500e-015
-5.170e+000	2.9419e-007	-1.8766e+012	-1.8582e+012	1.8582e+012	5.2500e-015
-5.160e+000	2.9430e-007	-1.8949e+012	-1.8766e+012	1.8765e+012	5.2500e-015
-5.150e+000	2.9441e-007	-1.9133e+012	-1.8949e+012	1.8949e+012	5.2500e-015
-5.140e+000	2.9451e-007	-1.9317e+012	-1.9133e+012	1.9133e+012	5.2500e-015
-5.130e+000	2.9461e-007	-1.9501e+012	-1.9317e+012	1.9316e+012	5.2500e-015
-5.120e+000	2.9472e-007	-1.9685e+012	-1.9501e+012	1.9500e+012	5.2500e-015
-5.110e+000	2.9481e-007	-1.9869e+012	-1.9685e+012	1.9684e+012	5.2500e-015
-5.100e+000	2.9491e-007	-2.0053e+012	-1.9869e+012	1.9868e+012	5.2500e-015
-5.090e+000	2.9501e-007	-2.0237e+012	-2.0053e+012	2.0052e+012	5.2500e-015
-5.080e+000	2.9510e-007	-2.0421e+012	-2.0237e+012	2.0236e+012	5.2500e-015
-5.070e+000	2.9519e-007	-2.0605e+012	-2.0421e+012	2.0421e+012	5.2500e-015
-5.060e+000	2.9528e-007	-2.0790e+012	-2.0605e+012	2.0605e+012	5.2500e-015
-5.050e+000	2.9537e-007	-2.0974e+012	-2.0790e+012	2.0789e+012	5.2500e-015
-5.040e+000	2.9546e-007	-2.1158e+012	-2.0974e+012	2.0974e+012	5.2500e-015
-5.030e+000	2.9555e-007	-2.1343e+012	-2.1158e+012	2.1158e+012	5.2500e-015
-5.020e+000	2.9563e-007	-2.1527e+012	-2.1343e+012	2.1342e+012	5.2500e-015
-5.010e+000	2.9571e-007	-2.1712e+012	-2.1527e+012	2.1527e+012	5.2500e-015
-5.000e+000	2.9579e-007	-2.1896e+012	-2.1712e+012	2.1711e+012	5.2500e-015
-4.990e+000	2.9587e-007	-2.2081e+012	-2.1896e+012	2.1896e+012	5.2500e-015
-4.980e+000	2.9595e-007	-2.2266e+012	-2.2081e+012	2.2081e+012	5.2500e-015
-4.970e+000	2.9603e-007	-2.2451e+012	-2.2266e+012	2.2265e+012	5.2500e-015
-4.960e+000	2.9611e-007	-2.2635e+012	-2.2451e+012	2.2450e+012	5.2500e-015
-4.950e+000	2.9618e-007	-2.2820e+012	-2.2635e+012	2.2635e+012	5.2500e-015
-4.940e+000	2.9626e-007	-2.3005e+012	-2.2820e+012	2.2820e+012	5.2500e-015
-4.930e+000	2.9633e-007	-2.3190e+012	-2.3005e+012	2.3005e+012	5.2500e-015
-4.920e+000	2.9640e-007	-2.3375e+012	-2.3190e+012	2.3190e+012	5.2500e-015
-4.910e+000	2.9647e-007	-2.3560e+012	-2.3375e+012	2.3375e+012	5.2500e-015
-4.900e+000	2.9654e-007	-2.3745e+012	-2.3560e+012	2.3560e+012	5.2500e-015
-4.890e+000	2.9661e-007	-2.3930e+012	-2.3745e+012	2.3745e+012	5.2500e-015
-4.880e+000	2.9668e-007	-2.4116e+012	-2.3930e+012	2.3930e+012	5.2500e-015
-4.870e+000	2.9675e-007	-2.4301e+012	-2.4116e+012	2.4115e+012	5.2500e-015
-4.860e+000	2.9681e-007	-2.4486e+012	-2.4301e+012	2.4300e+012	5.2500e-015
-4.850e+000	2.9688e-007	-2.4671e+012	-2.4486e+012	2.4486e+012	5.2500e-015
-4.840e+000	2.9694e-007	-2.4857e+012	-2.4671e+012	2.4671e+012	5.2500e-015
-4.830e+000	2.9700e-007	-2.5042e+012	-2.4857e+012	2.4856e+012	5.2500e-015
-4.820e+000	2.9707e-007	-2.5228e+012	-2.5042e+012	2.5042e+012	5.2500e-015
-4.810e+000	2.9713e-007	-2.5413e+012	-2.5228e+012	2.5227e+012	5.2500e-015
-4.800e+000	2.9719e-007	-2.5598e+012	-2.5413e+012	2.5413e+012	5.2500e-015
-4.790e+000	2.9725e-007	-2.5784e+012	-2.5598e+012	2.5598e+012	5.2500e-015
-4.780e+000	2.9731e-007	-2.5970e+012	-2.5784e+012	2.5784e+012	5.2500e-015
-4.770e+000	2.9736e-007	-2.6155e+012	-2.5970e+012	2.5969e+012	5.2500e-015
-4.760e+000	2.9742e-007	-2.6341e+012	-2.6155e+012	2.6155e+012	5.2500e-015
-4.750e+000	2.9748e-007	-2.6526e+012	-2.6341e+012	2.6340e+012	5.2500e-015
-4.740e+000	2.9753e-007	-2.6712e+012	-2.6526e+012	2.6526e+012	5.2500e-015
-4.730e+000	2.9759e-007	-2.6898e+012	-2.6712e+012	2.6712e+012	5.2500e-015
-4.720e+000	2.9764e-007	-2.7084e+012	-2.6898e+012	2.6897e+012	5.2500e-015
-4.710e+000	2.9770e-007	-2.7269e+012	-2.7084e+012	2.7083e+012	5.2500e-015
-4.700e+000	2.9775e-007	-2.7455e+012	-2.7269e+012	2.7269e+012	5.2500e-015
-4.690e+000	2.9780e-007	-2.7641e+012	-2.7455e+012	2.7455e+012	5.2500e-015
-4.680e+000	2.9785e-007	-2.7827e+012	-2.7641e+012	2.7641e+012	5.2500e-015
-4.670e+000	2.9790e-007	-2.8013e+012	-2.7827e+012	2.7827e+012	5.2500e-015
-4.660e+000	2.9795e-007	-2.8199e+012	-2.8013e+012	2.8013e+012	5.2500e-015
-4.650e+000	2.9800e-007	-2.8385e+012	-2.8199e+012	2.8199e+012	5.2500e-015
-4.640e+000	2.9805e-007	-2.8571e+012	-2.8385e+012	2.8385e+012	5.2500e-015
-4.630e+000	2.9810e-007	-2.8757e+012	-2.8571e+012	2.8571e+012	5.2500e-015
-4.620e+000	2.9815e-007	-2.8943e+012	-2.8757e+012	2.8757e+012	5.2500e-015
-4.610e+000	2.9820e-007	-2.9129e+012	-2.8943e+012	2.8943e+012	5.2500e-015
-4.600e+000	2.9824e-007	-2.9315e+012	-2.9129e+012	2.9129e+012	5.2500e-015
-4.590e+000	2.9829e-007	-2.9502e+012	-2.9315e+012	2.9315e+012	5.2500e-015
-4.580e+000	2.9834e-007	-2.9688e+012	-2.9502e+012	2.9501e+012	5.2500e-015
-4.570e+000	2.9838e-007	-2.9874e+012	-2.9688e+012	2.9687e+012	5.2500e-015
-4.560e+000	2.9843e-007	-3.0060e+012	-2.9874e+012	2.9874e+012	5.2500e-015
-4.550e+000	2.9847e-007	-3.0247e+012	-3.0060e+012	3.0060e+012	5.2500e-015
-4.540e+000	2.9852e-007	-3.0433e+012	-3.0247e+012	3.0246e+012	5.2500e-015
-4.530e+000	2.9856e-007	-3.0619e+012	-3.0433e+012	3.0433e+012	5.2500e-015
-4.520e+000	2.9860e-007	-3.0806e+012	-3.0619e+012	3.0619e+012	5.2500e-015
-4.510e+000	2.9865e-007	-3.0992e+012	-3.0806e+012	3.0805e+012	5.2500e-015
-4.500e+000	2.9869e-007	-3.1178e+012	-3.0992e+012	3.0992e+012	5.2500e-015
-4.490e+000	2.9873e-007	-3.1365e+012	-3.1178e+012	3.1178e+012	5.2500e-015
-4.480e+000	2.9877e-007	-3.1551e+012	-3.1365e+012	3.1365e+012	5.2500e-015
-4.470e+000	2.9881e-007	-3.1738e+012	-3.1551e+012	3.1551e+012	5.2500e-015
-4.460e+000	2.9885e-007	-3.1924e+012	-3.1738e+012	3.1738e+012	5.2500e-015
-4.450e+000	2.9889e-007	-3.2111e+012	-3.1924e+012	3.1924e+012	5.2500e-015
-4.440e+000	2.9893e-007	-3.2298e+012	-3.2111e+012	3.2111e+012	5.2500e-015
-4.430e+000	2.9897e-007	-3.2484e+012	-3.2298e+012	3.2297e+012	5.2500e-015
-4.420e+000	2.9901e-007	-3.2671e+012	-3.2484e+012	3.2484e+012	5.2500e-015
-4.410e+000	2.9905e-007	-3.2857e+012	-3.2671e+012	3.2670e+012	5.2500e-015
-4.400e+000	2.9909e-007	-3.3044e+012	-3.2857e+012	3.2857e+012	5.2500e-015
-4.390e+000	2.9912e-007	-3.3231e+012	-3.3044e+012	3.3044e+012	5.2500e-015
-4.380e+000	2.9916e-007	-3.3418e+012	-3.3231e+012	3.3230e+012	5.2500e-015
-4.370e+000	2.9920e-007	-3.3604e+012	-3.3418e+012	3.3417e+012	5.2500e-015
-4.360e+000	2.9923e-007	-3.3791e+012	-3.3604e+012	3.3604e+012	5.2500e-015
-4.350e+000	2.9927e-007	-3.3978e+012	-3.3791e+012	3.3791e+012	5.2500e-015
-4.340e+000	2.9931e-007	-3.4165e+012	-3.3978e+012	3.3977e+012	5.2500e-015
-4.330e+000	2.9934e-007	-3.4351e+012	-3.4165e+012	3.4164e+012	5.2500e-015
-4.320e+000	2.9938e-007	-3.4538e+012	-3.4351e+012	3.4351e+012	5.2500e-015
-4.310e+000	2.9941e-007	-3.4725e+012	-3.4538e+012	3.4538e+012	5.2500e-015
-4.300e+000	2.9945e-007	-3.4912e+012	-3.4725e+012	3.4725e+012	5.2500e-015
-4.290e+000	2.9948e-007	-3.5099e+012	-3.4912e+012	3.4912e+012	5.2500e-015
-4.280e+000	2.9951e-007	-3.5286e+012	-3.5099e+012	3.5099e+012	5.2500e-015
-4.270e+000	2.9955e-007	-3.5473e+012	-3.5286e+012	3.5286e+012	5.2500e-015
-4.260e+000	2.9958e-007	-3.5660e+012	-3.5473e+012	3.5473e+012	5.2500e-015
-4.250e+000	2.9961e-007	-3.5847e+012	-3.5660e+012	3.5660e+012	5.2500e-015
-4.240e+000	2.9965e-007	-3.6034e+012	-3.5847e+012	3.5847e+012	5.2500e-015
-4.230e+000	2.9968e-007	-3.6221e+012	-3.6034e+012	3.6034e+012	5.2500e-015
-4.220e+000	2.9971e-007	-3.6408e+012	-3.6221e+012	3.6221e+012	5.2500e-015
-4.210e+000	2.9974e-007	-3.6595e+012	-3.6408e+012	3.6408e+012	5.2500e-015
-4.200e+000	2.9978e-007	-3.6782e+012	-3.6595e+012	3.6595e+012	5.2500e-015
-4.190e+000	2.9981e-007	-3.6969e+012	-3.6782e+012	3.6782e+012	5.2500e-015
-4.180e+000	2.9984e-007	-3.7157e+012	-3.6969e+012	3.6969e+012	5.2500e-015
-4.170e+000	2.9987e-007	-3.7344e+012	-3.7157e+012	3.7156e+012	5.2500e-015
-4.160e+000	2.9990e-007	-3.7531e+012	-3.7344e+012	3.7343e+012	5.2500e-015
-4.150e+000	2.9993e-007	-3.7718e+012	-3.7531e+012	3.7530e+012	5.2500e-015
-4.140e+000	2.9996e-007	-3.7905e+012	-3.7718e+012	3.7718e+012	5.2500e-015
-4.130e+000	2.9999e-007	-3.8093e+012	-3.7905e+012	3.7905e+012	5.2500e-015
-4.120e+000	3.0002e-007	-3.8280e+012	-3.8093e+012	3.8092e+012	5.2500e-015
-4.110e+000	3.0005e-007	-3.8467e+012	-3.8280e+012	3.8279e+012	5.2500e-015
-4.100e+000	3.0008e-007	-3.8654e+012	-3.8467e+012	3.8467e+012	5.2500e-015
-4.090e+000	3.0011e-007	-3.8842e+012	-3.8654e+012	3.8654e+012	5.2500e-015
-4.080e+000	3.0014e-007	-3.9029e+012	-3.8842e+012	3.8841e+012	5.2500e-015
-4.070e+000	3.0017e-007	-3.9216e+012	-3.9029e+012	3.9029e+012	5.2500e-015
-4.060e+000	3.0019e-007	-3.9404e+012	-3.9216e+012	3.9216e+012	5.2500e-015
-4.050e+000	3.0022e-007	-3.9591e+012	-3.9404e+012	3.9403e+012	5.2500e-015
-4.040e+000	3.0025e-007	-3.9779e+012	-3.9591e+012	3.9591e+012	5.2500e-015
-4.030e+000	3.0028e-007	-3.9966e+012	-3.9779e+012	3.9778e+012	5.2500e-015
-4.020e+000	3.0030e-007	-4.0153e+012	-3.9966e+012	3.9966e+012	5.2500e-015
-4.010e+000	3.0033e-007	-4.0341e+012	-4.0153e+012	4.0153e+012	5.2500e-015
-4.000e+000	3.0036e-007	-4.0528e+012	-4.0341e+012	4.0340e+012	5.2500e-015
-3.990e+000	3.0039e-007	-4.0716e+012	-4.0528e+012	4.0528e+012	5.2500e-015
-3.980e+000	3.0041e-007	-4.0903e+012	-4.0716e+012	4.0715e+012	5.2500e-015
-3.970e+000	3.0044e-007	-4.1091e+012	-4.0903e+012	4.0903e+012	5.2500e-015
-3.960e+000	3.0047e-007	-4.1278e+012	-4.1091e+012	4.1090e+012	5.2500e-015
-3.950e+000	3.0049e-007	-4.1466e+012	-4.1278e+012	4.1278e+012	5.2500e-015
-3.940e+000	3.0052e-007	-4.1653e+012	-4.1466e+012	4.1465e+012	5.2500e-015
-3.930e+000	3.0054e-007	-4.1841e+012	-4.1653e+012	4.1653e+012	5.2500e-015
-3.920e+000	3.0057e-007	-4.2029e+012	-4.1841e+012	4.1841e+012	5.2500e-015
-3.910e+000	3.0059e-007	-4.2216e+012	-4.2029e+012	4.2028e+012	5.2500e-015
-3.900e+000	3.0062e-007	-4.2404e+012	-4.2216e+012	4.2216e+012	5.2500e-015
-3.890e+000	3.0064e-007	-4.2592e+012	-4.2404e+012	4.2403e+012	5.2500e-015
-3.880e+000	3.0067e-007	-4.2779e+012	-4.2592e+012	4.2591e+012	5.2500e-015
-3.870e+000	3.0069e-007	-4.2967e+012	-4.2779e+012	4.2779e+012	5.2500e-015
-3.860e+000	3.0072e-007	-4.3155e+012	-4.2967e+012	4.2966e+012	5.2500e-015
-3.850e+000	3.0074e-007	-4.3342e+012	-4.3155e+012	4.3154e+012	5.2500e-015
-3.840e+000	3.0077e-007	-4.3530e+012	-4.3342e+012	4.3342e+012	5.2500e-015
-3.830e+000	3.0079e-007	-4.3718e+012	-4.3530e+012	4.3530e+012	5.2500e-015
-3.820e+000	3.0081e-007	-4.3905e+012	-4.3718e+012	4.3717e+012	5.2500e-015
-3.810e+000	3.0084e-007	-4.4093e+012	-4.3905e+012	4.3905e+012	5.2500e-015
-3.800e+000	3.0086e-007	-4.4281e+012	-4.4093e+012	4.4093e+012	5.2500e-015
-3.790e+000	3.0089e-007	-4.4469e+012	-4.4281e+012	4.4281e+012	5.2500e-015
-3.780e+000	3.0091e-007	-4.4657e+012	-4.4469e+012	4.4468e+012	5.2500e-015
-3.770e+000	3.0093e-007	-4.4844e+012	-4.4657e+012	4.4656e+012	5.2500e-015
-3.760e+000	3.0095e-007	-4.5032e+012	-4.4844e+012	4.4844e+012	5.2500e-015
-3.750e+000	3.0098e-007	-4.5220e+012	-4.5032e+012	4.5032e+012	5.2500e-015
-3.740e+000	3.0100e-007	-4.5408e+012	-4.5220e+012	4.5220e+012	5.2500e-015
-3.730e+000	3.0102e-007	-4.5596e+012	-4.5408e+012	4.5408e+012	5.2500e-015
-3.720e+000	3.0105e-007	-4.5784e+012	-4.5596e+012	4.5596e+012	5.2500e-015
-3.710e+000	3.0107e-007	-4.5972e+012	-4.5784e+012	4.5783e+012	5.2500e-015
-3.700e+000	3.0109e-007	-4.6160e+012	-4.5972e+012	4.5971e+012	5.2500e-015
-3.690e+000	3.0111e-007	-4.6348e+012	-4.6160e+012	4.6159e+012	5.2500e-015
-3.680e+000	3.0113e-007	-4.6536e+012	-4.6348e+012	4.6347e+012	5.2500e-015
-3.670e+000	3.0116e-007	-4.6723e+012	-4.6536e+012	4.6535e+012	5.2500e-015
-3.660e+000	3.0118e-007	-4.6911e+012	-4.6723e+012	4.6723e+012	5.2500e-015
-3.650e+000	3.0120e-007	-4.7099e+012	-4.6911e+012	4.6911e+012	5.2500e-015
-3.640e+000	3.0122e-007	-4.7287e+012	-4.7099e+012	4.7099e+012	5.2500e-015
-3.630e+000	3.0124e-007	-4.7475e+012	-4.7287e+012	4.7287e+012	5.2500e-015
-3.620e+000	3.0126e-007	-4.7664e+012	-4.7475e+012	4.7475e+012	5.2500e-015
-3.610e+000	3.0128e-007	-4.7852e+012	-4.7664e+012	4.7663e+012	5.2500e-015
-3.600e+000	3.0130e-007	-4.8040e+012	-4.7852e+012	4.7851e+012	5.2500e-015
-3.590e+000	3.0132e-007	-4.8228e+012	-4.8040e+012	4.8039e+012	5.2500e-015
-3.580e+000	3.0134e-007	-4.8416e+012	-4.8228e+012	4.8227e+012	5.2500e-015
-3.570e+000	3.0137e-007	-4.8604e+012	-4.8416e+012	4.8415e+012	5.2500e-015
-3.560e+000	3.0139e-007	-4.8792e+012	-4.8604e+012	4.8603e+012	5.2500e-015
-3.550e+000	3.0141e-007	-4.8980e+012	-4.8792e+012	4.8792e+012	5.2500e-015
-3.540e+000	3.0143e-007	-4.9168e+012	-4.8980e+012	4.8980e+012	5.2500e-015
-3.530e+000	3.0145e-007	-4.9356e+012	-4.9168e+012	4.9168e+012	5.2500e-015
-3.520e+000	3.0147e-007	-4.9545e+012	-4.9356e+012	4.9356e+012	5.2500e-015
-3.510e+000	3.0149e-007	-4.9733e+012	-4.9545e+012	4.9544e+012	5.2500e-015
-3.500e+000	3.0151e-007	-4.9921e+012	-4.9733e+012	4.9732e+012	5.2500e-015
-3.490e+000	3.0152e-007	-5.0109e+012	-4.9921e+012	4.9921e+012	5.2500e-015
-3.480e+000	3.0154e-007	-5.0297e+012	-5.0109e+012	5.0109e+012	5.2500e-015
-3.470e+000	3.0156e-007	-5.0486e+012	-5.0297e+012	5.0297e+012	5.2500e-015
-3.460e+000	3.0158e-007	-5.0674e+012	-5.0486e+012	5.0485e+012	5.2500e-015
-3.450e+000	3.0160e-007	-5.0862e+012	-5.0674e+012	5.0673e+012	5.2500e-015
-3.440e+000	3.0162e-007	-5.1050e+012	-5.0862e+012	5.0862e+012	5.2500e-015
-3.430e+000	3.0164e-007	-5.1239e+012	-5.1050e+012	5.1050e+012	5.2500e-015
-3.420e+000	3.0166e-007	-5.1427e+012	-5.1239e+012	5.1238e+012	5.2500e-015
-3.410e+000	3.0168e-007	-5.1615e+012	-5.1427e+012	5.1426e+012	5.2500e-015
-3.400e+000	3.0170e-007	-5.1803e+012	-5.1615e+012	5.1615e+012	5.2500e-015
-3.390e+000	3.0171e-007	-5.1992e+012	-5.1803e+012	5.1803e+012	5.2500e-015
-3.380e+000	3.0173e-007	-5.2180e+012	-5.1992e+012	5.1991e+012	5.2500e-015
-3.370e+000	3.0175e-007	-5.2368e+012	-5.2180e+012	5.2180e+012	5.2500e-015
-3.360e+000	3.0177e-007	-5.2557e+012	-5.2368e+012	5.2368e+012	5.2500e-015
-3.350e+000	3.0179e-007	-5.2745e+012	-5.2557e+012	5.2556e+012	5.2500e-015
-3.340e+000	3.0181e-007	-5.2933e+012	-5.2745e+012	5.2745e+012	5.2500e-015
-3.330e+000	3.0182e-007	-5.3122e+012	-5.2933e+012	5.2933e+012	5.2500e-015
-3.320e+000	3.0184e-007	-5.3310e+012	-5.3122e+012	5.3121e+012	5.2500e-015
-3.310e+000	3.0186e-007	-5.3499e+012	-5.3310e+012	5.3310e+012	5.2500e-015
-3.300e+000	3.0188e-007	-5.3687e+012	-5.3499e+012	5.3498e+012	5.2500e-015
-3.290e+000	3.0190e-007	-5.3876e+012	-5.3687e+012	5.3687e+012	5.2500e-015
-3.280e+000	3.0191e-007	-5.4064e+012	-5.3876e+012	5.3875e+012	5.2500e-015
-3.270e+000	3.0193e-007	-5.4252e+012	-5.4064e+012	5.4064e+012	5.2500e-015
-3.260e+000	3.0195e-007	-5.4441e+012	-5.4252e+012	5.4252e+012	5.2500e-015
-3.250e+000	3.0196e-007	-5.4629e+012	-5.4441e+012	5.4440e+012	5.2500e-015
-3.240e+000	3.0198e-007	-5.4818e+012	-5.4629e+012	5.4629e+012	5.2500e-015
-3.230e+000	3.0200e-007	-5.5006e+012	-5.4818e+012	5.4817e+012	5.2500e-015
-3.220e+000	3.0202e-007	-5.5195e+012	-5.5006e+012	5.5006e+012	5.2500e-015
-3.210e+000	3.0203e-007	-5.5383e+012	-5.5195e+012	5.5194e+012	5.2500e-015
-3.200e+000	3.0205e-007	-5.5572e+012	-5.5383e+012	5.5383e+012	5.2500e-015
-3.190e+000	3.0207e-007	-5.5760e+012	-5.5572e+012	5.5571e+012	5.2500e-015
-3.180e+000	3.0208e-007	-5.5949e+012	-5.5760e+012	5.5760e+012	5.2500e-015
-3.170e+000	3.0210e-007	-5.6137e+012	-5.5949e+012	5.5949e+012	5.2500e-015
-3.160e+000	3.0212e-007	-5.6326e+012	-5.6137e+012	5.6137e+012	5.2500e-015
-3.150e+000	3.0213e-007	-5.6515e+012	-5.6326e+012	5.6326e+012	5.2500e-015
-3.140e+000	3.0215e-007	-5.6703e+012	-5.6515e+012	5.6514e+012	5.2500e-015
-3.130e+000	3.0217e-007	-5.6892e+012	-5.6703e+012	5.6703e+012	5.2500e-015
-3.120e+000	3.0218e-007	-5.7080e+012	-5.6892e+012	5.6891e+012	5.2500e-015
-3.110e+000	3.0220e-007	-5.7269e+012	-5.7080e+012	5.7080e+012	5.2500e-015
-3.100e+000	3.0221e-007	-5.7458e+012	-5.7269e+012	5.7269e+012	5.2500e-015
-3.090e+000	3.0223e-007	-5.7646e+012	-5.7458e+012	5.7457e+012	5.2500e-015
-3.080e+000	3.0225e-007	-5.7835e+012	-5.7646e+012	5.7646e+012	5.2500e-015
-3.070e+000	3.0226e-007	-5.8024e+012	-5.7835e+012	5.7835e+012	5.2500e-015
-3.060e+000	3.0228e-007	-5.8212e+012	-5.8024e+012	5.8023e+012	5.2500e-015
-3.050e+000	3.0229e-007	-5.8401e+012	-5.8212e+012	5.8212e+012	5.2500e-015
-3.040e+000	3.0231e-007	-5.8590e+012	-5.8401e+012	5.8401e+012	5.2500e-015
-3.030e+000	3.0232e-007	-5.8778e+012	-5.8590e+012	5.8589e+012	5.2500e-015
-3.020e+000	3.0234e-007	-5.8967e+012	-5.8778e+012	5.8778e+012	5.2500e-015
-3.010e+000	3.0236e-007	-5.9156e+012	-5.8967e+012	5.8967e+012	5.2500e-015
-3.000e+000	3.0237e-007	-5.9344e+012	-5.9156e+012	5.9155e+012	5.2500e-015
-2.990e+000	3.0239e-007	-5.9533e+012	-5.9344e+012	5.9344e+012	5.2500e-015
-2.980e+000	3.0240e-007	-5.9722e+012	-5.9533e+012	5.9533e+012	5.2500e-015
-2.970e+000	3.0242e-007	-5.9911e+012	-5.9722e+012	5.9722e+012	5.2500e-015
-2.960e+000	3.0243e-007	-6.0099e+012	-5.9911e+012	5.9910e+012	5.2500e-015
-2.950e+000	3.0245e-007	-6.0288e+012	-6.0099e+012	6.0099e+012	5.2500e-015
-2.940e+000	3.0246e-007	-6.0477e+012	-6.0288e+012	6.0288e+012	5.2500e-015
-2.930e+000	3.0248e-007	-6.0666e+012	-6.0477e+012	6.0477e+012	5.2500e-015
-2.920e+000	3.0249e-007	-6.0855e+012	-6.0666e+012	6.0665e+012	5.2500e-015
-2.910e+000	3.0251e-007	-6.1043e+012	-6.0855e+012	6.0854e+012	5.2500e-015
-2.900e+000	3.0252e-007	-6.1232e+012	-6.1043e+012	6.1043e+012	5.2500e-015
-2.890e+000	3.0254e-007	-6.1421e+012	-6.1232e+012	6.1232e+012	5.2500e-015
-2.880e+000	3.0255e-007	-6.1610e+012	-6.1421e+012	6.1421e+012	5.2500e-015
-2.870e+000	3.0256e-007	-6.1799e+012	-6.1610e+012	6.1609e+012	5.2500e-015
-2.860e+000	3.0258e-007	-6.1988e+012	-6.1799e+012	6.1798e+012	5.2500e-015
-2.850e+000	3.0259e-007	-6.2176e+012	-6.1988e+012	6.1987e+012	5.2500e-015
-2.840e+000	3.0261e-007	-6.2365e+012	-6.2176e+012	6.2176e+012	5.2500e-015
-2.830e+000	3.0262e-007	-6.2554e+012	-6.2365e+012	6.2365e+012	5.2500e-015
-2.820e+000	3.0264e-007	-6.2743e+012	-6.2554e+012	6.2554e+012	5.2500e-015
-2.810e+000	3.0265e-007	-6.2932e+012	-6.2743e+012	6.2743e+012	5.2500e-015
-2.800e+000	3.0266e-007	-6.3121e+012	-6.2932e+012	6.2932e+012	5.2500e-015
-2.790e+000	3.0268e-007	-6.3310e+012	-6.3121e+012	6.3121e+012	5.2500e-015
-2.780e+000	3.0269e-007	-6.3499e+012	-6.3310e+012	6.3309e+012	5.2500e-015
-2.770e+000	3.0271e-007	-6.3688e+012	-6.3499e+012	6.3498e+012	5.2500e-015
-2.760e+000	3.0272e-007	-6.3877e+012	-6.3688e+012	6.3687e+012	5.2500e-015
-2.750e+000	3.0273e-007	-6.4066e+012	-6.3877e+012	6.3876e+012	5.2500e-015
-2.740e+000	3.0275e-007	-6.4255e+012	-6.4066e+012	6.4065e+012	5.2500e-015
-2.730e+000	3.0276e-007	-6.4444e+012	-6.4255e+012	6.4254e+012	5.2500e-015
-2.720e+000	3.0278e-007	-6.4632e+012	-6.4444e+012	6.4443e+012	5.2500e-015
-2.710e+000	3.0279e-007	-6.4821e+012	-6.4632e+012	6.4632e+012	5.2500e-015
-2.700e+000	3.0280e-007	-6.5010e+012	-6.4821e+012	6.4821e+012	5.2500e-015
-2.690e+000	3.0282e-007	-6.5199e+012	-6.5010e+012	6.5010e+012	5.2500e-015
-2.680e+000	3.0271e-007	-6.5388e+012	-6.5199e+012	6.5199e+012	5.2500e-015
-2.670e+000	3.0261e-007	-6.5577e+012	-6.5388e+012	6.5388e+012	5.2500e-015
-2.660e+000	3.0262e-007	-6.5766e+012	-6.5577e+012	6.5577e+012	5.2500e-015
-2.650e+000	3.0263e-007	-6.5955e+012	-6.5766e+012	6.5766e+012	5.2500e-015
-2.640e+000	3.0264e-007	-6.6144e+012	-6.5955e+012	6.5955e+012	5.2500e-015
-2.630e+000	3.0265e-007	-6.6333e+012	-6.6144e+012	6.6144e+012	5.2500e-015
-2.620e+000	3.0266e-007	-6.6522e+012	-6.6333e+012	6.6332e+012	5.2500e-015
-2.610e+000	3.0268e-007	-6.6711e+012	-6.6522e+012	6.6521e+012	5.2500e-015
-2.600e+000	3.0269e-007	-6.6900e+012	-6.6711e+012	6.6710e+012	5.2500e-015
-2.590e+000	3.0270e-007	-6.7089e+012	-6.6900e+012	6.6899e+012	5.2500e-015
-2.580e+000	3.0271e-007	-6.7277e+012	-6.7089e+012	6.7088e+012	5.2500e-015
-2.570e+000	3.0272e-007	-6.7466e+012	-6.7277e+012	6.7277e+012	5.2500e-015
-2.560e+000	3.0273e-007	-6.7655e+012	-6.7466e+012	6.7466e+012	5.2500e-015
-2.550e+000	3.0274e-007	-6.7844e+012	-6.7655e+012	6.7655e+012	5.2500e-015
-2.540e+000	3.0275e-007	-6.8033e+012	-6.7844e+012	6.7844e+012	5.2500e-015
-2.530e+000	3.0276e-007	-6.8222e+012	-6.8033e+012	6.8033e+012	5.2500e-015
-2.520e+000	3.0277e-007	-6.8411e+012	-6.8222e+012	6.8222e+012	5.2500e-015
-2.510e+000	3.0278e-007	-6.8600e+012	-6.8411e+012	6.8411e+012	5.2500e-015
-2.500e+000	3.0280e-007	-6.8789e+012	-6.8600e+012	6.8600e+012	5.2500e-015
-2.490e+000	3.0281e-007	-6.8978e+012	-6.8789e+012	6.8789e+012	5.2500e-015
-2.480e+000	3.0282e-007	-6.9167e+012	-6.8978e+012	6.8978e+012	5.2500e-015
-2.470e+000	3.0283e-007	-6.9356e+012	-6.9167e+012	6.9167e+012	5.2500e-015
-2.460e+000	3.0284e-007	-6.9545e+012	-6.9356e+012	6.9356e+012	5.2500e-015
-2.450e+000	3.0285e-007	-6.9734e+012	-6.9545e+012	6.9545e+012	5.2500e-015
-2.440e+000	3.0286e-007	-6.9923e+012	-6.9734e+012	6.9734e+012	5.2500e-015
-2.430e+000	3.0287e-007	-7.0112e+012	-6.9923e+012	6.9923e+012	5.2500e-015
-2.420e+000	3.0288e-007	-7.0301e+012	-7.0112e+012	7.0112e+012	5.2500e-015
-2.410e+000	3.0289e-007	-7.0490e+012	-7.0301e+012	7.0301e+012	5.2500e-015
-2.400e+000	3.0290e-007	-7.0679e+012	-7.0490e+012	7.0490e+012	5.2500e-015
-2.390e+000	3.0291e-007	-7.0868e+012	-7.0679e+012	7.0679e+012	5.2500e-015
-2.380e+000	3.0292e-007	-7.1058e+012	-7.0868e+012	7.0868e+012	5.2500e-015
-2.370e+000	3.0293e-007	-7.1247e+012	-7.1058e+012	7.1057e+012	5.2500e-015
-2.360e+000	3.0294e-007	-7.1436e+012	-7.1247e+012	7.1246e+012	5.2500e-015
-2.350e+000	3.0295e-007	-7.1625e+012	-7.1436e+012	7.1435e+012	5.2500e-015
-2.340e+000	3.0296e-007	-7.1814e+012	-7.1625e+012	7.1624e+012	5.2500e-015
-2.330e+000	3.0297e-007	-7.2003e+012	-7.1814e+012	7.1813e+012	5.2500e-015
-2.320e+000	3.0298e-007	-7.2192e+012	-7.2003e+012	7.2003e+012	5.2500e-015
-2.310e+000	3.0299e-007	-7.2381e+012	-7.2192e+012	7.2192e+012	5.2500e-015
-2.300e+000	3.0300e-007	-7.2570e+012	-7.2381e+012	7.2381e+012	5.2500e-015
-2.290e+000	3.0301e-007	-7.2759e+012	-7.2570e+012	7.2570e+012	5.2500e-015
-2.280e+000	3.0302e-007	-7.2949e+012	-7.2759e+012	7.2759e+012	5.2500e-015
-2.270e+000	3.0303e-007	-7.3138e+012	-7.2949e+012	7.2948e+012	5.2500e-015
-2.260e+000	3.0304e-007	-7.3327e+012	-7.3138e+012	7.3137e+012	5.2500e-015
-2.250e+000	3.0305e-007	-7.3516e+012	-7.3327e+012	7.3326e+012	5.2500e-015
-2.240e+000	3.0306e-007	-7.3705e+012	-7.3516e+012	7.3516e+012	5.2500e-015
-2.230e+000	3.0307e-007	-7.3894e+012	-7.3705e+012	7.3705e+012	5.2500e-015
-2.220e+000	3.0308e-007	-7.4083e+012	-7.3894e+012	7.3894e+012	5.2500e-015
-2.210e+000	3.0309e-007	-7.4273e+012	-7.4083e+012	7.4083e+012	5.2500e-015
-2.200e+000	3.0310e-007	-7.4462e+012	-7.4273e+012	7.4272e+012	5.2500e-015
-2.190e+000	3.0311e-007	-7.4651e+012	-7.4462e+012	7.4461e+012	5.2500e-015
-2.180e+000	3.0312e-007	-7.4840e+012	-7.4651e+012	7.4651e+012	5.2500e-015
-2.170e+000	3.0312e-007	-7.5029e+012	-7.4840e+012	7.4840e+012	5.2500e-015
-2.160e+000	3.0313e-007	-7.5219e+012	-7.5029e+012	7.5029e+012	5.2500e-015
-2.150e+000	3.0314e-007	-7.5408e+012	-7.5219e+012	7.5218e+012	5.2500e-015
-2.140e+000	3.0315e-007	-7.5597e+012	-7.5408e+012	7.5407e+012	5.2500e-015
-2.130e+000	3.0316e-007	-7.5786e+012	-7.5597e+012	7.5597e+012	5.2500e-015
-2.120e+000	3.0317e-007	-7.5975e+012	-7.5786e+012	7.5786e+012	5.2500e-015
-2.110e+000	3.0318e-007	-7.6165e+012	-7.5975e+012	7.5975e+012	5.2500e-015
-2.100e+000	3.0319e-007	-7.6354e+012	-7.6165e+012	7.6164e+012	5.2500e-015
-2.090e+000	3.0320e-007	-7.6543e+012	-7.6354e+012	7.6354e+012	5.2500e-015
-2.080e+000	3.0321e-007	-7.6732e+012	-7.6543e+012	7.6543e+012	5.2500e-015
-2.070e+000	3.0322e-007	-7.6922e+012	-7.6732e+012	7.6732e+012	5.2500e-015
-2.060e+000	3.0323e-007	-7.7111e+012	-7.6922e+012	7.6921e+012	5.2500e-015
-2.050e+000	3.0323e-007	-7.7300e+012	-7.7111e+012	7.7111e+012	5.2500e-015
-2.040e+000	3.0324e-007	-7.7489e+012	-7.7300e+012	7.7300e+012	5.2500e-015
-2.030e+000	3.0325e-007	-7.7679e+012	-7.7489e+012	7.7489e+012	5.2500e-015
-2.020e+000	3.0326e-007	-7.7868e+012	-7.7679e+012	7.7678e+012	5.2500e-015
-2.010e+000	3.0327e-007	-7.8057e+012	-7.7868e+012	7.7868e+012	5.2500e-015
-2.000e+000	3.0328e-007	-7.8247e+012	-7.8057e+012	7.8057e+012	5.2500e-015
-1.990e+000	3.0329e-007	-7.8436e+012	-7.8247e+012	7.8246e+012	5.2500e-015
-1.980e+000	3.0330e-007	-7.8625e+012	-7.8436e+012	7.8435e+012	5.2500e-015
-1.970e+000	3.0331e-007	-7.8815e+012	-7.8625e+012	7.8625e+012	5.2500e-015
-1.960e+000	3.0331e-007	-7.9004e+012	-7.8815e+012	7.8814e+012	5.2500e-015
-1.950e+000	3.0332e-007	-7.9193e+012	-7.9004e+012	7.9003e+012	5.2500e-015
-1.940e+000	3.0333e-007	-7.9382e+012	-7.9193e+012	7.9193e+012	5.2500e-015
-1.930e+000	3.0334e-007	-7.9572e+012	-7.9382e+012	7.9382e+012	5.2500e-015
-1.920e+000	3.0335e-007	-7.9761e+012	-7.9572e+012	7.9571e+012	5.2500e-015
-1.910e+000	3.0336e-007	-7.9950e+012	-7.9761e+012	7.9761e+012	5.2500e-015
-1.900e+000	3.0337e-007	-8.0140e+012	-7.9950e+012	7.9950e+012	5.2500e-015
-1.890e+000	3.0337e-007	-8.0329e+012	-8.0140e+012	8.0139e+012	5.2500e-015
-1.880e+000	3.0338e-007	-8.0519e+012	-8.0329e+012	8.0329e+012	5.2500e-015
-1.870e+000	3.0339e-007	-8.0708e+012	-8.0519e+012	8.0518e+012	5.2500e-015
-1.860e+000	3.0340e-007	-8.0897e+012	-8.0708e+012	8.0707e+012	5.2500e-015
-1.850e+000	3.0341e-007	-8.1087e+012	-8.0897e+012	8.0897e+012	5.2500e-015
-1.840e+000	3.0342e-007	-8.1276e+012	-8.1087e+012	8.1086e+012	5.2500e-015
-1.830e+000	3.0342e-007	-8.1465e+012	-8.1276e+012	8.1276e+012	5.2500e-015
-1.820e+000	3.0343e-007	-8.1655e+012	-8.1465e+012	8.1465e+012	5.2500e-015
-1.810e+000	3.0344e-007	-8.1844e+012	-8.1655e+012	8.1654e+012	5.2500e-015
-1.800e+000	3.0345e-007	-8.2034e+012	-8.1844e+012	8.1844e+012	5.2500e-015
-1.790e+000	3.0346e-007	-8.2223e+012	-8.2034e+012	8.2033e+012	5.2500e-015
-1.780e+000	3.0347e-007	-8.2412e+012	-8.2223e+012	8.2223e+012	5.2500e-015
-1.770e+000	3.0347e-007	-8.2602e+012	-8.2412e+012	8.2412e+012	5.2500e-015
-1.760e+000	3.0348e-007	-8.2791e+012	-8.2602e+012	8.2601e+012	5.2500e-015
-1.750e+000	3.0349e-007	-8.2981e+012	-8.2791e+012	8.2791e+012	5.2500e-015
-1.740e+000	3.0350e-007	-8.3170e+012	-8.2981e+012	8.2980e+012	5.2500e-015
-1.730e+000	3.0351e-007	-8.3359e+012	-8.3170e+012	8.3170e+012	5.2500e-015
-1.720e+000	3.0351e-007	-8.3549e+012	-8.3359e+012	8.3359e+012	5.2500e-015
-1.710e+000	3.0352e-007	-8.3738e+012	-8.3549e+012	8.3549e+012	5.2500e-015
-1.700e+000	3.0353e-007	-8.3928e+012	-8.3738e+012	8.3738e+012	5.2500e-015
-1.690e+000	3.0354e-007	-8.4117e+012	-8.3928e+012	8.3927e+012	5.2500e-015
-1.680e+000	3.0355e-007	-8.4307e+012	-8.4117e+012	8.4117e+012	5.2500e-015
-1.670e+000	3.0355e-007	-8.4496e+012	-8.4307e+012	8.4306e+012	5.2500e-015
-1.660e+000	3.0356e-007	-8.4686e+012	-8.4496e+012	8.4496e+012	5.2500e-015
-1.650e+000	3.0357e-007	-8.4875e+012	-8.4686e+012	8.4685e+012	5.2500e-015
-1.640e+000	3.0358e-007	-8.5065e+012	-8.4875e+012	8.4875e+012	5.2500e-015
-1.630e+000	3.0358e-007	-8.5254e+012	-8.5065e+012	8.5064e+012	5.2500e-015
-1.620e+000	3.0359e-007	-8.5444e+012	-8.5254e+012	8.5254e+012	5.2500e-015
-1.610e+000	3.0360e-007	-8.5633e+012	-8.5444e+012	8.5443e+012	5.2500e-015
-1.600e+000	3.0361e-007	-8.5823e+012	-8.5633e+012	8.5633e+012	5.2500e-015
-1.590e+000	3.0362e-007	-8.6012e+012	-8.5823e+012	8.5822e+012	5.2500e-015
-1.580e+000	3.0362e-007	-8.6202e+012	-8.6012e+012	8.6012e+012	5.2500e-015
-1.570e+000	3.0363e-007	-8.6391e+012	-8.6202e+012	8.6201e+012	5.2500e-015
-1.560e+000	3.0364e-007	-8.6581e+012	-8.6391e+012	8.6391e+012	5.2500e-015
-1.550e+000	3.0365e-007	-8.6770e+012	-8.6581e+012	8.6580e+012	5.2500e-015
-1.540e+000	3.0365e-007	-8.6960e+012	-8.6770e+012	8.6770e+012	5.2500e-015
-1.530e+000	3.0366e-007	-8.7149e+012	-8.6960e+012	8.6959e+012	5.2500e-015
-1.520e+000	3.0367e-007	-8.7339e+012	-8.7149e+012	8.7149e+012	5.2500e-015
-1.510e+000	3.0368e-007	-8.7528e+012	-8.7339e+012	8.7338e+012	5.2500e-015
-1.500e+000	3.0368e-007	-8.7718e+012	-8.7528e+012	8.7528e+012	5.2500e-015
-1.490e+000	3.0369e-007	-8.7907e+012	-8.7718e+012	8.7717e+012	5.2500e-015
-1.480e+000	3.0370e-007	-8.8097e+012	-8.7907e+012	8.7907e+012	5.2500e-015
-1.470e+000	3.0371e-007	-8.8286e+012	-8.8097e+012	8.8096e+012	5.2500e-015
-1.460e+000	3.0371e-007	-8.8476e+012	-8.8286e+012	8.8286e+012	5.2500e-015
-1.450e+000	3.0372e-007	-8.8666e+012	-8.8476e+012	8.8476e+012	5.2500e-015
-1.440e+000	3.0373e-007	-8.8855e+012	-8.8666e+012	8.8665e+012	5.2500e-015
-1.430e+000	3.0374e-007	-8.9045e+012	-8.8855e+012	8.8855e+012	5.2500e-015
-1.420e+000	3.0374e-007	-8.9234e+012	-8.9045e+012	8.9044e+012	5.2500e-015
-1.410e+000	3.0375e-007	-8.9424e+012	-8.9234e+012	8.9234e+012	5.2500e-015
-1.400e+000	3.0376e-007	-8.9613e+012	-8.9424e+012	8.9423e+012	5.2500e-015
-1.390e+000	3.0376e-007	-8.9803e+012	-8.9613e+012	8.9613e+012	5.2500e-015
-1.380e+000	3.0377e-007	-8.9993e+012	-8.9803e+012	8.9803e+012	5.2500e-015
-1.370e+000	3.0378e-007	-9.0182e+012	-8.9993e+012	8.9992e+012	5.2500e-015
-1.360e+000	3.0379e-007	-9.0372e+012	-9.0182e+012	9.0182e+012	5.2500e-015
-1.350e+000	3.0379e-007	-9.0561e+012	-9.0372e+012	9.0371e+012	5.2500e-015
-1.340e+000	3.0380e-007	-9.0751e+012	-9.0561e+012	9.0561e+012	5.2500e-015
-1.330e+000	3.0381e-007	-9.0941e+012	-9.0751e+012	9.0751e+012	5.2500e-015
-1.320e+000	3.0381e-007	-9.1130e+012	-9.0941e+012	9.0940e+012	5.2500e-015
-1.310e+000	3.0382e-007	-9.1320e+012	-9.1130e+012	9.1130e+012	5.2500e-015
-1.300e+000	3.0383e-007	-9.1510e+012	-9.1320e+012	9.1320e+012	5.2500e-015
-1.290e+000	3.0384e-007	-9.1699e+012	-9.1510e+012	9.1509e+012	5.2500e-015
-1.280e+000	3.0384e-007	-9.1889e+012	-9.1699e+012	9.1699e+012	5.2500e-015
-1.270e+000	3.0385e-007	-9.2079e+012	-9.1889e+012	9.1889e+012	5.2500e-015
-1.260e+000	3.0386e-007	-9.2268e+012	-9.2079e+012	9.2078e+012	5.2500e-015
-1.250e+000	3.0386e-007	-9.2458e+012	-9.2268e+012	9.2268e+012	5.2500e-015
-1.240e+000	3.0387e-007	-9.2648e+012	-9.2458e+012	9.2457e+012	5.2500e-015
-1.230e+000	3.0388e-007	-9.2837e+012	-9.2648e+012	9.2647e+012	5.2500e-015
-1.220e+000	3.0388e-007	-9.3027e+012	-9.2837e+012	9.2837e+012	5.2500e-015
-1.210e+000	3.0389e-007	-9.3217e+012	-9.3027e+012	9.3026e+012	5.2500e-015
-1.200e+000	3.0390e-007	-9.3406e+012	-9.3217e+012	9.3216e+012	5.2500e-015
-1.190e+000	3.0391e-007	-9.3596e+012	-9.3406e+012	9.3406e+012	5.2500e-015
-1.180e+000	3.0391e-007	-9.3786e+012	-9.3596e+012	9.3595e+012	5.2500e-015
-1.170e+000	3.0392e-007	-9.3975e+012	-9.3786e+012	9.3785e+012	5.2500e-015
-1.160e+000	3.0393e-007	-9.4165e+012	-9.3975e+012	9.3975e+012	5.2500e-015
-1.150e+000	3.0393e-007	-9.4355e+012	-9.4165e+012	9.4165e+012	5.2500e-015
-1.140e+000	3.0394e-007	-9.4544e+012	-9.4355e+012	9.4354e+012	5.2500e-015
-1.130e+000	3.0395e-007	-9.4734e+012	-9.4544e+012	9.4544e+012	5.2500e-015
-1.120e+000	3.0395e-007	-9.4924e+012	-9.4734e+012	9.4734e+012	5.2500e-015
-1.110e+000	3.0396e-007	-9.5114e+012	-9.4924e+012	9.4923e+012	5.2500e-015
-1.100e+000	3.0397e-007	-9.5303e+012	-9.5114e+012	9.5113e+012	5.2500e-015
-1.090e+000	3.0397e-007	-9.5493e+012	-9.5303e+012	9.5303e+012	5.2500e-015
-1.080e+000	3.0398e-007	-9.5683e+012	-9.5493e+012	9.5493e+012	5.2500e-015
-1.070e+000	3.0399e-007	-9.5872e+012	-9.5683e+012	9.5682e+012	5.2500e-015
-1.060e+000	3.0399e-007	-9.6062e+012	-9.5872e+012	9.5872e+012	5.2500e-015
-1.050e+000	3.0400e-007	-9.6252e+012	-9.6062e+012	9.6062e+012	5.2500e-015
-1.040e+000	3.0401e-007	-9.6442e+012	-9.6252e+012	9.6251e+012	5.2500e-015
-1.030e+000	3.0401e-007	-9.6631e+012	-9.6442e+012	9.6441e+012	5.2500e-015
-1.020e+000	3.0402e-007	-9.6821e+012	-9.6631e+012	9.6631e+012	5.2500e-015
-1.010e+000	3.0403e-007	-9.7011e+012	-9.6821e+012	9.6821e+012	5.2500e-015
-1.000e+000	3.0403e-007	-9.7201e+012	-9.7011e+012	9.7010e+012	5.2500e-015
-9.900e-001	3.0404e-007	-9.7390e+012	-9.7201e+012	9.7200e+012	5.2500e-015
-9.800e-001	3.0404e-007	-9.7580e+012	-9.7390e+012	9.7390e+012	5.2500e-015
-9.700e-001	3.0405e-007	-9.7770e+012	-9.7580e+012	9.7580e+012	5.2500e-015
-9.600e-001	3.0406e-007	-9.7960e+012	-9.7770e+012	9.7770e+012	5.2500e-015
-9.500e-001	3.0406e-007	-9.8150e+012	-9.7960e+012	9.7959e+012	5.2500e-015
-9.400e-001	3.0407e-007	-9.8339e+012	-9.8150e+012	9.8149e+012	5.2500e-015
-9.300e-001	3.0408e-007	-9.8529e+012	-9.8339e+012	9.8339e+012	5.2500e-015
-9.200e-001	3.0408e-007	-9.8719e+012	-9.8529e+012	9.8529e+012	5.2500e-015
-9.100e-001	3.0409e-007	-9.8909e+012	-9.8719e+012	9.8718e+012	5.2500e-015
-9.000e-001	3.0410e-007	-9.9098e+012	-9.8909e+012	9.8908e+012	5.2500e-015
-8.900e-001	3.0410e-007	-9.9288e+012	-9.9098e+012	9.9098e+012	5.2500e-015
-8.800e-001	3.0411e-007	-9.9478e+012	-9.9288e+012	9.9288e+012	5.2500e-015
-8.700e-001	3.0411e-007	-9.9668e+012	-9.9478e+012	9.9478e+012	5.2500e-015
-8.600e-001	3.0412e-007	-9.9858e+012	-9.9668e+012	9.9668e+012	5.2500e-015
-8.500e-001	3.0413e-007	-1.0005e+013	-9.9858e+012	9.9857e+012	5.2500e-015
-8.400e-001	3.0413e-007	-1.0024e+013	-1.0005e+013	1.0005e+013	5.2500e-015
-8.300e-001	3.0414e-007	-1.0043e+013	-1.0024e+013	1.0024e+013	5.2500e-015
-8.200e-001	3.0415e-007	-1.0062e+013	-1.0043e+013	1.0043e+013	5.2500e-015
-8.100e-001	3.0415e-007	-1.0081e+013	-1.0062e+013	1.0062e+013	5.2500e-015
-8.000e-001	3.0416e-007	-1.0100e+013	-1.0081e+013	1.0081e+013	5.2500e-015
-7.900e-001	3.0416e-007	-1.0119e+013	-1.0100e+013	1.0100e+013	5.2500e-015
-7.800e-001	3.0417e-007	-1.0138e+013	-1.0119e+013	1.0119e+013	5.2500e-015
-7.700e-001	3.0418e-007	-1.0157e+013	-1.0138e+013	1.0138e+013	5.2500e-015
-7.600e-001	3.0418e-007	-1.0176e+013	-1.0157e+013	1.0157e+013	5.2500e-015
-7.500e-001	3.0419e-007	-1.0195e+013	-1.0176e+013	1.0176e+013	5.2500e-015
-7.400e-001	3.0419e-007	-1.0214e+013	-1.0195e+013	1.0195e+013	5.2500e-015
-7.300e-001	3.0420e-007	-1.0233e+013	-1.0214e+013	1.0214e+013	5.2500e-015
-7.200e-001	3.0421e-007	-1.0252e+013	-1.0233e+013	1.0233e+013	5.2500e-015
-7.100e-001	3.0421e-007	-1.0271e+013	-1.0252e+013	1.0252e+013	5.2500e-015
-7.000e-001	3.0422e-007	-1.0290e+013	-1.0271e+013	1.0271e+013	5.2500e-015
-6.900e-001	3.0422e-007	-1.0309e+013	-1.0290e+013	1.0289e+013	5.2500e-015
-6.800e-001	3.0423e-007	-1.0328e+013	-1.0309e+013	1.0308e+013	5.2500e-015
-6.700e-001	3.0424e-007	-1.0346e+013	-1.0328e+013	1.0327e+013	5.2500e-015
-6.600e-001	3.0424e-007	-1.0365e+013	-1.0346e+013	1.0346e+013	5.2500e-015
-6.500e-001	3.0425e-007	-1.0384e+013	-1.0365e+013	1.0365e+013	5.2500e-015
-6.400e-001	3.0425e-007	-1.0403e+013	-1.0384e+013	1.0384e+013	5.2500e-015
-6.300e-001	3.0426e-007	-1.0422e+013	-1.0403e+013	1.0403e+013	5.2500e-015
-6.200e-001	3.0427e-007	-1.0441e+013	-1.0422e+013	1.0422e+013	5.2500e-015
-6.100e-001	3.0427e-007	-1.0460e+013	-1.0441e+013	1.0441e+013	5.2500e-015
-6.000e-001	3.0428e-007	-1.0479e+013	-1.0460e+013	1.0460e+013	5.2500e-015
-5.900e-001	3.0428e-007	-1.0498e+013	-1.0479e+013	1.0479e+013	5.2500e-015
-5.800e-001	3.0429e-007	-1.0517e+013	-1.0498e+013	1.0498e+013	5.2500e-015
-5.700e-001	3.0429e-007	-1.0536e+013	-1.0517e+013	1.0517e+013	5.2500e-015
-5.600e-001	3.0430e-007	-1.0555e+013	-1.0536e+013	1.0536e+013	5.2500e-015
-5.500e-001	3.0431e-007	-1.0574e+013	-1.0555e+013	1.0555e+013	5.2500e-015
-5.400e-001	3.0431e-007	-1.0593e+013	-1.0574e+013	1.0574e+013	5.2500e-015
-5.300e-001	3.0432e-007	-1.0612e+013	-1.0593e+013	1.0593e+013	5.2500e-015
-5.200e-001	3.0432e-007	-1.0631e+013	-1.0612e+013	1.0612e+013	5.2500e-015
-5.100e-001	3.0433e-007	-1.0650e+013	-1.0631e+013	1.0631e+013	5.2500e-015
-5.000e-001	3.0433e-007	-1.0669e+013	-1.0650e+013	1.0650e+013	5.2500e-015
-4.900e-001	3.0434e-007	-1.0688e+013	-1.0669e+013	1.0669e+013	5.2500e-015
-4.800e-001	3.0435e-007	-1.0707e+013	-1.0688e+013	1.0688e+013	5.2500e-015
-4.700e-001	3.0435e-007	-1.0726e+013	-1.0707e+013	1.0707e+013	5.2500e-015
-4.600e-001	3.0436e-007	-1.0745e+013	-1.0726e+013	1.0726e+013	5.2500e-015
-4.500e-001	3.0436e-007	-1.0764e+013	-1.0745e+013	1.0745e+013	5.2500e-015
-4.400e-001	3.0437e-007	-1.0783e+013	-1.0764e+013	1.0764e+013	5.2500e-015
-4.300e-001	3.0437e-007	-1.0802e+013	-1.0783e+013	1.0783e+013	5.2500e-015
-4.200e-001	3.0438e-007	-1.0821e+013	-1.0802e+013	1.0802e+013	5.2500e-015
-4.100e-001	3.0439e-007	-1.0840e+013	-1.0821e+013	1.0821e+013	5.2500e-015
-4.000e-001	3.0439e-007	-1.0859e+013	-1.0840e+013	1.0840e+013	5.2500e-015
-3.900e-001	3.0440e-007	-1.0878e+013	-1.0859e+013	1.0859e+013	5.2500e-015
-3.800e-001	3.0440e-007	-1.0897e+013	-1.0878e+013	1.0878e+013	5.2500e-015
-3.700e-001	3.0441e-007	-1.0916e+013	-1.0897e+013	1.0897e+013	5.2500e-015
-3.600e-001	3.0441e-007	-1.0935e+013	-1.0916e+013	1.0916e+013	5.2500e-015
-3.500e-001	3.0442e-007	-1.0954e+013	-1.0935e+013	1.0935e+013	5.2500e-015
-3.400e-001	3.0442e-007	-1.0973e+013	-1.0954e+013	1.0954e+013	5.2500e-015
-3.300e-001	3.0443e-007	-1.0992e+013	-1.0973e+013	1.0973e+013	5.2500e-015
-3.200e-001	3.0444e-007	-1.1011e+013	-1.0992e+013	1.0992e+013	5.2500e-015
-3.100e-001	3.0444e-007	-1.1030e+013	-1.1011e+013	1.1011e+013	5.2500e-015
-3.000e-001	3.0445e-007	-1.1049e+013	-1.1030e+013	1.1030e+013	5.2500e-015
-2.900e-001	3.0445e-007	-1.1068e+013	-1.1049e+013	1.1049e+013	5.2500e-015
-2.800e-001	3.0446e-007	-1.1087e+013	-1.1068e+013	1.1068e+013	5.2500e-015
-2.700e-001	3.0446e-007	-1.1106e+013	-1.1087e+013	1.1087e+013	5.2500e-015
-2.600e-001	3.0447e-007	-1.1125e+013	-1.1106e+013	1.1106e+013	5.2500e-015
-2.500e-001	3.0447e-007	-1.1144e+013	-1.1125e+013	1.1125e+013	5.2500e-015
-2.400e-001	3.0448e-007	-1.1163e+013	-1.1144e+013	1.1144e+013	5.2500e-015
-2.300e-001	3.0448e-007	-1.1182e+013	-1.1163e+013	1.1163e+013	5.2500e-015
-2.200e-001	3.0449e-007	-1.1201e+013	-1.1182e+013	1.1182e+013	5.2500e-015
-2.100e-001	3.0449e-007	-1.1220e+013	-1.1201e+013	1.1201e+013	5.2500e-015
-2.000e-001	3.0450e-007	-1.1239e+013	-1.1220e+013	1.1220e+013	5.2500e-015
-1.900e-001	3.0451e-007	-1.1258e+013	-1.1239e+013	1.1239e+013	5.2500e-015
-1.800e-001	3.0451e-007	-1.1277e+013	-1.1258e+013	1.1258e+013	5.2500e-015
-1.700e-001	3.0452e-007	-1.1296e+013	-1.1277e+013	1.1277e+013	5.2500e-015
-1.600e-001	3.0452e-007	-1.1315e+013	-1.1296e+013	1.1296e+013	5.2500e-015
-1.500e-001	3.0453e-007	-1.1334e+013	-1.1315e+013	1.1315e+013	5.2500e-015
-1.400e-001	3.0453e-007	-1.1353e+013	-1.1334e+013	1.1334e+013	5.2500e-015
-1.300e-001	3.0454e-007	-1.1372e+013	-1.1353e+013	1.1353e+013	5.2500e-015
-1.200e-001	3.0454e-007	-1.1391e+013	-1.1372e+013	1.1372e+013	5.2500e-015
-1.100e-001	3.0455e-007	-1.1410e+013	-1.1391e+013	1.1391e+013	5.2500e-015
-1.000e-001	3.0455e-007	-1.1429e+013	-1.1410e+013	1.1410e+013	5.2500e-015
-9.000e-002	3.0456e-007	-1.1448e+013	-1.1429e+013	1.1429e+013	5.2500e-015
-8.000e-002	3.0456e-007	-1.1467e+013	-1.1448e+013	1.1448e+013	5.2500e-015
-7.000e-002	3.0457e-007	-1.1486e+013	-1.1467e+013	1.1467e+013	5.2500e-015
-6.000e-002	3.0457e-007	-1.1505e+013	-1.1486e+013	1.1486e+013	5.2500e-015
-5.000e-002	3.0458e-007	-1.1524e+013	-1.1505e+013	1.1505e+013	5.2500e-015
-4.000e-002	3.0458e-007	-1.1544e+013	-1.1524e+013	1.1524e+013	5.2500e-015
-3.000e-002	3.0459e-007	-1.1563e+013	-1.1544e+013	1.1543e+013	5.2500e-015
-2.000e-002	3.0459e-007	-1.1582e+013	-1.1563e+013	1.1562e+013	5.2500e-015
-1.000e-002	3.0460e-007	-1.1601e+013	-1.1582e+013	1.1581e+013	5.2500e-015
0.000e+000	3.0460e-007	-1.1620e+013	-1.1601e+013	1.1601e+013	5.2500e-015
1.000e-002	3.0461e-007	-1.1639e+013	-1.1620e+013	1.1620e+013	5.2500e-015
2.000e-002	3.0461e-007	-1.1658e+013	-1.1639e+013	1.1639e+013	5.2500e-015
3.000e-002	3.0462e-007	-1.1677e+013	-1.1658e+013	1.1658e+013	5.2500e-015
4.000e-002	3.0462e-007	-1.1696e+013	-1.1677e+013	1.1677e+013	5.2500e-015
5.000e-002	3.0463e-007	-1.1715e+013	-1.1696e+013	1.1696e+013	5.2500e-015
6.000e-002	3.0463e-007	-1.1734e+013	-1.1715e+013	1.1715e+013	5.2500e-015
7.000e-002	3.0464e-007	-1.1753e+013	-1.1734e+013	1.1734e+013	5.2500e-015
8.000e-002	3.0464e-007	-1.1772e+013	-1.1753e+013	1.1753e+013	5.2500e-015
9.000e-002	3.0465e-007	-1.1791e+013	-1.1772e+013	1.1772e+013	5.2500e-015
1.000e-001	3.0465e-007	-1.1810e+013	-1.1791e+013	1.1791e+013	5.2500e-015
1.100e-001	3.0466e-007	-1.1829e+013	-1.1810e+013	1.1810e+013	5.2500e-015
1.200e-001	3.0466e-007	-1.1848e+013	-1.1829e+013	1.1829e+013	5.2500e-015
1.300e-001	3.0467e-007	-1.1867e+013	-1.1848e+013	1.1848e+013	5.2500e-015
1.400e-001	3.0467e-007	-1.1886e+013	-1.1867e+013	1.1867e+013	5.2500e-015
1.500e-001	3.0468e-007	-1.1905e+013	-1.1886e+013	1.1886e+013	5.2500e-015
1.600e-001	3.0468e-007	-1.1924e+013	-1.1905e+013	1.1905e+013	5.2500e-015
1.700e-001	3.0469e-007	-1.1943e+013	-1.1924e+013	1.1924e+013	5.2500e-015
1.800e-001	3.0469e-007	-1.1962e+013	-1.1943e+013	1.1943e+013	5.2500e-015
1.900e-001	3.0470e-007	-1.1981e+013	-1.1962e+013	1.1962e+013	5.2500e-015
2.000e-001	3.0470e-007	-1.2000e+013	-1.1981e+013	1.1981e+013	5.2500e-015
2.100e-001	3.0471e-007	-1.2019e+013	-1.2000e+013	1.2000e+013	5.2500e-015
2.200e-001	3.0471e-007	-1.2038e+013	-1.2019e+013	1.2019e+013	5.2500e-015
2.300e-001	3.0472e-007	-1.2057e+013	-1.2038e+013	1.2038e+013	5.2500e-015
2.400e-001	3.0472e-007	-1.2076e+013	-1.2057e+013	1.2057e+013	5.2500e-015
2.500e-001	3.0473e-007	-1.2095e+013	-1.2076e+013	1.2076e+013	5.2500e-015
2.600e-001	3.0473e-007	-1.2114e+013	-1.2095e+013	1.2095e+013	5.2500e-015
2.700e-001	3.0474e-007	-1.2133e+013	-1.2114e+013	1.2114e+013	5.2500e-015
2.800e-001	3.0474e-007	-1.2152e+013	-1.2133e+013	1.2133e+013	5.2500e-015
2.900e-001	3.0475e-007	-1.2171e+013	-1.2152e+013	1.2152e+013	5.2500e-015
3.000e-001	3.0475e-007	-1.2190e+013	-1.2171e+013	1.2171e+013	5.2500e-015
3.100e-001	3.0476e-007	-1.2209e+013	-1.2190e+013	1.2190e+013	5.2500e-015
3.200e-001	3.0476e-007	-1.2228e+013	-1.2209e+013	1.2209e+013	5.2500e-015
3.300e-001	3.0477e-007	-1.2247e+013	-1.2228e+013	1.2228e+013	5.2500e-015
3.400e-001	3.0477e-007	-1.2266e+013	-1.2247e+013	1.2247e+013	5.2500e-015
3.500e-001	3.0477e-007	-1.2285e+013	-1.2266e+013	1.2266e+013	5.2500e-015
3.600e-001	3.0478e-007	-1.2304e+013	-1.2285e+013	1.2285e+013	5.2500e-015
3.700e-001	3.0478e-007	-1.2323e+013	-1.2304e+013	1.2304e+013	5.2500e-015
3.800e-001	3.0479e-007	-1.2342e+013	-1.2323e+013	1.2323e+013	5.2500e-015
3.900e-001	3.0479e-007	-1.2361e+013	-1.2342e+013	1.2342e+013	5.2500e-015
4.000e-001	3.0480e-007	-1.2380e+013	-1.2361e+013	1.2361e+013	5.2500e-015
4.100e-001	3.0480e-007	-1.2399e+013	-1.2380e+013	1.2380e+013	5.2500e-015
4.200e-001	3.0481e-007	-1.2418e+013	-1.2399e+013	1.2399e+013	5.2500e-015
4.300e-001	3.0481e-007	-1.2437e+013	-1.2418e+013	1.2418e+013	5.2500e-015
4.400e-001	3.0482e-007	-1.2456e+013	-1.2437e+013	1.2437e+013	5.2500e-015
4.500e-001	3.0482e-007	-1.2475e+013	-1.2456e+013	1.2456e+013	5.2500e-015
4.600e-001	3.0483e-007	-1.2494e+013	-1.2475e+013	1.2475e+013	5.2500e-015
4.700e-001	3.0483e-007	-1.2513e+013	-1.2494e+013	1.2494e+013	5.2500e-015
4.800e-001	3.0484e-007	-1.2532e+013	-1.2513e+013	1.2513e+013	5.2500e-015
4.900e-001	3.0484e-007	-1.2552e+013	-1.2532e+013	1.2532e+013	5.2500e-015
5.000e-001	3.0484e-007	-1.2571e+013	-1.2552e+013	1.2551e+013	5.2500e-015
5.100e-001	3.0485e-007	-1.2590e+013	-1.2571e+013	1.2570e+013	5.2500e-015
5.200e-001	3.0485e-007	-1.2609e+013	-1.2590e+013	1.2590e+013	5.2500e-015
5.300e-001	3.0486e-007	-1.2628e+013	-1.2609e+013	1.2609e+013	5.2500e-015
5.400e-001	3.0486e-007	-1.2647e+013	-1.2628e+013	1.2628e+013	5.2500e-015
5.500e-001	3.0487e-007	-1.2666e+013	-1.2647e+013	1.2647e+013	5.2500e-015
5.600e-001	3.0487e-007	-1.2685e+013	-1.2666e+013	1.2666e+013	5.2500e-015
5.700e-001	3.0488e-007	-1.2704e+013	-1.2685e+013	1.2685e+013	5.2500e-015
5.800e-001	3.0488e-007	-1.2723e+013	-1.2704e+013	1.2704e+013	5.2500e-015
5.900e-001	3.0489e-007	-1.2742e+013	-1.2723e+013	1.2723e+013	5.2500e-015
6.000e-001	3.0489e-007	-1.2761e+013	-1.2742e+013	1.2742e+013	5.2500e-015
6.100e-001	3.0489e-007	-1.2780e+013	-1.2761e+013	1.2761e+013	5.2500e-015
6.200e-001	3.0490e-007	-1.2799e+013	-1.2780e+013	1.2780e+013	5.2500e-015
6.300e-001	3.0490e-007	-1.2818e+013	-1.2799e+013	1.2799e+013	5.2500e-015
6.400e-001	3.0491e-007	-1.2837e+013	-1.2818e+013	1.2818e+013	5.2500e-015
6.500e-001	3.0491e-007	-1.2856e+013	-1.2837e+013	1.2837e+013	5.2500e-015
6.600e-001	3.0492e-007	-1.2875e+013	-1.2856e+013	1.2856e+013	5.2500e-015
6.700e-001	3.0492e-007	-1.2894e+013	-1.2875e+013	1.2875e+013	5.2500e-015
6.800e-001	3.0493e-007	-1.2913e+013	-1.2894e+013	1.2894e+013	5.2500e-015
6.900e-001	3.0493e-007	-1.2932e+013	-1.2913e+013	1.2913e+013	5.2500e-015
7.000e-001	3.0493e-007	-1.2951e+013	-1.2932e+013	1.2932e+013	5.2500e-015
7.100e-001	3.0494e-007	-1.2970e+013	-1.2951e+013	1.2951e+013	5.2500e-015
7.200e-001	3.0494e-007	-1.2989e+013	-1.2970e+013	1.2970e+013	5.2500e-015
7.300e-001	3.0495e-007	-1.3008e+013	-1.2989e+013	1.2989e+013	5.2500e-015
7.400e-001	3.0495e-007	-1.3027e+013	-1.3008e+013	1.3008e+013	5.2500e-015
7.500e-001	3.0496e-007	-1.3046e+013	-1.3027e+013	1.3027e+013	5.2500e-015
7.600e-001	3.0496e-007	-1.3065e+013	-1.3046e+013	1.3046e+013	5.2500e-015
7.700e-001	3.0496e-007	-1.3084e+013	-1.3065e+013	1.3065e+013	5.2500e-015
7.800e-001	3.0492e-007	-1.3103e+013	-1.3084e+013	1.3084e+013	5.2500e-015
7.900e-001	3.0493e-007	-1.3122e+013	-1.3103e+013	1.3103e+013	5.2500e-015
8.000e-001	3.0493e-007	-1.3141e+013	-1.3122e+013	1.3122e+013	5.2500e-015
8.100e-001	3.0494e-007	-1.3160e+013	-1.3141e+013	1.3141e+013	5.2500e-015
8.200e-001	3.0494e-007	-1.3180e+013	-1.3160e+013	1.3160e+013	5.2500e-015
8.300e-001	3.0495e-007	-1.3199e+013	-1.3180e+013	1.3179e+013	5.2500e-015
8.400e-001	3.0495e-007	-1.3218e+013	-1.3199e+013	1.3199e+013	5.2500e-015
8.500e-001	3.0496e-007	-1.3237e+013	-1.3218e+013	1.3218e+013	5.2500e-015
8.600e-001	3.0496e-007	-1.3256e+013	-1.3237e+013	1.3237e+013	5.2500e-015
8.700e-001	3.0496e-007	-1.3275e+013	-1.3256e+013	1.3256e+013	5.2500e-015
8.800e-001	3.0497e-007	-1.3294e+013	-1.3275e+013	1.3275e+013	5.2500e-015
8.900e-001	3.0497e-007	-1.3313e+013	-1.3294e+013	1.3294e+013	5.2500e-015
9.000e-001	3.0498e-007	-1.3332e+013	-1.3313e+013	1.3313e+013	5.2500e-015
9.100e-001	3.0498e-007	-1.3351e+013	-1.3332e+013	1.3332e+013	5.2500e-015
9.200e-001	3.0499e-007	-1.3370e+013	-1.3351e+013	1.3351e+013	5.2500e-015
9.300e-001	3.0499e-007	-1.3389e+013	-1.3370e+013	1.3370e+013	5.2500e-015
9.400e-001	3.0500e-007	-1.3408e+013	-1.3389e+013	1.3389e+013	5.2500e-015
9.500e-001	3.0500e-007	-1.3427e+013	-1.3408e+013	1.3408e+013	5.2500e-015
9.600e-001	3.0501e-007	-1.3446e+013	-1.3427e+013	1.3427e+013	5.2500e-015
9.700e-001	3.0501e-007	-1.3465e+013	-1.3446e+013	1.3446e+013	5.2500e-015
9.800e-001	3.0502e-007	-1.3484e+013	-1.3465e+013	1.3465e+013	5.2500e-015
9.900e-001	3.0502e-007	-1.3503e+013	-1.3484e+013	1.3484e+013	5.2500e-015
1.000e+000	3.0503e-007	-1.3522e+013	-1.3503e+013	1.3503e+013	5.2500e-015
1.010e+000	3.0503e-007	-1.3541e+013	-1.3522e+013	1.3522e+013	5.2500e-015
1.020e+000	3.0504e-007	-1.3560e+013	-1.3541e+013	1.3541e+013	5.2500e-015
1.030e+000	3.0505e-007	-1.3579e+013	-1.3560e+013	1.3560e+013	5.2500e-015
1.040e+000	3.0506e-007	-1.3598e+013	-1.3579e+013	1.3579e+013	5.2500e-015
1.050e+000	3.0507e-007	-1.3617e+013	-1.3598e+013	1.3598e+013	5.2500e-015
1.060e+000	3.0508e-007	-1.3636e+013	-1.3617e+013	1.3617e+013	5.2500e-015
1.070e+000	3.0509e-007	-1.3655e+013	-1.3636e+013	1.3636e+013	5.2500e-015
1.080e+000	3.0511e-007	-1.3674e+013	-1.3655e+013	1.3655e+013	5.2500e-015
1.090e+000	3.0512e-007	-1.3694e+013	-1.3674e+013	1.3674e+013	5.2500e-015
1.100e+000	3.0515e-007	-1.3713e+013	-1.3694e+013	1.3693e+013	5.2500e-015
1.110e+000	3.0518e-007	-1.3732e+013	-1.3713e+013	1.3713e+013	5.2500e-015
1.120e+000	3.0521e-007	-1.3751e+013	-1.3732e+013	1.3732e+013	5.2500e-015
1.130e+000	3.0526e-007	-1.3770e+013	-1.3751e+013	1.3751e+013	5.2500e-015
1.140e+000	3.0532e-007	-1.3789e+013	-1.3770e+013	1.3770e+013	5.2500e-015
1.150e+000	3.0540e-007	-1.3808e+013	-1.3789e+013	1.3789e+013	5.2500e-015
1.160e+000	3.0551e-007	-1.3827e+013	-1.3808e+013	1.3808e+013	5.2500e-015
1.170e+000	3.0565e-007	-1.3846e+013	-1.3827e+013	1.3827e+013	5.2500e-015
1.180e+000	3.0584e-007	-1.3865e+013	-1.3846e+013	1.3846e+013	5.2500e-015
1.190e+000	3.0610e-007	-1.3884e+013	-1.3865e+013	1.3865e+013	5.2500e-015
1.200e+000	3.0644e-007	-1.3903e+013	-1.3884e+013	1.3884e+013	5.2500e-015
1.210e+000	3.0692e-007	-1.3922e+013	-1.3903e+013	1.3903e+013	5.2500e-015
1.220e+000	3.0757e-007	-1.3942e+013	-1.3922e+013	1.3922e+013	5.2500e-015
1.230e+000	3.0846e-007	-1.3961e+013	-1.3942e+013	1.3942e+013	5.2500e-015
1.240e+000	3.0968e-007	-1.3980e+013	-1.3961e+013	1.3961e+013	5.2500e-015
1.250e+000	3.1136e-007	-1.4000e+013	-1.3980e+013	1.3980e+013	5.2500e-015
1.260e+000	3.1369e-007	-1.4019e+013	-1.4000e+013	1.4000e+013	5.2500e-015
1.270e+000	3.1691e-007	-1.4039e+013	-1.4019e+013	1.4019e+013	5.2500e-015
1.280e+000	3.2137e-007	-1.4059e+013	-1.4039e+013	1.4039e+013	5.2500e-015
1.290e+000	3.2754e-007	-1.4080e+013	-1.4059e+013	1.4059e+013	5.2500e-015
1.300e+000	3.3609e-007	-1.4101e+013	-1.4080e+013	1.4080e+013	5.2500e-015
1.310e+000	3.4792e-007	-1.4122e+013	-1.4101e+013	1.4100e+013	5.2500e-015
1.320e+000	3.6425e-007	-1.4145e+013	-1.4122e+013	1.4122e+013	5.2500e-015
1.330e+000	3.8619e-007	-1.4169e+013	-1.4145e+013	1.4145e+013	5.2500e-015
1.340e+000	4.1628e-007	-1.4195e+013	-1.4169e+013	1.4169e+013	5.2500e-015
1.350e+000	4.5642e-007	-1.4224e+013	-1.4195e+013	1.4195e+013	5.2500e-015
1.360e+000	5.1065e-007	-1.4255e+013	-1.4224e+013	1.4224e+013	5.2500e-015
1.370e+000	5.8102e-007	-1.4292e+013	-1.4255e+013	1.4255e+013	5.2500e-015
1.380e+000	6.7092e-007	-1.4334e+013	-1.4292e+013	1.4292e+013	5.2500e-015
1.390e+000	7.8288e-007	-1.4382e+013	-1.4334e+013	1.4334e+013	5.2500e-015
1.400e+000	9.1715e-007	-1.4440e+013	-1.4382e+013	1.4382e+013	5.2500e-015
1.410e+000	1.0734e-006	-1.4507e+013	-1.4440e+013	1.4440e+013	5.2500e-015
1.420e+000	1.2480e-006	-1.4585e+013	-1.4507e+013	1.4507e+013	5.2500e-015
1.430e+000	1.4353e-006	-1.4674e+013	-1.4585e+013	1.4585e+013	5.2500e-015
1.440e+000	1.6287e-006	-1.4776e+013	-1.4674e+013	1.4674e+013	5.2500e-015
1.450e+000	1.8220e-006	-1.4890e+013	-1.4776e+013	1.4776e+013	5.2500e-015
1.460e+000	2.0089e-006	-1.5015e+013	-1.4890e+013	1.4889e+013	5.2500e-015
1.470e+000	2.1855e-006	-1.5151e+013	-1.5015e+013	1.5015e+013	5.2500e-015
1.480e+000	2.3494e-006	-1.5298e+013	-1.5151e+013	1.5151e+013	5.2500e-015
1.490e+000	2.4994e-006	-1.5454e+013	-1.5298e+013	1.5298e+013	5.2500e-015
1.500e+000	2.6356e-006	-1.5618e+013	-1.5454e+013	1.5454e+013	5.2500e-015
1.510e+000	2.7589e-006	-1.5791e+013	-1.5618e+013	1.5618e+013	5.2500e-015
1.520e+000	2.8703e-006	-1.5970e+013	-1.5791e+013	1.5791e+013	5.2500e-015
1.530e+000	2.9712e-006	-1.6155e+013	-1.5970e+013	1.5970e+013	5.2500e-015
1.540e+000	3.0628e-006	-1.6346e+013	-1.6155e+013	1.6155e+013	5.2500e-015
1.550e+000	3.1464e-006	-1.6543e+013	-1.6346e+013	1.6346e+013	5.2500e-015
1.560e+000	3.2229e-006	-1.6744e+013	-1.6543e+013	1.6543e+013	5.2500e-015
1.570e+000	3.2934e-006	-1.6949e+013	-1.6744e+013	1.6744e+013	5.2500e-015
1.580e+000	3.3586e-006	-1.7159e+013	-1.6949e+013	1.6949e+013	5.2500e-015
1.590e+000	3.4192e-006	-1.7373e+013	-1.7159e+013	1.7159e+013	5.2500e-015
1.600e+000	3.4759e-006	-1.7589e+013	-1.7373e+013	1.7372e+013	5.2500e-015
1.610e+000	3.5291e-006	-1.7810e+013	-1.7589e+013	1.7589e+013	5.2500e-015
1.620e+000	3.5792e-006	-1.8033e+013	-1.7810e+013	1.7810e+013	5.2500e-015
1.630e+000	3.6266e-006	-1.8259e+013	-1.8033e+013	1.8033e+013	5.2500e-015
1.640e+000	3.6717e-006	-1.8489e+013	-1.8259e+013	1.8259e+013	5.2500e-015
1.650e+000	3.7146e-006	-1.8721e+013	-1.8489e+013	1.8489e+013	5.2500e-015
1.660e+000	3.7556e-006	-1.8955e+013	-1.8721e+013	1.8720e+013	5.2500e-015
1.670e+000	3.7948e-006	-1.9192e+013	-1.8955e+013	1.8955e+013	5.2500e-015
1.680e+000	3.8325e-006	-1.9431e+013	-1.9192e+013	1.9192e+013	5.2500e-015
1.690e+000	3.8687e-006	-1.9672e+013	-1.9431e+013	1.9431e+013	5.2500e-015
1.700e+000	3.9037e-006	-1.9916e+013	-1.9672e+013	1.9672e+013	5.2500e-015
1.710e+000	3.9374e-006	-2.0162e+013	-1.9916e+013	1.9916e+013	5.2500e-015
1.720e+000	3.9604e-006	-2.0409e+013	-2.0162e+013	2.0162e+013	5.2500e-015
1.730e+000	3.9570e-006	-2.0656e+013	-2.0409e+013	2.0409e+013	5.2500e-015
1.740e+000	3.9823e-006	-2.0905e+013	-2.0656e+013	2.0656e+013	5.2500e-015
1.750e+000	4.0066e-006	-2.1155e+013	-2.0905e+013	2.0905e+013	5.2500e-015
1.760e+000	4.0300e-006	-2.1406e+013	-2.1155e+013	2.1155e+013	5.2500e-015
1.770e+000	4.0527e-006	-2.1659e+013	-2.1406e+013	2.1406e+013	5.2500e-015
1.780e+000	4.0746e-006	-2.1913e+013	-2.1659e+013	2.1659e+013	5.2500e-015
1.790e+000	4.0958e-006	-2.2169e+013	-2.1913e+013	2.1913e+013	5.2500e-015
1.800e+000	4.1163e-006	-2.2426e+013	-2.2169e+013	2.2169e+013	5.2500e-015
1.810e+000	4.1362e-006	-2.2684e+013	-2.2426e+013	2.2426e+013	5.2500e-015
1.820e+000	4.1555e-006	-2.2944e+013	-2.2684e+013	2.2684e+013	5.2500e-015
1.830e+000	4.1743e-006	-2.3204e+013	-2.2944e+013	2.2943e+013	5.2500e-015
1.840e+000	4.1925e-006	-2.3466e+013	-2.3204e+013	2.3204e+013	5.2500e-015
1.850e+000	4.2103e-006	-2.3729e+013	-2.3466e+013	2.3466e+013	5.2500e-015
1.860e+000	4.2276e-006	-2.3992e+013	-2.3729e+013	2.3728e+013	5.2500e-015
1.870e+000	4.2445e-006	-2.4257e+013	-2.3992e+013	2.3992e+013	5.2500e-015
1.880e+000	4.2609e-006	-2.4523e+013	-2.4257e+013	2.4257e+013	5.2500e-015
1.890e+000	4.2769e-006	-2.4790e+013	-2.4523e+013	2.4523e+013	5.2500e-015
1.900e+000	4.2926e-006	-2.5058e+013	-2.4790e+013	2.4790e+013	5.2500e-015
1.910e+000	4.3079e-006	-2.5327e+013	-2.5058e+013	2.5058e+013	5.2500e-015
1.920e+000	4.3228e-006	-2.5597e+013	-2.5327e+013	2.5327e+013	5.2500e-015
1.930e+000	4.3375e-006	-2.5868e+013	-2.5597e+013	2.5597e+013	5.2500e-015
1.940e+000	4.3518e-006	-2.6139e+013	-2.5868e+013	2.5867e+013	5.2500e-015
1.950e+000	4.3658e-006	-2.6412e+013	-2.6139e+013	2.6139e+013	5.2500e-015
1.960e+000	4.3795e-006	-2.6685e+013	-2.6412e+013	2.6412e+013	5.2500e-015
1.970e+000	4.3929e-006	-2.6959e+013	-2.6685e+013	2.6685e+013	5.2500e-015
1.980e+000	4.3984e-006	-2.7234e+013	-2.6959e+013	2.6959e+013	5.2500e-015
1.990e+000	4.4093e-006	-2.7509e+013	-2.7234e+013	2.7234e+013	5.2500e-015
2.000e+000	4.4215e-006	-2.7785e+013	-2.7509e+013	2.7509e+013	5.2500e-015
2.010e+000	4.4335e-006	-2.8062e+013	-2.7785e+013	2.7785e+013	5.2500e-015
2.020e+000	4.4452e-006	-2.8339e+013	-2.8062e+013	2.8062e+013	5.2500e-015
2.030e+000	4.4567e-006	-2.8617e+013	-2.8339e+013	2.8339e+013	5.2500e-015
2.040e+000	4.4681e-006	-2.8896e+013	-2.8617e+013	2.8617e+013	5.2500e-015
2.050e+000	4.4792e-006	-2.9176e+013	-2.8896e+013	2.8896e+013	5.2500e-015
2.060e+000	4.4901e-006	-2.9456e+013	-2.9176e+013	2.9176e+013	5.2500e-015
2.070e+000	4.5008e-006	-2.9737e+013	-2.9456e+013	2.9456e+013	5.2500e-015
2.080e+000	4.5114e-006	-3.0018e+013	-2.9737e+013	2.9737e+013	5.2500e-015
2.090e+000	4.5218e-006	-3.0301e+013	-3.0018e+013	3.0018e+013	5.2500e-015
2.100e+000	4.5320e-006	-3.0583e+013	-3.0301e+013	3.0301e+013	5.2500e-015
2.110e+000	4.5420e-006	-3.0867e+013	-3.0583e+013	3.0583e+013	5.2500e-015
2.120e+000	4.5519e-006	-3.1151e+013	-3.0867e+013	3.0867e+013	5.2500e-015
2.130e+000	4.5617e-006	-3.1436e+013	-3.1151e+013	3.1151e+013	5.2500e-015
2.140e+000	4.5712e-006	-3.1721e+013	-3.1436e+013	3.1436e+013	5.2500e-015
2.150e+000	4.5807e-006	-3.2007e+013	-3.1721e+013	3.1721e+013	5.2500e-015
2.160e+000	4.5900e-006	-3.2293e+013	-3.2007e+013	3.2007e+013	5.2500e-015
2.170e+000	4.5991e-006	-3.2581e+013	-3.2293e+013	3.2293e+013	5.2500e-015
2.180e+000	4.6082e-006	-3.2868e+013	-3.2581e+013	3.2580e+013	5.2500e-015
2.190e+000	4.6171e-006	-3.3156e+013	-3.2868e+013	3.2868e+013	5.2500e-015
2.200e+000	4.6259e-006	-3.3445e+013	-3.3156e+013	3.3156e+013	5.2500e-015
2.210e+000	4.6345e-006	-3.3734e+013	-3.3445e+013	3.3445e+013	5.2500e-015
2.220e+000	4.6430e-006	-3.4024e+013	-3.3734e+013	3.3734e+013	5.2500e-015
2.230e+000	4.6515e-006	-3.4314e+013	-3.4024e+013	3.4024e+013	5.2500e-015
2.240e+000	4.6598e-006	-3.4605e+013	-3.4314e+013	3.4314e+013	5.2500e-015
2.250e+000	4.6680e-006	-3.4897e+013	-3.4605e+013	3.4605e+013	5.2500e-015
2.260e+000	4.6761e-006	-3.5188e+013	-3.4897e+013	3.4897e+013	5.2500e-015
2.270e+000	4.6841e-006	-3.5481e+013	-3.5188e+013	3.5188e+013	5.2500e-015
2.280e+000	4.6919e-006	-3.5774e+013	-3.5481e+013	3.5481e+013	5.2500e-015
2.290e+000	4.6997e-006	-3.6067e+013	-3.5774e+013	3.5774e+013	5.2500e-015
2.300e+000	4.7074e-006	-3.6361e+013	-3.6067e+013	3.6067e+013	5.2500e-015
2.310e+000	4.7150e-006	-3.6655e+013	-3.6361e+013	3.6361e+013	5.2500e-015
2.320e+000	4.7225e-006	-3.6950e+013	-3.6655e+013	3.6655e+013	5.2500e-015
2.330e+000	4.7300e-006	-3.7245e+013	-3.6950e+013	3.6950e+013	5.2500e-015
2.340e+000	4.7373e-006	-3.7541e+013	-3.7245e+013	3.7245e+013	5.2500e-015
2.350e+000	4.7445e-006	-3.7837e+013	-3.7541e+013	3.7541e+013	5.2500e-015
2.360e+000	4.7517e-006	-3.8133e+013	-3.7837e+013	3.7837e+013	5.2500e-015
2.370e+000	4.7588e-006	-3.8430e+013	-3.8133e+013	3.8133e+013	5.2500e-015
2.380e+000	4.7658e-006	-3.8728e+013	-3.8430e+013	3.8430e+013	5.2500e-015
2.390e+000	4.7727e-006	-3.9026e+013	-3.8728e+013	3.8728e+013	5.2500e-015
2.400e+000	4.7795e-006	-3.9324e+013	-3.9026e+013	3.9026e+013	5.2500e-015
2.410e+000	4.7863e-006	-3.9623e+013	-3.9324e+013	3.9324e+013	5.2500e-015
2.420e+000	4.7930e-006	-3.9922e+013	-3.9623e+013	3.9623e+013	5.2500e-015
2.430e+000	4.7996e-006	-4.0222e+013	-3.9922e+013	3.9922e+013	5.2500e-015
2.440e+000	4.8062e-006	-4.0522e+013	-4.0222e+013	4.0222e+013	5.2500e-015
2.450e+000	4.8127e-006	-4.0822e+013	-4.0522e+013	4.0522e+013	5.2500e-015
2.460e+000	4.8191e-006	-4.1123e+013	-4.0822e+013	4.0822e+013	5.2500e-015
2.470e+000	4.8254e-006	-4.1424e+013	-4.1123e+013	4.1123e+013	5.2500e-015
2.480e+000	4.8317e-006	-4.1725e+013	-4.1424e+013	4.1424e+013	5.2500e-015
2.490e+000	4.8379e-006	-4.2027e+013	-4.1725e+013	4.1725e+013	5.2500e-015
2.500e+000	4.8441e-006	-4.2330e+013	-4.2027e+013	4.2027e+013	5.2500e-015
2.510e+000	4.8502e-006	-4.2632e+013	-4.2330e+013	4.2330e+013	5.2500e-015
2.520e+000	4.8562e-006	-4.2936e+013	-4.2632e+013	4.2632e+013	5.2500e-015
2.530e+000	4.8622e-006	-4.3239e+013	-4.2936e+013	4.2936e+013	5.2500e-015
2.540e+000	4.8681e-006	-4.3543e+013	-4.3239e+013	4.3239e+013	5.2500e-015
2.550e+000	4.8740e-006	-4.3847e+013	-4.3543e+013	4.3543e+013	5.2500e-015
2.560e+000	4.8783e-006	-4.4152e+013	-4.3847e+013	4.3847e+013	5.2500e-015
2.570e+000	4.8840e-006	-4.4456e+013	-4.4152e+013	4.4152e+013	5.2500e-015
2.580e+000	4.8897e-006	-4.4762e+013	-4.4456e+013	4.4456e+013	5.2500e-015
2.590e+000	4.8953e-006	-4.5067e+013	-4.4762e+013	4.4762e+013	5.2500e-015
2.600e+000	4.9008e-006	-4.5373e+013	-4.5067e+013	4.5067e+013	5.2500e-015
2.610e+000	4.9064e-006	-4.5679e+013	-4.5373e+013	4.5373e+013	5.2500e-015
2.620e+000	4.9118e-006	-4.5986e+013	-4.5679e+013	4.5679e+013	5.2500e-015
2.630e+000	4.9173e-006	-4.6293e+013	-4.5986e+013	4.5986e+013	5.2500e-015
2.640e+000	4.9227e-006	-4.6600e+013	-4.6293e+013	4.6293e+013	5.2500e-015
2.650e+000	4.9280e-006	-4.6908e+013	-4.6600e+013	4.6600e+013	5.2500e-015
2.660e+000	4.9333e-006	-4.7216e+013	-4.6908e+013	4.6908e+013	5.2500e-015
2.670e+000	4.9385e-006	-4.7524e+013	-4.7216e+013	4.7215e+013	5.2500e-015
2.680e+000	4.9437e-006	-4.7832e+013	-4.7524e+013	4.7524e+013	5.2500e-015
2.690e+000	4.9488e-006	-4.8141e+013	-4.7832e+013	4.7832e+013	5.2500e-015
2.700e+000	4.9540e-006	-4.8450e+013	-4.8141e+013	4.8141e+013	5.2500e-015
2.710e+000	4.9590e-006	-4.8760e+013	-4.8450e+013	4.8450e+013	5.2500e-015
2.720e+000	4.9640e-006	-4.9070e+013	-4.8760e+013	4.8760e+013	5.2500e-015
2.730e+000	4.9690e-006	-4.9380e+013	-4.9070e+013	4.9070e+013	5.2500e-015
2.740e+000	4.9740e-006	-4.9690e+013	-4.9380e+013	4.9380e+013	5.2500e-015
2.750e+000	4.9789e-006	-5.0001e+013	-4.9690e+013	4.9690e+013	5.2500e-015
2.760e+000	4.9837e-006	-5.0312e+013	-5.0001e+013	5.0001e+013	5.2500e-015
2.770e+000	4.9885e-006	-5.0623e+013	-5.0312e+013	5.0312e+013	5.2500e-015
2.780e+000	4.9933e-006	-5.0935e+013	-5.0623e+013	5.0623e+013	5.2500e-015
2.790e+000	4.9981e-006	-5.1247e+013	-5.0935e+013	5.0935e+013	5.2500e-015
2.800e+000	5.0028e-006	-5.1559e+013	-5.1247e+013	5.1247e+013	5.2500e-015
2.810e+000	5.0075e-006	-5.1872e+013	-5.1559e+013	5.1559e+013	5.2500e-015
2.820e+000	5.0121e-006	-5.2185e+013	-5.1872e+013	5.1872e+013	5.2500e-015
2.830e+000	5.0167e-006	-5.2498e+013	-5.2185e+013	5.2185e+013	5.2500e-015
2.840e+000	5.0213e-006	-5.2811e+013	-5.2498e+013	5.2498e+013	5.2500e-015
2.850e+000	5.0258e-006	-5.3125e+013	-5.2811e+013	5.2811e+013	5.2500e-015
2.860e+000	5.0303e-006	-5.3439e+013	-5.3125e+013	5.3125e+013	5.2500e-015
2.870e+000	5.0348e-006	-5.3753e+013	-5.3439e+013	5.3439e+013	5.2500e-015
2.880e+000	5.0392e-006	-5.4068e+013	-5.3753e+013	5.3753e+013	5.2500e-015
2.890e+000	5.0436e-006	-5.4382e+013	-5.4068e+013	5.4068e+013	5.2500e-015
2.900e+000	5.0480e-006	-5.4698e+013	-5.4382e+013	5.4382e+013	5.2500e-015
2.910e+000	5.0523e-006	-5.5013e+013	-5.4698e+013	5.4697e+013	5.2500e-015
2.920e+000	5.0566e-006	-5.5328e+013	-5.5013e+013	5.5013e+013	5.2500e-015
2.930e+000	5.0609e-006	-5.5644e+013	-5.5328e+013	5.5328e+013	5.2500e-015
2.940e+000	5.0651e-006	-5.5960e+013	-5.5644e+013	5.5644e+013	5.2500e-015
2.950e+000	5.0693e-006	-5.6277e+013	-5.5960e+013	5.5960e+013	5.2500e-015
2.960e+000	5.0735e-006	-5.6594e+013	-5.6277e+013	5.6277e+013	5.2500e-015
2.970e+000	5.0777e-006	-5.6910e+013	-5.6594e+013	5.6594e+013	5.2500e-015
2.980e+000	5.0818e-006	-5.7228e+013	-5.6910e+013	5.6910e+013	5.2500e-015
2.990e+000	5.0859e-006	-5.7545e+013	-5.7228e+013	5.7228e+013	5.2500e-015
3.000e+000	5.0900e-006	-5.7863e+013	-5.7545e+013	5.7545e+013	5.2500e-015
3.010e+000	5.0940e-006	-5.8181e+013	-5.7863e+013	5.7863e+013	5.2500e-015
3.020e+000	5.0980e-006	-5.8499e+013	-5.8181e+013	5.8181e+013	5.2500e-015
3.030e+000	5.1020e-006	-5.8817e+013	-5.8499e+013	5.8499e+013	5.2500e-015
3.040e+000	5.1060e-006	-5.9136e+013	-5.8817e+013	5.8817e+013	5.2500e-015
3.050e+000	5.1099e-006	-5.9455e+013	-5.9136e+013	5.9136e+013	5.2500e-015
3.060e+000	5.1138e-006	-5.9774e+013	-5.9455e+013	5.9455e+013	5.2500e-015
3.070e+000	5.1177e-006	-6.0094e+013	-5.9774e+013	5.9774e+013	5.2500e-015
3.080e+000	5.1216e-006	-6.0413e+013	-6.0094e+013	6.0094e+013	5.2500e-015
3.090e+000	5.1254e-006	-6.0733e+013	-6.0413e+013	6.0413e+013	5.2500e-015
3.100e+000	5.1292e-006	-6.1053e+013	-6.0733e+013	6.0733e+013	5.2500e-015
3.110e+000	5.1330e-006	-6.1374e+013	-6.1053e+013	6.1053e+013	5.2500e-015
3.120e+000	5.1368e-006	-6.1694e+013	-6.1374e+013	6.1374e+013	5.2500e-015
3.130e+000	5.1405e-006	-6.2015e+013	-6.1694e+013	6.1694e+013	5.2500e-015
3.140e+000	5.1442e-006	-6.2336e+013	-6.2015e+013	6.2015e+013	5.2500e-015
3.150e+000	5.1479e-006	-6.2658e+013	-6.2336e+013	6.2336e+013	5.2500e-015
3.160e+000	5.1516e-006	-6.2979e+013	-6.2658e+013	6.2657e+013	5.2500e-015
3.170e+000	5.1553e-006	-6.3301e+013	-6.2979e+013	6.2979e+013	5.2500e-015
3.180e+000	5.1589e-006	-6.3623e+013	-6.3301e+013	6.3301e+013	5.2500e-015
3.190e+000	5.1625e-006	-6.3945e+013	-6.3623e+013	6.3623e+013	5.2500e-015
3.200e+000	5.1661e-006	-6.4267e+013	-6.3945e+013	6.3945e+013	5.2500e-015
3.210e+000	5.1696e-006	-6.4590e+013	-6.4267e+013	6.4267e+013	5.2500e-015
3.220e+000	5.1732e-006	-6.4913e+013	-6.4590e+013	6.4590e+013	5.2500e-015
3.230e+000	5.1767e-006	-6.5236e+013	-6.4913e+013	6.4913e+013	5.2500e-015
3.240e+000	5.1802e-006	-6.5559e+013	-6.5236e+013	6.5236e+013	5.2500e-015
3.250e+000	5.1836e-006	-6.5883e+013	-6.5559e+013	6.5559e+013	5.2500e-015
3.260e+000	5.1871e-006	-6.6207e+013	-6.5883e+013	6.5883e+013	5.2500e-015
3.270e+000	5.1905e-006	-6.6531e+013	-6.6207e+013	6.6207e+013	5.2500e-015
3.280e+000	5.1940e-006	-6.6855e+013	-6.6531e+013	6.6531e+013	5.2500e-015
3.290e+000	5.1974e-006	-6.7179e+013	-6.6855e+013	6.6855e+013	5.2500e-015
3.300e+000	5.2007e-006	-6.7504e+013	-6.7179e+013	6.7179e+013	5.2500e-015
3.310e+000	5.2041e-006	-6.7829e+013	-6.7504e+013	6.7504e+013	5.2500e-015
3.320e+000	5.2074e-006	-6.8154e+013	-6.7829e+013	6.7829e+013	5.2500e-015
3.330e+000	5.2107e-006	-6.8479e+013	-6.8154e+013	6.8154e+013	5.2500e-015
3.340e+000	5.2140e-006	-6.8804e+013	-6.8479e+013	6.8479e+013	5.2500e-015
3.350e+000	5.2173e-006	-6.9130e+013	-6.8804e+013	6.8804e+013	5.2500e-015
3.360e+000	5.2206e-006	-6.9456e+013	-6.9130e+013	6.9130e+013	5.2500e-015
3.370e+000	5.2238e-006	-6.9782e+013	-6.9456e+013	6.9456e+013	5.2500e-015
3.380e+000	5.2271e-006	-7.0108e+013	-6.9782e+013	6.9782e+013	5.2500e-015
3.390e+000	5.2303e-006	-7.0435e+013	-7.0108e+013	7.0108e+013	5.2500e-015
3.400e+000	5.2335e-006	-7.0761e+013	-7.0435e+013	7.0435e+013	5.2500e-015
3.410e+000	5.2366e-006	-7.1088e+013	-7.0761e+013	7.0761e+013	5.2500e-015
3.420e+000	5.2398e-006	-7.1415e+013	-7.1088e+013	7.1088e+013	5.2500e-015
3.430e+000	5.2429e-006	-7.1742e+013	-7.1415e+013	7.1415e+013	5.2500e-015
3.440e+000	5.2461e-006	-7.2070e+013	-7.1742e+013	7.1742e+013	5.2500e-015
3.450e+000	5.2492e-006	-7.2397e+013	-7.2070e+013	7.2070e+013	5.2500e-015
3.460e+000	5.2523e-006	-7.2725e+013	-7.2397e+013	7.2397e+013	5.2500e-015
3.470e+000	5.2553e-006	-7.3053e+013	-7.2725e+013	7.2725e+013	5.2500e-015
3.480e+000	5.2584e-006	-7.3381e+013	-7.3053e+013	7.3053e+013	5.2500e-015
3.490e+000	5.2614e-006	-7.3710e+013	-7.3381e+013	7.3381e+013	5.2500e-015
3.500e+000	5.2645e-006	-7.4038e+013	-7.3710e+013	7.3710e+013	5.2500e-015
3.510e+000	5.2675e-006	-7.4367e+013	-7.4038e+013	7.4038e+013	5.2500e-015
3.520e+000	5.2705e-006	-7.4696e+013	-7.4367e+013	7.4367e+013	5.2500e-015
3.530e+000	5.2735e-006	-7.5025e+013	-7.4696e+013	7.4696e+013	5.2500e-015
3.540e+000	5.2764e-006	-7.5355e+013	-7.5025e+013	7.5025e+013	5.2500e-015
3.550e+000	5.2794e-006	-7.5684e+013	-7.5355e+013	7.5355e+013	5.2500e-015
3.560e+000	5.2823e-006	-7.6014e+013	-7.5684e+013	7.5684e+013	5.2500e-015
3.570e+000	5.2852e-006	-7.6344e+013	-7.6014e+013	7.6014e+013	5.2500e-015
3.580e+000	5.2881e-006	-7.6674e+013	-7.6344e+013	7.6344e+013	5.2500e-015
3.590e+000	5.2910e-006	-7.7004e+013	-7.6674e+013	7.6674e+013	5.2500e-015
3.600e+000	5.2939e-006	-7.7334e+013	-7.7004e+013	7.7004e+013	5.2500e-015
3.610e+000	5.2968e-006	-7.7665e+013	-7.7334e+013	7.7334e+013	5.2500e-015
3.620e+000	5.2996e-006	-7.7996e+013	-7.7665e+013	7.7665e+013	5.2500e-015
3.630e+000	5.3025e-006	-7.8327e+013	-7.7996e+013	7.7996e+013	5.2500e-015
3.640e+000	5.3053e-006	-7.8658e+013	-7.8327e+013	7.8327e+013	5.2500e-015
3.650e+000	5.3081e-006	-7.8989e+013	-7.8658e+013	7.8658e+013	5.2500e-015
3.660e+000	5.3109e-006	-7.9321e+013	-7.8989e+013	7.8989e+013	5.2500e-015
3.670e+000	5.3137e-006	-7.9652e+013	-7.9321e+013	7.9321e+013	5.2500e-015
3.680e+000	5.3164e-006	-7.9984e+013	-7.9652e+013	7.9652e+013	5.2500e-015
3.690e+000	5.3192e-006	-8.0316e+013	-7.9984e+013	7.9984e+013	5.2500e-015
3.700e+000	5.3219e-006	-8.0648e+013	-8.0316e+013	8.0316e+013	5.2500e-015
3.710e+000	5.3247e-006	-8.0981e+013	-8.0648e+013	8.0648e+013	5.2500e-015
3.720e+000	5.3274e-006	-8.1313e+013	-8.0981e+013	8.0981e+013	5.2500e-015
3.730e+000	5.3301e-006	-8.1646e+013	-8.1313e+013	8.1313e+013	5.2500e-015
3.740e+000	5.3328e-006	-8.1979e+013	-8.1646e+013	8.1646e+013	5.2500e-015
3.750e+000	5.3354e-006	-8.2312e+013	-8.1979e+013	8.1979e+013	5.2500e-015
3.760e+000	5.3381e-006	-8.2645e+013	-8.2312e+013	8.2312e+013	5.2500e-015
3.770e+000	5.3408e-006	-8.2978e+013	-8.2645e+013	8.2645e+013	5.2500e-015
3.780e+000	5.3434e-006	-8.3312e+013	-8.2978e+013	8.2978e+013	5.2500e-015
3.790e+000	5.3460e-006	-8.3645e+013	-8.3312e+013	8.3312e+013	5.2500e-015
3.800e+000	5.3486e-006	-8.3979e+013	-8.3645e+013	8.3645e+013	5.2500e-015
3.810e+000	5.3513e-006	-8.4313e+013	-8.3979e+013	8.3979e+013	5.2500e-015
3.820e+000	5.3538e-006	-8.4647e+013	-8.4313e+013	8.4313e+013	5.2500e-015
3.830e+000	5.3564e-006	-8.4982e+013	-8.4647e+013	8.4647e+013	5.2500e-015
3.840e+000	5.3590e-006	-8.5316e+013	-8.4982e+013	8.4982e+013	5.2500e-015
3.850e+000	5.3616e-006	-8.5651e+013	-8.5316e+013	8.5316e+013	5.2500e-015
3.860e+000	5.3641e-006	-8.5986e+013	-8.5651e+013	8.5651e+013	5.2500e-015
3.870e+000	5.3666e-006	-8.6321e+013	-8.5986e+013	8.5986e+013	5.2500e-015
3.880e+000	5.3692e-006	-8.6656e+013	-8.6321e+013	8.6321e+013	5.2500e-015
3.890e+000	5.3717e-006	-8.6991e+013	-8.6656e+013	8.6656e+013	5.2500e-015
3.900e+000	5.3742e-006	-8.7326e+013	-8.6991e+013	8.6991e+013	5.2500e-015
3.910e+000	5.3767e-006	-8.7662e+013	-8.7326e+013	8.7326e+013	5.2500e-015
3.920e+000	5.3792e-006	-8.7998e+013	-8.7662e+013	8.7662e+013	5.2500e-015
3.930e+000	5.3816e-006	-8.8334e+013	-8.7998e+013	8.7998e+013	5.2500e-015
3.940e+000	5.3841e-006	-8.8670e+013	-8.8334e+013	8.8334e+013	5.2500e-015
3.950e+000	5.3865e-006	-8.9006e+013	-8.8670e+013	8.8670e+013	5.2500e-015
3.960e+000	5.3890e-006	-8.9342e+013	-8.9006e+013	8.9006e+013	5.2500e-015
3.970e+000	5.3914e-006	-8.9679e+013	-8.9342e+013	8.9342e+013	5.2500e-015
3.980e+000	5.3938e-006	-9.0015e+013	-8.9679e+013	8.9679e+013	5.2500e-015
3.990e+000	5.3962e-006	-9.0352e+013	-9.0015e+013	9.0015e+013	5.2500e-015
4.000e+000	5.3986e-006	-9.0689e+013	-9.0352e+013	9.0352e+013	5.2500e-015
4.010e+000	5.4010e-006	-9.1026e+013	-9.0689e+013	9.0689e+013	5.2500e-015
4.020e+000	5.4034e-006	-9.1363e+013	-9.1026e+013	9.1026e+013	5.2500e-015
4.030e+000	5.4058e-006	-9.1701e+013	-9.1363e+013	9.1363e+013	5.2500e-015
4.040e+000	5.4081e-006	-9.2038e+013	-9.1701e+013	9.1701e+013	5.2500e-015
4.050e+000	5.4105e-006	-9.2376e+013	-9.2038e+013	9.2038e+013	5.2500e-015
4.060e+000	5.4128e-006	-9.2714e+013	-9.2376e+013	9.2376e+013	5.2500e-015
4.070e+000	5.4151e-006	-9.3052e+013	-9.2714e+013	9.2714e+013	5.2500e-015
4.080e+000	5.4174e-006	-9.3390e+013	-9.3052e+013	9.3052e+013	5.2500e-015
4.090e+000	5.4196e-006	-9.3728e+013	-9.3390e+013	9.3390e+013	5.2500e-015
4.100e+000	5.4219e-006	-9.4067e+013	-9.3728e+013	9.3728e+013	5.2500e-015
4.110e+000	5.4242e-006	-9.4405e+013	-9.4067e+013	9.4067e+013	5.2500e-015
4.120e+000	5.4264e-006	-9.4744e+013	-9.4405e+013	9.4405e+013	5.2500e-015
4.130e+000	5.4287e-006	-9.5083e+013	-9.4744e+013	9.4744e+013	5.2500e-015
4.140e+000	5.4310e-006	-9.5422e+013	-9.5083e+013	9.5083e+013	5.2500e-015
4.150e+000	5.4332e-006	-9.5761e+013	-9.5422e+013	9.5422e+013	5.2500e-015
4.160e+000	5.4355e-006	-9.6100e+013	-9.5761e+013	9.5761e+013	5.2500e-015
4.170e+000	5.4377e-006	-9.6440e+013	-9.6100e+013	9.6100e+013	5.2500e-015
4.180e+000	5.4399e-006	-9.6779e+013	-9.6440e+013	9.6440e+013	5.2500e-015
4.190e+000	5.4422e-006	-9.7119e+013	-9.6779e+013	9.6779e+013	5.2500e-015
4.200e+000	5.4444e-006	-9.7459e+013	-9.7119e+013	9.7119e+013	5.2500e-015
4.210e+000	5.4466e-006	-9.7799e+013	-9.7459e+013	9.7459e+013	5.2500e-015
4.220e+000	5.4488e-006	-9.8139e+013	-9.7799e+013	9.7798e+013	5.2500e-015
4.230e+000	5.4509e-006	-9.8479e+013	-9.8139e+013	9.8139e+013	5.2500e-015
4.240e+000	5.4531e-006	-9.8819e+013	-9.8479e+013	9.8479e+013	5.2500e-015
4.250e+000	5.4553e-006	-9.9160e+013	-9.8819e+013	9.8819e+013	5.2500e-015
4.260e+000	5.4574e-006	-9.9500e+013	-9.9160e+013	9.9160e+013	5.2500e-015
4.270e+000	5.4596e-006	-9.9841e+013	-9.9500e+013	9.9500e+013	5.2500e-015
4.280e+000	5.4617e-006	-1.0018e+014	-9.9841e+013	9.9841e+013	5.2500e-015
4.290e+000	5.4639e-006	-1.0052e+014	-1.0018e+014	1.0018e+014	5.2500e-015
4.300e+000	5.4660e-006	-1.0086e+014	-1.0052e+014	1.0052e+014	5.2500e-015
4.310e+000	5.4681e-006	-1.0121e+014	-1.0086e+014	1.0086e+014	5.2500e-015
4.320e+000	5.4702e-006	-1.0155e+014	-1.0121e+014	1.0121e+014	5.2500e-015
4.330e+000	5.4723e-006	-1.0189e+014	-1.0155e+014	1.0155e+014	5.2500e-015
4.340e+000	5.4744e-006	-1.0223e+014	-1.0189e+014	1.0189e+014	5.2500e-015
4.350e+000	5.4765e-006	-1.0257e+014	-1.0223e+014	1.0223e+014	5.2500e-015
4.360e+000	5.4786e-006	-1.0291e+014	-1.0257e+014	1.0257e+014	5.2500e-015
4.370e+000	5.4807e-006	-1.0326e+014	-1.0291e+014	1.0291e+014	5.2500e-015
4.380e+000	5.4827e-006	-1.0360e+014	-1.0326e+014	1.0326e+014	5.2500e-015
4.390e+000	5.4848e-006	-1.0394e+014	-1.0360e+014	1.0360e+014	5.2500e-015
4.400e+000	5.4868e-006	-1.0428e+014	-1.0394e+014	1.0394e+014	5.2500e-015
4.410e+000	5.4889e-006	-1.0463e+014	-1.0428e+014	1.0428e+014	5.2500e-015
4.420e+000	5.4909e-006	-1.0497e+014	-1.0463e+014	1.0463e+014	5.2500e-015
4.430e+000	5.4929e-006	-1.0531e+014	-1.0497e+014	1.0497e+014	5.2500e-015
4.440e+000	5.4950e-006	-1.0565e+014	-1.0531e+014	1.0531e+014	5.2500e-015
4.450e+000	5.4970e-006	-1.0600e+014	-1.0565e+014	1.0565e+014	5.2500e-015
4.460e+000	5.4990e-006	-1.0634e+014	-1.0600e+014	1.0600e+014	5.2500e-015
4.470e+000	5.5010e-006	-1.0668e+014	-1.0634e+014	1.0634e+014	5.2500e-015
4.480e+000	5.5030e-006	-1.0703e+014	-1.0668e+014	1.0668e+014	5.2500e-015
4.490e+000	5.5050e-006	-1.0737e+014	-1.0703e+014	1.0703e+014	5.2500e-015
4.500e+000	5.5069e-006	-1.0771e+014	-1.0737e+014	1.0737e+014	5.2500e-015
4.510e+000	5.5089e-006	-1.0806e+014	-1.0771e+014	1.0771e+014	5.2500e-015
4.520e+000	5.5109e-006	-1.0840e+014	-1.0806e+014	1.0806e+014	5.2500e-015
4.530e+000	5.5128e-006	-1.0875e+014	-1.0840e+014	1.0840e+014	5.2500e-015
4.540e+000	5.5148e-006	-1.0909e+014	-1.0875e+014	1.0875e+014	5.2500e-015
4.550e+000	5.5167e-006	-1.0943e+014	-1.0909e+014	1.0909e+014	5.2500e-015
4.560e+000	5.5186e-006	-1.0978e+014	-1.0943e+014	1.0943e+014	5.2500e-015
4.570e+000	5.5206e-006	-1.1012e+014	-1.0978e+014	1.0978e+014	5.2500e-015
4.580e+000	5.5225e-006	-1.1047e+014	-1.1012e+014	1.1012e+014	5.2500e-015
4.590e+000	5.5244e-006	-1.1081e+014	-1.1047e+014	1.1047e+014	5.2500e-015
4.600e+000	5.5263e-006	-1.1116e+014	-1.1081e+014	1.1081e+014	5.2500e-015
4.610e+000	5.5282e-006	-1.1150e+014	-1.1116e+014	1.1116e+014	5.2500e-015
4.620e+000	5.5301e-006	-1.1185e+014	-1.1150e+014	1.1150e+014	5.2500e-015
4.630e+000	5.5320e-006	-1.1219e+014	-1.1185e+014	1.1185e+014	5.2500e-015
4.640e+000	5.5339e-006	-1.1254e+014	-1.1219e+014	1.1219e+014	5.2500e-015
4.650e+000	5.5358e-006	-1.1288e+014	-1.1254e+014	1.1254e+014	5.2500e-015
4.660e+000	5.5376e-006	-1.1323e+014	-1.1288e+014	1.1288e+014	5.2500e-015
4.670e+000	5.5395e-006	-1.1358e+014	-1.1323e+014	1.1323e+014	5.2500e-015
4.680e+000	5.5414e-006	-1.1392e+014	-1.1358e+014	1.1358e+014	5.2500e-015
4.690e+000	5.5432e-006	-1.1427e+014	-1.1392e+014	1.1392e+014	5.2500e-015
4.700e+000	5.5451e-006	-1.1461e+014	-1.1427e+014	1.1427e+014	5.2500e-015
4.710e+000	5.5469e-006	-1.1496e+014	-1.1461e+014	1.1461e+014	5.2500e-015
4.720e+000	5.5487e-006	-1.1531e+014	-1.1496e+014	1.1496e+014	5.2500e-015
4.730e+000	5.5506e-006	-1.1565e+014	-1.1531e+014	1.1531e+014	5.2500e-015
4.740e+000	5.5524e-006	-1.1600e+014	-1.1565e+014	1.1565e+014	5.2500e-015
4.750e+000	5.5542e-006	-1.1635e+014	-1.1600e+014	1.1600e+014	5.2500e-015
4.760e+000	5.5560e-006	-1.1669e+014	-1.1635e+014	1.1635e+014	5.2500e-015
4.770e+000	5.5578e-006	-1.1704e+014	-1.1669e+014	1.1669e+014	5.2500e-015
4.780e+000	5.5596e-006	-1.1739e+014	-1.1704e+014	1.1704e+014	5.2500e-015
4.790e+000	5.5614e-006	-1.1773e+014	-1.1739e+014	1.1739e+014	5.2500e-015
4.800e+000	5.5632e-006	-1.1808e+014	-1.1773e+014	1.1773e+014	5.2500e-015
4.810e+000	5.5650e-006	-1.1843e+014	-1.1808e+014	1.1808e+014	5.2500e-015
4.820e+000	5.5667e-006	-1.1878e+014	-1.1843e+014	1.1843e+014	5.2500e-015
4.830e+000	5.5685e-006	-1.1912e+014	-1.1878e+014	1.1878e+014	5.2500e-015
4.840e+000	5.5703e-006	-1.1947e+014	-1.1912e+014	1.1912e+014	5.2500e-015
4.850e+000	5.5720e-006	-1.1982e+014	-1.1947e+014	1.1947e+014	5.2500e-015
4.860e+000	5.5738e-006	-1.2017e+014	-1.1982e+014	1.1982e+014	5.2500e-015
4.870e+000	5.5755e-006	-1.2051e+014	-1.2017e+014	1.2017e+014	5.2500e-015
4.880e+000	5.5773e-006	-1.2086e+014	-1.2051e+014	1.2051e+014	5.2500e-015
4.890e+000	5.5790e-006	-1.2121e+014	-1.2086e+014	1.2086e+014	5.2500e-015
4.900e+000	5.5807e-006	-1.2156e+014	-1.2121e+014	1.2121e+014	5.2500e-015
4.910e+000	5.5824e-006	-1.2191e+014	-1.2156e+014	1.2156e+014	5.2500e-015
4.920e+000	5.5842e-006	-1.2226e+014	-1.2191e+014	1.2191e+014	5.2500e-015
4.930e+000	5.5859e-006	-1.2261e+014	-1.2226e+014	1.2226e+014	5.2500e-015
4.940e+000	5.5876e-006	-1.2295e+014	-1.2261e+014	1.2261e+014	5.2500e-015
4.950e+000	5.5893e-006	-1.2330e+014	-1.2295e+014	1.2295e+014	5.2500e-015
4.960e+000	5.5910e-006	-1.2365e+014	-1.2330e+014	1.2330e+014	5.2500e-015
4.970e+000	5.5927e-006	-1.2400e+014	-1.2365e+014	1.2365e+014	5.2500e-015
4.980e+000	5.5944e-006	-1.2435e+014	-1.2400e+014	1.2400e+014	5.2500e-015
4.990e+000	5.5960e-006	-1.2470e+014	-1.2435e+014	1.2435e+014	5.2500e-015
5.000e+000	5.5977e-006	-1.2505e+014	-1.2470e+014	1.2470e+014	5.2500e-015
5.010e+000	5.5994e-006	-1.2540e+014	-1.2505e+014	1.2505e+014	5.2500e-015
5.020e+000	5.6011e-006	-1.2575e+014	-1.2540e+014	1.2540e+014	5.2500e-015
5.030e+000	5.6027e-006	-1.2610e+014	-1.2575e+014	1.2575e+014	5.2500e-015
5.040e+000	5.6044e-006	-1.2645e+014	-1.2610e+014	1.2610e+014	5.2500e-015
5.050e+000	5.6060e-006	-1.2680e+014	-1.2645e+014	1.2645e+014	5.2500e-015
5.060e+000	5.6077e-006	-1.2715e+014	-1.2680e+014	1.2680e+014	5.2500e-015
5.070e+000	5.6093e-006	-1.2750e+014	-1.2715e+014	1.2715e+014	5.2500e-015
5.080e+000	5.6110e-006	-1.2785e+014	-1.2750e+014	1.2750e+014	5.2500e-015
5.090e+000	5.6126e-006	-1.2820e+014	-1.2785e+014	1.2785e+014	5.2500e-015
5.100e+000	5.6142e-006	-1.2855e+014	-1.2820e+014	1.2820e+014	5.2500e-015
5.110e+000	5.6158e-006	-1.2890e+014	-1.2855e+014	1.2855e+014	5.2500e-015
5.120e+000	5.6175e-006	-1.2925e+014	-1.2890e+014	1.2890e+014	5.2500e-015
5.130e+000	5.6191e-006	-1.2960e+014	-1.2925e+014	1.2925e+014	5.2500e-015
5.140e+000	5.6207e-006	-1.2995e+014	-1.2960e+014	1.2960e+014	5.2500e-015
5.150e+000	5.6223e-006	-1.3030e+014	-1.2995e+014	1.2995e+014	5.2500e-015
5.160e+000	5.6239e-006	-1.3065e+014	-1.3030e+014	1.3030e+014	5.2500e-015
5.170e+000	5.6255e-006	-1.3100e+014	-1.3065e+014	1.3065e+014	5.2500e-015
5.180e+000	5.6271e-006	-1.3136e+014	-1.3100e+014	1.3100e+014	5.2500e-015
5.190e+000	5.6286e-006	-1.3171e+014	-1.3136e+014	1.3135e+014	5.2500e-015
5.200e+000	5.6302e-006	-1.3206e+014	-1.3171e+014	1.3171e+014	5.2500e-015
5.210e+000	5.6318e-006	-1.3241e+014	-1.3206e+014	1.3206e+014	5.2500e-015
5.220e+000	5.6334e-006	-1.3276e+014	-1.3241e+014	1.3241e+014	5.2500e-015
5.230e+000	5.6349e-006	-1.3311e+014	-1.3276e+014	1.3276e+014	5.2500e-015
5.240e+000	5.6365e-006	-1.3346e+014	-1.3311e+014	1.3311e+014	5.2500e-015
5.250e+000	5.6380e-006	-1.3382e+014	-1.3346e+014	1.3346e+014	5.2500e-015
5.260e+000	5.6396e-006	-1.3417e+014	-1.3382e+014	1.3382e+014	5.2500e-015
5.270e+000	5.6411e-006	-1.3452e+014	-1.3417e+014	1.3417e+014	5.2500e-015
5.280e+000	5.6427e-006	-1.3487e+014	-1.3452e+014	1.3452e+014	5.2500e-015
5.290e+000	5.6442e-006	-1.3522e+014	-1.3487e+014	1.3487e+014	5.2500e-015
5.300e+000	5.6458e-006	-1.3558e+014	-1.3522e+014	1.3522e+014	5.2500e-015
5.310e+000	5.6473e-006	-1.3593e+014	-1.3558e+014	1.3558e+014	5.2500e-015
5.320e+000	5.6488e-006	-1.3628e+014	-1.3593e+014	1.3593e+014	5.2500e-015
5.330e+000	5.6503e-006	-1.3663e+014	-1.3628e+014	1.3628e+014	5.2500e-015
5.340e+000	5.6519e-006	-1.3699e+014	-1.3663e+014	1.3663e+014	5.2500e-015
5.350e+000	5.6534e-006	-1.3734e+014	-1.3699e+014	1.3699e+014	5.2500e-015
5.360e+000	5.6549e-006	-1.3769e+014	-1.3734e+014	1.3734e+014	5.2500e-015
5.370e+000	5.6564e-006	-1.3805e+014	-1.3769e+014	1.3769e+014	5.2500e-015
5.380e+000	5.6579e-006	-1.3840e+014	-1.3805e+014	1.3805e+014	5.2500e-015
5.390e+000	5.6594e-006	-1.3875e+014	-1.3840e+014	1.3840e+014	5.2500e-015
5.400e+000	5.6609e-006	-1.3911e+014	-1.3875e+014	1.3875e+014	5.2500e-015
5.410e+000	5.6624e-006	-1.3946e+014	-1.3911e+014	1.3911e+014	5.2500e-015
5.420e+000	5.6639e-006	-1.3981e+014	-1.3946e+014	1.3946e+014	5.2500e-015
5.430e+000	5.6653e-006	-1.4017e+014	-1.3981e+014	1.3981e+014	5.2500e-015
5.440e+000	5.6668e-006	-1.4052e+014	-1.4017e+014	1.4017e+014	5.2500e-015
5.450e+000	5.6683e-006	-1.4087e+014	-1.4052e+014	1.4052e+014	5.2500e-015
5.460e+000	5.6697e-006	-1.4123e+014	-1.4087e+014	1.4087e+014	5.2500e-015
5.470e+000	5.6712e-006	-1.4158e+014	-1.4123e+014	1.4123e+014	5.2500e-015
5.480e+000	5.6727e-006	-1.4194e+014	-1.4158e+014	1.4158e+014	5.2500e-015
5.490e+000	5.6741e-006	-1.4229e+014	-1.4194e+014	1.4194e+014	5.2500e-015
5.500e+000	5.6756e-006	-1.4264e+014	-1.4229e+014	1.4229e+014	5.2500e-015
5.510e+000	5.6770e-006	-1.4300e+014	-1.4264e+014	1.4264e+014	5.2500e-015
5.520e+000	5.6785e-006	-1.4335e+014	-1.4300e+014	1.4300e+014	5.2500e-015
5.530e+000	5.6799e-006	-1.4371e+014	-1.4335e+014	1.4335e+014	5.2500e-015
5.540e+000	5.6814e-006	-1.4406e+014	-1.4371e+014	1.4371e+014	5.2500e-015
5.550e+000	5.6828e-006	-1.4442e+014	-1.4406e+014	1.4406e+014	5.2500e-015
5.560e+000	5.6842e-006	-1.4477e+014	-1.4442e+014	1.4442e+014	5.2500e-015
5.570e+000	5.6856e-006	-1.4513e+014	-1.4477e+014	1.4477e+014	5.2500e-015
5.580e+000	5.6871e-006	-1.4548e+014	-1.4513e+014	1.4513e+014	5.2500e-015
5.590e+000	5.6885e-006	-1.4584e+014	-1.4548e+014	1.4548e+014	5.2500e-015
5.600e+000	5.6899e-006	-1.4619e+014	-1.4584e+014	1.4584e+014	5.2500e-015
5.610e+000	5.6913e-006	-1.4655e+014	-1.4619e+014	1.4619e+014	5.2500e-015
5.620e+000	5.6927e-006	-1.4690e+014	-1.4655e+014	1.4655e+014	5.2500e-015
5.630e+000	5.6941e-006	-1.4726e+014	-1.4690e+014	1.4690e+014	5.2500e-015
5.640e+000	5.6955e-006	-1.4761e+014	-1.4726e+014	1.4726e+014	5.2500e-015
5.650e+000	5.6969e-006	-1.4797e+014	-1.4761e+014	1.4761e+014	5.2500e-015
5.660e+000	5.6983e-006	-1.4832e+014	-1.4797e+014	1.4797e+014	5.2500e-015
5.670e+000	5.6997e-006	-1.4868e+014	-1.4832e+014	1.4832e+014	5.2500e-015
5.680e+000	5.7011e-006	-1.4904e+014	-1.4868e+014	1.4868e+014	5.2500e-015
5.690e+000	5.7025e-006	-1.4939e+014	-1.4904e+014	1.4904e+014	5.2500e-015
5.700e+000	5.7038e-006	-1.4975e+014	-1.4939e+014	1.4939e+014	5.2500e-015
5.710e+000	5.7052e-006	-1.5010e+014	-1.4975e+014	1.4975e+014	5.2500e-015
5.720e+000	5.7066e-006	-1.5046e+014	-1.5010e+014	1.5010e+014	5.2500e-015
5.730e+000	5.7079e-006	-1.5082e+014	-1.5046e+014	1.5046e+014	5.2500e-015
5.740e+000	5.7093e-006	-1.5117e+014	-1.5082e+014	1.5082e+014	5.2500e-015
5.750e+000	5.7107e-006	-1.5153e+014	-1.5117e+014	1.5117e+014	5.2500e-015
5.760e+000	5.7120e-006	-1.5189e+014	-1.5153e+014	1.5153e+014	5.2500e-015
5.770e+000	5.7134e-006	-1.5224e+014	-1.5189e+014	1.5189e+014	5.2500e-015
5.780e+000	5.7147e-006	-1.5260e+014	-1.5224e+014	1.5224e+014	5.2500e-015
5.790e+000	5.7161e-006	-1.5296e+014	-1.5260e+014	1.5260e+014	5.2500e-015
5.800e+000	5.7174e-006	-1.5331e+014	-1.5296e+014	1.5296e+014	5.2500e-015
5.810e+000	5.7188e-006	-1.5367e+014	-1.5331e+014	1.5331e+014	5.2500e-015
5.820e+000	5.7201e-006	-1.5403e+014	-1.5367e+014	1.5367e+014	5.2500e-015
5.830e+000	5.7214e-006	-1.5438e+014	-1.5403e+014	1.5403e+014	5.2500e-015
5.840e+000	5.7228e-006	-1.5474e+014	-1.5438e+014	1.5438e+014	5.2500e-015
5.850e+000	5.7241e-006	-1.5510e+014	-1.5474e+014	1.5474e+014	5.2500e-015
5.860e+000	5.7254e-006	-1.5546e+014	-1.5510e+014	1.5510e+014	5.2500e-015
5.870e+000	5.7267e-006	-1.5581e+014	-1.5546e+014	1.5546e+014	5.2500e-015
5.880e+000	5.7280e-006	-1.5617e+014	-1.5581e+014	1.5581e+014	5.2500e-015
5.890e+000	5.7293e-006	-1.5653e+014	-1.5617e+014	1.5617e+014	5.2500e-015
5.900e+000	5.7307e-006	-1.5689e+014	-1.5653e+014	1.5653e+014	5.2500e-015
5.910e+000	5.7320e-006	-1.5724e+014	-1.5689e+014	1.5689e+014	5.2500e-015
5.920e+000	5.7333e-006	-1.5760e+014	-1.5724e+014	1.5724e+014	5.2500e-015
5.930e+000	5.7346e-006	-1.5796e+014	-1.5760e+014	1.5760e+014	5.2500e-015
5.940e+000	5.7359e-006	-1.5832e+014	-1.5796e+014	1.5796e+014	5.2500e-015
5.950e+000	5.7372e-006	-1.5868e+014	-1.5832e+014	1.5832e+014	5.2500e-015
5.960e+000	5.7385e-006	-1.5903e+014	-1.5868e+014	1.5868e+014	5.2500e-015
5.970e+000	5.7397e-006	-1.5939e+014	-1.5903e+014	1.5903e+014	5.2500e-015
5.980e+000	5.7410e-006	-1.5975e+014	-1.5939e+014	1.5939e+014	5.2500e-015
5.990e+000	5.7423e-006	-1.6011e+014	-1.5975e+014	1.5975e+014	5.2500e-015
6.000e+000	5.7436e-006	-1.6047e+014	-1.6011e+014	1.6011e+014	5.2500e-015
6.010e+000	5.7449e-006	-1.6083e+014	-1.6047e+014	1.6047e+014	5.2500e-015
6.020e+000	5.7461e-006	-1.6118e+014	-1.6083e+014	1.6083e+014	5.2500e-015
6.030e+000	5.7474e-006	-1.6154e+014	-1.6118e+014	1.6118e+014	5.2500e-015
6.040e+000	5.7487e-006	-1.6190e+014	-1.6154e+014	1.6154e+014	5.2500e-015
6.050e+000	5.7499e-006	-1.6226e+014	-1.6190e+014	1.6190e+014	5.2500e-015
6.060e+000	5.7512e-006	-1.6262e+014	-1.6226e+014	1.6226e+014	5.2500e-015
6.070e+000	5.7524e-006	-1.6298e+014	-1.6262e+014	1.6262e+014	5.2500e-015
6.080e+000	5.7537e-006	-1.6334e+014	-1.6298e+014	1.6298e+014	5.2500e-015
6.090e+000	5.7549e-006	-1.6370e+014	-1.6334e+014	1.6334e+014	5.2500e-015
6.100e+000	5.7562e-006	-1.6406e+014	-1.6370e+014	1.6370e+014	5.2500e-015
6.110e+000	5.7574e-006	-1.6442e+014	-1.6406e+014	1.6406e+014	5.2500e-015
6.120e+000	5.7587e-006	-1.6478e+014	-1.6442e+014	1.6442e+014	5.2500e-015
6.130e+000	5.7599e-006	-1.6513e+014	-1.6478e+014	1.6478e+014	5.2500e-015
6.140e+000	5.7612e-006	-1.6549e+014	-1.6513e+014	1.6513e+014	5.2500e-015
6.150e+000	5.7624e-006	-1.6585e+014	-1.6549e+014	1.6549e+014	5.2500e-015
6.160e+000	5.7636e-006	-1.6621e+014	-1.6585e+014	1.6585e+014	5.2500e-015
6.170e+000	5.7649e-006	-1.6657e+014	-1.6621e+014	1.6621e+014	5.2500e-015
6.180e+000	5.7661e-006	-1.6693e+014	-1.6657e+014	1.6657e+014	5.2500e-015
6.190e+000	5.7673e-006	-1.6729e+014	-1.6693e+014	1.6693e+014	5.2500e-015
6.200e+000	5.7685e-006	-1.6765e+014	-1.6729e+014	1.6729e+014	5.2500e-015
6.210e+000	5.7697e-006	-1.6801e+014	-1.6765e+014	1.6765e+014	5.2500e-015
6.220e+000	5.7709e-006	-1.6837e+014	-1.6801e+014	1.6801e+014	5.2500e-015
6.230e+000	5.7722e-006	-1.6873e+014	-1.6837e+014	1.6837e+014	5.2500e-015
6.240e+000	5.7734e-006	-1.6909e+014	-1.6873e+014	1.6873e+014	5.2500e-015
6.250e+000	5.7746e-006	-1.6945e+014	-1.6909e+014	1.6909e+014	5.2500e-015
6.260e+000	5.7758e-006	-1.6982e+014	-1.6945e+014	1.6945e+014	5.2500e-015
6.270e+000	5.7770e-006	-1.7018e+014	-1.6982e+014	1.6982e+014	5.2500e-015
6.280e+000	5.7782e-006	-1.7054e+014	-1.7018e+014	1.7018e+014	5.2500e-015
6.290e+000	5.7794e-006	-1.7090e+014	-1.7054e+014	1.7054e+014	5.2500e-015
6.300e+000	5.7806e-006	-1.7126e+014	-1.7090e+014	1.7090e+014	5.2500e-015
6.310e+000	5.7817e-006	-1.7162e+014	-1.7126e+014	1.7126e+014	5.2500e-015
6.320e+000	5.7829e-006	-1.7198e+014	-1.7162e+014	1.7162e+014	5.2500e-015
6.330e+000	5.7841e-006	-1.7234e+014	-1.7198e+014	1.7198e+014	5.2500e-015
6.340e+000	5.7853e-006	-1.7270e+014	-1.7234e+014	1.7234e+014	5.2500e-015
6.350e+000	5.7865e-006	-1.7306e+014	-1.7270e+014	1.7270e+014	5.2500e-015
6.360e+000	5.7876e-006	-1.7342e+014	-1.7306e+014	1.7306e+014	5.2500e-015
6.370e+000	5.7888e-006	-1.7379e+014	-1.7342e+014	1.7342e+014	5.2500e-015
6.380e+000	5.7900e-006	-1.7415e+014	-1.7379e+014	1.7379e+014	5.2500e-015
6.390e+000	5.7912e-006	-1.7451e+014	-1.7415e+014	1.7415e+014	5.2500e-015
6.400e+000	5.7923e-006	-1.7487e+014	-1.7451e+014	1.7451e+014	5.2500e-015
6.410e+000	5.7935e-006	-1.7523e+014	-1.7487e+014	1.7487e+014	5.2500e-015
6.420e+000	5.7946e-006	-1.7559e+014	-1.7523e+014	1.7523e+014	5.2500e-015
6.430e+000	5.7958e-006	-1.7595e+014	-1.7559e+014	1.7559e+014	5.2500e-015
6.440e+000	5.7970e-006	-1.7632e+014	-1.7595e+014	1.7595e+014	5.2500e-015
6.450e+000	5.7981e-006	-1.7668e+014	-1.7632e+014	1.7632e+014	5.2500e-015
6.460e+000	5.7993e-006	-1.7704e+014	-1.7668e+014	1.7668e+014	5.2500e-015
6.470e+000	5.8004e-006	-1.7740e+014	-1.7704e+014	1.7704e+014	5.2500e-015
6.480e+000	5.8015e-006	-1.7776e+014	-1.7740e+014	1.7740e+014	5.2500e-015
6.490e+000	5.8027e-006	-1.7813e+014	-1.7776e+014	1.7776e+014	5.2500e-015
6.500e+000	5.8038e-006	-1.7849e+014	-1.7813e+014	1.7813e+014	5.2500e-015
6.510e+000	5.8050e-006	-1.7885e+014	-1.7849e+014	1.7849e+014	5.2500e-015
6.520e+000	5.8061e-006	-1.7921e+014	-1.7885e+014	1.7885e+014	5.2500e-015
6.530e+000	5.8072e-006	-1.7958e+014	-1.7921e+014	1.7921e+014	5.2500e-015
6.540e+000	5.8084e-006	-1.7994e+014	-1.7958e+014	1.7958e+014	5.2500e-015
6.550e+000	5.8095e-006	-1.8030e+014	-1.7994e+014	1.7994e+014	5.2500e-015
6.560e+000	5.8106e-006	-1.8066e+014	-1.8030e+014	1.8030e+014	5.2500e-015
6.570e+000	5.8117e-006	-1.8103e+014	-1.8066e+014	1.8066e+014	5.2500e-015
6.580e+000	5.8129e-006	-1.8139e+014	-1.8103e+014	1.8103e+014	5.2500e-015
6.590e+000	5.8140e-006	-1.8175e+014	-1.8139e+014	1.8139e+014	5.2500e-015
6.600e+000	5.8151e-006	-1.8212e+014	-1.8175e+014	1.8175e+014	5.2500e-015
6.610e+000	5.8162e-006	-1.8248e+014	-1.8212e+014	1.8212e+014	5.2500e-015
6.620e+000	5.8173e-006	-1.8284e+014	-1.8248e+014	1.8248e+014	5.2500e-015
6.630e+000	5.8184e-006	-1.8320e+014	-1.8284e+014	1.8284e+014	5.2500e-015
6.640e+000	5.8195e-006	-1.8357e+014	-1.8320e+014	1.8320e+014	5.2500e-015
6.650e+000	5.8206e-006	-1.8393e+014	-1.8357e+014	1.8357e+014	5.2500e-015
6.660e+000	5.8217e-006	-1.8429e+014	-1.8393e+014	1.8393e+014	5.2500e-015
6.670e+000	5.8228e-006	-1.8466e+014	-1.8429e+014	1.8429e+014	5.2500e-015
6.680e+000	5.8239e-006	-1.8502e+014	-1.8466e+014	1.8466e+014	5.2500e-015
6.690e+000	5.8250e-006	-1.8539e+014	-1.8502e+014	1.8502e+014	5.2500e-015
6.700e+000	5.8261e-006	-1.8575e+014	-1.8539e+014	1.8538e+014	5.2500e-015
6.710e+000	5.8272e-006	-1.8611e+014	-1.8575e+014	1.8575e+014	5.2500e-015
6.720e+000	5.8283e-006	-1.8648e+014	-1.8611e+014	1.8611e+014	5.2500e-015
6.730e+000	5.8294e-006	-1.8684e+014	-1.8648e+014	1.8648e+014	5.2500e-015
6.740e+000	5.8305e-006	-1.8720e+014	-1.8684e+014	1.8684e+014	5.2500e-015
6.750e+000	5.8315e-006	-1.8757e+014	-1.8720e+014	1.8720e+014	5.2500e-015
6.760e+000	5.8326e-006	-1.8793e+014	-1.8757e+014	1.8757e+014	5.2500e-015
6.770e+000	5.8337e-006	-1.8830e+014	-1.8793e+014	1.8793e+014	5.2500e-015
6.780e+000	5.8348e-006	-1.8866e+014	-1.8830e+014	1.8830e+014	5.2500e-015
6.790e+000	5.8358e-006	-1.8902e+014	-1.8866e+014	1.8866e+014	5.2500e-015
6.800e+000	5.8369e-006	-1.8939e+014	-1.8902e+014	1.8902e+014	5.2500e-015
6.810e+000	5.8380e-006	-1.8975e+014	-1.8939e+014	1.8939e+014	5.2500e-015
6.820e+000	5.8390e-006	-1.9012e+014	-1.8975e+014	1.8975e+014	5.2500e-015
6.830e+000	5.8401e-006	-1.9048e+014	-1.9012e+014	1.9012e+014	5.2500e-015
6.840e+000	5.8412e-006	-1.9085e+014	-1.9048e+014	1.9048e+014	5.2500e-015
6.850e+000	5.8422e-006	-1.9121e+014	-1.9085e+014	1.9085e+014	5.2500e-015
6.860e+000	5.8433e-006	-1.9158e+014	-1.9121e+014	1.9121e+014	5.2500e-015
6.870e+000	5.8443e-006	-1.9194e+014	-1.9158e+014	1.9158e+014	5.2500e-015
6.880e+000	5.8454e-006	-1.9231e+014	-1.9194e+014	1.9194e+014	5.2500e-015
6.890e+000	5.8464e-006	-1.9267e+014	-1.9231e+014	1.9231e+014	5.2500e-015
6.900e+000	5.8475e-006	-1.9304e+014	-1.9267e+014	1.9267e+014	5.2500e-015
6.910e+000	5.8485e-006	-1.9340e+014	-1.9304e+014	1.9304e+014	5.2500e-015
6.920e+000	5.8496e-006	-1.9377e+014	-1.9340e+014	1.9340e+014	5.2500e-015
6.930e+000	5.8506e-006	-1.9413e+014	-1.9377e+014	1.9377e+014	5.2500e-015
6.940e+000	5.8516e-006	-1.9450e+014	-1.9413e+014	1.9413e+014	5.2500e-015
6.950e+000	5.8527e-006	-1.9486e+014	-1.9450e+014	1.9450e+014	5.2500e-015
6.960e+000	5.8537e-006	-1.9523e+014	-1.9486e+014	1.9486e+014	5.2500e-015
6.970e+000	5.8547e-006	-1.9559e+014	-1.9523e+014	1.9523e+014	5.2500e-015
6.980e+000	5.8558e-006	-1.9596e+014	-1.9559e+014	1.9559e+014	5.2500e-015
6.990e+000	5.8568e-006	-1.9632e+014	-1.9596e+014	1.9596e+014	5.2500e-015
7.000e+000	5.8578e-006	-1.9669e+014	-1.9632e+014	1.9632e+014	5.2500e-015
