V	C (Fcm-2)	Initcharge (cm-2)	Finalcharge (cm-2)	ns Total (cm-2)	ps Total (cm-2)
-8.000e+000	4.8003e-017	-9.3418e+000	-6.3457e+000	6.3476e+000	5.2500e-015
-7.990e+000	4.8003e-017	-9.3418e+000	-6.3457e+000	6.3476e+000	5.2500e-015
-7.980e+000	4.8003e-017	-9.3418e+000	-6.3457e+000	6.3476e+000	5.2500e-015
-7.970e+000	4.8003e-017	-9.3418e+000	-6.3457e+000	6.3476e+000	5.2500e-015
-7.960e+000	4.8003e-017	-9.3418e+000	-6.3457e+000	6.3476e+000	5.2500e-015
-7.950e+000	4.8003e-017	-9.3418e+000	-6.3457e+000	6.3476e+000	5.2500e-015
-7.940e+000	4.8003e-017	-9.3418e+000	-6.3457e+000	6.3476e+000	5.2500e-015
-7.930e+000	4.8003e-017	-9.3418e+000	-6.3457e+000	6.3476e+000	5.2500e-015
-7.920e+000	4.8003e-017	-9.3418e+000	-6.3457e+000	6.3476e+000	5.2500e-015
-7.910e+000	4.8003e-017	-9.3418e+000	-6.3457e+000	6.3476e+000	5.2500e-015
-7.900e+000	4.8003e-017	-9.3418e+000	-6.3457e+000	6.3476e+000	5.2500e-015
-7.890e+000	4.8003e-017	-9.3418e+000	-6.3457e+000	6.3476e+000	5.2500e-015
-7.880e+000	4.8003e-017	-9.3418e+000	-6.3457e+000	6.3476e+000	5.2500e-015
-7.870e+000	4.8003e-017	-9.3418e+000	-6.3457e+000	6.3476e+000	5.2500e-015
-7.860e+000	4.8003e-017	-9.3418e+000	-6.3457e+000	6.3476e+000	5.2500e-015
-7.850e+000	4.8003e-017	-9.3418e+000	-6.3457e+000	6.3476e+000	5.2500e-015
-7.840e+000	4.8003e-017	-9.3418e+000	-6.3457e+000	6.3476e+000	5.2500e-015
-7.830e+000	4.8003e-017	-9.3418e+000	-6.3457e+000	6.3476e+000	5.2500e-015
-7.820e+000	4.8003e-017	-9.3418e+000	-6.3457e+000	6.3476e+000	5.2500e-015
-7.810e+000	4.8003e-017	-9.3418e+000	-6.3457e+000	6.3476e+000	5.2500e-015
-7.800e+000	4.8003e-017	-9.3418e+000	-6.3457e+000	6.3476e+000	5.2500e-015
-7.790e+000	4.8003e-017	-9.3418e+000	-6.3457e+000	6.3476e+000	5.2500e-015
-7.780e+000	4.8003e-017	-9.3418e+000	-6.3457e+000	6.3476e+000	5.2500e-015
-7.770e+000	4.8003e-017	-9.3418e+000	-6.3457e+000	6.3476e+000	5.2500e-015
-7.760e+000	4.8003e-017	-9.3418e+000	-6.3457e+000	6.3476e+000	5.2500e-015
-7.750e+000	4.8003e-017	-9.3418e+000	-6.3457e+000	6.3476e+000	5.2500e-015
-7.740e+000	4.8003e-017	-9.3418e+000	-6.3457e+000	6.3476e+000	5.2500e-015
-7.730e+000	4.8003e-017	-9.3418e+000	-6.3457e+000	6.3476e+000	5.2500e-015
-7.720e+000	4.8003e-017	-9.3418e+000	-6.3457e+000	6.3476e+000	5.2500e-015
-7.710e+000	4.8003e-017	-9.3418e+000	-6.3457e+000	6.3476e+000	5.2500e-015
-7.700e+000	4.8003e-017	-9.3418e+000	-6.3457e+000	6.3476e+000	5.2500e-015
-7.690e+000	4.8003e-017	-9.3418e+000	-6.3457e+000	6.3476e+000	5.2500e-015
-7.680e+000	4.8003e-017	-9.3418e+000	-6.3457e+000	6.3476e+000	5.2500e-015
-7.670e+000	4.8003e-017	-9.3419e+000	-6.3458e+000	6.3476e+000	5.2500e-015
-7.660e+000	4.8003e-017	-9.3419e+000	-6.3458e+000	6.3476e+000	5.2500e-015
-7.650e+000	4.8004e-017	-9.3419e+000	-6.3458e+000	6.3477e+000	5.2500e-015
-7.640e+000	4.8004e-017	-9.3420e+000	-6.3459e+000	6.3477e+000	5.2500e-015
-7.630e+000	4.8005e-017	-9.3421e+000	-6.3459e+000	6.3478e+000	5.2500e-015
-7.620e+000	4.8005e-017	-9.3423e+000	-6.3460e+000	6.3479e+000	5.2500e-015
-7.610e+000	4.8007e-017	-9.3425e+000	-6.3462e+000	6.3481e+000	5.2500e-015
-7.600e+000	4.8008e-017	-9.3429e+000	-6.3464e+000	6.3483e+000	5.2500e-015
-7.590e+000	4.8011e-017	-9.3434e+000	-6.3468e+000	6.3486e+000	5.2500e-015
-7.580e+000	4.8015e-017	-9.3441e+000	-6.3473e+000	6.3491e+000	5.2500e-015
-7.570e+000	4.8020e-017	-9.3452e+000	-6.3480e+000	6.3499e+000	5.2500e-015
-7.560e+000	4.8028e-017	-9.3468e+000	-6.3491e+000	6.3510e+000	5.2500e-015
-7.550e+000	4.8040e-017	-9.3491e+000	-6.3507e+000	6.3525e+000	5.2500e-015
-7.540e+000	4.8058e-017	-9.3526e+000	-6.3530e+000	6.3549e+000	5.2500e-015
-7.530e+000	4.8084e-017	-9.3576e+000	-6.3565e+000	6.3583e+000	5.2500e-015
-7.520e+000	4.8123e-017	-9.3651e+000	-6.3616e+000	6.3634e+000	5.2500e-015
-7.510e+000	4.8179e-017	-9.3762e+000	-6.3690e+000	6.3709e+000	5.2500e-015
-7.500e+000	4.8263e-017	-9.3924e+000	-6.3801e+000	6.3819e+000	5.2500e-015
-7.490e+000	4.8386e-017	-9.4163e+000	-6.3963e+000	6.3982e+000	5.2500e-015
-7.480e+000	4.8566e-017	-9.4514e+000	-6.4202e+000	6.4220e+000	5.2500e-015
-7.470e+000	4.8832e-017	-9.5032e+000	-6.4553e+000	6.4572e+000	5.2500e-015
-7.460e+000	4.9224e-017	-9.5794e+000	-6.5071e+000	6.5090e+000	5.2500e-015
-7.450e+000	4.9801e-017	-9.6917e+000	-6.5834e+000	6.5852e+000	5.2500e-015
-7.440e+000	5.0682e-017	-9.8589e+000	-6.6956e+000	6.6975e+000	5.2500e-015
-7.430e+000	5.1901e-017	-1.0102e+001	-6.8628e+000	6.8627e+000	5.2500e-015
-7.420e+000	5.3742e-017	-1.0460e+001	-7.1061e+000	7.1060e+000	5.2500e-015
-7.410e+000	5.6484e-017	-1.0990e+001	-7.4643e+000	7.4642e+000	5.2500e-015
-7.400e+000	6.0490e-017	-1.1769e+001	-7.9936e+000	7.9916e+000	5.2500e-015
-7.390e+000	6.6349e-017	-1.2914e+001	-8.7730e+000	8.7680e+000	5.2500e-015
-7.380e+000	7.5062e-017	-1.4603e+001	-9.9181e+000	9.9112e+000	5.2500e-015
-7.370e+000	8.7813e-017	-1.7088e+001	-1.1607e+001	1.1594e+001	5.2500e-015
-7.360e+000	1.0664e-016	-2.0748e+001	-1.4092e+001	1.4072e+001	5.2500e-015
-7.350e+000	1.3429e-016	-2.6134e+001	-1.7752e+001	1.7720e+001	5.2500e-015
-7.340e+000	1.7511e-016	-3.4067e+001	-2.3137e+001	2.3091e+001	5.2500e-015
-7.330e+000	2.3509e-016	-4.5744e+001	-3.1071e+001	3.0999e+001	5.2500e-015
-7.320e+000	3.2349e-016	-6.2938e+001	-4.2748e+001	4.2642e+001	5.2500e-015
-7.310e+000	4.5355e-016	-8.8250e+001	-5.9942e+001	5.9784e+001	5.2500e-015
-7.300e+000	6.4515e-016	-1.2552e+002	-8.5254e+001	8.5021e+001	5.2500e-015
-7.290e+000	9.2707e-016	-1.8039e+002	-1.2252e+002	1.2218e+002	5.2500e-015
-7.280e+000	1.3423e-015	-2.6117e+002	-1.7739e+002	1.7688e+002	5.2500e-015
-7.270e+000	1.9536e-015	-3.8011e+002	-2.5818e+002	2.5742e+002	5.2500e-015
-7.260e+000	2.8535e-015	-5.5522e+002	-3.7711e+002	3.7600e+002	5.2500e-015
-7.250e+000	4.1786e-015	-8.1302e+002	-5.5222e+002	5.5059e+002	5.2500e-015
-7.240e+000	6.1294e-015	-1.1926e+003	-8.1003e+002	8.0763e+002	5.2500e-015
-7.230e+000	9.0015e-015	-1.7514e+003	-1.1896e+003	1.1861e+003	5.2500e-015
-7.220e+000	1.3230e-014	-2.5742e+003	-1.7484e+003	1.7432e+003	5.2500e-015
-7.210e+000	1.9456e-014	-3.7855e+003	-2.5712e+003	2.5635e+003	5.2500e-015
-7.200e+000	2.8622e-014	-5.5690e+003	-3.7826e+003	3.7712e+003	5.2500e-015
-7.190e+000	4.2117e-014	-8.1948e+003	-5.5660e+003	5.5494e+003	5.2500e-015
-7.180e+000	6.1986e-014	-1.2061e+004	-8.1918e+003	8.1673e+003	5.2500e-015
-7.170e+000	9.1239e-014	-1.7752e+004	-1.2058e+004	1.2022e+004	5.2500e-015
-7.160e+000	1.3431e-013	-2.6132e+004	-1.7749e+004	1.7696e+004	5.2500e-015
-7.150e+000	1.9771e-013	-3.8469e+004	-2.6129e+004	2.6051e+004	5.2500e-015
-7.140e+000	2.9107e-013	-5.6633e+004	-3.8466e+004	3.8351e+004	5.2500e-015
-7.130e+000	4.2851e-013	-8.3376e+004	-5.6630e+004	5.6461e+004	5.2500e-015
-7.120e+000	6.3086e-013	-1.2275e+005	-8.3373e+004	8.3123e+004	5.2500e-015
-7.110e+000	9.2878e-013	-1.8071e+005	-1.2275e+005	1.2238e+005	5.2500e-015
-7.100e+000	1.3674e-012	-2.6606e+005	-1.8071e+005	1.8017e+005	5.2500e-015
-7.090e+000	2.0131e-012	-3.9170e+005	-2.6605e+005	2.6526e+005	5.2500e-015
-7.080e+000	2.9637e-012	-5.7668e+005	-3.9170e+005	3.9052e+005	5.2500e-015
-7.070e+000	4.3631e-012	-8.4900e+005	-5.7667e+005	5.7495e+005	5.2500e-015
-7.060e+000	6.4231e-012	-1.2499e+006	-8.4899e+005	8.4645e+005	5.2500e-015
-7.050e+000	9.4553e-012	-1.8400e+006	-1.2499e+006	1.2461e+006	5.2500e-015
-7.040e+000	1.3918e-011	-2.7087e+006	-1.8400e+006	1.8345e+006	5.2500e-015
-7.030e+000	2.0485e-011	-3.9873e+006	-2.7087e+006	2.7006e+006	5.2500e-015
-7.020e+000	3.0146e-011	-5.8689e+006	-3.9873e+006	3.9754e+006	5.2500e-015
-7.010e+000	4.4355e-011	-8.6373e+006	-5.8689e+006	5.8513e+006	5.2500e-015
-7.000e+000	6.5240e-011	-1.2709e+007	-8.6373e+006	8.6114e+006	5.2500e-015
-6.990e+000	9.5914e-011	-1.8696e+007	-1.2709e+007	1.2671e+007	5.2500e-015
-6.980e+000	1.4092e-010	-2.7491e+007	-1.8696e+007	1.8640e+007	5.2500e-015
-6.970e+000	2.0684e-010	-4.0401e+007	-2.7491e+007	2.7409e+007	5.2500e-015
-6.960e+000	3.0316e-010	-5.9322e+007	-4.0401e+007	4.0280e+007	5.2500e-015
-6.950e+000	4.4342e-010	-8.6998e+007	-5.9322e+007	5.9145e+007	5.2500e-015
-6.940e+000	6.4664e-010	-1.2736e+008	-8.6998e+007	8.6739e+007	5.2500e-015
-6.930e+000	9.3903e-010	-1.8597e+008	-1.2736e+008	1.2698e+008	5.2500e-015
-6.920e+000	1.3555e-009	-2.7057e+008	-1.8597e+008	1.8542e+008	5.2500e-015
-6.910e+000	1.9407e-009	-3.9170e+008	-2.7057e+008	2.6977e+008	5.2500e-015
-6.900e+000	2.7479e-009	-5.6321e+008	-3.9170e+008	3.9055e+008	5.2500e-015
-6.890e+000	3.8356e-009	-8.0261e+008	-5.6321e+008	5.6158e+008	5.2500e-015
-6.880e+000	5.2596e-009	-1.1309e+009	-8.0261e+008	8.0032e+008	5.2500e-015
-6.870e+000	7.0636e-009	-1.5718e+009	-1.1309e+009	1.1277e+009	5.2500e-015
-6.860e+000	9.2712e-009	-2.1504e+009	-1.5718e+009	1.5675e+009	5.2500e-015
-6.850e+000	1.1885e-008	-2.8922e+009	-2.1504e+009	2.1447e+009	5.2500e-015
-6.840e+000	1.4895e-008	-3.8219e+009	-2.8922e+009	2.8849e+009	5.2500e-015
-6.830e+000	1.8292e-008	-4.9636e+009	-3.8219e+009	3.8127e+009	5.2500e-015
-6.820e+000	2.2077e-008	-6.3415e+009	-4.9636e+009	4.9523e+009	5.2500e-015
-6.810e+000	2.6270e-008	-7.9811e+009	-6.3415e+009	6.3281e+009	5.2500e-015
-6.800e+000	3.0903e-008	-9.9100e+009	-7.9811e+009	7.9655e+009	5.2500e-015
-6.790e+000	3.6017e-008	-1.2158e+010	-9.9100e+009	9.8921e+009	5.2500e-015
-6.780e+000	4.1649e-008	-1.4758e+010	-1.2158e+010	1.2138e+010	5.2500e-015
-6.770e+000	4.7826e-008	-1.7743e+010	-1.4758e+010	1.4735e+010	5.2500e-015
-6.760e+000	5.4556e-008	-2.1148e+010	-1.7743e+010	1.7719e+010	5.2500e-015
-6.750e+000	6.1826e-008	-2.5007e+010	-2.1148e+010	2.1122e+010	5.2500e-015
-6.740e+000	6.9596e-008	-2.9350e+010	-2.5007e+010	2.4979e+010	5.2500e-015
-6.730e+000	7.7806e-008	-3.4207e+010	-2.9350e+010	2.9322e+010	5.2500e-015
-6.720e+000	8.6375e-008	-3.9598e+010	-3.4207e+010	3.4177e+010	5.2500e-015
-6.710e+000	9.5207e-008	-4.5540e+010	-3.9598e+010	3.9567e+010	5.2500e-015
-6.700e+000	1.0420e-007	-5.2044e+010	-4.5540e+010	4.5508e+010	5.2500e-015
-6.690e+000	1.1325e-007	-5.9112e+010	-5.2044e+010	5.2011e+010	5.2500e-015
-6.680e+000	1.2225e-007	-6.6742e+010	-5.9112e+010	5.9078e+010	5.2500e-015
-6.670e+000	1.3112e-007	-7.4926e+010	-6.6742e+010	6.6708e+010	5.2500e-015
-6.660e+000	1.3978e-007	-8.3651e+010	-7.4926e+010	7.4891e+010	5.2500e-015
-6.650e+000	1.4817e-007	-9.2899e+010	-8.3651e+010	8.3615e+010	5.2500e-015
-6.640e+000	1.5624e-007	-1.0265e+011	-9.2899e+010	9.2863e+010	5.2500e-015
-6.630e+000	1.6353e-007	-1.1286e+011	-1.0265e+011	1.0261e+011	5.2500e-015
-6.620e+000	1.7078e-007	-1.2352e+011	-1.1286e+011	1.1282e+011	5.2500e-015
-6.610e+000	1.7766e-007	-1.3461e+011	-1.2352e+011	1.2348e+011	5.2500e-015
-6.600e+000	1.8428e-007	-1.4611e+011	-1.3461e+011	1.3457e+011	5.2500e-015
-6.590e+000	1.9028e-007	-1.5798e+011	-1.4611e+011	1.4607e+011	5.2500e-015
-6.580e+000	1.9613e-007	-1.7022e+011	-1.5798e+011	1.5795e+011	5.2500e-015
-6.570e+000	2.0152e-007	-1.8280e+011	-1.7022e+011	1.7019e+011	5.2500e-015
-6.560e+000	2.0657e-007	-1.9570e+011	-1.8280e+011	1.8276e+011	5.2500e-015
-6.550e+000	2.1129e-007	-2.0888e+011	-1.9570e+011	1.9566e+011	5.2500e-015
-6.540e+000	2.1572e-007	-2.2235e+011	-2.0888e+011	2.0885e+011	5.2500e-015
-6.530e+000	2.1991e-007	-2.3607e+011	-2.2235e+011	2.2231e+011	5.2500e-015
-6.520e+000	2.2372e-007	-2.5004e+011	-2.3607e+011	2.3603e+011	5.2500e-015
-6.510e+000	2.2734e-007	-2.6423e+011	-2.5004e+011	2.5000e+011	5.2500e-015
-6.500e+000	2.3078e-007	-2.7863e+011	-2.6423e+011	2.6419e+011	5.2500e-015
-6.490e+000	2.3391e-007	-2.9323e+011	-2.7863e+011	2.7859e+011	5.2500e-015
-6.480e+000	2.3692e-007	-3.0802e+011	-2.9323e+011	2.9319e+011	5.2500e-015
-6.470e+000	2.3968e-007	-3.2298e+011	-3.0802e+011	3.0798e+011	5.2500e-015
-6.460e+000	2.4233e-007	-3.3810e+011	-3.2298e+011	3.2294e+011	5.2500e-015
-6.450e+000	2.4478e-007	-3.5338e+011	-3.3810e+011	3.3806e+011	5.2500e-015
-6.440e+000	2.4707e-007	-3.6880e+011	-3.5338e+011	3.5334e+011	5.2500e-015
-6.430e+000	2.4927e-007	-3.8436e+011	-3.6880e+011	3.6876e+011	5.2500e-015
-6.420e+000	2.5131e-007	-4.0004e+011	-3.8436e+011	3.8432e+011	5.2500e-015
-6.410e+000	2.5324e-007	-4.1585e+011	-4.0004e+011	4.0000e+011	5.2500e-015
-6.400e+000	2.5504e-007	-4.3177e+011	-4.1585e+011	4.1581e+011	5.2500e-015
-6.390e+000	2.5678e-007	-4.4779e+011	-4.3177e+011	4.3173e+011	5.2500e-015
-6.380e+000	2.5840e-007	-4.6392e+011	-4.4779e+011	4.4776e+011	5.2500e-015
-6.370e+000	2.5993e-007	-4.8015e+011	-4.6392e+011	4.6388e+011	5.2500e-015
-6.360e+000	2.6137e-007	-4.9646e+011	-4.8015e+011	4.8011e+011	5.2500e-015
-6.350e+000	2.6276e-007	-5.1286e+011	-4.9646e+011	4.9642e+011	5.2500e-015
-6.340e+000	2.6407e-007	-5.2934e+011	-5.1286e+011	5.1282e+011	5.2500e-015
-6.330e+000	2.6530e-007	-5.4590e+011	-5.2934e+011	5.2930e+011	5.2500e-015
-6.320e+000	2.6648e-007	-5.6253e+011	-5.4590e+011	5.4586e+011	5.2500e-015
-6.310e+000	2.6759e-007	-5.7923e+011	-5.6253e+011	5.6249e+011	5.2500e-015
-6.300e+000	2.6864e-007	-5.9600e+011	-5.7923e+011	5.7920e+011	5.2500e-015
-6.290e+000	2.6967e-007	-6.1283e+011	-5.9600e+011	5.9596e+011	5.2500e-015
-6.280e+000	2.7063e-007	-6.2972e+011	-6.1283e+011	6.1279e+011	5.2500e-015
-6.270e+000	2.7155e-007	-6.4667e+011	-6.2972e+011	6.2969e+011	5.2500e-015
-6.260e+000	2.7242e-007	-6.6368e+011	-6.4667e+011	6.4663e+011	5.2500e-015
-6.250e+000	2.7326e-007	-6.8073e+011	-6.6368e+011	6.6364e+011	5.2500e-015
-6.240e+000	2.7406e-007	-6.9784e+011	-6.8073e+011	6.8069e+011	5.2500e-015
-6.230e+000	2.7482e-007	-7.1499e+011	-6.9784e+011	6.9780e+011	5.2500e-015
-6.220e+000	2.7554e-007	-7.3219e+011	-7.1499e+011	7.1495e+011	5.2500e-015
-6.210e+000	2.7625e-007	-7.4943e+011	-7.3219e+011	7.3215e+011	5.2500e-015
-6.200e+000	2.7692e-007	-7.6672e+011	-7.4943e+011	7.4939e+011	5.2500e-015
-6.190e+000	2.7756e-007	-7.8404e+011	-7.6672e+011	7.6668e+011	5.2500e-015
-6.180e+000	2.7818e-007	-8.0140e+011	-7.8404e+011	7.8400e+011	5.2500e-015
-6.170e+000	2.7877e-007	-8.1880e+011	-8.0140e+011	8.0136e+011	5.2500e-015
-6.160e+000	2.7934e-007	-8.3624e+011	-8.1880e+011	8.1876e+011	5.2500e-015
-6.150e+000	2.7988e-007	-8.5370e+011	-8.3624e+011	8.3620e+011	5.2500e-015
-6.140e+000	2.8041e-007	-8.7121e+011	-8.5370e+011	8.5367e+011	5.2500e-015
-6.130e+000	2.8091e-007	-8.8874e+011	-8.7121e+011	8.7117e+011	5.2500e-015
-6.120e+000	2.8140e-007	-9.0630e+011	-8.8874e+011	8.8870e+011	5.2500e-015
-6.110e+000	2.8186e-007	-9.2390e+011	-9.0630e+011	9.0626e+011	5.2500e-015
-6.100e+000	2.8231e-007	-9.4152e+011	-9.2390e+011	9.2386e+011	5.2500e-015
-6.090e+000	2.8275e-007	-9.5916e+011	-9.4152e+011	9.4148e+011	5.2500e-015
-6.080e+000	2.8316e-007	-9.7684e+011	-9.5916e+011	9.5912e+011	5.2500e-015
-6.070e+000	2.8357e-007	-9.9454e+011	-9.7684e+011	9.7680e+011	5.2500e-015
-6.060e+000	2.8396e-007	-1.0123e+012	-9.9454e+011	9.9450e+011	5.2500e-015
-6.050e+000	2.8433e-007	-1.0300e+012	-1.0123e+012	1.0122e+012	5.2500e-015
-6.040e+000	2.8470e-007	-1.0478e+012	-1.0300e+012	1.0300e+012	5.2500e-015
-6.030e+000	2.8505e-007	-1.0656e+012	-1.0478e+012	1.0477e+012	5.2500e-015
-6.020e+000	2.8539e-007	-1.0834e+012	-1.0656e+012	1.0655e+012	5.2500e-015
-6.010e+000	2.8572e-007	-1.1012e+012	-1.0834e+012	1.0833e+012	5.2500e-015
-6.000e+000	2.8603e-007	-1.1191e+012	-1.1012e+012	1.1012e+012	5.2500e-015
-5.990e+000	2.8634e-007	-1.1369e+012	-1.1191e+012	1.1190e+012	5.2500e-015
-5.980e+000	2.8664e-007	-1.1548e+012	-1.1369e+012	1.1369e+012	5.2500e-015
-5.970e+000	2.8693e-007	-1.1727e+012	-1.1548e+012	1.1548e+012	5.2500e-015
-5.960e+000	2.8721e-007	-1.1907e+012	-1.1727e+012	1.1727e+012	5.2500e-015
-5.950e+000	2.8748e-007	-1.2086e+012	-1.1907e+012	1.1906e+012	5.2500e-015
-5.940e+000	2.8775e-007	-1.2266e+012	-1.2086e+012	1.2086e+012	5.2500e-015
-5.930e+000	2.8800e-007	-1.2445e+012	-1.2266e+012	1.2265e+012	5.2500e-015
-5.920e+000	2.8825e-007	-1.2625e+012	-1.2445e+012	1.2445e+012	5.2500e-015
-5.910e+000	2.8849e-007	-1.2805e+012	-1.2625e+012	1.2625e+012	5.2500e-015
-5.900e+000	2.8873e-007	-1.2986e+012	-1.2805e+012	1.2805e+012	5.2500e-015
-5.890e+000	2.8896e-007	-1.3166e+012	-1.2986e+012	1.2985e+012	5.2500e-015
-5.880e+000	2.8918e-007	-1.3346e+012	-1.3166e+012	1.3166e+012	5.2500e-015
-5.870e+000	2.8940e-007	-1.3527e+012	-1.3346e+012	1.3346e+012	5.2500e-015
-5.860e+000	2.8961e-007	-1.3708e+012	-1.3527e+012	1.3527e+012	5.2500e-015
-5.850e+000	2.8981e-007	-1.3889e+012	-1.3708e+012	1.3707e+012	5.2500e-015
-5.840e+000	2.9001e-007	-1.4070e+012	-1.3889e+012	1.3888e+012	5.2500e-015
-5.830e+000	2.9020e-007	-1.4251e+012	-1.4070e+012	1.4069e+012	5.2500e-015
-5.820e+000	2.9039e-007	-1.4432e+012	-1.4251e+012	1.4250e+012	5.2500e-015
-5.810e+000	2.9058e-007	-1.4613e+012	-1.4432e+012	1.4432e+012	5.2500e-015
-5.800e+000	2.9076e-007	-1.4795e+012	-1.4613e+012	1.4613e+012	5.2500e-015
-5.790e+000	2.9093e-007	-1.4977e+012	-1.4795e+012	1.4795e+012	5.2500e-015
-5.780e+000	2.9110e-007	-1.5158e+012	-1.4977e+012	1.4976e+012	5.2500e-015
-5.770e+000	2.9127e-007	-1.5340e+012	-1.5158e+012	1.5158e+012	5.2500e-015
-5.760e+000	2.9143e-007	-1.5522e+012	-1.5340e+012	1.5340e+012	5.2500e-015
-5.750e+000	2.9159e-007	-1.5704e+012	-1.5522e+012	1.5522e+012	5.2500e-015
-5.740e+000	2.9175e-007	-1.5886e+012	-1.5704e+012	1.5704e+012	5.2500e-015
-5.730e+000	2.9190e-007	-1.6068e+012	-1.5886e+012	1.5886e+012	5.2500e-015
-5.720e+000	2.9205e-007	-1.6250e+012	-1.6068e+012	1.6068e+012	5.2500e-015
-5.710e+000	2.9219e-007	-1.6433e+012	-1.6250e+012	1.6250e+012	5.2500e-015
-5.700e+000	2.9233e-007	-1.6615e+012	-1.6433e+012	1.6432e+012	5.2500e-015
-5.690e+000	2.9247e-007	-1.6798e+012	-1.6615e+012	1.6615e+012	5.2500e-015
-5.680e+000	2.9261e-007	-1.6980e+012	-1.6798e+012	1.6797e+012	5.2500e-015
-5.670e+000	2.9274e-007	-1.7163e+012	-1.6980e+012	1.6980e+012	5.2500e-015
-5.660e+000	2.9287e-007	-1.7346e+012	-1.7163e+012	1.7163e+012	5.2500e-015
-5.650e+000	2.9300e-007	-1.7529e+012	-1.7346e+012	1.7346e+012	5.2500e-015
-5.640e+000	2.9312e-007	-1.7712e+012	-1.7529e+012	1.7528e+012	5.2500e-015
-5.630e+000	2.9324e-007	-1.7895e+012	-1.7712e+012	1.7711e+012	5.2500e-015
-5.620e+000	2.9336e-007	-1.8078e+012	-1.7895e+012	1.7894e+012	5.2500e-015
-5.610e+000	2.9348e-007	-1.8261e+012	-1.8078e+012	1.8078e+012	5.2500e-015
-5.600e+000	2.9360e-007	-1.8444e+012	-1.8261e+012	1.8261e+012	5.2500e-015
-5.590e+000	2.9371e-007	-1.8628e+012	-1.8444e+012	1.8444e+012	5.2500e-015
-5.580e+000	2.9382e-007	-1.8811e+012	-1.8628e+012	1.8627e+012	5.2500e-015
-5.570e+000	2.9392e-007	-1.8995e+012	-1.8811e+012	1.8811e+012	5.2500e-015
-5.560e+000	2.9403e-007	-1.9178e+012	-1.8995e+012	1.8994e+012	5.2500e-015
-5.550e+000	2.9414e-007	-1.9362e+012	-1.9178e+012	1.9178e+012	5.2500e-015
-5.540e+000	2.9424e-007	-1.9545e+012	-1.9362e+012	1.9361e+012	5.2500e-015
-5.530e+000	2.9434e-007	-1.9729e+012	-1.9545e+012	1.9545e+012	5.2500e-015
-5.520e+000	2.9444e-007	-1.9913e+012	-1.9729e+012	1.9729e+012	5.2500e-015
-5.510e+000	2.9453e-007	-2.0097e+012	-1.9913e+012	1.9912e+012	5.2500e-015
-5.500e+000	2.9463e-007	-2.0280e+012	-2.0097e+012	2.0096e+012	5.2500e-015
-5.490e+000	2.9472e-007	-2.0464e+012	-2.0280e+012	2.0280e+012	5.2500e-015
-5.480e+000	2.9481e-007	-2.0648e+012	-2.0464e+012	2.0464e+012	5.2500e-015
-5.470e+000	2.9490e-007	-2.0833e+012	-2.0648e+012	2.0648e+012	5.2500e-015
-5.460e+000	2.9499e-007	-2.1017e+012	-2.0833e+012	2.0832e+012	5.2500e-015
-5.450e+000	2.9508e-007	-2.1201e+012	-2.1017e+012	2.1016e+012	5.2500e-015
-5.440e+000	2.9516e-007	-2.1385e+012	-2.1201e+012	2.1200e+012	5.2500e-015
-5.430e+000	2.9524e-007	-2.1569e+012	-2.1385e+012	2.1385e+012	5.2500e-015
-5.420e+000	2.9533e-007	-2.1754e+012	-2.1569e+012	2.1569e+012	5.2500e-015
-5.410e+000	2.9541e-007	-2.1938e+012	-2.1754e+012	2.1753e+012	5.2500e-015
-5.400e+000	2.9549e-007	-2.2122e+012	-2.1938e+012	2.1938e+012	5.2500e-015
-5.390e+000	2.9557e-007	-2.2307e+012	-2.2122e+012	2.2122e+012	5.2500e-015
-5.380e+000	2.9564e-007	-2.2491e+012	-2.2307e+012	2.2307e+012	5.2500e-015
-5.370e+000	2.9572e-007	-2.2676e+012	-2.2491e+012	2.2491e+012	5.2500e-015
-5.360e+000	2.9579e-007	-2.2861e+012	-2.2676e+012	2.2676e+012	5.2500e-015
-5.350e+000	2.9587e-007	-2.3045e+012	-2.2861e+012	2.2860e+012	5.2500e-015
-5.340e+000	2.9594e-007	-2.3230e+012	-2.3045e+012	2.3045e+012	5.2500e-015
-5.330e+000	2.9601e-007	-2.3415e+012	-2.3230e+012	2.3230e+012	5.2500e-015
-5.320e+000	2.9608e-007	-2.3600e+012	-2.3415e+012	2.3414e+012	5.2500e-015
-5.310e+000	2.9615e-007	-2.3784e+012	-2.3600e+012	2.3599e+012	5.2500e-015
-5.300e+000	2.9622e-007	-2.3969e+012	-2.3784e+012	2.3784e+012	5.2500e-015
-5.290e+000	2.9629e-007	-2.4154e+012	-2.3969e+012	2.3969e+012	5.2500e-015
-5.280e+000	2.9635e-007	-2.4339e+012	-2.4154e+012	2.4154e+012	5.2500e-015
-5.270e+000	2.9642e-007	-2.4524e+012	-2.4339e+012	2.4339e+012	5.2500e-015
-5.260e+000	2.9648e-007	-2.4709e+012	-2.4524e+012	2.4524e+012	5.2500e-015
-5.250e+000	2.9655e-007	-2.4894e+012	-2.4709e+012	2.4709e+012	5.2500e-015
-5.240e+000	2.9661e-007	-2.5079e+012	-2.4894e+012	2.4894e+012	5.2500e-015
-5.230e+000	2.9667e-007	-2.5265e+012	-2.5079e+012	2.5079e+012	5.2500e-015
-5.220e+000	2.9673e-007	-2.5450e+012	-2.5265e+012	2.5264e+012	5.2500e-015
-5.210e+000	2.9679e-007	-2.5635e+012	-2.5450e+012	2.5449e+012	5.2500e-015
-5.200e+000	2.9685e-007	-2.5820e+012	-2.5635e+012	2.5635e+012	5.2500e-015
-5.190e+000	2.9691e-007	-2.6006e+012	-2.5820e+012	2.5820e+012	5.2500e-015
-5.180e+000	2.9697e-007	-2.6191e+012	-2.6006e+012	2.6005e+012	5.2500e-015
-5.170e+000	2.9702e-007	-2.6376e+012	-2.6191e+012	2.6191e+012	5.2500e-015
-5.160e+000	2.9708e-007	-2.6562e+012	-2.6376e+012	2.6376e+012	5.2500e-015
-5.150e+000	2.9713e-007	-2.6747e+012	-2.6562e+012	2.6561e+012	5.2500e-015
-5.140e+000	2.9719e-007	-2.6933e+012	-2.6747e+012	2.6747e+012	5.2500e-015
-5.130e+000	2.9724e-007	-2.7118e+012	-2.6933e+012	2.6932e+012	5.2500e-015
-5.120e+000	2.9730e-007	-2.7304e+012	-2.7118e+012	2.7118e+012	5.2500e-015
-5.110e+000	2.9735e-007	-2.7489e+012	-2.7304e+012	2.7303e+012	5.2500e-015
-5.100e+000	2.9740e-007	-2.7675e+012	-2.7489e+012	2.7489e+012	5.2500e-015
-5.090e+000	2.9745e-007	-2.7861e+012	-2.7675e+012	2.7675e+012	5.2500e-015
-5.080e+000	2.9750e-007	-2.8046e+012	-2.7861e+012	2.7860e+012	5.2500e-015
-5.070e+000	2.9755e-007	-2.8232e+012	-2.8046e+012	2.8046e+012	5.2500e-015
-5.060e+000	2.9760e-007	-2.8418e+012	-2.8232e+012	2.8232e+012	5.2500e-015
-5.050e+000	2.9765e-007	-2.8604e+012	-2.8418e+012	2.8417e+012	5.2500e-015
-5.040e+000	2.9770e-007	-2.8789e+012	-2.8604e+012	2.8603e+012	5.2500e-015
-5.030e+000	2.9775e-007	-2.8975e+012	-2.8789e+012	2.8789e+012	5.2500e-015
-5.020e+000	2.9779e-007	-2.9161e+012	-2.8975e+012	2.8975e+012	5.2500e-015
-5.010e+000	2.9784e-007	-2.9347e+012	-2.9161e+012	2.9161e+012	5.2500e-015
-5.000e+000	2.9789e-007	-2.9533e+012	-2.9347e+012	2.9347e+012	5.2500e-015
-4.990e+000	2.9793e-007	-2.9719e+012	-2.9533e+012	2.9533e+012	5.2500e-015
-4.980e+000	2.9798e-007	-2.9905e+012	-2.9719e+012	2.9719e+012	5.2500e-015
-4.970e+000	2.9802e-007	-3.0091e+012	-2.9905e+012	2.9905e+012	5.2500e-015
-4.960e+000	2.9807e-007	-3.0277e+012	-3.0091e+012	3.0091e+012	5.2500e-015
-4.950e+000	2.9811e-007	-3.0463e+012	-3.0277e+012	3.0277e+012	5.2500e-015
-4.940e+000	2.9815e-007	-3.0649e+012	-3.0463e+012	3.0463e+012	5.2500e-015
-4.930e+000	2.9820e-007	-3.0835e+012	-3.0649e+012	3.0649e+012	5.2500e-015
-4.920e+000	2.9824e-007	-3.1021e+012	-3.0835e+012	3.0835e+012	5.2500e-015
-4.910e+000	2.9828e-007	-3.1208e+012	-3.1021e+012	3.1021e+012	5.2500e-015
-4.900e+000	2.9832e-007	-3.1394e+012	-3.1208e+012	3.1207e+012	5.2500e-015
-4.890e+000	2.9836e-007	-3.1580e+012	-3.1394e+012	3.1393e+012	5.2500e-015
-4.880e+000	2.9840e-007	-3.1766e+012	-3.1580e+012	3.1580e+012	5.2500e-015
-4.870e+000	2.9844e-007	-3.1952e+012	-3.1766e+012	3.1766e+012	5.2500e-015
-4.860e+000	2.9848e-007	-3.2139e+012	-3.1952e+012	3.1952e+012	5.2500e-015
-4.850e+000	2.9852e-007	-3.2325e+012	-3.2139e+012	3.2138e+012	5.2500e-015
-4.840e+000	2.9856e-007	-3.2511e+012	-3.2325e+012	3.2325e+012	5.2500e-015
-4.830e+000	2.9860e-007	-3.2698e+012	-3.2511e+012	3.2511e+012	5.2500e-015
-4.820e+000	2.9864e-007	-3.2884e+012	-3.2698e+012	3.2697e+012	5.2500e-015
-4.810e+000	2.9868e-007	-3.3071e+012	-3.2884e+012	3.2884e+012	5.2500e-015
-4.800e+000	2.9871e-007	-3.3257e+012	-3.3071e+012	3.3070e+012	5.2500e-015
-4.790e+000	2.9875e-007	-3.3444e+012	-3.3257e+012	3.3257e+012	5.2500e-015
-4.780e+000	2.9879e-007	-3.3630e+012	-3.3444e+012	3.3443e+012	5.2500e-015
-4.770e+000	2.9882e-007	-3.3817e+012	-3.3630e+012	3.3630e+012	5.2500e-015
-4.760e+000	2.9886e-007	-3.4003e+012	-3.3817e+012	3.3816e+012	5.2500e-015
-4.750e+000	2.9890e-007	-3.4190e+012	-3.4003e+012	3.4003e+012	5.2500e-015
-4.740e+000	2.9893e-007	-3.4376e+012	-3.4190e+012	3.4189e+012	5.2500e-015
-4.730e+000	2.9897e-007	-3.4563e+012	-3.4376e+012	3.4376e+012	5.2500e-015
-4.720e+000	2.9900e-007	-3.4749e+012	-3.4563e+012	3.4562e+012	5.2500e-015
-4.710e+000	2.9904e-007	-3.4936e+012	-3.4749e+012	3.4749e+012	5.2500e-015
-4.700e+000	2.9907e-007	-3.5123e+012	-3.4936e+012	3.4936e+012	5.2500e-015
-4.690e+000	2.9910e-007	-3.5309e+012	-3.5123e+012	3.5122e+012	5.2500e-015
-4.680e+000	2.9914e-007	-3.5496e+012	-3.5309e+012	3.5309e+012	5.2500e-015
-4.670e+000	2.9917e-007	-3.5683e+012	-3.5496e+012	3.5496e+012	5.2500e-015
-4.660e+000	2.9920e-007	-3.5870e+012	-3.5683e+012	3.5682e+012	5.2500e-015
-4.650e+000	2.9924e-007	-3.6056e+012	-3.5870e+012	3.5869e+012	5.2500e-015
-4.640e+000	2.9927e-007	-3.6243e+012	-3.6056e+012	3.6056e+012	5.2500e-015
-4.630e+000	2.9930e-007	-3.6430e+012	-3.6243e+012	3.6243e+012	5.2500e-015
-4.620e+000	2.9933e-007	-3.6617e+012	-3.6430e+012	3.6430e+012	5.2500e-015
-4.610e+000	2.9936e-007	-3.6804e+012	-3.6617e+012	3.6616e+012	5.2500e-015
-4.600e+000	2.9939e-007	-3.6991e+012	-3.6804e+012	3.6803e+012	5.2500e-015
-4.590e+000	2.9943e-007	-3.7177e+012	-3.6991e+012	3.6990e+012	5.2500e-015
-4.580e+000	2.9946e-007	-3.7364e+012	-3.7177e+012	3.7177e+012	5.2500e-015
-4.570e+000	2.9949e-007	-3.7551e+012	-3.7364e+012	3.7364e+012	5.2500e-015
-4.560e+000	2.9952e-007	-3.7738e+012	-3.7551e+012	3.7551e+012	5.2500e-015
-4.550e+000	2.9955e-007	-3.7925e+012	-3.7738e+012	3.7738e+012	5.2500e-015
-4.540e+000	2.9958e-007	-3.8112e+012	-3.7925e+012	3.7925e+012	5.2500e-015
-4.530e+000	2.9961e-007	-3.8299e+012	-3.8112e+012	3.8112e+012	5.2500e-015
-4.520e+000	2.9964e-007	-3.8486e+012	-3.8299e+012	3.8299e+012	5.2500e-015
-4.510e+000	2.9966e-007	-3.8673e+012	-3.8486e+012	3.8486e+012	5.2500e-015
-4.500e+000	2.9969e-007	-3.8860e+012	-3.8673e+012	3.8673e+012	5.2500e-015
-4.490e+000	2.9972e-007	-3.9047e+012	-3.8860e+012	3.8860e+012	5.2500e-015
-4.480e+000	2.9975e-007	-3.9234e+012	-3.9047e+012	3.9047e+012	5.2500e-015
-4.470e+000	2.9978e-007	-3.9421e+012	-3.9234e+012	3.9234e+012	5.2500e-015
-4.460e+000	2.9981e-007	-3.9609e+012	-3.9421e+012	3.9421e+012	5.2500e-015
-4.450e+000	2.9983e-007	-3.9796e+012	-3.9609e+012	3.9608e+012	5.2500e-015
-4.440e+000	2.9986e-007	-3.9983e+012	-3.9796e+012	3.9795e+012	5.2500e-015
-4.430e+000	2.9989e-007	-4.0170e+012	-3.9983e+012	3.9983e+012	5.2500e-015
-4.420e+000	2.9992e-007	-4.0357e+012	-4.0170e+012	4.0170e+012	5.2500e-015
-4.410e+000	2.9994e-007	-4.0545e+012	-4.0357e+012	4.0357e+012	5.2500e-015
-4.400e+000	2.9997e-007	-4.0732e+012	-4.0545e+012	4.0544e+012	5.2500e-015
-4.390e+000	3.0000e-007	-4.0919e+012	-4.0732e+012	4.0731e+012	5.2500e-015
-4.380e+000	3.0002e-007	-4.1106e+012	-4.0919e+012	4.0919e+012	5.2500e-015
-4.370e+000	3.0005e-007	-4.1294e+012	-4.1106e+012	4.1106e+012	5.2500e-015
-4.360e+000	3.0008e-007	-4.1481e+012	-4.1294e+012	4.1293e+012	5.2500e-015
-4.350e+000	3.0010e-007	-4.1668e+012	-4.1481e+012	4.1480e+012	5.2500e-015
-4.340e+000	3.0013e-007	-4.1855e+012	-4.1668e+012	4.1668e+012	5.2500e-015
-4.330e+000	3.0015e-007	-4.2043e+012	-4.1855e+012	4.1855e+012	5.2500e-015
-4.320e+000	3.0018e-007	-4.2230e+012	-4.2043e+012	4.2042e+012	5.2500e-015
-4.310e+000	3.0020e-007	-4.2417e+012	-4.2230e+012	4.2230e+012	5.2500e-015
-4.300e+000	3.0023e-007	-4.2605e+012	-4.2417e+012	4.2417e+012	5.2500e-015
-4.290e+000	3.0025e-007	-4.2792e+012	-4.2605e+012	4.2604e+012	5.2500e-015
-4.280e+000	3.0028e-007	-4.2980e+012	-4.2792e+012	4.2792e+012	5.2500e-015
-4.270e+000	3.0030e-007	-4.3167e+012	-4.2980e+012	4.2979e+012	5.2500e-015
-4.260e+000	3.0033e-007	-4.3355e+012	-4.3167e+012	4.3167e+012	5.2500e-015
-4.250e+000	3.0035e-007	-4.3542e+012	-4.3355e+012	4.3354e+012	5.2500e-015
-4.240e+000	3.0037e-007	-4.3730e+012	-4.3542e+012	4.3542e+012	5.2500e-015
-4.230e+000	3.0040e-007	-4.3917e+012	-4.3730e+012	4.3729e+012	5.2500e-015
-4.220e+000	3.0042e-007	-4.4105e+012	-4.3917e+012	4.3917e+012	5.2500e-015
-4.210e+000	3.0044e-007	-4.4292e+012	-4.4105e+012	4.4104e+012	5.2500e-015
-4.200e+000	3.0047e-007	-4.4480e+012	-4.4292e+012	4.4292e+012	5.2500e-015
-4.190e+000	3.0049e-007	-4.4667e+012	-4.4480e+012	4.4479e+012	5.2500e-015
-4.180e+000	3.0051e-007	-4.4855e+012	-4.4667e+012	4.4667e+012	5.2500e-015
-4.170e+000	3.0054e-007	-4.5042e+012	-4.4855e+012	4.4854e+012	5.2500e-015
-4.160e+000	3.0056e-007	-4.5230e+012	-4.5042e+012	4.5042e+012	5.2500e-015
-4.150e+000	3.0058e-007	-4.5417e+012	-4.5230e+012	4.5229e+012	5.2500e-015
-4.140e+000	3.0060e-007	-4.5605e+012	-4.5417e+012	4.5417e+012	5.2500e-015
-4.130e+000	3.0063e-007	-4.5793e+012	-4.5605e+012	4.5605e+012	5.2500e-015
-4.120e+000	3.0065e-007	-4.5980e+012	-4.5793e+012	4.5792e+012	5.2500e-015
-4.110e+000	3.0067e-007	-4.6168e+012	-4.5980e+012	4.5980e+012	5.2500e-015
-4.100e+000	3.0069e-007	-4.6356e+012	-4.6168e+012	4.6168e+012	5.2500e-015
-4.090e+000	3.0071e-007	-4.6543e+012	-4.6356e+012	4.6355e+012	5.2500e-015
-4.080e+000	3.0074e-007	-4.6731e+012	-4.6543e+012	4.6543e+012	5.2500e-015
-4.070e+000	3.0076e-007	-4.6919e+012	-4.6731e+012	4.6731e+012	5.2500e-015
-4.060e+000	3.0078e-007	-4.7107e+012	-4.6919e+012	4.6918e+012	5.2500e-015
-4.050e+000	3.0080e-007	-4.7294e+012	-4.7107e+012	4.7106e+012	5.2500e-015
-4.040e+000	3.0082e-007	-4.7482e+012	-4.7294e+012	4.7294e+012	5.2500e-015
-4.030e+000	3.0084e-007	-4.7670e+012	-4.7482e+012	4.7482e+012	5.2500e-015
-4.020e+000	3.0086e-007	-4.7858e+012	-4.7670e+012	4.7669e+012	5.2500e-015
-4.010e+000	3.0088e-007	-4.8045e+012	-4.7858e+012	4.7857e+012	5.2500e-015
-4.000e+000	3.0090e-007	-4.8233e+012	-4.8045e+012	4.8045e+012	5.2500e-015
-3.990e+000	3.0093e-007	-4.8421e+012	-4.8233e+012	4.8233e+012	5.2500e-015
-3.980e+000	3.0095e-007	-4.8609e+012	-4.8421e+012	4.8421e+012	5.2500e-015
-3.970e+000	3.0097e-007	-4.8797e+012	-4.8609e+012	4.8608e+012	5.2500e-015
-3.960e+000	3.0099e-007	-4.8985e+012	-4.8797e+012	4.8796e+012	5.2500e-015
-3.950e+000	3.0101e-007	-4.9172e+012	-4.8985e+012	4.8984e+012	5.2500e-015
-3.940e+000	3.0103e-007	-4.9360e+012	-4.9172e+012	4.9172e+012	5.2500e-015
-3.930e+000	3.0105e-007	-4.9548e+012	-4.9360e+012	4.9360e+012	5.2500e-015
-3.920e+000	3.0107e-007	-4.9736e+012	-4.9548e+012	4.9548e+012	5.2500e-015
-3.910e+000	3.0108e-007	-4.9924e+012	-4.9736e+012	4.9736e+012	5.2500e-015
-3.900e+000	3.0110e-007	-5.0112e+012	-4.9924e+012	4.9924e+012	5.2500e-015
-3.890e+000	3.0112e-007	-5.0300e+012	-5.0112e+012	5.0112e+012	5.2500e-015
-3.880e+000	3.0114e-007	-5.0488e+012	-5.0300e+012	5.0300e+012	5.2500e-015
-3.870e+000	3.0116e-007	-5.0676e+012	-5.0488e+012	5.0488e+012	5.2500e-015
-3.860e+000	3.0118e-007	-5.0864e+012	-5.0676e+012	5.0676e+012	5.2500e-015
-3.850e+000	3.0120e-007	-5.1052e+012	-5.0864e+012	5.0863e+012	5.2500e-015
-3.840e+000	3.0122e-007	-5.1240e+012	-5.1052e+012	5.1051e+012	5.2500e-015
-3.830e+000	3.0124e-007	-5.1428e+012	-5.1240e+012	5.1239e+012	5.2500e-015
-3.820e+000	3.0126e-007	-5.1616e+012	-5.1428e+012	5.1428e+012	5.2500e-015
-3.810e+000	3.0128e-007	-5.1804e+012	-5.1616e+012	5.1616e+012	5.2500e-015
-3.800e+000	3.0129e-007	-5.1992e+012	-5.1804e+012	5.1804e+012	5.2500e-015
-3.790e+000	3.0131e-007	-5.2180e+012	-5.1992e+012	5.1992e+012	5.2500e-015
-3.780e+000	3.0133e-007	-5.2368e+012	-5.2180e+012	5.2180e+012	5.2500e-015
-3.770e+000	3.0135e-007	-5.2556e+012	-5.2368e+012	5.2368e+012	5.2500e-015
-3.760e+000	3.0137e-007	-5.2744e+012	-5.2556e+012	5.2556e+012	5.2500e-015
-3.750e+000	3.0138e-007	-5.2932e+012	-5.2744e+012	5.2744e+012	5.2500e-015
-3.740e+000	3.0140e-007	-5.3121e+012	-5.2932e+012	5.2932e+012	5.2500e-015
-3.730e+000	3.0142e-007	-5.3309e+012	-5.3121e+012	5.3120e+012	5.2500e-015
-3.720e+000	3.0144e-007	-5.3497e+012	-5.3309e+012	5.3308e+012	5.2500e-015
-3.710e+000	3.0146e-007	-5.3685e+012	-5.3497e+012	5.3496e+012	5.2500e-015
-3.700e+000	3.0147e-007	-5.3873e+012	-5.3685e+012	5.3685e+012	5.2500e-015
-3.690e+000	3.0149e-007	-5.4061e+012	-5.3873e+012	5.3873e+012	5.2500e-015
-3.680e+000	3.0151e-007	-5.4250e+012	-5.4061e+012	5.4061e+012	5.2500e-015
-3.670e+000	3.0153e-007	-5.4438e+012	-5.4250e+012	5.4249e+012	5.2500e-015
-3.660e+000	3.0154e-007	-5.4626e+012	-5.4438e+012	5.4437e+012	5.2500e-015
-3.650e+000	3.0156e-007	-5.4814e+012	-5.4626e+012	5.4626e+012	5.2500e-015
-3.640e+000	3.0158e-007	-5.5002e+012	-5.4814e+012	5.4814e+012	5.2500e-015
-3.630e+000	3.0159e-007	-5.5191e+012	-5.5002e+012	5.5002e+012	5.2500e-015
-3.620e+000	3.0161e-007	-5.5379e+012	-5.5191e+012	5.5190e+012	5.2500e-015
-3.610e+000	3.0163e-007	-5.5567e+012	-5.5379e+012	5.5378e+012	5.2500e-015
-3.600e+000	3.0164e-007	-5.5755e+012	-5.5567e+012	5.5567e+012	5.2500e-015
-3.590e+000	3.0166e-007	-5.5944e+012	-5.5755e+012	5.5755e+012	5.2500e-015
-3.580e+000	3.0168e-007	-5.6132e+012	-5.5944e+012	5.5943e+012	5.2500e-015
-3.570e+000	3.0169e-007	-5.6320e+012	-5.6132e+012	5.6132e+012	5.2500e-015
-3.560e+000	3.0171e-007	-5.6509e+012	-5.6320e+012	5.6320e+012	5.2500e-015
-3.550e+000	3.0173e-007	-5.6697e+012	-5.6509e+012	5.6508e+012	5.2500e-015
-3.540e+000	3.0174e-007	-5.6885e+012	-5.6697e+012	5.6697e+012	5.2500e-015
-3.530e+000	3.0176e-007	-5.7074e+012	-5.6885e+012	5.6885e+012	5.2500e-015
-3.520e+000	3.0177e-007	-5.7262e+012	-5.7074e+012	5.7073e+012	5.2500e-015
-3.510e+000	3.0179e-007	-5.7450e+012	-5.7262e+012	5.7262e+012	5.2500e-015
-3.500e+000	3.0181e-007	-5.7639e+012	-5.7450e+012	5.7450e+012	5.2500e-015
-3.490e+000	3.0182e-007	-5.7827e+012	-5.7639e+012	5.7638e+012	5.2500e-015
-3.480e+000	3.0184e-007	-5.8015e+012	-5.7827e+012	5.7827e+012	5.2500e-015
-3.470e+000	3.0185e-007	-5.8204e+012	-5.8015e+012	5.8015e+012	5.2500e-015
-3.460e+000	3.0187e-007	-5.8392e+012	-5.8204e+012	5.8203e+012	5.2500e-015
-3.450e+000	3.0189e-007	-5.8581e+012	-5.8392e+012	5.8392e+012	5.2500e-015
-3.440e+000	3.0190e-007	-5.8769e+012	-5.8581e+012	5.8580e+012	5.2500e-015
-3.430e+000	3.0192e-007	-5.8958e+012	-5.8769e+012	5.8769e+012	5.2500e-015
-3.420e+000	3.0193e-007	-5.9146e+012	-5.8958e+012	5.8957e+012	5.2500e-015
-3.410e+000	3.0195e-007	-5.9334e+012	-5.9146e+012	5.9146e+012	5.2500e-015
-3.400e+000	3.0196e-007	-5.9523e+012	-5.9334e+012	5.9334e+012	5.2500e-015
-3.390e+000	3.0198e-007	-5.9711e+012	-5.9523e+012	5.9523e+012	5.2500e-015
-3.380e+000	3.0199e-007	-5.9900e+012	-5.9711e+012	5.9711e+012	5.2500e-015
-3.370e+000	3.0201e-007	-6.0088e+012	-5.9900e+012	5.9899e+012	5.2500e-015
-3.360e+000	3.0202e-007	-6.0277e+012	-6.0088e+012	6.0088e+012	5.2500e-015
-3.350e+000	3.0204e-007	-6.0465e+012	-6.0277e+012	6.0277e+012	5.2500e-015
-3.340e+000	3.0205e-007	-6.0654e+012	-6.0465e+012	6.0465e+012	5.2500e-015
-3.330e+000	3.0207e-007	-6.0842e+012	-6.0654e+012	6.0654e+012	5.2500e-015
-3.320e+000	3.0208e-007	-6.1031e+012	-6.0842e+012	6.0842e+012	5.2500e-015
-3.310e+000	3.0210e-007	-6.1220e+012	-6.1031e+012	6.1031e+012	5.2500e-015
-3.300e+000	3.0211e-007	-6.1408e+012	-6.1220e+012	6.1219e+012	5.2500e-015
-3.290e+000	3.0213e-007	-6.1597e+012	-6.1408e+012	6.1408e+012	5.2500e-015
-3.280e+000	3.0214e-007	-6.1785e+012	-6.1597e+012	6.1596e+012	5.2500e-015
-3.270e+000	3.0215e-007	-6.1974e+012	-6.1785e+012	6.1785e+012	5.2500e-015
-3.260e+000	3.0217e-007	-6.2162e+012	-6.1974e+012	6.1973e+012	5.2500e-015
-3.250e+000	3.0218e-007	-6.2351e+012	-6.2162e+012	6.2162e+012	5.2500e-015
-3.240e+000	3.0220e-007	-6.2540e+012	-6.2351e+012	6.2351e+012	5.2500e-015
-3.230e+000	3.0221e-007	-6.2728e+012	-6.2540e+012	6.2539e+012	5.2500e-015
-3.220e+000	3.0223e-007	-6.2917e+012	-6.2728e+012	6.2728e+012	5.2500e-015
-3.210e+000	3.0224e-007	-6.3106e+012	-6.2917e+012	6.2917e+012	5.2500e-015
-3.200e+000	3.0225e-007	-6.3294e+012	-6.3106e+012	6.3105e+012	5.2500e-015
-3.190e+000	3.0227e-007	-6.3483e+012	-6.3294e+012	6.3294e+012	5.2500e-015
-3.180e+000	3.0228e-007	-6.3672e+012	-6.3483e+012	6.3483e+012	5.2500e-015
-3.170e+000	3.0229e-007	-6.3860e+012	-6.3672e+012	6.3671e+012	5.2500e-015
-3.160e+000	3.0231e-007	-6.4049e+012	-6.3860e+012	6.3860e+012	5.2500e-015
-3.150e+000	3.0232e-007	-6.4238e+012	-6.4049e+012	6.4049e+012	5.2500e-015
-3.140e+000	3.0234e-007	-6.4426e+012	-6.4238e+012	6.4237e+012	5.2500e-015
-3.130e+000	3.0235e-007	-6.4615e+012	-6.4426e+012	6.4426e+012	5.2500e-015
-3.120e+000	3.0236e-007	-6.4804e+012	-6.4615e+012	6.4615e+012	5.2500e-015
-3.110e+000	3.0238e-007	-6.4993e+012	-6.4804e+012	6.4803e+012	5.2500e-015
-3.100e+000	3.0239e-007	-6.5181e+012	-6.4993e+012	6.4992e+012	5.2500e-015
-3.090e+000	3.0231e-007	-6.5370e+012	-6.5181e+012	6.5181e+012	5.2500e-015
-3.080e+000	3.0218e-007	-6.5559e+012	-6.5370e+012	6.5370e+012	5.2500e-015
-3.070e+000	3.0219e-007	-6.5747e+012	-6.5559e+012	6.5558e+012	5.2500e-015
-3.060e+000	3.0221e-007	-6.5936e+012	-6.5747e+012	6.5747e+012	5.2500e-015
-3.050e+000	3.0222e-007	-6.6124e+012	-6.5936e+012	6.5935e+012	5.2500e-015
-3.040e+000	3.0223e-007	-6.6313e+012	-6.6124e+012	6.6124e+012	5.2500e-015
-3.030e+000	3.0224e-007	-6.6502e+012	-6.6313e+012	6.6313e+012	5.2500e-015
-3.020e+000	3.0225e-007	-6.6690e+012	-6.6502e+012	6.6501e+012	5.2500e-015
-3.010e+000	3.0226e-007	-6.6879e+012	-6.6690e+012	6.6690e+012	5.2500e-015
-3.000e+000	3.0227e-007	-6.7068e+012	-6.6879e+012	6.6879e+012	5.2500e-015
-2.990e+000	3.0228e-007	-6.7256e+012	-6.7068e+012	6.7067e+012	5.2500e-015
-2.980e+000	3.0229e-007	-6.7445e+012	-6.7256e+012	6.7256e+012	5.2500e-015
-2.970e+000	3.0231e-007	-6.7634e+012	-6.7445e+012	6.7445e+012	5.2500e-015
-2.960e+000	3.0232e-007	-6.7822e+012	-6.7634e+012	6.7633e+012	5.2500e-015
-2.950e+000	3.0233e-007	-6.8011e+012	-6.7822e+012	6.7822e+012	5.2500e-015
-2.940e+000	3.0234e-007	-6.8200e+012	-6.8011e+012	6.8011e+012	5.2500e-015
-2.930e+000	3.0235e-007	-6.8388e+012	-6.8200e+012	6.8199e+012	5.2500e-015
-2.920e+000	3.0236e-007	-6.8577e+012	-6.8388e+012	6.8388e+012	5.2500e-015
-2.910e+000	3.0237e-007	-6.8766e+012	-6.8577e+012	6.8577e+012	5.2500e-015
-2.900e+000	3.0238e-007	-6.8955e+012	-6.8766e+012	6.8766e+012	5.2500e-015
-2.890e+000	3.0239e-007	-6.9143e+012	-6.8955e+012	6.8954e+012	5.2500e-015
-2.880e+000	3.0240e-007	-6.9332e+012	-6.9143e+012	6.9143e+012	5.2500e-015
-2.870e+000	3.0241e-007	-6.9521e+012	-6.9332e+012	6.9332e+012	5.2500e-015
-2.860e+000	3.0242e-007	-6.9710e+012	-6.9521e+012	6.9520e+012	5.2500e-015
-2.850e+000	3.0243e-007	-6.9898e+012	-6.9710e+012	6.9709e+012	5.2500e-015
-2.840e+000	3.0244e-007	-7.0087e+012	-6.9898e+012	6.9898e+012	5.2500e-015
-2.830e+000	3.0245e-007	-7.0276e+012	-7.0087e+012	7.0087e+012	5.2500e-015
-2.820e+000	3.0246e-007	-7.0465e+012	-7.0276e+012	7.0276e+012	5.2500e-015
-2.810e+000	3.0247e-007	-7.0654e+012	-7.0465e+012	7.0464e+012	5.2500e-015
-2.800e+000	3.0248e-007	-7.0842e+012	-7.0654e+012	7.0653e+012	5.2500e-015
-2.790e+000	3.0249e-007	-7.1031e+012	-7.0842e+012	7.0842e+012	5.2500e-015
-2.780e+000	3.0250e-007	-7.1220e+012	-7.1031e+012	7.1031e+012	5.2500e-015
-2.770e+000	3.0251e-007	-7.1409e+012	-7.1220e+012	7.1220e+012	5.2500e-015
-2.760e+000	3.0252e-007	-7.1598e+012	-7.1409e+012	7.1408e+012	5.2500e-015
-2.750e+000	3.0253e-007	-7.1786e+012	-7.1598e+012	7.1597e+012	5.2500e-015
-2.740e+000	3.0254e-007	-7.1975e+012	-7.1786e+012	7.1786e+012	5.2500e-015
-2.730e+000	3.0255e-007	-7.2164e+012	-7.1975e+012	7.1975e+012	5.2500e-015
-2.720e+000	3.0256e-007	-7.2353e+012	-7.2164e+012	7.2164e+012	5.2500e-015
-2.710e+000	3.0257e-007	-7.2542e+012	-7.2353e+012	7.2352e+012	5.2500e-015
-2.700e+000	3.0258e-007	-7.2731e+012	-7.2542e+012	7.2541e+012	5.2500e-015
-2.690e+000	3.0259e-007	-7.2919e+012	-7.2731e+012	7.2730e+012	5.2500e-015
-2.680e+000	3.0260e-007	-7.3108e+012	-7.2919e+012	7.2919e+012	5.2500e-015
-2.670e+000	3.0261e-007	-7.3297e+012	-7.3108e+012	7.3108e+012	5.2500e-015
-2.660e+000	3.0262e-007	-7.3486e+012	-7.3297e+012	7.3297e+012	5.2500e-015
-2.650e+000	3.0263e-007	-7.3675e+012	-7.3486e+012	7.3486e+012	5.2500e-015
-2.640e+000	3.0264e-007	-7.3864e+012	-7.3675e+012	7.3675e+012	5.2500e-015
-2.630e+000	3.0265e-007	-7.4053e+012	-7.3864e+012	7.3863e+012	5.2500e-015
-2.620e+000	3.0266e-007	-7.4242e+012	-7.4053e+012	7.4052e+012	5.2500e-015
-2.610e+000	3.0267e-007	-7.4431e+012	-7.4242e+012	7.4241e+012	5.2500e-015
-2.600e+000	3.0268e-007	-7.4620e+012	-7.4431e+012	7.4430e+012	5.2500e-015
-2.590e+000	3.0269e-007	-7.4808e+012	-7.4620e+012	7.4619e+012	5.2500e-015
-2.580e+000	3.0270e-007	-7.4997e+012	-7.4808e+012	7.4808e+012	5.2500e-015
-2.570e+000	3.0271e-007	-7.5186e+012	-7.4997e+012	7.4997e+012	5.2500e-015
-2.560e+000	3.0272e-007	-7.5375e+012	-7.5186e+012	7.5186e+012	5.2500e-015
-2.550e+000	3.0273e-007	-7.5564e+012	-7.5375e+012	7.5375e+012	5.2500e-015
-2.540e+000	3.0273e-007	-7.5753e+012	-7.5564e+012	7.5564e+012	5.2500e-015
-2.530e+000	3.0274e-007	-7.5942e+012	-7.5753e+012	7.5753e+012	5.2500e-015
-2.520e+000	3.0275e-007	-7.6131e+012	-7.5942e+012	7.5942e+012	5.2500e-015
-2.510e+000	3.0276e-007	-7.6320e+012	-7.6131e+012	7.6131e+012	5.2500e-015
-2.500e+000	3.0277e-007	-7.6509e+012	-7.6320e+012	7.6320e+012	5.2500e-015
-2.490e+000	3.0278e-007	-7.6698e+012	-7.6509e+012	7.6509e+012	5.2500e-015
-2.480e+000	3.0279e-007	-7.6887e+012	-7.6698e+012	7.6698e+012	5.2500e-015
-2.470e+000	3.0280e-007	-7.7076e+012	-7.6887e+012	7.6887e+012	5.2500e-015
-2.460e+000	3.0281e-007	-7.7265e+012	-7.7076e+012	7.7076e+012	5.2500e-015
-2.450e+000	3.0282e-007	-7.7454e+012	-7.7265e+012	7.7265e+012	5.2500e-015
-2.440e+000	3.0282e-007	-7.7643e+012	-7.7454e+012	7.7454e+012	5.2500e-015
-2.430e+000	3.0283e-007	-7.7832e+012	-7.7643e+012	7.7643e+012	5.2500e-015
-2.420e+000	3.0284e-007	-7.8021e+012	-7.7832e+012	7.7832e+012	5.2500e-015
-2.410e+000	3.0285e-007	-7.8210e+012	-7.8021e+012	7.8021e+012	5.2500e-015
-2.400e+000	3.0286e-007	-7.8399e+012	-7.8210e+012	7.8210e+012	5.2500e-015
-2.390e+000	3.0287e-007	-7.8588e+012	-7.8399e+012	7.8399e+012	5.2500e-015
-2.380e+000	3.0288e-007	-7.8777e+012	-7.8588e+012	7.8588e+012	5.2500e-015
-2.370e+000	3.0289e-007	-7.8966e+012	-7.8777e+012	7.8777e+012	5.2500e-015
-2.360e+000	3.0289e-007	-7.9155e+012	-7.8966e+012	7.8966e+012	5.2500e-015
-2.350e+000	3.0290e-007	-7.9344e+012	-7.9155e+012	7.9155e+012	5.2500e-015
-2.340e+000	3.0291e-007	-7.9533e+012	-7.9344e+012	7.9344e+012	5.2500e-015
-2.330e+000	3.0292e-007	-7.9722e+012	-7.9533e+012	7.9533e+012	5.2500e-015
-2.320e+000	3.0293e-007	-7.9911e+012	-7.9722e+012	7.9722e+012	5.2500e-015
-2.310e+000	3.0294e-007	-8.0101e+012	-7.9911e+012	7.9911e+012	5.2500e-015
-2.300e+000	3.0295e-007	-8.0290e+012	-8.0101e+012	8.0100e+012	5.2500e-015
-2.290e+000	3.0295e-007	-8.0479e+012	-8.0290e+012	8.0289e+012	5.2500e-015
-2.280e+000	3.0296e-007	-8.0668e+012	-8.0479e+012	8.0478e+012	5.2500e-015
-2.270e+000	3.0297e-007	-8.0857e+012	-8.0668e+012	8.0667e+012	5.2500e-015
-2.260e+000	3.0298e-007	-8.1046e+012	-8.0857e+012	8.0857e+012	5.2500e-015
-2.250e+000	3.0299e-007	-8.1235e+012	-8.1046e+012	8.1046e+012	5.2500e-015
-2.240e+000	3.0300e-007	-8.1424e+012	-8.1235e+012	8.1235e+012	5.2500e-015
-2.230e+000	3.0300e-007	-8.1613e+012	-8.1424e+012	8.1424e+012	5.2500e-015
-2.220e+000	3.0301e-007	-8.1803e+012	-8.1613e+012	8.1613e+012	5.2500e-015
-2.210e+000	3.0302e-007	-8.1992e+012	-8.1803e+012	8.1802e+012	5.2500e-015
-2.200e+000	3.0303e-007	-8.2181e+012	-8.1992e+012	8.1991e+012	5.2500e-015
-2.190e+000	3.0304e-007	-8.2370e+012	-8.2181e+012	8.2180e+012	5.2500e-015
-2.180e+000	3.0305e-007	-8.2559e+012	-8.2370e+012	8.2370e+012	5.2500e-015
-2.170e+000	3.0305e-007	-8.2748e+012	-8.2559e+012	8.2559e+012	5.2500e-015
-2.160e+000	3.0306e-007	-8.2937e+012	-8.2748e+012	8.2748e+012	5.2500e-015
-2.150e+000	3.0307e-007	-8.3127e+012	-8.2937e+012	8.2937e+012	5.2500e-015
-2.140e+000	3.0308e-007	-8.3316e+012	-8.3127e+012	8.3126e+012	5.2500e-015
-2.130e+000	3.0309e-007	-8.3505e+012	-8.3316e+012	8.3315e+012	5.2500e-015
-2.120e+000	3.0309e-007	-8.3694e+012	-8.3505e+012	8.3504e+012	5.2500e-015
-2.110e+000	3.0310e-007	-8.3883e+012	-8.3694e+012	8.3694e+012	5.2500e-015
-2.100e+000	3.0311e-007	-8.4072e+012	-8.3883e+012	8.3883e+012	5.2500e-015
-2.090e+000	3.0312e-007	-8.4262e+012	-8.4072e+012	8.4072e+012	5.2500e-015
-2.080e+000	3.0313e-007	-8.4451e+012	-8.4262e+012	8.4261e+012	5.2500e-015
-2.070e+000	3.0313e-007	-8.4640e+012	-8.4451e+012	8.4450e+012	5.2500e-015
-2.060e+000	3.0314e-007	-8.4829e+012	-8.4640e+012	8.4640e+012	5.2500e-015
-2.050e+000	3.0315e-007	-8.5018e+012	-8.4829e+012	8.4829e+012	5.2500e-015
-2.040e+000	3.0316e-007	-8.5208e+012	-8.5018e+012	8.5018e+012	5.2500e-015
-2.030e+000	3.0316e-007	-8.5397e+012	-8.5208e+012	8.5207e+012	5.2500e-015
-2.020e+000	3.0317e-007	-8.5586e+012	-8.5397e+012	8.5396e+012	5.2500e-015
-2.010e+000	3.0318e-007	-8.5775e+012	-8.5586e+012	8.5586e+012	5.2500e-015
-2.000e+000	3.0319e-007	-8.5965e+012	-8.5775e+012	8.5775e+012	5.2500e-015
-1.990e+000	3.0319e-007	-8.6154e+012	-8.5965e+012	8.5964e+012	5.2500e-015
-1.980e+000	3.0320e-007	-8.6343e+012	-8.6154e+012	8.6153e+012	5.2500e-015
-1.970e+000	3.0321e-007	-8.6532e+012	-8.6343e+012	8.6343e+012	5.2500e-015
-1.960e+000	3.0322e-007	-8.6722e+012	-8.6532e+012	8.6532e+012	5.2500e-015
-1.950e+000	3.0323e-007	-8.6911e+012	-8.6722e+012	8.6721e+012	5.2500e-015
-1.940e+000	3.0323e-007	-8.7100e+012	-8.6911e+012	8.6910e+012	5.2500e-015
-1.930e+000	3.0324e-007	-8.7289e+012	-8.7100e+012	8.7100e+012	5.2500e-015
-1.920e+000	3.0325e-007	-8.7479e+012	-8.7289e+012	8.7289e+012	5.2500e-015
-1.910e+000	3.0326e-007	-8.7668e+012	-8.7479e+012	8.7478e+012	5.2500e-015
-1.900e+000	3.0326e-007	-8.7857e+012	-8.7668e+012	8.7667e+012	5.2500e-015
-1.890e+000	3.0327e-007	-8.8046e+012	-8.7857e+012	8.7857e+012	5.2500e-015
-1.880e+000	3.0328e-007	-8.8236e+012	-8.8046e+012	8.8046e+012	5.2500e-015
-1.870e+000	3.0328e-007	-8.8425e+012	-8.8236e+012	8.8235e+012	5.2500e-015
-1.860e+000	3.0329e-007	-8.8614e+012	-8.8425e+012	8.8425e+012	5.2500e-015
-1.850e+000	3.0330e-007	-8.8804e+012	-8.8614e+012	8.8614e+012	5.2500e-015
-1.840e+000	3.0331e-007	-8.8993e+012	-8.8804e+012	8.8803e+012	5.2500e-015
-1.830e+000	3.0331e-007	-8.9182e+012	-8.8993e+012	8.8993e+012	5.2500e-015
-1.820e+000	3.0332e-007	-8.9372e+012	-8.9182e+012	8.9182e+012	5.2500e-015
-1.810e+000	3.0333e-007	-8.9561e+012	-8.9372e+012	8.9371e+012	5.2500e-015
-1.800e+000	3.0334e-007	-8.9750e+012	-8.9561e+012	8.9560e+012	5.2500e-015
-1.790e+000	3.0334e-007	-8.9940e+012	-8.9750e+012	8.9750e+012	5.2500e-015
-1.780e+000	3.0335e-007	-9.0129e+012	-8.9940e+012	8.9939e+012	5.2500e-015
-1.770e+000	3.0336e-007	-9.0318e+012	-9.0129e+012	9.0128e+012	5.2500e-015
-1.760e+000	3.0336e-007	-9.0508e+012	-9.0318e+012	9.0318e+012	5.2500e-015
-1.750e+000	3.0337e-007	-9.0697e+012	-9.0508e+012	9.0507e+012	5.2500e-015
-1.740e+000	3.0338e-007	-9.0886e+012	-9.0697e+012	9.0696e+012	5.2500e-015
-1.730e+000	3.0339e-007	-9.1076e+012	-9.0886e+012	9.0886e+012	5.2500e-015
-1.720e+000	3.0339e-007	-9.1265e+012	-9.1076e+012	9.1075e+012	5.2500e-015
-1.710e+000	3.0340e-007	-9.1454e+012	-9.1265e+012	9.1265e+012	5.2500e-015
-1.700e+000	3.0341e-007	-9.1644e+012	-9.1454e+012	9.1454e+012	5.2500e-015
-1.690e+000	3.0341e-007	-9.1833e+012	-9.1644e+012	9.1643e+012	5.2500e-015
-1.680e+000	3.0342e-007	-9.2022e+012	-9.1833e+012	9.1833e+012	5.2500e-015
-1.670e+000	3.0343e-007	-9.2212e+012	-9.2022e+012	9.2022e+012	5.2500e-015
-1.660e+000	3.0343e-007	-9.2401e+012	-9.2212e+012	9.2211e+012	5.2500e-015
-1.650e+000	3.0344e-007	-9.2591e+012	-9.2401e+012	9.2401e+012	5.2500e-015
-1.640e+000	3.0345e-007	-9.2780e+012	-9.2591e+012	9.2590e+012	5.2500e-015
-1.630e+000	3.0346e-007	-9.2969e+012	-9.2780e+012	9.2780e+012	5.2500e-015
-1.620e+000	3.0346e-007	-9.3159e+012	-9.2969e+012	9.2969e+012	5.2500e-015
-1.610e+000	3.0347e-007	-9.3348e+012	-9.3159e+012	9.3158e+012	5.2500e-015
-1.600e+000	3.0348e-007	-9.3538e+012	-9.3348e+012	9.3348e+012	5.2500e-015
-1.590e+000	3.0348e-007	-9.3727e+012	-9.3538e+012	9.3537e+012	5.2500e-015
-1.580e+000	3.0349e-007	-9.3916e+012	-9.3727e+012	9.3727e+012	5.2500e-015
-1.570e+000	3.0350e-007	-9.4106e+012	-9.3916e+012	9.3916e+012	5.2500e-015
-1.560e+000	3.0350e-007	-9.4295e+012	-9.4106e+012	9.4106e+012	5.2500e-015
-1.550e+000	3.0351e-007	-9.4485e+012	-9.4295e+012	9.4295e+012	5.2500e-015
-1.540e+000	3.0352e-007	-9.4674e+012	-9.4485e+012	9.4484e+012	5.2500e-015
-1.530e+000	3.0352e-007	-9.4864e+012	-9.4674e+012	9.4674e+012	5.2500e-015
-1.520e+000	3.0353e-007	-9.5053e+012	-9.4864e+012	9.4863e+012	5.2500e-015
-1.510e+000	3.0354e-007	-9.5243e+012	-9.5053e+012	9.5053e+012	5.2500e-015
-1.500e+000	3.0354e-007	-9.5432e+012	-9.5243e+012	9.5242e+012	5.2500e-015
-1.490e+000	3.0355e-007	-9.5621e+012	-9.5432e+012	9.5432e+012	5.2500e-015
-1.480e+000	3.0356e-007	-9.5811e+012	-9.5621e+012	9.5621e+012	5.2500e-015
-1.470e+000	3.0356e-007	-9.6000e+012	-9.5811e+012	9.5811e+012	5.2500e-015
-1.460e+000	3.0357e-007	-9.6190e+012	-9.6000e+012	9.6000e+012	5.2500e-015
-1.450e+000	3.0358e-007	-9.6379e+012	-9.6190e+012	9.6189e+012	5.2500e-015
-1.440e+000	3.0358e-007	-9.6569e+012	-9.6379e+012	9.6379e+012	5.2500e-015
-1.430e+000	3.0359e-007	-9.6758e+012	-9.6569e+012	9.6568e+012	5.2500e-015
-1.420e+000	3.0359e-007	-9.6948e+012	-9.6758e+012	9.6758e+012	5.2500e-015
-1.410e+000	3.0360e-007	-9.7137e+012	-9.6948e+012	9.6947e+012	5.2500e-015
-1.400e+000	3.0361e-007	-9.7327e+012	-9.7137e+012	9.7137e+012	5.2500e-015
-1.390e+000	3.0361e-007	-9.7516e+012	-9.7327e+012	9.7326e+012	5.2500e-015
-1.380e+000	3.0362e-007	-9.7706e+012	-9.7516e+012	9.7516e+012	5.2500e-015
-1.370e+000	3.0363e-007	-9.7895e+012	-9.7706e+012	9.7705e+012	5.2500e-015
-1.360e+000	3.0363e-007	-9.8085e+012	-9.7895e+012	9.7895e+012	5.2500e-015
-1.350e+000	3.0364e-007	-9.8274e+012	-9.8085e+012	9.8084e+012	5.2500e-015
-1.340e+000	3.0365e-007	-9.8464e+012	-9.8274e+012	9.8274e+012	5.2500e-015
-1.330e+000	3.0365e-007	-9.8653e+012	-9.8464e+012	9.8463e+012	5.2500e-015
-1.320e+000	3.0366e-007	-9.8843e+012	-9.8653e+012	9.8653e+012	5.2500e-015
-1.310e+000	3.0367e-007	-9.9032e+012	-9.8843e+012	9.8843e+012	5.2500e-015
-1.300e+000	3.0367e-007	-9.9222e+012	-9.9032e+012	9.9032e+012	5.2500e-015
-1.290e+000	3.0368e-007	-9.9412e+012	-9.9222e+012	9.9222e+012	5.2500e-015
-1.280e+000	3.0368e-007	-9.9601e+012	-9.9412e+012	9.9411e+012	5.2500e-015
-1.270e+000	3.0369e-007	-9.9791e+012	-9.9601e+012	9.9601e+012	5.2500e-015
-1.260e+000	3.0370e-007	-9.9980e+012	-9.9791e+012	9.9790e+012	5.2500e-015
-1.250e+000	3.0370e-007	-1.0017e+013	-9.9980e+012	9.9980e+012	5.2500e-015
-1.240e+000	3.0371e-007	-1.0036e+013	-1.0017e+013	1.0017e+013	5.2500e-015
-1.230e+000	3.0371e-007	-1.0055e+013	-1.0036e+013	1.0036e+013	5.2500e-015
-1.220e+000	3.0372e-007	-1.0074e+013	-1.0055e+013	1.0055e+013	5.2500e-015
-1.210e+000	3.0373e-007	-1.0093e+013	-1.0074e+013	1.0074e+013	5.2500e-015
-1.200e+000	3.0373e-007	-1.0112e+013	-1.0093e+013	1.0093e+013	5.2500e-015
-1.190e+000	3.0374e-007	-1.0131e+013	-1.0112e+013	1.0112e+013	5.2500e-015
-1.180e+000	3.0375e-007	-1.0150e+013	-1.0131e+013	1.0131e+013	5.2500e-015
-1.170e+000	3.0375e-007	-1.0169e+013	-1.0150e+013	1.0150e+013	5.2500e-015
-1.160e+000	3.0376e-007	-1.0188e+013	-1.0169e+013	1.0169e+013	5.2500e-015
-1.150e+000	3.0376e-007	-1.0207e+013	-1.0188e+013	1.0188e+013	5.2500e-015
-1.140e+000	3.0377e-007	-1.0226e+013	-1.0207e+013	1.0207e+013	5.2500e-015
-1.130e+000	3.0378e-007	-1.0244e+013	-1.0226e+013	1.0225e+013	5.2500e-015
-1.120e+000	3.0378e-007	-1.0263e+013	-1.0244e+013	1.0244e+013	5.2500e-015
-1.110e+000	3.0379e-007	-1.0282e+013	-1.0263e+013	1.0263e+013	5.2500e-015
-1.100e+000	3.0379e-007	-1.0301e+013	-1.0282e+013	1.0282e+013	5.2500e-015
-1.090e+000	3.0380e-007	-1.0320e+013	-1.0301e+013	1.0301e+013	5.2500e-015
-1.080e+000	3.0381e-007	-1.0339e+013	-1.0320e+013	1.0320e+013	5.2500e-015
-1.070e+000	3.0381e-007	-1.0358e+013	-1.0339e+013	1.0339e+013	5.2500e-015
-1.060e+000	3.0382e-007	-1.0377e+013	-1.0358e+013	1.0358e+013	5.2500e-015
-1.050e+000	3.0382e-007	-1.0396e+013	-1.0377e+013	1.0377e+013	5.2500e-015
-1.040e+000	3.0383e-007	-1.0415e+013	-1.0396e+013	1.0396e+013	5.2500e-015
-1.030e+000	3.0383e-007	-1.0434e+013	-1.0415e+013	1.0415e+013	5.2500e-015
-1.020e+000	3.0384e-007	-1.0453e+013	-1.0434e+013	1.0434e+013	5.2500e-015
-1.010e+000	3.0385e-007	-1.0472e+013	-1.0453e+013	1.0453e+013	5.2500e-015
-1.000e+000	3.0385e-007	-1.0491e+013	-1.0472e+013	1.0472e+013	5.2500e-015
-9.900e-001	3.0386e-007	-1.0510e+013	-1.0491e+013	1.0491e+013	5.2500e-015
-9.800e-001	3.0386e-007	-1.0529e+013	-1.0510e+013	1.0510e+013	5.2500e-015
-9.700e-001	3.0387e-007	-1.0548e+013	-1.0529e+013	1.0529e+013	5.2500e-015
-9.600e-001	3.0388e-007	-1.0567e+013	-1.0548e+013	1.0548e+013	5.2500e-015
-9.500e-001	3.0388e-007	-1.0586e+013	-1.0567e+013	1.0567e+013	5.2500e-015
-9.400e-001	3.0389e-007	-1.0605e+013	-1.0586e+013	1.0586e+013	5.2500e-015
-9.300e-001	3.0389e-007	-1.0624e+013	-1.0605e+013	1.0605e+013	5.2500e-015
-9.200e-001	3.0390e-007	-1.0643e+013	-1.0624e+013	1.0624e+013	5.2500e-015
-9.100e-001	3.0390e-007	-1.0662e+013	-1.0643e+013	1.0643e+013	5.2500e-015
-9.000e-001	3.0391e-007	-1.0681e+013	-1.0662e+013	1.0662e+013	5.2500e-015
-8.900e-001	3.0392e-007	-1.0700e+013	-1.0681e+013	1.0681e+013	5.2500e-015
-8.800e-001	3.0392e-007	-1.0719e+013	-1.0700e+013	1.0700e+013	5.2500e-015
-8.700e-001	3.0393e-007	-1.0738e+013	-1.0719e+013	1.0719e+013	5.2500e-015
-8.600e-001	3.0393e-007	-1.0757e+013	-1.0738e+013	1.0738e+013	5.2500e-015
-8.500e-001	3.0394e-007	-1.0776e+013	-1.0757e+013	1.0756e+013	5.2500e-015
-8.400e-001	3.0394e-007	-1.0794e+013	-1.0776e+013	1.0775e+013	5.2500e-015
-8.300e-001	3.0395e-007	-1.0813e+013	-1.0794e+013	1.0794e+013	5.2500e-015
-8.200e-001	3.0395e-007	-1.0832e+013	-1.0813e+013	1.0813e+013	5.2500e-015
-8.100e-001	3.0396e-007	-1.0851e+013	-1.0832e+013	1.0832e+013	5.2500e-015
-8.000e-001	3.0397e-007	-1.0870e+013	-1.0851e+013	1.0851e+013	5.2500e-015
-7.900e-001	3.0397e-007	-1.0889e+013	-1.0870e+013	1.0870e+013	5.2500e-015
-7.800e-001	3.0398e-007	-1.0908e+013	-1.0889e+013	1.0889e+013	5.2500e-015
-7.700e-001	3.0398e-007	-1.0927e+013	-1.0908e+013	1.0908e+013	5.2500e-015
-7.600e-001	3.0399e-007	-1.0946e+013	-1.0927e+013	1.0927e+013	5.2500e-015
-7.500e-001	3.0399e-007	-1.0965e+013	-1.0946e+013	1.0946e+013	5.2500e-015
-7.400e-001	3.0400e-007	-1.0984e+013	-1.0965e+013	1.0965e+013	5.2500e-015
-7.300e-001	3.0400e-007	-1.1003e+013	-1.0984e+013	1.0984e+013	5.2500e-015
-7.200e-001	3.0401e-007	-1.1022e+013	-1.1003e+013	1.1003e+013	5.2500e-015
-7.100e-001	3.0401e-007	-1.1041e+013	-1.1022e+013	1.1022e+013	5.2500e-015
-7.000e-001	3.0402e-007	-1.1060e+013	-1.1041e+013	1.1041e+013	5.2500e-015
-6.900e-001	3.0403e-007	-1.1079e+013	-1.1060e+013	1.1060e+013	5.2500e-015
-6.800e-001	3.0403e-007	-1.1098e+013	-1.1079e+013	1.1079e+013	5.2500e-015
-6.700e-001	3.0404e-007	-1.1117e+013	-1.1098e+013	1.1098e+013	5.2500e-015
-6.600e-001	3.0404e-007	-1.1136e+013	-1.1117e+013	1.1117e+013	5.2500e-015
-6.500e-001	3.0405e-007	-1.1155e+013	-1.1136e+013	1.1136e+013	5.2500e-015
-6.400e-001	3.0405e-007	-1.1174e+013	-1.1155e+013	1.1155e+013	5.2500e-015
-6.300e-001	3.0406e-007	-1.1193e+013	-1.1174e+013	1.1174e+013	5.2500e-015
-6.200e-001	3.0406e-007	-1.1212e+013	-1.1193e+013	1.1193e+013	5.2500e-015
-6.100e-001	3.0407e-007	-1.1231e+013	-1.1212e+013	1.1212e+013	5.2500e-015
-6.000e-001	3.0407e-007	-1.1250e+013	-1.1231e+013	1.1231e+013	5.2500e-015
-5.900e-001	3.0408e-007	-1.1269e+013	-1.1250e+013	1.1250e+013	5.2500e-015
-5.800e-001	3.0408e-007	-1.1288e+013	-1.1269e+013	1.1269e+013	5.2500e-015
-5.700e-001	3.0409e-007	-1.1307e+013	-1.1288e+013	1.1288e+013	5.2500e-015
-5.600e-001	3.0409e-007	-1.1326e+013	-1.1307e+013	1.1307e+013	5.2500e-015
-5.500e-001	3.0410e-007	-1.1345e+013	-1.1326e+013	1.1326e+013	5.2500e-015
-5.400e-001	3.0410e-007	-1.1364e+013	-1.1345e+013	1.1345e+013	5.2500e-015
-5.300e-001	3.0411e-007	-1.1383e+013	-1.1364e+013	1.1364e+013	5.2500e-015
-5.200e-001	3.0412e-007	-1.1402e+013	-1.1383e+013	1.1383e+013	5.2500e-015
-5.100e-001	3.0412e-007	-1.1421e+013	-1.1402e+013	1.1402e+013	5.2500e-015
-5.000e-001	3.0413e-007	-1.1440e+013	-1.1421e+013	1.1421e+013	5.2500e-015
-4.900e-001	3.0413e-007	-1.1459e+013	-1.1440e+013	1.1440e+013	5.2500e-015
-4.800e-001	3.0414e-007	-1.1478e+013	-1.1459e+013	1.1459e+013	5.2500e-015
-4.700e-001	3.0414e-007	-1.1497e+013	-1.1478e+013	1.1478e+013	5.2500e-015
-4.600e-001	3.0415e-007	-1.1516e+013	-1.1497e+013	1.1497e+013	5.2500e-015
-4.500e-001	3.0415e-007	-1.1535e+013	-1.1516e+013	1.1516e+013	5.2500e-015
-4.400e-001	3.0416e-007	-1.1554e+013	-1.1535e+013	1.1535e+013	5.2500e-015
-4.300e-001	3.0416e-007	-1.1573e+013	-1.1554e+013	1.1554e+013	5.2500e-015
-4.200e-001	3.0417e-007	-1.1592e+013	-1.1573e+013	1.1573e+013	5.2500e-015
-4.100e-001	3.0417e-007	-1.1611e+013	-1.1592e+013	1.1592e+013	5.2500e-015
-4.000e-001	3.0418e-007	-1.1630e+013	-1.1611e+013	1.1610e+013	5.2500e-015
-3.900e-001	3.0418e-007	-1.1648e+013	-1.1630e+013	1.1629e+013	5.2500e-015
-3.800e-001	3.0419e-007	-1.1667e+013	-1.1648e+013	1.1648e+013	5.2500e-015
-3.700e-001	3.0419e-007	-1.1686e+013	-1.1667e+013	1.1667e+013	5.2500e-015
-3.600e-001	3.0420e-007	-1.1705e+013	-1.1686e+013	1.1686e+013	5.2500e-015
-3.500e-001	3.0420e-007	-1.1724e+013	-1.1705e+013	1.1705e+013	5.2500e-015
-3.400e-001	3.0421e-007	-1.1743e+013	-1.1724e+013	1.1724e+013	5.2500e-015
-3.300e-001	3.0421e-007	-1.1762e+013	-1.1743e+013	1.1743e+013	5.2500e-015
-3.200e-001	3.0422e-007	-1.1781e+013	-1.1762e+013	1.1762e+013	5.2500e-015
-3.100e-001	3.0422e-007	-1.1800e+013	-1.1781e+013	1.1781e+013	5.2500e-015
-3.000e-001	3.0423e-007	-1.1819e+013	-1.1800e+013	1.1800e+013	5.2500e-015
-2.900e-001	3.0423e-007	-1.1838e+013	-1.1819e+013	1.1819e+013	5.2500e-015
-2.800e-001	3.0424e-007	-1.1857e+013	-1.1838e+013	1.1838e+013	5.2500e-015
-2.700e-001	3.0424e-007	-1.1876e+013	-1.1857e+013	1.1857e+013	5.2500e-015
-2.600e-001	3.0425e-007	-1.1895e+013	-1.1876e+013	1.1876e+013	5.2500e-015
-2.500e-001	3.0425e-007	-1.1914e+013	-1.1895e+013	1.1895e+013	5.2500e-015
-2.400e-001	3.0426e-007	-1.1933e+013	-1.1914e+013	1.1914e+013	5.2500e-015
-2.300e-001	3.0426e-007	-1.1952e+013	-1.1933e+013	1.1933e+013	5.2500e-015
-2.200e-001	3.0427e-007	-1.1971e+013	-1.1952e+013	1.1952e+013	5.2500e-015
-2.100e-001	3.0427e-007	-1.1990e+013	-1.1971e+013	1.1971e+013	5.2500e-015
-2.000e-001	3.0428e-007	-1.2009e+013	-1.1990e+013	1.1990e+013	5.2500e-015
-1.900e-001	3.0428e-007	-1.2028e+013	-1.2009e+013	1.2009e+013	5.2500e-015
-1.800e-001	3.0429e-007	-1.2047e+013	-1.2028e+013	1.2028e+013	5.2500e-015
-1.700e-001	3.0429e-007	-1.2066e+013	-1.2047e+013	1.2047e+013	5.2500e-015
-1.600e-001	3.0429e-007	-1.2085e+013	-1.2066e+013	1.2066e+013	5.2500e-015
-1.500e-001	3.0430e-007	-1.2104e+013	-1.2085e+013	1.2085e+013	5.2500e-015
-1.400e-001	3.0430e-007	-1.2123e+013	-1.2104e+013	1.2104e+013	5.2500e-015
-1.300e-001	3.0431e-007	-1.2142e+013	-1.2123e+013	1.2123e+013	5.2500e-015
-1.200e-001	3.0431e-007	-1.2161e+013	-1.2142e+013	1.2142e+013	5.2500e-015
-1.100e-001	3.0432e-007	-1.2180e+013	-1.2161e+013	1.2161e+013	5.2500e-015
-1.000e-001	3.0432e-007	-1.2199e+013	-1.2180e+013	1.2180e+013	5.2500e-015
-9.000e-002	3.0433e-007	-1.2218e+013	-1.2199e+013	1.2199e+013	5.2500e-015
-8.000e-002	3.0433e-007	-1.2237e+013	-1.2218e+013	1.2218e+013	5.2500e-015
-7.000e-002	3.0434e-007	-1.2256e+013	-1.2237e+013	1.2237e+013	5.2500e-015
-6.000e-002	3.0434e-007	-1.2275e+013	-1.2256e+013	1.2256e+013	5.2500e-015
-5.000e-002	3.0435e-007	-1.2294e+013	-1.2275e+013	1.2275e+013	5.2500e-015
-4.000e-002	3.0435e-007	-1.2313e+013	-1.2294e+013	1.2294e+013	5.2500e-015
-3.000e-002	3.0436e-007	-1.2332e+013	-1.2313e+013	1.2313e+013	5.2500e-015
-2.000e-002	3.0436e-007	-1.2351e+013	-1.2332e+013	1.2332e+013	5.2500e-015
-1.000e-002	3.0437e-007	-1.2370e+013	-1.2351e+013	1.2351e+013	5.2500e-015
0.000e+000	3.0437e-007	-1.2389e+013	-1.2370e+013	1.2370e+013	5.2500e-015
1.000e-002	3.0437e-007	-1.2408e+013	-1.2389e+013	1.2389e+013	5.2500e-015
2.000e-002	3.0438e-007	-1.2427e+013	-1.2408e+013	1.2408e+013	5.2500e-015
3.000e-002	3.0438e-007	-1.2446e+013	-1.2427e+013	1.2427e+013	5.2500e-015
4.000e-002	3.0439e-007	-1.2465e+013	-1.2446e+013	1.2446e+013	5.2500e-015
5.000e-002	3.0439e-007	-1.2484e+013	-1.2465e+013	1.2465e+013	5.2500e-015
6.000e-002	3.0440e-007	-1.2503e+013	-1.2484e+013	1.2484e+013	5.2500e-015
7.000e-002	3.0440e-007	-1.2522e+013	-1.2503e+013	1.2503e+013	5.2500e-015
8.000e-002	3.0441e-007	-1.2541e+013	-1.2522e+013	1.2522e+013	5.2500e-015
9.000e-002	3.0441e-007	-1.2560e+013	-1.2541e+013	1.2541e+013	5.2500e-015
1.000e-001	3.0442e-007	-1.2579e+013	-1.2560e+013	1.2560e+013	5.2500e-015
1.100e-001	3.0442e-007	-1.2598e+013	-1.2579e+013	1.2579e+013	5.2500e-015
1.200e-001	3.0443e-007	-1.2617e+013	-1.2598e+013	1.2598e+013	5.2500e-015
1.300e-001	3.0443e-007	-1.2636e+013	-1.2617e+013	1.2617e+013	5.2500e-015
1.400e-001	3.0443e-007	-1.2655e+013	-1.2636e+013	1.2636e+013	5.2500e-015
1.500e-001	3.0444e-007	-1.2674e+013	-1.2655e+013	1.2655e+013	5.2500e-015
1.600e-001	3.0444e-007	-1.2693e+013	-1.2674e+013	1.2674e+013	5.2500e-015
1.700e-001	3.0445e-007	-1.2712e+013	-1.2693e+013	1.2693e+013	5.2500e-015
1.800e-001	3.0445e-007	-1.2731e+013	-1.2712e+013	1.2712e+013	5.2500e-015
1.900e-001	3.0446e-007	-1.2750e+013	-1.2731e+013	1.2731e+013	5.2500e-015
2.000e-001	3.0446e-007	-1.2769e+013	-1.2750e+013	1.2750e+013	5.2500e-015
2.100e-001	3.0447e-007	-1.2788e+013	-1.2769e+013	1.2769e+013	5.2500e-015
2.200e-001	3.0447e-007	-1.2807e+013	-1.2788e+013	1.2788e+013	5.2500e-015
2.300e-001	3.0447e-007	-1.2826e+013	-1.2807e+013	1.2807e+013	5.2500e-015
2.400e-001	3.0448e-007	-1.2845e+013	-1.2826e+013	1.2826e+013	5.2500e-015
2.500e-001	3.0448e-007	-1.2864e+013	-1.2845e+013	1.2845e+013	5.2500e-015
2.600e-001	3.0449e-007	-1.2883e+013	-1.2864e+013	1.2864e+013	5.2500e-015
2.700e-001	3.0449e-007	-1.2902e+013	-1.2883e+013	1.2883e+013	5.2500e-015
2.800e-001	3.0450e-007	-1.2921e+013	-1.2902e+013	1.2902e+013	5.2500e-015
2.900e-001	3.0450e-007	-1.2940e+013	-1.2921e+013	1.2921e+013	5.2500e-015
3.000e-001	3.0451e-007	-1.2959e+013	-1.2940e+013	1.2940e+013	5.2500e-015
3.100e-001	3.0451e-007	-1.2978e+013	-1.2959e+013	1.2959e+013	5.2500e-015
3.200e-001	3.0451e-007	-1.2997e+013	-1.2978e+013	1.2978e+013	5.2500e-015
3.300e-001	3.0452e-007	-1.3016e+013	-1.2997e+013	1.2997e+013	5.2500e-015
3.400e-001	3.0452e-007	-1.3035e+013	-1.3016e+013	1.3016e+013	5.2500e-015
3.500e-001	3.0453e-007	-1.3054e+013	-1.3035e+013	1.3035e+013	5.2500e-015
3.600e-001	3.0453e-007	-1.3073e+013	-1.3054e+013	1.3054e+013	5.2500e-015
3.700e-001	3.0452e-007	-1.3092e+013	-1.3073e+013	1.3073e+013	5.2500e-015
3.800e-001	3.0450e-007	-1.3111e+013	-1.3092e+013	1.3092e+013	5.2500e-015
3.900e-001	3.0450e-007	-1.3130e+013	-1.3111e+013	1.3111e+013	5.2500e-015
4.000e-001	3.0451e-007	-1.3149e+013	-1.3130e+013	1.3130e+013	5.2500e-015
4.100e-001	3.0451e-007	-1.3168e+013	-1.3149e+013	1.3149e+013	5.2500e-015
4.200e-001	3.0451e-007	-1.3187e+013	-1.3168e+013	1.3168e+013	5.2500e-015
4.300e-001	3.0452e-007	-1.3206e+013	-1.3187e+013	1.3187e+013	5.2500e-015
4.400e-001	3.0452e-007	-1.3225e+013	-1.3206e+013	1.3206e+013	5.2500e-015
4.500e-001	3.0453e-007	-1.3244e+013	-1.3225e+013	1.3225e+013	5.2500e-015
4.600e-001	3.0453e-007	-1.3263e+013	-1.3244e+013	1.3244e+013	5.2500e-015
4.700e-001	3.0454e-007	-1.3282e+013	-1.3263e+013	1.3263e+013	5.2500e-015
4.800e-001	3.0454e-007	-1.3301e+013	-1.3282e+013	1.3282e+013	5.2500e-015
4.900e-001	3.0454e-007	-1.3320e+013	-1.3301e+013	1.3301e+013	5.2500e-015
5.000e-001	3.0455e-007	-1.3339e+013	-1.3320e+013	1.3320e+013	5.2500e-015
5.100e-001	3.0455e-007	-1.3358e+013	-1.3339e+013	1.3339e+013	5.2500e-015
5.200e-001	3.0456e-007	-1.3377e+013	-1.3358e+013	1.3358e+013	5.2500e-015
5.300e-001	3.0456e-007	-1.3396e+013	-1.3377e+013	1.3377e+013	5.2500e-015
5.400e-001	3.0457e-007	-1.3415e+013	-1.3396e+013	1.3396e+013	5.2500e-015
5.500e-001	3.0457e-007	-1.3434e+013	-1.3415e+013	1.3415e+013	5.2500e-015
5.600e-001	3.0457e-007	-1.3453e+013	-1.3434e+013	1.3434e+013	5.2500e-015
5.700e-001	3.0458e-007	-1.3472e+013	-1.3453e+013	1.3453e+013	5.2500e-015
5.800e-001	3.0458e-007	-1.3491e+013	-1.3472e+013	1.3472e+013	5.2500e-015
5.900e-001	3.0459e-007	-1.3510e+013	-1.3491e+013	1.3491e+013	5.2500e-015
6.000e-001	3.0459e-007	-1.3529e+013	-1.3510e+013	1.3510e+013	5.2500e-015
6.100e-001	3.0460e-007	-1.3548e+013	-1.3529e+013	1.3529e+013	5.2500e-015
6.200e-001	3.0460e-007	-1.3567e+013	-1.3548e+013	1.3548e+013	5.2500e-015
6.300e-001	3.0461e-007	-1.3586e+013	-1.3567e+013	1.3567e+013	5.2500e-015
6.400e-001	3.0461e-007	-1.3606e+013	-1.3586e+013	1.3586e+013	5.2500e-015
6.500e-001	3.0462e-007	-1.3625e+013	-1.3606e+013	1.3605e+013	5.2500e-015
6.600e-001	3.0462e-007	-1.3644e+013	-1.3625e+013	1.3624e+013	5.2500e-015
6.700e-001	3.0463e-007	-1.3663e+013	-1.3644e+013	1.3643e+013	5.2500e-015
6.800e-001	3.0464e-007	-1.3682e+013	-1.3663e+013	1.3663e+013	5.2500e-015
6.900e-001	3.0464e-007	-1.3701e+013	-1.3682e+013	1.3682e+013	5.2500e-015
7.000e-001	3.0465e-007	-1.3720e+013	-1.3701e+013	1.3701e+013	5.2500e-015
7.100e-001	3.0465e-007	-1.3739e+013	-1.3720e+013	1.3720e+013	5.2500e-015
7.200e-001	3.0466e-007	-1.3758e+013	-1.3739e+013	1.3739e+013	5.2500e-015
7.300e-001	3.0467e-007	-1.3777e+013	-1.3758e+013	1.3758e+013	5.2500e-015
7.400e-001	3.0468e-007	-1.3796e+013	-1.3777e+013	1.3777e+013	5.2500e-015
7.500e-001	3.0469e-007	-1.3815e+013	-1.3796e+013	1.3796e+013	5.2500e-015
7.600e-001	3.0469e-007	-1.3834e+013	-1.3815e+013	1.3815e+013	5.2500e-015
7.700e-001	3.0470e-007	-1.3853e+013	-1.3834e+013	1.3834e+013	5.2500e-015
7.800e-001	3.0472e-007	-1.3872e+013	-1.3853e+013	1.3853e+013	5.2500e-015
7.900e-001	3.0473e-007	-1.3891e+013	-1.3872e+013	1.3872e+013	5.2500e-015
8.000e-001	3.0474e-007	-1.3910e+013	-1.3891e+013	1.3891e+013	5.2500e-015
8.100e-001	3.0475e-007	-1.3929e+013	-1.3910e+013	1.3910e+013	5.2500e-015
8.200e-001	3.0477e-007	-1.3948e+013	-1.3929e+013	1.3929e+013	5.2500e-015
8.300e-001	3.0479e-007	-1.3967e+013	-1.3948e+013	1.3948e+013	5.2500e-015
8.400e-001	3.0480e-007	-1.3986e+013	-1.3967e+013	1.3967e+013	5.2500e-015
8.500e-001	3.0483e-007	-1.4005e+013	-1.3986e+013	1.3986e+013	5.2500e-015
8.600e-001	3.0485e-007	-1.4024e+013	-1.4005e+013	1.4005e+013	5.2500e-015
8.700e-001	3.0488e-007	-1.4043e+013	-1.4024e+013	1.4024e+013	5.2500e-015
8.800e-001	3.0491e-007	-1.4062e+013	-1.4043e+013	1.4043e+013	5.2500e-015
8.900e-001	3.0494e-007	-1.4081e+013	-1.4062e+013	1.4062e+013	5.2500e-015
9.000e-001	3.0498e-007	-1.4100e+013	-1.4081e+013	1.4081e+013	5.2500e-015
9.100e-001	3.0502e-007	-1.4119e+013	-1.4100e+013	1.4100e+013	5.2500e-015
9.200e-001	3.0507e-007	-1.4138e+013	-1.4119e+013	1.4119e+013	5.2500e-015
9.300e-001	3.0512e-007	-1.4157e+013	-1.4138e+013	1.4138e+013	5.2500e-015
9.400e-001	3.0519e-007	-1.4176e+013	-1.4157e+013	1.4157e+013	5.2500e-015
9.500e-001	3.0526e-007	-1.4195e+013	-1.4176e+013	1.4176e+013	5.2500e-015
9.600e-001	3.0534e-007	-1.4214e+013	-1.4195e+013	1.4195e+013	5.2500e-015
9.700e-001	3.0543e-007	-1.4233e+013	-1.4214e+013	1.4214e+013	5.2500e-015
9.800e-001	3.0554e-007	-1.4252e+013	-1.4233e+013	1.4233e+013	5.2500e-015
9.900e-001	3.0566e-007	-1.4272e+013	-1.4252e+013	1.4252e+013	5.2500e-015
1.000e+000	3.0580e-007	-1.4291e+013	-1.4272e+013	1.4271e+013	5.2500e-015
1.010e+000	3.0596e-007	-1.4310e+013	-1.4291e+013	1.4291e+013	5.2500e-015
1.020e+000	3.0615e-007	-1.4329e+013	-1.4310e+013	1.4310e+013	5.2500e-015
1.030e+000	3.0636e-007	-1.4348e+013	-1.4329e+013	1.4329e+013	5.2500e-015
1.040e+000	3.0660e-007	-1.4367e+013	-1.4348e+013	1.4348e+013	5.2500e-015
1.050e+000	3.0687e-007	-1.4386e+013	-1.4367e+013	1.4367e+013	5.2500e-015
1.060e+000	3.0719e-007	-1.4405e+013	-1.4386e+013	1.4386e+013	5.2500e-015
1.070e+000	3.0755e-007	-1.4425e+013	-1.4405e+013	1.4405e+013	5.2500e-015
1.080e+000	3.0797e-007	-1.4444e+013	-1.4425e+013	1.4425e+013	5.2500e-015
1.090e+000	3.0844e-007	-1.4463e+013	-1.4444e+013	1.4444e+013	5.2500e-015
1.100e+000	3.0898e-007	-1.4482e+013	-1.4463e+013	1.4463e+013	5.2500e-015
1.110e+000	3.0960e-007	-1.4502e+013	-1.4482e+013	1.4482e+013	5.2500e-015
1.120e+000	3.1031e-007	-1.4521e+013	-1.4502e+013	1.4502e+013	5.2500e-015
1.130e+000	3.1112e-007	-1.4540e+013	-1.4521e+013	1.4521e+013	5.2500e-015
1.140e+000	3.1187e-007	-1.4560e+013	-1.4540e+013	1.4540e+013	5.2500e-015
1.150e+000	3.1302e-007	-1.4579e+013	-1.4560e+013	1.4560e+013	5.2500e-015
1.160e+000	3.1418e-007	-1.4599e+013	-1.4579e+013	1.4579e+013	5.2500e-015
1.170e+000	3.1549e-007	-1.4619e+013	-1.4599e+013	1.4599e+013	5.2500e-015
1.180e+000	3.1681e-007	-1.4639e+013	-1.4619e+013	1.4619e+013	5.2500e-015
1.190e+000	3.1857e-007	-1.4658e+013	-1.4639e+013	1.4638e+013	5.2500e-015
1.200e+000	3.2040e-007	-1.4678e+013	-1.4658e+013	1.4658e+013	5.2500e-015
1.210e+000	3.2244e-007	-1.4699e+013	-1.4678e+013	1.4678e+013	5.2500e-015
1.220e+000	3.2471e-007	-1.4719e+013	-1.4699e+013	1.4699e+013	5.2500e-015
1.230e+000	3.2711e-007	-1.4739e+013	-1.4719e+013	1.4719e+013	5.2500e-015
1.240e+000	3.2999e-007	-1.4760e+013	-1.4739e+013	1.4739e+013	5.2500e-015
1.250e+000	3.3306e-007	-1.4781e+013	-1.4760e+013	1.4760e+013	5.2500e-015
1.260e+000	3.3647e-007	-1.4802e+013	-1.4781e+013	1.4781e+013	5.2500e-015
1.270e+000	3.4025e-007	-1.4823e+013	-1.4802e+013	1.4802e+013	5.2500e-015
1.280e+000	3.4448e-007	-1.4844e+013	-1.4823e+013	1.4823e+013	5.2500e-015
1.290e+000	3.4927e-007	-1.4866e+013	-1.4844e+013	1.4844e+013	5.2500e-015
1.300e+000	3.5476e-007	-1.4888e+013	-1.4866e+013	1.4866e+013	5.2500e-015
1.310e+000	3.6108e-007	-1.4911e+013	-1.4888e+013	1.4888e+013	5.2500e-015
1.320e+000	3.6884e-007	-1.4934e+013	-1.4911e+013	1.4911e+013	5.2500e-015
1.330e+000	3.7823e-007	-1.4957e+013	-1.4934e+013	1.4934e+013	5.2500e-015
1.340e+000	3.9002e-007	-1.4982e+013	-1.4957e+013	1.4957e+013	5.2500e-015
1.350e+000	4.0447e-007	-1.5007e+013	-1.4982e+013	1.4982e+013	5.2500e-015
1.360e+000	4.2432e-007	-1.5034e+013	-1.5007e+013	1.5007e+013	5.2500e-015
1.370e+000	4.5009e-007	-1.5062e+013	-1.5034e+013	1.5033e+013	5.2500e-015
1.380e+000	4.8382e-007	-1.5092e+013	-1.5062e+013	1.5062e+013	5.2500e-015
1.390e+000	5.2940e-007	-1.5125e+013	-1.5092e+013	1.5092e+013	5.2500e-015
1.400e+000	5.8910e-007	-1.5162e+013	-1.5125e+013	1.5125e+013	5.2500e-015
1.410e+000	6.6615e-007	-1.5203e+013	-1.5162e+013	1.5162e+013	5.2500e-015
1.420e+000	7.6429e-007	-1.5251e+013	-1.5203e+013	1.5203e+013	5.2500e-015
1.430e+000	8.8471e-007	-1.5306e+013	-1.5251e+013	1.5251e+013	5.2500e-015
1.440e+000	1.0272e-006	-1.5370e+013	-1.5306e+013	1.5306e+013	5.2500e-015
1.450e+000	1.1887e-006	-1.5444e+013	-1.5370e+013	1.5370e+013	5.2500e-015
1.460e+000	1.3654e-006	-1.5530e+013	-1.5444e+013	1.5444e+013	5.2500e-015
1.470e+000	1.5500e-006	-1.5626e+013	-1.5530e+013	1.5530e+013	5.2500e-015
1.480e+000	1.7365e-006	-1.5735e+013	-1.5626e+013	1.5626e+013	5.2500e-015
1.490e+000	1.9189e-006	-1.5855e+013	-1.5735e+013	1.5735e+013	5.2500e-015
1.500e+000	2.0940e-006	-1.5985e+013	-1.5855e+013	1.5855e+013	5.2500e-015
1.510e+000	2.2585e-006	-1.6126e+013	-1.5985e+013	1.5985e+013	5.2500e-015
1.520e+000	2.4113e-006	-1.6277e+013	-1.6126e+013	1.6126e+013	5.2500e-015
1.530e+000	2.5519e-006	-1.6436e+013	-1.6277e+013	1.6277e+013	5.2500e-015
1.540e+000	2.6811e-006	-1.6603e+013	-1.6436e+013	1.6436e+013	5.2500e-015
1.550e+000	2.7992e-006	-1.6778e+013	-1.6603e+013	1.6603e+013	5.2500e-015
1.560e+000	2.9072e-006	-1.6959e+013	-1.6778e+013	1.6778e+013	5.2500e-015
1.570e+000	3.0061e-006	-1.7147e+013	-1.6959e+013	1.6959e+013	5.2500e-015
1.580e+000	3.0970e-006	-1.7340e+013	-1.7147e+013	1.7147e+013	5.2500e-015
1.590e+000	3.1805e-006	-1.7539e+013	-1.7340e+013	1.7340e+013	5.2500e-015
1.600e+000	3.2578e-006	-1.7742e+013	-1.7539e+013	1.7539e+013	5.2500e-015
1.610e+000	3.3294e-006	-1.7950e+013	-1.7742e+013	1.7742e+013	5.2500e-015
1.620e+000	3.3961e-006	-1.8162e+013	-1.7950e+013	1.7950e+013	5.2500e-015
1.630e+000	3.4583e-006	-1.8378e+013	-1.8162e+013	1.8162e+013	5.2500e-015
1.640e+000	3.5166e-006	-1.8597e+013	-1.8378e+013	1.8378e+013	5.2500e-015
1.650e+000	3.5715e-006	-1.8820e+013	-1.8597e+013	1.8597e+013	5.2500e-015
1.660e+000	3.6232e-006	-1.9046e+013	-1.8820e+013	1.8820e+013	5.2500e-015
1.670e+000	3.6721e-006	-1.9276e+013	-1.9046e+013	1.9046e+013	5.2500e-015
1.680e+000	3.7187e-006	-1.9508e+013	-1.9276e+013	1.9276e+013	5.2500e-015
1.690e+000	3.7629e-006	-1.9743e+013	-1.9508e+013	1.9508e+013	5.2500e-015
1.700e+000	3.8050e-006	-1.9980e+013	-1.9743e+013	1.9743e+013	5.2500e-015
1.710e+000	3.8454e-006	-2.0220e+013	-1.9980e+013	1.9980e+013	5.2500e-015
1.720e+000	3.8823e-006	-2.0462e+013	-2.0220e+013	2.0220e+013	5.2500e-015
1.730e+000	3.8759e-006	-2.0704e+013	-2.0462e+013	2.0462e+013	5.2500e-015
1.740e+000	3.9061e-006	-2.0948e+013	-2.0704e+013	2.0704e+013	5.2500e-015
1.750e+000	3.9349e-006	-2.1194e+013	-2.0948e+013	2.0948e+013	5.2500e-015
1.760e+000	3.9624e-006	-2.1441e+013	-2.1194e+013	2.1194e+013	5.2500e-015
1.770e+000	3.9889e-006	-2.1690e+013	-2.1441e+013	2.1441e+013	5.2500e-015
1.780e+000	4.0142e-006	-2.1941e+013	-2.1690e+013	2.1690e+013	5.2500e-015
1.790e+000	4.0386e-006	-2.2193e+013	-2.1941e+013	2.1940e+013	5.2500e-015
1.800e+000	4.0622e-006	-2.2446e+013	-2.2193e+013	2.2193e+013	5.2500e-015
1.810e+000	4.0848e-006	-2.2701e+013	-2.2446e+013	2.2446e+013	5.2500e-015
1.820e+000	4.1067e-006	-2.2957e+013	-2.2701e+013	2.2701e+013	5.2500e-015
1.830e+000	4.1279e-006	-2.3215e+013	-2.2957e+013	2.2957e+013	5.2500e-015
1.840e+000	4.1484e-006	-2.3474e+013	-2.3215e+013	2.3215e+013	5.2500e-015
1.850e+000	4.1682e-006	-2.3734e+013	-2.3474e+013	2.3474e+013	5.2500e-015
1.860e+000	4.1874e-006	-2.3995e+013	-2.3734e+013	2.3734e+013	5.2500e-015
1.870e+000	4.2061e-006	-2.4258e+013	-2.3995e+013	2.3995e+013	5.2500e-015
1.880e+000	4.2242e-006	-2.4522e+013	-2.4258e+013	2.4258e+013	5.2500e-015
1.890e+000	4.2418e-006	-2.4786e+013	-2.4522e+013	2.4522e+013	5.2500e-015
1.900e+000	4.2590e-006	-2.5052e+013	-2.4786e+013	2.4786e+013	5.2500e-015
1.910e+000	4.2757e-006	-2.5319e+013	-2.5052e+013	2.5052e+013	5.2500e-015
1.920e+000	4.2920e-006	-2.5587e+013	-2.5319e+013	2.5319e+013	5.2500e-015
1.930e+000	4.3078e-006	-2.5856e+013	-2.5587e+013	2.5587e+013	5.2500e-015
1.940e+000	4.3233e-006	-2.6126e+013	-2.5856e+013	2.5856e+013	5.2500e-015
1.950e+000	4.3384e-006	-2.6396e+013	-2.6126e+013	2.6126e+013	5.2500e-015
1.960e+000	4.3532e-006	-2.6668e+013	-2.6396e+013	2.6396e+013	5.2500e-015
1.970e+000	4.3676e-006	-2.6941e+013	-2.6668e+013	2.6668e+013	5.2500e-015
1.980e+000	4.3817e-006	-2.7214e+013	-2.6941e+013	2.6941e+013	5.2500e-015
1.990e+000	4.3955e-006	-2.7489e+013	-2.7214e+013	2.7214e+013	5.2500e-015
2.000e+000	4.4066e-006	-2.7764e+013	-2.7489e+013	2.7489e+013	5.2500e-015
2.010e+000	4.4125e-006	-2.8039e+013	-2.7764e+013	2.7764e+013	5.2500e-015
2.020e+000	4.4250e-006	-2.8315e+013	-2.8039e+013	2.8039e+013	5.2500e-015
2.030e+000	4.4373e-006	-2.8592e+013	-2.8315e+013	2.8315e+013	5.2500e-015
2.040e+000	4.4492e-006	-2.8870e+013	-2.8592e+013	2.8592e+013	5.2500e-015
2.050e+000	4.4610e-006	-2.9148e+013	-2.8870e+013	2.8870e+013	5.2500e-015
2.060e+000	4.4725e-006	-2.9427e+013	-2.9148e+013	2.9148e+013	5.2500e-015
2.070e+000	4.4838e-006	-2.9707e+013	-2.9427e+013	2.9427e+013	5.2500e-015
2.080e+000	4.4950e-006	-2.9988e+013	-2.9707e+013	2.9707e+013	5.2500e-015
2.090e+000	4.5059e-006	-3.0269e+013	-2.9988e+013	2.9988e+013	5.2500e-015
2.100e+000	4.5166e-006	-3.0551e+013	-3.0269e+013	3.0269e+013	5.2500e-015
2.110e+000	4.5271e-006	-3.0834e+013	-3.0551e+013	3.0551e+013	5.2500e-015
2.120e+000	4.5374e-006	-3.1117e+013	-3.0834e+013	3.0834e+013	5.2500e-015
2.130e+000	4.5476e-006	-3.1401e+013	-3.1117e+013	3.1117e+013	5.2500e-015
2.140e+000	4.5576e-006	-3.1685e+013	-3.1401e+013	3.1401e+013	5.2500e-015
2.150e+000	4.5675e-006	-3.1970e+013	-3.1685e+013	3.1685e+013	5.2500e-015
2.160e+000	4.5772e-006	-3.2256e+013	-3.1970e+013	3.1970e+013	5.2500e-015
2.170e+000	4.5867e-006	-3.2542e+013	-3.2256e+013	3.2256e+013	5.2500e-015
2.180e+000	4.5961e-006	-3.2829e+013	-3.2542e+013	3.2542e+013	5.2500e-015
2.190e+000	4.6053e-006	-3.3116e+013	-3.2829e+013	3.2829e+013	5.2500e-015
2.200e+000	4.6144e-006	-3.3404e+013	-3.3116e+013	3.3116e+013	5.2500e-015
2.210e+000	4.6234e-006	-3.3693e+013	-3.3404e+013	3.3404e+013	5.2500e-015
2.220e+000	4.6322e-006	-3.3982e+013	-3.3693e+013	3.3693e+013	5.2500e-015
2.230e+000	4.6409e-006	-3.4272e+013	-3.3982e+013	3.3982e+013	5.2500e-015
2.240e+000	4.6495e-006	-3.4562e+013	-3.4272e+013	3.4272e+013	5.2500e-015
2.250e+000	4.6580e-006	-3.4853e+013	-3.4562e+013	3.4562e+013	5.2500e-015
2.260e+000	4.6664e-006	-3.5144e+013	-3.4853e+013	3.4853e+013	5.2500e-015
2.270e+000	4.6746e-006	-3.5436e+013	-3.5144e+013	3.5144e+013	5.2500e-015
2.280e+000	4.6827e-006	-3.5728e+013	-3.5436e+013	3.5436e+013	5.2500e-015
2.290e+000	4.6908e-006	-3.6021e+013	-3.5728e+013	3.5728e+013	5.2500e-015
2.300e+000	4.6987e-006	-3.6314e+013	-3.6021e+013	3.6021e+013	5.2500e-015
2.310e+000	4.7065e-006	-3.6608e+013	-3.6314e+013	3.6314e+013	5.2500e-015
2.320e+000	4.7142e-006	-3.6902e+013	-3.6608e+013	3.6608e+013	5.2500e-015
2.330e+000	4.7218e-006	-3.7197e+013	-3.6902e+013	3.6902e+013	5.2500e-015
2.340e+000	4.7293e-006	-3.7492e+013	-3.7197e+013	3.7197e+013	5.2500e-015
2.350e+000	4.7368e-006	-3.7788e+013	-3.7492e+013	3.7492e+013	5.2500e-015
2.360e+000	4.7441e-006	-3.8084e+013	-3.7788e+013	3.7788e+013	5.2500e-015
2.370e+000	4.7514e-006	-3.8380e+013	-3.8084e+013	3.8084e+013	5.2500e-015
2.380e+000	4.7585e-006	-3.8677e+013	-3.8380e+013	3.8380e+013	5.2500e-015
2.390e+000	4.7656e-006	-3.8975e+013	-3.8677e+013	3.8677e+013	5.2500e-015
2.400e+000	4.7726e-006	-3.9273e+013	-3.8975e+013	3.8975e+013	5.2500e-015
2.410e+000	4.7796e-006	-3.9571e+013	-3.9273e+013	3.9273e+013	5.2500e-015
2.420e+000	4.7864e-006	-3.9870e+013	-3.9571e+013	3.9571e+013	5.2500e-015
2.430e+000	4.7932e-006	-4.0169e+013	-3.9870e+013	3.9870e+013	5.2500e-015
2.440e+000	4.7999e-006	-4.0468e+013	-4.0169e+013	4.0169e+013	5.2500e-015
2.450e+000	4.8065e-006	-4.0768e+013	-4.0468e+013	4.0468e+013	5.2500e-015
2.460e+000	4.8130e-006	-4.1069e+013	-4.0768e+013	4.0768e+013	5.2500e-015
2.470e+000	4.8195e-006	-4.1370e+013	-4.1069e+013	4.1069e+013	5.2500e-015
2.480e+000	4.8259e-006	-4.1671e+013	-4.1370e+013	4.1370e+013	5.2500e-015
2.490e+000	4.8323e-006	-4.1972e+013	-4.1671e+013	4.1671e+013	5.2500e-015
2.500e+000	4.8386e-006	-4.2274e+013	-4.1972e+013	4.1972e+013	5.2500e-015
2.510e+000	4.8448e-006	-4.2577e+013	-4.2274e+013	4.2274e+013	5.2500e-015
2.520e+000	4.8509e-006	-4.2880e+013	-4.2577e+013	4.2577e+013	5.2500e-015
2.530e+000	4.8570e-006	-4.3183e+013	-4.2880e+013	4.2880e+013	5.2500e-015
2.540e+000	4.8630e-006	-4.3486e+013	-4.3183e+013	4.3183e+013	5.2500e-015
2.550e+000	4.8690e-006	-4.3790e+013	-4.3486e+013	4.3486e+013	5.2500e-015
2.560e+000	4.8749e-006	-4.4094e+013	-4.3790e+013	4.3790e+013	5.2500e-015
2.570e+000	4.8808e-006	-4.4399e+013	-4.4094e+013	4.4094e+013	5.2500e-015
2.580e+000	4.8866e-006	-4.4704e+013	-4.4399e+013	4.4399e+013	5.2500e-015
2.590e+000	4.8923e-006	-4.5009e+013	-4.4704e+013	4.4704e+013	5.2500e-015
2.600e+000	4.8980e-006	-4.5315e+013	-4.5009e+013	4.5009e+013	5.2500e-015
2.610e+000	4.9036e-006	-4.5621e+013	-4.5315e+013	4.5315e+013	5.2500e-015
2.620e+000	4.9092e-006	-4.5928e+013	-4.5621e+013	4.5621e+013	5.2500e-015
2.630e+000	4.9148e-006	-4.6234e+013	-4.5928e+013	4.5928e+013	5.2500e-015
2.640e+000	4.9192e-006	-4.6541e+013	-4.6234e+013	4.6234e+013	5.2500e-015
2.650e+000	4.9241e-006	-4.6849e+013	-4.6541e+013	4.6541e+013	5.2500e-015
2.660e+000	4.9294e-006	-4.7156e+013	-4.6849e+013	4.6849e+013	5.2500e-015
2.670e+000	4.9348e-006	-4.7464e+013	-4.7156e+013	4.7156e+013	5.2500e-015
2.680e+000	4.9400e-006	-4.7773e+013	-4.7464e+013	4.7464e+013	5.2500e-015
2.690e+000	4.9452e-006	-4.8081e+013	-4.7773e+013	4.7773e+013	5.2500e-015
2.700e+000	4.9504e-006	-4.8390e+013	-4.8081e+013	4.8081e+013	5.2500e-015
2.710e+000	4.9555e-006	-4.8700e+013	-4.8390e+013	4.8390e+013	5.2500e-015
2.720e+000	4.9606e-006	-4.9009e+013	-4.8700e+013	4.8700e+013	5.2500e-015
2.730e+000	4.9657e-006	-4.9319e+013	-4.9009e+013	4.9009e+013	5.2500e-015
2.740e+000	4.9707e-006	-4.9629e+013	-4.9319e+013	4.9319e+013	5.2500e-015
2.750e+000	4.9756e-006	-4.9940e+013	-4.9629e+013	4.9629e+013	5.2500e-015
2.760e+000	4.9805e-006	-5.0251e+013	-4.9940e+013	4.9940e+013	5.2500e-015
2.770e+000	4.9854e-006	-5.0562e+013	-5.0251e+013	5.0251e+013	5.2500e-015
2.780e+000	4.9903e-006	-5.0873e+013	-5.0562e+013	5.0562e+013	5.2500e-015
2.790e+000	4.9951e-006	-5.1185e+013	-5.0873e+013	5.0873e+013	5.2500e-015
2.800e+000	4.9998e-006	-5.1497e+013	-5.1185e+013	5.1185e+013	5.2500e-015
2.810e+000	5.0046e-006	-5.1810e+013	-5.1497e+013	5.1497e+013	5.2500e-015
2.820e+000	5.0092e-006	-5.2122e+013	-5.1810e+013	5.1810e+013	5.2500e-015
2.830e+000	5.0139e-006	-5.2435e+013	-5.2122e+013	5.2122e+013	5.2500e-015
2.840e+000	5.0185e-006	-5.2749e+013	-5.2435e+013	5.2435e+013	5.2500e-015
2.850e+000	5.0231e-006	-5.3062e+013	-5.2749e+013	5.2748e+013	5.2500e-015
2.860e+000	5.0276e-006	-5.3376e+013	-5.3062e+013	5.3062e+013	5.2500e-015
2.870e+000	5.0321e-006	-5.3690e+013	-5.3376e+013	5.3376e+013	5.2500e-015
2.880e+000	5.0366e-006	-5.4004e+013	-5.3690e+013	5.3690e+013	5.2500e-015
2.890e+000	5.0411e-006	-5.4319e+013	-5.4004e+013	5.4004e+013	5.2500e-015
2.900e+000	5.0455e-006	-5.4634e+013	-5.4319e+013	5.4319e+013	5.2500e-015
2.910e+000	5.0498e-006	-5.4949e+013	-5.4634e+013	5.4634e+013	5.2500e-015
2.920e+000	5.0542e-006	-5.5264e+013	-5.4949e+013	5.4949e+013	5.2500e-015
2.930e+000	5.0585e-006	-5.5580e+013	-5.5264e+013	5.5264e+013	5.2500e-015
2.940e+000	5.0628e-006	-5.5896e+013	-5.5580e+013	5.5580e+013	5.2500e-015
2.950e+000	5.0670e-006	-5.6212e+013	-5.5896e+013	5.5896e+013	5.2500e-015
2.960e+000	5.0713e-006	-5.6529e+013	-5.6212e+013	5.6212e+013	5.2500e-015
2.970e+000	5.0755e-006	-5.6846e+013	-5.6529e+013	5.6529e+013	5.2500e-015
2.980e+000	5.0796e-006	-5.7163e+013	-5.6846e+013	5.6846e+013	5.2500e-015
2.990e+000	5.0838e-006	-5.7480e+013	-5.7163e+013	5.7163e+013	5.2500e-015
3.000e+000	5.0879e-006	-5.7798e+013	-5.7480e+013	5.7480e+013	5.2500e-015
3.010e+000	5.0919e-006	-5.8115e+013	-5.7798e+013	5.7798e+013	5.2500e-015
3.020e+000	5.0960e-006	-5.8434e+013	-5.8115e+013	5.8115e+013	5.2500e-015
3.030e+000	5.1000e-006	-5.8752e+013	-5.8434e+013	5.8433e+013	5.2500e-015
3.040e+000	5.1040e-006	-5.9070e+013	-5.8752e+013	5.8752e+013	5.2500e-015
3.050e+000	5.1080e-006	-5.9389e+013	-5.9070e+013	5.9070e+013	5.2500e-015
3.060e+000	5.1119e-006	-5.9708e+013	-5.9389e+013	5.9389e+013	5.2500e-015
3.070e+000	5.1158e-006	-6.0028e+013	-5.9708e+013	5.9708e+013	5.2500e-015
3.080e+000	5.1197e-006	-6.0347e+013	-6.0028e+013	6.0028e+013	5.2500e-015
3.090e+000	5.1236e-006	-6.0667e+013	-6.0347e+013	6.0347e+013	5.2500e-015
3.100e+000	5.1274e-006	-6.0987e+013	-6.0667e+013	6.0667e+013	5.2500e-015
3.110e+000	5.1312e-006	-6.1307e+013	-6.0987e+013	6.0987e+013	5.2500e-015
3.120e+000	5.1350e-006	-6.1628e+013	-6.1307e+013	6.1307e+013	5.2500e-015
3.130e+000	5.1388e-006	-6.1948e+013	-6.1628e+013	6.1628e+013	5.2500e-015
3.140e+000	5.1425e-006	-6.2269e+013	-6.1948e+013	6.1948e+013	5.2500e-015
3.150e+000	5.1463e-006	-6.2591e+013	-6.2269e+013	6.2269e+013	5.2500e-015
3.160e+000	5.1500e-006	-6.2912e+013	-6.2591e+013	6.2591e+013	5.2500e-015
3.170e+000	5.1536e-006	-6.3234e+013	-6.2912e+013	6.2912e+013	5.2500e-015
3.180e+000	5.1573e-006	-6.3556e+013	-6.3234e+013	6.3234e+013	5.2500e-015
3.190e+000	5.1609e-006	-6.3878e+013	-6.3556e+013	6.3556e+013	5.2500e-015
3.200e+000	5.1645e-006	-6.4200e+013	-6.3878e+013	6.3878e+013	5.2500e-015
3.210e+000	5.1681e-006	-6.4523e+013	-6.4200e+013	6.4200e+013	5.2500e-015
3.220e+000	5.1717e-006	-6.4845e+013	-6.4523e+013	6.4523e+013	5.2500e-015
3.230e+000	5.1752e-006	-6.5168e+013	-6.4845e+013	6.4845e+013	5.2500e-015
3.240e+000	5.1787e-006	-6.5492e+013	-6.5168e+013	6.5168e+013	5.2500e-015
3.250e+000	5.1822e-006	-6.5815e+013	-6.5492e+013	6.5492e+013	5.2500e-015
3.260e+000	5.1857e-006	-6.6139e+013	-6.5815e+013	6.5815e+013	5.2500e-015
3.270e+000	5.1891e-006	-6.6463e+013	-6.6139e+013	6.6139e+013	5.2500e-015
3.280e+000	5.1926e-006	-6.6787e+013	-6.6463e+013	6.6463e+013	5.2500e-015
3.290e+000	5.1960e-006	-6.7111e+013	-6.6787e+013	6.6787e+013	5.2500e-015
3.300e+000	5.1994e-006	-6.7436e+013	-6.7111e+013	6.7111e+013	5.2500e-015
3.310e+000	5.2028e-006	-6.7760e+013	-6.7436e+013	6.7436e+013	5.2500e-015
3.320e+000	5.2061e-006	-6.8085e+013	-6.7760e+013	6.7760e+013	5.2500e-015
3.330e+000	5.2095e-006	-6.8410e+013	-6.8085e+013	6.8085e+013	5.2500e-015
3.340e+000	5.2128e-006	-6.8736e+013	-6.8410e+013	6.8410e+013	5.2500e-015
3.350e+000	5.2161e-006	-6.9061e+013	-6.8736e+013	6.8736e+013	5.2500e-015
3.360e+000	5.2194e-006	-6.9387e+013	-6.9061e+013	6.9061e+013	5.2500e-015
3.370e+000	5.2226e-006	-6.9713e+013	-6.9387e+013	6.9387e+013	5.2500e-015
3.380e+000	5.2259e-006	-7.0039e+013	-6.9713e+013	6.9713e+013	5.2500e-015
3.390e+000	5.2291e-006	-7.0366e+013	-7.0039e+013	7.0039e+013	5.2500e-015
3.400e+000	5.2323e-006	-7.0692e+013	-7.0366e+013	7.0366e+013	5.2500e-015
3.410e+000	5.2355e-006	-7.1019e+013	-7.0692e+013	7.0692e+013	5.2500e-015
3.420e+000	5.2387e-006	-7.1346e+013	-7.1019e+013	7.1019e+013	5.2500e-015
3.430e+000	5.2418e-006	-7.1673e+013	-7.1346e+013	7.1346e+013	5.2500e-015
3.440e+000	5.2450e-006	-7.2000e+013	-7.1673e+013	7.1673e+013	5.2500e-015
3.450e+000	5.2481e-006	-7.2328e+013	-7.2000e+013	7.2000e+013	5.2500e-015
3.460e+000	5.2512e-006	-7.2656e+013	-7.2328e+013	7.2328e+013	5.2500e-015
3.470e+000	5.2543e-006	-7.2984e+013	-7.2656e+013	7.2656e+013	5.2500e-015
3.480e+000	5.2574e-006	-7.3312e+013	-7.2984e+013	7.2984e+013	5.2500e-015
3.490e+000	5.2604e-006	-7.3640e+013	-7.3312e+013	7.3312e+013	5.2500e-015
3.500e+000	5.2635e-006	-7.3969e+013	-7.3640e+013	7.3640e+013	5.2500e-015
3.510e+000	5.2665e-006	-7.4297e+013	-7.3969e+013	7.3969e+013	5.2500e-015
3.520e+000	5.2695e-006	-7.4626e+013	-7.4297e+013	7.4297e+013	5.2500e-015
3.530e+000	5.2725e-006	-7.4955e+013	-7.4626e+013	7.4626e+013	5.2500e-015
3.540e+000	5.2755e-006	-7.5285e+013	-7.4955e+013	7.4955e+013	5.2500e-015
3.550e+000	5.2784e-006	-7.5614e+013	-7.5285e+013	7.5285e+013	5.2500e-015
3.560e+000	5.2814e-006	-7.5944e+013	-7.5614e+013	7.5614e+013	5.2500e-015
3.570e+000	5.2843e-006	-7.6274e+013	-7.5944e+013	7.5944e+013	5.2500e-015
3.580e+000	5.2872e-006	-7.6604e+013	-7.6274e+013	7.6274e+013	5.2500e-015
3.590e+000	5.2901e-006	-7.6934e+013	-7.6604e+013	7.6604e+013	5.2500e-015
3.600e+000	5.2930e-006	-7.7264e+013	-7.6934e+013	7.6934e+013	5.2500e-015
3.610e+000	5.2959e-006	-7.7595e+013	-7.7264e+013	7.7264e+013	5.2500e-015
3.620e+000	5.2988e-006	-7.7925e+013	-7.7595e+013	7.7595e+013	5.2500e-015
3.630e+000	5.3016e-006	-7.8256e+013	-7.7925e+013	7.7925e+013	5.2500e-015
3.640e+000	5.3044e-006	-7.8587e+013	-7.8256e+013	7.8256e+013	5.2500e-015
3.650e+000	5.3073e-006	-7.8919e+013	-7.8587e+013	7.8587e+013	5.2500e-015
3.660e+000	5.3101e-006	-7.9250e+013	-7.8919e+013	7.8919e+013	5.2500e-015
3.670e+000	5.3129e-006	-7.9582e+013	-7.9250e+013	7.9250e+013	5.2500e-015
3.680e+000	5.3156e-006	-7.9913e+013	-7.9582e+013	7.9582e+013	5.2500e-015
3.690e+000	5.3184e-006	-8.0245e+013	-7.9913e+013	7.9913e+013	5.2500e-015
3.700e+000	5.3212e-006	-8.0577e+013	-8.0245e+013	8.0245e+013	5.2500e-015
3.710e+000	5.3239e-006	-8.0910e+013	-8.0577e+013	8.0577e+013	5.2500e-015
3.720e+000	5.3266e-006	-8.1242e+013	-8.0910e+013	8.0910e+013	5.2500e-015
3.730e+000	5.3293e-006	-8.1575e+013	-8.1242e+013	8.1242e+013	5.2500e-015
3.740e+000	5.3320e-006	-8.1908e+013	-8.1575e+013	8.1575e+013	5.2500e-015
3.750e+000	5.3347e-006	-8.2241e+013	-8.1908e+013	8.1908e+013	5.2500e-015
3.760e+000	5.3374e-006	-8.2574e+013	-8.2241e+013	8.2241e+013	5.2500e-015
3.770e+000	5.3401e-006	-8.2907e+013	-8.2574e+013	8.2574e+013	5.2500e-015
3.780e+000	5.3427e-006	-8.3241e+013	-8.2907e+013	8.2907e+013	5.2500e-015
3.790e+000	5.3453e-006	-8.3574e+013	-8.3241e+013	8.3240e+013	5.2500e-015
3.800e+000	5.3480e-006	-8.3908e+013	-8.3574e+013	8.3574e+013	5.2500e-015
3.810e+000	5.3506e-006	-8.4242e+013	-8.3908e+013	8.3908e+013	5.2500e-015
3.820e+000	5.3532e-006	-8.4576e+013	-8.4242e+013	8.4242e+013	5.2500e-015
3.830e+000	5.3558e-006	-8.4910e+013	-8.4576e+013	8.4576e+013	5.2500e-015
3.840e+000	5.3584e-006	-8.5245e+013	-8.4910e+013	8.4910e+013	5.2500e-015
3.850e+000	5.3609e-006	-8.5579e+013	-8.5245e+013	8.5245e+013	5.2500e-015
3.860e+000	5.3635e-006	-8.5914e+013	-8.5579e+013	8.5579e+013	5.2500e-015
3.870e+000	5.3660e-006	-8.6249e+013	-8.5914e+013	8.5914e+013	5.2500e-015
3.880e+000	5.3686e-006	-8.6584e+013	-8.6249e+013	8.6249e+013	5.2500e-015
3.890e+000	5.3711e-006	-8.6919e+013	-8.6584e+013	8.6584e+013	5.2500e-015
3.900e+000	5.3736e-006	-8.7255e+013	-8.6919e+013	8.6919e+013	5.2500e-015
3.910e+000	5.3761e-006	-8.7590e+013	-8.7255e+013	8.7255e+013	5.2500e-015
3.920e+000	5.3786e-006	-8.7926e+013	-8.7590e+013	8.7590e+013	5.2500e-015
3.930e+000	5.3811e-006	-8.8262e+013	-8.7926e+013	8.7926e+013	5.2500e-015
3.940e+000	5.3835e-006	-8.8598e+013	-8.8262e+013	8.8262e+013	5.2500e-015
3.950e+000	5.3860e-006	-8.8934e+013	-8.8598e+013	8.8598e+013	5.2500e-015
3.960e+000	5.3884e-006	-8.9270e+013	-8.8934e+013	8.8934e+013	5.2500e-015
3.970e+000	5.3909e-006	-8.9607e+013	-8.9270e+013	8.9270e+013	5.2500e-015
3.980e+000	5.3933e-006	-8.9943e+013	-8.9607e+013	8.9607e+013	5.2500e-015
3.990e+000	5.3957e-006	-9.0280e+013	-8.9943e+013	8.9943e+013	5.2500e-015
4.000e+000	5.3981e-006	-9.0617e+013	-9.0280e+013	9.0280e+013	5.2500e-015
4.010e+000	5.4005e-006	-9.0954e+013	-9.0617e+013	9.0617e+013	5.2500e-015
4.020e+000	5.4029e-006	-9.1291e+013	-9.0954e+013	9.0954e+013	5.2500e-015
4.030e+000	5.4053e-006	-9.1629e+013	-9.1291e+013	9.1291e+013	5.2500e-015
4.040e+000	5.4076e-006	-9.1966e+013	-9.1629e+013	9.1629e+013	5.2500e-015
4.050e+000	5.4100e-006	-9.2304e+013	-9.1966e+013	9.1966e+013	5.2500e-015
4.060e+000	5.4123e-006	-9.2642e+013	-9.2304e+013	9.2304e+013	5.2500e-015
4.070e+000	5.4147e-006	-9.2980e+013	-9.2642e+013	9.2642e+013	5.2500e-015
4.080e+000	5.4170e-006	-9.3318e+013	-9.2980e+013	9.2980e+013	5.2500e-015
4.090e+000	5.4193e-006	-9.3656e+013	-9.3318e+013	9.3318e+013	5.2500e-015
4.100e+000	5.4216e-006	-9.3994e+013	-9.3656e+013	9.3656e+013	5.2500e-015
4.110e+000	5.4239e-006	-9.4333e+013	-9.3994e+013	9.3994e+013	5.2500e-015
4.120e+000	5.4262e-006	-9.4672e+013	-9.4333e+013	9.4333e+013	5.2500e-015
4.130e+000	5.4285e-006	-9.5010e+013	-9.4672e+013	9.4672e+013	5.2500e-015
4.140e+000	5.4307e-006	-9.5349e+013	-9.5010e+013	9.5010e+013	5.2500e-015
4.150e+000	5.4330e-006	-9.5689e+013	-9.5349e+013	9.5349e+013	5.2500e-015
4.160e+000	5.4352e-006	-9.6028e+013	-9.5689e+013	9.5689e+013	5.2500e-015
4.170e+000	5.4375e-006	-9.6367e+013	-9.6028e+013	9.6028e+013	5.2500e-015
4.180e+000	5.4397e-006	-9.6707e+013	-9.6367e+013	9.6367e+013	5.2500e-015
4.190e+000	5.4419e-006	-9.7046e+013	-9.6707e+013	9.6707e+013	5.2500e-015
4.200e+000	5.4442e-006	-9.7386e+013	-9.7046e+013	9.7046e+013	5.2500e-015
4.210e+000	5.4464e-006	-9.7726e+013	-9.7386e+013	9.7386e+013	5.2500e-015
4.220e+000	5.4486e-006	-9.8066e+013	-9.7726e+013	9.7726e+013	5.2500e-015
4.230e+000	5.4508e-006	-9.8406e+013	-9.8066e+013	9.8066e+013	5.2500e-015
4.240e+000	5.4529e-006	-9.8747e+013	-9.8406e+013	9.8406e+013	5.2500e-015
4.250e+000	5.4551e-006	-9.9087e+013	-9.8747e+013	9.8747e+013	5.2500e-015
4.260e+000	5.4573e-006	-9.9428e+013	-9.9087e+013	9.9087e+013	5.2500e-015
4.270e+000	5.4594e-006	-9.9769e+013	-9.9428e+013	9.9428e+013	5.2500e-015
4.280e+000	5.4616e-006	-1.0011e+014	-9.9769e+013	9.9769e+013	5.2500e-015
4.290e+000	5.4637e-006	-1.0045e+014	-1.0011e+014	1.0011e+014	5.2500e-015
4.300e+000	5.4659e-006	-1.0079e+014	-1.0045e+014	1.0045e+014	5.2500e-015
4.310e+000	5.4680e-006	-1.0113e+014	-1.0079e+014	1.0079e+014	5.2500e-015
4.320e+000	5.4701e-006	-1.0147e+014	-1.0113e+014	1.0113e+014	5.2500e-015
4.330e+000	5.4722e-006	-1.0182e+014	-1.0147e+014	1.0147e+014	5.2500e-015
4.340e+000	5.4743e-006	-1.0216e+014	-1.0182e+014	1.0182e+014	5.2500e-015
4.350e+000	5.4763e-006	-1.0250e+014	-1.0216e+014	1.0216e+014	5.2500e-015
4.360e+000	5.4783e-006	-1.0284e+014	-1.0250e+014	1.0250e+014	5.2500e-015
4.370e+000	5.4804e-006	-1.0318e+014	-1.0284e+014	1.0284e+014	5.2500e-015
4.380e+000	5.4824e-006	-1.0353e+014	-1.0318e+014	1.0318e+014	5.2500e-015
4.390e+000	5.4845e-006	-1.0387e+014	-1.0353e+014	1.0353e+014	5.2500e-015
4.400e+000	5.4866e-006	-1.0421e+014	-1.0387e+014	1.0387e+014	5.2500e-015
4.410e+000	5.4886e-006	-1.0455e+014	-1.0421e+014	1.0421e+014	5.2500e-015
4.420e+000	5.4906e-006	-1.0490e+014	-1.0455e+014	1.0455e+014	5.2500e-015
4.430e+000	5.4927e-006	-1.0524e+014	-1.0490e+014	1.0490e+014	5.2500e-015
4.440e+000	5.4947e-006	-1.0558e+014	-1.0524e+014	1.0524e+014	5.2500e-015
4.450e+000	5.4967e-006	-1.0592e+014	-1.0558e+014	1.0558e+014	5.2500e-015
4.460e+000	5.4987e-006	-1.0627e+014	-1.0592e+014	1.0592e+014	5.2500e-015
4.470e+000	5.5007e-006	-1.0661e+014	-1.0627e+014	1.0627e+014	5.2500e-015
4.480e+000	5.5027e-006	-1.0695e+014	-1.0661e+014	1.0661e+014	5.2500e-015
4.490e+000	5.5047e-006	-1.0730e+014	-1.0695e+014	1.0695e+014	5.2500e-015
4.500e+000	5.5067e-006	-1.0764e+014	-1.0730e+014	1.0730e+014	5.2500e-015
4.510e+000	5.5087e-006	-1.0799e+014	-1.0764e+014	1.0764e+014	5.2500e-015
4.520e+000	5.5106e-006	-1.0833e+014	-1.0799e+014	1.0799e+014	5.2500e-015
4.530e+000	5.5126e-006	-1.0867e+014	-1.0833e+014	1.0833e+014	5.2500e-015
4.540e+000	5.5145e-006	-1.0902e+014	-1.0867e+014	1.0867e+014	5.2500e-015
4.550e+000	5.5165e-006	-1.0936e+014	-1.0902e+014	1.0902e+014	5.2500e-015
4.560e+000	5.5184e-006	-1.0971e+014	-1.0936e+014	1.0936e+014	5.2500e-015
4.570e+000	5.5203e-006	-1.1005e+014	-1.0971e+014	1.0971e+014	5.2500e-015
4.580e+000	5.5223e-006	-1.1040e+014	-1.1005e+014	1.1005e+014	5.2500e-015
4.590e+000	5.5242e-006	-1.1074e+014	-1.1040e+014	1.1040e+014	5.2500e-015
4.600e+000	5.5261e-006	-1.1109e+014	-1.1074e+014	1.1074e+014	5.2500e-015
4.610e+000	5.5280e-006	-1.1143e+014	-1.1109e+014	1.1109e+014	5.2500e-015
4.620e+000	5.5299e-006	-1.1178e+014	-1.1143e+014	1.1143e+014	5.2500e-015
4.630e+000	5.5318e-006	-1.1212e+014	-1.1178e+014	1.1178e+014	5.2500e-015
4.640e+000	5.5337e-006	-1.1247e+014	-1.1212e+014	1.1212e+014	5.2500e-015
4.650e+000	5.5356e-006	-1.1281e+014	-1.1247e+014	1.1247e+014	5.2500e-015
4.660e+000	5.5374e-006	-1.1316e+014	-1.1281e+014	1.1281e+014	5.2500e-015
4.670e+000	5.5393e-006	-1.1350e+014	-1.1316e+014	1.1316e+014	5.2500e-015
4.680e+000	5.5412e-006	-1.1385e+014	-1.1350e+014	1.1350e+014	5.2500e-015
4.690e+000	5.5430e-006	-1.1419e+014	-1.1385e+014	1.1385e+014	5.2500e-015
4.700e+000	5.5449e-006	-1.1454e+014	-1.1419e+014	1.1419e+014	5.2500e-015
4.710e+000	5.5467e-006	-1.1489e+014	-1.1454e+014	1.1454e+014	5.2500e-015
4.720e+000	5.5485e-006	-1.1523e+014	-1.1489e+014	1.1489e+014	5.2500e-015
4.730e+000	5.5504e-006	-1.1558e+014	-1.1523e+014	1.1523e+014	5.2500e-015
4.740e+000	5.5522e-006	-1.1593e+014	-1.1558e+014	1.1558e+014	5.2500e-015
4.750e+000	5.5540e-006	-1.1627e+014	-1.1593e+014	1.1593e+014	5.2500e-015
4.760e+000	5.5558e-006	-1.1662e+014	-1.1627e+014	1.1627e+014	5.2500e-015
4.770e+000	5.5576e-006	-1.1697e+014	-1.1662e+014	1.1662e+014	5.2500e-015
4.780e+000	5.5594e-006	-1.1731e+014	-1.1697e+014	1.1697e+014	5.2500e-015
4.790e+000	5.5612e-006	-1.1766e+014	-1.1731e+014	1.1731e+014	5.2500e-015
4.800e+000	5.5630e-006	-1.1801e+014	-1.1766e+014	1.1766e+014	5.2500e-015
4.810e+000	5.5648e-006	-1.1836e+014	-1.1801e+014	1.1801e+014	5.2500e-015
4.820e+000	5.5666e-006	-1.1870e+014	-1.1836e+014	1.1836e+014	5.2500e-015
4.830e+000	5.5683e-006	-1.1905e+014	-1.1870e+014	1.1870e+014	5.2500e-015
4.840e+000	5.5701e-006	-1.1940e+014	-1.1905e+014	1.1905e+014	5.2500e-015
4.850e+000	5.5719e-006	-1.1975e+014	-1.1940e+014	1.1940e+014	5.2500e-015
4.860e+000	5.5736e-006	-1.2009e+014	-1.1975e+014	1.1975e+014	5.2500e-015
4.870e+000	5.5754e-006	-1.2044e+014	-1.2009e+014	1.2009e+014	5.2500e-015
4.880e+000	5.5771e-006	-1.2079e+014	-1.2044e+014	1.2044e+014	5.2500e-015
4.890e+000	5.5789e-006	-1.2114e+014	-1.2079e+014	1.2079e+014	5.2500e-015
4.900e+000	5.5806e-006	-1.2149e+014	-1.2114e+014	1.2114e+014	5.2500e-015
4.910e+000	5.5823e-006	-1.2183e+014	-1.2149e+014	1.2149e+014	5.2500e-015
4.920e+000	5.5840e-006	-1.2218e+014	-1.2183e+014	1.2183e+014	5.2500e-015
4.930e+000	5.5858e-006	-1.2253e+014	-1.2218e+014	1.2218e+014	5.2500e-015
4.940e+000	5.5875e-006	-1.2288e+014	-1.2253e+014	1.2253e+014	5.2500e-015
4.950e+000	5.5892e-006	-1.2323e+014	-1.2288e+014	1.2288e+014	5.2500e-015
4.960e+000	5.5909e-006	-1.2358e+014	-1.2323e+014	1.2323e+014	5.2500e-015
4.970e+000	5.5926e-006	-1.2393e+014	-1.2358e+014	1.2358e+014	5.2500e-015
4.980e+000	5.5943e-006	-1.2428e+014	-1.2393e+014	1.2393e+014	5.2500e-015
4.990e+000	5.5959e-006	-1.2463e+014	-1.2428e+014	1.2428e+014	5.2500e-015
5.000e+000	5.5976e-006	-1.2498e+014	-1.2463e+014	1.2463e+014	5.2500e-015
5.010e+000	5.5993e-006	-1.2532e+014	-1.2498e+014	1.2498e+014	5.2500e-015
5.020e+000	5.6010e-006	-1.2567e+014	-1.2532e+014	1.2532e+014	5.2500e-015
5.030e+000	5.6026e-006	-1.2602e+014	-1.2567e+014	1.2567e+014	5.2500e-015
5.040e+000	5.6043e-006	-1.2637e+014	-1.2602e+014	1.2602e+014	5.2500e-015
5.050e+000	5.6059e-006	-1.2672e+014	-1.2637e+014	1.2637e+014	5.2500e-015
5.060e+000	5.6076e-006	-1.2707e+014	-1.2672e+014	1.2672e+014	5.2500e-015
5.070e+000	5.6092e-006	-1.2742e+014	-1.2707e+014	1.2707e+014	5.2500e-015
5.080e+000	5.6109e-006	-1.2777e+014	-1.2742e+014	1.2742e+014	5.2500e-015
5.090e+000	5.6125e-006	-1.2812e+014	-1.2777e+014	1.2777e+014	5.2500e-015
5.100e+000	5.6141e-006	-1.2847e+014	-1.2812e+014	1.2812e+014	5.2500e-015
5.110e+000	5.6157e-006	-1.2883e+014	-1.2847e+014	1.2847e+014	5.2500e-015
5.120e+000	5.6174e-006	-1.2918e+014	-1.2883e+014	1.2883e+014	5.2500e-015
5.130e+000	5.6190e-006	-1.2953e+014	-1.2918e+014	1.2918e+014	5.2500e-015
5.140e+000	5.6206e-006	-1.2988e+014	-1.2953e+014	1.2953e+014	5.2500e-015
5.150e+000	5.6222e-006	-1.3023e+014	-1.2988e+014	1.2988e+014	5.2500e-015
5.160e+000	5.6238e-006	-1.3058e+014	-1.3023e+014	1.3023e+014	5.2500e-015
5.170e+000	5.6254e-006	-1.3093e+014	-1.3058e+014	1.3058e+014	5.2500e-015
5.180e+000	5.6270e-006	-1.3128e+014	-1.3093e+014	1.3093e+014	5.2500e-015
5.190e+000	5.6286e-006	-1.3163e+014	-1.3128e+014	1.3128e+014	5.2500e-015
5.200e+000	5.6301e-006	-1.3198e+014	-1.3163e+014	1.3163e+014	5.2500e-015
5.210e+000	5.6317e-006	-1.3234e+014	-1.3198e+014	1.3198e+014	5.2500e-015
5.220e+000	5.6333e-006	-1.3269e+014	-1.3234e+014	1.3234e+014	5.2500e-015
5.230e+000	5.6349e-006	-1.3304e+014	-1.3269e+014	1.3269e+014	5.2500e-015
5.240e+000	5.6364e-006	-1.3339e+014	-1.3304e+014	1.3304e+014	5.2500e-015
5.250e+000	5.6380e-006	-1.3374e+014	-1.3339e+014	1.3339e+014	5.2500e-015
5.260e+000	5.6395e-006	-1.3409e+014	-1.3374e+014	1.3374e+014	5.2500e-015
5.270e+000	5.6411e-006	-1.3445e+014	-1.3409e+014	1.3409e+014	5.2500e-015
5.280e+000	5.6426e-006	-1.3480e+014	-1.3445e+014	1.3445e+014	5.2500e-015
5.290e+000	5.6442e-006	-1.3515e+014	-1.3480e+014	1.3480e+014	5.2500e-015
5.300e+000	5.6457e-006	-1.3550e+014	-1.3515e+014	1.3515e+014	5.2500e-015
5.310e+000	5.6472e-006	-1.3586e+014	-1.3550e+014	1.3550e+014	5.2500e-015
5.320e+000	5.6488e-006	-1.3621e+014	-1.3586e+014	1.3586e+014	5.2500e-015
5.330e+000	5.6503e-006	-1.3656e+014	-1.3621e+014	1.3621e+014	5.2500e-015
5.340e+000	5.6518e-006	-1.3691e+014	-1.3656e+014	1.3656e+014	5.2500e-015
5.350e+000	5.6533e-006	-1.3727e+014	-1.3691e+014	1.3691e+014	5.2500e-015
5.360e+000	5.6548e-006	-1.3762e+014	-1.3727e+014	1.3727e+014	5.2500e-015
5.370e+000	5.6563e-006	-1.3797e+014	-1.3762e+014	1.3762e+014	5.2500e-015
5.380e+000	5.6578e-006	-1.3833e+014	-1.3797e+014	1.3797e+014	5.2500e-015
5.390e+000	5.6593e-006	-1.3868e+014	-1.3833e+014	1.3833e+014	5.2500e-015
5.400e+000	5.6608e-006	-1.3903e+014	-1.3868e+014	1.3868e+014	5.2500e-015
5.410e+000	5.6623e-006	-1.3939e+014	-1.3903e+014	1.3903e+014	5.2500e-015
5.420e+000	5.6638e-006	-1.3974e+014	-1.3939e+014	1.3939e+014	5.2500e-015
5.430e+000	5.6653e-006	-1.4009e+014	-1.3974e+014	1.3974e+014	5.2500e-015
5.440e+000	5.6668e-006	-1.4045e+014	-1.4009e+014	1.4009e+014	5.2500e-015
5.450e+000	5.6682e-006	-1.4080e+014	-1.4045e+014	1.4045e+014	5.2500e-015
5.460e+000	5.6697e-006	-1.4115e+014	-1.4080e+014	1.4080e+014	5.2500e-015
5.470e+000	5.6712e-006	-1.4151e+014	-1.4115e+014	1.4115e+014	5.2500e-015
5.480e+000	5.6726e-006	-1.4186e+014	-1.4151e+014	1.4151e+014	5.2500e-015
5.490e+000	5.6741e-006	-1.4222e+014	-1.4186e+014	1.4186e+014	5.2500e-015
5.500e+000	5.6756e-006	-1.4257e+014	-1.4222e+014	1.4222e+014	5.2500e-015
5.510e+000	5.6770e-006	-1.4293e+014	-1.4257e+014	1.4257e+014	5.2500e-015
5.520e+000	5.6785e-006	-1.4328e+014	-1.4293e+014	1.4293e+014	5.2500e-015
5.530e+000	5.6799e-006	-1.4363e+014	-1.4328e+014	1.4328e+014	5.2500e-015
5.540e+000	5.6813e-006	-1.4399e+014	-1.4363e+014	1.4363e+014	5.2500e-015
5.550e+000	5.6828e-006	-1.4434e+014	-1.4399e+014	1.4399e+014	5.2500e-015
5.560e+000	5.6842e-006	-1.4470e+014	-1.4434e+014	1.4434e+014	5.2500e-015
5.570e+000	5.6856e-006	-1.4505e+014	-1.4470e+014	1.4470e+014	5.2500e-015
5.580e+000	5.6870e-006	-1.4541e+014	-1.4505e+014	1.4505e+014	5.2500e-015
5.590e+000	5.6885e-006	-1.4576e+014	-1.4541e+014	1.4541e+014	5.2500e-015
5.600e+000	5.6899e-006	-1.4612e+014	-1.4576e+014	1.4576e+014	5.2500e-015
5.610e+000	5.6913e-006	-1.4647e+014	-1.4612e+014	1.4612e+014	5.2500e-015
5.620e+000	5.6927e-006	-1.4683e+014	-1.4647e+014	1.4647e+014	5.2500e-015
5.630e+000	5.6941e-006	-1.4718e+014	-1.4683e+014	1.4683e+014	5.2500e-015
5.640e+000	5.6955e-006	-1.4754e+014	-1.4718e+014	1.4718e+014	5.2500e-015
5.650e+000	5.6969e-006	-1.4790e+014	-1.4754e+014	1.4754e+014	5.2500e-015
5.660e+000	5.6983e-006	-1.4825e+014	-1.4790e+014	1.4790e+014	5.2500e-015
5.670e+000	5.6997e-006	-1.4861e+014	-1.4825e+014	1.4825e+014	5.2500e-015
5.680e+000	5.7011e-006	-1.4896e+014	-1.4861e+014	1.4861e+014	5.2500e-015
5.690e+000	5.7024e-006	-1.4932e+014	-1.4896e+014	1.4896e+014	5.2500e-015
5.700e+000	5.7038e-006	-1.4967e+014	-1.4932e+014	1.4932e+014	5.2500e-015
5.710e+000	5.7052e-006	-1.5003e+014	-1.4967e+014	1.4967e+014	5.2500e-015
5.720e+000	5.7066e-006	-1.5039e+014	-1.5003e+014	1.5003e+014	5.2500e-015
5.730e+000	5.7079e-006	-1.5074e+014	-1.5039e+014	1.5039e+014	5.2500e-015
5.740e+000	5.7093e-006	-1.5110e+014	-1.5074e+014	1.5074e+014	5.2500e-015
5.750e+000	5.7107e-006	-1.5146e+014	-1.5110e+014	1.5110e+014	5.2500e-015
5.760e+000	5.7120e-006	-1.5181e+014	-1.5146e+014	1.5146e+014	5.2500e-015
5.770e+000	5.7134e-006	-1.5217e+014	-1.5181e+014	1.5181e+014	5.2500e-015
5.780e+000	5.7147e-006	-1.5253e+014	-1.5217e+014	1.5217e+014	5.2500e-015
5.790e+000	5.7161e-006	-1.5288e+014	-1.5253e+014	1.5253e+014	5.2500e-015
5.800e+000	5.7174e-006	-1.5324e+014	-1.5288e+014	1.5288e+014	5.2500e-015
5.810e+000	5.7188e-006	-1.5360e+014	-1.5324e+014	1.5324e+014	5.2500e-015
5.820e+000	5.7201e-006	-1.5395e+014	-1.5360e+014	1.5360e+014	5.2500e-015
5.830e+000	5.7214e-006	-1.5431e+014	-1.5395e+014	1.5395e+014	5.2500e-015
5.840e+000	5.7228e-006	-1.5467e+014	-1.5431e+014	1.5431e+014	5.2500e-015
5.850e+000	5.7241e-006	-1.5502e+014	-1.5467e+014	1.5467e+014	5.2500e-015
5.860e+000	5.7254e-006	-1.5538e+014	-1.5502e+014	1.5502e+014	5.2500e-015
5.870e+000	5.7267e-006	-1.5574e+014	-1.5538e+014	1.5538e+014	5.2500e-015
5.880e+000	5.7281e-006	-1.5610e+014	-1.5574e+014	1.5574e+014	5.2500e-015
5.890e+000	5.7294e-006	-1.5645e+014	-1.5610e+014	1.5610e+014	5.2500e-015
5.900e+000	5.7307e-006	-1.5681e+014	-1.5645e+014	1.5645e+014	5.2500e-015
5.910e+000	5.7320e-006	-1.5717e+014	-1.5681e+014	1.5681e+014	5.2500e-015
5.920e+000	5.7333e-006	-1.5753e+014	-1.5717e+014	1.5717e+014	5.2500e-015
5.930e+000	5.7346e-006	-1.5789e+014	-1.5753e+014	1.5753e+014	5.2500e-015
5.940e+000	5.7359e-006	-1.5824e+014	-1.5789e+014	1.5789e+014	5.2500e-015
5.950e+000	5.7372e-006	-1.5860e+014	-1.5824e+014	1.5824e+014	5.2500e-015
5.960e+000	5.7385e-006	-1.5896e+014	-1.5860e+014	1.5860e+014	5.2500e-015
5.970e+000	5.7398e-006	-1.5932e+014	-1.5896e+014	1.5896e+014	5.2500e-015
5.980e+000	5.7410e-006	-1.5968e+014	-1.5932e+014	1.5932e+014	5.2500e-015
5.990e+000	5.7423e-006	-1.6003e+014	-1.5968e+014	1.5968e+014	5.2500e-015
6.000e+000	5.7436e-006	-1.6039e+014	-1.6003e+014	1.6003e+014	5.2500e-015
6.010e+000	5.7449e-006	-1.6075e+014	-1.6039e+014	1.6039e+014	5.2500e-015
6.020e+000	5.7462e-006	-1.6111e+014	-1.6075e+014	1.6075e+014	5.2500e-015
6.030e+000	5.7474e-006	-1.6147e+014	-1.6111e+014	1.6111e+014	5.2500e-015
6.040e+000	5.7487e-006	-1.6183e+014	-1.6147e+014	1.6147e+014	5.2500e-015
6.050e+000	5.7500e-006	-1.6219e+014	-1.6183e+014	1.6183e+014	5.2500e-015
6.060e+000	5.7512e-006	-1.6255e+014	-1.6219e+014	1.6219e+014	5.2500e-015
6.070e+000	5.7525e-006	-1.6291e+014	-1.6255e+014	1.6255e+014	5.2500e-015
6.080e+000	5.7537e-006	-1.6326e+014	-1.6291e+014	1.6291e+014	5.2500e-015
6.090e+000	5.7550e-006	-1.6362e+014	-1.6326e+014	1.6326e+014	5.2500e-015
6.100e+000	5.7562e-006	-1.6398e+014	-1.6362e+014	1.6362e+014	5.2500e-015
6.110e+000	5.7575e-006	-1.6434e+014	-1.6398e+014	1.6398e+014	5.2500e-015
6.120e+000	5.7587e-006	-1.6470e+014	-1.6434e+014	1.6434e+014	5.2500e-015
6.130e+000	5.7600e-006	-1.6506e+014	-1.6470e+014	1.6470e+014	5.2500e-015
6.140e+000	5.7612e-006	-1.6542e+014	-1.6506e+014	1.6506e+014	5.2500e-015
6.150e+000	5.7624e-006	-1.6578e+014	-1.6542e+014	1.6542e+014	5.2500e-015
6.160e+000	5.7637e-006	-1.6614e+014	-1.6578e+014	1.6578e+014	5.2500e-015
6.170e+000	5.7649e-006	-1.6650e+014	-1.6614e+014	1.6614e+014	5.2500e-015
6.180e+000	5.7661e-006	-1.6686e+014	-1.6650e+014	1.6650e+014	5.2500e-015
6.190e+000	5.7673e-006	-1.6722e+014	-1.6686e+014	1.6686e+014	5.2500e-015
6.200e+000	5.7686e-006	-1.6758e+014	-1.6722e+014	1.6722e+014	5.2500e-015
6.210e+000	5.7698e-006	-1.6794e+014	-1.6758e+014	1.6758e+014	5.2500e-015
6.220e+000	5.7710e-006	-1.6830e+014	-1.6794e+014	1.6794e+014	5.2500e-015
6.230e+000	5.7722e-006	-1.6866e+014	-1.6830e+014	1.6830e+014	5.2500e-015
6.240e+000	5.7734e-006	-1.6902e+014	-1.6866e+014	1.6866e+014	5.2500e-015
6.250e+000	5.7746e-006	-1.6938e+014	-1.6902e+014	1.6902e+014	5.2500e-015
6.260e+000	5.7758e-006	-1.6974e+014	-1.6938e+014	1.6938e+014	5.2500e-015
6.270e+000	5.7770e-006	-1.7010e+014	-1.6974e+014	1.6974e+014	5.2500e-015
6.280e+000	5.7782e-006	-1.7046e+014	-1.7010e+014	1.7010e+014	5.2500e-015
6.290e+000	5.7794e-006	-1.7082e+014	-1.7046e+014	1.7046e+014	5.2500e-015
6.300e+000	5.7806e-006	-1.7118e+014	-1.7082e+014	1.7082e+014	5.2500e-015
6.310e+000	5.7818e-006	-1.7155e+014	-1.7118e+014	1.7118e+014	5.2500e-015
6.320e+000	5.7830e-006	-1.7191e+014	-1.7155e+014	1.7155e+014	5.2500e-015
6.330e+000	5.7842e-006	-1.7227e+014	-1.7191e+014	1.7191e+014	5.2500e-015
6.340e+000	5.7853e-006	-1.7263e+014	-1.7227e+014	1.7227e+014	5.2500e-015
6.350e+000	5.7865e-006	-1.7299e+014	-1.7263e+014	1.7263e+014	5.2500e-015
6.360e+000	5.7877e-006	-1.7335e+014	-1.7299e+014	1.7299e+014	5.2500e-015
6.370e+000	5.7889e-006	-1.7371e+014	-1.7335e+014	1.7335e+014	5.2500e-015
6.380e+000	5.7900e-006	-1.7407e+014	-1.7371e+014	1.7371e+014	5.2500e-015
6.390e+000	5.7912e-006	-1.7443e+014	-1.7407e+014	1.7407e+014	5.2500e-015
6.400e+000	5.7924e-006	-1.7480e+014	-1.7443e+014	1.7443e+014	5.2500e-015
6.410e+000	5.7935e-006	-1.7516e+014	-1.7480e+014	1.7480e+014	5.2500e-015
6.420e+000	5.7947e-006	-1.7552e+014	-1.7516e+014	1.7516e+014	5.2500e-015
6.430e+000	5.7959e-006	-1.7588e+014	-1.7552e+014	1.7552e+014	5.2500e-015
6.440e+000	5.7970e-006	-1.7624e+014	-1.7588e+014	1.7588e+014	5.2500e-015
6.450e+000	5.7982e-006	-1.7661e+014	-1.7624e+014	1.7624e+014	5.2500e-015
6.460e+000	5.7993e-006	-1.7697e+014	-1.7661e+014	1.7660e+014	5.2500e-015
6.470e+000	5.8005e-006	-1.7733e+014	-1.7697e+014	1.7697e+014	5.2500e-015
6.480e+000	5.8016e-006	-1.7769e+014	-1.7733e+014	1.7733e+014	5.2500e-015
6.490e+000	5.8027e-006	-1.7805e+014	-1.7769e+014	1.7769e+014	5.2500e-015
6.500e+000	5.8039e-006	-1.7842e+014	-1.7805e+014	1.7805e+014	5.2500e-015
6.510e+000	5.8050e-006	-1.7878e+014	-1.7842e+014	1.7842e+014	5.2500e-015
6.520e+000	5.8062e-006	-1.7914e+014	-1.7878e+014	1.7878e+014	5.2500e-015
6.530e+000	5.8073e-006	-1.7950e+014	-1.7914e+014	1.7914e+014	5.2500e-015
6.540e+000	5.8084e-006	-1.7987e+014	-1.7950e+014	1.7950e+014	5.2500e-015
6.550e+000	5.8096e-006	-1.8023e+014	-1.7987e+014	1.7987e+014	5.2500e-015
6.560e+000	5.8107e-006	-1.8059e+014	-1.8023e+014	1.8023e+014	5.2500e-015
6.570e+000	5.8118e-006	-1.8095e+014	-1.8059e+014	1.8059e+014	5.2500e-015
6.580e+000	5.8129e-006	-1.8132e+014	-1.8095e+014	1.8095e+014	5.2500e-015
6.590e+000	5.8140e-006	-1.8168e+014	-1.8132e+014	1.8132e+014	5.2500e-015
6.600e+000	5.8152e-006	-1.8204e+014	-1.8168e+014	1.8168e+014	5.2500e-015
6.610e+000	5.8163e-006	-1.8240e+014	-1.8204e+014	1.8204e+014	5.2500e-015
6.620e+000	5.8174e-006	-1.8277e+014	-1.8240e+014	1.8240e+014	5.2500e-015
6.630e+000	5.8185e-006	-1.8313e+014	-1.8277e+014	1.8277e+014	5.2500e-015
6.640e+000	5.8196e-006	-1.8349e+014	-1.8313e+014	1.8313e+014	5.2500e-015
6.650e+000	5.8207e-006	-1.8386e+014	-1.8349e+014	1.8349e+014	5.2500e-015
6.660e+000	5.8218e-006	-1.8422e+014	-1.8386e+014	1.8386e+014	5.2500e-015
6.670e+000	5.8229e-006	-1.8458e+014	-1.8422e+014	1.8422e+014	5.2500e-015
6.680e+000	5.8240e-006	-1.8495e+014	-1.8458e+014	1.8458e+014	5.2500e-015
6.690e+000	5.8251e-006	-1.8531e+014	-1.8495e+014	1.8495e+014	5.2500e-015
6.700e+000	5.8262e-006	-1.8568e+014	-1.8531e+014	1.8531e+014	5.2500e-015
6.710e+000	5.8273e-006	-1.8604e+014	-1.8568e+014	1.8568e+014	5.2500e-015
6.720e+000	5.8284e-006	-1.8640e+014	-1.8604e+014	1.8604e+014	5.2500e-015
6.730e+000	5.8294e-006	-1.8677e+014	-1.8640e+014	1.8640e+014	5.2500e-015
6.740e+000	5.8305e-006	-1.8713e+014	-1.8677e+014	1.8677e+014	5.2500e-015
6.750e+000	5.8316e-006	-1.8749e+014	-1.8713e+014	1.8713e+014	5.2500e-015
6.760e+000	5.8327e-006	-1.8786e+014	-1.8749e+014	1.8749e+014	5.2500e-015
6.770e+000	5.8338e-006	-1.8822e+014	-1.8786e+014	1.8786e+014	5.2500e-015
6.780e+000	5.8348e-006	-1.8859e+014	-1.8822e+014	1.8822e+014	5.2500e-015
6.790e+000	5.8359e-006	-1.8895e+014	-1.8859e+014	1.8859e+014	5.2500e-015
6.800e+000	5.8370e-006	-1.8932e+014	-1.8895e+014	1.8895e+014	5.2500e-015
6.810e+000	5.8380e-006	-1.8968e+014	-1.8932e+014	1.8932e+014	5.2500e-015
6.820e+000	5.8391e-006	-1.9004e+014	-1.8968e+014	1.8968e+014	5.2500e-015
6.830e+000	5.8402e-006	-1.9041e+014	-1.9004e+014	1.9004e+014	5.2500e-015
6.840e+000	5.8412e-006	-1.9077e+014	-1.9041e+014	1.9041e+014	5.2500e-015
6.850e+000	5.8423e-006	-1.9114e+014	-1.9077e+014	1.9077e+014	5.2500e-015
6.860e+000	5.8433e-006	-1.9150e+014	-1.9114e+014	1.9114e+014	5.2500e-015
6.870e+000	5.8444e-006	-1.9187e+014	-1.9150e+014	1.9150e+014	5.2500e-015
6.880e+000	5.8454e-006	-1.9223e+014	-1.9187e+014	1.9187e+014	5.2500e-015
6.890e+000	5.8465e-006	-1.9260e+014	-1.9223e+014	1.9223e+014	5.2500e-015
6.900e+000	5.8475e-006	-1.9296e+014	-1.9260e+014	1.9260e+014	5.2500e-015
6.910e+000	5.8486e-006	-1.9333e+014	-1.9296e+014	1.9296e+014	5.2500e-015
6.920e+000	5.8496e-006	-1.9369e+014	-1.9333e+014	1.9333e+014	5.2500e-015
6.930e+000	5.8507e-006	-1.9406e+014	-1.9369e+014	1.9369e+014	5.2500e-015
6.940e+000	5.8517e-006	-1.9442e+014	-1.9406e+014	1.9406e+014	5.2500e-015
6.950e+000	5.8528e-006	-1.9479e+014	-1.9442e+014	1.9442e+014	5.2500e-015
6.960e+000	5.8538e-006	-1.9515e+014	-1.9479e+014	1.9479e+014	5.2500e-015
6.970e+000	5.8548e-006	-1.9552e+014	-1.9515e+014	1.9515e+014	5.2500e-015
6.980e+000	5.8559e-006	-1.9588e+014	-1.9552e+014	1.9552e+014	5.2500e-015
6.990e+000	5.8569e-006	-1.9625e+014	-1.9588e+014	1.9588e+014	5.2500e-015
7.000e+000	5.8579e-006	-1.9662e+014	-1.9625e+014	1.9625e+014	5.2500e-015
