V	C (Fcm-2)	Initcharge (cm-2)	Finalcharge (cm-2)	ns Total (cm-2)	ps Total (cm-2)
-7.000e+000	4.8034e-017	-9.3463e+000	-6.3483e+000	6.3476e+000	5.2500e-015
-6.990e+000	4.8034e-017	-9.3463e+000	-6.3483e+000	6.3476e+000	5.2500e-015
-6.980e+000	4.8034e-017	-9.3463e+000	-6.3483e+000	6.3476e+000	5.2500e-015
-6.970e+000	4.8034e-017	-9.3463e+000	-6.3483e+000	6.3476e+000	5.2500e-015
-6.960e+000	4.8034e-017	-9.3463e+000	-6.3483e+000	6.3476e+000	5.2500e-015
-6.950e+000	4.8034e-017	-9.3463e+000	-6.3483e+000	6.3476e+000	5.2500e-015
-6.940e+000	4.8034e-017	-9.3463e+000	-6.3483e+000	6.3476e+000	5.2500e-015
-6.930e+000	4.8034e-017	-9.3463e+000	-6.3483e+000	6.3476e+000	5.2500e-015
-6.920e+000	4.8034e-017	-9.3463e+000	-6.3483e+000	6.3476e+000	5.2500e-015
-6.910e+000	4.8034e-017	-9.3463e+000	-6.3483e+000	6.3476e+000	5.2500e-015
-6.900e+000	4.8034e-017	-9.3463e+000	-6.3483e+000	6.3476e+000	5.2500e-015
-6.890e+000	4.8034e-017	-9.3463e+000	-6.3483e+000	6.3476e+000	5.2500e-015
-6.880e+000	4.8034e-017	-9.3463e+000	-6.3483e+000	6.3476e+000	5.2500e-015
-6.870e+000	4.8034e-017	-9.3463e+000	-6.3483e+000	6.3476e+000	5.2500e-015
-6.860e+000	4.8034e-017	-9.3463e+000	-6.3483e+000	6.3476e+000	5.2500e-015
-6.850e+000	4.8034e-017	-9.3463e+000	-6.3483e+000	6.3476e+000	5.2500e-015
-6.840e+000	4.8034e-017	-9.3463e+000	-6.3483e+000	6.3476e+000	5.2500e-015
-6.830e+000	4.8034e-017	-9.3463e+000	-6.3483e+000	6.3476e+000	5.2500e-015
-6.820e+000	4.8034e-017	-9.3463e+000	-6.3483e+000	6.3476e+000	5.2500e-015
-6.810e+000	4.8034e-017	-9.3463e+000	-6.3483e+000	6.3476e+000	5.2500e-015
-6.800e+000	4.8034e-017	-9.3463e+000	-6.3483e+000	6.3476e+000	5.2500e-015
-6.790e+000	4.8034e-017	-9.3463e+000	-6.3483e+000	6.3476e+000	5.2500e-015
-6.780e+000	4.8034e-017	-9.3463e+000	-6.3483e+000	6.3476e+000	5.2500e-015
-6.770e+000	4.8034e-017	-9.3463e+000	-6.3483e+000	6.3476e+000	5.2500e-015
-6.760e+000	4.8034e-017	-9.3463e+000	-6.3483e+000	6.3476e+000	5.2500e-015
-6.750e+000	4.8034e-017	-9.3463e+000	-6.3483e+000	6.3476e+000	5.2500e-015
-6.740e+000	4.8034e-017	-9.3463e+000	-6.3483e+000	6.3476e+000	5.2500e-015
-6.730e+000	4.8034e-017	-9.3463e+000	-6.3483e+000	6.3476e+000	5.2500e-015
-6.720e+000	4.8034e-017	-9.3463e+000	-6.3483e+000	6.3476e+000	5.2500e-015
-6.710e+000	4.8034e-017	-9.3463e+000	-6.3483e+000	6.3476e+000	5.2500e-015
-6.700e+000	4.8034e-017	-9.3463e+000	-6.3483e+000	6.3476e+000	5.2500e-015
-6.690e+000	4.8034e-017	-9.3463e+000	-6.3483e+000	6.3476e+000	5.2500e-015
-6.680e+000	4.8034e-017	-9.3463e+000	-6.3483e+000	6.3476e+000	5.2500e-015
-6.670e+000	4.8034e-017	-9.3463e+000	-6.3483e+000	6.3476e+000	5.2500e-015
-6.660e+000	4.8034e-017	-9.3463e+000	-6.3483e+000	6.3476e+000	5.2500e-015
-6.650e+000	4.8034e-017	-9.3463e+000	-6.3483e+000	6.3476e+000	5.2500e-015
-6.640e+000	4.8034e-017	-9.3463e+000	-6.3483e+000	6.3476e+000	5.2500e-015
-6.630e+000	4.8034e-017	-9.3463e+000	-6.3483e+000	6.3476e+000	5.2500e-015
-6.620e+000	4.8034e-017	-9.3463e+000	-6.3483e+000	6.3476e+000	5.2500e-015
-6.610e+000	4.8034e-017	-9.3463e+000	-6.3483e+000	6.3476e+000	5.2500e-015
-6.600e+000	4.8034e-017	-9.3463e+000	-6.3483e+000	6.3476e+000	5.2500e-015
-6.590e+000	4.8034e-017	-9.3463e+000	-6.3483e+000	6.3476e+000	5.2500e-015
-6.580e+000	4.8034e-017	-9.3463e+000	-6.3483e+000	6.3476e+000	5.2500e-015
-6.570e+000	4.8034e-017	-9.3463e+000	-6.3483e+000	6.3476e+000	5.2500e-015
-6.560e+000	4.8034e-017	-9.3463e+000	-6.3483e+000	6.3476e+000	5.2500e-015
-6.550e+000	4.8034e-017	-9.3463e+000	-6.3483e+000	6.3476e+000	5.2500e-015
-6.540e+000	4.8034e-017	-9.3463e+000	-6.3483e+000	6.3476e+000	5.2500e-015
-6.530e+000	4.8034e-017	-9.3463e+000	-6.3483e+000	6.3476e+000	5.2500e-015
-6.520e+000	4.8034e-017	-9.3463e+000	-6.3483e+000	6.3476e+000	5.2500e-015
-6.510e+000	4.8034e-017	-9.3463e+000	-6.3483e+000	6.3476e+000	5.2500e-015
-6.500e+000	4.8034e-017	-9.3463e+000	-6.3483e+000	6.3476e+000	5.2500e-015
-6.490e+000	4.8034e-017	-9.3463e+000	-6.3483e+000	6.3476e+000	5.2500e-015
-6.480e+000	4.8034e-017	-9.3463e+000	-6.3483e+000	6.3476e+000	5.2500e-015
-6.470e+000	4.8034e-017	-9.3463e+000	-6.3483e+000	6.3476e+000	5.2500e-015
-6.460e+000	4.8034e-017	-9.3463e+000	-6.3483e+000	6.3476e+000	5.2500e-015
-6.450e+000	4.8034e-017	-9.3463e+000	-6.3483e+000	6.3476e+000	5.2500e-015
-6.440e+000	4.8034e-017	-9.3463e+000	-6.3483e+000	6.3476e+000	5.2500e-015
-6.430e+000	4.8034e-017	-9.3463e+000	-6.3483e+000	6.3476e+000	5.2500e-015
-6.420e+000	4.8034e-017	-9.3463e+000	-6.3483e+000	6.3476e+000	5.2500e-015
-6.410e+000	4.8034e-017	-9.3463e+000	-6.3483e+000	6.3476e+000	5.2500e-015
-6.400e+000	4.8034e-017	-9.3463e+000	-6.3483e+000	6.3476e+000	5.2500e-015
-6.390e+000	4.8034e-017	-9.3463e+000	-6.3483e+000	6.3476e+000	5.2500e-015
-6.380e+000	4.8034e-017	-9.3463e+000	-6.3483e+000	6.3476e+000	5.2500e-015
-6.370e+000	4.8034e-017	-9.3463e+000	-6.3483e+000	6.3476e+000	5.2500e-015
-6.360e+000	4.8034e-017	-9.3463e+000	-6.3483e+000	6.3476e+000	5.2500e-015
-6.350e+000	4.8034e-017	-9.3463e+000	-6.3483e+000	6.3476e+000	5.2500e-015
-6.340e+000	4.8034e-017	-9.3463e+000	-6.3483e+000	6.3476e+000	5.2500e-015
-6.330e+000	4.8034e-017	-9.3463e+000	-6.3483e+000	6.3476e+000	5.2500e-015
-6.320e+000	4.8034e-017	-9.3463e+000	-6.3483e+000	6.3476e+000	5.2500e-015
-6.310e+000	4.8034e-017	-9.3463e+000	-6.3483e+000	6.3476e+000	5.2500e-015
-6.300e+000	4.8034e-017	-9.3463e+000	-6.3483e+000	6.3476e+000	5.2500e-015
-6.290e+000	4.8034e-017	-9.3463e+000	-6.3483e+000	6.3476e+000	5.2500e-015
-6.280e+000	4.8034e-017	-9.3463e+000	-6.3483e+000	6.3476e+000	5.2500e-015
-6.270e+000	4.8034e-017	-9.3463e+000	-6.3483e+000	6.3476e+000	5.2500e-015
-6.260e+000	4.8034e-017	-9.3463e+000	-6.3483e+000	6.3476e+000	5.2500e-015
-6.250e+000	4.8034e-017	-9.3463e+000	-6.3483e+000	6.3476e+000	5.2500e-015
-6.240e+000	4.8034e-017	-9.3464e+000	-6.3483e+000	6.3476e+000	5.2500e-015
-6.230e+000	4.8035e-017	-9.3464e+000	-6.3483e+000	6.3476e+000	5.2500e-015
-6.220e+000	4.8035e-017	-9.3464e+000	-6.3483e+000	6.3477e+000	5.2500e-015
-6.210e+000	4.8035e-017	-9.3465e+000	-6.3484e+000	6.3477e+000	5.2500e-015
-6.200e+000	4.8035e-017	-9.3466e+000	-6.3484e+000	6.3477e+000	5.2500e-015
-6.190e+000	4.8036e-017	-9.3467e+000	-6.3485e+000	6.3478e+000	5.2500e-015
-6.180e+000	4.8037e-017	-9.3469e+000	-6.3486e+000	6.3479e+000	5.2500e-015
-6.170e+000	4.8038e-017	-9.3471e+000	-6.3488e+000	6.3481e+000	5.2500e-015
-6.160e+000	4.8040e-017	-9.3475e+000	-6.3491e+000	6.3484e+000	5.2500e-015
-6.150e+000	4.8043e-017	-9.3481e+000	-6.3494e+000	6.3488e+000	5.2500e-015
-6.140e+000	4.8047e-017	-9.3489e+000	-6.3500e+000	6.3493e+000	5.2500e-015
-6.130e+000	4.8053e-017	-9.3501e+000	-6.3508e+000	6.3501e+000	5.2500e-015
-6.120e+000	4.8063e-017	-9.3519e+000	-6.3520e+000	6.3514e+000	5.2500e-015
-6.110e+000	4.8076e-017	-9.3545e+000	-6.3538e+000	6.3531e+000	5.2500e-015
-6.100e+000	4.8096e-017	-9.3583e+000	-6.3564e+000	6.3558e+000	5.2500e-015
-6.090e+000	4.8125e-017	-9.3640e+000	-6.3603e+000	6.3596e+000	5.2500e-015
-6.080e+000	4.8168e-017	-9.3724e+000	-6.3660e+000	6.3653e+000	5.2500e-015
-6.070e+000	4.8231e-017	-9.3847e+000	-6.3744e+000	6.3737e+000	5.2500e-015
-6.060e+000	4.8331e-017	-9.4032e+000	-6.3867e+000	6.3860e+000	5.2500e-015
-6.050e+000	4.8462e-017	-9.4299e+000	-6.4052e+000	6.4041e+000	5.2500e-015
-6.040e+000	4.8664e-017	-9.4692e+000	-6.4319e+000	6.4309e+000	5.2500e-015
-6.030e+000	4.8965e-017	-9.5274e+000	-6.4712e+000	6.4702e+000	5.2500e-015
-6.020e+000	4.9405e-017	-9.6130e+000	-6.5293e+000	6.5281e+000	5.2500e-015
-6.010e+000	5.0048e-017	-9.7387e+000	-6.6149e+000	6.6134e+000	5.2500e-015
-6.000e+000	5.1004e-017	-9.9240e+000	-6.7406e+000	6.7389e+000	5.2500e-015
-5.990e+000	5.2402e-017	-1.0197e+001	-6.9260e+000	6.9237e+000	5.2500e-015
-5.980e+000	5.4470e-017	-1.0598e+001	-7.1986e+000	7.1958e+000	5.2500e-015
-5.970e+000	5.7509e-017	-1.1190e+001	-7.6003e+000	7.5964e+000	5.2500e-015
-5.960e+000	6.1988e-017	-1.2061e+001	-8.1917e+000	8.1862e+000	5.2500e-015
-5.950e+000	6.8576e-017	-1.3343e+001	-9.0626e+000	9.0545e+000	5.2500e-015
-5.940e+000	7.8284e-017	-1.5231e+001	-1.0345e+001	1.0333e+001	5.2500e-015
-5.930e+000	9.2556e-017	-1.8010e+001	-1.2233e+001	1.2215e+001	5.2500e-015
-5.920e+000	1.1362e-016	-2.2103e+001	-1.5012e+001	1.4986e+001	5.2500e-015
-5.910e+000	1.4454e-016	-2.8127e+001	-1.9105e+001	1.9066e+001	5.2500e-015
-5.900e+000	1.9014e-016	-3.6996e+001	-2.5129e+001	2.5073e+001	5.2500e-015
-5.890e+000	2.5729e-016	-5.0057e+001	-3.3998e+001	3.3917e+001	5.2500e-015
-5.880e+000	3.5611e-016	-6.9285e+001	-4.7059e+001	4.6938e+001	5.2500e-015
-5.870e+000	5.0160e-016	-9.7595e+001	-6.6287e+001	6.6109e+001	5.2500e-015
-5.860e+000	7.1579e-016	-1.3927e+002	-9.4597e+001	9.4333e+001	5.2500e-015
-5.850e+000	1.0312e-015	-2.0064e+002	-1.3628e+002	1.3589e+002	5.2500e-015
-5.840e+000	1.4955e-015	-2.9098e+002	-1.9764e+002	1.9707e+002	5.2500e-015
-5.830e+000	2.1792e-015	-4.2400e+002	-2.8798e+002	2.8714e+002	5.2500e-015
-5.820e+000	3.1857e-015	-6.1983e+002	-4.2100e+002	4.1976e+002	5.2500e-015
-5.810e+000	4.6675e-015	-9.0816e+002	-6.1683e+002	6.1501e+002	5.2500e-015
-5.800e+000	6.8493e-015	-1.3327e+003	-9.0516e+002	9.0247e+002	5.2500e-015
-5.790e+000	1.0061e-014	-1.9576e+003	-1.3297e+003	1.3257e+003	5.2500e-015
-5.780e+000	1.4791e-014	-2.8778e+003	-1.9546e+003	1.9488e+003	5.2500e-015
-5.770e+000	2.1753e-014	-4.2325e+003	-2.8748e+003	2.8662e+003	5.2500e-015
-5.760e+000	3.2004e-014	-6.2271e+003	-4.2295e+003	4.2169e+003	5.2500e-015
-5.750e+000	4.7097e-014	-9.1636e+003	-6.2241e+003	6.2055e+003	5.2500e-015
-5.740e+000	6.9317e-014	-1.3487e+004	-9.1606e+003	9.1332e+003	5.2500e-015
-5.730e+000	1.0203e-013	-1.9852e+004	-1.3484e+004	1.3444e+004	5.2500e-015
-5.720e+000	1.5020e-013	-2.9224e+004	-1.9849e+004	1.9790e+004	5.2500e-015
-5.710e+000	2.2111e-013	-4.3022e+004	-2.9221e+004	2.9134e+004	5.2500e-015
-5.700e+000	3.2552e-013	-6.3336e+004	-4.3019e+004	4.2890e+004	5.2500e-015
-5.690e+000	4.7923e-013	-9.3244e+004	-6.3333e+004	6.3143e+004	5.2500e-015
-5.680e+000	7.0553e-013	-1.3728e+005	-9.3241e+004	9.2962e+004	5.2500e-015
-5.670e+000	1.0387e-012	-2.0210e+005	-1.3727e+005	1.3686e+005	5.2500e-015
-5.660e+000	1.5292e-012	-2.9755e+005	-2.0210e+005	2.0150e+005	5.2500e-015
-5.650e+000	2.2513e-012	-4.3806e+005	-2.9754e+005	2.9665e+005	5.2500e-015
-5.640e+000	3.3144e-012	-6.4493e+005	-4.3806e+005	4.3675e+005	5.2500e-015
-5.630e+000	4.8794e-012	-9.4947e+005	-6.4492e+005	6.4299e+005	5.2500e-015
-5.620e+000	7.1831e-012	-1.3978e+006	-9.4947e+005	9.4663e+005	5.2500e-015
-5.610e+000	1.0574e-011	-2.0578e+006	-1.3978e+006	1.3936e+006	5.2500e-015
-5.600e+000	1.5564e-011	-3.0292e+006	-2.0578e+006	2.0516e+006	5.2500e-015
-5.590e+000	2.2907e-011	-4.4590e+006	-3.0292e+006	3.0201e+006	5.2500e-015
-5.580e+000	3.3709e-011	-6.5629e+006	-4.4590e+006	4.4456e+006	5.2500e-015
-5.570e+000	4.9593e-011	-9.6582e+006	-6.5629e+006	6.5433e+006	5.2500e-015
-5.560e+000	7.2936e-011	-1.4211e+007	-9.6582e+006	9.6294e+006	5.2500e-015
-5.550e+000	1.0721e-010	-2.0902e+007	-1.4211e+007	1.4168e+007	5.2500e-015
-5.540e+000	1.5748e-010	-3.0731e+007	-2.0902e+007	2.0840e+007	5.2500e-015
-5.530e+000	2.3106e-010	-4.5153e+007	-3.0731e+007	3.0639e+007	5.2500e-015
-5.520e+000	3.3849e-010	-6.6279e+007	-4.5153e+007	4.5018e+007	5.2500e-015
-5.510e+000	4.9473e-010	-9.7158e+007	-6.6279e+007	6.6082e+007	5.2500e-015
-5.500e+000	7.2070e-010	-1.4214e+008	-9.7158e+007	9.6869e+007	5.2500e-015
-5.490e+000	1.0450e-009	-2.0736e+008	-1.4214e+008	1.4172e+008	5.2500e-015
-5.480e+000	1.5053e-009	-3.0132e+008	-2.0736e+008	2.0675e+008	5.2500e-015
-5.470e+000	2.1491e-009	-4.3545e+008	-3.0132e+008	3.0043e+008	5.2500e-015
-5.460e+000	3.0316e-009	-6.2467e+008	-4.3545e+008	4.3418e+008	5.2500e-015
-5.450e+000	4.2117e-009	-8.8755e+008	-6.2467e+008	6.2287e+008	5.2500e-015
-5.440e+000	5.7428e-009	-1.2460e+009	-8.8755e+008	8.8503e+008	5.2500e-015
-5.430e+000	7.6637e-009	-1.7243e+009	-1.2460e+009	1.2425e+009	5.2500e-015
-5.420e+000	9.9918e-009	-2.3479e+009	-1.7243e+009	1.7197e+009	5.2500e-015
-5.410e+000	1.2725e-008	-3.1422e+009	-2.3479e+009	2.3418e+009	5.2500e-015
-5.400e+000	1.5853e-008	-4.1317e+009	-3.1422e+009	3.1344e+009	5.2500e-015
-5.390e+000	1.9369e-008	-5.3406e+009	-4.1317e+009	4.1219e+009	5.2500e-015
-5.380e+000	2.3280e-008	-6.7936e+009	-5.3406e+009	5.3287e+009	5.2500e-015
-5.370e+000	2.7611e-008	-8.5169e+009	-6.7936e+009	6.7795e+009	5.2500e-015
-5.360e+000	3.2398e-008	-1.0539e+010	-8.5169e+009	8.5006e+009	5.2500e-015
-5.350e+000	3.7684e-008	-1.2891e+010	-1.0539e+010	1.0521e+010	5.2500e-015
-5.340e+000	4.3504e-008	-1.5606e+010	-1.2891e+010	1.2870e+010	5.2500e-015
-5.330e+000	4.9883e-008	-1.8720e+010	-1.5606e+010	1.5584e+010	5.2500e-015
-5.320e+000	5.6825e-008	-2.2267e+010	-1.8720e+010	1.8695e+010	5.2500e-015
-5.310e+000	6.4309e-008	-2.6280e+010	-2.2267e+010	2.2240e+010	5.2500e-015
-5.300e+000	7.2293e-008	-3.0793e+010	-2.6280e+010	2.6253e+010	5.2500e-015
-5.290e+000	8.0710e-008	-3.5830e+010	-3.0793e+010	3.0763e+010	5.2500e-015
-5.280e+000	8.9474e-008	-4.1415e+010	-3.5830e+010	3.5800e+010	5.2500e-015
-5.270e+000	9.8487e-008	-4.7562e+010	-4.1415e+010	4.1383e+010	5.2500e-015
-5.260e+000	1.0765e-007	-5.4280e+010	-4.7562e+010	4.7529e+010	5.2500e-015
-5.250e+000	1.1685e-007	-6.1573e+010	-5.4280e+010	5.4247e+010	5.2500e-015
-5.240e+000	1.2599e-007	-6.9437e+010	-6.1573e+010	6.1539e+010	5.2500e-015
-5.230e+000	1.3499e-007	-7.7862e+010	-6.9437e+010	6.9402e+010	5.2500e-015
-5.220e+000	1.4377e-007	-8.6836e+010	-7.7862e+010	7.7827e+010	5.2500e-015
-5.210e+000	1.5228e-007	-9.6340e+010	-8.6836e+010	8.6800e+010	5.2500e-015
-5.200e+000	1.6047e-007	-1.0636e+011	-9.6340e+010	9.6304e+010	5.2500e-015
-5.190e+000	1.6785e-007	-1.1683e+011	-1.0636e+011	1.0632e+011	5.2500e-015
-5.180e+000	1.7524e-007	-1.2777e+011	-1.1683e+011	1.1680e+011	5.2500e-015
-5.170e+000	1.8227e-007	-1.3915e+011	-1.2777e+011	1.2773e+011	5.2500e-015
-5.160e+000	1.8895e-007	-1.5094e+011	-1.3915e+011	1.3911e+011	5.2500e-015
-5.150e+000	1.9536e-007	-1.6313e+011	-1.5094e+011	1.5090e+011	5.2500e-015
-5.140e+000	2.0130e-007	-1.7570e+011	-1.6313e+011	1.6310e+011	5.2500e-015
-5.130e+000	2.0690e-007	-1.8861e+011	-1.7570e+011	1.7566e+011	5.2500e-015
-5.120e+000	2.1220e-007	-2.0186e+011	-1.8861e+011	1.8857e+011	5.2500e-015
-5.110e+000	2.1719e-007	-2.1541e+011	-2.0186e+011	2.0182e+011	5.2500e-015
-5.100e+000	2.2191e-007	-2.2926e+011	-2.1541e+011	2.1537e+011	5.2500e-015
-5.090e+000	2.2643e-007	-2.4339e+011	-2.2926e+011	2.2922e+011	5.2500e-015
-5.080e+000	2.3041e-007	-2.5778e+011	-2.4339e+011	2.4336e+011	5.2500e-015
-5.070e+000	2.3454e-007	-2.7241e+011	-2.5778e+011	2.5774e+011	5.2500e-015
-5.060e+000	2.3837e-007	-2.8729e+011	-2.7241e+011	2.7238e+011	5.2500e-015
-5.050e+000	2.4194e-007	-3.0239e+011	-2.8729e+011	2.8725e+011	5.2500e-015
-5.040e+000	2.4540e-007	-3.1771e+011	-3.0239e+011	3.0235e+011	5.2500e-015
-5.030e+000	2.4868e-007	-3.3323e+011	-3.1771e+011	3.1767e+011	5.2500e-015
-5.020e+000	2.5178e-007	-3.4895e+011	-3.3323e+011	3.3319e+011	5.2500e-015
-5.010e+000	2.5482e-007	-3.6485e+011	-3.4895e+011	3.4891e+011	5.2500e-015
-5.000e+000	2.5770e-007	-3.8093e+011	-3.6485e+011	3.6481e+011	5.2500e-015
-4.990e+000	2.6032e-007	-3.9718e+011	-3.8093e+011	3.8090e+011	5.2500e-015
-4.980e+000	2.6313e-007	-4.1361e+011	-3.9718e+011	3.9714e+011	5.2500e-015
-4.970e+000	2.6571e-007	-4.3019e+011	-4.1361e+011	4.1357e+011	5.2500e-015
-4.960e+000	2.6819e-007	-4.4693e+011	-4.3019e+011	4.3015e+011	5.2500e-015
-4.950e+000	2.7063e-007	-4.6382e+011	-4.4693e+011	4.4689e+011	5.2500e-015
-4.940e+000	2.7297e-007	-4.8086e+011	-4.6382e+011	4.6378e+011	5.2500e-015
-4.930e+000	2.7525e-007	-4.9804e+011	-4.8086e+011	4.8082e+011	5.2500e-015
-4.920e+000	2.7746e-007	-5.1536e+011	-4.9804e+011	4.9800e+011	5.2500e-015
-4.910e+000	2.7961e-007	-5.3281e+011	-5.1536e+011	5.1532e+011	5.2500e-015
-4.900e+000	2.8160e-007	-5.5038e+011	-5.3281e+011	5.3277e+011	5.2500e-015
-4.890e+000	2.8373e-007	-5.6809e+011	-5.5038e+011	5.5034e+011	5.2500e-015
-4.880e+000	2.8571e-007	-5.8593e+011	-5.6809e+011	5.6805e+011	5.2500e-015
-4.870e+000	2.8764e-007	-6.0388e+011	-5.8593e+011	5.8589e+011	5.2500e-015
-4.860e+000	2.8951e-007	-6.2195e+011	-6.0388e+011	6.0384e+011	5.2500e-015
-4.850e+000	2.9134e-007	-6.4013e+011	-6.2195e+011	6.2191e+011	5.2500e-015
-4.840e+000	2.9311e-007	-6.5843e+011	-6.4013e+011	6.4009e+011	5.2500e-015
-4.830e+000	2.9483e-007	-6.7683e+011	-6.5843e+011	6.5839e+011	5.2500e-015
-4.820e+000	2.9646e-007	-6.9533e+011	-6.7683e+011	6.7679e+011	5.2500e-015
-4.810e+000	2.9814e-007	-7.1394e+011	-6.9533e+011	6.9529e+011	5.2500e-015
-4.800e+000	2.9972e-007	-7.3265e+011	-7.1394e+011	7.1390e+011	5.2500e-015
-4.790e+000	3.0125e-007	-7.5145e+011	-7.3265e+011	7.3261e+011	5.2500e-015
-4.780e+000	3.0274e-007	-7.7034e+011	-7.5145e+011	7.5141e+011	5.2500e-015
-4.770e+000	3.0418e-007	-7.8933e+011	-7.7034e+011	7.7031e+011	5.2500e-015
-4.760e+000	3.0557e-007	-8.0840e+011	-7.8933e+011	7.8929e+011	5.2500e-015
-4.750e+000	3.0692e-007	-8.2756e+011	-8.0840e+011	8.0836e+011	5.2500e-015
-4.740e+000	3.0823e-007	-8.4680e+011	-8.2756e+011	8.2752e+011	5.2500e-015
-4.730e+000	3.0949e-007	-8.6611e+011	-8.4680e+011	8.4676e+011	5.2500e-015
-4.720e+000	3.1071e-007	-8.8551e+011	-8.6611e+011	8.6607e+011	5.2500e-015
-4.710e+000	3.1189e-007	-9.0497e+011	-8.8551e+011	8.8547e+011	5.2500e-015
-4.700e+000	3.1303e-007	-9.2451e+011	-9.0497e+011	9.0493e+011	5.2500e-015
-4.690e+000	3.1414e-007	-9.4412e+011	-9.2451e+011	9.2447e+011	5.2500e-015
-4.680e+000	3.1520e-007	-9.6379e+011	-9.4412e+011	9.4408e+011	5.2500e-015
-4.670e+000	3.1623e-007	-9.8353e+011	-9.6379e+011	9.6375e+011	5.2500e-015
-4.660e+000	3.1722e-007	-1.0033e+012	-9.8353e+011	9.8349e+011	5.2500e-015
-4.650e+000	3.1818e-007	-1.0232e+012	-1.0033e+012	1.0033e+012	5.2500e-015
-4.640e+000	3.1910e-007	-1.0431e+012	-1.0232e+012	1.0231e+012	5.2500e-015
-4.630e+000	3.1999e-007	-1.0631e+012	-1.0431e+012	1.0431e+012	5.2500e-015
-4.620e+000	3.2085e-007	-1.0831e+012	-1.0631e+012	1.0630e+012	5.2500e-015
-4.610e+000	3.2168e-007	-1.1032e+012	-1.0831e+012	1.0831e+012	5.2500e-015
-4.600e+000	3.2248e-007	-1.1233e+012	-1.1032e+012	1.1031e+012	5.2500e-015
-4.590e+000	3.2326e-007	-1.1435e+012	-1.1233e+012	1.1233e+012	5.2500e-015
-4.580e+000	3.2400e-007	-1.1637e+012	-1.1435e+012	1.1434e+012	5.2500e-015
-4.570e+000	3.2473e-007	-1.1840e+012	-1.1637e+012	1.1637e+012	5.2500e-015
-4.560e+000	3.2542e-007	-1.2043e+012	-1.1840e+012	1.1839e+012	5.2500e-015
-4.550e+000	3.2609e-007	-1.2246e+012	-1.2043e+012	1.2042e+012	5.2500e-015
-4.540e+000	3.2674e-007	-1.2450e+012	-1.2246e+012	1.2246e+012	5.2500e-015
-4.530e+000	3.2737e-007	-1.2655e+012	-1.2450e+012	1.2450e+012	5.2500e-015
-4.520e+000	3.2798e-007	-1.2859e+012	-1.2655e+012	1.2654e+012	5.2500e-015
-4.510e+000	3.2857e-007	-1.3064e+012	-1.2859e+012	1.2859e+012	5.2500e-015
-4.500e+000	3.2914e-007	-1.3270e+012	-1.3064e+012	1.3064e+012	5.2500e-015
-4.490e+000	3.2968e-007	-1.3476e+012	-1.3270e+012	1.3269e+012	5.2500e-015
-4.480e+000	3.3022e-007	-1.3682e+012	-1.3476e+012	1.3475e+012	5.2500e-015
-4.470e+000	3.3073e-007	-1.3888e+012	-1.3682e+012	1.3681e+012	5.2500e-015
-4.460e+000	3.3123e-007	-1.4095e+012	-1.3888e+012	1.3888e+012	5.2500e-015
-4.450e+000	3.3171e-007	-1.4302e+012	-1.4095e+012	1.4094e+012	5.2500e-015
-4.440e+000	3.3218e-007	-1.4509e+012	-1.4302e+012	1.4302e+012	5.2500e-015
-4.430e+000	3.3263e-007	-1.4717e+012	-1.4509e+012	1.4509e+012	5.2500e-015
-4.420e+000	3.3307e-007	-1.4925e+012	-1.4717e+012	1.4716e+012	5.2500e-015
-4.410e+000	3.3350e-007	-1.5133e+012	-1.4925e+012	1.4924e+012	5.2500e-015
-4.400e+000	3.3391e-007	-1.5341e+012	-1.5133e+012	1.5133e+012	5.2500e-015
-4.390e+000	3.3431e-007	-1.5550e+012	-1.5341e+012	1.5341e+012	5.2500e-015
-4.380e+000	3.3470e-007	-1.5759e+012	-1.5550e+012	1.5550e+012	5.2500e-015
-4.370e+000	3.3508e-007	-1.5968e+012	-1.5759e+012	1.5758e+012	5.2500e-015
-4.360e+000	3.3545e-007	-1.6177e+012	-1.5968e+012	1.5968e+012	5.2500e-015
-4.350e+000	3.3580e-007	-1.6387e+012	-1.6177e+012	1.6177e+012	5.2500e-015
-4.340e+000	3.3615e-007	-1.6597e+012	-1.6387e+012	1.6387e+012	5.2500e-015
-4.330e+000	3.3649e-007	-1.6807e+012	-1.6597e+012	1.6596e+012	5.2500e-015
-4.320e+000	3.3682e-007	-1.7017e+012	-1.6807e+012	1.6806e+012	5.2500e-015
-4.310e+000	3.3714e-007	-1.7227e+012	-1.7017e+012	1.7017e+012	5.2500e-015
-4.300e+000	3.3745e-007	-1.7438e+012	-1.7227e+012	1.7227e+012	5.2500e-015
-4.290e+000	3.3775e-007	-1.7649e+012	-1.7438e+012	1.7438e+012	5.2500e-015
-4.280e+000	3.3804e-007	-1.7860e+012	-1.7649e+012	1.7648e+012	5.2500e-015
-4.270e+000	3.3833e-007	-1.8071e+012	-1.7860e+012	1.7859e+012	5.2500e-015
-4.260e+000	3.3861e-007	-1.8282e+012	-1.8071e+012	1.8071e+012	5.2500e-015
-4.250e+000	3.3888e-007	-1.8494e+012	-1.8282e+012	1.8282e+012	5.2500e-015
-4.240e+000	3.3915e-007	-1.8706e+012	-1.8494e+012	1.8493e+012	5.2500e-015
-4.230e+000	3.3941e-007	-1.8917e+012	-1.8706e+012	1.8705e+012	5.2500e-015
-4.220e+000	3.3966e-007	-1.9129e+012	-1.8917e+012	1.8917e+012	5.2500e-015
-4.210e+000	3.3991e-007	-1.9342e+012	-1.9129e+012	1.9129e+012	5.2500e-015
-4.200e+000	3.4015e-007	-1.9554e+012	-1.9342e+012	1.9341e+012	5.2500e-015
-4.190e+000	3.4038e-007	-1.9766e+012	-1.9554e+012	1.9553e+012	5.2500e-015
-4.180e+000	3.4061e-007	-1.9979e+012	-1.9766e+012	1.9766e+012	5.2500e-015
-4.170e+000	3.4084e-007	-2.0192e+012	-1.9979e+012	1.9979e+012	5.2500e-015
-4.160e+000	3.4106e-007	-2.0405e+012	-2.0192e+012	2.0191e+012	5.2500e-015
-4.150e+000	3.4127e-007	-2.0618e+012	-2.0405e+012	2.0404e+012	5.2500e-015
-4.140e+000	3.4148e-007	-2.0831e+012	-2.0618e+012	2.0617e+012	5.2500e-015
-4.130e+000	3.4169e-007	-2.1044e+012	-2.0831e+012	2.0830e+012	5.2500e-015
-4.120e+000	3.4189e-007	-2.1257e+012	-2.1044e+012	2.1044e+012	5.2500e-015
-4.110e+000	3.4208e-007	-2.1471e+012	-2.1257e+012	2.1257e+012	5.2500e-015
-4.100e+000	3.4228e-007	-2.1684e+012	-2.1471e+012	2.1470e+012	5.2500e-015
-4.090e+000	3.4246e-007	-2.1898e+012	-2.1684e+012	2.1684e+012	5.2500e-015
-4.080e+000	3.4265e-007	-2.2112e+012	-2.1898e+012	2.1898e+012	5.2500e-015
-4.070e+000	3.4283e-007	-2.2326e+012	-2.2112e+012	2.2112e+012	5.2500e-015
-4.060e+000	3.4300e-007	-2.2540e+012	-2.2326e+012	2.2326e+012	5.2500e-015
-4.050e+000	3.4318e-007	-2.2754e+012	-2.2540e+012	2.2540e+012	5.2500e-015
-4.040e+000	3.4335e-007	-2.2969e+012	-2.2754e+012	2.2754e+012	5.2500e-015
-4.030e+000	3.4351e-007	-2.3183e+012	-2.2969e+012	2.2968e+012	5.2500e-015
-4.020e+000	3.4368e-007	-2.3398e+012	-2.3183e+012	2.3183e+012	5.2500e-015
-4.010e+000	3.4384e-007	-2.3612e+012	-2.3398e+012	2.3397e+012	5.2500e-015
-4.000e+000	3.4399e-007	-2.3827e+012	-2.3612e+012	2.3612e+012	5.2500e-015
-3.990e+000	3.4415e-007	-2.4042e+012	-2.3827e+012	2.3826e+012	5.2500e-015
-3.980e+000	3.4430e-007	-2.4257e+012	-2.4042e+012	2.4041e+012	5.2500e-015
-3.970e+000	3.4444e-007	-2.4472e+012	-2.4257e+012	2.4256e+012	5.2500e-015
-3.960e+000	3.4459e-007	-2.4687e+012	-2.4472e+012	2.4471e+012	5.2500e-015
-3.950e+000	3.4473e-007	-2.4902e+012	-2.4687e+012	2.4686e+012	5.2500e-015
-3.940e+000	3.4487e-007	-2.5117e+012	-2.4902e+012	2.4901e+012	5.2500e-015
-3.930e+000	3.4501e-007	-2.5332e+012	-2.5117e+012	2.5117e+012	5.2500e-015
-3.920e+000	3.4515e-007	-2.5548e+012	-2.5332e+012	2.5332e+012	5.2500e-015
-3.910e+000	3.4528e-007	-2.5763e+012	-2.5548e+012	2.5547e+012	5.2500e-015
-3.900e+000	3.4541e-007	-2.5979e+012	-2.5763e+012	2.5763e+012	5.2500e-015
-3.890e+000	3.4554e-007	-2.6195e+012	-2.5979e+012	2.5978e+012	5.2500e-015
-3.880e+000	3.4566e-007	-2.6410e+012	-2.6195e+012	2.6194e+012	5.2500e-015
-3.870e+000	3.4579e-007	-2.6626e+012	-2.6410e+012	2.6410e+012	5.2500e-015
-3.860e+000	3.4591e-007	-2.6842e+012	-2.6626e+012	2.6626e+012	5.2500e-015
-3.850e+000	3.4603e-007	-2.7058e+012	-2.6842e+012	2.6842e+012	5.2500e-015
-3.840e+000	3.4615e-007	-2.7274e+012	-2.7058e+012	2.7058e+012	5.2500e-015
-3.830e+000	3.4626e-007	-2.7490e+012	-2.7274e+012	2.7274e+012	5.2500e-015
-3.820e+000	3.4638e-007	-2.7706e+012	-2.7490e+012	2.7490e+012	5.2500e-015
-3.810e+000	3.4649e-007	-2.7923e+012	-2.7706e+012	2.7706e+012	5.2500e-015
-3.800e+000	3.4660e-007	-2.8139e+012	-2.7923e+012	2.7922e+012	5.2500e-015
-3.790e+000	3.4671e-007	-2.8355e+012	-2.8139e+012	2.8139e+012	5.2500e-015
-3.780e+000	3.4682e-007	-2.8572e+012	-2.8355e+012	2.8355e+012	5.2500e-015
-3.770e+000	3.4692e-007	-2.8788e+012	-2.8572e+012	2.8571e+012	5.2500e-015
-3.760e+000	3.4703e-007	-2.9005e+012	-2.8788e+012	2.8788e+012	5.2500e-015
-3.750e+000	3.4713e-007	-2.9222e+012	-2.9005e+012	2.9005e+012	5.2500e-015
-3.740e+000	3.4723e-007	-2.9438e+012	-2.9222e+012	2.9221e+012	5.2500e-015
-3.730e+000	3.4733e-007	-2.9655e+012	-2.9438e+012	2.9438e+012	5.2500e-015
-3.720e+000	3.4743e-007	-2.9872e+012	-2.9655e+012	2.9655e+012	5.2500e-015
-3.710e+000	3.4752e-007	-3.0089e+012	-2.9872e+012	2.9872e+012	5.2500e-015
-3.700e+000	3.4762e-007	-3.0306e+012	-3.0089e+012	3.0088e+012	5.2500e-015
-3.690e+000	3.4771e-007	-3.0523e+012	-3.0306e+012	3.0305e+012	5.2500e-015
-3.680e+000	3.4780e-007	-3.0740e+012	-3.0523e+012	3.0522e+012	5.2500e-015
-3.670e+000	3.4790e-007	-3.0957e+012	-3.0740e+012	3.0740e+012	5.2500e-015
-3.660e+000	3.4799e-007	-3.1174e+012	-3.0957e+012	3.0957e+012	5.2500e-015
-3.650e+000	3.4807e-007	-3.1391e+012	-3.1174e+012	3.1174e+012	5.2500e-015
-3.640e+000	3.4816e-007	-3.1609e+012	-3.1391e+012	3.1391e+012	5.2500e-015
-3.630e+000	3.4825e-007	-3.1826e+012	-3.1609e+012	3.1608e+012	5.2500e-015
-3.620e+000	3.4833e-007	-3.2044e+012	-3.1826e+012	3.1826e+012	5.2500e-015
-3.610e+000	3.4842e-007	-3.2261e+012	-3.2044e+012	3.2043e+012	5.2500e-015
-3.600e+000	3.4850e-007	-3.2479e+012	-3.2261e+012	3.2261e+012	5.2500e-015
-3.590e+000	3.4858e-007	-3.2696e+012	-3.2479e+012	3.2478e+012	5.2500e-015
-3.580e+000	3.4866e-007	-3.2914e+012	-3.2696e+012	3.2696e+012	5.2500e-015
-3.570e+000	3.4874e-007	-3.3131e+012	-3.2914e+012	3.2913e+012	5.2500e-015
-3.560e+000	3.4882e-007	-3.3349e+012	-3.3131e+012	3.3131e+012	5.2500e-015
-3.550e+000	3.4890e-007	-3.3567e+012	-3.3349e+012	3.3349e+012	5.2500e-015
-3.540e+000	3.4898e-007	-3.3785e+012	-3.3567e+012	3.3566e+012	5.2500e-015
-3.530e+000	3.4905e-007	-3.4003e+012	-3.3785e+012	3.3784e+012	5.2500e-015
-3.520e+000	3.4913e-007	-3.4220e+012	-3.4003e+012	3.4002e+012	5.2500e-015
-3.510e+000	3.4920e-007	-3.4438e+012	-3.4220e+012	3.4220e+012	5.2500e-015
-3.500e+000	3.4927e-007	-3.4656e+012	-3.4438e+012	3.4438e+012	5.2500e-015
-3.490e+000	3.4935e-007	-3.4874e+012	-3.4656e+012	3.4656e+012	5.2500e-015
-3.480e+000	3.4942e-007	-3.5093e+012	-3.4874e+012	3.4874e+012	5.2500e-015
-3.470e+000	3.4949e-007	-3.5311e+012	-3.5093e+012	3.5092e+012	5.2500e-015
-3.460e+000	3.4956e-007	-3.5529e+012	-3.5311e+012	3.5310e+012	5.2500e-015
-3.450e+000	3.4963e-007	-3.5747e+012	-3.5529e+012	3.5528e+012	5.2500e-015
-3.440e+000	3.4970e-007	-3.5965e+012	-3.5747e+012	3.5747e+012	5.2500e-015
-3.430e+000	3.4976e-007	-3.6184e+012	-3.5965e+012	3.5965e+012	5.2500e-015
-3.420e+000	3.4983e-007	-3.6402e+012	-3.6184e+012	3.6183e+012	5.2500e-015
-3.410e+000	3.4990e-007	-3.6620e+012	-3.6402e+012	3.6402e+012	5.2500e-015
-3.400e+000	3.4996e-007	-3.6839e+012	-3.6620e+012	3.6620e+012	5.2500e-015
-3.390e+000	3.5003e-007	-3.7057e+012	-3.6839e+012	3.6838e+012	5.2500e-015
-3.380e+000	3.5009e-007	-3.7276e+012	-3.7057e+012	3.7057e+012	5.2500e-015
-3.370e+000	3.5015e-007	-3.7494e+012	-3.7276e+012	3.7275e+012	5.2500e-015
-3.360e+000	3.5021e-007	-3.7713e+012	-3.7494e+012	3.7494e+012	5.2500e-015
-3.350e+000	3.5028e-007	-3.7932e+012	-3.7713e+012	3.7713e+012	5.2500e-015
-3.340e+000	3.5034e-007	-3.8150e+012	-3.7932e+012	3.7931e+012	5.2500e-015
-3.330e+000	3.5040e-007	-3.8369e+012	-3.8150e+012	3.8150e+012	5.2500e-015
-3.320e+000	3.5046e-007	-3.8588e+012	-3.8369e+012	3.8369e+012	5.2500e-015
-3.310e+000	3.5052e-007	-3.8806e+012	-3.8588e+012	3.8587e+012	5.2500e-015
-3.300e+000	3.5058e-007	-3.9025e+012	-3.8806e+012	3.8806e+012	5.2500e-015
-3.290e+000	3.5063e-007	-3.9244e+012	-3.9025e+012	3.9025e+012	5.2500e-015
-3.280e+000	3.5069e-007	-3.9463e+012	-3.9244e+012	3.9244e+012	5.2500e-015
-3.270e+000	3.5075e-007	-3.9682e+012	-3.9463e+012	3.9463e+012	5.2500e-015
-3.260e+000	3.5080e-007	-3.9901e+012	-3.9682e+012	3.9681e+012	5.2500e-015
-3.250e+000	3.5086e-007	-4.0120e+012	-3.9901e+012	3.9900e+012	5.2500e-015
-3.240e+000	3.5091e-007	-4.0339e+012	-4.0120e+012	4.0119e+012	5.2500e-015
-3.230e+000	3.5097e-007	-4.0558e+012	-4.0339e+012	4.0338e+012	5.2500e-015
-3.220e+000	3.5102e-007	-4.0777e+012	-4.0558e+012	4.0558e+012	5.2500e-015
-3.210e+000	3.5108e-007	-4.0996e+012	-4.0777e+012	4.0777e+012	5.2500e-015
-3.200e+000	3.5113e-007	-4.1215e+012	-4.0996e+012	4.0996e+012	5.2500e-015
-3.190e+000	3.5118e-007	-4.1434e+012	-4.1215e+012	4.1215e+012	5.2500e-015
-3.180e+000	3.5123e-007	-4.1654e+012	-4.1434e+012	4.1434e+012	5.2500e-015
-3.170e+000	3.5129e-007	-4.1873e+012	-4.1654e+012	4.1653e+012	5.2500e-015
-3.160e+000	3.5134e-007	-4.2092e+012	-4.1873e+012	4.1873e+012	5.2500e-015
-3.150e+000	3.5139e-007	-4.2312e+012	-4.2092e+012	4.2092e+012	5.2500e-015
-3.140e+000	3.5144e-007	-4.2531e+012	-4.2312e+012	4.2311e+012	5.2500e-015
-3.130e+000	3.5149e-007	-4.2750e+012	-4.2531e+012	4.2530e+012	5.2500e-015
-3.120e+000	3.5154e-007	-4.2970e+012	-4.2750e+012	4.2750e+012	5.2500e-015
-3.110e+000	3.5158e-007	-4.3189e+012	-4.2970e+012	4.2969e+012	5.2500e-015
-3.100e+000	3.5163e-007	-4.3409e+012	-4.3189e+012	4.3189e+012	5.2500e-015
-3.090e+000	3.5168e-007	-4.3628e+012	-4.3409e+012	4.3408e+012	5.2500e-015
-3.080e+000	3.5173e-007	-4.3848e+012	-4.3628e+012	4.3628e+012	5.2500e-015
-3.070e+000	3.5177e-007	-4.4067e+012	-4.3848e+012	4.3847e+012	5.2500e-015
-3.060e+000	3.5182e-007	-4.4287e+012	-4.4067e+012	4.4067e+012	5.2500e-015
-3.050e+000	3.5187e-007	-4.4506e+012	-4.4287e+012	4.4286e+012	5.2500e-015
-3.040e+000	3.5191e-007	-4.4726e+012	-4.4506e+012	4.4506e+012	5.2500e-015
-3.030e+000	3.5196e-007	-4.4946e+012	-4.4726e+012	4.4726e+012	5.2500e-015
-3.020e+000	3.5200e-007	-4.5165e+012	-4.4946e+012	4.4945e+012	5.2500e-015
-3.010e+000	3.5205e-007	-4.5385e+012	-4.5165e+012	4.5165e+012	5.2500e-015
-3.000e+000	3.5209e-007	-4.5605e+012	-4.5385e+012	4.5385e+012	5.2500e-015
-2.990e+000	3.5214e-007	-4.5825e+012	-4.5605e+012	4.5605e+012	5.2500e-015
-2.980e+000	3.5218e-007	-4.6045e+012	-4.5825e+012	4.5824e+012	5.2500e-015
-2.970e+000	3.5222e-007	-4.6264e+012	-4.6045e+012	4.6044e+012	5.2500e-015
-2.960e+000	3.5227e-007	-4.6484e+012	-4.6264e+012	4.6264e+012	5.2500e-015
-2.950e+000	3.5231e-007	-4.6704e+012	-4.6484e+012	4.6484e+012	5.2500e-015
-2.940e+000	3.5235e-007	-4.6924e+012	-4.6704e+012	4.6704e+012	5.2500e-015
-2.930e+000	3.5239e-007	-4.7144e+012	-4.6924e+012	4.6924e+012	5.2500e-015
-2.920e+000	3.5243e-007	-4.7364e+012	-4.7144e+012	4.7144e+012	5.2500e-015
-2.910e+000	3.5248e-007	-4.7584e+012	-4.7364e+012	4.7364e+012	5.2500e-015
-2.900e+000	3.5252e-007	-4.7804e+012	-4.7584e+012	4.7584e+012	5.2500e-015
-2.890e+000	3.5256e-007	-4.8024e+012	-4.7804e+012	4.7804e+012	5.2500e-015
-2.880e+000	3.5260e-007	-4.8244e+012	-4.8024e+012	4.8024e+012	5.2500e-015
-2.870e+000	3.5264e-007	-4.8464e+012	-4.8244e+012	4.8244e+012	5.2500e-015
-2.860e+000	3.5268e-007	-4.8684e+012	-4.8464e+012	4.8464e+012	5.2500e-015
-2.850e+000	3.5272e-007	-4.8904e+012	-4.8684e+012	4.8684e+012	5.2500e-015
-2.840e+000	3.5276e-007	-4.9125e+012	-4.8904e+012	4.8904e+012	5.2500e-015
-2.830e+000	3.5279e-007	-4.9345e+012	-4.9125e+012	4.9124e+012	5.2500e-015
-2.820e+000	3.5283e-007	-4.9565e+012	-4.9345e+012	4.9344e+012	5.2500e-015
-2.810e+000	3.5287e-007	-4.9785e+012	-4.9565e+012	4.9565e+012	5.2500e-015
-2.800e+000	3.5291e-007	-5.0006e+012	-4.9785e+012	4.9785e+012	5.2500e-015
-2.790e+000	3.5295e-007	-5.0226e+012	-5.0006e+012	5.0005e+012	5.2500e-015
-2.780e+000	3.5298e-007	-5.0446e+012	-5.0226e+012	5.0225e+012	5.2500e-015
-2.770e+000	3.5302e-007	-5.0667e+012	-5.0446e+012	5.0446e+012	5.2500e-015
-2.760e+000	3.5306e-007	-5.0887e+012	-5.0667e+012	5.0666e+012	5.2500e-015
-2.750e+000	3.5309e-007	-5.1107e+012	-5.0887e+012	5.0886e+012	5.2500e-015
-2.740e+000	3.5313e-007	-5.1328e+012	-5.1107e+012	5.1107e+012	5.2500e-015
-2.730e+000	3.5317e-007	-5.1548e+012	-5.1328e+012	5.1327e+012	5.2500e-015
-2.720e+000	3.5320e-007	-5.1769e+012	-5.1548e+012	5.1548e+012	5.2500e-015
-2.710e+000	3.5324e-007	-5.1989e+012	-5.1769e+012	5.1768e+012	5.2500e-015
-2.700e+000	3.5327e-007	-5.2210e+012	-5.1989e+012	5.1989e+012	5.2500e-015
-2.690e+000	3.5331e-007	-5.2430e+012	-5.2210e+012	5.2209e+012	5.2500e-015
-2.680e+000	3.5334e-007	-5.2651e+012	-5.2430e+012	5.2430e+012	5.2500e-015
-2.670e+000	3.5338e-007	-5.2871e+012	-5.2651e+012	5.2650e+012	5.2500e-015
-2.660e+000	3.5341e-007	-5.3092e+012	-5.2871e+012	5.2871e+012	5.2500e-015
-2.650e+000	3.5344e-007	-5.3312e+012	-5.3092e+012	5.3091e+012	5.2500e-015
-2.640e+000	3.5348e-007	-5.3533e+012	-5.3312e+012	5.3312e+012	5.2500e-015
-2.630e+000	3.5351e-007	-5.3754e+012	-5.3533e+012	5.3533e+012	5.2500e-015
-2.620e+000	3.5355e-007	-5.3974e+012	-5.3754e+012	5.3753e+012	5.2500e-015
-2.610e+000	3.5358e-007	-5.4195e+012	-5.3974e+012	5.3974e+012	5.2500e-015
-2.600e+000	3.5361e-007	-5.4416e+012	-5.4195e+012	5.4195e+012	5.2500e-015
-2.590e+000	3.5364e-007	-5.4636e+012	-5.4416e+012	5.4415e+012	5.2500e-015
-2.580e+000	3.5368e-007	-5.4857e+012	-5.4636e+012	5.4636e+012	5.2500e-015
-2.570e+000	3.5371e-007	-5.5078e+012	-5.4857e+012	5.4857e+012	5.2500e-015
-2.560e+000	3.5374e-007	-5.5299e+012	-5.5078e+012	5.5077e+012	5.2500e-015
-2.550e+000	3.5377e-007	-5.5519e+012	-5.5299e+012	5.5298e+012	5.2500e-015
-2.540e+000	3.5380e-007	-5.5740e+012	-5.5519e+012	5.5519e+012	5.2500e-015
-2.530e+000	3.5384e-007	-5.5961e+012	-5.5740e+012	5.5740e+012	5.2500e-015
-2.520e+000	3.5387e-007	-5.6182e+012	-5.5961e+012	5.5961e+012	5.2500e-015
-2.510e+000	3.5390e-007	-5.6403e+012	-5.6182e+012	5.6182e+012	5.2500e-015
-2.500e+000	3.5393e-007	-5.6624e+012	-5.6403e+012	5.6402e+012	5.2500e-015
-2.490e+000	3.5396e-007	-5.6845e+012	-5.6624e+012	5.6623e+012	5.2500e-015
-2.480e+000	3.5399e-007	-5.7066e+012	-5.6845e+012	5.6844e+012	5.2500e-015
-2.470e+000	3.5402e-007	-5.7287e+012	-5.7066e+012	5.7065e+012	5.2500e-015
-2.460e+000	3.5405e-007	-5.7508e+012	-5.7287e+012	5.7286e+012	5.2500e-015
-2.450e+000	3.5408e-007	-5.7729e+012	-5.7508e+012	5.7507e+012	5.2500e-015
-2.440e+000	3.5411e-007	-5.7950e+012	-5.7729e+012	5.7728e+012	5.2500e-015
-2.430e+000	3.5414e-007	-5.8171e+012	-5.7950e+012	5.7949e+012	5.2500e-015
-2.420e+000	3.5417e-007	-5.8392e+012	-5.8171e+012	5.8170e+012	5.2500e-015
-2.410e+000	3.5420e-007	-5.8613e+012	-5.8392e+012	5.8391e+012	5.2500e-015
-2.400e+000	3.5423e-007	-5.8834e+012	-5.8613e+012	5.8612e+012	5.2500e-015
-2.390e+000	3.5426e-007	-5.9055e+012	-5.8834e+012	5.8833e+012	5.2500e-015
-2.380e+000	3.5429e-007	-5.9276e+012	-5.9055e+012	5.9055e+012	5.2500e-015
-2.370e+000	3.5431e-007	-5.9497e+012	-5.9276e+012	5.9276e+012	5.2500e-015
-2.360e+000	3.5434e-007	-5.9718e+012	-5.9497e+012	5.9497e+012	5.2500e-015
-2.350e+000	3.5437e-007	-5.9940e+012	-5.9718e+012	5.9718e+012	5.2500e-015
-2.340e+000	3.5440e-007	-6.0161e+012	-5.9940e+012	5.9939e+012	5.2500e-015
-2.330e+000	3.5443e-007	-6.0382e+012	-6.0161e+012	6.0160e+012	5.2500e-015
-2.320e+000	3.5445e-007	-6.0603e+012	-6.0382e+012	6.0382e+012	5.2500e-015
-2.310e+000	3.5448e-007	-6.0825e+012	-6.0603e+012	6.0603e+012	5.2500e-015
-2.300e+000	3.5451e-007	-6.1046e+012	-6.0825e+012	6.0824e+012	5.2500e-015
-2.290e+000	3.5454e-007	-6.1267e+012	-6.1046e+012	6.1045e+012	5.2500e-015
-2.280e+000	3.5456e-007	-6.1488e+012	-6.1267e+012	6.1267e+012	5.2500e-015
-2.270e+000	3.5459e-007	-6.1710e+012	-6.1488e+012	6.1488e+012	5.2500e-015
-2.260e+000	3.5462e-007	-6.1931e+012	-6.1710e+012	6.1709e+012	5.2500e-015
-2.250e+000	3.5464e-007	-6.2152e+012	-6.1931e+012	6.1931e+012	5.2500e-015
-2.240e+000	3.5467e-007	-6.2374e+012	-6.2152e+012	6.2152e+012	5.2500e-015
-2.230e+000	3.5470e-007	-6.2595e+012	-6.2374e+012	6.2373e+012	5.2500e-015
-2.220e+000	3.5472e-007	-6.2817e+012	-6.2595e+012	6.2595e+012	5.2500e-015
-2.210e+000	3.5475e-007	-6.3038e+012	-6.2817e+012	6.2816e+012	5.2500e-015
-2.200e+000	3.5478e-007	-6.3259e+012	-6.3038e+012	6.3038e+012	5.2500e-015
-2.190e+000	3.5463e-007	-6.3481e+012	-6.3259e+012	6.3259e+012	5.2500e-015
-2.180e+000	3.5448e-007	-6.3702e+012	-6.3481e+012	6.3480e+012	5.2500e-015
-2.170e+000	3.5450e-007	-6.3923e+012	-6.3702e+012	6.3702e+012	5.2500e-015
-2.160e+000	3.5452e-007	-6.4144e+012	-6.3923e+012	6.3923e+012	5.2500e-015
-2.150e+000	3.5455e-007	-6.4366e+012	-6.4144e+012	6.4144e+012	5.2500e-015
-2.140e+000	3.5457e-007	-6.4587e+012	-6.4366e+012	6.4365e+012	5.2500e-015
-2.130e+000	3.5459e-007	-6.4808e+012	-6.4587e+012	6.4587e+012	5.2500e-015
-2.120e+000	3.5461e-007	-6.5030e+012	-6.4808e+012	6.4808e+012	5.2500e-015
-2.110e+000	3.5463e-007	-6.5251e+012	-6.5030e+012	6.5029e+012	5.2500e-015
-2.100e+000	3.5465e-007	-6.5472e+012	-6.5251e+012	6.5251e+012	5.2500e-015
-2.090e+000	3.5468e-007	-6.5694e+012	-6.5472e+012	6.5472e+012	5.2500e-015
-2.080e+000	3.5470e-007	-6.5915e+012	-6.5694e+012	6.5693e+012	5.2500e-015
-2.070e+000	3.5472e-007	-6.6137e+012	-6.5915e+012	6.5915e+012	5.2500e-015
-2.060e+000	3.5474e-007	-6.6358e+012	-6.6137e+012	6.6136e+012	5.2500e-015
-2.050e+000	3.5476e-007	-6.6579e+012	-6.6358e+012	6.6358e+012	5.2500e-015
-2.040e+000	3.5478e-007	-6.6801e+012	-6.6579e+012	6.6579e+012	5.2500e-015
-2.030e+000	3.5480e-007	-6.7022e+012	-6.6801e+012	6.6800e+012	5.2500e-015
-2.020e+000	3.5482e-007	-6.7244e+012	-6.7022e+012	6.7022e+012	5.2500e-015
-2.010e+000	3.5484e-007	-6.7465e+012	-6.7244e+012	6.7243e+012	5.2500e-015
-2.000e+000	3.5486e-007	-6.7687e+012	-6.7465e+012	6.7465e+012	5.2500e-015
-1.990e+000	3.5488e-007	-6.7908e+012	-6.7687e+012	6.7686e+012	5.2500e-015
-1.980e+000	3.5490e-007	-6.8130e+012	-6.7908e+012	6.7908e+012	5.2500e-015
-1.970e+000	3.5492e-007	-6.8351e+012	-6.8130e+012	6.8129e+012	5.2500e-015
-1.960e+000	3.5494e-007	-6.8573e+012	-6.8351e+012	6.8351e+012	5.2500e-015
-1.950e+000	3.5496e-007	-6.8794e+012	-6.8573e+012	6.8572e+012	5.2500e-015
-1.940e+000	3.5498e-007	-6.9016e+012	-6.8794e+012	6.8794e+012	5.2500e-015
-1.930e+000	3.5500e-007	-6.9237e+012	-6.9016e+012	6.9016e+012	5.2500e-015
-1.920e+000	3.5502e-007	-6.9459e+012	-6.9237e+012	6.9237e+012	5.2500e-015
-1.910e+000	3.5504e-007	-6.9681e+012	-6.9459e+012	6.9459e+012	5.2500e-015
-1.900e+000	3.5506e-007	-6.9902e+012	-6.9681e+012	6.9680e+012	5.2500e-015
-1.890e+000	3.5508e-007	-7.0124e+012	-6.9902e+012	6.9902e+012	5.2500e-015
-1.880e+000	3.5509e-007	-7.0346e+012	-7.0124e+012	7.0123e+012	5.2500e-015
-1.870e+000	3.5511e-007	-7.0567e+012	-7.0346e+012	7.0345e+012	5.2500e-015
-1.860e+000	3.5513e-007	-7.0789e+012	-7.0567e+012	7.0567e+012	5.2500e-015
-1.850e+000	3.5515e-007	-7.1010e+012	-7.0789e+012	7.0788e+012	5.2500e-015
-1.840e+000	3.5517e-007	-7.1232e+012	-7.1010e+012	7.1010e+012	5.2500e-015
-1.830e+000	3.5519e-007	-7.1454e+012	-7.1232e+012	7.1232e+012	5.2500e-015
-1.820e+000	3.5521e-007	-7.1676e+012	-7.1454e+012	7.1453e+012	5.2500e-015
-1.810e+000	3.5522e-007	-7.1897e+012	-7.1676e+012	7.1675e+012	5.2500e-015
-1.800e+000	3.5524e-007	-7.2119e+012	-7.1897e+012	7.1897e+012	5.2500e-015
-1.790e+000	3.5526e-007	-7.2341e+012	-7.2119e+012	7.2119e+012	5.2500e-015
-1.780e+000	3.5528e-007	-7.2562e+012	-7.2341e+012	7.2340e+012	5.2500e-015
-1.770e+000	3.5530e-007	-7.2784e+012	-7.2562e+012	7.2562e+012	5.2500e-015
-1.760e+000	3.5531e-007	-7.3006e+012	-7.2784e+012	7.2784e+012	5.2500e-015
-1.750e+000	3.5533e-007	-7.3228e+012	-7.3006e+012	7.3006e+012	5.2500e-015
-1.740e+000	3.5535e-007	-7.3450e+012	-7.3228e+012	7.3227e+012	5.2500e-015
-1.730e+000	3.5537e-007	-7.3671e+012	-7.3450e+012	7.3449e+012	5.2500e-015
-1.720e+000	3.5538e-007	-7.3893e+012	-7.3671e+012	7.3671e+012	5.2500e-015
-1.710e+000	3.5540e-007	-7.4115e+012	-7.3893e+012	7.3893e+012	5.2500e-015
-1.700e+000	3.5542e-007	-7.4337e+012	-7.4115e+012	7.4115e+012	5.2500e-015
-1.690e+000	3.5544e-007	-7.4559e+012	-7.4337e+012	7.4336e+012	5.2500e-015
-1.680e+000	3.5545e-007	-7.4781e+012	-7.4559e+012	7.4558e+012	5.2500e-015
-1.670e+000	3.5547e-007	-7.5002e+012	-7.4781e+012	7.4780e+012	5.2500e-015
-1.660e+000	3.5549e-007	-7.5224e+012	-7.5002e+012	7.5002e+012	5.2500e-015
-1.650e+000	3.5550e-007	-7.5446e+012	-7.5224e+012	7.5224e+012	5.2500e-015
-1.640e+000	3.5552e-007	-7.5668e+012	-7.5446e+012	7.5446e+012	5.2500e-015
-1.630e+000	3.5554e-007	-7.5890e+012	-7.5668e+012	7.5668e+012	5.2500e-015
-1.620e+000	3.5555e-007	-7.6112e+012	-7.5890e+012	7.5890e+012	5.2500e-015
-1.610e+000	3.5557e-007	-7.6334e+012	-7.6112e+012	7.6112e+012	5.2500e-015
-1.600e+000	3.5559e-007	-7.6556e+012	-7.6334e+012	7.6333e+012	5.2500e-015
-1.590e+000	3.5560e-007	-7.6778e+012	-7.6556e+012	7.6555e+012	5.2500e-015
-1.580e+000	3.5562e-007	-7.7000e+012	-7.6778e+012	7.6777e+012	5.2500e-015
-1.570e+000	3.5564e-007	-7.7222e+012	-7.7000e+012	7.6999e+012	5.2500e-015
-1.560e+000	3.5565e-007	-7.7444e+012	-7.7222e+012	7.7221e+012	5.2500e-015
-1.550e+000	3.5567e-007	-7.7666e+012	-7.7444e+012	7.7443e+012	5.2500e-015
-1.540e+000	3.5569e-007	-7.7888e+012	-7.7666e+012	7.7665e+012	5.2500e-015
-1.530e+000	3.5570e-007	-7.8110e+012	-7.7888e+012	7.7887e+012	5.2500e-015
-1.520e+000	3.5572e-007	-7.8332e+012	-7.8110e+012	7.8109e+012	5.2500e-015
-1.510e+000	3.5573e-007	-7.8554e+012	-7.8332e+012	7.8331e+012	5.2500e-015
-1.500e+000	3.5575e-007	-7.8776e+012	-7.8554e+012	7.8553e+012	5.2500e-015
-1.490e+000	3.5576e-007	-7.8998e+012	-7.8776e+012	7.8775e+012	5.2500e-015
-1.480e+000	3.5578e-007	-7.9220e+012	-7.8998e+012	7.8997e+012	5.2500e-015
-1.470e+000	3.5580e-007	-7.9442e+012	-7.9220e+012	7.9219e+012	5.2500e-015
-1.460e+000	3.5581e-007	-7.9664e+012	-7.9442e+012	7.9442e+012	5.2500e-015
-1.450e+000	3.5583e-007	-7.9886e+012	-7.9664e+012	7.9664e+012	5.2500e-015
-1.440e+000	3.5584e-007	-8.0108e+012	-7.9886e+012	7.9886e+012	5.2500e-015
-1.430e+000	3.5586e-007	-8.0330e+012	-8.0108e+012	8.0108e+012	5.2500e-015
-1.420e+000	3.5587e-007	-8.0552e+012	-8.0330e+012	8.0330e+012	5.2500e-015
-1.410e+000	3.5589e-007	-8.0775e+012	-8.0552e+012	8.0552e+012	5.2500e-015
-1.400e+000	3.5590e-007	-8.0997e+012	-8.0775e+012	8.0774e+012	5.2500e-015
-1.390e+000	3.5592e-007	-8.1219e+012	-8.0997e+012	8.0996e+012	5.2500e-015
-1.380e+000	3.5593e-007	-8.1441e+012	-8.1219e+012	8.1218e+012	5.2500e-015
-1.370e+000	3.5595e-007	-8.1663e+012	-8.1441e+012	8.1441e+012	5.2500e-015
-1.360e+000	3.5596e-007	-8.1885e+012	-8.1663e+012	8.1663e+012	5.2500e-015
-1.350e+000	3.5598e-007	-8.2107e+012	-8.1885e+012	8.1885e+012	5.2500e-015
-1.340e+000	3.5599e-007	-8.2330e+012	-8.2107e+012	8.2107e+012	5.2500e-015
-1.330e+000	3.5601e-007	-8.2552e+012	-8.2330e+012	8.2329e+012	5.2500e-015
-1.320e+000	3.5602e-007	-8.2774e+012	-8.2552e+012	8.2551e+012	5.2500e-015
-1.310e+000	3.5604e-007	-8.2996e+012	-8.2774e+012	8.2774e+012	5.2500e-015
-1.300e+000	3.5605e-007	-8.3219e+012	-8.2996e+012	8.2996e+012	5.2500e-015
-1.290e+000	3.5606e-007	-8.3441e+012	-8.3219e+012	8.3218e+012	5.2500e-015
-1.280e+000	3.5608e-007	-8.3663e+012	-8.3441e+012	8.3440e+012	5.2500e-015
-1.270e+000	3.5609e-007	-8.3885e+012	-8.3663e+012	8.3663e+012	5.2500e-015
-1.260e+000	3.5611e-007	-8.4108e+012	-8.3885e+012	8.3885e+012	5.2500e-015
-1.250e+000	3.5612e-007	-8.4330e+012	-8.4108e+012	8.4107e+012	5.2500e-015
-1.240e+000	3.5614e-007	-8.4552e+012	-8.4330e+012	8.4329e+012	5.2500e-015
-1.230e+000	3.5615e-007	-8.4774e+012	-8.4552e+012	8.4552e+012	5.2500e-015
-1.220e+000	3.5616e-007	-8.4997e+012	-8.4774e+012	8.4774e+012	5.2500e-015
-1.210e+000	3.5618e-007	-8.5219e+012	-8.4997e+012	8.4996e+012	5.2500e-015
-1.200e+000	3.5619e-007	-8.5441e+012	-8.5219e+012	8.5219e+012	5.2500e-015
-1.190e+000	3.5620e-007	-8.5664e+012	-8.5441e+012	8.5441e+012	5.2500e-015
-1.180e+000	3.5622e-007	-8.5886e+012	-8.5664e+012	8.5663e+012	5.2500e-015
-1.170e+000	3.5623e-007	-8.6108e+012	-8.5886e+012	8.5886e+012	5.2500e-015
-1.160e+000	3.5625e-007	-8.6331e+012	-8.6108e+012	8.6108e+012	5.2500e-015
-1.150e+000	3.5626e-007	-8.6553e+012	-8.6331e+012	8.6330e+012	5.2500e-015
-1.140e+000	3.5627e-007	-8.6775e+012	-8.6553e+012	8.6553e+012	5.2500e-015
-1.130e+000	3.5629e-007	-8.6998e+012	-8.6775e+012	8.6775e+012	5.2500e-015
-1.120e+000	3.5630e-007	-8.7220e+012	-8.6998e+012	8.6997e+012	5.2500e-015
-1.110e+000	3.5631e-007	-8.7443e+012	-8.7220e+012	8.7220e+012	5.2500e-015
-1.100e+000	3.5633e-007	-8.7665e+012	-8.7443e+012	8.7442e+012	5.2500e-015
-1.090e+000	3.5634e-007	-8.7887e+012	-8.7665e+012	8.7665e+012	5.2500e-015
-1.080e+000	3.5635e-007	-8.8110e+012	-8.7887e+012	8.7887e+012	5.2500e-015
-1.070e+000	3.5637e-007	-8.8332e+012	-8.8110e+012	8.8109e+012	5.2500e-015
-1.060e+000	3.5638e-007	-8.8555e+012	-8.8332e+012	8.8332e+012	5.2500e-015
-1.050e+000	3.5639e-007	-8.8777e+012	-8.8555e+012	8.8554e+012	5.2500e-015
-1.040e+000	3.5641e-007	-8.9000e+012	-8.8777e+012	8.8777e+012	5.2500e-015
-1.030e+000	3.5642e-007	-8.9222e+012	-8.9000e+012	8.8999e+012	5.2500e-015
-1.020e+000	3.5643e-007	-8.9444e+012	-8.9222e+012	8.9222e+012	5.2500e-015
-1.010e+000	3.5644e-007	-8.9667e+012	-8.9444e+012	8.9444e+012	5.2500e-015
-1.000e+000	3.5646e-007	-8.9889e+012	-8.9667e+012	8.9667e+012	5.2500e-015
-9.900e-001	3.5647e-007	-9.0112e+012	-8.9889e+012	8.9889e+012	5.2500e-015
-9.800e-001	3.5648e-007	-9.0334e+012	-9.0112e+012	9.0112e+012	5.2500e-015
-9.700e-001	3.5650e-007	-9.0557e+012	-9.0334e+012	9.0334e+012	5.2500e-015
-9.600e-001	3.5651e-007	-9.0779e+012	-9.0557e+012	9.0557e+012	5.2500e-015
-9.500e-001	3.5652e-007	-9.1002e+012	-9.0779e+012	9.0779e+012	5.2500e-015
-9.400e-001	3.5653e-007	-9.1224e+012	-9.1002e+012	9.1002e+012	5.2500e-015
-9.300e-001	3.5655e-007	-9.1447e+012	-9.1224e+012	9.1224e+012	5.2500e-015
-9.200e-001	3.5656e-007	-9.1670e+012	-9.1447e+012	9.1447e+012	5.2500e-015
-9.100e-001	3.5657e-007	-9.1892e+012	-9.1670e+012	9.1669e+012	5.2500e-015
-9.000e-001	3.5658e-007	-9.2115e+012	-9.1892e+012	9.1892e+012	5.2500e-015
-8.900e-001	3.5660e-007	-9.2337e+012	-9.2115e+012	9.2114e+012	5.2500e-015
-8.800e-001	3.5661e-007	-9.2560e+012	-9.2337e+012	9.2337e+012	5.2500e-015
-8.700e-001	3.5662e-007	-9.2782e+012	-9.2560e+012	9.2559e+012	5.2500e-015
-8.600e-001	3.5663e-007	-9.3005e+012	-9.2782e+012	9.2782e+012	5.2500e-015
-8.500e-001	3.5664e-007	-9.3228e+012	-9.3005e+012	9.3005e+012	5.2500e-015
-8.400e-001	3.5666e-007	-9.3450e+012	-9.3228e+012	9.3227e+012	5.2500e-015
-8.300e-001	3.5667e-007	-9.3673e+012	-9.3450e+012	9.3450e+012	5.2500e-015
-8.200e-001	3.5668e-007	-9.3895e+012	-9.3673e+012	9.3672e+012	5.2500e-015
-8.100e-001	3.5669e-007	-9.4118e+012	-9.3895e+012	9.3895e+012	5.2500e-015
-8.000e-001	3.5670e-007	-9.4341e+012	-9.4118e+012	9.4118e+012	5.2500e-015
-7.900e-001	3.5672e-007	-9.4563e+012	-9.4341e+012	9.4340e+012	5.2500e-015
-7.800e-001	3.5673e-007	-9.4786e+012	-9.4563e+012	9.4563e+012	5.2500e-015
-7.700e-001	3.5674e-007	-9.5009e+012	-9.4786e+012	9.4786e+012	5.2500e-015
-7.600e-001	3.5675e-007	-9.5231e+012	-9.5009e+012	9.5008e+012	5.2500e-015
-7.500e-001	3.5676e-007	-9.5454e+012	-9.5231e+012	9.5231e+012	5.2500e-015
-7.400e-001	3.5677e-007	-9.5677e+012	-9.5454e+012	9.5454e+012	5.2500e-015
-7.300e-001	3.5679e-007	-9.5899e+012	-9.5677e+012	9.5676e+012	5.2500e-015
-7.200e-001	3.5680e-007	-9.6122e+012	-9.5899e+012	9.5899e+012	5.2500e-015
-7.100e-001	3.5681e-007	-9.6345e+012	-9.6122e+012	9.6122e+012	5.2500e-015
-7.000e-001	3.5682e-007	-9.6567e+012	-9.6345e+012	9.6344e+012	5.2500e-015
-6.900e-001	3.5683e-007	-9.6790e+012	-9.6567e+012	9.6567e+012	5.2500e-015
-6.800e-001	3.5684e-007	-9.7013e+012	-9.6790e+012	9.6790e+012	5.2500e-015
-6.700e-001	3.5686e-007	-9.7236e+012	-9.7013e+012	9.7013e+012	5.2500e-015
-6.600e-001	3.5687e-007	-9.7458e+012	-9.7236e+012	9.7235e+012	5.2500e-015
-6.500e-001	3.5688e-007	-9.7681e+012	-9.7458e+012	9.7458e+012	5.2500e-015
-6.400e-001	3.5689e-007	-9.7904e+012	-9.7681e+012	9.7681e+012	5.2500e-015
-6.300e-001	3.5690e-007	-9.8127e+012	-9.7904e+012	9.7903e+012	5.2500e-015
-6.200e-001	3.5691e-007	-9.8349e+012	-9.8127e+012	9.8126e+012	5.2500e-015
-6.100e-001	3.5692e-007	-9.8572e+012	-9.8349e+012	9.8349e+012	5.2500e-015
-6.000e-001	3.5693e-007	-9.8795e+012	-9.8572e+012	9.8572e+012	5.2500e-015
-5.900e-001	3.5695e-007	-9.9018e+012	-9.8795e+012	9.8795e+012	5.2500e-015
-5.800e-001	3.5696e-007	-9.9241e+012	-9.9018e+012	9.9017e+012	5.2500e-015
-5.700e-001	3.5697e-007	-9.9463e+012	-9.9241e+012	9.9240e+012	5.2500e-015
-5.600e-001	3.5698e-007	-9.9686e+012	-9.9463e+012	9.9463e+012	5.2500e-015
-5.500e-001	3.5699e-007	-9.9909e+012	-9.9686e+012	9.9686e+012	5.2500e-015
-5.400e-001	3.5700e-007	-1.0013e+013	-9.9909e+012	9.9909e+012	5.2500e-015
-5.300e-001	3.5701e-007	-1.0035e+013	-1.0013e+013	1.0013e+013	5.2500e-015
-5.200e-001	3.5702e-007	-1.0058e+013	-1.0035e+013	1.0035e+013	5.2500e-015
-5.100e-001	3.5703e-007	-1.0080e+013	-1.0058e+013	1.0058e+013	5.2500e-015
-5.000e-001	3.5704e-007	-1.0102e+013	-1.0080e+013	1.0080e+013	5.2500e-015
-4.900e-001	3.5705e-007	-1.0125e+013	-1.0102e+013	1.0102e+013	5.2500e-015
-4.800e-001	3.5706e-007	-1.0147e+013	-1.0125e+013	1.0125e+013	5.2500e-015
-4.700e-001	3.5708e-007	-1.0169e+013	-1.0147e+013	1.0147e+013	5.2500e-015
-4.600e-001	3.5709e-007	-1.0191e+013	-1.0169e+013	1.0169e+013	5.2500e-015
-4.500e-001	3.5710e-007	-1.0214e+013	-1.0191e+013	1.0191e+013	5.2500e-015
-4.400e-001	3.5711e-007	-1.0236e+013	-1.0214e+013	1.0214e+013	5.2500e-015
-4.300e-001	3.5712e-007	-1.0258e+013	-1.0236e+013	1.0236e+013	5.2500e-015
-4.200e-001	3.5713e-007	-1.0281e+013	-1.0258e+013	1.0258e+013	5.2500e-015
-4.100e-001	3.5714e-007	-1.0303e+013	-1.0281e+013	1.0281e+013	5.2500e-015
-4.000e-001	3.5715e-007	-1.0325e+013	-1.0303e+013	1.0303e+013	5.2500e-015
-3.900e-001	3.5716e-007	-1.0347e+013	-1.0325e+013	1.0325e+013	5.2500e-015
-3.800e-001	3.5717e-007	-1.0370e+013	-1.0347e+013	1.0347e+013	5.2500e-015
-3.700e-001	3.5718e-007	-1.0392e+013	-1.0370e+013	1.0370e+013	5.2500e-015
-3.600e-001	3.5719e-007	-1.0414e+013	-1.0392e+013	1.0392e+013	5.2500e-015
-3.500e-001	3.5720e-007	-1.0437e+013	-1.0414e+013	1.0414e+013	5.2500e-015
-3.400e-001	3.5721e-007	-1.0459e+013	-1.0437e+013	1.0437e+013	5.2500e-015
-3.300e-001	3.5722e-007	-1.0481e+013	-1.0459e+013	1.0459e+013	5.2500e-015
-3.200e-001	3.5723e-007	-1.0504e+013	-1.0481e+013	1.0481e+013	5.2500e-015
-3.100e-001	3.5724e-007	-1.0526e+013	-1.0504e+013	1.0504e+013	5.2500e-015
-3.000e-001	3.5725e-007	-1.0548e+013	-1.0526e+013	1.0526e+013	5.2500e-015
-2.900e-001	3.5726e-007	-1.0570e+013	-1.0548e+013	1.0548e+013	5.2500e-015
-2.800e-001	3.5727e-007	-1.0593e+013	-1.0570e+013	1.0570e+013	5.2500e-015
-2.700e-001	3.5728e-007	-1.0615e+013	-1.0593e+013	1.0593e+013	5.2500e-015
-2.600e-001	3.5729e-007	-1.0637e+013	-1.0615e+013	1.0615e+013	5.2500e-015
-2.500e-001	3.5730e-007	-1.0660e+013	-1.0637e+013	1.0637e+013	5.2500e-015
-2.400e-001	3.5731e-007	-1.0682e+013	-1.0660e+013	1.0660e+013	5.2500e-015
-2.300e-001	3.5732e-007	-1.0704e+013	-1.0682e+013	1.0682e+013	5.2500e-015
-2.200e-001	3.5733e-007	-1.0727e+013	-1.0704e+013	1.0704e+013	5.2500e-015
-2.100e-001	3.5734e-007	-1.0749e+013	-1.0727e+013	1.0727e+013	5.2500e-015
-2.000e-001	3.5735e-007	-1.0771e+013	-1.0749e+013	1.0749e+013	5.2500e-015
-1.900e-001	3.5736e-007	-1.0793e+013	-1.0771e+013	1.0771e+013	5.2500e-015
-1.800e-001	3.5737e-007	-1.0816e+013	-1.0793e+013	1.0793e+013	5.2500e-015
-1.700e-001	3.5738e-007	-1.0838e+013	-1.0816e+013	1.0816e+013	5.2500e-015
-1.600e-001	3.5739e-007	-1.0860e+013	-1.0838e+013	1.0838e+013	5.2500e-015
-1.500e-001	3.5740e-007	-1.0883e+013	-1.0860e+013	1.0860e+013	5.2500e-015
-1.400e-001	3.5741e-007	-1.0905e+013	-1.0883e+013	1.0883e+013	5.2500e-015
-1.300e-001	3.5742e-007	-1.0927e+013	-1.0905e+013	1.0905e+013	5.2500e-015
-1.200e-001	3.5743e-007	-1.0950e+013	-1.0927e+013	1.0927e+013	5.2500e-015
-1.100e-001	3.5744e-007	-1.0972e+013	-1.0950e+013	1.0950e+013	5.2500e-015
-1.000e-001	3.5745e-007	-1.0994e+013	-1.0972e+013	1.0972e+013	5.2500e-015
-9.000e-002	3.5746e-007	-1.1017e+013	-1.0994e+013	1.0994e+013	5.2500e-015
-8.000e-002	3.5747e-007	-1.1039e+013	-1.1017e+013	1.1017e+013	5.2500e-015
-7.000e-002	3.5747e-007	-1.1061e+013	-1.1039e+013	1.1039e+013	5.2500e-015
-6.000e-002	3.5748e-007	-1.1083e+013	-1.1061e+013	1.1061e+013	5.2500e-015
-5.000e-002	3.5749e-007	-1.1106e+013	-1.1083e+013	1.1083e+013	5.2500e-015
-4.000e-002	3.5750e-007	-1.1128e+013	-1.1106e+013	1.1106e+013	5.2500e-015
-3.000e-002	3.5751e-007	-1.1150e+013	-1.1128e+013	1.1128e+013	5.2500e-015
-2.000e-002	3.5752e-007	-1.1173e+013	-1.1150e+013	1.1150e+013	5.2500e-015
-1.000e-002	3.5753e-007	-1.1195e+013	-1.1173e+013	1.1173e+013	5.2500e-015
0.000e+000	3.5754e-007	-1.1217e+013	-1.1195e+013	1.1195e+013	5.2500e-015
1.000e-002	3.5755e-007	-1.1240e+013	-1.1217e+013	1.1217e+013	5.2500e-015
2.000e-002	3.5756e-007	-1.1262e+013	-1.1240e+013	1.1240e+013	5.2500e-015
3.000e-002	3.5757e-007	-1.1284e+013	-1.1262e+013	1.1262e+013	5.2500e-015
4.000e-002	3.5758e-007	-1.1307e+013	-1.1284e+013	1.1284e+013	5.2500e-015
5.000e-002	3.5759e-007	-1.1329e+013	-1.1307e+013	1.1307e+013	5.2500e-015
6.000e-002	3.5759e-007	-1.1351e+013	-1.1329e+013	1.1329e+013	5.2500e-015
7.000e-002	3.5760e-007	-1.1374e+013	-1.1351e+013	1.1351e+013	5.2500e-015
8.000e-002	3.5761e-007	-1.1396e+013	-1.1374e+013	1.1374e+013	5.2500e-015
9.000e-002	3.5762e-007	-1.1418e+013	-1.1396e+013	1.1396e+013	5.2500e-015
1.000e-001	3.5763e-007	-1.1441e+013	-1.1418e+013	1.1418e+013	5.2500e-015
1.100e-001	3.5764e-007	-1.1463e+013	-1.1441e+013	1.1441e+013	5.2500e-015
1.200e-001	3.5765e-007	-1.1485e+013	-1.1463e+013	1.1463e+013	5.2500e-015
1.300e-001	3.5766e-007	-1.1508e+013	-1.1485e+013	1.1485e+013	5.2500e-015
1.400e-001	3.5767e-007	-1.1530e+013	-1.1508e+013	1.1507e+013	5.2500e-015
1.500e-001	3.5768e-007	-1.1552e+013	-1.1530e+013	1.1530e+013	5.2500e-015
1.600e-001	3.5768e-007	-1.1574e+013	-1.1552e+013	1.1552e+013	5.2500e-015
1.700e-001	3.5769e-007	-1.1597e+013	-1.1574e+013	1.1574e+013	5.2500e-015
1.800e-001	3.5770e-007	-1.1619e+013	-1.1597e+013	1.1597e+013	5.2500e-015
1.900e-001	3.5771e-007	-1.1641e+013	-1.1619e+013	1.1619e+013	5.2500e-015
2.000e-001	3.5772e-007	-1.1664e+013	-1.1641e+013	1.1641e+013	5.2500e-015
2.100e-001	3.5773e-007	-1.1686e+013	-1.1664e+013	1.1664e+013	5.2500e-015
2.200e-001	3.5774e-007	-1.1708e+013	-1.1686e+013	1.1686e+013	5.2500e-015
2.300e-001	3.5775e-007	-1.1731e+013	-1.1708e+013	1.1708e+013	5.2500e-015
2.400e-001	3.5775e-007	-1.1753e+013	-1.1731e+013	1.1731e+013	5.2500e-015
2.500e-001	3.5776e-007	-1.1775e+013	-1.1753e+013	1.1753e+013	5.2500e-015
2.600e-001	3.5777e-007	-1.1798e+013	-1.1775e+013	1.1775e+013	5.2500e-015
2.700e-001	3.5778e-007	-1.1820e+013	-1.1798e+013	1.1798e+013	5.2500e-015
2.800e-001	3.5779e-007	-1.1842e+013	-1.1820e+013	1.1820e+013	5.2500e-015
2.900e-001	3.5780e-007	-1.1865e+013	-1.1842e+013	1.1842e+013	5.2500e-015
3.000e-001	3.5781e-007	-1.1887e+013	-1.1865e+013	1.1865e+013	5.2500e-015
3.100e-001	3.5781e-007	-1.1909e+013	-1.1887e+013	1.1887e+013	5.2500e-015
3.200e-001	3.5782e-007	-1.1932e+013	-1.1909e+013	1.1909e+013	5.2500e-015
3.300e-001	3.5783e-007	-1.1954e+013	-1.1932e+013	1.1932e+013	5.2500e-015
3.400e-001	3.5784e-007	-1.1976e+013	-1.1954e+013	1.1954e+013	5.2500e-015
3.500e-001	3.5785e-007	-1.1999e+013	-1.1976e+013	1.1976e+013	5.2500e-015
3.600e-001	3.5786e-007	-1.2021e+013	-1.1999e+013	1.1999e+013	5.2500e-015
3.700e-001	3.5786e-007	-1.2043e+013	-1.2021e+013	1.2021e+013	5.2500e-015
3.800e-001	3.5787e-007	-1.2066e+013	-1.2043e+013	1.2043e+013	5.2500e-015
3.900e-001	3.5788e-007	-1.2088e+013	-1.2066e+013	1.2066e+013	5.2500e-015
4.000e-001	3.5789e-007	-1.2110e+013	-1.2088e+013	1.2088e+013	5.2500e-015
4.100e-001	3.5790e-007	-1.2133e+013	-1.2110e+013	1.2110e+013	5.2500e-015
4.200e-001	3.5791e-007	-1.2155e+013	-1.2133e+013	1.2133e+013	5.2500e-015
4.300e-001	3.5791e-007	-1.2177e+013	-1.2155e+013	1.2155e+013	5.2500e-015
4.400e-001	3.5792e-007	-1.2200e+013	-1.2177e+013	1.2177e+013	5.2500e-015
4.500e-001	3.5793e-007	-1.2222e+013	-1.2200e+013	1.2200e+013	5.2500e-015
4.600e-001	3.5794e-007	-1.2244e+013	-1.2222e+013	1.2222e+013	5.2500e-015
4.700e-001	3.5795e-007	-1.2267e+013	-1.2244e+013	1.2244e+013	5.2500e-015
4.800e-001	3.5795e-007	-1.2289e+013	-1.2267e+013	1.2267e+013	5.2500e-015
4.900e-001	3.5796e-007	-1.2312e+013	-1.2289e+013	1.2289e+013	5.2500e-015
5.000e-001	3.5797e-007	-1.2334e+013	-1.2312e+013	1.2311e+013	5.2500e-015
5.100e-001	3.5798e-007	-1.2356e+013	-1.2334e+013	1.2334e+013	5.2500e-015
5.200e-001	3.5799e-007	-1.2379e+013	-1.2356e+013	1.2356e+013	5.2500e-015
5.300e-001	3.5799e-007	-1.2401e+013	-1.2379e+013	1.2379e+013	5.2500e-015
5.400e-001	3.5800e-007	-1.2423e+013	-1.2401e+013	1.2401e+013	5.2500e-015
5.500e-001	3.5801e-007	-1.2446e+013	-1.2423e+013	1.2423e+013	5.2500e-015
5.600e-001	3.5802e-007	-1.2468e+013	-1.2446e+013	1.2446e+013	5.2500e-015
5.700e-001	3.5803e-007	-1.2490e+013	-1.2468e+013	1.2468e+013	5.2500e-015
5.800e-001	3.5803e-007	-1.2513e+013	-1.2490e+013	1.2490e+013	5.2500e-015
5.900e-001	3.5804e-007	-1.2535e+013	-1.2513e+013	1.2513e+013	5.2500e-015
6.000e-001	3.5805e-007	-1.2557e+013	-1.2535e+013	1.2535e+013	5.2500e-015
6.100e-001	3.5806e-007	-1.2580e+013	-1.2557e+013	1.2557e+013	5.2500e-015
6.200e-001	3.5807e-007	-1.2602e+013	-1.2580e+013	1.2580e+013	5.2500e-015
6.300e-001	3.5807e-007	-1.2624e+013	-1.2602e+013	1.2602e+013	5.2500e-015
6.400e-001	3.5808e-007	-1.2647e+013	-1.2624e+013	1.2624e+013	5.2500e-015
6.500e-001	3.5809e-007	-1.2669e+013	-1.2647e+013	1.2647e+013	5.2500e-015
6.600e-001	3.5810e-007	-1.2691e+013	-1.2669e+013	1.2669e+013	5.2500e-015
6.700e-001	3.5810e-007	-1.2714e+013	-1.2691e+013	1.2691e+013	5.2500e-015
6.800e-001	3.5811e-007	-1.2736e+013	-1.2714e+013	1.2714e+013	5.2500e-015
6.900e-001	3.5812e-007	-1.2758e+013	-1.2736e+013	1.2736e+013	5.2500e-015
7.000e-001	3.5813e-007	-1.2781e+013	-1.2758e+013	1.2758e+013	5.2500e-015
7.100e-001	3.5814e-007	-1.2803e+013	-1.2781e+013	1.2781e+013	5.2500e-015
7.200e-001	3.5814e-007	-1.2826e+013	-1.2803e+013	1.2803e+013	5.2500e-015
7.300e-001	3.5815e-007	-1.2848e+013	-1.2826e+013	1.2825e+013	5.2500e-015
7.400e-001	3.5816e-007	-1.2870e+013	-1.2848e+013	1.2848e+013	5.2500e-015
7.500e-001	3.5817e-007	-1.2893e+013	-1.2870e+013	1.2870e+013	5.2500e-015
7.600e-001	3.5817e-007	-1.2915e+013	-1.2893e+013	1.2893e+013	5.2500e-015
7.700e-001	3.5818e-007	-1.2937e+013	-1.2915e+013	1.2915e+013	5.2500e-015
7.800e-001	3.5819e-007	-1.2960e+013	-1.2937e+013	1.2937e+013	5.2500e-015
7.900e-001	3.5820e-007	-1.2982e+013	-1.2960e+013	1.2960e+013	5.2500e-015
8.000e-001	3.5820e-007	-1.3004e+013	-1.2982e+013	1.2982e+013	5.2500e-015
8.100e-001	3.5821e-007	-1.3027e+013	-1.3004e+013	1.3004e+013	5.2500e-015
8.200e-001	3.5822e-007	-1.3049e+013	-1.3027e+013	1.3027e+013	5.2500e-015
8.300e-001	3.5823e-007	-1.3071e+013	-1.3049e+013	1.3049e+013	5.2500e-015
8.400e-001	3.5823e-007	-1.3094e+013	-1.3071e+013	1.3071e+013	5.2500e-015
8.500e-001	3.5824e-007	-1.3116e+013	-1.3094e+013	1.3094e+013	5.2500e-015
8.600e-001	3.5825e-007	-1.3139e+013	-1.3116e+013	1.3116e+013	5.2500e-015
8.700e-001	3.5826e-007	-1.3161e+013	-1.3139e+013	1.3138e+013	5.2500e-015
8.800e-001	3.5826e-007	-1.3183e+013	-1.3161e+013	1.3161e+013	5.2500e-015
8.900e-001	3.5827e-007	-1.3206e+013	-1.3183e+013	1.3183e+013	5.2500e-015
9.000e-001	3.5828e-007	-1.3228e+013	-1.3206e+013	1.3206e+013	5.2500e-015
9.100e-001	3.5829e-007	-1.3250e+013	-1.3228e+013	1.3228e+013	5.2500e-015
9.200e-001	3.5829e-007	-1.3273e+013	-1.3250e+013	1.3250e+013	5.2500e-015
9.300e-001	3.5830e-007	-1.3295e+013	-1.3273e+013	1.3273e+013	5.2500e-015
9.400e-001	3.5831e-007	-1.3317e+013	-1.3295e+013	1.3295e+013	5.2500e-015
9.500e-001	3.5832e-007	-1.3340e+013	-1.3317e+013	1.3317e+013	5.2500e-015
9.600e-001	3.5833e-007	-1.3362e+013	-1.3340e+013	1.3340e+013	5.2500e-015
9.700e-001	3.5833e-007	-1.3385e+013	-1.3362e+013	1.3362e+013	5.2500e-015
9.800e-001	3.5834e-007	-1.3407e+013	-1.3385e+013	1.3384e+013	5.2500e-015
9.900e-001	3.5835e-007	-1.3429e+013	-1.3407e+013	1.3407e+013	5.2500e-015
1.000e+000	3.5836e-007	-1.3452e+013	-1.3429e+013	1.3429e+013	5.2500e-015
1.010e+000	3.5837e-007	-1.3474e+013	-1.3452e+013	1.3452e+013	5.2500e-015
1.020e+000	3.5838e-007	-1.3496e+013	-1.3474e+013	1.3474e+013	5.2500e-015
1.030e+000	3.5839e-007	-1.3519e+013	-1.3496e+013	1.3496e+013	5.2500e-015
1.040e+000	3.5840e-007	-1.3541e+013	-1.3519e+013	1.3519e+013	5.2500e-015
1.050e+000	3.5841e-007	-1.3563e+013	-1.3541e+013	1.3541e+013	5.2500e-015
1.060e+000	3.5843e-007	-1.3586e+013	-1.3563e+013	1.3563e+013	5.2500e-015
1.070e+000	3.5844e-007	-1.3608e+013	-1.3586e+013	1.3586e+013	5.2500e-015
1.080e+000	3.5846e-007	-1.3631e+013	-1.3608e+013	1.3608e+013	5.2500e-015
1.090e+000	3.5848e-007	-1.3653e+013	-1.3631e+013	1.3631e+013	5.2500e-015
1.100e+000	3.5850e-007	-1.3675e+013	-1.3653e+013	1.3653e+013	5.2500e-015
1.110e+000	3.5853e-007	-1.3698e+013	-1.3675e+013	1.3675e+013	5.2500e-015
1.120e+000	3.5857e-007	-1.3720e+013	-1.3698e+013	1.3698e+013	5.2500e-015
1.130e+000	3.5862e-007	-1.3742e+013	-1.3720e+013	1.3720e+013	5.2500e-015
1.140e+000	3.5867e-007	-1.3765e+013	-1.3742e+013	1.3742e+013	5.2500e-015
1.150e+000	3.5875e-007	-1.3787e+013	-1.3765e+013	1.3765e+013	5.2500e-015
1.160e+000	3.5885e-007	-1.3810e+013	-1.3787e+013	1.3787e+013	5.2500e-015
1.170e+000	3.5898e-007	-1.3832e+013	-1.3810e+013	1.3810e+013	5.2500e-015
1.180e+000	3.5915e-007	-1.3854e+013	-1.3832e+013	1.3832e+013	5.2500e-015
1.190e+000	3.5938e-007	-1.3877e+013	-1.3854e+013	1.3854e+013	5.2500e-015
1.200e+000	3.5969e-007	-1.3899e+013	-1.3877e+013	1.3877e+013	5.2500e-015
1.210e+000	3.6011e-007	-1.3922e+013	-1.3899e+013	1.3899e+013	5.2500e-015
1.220e+000	3.6068e-007	-1.3944e+013	-1.3922e+013	1.3922e+013	5.2500e-015
1.230e+000	3.6146e-007	-1.3967e+013	-1.3944e+013	1.3944e+013	5.2500e-015
1.240e+000	3.6252e-007	-1.3990e+013	-1.3967e+013	1.3967e+013	5.2500e-015
1.250e+000	3.6399e-007	-1.4012e+013	-1.3990e+013	1.3989e+013	5.2500e-015
1.260e+000	3.6601e-007	-1.4035e+013	-1.4012e+013	1.4012e+013	5.2500e-015
1.270e+000	3.6879e-007	-1.4058e+013	-1.4035e+013	1.4035e+013	5.2500e-015
1.280e+000	3.7265e-007	-1.4081e+013	-1.4058e+013	1.4058e+013	5.2500e-015
1.290e+000	3.7797e-007	-1.4105e+013	-1.4081e+013	1.4081e+013	5.2500e-015
1.300e+000	3.8535e-007	-1.4129e+013	-1.4105e+013	1.4105e+013	5.2500e-015
1.310e+000	3.9555e-007	-1.4154e+013	-1.4129e+013	1.4129e+013	5.2500e-015
1.320e+000	4.0965e-007	-1.4179e+013	-1.4154e+013	1.4154e+013	5.2500e-015
1.330e+000	4.2859e-007	-1.4206e+013	-1.4179e+013	1.4179e+013	5.2500e-015
1.340e+000	4.5468e-007	-1.4234e+013	-1.4206e+013	1.4206e+013	5.2500e-015
1.350e+000	4.9002e-007	-1.4265e+013	-1.4234e+013	1.4234e+013	5.2500e-015
1.360e+000	5.3733e-007	-1.4299e+013	-1.4265e+013	1.4265e+013	5.2500e-015
1.370e+000	5.9971e-007	-1.4336e+013	-1.4299e+013	1.4298e+013	5.2500e-015
1.380e+000	6.8031e-007	-1.4378e+013	-1.4336e+013	1.4336e+013	5.2500e-015
1.390e+000	7.8190e-007	-1.4427e+013	-1.4378e+013	1.4378e+013	5.2500e-015
1.400e+000	9.0625e-007	-1.4484e+013	-1.4427e+013	1.4427e+013	5.2500e-015
1.410e+000	1.0526e-006	-1.4549e+013	-1.4484e+013	1.4484e+013	5.2500e-015
1.420e+000	1.2192e-006	-1.4626e+013	-1.4549e+013	1.4549e+013	5.2500e-015
1.430e+000	1.4007e-006	-1.4713e+013	-1.4626e+013	1.4626e+013	5.2500e-015
1.440e+000	1.5907e-006	-1.4812e+013	-1.4713e+013	1.4713e+013	5.2500e-015
1.450e+000	1.7829e-006	-1.4924e+013	-1.4812e+013	1.4812e+013	5.2500e-015
1.460e+000	1.9705e-006	-1.5047e+013	-1.4924e+013	1.4924e+013	5.2500e-015
1.470e+000	2.1489e-006	-1.5181e+013	-1.5047e+013	1.5047e+013	5.2500e-015
1.480e+000	2.3153e-006	-1.5325e+013	-1.5181e+013	1.5181e+013	5.2500e-015
1.490e+000	2.4682e-006	-1.5479e+013	-1.5325e+013	1.5325e+013	5.2500e-015
1.500e+000	2.6074e-006	-1.5642e+013	-1.5479e+013	1.5479e+013	5.2500e-015
1.510e+000	2.7334e-006	-1.5813e+013	-1.5642e+013	1.5642e+013	5.2500e-015
1.520e+000	2.8474e-006	-1.5990e+013	-1.5813e+013	1.5813e+013	5.2500e-015
1.530e+000	2.9505e-006	-1.6174e+013	-1.5990e+013	1.5990e+013	5.2500e-015
1.540e+000	3.0443e-006	-1.6364e+013	-1.6174e+013	1.6174e+013	5.2500e-015
1.550e+000	3.1296e-006	-1.6560e+013	-1.6364e+013	1.6364e+013	5.2500e-015
1.560e+000	3.2078e-006	-1.6760e+013	-1.6560e+013	1.6560e+013	5.2500e-015
1.570e+000	3.2797e-006	-1.6965e+013	-1.6760e+013	1.6760e+013	5.2500e-015
1.580e+000	3.3461e-006	-1.7174e+013	-1.6965e+013	1.6965e+013	5.2500e-015
1.590e+000	3.4079e-006	-1.7386e+013	-1.7174e+013	1.7174e+013	5.2500e-015
1.600e+000	3.4655e-006	-1.7603e+013	-1.7386e+013	1.7386e+013	5.2500e-015
1.610e+000	3.5195e-006	-1.7822e+013	-1.7603e+013	1.7603e+013	5.2500e-015
1.620e+000	3.5704e-006	-1.8045e+013	-1.7822e+013	1.7822e+013	5.2500e-015
1.630e+000	3.6185e-006	-1.8271e+013	-1.8045e+013	1.8045e+013	5.2500e-015
1.640e+000	3.6642e-006	-1.8500e+013	-1.8271e+013	1.8271e+013	5.2500e-015
1.650e+000	3.7076e-006	-1.8731e+013	-1.8500e+013	1.8500e+013	5.2500e-015
1.660e+000	3.7491e-006	-1.8965e+013	-1.8731e+013	1.8731e+013	5.2500e-015
1.670e+000	3.7888e-006	-1.9202e+013	-1.8965e+013	1.8965e+013	5.2500e-015
1.680e+000	3.8268e-006	-1.9440e+013	-1.9202e+013	1.9201e+013	5.2500e-015
1.690e+000	3.8635e-006	-1.9681e+013	-1.9440e+013	1.9440e+013	5.2500e-015
1.700e+000	3.8987e-006	-1.9925e+013	-1.9681e+013	1.9681e+013	5.2500e-015
1.710e+000	3.9328e-006	-2.0170e+013	-1.9925e+013	1.9925e+013	5.2500e-015
1.720e+000	3.9573e-006	-2.0417e+013	-2.0170e+013	2.0170e+013	5.2500e-015
1.730e+000	3.9530e-006	-2.0664e+013	-2.0417e+013	2.0417e+013	5.2500e-015
1.740e+000	3.9785e-006	-2.0912e+013	-2.0664e+013	2.0664e+013	5.2500e-015
1.750e+000	4.0030e-006	-2.1162e+013	-2.0912e+013	2.0912e+013	5.2500e-015
1.760e+000	4.0266e-006	-2.1414e+013	-2.1162e+013	2.1162e+013	5.2500e-015
1.770e+000	4.0495e-006	-2.1666e+013	-2.1414e+013	2.1413e+013	5.2500e-015
1.780e+000	4.0715e-006	-2.1920e+013	-2.1666e+013	2.1666e+013	5.2500e-015
1.790e+000	4.0929e-006	-2.2176e+013	-2.1920e+013	2.1920e+013	5.2500e-015
1.800e+000	4.1135e-006	-2.2433e+013	-2.2176e+013	2.2176e+013	5.2500e-015
1.810e+000	4.1336e-006	-2.2691e+013	-2.2433e+013	2.2433e+013	5.2500e-015
1.820e+000	4.1530e-006	-2.2950e+013	-2.2691e+013	2.2691e+013	5.2500e-015
1.830e+000	4.1719e-006	-2.3210e+013	-2.2950e+013	2.2950e+013	5.2500e-015
1.840e+000	4.1902e-006	-2.3472e+013	-2.3210e+013	2.3210e+013	5.2500e-015
1.850e+000	4.2081e-006	-2.3734e+013	-2.3472e+013	2.3472e+013	5.2500e-015
1.860e+000	4.2255e-006	-2.3998e+013	-2.3734e+013	2.3734e+013	5.2500e-015
1.870e+000	4.2424e-006	-2.4263e+013	-2.3998e+013	2.3998e+013	5.2500e-015
1.880e+000	4.2590e-006	-2.4529e+013	-2.4263e+013	2.4263e+013	5.2500e-015
1.890e+000	4.2751e-006	-2.4796e+013	-2.4529e+013	2.4529e+013	5.2500e-015
1.900e+000	4.2908e-006	-2.5063e+013	-2.4796e+013	2.4795e+013	5.2500e-015
1.910e+000	4.3062e-006	-2.5332e+013	-2.5063e+013	2.5063e+013	5.2500e-015
1.920e+000	4.3212e-006	-2.5602e+013	-2.5332e+013	2.5332e+013	5.2500e-015
1.930e+000	4.3359e-006	-2.5872e+013	-2.5602e+013	2.5602e+013	5.2500e-015
1.940e+000	4.3502e-006	-2.6144e+013	-2.5872e+013	2.5872e+013	5.2500e-015
1.950e+000	4.3643e-006	-2.6416e+013	-2.6144e+013	2.6144e+013	5.2500e-015
1.960e+000	4.3780e-006	-2.6690e+013	-2.6416e+013	2.6416e+013	5.2500e-015
1.970e+000	4.3915e-006	-2.6964e+013	-2.6690e+013	2.6690e+013	5.2500e-015
1.980e+000	4.3979e-006	-2.7238e+013	-2.6964e+013	2.6964e+013	5.2500e-015
1.990e+000	4.4080e-006	-2.7513e+013	-2.7238e+013	2.7238e+013	5.2500e-015
2.000e+000	4.4203e-006	-2.7789e+013	-2.7513e+013	2.7513e+013	5.2500e-015
2.010e+000	4.4323e-006	-2.8066e+013	-2.7789e+013	2.7789e+013	5.2500e-015
2.020e+000	4.4441e-006	-2.8343e+013	-2.8066e+013	2.8066e+013	5.2500e-015
2.030e+000	4.4556e-006	-2.8621e+013	-2.8343e+013	2.8343e+013	5.2500e-015
2.040e+000	4.4670e-006	-2.8900e+013	-2.8621e+013	2.8621e+013	5.2500e-015
2.050e+000	4.4781e-006	-2.9180e+013	-2.8900e+013	2.8900e+013	5.2500e-015
2.060e+000	4.4891e-006	-2.9460e+013	-2.9180e+013	2.9180e+013	5.2500e-015
2.070e+000	4.4999e-006	-2.9741e+013	-2.9460e+013	2.9460e+013	5.2500e-015
2.080e+000	4.5104e-006	-3.0022e+013	-2.9741e+013	2.9741e+013	5.2500e-015
2.090e+000	4.5208e-006	-3.0304e+013	-3.0022e+013	3.0022e+013	5.2500e-015
2.100e+000	4.5311e-006	-3.0587e+013	-3.0304e+013	3.0304e+013	5.2500e-015
2.110e+000	4.5411e-006	-3.0871e+013	-3.0587e+013	3.0587e+013	5.2500e-015
2.120e+000	4.5511e-006	-3.1155e+013	-3.0871e+013	3.0871e+013	5.2500e-015
2.130e+000	4.5608e-006	-3.1439e+013	-3.1155e+013	3.1155e+013	5.2500e-015
2.140e+000	4.5704e-006	-3.1725e+013	-3.1439e+013	3.1439e+013	5.2500e-015
2.150e+000	4.5799e-006	-3.2010e+013	-3.1725e+013	3.1725e+013	5.2500e-015
2.160e+000	4.5892e-006	-3.2297e+013	-3.2010e+013	3.2010e+013	5.2500e-015
2.170e+000	4.5984e-006	-3.2584e+013	-3.2297e+013	3.2297e+013	5.2500e-015
2.180e+000	4.6075e-006	-3.2871e+013	-3.2584e+013	3.2584e+013	5.2500e-015
2.190e+000	4.6164e-006	-3.3160e+013	-3.2871e+013	3.2871e+013	5.2500e-015
2.200e+000	4.6252e-006	-3.3448e+013	-3.3160e+013	3.3160e+013	5.2500e-015
2.210e+000	4.6338e-006	-3.3738e+013	-3.3448e+013	3.3448e+013	5.2500e-015
2.220e+000	4.6424e-006	-3.4027e+013	-3.3738e+013	3.3737e+013	5.2500e-015
2.230e+000	4.6508e-006	-3.4318e+013	-3.4027e+013	3.4027e+013	5.2500e-015
2.240e+000	4.6592e-006	-3.4608e+013	-3.4318e+013	3.4317e+013	5.2500e-015
2.250e+000	4.6674e-006	-3.4900e+013	-3.4608e+013	3.4608e+013	5.2500e-015
2.260e+000	4.6755e-006	-3.5191e+013	-3.4900e+013	3.4900e+013	5.2500e-015
2.270e+000	4.6835e-006	-3.5484e+013	-3.5191e+013	3.5191e+013	5.2500e-015
2.280e+000	4.6914e-006	-3.5777e+013	-3.5484e+013	3.5484e+013	5.2500e-015
2.290e+000	4.6992e-006	-3.6070e+013	-3.5777e+013	3.5777e+013	5.2500e-015
2.300e+000	4.7069e-006	-3.6364e+013	-3.6070e+013	3.6070e+013	5.2500e-015
2.310e+000	4.7145e-006	-3.6658e+013	-3.6364e+013	3.6364e+013	5.2500e-015
2.320e+000	4.7220e-006	-3.6953e+013	-3.6658e+013	3.6658e+013	5.2500e-015
2.330e+000	4.7294e-006	-3.7248e+013	-3.6953e+013	3.6953e+013	5.2500e-015
2.340e+000	4.7368e-006	-3.7543e+013	-3.7248e+013	3.7248e+013	5.2500e-015
2.350e+000	4.7440e-006	-3.7840e+013	-3.7543e+013	3.7543e+013	5.2500e-015
2.360e+000	4.7512e-006	-3.8136e+013	-3.7840e+013	3.7840e+013	5.2500e-015
2.370e+000	4.7583e-006	-3.8433e+013	-3.8136e+013	3.8136e+013	5.2500e-015
2.380e+000	4.7653e-006	-3.8731e+013	-3.8433e+013	3.8433e+013	5.2500e-015
2.390e+000	4.7722e-006	-3.9028e+013	-3.8731e+013	3.8731e+013	5.2500e-015
2.400e+000	4.7791e-006	-3.9327e+013	-3.9028e+013	3.9028e+013	5.2500e-015
2.410e+000	4.7859e-006	-3.9625e+013	-3.9327e+013	3.9327e+013	5.2500e-015
2.420e+000	4.7926e-006	-3.9925e+013	-3.9625e+013	3.9625e+013	5.2500e-015
2.430e+000	4.7992e-006	-4.0224e+013	-3.9925e+013	3.9924e+013	5.2500e-015
2.440e+000	4.8058e-006	-4.0524e+013	-4.0224e+013	4.0224e+013	5.2500e-015
2.450e+000	4.8123e-006	-4.0824e+013	-4.0524e+013	4.0524e+013	5.2500e-015
2.460e+000	4.8187e-006	-4.1125e+013	-4.0824e+013	4.0824e+013	5.2500e-015
2.470e+000	4.8250e-006	-4.1426e+013	-4.1125e+013	4.1125e+013	5.2500e-015
2.480e+000	4.8313e-006	-4.1728e+013	-4.1426e+013	4.1426e+013	5.2500e-015
2.490e+000	4.8376e-006	-4.2030e+013	-4.1728e+013	4.1728e+013	5.2500e-015
2.500e+000	4.8437e-006	-4.2332e+013	-4.2030e+013	4.2030e+013	5.2500e-015
2.510e+000	4.8498e-006	-4.2635e+013	-4.2332e+013	4.2332e+013	5.2500e-015
2.520e+000	4.8559e-006	-4.2938e+013	-4.2635e+013	4.2635e+013	5.2500e-015
2.530e+000	4.8619e-006	-4.3241e+013	-4.2938e+013	4.2938e+013	5.2500e-015
2.540e+000	4.8678e-006	-4.3545e+013	-4.3241e+013	4.3241e+013	5.2500e-015
2.550e+000	4.8737e-006	-4.3849e+013	-4.3545e+013	4.3545e+013	5.2500e-015
2.560e+000	4.8784e-006	-4.4154e+013	-4.3849e+013	4.3849e+013	5.2500e-015
2.570e+000	4.8837e-006	-4.4459e+013	-4.4154e+013	4.4154e+013	5.2500e-015
2.580e+000	4.8893e-006	-4.4764e+013	-4.4459e+013	4.4459e+013	5.2500e-015
2.590e+000	4.8950e-006	-4.5069e+013	-4.4764e+013	4.4764e+013	5.2500e-015
2.600e+000	4.9005e-006	-4.5375e+013	-4.5069e+013	4.5069e+013	5.2500e-015
2.610e+000	4.9061e-006	-4.5681e+013	-4.5375e+013	4.5375e+013	5.2500e-015
2.620e+000	4.9116e-006	-4.5988e+013	-4.5681e+013	4.5681e+013	5.2500e-015
2.630e+000	4.9170e-006	-4.6295e+013	-4.5988e+013	4.5988e+013	5.2500e-015
2.640e+000	4.9224e-006	-4.6602e+013	-4.6295e+013	4.6295e+013	5.2500e-015
2.650e+000	4.9277e-006	-4.6910e+013	-4.6602e+013	4.6602e+013	5.2500e-015
2.660e+000	4.9330e-006	-4.7218e+013	-4.6910e+013	4.6910e+013	5.2500e-015
2.670e+000	4.9382e-006	-4.7526e+013	-4.7218e+013	4.7218e+013	5.2500e-015
2.680e+000	4.9434e-006	-4.7834e+013	-4.7526e+013	4.7526e+013	5.2500e-015
2.690e+000	4.9486e-006	-4.8143e+013	-4.7834e+013	4.7834e+013	5.2500e-015
2.700e+000	4.9537e-006	-4.8452e+013	-4.8143e+013	4.8143e+013	5.2500e-015
2.710e+000	4.9588e-006	-4.8762e+013	-4.8452e+013	4.8452e+013	5.2500e-015
2.720e+000	4.9638e-006	-4.9072e+013	-4.8762e+013	4.8762e+013	5.2500e-015
2.730e+000	4.9688e-006	-4.9382e+013	-4.9072e+013	4.9072e+013	5.2500e-015
2.740e+000	4.9737e-006	-4.9692e+013	-4.9382e+013	4.9382e+013	5.2500e-015
2.750e+000	4.9786e-006	-5.0003e+013	-4.9692e+013	4.9692e+013	5.2500e-015
2.760e+000	4.9835e-006	-5.0314e+013	-5.0003e+013	5.0003e+013	5.2500e-015
2.770e+000	4.9883e-006	-5.0625e+013	-5.0314e+013	5.0314e+013	5.2500e-015
2.780e+000	4.9931e-006	-5.0937e+013	-5.0625e+013	5.0625e+013	5.2500e-015
2.790e+000	4.9979e-006	-5.1249e+013	-5.0937e+013	5.0937e+013	5.2500e-015
2.800e+000	5.0026e-006	-5.1561e+013	-5.1249e+013	5.1249e+013	5.2500e-015
2.810e+000	5.0072e-006	-5.1874e+013	-5.1561e+013	5.1561e+013	5.2500e-015
2.820e+000	5.0119e-006	-5.2187e+013	-5.1874e+013	5.1874e+013	5.2500e-015
2.830e+000	5.0165e-006	-5.2500e+013	-5.2187e+013	5.2186e+013	5.2500e-015
2.840e+000	5.0211e-006	-5.2813e+013	-5.2500e+013	5.2500e+013	5.2500e-015
2.850e+000	5.0256e-006	-5.3127e+013	-5.2813e+013	5.2813e+013	5.2500e-015
2.860e+000	5.0301e-006	-5.3441e+013	-5.3127e+013	5.3127e+013	5.2500e-015
2.870e+000	5.0346e-006	-5.3755e+013	-5.3441e+013	5.3441e+013	5.2500e-015
2.880e+000	5.0390e-006	-5.4069e+013	-5.3755e+013	5.3755e+013	5.2500e-015
2.890e+000	5.0434e-006	-5.4384e+013	-5.4069e+013	5.4069e+013	5.2500e-015
2.900e+000	5.0478e-006	-5.4699e+013	-5.4384e+013	5.4384e+013	5.2500e-015
2.910e+000	5.0521e-006	-5.5015e+013	-5.4699e+013	5.4699e+013	5.2500e-015
2.920e+000	5.0564e-006	-5.5330e+013	-5.5015e+013	5.5015e+013	5.2500e-015
2.930e+000	5.0607e-006	-5.5646e+013	-5.5330e+013	5.5330e+013	5.2500e-015
2.940e+000	5.0649e-006	-5.5962e+013	-5.5646e+013	5.5646e+013	5.2500e-015
2.950e+000	5.0692e-006	-5.6279e+013	-5.5962e+013	5.5962e+013	5.2500e-015
2.960e+000	5.0733e-006	-5.6595e+013	-5.6279e+013	5.6279e+013	5.2500e-015
2.970e+000	5.0775e-006	-5.6912e+013	-5.6595e+013	5.6595e+013	5.2500e-015
2.980e+000	5.0816e-006	-5.7229e+013	-5.6912e+013	5.6912e+013	5.2500e-015
2.990e+000	5.0857e-006	-5.7547e+013	-5.7229e+013	5.7229e+013	5.2500e-015
3.000e+000	5.0898e-006	-5.7864e+013	-5.7547e+013	5.7547e+013	5.2500e-015
3.010e+000	5.0939e-006	-5.8182e+013	-5.7864e+013	5.7864e+013	5.2500e-015
3.020e+000	5.0979e-006	-5.8500e+013	-5.8182e+013	5.8182e+013	5.2500e-015
3.030e+000	5.1019e-006	-5.8819e+013	-5.8500e+013	5.8500e+013	5.2500e-015
3.040e+000	5.1058e-006	-5.9138e+013	-5.8819e+013	5.8819e+013	5.2500e-015
3.050e+000	5.1098e-006	-5.9457e+013	-5.9138e+013	5.9138e+013	5.2500e-015
3.060e+000	5.1137e-006	-5.9776e+013	-5.9457e+013	5.9456e+013	5.2500e-015
3.070e+000	5.1176e-006	-6.0095e+013	-5.9776e+013	5.9776e+013	5.2500e-015
3.080e+000	5.1214e-006	-6.0415e+013	-6.0095e+013	6.0095e+013	5.2500e-015
3.090e+000	5.1253e-006	-6.0735e+013	-6.0415e+013	6.0415e+013	5.2500e-015
3.100e+000	5.1291e-006	-6.1055e+013	-6.0735e+013	6.0735e+013	5.2500e-015
3.110e+000	5.1329e-006	-6.1375e+013	-6.1055e+013	6.1055e+013	5.2500e-015
3.120e+000	5.1366e-006	-6.1696e+013	-6.1375e+013	6.1375e+013	5.2500e-015
3.130e+000	5.1404e-006	-6.2017e+013	-6.1696e+013	6.1696e+013	5.2500e-015
3.140e+000	5.1441e-006	-6.2338e+013	-6.2017e+013	6.2017e+013	5.2500e-015
3.150e+000	5.1478e-006	-6.2659e+013	-6.2338e+013	6.2338e+013	5.2500e-015
3.160e+000	5.1515e-006	-6.2981e+013	-6.2659e+013	6.2659e+013	5.2500e-015
3.170e+000	5.1551e-006	-6.3302e+013	-6.2981e+013	6.2980e+013	5.2500e-015
3.180e+000	5.1587e-006	-6.3624e+013	-6.3302e+013	6.3302e+013	5.2500e-015
3.190e+000	5.1623e-006	-6.3946e+013	-6.3624e+013	6.3624e+013	5.2500e-015
3.200e+000	5.1659e-006	-6.4269e+013	-6.3946e+013	6.3946e+013	5.2500e-015
3.210e+000	5.1695e-006	-6.4592e+013	-6.4269e+013	6.4269e+013	5.2500e-015
3.220e+000	5.1730e-006	-6.4914e+013	-6.4592e+013	6.4591e+013	5.2500e-015
3.230e+000	5.1765e-006	-6.5238e+013	-6.4914e+013	6.4914e+013	5.2500e-015
3.240e+000	5.1800e-006	-6.5561e+013	-6.5238e+013	6.5237e+013	5.2500e-015
3.250e+000	5.1835e-006	-6.5884e+013	-6.5561e+013	6.5561e+013	5.2500e-015
3.260e+000	5.1870e-006	-6.6208e+013	-6.5884e+013	6.5884e+013	5.2500e-015
3.270e+000	5.1904e-006	-6.6532e+013	-6.6208e+013	6.6208e+013	5.2500e-015
3.280e+000	5.1938e-006	-6.6856e+013	-6.6532e+013	6.6532e+013	5.2500e-015
3.290e+000	5.1972e-006	-6.7181e+013	-6.6856e+013	6.6856e+013	5.2500e-015
3.300e+000	5.2006e-006	-6.7505e+013	-6.7181e+013	6.7181e+013	5.2500e-015
3.310e+000	5.2040e-006	-6.7830e+013	-6.7505e+013	6.7505e+013	5.2500e-015
3.320e+000	5.2073e-006	-6.8155e+013	-6.7830e+013	6.7830e+013	5.2500e-015
3.330e+000	5.2106e-006	-6.8480e+013	-6.8155e+013	6.8155e+013	5.2500e-015
3.340e+000	5.2139e-006	-6.8806e+013	-6.8480e+013	6.8480e+013	5.2500e-015
3.350e+000	5.2172e-006	-6.9131e+013	-6.8806e+013	6.8806e+013	5.2500e-015
3.360e+000	5.2205e-006	-6.9457e+013	-6.9131e+013	6.9131e+013	5.2500e-015
3.370e+000	5.2237e-006	-6.9783e+013	-6.9457e+013	6.9457e+013	5.2500e-015
3.380e+000	5.2270e-006	-7.0109e+013	-6.9783e+013	6.9783e+013	5.2500e-015
3.390e+000	5.2302e-006	-7.0436e+013	-7.0109e+013	7.0109e+013	5.2500e-015
3.400e+000	5.2334e-006	-7.0762e+013	-7.0436e+013	7.0436e+013	5.2500e-015
3.410e+000	5.2365e-006	-7.1089e+013	-7.0762e+013	7.0762e+013	5.2500e-015
3.420e+000	5.2397e-006	-7.1416e+013	-7.1089e+013	7.1089e+013	5.2500e-015
3.430e+000	5.2428e-006	-7.1744e+013	-7.1416e+013	7.1416e+013	5.2500e-015
3.440e+000	5.2460e-006	-7.2071e+013	-7.1744e+013	7.1744e+013	5.2500e-015
3.450e+000	5.2491e-006	-7.2399e+013	-7.2071e+013	7.2071e+013	5.2500e-015
3.460e+000	5.2522e-006	-7.2726e+013	-7.2399e+013	7.2399e+013	5.2500e-015
3.470e+000	5.2552e-006	-7.3054e+013	-7.2726e+013	7.2726e+013	5.2500e-015
3.480e+000	5.2583e-006	-7.3383e+013	-7.3054e+013	7.3054e+013	5.2500e-015
3.490e+000	5.2613e-006	-7.3711e+013	-7.3383e+013	7.3383e+013	5.2500e-015
3.500e+000	5.2644e-006	-7.4040e+013	-7.3711e+013	7.3711e+013	5.2500e-015
3.510e+000	5.2674e-006	-7.4368e+013	-7.4040e+013	7.4040e+013	5.2500e-015
3.520e+000	5.2704e-006	-7.4697e+013	-7.4368e+013	7.4368e+013	5.2500e-015
3.530e+000	5.2734e-006	-7.5026e+013	-7.4697e+013	7.4697e+013	5.2500e-015
3.540e+000	5.2763e-006	-7.5356e+013	-7.5026e+013	7.5026e+013	5.2500e-015
3.550e+000	5.2793e-006	-7.5685e+013	-7.5356e+013	7.5356e+013	5.2500e-015
3.560e+000	5.2822e-006	-7.6015e+013	-7.5685e+013	7.5685e+013	5.2500e-015
3.570e+000	5.2851e-006	-7.6345e+013	-7.6015e+013	7.6015e+013	5.2500e-015
3.580e+000	5.2881e-006	-7.6675e+013	-7.6345e+013	7.6345e+013	5.2500e-015
3.590e+000	5.2909e-006	-7.7005e+013	-7.6675e+013	7.6675e+013	5.2500e-015
3.600e+000	5.2938e-006	-7.7336e+013	-7.7005e+013	7.7005e+013	5.2500e-015
3.610e+000	5.2967e-006	-7.7666e+013	-7.7336e+013	7.7336e+013	5.2500e-015
3.620e+000	5.2995e-006	-7.7997e+013	-7.7666e+013	7.7666e+013	5.2500e-015
3.630e+000	5.3024e-006	-7.8328e+013	-7.7997e+013	7.7997e+013	5.2500e-015
3.640e+000	5.3052e-006	-7.8659e+013	-7.8328e+013	7.8328e+013	5.2500e-015
3.650e+000	5.3080e-006	-7.8990e+013	-7.8659e+013	7.8659e+013	5.2500e-015
3.660e+000	5.3108e-006	-7.9322e+013	-7.8990e+013	7.8990e+013	5.2500e-015
3.670e+000	5.3136e-006	-7.9653e+013	-7.9322e+013	7.9322e+013	5.2500e-015
3.680e+000	5.3163e-006	-7.9985e+013	-7.9653e+013	7.9653e+013	5.2500e-015
3.690e+000	5.3191e-006	-8.0317e+013	-7.9985e+013	7.9985e+013	5.2500e-015
3.700e+000	5.3218e-006	-8.0649e+013	-8.0317e+013	8.0317e+013	5.2500e-015
3.710e+000	5.3246e-006	-8.0982e+013	-8.0649e+013	8.0649e+013	5.2500e-015
3.720e+000	5.3273e-006	-8.1314e+013	-8.0982e+013	8.0982e+013	5.2500e-015
3.730e+000	5.3300e-006	-8.1647e+013	-8.1314e+013	8.1314e+013	5.2500e-015
3.740e+000	5.3327e-006	-8.1980e+013	-8.1647e+013	8.1647e+013	5.2500e-015
3.750e+000	5.3354e-006	-8.2313e+013	-8.1980e+013	8.1980e+013	5.2500e-015
3.760e+000	5.3380e-006	-8.2646e+013	-8.2313e+013	8.2313e+013	5.2500e-015
3.770e+000	5.3407e-006	-8.2979e+013	-8.2646e+013	8.2646e+013	5.2500e-015
3.780e+000	5.3433e-006	-8.3313e+013	-8.2979e+013	8.2979e+013	5.2500e-015
3.790e+000	5.3460e-006	-8.3646e+013	-8.3313e+013	8.3313e+013	5.2500e-015
3.800e+000	5.3486e-006	-8.3980e+013	-8.3646e+013	8.3646e+013	5.2500e-015
3.810e+000	5.3512e-006	-8.4314e+013	-8.3980e+013	8.3980e+013	5.2500e-015
3.820e+000	5.3538e-006	-8.4648e+013	-8.4314e+013	8.4314e+013	5.2500e-015
3.830e+000	5.3564e-006	-8.4983e+013	-8.4648e+013	8.4648e+013	5.2500e-015
3.840e+000	5.3589e-006	-8.5317e+013	-8.4983e+013	8.4983e+013	5.2500e-015
3.850e+000	5.3615e-006	-8.5652e+013	-8.5317e+013	8.5317e+013	5.2500e-015
3.860e+000	5.3640e-006	-8.5987e+013	-8.5652e+013	8.5652e+013	5.2500e-015
3.870e+000	5.3666e-006	-8.6322e+013	-8.5987e+013	8.5987e+013	5.2500e-015
3.880e+000	5.3691e-006	-8.6657e+013	-8.6322e+013	8.6322e+013	5.2500e-015
3.890e+000	5.3716e-006	-8.6992e+013	-8.6657e+013	8.6657e+013	5.2500e-015
3.900e+000	5.3741e-006	-8.7327e+013	-8.6992e+013	8.6992e+013	5.2500e-015
3.910e+000	5.3766e-006	-8.7663e+013	-8.7327e+013	8.7327e+013	5.2500e-015
3.920e+000	5.3791e-006	-8.7999e+013	-8.7663e+013	8.7663e+013	5.2500e-015
3.930e+000	5.3816e-006	-8.8335e+013	-8.7999e+013	8.7999e+013	5.2500e-015
3.940e+000	5.3840e-006	-8.8671e+013	-8.8335e+013	8.8335e+013	5.2500e-015
3.950e+000	5.3865e-006	-8.9007e+013	-8.8671e+013	8.8671e+013	5.2500e-015
3.960e+000	5.3889e-006	-8.9343e+013	-8.9007e+013	8.9007e+013	5.2500e-015
3.970e+000	5.3913e-006	-8.9680e+013	-8.9343e+013	8.9343e+013	5.2500e-015
3.980e+000	5.3938e-006	-9.0016e+013	-8.9680e+013	8.9680e+013	5.2500e-015
3.990e+000	5.3962e-006	-9.0353e+013	-9.0016e+013	9.0016e+013	5.2500e-015
4.000e+000	5.3986e-006	-9.0690e+013	-9.0353e+013	9.0353e+013	5.2500e-015
4.010e+000	5.4009e-006	-9.1027e+013	-9.0690e+013	9.0690e+013	5.2500e-015
4.020e+000	5.4033e-006	-9.1364e+013	-9.1027e+013	9.1027e+013	5.2500e-015
4.030e+000	5.4057e-006	-9.1702e+013	-9.1364e+013	9.1364e+013	5.2500e-015
4.040e+000	5.4081e-006	-9.2039e+013	-9.1702e+013	9.1702e+013	5.2500e-015
4.050e+000	5.4104e-006	-9.2377e+013	-9.2039e+013	9.2039e+013	5.2500e-015
4.060e+000	5.4127e-006	-9.2715e+013	-9.2377e+013	9.2377e+013	5.2500e-015
4.070e+000	5.4151e-006	-9.3053e+013	-9.2715e+013	9.2715e+013	5.2500e-015
4.080e+000	5.4174e-006	-9.3391e+013	-9.3053e+013	9.3053e+013	5.2500e-015
4.090e+000	5.4197e-006	-9.3729e+013	-9.3391e+013	9.3391e+013	5.2500e-015
4.100e+000	5.4219e-006	-9.4068e+013	-9.3729e+013	9.3729e+013	5.2500e-015
4.110e+000	5.4241e-006	-9.4406e+013	-9.4068e+013	9.4068e+013	5.2500e-015
4.120e+000	5.4264e-006	-9.4745e+013	-9.4406e+013	9.4406e+013	5.2500e-015
4.130e+000	5.4287e-006	-9.5084e+013	-9.4745e+013	9.4745e+013	5.2500e-015
4.140e+000	5.4309e-006	-9.5423e+013	-9.5084e+013	9.5084e+013	5.2500e-015
4.150e+000	5.4332e-006	-9.5762e+013	-9.5423e+013	9.5423e+013	5.2500e-015
4.160e+000	5.4354e-006	-9.6101e+013	-9.5762e+013	9.5762e+013	5.2500e-015
4.170e+000	5.4377e-006	-9.6440e+013	-9.6101e+013	9.6101e+013	5.2500e-015
4.180e+000	5.4399e-006	-9.6780e+013	-9.6440e+013	9.6440e+013	5.2500e-015
4.190e+000	5.4421e-006	-9.7120e+013	-9.6780e+013	9.6780e+013	5.2500e-015
4.200e+000	5.4443e-006	-9.7459e+013	-9.7120e+013	9.7120e+013	5.2500e-015
4.210e+000	5.4465e-006	-9.7799e+013	-9.7459e+013	9.7459e+013	5.2500e-015
4.220e+000	5.4487e-006	-9.8140e+013	-9.7799e+013	9.7799e+013	5.2500e-015
4.230e+000	5.4509e-006	-9.8480e+013	-9.8140e+013	9.8139e+013	5.2500e-015
4.240e+000	5.4531e-006	-9.8820e+013	-9.8480e+013	9.8480e+013	5.2500e-015
4.250e+000	5.4552e-006	-9.9161e+013	-9.8820e+013	9.8820e+013	5.2500e-015
4.260e+000	5.4574e-006	-9.9501e+013	-9.9161e+013	9.9161e+013	5.2500e-015
4.270e+000	5.4595e-006	-9.9842e+013	-9.9501e+013	9.9501e+013	5.2500e-015
4.280e+000	5.4617e-006	-1.0018e+014	-9.9842e+013	9.9842e+013	5.2500e-015
4.290e+000	5.4638e-006	-1.0052e+014	-1.0018e+014	1.0018e+014	5.2500e-015
4.300e+000	5.4660e-006	-1.0087e+014	-1.0052e+014	1.0052e+014	5.2500e-015
4.310e+000	5.4681e-006	-1.0121e+014	-1.0087e+014	1.0086e+014	5.2500e-015
4.320e+000	5.4702e-006	-1.0155e+014	-1.0121e+014	1.0121e+014	5.2500e-015
4.330e+000	5.4723e-006	-1.0189e+014	-1.0155e+014	1.0155e+014	5.2500e-015
4.340e+000	5.4744e-006	-1.0223e+014	-1.0189e+014	1.0189e+014	5.2500e-015
4.350e+000	5.4765e-006	-1.0257e+014	-1.0223e+014	1.0223e+014	5.2500e-015
4.360e+000	5.4785e-006	-1.0291e+014	-1.0257e+014	1.0257e+014	5.2500e-015
4.370e+000	5.4806e-006	-1.0326e+014	-1.0291e+014	1.0291e+014	5.2500e-015
4.380e+000	5.4827e-006	-1.0360e+014	-1.0326e+014	1.0326e+014	5.2500e-015
4.390e+000	5.4847e-006	-1.0394e+014	-1.0360e+014	1.0360e+014	5.2500e-015
4.400e+000	5.4868e-006	-1.0428e+014	-1.0394e+014	1.0394e+014	5.2500e-015
4.410e+000	5.4888e-006	-1.0463e+014	-1.0428e+014	1.0428e+014	5.2500e-015
4.420e+000	5.4909e-006	-1.0497e+014	-1.0463e+014	1.0463e+014	5.2500e-015
4.430e+000	5.4929e-006	-1.0531e+014	-1.0497e+014	1.0497e+014	5.2500e-015
4.440e+000	5.4949e-006	-1.0565e+014	-1.0531e+014	1.0531e+014	5.2500e-015
4.450e+000	5.4969e-006	-1.0600e+014	-1.0565e+014	1.0565e+014	5.2500e-015
4.460e+000	5.4989e-006	-1.0634e+014	-1.0600e+014	1.0600e+014	5.2500e-015
4.470e+000	5.5009e-006	-1.0668e+014	-1.0634e+014	1.0634e+014	5.2500e-015
4.480e+000	5.5029e-006	-1.0703e+014	-1.0668e+014	1.0668e+014	5.2500e-015
4.490e+000	5.5049e-006	-1.0737e+014	-1.0703e+014	1.0703e+014	5.2500e-015
4.500e+000	5.5069e-006	-1.0772e+014	-1.0737e+014	1.0737e+014	5.2500e-015
4.510e+000	5.5089e-006	-1.0806e+014	-1.0772e+014	1.0772e+014	5.2500e-015
4.520e+000	5.5108e-006	-1.0840e+014	-1.0806e+014	1.0806e+014	5.2500e-015
4.530e+000	5.5128e-006	-1.0875e+014	-1.0840e+014	1.0840e+014	5.2500e-015
4.540e+000	5.5147e-006	-1.0909e+014	-1.0875e+014	1.0875e+014	5.2500e-015
4.550e+000	5.5167e-006	-1.0944e+014	-1.0909e+014	1.0909e+014	5.2500e-015
4.560e+000	5.5186e-006	-1.0978e+014	-1.0944e+014	1.0944e+014	5.2500e-015
4.570e+000	5.5205e-006	-1.1012e+014	-1.0978e+014	1.0978e+014	5.2500e-015
4.580e+000	5.5225e-006	-1.1047e+014	-1.1012e+014	1.1012e+014	5.2500e-015
4.590e+000	5.5244e-006	-1.1081e+014	-1.1047e+014	1.1047e+014	5.2500e-015
4.600e+000	5.5263e-006	-1.1116e+014	-1.1081e+014	1.1081e+014	5.2500e-015
4.610e+000	5.5282e-006	-1.1150e+014	-1.1116e+014	1.1116e+014	5.2500e-015
4.620e+000	5.5301e-006	-1.1185e+014	-1.1150e+014	1.1150e+014	5.2500e-015
4.630e+000	5.5320e-006	-1.1219e+014	-1.1185e+014	1.1185e+014	5.2500e-015
4.640e+000	5.5338e-006	-1.1254e+014	-1.1219e+014	1.1219e+014	5.2500e-015
4.650e+000	5.5357e-006	-1.1289e+014	-1.1254e+014	1.1254e+014	5.2500e-015
4.660e+000	5.5376e-006	-1.1323e+014	-1.1289e+014	1.1289e+014	5.2500e-015
4.670e+000	5.5395e-006	-1.1358e+014	-1.1323e+014	1.1323e+014	5.2500e-015
4.680e+000	5.5413e-006	-1.1392e+014	-1.1358e+014	1.1358e+014	5.2500e-015
4.690e+000	5.5432e-006	-1.1427e+014	-1.1392e+014	1.1392e+014	5.2500e-015
4.700e+000	5.5450e-006	-1.1461e+014	-1.1427e+014	1.1427e+014	5.2500e-015
4.710e+000	5.5469e-006	-1.1496e+014	-1.1461e+014	1.1461e+014	5.2500e-015
4.720e+000	5.5487e-006	-1.1531e+014	-1.1496e+014	1.1496e+014	5.2500e-015
4.730e+000	5.5505e-006	-1.1565e+014	-1.1531e+014	1.1531e+014	5.2500e-015
4.740e+000	5.5523e-006	-1.1600e+014	-1.1565e+014	1.1565e+014	5.2500e-015
4.750e+000	5.5542e-006	-1.1635e+014	-1.1600e+014	1.1600e+014	5.2500e-015
4.760e+000	5.5560e-006	-1.1669e+014	-1.1635e+014	1.1635e+014	5.2500e-015
4.770e+000	5.5578e-006	-1.1704e+014	-1.1669e+014	1.1669e+014	5.2500e-015
4.780e+000	5.5596e-006	-1.1739e+014	-1.1704e+014	1.1704e+014	5.2500e-015
4.790e+000	5.5614e-006	-1.1773e+014	-1.1739e+014	1.1739e+014	5.2500e-015
4.800e+000	5.5631e-006	-1.1808e+014	-1.1773e+014	1.1773e+014	5.2500e-015
4.810e+000	5.5649e-006	-1.1843e+014	-1.1808e+014	1.1808e+014	5.2500e-015
4.820e+000	5.5667e-006	-1.1878e+014	-1.1843e+014	1.1843e+014	5.2500e-015
4.830e+000	5.5685e-006	-1.1912e+014	-1.1878e+014	1.1878e+014	5.2500e-015
4.840e+000	5.5702e-006	-1.1947e+014	-1.1912e+014	1.1912e+014	5.2500e-015
4.850e+000	5.5720e-006	-1.1982e+014	-1.1947e+014	1.1947e+014	5.2500e-015
4.860e+000	5.5737e-006	-1.2017e+014	-1.1982e+014	1.1982e+014	5.2500e-015
4.870e+000	5.5755e-006	-1.2052e+014	-1.2017e+014	1.2017e+014	5.2500e-015
4.880e+000	5.5772e-006	-1.2086e+014	-1.2052e+014	1.2052e+014	5.2500e-015
4.890e+000	5.5790e-006	-1.2121e+014	-1.2086e+014	1.2086e+014	5.2500e-015
4.900e+000	5.5807e-006	-1.2156e+014	-1.2121e+014	1.2121e+014	5.2500e-015
4.910e+000	5.5824e-006	-1.2191e+014	-1.2156e+014	1.2156e+014	5.2500e-015
4.920e+000	5.5841e-006	-1.2226e+014	-1.2191e+014	1.2191e+014	5.2500e-015
4.930e+000	5.5858e-006	-1.2261e+014	-1.2226e+014	1.2226e+014	5.2500e-015
4.940e+000	5.5876e-006	-1.2295e+014	-1.2261e+014	1.2261e+014	5.2500e-015
4.950e+000	5.5893e-006	-1.2330e+014	-1.2295e+014	1.2295e+014	5.2500e-015
4.960e+000	5.5910e-006	-1.2365e+014	-1.2330e+014	1.2330e+014	5.2500e-015
4.970e+000	5.5926e-006	-1.2400e+014	-1.2365e+014	1.2365e+014	5.2500e-015
4.980e+000	5.5943e-006	-1.2435e+014	-1.2400e+014	1.2400e+014	5.2500e-015
4.990e+000	5.5960e-006	-1.2470e+014	-1.2435e+014	1.2435e+014	5.2500e-015
5.000e+000	5.5977e-006	-1.2505e+014	-1.2470e+014	1.2470e+014	5.2500e-015
5.010e+000	5.5994e-006	-1.2540e+014	-1.2505e+014	1.2505e+014	5.2500e-015
5.020e+000	5.6010e-006	-1.2575e+014	-1.2540e+014	1.2540e+014	5.2500e-015
5.030e+000	5.6027e-006	-1.2610e+014	-1.2575e+014	1.2575e+014	5.2500e-015
5.040e+000	5.6043e-006	-1.2645e+014	-1.2610e+014	1.2610e+014	5.2500e-015
5.050e+000	5.6060e-006	-1.2680e+014	-1.2645e+014	1.2645e+014	5.2500e-015
5.060e+000	5.6076e-006	-1.2715e+014	-1.2680e+014	1.2680e+014	5.2500e-015
5.070e+000	5.6093e-006	-1.2750e+014	-1.2715e+014	1.2715e+014	5.2500e-015
5.080e+000	5.6109e-006	-1.2785e+014	-1.2750e+014	1.2750e+014	5.2500e-015
5.090e+000	5.6126e-006	-1.2820e+014	-1.2785e+014	1.2785e+014	5.2500e-015
5.100e+000	5.6142e-006	-1.2855e+014	-1.2820e+014	1.2820e+014	5.2500e-015
5.110e+000	5.6158e-006	-1.2890e+014	-1.2855e+014	1.2855e+014	5.2500e-015
5.120e+000	5.6174e-006	-1.2925e+014	-1.2890e+014	1.2890e+014	5.2500e-015
5.130e+000	5.6190e-006	-1.2960e+014	-1.2925e+014	1.2925e+014	5.2500e-015
5.140e+000	5.6206e-006	-1.2995e+014	-1.2960e+014	1.2960e+014	5.2500e-015
5.150e+000	5.6222e-006	-1.3030e+014	-1.2995e+014	1.2995e+014	5.2500e-015
5.160e+000	5.6238e-006	-1.3065e+014	-1.3030e+014	1.3030e+014	5.2500e-015
5.170e+000	5.6254e-006	-1.3100e+014	-1.3065e+014	1.3065e+014	5.2500e-015
5.180e+000	5.6270e-006	-1.3136e+014	-1.3100e+014	1.3100e+014	5.2500e-015
5.190e+000	5.6286e-006	-1.3171e+014	-1.3136e+014	1.3136e+014	5.2500e-015
5.200e+000	5.6302e-006	-1.3206e+014	-1.3171e+014	1.3171e+014	5.2500e-015
5.210e+000	5.6318e-006	-1.3241e+014	-1.3206e+014	1.3206e+014	5.2500e-015
5.220e+000	5.6333e-006	-1.3276e+014	-1.3241e+014	1.3241e+014	5.2500e-015
5.230e+000	5.6349e-006	-1.3311e+014	-1.3276e+014	1.3276e+014	5.2500e-015
5.240e+000	5.6365e-006	-1.3347e+014	-1.3311e+014	1.3311e+014	5.2500e-015
5.250e+000	5.6380e-006	-1.3382e+014	-1.3347e+014	1.3346e+014	5.2500e-015
5.260e+000	5.6396e-006	-1.3417e+014	-1.3382e+014	1.3382e+014	5.2500e-015
5.270e+000	5.6411e-006	-1.3452e+014	-1.3417e+014	1.3417e+014	5.2500e-015
5.280e+000	5.6427e-006	-1.3487e+014	-1.3452e+014	1.3452e+014	5.2500e-015
5.290e+000	5.6442e-006	-1.3523e+014	-1.3487e+014	1.3487e+014	5.2500e-015
5.300e+000	5.6457e-006	-1.3558e+014	-1.3523e+014	1.3523e+014	5.2500e-015
5.310e+000	5.6473e-006	-1.3593e+014	-1.3558e+014	1.3558e+014	5.2500e-015
5.320e+000	5.6488e-006	-1.3628e+014	-1.3593e+014	1.3593e+014	5.2500e-015
5.330e+000	5.6503e-006	-1.3664e+014	-1.3628e+014	1.3628e+014	5.2500e-015
5.340e+000	5.6518e-006	-1.3699e+014	-1.3664e+014	1.3664e+014	5.2500e-015
5.350e+000	5.6533e-006	-1.3734e+014	-1.3699e+014	1.3699e+014	5.2500e-015
5.360e+000	5.6549e-006	-1.3769e+014	-1.3734e+014	1.3734e+014	5.2500e-015
5.370e+000	5.6564e-006	-1.3805e+014	-1.3769e+014	1.3769e+014	5.2500e-015
5.380e+000	5.6579e-006	-1.3840e+014	-1.3805e+014	1.3805e+014	5.2500e-015
5.390e+000	5.6594e-006	-1.3875e+014	-1.3840e+014	1.3840e+014	5.2500e-015
5.400e+000	5.6609e-006	-1.3911e+014	-1.3875e+014	1.3875e+014	5.2500e-015
5.410e+000	5.6623e-006	-1.3946e+014	-1.3911e+014	1.3911e+014	5.2500e-015
5.420e+000	5.6638e-006	-1.3981e+014	-1.3946e+014	1.3946e+014	5.2500e-015
5.430e+000	5.6653e-006	-1.4017e+014	-1.3981e+014	1.3981e+014	5.2500e-015
5.440e+000	5.6668e-006	-1.4052e+014	-1.4017e+014	1.4017e+014	5.2500e-015
5.450e+000	5.6683e-006	-1.4087e+014	-1.4052e+014	1.4052e+014	5.2500e-015
5.460e+000	5.6697e-006	-1.4123e+014	-1.4087e+014	1.4087e+014	5.2500e-015
5.470e+000	5.6712e-006	-1.4158e+014	-1.4123e+014	1.4123e+014	5.2500e-015
5.480e+000	5.6726e-006	-1.4194e+014	-1.4158e+014	1.4158e+014	5.2500e-015
5.490e+000	5.6741e-006	-1.4229e+014	-1.4194e+014	1.4194e+014	5.2500e-015
5.500e+000	5.6756e-006	-1.4265e+014	-1.4229e+014	1.4229e+014	5.2500e-015
5.510e+000	5.6770e-006	-1.4300e+014	-1.4265e+014	1.4265e+014	5.2500e-015
5.520e+000	5.6785e-006	-1.4335e+014	-1.4300e+014	1.4300e+014	5.2500e-015
5.530e+000	5.6799e-006	-1.4371e+014	-1.4335e+014	1.4335e+014	5.2500e-015
5.540e+000	5.6813e-006	-1.4406e+014	-1.4371e+014	1.4371e+014	5.2500e-015
5.550e+000	5.6828e-006	-1.4442e+014	-1.4406e+014	1.4406e+014	5.2500e-015
5.560e+000	5.6842e-006	-1.4477e+014	-1.4442e+014	1.4442e+014	5.2500e-015
5.570e+000	5.6856e-006	-1.4513e+014	-1.4477e+014	1.4477e+014	5.2500e-015
5.580e+000	5.6870e-006	-1.4548e+014	-1.4513e+014	1.4513e+014	5.2500e-015
5.590e+000	5.6885e-006	-1.4584e+014	-1.4548e+014	1.4548e+014	5.2500e-015
5.600e+000	5.6899e-006	-1.4619e+014	-1.4584e+014	1.4584e+014	5.2500e-015
5.610e+000	5.6913e-006	-1.4655e+014	-1.4619e+014	1.4619e+014	5.2500e-015
5.620e+000	5.6927e-006	-1.4690e+014	-1.4655e+014	1.4655e+014	5.2500e-015
5.630e+000	5.6941e-006	-1.4726e+014	-1.4690e+014	1.4690e+014	5.2500e-015
5.640e+000	5.6955e-006	-1.4761e+014	-1.4726e+014	1.4726e+014	5.2500e-015
5.650e+000	5.6969e-006	-1.4797e+014	-1.4761e+014	1.4761e+014	5.2500e-015
5.660e+000	5.6983e-006	-1.4833e+014	-1.4797e+014	1.4797e+014	5.2500e-015
5.670e+000	5.6997e-006	-1.4868e+014	-1.4833e+014	1.4833e+014	5.2500e-015
5.680e+000	5.7010e-006	-1.4904e+014	-1.4868e+014	1.4868e+014	5.2500e-015
5.690e+000	5.7024e-006	-1.4939e+014	-1.4904e+014	1.4904e+014	5.2500e-015
5.700e+000	5.7038e-006	-1.4975e+014	-1.4939e+014	1.4939e+014	5.2500e-015
5.710e+000	5.7052e-006	-1.5010e+014	-1.4975e+014	1.4975e+014	5.2500e-015
5.720e+000	5.7066e-006	-1.5046e+014	-1.5010e+014	1.5010e+014	5.2500e-015
5.730e+000	5.7079e-006	-1.5082e+014	-1.5046e+014	1.5046e+014	5.2500e-015
5.740e+000	5.7093e-006	-1.5117e+014	-1.5082e+014	1.5082e+014	5.2500e-015
5.750e+000	5.7106e-006	-1.5153e+014	-1.5117e+014	1.5117e+014	5.2500e-015
5.760e+000	5.7120e-006	-1.5189e+014	-1.5153e+014	1.5153e+014	5.2500e-015
5.770e+000	5.7134e-006	-1.5224e+014	-1.5189e+014	1.5189e+014	5.2500e-015
5.780e+000	5.7147e-006	-1.5260e+014	-1.5224e+014	1.5224e+014	5.2500e-015
5.790e+000	5.7160e-006	-1.5296e+014	-1.5260e+014	1.5260e+014	5.2500e-015
5.800e+000	5.7174e-006	-1.5331e+014	-1.5296e+014	1.5296e+014	5.2500e-015
5.810e+000	5.7187e-006	-1.5367e+014	-1.5331e+014	1.5331e+014	5.2500e-015
5.820e+000	5.7201e-006	-1.5403e+014	-1.5367e+014	1.5367e+014	5.2500e-015
5.830e+000	5.7214e-006	-1.5438e+014	-1.5403e+014	1.5403e+014	5.2500e-015
5.840e+000	5.7227e-006	-1.5474e+014	-1.5438e+014	1.5438e+014	5.2500e-015
5.850e+000	5.7241e-006	-1.5510e+014	-1.5474e+014	1.5474e+014	5.2500e-015
5.860e+000	5.7254e-006	-1.5546e+014	-1.5510e+014	1.5510e+014	5.2500e-015
5.870e+000	5.7267e-006	-1.5581e+014	-1.5546e+014	1.5546e+014	5.2500e-015
5.880e+000	5.7280e-006	-1.5617e+014	-1.5581e+014	1.5581e+014	5.2500e-015
5.890e+000	5.7293e-006	-1.5653e+014	-1.5617e+014	1.5617e+014	5.2500e-015
5.900e+000	5.7306e-006	-1.5689e+014	-1.5653e+014	1.5653e+014	5.2500e-015
5.910e+000	5.7319e-006	-1.5724e+014	-1.5689e+014	1.5689e+014	5.2500e-015
5.920e+000	5.7332e-006	-1.5760e+014	-1.5724e+014	1.5724e+014	5.2500e-015
5.930e+000	5.7345e-006	-1.5796e+014	-1.5760e+014	1.5760e+014	5.2500e-015
5.940e+000	5.7358e-006	-1.5832e+014	-1.5796e+014	1.5796e+014	5.2500e-015
5.950e+000	5.7371e-006	-1.5868e+014	-1.5832e+014	1.5832e+014	5.2500e-015
5.960e+000	5.7384e-006	-1.5903e+014	-1.5868e+014	1.5868e+014	5.2500e-015
5.970e+000	5.7397e-006	-1.5939e+014	-1.5903e+014	1.5903e+014	5.2500e-015
5.980e+000	5.7410e-006	-1.5975e+014	-1.5939e+014	1.5939e+014	5.2500e-015
5.990e+000	5.7423e-006	-1.6011e+014	-1.5975e+014	1.5975e+014	5.2500e-015
6.000e+000	5.7436e-006	-1.6047e+014	-1.6011e+014	1.6011e+014	5.2500e-015
6.010e+000	5.7448e-006	-1.6083e+014	-1.6047e+014	1.6047e+014	5.2500e-015
6.020e+000	5.7461e-006	-1.6118e+014	-1.6083e+014	1.6083e+014	5.2500e-015
6.030e+000	5.7474e-006	-1.6154e+014	-1.6118e+014	1.6118e+014	5.2500e-015
6.040e+000	5.7486e-006	-1.6190e+014	-1.6154e+014	1.6154e+014	5.2500e-015
6.050e+000	5.7499e-006	-1.6226e+014	-1.6190e+014	1.6190e+014	5.2500e-015
6.060e+000	5.7512e-006	-1.6262e+014	-1.6226e+014	1.6226e+014	5.2500e-015
6.070e+000	5.7524e-006	-1.6298e+014	-1.6262e+014	1.6262e+014	5.2500e-015
6.080e+000	5.7537e-006	-1.6334e+014	-1.6298e+014	1.6298e+014	5.2500e-015
6.090e+000	5.7549e-006	-1.6370e+014	-1.6334e+014	1.6334e+014	5.2500e-015
6.100e+000	5.7562e-006	-1.6406e+014	-1.6370e+014	1.6370e+014	5.2500e-015
6.110e+000	5.7574e-006	-1.6442e+014	-1.6406e+014	1.6406e+014	5.2500e-015
6.120e+000	5.7587e-006	-1.6478e+014	-1.6442e+014	1.6442e+014	5.2500e-015
6.130e+000	5.7599e-006	-1.6514e+014	-1.6478e+014	1.6478e+014	5.2500e-015
6.140e+000	5.7611e-006	-1.6549e+014	-1.6514e+014	1.6514e+014	5.2500e-015
6.150e+000	5.7624e-006	-1.6585e+014	-1.6549e+014	1.6549e+014	5.2500e-015
6.160e+000	5.7636e-006	-1.6621e+014	-1.6585e+014	1.6585e+014	5.2500e-015
6.170e+000	5.7648e-006	-1.6657e+014	-1.6621e+014	1.6621e+014	5.2500e-015
6.180e+000	5.7661e-006	-1.6693e+014	-1.6657e+014	1.6657e+014	5.2500e-015
6.190e+000	5.7673e-006	-1.6729e+014	-1.6693e+014	1.6693e+014	5.2500e-015
6.200e+000	5.7685e-006	-1.6765e+014	-1.6729e+014	1.6729e+014	5.2500e-015
6.210e+000	5.7697e-006	-1.6801e+014	-1.6765e+014	1.6765e+014	5.2500e-015
6.220e+000	5.7709e-006	-1.6837e+014	-1.6801e+014	1.6801e+014	5.2500e-015
6.230e+000	5.7721e-006	-1.6873e+014	-1.6837e+014	1.6837e+014	5.2500e-015
6.240e+000	5.7733e-006	-1.6909e+014	-1.6873e+014	1.6873e+014	5.2500e-015
6.250e+000	5.7746e-006	-1.6946e+014	-1.6909e+014	1.6909e+014	5.2500e-015
6.260e+000	5.7758e-006	-1.6982e+014	-1.6946e+014	1.6946e+014	5.2500e-015
6.270e+000	5.7770e-006	-1.7018e+014	-1.6982e+014	1.6982e+014	5.2500e-015
6.280e+000	5.7782e-006	-1.7054e+014	-1.7018e+014	1.7018e+014	5.2500e-015
6.290e+000	5.7793e-006	-1.7090e+014	-1.7054e+014	1.7054e+014	5.2500e-015
6.300e+000	5.7805e-006	-1.7126e+014	-1.7090e+014	1.7090e+014	5.2500e-015
6.310e+000	5.7817e-006	-1.7162e+014	-1.7126e+014	1.7126e+014	5.2500e-015
6.320e+000	5.7829e-006	-1.7198e+014	-1.7162e+014	1.7162e+014	5.2500e-015
6.330e+000	5.7841e-006	-1.7234e+014	-1.7198e+014	1.7198e+014	5.2500e-015
6.340e+000	5.7853e-006	-1.7270e+014	-1.7234e+014	1.7234e+014	5.2500e-015
6.350e+000	5.7865e-006	-1.7306e+014	-1.7270e+014	1.7270e+014	5.2500e-015
6.360e+000	5.7876e-006	-1.7342e+014	-1.7306e+014	1.7306e+014	5.2500e-015
6.370e+000	5.7888e-006	-1.7379e+014	-1.7342e+014	1.7342e+014	5.2500e-015
6.380e+000	5.7900e-006	-1.7415e+014	-1.7379e+014	1.7379e+014	5.2500e-015
6.390e+000	5.7911e-006	-1.7451e+014	-1.7415e+014	1.7415e+014	5.2500e-015
6.400e+000	5.7923e-006	-1.7487e+014	-1.7451e+014	1.7451e+014	5.2500e-015
6.410e+000	5.7935e-006	-1.7523e+014	-1.7487e+014	1.7487e+014	5.2500e-015
6.420e+000	5.7946e-006	-1.7559e+014	-1.7523e+014	1.7523e+014	5.2500e-015
6.430e+000	5.7958e-006	-1.7596e+014	-1.7559e+014	1.7559e+014	5.2500e-015
6.440e+000	5.7969e-006	-1.7632e+014	-1.7596e+014	1.7596e+014	5.2500e-015
6.450e+000	5.7981e-006	-1.7668e+014	-1.7632e+014	1.7632e+014	5.2500e-015
6.460e+000	5.7992e-006	-1.7704e+014	-1.7668e+014	1.7668e+014	5.2500e-015
6.470e+000	5.8004e-006	-1.7740e+014	-1.7704e+014	1.7704e+014	5.2500e-015
6.480e+000	5.8015e-006	-1.7777e+014	-1.7740e+014	1.7740e+014	5.2500e-015
6.490e+000	5.8027e-006	-1.7813e+014	-1.7777e+014	1.7777e+014	5.2500e-015
6.500e+000	5.8038e-006	-1.7849e+014	-1.7813e+014	1.7813e+014	5.2500e-015
6.510e+000	5.8050e-006	-1.7885e+014	-1.7849e+014	1.7849e+014	5.2500e-015
6.520e+000	5.8061e-006	-1.7921e+014	-1.7885e+014	1.7885e+014	5.2500e-015
6.530e+000	5.8072e-006	-1.7958e+014	-1.7921e+014	1.7921e+014	5.2500e-015
6.540e+000	5.8083e-006	-1.7994e+014	-1.7958e+014	1.7958e+014	5.2500e-015
6.550e+000	5.8095e-006	-1.8030e+014	-1.7994e+014	1.7994e+014	5.2500e-015
6.560e+000	5.8106e-006	-1.8066e+014	-1.8030e+014	1.8030e+014	5.2500e-015
6.570e+000	5.8117e-006	-1.8103e+014	-1.8066e+014	1.8066e+014	5.2500e-015
6.580e+000	5.8128e-006	-1.8139e+014	-1.8103e+014	1.8103e+014	5.2500e-015
6.590e+000	5.8140e-006	-1.8175e+014	-1.8139e+014	1.8139e+014	5.2500e-015
6.600e+000	5.8151e-006	-1.8212e+014	-1.8175e+014	1.8175e+014	5.2500e-015
6.610e+000	5.8162e-006	-1.8248e+014	-1.8212e+014	1.8212e+014	5.2500e-015
6.620e+000	5.8173e-006	-1.8284e+014	-1.8248e+014	1.8248e+014	5.2500e-015
6.630e+000	5.8184e-006	-1.8321e+014	-1.8284e+014	1.8284e+014	5.2500e-015
6.640e+000	5.8195e-006	-1.8357e+014	-1.8321e+014	1.8321e+014	5.2500e-015
6.650e+000	5.8206e-006	-1.8393e+014	-1.8357e+014	1.8357e+014	5.2500e-015
6.660e+000	5.8217e-006	-1.8429e+014	-1.8393e+014	1.8393e+014	5.2500e-015
6.670e+000	5.8228e-006	-1.8466e+014	-1.8429e+014	1.8429e+014	5.2500e-015
6.680e+000	5.8239e-006	-1.8502e+014	-1.8466e+014	1.8466e+014	5.2500e-015
6.690e+000	5.8250e-006	-1.8539e+014	-1.8502e+014	1.8502e+014	5.2500e-015
6.700e+000	5.8261e-006	-1.8575e+014	-1.8539e+014	1.8539e+014	5.2500e-015
6.710e+000	5.8272e-006	-1.8611e+014	-1.8575e+014	1.8575e+014	5.2500e-015
6.720e+000	5.8283e-006	-1.8648e+014	-1.8611e+014	1.8611e+014	5.2500e-015
6.730e+000	5.8294e-006	-1.8684e+014	-1.8648e+014	1.8648e+014	5.2500e-015
6.740e+000	5.8304e-006	-1.8720e+014	-1.8684e+014	1.8684e+014	5.2500e-015
6.750e+000	5.8315e-006	-1.8757e+014	-1.8720e+014	1.8720e+014	5.2500e-015
6.760e+000	5.8326e-006	-1.8793e+014	-1.8757e+014	1.8757e+014	5.2500e-015
6.770e+000	5.8337e-006	-1.8830e+014	-1.8793e+014	1.8793e+014	5.2500e-015
6.780e+000	5.8347e-006	-1.8866e+014	-1.8830e+014	1.8830e+014	5.2500e-015
6.790e+000	5.8358e-006	-1.8902e+014	-1.8866e+014	1.8866e+014	5.2500e-015
6.800e+000	5.8369e-006	-1.8939e+014	-1.8902e+014	1.8902e+014	5.2500e-015
6.810e+000	5.8380e-006	-1.8975e+014	-1.8939e+014	1.8939e+014	5.2500e-015
6.820e+000	5.8390e-006	-1.9012e+014	-1.8975e+014	1.8975e+014	5.2500e-015
6.830e+000	5.8401e-006	-1.9048e+014	-1.9012e+014	1.9012e+014	5.2500e-015
6.840e+000	5.8411e-006	-1.9085e+014	-1.9048e+014	1.9048e+014	5.2500e-015
6.850e+000	5.8422e-006	-1.9121e+014	-1.9085e+014	1.9085e+014	5.2500e-015
6.860e+000	5.8433e-006	-1.9158e+014	-1.9121e+014	1.9121e+014	5.2500e-015
6.870e+000	5.8443e-006	-1.9194e+014	-1.9158e+014	1.9158e+014	5.2500e-015
6.880e+000	5.8454e-006	-1.9231e+014	-1.9194e+014	1.9194e+014	5.2500e-015
6.890e+000	5.8464e-006	-1.9267e+014	-1.9231e+014	1.9231e+014	5.2500e-015
6.900e+000	5.8475e-006	-1.9304e+014	-1.9267e+014	1.9267e+014	5.2500e-015
6.910e+000	5.8485e-006	-1.9340e+014	-1.9304e+014	1.9304e+014	5.2500e-015
6.920e+000	5.8495e-006	-1.9377e+014	-1.9340e+014	1.9340e+014	5.2500e-015
6.930e+000	5.8506e-006	-1.9413e+014	-1.9377e+014	1.9377e+014	5.2500e-015
6.940e+000	5.8516e-006	-1.9450e+014	-1.9413e+014	1.9413e+014	5.2500e-015
6.950e+000	5.8527e-006	-1.9486e+014	-1.9450e+014	1.9450e+014	5.2500e-015
6.960e+000	5.8537e-006	-1.9523e+014	-1.9486e+014	1.9486e+014	5.2500e-015
6.970e+000	5.8547e-006	-1.9559e+014	-1.9523e+014	1.9523e+014	5.2500e-015
6.980e+000	5.8558e-006	-1.9596e+014	-1.9559e+014	1.9559e+014	5.2500e-015
6.990e+000	5.8568e-006	-1.9632e+014	-1.9596e+014	1.9596e+014	5.2500e-015
7.000e+000	5.8578e-006	-1.9669e+014	-1.9632e+014	1.9632e+014	5.2500e-015
