V	C (Fcm-2)	Initcharge (cm-2)	Finalcharge (cm-2)	ns Total (cm-2)	ps Total (cm-2)
-7.000e+000	4.8003e-017	-9.3444e+000	-6.3483e+000	6.3476e+000	5.2500e-015
-6.990e+000	4.8003e-017	-9.3444e+000	-6.3483e+000	6.3476e+000	5.2500e-015
-6.980e+000	4.8003e-017	-9.3444e+000	-6.3483e+000	6.3476e+000	5.2500e-015
-6.970e+000	4.8003e-017	-9.3444e+000	-6.3483e+000	6.3476e+000	5.2500e-015
-6.960e+000	4.8003e-017	-9.3444e+000	-6.3483e+000	6.3476e+000	5.2500e-015
-6.950e+000	4.8003e-017	-9.3444e+000	-6.3483e+000	6.3476e+000	5.2500e-015
-6.940e+000	4.8003e-017	-9.3444e+000	-6.3483e+000	6.3476e+000	5.2500e-015
-6.930e+000	4.8003e-017	-9.3444e+000	-6.3483e+000	6.3476e+000	5.2500e-015
-6.920e+000	4.8003e-017	-9.3444e+000	-6.3483e+000	6.3476e+000	5.2500e-015
-6.910e+000	4.8003e-017	-9.3444e+000	-6.3483e+000	6.3476e+000	5.2500e-015
-6.900e+000	4.8003e-017	-9.3444e+000	-6.3483e+000	6.3476e+000	5.2500e-015
-6.890e+000	4.8003e-017	-9.3444e+000	-6.3483e+000	6.3476e+000	5.2500e-015
-6.880e+000	4.8003e-017	-9.3444e+000	-6.3483e+000	6.3476e+000	5.2500e-015
-6.870e+000	4.8003e-017	-9.3444e+000	-6.3483e+000	6.3476e+000	5.2500e-015
-6.860e+000	4.8003e-017	-9.3444e+000	-6.3483e+000	6.3476e+000	5.2500e-015
-6.850e+000	4.8003e-017	-9.3444e+000	-6.3483e+000	6.3476e+000	5.2500e-015
-6.840e+000	4.8003e-017	-9.3444e+000	-6.3483e+000	6.3476e+000	5.2500e-015
-6.830e+000	4.8003e-017	-9.3444e+000	-6.3483e+000	6.3476e+000	5.2500e-015
-6.820e+000	4.8003e-017	-9.3444e+000	-6.3483e+000	6.3476e+000	5.2500e-015
-6.810e+000	4.8003e-017	-9.3444e+000	-6.3483e+000	6.3476e+000	5.2500e-015
-6.800e+000	4.8003e-017	-9.3444e+000	-6.3483e+000	6.3476e+000	5.2500e-015
-6.790e+000	4.8003e-017	-9.3444e+000	-6.3483e+000	6.3476e+000	5.2500e-015
-6.780e+000	4.8003e-017	-9.3444e+000	-6.3483e+000	6.3476e+000	5.2500e-015
-6.770e+000	4.8003e-017	-9.3444e+000	-6.3483e+000	6.3476e+000	5.2500e-015
-6.760e+000	4.8003e-017	-9.3444e+000	-6.3483e+000	6.3476e+000	5.2500e-015
-6.750e+000	4.8003e-017	-9.3444e+000	-6.3483e+000	6.3476e+000	5.2500e-015
-6.740e+000	4.8003e-017	-9.3444e+000	-6.3483e+000	6.3476e+000	5.2500e-015
-6.730e+000	4.8003e-017	-9.3444e+000	-6.3483e+000	6.3476e+000	5.2500e-015
-6.720e+000	4.8003e-017	-9.3444e+000	-6.3483e+000	6.3476e+000	5.2500e-015
-6.710e+000	4.8003e-017	-9.3444e+000	-6.3483e+000	6.3476e+000	5.2500e-015
-6.700e+000	4.8003e-017	-9.3444e+000	-6.3483e+000	6.3476e+000	5.2500e-015
-6.690e+000	4.8003e-017	-9.3444e+000	-6.3483e+000	6.3476e+000	5.2500e-015
-6.680e+000	4.8003e-017	-9.3444e+000	-6.3483e+000	6.3476e+000	5.2500e-015
-6.670e+000	4.8003e-017	-9.3444e+000	-6.3483e+000	6.3476e+000	5.2500e-015
-6.660e+000	4.8003e-017	-9.3444e+000	-6.3483e+000	6.3476e+000	5.2500e-015
-6.650e+000	4.8003e-017	-9.3444e+000	-6.3483e+000	6.3476e+000	5.2500e-015
-6.640e+000	4.8003e-017	-9.3444e+000	-6.3483e+000	6.3476e+000	5.2500e-015
-6.630e+000	4.8003e-017	-9.3444e+000	-6.3483e+000	6.3476e+000	5.2500e-015
-6.620e+000	4.8003e-017	-9.3444e+000	-6.3483e+000	6.3476e+000	5.2500e-015
-6.610e+000	4.8003e-017	-9.3444e+000	-6.3483e+000	6.3476e+000	5.2500e-015
-6.600e+000	4.8003e-017	-9.3444e+000	-6.3483e+000	6.3476e+000	5.2500e-015
-6.590e+000	4.8003e-017	-9.3444e+000	-6.3483e+000	6.3476e+000	5.2500e-015
-6.580e+000	4.8003e-017	-9.3444e+000	-6.3483e+000	6.3476e+000	5.2500e-015
-6.570e+000	4.8003e-017	-9.3444e+000	-6.3483e+000	6.3476e+000	5.2500e-015
-6.560e+000	4.8003e-017	-9.3444e+000	-6.3483e+000	6.3476e+000	5.2500e-015
-6.550e+000	4.8003e-017	-9.3444e+000	-6.3483e+000	6.3476e+000	5.2500e-015
-6.540e+000	4.8003e-017	-9.3444e+000	-6.3483e+000	6.3476e+000	5.2500e-015
-6.530e+000	4.8003e-017	-9.3444e+000	-6.3483e+000	6.3476e+000	5.2500e-015
-6.520e+000	4.8003e-017	-9.3444e+000	-6.3483e+000	6.3476e+000	5.2500e-015
-6.510e+000	4.8003e-017	-9.3444e+000	-6.3483e+000	6.3476e+000	5.2500e-015
-6.500e+000	4.8003e-017	-9.3444e+000	-6.3483e+000	6.3476e+000	5.2500e-015
-6.490e+000	4.8003e-017	-9.3444e+000	-6.3483e+000	6.3476e+000	5.2500e-015
-6.480e+000	4.8003e-017	-9.3444e+000	-6.3483e+000	6.3476e+000	5.2500e-015
-6.470e+000	4.8003e-017	-9.3444e+000	-6.3483e+000	6.3476e+000	5.2500e-015
-6.460e+000	4.8003e-017	-9.3444e+000	-6.3483e+000	6.3476e+000	5.2500e-015
-6.450e+000	4.8003e-017	-9.3444e+000	-6.3483e+000	6.3476e+000	5.2500e-015
-6.440e+000	4.8003e-017	-9.3444e+000	-6.3483e+000	6.3476e+000	5.2500e-015
-6.430e+000	4.8003e-017	-9.3444e+000	-6.3483e+000	6.3476e+000	5.2500e-015
-6.420e+000	4.8003e-017	-9.3444e+000	-6.3483e+000	6.3476e+000	5.2500e-015
-6.410e+000	4.8003e-017	-9.3444e+000	-6.3483e+000	6.3476e+000	5.2500e-015
-6.400e+000	4.8003e-017	-9.3444e+000	-6.3483e+000	6.3476e+000	5.2500e-015
-6.390e+000	4.8003e-017	-9.3444e+000	-6.3483e+000	6.3476e+000	5.2500e-015
-6.380e+000	4.8003e-017	-9.3444e+000	-6.3483e+000	6.3476e+000	5.2500e-015
-6.370e+000	4.8003e-017	-9.3444e+000	-6.3483e+000	6.3476e+000	5.2500e-015
-6.360e+000	4.8003e-017	-9.3444e+000	-6.3483e+000	6.3476e+000	5.2500e-015
-6.350e+000	4.8003e-017	-9.3444e+000	-6.3483e+000	6.3476e+000	5.2500e-015
-6.340e+000	4.8003e-017	-9.3444e+000	-6.3483e+000	6.3476e+000	5.2500e-015
-6.330e+000	4.8003e-017	-9.3444e+000	-6.3483e+000	6.3476e+000	5.2500e-015
-6.320e+000	4.8003e-017	-9.3444e+000	-6.3483e+000	6.3476e+000	5.2500e-015
-6.310e+000	4.8003e-017	-9.3444e+000	-6.3483e+000	6.3476e+000	5.2500e-015
-6.300e+000	4.8003e-017	-9.3444e+000	-6.3483e+000	6.3476e+000	5.2500e-015
-6.290e+000	4.8003e-017	-9.3444e+000	-6.3483e+000	6.3476e+000	5.2500e-015
-6.280e+000	4.8003e-017	-9.3444e+000	-6.3483e+000	6.3476e+000	5.2500e-015
-6.270e+000	4.8003e-017	-9.3444e+000	-6.3483e+000	6.3476e+000	5.2500e-015
-6.260e+000	4.8003e-017	-9.3444e+000	-6.3483e+000	6.3476e+000	5.2500e-015
-6.250e+000	4.8003e-017	-9.3444e+000	-6.3483e+000	6.3476e+000	5.2500e-015
-6.240e+000	4.8003e-017	-9.3444e+000	-6.3483e+000	6.3476e+000	5.2500e-015
-6.230e+000	4.8003e-017	-9.3444e+000	-6.3483e+000	6.3476e+000	5.2500e-015
-6.220e+000	4.8003e-017	-9.3444e+000	-6.3483e+000	6.3476e+000	5.2500e-015
-6.210e+000	4.8003e-017	-9.3444e+000	-6.3483e+000	6.3476e+000	5.2500e-015
-6.200e+000	4.8003e-017	-9.3444e+000	-6.3483e+000	6.3476e+000	5.2500e-015
-6.190e+000	4.8003e-017	-9.3444e+000	-6.3483e+000	6.3476e+000	5.2500e-015
-6.180e+000	4.8003e-017	-9.3444e+000	-6.3483e+000	6.3476e+000	5.2500e-015
-6.170e+000	4.8003e-017	-9.3444e+000	-6.3483e+000	6.3476e+000	5.2500e-015
-6.160e+000	4.8003e-017	-9.3444e+000	-6.3483e+000	6.3476e+000	5.2500e-015
-6.150e+000	4.8003e-017	-9.3444e+000	-6.3483e+000	6.3476e+000	5.2500e-015
-6.140e+000	4.8003e-017	-9.3444e+000	-6.3483e+000	6.3476e+000	5.2500e-015
-6.130e+000	4.8003e-017	-9.3444e+000	-6.3483e+000	6.3476e+000	5.2500e-015
-6.120e+000	4.8003e-017	-9.3444e+000	-6.3483e+000	6.3476e+000	5.2500e-015
-6.110e+000	4.8003e-017	-9.3444e+000	-6.3483e+000	6.3476e+000	5.2500e-015
-6.100e+000	4.8003e-017	-9.3444e+000	-6.3483e+000	6.3476e+000	5.2500e-015
-6.090e+000	4.8003e-017	-9.3444e+000	-6.3483e+000	6.3476e+000	5.2500e-015
-6.080e+000	4.8003e-017	-9.3444e+000	-6.3483e+000	6.3476e+000	5.2500e-015
-6.070e+000	4.8003e-017	-9.3444e+000	-6.3483e+000	6.3476e+000	5.2500e-015
-6.060e+000	4.8003e-017	-9.3444e+000	-6.3483e+000	6.3476e+000	5.2500e-015
-6.050e+000	4.8003e-017	-9.3444e+000	-6.3483e+000	6.3476e+000	5.2500e-015
-6.040e+000	4.8003e-017	-9.3444e+000	-6.3483e+000	6.3476e+000	5.2500e-015
-6.030e+000	4.8003e-017	-9.3444e+000	-6.3483e+000	6.3476e+000	5.2500e-015
-6.020e+000	4.8003e-017	-9.3444e+000	-6.3483e+000	6.3476e+000	5.2500e-015
-6.010e+000	4.8003e-017	-9.3444e+000	-6.3483e+000	6.3476e+000	5.2500e-015
-6.000e+000	4.8003e-017	-9.3444e+000	-6.3483e+000	6.3476e+000	5.2500e-015
-5.990e+000	4.8003e-017	-9.3444e+000	-6.3483e+000	6.3476e+000	5.2500e-015
-5.980e+000	4.8003e-017	-9.3444e+000	-6.3483e+000	6.3476e+000	5.2500e-015
-5.970e+000	4.8003e-017	-9.3444e+000	-6.3483e+000	6.3476e+000	5.2500e-015
-5.960e+000	4.8003e-017	-9.3444e+000	-6.3483e+000	6.3476e+000	5.2500e-015
-5.950e+000	4.8003e-017	-9.3444e+000	-6.3483e+000	6.3476e+000	5.2500e-015
-5.940e+000	4.8003e-017	-9.3444e+000	-6.3483e+000	6.3476e+000	5.2500e-015
-5.930e+000	4.8003e-017	-9.3444e+000	-6.3483e+000	6.3476e+000	5.2500e-015
-5.920e+000	4.8003e-017	-9.3444e+000	-6.3483e+000	6.3476e+000	5.2500e-015
-5.910e+000	4.8003e-017	-9.3444e+000	-6.3483e+000	6.3476e+000	5.2500e-015
-5.900e+000	4.8003e-017	-9.3444e+000	-6.3483e+000	6.3476e+000	5.2500e-015
-5.890e+000	4.8003e-017	-9.3444e+000	-6.3483e+000	6.3476e+000	5.2500e-015
-5.880e+000	4.8003e-017	-9.3444e+000	-6.3483e+000	6.3476e+000	5.2500e-015
-5.870e+000	4.8003e-017	-9.3444e+000	-6.3483e+000	6.3476e+000	5.2500e-015
-5.860e+000	4.8003e-017	-9.3444e+000	-6.3483e+000	6.3476e+000	5.2500e-015
-5.850e+000	4.8003e-017	-9.3444e+000	-6.3483e+000	6.3476e+000	5.2500e-015
-5.840e+000	4.8003e-017	-9.3444e+000	-6.3483e+000	6.3476e+000	5.2500e-015
-5.830e+000	4.8003e-017	-9.3444e+000	-6.3483e+000	6.3476e+000	5.2500e-015
-5.820e+000	4.8003e-017	-9.3444e+000	-6.3483e+000	6.3476e+000	5.2500e-015
-5.810e+000	4.8003e-017	-9.3444e+000	-6.3483e+000	6.3476e+000	5.2500e-015
-5.800e+000	4.8003e-017	-9.3444e+000	-6.3483e+000	6.3476e+000	5.2500e-015
-5.790e+000	4.8003e-017	-9.3444e+000	-6.3483e+000	6.3476e+000	5.2500e-015
-5.780e+000	4.8003e-017	-9.3444e+000	-6.3483e+000	6.3476e+000	5.2500e-015
-5.770e+000	4.8003e-017	-9.3444e+000	-6.3483e+000	6.3476e+000	5.2500e-015
-5.760e+000	4.8003e-017	-9.3444e+000	-6.3483e+000	6.3476e+000	5.2500e-015
-5.750e+000	4.8003e-017	-9.3444e+000	-6.3483e+000	6.3476e+000	5.2500e-015
-5.740e+000	4.8003e-017	-9.3444e+000	-6.3483e+000	6.3476e+000	5.2500e-015
-5.730e+000	4.8003e-017	-9.3444e+000	-6.3483e+000	6.3476e+000	5.2500e-015
-5.720e+000	4.8003e-017	-9.3444e+000	-6.3483e+000	6.3476e+000	5.2500e-015
-5.710e+000	4.8003e-017	-9.3444e+000	-6.3483e+000	6.3476e+000	5.2500e-015
-5.700e+000	4.8003e-017	-9.3444e+000	-6.3483e+000	6.3476e+000	5.2500e-015
-5.690e+000	4.8003e-017	-9.3444e+000	-6.3483e+000	6.3476e+000	5.2500e-015
-5.680e+000	4.8003e-017	-9.3444e+000	-6.3483e+000	6.3476e+000	5.2500e-015
-5.670e+000	4.8003e-017	-9.3444e+000	-6.3483e+000	6.3476e+000	5.2500e-015
-5.660e+000	4.8003e-017	-9.3444e+000	-6.3483e+000	6.3476e+000	5.2500e-015
-5.650e+000	4.8003e-017	-9.3444e+000	-6.3483e+000	6.3476e+000	5.2500e-015
-5.640e+000	4.8003e-017	-9.3444e+000	-6.3483e+000	6.3476e+000	5.2500e-015
-5.630e+000	4.8003e-017	-9.3444e+000	-6.3483e+000	6.3476e+000	5.2500e-015
-5.620e+000	4.8003e-017	-9.3444e+000	-6.3483e+000	6.3476e+000	5.2500e-015
-5.610e+000	4.8003e-017	-9.3444e+000	-6.3483e+000	6.3476e+000	5.2500e-015
-5.600e+000	4.8003e-017	-9.3444e+000	-6.3483e+000	6.3476e+000	5.2500e-015
-5.590e+000	4.8003e-017	-9.3444e+000	-6.3483e+000	6.3476e+000	5.2500e-015
-5.580e+000	4.8003e-017	-9.3444e+000	-6.3483e+000	6.3476e+000	5.2500e-015
-5.570e+000	4.8003e-017	-9.3444e+000	-6.3483e+000	6.3476e+000	5.2500e-015
-5.560e+000	4.8003e-017	-9.3444e+000	-6.3483e+000	6.3476e+000	5.2500e-015
-5.550e+000	4.8003e-017	-9.3444e+000	-6.3483e+000	6.3476e+000	5.2500e-015
-5.540e+000	4.8003e-017	-9.3444e+000	-6.3483e+000	6.3476e+000	5.2500e-015
-5.530e+000	4.8003e-017	-9.3444e+000	-6.3483e+000	6.3476e+000	5.2500e-015
-5.520e+000	4.8003e-017	-9.3444e+000	-6.3483e+000	6.3476e+000	5.2500e-015
-5.510e+000	4.8003e-017	-9.3444e+000	-6.3483e+000	6.3476e+000	5.2500e-015
-5.500e+000	4.8003e-017	-9.3444e+000	-6.3483e+000	6.3476e+000	5.2500e-015
-5.490e+000	4.8003e-017	-9.3444e+000	-6.3483e+000	6.3476e+000	5.2500e-015
-5.480e+000	4.8003e-017	-9.3444e+000	-6.3483e+000	6.3476e+000	5.2500e-015
-5.470e+000	4.8003e-017	-9.3444e+000	-6.3483e+000	6.3476e+000	5.2500e-015
-5.460e+000	4.8003e-017	-9.3444e+000	-6.3483e+000	6.3476e+000	5.2500e-015
-5.450e+000	4.8003e-017	-9.3444e+000	-6.3483e+000	6.3476e+000	5.2500e-015
-5.440e+000	4.8003e-017	-9.3444e+000	-6.3483e+000	6.3476e+000	5.2500e-015
-5.430e+000	4.8003e-017	-9.3444e+000	-6.3483e+000	6.3476e+000	5.2500e-015
-5.420e+000	4.8003e-017	-9.3444e+000	-6.3483e+000	6.3476e+000	5.2500e-015
-5.410e+000	4.8003e-017	-9.3444e+000	-6.3483e+000	6.3476e+000	5.2500e-015
-5.400e+000	4.8003e-017	-9.3444e+000	-6.3483e+000	6.3476e+000	5.2500e-015
-5.390e+000	4.8003e-017	-9.3444e+000	-6.3483e+000	6.3476e+000	5.2500e-015
-5.380e+000	4.8003e-017	-9.3444e+000	-6.3483e+000	6.3476e+000	5.2500e-015
-5.370e+000	4.8003e-017	-9.3444e+000	-6.3483e+000	6.3476e+000	5.2500e-015
-5.360e+000	4.8003e-017	-9.3444e+000	-6.3483e+000	6.3476e+000	5.2500e-015
-5.350e+000	4.8003e-017	-9.3444e+000	-6.3483e+000	6.3476e+000	5.2500e-015
-5.340e+000	4.8003e-017	-9.3444e+000	-6.3483e+000	6.3476e+000	5.2500e-015
-5.330e+000	4.8003e-017	-9.3444e+000	-6.3483e+000	6.3476e+000	5.2500e-015
-5.320e+000	4.8003e-017	-9.3444e+000	-6.3483e+000	6.3476e+000	5.2500e-015
-5.310e+000	4.8003e-017	-9.3444e+000	-6.3483e+000	6.3476e+000	5.2500e-015
-5.300e+000	4.8003e-017	-9.3444e+000	-6.3483e+000	6.3476e+000	5.2500e-015
-5.290e+000	4.8003e-017	-9.3444e+000	-6.3483e+000	6.3476e+000	5.2500e-015
-5.280e+000	4.8003e-017	-9.3444e+000	-6.3483e+000	6.3476e+000	5.2500e-015
-5.270e+000	4.8003e-017	-9.3444e+000	-6.3483e+000	6.3476e+000	5.2500e-015
-5.260e+000	4.8003e-017	-9.3444e+000	-6.3483e+000	6.3476e+000	5.2500e-015
-5.250e+000	4.8003e-017	-9.3444e+000	-6.3483e+000	6.3476e+000	5.2500e-015
-5.240e+000	4.8003e-017	-9.3444e+000	-6.3483e+000	6.3476e+000	5.2500e-015
-5.230e+000	4.8003e-017	-9.3444e+000	-6.3483e+000	6.3476e+000	5.2500e-015
-5.220e+000	4.8003e-017	-9.3444e+000	-6.3483e+000	6.3476e+000	5.2500e-015
-5.210e+000	4.8003e-017	-9.3444e+000	-6.3483e+000	6.3476e+000	5.2500e-015
-5.200e+000	4.8003e-017	-9.3444e+000	-6.3483e+000	6.3476e+000	5.2500e-015
-5.190e+000	4.8003e-017	-9.3444e+000	-6.3483e+000	6.3476e+000	5.2500e-015
-5.180e+000	4.8003e-017	-9.3444e+000	-6.3483e+000	6.3476e+000	5.2500e-015
-5.170e+000	4.8003e-017	-9.3444e+000	-6.3483e+000	6.3476e+000	5.2500e-015
-5.160e+000	4.8003e-017	-9.3444e+000	-6.3483e+000	6.3476e+000	5.2500e-015
-5.150e+000	4.8003e-017	-9.3444e+000	-6.3483e+000	6.3476e+000	5.2500e-015
-5.140e+000	4.8003e-017	-9.3444e+000	-6.3483e+000	6.3476e+000	5.2500e-015
-5.130e+000	4.8003e-017	-9.3444e+000	-6.3483e+000	6.3476e+000	5.2500e-015
-5.120e+000	4.8003e-017	-9.3444e+000	-6.3483e+000	6.3476e+000	5.2500e-015
-5.110e+000	4.8003e-017	-9.3444e+000	-6.3483e+000	6.3476e+000	5.2500e-015
-5.100e+000	4.8003e-017	-9.3444e+000	-6.3483e+000	6.3476e+000	5.2500e-015
-5.090e+000	4.8003e-017	-9.3444e+000	-6.3483e+000	6.3476e+000	5.2500e-015
-5.080e+000	4.8003e-017	-9.3444e+000	-6.3483e+000	6.3476e+000	5.2500e-015
-5.070e+000	4.8003e-017	-9.3444e+000	-6.3483e+000	6.3476e+000	5.2500e-015
-5.060e+000	4.8003e-017	-9.3444e+000	-6.3483e+000	6.3476e+000	5.2500e-015
-5.050e+000	4.8003e-017	-9.3444e+000	-6.3483e+000	6.3476e+000	5.2500e-015
-5.040e+000	4.8003e-017	-9.3444e+000	-6.3483e+000	6.3476e+000	5.2500e-015
-5.030e+000	4.8003e-017	-9.3444e+000	-6.3483e+000	6.3476e+000	5.2500e-015
-5.020e+000	4.8003e-017	-9.3444e+000	-6.3483e+000	6.3476e+000	5.2500e-015
-5.010e+000	4.8003e-017	-9.3444e+000	-6.3483e+000	6.3476e+000	5.2500e-015
-5.000e+000	4.8003e-017	-9.3444e+000	-6.3483e+000	6.3476e+000	5.2500e-015
-4.990e+000	4.8003e-017	-9.3444e+000	-6.3483e+000	6.3476e+000	5.2500e-015
-4.980e+000	4.8003e-017	-9.3444e+000	-6.3483e+000	6.3476e+000	5.2500e-015
-4.970e+000	4.8003e-017	-9.3444e+000	-6.3483e+000	6.3476e+000	5.2500e-015
-4.960e+000	4.8003e-017	-9.3444e+000	-6.3483e+000	6.3476e+000	5.2500e-015
-4.950e+000	4.8003e-017	-9.3444e+000	-6.3483e+000	6.3476e+000	5.2500e-015
-4.940e+000	4.8003e-017	-9.3444e+000	-6.3483e+000	6.3476e+000	5.2500e-015
-4.930e+000	4.8003e-017	-9.3444e+000	-6.3483e+000	6.3476e+000	5.2500e-015
-4.920e+000	4.8003e-017	-9.3444e+000	-6.3483e+000	6.3476e+000	5.2500e-015
-4.910e+000	4.8003e-017	-9.3444e+000	-6.3483e+000	6.3476e+000	5.2500e-015
-4.900e+000	4.8003e-017	-9.3444e+000	-6.3483e+000	6.3476e+000	5.2500e-015
-4.890e+000	4.8003e-017	-9.3444e+000	-6.3483e+000	6.3476e+000	5.2500e-015
-4.880e+000	4.8003e-017	-9.3444e+000	-6.3483e+000	6.3476e+000	5.2500e-015
-4.870e+000	4.8003e-017	-9.3444e+000	-6.3483e+000	6.3476e+000	5.2500e-015
-4.860e+000	4.8003e-017	-9.3444e+000	-6.3483e+000	6.3476e+000	5.2500e-015
-4.850e+000	4.8003e-017	-9.3444e+000	-6.3483e+000	6.3476e+000	5.2500e-015
-4.840e+000	4.8003e-017	-9.3444e+000	-6.3483e+000	6.3476e+000	5.2500e-015
-4.830e+000	4.8003e-017	-9.3444e+000	-6.3483e+000	6.3476e+000	5.2500e-015
-4.820e+000	4.8003e-017	-9.3444e+000	-6.3483e+000	6.3476e+000	5.2500e-015
-4.810e+000	4.8003e-017	-9.3444e+000	-6.3483e+000	6.3476e+000	5.2500e-015
-4.800e+000	4.8003e-017	-9.3444e+000	-6.3483e+000	6.3476e+000	5.2500e-015
-4.790e+000	4.8003e-017	-9.3444e+000	-6.3483e+000	6.3476e+000	5.2500e-015
-4.780e+000	4.8003e-017	-9.3444e+000	-6.3483e+000	6.3476e+000	5.2500e-015
-4.770e+000	4.8003e-017	-9.3444e+000	-6.3483e+000	6.3476e+000	5.2500e-015
-4.760e+000	4.8003e-017	-9.3444e+000	-6.3483e+000	6.3476e+000	5.2500e-015
-4.750e+000	4.8003e-017	-9.3444e+000	-6.3483e+000	6.3476e+000	5.2500e-015
-4.740e+000	4.8003e-017	-9.3444e+000	-6.3483e+000	6.3476e+000	5.2500e-015
-4.730e+000	4.8003e-017	-9.3444e+000	-6.3483e+000	6.3476e+000	5.2500e-015
-4.720e+000	4.8003e-017	-9.3444e+000	-6.3483e+000	6.3476e+000	5.2500e-015
-4.710e+000	4.8003e-017	-9.3444e+000	-6.3483e+000	6.3476e+000	5.2500e-015
-4.700e+000	4.8003e-017	-9.3444e+000	-6.3483e+000	6.3476e+000	5.2500e-015
-4.690e+000	4.8003e-017	-9.3444e+000	-6.3483e+000	6.3476e+000	5.2500e-015
-4.680e+000	4.8003e-017	-9.3444e+000	-6.3483e+000	6.3476e+000	5.2500e-015
-4.670e+000	4.8003e-017	-9.3444e+000	-6.3483e+000	6.3476e+000	5.2500e-015
-4.660e+000	4.8003e-017	-9.3444e+000	-6.3483e+000	6.3476e+000	5.2500e-015
-4.650e+000	4.8003e-017	-9.3444e+000	-6.3483e+000	6.3476e+000	5.2500e-015
-4.640e+000	4.8003e-017	-9.3444e+000	-6.3483e+000	6.3476e+000	5.2500e-015
-4.630e+000	4.8003e-017	-9.3444e+000	-6.3483e+000	6.3476e+000	5.2500e-015
-4.620e+000	4.8003e-017	-9.3444e+000	-6.3483e+000	6.3476e+000	5.2500e-015
-4.610e+000	4.8003e-017	-9.3444e+000	-6.3483e+000	6.3476e+000	5.2500e-015
-4.600e+000	4.8003e-017	-9.3444e+000	-6.3483e+000	6.3476e+000	5.2500e-015
-4.590e+000	4.8003e-017	-9.3444e+000	-6.3483e+000	6.3476e+000	5.2500e-015
-4.580e+000	4.8003e-017	-9.3444e+000	-6.3483e+000	6.3476e+000	5.2500e-015
-4.570e+000	4.8003e-017	-9.3444e+000	-6.3483e+000	6.3476e+000	5.2500e-015
-4.560e+000	4.8003e-017	-9.3444e+000	-6.3483e+000	6.3476e+000	5.2500e-015
-4.550e+000	4.8003e-017	-9.3444e+000	-6.3483e+000	6.3476e+000	5.2500e-015
-4.540e+000	4.8003e-017	-9.3444e+000	-6.3483e+000	6.3476e+000	5.2500e-015
-4.530e+000	4.8003e-017	-9.3444e+000	-6.3483e+000	6.3476e+000	5.2500e-015
-4.520e+000	4.8003e-017	-9.3444e+000	-6.3483e+000	6.3476e+000	5.2500e-015
-4.510e+000	4.8003e-017	-9.3444e+000	-6.3483e+000	6.3476e+000	5.2500e-015
-4.500e+000	4.8003e-017	-9.3444e+000	-6.3483e+000	6.3476e+000	5.2500e-015
-4.490e+000	4.8003e-017	-9.3444e+000	-6.3483e+000	6.3476e+000	5.2500e-015
-4.480e+000	4.8003e-017	-9.3444e+000	-6.3483e+000	6.3476e+000	5.2500e-015
-4.470e+000	4.8003e-017	-9.3444e+000	-6.3483e+000	6.3476e+000	5.2500e-015
-4.460e+000	4.8003e-017	-9.3444e+000	-6.3483e+000	6.3476e+000	5.2500e-015
-4.450e+000	4.8003e-017	-9.3444e+000	-6.3483e+000	6.3476e+000	5.2500e-015
-4.440e+000	4.8003e-017	-9.3444e+000	-6.3483e+000	6.3476e+000	5.2500e-015
-4.430e+000	4.8003e-017	-9.3444e+000	-6.3483e+000	6.3476e+000	5.2500e-015
-4.420e+000	4.8003e-017	-9.3444e+000	-6.3483e+000	6.3476e+000	5.2500e-015
-4.410e+000	4.8003e-017	-9.3444e+000	-6.3483e+000	6.3476e+000	5.2500e-015
-4.400e+000	4.8003e-017	-9.3444e+000	-6.3483e+000	6.3476e+000	5.2500e-015
-4.390e+000	4.8003e-017	-9.3444e+000	-6.3483e+000	6.3476e+000	5.2500e-015
-4.380e+000	4.8003e-017	-9.3444e+000	-6.3483e+000	6.3476e+000	5.2500e-015
-4.370e+000	4.8003e-017	-9.3444e+000	-6.3483e+000	6.3476e+000	5.2500e-015
-4.360e+000	4.8003e-017	-9.3444e+000	-6.3483e+000	6.3476e+000	5.2500e-015
-4.350e+000	4.8003e-017	-9.3444e+000	-6.3483e+000	6.3476e+000	5.2500e-015
-4.340e+000	4.8003e-017	-9.3444e+000	-6.3483e+000	6.3476e+000	5.2500e-015
-4.330e+000	4.8003e-017	-9.3444e+000	-6.3483e+000	6.3476e+000	5.2500e-015
-4.320e+000	4.8003e-017	-9.3444e+000	-6.3483e+000	6.3476e+000	5.2500e-015
-4.310e+000	4.8003e-017	-9.3444e+000	-6.3483e+000	6.3476e+000	5.2500e-015
-4.300e+000	4.8003e-017	-9.3444e+000	-6.3483e+000	6.3476e+000	5.2500e-015
-4.290e+000	4.8003e-017	-9.3444e+000	-6.3483e+000	6.3476e+000	5.2500e-015
-4.280e+000	4.8003e-017	-9.3444e+000	-6.3483e+000	6.3476e+000	5.2500e-015
-4.270e+000	4.8003e-017	-9.3444e+000	-6.3483e+000	6.3476e+000	5.2500e-015
-4.260e+000	4.8003e-017	-9.3444e+000	-6.3483e+000	6.3476e+000	5.2500e-015
-4.250e+000	4.8003e-017	-9.3444e+000	-6.3483e+000	6.3476e+000	5.2500e-015
-4.240e+000	4.8003e-017	-9.3444e+000	-6.3483e+000	6.3476e+000	5.2500e-015
-4.230e+000	4.8003e-017	-9.3444e+000	-6.3483e+000	6.3476e+000	5.2500e-015
-4.220e+000	4.8003e-017	-9.3444e+000	-6.3483e+000	6.3476e+000	5.2500e-015
-4.210e+000	4.8003e-017	-9.3444e+000	-6.3483e+000	6.3476e+000	5.2500e-015
-4.200e+000	4.8003e-017	-9.3444e+000	-6.3483e+000	6.3476e+000	5.2500e-015
-4.190e+000	4.8003e-017	-9.3444e+000	-6.3483e+000	6.3476e+000	5.2500e-015
-4.180e+000	4.8003e-017	-9.3444e+000	-6.3483e+000	6.3476e+000	5.2500e-015
-4.170e+000	4.8003e-017	-9.3444e+000	-6.3483e+000	6.3476e+000	5.2500e-015
-4.160e+000	4.8003e-017	-9.3444e+000	-6.3483e+000	6.3476e+000	5.2500e-015
-4.150e+000	4.8003e-017	-9.3444e+000	-6.3483e+000	6.3476e+000	5.2500e-015
-4.140e+000	4.8003e-017	-9.3444e+000	-6.3483e+000	6.3476e+000	5.2500e-015
-4.130e+000	4.8003e-017	-9.3444e+000	-6.3483e+000	6.3476e+000	5.2500e-015
-4.120e+000	4.8003e-017	-9.3444e+000	-6.3483e+000	6.3476e+000	5.2500e-015
-4.110e+000	4.8003e-017	-9.3444e+000	-6.3483e+000	6.3476e+000	5.2500e-015
-4.100e+000	4.8003e-017	-9.3444e+000	-6.3483e+000	6.3476e+000	5.2500e-015
-4.090e+000	4.8003e-017	-9.3444e+000	-6.3483e+000	6.3476e+000	5.2500e-015
-4.080e+000	4.8003e-017	-9.3444e+000	-6.3483e+000	6.3476e+000	5.2500e-015
-4.070e+000	4.8003e-017	-9.3444e+000	-6.3483e+000	6.3476e+000	5.2500e-015
-4.060e+000	4.8003e-017	-9.3444e+000	-6.3483e+000	6.3476e+000	5.2500e-015
-4.050e+000	4.8003e-017	-9.3444e+000	-6.3483e+000	6.3476e+000	5.2500e-015
-4.040e+000	4.8003e-017	-9.3444e+000	-6.3483e+000	6.3476e+000	5.2500e-015
-4.030e+000	4.8003e-017	-9.3444e+000	-6.3483e+000	6.3476e+000	5.2500e-015
-4.020e+000	4.8003e-017	-9.3444e+000	-6.3483e+000	6.3476e+000	5.2500e-015
-4.010e+000	4.8003e-017	-9.3444e+000	-6.3483e+000	6.3476e+000	5.2500e-015
-4.000e+000	4.8003e-017	-9.3444e+000	-6.3483e+000	6.3476e+000	5.2500e-015
-3.990e+000	4.8003e-017	-9.3444e+000	-6.3483e+000	6.3476e+000	5.2500e-015
-3.980e+000	4.8003e-017	-9.3444e+000	-6.3483e+000	6.3476e+000	5.2500e-015
-3.970e+000	4.8003e-017	-9.3444e+000	-6.3483e+000	6.3476e+000	5.2500e-015
-3.960e+000	4.8003e-017	-9.3444e+000	-6.3483e+000	6.3476e+000	5.2500e-015
-3.950e+000	4.8003e-017	-9.3444e+000	-6.3483e+000	6.3476e+000	5.2500e-015
-3.940e+000	4.8003e-017	-9.3444e+000	-6.3483e+000	6.3476e+000	5.2500e-015
-3.930e+000	4.8003e-017	-9.3444e+000	-6.3483e+000	6.3476e+000	5.2500e-015
-3.920e+000	4.8003e-017	-9.3444e+000	-6.3483e+000	6.3476e+000	5.2500e-015
-3.910e+000	4.8003e-017	-9.3444e+000	-6.3483e+000	6.3476e+000	5.2500e-015
-3.900e+000	4.8003e-017	-9.3444e+000	-6.3483e+000	6.3476e+000	5.2500e-015
-3.890e+000	4.8003e-017	-9.3444e+000	-6.3483e+000	6.3476e+000	5.2500e-015
-3.880e+000	4.8003e-017	-9.3444e+000	-6.3483e+000	6.3476e+000	5.2500e-015
-3.870e+000	4.8003e-017	-9.3444e+000	-6.3483e+000	6.3476e+000	5.2500e-015
-3.860e+000	4.8003e-017	-9.3444e+000	-6.3483e+000	6.3476e+000	5.2500e-015
-3.850e+000	4.8003e-017	-9.3444e+000	-6.3483e+000	6.3476e+000	5.2500e-015
-3.840e+000	4.8003e-017	-9.3444e+000	-6.3483e+000	6.3476e+000	5.2500e-015
-3.830e+000	4.8003e-017	-9.3444e+000	-6.3483e+000	6.3476e+000	5.2500e-015
-3.820e+000	4.8003e-017	-9.3444e+000	-6.3483e+000	6.3476e+000	5.2500e-015
-3.810e+000	4.8003e-017	-9.3444e+000	-6.3483e+000	6.3476e+000	5.2500e-015
-3.800e+000	4.8003e-017	-9.3444e+000	-6.3483e+000	6.3476e+000	5.2500e-015
-3.790e+000	4.8003e-017	-9.3444e+000	-6.3483e+000	6.3476e+000	5.2500e-015
-3.780e+000	4.8003e-017	-9.3444e+000	-6.3483e+000	6.3476e+000	5.2500e-015
-3.770e+000	4.8003e-017	-9.3444e+000	-6.3483e+000	6.3476e+000	5.2500e-015
-3.760e+000	4.8003e-017	-9.3444e+000	-6.3483e+000	6.3476e+000	5.2500e-015
-3.750e+000	4.8003e-017	-9.3444e+000	-6.3483e+000	6.3476e+000	5.2500e-015
-3.740e+000	4.8003e-017	-9.3444e+000	-6.3483e+000	6.3476e+000	5.2500e-015
-3.730e+000	4.8003e-017	-9.3444e+000	-6.3483e+000	6.3476e+000	5.2500e-015
-3.720e+000	4.8003e-017	-9.3444e+000	-6.3483e+000	6.3476e+000	5.2500e-015
-3.710e+000	4.8003e-017	-9.3444e+000	-6.3483e+000	6.3476e+000	5.2500e-015
-3.700e+000	4.8003e-017	-9.3444e+000	-6.3483e+000	6.3476e+000	5.2500e-015
-3.690e+000	4.8003e-017	-9.3444e+000	-6.3483e+000	6.3476e+000	5.2500e-015
-3.680e+000	4.8003e-017	-9.3444e+000	-6.3483e+000	6.3476e+000	5.2500e-015
-3.670e+000	4.8003e-017	-9.3444e+000	-6.3483e+000	6.3476e+000	5.2500e-015
-3.660e+000	4.8003e-017	-9.3444e+000	-6.3483e+000	6.3476e+000	5.2500e-015
-3.650e+000	4.8003e-017	-9.3444e+000	-6.3483e+000	6.3476e+000	5.2500e-015
-3.640e+000	4.8003e-017	-9.3444e+000	-6.3483e+000	6.3476e+000	5.2500e-015
-3.630e+000	4.8003e-017	-9.3444e+000	-6.3483e+000	6.3476e+000	5.2500e-015
-3.620e+000	4.8003e-017	-9.3444e+000	-6.3483e+000	6.3476e+000	5.2500e-015
-3.610e+000	4.8003e-017	-9.3444e+000	-6.3483e+000	6.3476e+000	5.2500e-015
-3.600e+000	4.8003e-017	-9.3444e+000	-6.3483e+000	6.3476e+000	5.2500e-015
-3.590e+000	4.8003e-017	-9.3444e+000	-6.3483e+000	6.3476e+000	5.2500e-015
-3.580e+000	4.8003e-017	-9.3444e+000	-6.3483e+000	6.3476e+000	5.2500e-015
-3.570e+000	4.8003e-017	-9.3444e+000	-6.3483e+000	6.3476e+000	5.2500e-015
-3.560e+000	4.8003e-017	-9.3444e+000	-6.3483e+000	6.3476e+000	5.2500e-015
-3.550e+000	4.8003e-017	-9.3444e+000	-6.3483e+000	6.3476e+000	5.2500e-015
-3.540e+000	4.8003e-017	-9.3444e+000	-6.3483e+000	6.3476e+000	5.2500e-015
-3.530e+000	4.8003e-017	-9.3444e+000	-6.3483e+000	6.3476e+000	5.2500e-015
-3.520e+000	4.8003e-017	-9.3444e+000	-6.3483e+000	6.3476e+000	5.2500e-015
-3.510e+000	4.8003e-017	-9.3444e+000	-6.3483e+000	6.3476e+000	5.2500e-015
-3.500e+000	4.8003e-017	-9.3444e+000	-6.3483e+000	6.3476e+000	5.2500e-015
-3.490e+000	4.8003e-017	-9.3444e+000	-6.3483e+000	6.3476e+000	5.2500e-015
-3.480e+000	4.8003e-017	-9.3444e+000	-6.3483e+000	6.3476e+000	5.2500e-015
-3.470e+000	4.8003e-017	-9.3444e+000	-6.3483e+000	6.3476e+000	5.2500e-015
-3.460e+000	4.8003e-017	-9.3444e+000	-6.3483e+000	6.3476e+000	5.2500e-015
-3.450e+000	4.8003e-017	-9.3444e+000	-6.3483e+000	6.3476e+000	5.2500e-015
-3.440e+000	4.8003e-017	-9.3444e+000	-6.3483e+000	6.3476e+000	5.2500e-015
-3.430e+000	4.8003e-017	-9.3444e+000	-6.3483e+000	6.3476e+000	5.2500e-015
-3.420e+000	4.8003e-017	-9.3444e+000	-6.3483e+000	6.3476e+000	5.2500e-015
-3.410e+000	4.8003e-017	-9.3444e+000	-6.3483e+000	6.3476e+000	5.2500e-015
-3.400e+000	4.8003e-017	-9.3444e+000	-6.3483e+000	6.3476e+000	5.2500e-015
-3.390e+000	4.8003e-017	-9.3444e+000	-6.3483e+000	6.3476e+000	5.2500e-015
-3.380e+000	4.8003e-017	-9.3444e+000	-6.3483e+000	6.3476e+000	5.2500e-015
-3.370e+000	4.8003e-017	-9.3444e+000	-6.3483e+000	6.3476e+000	5.2500e-015
-3.360e+000	4.8003e-017	-9.3444e+000	-6.3483e+000	6.3476e+000	5.2500e-015
-3.350e+000	4.8003e-017	-9.3444e+000	-6.3483e+000	6.3476e+000	5.2500e-015
-3.340e+000	4.8003e-017	-9.3444e+000	-6.3483e+000	6.3476e+000	5.2500e-015
-3.330e+000	4.8003e-017	-9.3444e+000	-6.3483e+000	6.3476e+000	5.2500e-015
-3.320e+000	4.8003e-017	-9.3444e+000	-6.3483e+000	6.3476e+000	5.2500e-015
-3.310e+000	4.8003e-017	-9.3444e+000	-6.3483e+000	6.3476e+000	5.2500e-015
-3.300e+000	4.8003e-017	-9.3444e+000	-6.3483e+000	6.3476e+000	5.2500e-015
-3.290e+000	4.8003e-017	-9.3444e+000	-6.3483e+000	6.3476e+000	5.2500e-015
-3.280e+000	4.8003e-017	-9.3444e+000	-6.3483e+000	6.3476e+000	5.2500e-015
-3.270e+000	4.8003e-017	-9.3444e+000	-6.3483e+000	6.3476e+000	5.2500e-015
-3.260e+000	4.8003e-017	-9.3444e+000	-6.3483e+000	6.3476e+000	5.2500e-015
-3.250e+000	4.8003e-017	-9.3444e+000	-6.3483e+000	6.3476e+000	5.2500e-015
-3.240e+000	4.8003e-017	-9.3444e+000	-6.3483e+000	6.3476e+000	5.2500e-015
-3.230e+000	4.8003e-017	-9.3444e+000	-6.3483e+000	6.3476e+000	5.2500e-015
-3.220e+000	4.8003e-017	-9.3444e+000	-6.3483e+000	6.3476e+000	5.2500e-015
-3.210e+000	4.8003e-017	-9.3444e+000	-6.3483e+000	6.3476e+000	5.2500e-015
-3.200e+000	4.8003e-017	-9.3444e+000	-6.3483e+000	6.3476e+000	5.2500e-015
-3.190e+000	4.8003e-017	-9.3444e+000	-6.3483e+000	6.3476e+000	5.2500e-015
-3.180e+000	4.8003e-017	-9.3444e+000	-6.3483e+000	6.3476e+000	5.2500e-015
-3.170e+000	4.8003e-017	-9.3444e+000	-6.3483e+000	6.3476e+000	5.2500e-015
-3.160e+000	4.8003e-017	-9.3444e+000	-6.3483e+000	6.3476e+000	5.2500e-015
-3.150e+000	4.8003e-017	-9.3444e+000	-6.3483e+000	6.3476e+000	5.2500e-015
-3.140e+000	4.8003e-017	-9.3444e+000	-6.3483e+000	6.3476e+000	5.2500e-015
-3.130e+000	4.8003e-017	-9.3444e+000	-6.3483e+000	6.3476e+000	5.2500e-015
-3.120e+000	4.8003e-017	-9.3444e+000	-6.3483e+000	6.3476e+000	5.2500e-015
-3.110e+000	4.8003e-017	-9.3444e+000	-6.3483e+000	6.3476e+000	5.2500e-015
-3.100e+000	4.8003e-017	-9.3444e+000	-6.3483e+000	6.3476e+000	5.2500e-015
-3.090e+000	4.8003e-017	-9.3444e+000	-6.3483e+000	6.3476e+000	5.2500e-015
-3.080e+000	4.8003e-017	-9.3444e+000	-6.3483e+000	6.3476e+000	5.2500e-015
-3.070e+000	4.8003e-017	-9.3444e+000	-6.3483e+000	6.3476e+000	5.2500e-015
-3.060e+000	4.8003e-017	-9.3444e+000	-6.3483e+000	6.3476e+000	5.2500e-015
-3.050e+000	4.8003e-017	-9.3444e+000	-6.3483e+000	6.3476e+000	5.2500e-015
-3.040e+000	4.8003e-017	-9.3444e+000	-6.3483e+000	6.3476e+000	5.2500e-015
-3.030e+000	4.8003e-017	-9.3444e+000	-6.3483e+000	6.3476e+000	5.2500e-015
-3.020e+000	4.8003e-017	-9.3444e+000	-6.3483e+000	6.3476e+000	5.2500e-015
-3.010e+000	4.8003e-017	-9.3444e+000	-6.3483e+000	6.3476e+000	5.2500e-015
-3.000e+000	4.8003e-017	-9.3444e+000	-6.3483e+000	6.3476e+000	5.2500e-015
-2.990e+000	4.8003e-017	-9.3444e+000	-6.3483e+000	6.3476e+000	5.2500e-015
-2.980e+000	4.8003e-017	-9.3444e+000	-6.3483e+000	6.3476e+000	5.2500e-015
-2.970e+000	4.8003e-017	-9.3444e+000	-6.3483e+000	6.3476e+000	5.2500e-015
-2.960e+000	4.8003e-017	-9.3444e+000	-6.3483e+000	6.3476e+000	5.2500e-015
-2.950e+000	4.8003e-017	-9.3444e+000	-6.3483e+000	6.3476e+000	5.2500e-015
-2.940e+000	4.8003e-017	-9.3444e+000	-6.3483e+000	6.3476e+000	5.2500e-015
-2.930e+000	4.8003e-017	-9.3444e+000	-6.3483e+000	6.3476e+000	5.2500e-015
-2.920e+000	4.8003e-017	-9.3444e+000	-6.3483e+000	6.3476e+000	5.2500e-015
-2.910e+000	4.8003e-017	-9.3444e+000	-6.3483e+000	6.3476e+000	5.2500e-015
-2.900e+000	4.8003e-017	-9.3444e+000	-6.3483e+000	6.3476e+000	5.2500e-015
-2.890e+000	4.8003e-017	-9.3444e+000	-6.3483e+000	6.3476e+000	5.2500e-015
-2.880e+000	4.8003e-017	-9.3444e+000	-6.3483e+000	6.3476e+000	5.2500e-015
-2.870e+000	4.8003e-017	-9.3444e+000	-6.3483e+000	6.3476e+000	5.2500e-015
-2.860e+000	4.8003e-017	-9.3444e+000	-6.3483e+000	6.3476e+000	5.2500e-015
-2.850e+000	4.8003e-017	-9.3444e+000	-6.3483e+000	6.3476e+000	5.2500e-015
-2.840e+000	4.8003e-017	-9.3444e+000	-6.3483e+000	6.3476e+000	5.2500e-015
-2.830e+000	4.8003e-017	-9.3444e+000	-6.3483e+000	6.3476e+000	5.2500e-015
-2.820e+000	4.8003e-017	-9.3444e+000	-6.3483e+000	6.3476e+000	5.2500e-015
-2.810e+000	4.8003e-017	-9.3444e+000	-6.3483e+000	6.3476e+000	5.2500e-015
-2.800e+000	4.8003e-017	-9.3444e+000	-6.3483e+000	6.3476e+000	5.2500e-015
-2.790e+000	4.8003e-017	-9.3444e+000	-6.3483e+000	6.3476e+000	5.2500e-015
-2.780e+000	4.8003e-017	-9.3444e+000	-6.3483e+000	6.3476e+000	5.2500e-015
-2.770e+000	4.8003e-017	-9.3444e+000	-6.3483e+000	6.3476e+000	5.2500e-015
-2.760e+000	4.8003e-017	-9.3444e+000	-6.3483e+000	6.3476e+000	5.2500e-015
-2.750e+000	4.8003e-017	-9.3444e+000	-6.3483e+000	6.3476e+000	5.2500e-015
-2.740e+000	4.8003e-017	-9.3444e+000	-6.3483e+000	6.3476e+000	5.2500e-015
-2.730e+000	4.8003e-017	-9.3444e+000	-6.3483e+000	6.3476e+000	5.2500e-015
-2.720e+000	4.8003e-017	-9.3444e+000	-6.3483e+000	6.3476e+000	5.2500e-015
-2.710e+000	4.8003e-017	-9.3444e+000	-6.3483e+000	6.3476e+000	5.2500e-015
-2.700e+000	4.8003e-017	-9.3444e+000	-6.3483e+000	6.3476e+000	5.2500e-015
-2.690e+000	4.8003e-017	-9.3444e+000	-6.3483e+000	6.3476e+000	5.2500e-015
-2.680e+000	4.8003e-017	-9.3444e+000	-6.3483e+000	6.3476e+000	5.2500e-015
-2.670e+000	4.8003e-017	-9.3444e+000	-6.3483e+000	6.3476e+000	5.2500e-015
-2.660e+000	4.8003e-017	-9.3444e+000	-6.3483e+000	6.3476e+000	5.2500e-015
-2.650e+000	4.8003e-017	-9.3444e+000	-6.3483e+000	6.3476e+000	5.2500e-015
-2.640e+000	4.8003e-017	-9.3444e+000	-6.3483e+000	6.3476e+000	5.2500e-015
-2.630e+000	4.8003e-017	-9.3444e+000	-6.3483e+000	6.3476e+000	5.2500e-015
-2.620e+000	4.8003e-017	-9.3444e+000	-6.3483e+000	6.3476e+000	5.2500e-015
-2.610e+000	4.8003e-017	-9.3444e+000	-6.3483e+000	6.3476e+000	5.2500e-015
-2.600e+000	4.8003e-017	-9.3444e+000	-6.3483e+000	6.3476e+000	5.2500e-015
-2.590e+000	4.8003e-017	-9.3444e+000	-6.3483e+000	6.3476e+000	5.2500e-015
-2.580e+000	4.8003e-017	-9.3444e+000	-6.3483e+000	6.3476e+000	5.2500e-015
-2.570e+000	4.8003e-017	-9.3444e+000	-6.3483e+000	6.3476e+000	5.2500e-015
-2.560e+000	4.8003e-017	-9.3444e+000	-6.3483e+000	6.3476e+000	5.2500e-015
-2.550e+000	4.8003e-017	-9.3444e+000	-6.3483e+000	6.3476e+000	5.2500e-015
-2.540e+000	4.8003e-017	-9.3444e+000	-6.3483e+000	6.3476e+000	5.2500e-015
-2.530e+000	4.8003e-017	-9.3444e+000	-6.3483e+000	6.3476e+000	5.2500e-015
-2.520e+000	4.8003e-017	-9.3444e+000	-6.3483e+000	6.3476e+000	5.2500e-015
-2.510e+000	4.8003e-017	-9.3444e+000	-6.3483e+000	6.3476e+000	5.2500e-015
-2.500e+000	4.8003e-017	-9.3444e+000	-6.3483e+000	6.3476e+000	5.2500e-015
-2.490e+000	4.8003e-017	-9.3444e+000	-6.3483e+000	6.3476e+000	5.2500e-015
-2.480e+000	4.8003e-017	-9.3444e+000	-6.3483e+000	6.3476e+000	5.2500e-015
-2.470e+000	4.8003e-017	-9.3444e+000	-6.3483e+000	6.3476e+000	5.2500e-015
-2.460e+000	4.8003e-017	-9.3444e+000	-6.3483e+000	6.3476e+000	5.2500e-015
-2.450e+000	4.8003e-017	-9.3444e+000	-6.3483e+000	6.3476e+000	5.2500e-015
-2.440e+000	4.8003e-017	-9.3444e+000	-6.3483e+000	6.3476e+000	5.2500e-015
-2.430e+000	4.8003e-017	-9.3444e+000	-6.3483e+000	6.3476e+000	5.2500e-015
-2.420e+000	4.8003e-017	-9.3444e+000	-6.3483e+000	6.3476e+000	5.2500e-015
-2.410e+000	4.8003e-017	-9.3444e+000	-6.3483e+000	6.3476e+000	5.2500e-015
-2.400e+000	4.8003e-017	-9.3444e+000	-6.3483e+000	6.3476e+000	5.2500e-015
-2.390e+000	4.8003e-017	-9.3444e+000	-6.3483e+000	6.3476e+000	5.2500e-015
-2.380e+000	4.8003e-017	-9.3444e+000	-6.3483e+000	6.3476e+000	5.2500e-015
-2.370e+000	4.8003e-017	-9.3444e+000	-6.3483e+000	6.3476e+000	5.2500e-015
-2.360e+000	4.8003e-017	-9.3444e+000	-6.3483e+000	6.3476e+000	5.2500e-015
-2.350e+000	4.8003e-017	-9.3444e+000	-6.3483e+000	6.3476e+000	5.2500e-015
-2.340e+000	4.8003e-017	-9.3444e+000	-6.3483e+000	6.3476e+000	5.2500e-015
-2.330e+000	4.8003e-017	-9.3444e+000	-6.3483e+000	6.3476e+000	5.2500e-015
-2.320e+000	4.8003e-017	-9.3444e+000	-6.3483e+000	6.3476e+000	5.2500e-015
-2.310e+000	4.8003e-017	-9.3445e+000	-6.3484e+000	6.3477e+000	5.2500e-015
-2.300e+000	4.8004e-017	-9.3445e+000	-6.3484e+000	6.3477e+000	5.2500e-015
-2.290e+000	4.8004e-017	-9.3446e+000	-6.3485e+000	6.3478e+000	5.2500e-015
-2.280e+000	4.8005e-017	-9.3448e+000	-6.3485e+000	6.3479e+000	5.2500e-015
-2.270e+000	4.8006e-017	-9.3450e+000	-6.3487e+000	6.3480e+000	5.2500e-015
-2.260e+000	4.8007e-017	-9.3452e+000	-6.3489e+000	6.3482e+000	5.2500e-015
-2.250e+000	4.8010e-017	-9.3457e+000	-6.3492e+000	6.3485e+000	5.2500e-015
-2.240e+000	4.8013e-017	-9.3463e+000	-6.3496e+000	6.3489e+000	5.2500e-015
-2.230e+000	4.8017e-017	-9.3472e+000	-6.3502e+000	6.3495e+000	5.2500e-015
-2.220e+000	4.8024e-017	-9.3485e+000	-6.3511e+000	6.3504e+000	5.2500e-015
-2.210e+000	4.8034e-017	-9.3505e+000	-6.3524e+000	6.3518e+000	5.2500e-015
-2.200e+000	4.8049e-017	-9.3534e+000	-6.3544e+000	6.3537e+000	5.2500e-015
-2.190e+000	4.8071e-017	-9.3577e+000	-6.3573e+000	6.3566e+000	5.2500e-015
-2.180e+000	4.8104e-017	-9.3640e+000	-6.3616e+000	6.3609e+000	5.2500e-015
-2.170e+000	4.8153e-017	-9.3733e+000	-6.3679e+000	6.3672e+000	5.2500e-015
-2.160e+000	4.8221e-017	-9.3870e+000	-6.3772e+000	6.3765e+000	5.2500e-015
-2.150e+000	4.8324e-017	-9.4070e+000	-6.3909e+000	6.3901e+000	5.2500e-015
-2.140e+000	4.8477e-017	-9.4366e+000	-6.4109e+000	6.4102e+000	5.2500e-015
-2.130e+000	4.8705e-017	-9.4805e+000	-6.4405e+000	6.4398e+000	5.2500e-015
-2.120e+000	4.9031e-017	-9.5447e+000	-6.4844e+000	6.4834e+000	5.2500e-015
-2.110e+000	4.9523e-017	-9.6395e+000	-6.5486e+000	6.5475e+000	5.2500e-015
-2.100e+000	5.0234e-017	-9.7788e+000	-6.6434e+000	6.6419e+000	5.2500e-015
-2.090e+000	5.1289e-017	-9.9839e+000	-6.7827e+000	6.7809e+000	5.2500e-015
-2.080e+000	5.2849e-017	-1.0286e+001	-6.9878e+000	6.9855e+000	5.2500e-015
-2.070e+000	5.5132e-017	-1.0731e+001	-7.2903e+000	7.2868e+000	5.2500e-015
-2.060e+000	5.8499e-017	-1.1386e+001	-7.7352e+000	7.7304e+000	5.2500e-015
-2.050e+000	6.3457e-017	-1.2351e+001	-8.3903e+000	8.3835e+000	5.2500e-015
-2.040e+000	7.0750e-017	-1.3771e+001	-9.3549e+000	9.3451e+000	5.2500e-015
-2.030e+000	8.1498e-017	-1.5861e+001	-1.0775e+001	1.0761e+001	5.2500e-015
-2.020e+000	9.7311e-017	-1.8939e+001	-1.2865e+001	1.2845e+001	5.2500e-015
-2.010e+000	1.2061e-016	-2.3471e+001	-1.5943e+001	1.5914e+001	5.2500e-015
-2.000e+000	1.5489e-016	-3.0142e+001	-2.0475e+001	2.0432e+001	5.2500e-015
-1.990e+000	2.0538e-016	-3.9965e+001	-2.7146e+001	2.7084e+001	5.2500e-015
-1.980e+000	2.7971e-016	-5.4427e+001	-3.6969e+001	3.6877e+001	5.2500e-015
-1.970e+000	3.8914e-016	-7.5719e+001	-5.1431e+001	5.1296e+001	5.2500e-015
-1.960e+000	5.5026e-016	-1.0707e+002	-7.2723e+001	7.2524e+001	5.2500e-015
-1.950e+000	7.8746e-016	-1.5322e+002	-1.0407e+002	1.0378e+002	5.2500e-015
-1.940e+000	1.1367e-015	-2.2117e+002	-1.5022e+002	1.4979e+002	5.2500e-015
-1.930e+000	1.6509e-015	-3.2122e+002	-2.1818e+002	2.1754e+002	5.2500e-015
-1.920e+000	2.4079e-015	-4.6851e+002	-3.1822e+002	3.1729e+002	5.2500e-015
-1.910e+000	3.5224e-015	-6.8537e+002	-4.6551e+002	4.6414e+002	5.2500e-015
-1.900e+000	5.1634e-015	-1.0046e+003	-6.8237e+002	6.8035e+002	5.2500e-015
-1.890e+000	7.5793e-015	-1.4747e+003	-1.0016e+003	9.9867e+002	5.2500e-015
-1.880e+000	1.1136e-014	-2.1668e+003	-1.4717e+003	1.4673e+003	5.2500e-015
-1.870e+000	1.6373e-014	-3.1857e+003	-2.1638e+003	2.1573e+003	5.2500e-015
-1.860e+000	2.4083e-014	-4.6859e+003	-3.1827e+003	3.1732e+003	5.2500e-015
-1.850e+000	3.5435e-014	-6.8945e+003	-4.6829e+003	4.6689e+003	5.2500e-015
-1.840e+000	5.2148e-014	-1.0146e+004	-6.8915e+003	6.8710e+003	5.2500e-015
-1.830e+000	7.6753e-014	-1.4934e+004	-1.0143e+004	1.0113e+004	5.2500e-015
-1.820e+000	1.1298e-013	-2.1983e+004	-1.4931e+004	1.4886e+004	5.2500e-015
-1.810e+000	1.6632e-013	-3.2360e+004	-2.1980e+004	2.1914e+004	5.2500e-015
-1.800e+000	2.4484e-013	-4.7639e+004	-3.2357e+004	3.2260e+004	5.2500e-015
-1.790e+000	3.6045e-013	-7.0134e+004	-4.7636e+004	4.7494e+004	5.2500e-015
-1.780e+000	5.3066e-013	-1.0325e+005	-7.0131e+004	6.9921e+004	5.2500e-015
-1.770e+000	7.8126e-013	-1.5201e+005	-1.0325e+005	1.0294e+005	5.2500e-015
-1.760e+000	1.1502e-012	-2.2380e+005	-1.5201e+005	1.5155e+005	5.2500e-015
-1.750e+000	1.6934e-012	-3.2949e+005	-2.2379e+005	2.2313e+005	5.2500e-015
-1.740e+000	2.4930e-012	-4.8508e+005	-3.2948e+005	3.2850e+005	5.2500e-015
-1.730e+000	3.6702e-012	-7.1415e+005	-4.8508e+005	4.8363e+005	5.2500e-015
-1.720e+000	5.4031e-012	-1.0514e+006	-7.1415e+005	7.1201e+005	5.2500e-015
-1.710e+000	7.9539e-012	-1.5478e+006	-1.0514e+006	1.0482e+006	5.2500e-015
-1.700e+000	1.1708e-011	-2.2786e+006	-1.5478e+006	1.5432e+006	5.2500e-015
-1.690e+000	1.7234e-011	-3.3542e+006	-2.2786e+006	2.2718e+006	5.2500e-015
-1.680e+000	2.5364e-011	-4.9373e+006	-3.3542e+006	3.3442e+006	5.2500e-015
-1.670e+000	3.7322e-011	-7.2667e+006	-4.9373e+006	4.9226e+006	5.2500e-015
-1.660e+000	5.4904e-011	-1.0694e+007	-7.2667e+006	7.2450e+006	5.2500e-015
-1.650e+000	8.0737e-011	-1.5733e+007	-1.0694e+007	1.0662e+007	5.2500e-015
-1.640e+000	1.1866e-010	-2.3139e+007	-1.5733e+007	1.5686e+007	5.2500e-015
-1.630e+000	1.7425e-010	-3.4015e+007	-2.3139e+007	2.3070e+007	5.2500e-015
-1.620e+000	2.5559e-010	-4.9967e+007	-3.4015e+007	3.3913e+007	5.2500e-015
-1.610e+000	3.7423e-010	-7.3325e+007	-4.9967e+007	4.9818e+007	5.2500e-015
-1.600e+000	5.4657e-010	-1.0744e+008	-7.3325e+007	7.3106e+007	5.2500e-015
-1.590e+000	7.9540e-010	-1.5708e+008	-1.0744e+008	1.0712e+008	5.2500e-015
-1.580e+000	1.1516e-009	-2.2896e+008	-1.5708e+008	1.5662e+008	5.2500e-015
-1.570e+000	1.6556e-009	-3.3230e+008	-2.2896e+008	2.2829e+008	5.2500e-015
-1.560e+000	2.3572e-009	-4.7942e+008	-3.3230e+008	3.3132e+008	5.2500e-015
-1.550e+000	3.3136e-009	-6.8624e+008	-4.7942e+008	4.7803e+008	5.2500e-015
-1.540e+000	4.5833e-009	-9.7231e+008	-6.8624e+008	6.8427e+008	5.2500e-015
-1.530e+000	6.2175e-009	-1.3604e+009	-9.7231e+008	9.6957e+008	5.2500e-015
-1.520e+000	8.2504e-009	-1.8753e+009	-1.3604e+009	1.3566e+009	5.2500e-015
-1.510e+000	1.0695e-008	-2.5428e+009	-1.8753e+009	1.8703e+009	5.2500e-015
-1.500e+000	1.3546e-008	-3.3883e+009	-2.5428e+009	2.5363e+009	5.2500e-015
-1.490e+000	1.6795e-008	-4.4366e+009	-3.3883e+009	3.3800e+009	5.2500e-015
-1.480e+000	2.0440e-008	-5.7124e+009	-4.4366e+009	4.4263e+009	5.2500e-015
-1.470e+000	2.4494e-008	-7.2412e+009	-5.7124e+009	5.6999e+009	5.2500e-015
-1.460e+000	2.8990e-008	-9.0506e+009	-7.2412e+009	7.2265e+009	5.2500e-015
-1.450e+000	3.3971e-008	-1.1171e+010	-9.0506e+009	9.0337e+009	5.2500e-015
-1.440e+000	3.9480e-008	-1.3635e+010	-1.1171e+010	1.1152e+010	5.2500e-015
-1.430e+000	4.5558e-008	-1.6479e+010	-1.3635e+010	1.3614e+010	5.2500e-015
-1.420e+000	5.2229e-008	-1.9738e+010	-1.6479e+010	1.6455e+010	5.2500e-015
-1.410e+000	5.9496e-008	-2.3452e+010	-1.9738e+010	1.9713e+010	5.2500e-015
-1.400e+000	6.7338e-008	-2.7655e+010	-2.3452e+010	2.3425e+010	5.2500e-015
-1.390e+000	7.5709e-008	-3.2380e+010	-2.7655e+010	2.7627e+010	5.2500e-015
-1.380e+000	8.4542e-008	-3.7657e+010	-3.2380e+010	3.2351e+010	5.2500e-015
-1.370e+000	9.3748e-008	-4.3508e+010	-3.7657e+010	3.7626e+010	5.2500e-015
-1.360e+000	1.0323e-007	-4.9951e+010	-4.3508e+010	4.3476e+010	5.2500e-015
-1.350e+000	1.1288e-007	-5.6996e+010	-4.9951e+010	4.9918e+010	5.2500e-015
-1.340e+000	1.2259e-007	-6.4648e+010	-5.6996e+010	5.6963e+010	5.2500e-015
-1.330e+000	1.3227e-007	-7.2903e+010	-6.4648e+010	6.4614e+010	5.2500e-015
-1.320e+000	1.4183e-007	-8.1756e+010	-7.2903e+010	7.2869e+010	5.2500e-015
-1.310e+000	1.5120e-007	-9.1193e+010	-8.1756e+010	8.1721e+010	5.2500e-015
-1.300e+000	1.6032e-007	-1.0120e+011	-9.1193e+010	9.1157e+010	5.2500e-015
-1.290e+000	1.6915e-007	-1.1176e+011	-1.0120e+011	1.0116e+011	5.2500e-015
-1.280e+000	1.7702e-007	-1.2281e+011	-1.1176e+011	1.1172e+011	5.2500e-015
-1.270e+000	1.8532e-007	-1.3437e+011	-1.2281e+011	1.2277e+011	5.2500e-015
-1.260e+000	1.9323e-007	-1.4643e+011	-1.3437e+011	1.3434e+011	5.2500e-015
-1.250e+000	2.0055e-007	-1.5895e+011	-1.4643e+011	1.4640e+011	5.2500e-015
-1.240e+000	2.0778e-007	-1.7192e+011	-1.5895e+011	1.5891e+011	5.2500e-015
-1.230e+000	2.1435e-007	-1.8530e+011	-1.7192e+011	1.7188e+011	5.2500e-015
-1.220e+000	2.2100e-007	-1.9909e+011	-1.8530e+011	1.8526e+011	5.2500e-015
-1.210e+000	2.2720e-007	-2.1327e+011	-1.9909e+011	1.9905e+011	5.2500e-015
-1.200e+000	2.3293e-007	-2.2781e+011	-2.1327e+011	2.1323e+011	5.2500e-015
-1.190e+000	2.3881e-007	-2.4272e+011	-2.2781e+011	2.2777e+011	5.2500e-015
-1.180e+000	2.4403e-007	-2.5795e+011	-2.4272e+011	2.4268e+011	5.2500e-015
-1.170e+000	2.4935e-007	-2.7351e+011	-2.5795e+011	2.5791e+011	5.2500e-015
-1.160e+000	2.5426e-007	-2.8938e+011	-2.7351e+011	2.7347e+011	5.2500e-015
-1.150e+000	2.5900e-007	-3.0555e+011	-2.8938e+011	2.8934e+011	5.2500e-015
-1.140e+000	2.6374e-007	-3.2201e+011	-3.0555e+011	3.0551e+011	5.2500e-015
-1.130e+000	2.6813e-007	-3.3874e+011	-3.2201e+011	3.2197e+011	5.2500e-015
-1.120e+000	2.7242e-007	-3.5574e+011	-3.3874e+011	3.3870e+011	5.2500e-015
-1.110e+000	2.7652e-007	-3.7300e+011	-3.5574e+011	3.5571e+011	5.2500e-015
-1.100e+000	2.8044e-007	-3.9051e+011	-3.7300e+011	3.7296e+011	5.2500e-015
-1.090e+000	2.8427e-007	-4.0825e+011	-3.9051e+011	3.9047e+011	5.2500e-015
-1.080e+000	2.8793e-007	-4.2622e+011	-4.0825e+011	4.0821e+011	5.2500e-015
-1.070e+000	2.9146e-007	-4.4441e+011	-4.2622e+011	4.2618e+011	5.2500e-015
-1.060e+000	2.9484e-007	-4.6281e+011	-4.4441e+011	4.4437e+011	5.2500e-015
-1.050e+000	2.9814e-007	-4.8142e+011	-4.6281e+011	4.6278e+011	5.2500e-015
-1.040e+000	3.0130e-007	-5.0023e+011	-4.8142e+011	4.8138e+011	5.2500e-015
-1.030e+000	3.0436e-007	-5.1923e+011	-5.0023e+011	5.0019e+011	5.2500e-015
-1.020e+000	3.0730e-007	-5.3841e+011	-5.1923e+011	5.1919e+011	5.2500e-015
-1.010e+000	3.1015e-007	-5.5776e+011	-5.3841e+011	5.3837e+011	5.2500e-015
-1.000e+000	3.1289e-007	-5.7729e+011	-5.5776e+011	5.5772e+011	5.2500e-015
-9.900e-001	3.1556e-007	-5.9699e+011	-5.7729e+011	5.7725e+011	5.2500e-015
-9.800e-001	3.1814e-007	-6.1684e+011	-5.9699e+011	5.9695e+011	5.2500e-015
-9.700e-001	3.2065e-007	-6.3686e+011	-6.1684e+011	6.1681e+011	5.2500e-015
-9.600e-001	3.2309e-007	-6.5702e+011	-6.3686e+011	6.3682e+011	5.2500e-015
-9.500e-001	3.2546e-007	-6.7734e+011	-6.5702e+011	6.5698e+011	5.2500e-015
-9.400e-001	3.2779e-007	-6.9780e+011	-6.7734e+011	6.7730e+011	5.2500e-015
-9.300e-001	3.3006e-007	-7.1840e+011	-6.9780e+011	6.9776e+011	5.2500e-015
-9.200e-001	3.3228e-007	-7.3914e+011	-7.1840e+011	7.1836e+011	5.2500e-015
-9.100e-001	3.3449e-007	-7.6001e+011	-7.3914e+011	7.3910e+011	5.2500e-015
-9.000e-001	3.3657e-007	-7.8102e+011	-7.6001e+011	7.5997e+011	5.2500e-015
-8.900e-001	3.3881e-007	-8.0217e+011	-7.8102e+011	7.8098e+011	5.2500e-015
-8.800e-001	3.4079e-007	-8.2344e+011	-8.0217e+011	8.0213e+011	5.2500e-015
-8.700e-001	3.4294e-007	-8.4484e+011	-8.2344e+011	8.2340e+011	5.2500e-015
-8.600e-001	3.4488e-007	-8.6637e+011	-8.4484e+011	8.4480e+011	5.2500e-015
-8.500e-001	3.4723e-007	-8.8804e+011	-8.6637e+011	8.6633e+011	5.2500e-015
-8.400e-001	3.4936e-007	-9.0985e+011	-8.8804e+011	8.8800e+011	5.2500e-015
-8.300e-001	3.5151e-007	-9.3179e+011	-9.0985e+011	9.0981e+011	5.2500e-015
-8.200e-001	3.5368e-007	-9.5386e+011	-9.3179e+011	9.3175e+011	5.2500e-015
-8.100e-001	3.5588e-007	-9.7607e+011	-9.5386e+011	9.5382e+011	5.2500e-015
-8.000e-001	3.5811e-007	-9.9843e+011	-9.7607e+011	9.7603e+011	5.2500e-015
-7.900e-001	3.6037e-007	-1.0209e+012	-9.9843e+011	9.9839e+011	5.2500e-015
-7.800e-001	3.6266e-007	-1.0436e+012	-1.0209e+012	1.0209e+012	5.2500e-015
-7.700e-001	3.6499e-007	-1.0663e+012	-1.0436e+012	1.0435e+012	5.2500e-015
-7.600e-001	3.6736e-007	-1.0893e+012	-1.0663e+012	1.0663e+012	5.2500e-015
-7.500e-001	3.6976e-007	-1.1123e+012	-1.0893e+012	1.0892e+012	5.2500e-015
-7.400e-001	3.7220e-007	-1.1356e+012	-1.1123e+012	1.1123e+012	5.2500e-015
-7.300e-001	3.7467e-007	-1.1590e+012	-1.1356e+012	1.1355e+012	5.2500e-015
-7.200e-001	3.7717e-007	-1.1825e+012	-1.1590e+012	1.1589e+012	5.2500e-015
-7.100e-001	3.7970e-007	-1.2062e+012	-1.1825e+012	1.1825e+012	5.2500e-015
-7.000e-001	3.8225e-007	-1.2301e+012	-1.2062e+012	1.2062e+012	5.2500e-015
-6.900e-001	3.8482e-007	-1.2541e+012	-1.2301e+012	1.2300e+012	5.2500e-015
-6.800e-001	3.8740e-007	-1.2783e+012	-1.2541e+012	1.2540e+012	5.2500e-015
-6.700e-001	3.8998e-007	-1.3026e+012	-1.2783e+012	1.2782e+012	5.2500e-015
-6.600e-001	3.9257e-007	-1.3271e+012	-1.3026e+012	1.3026e+012	5.2500e-015
-6.500e-001	3.9515e-007	-1.3518e+012	-1.3271e+012	1.3271e+012	5.2500e-015
-6.400e-001	3.9772e-007	-1.3766e+012	-1.3518e+012	1.3517e+012	5.2500e-015
-6.300e-001	4.0028e-007	-1.4016e+012	-1.3766e+012	1.3765e+012	5.2500e-015
-6.200e-001	4.0281e-007	-1.4267e+012	-1.4016e+012	1.4015e+012	5.2500e-015
-6.100e-001	4.0533e-007	-1.4520e+012	-1.4267e+012	1.4267e+012	5.2500e-015
-6.000e-001	4.0781e-007	-1.4775e+012	-1.4520e+012	1.4520e+012	5.2500e-015
-5.900e-001	4.1027e-007	-1.5031e+012	-1.4775e+012	1.4774e+012	5.2500e-015
-5.800e-001	4.1270e-007	-1.5288e+012	-1.5031e+012	1.5030e+012	5.2500e-015
-5.700e-001	4.1510e-007	-1.5547e+012	-1.5288e+012	1.5288e+012	5.2500e-015
-5.600e-001	4.1747e-007	-1.5808e+012	-1.5547e+012	1.5547e+012	5.2500e-015
-5.500e-001	4.1981e-007	-1.6070e+012	-1.5808e+012	1.5808e+012	5.2500e-015
-5.400e-001	4.2213e-007	-1.6333e+012	-1.6070e+012	1.6070e+012	5.2500e-015
-5.300e-001	4.2442e-007	-1.6598e+012	-1.6333e+012	1.6333e+012	5.2500e-015
-5.200e-001	4.2670e-007	-1.6865e+012	-1.6598e+012	1.6598e+012	5.2500e-015
-5.100e-001	4.2896e-007	-1.7132e+012	-1.6865e+012	1.6864e+012	5.2500e-015
-5.000e-001	4.3122e-007	-1.7402e+012	-1.7132e+012	1.7132e+012	5.2500e-015
-4.900e-001	4.3349e-007	-1.7672e+012	-1.7402e+012	1.7401e+012	5.2500e-015
-4.800e-001	4.3577e-007	-1.7944e+012	-1.7672e+012	1.7672e+012	5.2500e-015
-4.700e-001	4.3807e-007	-1.8217e+012	-1.7944e+012	1.7944e+012	5.2500e-015
-4.600e-001	4.4040e-007	-1.8492e+012	-1.8217e+012	1.8217e+012	5.2500e-015
-4.500e-001	4.4279e-007	-1.8769e+012	-1.8492e+012	1.8492e+012	5.2500e-015
-4.400e-001	4.4502e-007	-1.9046e+012	-1.8769e+012	1.8768e+012	5.2500e-015
-4.300e-001	4.4768e-007	-1.9326e+012	-1.9046e+012	1.9046e+012	5.2500e-015
-4.200e-001	4.5027e-007	-1.9607e+012	-1.9326e+012	1.9326e+012	5.2500e-015
-4.100e-001	4.5296e-007	-1.9890e+012	-1.9607e+012	1.9607e+012	5.2500e-015
-4.000e-001	4.5559e-007	-2.0174e+012	-1.9890e+012	1.9889e+012	5.2500e-015
-3.900e-001	4.5865e-007	-2.0460e+012	-2.0174e+012	2.0174e+012	5.2500e-015
-3.800e-001	4.6172e-007	-2.0748e+012	-2.0460e+012	2.0460e+012	5.2500e-015
-3.700e-001	4.6482e-007	-2.1039e+012	-2.0748e+012	2.0748e+012	5.2500e-015
-3.600e-001	4.6823e-007	-2.1331e+012	-2.1039e+012	2.1038e+012	5.2500e-015
-3.500e-001	4.7177e-007	-2.1625e+012	-2.1331e+012	2.1330e+012	5.2500e-015
-3.400e-001	4.7560e-007	-2.1922e+012	-2.1625e+012	2.1625e+012	5.2500e-015
-3.300e-001	4.7954e-007	-2.2221e+012	-2.1922e+012	2.1922e+012	5.2500e-015
-3.200e-001	4.8366e-007	-2.2523e+012	-2.2221e+012	2.2221e+012	5.2500e-015
-3.100e-001	4.8797e-007	-2.2828e+012	-2.2523e+012	2.2523e+012	5.2500e-015
-3.000e-001	4.9246e-007	-2.3135e+012	-2.2828e+012	2.2827e+012	5.2500e-015
-2.900e-001	4.9711e-007	-2.3445e+012	-2.3135e+012	2.3135e+012	5.2500e-015
-2.800e-001	5.0190e-007	-2.3759e+012	-2.3445e+012	2.3445e+012	5.2500e-015
-2.700e-001	5.0682e-007	-2.4075e+012	-2.3759e+012	2.3758e+012	5.2500e-015
-2.600e-001	5.1184e-007	-2.4395e+012	-2.4075e+012	2.4075e+012	5.2500e-015
-2.500e-001	5.1693e-007	-2.4717e+012	-2.4395e+012	2.4394e+012	5.2500e-015
-2.400e-001	5.2207e-007	-2.5043e+012	-2.4717e+012	2.4717e+012	5.2500e-015
-2.300e-001	5.2723e-007	-2.5372e+012	-2.5043e+012	2.5043e+012	5.2500e-015
-2.200e-001	5.3238e-007	-2.5704e+012	-2.5372e+012	2.5372e+012	5.2500e-015
-2.100e-001	5.3749e-007	-2.6040e+012	-2.5704e+012	2.5704e+012	5.2500e-015
-2.000e-001	5.4254e-007	-2.6379e+012	-2.6040e+012	2.6039e+012	5.2500e-015
-1.900e-001	5.4751e-007	-2.6720e+012	-2.6379e+012	2.6378e+012	5.2500e-015
-1.800e-001	5.5237e-007	-2.7065e+012	-2.6720e+012	2.6720e+012	5.2500e-015
-1.700e-001	5.5711e-007	-2.7413e+012	-2.7065e+012	2.7065e+012	5.2500e-015
-1.600e-001	5.6172e-007	-2.7763e+012	-2.7413e+012	2.7412e+012	5.2500e-015
-1.500e-001	5.6618e-007	-2.8117e+012	-2.7763e+012	2.7763e+012	5.2500e-015
-1.400e-001	5.7049e-007	-2.8473e+012	-2.8117e+012	2.8116e+012	5.2500e-015
-1.300e-001	5.7465e-007	-2.8831e+012	-2.8473e+012	2.8472e+012	5.2500e-015
-1.200e-001	5.7865e-007	-2.9193e+012	-2.8831e+012	2.8831e+012	5.2500e-015
-1.100e-001	5.8249e-007	-2.9556e+012	-2.9193e+012	2.9192e+012	5.2500e-015
-1.000e-001	5.8617e-007	-2.9922e+012	-2.9556e+012	2.9556e+012	5.2500e-015
-9.000e-002	5.8970e-007	-3.0290e+012	-2.9922e+012	2.9922e+012	5.2500e-015
-8.000e-002	5.9307e-007	-3.0660e+012	-3.0290e+012	3.0290e+012	5.2500e-015
-7.000e-002	5.9630e-007	-3.1032e+012	-3.0660e+012	3.0660e+012	5.2500e-015
-6.000e-002	5.9939e-007	-3.1407e+012	-3.1032e+012	3.1032e+012	5.2500e-015
-5.000e-002	6.0234e-007	-3.1782e+012	-3.1407e+012	3.1406e+012	5.2500e-015
-4.000e-002	6.0516e-007	-3.2160e+012	-3.1782e+012	3.1782e+012	5.2500e-015
-3.000e-002	6.0786e-007	-3.2540e+012	-3.2160e+012	3.2160e+012	5.2500e-015
-2.000e-002	6.1045e-007	-3.2921e+012	-3.2540e+012	3.2539e+012	5.2500e-015
-1.000e-002	6.1292e-007	-3.3303e+012	-3.2921e+012	3.2920e+012	5.2500e-015
0.000e+000	6.1530e-007	-3.3687e+012	-3.3303e+012	3.3303e+012	5.2500e-015
1.000e-002	6.1758e-007	-3.4073e+012	-3.3687e+012	3.3687e+012	5.2500e-015
2.000e-002	6.1977e-007	-3.4459e+012	-3.4073e+012	3.4072e+012	5.2500e-015
3.000e-002	6.2189e-007	-3.4848e+012	-3.4459e+012	3.4459e+012	5.2500e-015
4.000e-002	6.2393e-007	-3.5237e+012	-3.4848e+012	3.4847e+012	5.2500e-015
5.000e-002	6.2592e-007	-3.5628e+012	-3.5237e+012	3.5237e+012	5.2500e-015
6.000e-002	6.2784e-007	-3.6020e+012	-3.5628e+012	3.5627e+012	5.2500e-015
7.000e-002	6.2973e-007	-3.6413e+012	-3.6020e+012	3.6019e+012	5.2500e-015
8.000e-002	6.3158e-007	-3.6807e+012	-3.6413e+012	3.6412e+012	5.2500e-015
9.000e-002	6.3341e-007	-3.7202e+012	-3.6807e+012	3.6806e+012	5.2500e-015
1.000e-001	6.3523e-007	-3.7599e+012	-3.7202e+012	3.7202e+012	5.2500e-015
1.100e-001	6.3706e-007	-3.7996e+012	-3.7599e+012	3.7598e+012	5.2500e-015
1.200e-001	6.3891e-007	-3.8395e+012	-3.7996e+012	3.7996e+012	5.2500e-015
1.300e-001	6.4080e-007	-3.8795e+012	-3.8395e+012	3.8395e+012	5.2500e-015
1.400e-001	6.4276e-007	-3.9196e+012	-3.8795e+012	3.8795e+012	5.2500e-015
1.500e-001	6.4481e-007	-3.9599e+012	-3.9196e+012	3.9196e+012	5.2500e-015
1.600e-001	6.4698e-007	-4.0002e+012	-3.9599e+012	3.9598e+012	5.2500e-015
1.700e-001	6.4932e-007	-4.0408e+012	-4.0002e+012	4.0002e+012	5.2500e-015
1.800e-001	6.5163e-007	-4.0814e+012	-4.0408e+012	4.0407e+012	5.2500e-015
1.900e-001	6.5454e-007	-4.1223e+012	-4.0814e+012	4.0814e+012	5.2500e-015
2.000e-001	6.5759e-007	-4.1633e+012	-4.1223e+012	4.1223e+012	5.2500e-015
2.100e-001	6.6099e-007	-4.2046e+012	-4.1633e+012	4.1633e+012	5.2500e-015
2.200e-001	6.6481e-007	-4.2461e+012	-4.2046e+012	4.2046e+012	5.2500e-015
2.300e-001	6.6913e-007	-4.2879e+012	-4.2461e+012	4.2461e+012	5.2500e-015
2.400e-001	6.7401e-007	-4.3299e+012	-4.2879e+012	4.2878e+012	5.2500e-015
2.500e-001	6.7955e-007	-4.3723e+012	-4.3299e+012	4.3299e+012	5.2500e-015
2.600e-001	6.8581e-007	-4.4151e+012	-4.3723e+012	4.3723e+012	5.2500e-015
2.700e-001	6.9263e-007	-4.4584e+012	-4.4151e+012	4.4151e+012	5.2500e-015
2.800e-001	7.0070e-007	-4.5021e+012	-4.4584e+012	4.4583e+012	5.2500e-015
2.900e-001	7.0951e-007	-4.5464e+012	-4.5021e+012	4.5021e+012	5.2500e-015
3.000e-001	7.1923e-007	-4.5913e+012	-4.5464e+012	4.5464e+012	5.2500e-015
3.100e-001	7.2986e-007	-4.6368e+012	-4.5913e+012	4.5912e+012	5.2500e-015
3.200e-001	7.4135e-007	-4.6831e+012	-4.6368e+012	4.6368e+012	5.2500e-015
3.300e-001	7.5364e-007	-4.7301e+012	-4.6831e+012	4.6831e+012	5.2500e-015
3.400e-001	7.6660e-007	-4.7780e+012	-4.7301e+012	4.7301e+012	5.2500e-015
3.500e-001	7.7998e-007	-4.8267e+012	-4.7780e+012	4.7780e+012	5.2500e-015
3.600e-001	7.9397e-007	-4.8762e+012	-4.8267e+012	4.8266e+012	5.2500e-015
3.700e-001	8.0809e-007	-4.9267e+012	-4.8762e+012	4.8762e+012	5.2500e-015
3.800e-001	8.2227e-007	-4.9780e+012	-4.9267e+012	4.9266e+012	5.2500e-015
3.900e-001	8.3637e-007	-5.0302e+012	-4.9780e+012	4.9779e+012	5.2500e-015
4.000e-001	8.5025e-007	-5.0833e+012	-5.0302e+012	5.0302e+012	5.2500e-015
4.100e-001	8.6381e-007	-5.1372e+012	-5.0833e+012	5.0832e+012	5.2500e-015
4.200e-001	8.7695e-007	-5.1919e+012	-5.1372e+012	5.1371e+012	5.2500e-015
4.300e-001	8.8961e-007	-5.2474e+012	-5.1919e+012	5.1919e+012	5.2500e-015
4.400e-001	9.0175e-007	-5.3037e+012	-5.2474e+012	5.2474e+012	5.2500e-015
4.500e-001	9.1335e-007	-5.3607e+012	-5.3037e+012	5.3037e+012	5.2500e-015
4.600e-001	9.2439e-007	-5.4184e+012	-5.3607e+012	5.3607e+012	5.2500e-015
4.700e-001	9.3481e-007	-5.4768e+012	-5.4184e+012	5.4184e+012	5.2500e-015
4.800e-001	9.4483e-007	-5.5357e+012	-5.4768e+012	5.4767e+012	5.2500e-015
4.900e-001	9.5426e-007	-5.5953e+012	-5.5357e+012	5.5357e+012	5.2500e-015
5.000e-001	9.6319e-007	-5.6554e+012	-5.5953e+012	5.5953e+012	5.2500e-015
5.100e-001	9.7165e-007	-5.7161e+012	-5.6554e+012	5.6554e+012	5.2500e-015
5.200e-001	9.7966e-007	-5.7772e+012	-5.7161e+012	5.7160e+012	5.2500e-015
5.300e-001	9.8725e-007	-5.8388e+012	-5.7772e+012	5.7772e+012	5.2500e-015
5.400e-001	9.9444e-007	-5.9009e+012	-5.8388e+012	5.8388e+012	5.2500e-015
5.500e-001	1.0013e-006	-5.9634e+012	-5.9009e+012	5.9009e+012	5.2500e-015
5.600e-001	1.0078e-006	-6.0263e+012	-5.9634e+012	5.9633e+012	5.2500e-015
5.700e-001	1.0139e-006	-6.0896e+012	-6.0263e+012	6.0262e+012	5.2500e-015
5.800e-001	1.0198e-006	-6.1532e+012	-6.0896e+012	6.0895e+012	5.2500e-015
5.900e-001	1.0253e-006	-6.2172e+012	-6.1532e+012	6.1532e+012	5.2500e-015
6.000e-001	1.0307e-006	-6.2815e+012	-6.2172e+012	6.2172e+012	5.2500e-015
6.100e-001	1.0357e-006	-6.3462e+012	-6.2815e+012	6.2815e+012	5.2500e-015
6.200e-001	1.0405e-006	-6.4111e+012	-6.3462e+012	6.3461e+012	5.2500e-015
6.300e-001	1.0452e-006	-6.4764e+012	-6.4111e+012	6.4111e+012	5.2500e-015
6.400e-001	1.0496e-006	-6.5419e+012	-6.4764e+012	6.4763e+012	5.2500e-015
6.500e-001	1.0538e-006	-6.6076e+012	-6.5419e+012	6.5418e+012	5.2500e-015
6.600e-001	1.0579e-006	-6.6737e+012	-6.6076e+012	6.6076e+012	5.2500e-015
6.700e-001	1.0618e-006	-6.7399e+012	-6.6737e+012	6.6736e+012	5.2500e-015
6.800e-001	1.0655e-006	-6.8064e+012	-6.7399e+012	6.7399e+012	5.2500e-015
6.900e-001	1.0691e-006	-6.8732e+012	-6.8064e+012	6.8064e+012	5.2500e-015
7.000e-001	1.0725e-006	-6.9401e+012	-6.8732e+012	6.8731e+012	5.2500e-015
7.100e-001	1.0758e-006	-7.0073e+012	-6.9401e+012	6.9401e+012	5.2500e-015
7.200e-001	1.0790e-006	-7.0746e+012	-7.0073e+012	7.0072e+012	5.2500e-015
7.300e-001	1.0821e-006	-7.1422e+012	-7.0746e+012	7.0746e+012	5.2500e-015
7.400e-001	1.0851e-006	-7.2099e+012	-7.1422e+012	7.1421e+012	5.2500e-015
7.500e-001	1.0879e-006	-7.2778e+012	-7.2099e+012	7.2098e+012	5.2500e-015
7.600e-001	1.0907e-006	-7.3459e+012	-7.2778e+012	7.2777e+012	5.2500e-015
7.700e-001	1.0934e-006	-7.4141e+012	-7.3459e+012	7.3458e+012	5.2500e-015
7.800e-001	1.0960e-006	-7.4825e+012	-7.4141e+012	7.4141e+012	5.2500e-015
7.900e-001	1.0985e-006	-7.5511e+012	-7.4825e+012	7.4825e+012	5.2500e-015
8.000e-001	1.1010e-006	-7.6198e+012	-7.5511e+012	7.5510e+012	5.2500e-015
8.100e-001	1.1033e-006	-7.6887e+012	-7.6198e+012	7.6197e+012	5.2500e-015
8.200e-001	1.1057e-006	-7.7577e+012	-7.6887e+012	7.6886e+012	5.2500e-015
8.300e-001	1.1079e-006	-7.8268e+012	-7.7577e+012	7.7576e+012	5.2500e-015
8.400e-001	1.1102e-006	-7.8961e+012	-7.8268e+012	7.8268e+012	5.2500e-015
8.500e-001	1.1124e-006	-7.9655e+012	-7.8961e+012	7.8961e+012	5.2500e-015
8.600e-001	1.1146e-006	-8.0351e+012	-7.9655e+012	7.9655e+012	5.2500e-015
8.700e-001	1.1169e-006	-8.1048e+012	-8.0351e+012	8.0351e+012	5.2500e-015
8.800e-001	1.1192e-006	-8.1747e+012	-8.1048e+012	8.1048e+012	5.2500e-015
8.900e-001	1.1217e-006	-8.2447e+012	-8.1747e+012	8.1746e+012	5.2500e-015
9.000e-001	1.1243e-006	-8.3149e+012	-8.2447e+012	8.2446e+012	5.2500e-015
9.100e-001	1.1271e-006	-8.3852e+012	-8.3149e+012	8.3148e+012	5.2500e-015
9.200e-001	1.1304e-006	-8.4558e+012	-8.3852e+012	8.3852e+012	5.2500e-015
9.300e-001	1.1342e-006	-8.5266e+012	-8.4558e+012	8.4557e+012	5.2500e-015
9.400e-001	1.1389e-006	-8.5976e+012	-8.5266e+012	8.5265e+012	5.2500e-015
9.500e-001	1.1447e-006	-8.6691e+012	-8.5976e+012	8.5976e+012	5.2500e-015
9.600e-001	1.1515e-006	-8.7410e+012	-8.6691e+012	8.6690e+012	5.2500e-015
9.700e-001	1.1612e-006	-8.8134e+012	-8.7410e+012	8.7409e+012	5.2500e-015
9.800e-001	1.1735e-006	-8.8867e+012	-8.8134e+012	8.8134e+012	5.2500e-015
9.900e-001	1.1896e-006	-8.9609e+012	-8.8867e+012	8.8866e+012	5.2500e-015
1.000e+000	1.2108e-006	-9.0365e+012	-8.9609e+012	8.9609e+012	5.2500e-015
1.010e+000	1.2386e-006	-9.1138e+012	-9.0365e+012	9.0365e+012	5.2500e-015
1.020e+000	1.2746e-006	-9.1934e+012	-9.1138e+012	9.1138e+012	5.2500e-015
1.030e+000	1.3206e-006	-9.2758e+012	-9.1934e+012	9.1933e+012	5.2500e-015
1.040e+000	1.3780e-006	-9.3618e+012	-9.2758e+012	9.2757e+012	5.2500e-015
1.050e+000	1.4476e-006	-9.4521e+012	-9.3618e+012	9.3617e+012	5.2500e-015
1.060e+000	1.5294e-006	-9.5476e+012	-9.4521e+012	9.4521e+012	5.2500e-015
1.070e+000	1.6221e-006	-9.6488e+012	-9.5476e+012	9.5476e+012	5.2500e-015
1.080e+000	1.7230e-006	-9.7564e+012	-9.6488e+012	9.6488e+012	5.2500e-015
1.090e+000	1.8299e-006	-9.8706e+012	-9.7564e+012	9.7563e+012	5.2500e-015
1.100e+000	1.9387e-006	-9.9916e+012	-9.8706e+012	9.8706e+012	5.2500e-015
1.110e+000	2.0467e-006	-1.0119e+013	-9.9916e+012	9.9916e+012	5.2500e-015
1.120e+000	2.1517e-006	-1.0254e+013	-1.0119e+013	1.0119e+013	5.2500e-015
1.130e+000	2.2524e-006	-1.0394e+013	-1.0254e+013	1.0254e+013	5.2500e-015
1.140e+000	2.3480e-006	-1.0541e+013	-1.0394e+013	1.0394e+013	5.2500e-015
1.150e+000	2.4388e-006	-1.0693e+013	-1.0541e+013	1.0541e+013	5.2500e-015
1.160e+000	2.5249e-006	-1.0851e+013	-1.0693e+013	1.0693e+013	5.2500e-015
1.170e+000	2.6071e-006	-1.1013e+013	-1.0851e+013	1.0851e+013	5.2500e-015
1.180e+000	2.6854e-006	-1.1181e+013	-1.1013e+013	1.1013e+013	5.2500e-015
1.190e+000	2.7593e-006	-1.1353e+013	-1.1181e+013	1.1181e+013	5.2500e-015
1.200e+000	2.8328e-006	-1.1530e+013	-1.1353e+013	1.1353e+013	5.2500e-015
1.210e+000	2.9042e-006	-1.1711e+013	-1.1530e+013	1.1530e+013	5.2500e-015
1.220e+000	2.9739e-006	-1.1897e+013	-1.1711e+013	1.1711e+013	5.2500e-015
1.230e+000	3.0418e-006	-1.2087e+013	-1.1897e+013	1.1897e+013	5.2500e-015
1.240e+000	3.1080e-006	-1.2281e+013	-1.2087e+013	1.2087e+013	5.2500e-015
1.250e+000	3.1727e-006	-1.2479e+013	-1.2281e+013	1.2281e+013	5.2500e-015
1.260e+000	3.2356e-006	-1.2681e+013	-1.2479e+013	1.2479e+013	5.2500e-015
1.270e+000	3.2965e-006	-1.2886e+013	-1.2681e+013	1.2681e+013	5.2500e-015
1.280e+000	3.3555e-006	-1.3096e+013	-1.2886e+013	1.2886e+013	5.2500e-015
1.290e+000	3.4125e-006	-1.3309e+013	-1.3096e+013	1.3096e+013	5.2500e-015
1.300e+000	3.4674e-006	-1.3525e+013	-1.3309e+013	1.3309e+013	5.2500e-015
1.310e+000	3.5202e-006	-1.3745e+013	-1.3525e+013	1.3525e+013	5.2500e-015
1.320e+000	3.5710e-006	-1.3968e+013	-1.3745e+013	1.3745e+013	5.2500e-015
1.330e+000	3.6197e-006	-1.4194e+013	-1.3968e+013	1.3968e+013	5.2500e-015
1.340e+000	3.6311e-006	-1.4420e+013	-1.4194e+013	1.4194e+013	5.2500e-015
1.350e+000	3.6569e-006	-1.4649e+013	-1.4420e+013	1.4420e+013	5.2500e-015
1.360e+000	3.6939e-006	-1.4879e+013	-1.4649e+013	1.4649e+013	5.2500e-015
1.370e+000	3.7292e-006	-1.5112e+013	-1.4879e+013	1.4879e+013	5.2500e-015
1.380e+000	3.7631e-006	-1.5347e+013	-1.5112e+013	1.5112e+013	5.2500e-015
1.390e+000	3.7955e-006	-1.5584e+013	-1.5347e+013	1.5347e+013	5.2500e-015
1.400e+000	3.8266e-006	-1.5823e+013	-1.5584e+013	1.5584e+013	5.2500e-015
1.410e+000	3.8565e-006	-1.6063e+013	-1.5823e+013	1.5823e+013	5.2500e-015
1.420e+000	3.8853e-006	-1.6306e+013	-1.6063e+013	1.6063e+013	5.2500e-015
1.430e+000	3.9131e-006	-1.6550e+013	-1.6306e+013	1.6306e+013	5.2500e-015
1.440e+000	3.9399e-006	-1.6796e+013	-1.6550e+013	1.6550e+013	5.2500e-015
1.450e+000	3.9658e-006	-1.7043e+013	-1.6796e+013	1.6796e+013	5.2500e-015
1.460e+000	3.9909e-006	-1.7293e+013	-1.7043e+013	1.7043e+013	5.2500e-015
1.470e+000	4.0153e-006	-1.7543e+013	-1.7293e+013	1.7292e+013	5.2500e-015
1.480e+000	4.0389e-006	-1.7795e+013	-1.7543e+013	1.7543e+013	5.2500e-015
1.490e+000	4.0618e-006	-1.8049e+013	-1.7795e+013	1.7795e+013	5.2500e-015
1.500e+000	4.0841e-006	-1.8304e+013	-1.8049e+013	1.8049e+013	5.2500e-015
1.510e+000	4.1058e-006	-1.8560e+013	-1.8304e+013	1.8304e+013	5.2500e-015
1.520e+000	4.1270e-006	-1.8818e+013	-1.8560e+013	1.8560e+013	5.2500e-015
1.530e+000	4.1476e-006	-1.9076e+013	-1.8818e+013	1.8817e+013	5.2500e-015
1.540e+000	4.1676e-006	-1.9336e+013	-1.9076e+013	1.9076e+013	5.2500e-015
1.550e+000	4.1872e-006	-1.9598e+013	-1.9336e+013	1.9336e+013	5.2500e-015
1.560e+000	4.2063e-006	-1.9860e+013	-1.9598e+013	1.9598e+013	5.2500e-015
1.570e+000	4.2249e-006	-2.0124e+013	-1.9860e+013	1.9860e+013	5.2500e-015
1.580e+000	4.2431e-006	-2.0389e+013	-2.0124e+013	2.0124e+013	5.2500e-015
1.590e+000	4.2609e-006	-2.0655e+013	-2.0389e+013	2.0389e+013	5.2500e-015
1.600e+000	4.2783e-006	-2.0922e+013	-2.0655e+013	2.0655e+013	5.2500e-015
1.610e+000	4.2952e-006	-2.1190e+013	-2.0922e+013	2.0922e+013	5.2500e-015
1.620e+000	4.3118e-006	-2.1459e+013	-2.1190e+013	2.1190e+013	5.2500e-015
1.630e+000	4.3280e-006	-2.1729e+013	-2.1459e+013	2.1459e+013	5.2500e-015
1.640e+000	4.3438e-006	-2.2000e+013	-2.1729e+013	2.1729e+013	5.2500e-015
1.650e+000	4.3593e-006	-2.2272e+013	-2.2000e+013	2.2000e+013	5.2500e-015
1.660e+000	4.3744e-006	-2.2545e+013	-2.2272e+013	2.2272e+013	5.2500e-015
1.670e+000	4.3892e-006	-2.2819e+013	-2.2545e+013	2.2545e+013	5.2500e-015
1.680e+000	4.4037e-006	-2.3094e+013	-2.2819e+013	2.2819e+013	5.2500e-015
1.690e+000	4.4179e-006	-2.3370e+013	-2.3094e+013	2.3094e+013	5.2500e-015
1.700e+000	4.4318e-006	-2.3647e+013	-2.3370e+013	2.3370e+013	5.2500e-015
1.710e+000	4.4453e-006	-2.3924e+013	-2.3647e+013	2.3647e+013	5.2500e-015
1.720e+000	4.4587e-006	-2.4202e+013	-2.3924e+013	2.3924e+013	5.2500e-015
1.730e+000	4.4717e-006	-2.4481e+013	-2.4202e+013	2.4202e+013	5.2500e-015
1.740e+000	4.4845e-006	-2.4761e+013	-2.4481e+013	2.4481e+013	5.2500e-015
1.750e+000	4.4970e-006	-2.5042e+013	-2.4761e+013	2.4761e+013	5.2500e-015
1.760e+000	4.5093e-006	-2.5323e+013	-2.5042e+013	2.5042e+013	5.2500e-015
1.770e+000	4.5165e-006	-2.5605e+013	-2.5323e+013	2.5323e+013	5.2500e-015
1.780e+000	4.5230e-006	-2.5888e+013	-2.5605e+013	2.5605e+013	5.2500e-015
1.790e+000	4.5341e-006	-2.6171e+013	-2.5888e+013	2.5888e+013	5.2500e-015
1.800e+000	4.5450e-006	-2.6454e+013	-2.6171e+013	2.6171e+013	5.2500e-015
1.810e+000	4.5556e-006	-2.6739e+013	-2.6454e+013	2.6454e+013	5.2500e-015
1.820e+000	4.5661e-006	-2.7024e+013	-2.6739e+013	2.6739e+013	5.2500e-015
1.830e+000	4.5764e-006	-2.7309e+013	-2.7024e+013	2.7024e+013	5.2500e-015
1.840e+000	4.5866e-006	-2.7596e+013	-2.7309e+013	2.7309e+013	5.2500e-015
1.850e+000	4.5965e-006	-2.7882e+013	-2.7596e+013	2.7596e+013	5.2500e-015
1.860e+000	4.6063e-006	-2.8170e+013	-2.7882e+013	2.7882e+013	5.2500e-015
1.870e+000	4.6160e-006	-2.8458e+013	-2.8170e+013	2.8170e+013	5.2500e-015
1.880e+000	4.6254e-006	-2.8747e+013	-2.8458e+013	2.8458e+013	5.2500e-015
1.890e+000	4.6347e-006	-2.9036e+013	-2.8747e+013	2.8747e+013	5.2500e-015
1.900e+000	4.6439e-006	-2.9326e+013	-2.9036e+013	2.9036e+013	5.2500e-015
1.910e+000	4.6529e-006	-2.9616e+013	-2.9326e+013	2.9326e+013	5.2500e-015
1.920e+000	4.6618e-006	-2.9907e+013	-2.9616e+013	2.9616e+013	5.2500e-015
1.930e+000	4.6706e-006	-3.0199e+013	-2.9907e+013	2.9907e+013	5.2500e-015
1.940e+000	4.6792e-006	-3.0491e+013	-3.0199e+013	3.0199e+013	5.2500e-015
1.950e+000	4.6877e-006	-3.0783e+013	-3.0491e+013	3.0491e+013	5.2500e-015
1.960e+000	4.6961e-006	-3.1077e+013	-3.0783e+013	3.0783e+013	5.2500e-015
1.970e+000	4.7043e-006	-3.1370e+013	-3.1077e+013	3.1077e+013	5.2500e-015
1.980e+000	4.7125e-006	-3.1664e+013	-3.1370e+013	3.1370e+013	5.2500e-015
1.990e+000	4.7205e-006	-3.1959e+013	-3.1664e+013	3.1664e+013	5.2500e-015
2.000e+000	4.7284e-006	-3.2254e+013	-3.1959e+013	3.1959e+013	5.2500e-015
2.010e+000	4.7363e-006	-3.2550e+013	-3.2254e+013	3.2254e+013	5.2500e-015
2.020e+000	4.7440e-006	-3.2846e+013	-3.2550e+013	3.2550e+013	5.2500e-015
2.030e+000	4.7516e-006	-3.3142e+013	-3.2846e+013	3.2846e+013	5.2500e-015
2.040e+000	4.7591e-006	-3.3439e+013	-3.3142e+013	3.3142e+013	5.2500e-015
2.050e+000	4.7665e-006	-3.3737e+013	-3.3439e+013	3.3439e+013	5.2500e-015
2.060e+000	4.7739e-006	-3.4035e+013	-3.3737e+013	3.3737e+013	5.2500e-015
2.070e+000	4.7811e-006	-3.4333e+013	-3.4035e+013	3.4035e+013	5.2500e-015
2.080e+000	4.7883e-006	-3.4632e+013	-3.4333e+013	3.4333e+013	5.2500e-015
2.090e+000	4.7953e-006	-3.4931e+013	-3.4632e+013	3.4632e+013	5.2500e-015
2.100e+000	4.8023e-006	-3.5231e+013	-3.4931e+013	3.4931e+013	5.2500e-015
2.110e+000	4.8092e-006	-3.5531e+013	-3.5231e+013	3.5231e+013	5.2500e-015
2.120e+000	4.8161e-006	-3.5832e+013	-3.5531e+013	3.5531e+013	5.2500e-015
2.130e+000	4.8228e-006	-3.6133e+013	-3.5832e+013	3.5832e+013	5.2500e-015
2.140e+000	4.8295e-006	-3.6434e+013	-3.6133e+013	3.6133e+013	5.2500e-015
2.150e+000	4.8361e-006	-3.6736e+013	-3.6434e+013	3.6434e+013	5.2500e-015
2.160e+000	4.8426e-006	-3.7038e+013	-3.6736e+013	3.6736e+013	5.2500e-015
2.170e+000	4.8490e-006	-3.7341e+013	-3.7038e+013	3.7038e+013	5.2500e-015
2.180e+000	4.8554e-006	-3.7644e+013	-3.7341e+013	3.7341e+013	5.2500e-015
2.190e+000	4.8617e-006	-3.7948e+013	-3.7644e+013	3.7644e+013	5.2500e-015
2.200e+000	4.8680e-006	-3.8251e+013	-3.7948e+013	3.7948e+013	5.2500e-015
2.210e+000	4.8742e-006	-3.8556e+013	-3.8251e+013	3.8251e+013	5.2500e-015
2.220e+000	4.8803e-006	-3.8860e+013	-3.8556e+013	3.8556e+013	5.2500e-015
2.230e+000	4.8864e-006	-3.9165e+013	-3.8860e+013	3.8860e+013	5.2500e-015
2.240e+000	4.8924e-006	-3.9471e+013	-3.9165e+013	3.9165e+013	5.2500e-015
2.250e+000	4.8983e-006	-3.9776e+013	-3.9471e+013	3.9471e+013	5.2500e-015
2.260e+000	4.9042e-006	-4.0082e+013	-3.9776e+013	3.9776e+013	5.2500e-015
2.270e+000	4.9100e-006	-4.0389e+013	-4.0082e+013	4.0082e+013	5.2500e-015
2.280e+000	4.9158e-006	-4.0696e+013	-4.0389e+013	4.0389e+013	5.2500e-015
2.290e+000	4.9215e-006	-4.1003e+013	-4.0696e+013	4.0696e+013	5.2500e-015
2.300e+000	4.9271e-006	-4.1310e+013	-4.1003e+013	4.1003e+013	5.2500e-015
2.310e+000	4.9327e-006	-4.1618e+013	-4.1310e+013	4.1310e+013	5.2500e-015
2.320e+000	4.9383e-006	-4.1927e+013	-4.1618e+013	4.1618e+013	5.2500e-015
2.330e+000	4.9438e-006	-4.2235e+013	-4.1927e+013	4.1926e+013	5.2500e-015
2.340e+000	4.9492e-006	-4.2544e+013	-4.2235e+013	4.2235e+013	5.2500e-015
2.350e+000	4.9546e-006	-4.2853e+013	-4.2544e+013	4.2544e+013	5.2500e-015
2.360e+000	4.9600e-006	-4.3163e+013	-4.2853e+013	4.2853e+013	5.2500e-015
2.370e+000	4.9653e-006	-4.3473e+013	-4.3163e+013	4.3163e+013	5.2500e-015
2.380e+000	4.9705e-006	-4.3783e+013	-4.3473e+013	4.3473e+013	5.2500e-015
2.390e+000	4.9757e-006	-4.4093e+013	-4.3783e+013	4.3783e+013	5.2500e-015
2.400e+000	4.9809e-006	-4.4404e+013	-4.4093e+013	4.4093e+013	5.2500e-015
2.410e+000	4.9860e-006	-4.4716e+013	-4.4404e+013	4.4404e+013	5.2500e-015
2.420e+000	4.9910e-006	-4.5027e+013	-4.4716e+013	4.4716e+013	5.2500e-015
2.430e+000	4.9961e-006	-4.5339e+013	-4.5027e+013	4.5027e+013	5.2500e-015
2.440e+000	5.0011e-006	-4.5651e+013	-4.5339e+013	4.5339e+013	5.2500e-015
2.450e+000	5.0060e-006	-4.5964e+013	-4.5651e+013	4.5651e+013	5.2500e-015
2.460e+000	5.0109e-006	-4.6276e+013	-4.5964e+013	4.5963e+013	5.2500e-015
2.470e+000	5.0158e-006	-4.6589e+013	-4.6276e+013	4.6276e+013	5.2500e-015
2.480e+000	5.0206e-006	-4.6903e+013	-4.6589e+013	4.6589e+013	5.2500e-015
2.490e+000	5.0254e-006	-4.7216e+013	-4.6903e+013	4.6903e+013	5.2500e-015
2.500e+000	5.0301e-006	-4.7530e+013	-4.7216e+013	4.7216e+013	5.2500e-015
2.510e+000	5.0348e-006	-4.7845e+013	-4.7530e+013	4.7530e+013	5.2500e-015
2.520e+000	5.0395e-006	-4.8159e+013	-4.7845e+013	4.7844e+013	5.2500e-015
2.530e+000	5.0441e-006	-4.8474e+013	-4.8159e+013	4.8159e+013	5.2500e-015
2.540e+000	5.0487e-006	-4.8789e+013	-4.8474e+013	4.8474e+013	5.2500e-015
2.550e+000	5.0532e-006	-4.9104e+013	-4.8789e+013	4.8789e+013	5.2500e-015
2.560e+000	5.0577e-006	-4.9420e+013	-4.9104e+013	4.9104e+013	5.2500e-015
2.570e+000	5.0622e-006	-4.9736e+013	-4.9420e+013	4.9420e+013	5.2500e-015
2.580e+000	5.0667e-006	-5.0052e+013	-4.9736e+013	4.9736e+013	5.2500e-015
2.590e+000	5.0711e-006	-5.0369e+013	-5.0052e+013	5.0052e+013	5.2500e-015
2.600e+000	5.0755e-006	-5.0686e+013	-5.0369e+013	5.0369e+013	5.2500e-015
2.610e+000	5.0798e-006	-5.1003e+013	-5.0686e+013	5.0686e+013	5.2500e-015
2.620e+000	5.0841e-006	-5.1320e+013	-5.1003e+013	5.1003e+013	5.2500e-015
2.630e+000	5.0884e-006	-5.1638e+013	-5.1320e+013	5.1320e+013	5.2500e-015
2.640e+000	5.0927e-006	-5.1955e+013	-5.1638e+013	5.1638e+013	5.2500e-015
2.650e+000	5.0969e-006	-5.2274e+013	-5.1955e+013	5.1955e+013	5.2500e-015
2.660e+000	5.1011e-006	-5.2592e+013	-5.2274e+013	5.2273e+013	5.2500e-015
2.670e+000	5.1052e-006	-5.2911e+013	-5.2592e+013	5.2592e+013	5.2500e-015
2.680e+000	5.1094e-006	-5.3229e+013	-5.2911e+013	5.2911e+013	5.2500e-015
2.690e+000	5.1135e-006	-5.3549e+013	-5.3229e+013	5.3229e+013	5.2500e-015
2.700e+000	5.1175e-006	-5.3868e+013	-5.3549e+013	5.3549e+013	5.2500e-015
2.710e+000	5.1216e-006	-5.4188e+013	-5.3868e+013	5.3868e+013	5.2500e-015
2.720e+000	5.1256e-006	-5.4508e+013	-5.4188e+013	5.4188e+013	5.2500e-015
2.730e+000	5.1296e-006	-5.4828e+013	-5.4508e+013	5.4508e+013	5.2500e-015
2.740e+000	5.1335e-006	-5.5148e+013	-5.4828e+013	5.4828e+013	5.2500e-015
2.750e+000	5.1375e-006	-5.5469e+013	-5.5148e+013	5.5148e+013	5.2500e-015
2.760e+000	5.1414e-006	-5.5790e+013	-5.5469e+013	5.5469e+013	5.2500e-015
2.770e+000	5.1453e-006	-5.6111e+013	-5.5790e+013	5.5790e+013	5.2500e-015
2.780e+000	5.1491e-006	-5.6432e+013	-5.6111e+013	5.6111e+013	5.2500e-015
2.790e+000	5.1529e-006	-5.6754e+013	-5.6432e+013	5.6432e+013	5.2500e-015
2.800e+000	5.1567e-006	-5.7076e+013	-5.6754e+013	5.6754e+013	5.2500e-015
2.810e+000	5.1605e-006	-5.7398e+013	-5.7076e+013	5.7076e+013	5.2500e-015
2.820e+000	5.1642e-006	-5.7720e+013	-5.7398e+013	5.7398e+013	5.2500e-015
2.830e+000	5.1680e-006	-5.8043e+013	-5.7720e+013	5.7720e+013	5.2500e-015
2.840e+000	5.1717e-006	-5.8366e+013	-5.8043e+013	5.8043e+013	5.2500e-015
2.850e+000	5.1747e-006	-5.8688e+013	-5.8366e+013	5.8365e+013	5.2500e-015
2.860e+000	5.1776e-006	-5.9012e+013	-5.8688e+013	5.8688e+013	5.2500e-015
2.870e+000	5.1812e-006	-5.9335e+013	-5.9012e+013	5.9012e+013	5.2500e-015
2.880e+000	5.1848e-006	-5.9659e+013	-5.9335e+013	5.9335e+013	5.2500e-015
2.890e+000	5.1884e-006	-5.9982e+013	-5.9659e+013	5.9659e+013	5.2500e-015
2.900e+000	5.1919e-006	-6.0307e+013	-5.9982e+013	5.9982e+013	5.2500e-015
2.910e+000	5.1955e-006	-6.0631e+013	-6.0307e+013	6.0306e+013	5.2500e-015
2.920e+000	5.1989e-006	-6.0955e+013	-6.0631e+013	6.0631e+013	5.2500e-015
2.930e+000	5.2024e-006	-6.1280e+013	-6.0955e+013	6.0955e+013	5.2500e-015
2.940e+000	5.2059e-006	-6.1605e+013	-6.1280e+013	6.1280e+013	5.2500e-015
2.950e+000	5.2093e-006	-6.1930e+013	-6.1605e+013	6.1605e+013	5.2500e-015
2.960e+000	5.2127e-006	-6.2255e+013	-6.1930e+013	6.1930e+013	5.2500e-015
2.970e+000	5.2161e-006	-6.2581e+013	-6.2255e+013	6.2255e+013	5.2500e-015
2.980e+000	5.2195e-006	-6.2907e+013	-6.2581e+013	6.2581e+013	5.2500e-015
2.990e+000	5.2228e-006	-6.3233e+013	-6.2907e+013	6.2907e+013	5.2500e-015
3.000e+000	5.2262e-006	-6.3559e+013	-6.3233e+013	6.3233e+013	5.2500e-015
3.010e+000	5.2295e-006	-6.3885e+013	-6.3559e+013	6.3559e+013	5.2500e-015
3.020e+000	5.2328e-006	-6.4212e+013	-6.3885e+013	6.3885e+013	5.2500e-015
3.030e+000	5.2360e-006	-6.4539e+013	-6.4212e+013	6.4212e+013	5.2500e-015
3.040e+000	5.2393e-006	-6.4866e+013	-6.4539e+013	6.4539e+013	5.2500e-015
3.050e+000	5.2425e-006	-6.5193e+013	-6.4866e+013	6.4866e+013	5.2500e-015
3.060e+000	5.2457e-006	-6.5520e+013	-6.5193e+013	6.5193e+013	5.2500e-015
3.070e+000	5.2489e-006	-6.5848e+013	-6.5520e+013	6.5520e+013	5.2500e-015
3.080e+000	5.2521e-006	-6.6176e+013	-6.5848e+013	6.5848e+013	5.2500e-015
3.090e+000	5.2553e-006	-6.6504e+013	-6.6176e+013	6.6176e+013	5.2500e-015
3.100e+000	5.2584e-006	-6.6832e+013	-6.6504e+013	6.6504e+013	5.2500e-015
3.110e+000	5.2616e-006	-6.7160e+013	-6.6832e+013	6.6832e+013	5.2500e-015
3.120e+000	5.2647e-006	-6.7489e+013	-6.7160e+013	6.7160e+013	5.2500e-015
3.130e+000	5.2678e-006	-6.7818e+013	-6.7489e+013	6.7489e+013	5.2500e-015
3.140e+000	5.2708e-006	-6.8147e+013	-6.7818e+013	6.7818e+013	5.2500e-015
3.150e+000	5.2739e-006	-6.8476e+013	-6.8147e+013	6.8147e+013	5.2500e-015
3.160e+000	5.2769e-006	-6.8805e+013	-6.8476e+013	6.8476e+013	5.2500e-015
3.170e+000	5.2800e-006	-6.9135e+013	-6.8805e+013	6.8805e+013	5.2500e-015
3.180e+000	5.2830e-006	-6.9465e+013	-6.9135e+013	6.9135e+013	5.2500e-015
3.190e+000	5.2860e-006	-6.9795e+013	-6.9465e+013	6.9465e+013	5.2500e-015
3.200e+000	5.2889e-006	-7.0125e+013	-6.9795e+013	6.9794e+013	5.2500e-015
3.210e+000	5.2919e-006	-7.0455e+013	-7.0125e+013	7.0125e+013	5.2500e-015
3.220e+000	5.2949e-006	-7.0785e+013	-7.0455e+013	7.0455e+013	5.2500e-015
3.230e+000	5.2978e-006	-7.1116e+013	-7.0785e+013	7.0785e+013	5.2500e-015
3.240e+000	5.3007e-006	-7.1447e+013	-7.1116e+013	7.1116e+013	5.2500e-015
3.250e+000	5.3036e-006	-7.1778e+013	-7.1447e+013	7.1447e+013	5.2500e-015
3.260e+000	5.3065e-006	-7.2109e+013	-7.1778e+013	7.1778e+013	5.2500e-015
3.270e+000	5.3094e-006	-7.2441e+013	-7.2109e+013	7.2109e+013	5.2500e-015
3.280e+000	5.3122e-006	-7.2772e+013	-7.2441e+013	7.2440e+013	5.2500e-015
3.290e+000	5.3151e-006	-7.3104e+013	-7.2772e+013	7.2772e+013	5.2500e-015
3.300e+000	5.3179e-006	-7.3436e+013	-7.3104e+013	7.3104e+013	5.2500e-015
3.310e+000	5.3207e-006	-7.3768e+013	-7.3436e+013	7.3436e+013	5.2500e-015
3.320e+000	5.3235e-006	-7.4100e+013	-7.3768e+013	7.3768e+013	5.2500e-015
3.330e+000	5.3263e-006	-7.4433e+013	-7.4100e+013	7.4100e+013	5.2500e-015
3.340e+000	5.3291e-006	-7.4765e+013	-7.4433e+013	7.4432e+013	5.2500e-015
3.350e+000	5.3318e-006	-7.5098e+013	-7.4765e+013	7.4765e+013	5.2500e-015
3.360e+000	5.3346e-006	-7.5431e+013	-7.5098e+013	7.5098e+013	5.2500e-015
3.370e+000	5.3373e-006	-7.5764e+013	-7.5431e+013	7.5431e+013	5.2500e-015
3.380e+000	5.3400e-006	-7.6097e+013	-7.5764e+013	7.5764e+013	5.2500e-015
3.390e+000	5.3427e-006	-7.6431e+013	-7.6097e+013	7.6097e+013	5.2500e-015
3.400e+000	5.3454e-006	-7.6764e+013	-7.6431e+013	7.6431e+013	5.2500e-015
3.410e+000	5.3481e-006	-7.7098e+013	-7.6764e+013	7.6764e+013	5.2500e-015
3.420e+000	5.3508e-006	-7.7432e+013	-7.7098e+013	7.7098e+013	5.2500e-015
3.430e+000	5.3534e-006	-7.7766e+013	-7.7432e+013	7.7432e+013	5.2500e-015
3.440e+000	5.3560e-006	-7.8101e+013	-7.7766e+013	7.7766e+013	5.2500e-015
3.450e+000	5.3587e-006	-7.8435e+013	-7.8101e+013	7.8101e+013	5.2500e-015
3.460e+000	5.3613e-006	-7.8770e+013	-7.8435e+013	7.8435e+013	5.2500e-015
3.470e+000	5.3639e-006	-7.9104e+013	-7.8770e+013	7.8770e+013	5.2500e-015
3.480e+000	5.3665e-006	-7.9439e+013	-7.9104e+013	7.9104e+013	5.2500e-015
3.490e+000	5.3691e-006	-7.9775e+013	-7.9439e+013	7.9439e+013	5.2500e-015
3.500e+000	5.3716e-006	-8.0110e+013	-7.9775e+013	7.9774e+013	5.2500e-015
3.510e+000	5.3742e-006	-8.0445e+013	-8.0110e+013	8.0110e+013	5.2500e-015
3.520e+000	5.3767e-006	-8.0781e+013	-8.0445e+013	8.0445e+013	5.2500e-015
3.530e+000	5.3793e-006	-8.1117e+013	-8.0781e+013	8.0781e+013	5.2500e-015
3.540e+000	5.3818e-006	-8.1452e+013	-8.1117e+013	8.1117e+013	5.2500e-015
3.550e+000	5.3843e-006	-8.1789e+013	-8.1452e+013	8.1452e+013	5.2500e-015
3.560e+000	5.3868e-006	-8.2125e+013	-8.1789e+013	8.1788e+013	5.2500e-015
3.570e+000	5.3893e-006	-8.2461e+013	-8.2125e+013	8.2125e+013	5.2500e-015
3.580e+000	5.3918e-006	-8.2798e+013	-8.2461e+013	8.2461e+013	5.2500e-015
3.590e+000	5.3942e-006	-8.3134e+013	-8.2798e+013	8.2798e+013	5.2500e-015
3.600e+000	5.3967e-006	-8.3471e+013	-8.3134e+013	8.3134e+013	5.2500e-015
3.610e+000	5.3991e-006	-8.3808e+013	-8.3471e+013	8.3471e+013	5.2500e-015
3.620e+000	5.4016e-006	-8.4145e+013	-8.3808e+013	8.3808e+013	5.2500e-015
3.630e+000	5.4040e-006	-8.4483e+013	-8.4145e+013	8.4145e+013	5.2500e-015
3.640e+000	5.4064e-006	-8.4820e+013	-8.4483e+013	8.4483e+013	5.2500e-015
3.650e+000	5.4088e-006	-8.5158e+013	-8.4820e+013	8.4820e+013	5.2500e-015
3.660e+000	5.4112e-006	-8.5495e+013	-8.5158e+013	8.5158e+013	5.2500e-015
3.670e+000	5.4136e-006	-8.5833e+013	-8.5495e+013	8.5495e+013	5.2500e-015
3.680e+000	5.4159e-006	-8.6171e+013	-8.5833e+013	8.5833e+013	5.2500e-015
3.690e+000	5.4183e-006	-8.6509e+013	-8.6171e+013	8.6171e+013	5.2500e-015
3.700e+000	5.4207e-006	-8.6848e+013	-8.6509e+013	8.6509e+013	5.2500e-015
3.710e+000	5.4230e-006	-8.7186e+013	-8.6848e+013	8.6848e+013	5.2500e-015
3.720e+000	5.4253e-006	-8.7525e+013	-8.7186e+013	8.7186e+013	5.2500e-015
3.730e+000	5.4276e-006	-8.7864e+013	-8.7525e+013	8.7525e+013	5.2500e-015
3.740e+000	5.4300e-006	-8.8203e+013	-8.7864e+013	8.7864e+013	5.2500e-015
3.750e+000	5.4323e-006	-8.8542e+013	-8.8203e+013	8.8203e+013	5.2500e-015
3.760e+000	5.4345e-006	-8.8881e+013	-8.8542e+013	8.8542e+013	5.2500e-015
3.770e+000	5.4368e-006	-8.9220e+013	-8.8881e+013	8.8881e+013	5.2500e-015
3.780e+000	5.4391e-006	-8.9560e+013	-8.9220e+013	8.9220e+013	5.2500e-015
3.790e+000	5.4414e-006	-8.9899e+013	-8.9560e+013	8.9560e+013	5.2500e-015
3.800e+000	5.4436e-006	-9.0239e+013	-8.9899e+013	8.9899e+013	5.2500e-015
3.810e+000	5.4459e-006	-9.0579e+013	-9.0239e+013	9.0239e+013	5.2500e-015
3.820e+000	5.4481e-006	-9.0919e+013	-9.0579e+013	9.0579e+013	5.2500e-015
3.830e+000	5.4503e-006	-9.1259e+013	-9.0919e+013	9.0919e+013	5.2500e-015
3.840e+000	5.4526e-006	-9.1599e+013	-9.1259e+013	9.1259e+013	5.2500e-015
3.850e+000	5.4548e-006	-9.1940e+013	-9.1599e+013	9.1599e+013	5.2500e-015
3.860e+000	5.4570e-006	-9.2281e+013	-9.1940e+013	9.1940e+013	5.2500e-015
3.870e+000	5.4592e-006	-9.2621e+013	-9.2281e+013	9.2280e+013	5.2500e-015
3.880e+000	5.4613e-006	-9.2962e+013	-9.2621e+013	9.2621e+013	5.2500e-015
3.890e+000	5.4635e-006	-9.3303e+013	-9.2962e+013	9.2962e+013	5.2500e-015
3.900e+000	5.4657e-006	-9.3644e+013	-9.3303e+013	9.3303e+013	5.2500e-015
3.910e+000	5.4678e-006	-9.3986e+013	-9.3644e+013	9.3644e+013	5.2500e-015
3.920e+000	5.4700e-006	-9.4327e+013	-9.3986e+013	9.3985e+013	5.2500e-015
3.930e+000	5.4721e-006	-9.4668e+013	-9.4327e+013	9.4327e+013	5.2500e-015
3.940e+000	5.4743e-006	-9.5010e+013	-9.4668e+013	9.4668e+013	5.2500e-015
3.950e+000	5.4764e-006	-9.5352e+013	-9.5010e+013	9.5010e+013	5.2500e-015
3.960e+000	5.4785e-006	-9.5694e+013	-9.5352e+013	9.5352e+013	5.2500e-015
3.970e+000	5.4806e-006	-9.6036e+013	-9.5694e+013	9.5694e+013	5.2500e-015
3.980e+000	5.4827e-006	-9.6378e+013	-9.6036e+013	9.6036e+013	5.2500e-015
3.990e+000	5.4848e-006	-9.6721e+013	-9.6378e+013	9.6378e+013	5.2500e-015
4.000e+000	5.4869e-006	-9.7063e+013	-9.6721e+013	9.6720e+013	5.2500e-015
4.010e+000	5.4890e-006	-9.7406e+013	-9.7063e+013	9.7063e+013	5.2500e-015
4.020e+000	5.4910e-006	-9.7748e+013	-9.7406e+013	9.7406e+013	5.2500e-015
4.030e+000	5.4931e-006	-9.8091e+013	-9.7748e+013	9.7748e+013	5.2500e-015
4.040e+000	5.4952e-006	-9.8434e+013	-9.8091e+013	9.8091e+013	5.2500e-015
4.050e+000	5.4972e-006	-9.8777e+013	-9.8434e+013	9.8434e+013	5.2500e-015
4.060e+000	5.4992e-006	-9.9120e+013	-9.8777e+013	9.8777e+013	5.2500e-015
4.070e+000	5.5013e-006	-9.9464e+013	-9.9120e+013	9.9120e+013	5.2500e-015
4.080e+000	5.5033e-006	-9.9807e+013	-9.9464e+013	9.9464e+013	5.2500e-015
4.090e+000	5.5053e-006	-1.0015e+014	-9.9807e+013	9.9807e+013	5.2500e-015
4.100e+000	5.5073e-006	-1.0049e+014	-1.0015e+014	1.0015e+014	5.2500e-015
4.110e+000	5.5093e-006	-1.0084e+014	-1.0049e+014	1.0049e+014	5.2500e-015
4.120e+000	5.5113e-006	-1.0118e+014	-1.0084e+014	1.0084e+014	5.2500e-015
4.130e+000	5.5133e-006	-1.0153e+014	-1.0118e+014	1.0118e+014	5.2500e-015
4.140e+000	5.5153e-006	-1.0187e+014	-1.0153e+014	1.0153e+014	5.2500e-015
4.150e+000	5.5173e-006	-1.0222e+014	-1.0187e+014	1.0187e+014	5.2500e-015
4.160e+000	5.5192e-006	-1.0256e+014	-1.0222e+014	1.0222e+014	5.2500e-015
4.170e+000	5.5212e-006	-1.0290e+014	-1.0256e+014	1.0256e+014	5.2500e-015
4.180e+000	5.5231e-006	-1.0325e+014	-1.0290e+014	1.0290e+014	5.2500e-015
4.190e+000	5.5251e-006	-1.0359e+014	-1.0325e+014	1.0325e+014	5.2500e-015
4.200e+000	5.5270e-006	-1.0394e+014	-1.0359e+014	1.0359e+014	5.2500e-015
4.210e+000	5.5289e-006	-1.0428e+014	-1.0394e+014	1.0394e+014	5.2500e-015
4.220e+000	5.5309e-006	-1.0463e+014	-1.0428e+014	1.0428e+014	5.2500e-015
4.230e+000	5.5328e-006	-1.0497e+014	-1.0463e+014	1.0463e+014	5.2500e-015
4.240e+000	5.5347e-006	-1.0532e+014	-1.0497e+014	1.0497e+014	5.2500e-015
4.250e+000	5.5366e-006	-1.0567e+014	-1.0532e+014	1.0532e+014	5.2500e-015
4.260e+000	5.5385e-006	-1.0601e+014	-1.0567e+014	1.0567e+014	5.2500e-015
4.270e+000	5.5404e-006	-1.0636e+014	-1.0601e+014	1.0601e+014	5.2500e-015
4.280e+000	5.5423e-006	-1.0670e+014	-1.0636e+014	1.0636e+014	5.2500e-015
4.290e+000	5.5441e-006	-1.0705e+014	-1.0670e+014	1.0670e+014	5.2500e-015
4.300e+000	5.5460e-006	-1.0740e+014	-1.0705e+014	1.0705e+014	5.2500e-015
4.310e+000	5.5479e-006	-1.0774e+014	-1.0740e+014	1.0740e+014	5.2500e-015
4.320e+000	5.5497e-006	-1.0809e+014	-1.0774e+014	1.0774e+014	5.2500e-015
4.330e+000	5.5516e-006	-1.0843e+014	-1.0809e+014	1.0809e+014	5.2500e-015
4.340e+000	5.5534e-006	-1.0878e+014	-1.0843e+014	1.0843e+014	5.2500e-015
4.350e+000	5.5553e-006	-1.0913e+014	-1.0878e+014	1.0878e+014	5.2500e-015
4.360e+000	5.5571e-006	-1.0947e+014	-1.0913e+014	1.0913e+014	5.2500e-015
4.370e+000	5.5589e-006	-1.0982e+014	-1.0947e+014	1.0947e+014	5.2500e-015
4.380e+000	5.5608e-006	-1.1017e+014	-1.0982e+014	1.0982e+014	5.2500e-015
4.390e+000	5.5626e-006	-1.1052e+014	-1.1017e+014	1.1017e+014	5.2500e-015
4.400e+000	5.5644e-006	-1.1086e+014	-1.1052e+014	1.1052e+014	5.2500e-015
4.410e+000	5.5662e-006	-1.1121e+014	-1.1086e+014	1.1086e+014	5.2500e-015
4.420e+000	5.5680e-006	-1.1156e+014	-1.1121e+014	1.1121e+014	5.2500e-015
4.430e+000	5.5698e-006	-1.1191e+014	-1.1156e+014	1.1156e+014	5.2500e-015
4.440e+000	5.5716e-006	-1.1225e+014	-1.1191e+014	1.1191e+014	5.2500e-015
4.450e+000	5.5733e-006	-1.1260e+014	-1.1225e+014	1.1225e+014	5.2500e-015
4.460e+000	5.5751e-006	-1.1295e+014	-1.1260e+014	1.1260e+014	5.2500e-015
4.470e+000	5.5769e-006	-1.1330e+014	-1.1295e+014	1.1295e+014	5.2500e-015
4.480e+000	5.5786e-006	-1.1365e+014	-1.1330e+014	1.1330e+014	5.2500e-015
4.490e+000	5.5804e-006	-1.1399e+014	-1.1365e+014	1.1365e+014	5.2500e-015
4.500e+000	5.5822e-006	-1.1434e+014	-1.1399e+014	1.1399e+014	5.2500e-015
4.510e+000	5.5839e-006	-1.1469e+014	-1.1434e+014	1.1434e+014	5.2500e-015
4.520e+000	5.5856e-006	-1.1504e+014	-1.1469e+014	1.1469e+014	5.2500e-015
4.530e+000	5.5874e-006	-1.1539e+014	-1.1504e+014	1.1504e+014	5.2500e-015
4.540e+000	5.5891e-006	-1.1574e+014	-1.1539e+014	1.1539e+014	5.2500e-015
4.550e+000	5.5908e-006	-1.1609e+014	-1.1574e+014	1.1574e+014	5.2500e-015
4.560e+000	5.5925e-006	-1.1643e+014	-1.1609e+014	1.1609e+014	5.2500e-015
4.570e+000	5.5943e-006	-1.1678e+014	-1.1643e+014	1.1643e+014	5.2500e-015
4.580e+000	5.5960e-006	-1.1713e+014	-1.1678e+014	1.1678e+014	5.2500e-015
4.590e+000	5.5977e-006	-1.1748e+014	-1.1713e+014	1.1713e+014	5.2500e-015
4.600e+000	5.5994e-006	-1.1783e+014	-1.1748e+014	1.1748e+014	5.2500e-015
4.610e+000	5.6010e-006	-1.1818e+014	-1.1783e+014	1.1783e+014	5.2500e-015
4.620e+000	5.6027e-006	-1.1853e+014	-1.1818e+014	1.1818e+014	5.2500e-015
4.630e+000	5.6044e-006	-1.1888e+014	-1.1853e+014	1.1853e+014	5.2500e-015
4.640e+000	5.6061e-006	-1.1923e+014	-1.1888e+014	1.1888e+014	5.2500e-015
4.650e+000	5.6078e-006	-1.1958e+014	-1.1923e+014	1.1923e+014	5.2500e-015
4.660e+000	5.6094e-006	-1.1993e+014	-1.1958e+014	1.1958e+014	5.2500e-015
4.670e+000	5.6111e-006	-1.2028e+014	-1.1993e+014	1.1993e+014	5.2500e-015
4.680e+000	5.6127e-006	-1.2063e+014	-1.2028e+014	1.2028e+014	5.2500e-015
4.690e+000	5.6144e-006	-1.2098e+014	-1.2063e+014	1.2063e+014	5.2500e-015
4.700e+000	5.6160e-006	-1.2133e+014	-1.2098e+014	1.2098e+014	5.2500e-015
4.710e+000	5.6177e-006	-1.2168e+014	-1.2133e+014	1.2133e+014	5.2500e-015
4.720e+000	5.6193e-006	-1.2203e+014	-1.2168e+014	1.2168e+014	5.2500e-015
4.730e+000	5.6209e-006	-1.2238e+014	-1.2203e+014	1.2203e+014	5.2500e-015
4.740e+000	5.6226e-006	-1.2274e+014	-1.2238e+014	1.2238e+014	5.2500e-015
4.750e+000	5.6242e-006	-1.2309e+014	-1.2274e+014	1.2274e+014	5.2500e-015
4.760e+000	5.6258e-006	-1.2344e+014	-1.2309e+014	1.2309e+014	5.2500e-015
4.770e+000	5.6274e-006	-1.2379e+014	-1.2344e+014	1.2344e+014	5.2500e-015
4.780e+000	5.6290e-006	-1.2414e+014	-1.2379e+014	1.2379e+014	5.2500e-015
4.790e+000	5.6306e-006	-1.2449e+014	-1.2414e+014	1.2414e+014	5.2500e-015
4.800e+000	5.6322e-006	-1.2484e+014	-1.2449e+014	1.2449e+014	5.2500e-015
4.810e+000	5.6338e-006	-1.2520e+014	-1.2484e+014	1.2484e+014	5.2500e-015
4.820e+000	5.6354e-006	-1.2555e+014	-1.2520e+014	1.2520e+014	5.2500e-015
4.830e+000	5.6370e-006	-1.2590e+014	-1.2555e+014	1.2555e+014	5.2500e-015
4.840e+000	5.6385e-006	-1.2625e+014	-1.2590e+014	1.2590e+014	5.2500e-015
4.850e+000	5.6401e-006	-1.2660e+014	-1.2625e+014	1.2625e+014	5.2500e-015
4.860e+000	5.6417e-006	-1.2695e+014	-1.2660e+014	1.2660e+014	5.2500e-015
4.870e+000	5.6432e-006	-1.2731e+014	-1.2695e+014	1.2695e+014	5.2500e-015
4.880e+000	5.6448e-006	-1.2766e+014	-1.2731e+014	1.2731e+014	5.2500e-015
4.890e+000	5.6463e-006	-1.2801e+014	-1.2766e+014	1.2766e+014	5.2500e-015
4.900e+000	5.6479e-006	-1.2836e+014	-1.2801e+014	1.2801e+014	5.2500e-015
4.910e+000	5.6494e-006	-1.2872e+014	-1.2836e+014	1.2836e+014	5.2500e-015
4.920e+000	5.6510e-006	-1.2907e+014	-1.2872e+014	1.2872e+014	5.2500e-015
4.930e+000	5.6525e-006	-1.2942e+014	-1.2907e+014	1.2907e+014	5.2500e-015
4.940e+000	5.6540e-006	-1.2978e+014	-1.2942e+014	1.2942e+014	5.2500e-015
4.950e+000	5.6556e-006	-1.3013e+014	-1.2978e+014	1.2978e+014	5.2500e-015
4.960e+000	5.6571e-006	-1.3048e+014	-1.3013e+014	1.3013e+014	5.2500e-015
4.970e+000	5.6586e-006	-1.3083e+014	-1.3048e+014	1.3048e+014	5.2500e-015
4.980e+000	5.6601e-006	-1.3119e+014	-1.3083e+014	1.3083e+014	5.2500e-015
4.990e+000	5.6616e-006	-1.3154e+014	-1.3119e+014	1.3119e+014	5.2500e-015
5.000e+000	5.6631e-006	-1.3189e+014	-1.3154e+014	1.3154e+014	5.2500e-015
5.010e+000	5.6646e-006	-1.3225e+014	-1.3189e+014	1.3189e+014	5.2500e-015
5.020e+000	5.6661e-006	-1.3260e+014	-1.3225e+014	1.3225e+014	5.2500e-015
5.030e+000	5.6676e-006	-1.3296e+014	-1.3260e+014	1.3260e+014	5.2500e-015
5.040e+000	5.6691e-006	-1.3331e+014	-1.3296e+014	1.3296e+014	5.2500e-015
5.050e+000	5.6706e-006	-1.3366e+014	-1.3331e+014	1.3331e+014	5.2500e-015
5.060e+000	5.6721e-006	-1.3402e+014	-1.3366e+014	1.3366e+014	5.2500e-015
5.070e+000	5.6736e-006	-1.3437e+014	-1.3402e+014	1.3402e+014	5.2500e-015
5.080e+000	5.6750e-006	-1.3473e+014	-1.3437e+014	1.3437e+014	5.2500e-015
5.090e+000	5.6765e-006	-1.3508e+014	-1.3473e+014	1.3473e+014	5.2500e-015
5.100e+000	5.6780e-006	-1.3543e+014	-1.3508e+014	1.3508e+014	5.2500e-015
5.110e+000	5.6794e-006	-1.3579e+014	-1.3543e+014	1.3543e+014	5.2500e-015
5.120e+000	5.6809e-006	-1.3614e+014	-1.3579e+014	1.3579e+014	5.2500e-015
5.130e+000	5.6823e-006	-1.3650e+014	-1.3614e+014	1.3614e+014	5.2500e-015
5.140e+000	5.6838e-006	-1.3685e+014	-1.3650e+014	1.3650e+014	5.2500e-015
5.150e+000	5.6852e-006	-1.3721e+014	-1.3685e+014	1.3685e+014	5.2500e-015
5.160e+000	5.6867e-006	-1.3756e+014	-1.3721e+014	1.3721e+014	5.2500e-015
5.170e+000	5.6881e-006	-1.3792e+014	-1.3756e+014	1.3756e+014	5.2500e-015
5.180e+000	5.6895e-006	-1.3827e+014	-1.3792e+014	1.3792e+014	5.2500e-015
5.190e+000	5.6910e-006	-1.3863e+014	-1.3827e+014	1.3827e+014	5.2500e-015
5.200e+000	5.6924e-006	-1.3898e+014	-1.3863e+014	1.3863e+014	5.2500e-015
5.210e+000	5.6938e-006	-1.3934e+014	-1.3898e+014	1.3898e+014	5.2500e-015
5.220e+000	5.6952e-006	-1.3969e+014	-1.3934e+014	1.3934e+014	5.2500e-015
5.230e+000	5.6967e-006	-1.4005e+014	-1.3969e+014	1.3969e+014	5.2500e-015
5.240e+000	5.6981e-006	-1.4041e+014	-1.4005e+014	1.4005e+014	5.2500e-015
5.250e+000	5.6995e-006	-1.4076e+014	-1.4041e+014	1.4041e+014	5.2500e-015
5.260e+000	5.7009e-006	-1.4112e+014	-1.4076e+014	1.4076e+014	5.2500e-015
5.270e+000	5.7023e-006	-1.4147e+014	-1.4112e+014	1.4112e+014	5.2500e-015
5.280e+000	5.7037e-006	-1.4183e+014	-1.4147e+014	1.4147e+014	5.2500e-015
5.290e+000	5.7051e-006	-1.4218e+014	-1.4183e+014	1.4183e+014	5.2500e-015
5.300e+000	5.7064e-006	-1.4254e+014	-1.4218e+014	1.4218e+014	5.2500e-015
5.310e+000	5.7078e-006	-1.4290e+014	-1.4254e+014	1.4254e+014	5.2500e-015
5.320e+000	5.7092e-006	-1.4325e+014	-1.4290e+014	1.4290e+014	5.2500e-015
5.330e+000	5.7106e-006	-1.4361e+014	-1.4325e+014	1.4325e+014	5.2500e-015
5.340e+000	5.7120e-006	-1.4397e+014	-1.4361e+014	1.4361e+014	5.2500e-015
5.350e+000	5.7133e-006	-1.4432e+014	-1.4397e+014	1.4397e+014	5.2500e-015
5.360e+000	5.7147e-006	-1.4468e+014	-1.4432e+014	1.4432e+014	5.2500e-015
5.370e+000	5.7161e-006	-1.4504e+014	-1.4468e+014	1.4468e+014	5.2500e-015
5.380e+000	5.7174e-006	-1.4539e+014	-1.4504e+014	1.4504e+014	5.2500e-015
5.390e+000	5.7188e-006	-1.4575e+014	-1.4539e+014	1.4539e+014	5.2500e-015
5.400e+000	5.7201e-006	-1.4611e+014	-1.4575e+014	1.4575e+014	5.2500e-015
5.410e+000	5.7215e-006	-1.4646e+014	-1.4611e+014	1.4611e+014	5.2500e-015
5.420e+000	5.7228e-006	-1.4682e+014	-1.4646e+014	1.4646e+014	5.2500e-015
5.430e+000	5.7242e-006	-1.4718e+014	-1.4682e+014	1.4682e+014	5.2500e-015
5.440e+000	5.7255e-006	-1.4754e+014	-1.4718e+014	1.4718e+014	5.2500e-015
5.450e+000	5.7268e-006	-1.4789e+014	-1.4754e+014	1.4754e+014	5.2500e-015
5.460e+000	5.7282e-006	-1.4825e+014	-1.4789e+014	1.4789e+014	5.2500e-015
5.470e+000	5.7295e-006	-1.4861e+014	-1.4825e+014	1.4825e+014	5.2500e-015
5.480e+000	5.7308e-006	-1.4897e+014	-1.4861e+014	1.4861e+014	5.2500e-015
5.490e+000	5.7321e-006	-1.4932e+014	-1.4897e+014	1.4897e+014	5.2500e-015
5.500e+000	5.7335e-006	-1.4968e+014	-1.4932e+014	1.4932e+014	5.2500e-015
5.510e+000	5.7348e-006	-1.5004e+014	-1.4968e+014	1.4968e+014	5.2500e-015
5.520e+000	5.7361e-006	-1.5040e+014	-1.5004e+014	1.5004e+014	5.2500e-015
5.530e+000	5.7374e-006	-1.5076e+014	-1.5040e+014	1.5040e+014	5.2500e-015
5.540e+000	5.7387e-006	-1.5111e+014	-1.5076e+014	1.5076e+014	5.2500e-015
5.550e+000	5.7400e-006	-1.5147e+014	-1.5111e+014	1.5111e+014	5.2500e-015
5.560e+000	5.7413e-006	-1.5183e+014	-1.5147e+014	1.5147e+014	5.2500e-015
5.570e+000	5.7426e-006	-1.5219e+014	-1.5183e+014	1.5183e+014	5.2500e-015
5.580e+000	5.7439e-006	-1.5255e+014	-1.5219e+014	1.5219e+014	5.2500e-015
5.590e+000	5.7452e-006	-1.5291e+014	-1.5255e+014	1.5255e+014	5.2500e-015
5.600e+000	5.7465e-006	-1.5327e+014	-1.5291e+014	1.5291e+014	5.2500e-015
5.610e+000	5.7477e-006	-1.5362e+014	-1.5327e+014	1.5327e+014	5.2500e-015
5.620e+000	5.7490e-006	-1.5398e+014	-1.5362e+014	1.5362e+014	5.2500e-015
5.630e+000	5.7503e-006	-1.5434e+014	-1.5398e+014	1.5398e+014	5.2500e-015
5.640e+000	5.7516e-006	-1.5470e+014	-1.5434e+014	1.5434e+014	5.2500e-015
5.650e+000	5.7528e-006	-1.5506e+014	-1.5470e+014	1.5470e+014	5.2500e-015
5.660e+000	5.7541e-006	-1.5542e+014	-1.5506e+014	1.5506e+014	5.2500e-015
5.670e+000	5.7554e-006	-1.5578e+014	-1.5542e+014	1.5542e+014	5.2500e-015
5.680e+000	5.7566e-006	-1.5614e+014	-1.5578e+014	1.5578e+014	5.2500e-015
5.690e+000	5.7579e-006	-1.5650e+014	-1.5614e+014	1.5614e+014	5.2500e-015
5.700e+000	5.7591e-006	-1.5686e+014	-1.5650e+014	1.5650e+014	5.2500e-015
5.710e+000	5.7604e-006	-1.5722e+014	-1.5686e+014	1.5686e+014	5.2500e-015
5.720e+000	5.7616e-006	-1.5758e+014	-1.5722e+014	1.5722e+014	5.2500e-015
5.730e+000	5.7629e-006	-1.5794e+014	-1.5758e+014	1.5758e+014	5.2500e-015
5.740e+000	5.7641e-006	-1.5829e+014	-1.5794e+014	1.5794e+014	5.2500e-015
5.750e+000	5.7654e-006	-1.5865e+014	-1.5829e+014	1.5829e+014	5.2500e-015
5.760e+000	5.7666e-006	-1.5901e+014	-1.5865e+014	1.5865e+014	5.2500e-015
5.770e+000	5.7678e-006	-1.5937e+014	-1.5901e+014	1.5901e+014	5.2500e-015
5.780e+000	5.7691e-006	-1.5973e+014	-1.5937e+014	1.5937e+014	5.2500e-015
5.790e+000	5.7703e-006	-1.6009e+014	-1.5973e+014	1.5973e+014	5.2500e-015
5.800e+000	5.7715e-006	-1.6046e+014	-1.6009e+014	1.6009e+014	5.2500e-015
5.810e+000	5.7728e-006	-1.6082e+014	-1.6046e+014	1.6046e+014	5.2500e-015
5.820e+000	5.7740e-006	-1.6118e+014	-1.6082e+014	1.6082e+014	5.2500e-015
5.830e+000	5.7752e-006	-1.6154e+014	-1.6118e+014	1.6118e+014	5.2500e-015
5.840e+000	5.7764e-006	-1.6190e+014	-1.6154e+014	1.6154e+014	5.2500e-015
5.850e+000	5.7776e-006	-1.6226e+014	-1.6190e+014	1.6190e+014	5.2500e-015
5.860e+000	5.7788e-006	-1.6262e+014	-1.6226e+014	1.6226e+014	5.2500e-015
5.870e+000	5.7800e-006	-1.6298e+014	-1.6262e+014	1.6262e+014	5.2500e-015
5.880e+000	5.7812e-006	-1.6334e+014	-1.6298e+014	1.6298e+014	5.2500e-015
5.890e+000	5.7824e-006	-1.6370e+014	-1.6334e+014	1.6334e+014	5.2500e-015
5.900e+000	5.7836e-006	-1.6406e+014	-1.6370e+014	1.6370e+014	5.2500e-015
5.910e+000	5.7848e-006	-1.6442e+014	-1.6406e+014	1.6406e+014	5.2500e-015
5.920e+000	5.7860e-006	-1.6478e+014	-1.6442e+014	1.6442e+014	5.2500e-015
5.930e+000	5.7872e-006	-1.6515e+014	-1.6478e+014	1.6478e+014	5.2500e-015
5.940e+000	5.7884e-006	-1.6551e+014	-1.6515e+014	1.6514e+014	5.2500e-015
5.950e+000	5.7896e-006	-1.6587e+014	-1.6551e+014	1.6551e+014	5.2500e-015
5.960e+000	5.7908e-006	-1.6623e+014	-1.6587e+014	1.6587e+014	5.2500e-015
5.970e+000	5.7919e-006	-1.6659e+014	-1.6623e+014	1.6623e+014	5.2500e-015
5.980e+000	5.7931e-006	-1.6695e+014	-1.6659e+014	1.6659e+014	5.2500e-015
5.990e+000	5.7943e-006	-1.6731e+014	-1.6695e+014	1.6695e+014	5.2500e-015
6.000e+000	5.7955e-006	-1.6768e+014	-1.6731e+014	1.6731e+014	5.2500e-015
6.010e+000	5.7966e-006	-1.6804e+014	-1.6768e+014	1.6768e+014	5.2500e-015
6.020e+000	5.7978e-006	-1.6840e+014	-1.6804e+014	1.6804e+014	5.2500e-015
6.030e+000	5.7989e-006	-1.6876e+014	-1.6840e+014	1.6840e+014	5.2500e-015
6.040e+000	5.8001e-006	-1.6912e+014	-1.6876e+014	1.6876e+014	5.2500e-015
6.050e+000	5.8013e-006	-1.6949e+014	-1.6912e+014	1.6912e+014	5.2500e-015
6.060e+000	5.8024e-006	-1.6985e+014	-1.6949e+014	1.6949e+014	5.2500e-015
6.070e+000	5.8036e-006	-1.7021e+014	-1.6985e+014	1.6985e+014	5.2500e-015
6.080e+000	5.8047e-006	-1.7057e+014	-1.7021e+014	1.7021e+014	5.2500e-015
6.090e+000	5.8059e-006	-1.7093e+014	-1.7057e+014	1.7057e+014	5.2500e-015
6.100e+000	5.8070e-006	-1.7130e+014	-1.7093e+014	1.7093e+014	5.2500e-015
6.110e+000	5.8082e-006	-1.7166e+014	-1.7130e+014	1.7130e+014	5.2500e-015
6.120e+000	5.8093e-006	-1.7202e+014	-1.7166e+014	1.7166e+014	5.2500e-015
6.130e+000	5.8104e-006	-1.7238e+014	-1.7202e+014	1.7202e+014	5.2500e-015
6.140e+000	5.8116e-006	-1.7275e+014	-1.7238e+014	1.7238e+014	5.2500e-015
6.150e+000	5.8127e-006	-1.7311e+014	-1.7275e+014	1.7275e+014	5.2500e-015
6.160e+000	5.8138e-006	-1.7347e+014	-1.7311e+014	1.7311e+014	5.2500e-015
6.170e+000	5.8150e-006	-1.7384e+014	-1.7347e+014	1.7347e+014	5.2500e-015
6.180e+000	5.8161e-006	-1.7420e+014	-1.7384e+014	1.7384e+014	5.2500e-015
6.190e+000	5.8172e-006	-1.7456e+014	-1.7420e+014	1.7420e+014	5.2500e-015
6.200e+000	5.8183e-006	-1.7493e+014	-1.7456e+014	1.7456e+014	5.2500e-015
6.210e+000	5.8194e-006	-1.7529e+014	-1.7493e+014	1.7493e+014	5.2500e-015
6.220e+000	5.8206e-006	-1.7565e+014	-1.7529e+014	1.7529e+014	5.2500e-015
6.230e+000	5.8217e-006	-1.7601e+014	-1.7565e+014	1.7565e+014	5.2500e-015
6.240e+000	5.8228e-006	-1.7638e+014	-1.7601e+014	1.7601e+014	5.2500e-015
6.250e+000	5.8239e-006	-1.7674e+014	-1.7638e+014	1.7638e+014	5.2500e-015
6.260e+000	5.8250e-006	-1.7711e+014	-1.7674e+014	1.7674e+014	5.2500e-015
6.270e+000	5.8261e-006	-1.7747e+014	-1.7711e+014	1.7711e+014	5.2500e-015
6.280e+000	5.8272e-006	-1.7783e+014	-1.7747e+014	1.7747e+014	5.2500e-015
6.290e+000	5.8283e-006	-1.7820e+014	-1.7783e+014	1.7783e+014	5.2500e-015
6.300e+000	5.8294e-006	-1.7856e+014	-1.7820e+014	1.7820e+014	5.2500e-015
6.310e+000	5.8305e-006	-1.7892e+014	-1.7856e+014	1.7856e+014	5.2500e-015
6.320e+000	5.8316e-006	-1.7929e+014	-1.7892e+014	1.7892e+014	5.2500e-015
6.330e+000	5.8327e-006	-1.7965e+014	-1.7929e+014	1.7929e+014	5.2500e-015
6.340e+000	5.8337e-006	-1.8002e+014	-1.7965e+014	1.7965e+014	5.2500e-015
6.350e+000	5.8348e-006	-1.8038e+014	-1.8002e+014	1.8002e+014	5.2500e-015
6.360e+000	5.8359e-006	-1.8074e+014	-1.8038e+014	1.8038e+014	5.2500e-015
6.370e+000	5.8370e-006	-1.8111e+014	-1.8074e+014	1.8074e+014	5.2500e-015
6.380e+000	5.8381e-006	-1.8147e+014	-1.8111e+014	1.8111e+014	5.2500e-015
6.390e+000	5.8391e-006	-1.8184e+014	-1.8147e+014	1.8147e+014	5.2500e-015
6.400e+000	5.8402e-006	-1.8220e+014	-1.8184e+014	1.8184e+014	5.2500e-015
6.410e+000	5.8413e-006	-1.8257e+014	-1.8220e+014	1.8220e+014	5.2500e-015
6.420e+000	5.8424e-006	-1.8293e+014	-1.8257e+014	1.8257e+014	5.2500e-015
6.430e+000	5.8434e-006	-1.8330e+014	-1.8293e+014	1.8293e+014	5.2500e-015
6.440e+000	5.8444e-006	-1.8366e+014	-1.8330e+014	1.8330e+014	5.2500e-015
6.450e+000	5.8454e-006	-1.8403e+014	-1.8366e+014	1.8366e+014	5.2500e-015
6.460e+000	5.8465e-006	-1.8439e+014	-1.8403e+014	1.8403e+014	5.2500e-015
6.470e+000	5.8475e-006	-1.8476e+014	-1.8439e+014	1.8439e+014	5.2500e-015
6.480e+000	5.8486e-006	-1.8512e+014	-1.8476e+014	1.8476e+014	5.2500e-015
6.490e+000	5.8497e-006	-1.8549e+014	-1.8512e+014	1.8512e+014	5.2500e-015
6.500e+000	5.8507e-006	-1.8585e+014	-1.8549e+014	1.8549e+014	5.2500e-015
6.510e+000	5.8518e-006	-1.8622e+014	-1.8585e+014	1.8585e+014	5.2500e-015
6.520e+000	5.8528e-006	-1.8658e+014	-1.8622e+014	1.8622e+014	5.2500e-015
6.530e+000	5.8538e-006	-1.8695e+014	-1.8658e+014	1.8658e+014	5.2500e-015
6.540e+000	5.8549e-006	-1.8731e+014	-1.8695e+014	1.8695e+014	5.2500e-015
6.550e+000	5.8559e-006	-1.8768e+014	-1.8731e+014	1.8731e+014	5.2500e-015
6.560e+000	5.8570e-006	-1.8804e+014	-1.8768e+014	1.8768e+014	5.2500e-015
6.570e+000	5.8580e-006	-1.8841e+014	-1.8804e+014	1.8804e+014	5.2500e-015
6.580e+000	5.8590e-006	-1.8878e+014	-1.8841e+014	1.8841e+014	5.2500e-015
6.590e+000	5.8601e-006	-1.8914e+014	-1.8878e+014	1.8877e+014	5.2500e-015
6.600e+000	5.8611e-006	-1.8951e+014	-1.8914e+014	1.8914e+014	5.2500e-015
6.610e+000	5.8621e-006	-1.8987e+014	-1.8951e+014	1.8951e+014	5.2500e-015
6.620e+000	5.8631e-006	-1.9024e+014	-1.8987e+014	1.8987e+014	5.2500e-015
6.630e+000	5.8642e-006	-1.9060e+014	-1.9024e+014	1.9024e+014	5.2500e-015
6.640e+000	5.8652e-006	-1.9097e+014	-1.9060e+014	1.9060e+014	5.2500e-015
6.650e+000	5.8662e-006	-1.9134e+014	-1.9097e+014	1.9097e+014	5.2500e-015
6.660e+000	5.8672e-006	-1.9170e+014	-1.9134e+014	1.9134e+014	5.2500e-015
6.670e+000	5.8682e-006	-1.9207e+014	-1.9170e+014	1.9170e+014	5.2500e-015
6.680e+000	5.8693e-006	-1.9244e+014	-1.9207e+014	1.9207e+014	5.2500e-015
6.690e+000	5.8703e-006	-1.9280e+014	-1.9244e+014	1.9244e+014	5.2500e-015
6.700e+000	5.8713e-006	-1.9317e+014	-1.9280e+014	1.9280e+014	5.2500e-015
6.710e+000	5.8723e-006	-1.9353e+014	-1.9317e+014	1.9317e+014	5.2500e-015
6.720e+000	5.8733e-006	-1.9390e+014	-1.9353e+014	1.9353e+014	5.2500e-015
6.730e+000	5.8743e-006	-1.9427e+014	-1.9390e+014	1.9390e+014	5.2500e-015
6.740e+000	5.8753e-006	-1.9463e+014	-1.9427e+014	1.9427e+014	5.2500e-015
6.750e+000	5.8763e-006	-1.9500e+014	-1.9463e+014	1.9463e+014	5.2500e-015
6.760e+000	5.8773e-006	-1.9537e+014	-1.9500e+014	1.9500e+014	5.2500e-015
6.770e+000	5.8783e-006	-1.9574e+014	-1.9537e+014	1.9537e+014	5.2500e-015
6.780e+000	5.8793e-006	-1.9610e+014	-1.9574e+014	1.9574e+014	5.2500e-015
6.790e+000	5.8803e-006	-1.9647e+014	-1.9610e+014	1.9610e+014	5.2500e-015
6.800e+000	5.8812e-006	-1.9684e+014	-1.9647e+014	1.9647e+014	5.2500e-015
6.810e+000	5.8822e-006	-1.9720e+014	-1.9684e+014	1.9684e+014	5.2500e-015
6.820e+000	5.8832e-006	-1.9757e+014	-1.9720e+014	1.9720e+014	5.2500e-015
6.830e+000	5.8842e-006	-1.9794e+014	-1.9757e+014	1.9757e+014	5.2500e-015
6.840e+000	5.8852e-006	-1.9831e+014	-1.9794e+014	1.9794e+014	5.2500e-015
6.850e+000	5.8862e-006	-1.9867e+014	-1.9831e+014	1.9831e+014	5.2500e-015
6.860e+000	5.8871e-006	-1.9904e+014	-1.9867e+014	1.9867e+014	5.2500e-015
6.870e+000	5.8881e-006	-1.9941e+014	-1.9904e+014	1.9904e+014	5.2500e-015
6.880e+000	5.8891e-006	-1.9978e+014	-1.9941e+014	1.9941e+014	5.2500e-015
6.890e+000	5.8901e-006	-2.0014e+014	-1.9978e+014	1.9978e+014	5.2500e-015
6.900e+000	5.8910e-006	-2.0051e+014	-2.0014e+014	2.0014e+014	5.2500e-015
6.910e+000	5.8920e-006	-2.0088e+014	-2.0051e+014	2.0051e+014	5.2500e-015
6.920e+000	5.8930e-006	-2.0125e+014	-2.0088e+014	2.0088e+014	5.2500e-015
6.930e+000	5.8939e-006	-2.0161e+014	-2.0125e+014	2.0125e+014	5.2500e-015
6.940e+000	5.8949e-006	-2.0198e+014	-2.0161e+014	2.0161e+014	5.2500e-015
6.950e+000	5.8959e-006	-2.0235e+014	-2.0198e+014	2.0198e+014	5.2500e-015
6.960e+000	5.8968e-006	-2.0272e+014	-2.0235e+014	2.0235e+014	5.2500e-015
6.970e+000	5.8978e-006	-2.0309e+014	-2.0272e+014	2.0272e+014	5.2500e-015
6.980e+000	5.8987e-006	-2.0345e+014	-2.0309e+014	2.0309e+014	5.2500e-015
6.990e+000	5.8997e-006	-2.0382e+014	-2.0345e+014	2.0345e+014	5.2500e-015
7.000e+000	5.9006e-006	-2.0419e+014	-2.0382e+014	2.0382e+014	5.2500e-015
