V	C (Fcm-2)	Initcharge (cm-2)	Finalcharge (cm-2)	ns Total (cm-2)	ps Total (cm-2)
-7.000e+000	4.8034e-017	-9.3452e+000	-6.3472e+000	6.3476e+000	5.2500e-015
-6.990e+000	4.8034e-017	-9.3452e+000	-6.3472e+000	6.3476e+000	5.2500e-015
-6.980e+000	4.8034e-017	-9.3452e+000	-6.3472e+000	6.3476e+000	5.2500e-015
-6.970e+000	4.8034e-017	-9.3452e+000	-6.3472e+000	6.3476e+000	5.2500e-015
-6.960e+000	4.8034e-017	-9.3452e+000	-6.3472e+000	6.3476e+000	5.2500e-015
-6.950e+000	4.8034e-017	-9.3452e+000	-6.3472e+000	6.3476e+000	5.2500e-015
-6.940e+000	4.8034e-017	-9.3452e+000	-6.3472e+000	6.3476e+000	5.2500e-015
-6.930e+000	4.8034e-017	-9.3452e+000	-6.3472e+000	6.3476e+000	5.2500e-015
-6.920e+000	4.8034e-017	-9.3452e+000	-6.3472e+000	6.3476e+000	5.2500e-015
-6.910e+000	4.8034e-017	-9.3452e+000	-6.3472e+000	6.3476e+000	5.2500e-015
-6.900e+000	4.8034e-017	-9.3452e+000	-6.3472e+000	6.3476e+000	5.2500e-015
-6.890e+000	4.8034e-017	-9.3452e+000	-6.3472e+000	6.3476e+000	5.2500e-015
-6.880e+000	4.8034e-017	-9.3452e+000	-6.3472e+000	6.3476e+000	5.2500e-015
-6.870e+000	4.8034e-017	-9.3452e+000	-6.3472e+000	6.3476e+000	5.2500e-015
-6.860e+000	4.8034e-017	-9.3452e+000	-6.3472e+000	6.3476e+000	5.2500e-015
-6.850e+000	4.8034e-017	-9.3452e+000	-6.3472e+000	6.3476e+000	5.2500e-015
-6.840e+000	4.8034e-017	-9.3452e+000	-6.3472e+000	6.3476e+000	5.2500e-015
-6.830e+000	4.8034e-017	-9.3452e+000	-6.3472e+000	6.3476e+000	5.2500e-015
-6.820e+000	4.8034e-017	-9.3452e+000	-6.3472e+000	6.3476e+000	5.2500e-015
-6.810e+000	4.8034e-017	-9.3452e+000	-6.3472e+000	6.3476e+000	5.2500e-015
-6.800e+000	4.8034e-017	-9.3452e+000	-6.3472e+000	6.3476e+000	5.2500e-015
-6.790e+000	4.8034e-017	-9.3452e+000	-6.3472e+000	6.3476e+000	5.2500e-015
-6.780e+000	4.8034e-017	-9.3452e+000	-6.3472e+000	6.3476e+000	5.2500e-015
-6.770e+000	4.8034e-017	-9.3452e+000	-6.3472e+000	6.3476e+000	5.2500e-015
-6.760e+000	4.8034e-017	-9.3452e+000	-6.3472e+000	6.3476e+000	5.2500e-015
-6.750e+000	4.8034e-017	-9.3452e+000	-6.3472e+000	6.3476e+000	5.2500e-015
-6.740e+000	4.8034e-017	-9.3452e+000	-6.3472e+000	6.3476e+000	5.2500e-015
-6.730e+000	4.8034e-017	-9.3452e+000	-6.3472e+000	6.3476e+000	5.2500e-015
-6.720e+000	4.8034e-017	-9.3452e+000	-6.3472e+000	6.3476e+000	5.2500e-015
-6.710e+000	4.8034e-017	-9.3452e+000	-6.3472e+000	6.3476e+000	5.2500e-015
-6.700e+000	4.8034e-017	-9.3452e+000	-6.3472e+000	6.3476e+000	5.2500e-015
-6.690e+000	4.8034e-017	-9.3452e+000	-6.3472e+000	6.3476e+000	5.2500e-015
-6.680e+000	4.8034e-017	-9.3452e+000	-6.3472e+000	6.3476e+000	5.2500e-015
-6.670e+000	4.8034e-017	-9.3452e+000	-6.3472e+000	6.3476e+000	5.2500e-015
-6.660e+000	4.8034e-017	-9.3452e+000	-6.3472e+000	6.3476e+000	5.2500e-015
-6.650e+000	4.8034e-017	-9.3452e+000	-6.3472e+000	6.3476e+000	5.2500e-015
-6.640e+000	4.8034e-017	-9.3452e+000	-6.3472e+000	6.3476e+000	5.2500e-015
-6.630e+000	4.8034e-017	-9.3452e+000	-6.3472e+000	6.3476e+000	5.2500e-015
-6.620e+000	4.8034e-017	-9.3452e+000	-6.3472e+000	6.3476e+000	5.2500e-015
-6.610e+000	4.8034e-017	-9.3452e+000	-6.3472e+000	6.3476e+000	5.2500e-015
-6.600e+000	4.8034e-017	-9.3452e+000	-6.3472e+000	6.3476e+000	5.2500e-015
-6.590e+000	4.8034e-017	-9.3452e+000	-6.3472e+000	6.3476e+000	5.2500e-015
-6.580e+000	4.8034e-017	-9.3452e+000	-6.3472e+000	6.3476e+000	5.2500e-015
-6.570e+000	4.8034e-017	-9.3452e+000	-6.3472e+000	6.3476e+000	5.2500e-015
-6.560e+000	4.8034e-017	-9.3452e+000	-6.3472e+000	6.3476e+000	5.2500e-015
-6.550e+000	4.8034e-017	-9.3452e+000	-6.3472e+000	6.3476e+000	5.2500e-015
-6.540e+000	4.8034e-017	-9.3452e+000	-6.3472e+000	6.3476e+000	5.2500e-015
-6.530e+000	4.8034e-017	-9.3452e+000	-6.3472e+000	6.3476e+000	5.2500e-015
-6.520e+000	4.8034e-017	-9.3452e+000	-6.3472e+000	6.3476e+000	5.2500e-015
-6.510e+000	4.8034e-017	-9.3452e+000	-6.3472e+000	6.3476e+000	5.2500e-015
-6.500e+000	4.8034e-017	-9.3452e+000	-6.3472e+000	6.3476e+000	5.2500e-015
-6.490e+000	4.8034e-017	-9.3452e+000	-6.3472e+000	6.3476e+000	5.2500e-015
-6.480e+000	4.8034e-017	-9.3452e+000	-6.3472e+000	6.3476e+000	5.2500e-015
-6.470e+000	4.8034e-017	-9.3452e+000	-6.3472e+000	6.3476e+000	5.2500e-015
-6.460e+000	4.8034e-017	-9.3452e+000	-6.3472e+000	6.3476e+000	5.2500e-015
-6.450e+000	4.8034e-017	-9.3452e+000	-6.3472e+000	6.3476e+000	5.2500e-015
-6.440e+000	4.8034e-017	-9.3452e+000	-6.3472e+000	6.3476e+000	5.2500e-015
-6.430e+000	4.8034e-017	-9.3452e+000	-6.3472e+000	6.3476e+000	5.2500e-015
-6.420e+000	4.8034e-017	-9.3452e+000	-6.3472e+000	6.3476e+000	5.2500e-015
-6.410e+000	4.8034e-017	-9.3452e+000	-6.3472e+000	6.3476e+000	5.2500e-015
-6.400e+000	4.8034e-017	-9.3452e+000	-6.3472e+000	6.3476e+000	5.2500e-015
-6.390e+000	4.8034e-017	-9.3452e+000	-6.3472e+000	6.3476e+000	5.2500e-015
-6.380e+000	4.8034e-017	-9.3452e+000	-6.3472e+000	6.3476e+000	5.2500e-015
-6.370e+000	4.8034e-017	-9.3452e+000	-6.3472e+000	6.3476e+000	5.2500e-015
-6.360e+000	4.8034e-017	-9.3452e+000	-6.3472e+000	6.3476e+000	5.2500e-015
-6.350e+000	4.8034e-017	-9.3452e+000	-6.3472e+000	6.3476e+000	5.2500e-015
-6.340e+000	4.8034e-017	-9.3452e+000	-6.3472e+000	6.3476e+000	5.2500e-015
-6.330e+000	4.8034e-017	-9.3452e+000	-6.3472e+000	6.3476e+000	5.2500e-015
-6.320e+000	4.8034e-017	-9.3452e+000	-6.3472e+000	6.3476e+000	5.2500e-015
-6.310e+000	4.8034e-017	-9.3452e+000	-6.3472e+000	6.3476e+000	5.2500e-015
-6.300e+000	4.8034e-017	-9.3452e+000	-6.3472e+000	6.3476e+000	5.2500e-015
-6.290e+000	4.8034e-017	-9.3452e+000	-6.3472e+000	6.3476e+000	5.2500e-015
-6.280e+000	4.8034e-017	-9.3452e+000	-6.3472e+000	6.3476e+000	5.2500e-015
-6.270e+000	4.8034e-017	-9.3452e+000	-6.3472e+000	6.3476e+000	5.2500e-015
-6.260e+000	4.8034e-017	-9.3452e+000	-6.3472e+000	6.3476e+000	5.2500e-015
-6.250e+000	4.8034e-017	-9.3452e+000	-6.3472e+000	6.3476e+000	5.2500e-015
-6.240e+000	4.8034e-017	-9.3452e+000	-6.3472e+000	6.3476e+000	5.2500e-015
-6.230e+000	4.8034e-017	-9.3452e+000	-6.3472e+000	6.3476e+000	5.2500e-015
-6.220e+000	4.8034e-017	-9.3452e+000	-6.3472e+000	6.3476e+000	5.2500e-015
-6.210e+000	4.8034e-017	-9.3452e+000	-6.3472e+000	6.3476e+000	5.2500e-015
-6.200e+000	4.8034e-017	-9.3452e+000	-6.3472e+000	6.3476e+000	5.2500e-015
-6.190e+000	4.8034e-017	-9.3452e+000	-6.3472e+000	6.3476e+000	5.2500e-015
-6.180e+000	4.8034e-017	-9.3452e+000	-6.3472e+000	6.3476e+000	5.2500e-015
-6.170e+000	4.8034e-017	-9.3452e+000	-6.3472e+000	6.3476e+000	5.2500e-015
-6.160e+000	4.8034e-017	-9.3452e+000	-6.3472e+000	6.3476e+000	5.2500e-015
-6.150e+000	4.8034e-017	-9.3452e+000	-6.3472e+000	6.3476e+000	5.2500e-015
-6.140e+000	4.8034e-017	-9.3452e+000	-6.3472e+000	6.3476e+000	5.2500e-015
-6.130e+000	4.8034e-017	-9.3452e+000	-6.3472e+000	6.3476e+000	5.2500e-015
-6.120e+000	4.8034e-017	-9.3452e+000	-6.3472e+000	6.3476e+000	5.2500e-015
-6.110e+000	4.8034e-017	-9.3452e+000	-6.3472e+000	6.3476e+000	5.2500e-015
-6.100e+000	4.8034e-017	-9.3452e+000	-6.3472e+000	6.3476e+000	5.2500e-015
-6.090e+000	4.8034e-017	-9.3452e+000	-6.3472e+000	6.3476e+000	5.2500e-015
-6.080e+000	4.8034e-017	-9.3452e+000	-6.3472e+000	6.3476e+000	5.2500e-015
-6.070e+000	4.8034e-017	-9.3452e+000	-6.3472e+000	6.3476e+000	5.2500e-015
-6.060e+000	4.8034e-017	-9.3452e+000	-6.3472e+000	6.3476e+000	5.2500e-015
-6.050e+000	4.8034e-017	-9.3452e+000	-6.3472e+000	6.3476e+000	5.2500e-015
-6.040e+000	4.8034e-017	-9.3452e+000	-6.3472e+000	6.3476e+000	5.2500e-015
-6.030e+000	4.8034e-017	-9.3452e+000	-6.3472e+000	6.3476e+000	5.2500e-015
-6.020e+000	4.8034e-017	-9.3452e+000	-6.3472e+000	6.3476e+000	5.2500e-015
-6.010e+000	4.8034e-017	-9.3452e+000	-6.3472e+000	6.3476e+000	5.2500e-015
-6.000e+000	4.8034e-017	-9.3452e+000	-6.3472e+000	6.3476e+000	5.2500e-015
-5.990e+000	4.8034e-017	-9.3452e+000	-6.3472e+000	6.3476e+000	5.2500e-015
-5.980e+000	4.8034e-017	-9.3452e+000	-6.3472e+000	6.3476e+000	5.2500e-015
-5.970e+000	4.8034e-017	-9.3452e+000	-6.3472e+000	6.3476e+000	5.2500e-015
-5.960e+000	4.8034e-017	-9.3452e+000	-6.3472e+000	6.3476e+000	5.2500e-015
-5.950e+000	4.8034e-017	-9.3452e+000	-6.3472e+000	6.3476e+000	5.2500e-015
-5.940e+000	4.8034e-017	-9.3452e+000	-6.3472e+000	6.3476e+000	5.2500e-015
-5.930e+000	4.8034e-017	-9.3452e+000	-6.3472e+000	6.3476e+000	5.2500e-015
-5.920e+000	4.8034e-017	-9.3452e+000	-6.3472e+000	6.3476e+000	5.2500e-015
-5.910e+000	4.8034e-017	-9.3452e+000	-6.3472e+000	6.3476e+000	5.2500e-015
-5.900e+000	4.8034e-017	-9.3452e+000	-6.3472e+000	6.3476e+000	5.2500e-015
-5.890e+000	4.8034e-017	-9.3452e+000	-6.3472e+000	6.3476e+000	5.2500e-015
-5.880e+000	4.8034e-017	-9.3452e+000	-6.3472e+000	6.3476e+000	5.2500e-015
-5.870e+000	4.8034e-017	-9.3452e+000	-6.3472e+000	6.3476e+000	5.2500e-015
-5.860e+000	4.8034e-017	-9.3452e+000	-6.3472e+000	6.3476e+000	5.2500e-015
-5.850e+000	4.8034e-017	-9.3452e+000	-6.3472e+000	6.3476e+000	5.2500e-015
-5.840e+000	4.8034e-017	-9.3452e+000	-6.3472e+000	6.3476e+000	5.2500e-015
-5.830e+000	4.8034e-017	-9.3452e+000	-6.3472e+000	6.3476e+000	5.2500e-015
-5.820e+000	4.8034e-017	-9.3452e+000	-6.3472e+000	6.3476e+000	5.2500e-015
-5.810e+000	4.8034e-017	-9.3452e+000	-6.3472e+000	6.3476e+000	5.2500e-015
-5.800e+000	4.8034e-017	-9.3452e+000	-6.3472e+000	6.3476e+000	5.2500e-015
-5.790e+000	4.8034e-017	-9.3452e+000	-6.3472e+000	6.3476e+000	5.2500e-015
-5.780e+000	4.8034e-017	-9.3452e+000	-6.3472e+000	6.3476e+000	5.2500e-015
-5.770e+000	4.8034e-017	-9.3452e+000	-6.3472e+000	6.3476e+000	5.2500e-015
-5.760e+000	4.8034e-017	-9.3452e+000	-6.3472e+000	6.3476e+000	5.2500e-015
-5.750e+000	4.8034e-017	-9.3452e+000	-6.3472e+000	6.3476e+000	5.2500e-015
-5.740e+000	4.8034e-017	-9.3452e+000	-6.3472e+000	6.3476e+000	5.2500e-015
-5.730e+000	4.8034e-017	-9.3452e+000	-6.3472e+000	6.3476e+000	5.2500e-015
-5.720e+000	4.8034e-017	-9.3452e+000	-6.3472e+000	6.3476e+000	5.2500e-015
-5.710e+000	4.8034e-017	-9.3452e+000	-6.3472e+000	6.3476e+000	5.2500e-015
-5.700e+000	4.8034e-017	-9.3452e+000	-6.3472e+000	6.3476e+000	5.2500e-015
-5.690e+000	4.8034e-017	-9.3452e+000	-6.3472e+000	6.3476e+000	5.2500e-015
-5.680e+000	4.8034e-017	-9.3452e+000	-6.3472e+000	6.3476e+000	5.2500e-015
-5.670e+000	4.8034e-017	-9.3452e+000	-6.3472e+000	6.3476e+000	5.2500e-015
-5.660e+000	4.8034e-017	-9.3452e+000	-6.3472e+000	6.3476e+000	5.2500e-015
-5.650e+000	4.8034e-017	-9.3452e+000	-6.3472e+000	6.3476e+000	5.2500e-015
-5.640e+000	4.8034e-017	-9.3452e+000	-6.3472e+000	6.3476e+000	5.2500e-015
-5.630e+000	4.8034e-017	-9.3452e+000	-6.3472e+000	6.3476e+000	5.2500e-015
-5.620e+000	4.8034e-017	-9.3452e+000	-6.3472e+000	6.3476e+000	5.2500e-015
-5.610e+000	4.8034e-017	-9.3452e+000	-6.3472e+000	6.3476e+000	5.2500e-015
-5.600e+000	4.8034e-017	-9.3452e+000	-6.3472e+000	6.3476e+000	5.2500e-015
-5.590e+000	4.8034e-017	-9.3452e+000	-6.3472e+000	6.3476e+000	5.2500e-015
-5.580e+000	4.8034e-017	-9.3452e+000	-6.3472e+000	6.3476e+000	5.2500e-015
-5.570e+000	4.8034e-017	-9.3452e+000	-6.3472e+000	6.3476e+000	5.2500e-015
-5.560e+000	4.8034e-017	-9.3452e+000	-6.3472e+000	6.3476e+000	5.2500e-015
-5.550e+000	4.8034e-017	-9.3452e+000	-6.3472e+000	6.3476e+000	5.2500e-015
-5.540e+000	4.8034e-017	-9.3452e+000	-6.3472e+000	6.3476e+000	5.2500e-015
-5.530e+000	4.8034e-017	-9.3452e+000	-6.3472e+000	6.3476e+000	5.2500e-015
-5.520e+000	4.8034e-017	-9.3452e+000	-6.3472e+000	6.3476e+000	5.2500e-015
-5.510e+000	4.8034e-017	-9.3452e+000	-6.3472e+000	6.3476e+000	5.2500e-015
-5.500e+000	4.8034e-017	-9.3452e+000	-6.3472e+000	6.3476e+000	5.2500e-015
-5.490e+000	4.8034e-017	-9.3452e+000	-6.3472e+000	6.3476e+000	5.2500e-015
-5.480e+000	4.8034e-017	-9.3452e+000	-6.3472e+000	6.3476e+000	5.2500e-015
-5.470e+000	4.8034e-017	-9.3452e+000	-6.3472e+000	6.3476e+000	5.2500e-015
-5.460e+000	4.8034e-017	-9.3452e+000	-6.3472e+000	6.3476e+000	5.2500e-015
-5.450e+000	4.8034e-017	-9.3452e+000	-6.3472e+000	6.3476e+000	5.2500e-015
-5.440e+000	4.8034e-017	-9.3452e+000	-6.3472e+000	6.3476e+000	5.2500e-015
-5.430e+000	4.8034e-017	-9.3452e+000	-6.3472e+000	6.3476e+000	5.2500e-015
-5.420e+000	4.8034e-017	-9.3452e+000	-6.3472e+000	6.3476e+000	5.2500e-015
-5.410e+000	4.8034e-017	-9.3452e+000	-6.3472e+000	6.3476e+000	5.2500e-015
-5.400e+000	4.8034e-017	-9.3452e+000	-6.3472e+000	6.3476e+000	5.2500e-015
-5.390e+000	4.8034e-017	-9.3452e+000	-6.3472e+000	6.3476e+000	5.2500e-015
-5.380e+000	4.8034e-017	-9.3452e+000	-6.3472e+000	6.3476e+000	5.2500e-015
-5.370e+000	4.8034e-017	-9.3452e+000	-6.3472e+000	6.3476e+000	5.2500e-015
-5.360e+000	4.8034e-017	-9.3452e+000	-6.3472e+000	6.3476e+000	5.2500e-015
-5.350e+000	4.8034e-017	-9.3452e+000	-6.3472e+000	6.3476e+000	5.2500e-015
-5.340e+000	4.8034e-017	-9.3452e+000	-6.3472e+000	6.3476e+000	5.2500e-015
-5.330e+000	4.8034e-017	-9.3452e+000	-6.3472e+000	6.3476e+000	5.2500e-015
-5.320e+000	4.8034e-017	-9.3452e+000	-6.3472e+000	6.3476e+000	5.2500e-015
-5.310e+000	4.8034e-017	-9.3452e+000	-6.3472e+000	6.3476e+000	5.2500e-015
-5.300e+000	4.8034e-017	-9.3452e+000	-6.3472e+000	6.3476e+000	5.2500e-015
-5.290e+000	4.8034e-017	-9.3452e+000	-6.3472e+000	6.3476e+000	5.2500e-015
-5.280e+000	4.8034e-017	-9.3452e+000	-6.3472e+000	6.3476e+000	5.2500e-015
-5.270e+000	4.8034e-017	-9.3452e+000	-6.3472e+000	6.3476e+000	5.2500e-015
-5.260e+000	4.8034e-017	-9.3452e+000	-6.3472e+000	6.3476e+000	5.2500e-015
-5.250e+000	4.8034e-017	-9.3452e+000	-6.3472e+000	6.3476e+000	5.2500e-015
-5.240e+000	4.8034e-017	-9.3452e+000	-6.3472e+000	6.3476e+000	5.2500e-015
-5.230e+000	4.8034e-017	-9.3452e+000	-6.3472e+000	6.3476e+000	5.2500e-015
-5.220e+000	4.8034e-017	-9.3452e+000	-6.3472e+000	6.3476e+000	5.2500e-015
-5.210e+000	4.8034e-017	-9.3452e+000	-6.3472e+000	6.3476e+000	5.2500e-015
-5.200e+000	4.8034e-017	-9.3452e+000	-6.3472e+000	6.3476e+000	5.2500e-015
-5.190e+000	4.8034e-017	-9.3452e+000	-6.3472e+000	6.3476e+000	5.2500e-015
-5.180e+000	4.8034e-017	-9.3452e+000	-6.3472e+000	6.3476e+000	5.2500e-015
-5.170e+000	4.8034e-017	-9.3452e+000	-6.3472e+000	6.3476e+000	5.2500e-015
-5.160e+000	4.8034e-017	-9.3452e+000	-6.3472e+000	6.3476e+000	5.2500e-015
-5.150e+000	4.8034e-017	-9.3452e+000	-6.3472e+000	6.3476e+000	5.2500e-015
-5.140e+000	4.8034e-017	-9.3452e+000	-6.3472e+000	6.3476e+000	5.2500e-015
-5.130e+000	4.8034e-017	-9.3452e+000	-6.3472e+000	6.3476e+000	5.2500e-015
-5.120e+000	4.8034e-017	-9.3452e+000	-6.3472e+000	6.3476e+000	5.2500e-015
-5.110e+000	4.8034e-017	-9.3452e+000	-6.3472e+000	6.3476e+000	5.2500e-015
-5.100e+000	4.8034e-017	-9.3452e+000	-6.3472e+000	6.3476e+000	5.2500e-015
-5.090e+000	4.8034e-017	-9.3452e+000	-6.3472e+000	6.3476e+000	5.2500e-015
-5.080e+000	4.8034e-017	-9.3452e+000	-6.3472e+000	6.3476e+000	5.2500e-015
-5.070e+000	4.8034e-017	-9.3452e+000	-6.3472e+000	6.3476e+000	5.2500e-015
-5.060e+000	4.8034e-017	-9.3452e+000	-6.3472e+000	6.3476e+000	5.2500e-015
-5.050e+000	4.8034e-017	-9.3452e+000	-6.3472e+000	6.3476e+000	5.2500e-015
-5.040e+000	4.8034e-017	-9.3452e+000	-6.3472e+000	6.3476e+000	5.2500e-015
-5.030e+000	4.8034e-017	-9.3452e+000	-6.3472e+000	6.3476e+000	5.2500e-015
-5.020e+000	4.8034e-017	-9.3452e+000	-6.3472e+000	6.3476e+000	5.2500e-015
-5.010e+000	4.8034e-017	-9.3452e+000	-6.3472e+000	6.3476e+000	5.2500e-015
-5.000e+000	4.8034e-017	-9.3452e+000	-6.3472e+000	6.3476e+000	5.2500e-015
-4.990e+000	4.8034e-017	-9.3452e+000	-6.3472e+000	6.3476e+000	5.2500e-015
-4.980e+000	4.8034e-017	-9.3452e+000	-6.3472e+000	6.3476e+000	5.2500e-015
-4.970e+000	4.8034e-017	-9.3452e+000	-6.3472e+000	6.3476e+000	5.2500e-015
-4.960e+000	4.8034e-017	-9.3452e+000	-6.3472e+000	6.3476e+000	5.2500e-015
-4.950e+000	4.8034e-017	-9.3452e+000	-6.3472e+000	6.3476e+000	5.2500e-015
-4.940e+000	4.8034e-017	-9.3452e+000	-6.3472e+000	6.3476e+000	5.2500e-015
-4.930e+000	4.8034e-017	-9.3452e+000	-6.3472e+000	6.3476e+000	5.2500e-015
-4.920e+000	4.8034e-017	-9.3452e+000	-6.3472e+000	6.3476e+000	5.2500e-015
-4.910e+000	4.8034e-017	-9.3452e+000	-6.3472e+000	6.3476e+000	5.2500e-015
-4.900e+000	4.8034e-017	-9.3452e+000	-6.3472e+000	6.3476e+000	5.2500e-015
-4.890e+000	4.8034e-017	-9.3452e+000	-6.3472e+000	6.3476e+000	5.2500e-015
-4.880e+000	4.8034e-017	-9.3452e+000	-6.3472e+000	6.3476e+000	5.2500e-015
-4.870e+000	4.8034e-017	-9.3452e+000	-6.3472e+000	6.3476e+000	5.2500e-015
-4.860e+000	4.8034e-017	-9.3452e+000	-6.3472e+000	6.3476e+000	5.2500e-015
-4.850e+000	4.8034e-017	-9.3452e+000	-6.3472e+000	6.3476e+000	5.2500e-015
-4.840e+000	4.8034e-017	-9.3452e+000	-6.3472e+000	6.3476e+000	5.2500e-015
-4.830e+000	4.8034e-017	-9.3452e+000	-6.3472e+000	6.3476e+000	5.2500e-015
-4.820e+000	4.8034e-017	-9.3452e+000	-6.3472e+000	6.3476e+000	5.2500e-015
-4.810e+000	4.8034e-017	-9.3452e+000	-6.3472e+000	6.3476e+000	5.2500e-015
-4.800e+000	4.8034e-017	-9.3452e+000	-6.3472e+000	6.3476e+000	5.2500e-015
-4.790e+000	4.8034e-017	-9.3452e+000	-6.3472e+000	6.3476e+000	5.2500e-015
-4.780e+000	4.8034e-017	-9.3452e+000	-6.3472e+000	6.3476e+000	5.2500e-015
-4.770e+000	4.8034e-017	-9.3452e+000	-6.3472e+000	6.3476e+000	5.2500e-015
-4.760e+000	4.8034e-017	-9.3452e+000	-6.3472e+000	6.3476e+000	5.2500e-015
-4.750e+000	4.8034e-017	-9.3452e+000	-6.3472e+000	6.3476e+000	5.2500e-015
-4.740e+000	4.8034e-017	-9.3452e+000	-6.3472e+000	6.3476e+000	5.2500e-015
-4.730e+000	4.8034e-017	-9.3452e+000	-6.3472e+000	6.3476e+000	5.2500e-015
-4.720e+000	4.8034e-017	-9.3452e+000	-6.3472e+000	6.3476e+000	5.2500e-015
-4.710e+000	4.8034e-017	-9.3452e+000	-6.3472e+000	6.3476e+000	5.2500e-015
-4.700e+000	4.8034e-017	-9.3452e+000	-6.3472e+000	6.3476e+000	5.2500e-015
-4.690e+000	4.8034e-017	-9.3452e+000	-6.3472e+000	6.3476e+000	5.2500e-015
-4.680e+000	4.8034e-017	-9.3452e+000	-6.3472e+000	6.3476e+000	5.2500e-015
-4.670e+000	4.8034e-017	-9.3452e+000	-6.3472e+000	6.3476e+000	5.2500e-015
-4.660e+000	4.8034e-017	-9.3452e+000	-6.3472e+000	6.3476e+000	5.2500e-015
-4.650e+000	4.8034e-017	-9.3452e+000	-6.3472e+000	6.3476e+000	5.2500e-015
-4.640e+000	4.8034e-017	-9.3452e+000	-6.3472e+000	6.3476e+000	5.2500e-015
-4.630e+000	4.8034e-017	-9.3452e+000	-6.3472e+000	6.3476e+000	5.2500e-015
-4.620e+000	4.8034e-017	-9.3452e+000	-6.3472e+000	6.3476e+000	5.2500e-015
-4.610e+000	4.8034e-017	-9.3452e+000	-6.3472e+000	6.3476e+000	5.2500e-015
-4.600e+000	4.8034e-017	-9.3452e+000	-6.3472e+000	6.3476e+000	5.2500e-015
-4.590e+000	4.8034e-017	-9.3452e+000	-6.3472e+000	6.3476e+000	5.2500e-015
-4.580e+000	4.8034e-017	-9.3452e+000	-6.3472e+000	6.3476e+000	5.2500e-015
-4.570e+000	4.8034e-017	-9.3452e+000	-6.3472e+000	6.3476e+000	5.2500e-015
-4.560e+000	4.8034e-017	-9.3452e+000	-6.3472e+000	6.3476e+000	5.2500e-015
-4.550e+000	4.8034e-017	-9.3452e+000	-6.3472e+000	6.3476e+000	5.2500e-015
-4.540e+000	4.8034e-017	-9.3452e+000	-6.3472e+000	6.3476e+000	5.2500e-015
-4.530e+000	4.8034e-017	-9.3452e+000	-6.3472e+000	6.3476e+000	5.2500e-015
-4.520e+000	4.8034e-017	-9.3452e+000	-6.3472e+000	6.3476e+000	5.2500e-015
-4.510e+000	4.8034e-017	-9.3452e+000	-6.3472e+000	6.3476e+000	5.2500e-015
-4.500e+000	4.8034e-017	-9.3452e+000	-6.3472e+000	6.3476e+000	5.2500e-015
-4.490e+000	4.8034e-017	-9.3452e+000	-6.3472e+000	6.3476e+000	5.2500e-015
-4.480e+000	4.8034e-017	-9.3452e+000	-6.3472e+000	6.3476e+000	5.2500e-015
-4.470e+000	4.8034e-017	-9.3452e+000	-6.3472e+000	6.3476e+000	5.2500e-015
-4.460e+000	4.8034e-017	-9.3452e+000	-6.3472e+000	6.3476e+000	5.2500e-015
-4.450e+000	4.8034e-017	-9.3452e+000	-6.3472e+000	6.3476e+000	5.2500e-015
-4.440e+000	4.8034e-017	-9.3452e+000	-6.3472e+000	6.3476e+000	5.2500e-015
-4.430e+000	4.8034e-017	-9.3452e+000	-6.3472e+000	6.3476e+000	5.2500e-015
-4.420e+000	4.8034e-017	-9.3452e+000	-6.3472e+000	6.3476e+000	5.2500e-015
-4.410e+000	4.8034e-017	-9.3453e+000	-6.3472e+000	6.3476e+000	5.2500e-015
-4.400e+000	4.8034e-017	-9.3453e+000	-6.3472e+000	6.3476e+000	5.2500e-015
-4.390e+000	4.8035e-017	-9.3453e+000	-6.3472e+000	6.3476e+000	5.2500e-015
-4.380e+000	4.8035e-017	-9.3454e+000	-6.3473e+000	6.3477e+000	5.2500e-015
-4.370e+000	4.8035e-017	-9.3454e+000	-6.3473e+000	6.3477e+000	5.2500e-015
-4.360e+000	4.8036e-017	-9.3455e+000	-6.3474e+000	6.3478e+000	5.2500e-015
-4.350e+000	4.8037e-017	-9.3457e+000	-6.3475e+000	6.3479e+000	5.2500e-015
-4.340e+000	4.8038e-017	-9.3459e+000	-6.3476e+000	6.3481e+000	5.2500e-015
-4.330e+000	4.8039e-017	-9.3463e+000	-6.3479e+000	6.3483e+000	5.2500e-015
-4.320e+000	4.8042e-017	-9.3467e+000	-6.3482e+000	6.3486e+000	5.2500e-015
-4.310e+000	4.8046e-017	-9.3475e+000	-6.3487e+000	6.3491e+000	5.2500e-015
-4.300e+000	4.8051e-017	-9.3485e+000	-6.3494e+000	6.3498e+000	5.2500e-015
-4.290e+000	4.8059e-017	-9.3501e+000	-6.3505e+000	6.3509e+000	5.2500e-015
-4.280e+000	4.8071e-017	-9.3524e+000	-6.3521e+000	6.3525e+000	5.2500e-015
-4.270e+000	4.8089e-017	-9.3558e+000	-6.3544e+000	6.3548e+000	5.2500e-015
-4.260e+000	4.8114e-017	-9.3608e+000	-6.3578e+000	6.3582e+000	5.2500e-015
-4.250e+000	4.8152e-017	-9.3682e+000	-6.3628e+000	6.3632e+000	5.2500e-015
-4.240e+000	4.8208e-017	-9.3790e+000	-6.3701e+000	6.3706e+000	5.2500e-015
-4.230e+000	4.8290e-017	-9.3950e+000	-6.3810e+000	6.3814e+000	5.2500e-015
-4.220e+000	4.8411e-017	-9.4185e+000	-6.3970e+000	6.3974e+000	5.2500e-015
-4.210e+000	4.8589e-017	-9.4532e+000	-6.4205e+000	6.4209e+000	5.2500e-015
-4.200e+000	4.8851e-017	-9.5042e+000	-6.4551e+000	6.4555e+000	5.2500e-015
-4.190e+000	4.9268e-017	-9.5812e+000	-6.5061e+000	6.5065e+000	5.2500e-015
-4.180e+000	4.9805e-017	-9.6917e+000	-6.5831e+000	6.5816e+000	5.2500e-015
-4.170e+000	5.0641e-017	-9.8544e+000	-6.6937e+000	6.6921e+000	5.2500e-015
-4.160e+000	5.1880e-017	-1.0094e+001	-6.8564e+000	6.8548e+000	5.2500e-015
-4.150e+000	5.3701e-017	-1.0448e+001	-7.0964e+000	7.0944e+000	5.2500e-015
-4.140e+000	5.6393e-017	-1.0970e+001	-7.4501e+000	7.4471e+000	5.2500e-015
-4.130e+000	6.0307e-017	-1.1736e+001	-7.9719e+000	7.9664e+000	5.2500e-015
-4.120e+000	6.6132e-017	-1.2866e+001	-8.7379e+000	8.7310e+000	5.2500e-015
-4.110e+000	7.4673e-017	-1.4528e+001	-9.8675e+000	9.8566e+000	5.2500e-015
-4.100e+000	8.7245e-017	-1.6976e+001	-1.1530e+001	1.1514e+001	5.2500e-015
-4.090e+000	1.0573e-016	-2.0577e+001	-1.3977e+001	1.3954e+001	5.2500e-015
-4.080e+000	1.3305e-016	-2.5883e+001	-1.7579e+001	1.7546e+001	5.2500e-015
-4.070e+000	1.7316e-016	-3.3692e+001	-2.2885e+001	2.2835e+001	5.2500e-015
-4.060e+000	2.3227e-016	-4.5192e+001	-3.0694e+001	3.0622e+001	5.2500e-015
-4.050e+000	3.1930e-016	-6.2123e+001	-4.2194e+001	4.2087e+001	5.2500e-015
-4.040e+000	4.4738e-016	-8.7048e+001	-5.9125e+001	5.8966e+001	5.2500e-015
-4.030e+000	6.3601e-016	-1.2375e+002	-8.4050e+001	8.3818e+001	5.2500e-015
-4.020e+000	9.1368e-016	-1.7778e+002	-1.2075e+002	1.2041e+002	5.2500e-015
-4.010e+000	1.3225e-015	-2.5732e+002	-1.7478e+002	1.7427e+002	5.2500e-015
-4.000e+000	1.9245e-015	-3.7444e+002	-2.5433e+002	2.5358e+002	5.2500e-015
-3.990e+000	2.8107e-015	-5.4687e+002	-3.7144e+002	3.7035e+002	5.2500e-015
-3.980e+000	4.1154e-015	-8.0074e+002	-5.4387e+002	5.4226e+002	5.2500e-015
-3.970e+000	6.0364e-015	-1.1745e+003	-7.9774e+002	7.9537e+002	5.2500e-015
-3.960e+000	8.8647e-015	-1.7248e+003	-1.1715e+003	1.1680e+003	5.2500e-015
-3.950e+000	1.3029e-014	-2.5350e+003	-1.7218e+003	1.7167e+003	5.2500e-015
-3.940e+000	1.9159e-014	-3.7278e+003	-2.5320e+003	2.5244e+003	5.2500e-015
-3.930e+000	2.8185e-014	-5.4840e+003	-3.7248e+003	3.7137e+003	5.2500e-015
-3.920e+000	4.1474e-014	-8.0696e+003	-5.4810e+003	5.4646e+003	5.2500e-015
-3.910e+000	6.1039e-014	-1.1876e+004	-8.0666e+003	8.0424e+003	5.2500e-015
-3.900e+000	8.9844e-014	-1.7481e+004	-1.1873e+004	1.1838e+004	5.2500e-015
-3.890e+000	1.3225e-013	-2.5732e+004	-1.7478e+004	1.7426e+004	5.2500e-015
-3.880e+000	1.9469e-013	-3.7881e+004	-2.5729e+004	2.5652e+004	5.2500e-015
-3.870e+000	2.8662e-013	-5.5767e+004	-3.7878e+004	3.7765e+004	5.2500e-015
-3.860e+000	4.2196e-013	-8.2101e+004	-5.5764e+004	5.5597e+004	5.2500e-015
-3.850e+000	6.2122e-013	-1.2087e+005	-8.2098e+004	8.1852e+004	5.2500e-015
-3.840e+000	9.1457e-013	-1.7795e+005	-1.2087e+005	1.2051e+005	5.2500e-015
-3.830e+000	1.3465e-012	-2.6199e+005	-1.7795e+005	1.7742e+005	5.2500e-015
-3.820e+000	1.9823e-012	-3.8571e+005	-2.6198e+005	2.6120e+005	5.2500e-015
-3.810e+000	2.9184e-012	-5.6786e+005	-3.8571e+005	3.8455e+005	5.2500e-015
-3.800e+000	4.2964e-012	-8.3601e+005	-5.6785e+005	5.6615e+005	5.2500e-015
-3.790e+000	6.3249e-012	-1.2308e+006	-8.3601e+005	8.3351e+005	5.2500e-015
-3.780e+000	9.3108e-012	-1.8119e+006	-1.2308e+006	1.2271e+006	5.2500e-015
-3.770e+000	1.3705e-011	-2.6673e+006	-1.8119e+006	1.8065e+006	5.2500e-015
-3.760e+000	2.0172e-011	-3.9264e+006	-2.6673e+006	2.6593e+006	5.2500e-015
-3.750e+000	2.9686e-011	-5.7792e+006	-3.9264e+006	3.9146e+006	5.2500e-015
-3.740e+000	4.3678e-011	-8.5053e+006	-5.7792e+006	5.7619e+006	5.2500e-015
-3.730e+000	6.4245e-011	-1.2515e+007	-8.5053e+006	8.4799e+006	5.2500e-015
-3.720e+000	9.4455e-011	-1.8411e+007	-1.2515e+007	1.2478e+007	5.2500e-015
-3.710e+000	1.3878e-010	-2.7072e+007	-1.8411e+007	1.8356e+007	5.2500e-015
-3.700e+000	2.0371e-010	-3.9787e+007	-2.7072e+007	2.6991e+007	5.2500e-015
-3.690e+000	2.9859e-010	-5.8423e+007	-3.9787e+007	3.9668e+007	5.2500e-015
-3.680e+000	4.3678e-010	-8.5685e+007	-5.8423e+007	5.8249e+007	5.2500e-015
-3.670e+000	6.3707e-010	-1.2545e+008	-8.5685e+007	8.5430e+007	5.2500e-015
-3.660e+000	9.2533e-010	-1.8320e+008	-1.2545e+008	1.2508e+008	5.2500e-015
-3.650e+000	1.3361e-009	-2.6660e+008	-1.8320e+008	1.8266e+008	5.2500e-015
-3.640e+000	1.9138e-009	-3.8604e+008	-2.6660e+008	2.6581e+008	5.2500e-015
-3.630e+000	2.7113e-009	-5.5527e+008	-3.8604e+008	3.8492e+008	5.2500e-015
-3.620e+000	3.7872e-009	-7.9165e+008	-5.5527e+008	5.5366e+008	5.2500e-015
-3.610e+000	5.1978e-009	-1.1161e+009	-7.9165e+008	7.8939e+008	5.2500e-015
-3.600e+000	6.9876e-009	-1.5522e+009	-1.1161e+009	1.1129e+009	5.2500e-015
-3.590e+000	9.1813e-009	-2.1253e+009	-1.5522e+009	1.5480e+009	5.2500e-015
-3.580e+000	1.1783e-008	-2.8607e+009	-2.1253e+009	2.1196e+009	5.2500e-015
-3.570e+000	1.4783e-008	-3.7833e+009	-2.8607e+009	2.8534e+009	5.2500e-015
-3.560e+000	1.8171e-008	-4.9175e+009	-3.7833e+009	3.7742e+009	5.2500e-015
-3.550e+000	2.1950e-008	-6.2875e+009	-4.9175e+009	4.9063e+009	5.2500e-015
-3.540e+000	2.6139e-008	-7.9190e+009	-6.2875e+009	6.2742e+009	5.2500e-015
-3.530e+000	3.0772e-008	-9.8396e+009	-7.9190e+009	7.9034e+009	5.2500e-015
-3.520e+000	3.5889e-008	-1.2080e+010	-9.8396e+009	9.8218e+009	5.2500e-015
-3.510e+000	4.1528e-008	-1.4672e+010	-1.2080e+010	1.2060e+010	5.2500e-015
-3.500e+000	4.7720e-008	-1.7650e+010	-1.4672e+010	1.4650e+010	5.2500e-015
-3.490e+000	5.4473e-008	-2.1050e+010	-1.7650e+010	1.7626e+010	5.2500e-015
-3.480e+000	6.1777e-008	-2.4906e+010	-2.1050e+010	2.1024e+010	5.2500e-015
-3.470e+000	6.9594e-008	-2.9249e+010	-2.4906e+010	2.4878e+010	5.2500e-015
-3.460e+000	7.7864e-008	-3.4109e+010	-2.9249e+010	2.9221e+010	5.2500e-015
-3.450e+000	8.6508e-008	-3.9509e+010	-3.4109e+010	3.4079e+010	5.2500e-015
-3.440e+000	9.5429e-008	-4.5465e+010	-3.9509e+010	3.9478e+010	5.2500e-015
-3.430e+000	1.0452e-007	-5.1989e+010	-4.5465e+010	4.5433e+010	5.2500e-015
-3.420e+000	1.1368e-007	-5.9084e+010	-5.1989e+010	5.1956e+010	5.2500e-015
-3.410e+000	1.2281e-007	-6.6749e+010	-5.9084e+010	5.9051e+010	5.2500e-015
-3.400e+000	1.3181e-007	-7.4976e+010	-6.6749e+010	6.6715e+010	5.2500e-015
-3.390e+000	1.4061e-007	-8.3752e+010	-7.4976e+010	7.4942e+010	5.2500e-015
-3.380e+000	1.4913e-007	-9.3060e+010	-8.3752e+010	8.3717e+010	5.2500e-015
-3.370e+000	1.5734e-007	-1.0288e+011	-9.3060e+010	9.3025e+010	5.2500e-015
-3.360e+000	1.6475e-007	-1.1316e+011	-1.0288e+011	1.0284e+011	5.2500e-015
-3.350e+000	1.7213e-007	-1.2391e+011	-1.1316e+011	1.1313e+011	5.2500e-015
-3.340e+000	1.7914e-007	-1.3509e+011	-1.2391e+011	1.2387e+011	5.2500e-015
-3.330e+000	1.8588e-007	-1.4669e+011	-1.3509e+011	1.3505e+011	5.2500e-015
-3.320e+000	1.9199e-007	-1.5867e+011	-1.4669e+011	1.4665e+011	5.2500e-015
-3.310e+000	1.9795e-007	-1.7103e+011	-1.5867e+011	1.5864e+011	5.2500e-015
-3.300e+000	2.0344e-007	-1.8373e+011	-1.7103e+011	1.7099e+011	5.2500e-015
-3.290e+000	2.0858e-007	-1.9674e+011	-1.8373e+011	1.8369e+011	5.2500e-015
-3.280e+000	2.1340e-007	-2.1006e+011	-1.9674e+011	1.9671e+011	5.2500e-015
-3.270e+000	2.1791e-007	-2.2366e+011	-2.1006e+011	2.1003e+011	5.2500e-015
-3.260e+000	2.2218e-007	-2.3753e+011	-2.2366e+011	2.2363e+011	5.2500e-015
-3.250e+000	2.2606e-007	-2.5164e+011	-2.3753e+011	2.3749e+011	5.2500e-015
-3.240e+000	2.2975e-007	-2.6598e+011	-2.5164e+011	2.5160e+011	5.2500e-015
-3.230e+000	2.3325e-007	-2.8054e+011	-2.6598e+011	2.6594e+011	5.2500e-015
-3.220e+000	2.3644e-007	-2.9530e+011	-2.8054e+011	2.8050e+011	5.2500e-015
-3.210e+000	2.3951e-007	-3.1025e+011	-2.9530e+011	2.9526e+011	5.2500e-015
-3.200e+000	2.4231e-007	-3.2537e+011	-3.1025e+011	3.1021e+011	5.2500e-015
-3.190e+000	2.4501e-007	-3.4066e+011	-3.2537e+011	3.2533e+011	5.2500e-015
-3.180e+000	2.4751e-007	-3.5611e+011	-3.4066e+011	3.4062e+011	5.2500e-015
-3.170e+000	2.4983e-007	-3.7170e+011	-3.5611e+011	3.5607e+011	5.2500e-015
-3.160e+000	2.5207e-007	-3.8743e+011	-3.7170e+011	3.7166e+011	5.2500e-015
-3.150e+000	2.5415e-007	-4.0330e+011	-3.8743e+011	3.8740e+011	5.2500e-015
-3.140e+000	2.5609e-007	-4.1928e+011	-4.0330e+011	4.0326e+011	5.2500e-015
-3.130e+000	2.5796e-007	-4.3538e+011	-4.1928e+011	4.1924e+011	5.2500e-015
-3.120e+000	2.5971e-007	-4.5159e+011	-4.3538e+011	4.3534e+011	5.2500e-015
-3.110e+000	2.6136e-007	-4.6790e+011	-4.5159e+011	4.5155e+011	5.2500e-015
-3.100e+000	2.6291e-007	-4.8431e+011	-4.6790e+011	4.6786e+011	5.2500e-015
-3.090e+000	2.6437e-007	-5.0081e+011	-4.8431e+011	4.8427e+011	5.2500e-015
-3.080e+000	2.6579e-007	-5.1740e+011	-5.0081e+011	5.0078e+011	5.2500e-015
-3.070e+000	2.6711e-007	-5.3408e+011	-5.1740e+011	5.1736e+011	5.2500e-015
-3.060e+000	2.6837e-007	-5.5083e+011	-5.3408e+011	5.3404e+011	5.2500e-015
-3.050e+000	2.6956e-007	-5.6765e+011	-5.5083e+011	5.5079e+011	5.2500e-015
-3.040e+000	2.7070e-007	-5.8455e+011	-5.6765e+011	5.6761e+011	5.2500e-015
-3.030e+000	2.7176e-007	-6.0151e+011	-5.8455e+011	5.8451e+011	5.2500e-015
-3.020e+000	2.7280e-007	-6.1854e+011	-6.0151e+011	6.0147e+011	5.2500e-015
-3.010e+000	2.7378e-007	-6.3562e+011	-6.1854e+011	6.1850e+011	5.2500e-015
-3.000e+000	2.7471e-007	-6.5277e+011	-6.3562e+011	6.3558e+011	5.2500e-015
-2.990e+000	2.7560e-007	-6.6997e+011	-6.5277e+011	6.5273e+011	5.2500e-015
-2.980e+000	2.7645e-007	-6.8722e+011	-6.6997e+011	6.6993e+011	5.2500e-015
-2.970e+000	2.7726e-007	-7.0453e+011	-6.8722e+011	6.8719e+011	5.2500e-015
-2.960e+000	2.7803e-007	-7.2188e+011	-7.0453e+011	7.0449e+011	5.2500e-015
-2.950e+000	2.7876e-007	-7.3928e+011	-7.2188e+011	7.2184e+011	5.2500e-015
-2.940e+000	2.7948e-007	-7.5673e+011	-7.3928e+011	7.3924e+011	5.2500e-015
-2.930e+000	2.8016e-007	-7.7421e+011	-7.5673e+011	7.5669e+011	5.2500e-015
-2.920e+000	2.8081e-007	-7.9174e+011	-7.7421e+011	7.7417e+011	5.2500e-015
-2.910e+000	2.8144e-007	-8.0930e+011	-7.9174e+011	7.9170e+011	5.2500e-015
-2.900e+000	2.8203e-007	-8.2691e+011	-8.0930e+011	8.0927e+011	5.2500e-015
-2.890e+000	2.8261e-007	-8.4455e+011	-8.2691e+011	8.2687e+011	5.2500e-015
-2.880e+000	2.8316e-007	-8.6222e+011	-8.4455e+011	8.4451e+011	5.2500e-015
-2.870e+000	2.8369e-007	-8.7993e+011	-8.6222e+011	8.6218e+011	5.2500e-015
-2.860e+000	2.8420e-007	-8.9767e+011	-8.7993e+011	8.7989e+011	5.2500e-015
-2.850e+000	2.8469e-007	-9.1543e+011	-8.9767e+011	8.9763e+011	5.2500e-015
-2.840e+000	2.8517e-007	-9.3323e+011	-9.1543e+011	9.1539e+011	5.2500e-015
-2.830e+000	2.8562e-007	-9.5106e+011	-9.3323e+011	9.3319e+011	5.2500e-015
-2.820e+000	2.8606e-007	-9.6891e+011	-9.5106e+011	9.5102e+011	5.2500e-015
-2.810e+000	2.8649e-007	-9.8680e+011	-9.6891e+011	9.6887e+011	5.2500e-015
-2.800e+000	2.8689e-007	-1.0047e+012	-9.8680e+011	9.8676e+011	5.2500e-015
-2.790e+000	2.8729e-007	-1.0226e+012	-1.0047e+012	1.0047e+012	5.2500e-015
-2.780e+000	2.8767e-007	-1.0406e+012	-1.0226e+012	1.0226e+012	5.2500e-015
-2.770e+000	2.8804e-007	-1.0586e+012	-1.0406e+012	1.0405e+012	5.2500e-015
-2.760e+000	2.8839e-007	-1.0766e+012	-1.0586e+012	1.0585e+012	5.2500e-015
-2.750e+000	2.8874e-007	-1.0946e+012	-1.0766e+012	1.0765e+012	5.2500e-015
-2.740e+000	2.8907e-007	-1.1126e+012	-1.0946e+012	1.0945e+012	5.2500e-015
-2.730e+000	2.8939e-007	-1.1307e+012	-1.1126e+012	1.1126e+012	5.2500e-015
-2.720e+000	2.8970e-007	-1.1488e+012	-1.1307e+012	1.1307e+012	5.2500e-015
-2.710e+000	2.9001e-007	-1.1669e+012	-1.1488e+012	1.1487e+012	5.2500e-015
-2.700e+000	2.9030e-007	-1.1850e+012	-1.1669e+012	1.1668e+012	5.2500e-015
-2.690e+000	2.9058e-007	-1.2031e+012	-1.1850e+012	1.1850e+012	5.2500e-015
-2.680e+000	2.9086e-007	-1.2213e+012	-1.2031e+012	1.2031e+012	5.2500e-015
-2.670e+000	2.9113e-007	-1.2395e+012	-1.2213e+012	1.2212e+012	5.2500e-015
-2.660e+000	2.9139e-007	-1.2576e+012	-1.2395e+012	1.2394e+012	5.2500e-015
-2.650e+000	2.9164e-007	-1.2758e+012	-1.2576e+012	1.2576e+012	5.2500e-015
-2.640e+000	2.9188e-007	-1.2941e+012	-1.2758e+012	1.2758e+012	5.2500e-015
-2.630e+000	2.9212e-007	-1.3123e+012	-1.2941e+012	1.2940e+012	5.2500e-015
-2.620e+000	2.9235e-007	-1.3305e+012	-1.3123e+012	1.3123e+012	5.2500e-015
-2.610e+000	2.9258e-007	-1.3488e+012	-1.3305e+012	1.3305e+012	5.2500e-015
-2.600e+000	2.9279e-007	-1.3671e+012	-1.3488e+012	1.3488e+012	5.2500e-015
-2.590e+000	2.9301e-007	-1.3854e+012	-1.3671e+012	1.3670e+012	5.2500e-015
-2.580e+000	2.9321e-007	-1.4037e+012	-1.3854e+012	1.3853e+012	5.2500e-015
-2.570e+000	2.9342e-007	-1.4220e+012	-1.4037e+012	1.4036e+012	5.2500e-015
-2.560e+000	2.9361e-007	-1.4403e+012	-1.4220e+012	1.4219e+012	5.2500e-015
-2.550e+000	2.9380e-007	-1.4586e+012	-1.4403e+012	1.4403e+012	5.2500e-015
-2.540e+000	2.9399e-007	-1.4770e+012	-1.4586e+012	1.4586e+012	5.2500e-015
-2.530e+000	2.9417e-007	-1.4954e+012	-1.4770e+012	1.4770e+012	5.2500e-015
-2.520e+000	2.9435e-007	-1.5137e+012	-1.4954e+012	1.4953e+012	5.2500e-015
-2.510e+000	2.9452e-007	-1.5321e+012	-1.5137e+012	1.5137e+012	5.2500e-015
-2.500e+000	2.9469e-007	-1.5505e+012	-1.5321e+012	1.5321e+012	5.2500e-015
-2.490e+000	2.9486e-007	-1.5689e+012	-1.5505e+012	1.5505e+012	5.2500e-015
-2.480e+000	2.9502e-007	-1.5873e+012	-1.5689e+012	1.5689e+012	5.2500e-015
-2.470e+000	2.9517e-007	-1.6057e+012	-1.5873e+012	1.5873e+012	5.2500e-015
-2.460e+000	2.9533e-007	-1.6242e+012	-1.6057e+012	1.6057e+012	5.2500e-015
-2.450e+000	2.9548e-007	-1.6426e+012	-1.6242e+012	1.6241e+012	5.2500e-015
-2.440e+000	2.9562e-007	-1.6611e+012	-1.6426e+012	1.6426e+012	5.2500e-015
-2.430e+000	2.9577e-007	-1.6795e+012	-1.6611e+012	1.6610e+012	5.2500e-015
-2.420e+000	2.9591e-007	-1.6980e+012	-1.6795e+012	1.6795e+012	5.2500e-015
-2.410e+000	2.9605e-007	-1.7165e+012	-1.6980e+012	1.6980e+012	5.2500e-015
-2.400e+000	2.9618e-007	-1.7350e+012	-1.7165e+012	1.7164e+012	5.2500e-015
-2.390e+000	2.9631e-007	-1.7535e+012	-1.7350e+012	1.7349e+012	5.2500e-015
-2.380e+000	2.9644e-007	-1.7720e+012	-1.7535e+012	1.7534e+012	5.2500e-015
-2.370e+000	2.9657e-007	-1.7905e+012	-1.7720e+012	1.7719e+012	5.2500e-015
-2.360e+000	2.9669e-007	-1.8090e+012	-1.7905e+012	1.7904e+012	5.2500e-015
-2.350e+000	2.9681e-007	-1.8275e+012	-1.8090e+012	1.8089e+012	5.2500e-015
-2.340e+000	2.9693e-007	-1.8460e+012	-1.8275e+012	1.8275e+012	5.2500e-015
-2.330e+000	2.9704e-007	-1.8646e+012	-1.8460e+012	1.8460e+012	5.2500e-015
-2.320e+000	2.9716e-007	-1.8831e+012	-1.8646e+012	1.8645e+012	5.2500e-015
-2.310e+000	2.9727e-007	-1.9017e+012	-1.8831e+012	1.8831e+012	5.2500e-015
-2.300e+000	2.9738e-007	-1.9202e+012	-1.9017e+012	1.9016e+012	5.2500e-015
-2.290e+000	2.9749e-007	-1.9388e+012	-1.9202e+012	1.9202e+012	5.2500e-015
-2.280e+000	2.9759e-007	-1.9574e+012	-1.9388e+012	1.9388e+012	5.2500e-015
-2.270e+000	2.9769e-007	-1.9760e+012	-1.9574e+012	1.9573e+012	5.2500e-015
-2.260e+000	2.9780e-007	-1.9946e+012	-1.9760e+012	1.9759e+012	5.2500e-015
-2.250e+000	2.9790e-007	-2.0131e+012	-1.9946e+012	1.9945e+012	5.2500e-015
-2.240e+000	2.9799e-007	-2.0317e+012	-2.0131e+012	2.0131e+012	5.2500e-015
-2.230e+000	2.9809e-007	-2.0504e+012	-2.0317e+012	2.0317e+012	5.2500e-015
-2.220e+000	2.9818e-007	-2.0690e+012	-2.0504e+012	2.0503e+012	5.2500e-015
-2.210e+000	2.9828e-007	-2.0876e+012	-2.0690e+012	2.0689e+012	5.2500e-015
-2.200e+000	2.9837e-007	-2.1062e+012	-2.0876e+012	2.0875e+012	5.2500e-015
-2.190e+000	2.9846e-007	-2.1248e+012	-2.1062e+012	2.1062e+012	5.2500e-015
-2.180e+000	2.9855e-007	-2.1435e+012	-2.1248e+012	2.1248e+012	5.2500e-015
-2.170e+000	2.9863e-007	-2.1621e+012	-2.1435e+012	2.1434e+012	5.2500e-015
-2.160e+000	2.9872e-007	-2.1807e+012	-2.1621e+012	2.1621e+012	5.2500e-015
-2.150e+000	2.9880e-007	-2.1994e+012	-2.1807e+012	2.1807e+012	5.2500e-015
-2.140e+000	2.9889e-007	-2.2181e+012	-2.1994e+012	2.1994e+012	5.2500e-015
-2.130e+000	2.9897e-007	-2.2367e+012	-2.2181e+012	2.2180e+012	5.2500e-015
-2.120e+000	2.9905e-007	-2.2554e+012	-2.2367e+012	2.2367e+012	5.2500e-015
-2.110e+000	2.9913e-007	-2.2741e+012	-2.2554e+012	2.2553e+012	5.2500e-015
-2.100e+000	2.9921e-007	-2.2927e+012	-2.2741e+012	2.2740e+012	5.2500e-015
-2.090e+000	2.9930e-007	-2.3114e+012	-2.2927e+012	2.2927e+012	5.2500e-015
-2.080e+000	2.9938e-007	-2.3301e+012	-2.3114e+012	2.3114e+012	5.2500e-015
-2.070e+000	2.9946e-007	-2.3488e+012	-2.3301e+012	2.3301e+012	5.2500e-015
-2.060e+000	2.9954e-007	-2.3675e+012	-2.3488e+012	2.3487e+012	5.2500e-015
-2.050e+000	2.9962e-007	-2.3862e+012	-2.3675e+012	2.3674e+012	5.2500e-015
-2.040e+000	2.9971e-007	-2.4049e+012	-2.3862e+012	2.3861e+012	5.2500e-015
-2.030e+000	2.9979e-007	-2.4236e+012	-2.4049e+012	2.4048e+012	5.2500e-015
-2.020e+000	2.9988e-007	-2.4423e+012	-2.4236e+012	2.4236e+012	5.2500e-015
-2.010e+000	2.9998e-007	-2.4610e+012	-2.4423e+012	2.4423e+012	5.2500e-015
-2.000e+000	3.0008e-007	-2.4798e+012	-2.4610e+012	2.4610e+012	5.2500e-015
-1.990e+000	3.0019e-007	-2.4985e+012	-2.4798e+012	2.4797e+012	5.2500e-015
-1.980e+000	3.0030e-007	-2.5172e+012	-2.4985e+012	2.4985e+012	5.2500e-015
-1.970e+000	3.0043e-007	-2.5360e+012	-2.5172e+012	2.5172e+012	5.2500e-015
-1.960e+000	3.0058e-007	-2.5548e+012	-2.5360e+012	2.5360e+012	5.2500e-015
-1.950e+000	3.0074e-007	-2.5735e+012	-2.5548e+012	2.5547e+012	5.2500e-015
-1.940e+000	3.0092e-007	-2.5923e+012	-2.5735e+012	2.5735e+012	5.2500e-015
-1.930e+000	3.0114e-007	-2.6111e+012	-2.5923e+012	2.5923e+012	5.2500e-015
-1.920e+000	3.0139e-007	-2.6299e+012	-2.6111e+012	2.6111e+012	5.2500e-015
-1.910e+000	3.0169e-007	-2.6487e+012	-2.6299e+012	2.6299e+012	5.2500e-015
-1.900e+000	3.0204e-007	-2.6676e+012	-2.6487e+012	2.6487e+012	5.2500e-015
-1.890e+000	3.0246e-007	-2.6865e+012	-2.6676e+012	2.6676e+012	5.2500e-015
-1.880e+000	3.0296e-007	-2.7054e+012	-2.6865e+012	2.6864e+012	5.2500e-015
-1.870e+000	3.0357e-007	-2.7243e+012	-2.7054e+012	2.7053e+012	5.2500e-015
-1.860e+000	3.0431e-007	-2.7433e+012	-2.7243e+012	2.7243e+012	5.2500e-015
-1.850e+000	3.0520e-007	-2.7624e+012	-2.7433e+012	2.7433e+012	5.2500e-015
-1.840e+000	3.0629e-007	-2.7815e+012	-2.7624e+012	2.7623e+012	5.2500e-015
-1.830e+000	3.0761e-007	-2.8007e+012	-2.7815e+012	2.7815e+012	5.2500e-015
-1.820e+000	3.0892e-007	-2.8200e+012	-2.8007e+012	2.8007e+012	5.2500e-015
-1.810e+000	3.1099e-007	-2.8394e+012	-2.8200e+012	2.8199e+012	5.2500e-015
-1.800e+000	3.1325e-007	-2.8589e+012	-2.8394e+012	2.8393e+012	5.2500e-015
-1.790e+000	3.1595e-007	-2.8787e+012	-2.8589e+012	2.8589e+012	5.2500e-015
-1.780e+000	3.1915e-007	-2.8986e+012	-2.8787e+012	2.8786e+012	5.2500e-015
-1.770e+000	3.2292e-007	-2.9187e+012	-2.8986e+012	2.8985e+012	5.2500e-015
-1.760e+000	3.2732e-007	-2.9392e+012	-2.9187e+012	2.9187e+012	5.2500e-015
-1.750e+000	3.3239e-007	-2.9599e+012	-2.9392e+012	2.9391e+012	5.2500e-015
-1.740e+000	3.3817e-007	-2.9810e+012	-2.9599e+012	2.9599e+012	5.2500e-015
-1.730e+000	3.4467e-007	-3.0025e+012	-2.9810e+012	2.9810e+012	5.2500e-015
-1.720e+000	3.5187e-007	-3.0245e+012	-3.0025e+012	3.0025e+012	5.2500e-015
-1.710e+000	3.5973e-007	-3.0469e+012	-3.0245e+012	3.0244e+012	5.2500e-015
-1.700e+000	3.6817e-007	-3.0699e+012	-3.0469e+012	3.0469e+012	5.2500e-015
-1.690e+000	3.7708e-007	-3.0935e+012	-3.0699e+012	3.0699e+012	5.2500e-015
-1.680e+000	3.8634e-007	-3.1176e+012	-3.0935e+012	3.0934e+012	5.2500e-015
-1.670e+000	3.9582e-007	-3.1423e+012	-3.1176e+012	3.1175e+012	5.2500e-015
-1.660e+000	4.0521e-007	-3.1676e+012	-3.1423e+012	3.1422e+012	5.2500e-015
-1.650e+000	4.1483e-007	-3.1935e+012	-3.1676e+012	3.1675e+012	5.2500e-015
-1.640e+000	4.2416e-007	-3.2199e+012	-3.1935e+012	3.1934e+012	5.2500e-015
-1.630e+000	4.3322e-007	-3.2470e+012	-3.2199e+012	3.2199e+012	5.2500e-015
-1.620e+000	4.4196e-007	-3.2746e+012	-3.2470e+012	3.2469e+012	5.2500e-015
-1.610e+000	4.5032e-007	-3.3027e+012	-3.2746e+012	3.2745e+012	5.2500e-015
-1.600e+000	4.5825e-007	-3.3313e+012	-3.3027e+012	3.3026e+012	5.2500e-015
-1.590e+000	4.6576e-007	-3.3603e+012	-3.3313e+012	3.3312e+012	5.2500e-015
-1.580e+000	4.7284e-007	-3.3898e+012	-3.3603e+012	3.3603e+012	5.2500e-015
-1.570e+000	4.7948e-007	-3.4198e+012	-3.3898e+012	3.3898e+012	5.2500e-015
-1.560e+000	4.8572e-007	-3.4501e+012	-3.4198e+012	3.4197e+012	5.2500e-015
-1.550e+000	4.9156e-007	-3.4808e+012	-3.4501e+012	3.4500e+012	5.2500e-015
-1.540e+000	4.9703e-007	-3.5118e+012	-3.4808e+012	3.4807e+012	5.2500e-015
-1.530e+000	5.0215e-007	-3.5431e+012	-3.5118e+012	3.5118e+012	5.2500e-015
-1.520e+000	5.0695e-007	-3.5748e+012	-3.5431e+012	3.5431e+012	5.2500e-015
-1.510e+000	5.1145e-007	-3.6067e+012	-3.5748e+012	3.5747e+012	5.2500e-015
-1.500e+000	5.1568e-007	-3.6389e+012	-3.6067e+012	3.6067e+012	5.2500e-015
-1.490e+000	5.1965e-007	-3.6713e+012	-3.6389e+012	3.6388e+012	5.2500e-015
-1.480e+000	5.2338e-007	-3.7040e+012	-3.6713e+012	3.6713e+012	5.2500e-015
-1.470e+000	5.2690e-007	-3.7369e+012	-3.7040e+012	3.7039e+012	5.2500e-015
-1.460e+000	5.3023e-007	-3.7700e+012	-3.7369e+012	3.7368e+012	5.2500e-015
-1.450e+000	5.3337e-007	-3.8033e+012	-3.7700e+012	3.7699e+012	5.2500e-015
-1.440e+000	5.3635e-007	-3.8367e+012	-3.8033e+012	3.8032e+012	5.2500e-015
-1.430e+000	5.3917e-007	-3.8704e+012	-3.8367e+012	3.8367e+012	5.2500e-015
-1.420e+000	5.4185e-007	-3.9042e+012	-3.8704e+012	3.8703e+012	5.2500e-015
-1.410e+000	5.4440e-007	-3.9382e+012	-3.9042e+012	3.9042e+012	5.2500e-015
-1.400e+000	5.4683e-007	-3.9723e+012	-3.9382e+012	3.9381e+012	5.2500e-015
-1.390e+000	5.4915e-007	-4.0066e+012	-3.9723e+012	3.9723e+012	5.2500e-015
-1.380e+000	5.5137e-007	-4.0410e+012	-4.0066e+012	4.0065e+012	5.2500e-015
-1.370e+000	5.5349e-007	-4.0755e+012	-4.0410e+012	4.0410e+012	5.2500e-015
-1.360e+000	5.5552e-007	-4.1102e+012	-4.0755e+012	4.0755e+012	5.2500e-015
-1.350e+000	5.5747e-007	-4.1450e+012	-4.1102e+012	4.1102e+012	5.2500e-015
-1.340e+000	5.5928e-007	-4.1799e+012	-4.1450e+012	4.1450e+012	5.2500e-015
-1.330e+000	5.6113e-007	-4.2149e+012	-4.1799e+012	4.1799e+012	5.2500e-015
-1.320e+000	5.6286e-007	-4.2501e+012	-4.2149e+012	4.2149e+012	5.2500e-015
-1.310e+000	5.6453e-007	-4.2853e+012	-4.2501e+012	4.2500e+012	5.2500e-015
-1.300e+000	5.6613e-007	-4.3206e+012	-4.2853e+012	4.2853e+012	5.2500e-015
-1.290e+000	5.6768e-007	-4.3561e+012	-4.3206e+012	4.3206e+012	5.2500e-015
-1.280e+000	5.6918e-007	-4.3916e+012	-4.3561e+012	4.3560e+012	5.2500e-015
-1.270e+000	5.7062e-007	-4.4272e+012	-4.3916e+012	4.3916e+012	5.2500e-015
-1.260e+000	5.7202e-007	-4.4629e+012	-4.4272e+012	4.4272e+012	5.2500e-015
-1.250e+000	5.7337e-007	-4.4987e+012	-4.4629e+012	4.4629e+012	5.2500e-015
-1.240e+000	5.7467e-007	-4.5346e+012	-4.4987e+012	4.4987e+012	5.2500e-015
-1.230e+000	5.7594e-007	-4.5705e+012	-4.5346e+012	4.5345e+012	5.2500e-015
-1.220e+000	5.7717e-007	-4.6065e+012	-4.5705e+012	4.5705e+012	5.2500e-015
-1.210e+000	5.7835e-007	-4.6426e+012	-4.6065e+012	4.6065e+012	5.2500e-015
-1.200e+000	5.7950e-007	-4.6788e+012	-4.6426e+012	4.6426e+012	5.2500e-015
-1.190e+000	5.8062e-007	-4.7151e+012	-4.6788e+012	4.6788e+012	5.2500e-015
-1.180e+000	5.8170e-007	-4.7514e+012	-4.7151e+012	4.7150e+012	5.2500e-015
-1.170e+000	5.8276e-007	-4.7877e+012	-4.7514e+012	4.7513e+012	5.2500e-015
-1.160e+000	5.8378e-007	-4.8242e+012	-4.7877e+012	4.7877e+012	5.2500e-015
-1.150e+000	5.8477e-007	-4.8607e+012	-4.8242e+012	4.8241e+012	5.2500e-015
-1.140e+000	5.8574e-007	-4.8972e+012	-4.8607e+012	4.8606e+012	5.2500e-015
-1.130e+000	5.8667e-007	-4.9338e+012	-4.8972e+012	4.8972e+012	5.2500e-015
-1.120e+000	5.8758e-007	-4.9705e+012	-4.9338e+012	4.9338e+012	5.2500e-015
-1.110e+000	5.8847e-007	-5.0072e+012	-4.9705e+012	4.9705e+012	5.2500e-015
-1.100e+000	5.8933e-007	-5.0440e+012	-5.0072e+012	5.0072e+012	5.2500e-015
-1.090e+000	5.9017e-007	-5.0809e+012	-5.0440e+012	5.0440e+012	5.2500e-015
-1.080e+000	5.9099e-007	-5.1178e+012	-5.0809e+012	5.0808e+012	5.2500e-015
-1.070e+000	5.9179e-007	-5.1547e+012	-5.1178e+012	5.1177e+012	5.2500e-015
-1.060e+000	5.9256e-007	-5.1917e+012	-5.1547e+012	5.1546e+012	5.2500e-015
-1.050e+000	5.9332e-007	-5.2287e+012	-5.1917e+012	5.1916e+012	5.2500e-015
-1.040e+000	5.9405e-007	-5.2658e+012	-5.2287e+012	5.2287e+012	5.2500e-015
-1.030e+000	5.9477e-007	-5.3029e+012	-5.2658e+012	5.2657e+012	5.2500e-015
-1.020e+000	5.9547e-007	-5.3401e+012	-5.3029e+012	5.3029e+012	5.2500e-015
-1.010e+000	5.9615e-007	-5.3773e+012	-5.3401e+012	5.3400e+012	5.2500e-015
-1.000e+000	5.9682e-007	-5.4145e+012	-5.3773e+012	5.3772e+012	5.2500e-015
-9.900e-001	5.9747e-007	-5.4518e+012	-5.4145e+012	5.4145e+012	5.2500e-015
-9.800e-001	5.9810e-007	-5.4892e+012	-5.4518e+012	5.4518e+012	5.2500e-015
-9.700e-001	5.9872e-007	-5.5265e+012	-5.4892e+012	5.4891e+012	5.2500e-015
-9.600e-001	5.9933e-007	-5.5639e+012	-5.5265e+012	5.5265e+012	5.2500e-015
-9.500e-001	5.9992e-007	-5.6014e+012	-5.5639e+012	5.5639e+012	5.2500e-015
-9.400e-001	6.0050e-007	-5.6389e+012	-5.6014e+012	5.6013e+012	5.2500e-015
-9.300e-001	6.0106e-007	-5.6764e+012	-5.6389e+012	5.6388e+012	5.2500e-015
-9.200e-001	6.0161e-007	-5.7139e+012	-5.6764e+012	5.6763e+012	5.2500e-015
-9.100e-001	6.0215e-007	-5.7515e+012	-5.7139e+012	5.7139e+012	5.2500e-015
-9.000e-001	6.0268e-007	-5.7891e+012	-5.7515e+012	5.7515e+012	5.2500e-015
-8.900e-001	6.0320e-007	-5.8268e+012	-5.7891e+012	5.7891e+012	5.2500e-015
-8.800e-001	6.0371e-007	-5.8644e+012	-5.8268e+012	5.8267e+012	5.2500e-015
-8.700e-001	6.0420e-007	-5.9022e+012	-5.8644e+012	5.8644e+012	5.2500e-015
-8.600e-001	6.0469e-007	-5.9399e+012	-5.9022e+012	5.9021e+012	5.2500e-015
-8.500e-001	6.0516e-007	-5.9777e+012	-5.9399e+012	5.9399e+012	5.2500e-015
-8.400e-001	6.0563e-007	-6.0155e+012	-5.9777e+012	5.9776e+012	5.2500e-015
-8.300e-001	6.0608e-007	-6.0533e+012	-6.0155e+012	6.0154e+012	5.2500e-015
-8.200e-001	6.0653e-007	-6.0912e+012	-6.0533e+012	6.0533e+012	5.2500e-015
-8.100e-001	6.0697e-007	-6.1290e+012	-6.0912e+012	6.0911e+012	5.2500e-015
-8.000e-001	6.0740e-007	-6.1669e+012	-6.1290e+012	6.1290e+012	5.2500e-015
-7.900e-001	6.0782e-007	-6.2049e+012	-6.1669e+012	6.1669e+012	5.2500e-015
-7.800e-001	6.0824e-007	-6.2428e+012	-6.2049e+012	6.2048e+012	5.2500e-015
-7.700e-001	6.0864e-007	-6.2808e+012	-6.2428e+012	6.2428e+012	5.2500e-015
-7.600e-001	6.0904e-007	-6.3189e+012	-6.2808e+012	6.2808e+012	5.2500e-015
-7.500e-001	6.0944e-007	-6.3569e+012	-6.3189e+012	6.3188e+012	5.2500e-015
-7.400e-001	6.0982e-007	-6.3950e+012	-6.3569e+012	6.3568e+012	5.2500e-015
-7.300e-001	6.1020e-007	-6.4330e+012	-6.3950e+012	6.3949e+012	5.2500e-015
-7.200e-001	6.1057e-007	-6.4711e+012	-6.4330e+012	6.4330e+012	5.2500e-015
-7.100e-001	6.1093e-007	-6.5093e+012	-6.4711e+012	6.4711e+012	5.2500e-015
-7.000e-001	6.1129e-007	-6.5474e+012	-6.5093e+012	6.5092e+012	5.2500e-015
-6.900e-001	6.1165e-007	-6.5856e+012	-6.5474e+012	6.5474e+012	5.2500e-015
-6.800e-001	6.1199e-007	-6.6238e+012	-6.5856e+012	6.5856e+012	5.2500e-015
-6.700e-001	6.1233e-007	-6.6620e+012	-6.6238e+012	6.6238e+012	5.2500e-015
-6.600e-001	6.1267e-007	-6.7003e+012	-6.6620e+012	6.6620e+012	5.2500e-015
-6.500e-001	6.1300e-007	-6.7385e+012	-6.7003e+012	6.7002e+012	5.2500e-015
-6.400e-001	6.1332e-007	-6.7768e+012	-6.7385e+012	6.7385e+012	5.2500e-015
-6.300e-001	6.1364e-007	-6.8151e+012	-6.7768e+012	6.7768e+012	5.2500e-015
-6.200e-001	6.1396e-007	-6.8534e+012	-6.8151e+012	6.8151e+012	5.2500e-015
-6.100e-001	6.1427e-007	-6.8918e+012	-6.8534e+012	6.8534e+012	5.2500e-015
-6.000e-001	6.1455e-007	-6.9301e+012	-6.8918e+012	6.8917e+012	5.2500e-015
-5.900e-001	6.1487e-007	-6.9685e+012	-6.9301e+012	6.9301e+012	5.2500e-015
-5.800e-001	6.1517e-007	-7.0069e+012	-6.9685e+012	6.9685e+012	5.2500e-015
-5.700e-001	6.1546e-007	-7.0453e+012	-7.0069e+012	7.0069e+012	5.2500e-015
-5.600e-001	6.1575e-007	-7.0837e+012	-7.0453e+012	7.0453e+012	5.2500e-015
-5.500e-001	6.1603e-007	-7.1222e+012	-7.0837e+012	7.0837e+012	5.2500e-015
-5.400e-001	6.1631e-007	-7.1607e+012	-7.1222e+012	7.1221e+012	5.2500e-015
-5.300e-001	6.1659e-007	-7.1991e+012	-7.1607e+012	7.1606e+012	5.2500e-015
-5.200e-001	6.1686e-007	-7.2376e+012	-7.1991e+012	7.1991e+012	5.2500e-015
-5.100e-001	6.1713e-007	-7.2762e+012	-7.2376e+012	7.2376e+012	5.2500e-015
-5.000e-001	6.1739e-007	-7.3147e+012	-7.2762e+012	7.2761e+012	5.2500e-015
-4.900e-001	6.1765e-007	-7.3532e+012	-7.3147e+012	7.3147e+012	5.2500e-015
-4.800e-001	6.1791e-007	-7.3918e+012	-7.3532e+012	7.3532e+012	5.2500e-015
-4.700e-001	6.1816e-007	-7.4304e+012	-7.3918e+012	7.3918e+012	5.2500e-015
-4.600e-001	6.1775e-007	-7.4689e+012	-7.4304e+012	7.4304e+012	5.2500e-015
-4.500e-001	6.1727e-007	-7.5075e+012	-7.4689e+012	7.4689e+012	5.2500e-015
-4.400e-001	6.1749e-007	-7.5460e+012	-7.5075e+012	7.5074e+012	5.2500e-015
-4.300e-001	6.1771e-007	-7.5846e+012	-7.5460e+012	7.5460e+012	5.2500e-015
-4.200e-001	6.1792e-007	-7.6231e+012	-7.5846e+012	7.5845e+012	5.2500e-015
-4.100e-001	6.1813e-007	-7.6617e+012	-7.6231e+012	7.6231e+012	5.2500e-015
-4.000e-001	6.1834e-007	-7.7003e+012	-7.6617e+012	7.6617e+012	5.2500e-015
-3.900e-001	6.1855e-007	-7.7389e+012	-7.7003e+012	7.7003e+012	5.2500e-015
-3.800e-001	6.1875e-007	-7.7775e+012	-7.7389e+012	7.7389e+012	5.2500e-015
-3.700e-001	6.1896e-007	-7.8162e+012	-7.7775e+012	7.7775e+012	5.2500e-015
-3.600e-001	6.1915e-007	-7.8548e+012	-7.8162e+012	7.8161e+012	5.2500e-015
-3.500e-001	6.1935e-007	-7.8935e+012	-7.8548e+012	7.8548e+012	5.2500e-015
-3.400e-001	6.1954e-007	-7.9321e+012	-7.8935e+012	7.8934e+012	5.2500e-015
-3.300e-001	6.1974e-007	-7.9708e+012	-7.9321e+012	7.9321e+012	5.2500e-015
-3.200e-001	6.1992e-007	-8.0095e+012	-7.9708e+012	7.9708e+012	5.2500e-015
-3.100e-001	6.2011e-007	-8.0482e+012	-8.0095e+012	8.0095e+012	5.2500e-015
-3.000e-001	6.2030e-007	-8.0869e+012	-8.0482e+012	8.0482e+012	5.2500e-015
-2.900e-001	6.2048e-007	-8.1257e+012	-8.0869e+012	8.0869e+012	5.2500e-015
-2.800e-001	6.2066e-007	-8.1644e+012	-8.1257e+012	8.1256e+012	5.2500e-015
-2.700e-001	6.2084e-007	-8.2032e+012	-8.1644e+012	8.1644e+012	5.2500e-015
-2.600e-001	6.2101e-007	-8.2419e+012	-8.2032e+012	8.2031e+012	5.2500e-015
-2.500e-001	6.2119e-007	-8.2807e+012	-8.2419e+012	8.2419e+012	5.2500e-015
-2.400e-001	6.2136e-007	-8.3195e+012	-8.2807e+012	8.2806e+012	5.2500e-015
-2.300e-001	6.2153e-007	-8.3583e+012	-8.3195e+012	8.3194e+012	5.2500e-015
-2.200e-001	6.2170e-007	-8.3971e+012	-8.3583e+012	8.3582e+012	5.2500e-015
-2.100e-001	6.2186e-007	-8.4359e+012	-8.3971e+012	8.3970e+012	5.2500e-015
-2.000e-001	6.2203e-007	-8.4747e+012	-8.4359e+012	8.4358e+012	5.2500e-015
-1.900e-001	6.2219e-007	-8.5135e+012	-8.4747e+012	8.4747e+012	5.2500e-015
-1.800e-001	6.2235e-007	-8.5524e+012	-8.5135e+012	8.5135e+012	5.2500e-015
-1.700e-001	6.2251e-007	-8.5912e+012	-8.5524e+012	8.5523e+012	5.2500e-015
-1.600e-001	6.2266e-007	-8.6301e+012	-8.5912e+012	8.5912e+012	5.2500e-015
-1.500e-001	6.2282e-007	-8.6690e+012	-8.6301e+012	8.6301e+012	5.2500e-015
-1.400e-001	6.2297e-007	-8.7078e+012	-8.6690e+012	8.6689e+012	5.2500e-015
-1.300e-001	6.2313e-007	-8.7467e+012	-8.7078e+012	8.7078e+012	5.2500e-015
-1.200e-001	6.2328e-007	-8.7856e+012	-8.7467e+012	8.7467e+012	5.2500e-015
-1.100e-001	6.2342e-007	-8.8246e+012	-8.7856e+012	8.7856e+012	5.2500e-015
-1.000e-001	6.2357e-007	-8.8635e+012	-8.8246e+012	8.8245e+012	5.2500e-015
-9.000e-002	6.2372e-007	-8.9024e+012	-8.8635e+012	8.8634e+012	5.2500e-015
-8.000e-002	6.2386e-007	-8.9413e+012	-8.9024e+012	8.9024e+012	5.2500e-015
-7.000e-002	6.2400e-007	-8.9803e+012	-8.9413e+012	8.9413e+012	5.2500e-015
-6.000e-002	6.2415e-007	-9.0192e+012	-8.9803e+012	8.9802e+012	5.2500e-015
-5.000e-002	6.2429e-007	-9.0582e+012	-9.0192e+012	9.0192e+012	5.2500e-015
-4.000e-002	6.2442e-007	-9.0972e+012	-9.0582e+012	9.0582e+012	5.2500e-015
-3.000e-002	6.2456e-007	-9.1362e+012	-9.0972e+012	9.0971e+012	5.2500e-015
-2.000e-002	6.2470e-007	-9.1752e+012	-9.1362e+012	9.1361e+012	5.2500e-015
-1.000e-002	6.2483e-007	-9.2142e+012	-9.1752e+012	9.1751e+012	5.2500e-015
0.000e+000	6.2496e-007	-9.2532e+012	-9.2142e+012	9.2141e+012	5.2500e-015
1.000e-002	6.2509e-007	-9.2922e+012	-9.2532e+012	9.2531e+012	5.2500e-015
2.000e-002	6.2522e-007	-9.3312e+012	-9.2922e+012	9.2921e+012	5.2500e-015
3.000e-002	6.2535e-007	-9.3702e+012	-9.3312e+012	9.3312e+012	5.2500e-015
4.000e-002	6.2548e-007	-9.4093e+012	-9.3702e+012	9.3702e+012	5.2500e-015
5.000e-002	6.2561e-007	-9.4483e+012	-9.4093e+012	9.4092e+012	5.2500e-015
6.000e-002	6.2573e-007	-9.4874e+012	-9.4483e+012	9.4483e+012	5.2500e-015
7.000e-002	6.2586e-007	-9.5264e+012	-9.4874e+012	9.4873e+012	5.2500e-015
8.000e-002	6.2598e-007	-9.5655e+012	-9.5264e+012	9.5264e+012	5.2500e-015
9.000e-002	6.2610e-007	-9.6046e+012	-9.5655e+012	9.5655e+012	5.2500e-015
1.000e-001	6.2622e-007	-9.6437e+012	-9.6046e+012	9.6045e+012	5.2500e-015
1.100e-001	6.2634e-007	-9.6828e+012	-9.6437e+012	9.6436e+012	5.2500e-015
1.200e-001	6.2646e-007	-9.7219e+012	-9.6828e+012	9.6827e+012	5.2500e-015
1.300e-001	6.2658e-007	-9.7610e+012	-9.7219e+012	9.7218e+012	5.2500e-015
1.400e-001	6.2669e-007	-9.8001e+012	-9.7610e+012	9.7609e+012	5.2500e-015
1.500e-001	6.2681e-007	-9.8392e+012	-9.8001e+012	9.8000e+012	5.2500e-015
1.600e-001	6.2692e-007	-9.8783e+012	-9.8392e+012	9.8392e+012	5.2500e-015
1.700e-001	6.2703e-007	-9.9175e+012	-9.8783e+012	9.8783e+012	5.2500e-015
1.800e-001	6.2715e-007	-9.9566e+012	-9.9175e+012	9.9174e+012	5.2500e-015
1.900e-001	6.2726e-007	-9.9958e+012	-9.9566e+012	9.9566e+012	5.2500e-015
2.000e-001	6.2737e-007	-1.0035e+013	-9.9958e+012	9.9957e+012	5.2500e-015
2.100e-001	6.2747e-007	-1.0074e+013	-1.0035e+013	1.0035e+013	5.2500e-015
2.200e-001	6.2758e-007	-1.0113e+013	-1.0074e+013	1.0074e+013	5.2500e-015
2.300e-001	6.2769e-007	-1.0152e+013	-1.0113e+013	1.0113e+013	5.2500e-015
2.400e-001	6.2780e-007	-1.0192e+013	-1.0152e+013	1.0152e+013	5.2500e-015
2.500e-001	6.2790e-007	-1.0231e+013	-1.0192e+013	1.0192e+013	5.2500e-015
2.600e-001	6.2800e-007	-1.0270e+013	-1.0231e+013	1.0231e+013	5.2500e-015
2.700e-001	6.2811e-007	-1.0309e+013	-1.0270e+013	1.0270e+013	5.2500e-015
2.800e-001	6.2821e-007	-1.0348e+013	-1.0309e+013	1.0309e+013	5.2500e-015
2.900e-001	6.2831e-007	-1.0388e+013	-1.0348e+013	1.0348e+013	5.2500e-015
3.000e-001	6.2841e-007	-1.0427e+013	-1.0388e+013	1.0388e+013	5.2500e-015
3.100e-001	6.2851e-007	-1.0466e+013	-1.0427e+013	1.0427e+013	5.2500e-015
3.200e-001	6.2861e-007	-1.0505e+013	-1.0466e+013	1.0466e+013	5.2500e-015
3.300e-001	6.2871e-007	-1.0545e+013	-1.0505e+013	1.0505e+013	5.2500e-015
3.400e-001	6.2881e-007	-1.0584e+013	-1.0545e+013	1.0545e+013	5.2500e-015
3.500e-001	6.2890e-007	-1.0623e+013	-1.0584e+013	1.0584e+013	5.2500e-015
3.600e-001	6.2900e-007	-1.0662e+013	-1.0623e+013	1.0623e+013	5.2500e-015
3.700e-001	6.2909e-007	-1.0702e+013	-1.0662e+013	1.0662e+013	5.2500e-015
3.800e-001	6.2919e-007	-1.0741e+013	-1.0702e+013	1.0702e+013	5.2500e-015
3.900e-001	6.2928e-007	-1.0780e+013	-1.0741e+013	1.0741e+013	5.2500e-015
4.000e-001	6.2937e-007	-1.0819e+013	-1.0780e+013	1.0780e+013	5.2500e-015
4.100e-001	6.2947e-007	-1.0859e+013	-1.0819e+013	1.0819e+013	5.2500e-015
4.200e-001	6.2956e-007	-1.0898e+013	-1.0859e+013	1.0859e+013	5.2500e-015
4.300e-001	6.2965e-007	-1.0937e+013	-1.0898e+013	1.0898e+013	5.2500e-015
4.400e-001	6.2974e-007	-1.0977e+013	-1.0937e+013	1.0937e+013	5.2500e-015
4.500e-001	6.2983e-007	-1.1016e+013	-1.0977e+013	1.0977e+013	5.2500e-015
4.600e-001	6.2992e-007	-1.1055e+013	-1.1016e+013	1.1016e+013	5.2500e-015
4.700e-001	6.3000e-007	-1.1095e+013	-1.1055e+013	1.1055e+013	5.2500e-015
4.800e-001	6.3009e-007	-1.1134e+013	-1.1095e+013	1.1095e+013	5.2500e-015
4.900e-001	6.3018e-007	-1.1173e+013	-1.1134e+013	1.1134e+013	5.2500e-015
5.000e-001	6.3026e-007	-1.1213e+013	-1.1173e+013	1.1173e+013	5.2500e-015
5.100e-001	6.3035e-007	-1.1252e+013	-1.1213e+013	1.1213e+013	5.2500e-015
5.200e-001	6.3043e-007	-1.1291e+013	-1.1252e+013	1.1252e+013	5.2500e-015
5.300e-001	6.3052e-007	-1.1331e+013	-1.1291e+013	1.1291e+013	5.2500e-015
5.400e-001	6.3060e-007	-1.1370e+013	-1.1331e+013	1.1331e+013	5.2500e-015
5.500e-001	6.3068e-007	-1.1409e+013	-1.1370e+013	1.1370e+013	5.2500e-015
5.600e-001	6.3076e-007	-1.1449e+013	-1.1409e+013	1.1409e+013	5.2500e-015
5.700e-001	6.3084e-007	-1.1488e+013	-1.1449e+013	1.1449e+013	5.2500e-015
5.800e-001	6.3092e-007	-1.1527e+013	-1.1488e+013	1.1488e+013	5.2500e-015
5.900e-001	6.3100e-007	-1.1567e+013	-1.1527e+013	1.1527e+013	5.2500e-015
6.000e-001	6.3108e-007	-1.1606e+013	-1.1567e+013	1.1567e+013	5.2500e-015
6.100e-001	6.3116e-007	-1.1646e+013	-1.1606e+013	1.1606e+013	5.2500e-015
6.200e-001	6.3124e-007	-1.1685e+013	-1.1646e+013	1.1646e+013	5.2500e-015
6.300e-001	6.3132e-007	-1.1724e+013	-1.1685e+013	1.1685e+013	5.2500e-015
6.400e-001	6.3140e-007	-1.1764e+013	-1.1724e+013	1.1724e+013	5.2500e-015
6.500e-001	6.3147e-007	-1.1803e+013	-1.1764e+013	1.1764e+013	5.2500e-015
6.600e-001	6.3155e-007	-1.1843e+013	-1.1803e+013	1.1803e+013	5.2500e-015
6.700e-001	6.3163e-007	-1.1882e+013	-1.1843e+013	1.1843e+013	5.2500e-015
6.800e-001	6.3170e-007	-1.1921e+013	-1.1882e+013	1.1882e+013	5.2500e-015
6.900e-001	6.3177e-007	-1.1961e+013	-1.1921e+013	1.1921e+013	5.2500e-015
7.000e-001	6.3185e-007	-1.2000e+013	-1.1961e+013	1.1961e+013	5.2500e-015
7.100e-001	6.3192e-007	-1.2040e+013	-1.2000e+013	1.2000e+013	5.2500e-015
7.200e-001	6.3200e-007	-1.2079e+013	-1.2040e+013	1.2040e+013	5.2500e-015
7.300e-001	6.3207e-007	-1.2119e+013	-1.2079e+013	1.2079e+013	5.2500e-015
7.400e-001	6.3214e-007	-1.2158e+013	-1.2119e+013	1.2119e+013	5.2500e-015
7.500e-001	6.3221e-007	-1.2198e+013	-1.2158e+013	1.2158e+013	5.2500e-015
7.600e-001	6.3228e-007	-1.2237e+013	-1.2198e+013	1.2198e+013	5.2500e-015
7.700e-001	6.3235e-007	-1.2277e+013	-1.2237e+013	1.2237e+013	5.2500e-015
7.800e-001	6.3242e-007	-1.2316e+013	-1.2277e+013	1.2277e+013	5.2500e-015
7.900e-001	6.3249e-007	-1.2356e+013	-1.2316e+013	1.2316e+013	5.2500e-015
8.000e-001	6.3256e-007	-1.2395e+013	-1.2356e+013	1.2355e+013	5.2500e-015
8.100e-001	6.3263e-007	-1.2434e+013	-1.2395e+013	1.2395e+013	5.2500e-015
8.200e-001	6.3270e-007	-1.2474e+013	-1.2434e+013	1.2434e+013	5.2500e-015
8.300e-001	6.3277e-007	-1.2513e+013	-1.2474e+013	1.2474e+013	5.2500e-015
8.400e-001	6.3284e-007	-1.2553e+013	-1.2513e+013	1.2513e+013	5.2500e-015
8.500e-001	6.3290e-007	-1.2592e+013	-1.2553e+013	1.2553e+013	5.2500e-015
8.600e-001	6.3297e-007	-1.2632e+013	-1.2592e+013	1.2592e+013	5.2500e-015
8.700e-001	6.3304e-007	-1.2671e+013	-1.2632e+013	1.2632e+013	5.2500e-015
8.800e-001	6.3310e-007	-1.2711e+013	-1.2671e+013	1.2671e+013	5.2500e-015
8.900e-001	6.3317e-007	-1.2751e+013	-1.2711e+013	1.2711e+013	5.2500e-015
9.000e-001	6.3323e-007	-1.2790e+013	-1.2751e+013	1.2750e+013	5.2500e-015
9.100e-001	6.3330e-007	-1.2830e+013	-1.2790e+013	1.2790e+013	5.2500e-015
9.200e-001	6.3336e-007	-1.2869e+013	-1.2830e+013	1.2830e+013	5.2500e-015
9.300e-001	6.3343e-007	-1.2909e+013	-1.2869e+013	1.2869e+013	5.2500e-015
9.400e-001	6.3349e-007	-1.2948e+013	-1.2909e+013	1.2909e+013	5.2500e-015
9.500e-001	6.3355e-007	-1.2988e+013	-1.2948e+013	1.2948e+013	5.2500e-015
9.600e-001	6.3362e-007	-1.3027e+013	-1.2988e+013	1.2988e+013	5.2500e-015
9.700e-001	6.3367e-007	-1.3067e+013	-1.3027e+013	1.3027e+013	5.2500e-015
9.800e-001	6.3374e-007	-1.3106e+013	-1.3067e+013	1.3067e+013	5.2500e-015
9.900e-001	6.3380e-007	-1.3146e+013	-1.3106e+013	1.3106e+013	5.2500e-015
1.000e+000	6.3386e-007	-1.3185e+013	-1.3146e+013	1.3146e+013	5.2500e-015
1.010e+000	6.3393e-007	-1.3225e+013	-1.3185e+013	1.3185e+013	5.2500e-015
1.020e+000	6.3399e-007	-1.3265e+013	-1.3225e+013	1.3225e+013	5.2500e-015
1.030e+000	6.3405e-007	-1.3304e+013	-1.3265e+013	1.3265e+013	5.2500e-015
1.040e+000	6.3411e-007	-1.3344e+013	-1.3304e+013	1.3304e+013	5.2500e-015
1.050e+000	6.3417e-007	-1.3383e+013	-1.3344e+013	1.3344e+013	5.2500e-015
1.060e+000	6.3423e-007	-1.3423e+013	-1.3383e+013	1.3383e+013	5.2500e-015
1.070e+000	6.3430e-007	-1.3463e+013	-1.3423e+013	1.3423e+013	5.2500e-015
1.080e+000	6.3436e-007	-1.3502e+013	-1.3463e+013	1.3462e+013	5.2500e-015
1.090e+000	6.3442e-007	-1.3542e+013	-1.3502e+013	1.3502e+013	5.2500e-015
1.100e+000	6.3449e-007	-1.3581e+013	-1.3542e+013	1.3542e+013	5.2500e-015
1.110e+000	6.3456e-007	-1.3621e+013	-1.3581e+013	1.3581e+013	5.2500e-015
1.120e+000	6.3463e-007	-1.3661e+013	-1.3621e+013	1.3621e+013	5.2500e-015
1.130e+000	6.3471e-007	-1.3700e+013	-1.3661e+013	1.3660e+013	5.2500e-015
1.140e+000	6.3479e-007	-1.3740e+013	-1.3700e+013	1.3700e+013	5.2500e-015
1.150e+000	6.3488e-007	-1.3779e+013	-1.3740e+013	1.3740e+013	5.2500e-015
1.160e+000	6.3498e-007	-1.3819e+013	-1.3779e+013	1.3779e+013	5.2500e-015
1.170e+000	6.3509e-007	-1.3859e+013	-1.3819e+013	1.3819e+013	5.2500e-015
1.180e+000	6.3523e-007	-1.3898e+013	-1.3859e+013	1.3859e+013	5.2500e-015
1.190e+000	6.3539e-007	-1.3938e+013	-1.3898e+013	1.3898e+013	5.2500e-015
1.200e+000	6.3559e-007	-1.3978e+013	-1.3938e+013	1.3938e+013	5.2500e-015
1.210e+000	6.3584e-007	-1.4017e+013	-1.3978e+013	1.3978e+013	5.2500e-015
1.220e+000	6.3617e-007	-1.4057e+013	-1.4017e+013	1.4017e+013	5.2500e-015
1.230e+000	6.3659e-007	-1.4097e+013	-1.4057e+013	1.4057e+013	5.2500e-015
1.240e+000	6.3715e-007	-1.4137e+013	-1.4097e+013	1.4097e+013	5.2500e-015
1.250e+000	6.3790e-007	-1.4176e+013	-1.4137e+013	1.4136e+013	5.2500e-015
1.260e+000	6.3891e-007	-1.4216e+013	-1.4176e+013	1.4176e+013	5.2500e-015
1.270e+000	6.4028e-007	-1.4256e+013	-1.4216e+013	1.4216e+013	5.2500e-015
1.280e+000	6.4215e-007	-1.4296e+013	-1.4256e+013	1.4256e+013	5.2500e-015
1.290e+000	6.4471e-007	-1.4337e+013	-1.4296e+013	1.4296e+013	5.2500e-015
1.300e+000	6.4824e-007	-1.4377e+013	-1.4337e+013	1.4336e+013	5.2500e-015
1.310e+000	6.5310e-007	-1.4418e+013	-1.4377e+013	1.4377e+013	5.2500e-015
1.320e+000	6.5982e-007	-1.4459e+013	-1.4418e+013	1.4418e+013	5.2500e-015
1.330e+000	6.6910e-007	-1.4501e+013	-1.4459e+013	1.4459e+013	5.2500e-015
1.340e+000	6.8131e-007	-1.4543e+013	-1.4501e+013	1.4501e+013	5.2500e-015
1.350e+000	6.9862e-007	-1.4587e+013	-1.4543e+013	1.4543e+013	5.2500e-015
1.360e+000	7.2242e-007	-1.4632e+013	-1.4587e+013	1.4587e+013	5.2500e-015
1.370e+000	7.5399e-007	-1.4679e+013	-1.4632e+013	1.4632e+013	5.2500e-015
1.380e+000	7.9683e-007	-1.4729e+013	-1.4679e+013	1.4679e+013	5.2500e-015
1.390e+000	8.5301e-007	-1.4782e+013	-1.4729e+013	1.4729e+013	5.2500e-015
1.400e+000	9.2516e-007	-1.4840e+013	-1.4782e+013	1.4782e+013	5.2500e-015
1.410e+000	1.0168e-006	-1.4903e+013	-1.4840e+013	1.4840e+013	5.2500e-015
1.420e+000	1.1283e-006	-1.4974e+013	-1.4903e+013	1.4903e+013	5.2500e-015
1.430e+000	1.2595e-006	-1.5052e+013	-1.4974e+013	1.4974e+013	5.2500e-015
1.440e+000	1.4087e-006	-1.5140e+013	-1.5052e+013	1.5052e+013	5.2500e-015
1.450e+000	1.5709e-006	-1.5238e+013	-1.5140e+013	1.5140e+013	5.2500e-015
1.460e+000	1.7407e-006	-1.5347e+013	-1.5238e+013	1.5238e+013	5.2500e-015
1.470e+000	1.9119e-006	-1.5466e+013	-1.5347e+013	1.5347e+013	5.2500e-015
1.480e+000	2.0798e-006	-1.5596e+013	-1.5466e+013	1.5466e+013	5.2500e-015
1.490e+000	2.2401e-006	-1.5736e+013	-1.5596e+013	1.5596e+013	5.2500e-015
1.500e+000	2.3906e-006	-1.5885e+013	-1.5736e+013	1.5736e+013	5.2500e-015
1.510e+000	2.5300e-006	-1.6043e+013	-1.5885e+013	1.5885e+013	5.2500e-015
1.520e+000	2.6581e-006	-1.6209e+013	-1.6043e+013	1.6043e+013	5.2500e-015
1.530e+000	2.7753e-006	-1.6382e+013	-1.6209e+013	1.6209e+013	5.2500e-015
1.540e+000	2.8824e-006	-1.6562e+013	-1.6382e+013	1.6382e+013	5.2500e-015
1.550e+000	2.9804e-006	-1.6748e+013	-1.6562e+013	1.6562e+013	5.2500e-015
1.560e+000	3.0701e-006	-1.6940e+013	-1.6748e+013	1.6748e+013	5.2500e-015
1.570e+000	3.1527e-006	-1.7136e+013	-1.6940e+013	1.6940e+013	5.2500e-015
1.580e+000	3.2288e-006	-1.7338e+013	-1.7136e+013	1.7136e+013	5.2500e-015
1.590e+000	3.2993e-006	-1.7544e+013	-1.7338e+013	1.7338e+013	5.2500e-015
1.600e+000	3.3649e-006	-1.7754e+013	-1.7544e+013	1.7544e+013	5.2500e-015
1.610e+000	3.4261e-006	-1.7968e+013	-1.7754e+013	1.7754e+013	5.2500e-015
1.620e+000	3.4835e-006	-1.8185e+013	-1.7968e+013	1.7968e+013	5.2500e-015
1.630e+000	3.5375e-006	-1.8406e+013	-1.8185e+013	1.8185e+013	5.2500e-015
1.640e+000	3.5884e-006	-1.8630e+013	-1.8406e+013	1.8406e+013	5.2500e-015
1.650e+000	3.6367e-006	-1.8857e+013	-1.8630e+013	1.8630e+013	5.2500e-015
1.660e+000	3.6826e-006	-1.9087e+013	-1.8857e+013	1.8857e+013	5.2500e-015
1.670e+000	3.7263e-006	-1.9319e+013	-1.9087e+013	1.9087e+013	5.2500e-015
1.680e+000	3.7681e-006	-1.9554e+013	-1.9319e+013	1.9319e+013	5.2500e-015
1.690e+000	3.8081e-006	-1.9792e+013	-1.9554e+013	1.9554e+013	5.2500e-015
1.700e+000	3.8464e-006	-2.0032e+013	-1.9792e+013	1.9792e+013	5.2500e-015
1.710e+000	3.8833e-006	-2.0275e+013	-2.0032e+013	2.0032e+013	5.2500e-015
1.720e+000	3.9189e-006	-2.0519e+013	-2.0275e+013	2.0275e+013	5.2500e-015
1.730e+000	3.9165e-006	-2.0764e+013	-2.0519e+013	2.0519e+013	5.2500e-015
1.740e+000	3.9376e-006	-2.1009e+013	-2.0764e+013	2.0764e+013	5.2500e-015
1.750e+000	3.9641e-006	-2.1257e+013	-2.1009e+013	2.1009e+013	5.2500e-015
1.760e+000	3.9897e-006	-2.1506e+013	-2.1257e+013	2.1257e+013	5.2500e-015
1.770e+000	4.0142e-006	-2.1756e+013	-2.1506e+013	2.1506e+013	5.2500e-015
1.780e+000	4.0379e-006	-2.2008e+013	-2.1756e+013	2.1756e+013	5.2500e-015
1.790e+000	4.0608e-006	-2.2262e+013	-2.2008e+013	2.2008e+013	5.2500e-015
1.800e+000	4.0828e-006	-2.2517e+013	-2.2262e+013	2.2262e+013	5.2500e-015
1.810e+000	4.1042e-006	-2.2773e+013	-2.2517e+013	2.2517e+013	5.2500e-015
1.820e+000	4.1249e-006	-2.3030e+013	-2.2773e+013	2.2773e+013	5.2500e-015
1.830e+000	4.1449e-006	-2.3289e+013	-2.3030e+013	2.3030e+013	5.2500e-015
1.840e+000	4.1644e-006	-2.3549e+013	-2.3289e+013	2.3289e+013	5.2500e-015
1.850e+000	4.1833e-006	-2.3810e+013	-2.3549e+013	2.3549e+013	5.2500e-015
1.860e+000	4.2016e-006	-2.4072e+013	-2.3810e+013	2.3810e+013	5.2500e-015
1.870e+000	4.2195e-006	-2.4336e+013	-2.4072e+013	2.4072e+013	5.2500e-015
1.880e+000	4.2369e-006	-2.4600e+013	-2.4336e+013	2.4336e+013	5.2500e-015
1.890e+000	4.2538e-006	-2.4866e+013	-2.4600e+013	2.4600e+013	5.2500e-015
1.900e+000	4.2703e-006	-2.5132e+013	-2.4866e+013	2.4865e+013	5.2500e-015
1.910e+000	4.2864e-006	-2.5400e+013	-2.5132e+013	2.5132e+013	5.2500e-015
1.920e+000	4.3021e-006	-2.5668e+013	-2.5400e+013	2.5400e+013	5.2500e-015
1.930e+000	4.3174e-006	-2.5938e+013	-2.5668e+013	2.5668e+013	5.2500e-015
1.940e+000	4.3324e-006	-2.6208e+013	-2.5938e+013	2.5938e+013	5.2500e-015
1.950e+000	4.3470e-006	-2.6479e+013	-2.6208e+013	2.6208e+013	5.2500e-015
1.960e+000	4.3614e-006	-2.6752e+013	-2.6479e+013	2.6479e+013	5.2500e-015
1.970e+000	4.3754e-006	-2.7025e+013	-2.6752e+013	2.6751e+013	5.2500e-015
1.980e+000	4.3891e-006	-2.7299e+013	-2.7025e+013	2.7025e+013	5.2500e-015
1.990e+000	4.3978e-006	-2.7573e+013	-2.7299e+013	2.7299e+013	5.2500e-015
2.000e+000	4.4060e-006	-2.7848e+013	-2.7573e+013	2.7573e+013	5.2500e-015
2.010e+000	4.4184e-006	-2.8124e+013	-2.7848e+013	2.7848e+013	5.2500e-015
2.020e+000	4.4306e-006	-2.8400e+013	-2.8124e+013	2.8124e+013	5.2500e-015
2.030e+000	4.4425e-006	-2.8678e+013	-2.8400e+013	2.8400e+013	5.2500e-015
2.040e+000	4.4543e-006	-2.8956e+013	-2.8678e+013	2.8678e+013	5.2500e-015
2.050e+000	4.4658e-006	-2.9234e+013	-2.8956e+013	2.8956e+013	5.2500e-015
2.060e+000	4.4771e-006	-2.9514e+013	-2.9234e+013	2.9234e+013	5.2500e-015
2.070e+000	4.4882e-006	-2.9794e+013	-2.9514e+013	2.9514e+013	5.2500e-015
2.080e+000	4.4991e-006	-3.0075e+013	-2.9794e+013	2.9794e+013	5.2500e-015
2.090e+000	4.5098e-006	-3.0356e+013	-3.0075e+013	3.0075e+013	5.2500e-015
2.100e+000	4.5203e-006	-3.0638e+013	-3.0356e+013	3.0356e+013	5.2500e-015
2.110e+000	4.5307e-006	-3.0921e+013	-3.0638e+013	3.0638e+013	5.2500e-015
2.120e+000	4.5408e-006	-3.1205e+013	-3.0921e+013	3.0921e+013	5.2500e-015
2.130e+000	4.5509e-006	-3.1489e+013	-3.1205e+013	3.1205e+013	5.2500e-015
2.140e+000	4.5607e-006	-3.1773e+013	-3.1489e+013	3.1489e+013	5.2500e-015
2.150e+000	4.5704e-006	-3.2059e+013	-3.1773e+013	3.1773e+013	5.2500e-015
2.160e+000	4.5800e-006	-3.2344e+013	-3.2059e+013	3.2058e+013	5.2500e-015
2.170e+000	4.5894e-006	-3.2631e+013	-3.2344e+013	3.2344e+013	5.2500e-015
2.180e+000	4.5986e-006	-3.2918e+013	-3.2631e+013	3.2631e+013	5.2500e-015
2.190e+000	4.6078e-006	-3.3205e+013	-3.2918e+013	3.2918e+013	5.2500e-015
2.200e+000	4.6167e-006	-3.3494e+013	-3.3205e+013	3.3205e+013	5.2500e-015
2.210e+000	4.6256e-006	-3.3782e+013	-3.3494e+013	3.3494e+013	5.2500e-015
2.220e+000	4.6344e-006	-3.4072e+013	-3.3782e+013	3.3782e+013	5.2500e-015
2.230e+000	4.6430e-006	-3.4361e+013	-3.4072e+013	3.4072e+013	5.2500e-015
2.240e+000	4.6515e-006	-3.4652e+013	-3.4361e+013	3.4361e+013	5.2500e-015
2.250e+000	4.6598e-006	-3.4943e+013	-3.4652e+013	3.4652e+013	5.2500e-015
2.260e+000	4.6681e-006	-3.5234e+013	-3.4943e+013	3.4942e+013	5.2500e-015
2.270e+000	4.6763e-006	-3.5526e+013	-3.5234e+013	3.5234e+013	5.2500e-015
2.280e+000	4.6843e-006	-3.5818e+013	-3.5526e+013	3.5526e+013	5.2500e-015
2.290e+000	4.6923e-006	-3.6111e+013	-3.5818e+013	3.5818e+013	5.2500e-015
2.300e+000	4.7001e-006	-3.6404e+013	-3.6111e+013	3.6111e+013	5.2500e-015
2.310e+000	4.7079e-006	-3.6698e+013	-3.6404e+013	3.6404e+013	5.2500e-015
2.320e+000	4.7155e-006	-3.6993e+013	-3.6698e+013	3.6698e+013	5.2500e-015
2.330e+000	4.7231e-006	-3.7287e+013	-3.6993e+013	3.6992e+013	5.2500e-015
2.340e+000	4.7305e-006	-3.7583e+013	-3.7287e+013	3.7287e+013	5.2500e-015
2.350e+000	4.7379e-006	-3.7878e+013	-3.7583e+013	3.7583e+013	5.2500e-015
2.360e+000	4.7452e-006	-3.8174e+013	-3.7878e+013	3.7878e+013	5.2500e-015
2.370e+000	4.7524e-006	-3.8471e+013	-3.8174e+013	3.8174e+013	5.2500e-015
2.380e+000	4.7595e-006	-3.8768e+013	-3.8471e+013	3.8471e+013	5.2500e-015
2.390e+000	4.7666e-006	-3.9066e+013	-3.8768e+013	3.8768e+013	5.2500e-015
2.400e+000	4.7735e-006	-3.9364e+013	-3.9066e+013	3.9066e+013	5.2500e-015
2.410e+000	4.7804e-006	-3.9662e+013	-3.9364e+013	3.9364e+013	5.2500e-015
2.420e+000	4.7872e-006	-3.9961e+013	-3.9662e+013	3.9662e+013	5.2500e-015
2.430e+000	4.7939e-006	-4.0260e+013	-3.9961e+013	3.9961e+013	5.2500e-015
2.440e+000	4.8006e-006	-4.0560e+013	-4.0260e+013	4.0260e+013	5.2500e-015
2.450e+000	4.8072e-006	-4.0860e+013	-4.0560e+013	4.0560e+013	5.2500e-015
2.460e+000	4.8137e-006	-4.1160e+013	-4.0860e+013	4.0860e+013	5.2500e-015
2.470e+000	4.8201e-006	-4.1461e+013	-4.1160e+013	4.1160e+013	5.2500e-015
2.480e+000	4.8265e-006	-4.1762e+013	-4.1461e+013	4.1461e+013	5.2500e-015
2.490e+000	4.8328e-006	-4.2064e+013	-4.1762e+013	4.1762e+013	5.2500e-015
2.500e+000	4.8391e-006	-4.2366e+013	-4.2064e+013	4.2064e+013	5.2500e-015
2.510e+000	4.8453e-006	-4.2668e+013	-4.2366e+013	4.2366e+013	5.2500e-015
2.520e+000	4.8514e-006	-4.2971e+013	-4.2668e+013	4.2668e+013	5.2500e-015
2.530e+000	4.8574e-006	-4.3274e+013	-4.2971e+013	4.2971e+013	5.2500e-015
2.540e+000	4.8634e-006	-4.3578e+013	-4.3274e+013	4.3274e+013	5.2500e-015
2.550e+000	4.8694e-006	-4.3882e+013	-4.3578e+013	4.3578e+013	5.2500e-015
2.560e+000	4.8753e-006	-4.4186e+013	-4.3882e+013	4.3882e+013	5.2500e-015
2.570e+000	4.8811e-006	-4.4491e+013	-4.4186e+013	4.4186e+013	5.2500e-015
2.580e+000	4.8869e-006	-4.4796e+013	-4.4491e+013	4.4491e+013	5.2500e-015
2.590e+000	4.8926e-006	-4.5101e+013	-4.4796e+013	4.4796e+013	5.2500e-015
2.600e+000	4.8971e-006	-4.5407e+013	-4.5101e+013	4.5101e+013	5.2500e-015
2.610e+000	4.9023e-006	-4.5713e+013	-4.5407e+013	4.5407e+013	5.2500e-015
2.620e+000	4.9078e-006	-4.6019e+013	-4.5713e+013	4.5713e+013	5.2500e-015
2.630e+000	4.9133e-006	-4.6326e+013	-4.6019e+013	4.6019e+013	5.2500e-015
2.640e+000	4.9187e-006	-4.6633e+013	-4.6326e+013	4.6326e+013	5.2500e-015
2.650e+000	4.9241e-006	-4.6940e+013	-4.6633e+013	4.6633e+013	5.2500e-015
2.660e+000	4.9295e-006	-4.7248e+013	-4.6940e+013	4.6940e+013	5.2500e-015
2.670e+000	4.9348e-006	-4.7556e+013	-4.7248e+013	4.7248e+013	5.2500e-015
2.680e+000	4.9400e-006	-4.7864e+013	-4.7556e+013	4.7556e+013	5.2500e-015
2.690e+000	4.9452e-006	-4.8173e+013	-4.7864e+013	4.7864e+013	5.2500e-015
2.700e+000	4.9504e-006	-4.8482e+013	-4.8173e+013	4.8173e+013	5.2500e-015
2.710e+000	4.9555e-006	-4.8791e+013	-4.8482e+013	4.8482e+013	5.2500e-015
2.720e+000	4.9606e-006	-4.9101e+013	-4.8791e+013	4.8791e+013	5.2500e-015
2.730e+000	4.9656e-006	-4.9410e+013	-4.9101e+013	4.9100e+013	5.2500e-015
2.740e+000	4.9706e-006	-4.9721e+013	-4.9410e+013	4.9410e+013	5.2500e-015
2.750e+000	4.9755e-006	-5.0031e+013	-4.9721e+013	4.9721e+013	5.2500e-015
2.760e+000	4.9804e-006	-5.0342e+013	-5.0031e+013	5.0031e+013	5.2500e-015
2.770e+000	4.9853e-006	-5.0653e+013	-5.0342e+013	5.0342e+013	5.2500e-015
2.780e+000	4.9901e-006	-5.0965e+013	-5.0653e+013	5.0653e+013	5.2500e-015
2.790e+000	4.9949e-006	-5.1276e+013	-5.0965e+013	5.0965e+013	5.2500e-015
2.800e+000	4.9997e-006	-5.1589e+013	-5.1276e+013	5.1276e+013	5.2500e-015
2.810e+000	5.0044e-006	-5.1901e+013	-5.1589e+013	5.1588e+013	5.2500e-015
2.820e+000	5.0091e-006	-5.2214e+013	-5.1901e+013	5.1901e+013	5.2500e-015
2.830e+000	5.0137e-006	-5.2526e+013	-5.2214e+013	5.2213e+013	5.2500e-015
2.840e+000	5.0183e-006	-5.2840e+013	-5.2526e+013	5.2526e+013	5.2500e-015
2.850e+000	5.0229e-006	-5.3153e+013	-5.2840e+013	5.2840e+013	5.2500e-015
2.860e+000	5.0274e-006	-5.3467e+013	-5.3153e+013	5.3153e+013	5.2500e-015
2.870e+000	5.0319e-006	-5.3781e+013	-5.3467e+013	5.3467e+013	5.2500e-015
2.880e+000	5.0364e-006	-5.4095e+013	-5.3781e+013	5.3781e+013	5.2500e-015
2.890e+000	5.0408e-006	-5.4410e+013	-5.4095e+013	5.4095e+013	5.2500e-015
2.900e+000	5.0452e-006	-5.4725e+013	-5.4410e+013	5.4410e+013	5.2500e-015
2.910e+000	5.0496e-006	-5.5040e+013	-5.4725e+013	5.4725e+013	5.2500e-015
2.920e+000	5.0539e-006	-5.5355e+013	-5.5040e+013	5.5040e+013	5.2500e-015
2.930e+000	5.0582e-006	-5.5671e+013	-5.5355e+013	5.5355e+013	5.2500e-015
2.940e+000	5.0625e-006	-5.5987e+013	-5.5671e+013	5.5671e+013	5.2500e-015
2.950e+000	5.0668e-006	-5.6303e+013	-5.5987e+013	5.5987e+013	5.2500e-015
2.960e+000	5.0710e-006	-5.6620e+013	-5.6303e+013	5.6303e+013	5.2500e-015
2.970e+000	5.0752e-006	-5.6937e+013	-5.6620e+013	5.6620e+013	5.2500e-015
2.980e+000	5.0793e-006	-5.7254e+013	-5.6937e+013	5.6937e+013	5.2500e-015
2.990e+000	5.0835e-006	-5.7571e+013	-5.7254e+013	5.7254e+013	5.2500e-015
3.000e+000	5.0876e-006	-5.7889e+013	-5.7571e+013	5.7571e+013	5.2500e-015
3.010e+000	5.0916e-006	-5.8206e+013	-5.7889e+013	5.7888e+013	5.2500e-015
3.020e+000	5.0957e-006	-5.8524e+013	-5.8206e+013	5.8206e+013	5.2500e-015
3.030e+000	5.0997e-006	-5.8843e+013	-5.8524e+013	5.8524e+013	5.2500e-015
3.040e+000	5.1037e-006	-5.9161e+013	-5.8843e+013	5.8843e+013	5.2500e-015
3.050e+000	5.1076e-006	-5.9480e+013	-5.9161e+013	5.9161e+013	5.2500e-015
3.060e+000	5.1116e-006	-5.9799e+013	-5.9480e+013	5.9480e+013	5.2500e-015
3.070e+000	5.1155e-006	-6.0118e+013	-5.9799e+013	5.9799e+013	5.2500e-015
3.080e+000	5.1194e-006	-6.0438e+013	-6.0118e+013	6.0118e+013	5.2500e-015
3.090e+000	5.1232e-006	-6.0758e+013	-6.0438e+013	6.0438e+013	5.2500e-015
3.100e+000	5.1271e-006	-6.1078e+013	-6.0758e+013	6.0758e+013	5.2500e-015
3.110e+000	5.1309e-006	-6.1398e+013	-6.1078e+013	6.1078e+013	5.2500e-015
3.120e+000	5.1347e-006	-6.1718e+013	-6.1398e+013	6.1398e+013	5.2500e-015
3.130e+000	5.1384e-006	-6.2039e+013	-6.1718e+013	6.1718e+013	5.2500e-015
3.140e+000	5.1422e-006	-6.2360e+013	-6.2039e+013	6.2039e+013	5.2500e-015
3.150e+000	5.1459e-006	-6.2681e+013	-6.2360e+013	6.2360e+013	5.2500e-015
3.160e+000	5.1496e-006	-6.3003e+013	-6.2681e+013	6.2681e+013	5.2500e-015
3.170e+000	5.1532e-006	-6.3324e+013	-6.3003e+013	6.3003e+013	5.2500e-015
3.180e+000	5.1569e-006	-6.3646e+013	-6.3324e+013	6.3324e+013	5.2500e-015
3.190e+000	5.1605e-006	-6.3968e+013	-6.3646e+013	6.3646e+013	5.2500e-015
3.200e+000	5.1641e-006	-6.4291e+013	-6.3968e+013	6.3968e+013	5.2500e-015
3.210e+000	5.1677e-006	-6.4613e+013	-6.4291e+013	6.4290e+013	5.2500e-015
3.220e+000	5.1713e-006	-6.4936e+013	-6.4613e+013	6.4613e+013	5.2500e-015
3.230e+000	5.1748e-006	-6.5259e+013	-6.4936e+013	6.4936e+013	5.2500e-015
3.240e+000	5.1783e-006	-6.5582e+013	-6.5259e+013	6.5259e+013	5.2500e-015
3.250e+000	5.1818e-006	-6.5905e+013	-6.5582e+013	6.5582e+013	5.2500e-015
3.260e+000	5.1853e-006	-6.6229e+013	-6.5905e+013	6.5905e+013	5.2500e-015
3.270e+000	5.1887e-006	-6.6553e+013	-6.6229e+013	6.6229e+013	5.2500e-015
3.280e+000	5.1922e-006	-6.6877e+013	-6.6553e+013	6.6553e+013	5.2500e-015
3.290e+000	5.1956e-006	-6.7201e+013	-6.6877e+013	6.6877e+013	5.2500e-015
3.300e+000	5.1990e-006	-6.7526e+013	-6.7201e+013	6.7201e+013	5.2500e-015
3.310e+000	5.2023e-006	-6.7850e+013	-6.7526e+013	6.7526e+013	5.2500e-015
3.320e+000	5.2057e-006	-6.8175e+013	-6.7850e+013	6.7850e+013	5.2500e-015
3.330e+000	5.2090e-006	-6.8501e+013	-6.8175e+013	6.8175e+013	5.2500e-015
3.340e+000	5.2124e-006	-6.8826e+013	-6.8501e+013	6.8500e+013	5.2500e-015
3.350e+000	5.2157e-006	-6.9151e+013	-6.8826e+013	6.8826e+013	5.2500e-015
3.360e+000	5.2189e-006	-6.9477e+013	-6.9151e+013	6.9151e+013	5.2500e-015
3.370e+000	5.2222e-006	-6.9803e+013	-6.9477e+013	6.9477e+013	5.2500e-015
3.380e+000	5.2254e-006	-7.0129e+013	-6.9803e+013	6.9803e+013	5.2500e-015
3.390e+000	5.2287e-006	-7.0456e+013	-7.0129e+013	7.0129e+013	5.2500e-015
3.400e+000	5.2319e-006	-7.0782e+013	-7.0456e+013	7.0456e+013	5.2500e-015
3.410e+000	5.2351e-006	-7.1109e+013	-7.0782e+013	7.0782e+013	5.2500e-015
3.420e+000	5.2382e-006	-7.1436e+013	-7.1109e+013	7.1109e+013	5.2500e-015
3.430e+000	5.2414e-006	-7.1763e+013	-7.1436e+013	7.1436e+013	5.2500e-015
3.440e+000	5.2445e-006	-7.2090e+013	-7.1763e+013	7.1763e+013	5.2500e-015
3.450e+000	5.2477e-006	-7.2418e+013	-7.2090e+013	7.2090e+013	5.2500e-015
3.460e+000	5.2508e-006	-7.2746e+013	-7.2418e+013	7.2418e+013	5.2500e-015
3.470e+000	5.2539e-006	-7.3073e+013	-7.2746e+013	7.2745e+013	5.2500e-015
3.480e+000	5.2569e-006	-7.3402e+013	-7.3073e+013	7.3073e+013	5.2500e-015
3.490e+000	5.2600e-006	-7.3730e+013	-7.3402e+013	7.3402e+013	5.2500e-015
3.500e+000	5.2630e-006	-7.4058e+013	-7.3730e+013	7.3730e+013	5.2500e-015
3.510e+000	5.2660e-006	-7.4387e+013	-7.4058e+013	7.4058e+013	5.2500e-015
3.520e+000	5.2691e-006	-7.4716e+013	-7.4387e+013	7.4387e+013	5.2500e-015
3.530e+000	5.2720e-006	-7.5045e+013	-7.4716e+013	7.4716e+013	5.2500e-015
3.540e+000	5.2750e-006	-7.5374e+013	-7.5045e+013	7.5045e+013	5.2500e-015
3.550e+000	5.2780e-006	-7.5704e+013	-7.5374e+013	7.5374e+013	5.2500e-015
3.560e+000	5.2809e-006	-7.6033e+013	-7.5704e+013	7.5704e+013	5.2500e-015
3.570e+000	5.2839e-006	-7.6363e+013	-7.6033e+013	7.6033e+013	5.2500e-015
3.580e+000	5.2868e-006	-7.6693e+013	-7.6363e+013	7.6363e+013	5.2500e-015
3.590e+000	5.2897e-006	-7.7023e+013	-7.6693e+013	7.6693e+013	5.2500e-015
3.600e+000	5.2926e-006	-7.7353e+013	-7.7023e+013	7.7023e+013	5.2500e-015
3.610e+000	5.2955e-006	-7.7684e+013	-7.7353e+013	7.7353e+013	5.2500e-015
3.620e+000	5.2983e-006	-7.8015e+013	-7.7684e+013	7.7684e+013	5.2500e-015
3.630e+000	5.3012e-006	-7.8346e+013	-7.8015e+013	7.8015e+013	5.2500e-015
3.640e+000	5.3040e-006	-7.8677e+013	-7.8346e+013	7.8346e+013	5.2500e-015
3.650e+000	5.3068e-006	-7.9008e+013	-7.8677e+013	7.8677e+013	5.2500e-015
3.660e+000	5.3096e-006	-7.9339e+013	-7.9008e+013	7.9008e+013	5.2500e-015
3.670e+000	5.3124e-006	-7.9671e+013	-7.9339e+013	7.9339e+013	5.2500e-015
3.680e+000	5.3152e-006	-8.0003e+013	-7.9671e+013	7.9671e+013	5.2500e-015
3.690e+000	5.3180e-006	-8.0334e+013	-8.0003e+013	8.0003e+013	5.2500e-015
3.700e+000	5.3207e-006	-8.0667e+013	-8.0334e+013	8.0334e+013	5.2500e-015
3.710e+000	5.3234e-006	-8.0999e+013	-8.0667e+013	8.0667e+013	5.2500e-015
3.720e+000	5.3262e-006	-8.1331e+013	-8.0999e+013	8.0999e+013	5.2500e-015
3.730e+000	5.3289e-006	-8.1664e+013	-8.1331e+013	8.1331e+013	5.2500e-015
3.740e+000	5.3316e-006	-8.1997e+013	-8.1664e+013	8.1664e+013	5.2500e-015
3.750e+000	5.3343e-006	-8.2330e+013	-8.1997e+013	8.1997e+013	5.2500e-015
3.760e+000	5.3369e-006	-8.2663e+013	-8.2330e+013	8.2330e+013	5.2500e-015
3.770e+000	5.3396e-006	-8.2996e+013	-8.2663e+013	8.2663e+013	5.2500e-015
3.780e+000	5.3423e-006	-8.3329e+013	-8.2996e+013	8.2996e+013	5.2500e-015
3.790e+000	5.3449e-006	-8.3663e+013	-8.3329e+013	8.3329e+013	5.2500e-015
3.800e+000	5.3475e-006	-8.3997e+013	-8.3663e+013	8.3663e+013	5.2500e-015
3.810e+000	5.3501e-006	-8.4331e+013	-8.3997e+013	8.3997e+013	5.2500e-015
3.820e+000	5.3527e-006	-8.4665e+013	-8.4331e+013	8.4331e+013	5.2500e-015
3.830e+000	5.3553e-006	-8.4999e+013	-8.4665e+013	8.4665e+013	5.2500e-015
3.840e+000	5.3579e-006	-8.5333e+013	-8.4999e+013	8.4999e+013	5.2500e-015
3.850e+000	5.3605e-006	-8.5668e+013	-8.5333e+013	8.5333e+013	5.2500e-015
3.860e+000	5.3630e-006	-8.6003e+013	-8.5668e+013	8.5668e+013	5.2500e-015
3.870e+000	5.3656e-006	-8.6338e+013	-8.6003e+013	8.6003e+013	5.2500e-015
3.880e+000	5.3681e-006	-8.6673e+013	-8.6338e+013	8.6338e+013	5.2500e-015
3.890e+000	5.3706e-006	-8.7008e+013	-8.6673e+013	8.6673e+013	5.2500e-015
3.900e+000	5.3731e-006	-8.7343e+013	-8.7008e+013	8.7008e+013	5.2500e-015
3.910e+000	5.3756e-006	-8.7679e+013	-8.7343e+013	8.7343e+013	5.2500e-015
3.920e+000	5.3781e-006	-8.8014e+013	-8.7679e+013	8.7679e+013	5.2500e-015
3.930e+000	5.3806e-006	-8.8350e+013	-8.8014e+013	8.8014e+013	5.2500e-015
3.940e+000	5.3831e-006	-8.8686e+013	-8.8350e+013	8.8350e+013	5.2500e-015
3.950e+000	5.3855e-006	-8.9022e+013	-8.8686e+013	8.8686e+013	5.2500e-015
3.960e+000	5.3880e-006	-8.9359e+013	-8.9022e+013	8.9022e+013	5.2500e-015
3.970e+000	5.3904e-006	-8.9695e+013	-8.9359e+013	8.9359e+013	5.2500e-015
3.980e+000	5.3928e-006	-9.0032e+013	-8.9695e+013	8.9695e+013	5.2500e-015
3.990e+000	5.3953e-006	-9.0369e+013	-9.0032e+013	9.0032e+013	5.2500e-015
4.000e+000	5.3977e-006	-9.0705e+013	-9.0369e+013	9.0368e+013	5.2500e-015
4.010e+000	5.4001e-006	-9.1042e+013	-9.0705e+013	9.0705e+013	5.2500e-015
4.020e+000	5.4024e-006	-9.1380e+013	-9.1042e+013	9.1042e+013	5.2500e-015
4.030e+000	5.4048e-006	-9.1717e+013	-9.1380e+013	9.1380e+013	5.2500e-015
4.040e+000	5.4072e-006	-9.2054e+013	-9.1717e+013	9.1717e+013	5.2500e-015
4.050e+000	5.4095e-006	-9.2392e+013	-9.2054e+013	9.2054e+013	5.2500e-015
4.060e+000	5.4119e-006	-9.2730e+013	-9.2392e+013	9.2392e+013	5.2500e-015
4.070e+000	5.4142e-006	-9.3068e+013	-9.2730e+013	9.2730e+013	5.2500e-015
4.080e+000	5.4165e-006	-9.3406e+013	-9.3068e+013	9.3068e+013	5.2500e-015
4.090e+000	5.4189e-006	-9.3744e+013	-9.3406e+013	9.3406e+013	5.2500e-015
4.100e+000	5.4212e-006	-9.4082e+013	-9.3744e+013	9.3744e+013	5.2500e-015
4.110e+000	5.4235e-006	-9.4421e+013	-9.4082e+013	9.4082e+013	5.2500e-015
4.120e+000	5.4257e-006	-9.4760e+013	-9.4421e+013	9.4421e+013	5.2500e-015
4.130e+000	5.4280e-006	-9.5098e+013	-9.4760e+013	9.4760e+013	5.2500e-015
4.140e+000	5.4303e-006	-9.5437e+013	-9.5098e+013	9.5098e+013	5.2500e-015
4.150e+000	5.4326e-006	-9.5776e+013	-9.5437e+013	9.5437e+013	5.2500e-015
4.160e+000	5.4348e-006	-9.6116e+013	-9.5776e+013	9.5776e+013	5.2500e-015
4.170e+000	5.4371e-006	-9.6455e+013	-9.6116e+013	9.6116e+013	5.2500e-015
4.180e+000	5.4393e-006	-9.6794e+013	-9.6455e+013	9.6455e+013	5.2500e-015
4.190e+000	5.4415e-006	-9.7134e+013	-9.6794e+013	9.6794e+013	5.2500e-015
4.200e+000	5.4437e-006	-9.7474e+013	-9.7134e+013	9.7134e+013	5.2500e-015
4.210e+000	5.4459e-006	-9.7814e+013	-9.7474e+013	9.7474e+013	5.2500e-015
4.220e+000	5.4481e-006	-9.8154e+013	-9.7814e+013	9.7814e+013	5.2500e-015
4.230e+000	5.4503e-006	-9.8494e+013	-9.8154e+013	9.8154e+013	5.2500e-015
4.240e+000	5.4525e-006	-9.8834e+013	-9.8494e+013	9.8494e+013	5.2500e-015
4.250e+000	5.4545e-006	-9.9175e+013	-9.8834e+013	9.8834e+013	5.2500e-015
4.260e+000	5.4567e-006	-9.9515e+013	-9.9175e+013	9.9175e+013	5.2500e-015
4.270e+000	5.4588e-006	-9.9856e+013	-9.9515e+013	9.9515e+013	5.2500e-015
4.280e+000	5.4610e-006	-1.0020e+014	-9.9856e+013	9.9856e+013	5.2500e-015
4.290e+000	5.4631e-006	-1.0054e+014	-1.0020e+014	1.0020e+014	5.2500e-015
4.300e+000	5.4652e-006	-1.0088e+014	-1.0054e+014	1.0054e+014	5.2500e-015
4.310e+000	5.4674e-006	-1.0122e+014	-1.0088e+014	1.0088e+014	5.2500e-015
4.320e+000	5.4695e-006	-1.0156e+014	-1.0122e+014	1.0122e+014	5.2500e-015
4.330e+000	5.4716e-006	-1.0190e+014	-1.0156e+014	1.0156e+014	5.2500e-015
4.340e+000	5.4737e-006	-1.0224e+014	-1.0190e+014	1.0190e+014	5.2500e-015
4.350e+000	5.4758e-006	-1.0259e+014	-1.0224e+014	1.0224e+014	5.2500e-015
4.360e+000	5.4779e-006	-1.0293e+014	-1.0259e+014	1.0259e+014	5.2500e-015
4.370e+000	5.4799e-006	-1.0327e+014	-1.0293e+014	1.0293e+014	5.2500e-015
4.380e+000	5.4820e-006	-1.0361e+014	-1.0327e+014	1.0327e+014	5.2500e-015
4.390e+000	5.4841e-006	-1.0395e+014	-1.0361e+014	1.0361e+014	5.2500e-015
4.400e+000	5.4861e-006	-1.0430e+014	-1.0395e+014	1.0395e+014	5.2500e-015
4.410e+000	5.4882e-006	-1.0464e+014	-1.0430e+014	1.0430e+014	5.2500e-015
4.420e+000	5.4902e-006	-1.0498e+014	-1.0464e+014	1.0464e+014	5.2500e-015
4.430e+000	5.4922e-006	-1.0533e+014	-1.0498e+014	1.0498e+014	5.2500e-015
4.440e+000	5.4943e-006	-1.0567e+014	-1.0533e+014	1.0533e+014	5.2500e-015
4.450e+000	5.4963e-006	-1.0601e+014	-1.0567e+014	1.0567e+014	5.2500e-015
4.460e+000	5.4983e-006	-1.0635e+014	-1.0601e+014	1.0601e+014	5.2500e-015
4.470e+000	5.5003e-006	-1.0670e+014	-1.0635e+014	1.0635e+014	5.2500e-015
4.480e+000	5.5023e-006	-1.0704e+014	-1.0670e+014	1.0670e+014	5.2500e-015
4.490e+000	5.5043e-006	-1.0738e+014	-1.0704e+014	1.0704e+014	5.2500e-015
4.500e+000	5.5062e-006	-1.0773e+014	-1.0738e+014	1.0738e+014	5.2500e-015
4.510e+000	5.5082e-006	-1.0807e+014	-1.0773e+014	1.0773e+014	5.2500e-015
4.520e+000	5.5102e-006	-1.0842e+014	-1.0807e+014	1.0807e+014	5.2500e-015
4.530e+000	5.5121e-006	-1.0876e+014	-1.0842e+014	1.0842e+014	5.2500e-015
4.540e+000	5.5141e-006	-1.0910e+014	-1.0876e+014	1.0876e+014	5.2500e-015
4.550e+000	5.5160e-006	-1.0945e+014	-1.0910e+014	1.0910e+014	5.2500e-015
4.560e+000	5.5180e-006	-1.0979e+014	-1.0945e+014	1.0945e+014	5.2500e-015
4.570e+000	5.5199e-006	-1.1014e+014	-1.0979e+014	1.0979e+014	5.2500e-015
4.580e+000	5.5218e-006	-1.1048e+014	-1.1014e+014	1.1014e+014	5.2500e-015
4.590e+000	5.5238e-006	-1.1083e+014	-1.1048e+014	1.1048e+014	5.2500e-015
4.600e+000	5.5257e-006	-1.1117e+014	-1.1083e+014	1.1083e+014	5.2500e-015
4.610e+000	5.5276e-006	-1.1152e+014	-1.1117e+014	1.1117e+014	5.2500e-015
4.620e+000	5.5295e-006	-1.1186e+014	-1.1152e+014	1.1152e+014	5.2500e-015
4.630e+000	5.5314e-006	-1.1221e+014	-1.1186e+014	1.1186e+014	5.2500e-015
4.640e+000	5.5333e-006	-1.1255e+014	-1.1221e+014	1.1221e+014	5.2500e-015
4.650e+000	5.5351e-006	-1.1290e+014	-1.1255e+014	1.1255e+014	5.2500e-015
4.660e+000	5.5370e-006	-1.1324e+014	-1.1290e+014	1.1290e+014	5.2500e-015
4.670e+000	5.5389e-006	-1.1359e+014	-1.1324e+014	1.1324e+014	5.2500e-015
4.680e+000	5.5407e-006	-1.1394e+014	-1.1359e+014	1.1359e+014	5.2500e-015
4.690e+000	5.5426e-006	-1.1428e+014	-1.1394e+014	1.1394e+014	5.2500e-015
4.700e+000	5.5444e-006	-1.1463e+014	-1.1428e+014	1.1428e+014	5.2500e-015
4.710e+000	5.5463e-006	-1.1497e+014	-1.1463e+014	1.1463e+014	5.2500e-015
4.720e+000	5.5481e-006	-1.1532e+014	-1.1497e+014	1.1497e+014	5.2500e-015
4.730e+000	5.5500e-006	-1.1567e+014	-1.1532e+014	1.1532e+014	5.2500e-015
4.740e+000	5.5518e-006	-1.1601e+014	-1.1567e+014	1.1567e+014	5.2500e-015
4.750e+000	5.5536e-006	-1.1636e+014	-1.1601e+014	1.1601e+014	5.2500e-015
4.760e+000	5.5554e-006	-1.1671e+014	-1.1636e+014	1.1636e+014	5.2500e-015
4.770e+000	5.5572e-006	-1.1705e+014	-1.1671e+014	1.1671e+014	5.2500e-015
4.780e+000	5.5590e-006	-1.1740e+014	-1.1705e+014	1.1705e+014	5.2500e-015
4.790e+000	5.5608e-006	-1.1775e+014	-1.1740e+014	1.1740e+014	5.2500e-015
4.800e+000	5.5626e-006	-1.1809e+014	-1.1775e+014	1.1775e+014	5.2500e-015
4.810e+000	5.5644e-006	-1.1844e+014	-1.1809e+014	1.1809e+014	5.2500e-015
4.820e+000	5.5662e-006	-1.1879e+014	-1.1844e+014	1.1844e+014	5.2500e-015
4.830e+000	5.5679e-006	-1.1914e+014	-1.1879e+014	1.1879e+014	5.2500e-015
4.840e+000	5.5697e-006	-1.1948e+014	-1.1914e+014	1.1914e+014	5.2500e-015
4.850e+000	5.5715e-006	-1.1983e+014	-1.1948e+014	1.1948e+014	5.2500e-015
4.860e+000	5.5732e-006	-1.2018e+014	-1.1983e+014	1.1983e+014	5.2500e-015
4.870e+000	5.5750e-006	-1.2053e+014	-1.2018e+014	1.2018e+014	5.2500e-015
4.880e+000	5.5767e-006	-1.2088e+014	-1.2053e+014	1.2053e+014	5.2500e-015
4.890e+000	5.5784e-006	-1.2122e+014	-1.2088e+014	1.2088e+014	5.2500e-015
4.900e+000	5.5802e-006	-1.2157e+014	-1.2122e+014	1.2122e+014	5.2500e-015
4.910e+000	5.5819e-006	-1.2192e+014	-1.2157e+014	1.2157e+014	5.2500e-015
4.920e+000	5.5836e-006	-1.2227e+014	-1.2192e+014	1.2192e+014	5.2500e-015
4.930e+000	5.5853e-006	-1.2262e+014	-1.2227e+014	1.2227e+014	5.2500e-015
4.940e+000	5.5871e-006	-1.2297e+014	-1.2262e+014	1.2262e+014	5.2500e-015
4.950e+000	5.5888e-006	-1.2332e+014	-1.2297e+014	1.2297e+014	5.2500e-015
4.960e+000	5.5905e-006	-1.2366e+014	-1.2332e+014	1.2331e+014	5.2500e-015
4.970e+000	5.5922e-006	-1.2401e+014	-1.2366e+014	1.2366e+014	5.2500e-015
4.980e+000	5.5938e-006	-1.2436e+014	-1.2401e+014	1.2401e+014	5.2500e-015
4.990e+000	5.5955e-006	-1.2471e+014	-1.2436e+014	1.2436e+014	5.2500e-015
5.000e+000	5.5972e-006	-1.2506e+014	-1.2471e+014	1.2471e+014	5.2500e-015
5.010e+000	5.5989e-006	-1.2541e+014	-1.2506e+014	1.2506e+014	5.2500e-015
5.020e+000	5.6006e-006	-1.2576e+014	-1.2541e+014	1.2541e+014	5.2500e-015
5.030e+000	5.6022e-006	-1.2611e+014	-1.2576e+014	1.2576e+014	5.2500e-015
5.040e+000	5.6039e-006	-1.2646e+014	-1.2611e+014	1.2611e+014	5.2500e-015
5.050e+000	5.6055e-006	-1.2681e+014	-1.2646e+014	1.2646e+014	5.2500e-015
5.060e+000	5.6072e-006	-1.2716e+014	-1.2681e+014	1.2681e+014	5.2500e-015
5.070e+000	5.6088e-006	-1.2751e+014	-1.2716e+014	1.2716e+014	5.2500e-015
5.080e+000	5.6105e-006	-1.2786e+014	-1.2751e+014	1.2751e+014	5.2500e-015
5.090e+000	5.6121e-006	-1.2821e+014	-1.2786e+014	1.2786e+014	5.2500e-015
5.100e+000	5.6137e-006	-1.2856e+014	-1.2821e+014	1.2821e+014	5.2500e-015
5.110e+000	5.6154e-006	-1.2891e+014	-1.2856e+014	1.2856e+014	5.2500e-015
5.120e+000	5.6170e-006	-1.2926e+014	-1.2891e+014	1.2891e+014	5.2500e-015
5.130e+000	5.6186e-006	-1.2961e+014	-1.2926e+014	1.2926e+014	5.2500e-015
5.140e+000	5.6202e-006	-1.2996e+014	-1.2961e+014	1.2961e+014	5.2500e-015
5.150e+000	5.6218e-006	-1.3031e+014	-1.2996e+014	1.2996e+014	5.2500e-015
5.160e+000	5.6234e-006	-1.3066e+014	-1.3031e+014	1.3031e+014	5.2500e-015
5.170e+000	5.6250e-006	-1.3102e+014	-1.3066e+014	1.3066e+014	5.2500e-015
5.180e+000	5.6266e-006	-1.3137e+014	-1.3102e+014	1.3102e+014	5.2500e-015
5.190e+000	5.6282e-006	-1.3172e+014	-1.3137e+014	1.3137e+014	5.2500e-015
5.200e+000	5.6298e-006	-1.3207e+014	-1.3172e+014	1.3172e+014	5.2500e-015
5.210e+000	5.6313e-006	-1.3242e+014	-1.3207e+014	1.3207e+014	5.2500e-015
5.220e+000	5.6329e-006	-1.3277e+014	-1.3242e+014	1.3242e+014	5.2500e-015
5.230e+000	5.6345e-006	-1.3312e+014	-1.3277e+014	1.3277e+014	5.2500e-015
5.240e+000	5.6360e-006	-1.3348e+014	-1.3312e+014	1.3312e+014	5.2500e-015
5.250e+000	5.6376e-006	-1.3383e+014	-1.3348e+014	1.3348e+014	5.2500e-015
5.260e+000	5.6392e-006	-1.3418e+014	-1.3383e+014	1.3383e+014	5.2500e-015
5.270e+000	5.6407e-006	-1.3453e+014	-1.3418e+014	1.3418e+014	5.2500e-015
5.280e+000	5.6422e-006	-1.3488e+014	-1.3453e+014	1.3453e+014	5.2500e-015
5.290e+000	5.6438e-006	-1.3524e+014	-1.3488e+014	1.3488e+014	5.2500e-015
5.300e+000	5.6453e-006	-1.3559e+014	-1.3524e+014	1.3524e+014	5.2500e-015
5.310e+000	5.6469e-006	-1.3594e+014	-1.3559e+014	1.3559e+014	5.2500e-015
5.320e+000	5.6484e-006	-1.3629e+014	-1.3594e+014	1.3594e+014	5.2500e-015
5.330e+000	5.6499e-006	-1.3665e+014	-1.3629e+014	1.3629e+014	5.2500e-015
5.340e+000	5.6514e-006	-1.3700e+014	-1.3665e+014	1.3665e+014	5.2500e-015
5.350e+000	5.6529e-006	-1.3735e+014	-1.3700e+014	1.3700e+014	5.2500e-015
5.360e+000	5.6545e-006	-1.3770e+014	-1.3735e+014	1.3735e+014	5.2500e-015
5.370e+000	5.6560e-006	-1.3806e+014	-1.3770e+014	1.3770e+014	5.2500e-015
5.380e+000	5.6575e-006	-1.3841e+014	-1.3806e+014	1.3806e+014	5.2500e-015
5.390e+000	5.6590e-006	-1.3876e+014	-1.3841e+014	1.3841e+014	5.2500e-015
5.400e+000	5.6605e-006	-1.3912e+014	-1.3876e+014	1.3876e+014	5.2500e-015
5.410e+000	5.6620e-006	-1.3947e+014	-1.3912e+014	1.3912e+014	5.2500e-015
5.420e+000	5.6634e-006	-1.3982e+014	-1.3947e+014	1.3947e+014	5.2500e-015
5.430e+000	5.6649e-006	-1.4018e+014	-1.3982e+014	1.3982e+014	5.2500e-015
5.440e+000	5.6664e-006	-1.4053e+014	-1.4018e+014	1.4018e+014	5.2500e-015
5.450e+000	5.6679e-006	-1.4089e+014	-1.4053e+014	1.4053e+014	5.2500e-015
5.460e+000	5.6693e-006	-1.4124e+014	-1.4089e+014	1.4089e+014	5.2500e-015
5.470e+000	5.6708e-006	-1.4159e+014	-1.4124e+014	1.4124e+014	5.2500e-015
5.480e+000	5.6723e-006	-1.4195e+014	-1.4159e+014	1.4159e+014	5.2500e-015
5.490e+000	5.6737e-006	-1.4230e+014	-1.4195e+014	1.4195e+014	5.2500e-015
5.500e+000	5.6752e-006	-1.4266e+014	-1.4230e+014	1.4230e+014	5.2500e-015
5.510e+000	5.6766e-006	-1.4301e+014	-1.4266e+014	1.4266e+014	5.2500e-015
5.520e+000	5.6781e-006	-1.4336e+014	-1.4301e+014	1.4301e+014	5.2500e-015
5.530e+000	5.6795e-006	-1.4372e+014	-1.4336e+014	1.4336e+014	5.2500e-015
5.540e+000	5.6810e-006	-1.4407e+014	-1.4372e+014	1.4372e+014	5.2500e-015
5.550e+000	5.6824e-006	-1.4443e+014	-1.4407e+014	1.4407e+014	5.2500e-015
5.560e+000	5.6838e-006	-1.4478e+014	-1.4443e+014	1.4443e+014	5.2500e-015
5.570e+000	5.6853e-006	-1.4514e+014	-1.4478e+014	1.4478e+014	5.2500e-015
5.580e+000	5.6867e-006	-1.4549e+014	-1.4514e+014	1.4514e+014	5.2500e-015
5.590e+000	5.6881e-006	-1.4585e+014	-1.4549e+014	1.4549e+014	5.2500e-015
5.600e+000	5.6895e-006	-1.4620e+014	-1.4585e+014	1.4585e+014	5.2500e-015
5.610e+000	5.6909e-006	-1.4656e+014	-1.4620e+014	1.4620e+014	5.2500e-015
5.620e+000	5.6923e-006	-1.4691e+014	-1.4656e+014	1.4656e+014	5.2500e-015
5.630e+000	5.6937e-006	-1.4727e+014	-1.4691e+014	1.4691e+014	5.2500e-015
5.640e+000	5.6951e-006	-1.4762e+014	-1.4727e+014	1.4727e+014	5.2500e-015
5.650e+000	5.6965e-006	-1.4798e+014	-1.4762e+014	1.4762e+014	5.2500e-015
5.660e+000	5.6979e-006	-1.4833e+014	-1.4798e+014	1.4798e+014	5.2500e-015
5.670e+000	5.6993e-006	-1.4869e+014	-1.4833e+014	1.4833e+014	5.2500e-015
5.680e+000	5.7007e-006	-1.4905e+014	-1.4869e+014	1.4869e+014	5.2500e-015
5.690e+000	5.7021e-006	-1.4940e+014	-1.4905e+014	1.4905e+014	5.2500e-015
5.700e+000	5.7035e-006	-1.4976e+014	-1.4940e+014	1.4940e+014	5.2500e-015
5.710e+000	5.7048e-006	-1.5011e+014	-1.4976e+014	1.4976e+014	5.2500e-015
5.720e+000	5.7062e-006	-1.5047e+014	-1.5011e+014	1.5011e+014	5.2500e-015
5.730e+000	5.7076e-006	-1.5083e+014	-1.5047e+014	1.5047e+014	5.2500e-015
5.740e+000	5.7089e-006	-1.5118e+014	-1.5083e+014	1.5083e+014	5.2500e-015
5.750e+000	5.7103e-006	-1.5154e+014	-1.5118e+014	1.5118e+014	5.2500e-015
5.760e+000	5.7117e-006	-1.5190e+014	-1.5154e+014	1.5154e+014	5.2500e-015
5.770e+000	5.7130e-006	-1.5225e+014	-1.5190e+014	1.5190e+014	5.2500e-015
5.780e+000	5.7144e-006	-1.5261e+014	-1.5225e+014	1.5225e+014	5.2500e-015
5.790e+000	5.7157e-006	-1.5297e+014	-1.5261e+014	1.5261e+014	5.2500e-015
5.800e+000	5.7171e-006	-1.5332e+014	-1.5297e+014	1.5297e+014	5.2500e-015
5.810e+000	5.7184e-006	-1.5368e+014	-1.5332e+014	1.5332e+014	5.2500e-015
5.820e+000	5.7197e-006	-1.5404e+014	-1.5368e+014	1.5368e+014	5.2500e-015
5.830e+000	5.7211e-006	-1.5439e+014	-1.5404e+014	1.5404e+014	5.2500e-015
5.840e+000	5.7224e-006	-1.5475e+014	-1.5439e+014	1.5439e+014	5.2500e-015
5.850e+000	5.7237e-006	-1.5511e+014	-1.5475e+014	1.5475e+014	5.2500e-015
5.860e+000	5.7251e-006	-1.5547e+014	-1.5511e+014	1.5511e+014	5.2500e-015
5.870e+000	5.7264e-006	-1.5582e+014	-1.5547e+014	1.5547e+014	5.2500e-015
5.880e+000	5.7277e-006	-1.5618e+014	-1.5582e+014	1.5582e+014	5.2500e-015
5.890e+000	5.7290e-006	-1.5654e+014	-1.5618e+014	1.5618e+014	5.2500e-015
5.900e+000	5.7303e-006	-1.5690e+014	-1.5654e+014	1.5654e+014	5.2500e-015
5.910e+000	5.7316e-006	-1.5725e+014	-1.5690e+014	1.5690e+014	5.2500e-015
5.920e+000	5.7329e-006	-1.5761e+014	-1.5725e+014	1.5725e+014	5.2500e-015
5.930e+000	5.7342e-006	-1.5797e+014	-1.5761e+014	1.5761e+014	5.2500e-015
5.940e+000	5.7355e-006	-1.5833e+014	-1.5797e+014	1.5797e+014	5.2500e-015
5.950e+000	5.7368e-006	-1.5869e+014	-1.5833e+014	1.5833e+014	5.2500e-015
5.960e+000	5.7381e-006	-1.5904e+014	-1.5869e+014	1.5869e+014	5.2500e-015
5.970e+000	5.7394e-006	-1.5940e+014	-1.5904e+014	1.5904e+014	5.2500e-015
5.980e+000	5.7407e-006	-1.5976e+014	-1.5940e+014	1.5940e+014	5.2500e-015
5.990e+000	5.7420e-006	-1.6012e+014	-1.5976e+014	1.5976e+014	5.2500e-015
6.000e+000	5.7433e-006	-1.6048e+014	-1.6012e+014	1.6012e+014	5.2500e-015
6.010e+000	5.7445e-006	-1.6084e+014	-1.6048e+014	1.6048e+014	5.2500e-015
6.020e+000	5.7458e-006	-1.6119e+014	-1.6084e+014	1.6084e+014	5.2500e-015
6.030e+000	5.7471e-006	-1.6155e+014	-1.6119e+014	1.6119e+014	5.2500e-015
6.040e+000	5.7484e-006	-1.6191e+014	-1.6155e+014	1.6155e+014	5.2500e-015
6.050e+000	5.7496e-006	-1.6227e+014	-1.6191e+014	1.6191e+014	5.2500e-015
6.060e+000	5.7509e-006	-1.6263e+014	-1.6227e+014	1.6227e+014	5.2500e-015
6.070e+000	5.7521e-006	-1.6299e+014	-1.6263e+014	1.6263e+014	5.2500e-015
6.080e+000	5.7534e-006	-1.6335e+014	-1.6299e+014	1.6299e+014	5.2500e-015
6.090e+000	5.7546e-006	-1.6371e+014	-1.6335e+014	1.6335e+014	5.2500e-015
6.100e+000	5.7559e-006	-1.6407e+014	-1.6371e+014	1.6371e+014	5.2500e-015
6.110e+000	5.7571e-006	-1.6442e+014	-1.6407e+014	1.6407e+014	5.2500e-015
6.120e+000	5.7584e-006	-1.6478e+014	-1.6442e+014	1.6442e+014	5.2500e-015
6.130e+000	5.7596e-006	-1.6514e+014	-1.6478e+014	1.6478e+014	5.2500e-015
6.140e+000	5.7609e-006	-1.6550e+014	-1.6514e+014	1.6514e+014	5.2500e-015
6.150e+000	5.7621e-006	-1.6586e+014	-1.6550e+014	1.6550e+014	5.2500e-015
6.160e+000	5.7633e-006	-1.6622e+014	-1.6586e+014	1.6586e+014	5.2500e-015
6.170e+000	5.7646e-006	-1.6658e+014	-1.6622e+014	1.6622e+014	5.2500e-015
6.180e+000	5.7658e-006	-1.6694e+014	-1.6658e+014	1.6658e+014	5.2500e-015
6.190e+000	5.7670e-006	-1.6730e+014	-1.6694e+014	1.6694e+014	5.2500e-015
6.200e+000	5.7682e-006	-1.6766e+014	-1.6730e+014	1.6730e+014	5.2500e-015
6.210e+000	5.7694e-006	-1.6802e+014	-1.6766e+014	1.6766e+014	5.2500e-015
6.220e+000	5.7707e-006	-1.6838e+014	-1.6802e+014	1.6802e+014	5.2500e-015
6.230e+000	5.7719e-006	-1.6874e+014	-1.6838e+014	1.6838e+014	5.2500e-015
6.240e+000	5.7731e-006	-1.6910e+014	-1.6874e+014	1.6874e+014	5.2500e-015
6.250e+000	5.7743e-006	-1.6946e+014	-1.6910e+014	1.6910e+014	5.2500e-015
6.260e+000	5.7755e-006	-1.6982e+014	-1.6946e+014	1.6946e+014	5.2500e-015
6.270e+000	5.7767e-006	-1.7018e+014	-1.6982e+014	1.6982e+014	5.2500e-015
6.280e+000	5.7779e-006	-1.7055e+014	-1.7018e+014	1.7018e+014	5.2500e-015
6.290e+000	5.7791e-006	-1.7091e+014	-1.7055e+014	1.7055e+014	5.2500e-015
6.300e+000	5.7803e-006	-1.7127e+014	-1.7091e+014	1.7091e+014	5.2500e-015
6.310e+000	5.7815e-006	-1.7163e+014	-1.7127e+014	1.7127e+014	5.2500e-015
6.320e+000	5.7826e-006	-1.7199e+014	-1.7163e+014	1.7163e+014	5.2500e-015
6.330e+000	5.7838e-006	-1.7235e+014	-1.7199e+014	1.7199e+014	5.2500e-015
6.340e+000	5.7850e-006	-1.7271e+014	-1.7235e+014	1.7235e+014	5.2500e-015
6.350e+000	5.7862e-006	-1.7307e+014	-1.7271e+014	1.7271e+014	5.2500e-015
6.360e+000	5.7874e-006	-1.7343e+014	-1.7307e+014	1.7307e+014	5.2500e-015
6.370e+000	5.7885e-006	-1.7379e+014	-1.7343e+014	1.7343e+014	5.2500e-015
6.380e+000	5.7897e-006	-1.7416e+014	-1.7379e+014	1.7379e+014	5.2500e-015
6.390e+000	5.7909e-006	-1.7452e+014	-1.7416e+014	1.7416e+014	5.2500e-015
6.400e+000	5.7920e-006	-1.7488e+014	-1.7452e+014	1.7452e+014	5.2500e-015
6.410e+000	5.7932e-006	-1.7524e+014	-1.7488e+014	1.7488e+014	5.2500e-015
6.420e+000	5.7944e-006	-1.7560e+014	-1.7524e+014	1.7524e+014	5.2500e-015
6.430e+000	5.7955e-006	-1.7596e+014	-1.7560e+014	1.7560e+014	5.2500e-015
6.440e+000	5.7967e-006	-1.7633e+014	-1.7596e+014	1.7596e+014	5.2500e-015
6.450e+000	5.7978e-006	-1.7669e+014	-1.7633e+014	1.7633e+014	5.2500e-015
6.460e+000	5.7990e-006	-1.7705e+014	-1.7669e+014	1.7669e+014	5.2500e-015
6.470e+000	5.8001e-006	-1.7741e+014	-1.7705e+014	1.7705e+014	5.2500e-015
6.480e+000	5.8013e-006	-1.7777e+014	-1.7741e+014	1.7741e+014	5.2500e-015
6.490e+000	5.8024e-006	-1.7814e+014	-1.7777e+014	1.7777e+014	5.2500e-015
6.500e+000	5.8036e-006	-1.7850e+014	-1.7814e+014	1.7814e+014	5.2500e-015
6.510e+000	5.8047e-006	-1.7886e+014	-1.7850e+014	1.7850e+014	5.2500e-015
6.520e+000	5.8058e-006	-1.7922e+014	-1.7886e+014	1.7886e+014	5.2500e-015
6.530e+000	5.8070e-006	-1.7958e+014	-1.7922e+014	1.7922e+014	5.2500e-015
6.540e+000	5.8081e-006	-1.7995e+014	-1.7958e+014	1.7958e+014	5.2500e-015
6.550e+000	5.8092e-006	-1.8031e+014	-1.7995e+014	1.7995e+014	5.2500e-015
6.560e+000	5.8104e-006	-1.8067e+014	-1.8031e+014	1.8031e+014	5.2500e-015
6.570e+000	5.8115e-006	-1.8104e+014	-1.8067e+014	1.8067e+014	5.2500e-015
6.580e+000	5.8126e-006	-1.8140e+014	-1.8104e+014	1.8104e+014	5.2500e-015
6.590e+000	5.8137e-006	-1.8176e+014	-1.8140e+014	1.8140e+014	5.2500e-015
6.600e+000	5.8148e-006	-1.8212e+014	-1.8176e+014	1.8176e+014	5.2500e-015
6.610e+000	5.8160e-006	-1.8249e+014	-1.8212e+014	1.8212e+014	5.2500e-015
6.620e+000	5.8171e-006	-1.8285e+014	-1.8249e+014	1.8249e+014	5.2500e-015
6.630e+000	5.8182e-006	-1.8321e+014	-1.8285e+014	1.8285e+014	5.2500e-015
6.640e+000	5.8193e-006	-1.8358e+014	-1.8321e+014	1.8321e+014	5.2500e-015
6.650e+000	5.8204e-006	-1.8394e+014	-1.8358e+014	1.8358e+014	5.2500e-015
6.660e+000	5.8215e-006	-1.8430e+014	-1.8394e+014	1.8394e+014	5.2500e-015
6.670e+000	5.8226e-006	-1.8467e+014	-1.8430e+014	1.8430e+014	5.2500e-015
6.680e+000	5.8237e-006	-1.8503e+014	-1.8467e+014	1.8467e+014	5.2500e-015
6.690e+000	5.8248e-006	-1.8539e+014	-1.8503e+014	1.8503e+014	5.2500e-015
6.700e+000	5.8259e-006	-1.8576e+014	-1.8539e+014	1.8539e+014	5.2500e-015
6.710e+000	5.8270e-006	-1.8612e+014	-1.8576e+014	1.8576e+014	5.2500e-015
6.720e+000	5.8280e-006	-1.8648e+014	-1.8612e+014	1.8612e+014	5.2500e-015
6.730e+000	5.8291e-006	-1.8685e+014	-1.8648e+014	1.8648e+014	5.2500e-015
6.740e+000	5.8302e-006	-1.8721e+014	-1.8685e+014	1.8685e+014	5.2500e-015
6.750e+000	5.8313e-006	-1.8758e+014	-1.8721e+014	1.8721e+014	5.2500e-015
6.760e+000	5.8324e-006	-1.8794e+014	-1.8758e+014	1.8758e+014	5.2500e-015
6.770e+000	5.8334e-006	-1.8830e+014	-1.8794e+014	1.8794e+014	5.2500e-015
6.780e+000	5.8345e-006	-1.8867e+014	-1.8830e+014	1.8830e+014	5.2500e-015
6.790e+000	5.8356e-006	-1.8903e+014	-1.8867e+014	1.8867e+014	5.2500e-015
6.800e+000	5.8367e-006	-1.8940e+014	-1.8903e+014	1.8903e+014	5.2500e-015
6.810e+000	5.8377e-006	-1.8976e+014	-1.8940e+014	1.8940e+014	5.2500e-015
6.820e+000	5.8388e-006	-1.9013e+014	-1.8976e+014	1.8976e+014	5.2500e-015
6.830e+000	5.8399e-006	-1.9049e+014	-1.9013e+014	1.9013e+014	5.2500e-015
6.840e+000	5.8409e-006	-1.9085e+014	-1.9049e+014	1.9049e+014	5.2500e-015
6.850e+000	5.8420e-006	-1.9122e+014	-1.9085e+014	1.9085e+014	5.2500e-015
6.860e+000	5.8430e-006	-1.9158e+014	-1.9122e+014	1.9122e+014	5.2500e-015
6.870e+000	5.8441e-006	-1.9195e+014	-1.9158e+014	1.9158e+014	5.2500e-015
6.880e+000	5.8451e-006	-1.9231e+014	-1.9195e+014	1.9195e+014	5.2500e-015
6.890e+000	5.8462e-006	-1.9268e+014	-1.9231e+014	1.9231e+014	5.2500e-015
6.900e+000	5.8472e-006	-1.9304e+014	-1.9268e+014	1.9268e+014	5.2500e-015
6.910e+000	5.8483e-006	-1.9341e+014	-1.9304e+014	1.9304e+014	5.2500e-015
6.920e+000	5.8493e-006	-1.9377e+014	-1.9341e+014	1.9341e+014	5.2500e-015
6.930e+000	5.8504e-006	-1.9414e+014	-1.9377e+014	1.9377e+014	5.2500e-015
6.940e+000	5.8514e-006	-1.9450e+014	-1.9414e+014	1.9414e+014	5.2500e-015
6.950e+000	5.8525e-006	-1.9487e+014	-1.9450e+014	1.9450e+014	5.2500e-015
6.960e+000	5.8535e-006	-1.9523e+014	-1.9487e+014	1.9487e+014	5.2500e-015
6.970e+000	5.8545e-006	-1.9560e+014	-1.9523e+014	1.9523e+014	5.2500e-015
6.980e+000	5.8556e-006	-1.9597e+014	-1.9560e+014	1.9560e+014	5.2500e-015
6.990e+000	5.8566e-006	-1.9633e+014	-1.9597e+014	1.9597e+014	5.2500e-015
7.000e+000	5.8576e-006	-1.9670e+014	-1.9633e+014	1.9633e+014	5.2500e-015
