V	C (Fcm-2)	Initcharge (cm-2)	Finalcharge (cm-2)	ns Total (cm-2)	ps Total (cm-2)
-9.000e+000	4.8065e-017	-9.3496e+000	-6.3496e+000	6.3476e+000	5.2500e-015
-8.990e+000	4.8065e-017	-9.3496e+000	-6.3496e+000	6.3476e+000	5.2500e-015
-8.980e+000	4.8065e-017	-9.3496e+000	-6.3496e+000	6.3476e+000	5.2500e-015
-8.970e+000	4.8065e-017	-9.3496e+000	-6.3496e+000	6.3476e+000	5.2500e-015
-8.960e+000	4.8065e-017	-9.3496e+000	-6.3496e+000	6.3476e+000	5.2500e-015
-8.950e+000	4.8065e-017	-9.3496e+000	-6.3496e+000	6.3476e+000	5.2500e-015
-8.940e+000	4.8065e-017	-9.3496e+000	-6.3496e+000	6.3476e+000	5.2500e-015
-8.930e+000	4.8065e-017	-9.3496e+000	-6.3496e+000	6.3476e+000	5.2500e-015
-8.920e+000	4.8065e-017	-9.3496e+000	-6.3496e+000	6.3476e+000	5.2500e-015
-8.910e+000	4.8065e-017	-9.3496e+000	-6.3496e+000	6.3476e+000	5.2500e-015
-8.900e+000	4.8065e-017	-9.3496e+000	-6.3496e+000	6.3476e+000	5.2500e-015
-8.890e+000	4.8065e-017	-9.3496e+000	-6.3496e+000	6.3476e+000	5.2500e-015
-8.880e+000	4.8065e-017	-9.3496e+000	-6.3496e+000	6.3476e+000	5.2500e-015
-8.870e+000	4.8065e-017	-9.3496e+000	-6.3496e+000	6.3476e+000	5.2500e-015
-8.860e+000	4.8065e-017	-9.3496e+000	-6.3496e+000	6.3476e+000	5.2500e-015
-8.850e+000	4.8065e-017	-9.3496e+000	-6.3496e+000	6.3476e+000	5.2500e-015
-8.840e+000	4.8065e-017	-9.3496e+000	-6.3496e+000	6.3476e+000	5.2500e-015
-8.830e+000	4.8065e-017	-9.3496e+000	-6.3496e+000	6.3476e+000	5.2500e-015
-8.820e+000	4.8065e-017	-9.3496e+000	-6.3496e+000	6.3476e+000	5.2500e-015
-8.810e+000	4.8065e-017	-9.3496e+000	-6.3496e+000	6.3476e+000	5.2500e-015
-8.800e+000	4.8065e-017	-9.3496e+000	-6.3496e+000	6.3476e+000	5.2500e-015
-8.790e+000	4.8065e-017	-9.3496e+000	-6.3496e+000	6.3476e+000	5.2500e-015
-8.780e+000	4.8065e-017	-9.3496e+000	-6.3496e+000	6.3476e+000	5.2500e-015
-8.770e+000	4.8065e-017	-9.3496e+000	-6.3496e+000	6.3476e+000	5.2500e-015
-8.760e+000	4.8065e-017	-9.3496e+000	-6.3496e+000	6.3476e+000	5.2500e-015
-8.750e+000	4.8065e-017	-9.3496e+000	-6.3496e+000	6.3476e+000	5.2500e-015
-8.740e+000	4.8065e-017	-9.3496e+000	-6.3496e+000	6.3476e+000	5.2500e-015
-8.730e+000	4.8065e-017	-9.3496e+000	-6.3496e+000	6.3476e+000	5.2500e-015
-8.720e+000	4.8065e-017	-9.3496e+000	-6.3496e+000	6.3476e+000	5.2500e-015
-8.710e+000	4.8065e-017	-9.3496e+000	-6.3496e+000	6.3476e+000	5.2500e-015
-8.700e+000	4.8065e-017	-9.3496e+000	-6.3496e+000	6.3476e+000	5.2500e-015
-8.690e+000	4.8065e-017	-9.3496e+000	-6.3496e+000	6.3476e+000	5.2500e-015
-8.680e+000	4.8065e-017	-9.3496e+000	-6.3496e+000	6.3476e+000	5.2500e-015
-8.670e+000	4.8065e-017	-9.3496e+000	-6.3496e+000	6.3476e+000	5.2500e-015
-8.660e+000	4.8065e-017	-9.3496e+000	-6.3496e+000	6.3476e+000	5.2500e-015
-8.650e+000	4.8065e-017	-9.3496e+000	-6.3496e+000	6.3476e+000	5.2500e-015
-8.640e+000	4.8065e-017	-9.3496e+000	-6.3496e+000	6.3476e+000	5.2500e-015
-8.630e+000	4.8065e-017	-9.3496e+000	-6.3496e+000	6.3476e+000	5.2500e-015
-8.620e+000	4.8065e-017	-9.3496e+000	-6.3496e+000	6.3476e+000	5.2500e-015
-8.610e+000	4.8065e-017	-9.3496e+000	-6.3496e+000	6.3476e+000	5.2500e-015
-8.600e+000	4.8065e-017	-9.3496e+000	-6.3496e+000	6.3476e+000	5.2500e-015
-8.590e+000	4.8065e-017	-9.3496e+000	-6.3496e+000	6.3476e+000	5.2500e-015
-8.580e+000	4.8065e-017	-9.3496e+000	-6.3496e+000	6.3476e+000	5.2500e-015
-8.570e+000	4.8065e-017	-9.3496e+000	-6.3496e+000	6.3476e+000	5.2500e-015
-8.560e+000	4.8065e-017	-9.3496e+000	-6.3496e+000	6.3476e+000	5.2500e-015
-8.550e+000	4.8065e-017	-9.3496e+000	-6.3496e+000	6.3476e+000	5.2500e-015
-8.540e+000	4.8065e-017	-9.3496e+000	-6.3496e+000	6.3476e+000	5.2500e-015
-8.530e+000	4.8065e-017	-9.3496e+000	-6.3496e+000	6.3476e+000	5.2500e-015
-8.520e+000	4.8065e-017	-9.3496e+000	-6.3496e+000	6.3476e+000	5.2500e-015
-8.510e+000	4.8065e-017	-9.3496e+000	-6.3496e+000	6.3476e+000	5.2500e-015
-8.500e+000	4.8065e-017	-9.3496e+000	-6.3496e+000	6.3476e+000	5.2500e-015
-8.490e+000	4.8065e-017	-9.3496e+000	-6.3496e+000	6.3476e+000	5.2500e-015
-8.480e+000	4.8065e-017	-9.3496e+000	-6.3496e+000	6.3476e+000	5.2500e-015
-8.470e+000	4.8065e-017	-9.3496e+000	-6.3496e+000	6.3476e+000	5.2500e-015
-8.460e+000	4.8065e-017	-9.3496e+000	-6.3496e+000	6.3476e+000	5.2500e-015
-8.450e+000	4.8065e-017	-9.3496e+000	-6.3496e+000	6.3476e+000	5.2500e-015
-8.440e+000	4.8065e-017	-9.3496e+000	-6.3496e+000	6.3476e+000	5.2500e-015
-8.430e+000	4.8065e-017	-9.3496e+000	-6.3496e+000	6.3476e+000	5.2500e-015
-8.420e+000	4.8065e-017	-9.3496e+000	-6.3496e+000	6.3476e+000	5.2500e-015
-8.410e+000	4.8065e-017	-9.3496e+000	-6.3496e+000	6.3476e+000	5.2500e-015
-8.400e+000	4.8065e-017	-9.3496e+000	-6.3496e+000	6.3476e+000	5.2500e-015
-8.390e+000	4.8065e-017	-9.3496e+000	-6.3496e+000	6.3476e+000	5.2500e-015
-8.380e+000	4.8065e-017	-9.3496e+000	-6.3496e+000	6.3476e+000	5.2500e-015
-8.370e+000	4.8065e-017	-9.3496e+000	-6.3496e+000	6.3476e+000	5.2500e-015
-8.360e+000	4.8065e-017	-9.3496e+000	-6.3496e+000	6.3476e+000	5.2500e-015
-8.350e+000	4.8065e-017	-9.3496e+000	-6.3496e+000	6.3476e+000	5.2500e-015
-8.340e+000	4.8065e-017	-9.3496e+000	-6.3496e+000	6.3476e+000	5.2500e-015
-8.330e+000	4.8065e-017	-9.3496e+000	-6.3496e+000	6.3476e+000	5.2500e-015
-8.320e+000	4.8065e-017	-9.3496e+000	-6.3496e+000	6.3476e+000	5.2500e-015
-8.310e+000	4.8065e-017	-9.3496e+000	-6.3496e+000	6.3476e+000	5.2500e-015
-8.300e+000	4.8065e-017	-9.3496e+000	-6.3496e+000	6.3476e+000	5.2500e-015
-8.290e+000	4.8065e-017	-9.3496e+000	-6.3496e+000	6.3476e+000	5.2500e-015
-8.280e+000	4.8065e-017	-9.3496e+000	-6.3496e+000	6.3476e+000	5.2500e-015
-8.270e+000	4.8065e-017	-9.3496e+000	-6.3496e+000	6.3476e+000	5.2500e-015
-8.260e+000	4.8065e-017	-9.3496e+000	-6.3496e+000	6.3476e+000	5.2500e-015
-8.250e+000	4.8065e-017	-9.3496e+000	-6.3496e+000	6.3476e+000	5.2500e-015
-8.240e+000	4.8065e-017	-9.3496e+000	-6.3496e+000	6.3476e+000	5.2500e-015
-8.230e+000	4.8065e-017	-9.3496e+000	-6.3496e+000	6.3476e+000	5.2500e-015
-8.220e+000	4.8065e-017	-9.3496e+000	-6.3496e+000	6.3476e+000	5.2500e-015
-8.210e+000	4.8065e-017	-9.3496e+000	-6.3496e+000	6.3476e+000	5.2500e-015
-8.200e+000	4.8065e-017	-9.3496e+000	-6.3496e+000	6.3476e+000	5.2500e-015
-8.190e+000	4.8065e-017	-9.3496e+000	-6.3496e+000	6.3476e+000	5.2500e-015
-8.180e+000	4.8065e-017	-9.3496e+000	-6.3496e+000	6.3476e+000	5.2500e-015
-8.170e+000	4.8065e-017	-9.3496e+000	-6.3496e+000	6.3476e+000	5.2500e-015
-8.160e+000	4.8065e-017	-9.3496e+000	-6.3496e+000	6.3476e+000	5.2500e-015
-8.150e+000	4.8065e-017	-9.3496e+000	-6.3496e+000	6.3476e+000	5.2500e-015
-8.140e+000	4.8065e-017	-9.3496e+000	-6.3496e+000	6.3476e+000	5.2500e-015
-8.130e+000	4.8065e-017	-9.3496e+000	-6.3496e+000	6.3476e+000	5.2500e-015
-8.120e+000	4.8065e-017	-9.3496e+000	-6.3496e+000	6.3476e+000	5.2500e-015
-8.110e+000	4.8065e-017	-9.3496e+000	-6.3496e+000	6.3476e+000	5.2500e-015
-8.100e+000	4.8065e-017	-9.3496e+000	-6.3496e+000	6.3476e+000	5.2500e-015
-8.090e+000	4.8065e-017	-9.3496e+000	-6.3496e+000	6.3476e+000	5.2500e-015
-8.080e+000	4.8065e-017	-9.3496e+000	-6.3496e+000	6.3476e+000	5.2500e-015
-8.070e+000	4.8065e-017	-9.3496e+000	-6.3496e+000	6.3476e+000	5.2500e-015
-8.060e+000	4.8065e-017	-9.3496e+000	-6.3496e+000	6.3476e+000	5.2500e-015
-8.050e+000	4.8065e-017	-9.3496e+000	-6.3496e+000	6.3476e+000	5.2500e-015
-8.040e+000	4.8065e-017	-9.3496e+000	-6.3496e+000	6.3476e+000	5.2500e-015
-8.030e+000	4.8065e-017	-9.3496e+000	-6.3496e+000	6.3476e+000	5.2500e-015
-8.020e+000	4.8065e-017	-9.3496e+000	-6.3496e+000	6.3476e+000	5.2500e-015
-8.010e+000	4.8065e-017	-9.3496e+000	-6.3496e+000	6.3476e+000	5.2500e-015
-8.000e+000	4.8065e-017	-9.3496e+000	-6.3496e+000	6.3476e+000	5.2500e-015
-7.990e+000	4.8065e-017	-9.3496e+000	-6.3496e+000	6.3476e+000	5.2500e-015
-7.980e+000	4.8065e-017	-9.3496e+000	-6.3496e+000	6.3476e+000	5.2500e-015
-7.970e+000	4.8065e-017	-9.3496e+000	-6.3496e+000	6.3476e+000	5.2500e-015
-7.960e+000	4.8065e-017	-9.3496e+000	-6.3496e+000	6.3476e+000	5.2500e-015
-7.950e+000	4.8065e-017	-9.3496e+000	-6.3496e+000	6.3476e+000	5.2500e-015
-7.940e+000	4.8065e-017	-9.3496e+000	-6.3496e+000	6.3476e+000	5.2500e-015
-7.930e+000	4.8065e-017	-9.3496e+000	-6.3496e+000	6.3476e+000	5.2500e-015
-7.920e+000	4.8065e-017	-9.3496e+000	-6.3496e+000	6.3476e+000	5.2500e-015
-7.910e+000	4.8065e-017	-9.3496e+000	-6.3496e+000	6.3476e+000	5.2500e-015
-7.900e+000	4.8065e-017	-9.3496e+000	-6.3496e+000	6.3476e+000	5.2500e-015
-7.890e+000	4.8065e-017	-9.3496e+000	-6.3496e+000	6.3476e+000	5.2500e-015
-7.880e+000	4.8065e-017	-9.3496e+000	-6.3496e+000	6.3476e+000	5.2500e-015
-7.870e+000	4.8065e-017	-9.3496e+000	-6.3496e+000	6.3476e+000	5.2500e-015
-7.860e+000	4.8065e-017	-9.3496e+000	-6.3496e+000	6.3476e+000	5.2500e-015
-7.850e+000	4.8065e-017	-9.3496e+000	-6.3496e+000	6.3476e+000	5.2500e-015
-7.840e+000	4.8065e-017	-9.3496e+000	-6.3496e+000	6.3476e+000	5.2500e-015
-7.830e+000	4.8065e-017	-9.3496e+000	-6.3496e+000	6.3476e+000	5.2500e-015
-7.820e+000	4.8065e-017	-9.3496e+000	-6.3496e+000	6.3476e+000	5.2500e-015
-7.810e+000	4.8065e-017	-9.3496e+000	-6.3496e+000	6.3476e+000	5.2500e-015
-7.800e+000	4.8065e-017	-9.3496e+000	-6.3496e+000	6.3476e+000	5.2500e-015
-7.790e+000	4.8065e-017	-9.3496e+000	-6.3496e+000	6.3476e+000	5.2500e-015
-7.780e+000	4.8065e-017	-9.3496e+000	-6.3496e+000	6.3476e+000	5.2500e-015
-7.770e+000	4.8065e-017	-9.3496e+000	-6.3496e+000	6.3476e+000	5.2500e-015
-7.760e+000	4.8065e-017	-9.3496e+000	-6.3496e+000	6.3476e+000	5.2500e-015
-7.750e+000	4.8065e-017	-9.3496e+000	-6.3496e+000	6.3476e+000	5.2500e-015
-7.740e+000	4.8065e-017	-9.3496e+000	-6.3496e+000	6.3476e+000	5.2500e-015
-7.730e+000	4.8065e-017	-9.3496e+000	-6.3496e+000	6.3476e+000	5.2500e-015
-7.720e+000	4.8065e-017	-9.3496e+000	-6.3496e+000	6.3476e+000	5.2500e-015
-7.710e+000	4.8065e-017	-9.3496e+000	-6.3496e+000	6.3476e+000	5.2500e-015
-7.700e+000	4.8065e-017	-9.3496e+000	-6.3496e+000	6.3476e+000	5.2500e-015
-7.690e+000	4.8065e-017	-9.3496e+000	-6.3496e+000	6.3476e+000	5.2500e-015
-7.680e+000	4.8065e-017	-9.3496e+000	-6.3496e+000	6.3476e+000	5.2500e-015
-7.670e+000	4.8066e-017	-9.3496e+000	-6.3496e+000	6.3476e+000	5.2500e-015
-7.660e+000	4.8066e-017	-9.3496e+000	-6.3496e+000	6.3476e+000	5.2500e-015
-7.650e+000	4.8066e-017	-9.3497e+000	-6.3496e+000	6.3476e+000	5.2500e-015
-7.640e+000	4.8066e-017	-9.3497e+000	-6.3497e+000	6.3476e+000	5.2500e-015
-7.630e+000	4.8066e-017	-9.3497e+000	-6.3497e+000	6.3477e+000	5.2500e-015
-7.620e+000	4.8066e-017	-9.3498e+000	-6.3497e+000	6.3477e+000	5.2500e-015
-7.610e+000	4.8067e-017	-9.3498e+000	-6.3498e+000	6.3477e+000	5.2500e-015
-7.600e+000	4.8067e-017	-9.3499e+000	-6.3498e+000	6.3478e+000	5.2500e-015
-7.590e+000	4.8068e-017	-9.3501e+000	-6.3499e+000	6.3479e+000	5.2500e-015
-7.580e+000	4.8069e-017	-9.3503e+000	-6.3501e+000	6.3481e+000	5.2500e-015
-7.570e+000	4.8071e-017	-9.3507e+000	-6.3503e+000	6.3483e+000	5.2500e-015
-7.560e+000	4.8074e-017	-9.3512e+000	-6.3507e+000	6.3487e+000	5.2500e-015
-7.550e+000	4.8077e-017	-9.3519e+000	-6.3512e+000	6.3492e+000	5.2500e-015
-7.540e+000	4.8083e-017	-9.3530e+000	-6.3519e+000	6.3499e+000	5.2500e-015
-7.530e+000	4.8091e-017	-9.3547e+000	-6.3530e+000	6.3510e+000	5.2500e-015
-7.520e+000	4.8104e-017	-9.3570e+000	-6.3547e+000	6.3526e+000	5.2500e-015
-7.510e+000	4.8122e-017	-9.3606e+000	-6.3570e+000	6.3550e+000	5.2500e-015
-7.500e+000	4.8148e-017	-9.3657e+000	-6.3606e+000	6.3585e+000	5.2500e-015
-7.490e+000	4.8187e-017	-9.3733e+000	-6.3657e+000	6.3637e+000	5.2500e-015
-7.480e+000	4.8245e-017	-9.3845e+000	-6.3733e+000	6.3713e+000	5.2500e-015
-7.470e+000	4.8330e-017	-9.4010e+000	-6.3845e+000	6.3825e+000	5.2500e-015
-7.460e+000	4.8455e-017	-9.4253e+000	-6.4010e+000	6.3990e+000	5.2500e-015
-7.450e+000	4.8638e-017	-9.4611e+000	-6.4253e+000	6.4233e+000	5.2500e-015
-7.440e+000	4.8909e-017	-9.5137e+000	-6.4611e+000	6.4590e+000	5.2500e-015
-7.430e+000	4.9307e-017	-9.5912e+000	-6.5137e+000	6.5117e+000	5.2500e-015
-7.420e+000	4.9894e-017	-9.7053e+000	-6.5912e+000	6.5892e+000	5.2500e-015
-7.410e+000	5.0788e-017	-9.8753e+000	-6.7053e+000	6.7033e+000	5.2500e-015
-7.400e+000	5.2028e-017	-1.0123e+001	-6.8753e+000	6.8713e+000	5.2500e-015
-7.390e+000	5.3900e-017	-1.0487e+001	-7.1227e+000	7.1187e+000	5.2500e-015
-7.380e+000	5.6687e-017	-1.1025e+001	-7.4868e+000	7.4828e+000	5.2500e-015
-7.370e+000	6.0760e-017	-1.1817e+001	-8.0250e+000	8.0190e+000	5.2500e-015
-7.360e+000	6.6718e-017	-1.2981e+001	-8.8173e+000	8.8084e+000	5.2500e-015
-7.350e+000	7.5606e-017	-1.4700e+001	-9.9815e+000	9.9706e+000	5.2500e-015
-7.340e+000	8.8554e-017	-1.7227e+001	-1.1700e+001	1.1682e+001	5.2500e-015
-7.330e+000	1.0763e-016	-2.0945e+001	-1.4227e+001	1.4201e+001	5.2500e-015
-7.320e+000	1.3584e-016	-2.6424e+001	-1.7945e+001	1.7910e+001	5.2500e-015
-7.310e+000	1.7729e-016	-3.4489e+001	-2.3424e+001	2.3371e+001	5.2500e-015
-7.300e+000	2.3825e-016	-4.6359e+001	-3.1489e+001	3.1411e+001	5.2500e-015
-7.290e+000	3.2813e-016	-6.3840e+001	-4.3359e+001	4.3248e+001	5.2500e-015
-7.280e+000	4.6043e-016	-8.9577e+001	-6.0840e+001	6.0676e+001	5.2500e-015
-7.270e+000	6.5512e-016	-1.2747e+002	-8.6577e+001	8.6334e+001	5.2500e-015
-7.260e+000	9.4184e-016	-1.8325e+002	-1.2447e+002	1.2411e+002	5.2500e-015
-7.250e+000	1.3640e-015	-2.6538e+002	-1.8025e+002	1.7973e+002	5.2500e-015
-7.240e+000	1.9855e-015	-3.8630e+002	-2.6238e+002	2.6162e+002	5.2500e-015
-7.230e+000	2.9004e-015	-5.6434e+002	-3.8330e+002	3.8217e+002	5.2500e-015
-7.220e+000	4.2476e-015	-8.2645e+002	-5.6134e+002	5.5967e+002	5.2500e-015
-7.210e+000	6.2310e-015	-1.2124e+003	-8.2345e+002	8.2100e+002	5.2500e-015
-7.200e+000	9.1511e-015	-1.7805e+003	-1.2094e+003	1.2058e+003	5.2500e-015
-7.190e+000	1.3450e-014	-2.6170e+003	-1.7775e+003	1.7722e+003	5.2500e-015
-7.180e+000	1.9780e-014	-3.8486e+003	-2.6140e+003	2.6062e+003	5.2500e-015
-7.170e+000	2.9099e-014	-5.6618e+003	-3.8456e+003	3.8341e+003	5.2500e-015
-7.160e+000	4.2820e-014	-8.3314e+003	-5.6588e+003	5.6419e+003	5.2500e-015
-7.150e+000	6.3020e-014	-1.2262e+004	-8.3284e+003	8.3035e+003	5.2500e-015
-7.140e+000	9.2761e-014	-1.8048e+004	-1.2259e+004	1.2222e+004	5.2500e-015
-7.130e+000	1.3655e-013	-2.6568e+004	-1.8045e+004	1.7991e+004	5.2500e-015
-7.120e+000	2.0101e-013	-3.9111e+004	-2.6565e+004	2.6486e+004	5.2500e-015
-7.110e+000	2.9593e-013	-5.7579e+004	-3.9108e+004	3.8991e+004	5.2500e-015
-7.100e+000	4.3566e-013	-8.4768e+004	-5.7576e+004	5.7403e+004	5.2500e-015
-7.090e+000	6.4139e-013	-1.2480e+005	-8.4765e+004	8.4511e+004	5.2500e-015
-7.080e+000	9.4428e-013	-1.8373e+005	-1.2479e+005	1.2442e+005	5.2500e-015
-7.070e+000	1.3902e-012	-2.7050e+005	-1.8373e+005	1.8318e+005	5.2500e-015
-7.060e+000	2.0467e-012	-3.9824e+005	-2.7050e+005	2.6969e+005	5.2500e-015
-7.050e+000	3.0132e-012	-5.8630e+005	-3.9824e+005	3.9704e+005	5.2500e-015
-7.040e+000	4.4359e-012	-8.6317e+005	-5.8630e+005	5.8454e+005	5.2500e-015
-7.030e+000	6.5303e-012	-1.2708e+006	-8.6316e+005	8.6058e+005	5.2500e-015
-7.020e+000	9.6131e-012	-1.8708e+006	-1.2708e+006	1.2669e+006	5.2500e-015
-7.010e+000	1.4150e-011	-2.7539e+006	-1.8707e+006	1.8651e+006	5.2500e-015
-7.000e+000	2.0827e-011	-4.0538e+006	-2.7539e+006	2.7457e+006	5.2500e-015
-6.990e+000	3.0649e-011	-5.9668e+006	-4.0538e+006	4.0417e+006	5.2500e-015
-6.980e+000	4.5094e-011	-8.7813e+006	-5.9668e+006	5.9489e+006	5.2500e-015
-6.970e+000	6.6325e-011	-1.2921e+007	-8.7813e+006	8.7550e+006	5.2500e-015
-6.960e+000	9.7508e-011	-1.9007e+007	-1.2921e+007	1.2882e+007	5.2500e-015
-6.950e+000	1.4326e-010	-2.7948e+007	-1.9007e+007	1.8950e+007	5.2500e-015
-6.940e+000	2.1026e-010	-4.1071e+007	-2.7948e+007	2.7865e+007	5.2500e-015
-6.930e+000	3.0815e-010	-6.0304e+007	-4.1071e+007	4.0949e+007	5.2500e-015
-6.920e+000	4.5067e-010	-8.8432e+007	-6.0304e+007	6.0124e+007	5.2500e-015
-6.910e+000	6.5712e-010	-1.2945e+008	-8.8432e+007	8.8169e+007	5.2500e-015
-6.900e+000	9.5403e-010	-1.8899e+008	-1.2945e+008	1.2906e+008	5.2500e-015
-6.890e+000	1.3767e-009	-2.7492e+008	-1.8899e+008	1.8843e+008	5.2500e-015
-6.880e+000	1.9703e-009	-3.9790e+008	-2.7492e+008	2.7411e+008	5.2500e-015
-6.870e+000	2.7883e-009	-5.7193e+008	-3.9790e+008	3.9673e+008	5.2500e-015
-6.860e+000	3.8893e-009	-8.1468e+008	-5.7193e+008	5.7027e+008	5.2500e-015
-6.850e+000	5.3288e-009	-1.1473e+009	-8.1468e+008	8.1236e+008	5.2500e-015
-6.840e+000	7.1498e-009	-1.5935e+009	-1.1473e+009	1.1441e+009	5.2500e-015
-6.830e+000	9.3749e-009	-2.1787e+009	-1.5935e+009	1.5892e+009	5.2500e-015
-6.820e+000	1.2006e-008	-2.9280e+009	-2.1787e+009	2.1729e+009	5.2500e-015
-6.810e+000	1.5033e-008	-3.8663e+009	-2.9280e+009	2.9206e+009	5.2500e-015
-6.800e+000	1.8446e-008	-5.0176e+009	-3.8663e+009	3.8570e+009	5.2500e-015
-6.790e+000	2.2248e-008	-6.4062e+009	-5.0176e+009	5.0062e+009	5.2500e-015
-6.780e+000	2.6459e-008	-8.0576e+009	-6.4062e+009	6.3927e+009	5.2500e-015
-6.770e+000	3.1112e-008	-9.9995e+009	-8.0576e+009	8.0419e+009	5.2500e-015
-6.760e+000	3.6248e-008	-1.2262e+010	-9.9995e+009	9.9815e+009	5.2500e-015
-6.750e+000	4.1903e-008	-1.4877e+010	-1.2262e+010	1.2242e+010	5.2500e-015
-6.740e+000	4.8104e-008	-1.7880e+010	-1.4877e+010	1.4855e+010	5.2500e-015
-6.730e+000	5.4858e-008	-2.1304e+010	-1.7880e+010	1.7856e+010	5.2500e-015
-6.720e+000	6.2150e-008	-2.5183e+010	-2.1304e+010	2.1278e+010	5.2500e-015
-6.710e+000	6.9942e-008	-2.9548e+010	-2.5183e+010	2.5155e+010	5.2500e-015
-6.700e+000	7.8170e-008	-3.4427e+010	-2.9548e+010	2.9519e+010	5.2500e-015
-6.690e+000	8.6753e-008	-3.9842e+010	-3.4427e+010	3.4397e+010	5.2500e-015
-6.680e+000	9.5594e-008	-4.5808e+010	-3.9842e+010	3.9811e+010	5.2500e-015
-6.670e+000	1.0459e-007	-5.2337e+010	-4.5808e+010	4.5776e+010	5.2500e-015
-6.660e+000	1.1364e-007	-5.9429e+010	-5.2337e+010	5.2304e+010	5.2500e-015
-6.650e+000	1.2264e-007	-6.7084e+010	-5.9429e+010	5.9396e+010	5.2500e-015
-6.640e+000	1.3151e-007	-7.5292e+010	-6.7084e+010	6.7050e+010	5.2500e-015
-6.630e+000	1.4016e-007	-8.4040e+010	-7.5292e+010	7.5257e+010	5.2500e-015
-6.620e+000	1.4854e-007	-9.3311e+010	-8.4040e+010	8.4005e+010	5.2500e-015
-6.610e+000	1.5659e-007	-1.0308e+011	-9.3311e+010	9.3275e+010	5.2500e-015
-6.600e+000	1.6386e-007	-1.1331e+011	-1.0308e+011	1.0305e+011	5.2500e-015
-6.590e+000	1.7109e-007	-1.2399e+011	-1.1331e+011	1.1328e+011	5.2500e-015
-6.580e+000	1.7796e-007	-1.3510e+011	-1.2399e+011	1.2395e+011	5.2500e-015
-6.570e+000	1.8457e-007	-1.4662e+011	-1.3510e+011	1.3506e+011	5.2500e-015
-6.560e+000	1.9055e-007	-1.5851e+011	-1.4662e+011	1.4658e+011	5.2500e-015
-6.550e+000	1.9639e-007	-1.7077e+011	-1.5851e+011	1.5847e+011	5.2500e-015
-6.540e+000	2.0176e-007	-1.8336e+011	-1.7077e+011	1.7073e+011	5.2500e-015
-6.530e+000	2.0679e-007	-1.9627e+011	-1.8336e+011	1.8332e+011	5.2500e-015
-6.520e+000	2.1151e-007	-2.0947e+011	-1.9627e+011	1.9623e+011	5.2500e-015
-6.510e+000	2.1592e-007	-2.2295e+011	-2.0947e+011	2.0943e+011	5.2500e-015
-6.500e+000	2.2010e-007	-2.3668e+011	-2.2295e+011	2.2291e+011	5.2500e-015
-6.490e+000	2.2390e-007	-2.5066e+011	-2.3668e+011	2.3664e+011	5.2500e-015
-6.480e+000	2.2752e-007	-2.6486e+011	-2.5066e+011	2.5062e+011	5.2500e-015
-6.470e+000	2.3094e-007	-2.7927e+011	-2.6486e+011	2.6482e+011	5.2500e-015
-6.460e+000	2.3406e-007	-2.9388e+011	-2.7927e+011	2.7923e+011	5.2500e-015
-6.450e+000	2.3707e-007	-3.0868e+011	-2.9388e+011	2.9384e+011	5.2500e-015
-6.440e+000	2.3982e-007	-3.2365e+011	-3.0868e+011	3.0864e+011	5.2500e-015
-6.430e+000	2.4246e-007	-3.3878e+011	-3.2365e+011	3.2361e+011	5.2500e-015
-6.420e+000	2.4491e-007	-3.5407e+011	-3.3878e+011	3.3874e+011	5.2500e-015
-6.410e+000	2.4719e-007	-3.6949e+011	-3.5407e+011	3.5403e+011	5.2500e-015
-6.400e+000	2.4938e-007	-3.8506e+011	-3.6949e+011	3.6945e+011	5.2500e-015
-6.390e+000	2.5142e-007	-4.0075e+011	-3.8506e+011	3.8502e+011	5.2500e-015
-6.380e+000	2.5335e-007	-4.1656e+011	-4.0075e+011	4.0071e+011	5.2500e-015
-6.370e+000	2.5514e-007	-4.3249e+011	-4.1656e+011	4.1652e+011	5.2500e-015
-6.360e+000	2.5687e-007	-4.4852e+011	-4.3249e+011	4.3245e+011	5.2500e-015
-6.350e+000	2.5849e-007	-4.6466e+011	-4.4852e+011	4.4848e+011	5.2500e-015
-6.340e+000	2.6002e-007	-4.8088e+011	-4.6466e+011	4.6462e+011	5.2500e-015
-6.330e+000	2.6146e-007	-4.9720e+011	-4.8088e+011	4.8085e+011	5.2500e-015
-6.320e+000	2.6284e-007	-5.1361e+011	-4.9720e+011	4.9716e+011	5.2500e-015
-6.310e+000	2.6415e-007	-5.3010e+011	-5.1361e+011	5.1357e+011	5.2500e-015
-6.300e+000	2.6538e-007	-5.4666e+011	-5.3010e+011	5.3006e+011	5.2500e-015
-6.290e+000	2.6655e-007	-5.6330e+011	-5.4666e+011	5.4662e+011	5.2500e-015
-6.280e+000	2.6767e-007	-5.8000e+011	-5.6330e+011	5.6326e+011	5.2500e-015
-6.270e+000	2.6872e-007	-5.9677e+011	-5.8000e+011	5.7996e+011	5.2500e-015
-6.260e+000	2.6974e-007	-6.1361e+011	-5.9677e+011	5.9673e+011	5.2500e-015
-6.250e+000	2.7070e-007	-6.3051e+011	-6.1361e+011	6.1357e+011	5.2500e-015
-6.240e+000	2.7161e-007	-6.4746e+011	-6.3051e+011	6.3047e+011	5.2500e-015
-6.230e+000	2.7249e-007	-6.6447e+011	-6.4746e+011	6.4742e+011	5.2500e-015
-6.220e+000	2.7332e-007	-6.8153e+011	-6.6447e+011	6.6443e+011	5.2500e-015
-6.210e+000	2.7412e-007	-6.9863e+011	-6.8153e+011	6.8149e+011	5.2500e-015
-6.200e+000	2.7488e-007	-7.1579e+011	-6.9863e+011	6.9859e+011	5.2500e-015
-6.190e+000	2.7560e-007	-7.3299e+011	-7.1579e+011	7.1575e+011	5.2500e-015
-6.180e+000	2.7631e-007	-7.5024e+011	-7.3299e+011	7.3295e+011	5.2500e-015
-6.170e+000	2.7698e-007	-7.6753e+011	-7.5024e+011	7.5020e+011	5.2500e-015
-6.160e+000	2.7762e-007	-7.8485e+011	-7.6753e+011	7.6749e+011	5.2500e-015
-6.150e+000	2.7823e-007	-8.0222e+011	-7.8485e+011	7.8481e+011	5.2500e-015
-6.140e+000	2.7882e-007	-8.1962e+011	-8.0222e+011	8.0218e+011	5.2500e-015
-6.130e+000	2.7939e-007	-8.3706e+011	-8.1962e+011	8.1958e+011	5.2500e-015
-6.120e+000	2.7993e-007	-8.5453e+011	-8.3706e+011	8.3702e+011	5.2500e-015
-6.110e+000	2.8046e-007	-8.7204e+011	-8.5453e+011	8.5449e+011	5.2500e-015
-6.100e+000	2.8096e-007	-8.8957e+011	-8.7204e+011	8.7200e+011	5.2500e-015
-6.090e+000	2.8144e-007	-9.0714e+011	-8.8957e+011	8.8953e+011	5.2500e-015
-6.080e+000	2.8191e-007	-9.2474e+011	-9.0714e+011	9.0710e+011	5.2500e-015
-6.070e+000	2.8235e-007	-9.4236e+011	-9.2474e+011	9.2470e+011	5.2500e-015
-6.060e+000	2.8279e-007	-9.6001e+011	-9.4236e+011	9.4232e+011	5.2500e-015
-6.050e+000	2.8321e-007	-9.7769e+011	-9.6001e+011	9.5997e+011	5.2500e-015
-6.040e+000	2.8361e-007	-9.9539e+011	-9.7769e+011	9.7765e+011	5.2500e-015
-6.030e+000	2.8400e-007	-1.0131e+012	-9.9539e+011	9.9535e+011	5.2500e-015
-6.020e+000	2.8438e-007	-1.0309e+012	-1.0131e+012	1.0131e+012	5.2500e-015
-6.010e+000	2.8474e-007	-1.0486e+012	-1.0309e+012	1.0308e+012	5.2500e-015
-6.000e+000	2.8509e-007	-1.0664e+012	-1.0486e+012	1.0486e+012	5.2500e-015
-5.990e+000	2.8543e-007	-1.0842e+012	-1.0664e+012	1.0664e+012	5.2500e-015
-5.980e+000	2.8576e-007	-1.1021e+012	-1.0842e+012	1.0842e+012	5.2500e-015
-5.970e+000	2.8608e-007	-1.1199e+012	-1.1021e+012	1.1020e+012	5.2500e-015
-5.960e+000	2.8638e-007	-1.1378e+012	-1.1199e+012	1.1199e+012	5.2500e-015
-5.950e+000	2.8668e-007	-1.1557e+012	-1.1378e+012	1.1378e+012	5.2500e-015
-5.940e+000	2.8697e-007	-1.1736e+012	-1.1557e+012	1.1557e+012	5.2500e-015
-5.930e+000	2.8725e-007	-1.1915e+012	-1.1736e+012	1.1736e+012	5.2500e-015
-5.920e+000	2.8752e-007	-1.2095e+012	-1.1915e+012	1.1915e+012	5.2500e-015
-5.910e+000	2.8779e-007	-1.2275e+012	-1.2095e+012	1.2094e+012	5.2500e-015
-5.900e+000	2.8804e-007	-1.2454e+012	-1.2275e+012	1.2274e+012	5.2500e-015
-5.890e+000	2.8829e-007	-1.2634e+012	-1.2454e+012	1.2454e+012	5.2500e-015
-5.880e+000	2.8853e-007	-1.2814e+012	-1.2634e+012	1.2634e+012	5.2500e-015
-5.870e+000	2.8877e-007	-1.2995e+012	-1.2814e+012	1.2814e+012	5.2500e-015
-5.860e+000	2.8900e-007	-1.3175e+012	-1.2995e+012	1.2994e+012	5.2500e-015
-5.850e+000	2.8922e-007	-1.3355e+012	-1.3175e+012	1.3175e+012	5.2500e-015
-5.840e+000	2.8943e-007	-1.3536e+012	-1.3355e+012	1.3355e+012	5.2500e-015
-5.830e+000	2.8964e-007	-1.3717e+012	-1.3536e+012	1.3536e+012	5.2500e-015
-5.820e+000	2.8985e-007	-1.3898e+012	-1.3717e+012	1.3716e+012	5.2500e-015
-5.810e+000	2.9005e-007	-1.4079e+012	-1.3898e+012	1.3897e+012	5.2500e-015
-5.800e+000	2.9024e-007	-1.4260e+012	-1.4079e+012	1.4078e+012	5.2500e-015
-5.790e+000	2.9043e-007	-1.4441e+012	-1.4260e+012	1.4260e+012	5.2500e-015
-5.780e+000	2.9062e-007	-1.4623e+012	-1.4441e+012	1.4441e+012	5.2500e-015
-5.770e+000	2.9079e-007	-1.4804e+012	-1.4623e+012	1.4622e+012	5.2500e-015
-5.760e+000	2.9097e-007	-1.4986e+012	-1.4804e+012	1.4804e+012	5.2500e-015
-5.750e+000	2.9114e-007	-1.5167e+012	-1.4986e+012	1.4985e+012	5.2500e-015
-5.740e+000	2.9131e-007	-1.5349e+012	-1.5167e+012	1.5167e+012	5.2500e-015
-5.730e+000	2.9147e-007	-1.5531e+012	-1.5349e+012	1.5349e+012	5.2500e-015
-5.720e+000	2.9163e-007	-1.5713e+012	-1.5531e+012	1.5531e+012	5.2500e-015
-5.710e+000	2.9178e-007	-1.5895e+012	-1.5713e+012	1.5713e+012	5.2500e-015
-5.700e+000	2.9194e-007	-1.6078e+012	-1.5895e+012	1.5895e+012	5.2500e-015
-5.690e+000	2.9208e-007	-1.6260e+012	-1.6078e+012	1.6077e+012	5.2500e-015
-5.680e+000	2.9223e-007	-1.6442e+012	-1.6260e+012	1.6259e+012	5.2500e-015
-5.670e+000	2.9237e-007	-1.6625e+012	-1.6442e+012	1.6442e+012	5.2500e-015
-5.660e+000	2.9251e-007	-1.6807e+012	-1.6625e+012	1.6624e+012	5.2500e-015
-5.650e+000	2.9264e-007	-1.6990e+012	-1.6807e+012	1.6807e+012	5.2500e-015
-5.640e+000	2.9278e-007	-1.7173e+012	-1.6990e+012	1.6990e+012	5.2500e-015
-5.630e+000	2.9291e-007	-1.7356e+012	-1.7173e+012	1.7172e+012	5.2500e-015
-5.620e+000	2.9303e-007	-1.7538e+012	-1.7356e+012	1.7355e+012	5.2500e-015
-5.610e+000	2.9316e-007	-1.7721e+012	-1.7538e+012	1.7538e+012	5.2500e-015
-5.600e+000	2.9328e-007	-1.7904e+012	-1.7721e+012	1.7721e+012	5.2500e-015
-5.590e+000	2.9340e-007	-1.8088e+012	-1.7904e+012	1.7904e+012	5.2500e-015
-5.580e+000	2.9352e-007	-1.8271e+012	-1.8088e+012	1.8087e+012	5.2500e-015
-5.570e+000	2.9363e-007	-1.8454e+012	-1.8271e+012	1.8270e+012	5.2500e-015
-5.560e+000	2.9374e-007	-1.8637e+012	-1.8454e+012	1.8454e+012	5.2500e-015
-5.550e+000	2.9385e-007	-1.8821e+012	-1.8637e+012	1.8637e+012	5.2500e-015
-5.540e+000	2.9396e-007	-1.9004e+012	-1.8821e+012	1.8820e+012	5.2500e-015
-5.530e+000	2.9407e-007	-1.9188e+012	-1.9004e+012	1.9004e+012	5.2500e-015
-5.520e+000	2.9417e-007	-1.9371e+012	-1.9188e+012	1.9187e+012	5.2500e-015
-5.510e+000	2.9427e-007	-1.9555e+012	-1.9371e+012	1.9371e+012	5.2500e-015
-5.500e+000	2.9437e-007	-1.9739e+012	-1.9555e+012	1.9555e+012	5.2500e-015
-5.490e+000	2.9447e-007	-1.9923e+012	-1.9739e+012	1.9738e+012	5.2500e-015
-5.480e+000	2.9457e-007	-2.0106e+012	-1.9923e+012	1.9922e+012	5.2500e-015
-5.470e+000	2.9466e-007	-2.0290e+012	-2.0106e+012	2.0106e+012	5.2500e-015
-5.460e+000	2.9475e-007	-2.0474e+012	-2.0290e+012	2.0290e+012	5.2500e-015
-5.450e+000	2.9484e-007	-2.0658e+012	-2.0474e+012	2.0474e+012	5.2500e-015
-5.440e+000	2.9493e-007	-2.0842e+012	-2.0658e+012	2.0658e+012	5.2500e-015
-5.430e+000	2.9502e-007	-2.1027e+012	-2.0842e+012	2.0842e+012	5.2500e-015
-5.420e+000	2.9511e-007	-2.1211e+012	-2.1027e+012	2.1026e+012	5.2500e-015
-5.410e+000	2.9519e-007	-2.1395e+012	-2.1211e+012	2.1210e+012	5.2500e-015
-5.400e+000	2.9528e-007	-2.1579e+012	-2.1395e+012	2.1395e+012	5.2500e-015
-5.390e+000	2.9536e-007	-2.1764e+012	-2.1579e+012	2.1579e+012	5.2500e-015
-5.380e+000	2.9544e-007	-2.1948e+012	-2.1764e+012	2.1763e+012	5.2500e-015
-5.370e+000	2.9552e-007	-2.2132e+012	-2.1948e+012	2.1948e+012	5.2500e-015
-5.360e+000	2.9560e-007	-2.2317e+012	-2.2132e+012	2.2132e+012	5.2500e-015
-5.350e+000	2.9568e-007	-2.2502e+012	-2.2317e+012	2.2317e+012	5.2500e-015
-5.340e+000	2.9575e-007	-2.2686e+012	-2.2502e+012	2.2501e+012	5.2500e-015
-5.330e+000	2.9583e-007	-2.2871e+012	-2.2686e+012	2.2686e+012	5.2500e-015
-5.320e+000	2.9590e-007	-2.3055e+012	-2.2871e+012	2.2870e+012	5.2500e-015
-5.310e+000	2.9597e-007	-2.3240e+012	-2.3055e+012	2.3055e+012	5.2500e-015
-5.300e+000	2.9604e-007	-2.3425e+012	-2.3240e+012	2.3240e+012	5.2500e-015
-5.290e+000	2.9611e-007	-2.3610e+012	-2.3425e+012	2.3425e+012	5.2500e-015
-5.280e+000	2.9618e-007	-2.3795e+012	-2.3610e+012	2.3609e+012	5.2500e-015
-5.270e+000	2.9625e-007	-2.3980e+012	-2.3795e+012	2.3794e+012	5.2500e-015
-5.260e+000	2.9632e-007	-2.4164e+012	-2.3980e+012	2.3979e+012	5.2500e-015
-5.250e+000	2.9638e-007	-2.4349e+012	-2.4164e+012	2.4164e+012	5.2500e-015
-5.240e+000	2.9645e-007	-2.4535e+012	-2.4349e+012	2.4349e+012	5.2500e-015
-5.230e+000	2.9651e-007	-2.4720e+012	-2.4535e+012	2.4534e+012	5.2500e-015
-5.220e+000	2.9658e-007	-2.4905e+012	-2.4720e+012	2.4719e+012	5.2500e-015
-5.210e+000	2.9664e-007	-2.5090e+012	-2.4905e+012	2.4904e+012	5.2500e-015
-5.200e+000	2.9670e-007	-2.5275e+012	-2.5090e+012	2.5089e+012	5.2500e-015
-5.190e+000	2.9676e-007	-2.5460e+012	-2.5275e+012	2.5275e+012	5.2500e-015
-5.180e+000	2.9682e-007	-2.5646e+012	-2.5460e+012	2.5460e+012	5.2500e-015
-5.170e+000	2.9688e-007	-2.5831e+012	-2.5646e+012	2.5645e+012	5.2500e-015
-5.160e+000	2.9694e-007	-2.6016e+012	-2.5831e+012	2.5830e+012	5.2500e-015
-5.150e+000	2.9700e-007	-2.6202e+012	-2.6016e+012	2.6016e+012	5.2500e-015
-5.140e+000	2.9705e-007	-2.6387e+012	-2.6202e+012	2.6201e+012	5.2500e-015
-5.130e+000	2.9711e-007	-2.6572e+012	-2.6387e+012	2.6387e+012	5.2500e-015
-5.120e+000	2.9717e-007	-2.6758e+012	-2.6572e+012	2.6572e+012	5.2500e-015
-5.110e+000	2.9722e-007	-2.6943e+012	-2.6758e+012	2.6757e+012	5.2500e-015
-5.100e+000	2.9727e-007	-2.7129e+012	-2.6943e+012	2.6943e+012	5.2500e-015
-5.090e+000	2.9733e-007	-2.7314e+012	-2.7129e+012	2.7128e+012	5.2500e-015
-5.080e+000	2.9738e-007	-2.7500e+012	-2.7314e+012	2.7314e+012	5.2500e-015
-5.070e+000	2.9743e-007	-2.7686e+012	-2.7500e+012	2.7500e+012	5.2500e-015
-5.060e+000	2.9748e-007	-2.7871e+012	-2.7686e+012	2.7685e+012	5.2500e-015
-5.050e+000	2.9753e-007	-2.8057e+012	-2.7871e+012	2.7871e+012	5.2500e-015
-5.040e+000	2.9758e-007	-2.8243e+012	-2.8057e+012	2.8057e+012	5.2500e-015
-5.030e+000	2.9763e-007	-2.8429e+012	-2.8243e+012	2.8242e+012	5.2500e-015
-5.020e+000	2.9768e-007	-2.8614e+012	-2.8429e+012	2.8428e+012	5.2500e-015
-5.010e+000	2.9773e-007	-2.8800e+012	-2.8614e+012	2.8614e+012	5.2500e-015
-5.000e+000	2.9778e-007	-2.8986e+012	-2.8800e+012	2.8800e+012	5.2500e-015
-4.990e+000	2.9783e-007	-2.9172e+012	-2.8986e+012	2.8986e+012	5.2500e-015
-4.980e+000	2.9787e-007	-2.9358e+012	-2.9172e+012	2.9172e+012	5.2500e-015
-4.970e+000	2.9792e-007	-2.9544e+012	-2.9358e+012	2.9357e+012	5.2500e-015
-4.960e+000	2.9797e-007	-2.9730e+012	-2.9544e+012	2.9543e+012	5.2500e-015
-4.950e+000	2.9801e-007	-2.9916e+012	-2.9730e+012	2.9729e+012	5.2500e-015
-4.940e+000	2.9805e-007	-3.0102e+012	-2.9916e+012	2.9915e+012	5.2500e-015
-4.930e+000	2.9810e-007	-3.0288e+012	-3.0102e+012	3.0101e+012	5.2500e-015
-4.920e+000	2.9814e-007	-3.0474e+012	-3.0288e+012	3.0288e+012	5.2500e-015
-4.910e+000	2.9819e-007	-3.0660e+012	-3.0474e+012	3.0474e+012	5.2500e-015
-4.900e+000	2.9823e-007	-3.0846e+012	-3.0660e+012	3.0660e+012	5.2500e-015
-4.890e+000	2.9827e-007	-3.1032e+012	-3.0846e+012	3.0846e+012	5.2500e-015
-4.880e+000	2.9831e-007	-3.1219e+012	-3.1032e+012	3.1032e+012	5.2500e-015
-4.870e+000	2.9835e-007	-3.1405e+012	-3.1219e+012	3.1218e+012	5.2500e-015
-4.860e+000	2.9840e-007	-3.1591e+012	-3.1405e+012	3.1404e+012	5.2500e-015
-4.850e+000	2.9844e-007	-3.1777e+012	-3.1591e+012	3.1591e+012	5.2500e-015
-4.840e+000	2.9848e-007	-3.1964e+012	-3.1777e+012	3.1777e+012	5.2500e-015
-4.830e+000	2.9852e-007	-3.2150e+012	-3.1964e+012	3.1963e+012	5.2500e-015
-4.820e+000	2.9855e-007	-3.2336e+012	-3.2150e+012	3.2150e+012	5.2500e-015
-4.810e+000	2.9859e-007	-3.2523e+012	-3.2336e+012	3.2336e+012	5.2500e-015
-4.800e+000	2.9863e-007	-3.2709e+012	-3.2523e+012	3.2522e+012	5.2500e-015
-4.790e+000	2.9867e-007	-3.2895e+012	-3.2709e+012	3.2709e+012	5.2500e-015
-4.780e+000	2.9871e-007	-3.3082e+012	-3.2895e+012	3.2895e+012	5.2500e-015
-4.770e+000	2.9875e-007	-3.3268e+012	-3.3082e+012	3.3081e+012	5.2500e-015
-4.760e+000	2.9878e-007	-3.3455e+012	-3.3268e+012	3.3268e+012	5.2500e-015
-4.750e+000	2.9882e-007	-3.3641e+012	-3.3455e+012	3.3454e+012	5.2500e-015
-4.740e+000	2.9886e-007	-3.3828e+012	-3.3641e+012	3.3641e+012	5.2500e-015
-4.730e+000	2.9889e-007	-3.4014e+012	-3.3828e+012	3.3827e+012	5.2500e-015
-4.720e+000	2.9893e-007	-3.4201e+012	-3.4014e+012	3.4014e+012	5.2500e-015
-4.710e+000	2.9896e-007	-3.4388e+012	-3.4201e+012	3.4201e+012	5.2500e-015
-4.700e+000	2.9900e-007	-3.4574e+012	-3.4388e+012	3.4387e+012	5.2500e-015
-4.690e+000	2.9903e-007	-3.4761e+012	-3.4574e+012	3.4574e+012	5.2500e-015
-4.680e+000	2.9907e-007	-3.4948e+012	-3.4761e+012	3.4760e+012	5.2500e-015
-4.670e+000	2.9910e-007	-3.5134e+012	-3.4948e+012	3.4947e+012	5.2500e-015
-4.660e+000	2.9914e-007	-3.5321e+012	-3.5134e+012	3.5134e+012	5.2500e-015
-4.650e+000	2.9917e-007	-3.5508e+012	-3.5321e+012	3.5321e+012	5.2500e-015
-4.640e+000	2.9920e-007	-3.5694e+012	-3.5508e+012	3.5507e+012	5.2500e-015
-4.630e+000	2.9923e-007	-3.5881e+012	-3.5694e+012	3.5694e+012	5.2500e-015
-4.620e+000	2.9927e-007	-3.6068e+012	-3.5881e+012	3.5881e+012	5.2500e-015
-4.610e+000	2.9930e-007	-3.6255e+012	-3.6068e+012	3.6068e+012	5.2500e-015
-4.600e+000	2.9933e-007	-3.6442e+012	-3.6255e+012	3.6254e+012	5.2500e-015
-4.590e+000	2.9936e-007	-3.6628e+012	-3.6442e+012	3.6441e+012	5.2500e-015
-4.580e+000	2.9940e-007	-3.6815e+012	-3.6628e+012	3.6628e+012	5.2500e-015
-4.570e+000	2.9943e-007	-3.7002e+012	-3.6815e+012	3.6815e+012	5.2500e-015
-4.560e+000	2.9946e-007	-3.7189e+012	-3.7002e+012	3.7002e+012	5.2500e-015
-4.550e+000	2.9949e-007	-3.7376e+012	-3.7189e+012	3.7189e+012	5.2500e-015
-4.540e+000	2.9952e-007	-3.7563e+012	-3.7376e+012	3.7376e+012	5.2500e-015
-4.530e+000	2.9955e-007	-3.7750e+012	-3.7563e+012	3.7563e+012	5.2500e-015
-4.520e+000	2.9958e-007	-3.7937e+012	-3.7750e+012	3.7750e+012	5.2500e-015
-4.510e+000	2.9961e-007	-3.8124e+012	-3.7937e+012	3.7937e+012	5.2500e-015
-4.500e+000	2.9964e-007	-3.8311e+012	-3.8124e+012	3.8124e+012	5.2500e-015
-4.490e+000	2.9967e-007	-3.8498e+012	-3.8311e+012	3.8311e+012	5.2500e-015
-4.480e+000	2.9970e-007	-3.8685e+012	-3.8498e+012	3.8498e+012	5.2500e-015
-4.470e+000	2.9973e-007	-3.8872e+012	-3.8685e+012	3.8685e+012	5.2500e-015
-4.460e+000	2.9975e-007	-3.9059e+012	-3.8872e+012	3.8872e+012	5.2500e-015
-4.450e+000	2.9978e-007	-3.9246e+012	-3.9059e+012	3.9059e+012	5.2500e-015
-4.440e+000	2.9981e-007	-3.9433e+012	-3.9246e+012	3.9246e+012	5.2500e-015
-4.430e+000	2.9984e-007	-3.9621e+012	-3.9433e+012	3.9433e+012	5.2500e-015
-4.420e+000	2.9987e-007	-3.9808e+012	-3.9621e+012	3.9620e+012	5.2500e-015
-4.410e+000	2.9989e-007	-3.9995e+012	-3.9808e+012	3.9807e+012	5.2500e-015
-4.400e+000	2.9992e-007	-4.0182e+012	-3.9995e+012	3.9995e+012	5.2500e-015
-4.390e+000	2.9995e-007	-4.0369e+012	-4.0182e+012	4.0182e+012	5.2500e-015
-4.380e+000	2.9998e-007	-4.0557e+012	-4.0369e+012	4.0369e+012	5.2500e-015
-4.370e+000	3.0000e-007	-4.0744e+012	-4.0557e+012	4.0556e+012	5.2500e-015
-4.360e+000	3.0003e-007	-4.0931e+012	-4.0744e+012	4.0743e+012	5.2500e-015
-4.350e+000	3.0005e-007	-4.1118e+012	-4.0931e+012	4.0931e+012	5.2500e-015
-4.340e+000	3.0008e-007	-4.1306e+012	-4.1118e+012	4.1118e+012	5.2500e-015
-4.330e+000	3.0011e-007	-4.1493e+012	-4.1306e+012	4.1305e+012	5.2500e-015
-4.320e+000	3.0013e-007	-4.1680e+012	-4.1493e+012	4.1493e+012	5.2500e-015
-4.310e+000	3.0016e-007	-4.1868e+012	-4.1680e+012	4.1680e+012	5.2500e-015
-4.300e+000	3.0018e-007	-4.2055e+012	-4.1868e+012	4.1867e+012	5.2500e-015
-4.290e+000	3.0021e-007	-4.2242e+012	-4.2055e+012	4.2055e+012	5.2500e-015
-4.280e+000	3.0023e-007	-4.2430e+012	-4.2242e+012	4.2242e+012	5.2500e-015
-4.270e+000	3.0026e-007	-4.2617e+012	-4.2430e+012	4.2429e+012	5.2500e-015
-4.260e+000	3.0028e-007	-4.2805e+012	-4.2617e+012	4.2617e+012	5.2500e-015
-4.250e+000	3.0031e-007	-4.2992e+012	-4.2805e+012	4.2804e+012	5.2500e-015
-4.240e+000	3.0033e-007	-4.3179e+012	-4.2992e+012	4.2992e+012	5.2500e-015
-4.230e+000	3.0036e-007	-4.3367e+012	-4.3179e+012	4.3179e+012	5.2500e-015
-4.220e+000	3.0038e-007	-4.3554e+012	-4.3367e+012	4.3367e+012	5.2500e-015
-4.210e+000	3.0041e-007	-4.3742e+012	-4.3554e+012	4.3554e+012	5.2500e-015
-4.200e+000	3.0043e-007	-4.3929e+012	-4.3742e+012	4.3742e+012	5.2500e-015
-4.190e+000	3.0045e-007	-4.4117e+012	-4.3929e+012	4.3929e+012	5.2500e-015
-4.180e+000	3.0048e-007	-4.4304e+012	-4.4117e+012	4.4117e+012	5.2500e-015
-4.170e+000	3.0050e-007	-4.4492e+012	-4.4304e+012	4.4304e+012	5.2500e-015
-4.160e+000	3.0052e-007	-4.4680e+012	-4.4492e+012	4.4492e+012	5.2500e-015
-4.150e+000	3.0055e-007	-4.4867e+012	-4.4680e+012	4.4679e+012	5.2500e-015
-4.140e+000	3.0057e-007	-4.5055e+012	-4.4867e+012	4.4867e+012	5.2500e-015
-4.130e+000	3.0059e-007	-4.5242e+012	-4.5055e+012	4.5054e+012	5.2500e-015
-4.120e+000	3.0061e-007	-4.5430e+012	-4.5242e+012	4.5242e+012	5.2500e-015
-4.110e+000	3.0064e-007	-4.5618e+012	-4.5430e+012	4.5430e+012	5.2500e-015
-4.100e+000	3.0066e-007	-4.5805e+012	-4.5618e+012	4.5617e+012	5.2500e-015
-4.090e+000	3.0068e-007	-4.5993e+012	-4.5805e+012	4.5805e+012	5.2500e-015
-4.080e+000	3.0070e-007	-4.6181e+012	-4.5993e+012	4.5993e+012	5.2500e-015
-4.070e+000	3.0072e-007	-4.6368e+012	-4.6181e+012	4.6180e+012	5.2500e-015
-4.060e+000	3.0075e-007	-4.6556e+012	-4.6368e+012	4.6368e+012	5.2500e-015
-4.050e+000	3.0077e-007	-4.6744e+012	-4.6556e+012	4.6556e+012	5.2500e-015
-4.040e+000	3.0079e-007	-4.6932e+012	-4.6744e+012	4.6743e+012	5.2500e-015
-4.030e+000	3.0081e-007	-4.7119e+012	-4.6932e+012	4.6931e+012	5.2500e-015
-4.020e+000	3.0083e-007	-4.7307e+012	-4.7119e+012	4.7119e+012	5.2500e-015
-4.010e+000	3.0085e-007	-4.7495e+012	-4.7307e+012	4.7307e+012	5.2500e-015
-4.000e+000	3.0087e-007	-4.7683e+012	-4.7495e+012	4.7494e+012	5.2500e-015
-3.990e+000	3.0089e-007	-4.7870e+012	-4.7683e+012	4.7682e+012	5.2500e-015
-3.980e+000	3.0092e-007	-4.8058e+012	-4.7870e+012	4.7870e+012	5.2500e-015
-3.970e+000	3.0094e-007	-4.8246e+012	-4.8058e+012	4.8058e+012	5.2500e-015
-3.960e+000	3.0096e-007	-4.8434e+012	-4.8246e+012	4.8246e+012	5.2500e-015
-3.950e+000	3.0098e-007	-4.8622e+012	-4.8434e+012	4.8434e+012	5.2500e-015
-3.940e+000	3.0100e-007	-4.8810e+012	-4.8622e+012	4.8621e+012	5.2500e-015
-3.930e+000	3.0102e-007	-4.8998e+012	-4.8810e+012	4.8809e+012	5.2500e-015
-3.920e+000	3.0104e-007	-4.9185e+012	-4.8998e+012	4.8997e+012	5.2500e-015
-3.910e+000	3.0106e-007	-4.9373e+012	-4.9185e+012	4.9185e+012	5.2500e-015
-3.900e+000	3.0108e-007	-4.9561e+012	-4.9373e+012	4.9373e+012	5.2500e-015
-3.890e+000	3.0110e-007	-4.9749e+012	-4.9561e+012	4.9561e+012	5.2500e-015
-3.880e+000	3.0112e-007	-4.9937e+012	-4.9749e+012	4.9749e+012	5.2500e-015
-3.870e+000	3.0114e-007	-5.0125e+012	-4.9937e+012	4.9937e+012	5.2500e-015
-3.860e+000	3.0116e-007	-5.0313e+012	-5.0125e+012	5.0125e+012	5.2500e-015
-3.850e+000	3.0117e-007	-5.0501e+012	-5.0313e+012	5.0313e+012	5.2500e-015
-3.840e+000	3.0119e-007	-5.0689e+012	-5.0501e+012	5.0501e+012	5.2500e-015
-3.830e+000	3.0121e-007	-5.0877e+012	-5.0689e+012	5.0689e+012	5.2500e-015
-3.820e+000	3.0123e-007	-5.1065e+012	-5.0877e+012	5.0877e+012	5.2500e-015
-3.810e+000	3.0125e-007	-5.1253e+012	-5.1065e+012	5.1065e+012	5.2500e-015
-3.800e+000	3.0127e-007	-5.1441e+012	-5.1253e+012	5.1253e+012	5.2500e-015
-3.790e+000	3.0129e-007	-5.1629e+012	-5.1441e+012	5.1441e+012	5.2500e-015
-3.780e+000	3.0131e-007	-5.1817e+012	-5.1629e+012	5.1629e+012	5.2500e-015
-3.770e+000	3.0132e-007	-5.2005e+012	-5.1817e+012	5.1817e+012	5.2500e-015
-3.760e+000	3.0134e-007	-5.2193e+012	-5.2005e+012	5.2005e+012	5.2500e-015
-3.750e+000	3.0136e-007	-5.2381e+012	-5.2193e+012	5.2193e+012	5.2500e-015
-3.740e+000	3.0138e-007	-5.2570e+012	-5.2381e+012	5.2381e+012	5.2500e-015
-3.730e+000	3.0140e-007	-5.2758e+012	-5.2570e+012	5.2569e+012	5.2500e-015
-3.720e+000	3.0142e-007	-5.2946e+012	-5.2758e+012	5.2757e+012	5.2500e-015
-3.710e+000	3.0143e-007	-5.3134e+012	-5.2946e+012	5.2945e+012	5.2500e-015
-3.700e+000	3.0145e-007	-5.3322e+012	-5.3134e+012	5.3134e+012	5.2500e-015
-3.690e+000	3.0147e-007	-5.3510e+012	-5.3322e+012	5.3322e+012	5.2500e-015
-3.680e+000	3.0149e-007	-5.3698e+012	-5.3510e+012	5.3510e+012	5.2500e-015
-3.670e+000	3.0150e-007	-5.3887e+012	-5.3698e+012	5.3698e+012	5.2500e-015
-3.660e+000	3.0152e-007	-5.4075e+012	-5.3887e+012	5.3886e+012	5.2500e-015
-3.650e+000	3.0154e-007	-5.4263e+012	-5.4075e+012	5.4074e+012	5.2500e-015
-3.640e+000	3.0156e-007	-5.4451e+012	-5.4263e+012	5.4263e+012	5.2500e-015
-3.630e+000	3.0157e-007	-5.4639e+012	-5.4451e+012	5.4451e+012	5.2500e-015
-3.620e+000	3.0159e-007	-5.4828e+012	-5.4639e+012	5.4639e+012	5.2500e-015
-3.610e+000	3.0161e-007	-5.5016e+012	-5.4828e+012	5.4827e+012	5.2500e-015
-3.600e+000	3.0162e-007	-5.5204e+012	-5.5016e+012	5.5016e+012	5.2500e-015
-3.590e+000	3.0164e-007	-5.5392e+012	-5.5204e+012	5.5204e+012	5.2500e-015
-3.580e+000	3.0166e-007	-5.5581e+012	-5.5392e+012	5.5392e+012	5.2500e-015
-3.570e+000	3.0168e-007	-5.5769e+012	-5.5581e+012	5.5580e+012	5.2500e-015
-3.560e+000	3.0169e-007	-5.5957e+012	-5.5769e+012	5.5769e+012	5.2500e-015
-3.550e+000	3.0171e-007	-5.6146e+012	-5.5957e+012	5.5957e+012	5.2500e-015
-3.540e+000	3.0172e-007	-5.6334e+012	-5.6146e+012	5.6145e+012	5.2500e-015
-3.530e+000	3.0174e-007	-5.6522e+012	-5.6334e+012	5.6334e+012	5.2500e-015
-3.520e+000	3.0176e-007	-5.6711e+012	-5.6522e+012	5.6522e+012	5.2500e-015
-3.510e+000	3.0177e-007	-5.6899e+012	-5.6711e+012	5.6710e+012	5.2500e-015
-3.500e+000	3.0179e-007	-5.7087e+012	-5.6899e+012	5.6899e+012	5.2500e-015
-3.490e+000	3.0181e-007	-5.7276e+012	-5.7087e+012	5.7087e+012	5.2500e-015
-3.480e+000	3.0182e-007	-5.7464e+012	-5.7276e+012	5.7275e+012	5.2500e-015
-3.470e+000	3.0184e-007	-5.7652e+012	-5.7464e+012	5.7464e+012	5.2500e-015
-3.460e+000	3.0185e-007	-5.7841e+012	-5.7652e+012	5.7652e+012	5.2500e-015
-3.450e+000	3.0187e-007	-5.8029e+012	-5.7841e+012	5.7840e+012	5.2500e-015
-3.440e+000	3.0189e-007	-5.8218e+012	-5.8029e+012	5.8029e+012	5.2500e-015
-3.430e+000	3.0190e-007	-5.8406e+012	-5.8218e+012	5.8217e+012	5.2500e-015
-3.420e+000	3.0192e-007	-5.8595e+012	-5.8406e+012	5.8406e+012	5.2500e-015
-3.410e+000	3.0193e-007	-5.8783e+012	-5.8595e+012	5.8594e+012	5.2500e-015
-3.400e+000	3.0195e-007	-5.8972e+012	-5.8783e+012	5.8783e+012	5.2500e-015
-3.390e+000	3.0196e-007	-5.9160e+012	-5.8972e+012	5.8971e+012	5.2500e-015
-3.380e+000	3.0198e-007	-5.9348e+012	-5.9160e+012	5.9160e+012	5.2500e-015
-3.370e+000	3.0199e-007	-5.9537e+012	-5.9348e+012	5.9348e+012	5.2500e-015
-3.360e+000	3.0201e-007	-5.9725e+012	-5.9537e+012	5.9537e+012	5.2500e-015
-3.350e+000	3.0202e-007	-5.9914e+012	-5.9725e+012	5.9725e+012	5.2500e-015
-3.340e+000	3.0204e-007	-6.0102e+012	-5.9914e+012	5.9914e+012	5.2500e-015
-3.330e+000	3.0205e-007	-6.0291e+012	-6.0102e+012	6.0102e+012	5.2500e-015
-3.320e+000	3.0207e-007	-6.0480e+012	-6.0291e+012	6.0291e+012	5.2500e-015
-3.310e+000	3.0208e-007	-6.0668e+012	-6.0480e+012	6.0479e+012	5.2500e-015
-3.300e+000	3.0210e-007	-6.0857e+012	-6.0668e+012	6.0668e+012	5.2500e-015
-3.290e+000	3.0211e-007	-6.1045e+012	-6.0857e+012	6.0856e+012	5.2500e-015
-3.280e+000	3.0213e-007	-6.1234e+012	-6.1045e+012	6.1045e+012	5.2500e-015
-3.270e+000	3.0214e-007	-6.1422e+012	-6.1234e+012	6.1233e+012	5.2500e-015
-3.260e+000	3.0216e-007	-6.1611e+012	-6.1422e+012	6.1422e+012	5.2500e-015
-3.250e+000	3.0217e-007	-6.1800e+012	-6.1611e+012	6.1611e+012	5.2500e-015
-3.240e+000	3.0219e-007	-6.1988e+012	-6.1800e+012	6.1799e+012	5.2500e-015
-3.230e+000	3.0220e-007	-6.2177e+012	-6.1988e+012	6.1988e+012	5.2500e-015
-3.220e+000	3.0221e-007	-6.2365e+012	-6.2177e+012	6.2176e+012	5.2500e-015
-3.210e+000	3.0223e-007	-6.2554e+012	-6.2365e+012	6.2365e+012	5.2500e-015
-3.200e+000	3.0224e-007	-6.2743e+012	-6.2554e+012	6.2554e+012	5.2500e-015
-3.190e+000	3.0226e-007	-6.2931e+012	-6.2743e+012	6.2742e+012	5.2500e-015
-3.180e+000	3.0227e-007	-6.3120e+012	-6.2931e+012	6.2931e+012	5.2500e-015
-3.170e+000	3.0228e-007	-6.3309e+012	-6.3120e+012	6.3120e+012	5.2500e-015
-3.160e+000	3.0230e-007	-6.3497e+012	-6.3309e+012	6.3308e+012	5.2500e-015
-3.150e+000	3.0231e-007	-6.3686e+012	-6.3497e+012	6.3497e+012	5.2500e-015
-3.140e+000	3.0233e-007	-6.3875e+012	-6.3686e+012	6.3686e+012	5.2500e-015
-3.130e+000	3.0234e-007	-6.4063e+012	-6.3875e+012	6.3874e+012	5.2500e-015
-3.120e+000	3.0235e-007	-6.4252e+012	-6.4063e+012	6.4063e+012	5.2500e-015
-3.110e+000	3.0237e-007	-6.4441e+012	-6.4252e+012	6.4252e+012	5.2500e-015
-3.100e+000	3.0238e-007	-6.4630e+012	-6.4441e+012	6.4440e+012	5.2500e-015
-3.090e+000	3.0239e-007	-6.4818e+012	-6.4630e+012	6.4629e+012	5.2500e-015
-3.080e+000	3.0241e-007	-6.5007e+012	-6.4818e+012	6.4818e+012	5.2500e-015
-3.070e+000	3.0242e-007	-6.5196e+012	-6.5007e+012	6.5007e+012	5.2500e-015
-3.060e+000	3.0232e-007	-6.5385e+012	-6.5196e+012	6.5195e+012	5.2500e-015
-3.050e+000	3.0221e-007	-6.5573e+012	-6.5385e+012	6.5384e+012	5.2500e-015
-3.040e+000	3.0223e-007	-6.5762e+012	-6.5573e+012	6.5573e+012	5.2500e-015
-3.030e+000	3.0224e-007	-6.5950e+012	-6.5762e+012	6.5761e+012	5.2500e-015
-3.020e+000	3.0225e-007	-6.6139e+012	-6.5950e+012	6.5950e+012	5.2500e-015
-3.010e+000	3.0226e-007	-6.6328e+012	-6.6139e+012	6.6139e+012	5.2500e-015
-3.000e+000	3.0227e-007	-6.6516e+012	-6.6328e+012	6.6327e+012	5.2500e-015
-2.990e+000	3.0228e-007	-6.6705e+012	-6.6516e+012	6.6516e+012	5.2500e-015
-2.980e+000	3.0229e-007	-6.6894e+012	-6.6705e+012	6.6705e+012	5.2500e-015
-2.970e+000	3.0230e-007	-6.7082e+012	-6.6894e+012	6.6893e+012	5.2500e-015
-2.960e+000	3.0231e-007	-6.7271e+012	-6.7082e+012	6.7082e+012	5.2500e-015
-2.950e+000	3.0233e-007	-6.7460e+012	-6.7271e+012	6.7271e+012	5.2500e-015
-2.940e+000	3.0234e-007	-6.7649e+012	-6.7460e+012	6.7459e+012	5.2500e-015
-2.930e+000	3.0235e-007	-6.7837e+012	-6.7649e+012	6.7648e+012	5.2500e-015
-2.920e+000	3.0236e-007	-6.8026e+012	-6.7837e+012	6.7837e+012	5.2500e-015
-2.910e+000	3.0237e-007	-6.8215e+012	-6.8026e+012	6.8026e+012	5.2500e-015
-2.900e+000	3.0238e-007	-6.8403e+012	-6.8215e+012	6.8214e+012	5.2500e-015
-2.890e+000	3.0239e-007	-6.8592e+012	-6.8403e+012	6.8403e+012	5.2500e-015
-2.880e+000	3.0240e-007	-6.8781e+012	-6.8592e+012	6.8592e+012	5.2500e-015
-2.870e+000	3.0241e-007	-6.8970e+012	-6.8781e+012	6.8780e+012	5.2500e-015
-2.860e+000	3.0242e-007	-6.9158e+012	-6.8970e+012	6.8969e+012	5.2500e-015
-2.850e+000	3.0243e-007	-6.9347e+012	-6.9158e+012	6.9158e+012	5.2500e-015
-2.840e+000	3.0244e-007	-6.9536e+012	-6.9347e+012	6.9347e+012	5.2500e-015
-2.830e+000	3.0245e-007	-6.9725e+012	-6.9536e+012	6.9536e+012	5.2500e-015
-2.820e+000	3.0246e-007	-6.9913e+012	-6.9725e+012	6.9724e+012	5.2500e-015
-2.810e+000	3.0247e-007	-7.0102e+012	-6.9913e+012	6.9913e+012	5.2500e-015
-2.800e+000	3.0248e-007	-7.0291e+012	-7.0102e+012	7.0102e+012	5.2500e-015
-2.790e+000	3.0249e-007	-7.0480e+012	-7.0291e+012	7.0291e+012	5.2500e-015
-2.780e+000	3.0250e-007	-7.0669e+012	-7.0480e+012	7.0479e+012	5.2500e-015
-2.770e+000	3.0251e-007	-7.0857e+012	-7.0669e+012	7.0668e+012	5.2500e-015
-2.760e+000	3.0253e-007	-7.1046e+012	-7.0857e+012	7.0857e+012	5.2500e-015
-2.750e+000	3.0254e-007	-7.1235e+012	-7.1046e+012	7.1046e+012	5.2500e-015
-2.740e+000	3.0255e-007	-7.1424e+012	-7.1235e+012	7.1235e+012	5.2500e-015
-2.730e+000	3.0256e-007	-7.1613e+012	-7.1424e+012	7.1424e+012	5.2500e-015
-2.720e+000	3.0257e-007	-7.1802e+012	-7.1613e+012	7.1612e+012	5.2500e-015
-2.710e+000	3.0258e-007	-7.1991e+012	-7.1802e+012	7.1801e+012	5.2500e-015
-2.700e+000	3.0258e-007	-7.2179e+012	-7.1991e+012	7.1990e+012	5.2500e-015
-2.690e+000	3.0259e-007	-7.2368e+012	-7.2179e+012	7.2179e+012	5.2500e-015
-2.680e+000	3.0260e-007	-7.2557e+012	-7.2368e+012	7.2368e+012	5.2500e-015
-2.670e+000	3.0261e-007	-7.2746e+012	-7.2557e+012	7.2557e+012	5.2500e-015
-2.660e+000	3.0262e-007	-7.2935e+012	-7.2746e+012	7.2746e+012	5.2500e-015
-2.650e+000	3.0263e-007	-7.3124e+012	-7.2935e+012	7.2934e+012	5.2500e-015
-2.640e+000	3.0264e-007	-7.3313e+012	-7.3124e+012	7.3123e+012	5.2500e-015
-2.630e+000	3.0265e-007	-7.3502e+012	-7.3313e+012	7.3312e+012	5.2500e-015
-2.620e+000	3.0266e-007	-7.3690e+012	-7.3502e+012	7.3501e+012	5.2500e-015
-2.610e+000	3.0267e-007	-7.3879e+012	-7.3690e+012	7.3690e+012	5.2500e-015
-2.600e+000	3.0268e-007	-7.4068e+012	-7.3879e+012	7.3879e+012	5.2500e-015
-2.590e+000	3.0269e-007	-7.4257e+012	-7.4068e+012	7.4068e+012	5.2500e-015
-2.580e+000	3.0270e-007	-7.4446e+012	-7.4257e+012	7.4257e+012	5.2500e-015
-2.570e+000	3.0271e-007	-7.4635e+012	-7.4446e+012	7.4446e+012	5.2500e-015
-2.560e+000	3.0272e-007	-7.4824e+012	-7.4635e+012	7.4635e+012	5.2500e-015
-2.550e+000	3.0273e-007	-7.5013e+012	-7.4824e+012	7.4824e+012	5.2500e-015
-2.540e+000	3.0274e-007	-7.5202e+012	-7.5013e+012	7.5013e+012	5.2500e-015
-2.530e+000	3.0275e-007	-7.5391e+012	-7.5202e+012	7.5202e+012	5.2500e-015
-2.520e+000	3.0276e-007	-7.5580e+012	-7.5391e+012	7.5390e+012	5.2500e-015
-2.510e+000	3.0277e-007	-7.5769e+012	-7.5580e+012	7.5579e+012	5.2500e-015
-2.500e+000	3.0277e-007	-7.5958e+012	-7.5769e+012	7.5768e+012	5.2500e-015
-2.490e+000	3.0278e-007	-7.6147e+012	-7.5958e+012	7.5957e+012	5.2500e-015
-2.480e+000	3.0279e-007	-7.6336e+012	-7.6147e+012	7.6146e+012	5.2500e-015
-2.470e+000	3.0280e-007	-7.6525e+012	-7.6336e+012	7.6335e+012	5.2500e-015
-2.460e+000	3.0281e-007	-7.6714e+012	-7.6525e+012	7.6524e+012	5.2500e-015
-2.450e+000	3.0282e-007	-7.6903e+012	-7.6714e+012	7.6713e+012	5.2500e-015
-2.440e+000	3.0283e-007	-7.7092e+012	-7.6903e+012	7.6902e+012	5.2500e-015
-2.430e+000	3.0284e-007	-7.7281e+012	-7.7092e+012	7.7091e+012	5.2500e-015
-2.420e+000	3.0285e-007	-7.7470e+012	-7.7281e+012	7.7280e+012	5.2500e-015
-2.410e+000	3.0286e-007	-7.7659e+012	-7.7470e+012	7.7469e+012	5.2500e-015
-2.400e+000	3.0286e-007	-7.7848e+012	-7.7659e+012	7.7658e+012	5.2500e-015
-2.390e+000	3.0287e-007	-7.8037e+012	-7.7848e+012	7.7847e+012	5.2500e-015
-2.380e+000	3.0288e-007	-7.8226e+012	-7.8037e+012	7.8037e+012	5.2500e-015
-2.370e+000	3.0289e-007	-7.8415e+012	-7.8226e+012	7.8226e+012	5.2500e-015
-2.360e+000	3.0290e-007	-7.8604e+012	-7.8415e+012	7.8415e+012	5.2500e-015
-2.350e+000	3.0291e-007	-7.8793e+012	-7.8604e+012	7.8604e+012	5.2500e-015
-2.340e+000	3.0292e-007	-7.8982e+012	-7.8793e+012	7.8793e+012	5.2500e-015
-2.330e+000	3.0293e-007	-7.9171e+012	-7.8982e+012	7.8982e+012	5.2500e-015
-2.320e+000	3.0293e-007	-7.9360e+012	-7.9171e+012	7.9171e+012	5.2500e-015
-2.310e+000	3.0294e-007	-7.9549e+012	-7.9360e+012	7.9360e+012	5.2500e-015
-2.300e+000	3.0295e-007	-7.9739e+012	-7.9549e+012	7.9549e+012	5.2500e-015
-2.290e+000	3.0296e-007	-7.9928e+012	-7.9739e+012	7.9738e+012	5.2500e-015
-2.280e+000	3.0297e-007	-8.0117e+012	-7.9928e+012	7.9927e+012	5.2500e-015
-2.270e+000	3.0298e-007	-8.0306e+012	-8.0117e+012	8.0116e+012	5.2500e-015
-2.260e+000	3.0299e-007	-8.0495e+012	-8.0306e+012	8.0305e+012	5.2500e-015
-2.250e+000	3.0299e-007	-8.0684e+012	-8.0495e+012	8.0495e+012	5.2500e-015
-2.240e+000	3.0300e-007	-8.0873e+012	-8.0684e+012	8.0684e+012	5.2500e-015
-2.230e+000	3.0301e-007	-8.1062e+012	-8.0873e+012	8.0873e+012	5.2500e-015
-2.220e+000	3.0302e-007	-8.1251e+012	-8.1062e+012	8.1062e+012	5.2500e-015
-2.210e+000	3.0303e-007	-8.1441e+012	-8.1251e+012	8.1251e+012	5.2500e-015
-2.200e+000	3.0304e-007	-8.1630e+012	-8.1441e+012	8.1440e+012	5.2500e-015
-2.190e+000	3.0304e-007	-8.1819e+012	-8.1630e+012	8.1629e+012	5.2500e-015
-2.180e+000	3.0305e-007	-8.2008e+012	-8.1819e+012	8.1818e+012	5.2500e-015
-2.170e+000	3.0306e-007	-8.2197e+012	-8.2008e+012	8.2008e+012	5.2500e-015
-2.160e+000	3.0307e-007	-8.2386e+012	-8.2197e+012	8.2197e+012	5.2500e-015
-2.150e+000	3.0308e-007	-8.2575e+012	-8.2386e+012	8.2386e+012	5.2500e-015
-2.140e+000	3.0308e-007	-8.2765e+012	-8.2575e+012	8.2575e+012	5.2500e-015
-2.130e+000	3.0309e-007	-8.2954e+012	-8.2765e+012	8.2764e+012	5.2500e-015
-2.120e+000	3.0310e-007	-8.3143e+012	-8.2954e+012	8.2953e+012	5.2500e-015
-2.110e+000	3.0311e-007	-8.3332e+012	-8.3143e+012	8.3143e+012	5.2500e-015
-2.100e+000	3.0312e-007	-8.3521e+012	-8.3332e+012	8.3332e+012	5.2500e-015
-2.090e+000	3.0312e-007	-8.3711e+012	-8.3521e+012	8.3521e+012	5.2500e-015
-2.080e+000	3.0313e-007	-8.3900e+012	-8.3711e+012	8.3710e+012	5.2500e-015
-2.070e+000	3.0314e-007	-8.4089e+012	-8.3900e+012	8.3899e+012	5.2500e-015
-2.060e+000	3.0315e-007	-8.4278e+012	-8.4089e+012	8.4089e+012	5.2500e-015
-2.050e+000	3.0316e-007	-8.4467e+012	-8.4278e+012	8.4278e+012	5.2500e-015
-2.040e+000	3.0316e-007	-8.4657e+012	-8.4467e+012	8.4467e+012	5.2500e-015
-2.030e+000	3.0317e-007	-8.4846e+012	-8.4657e+012	8.4656e+012	5.2500e-015
-2.020e+000	3.0318e-007	-8.5035e+012	-8.4846e+012	8.4845e+012	5.2500e-015
-2.010e+000	3.0319e-007	-8.5224e+012	-8.5035e+012	8.5035e+012	5.2500e-015
-2.000e+000	3.0320e-007	-8.5414e+012	-8.5224e+012	8.5224e+012	5.2500e-015
-1.990e+000	3.0320e-007	-8.5603e+012	-8.5414e+012	8.5413e+012	5.2500e-015
-1.980e+000	3.0321e-007	-8.5792e+012	-8.5603e+012	8.5602e+012	5.2500e-015
-1.970e+000	3.0322e-007	-8.5981e+012	-8.5792e+012	8.5792e+012	5.2500e-015
-1.960e+000	3.0323e-007	-8.6171e+012	-8.5981e+012	8.5981e+012	5.2500e-015
-1.950e+000	3.0323e-007	-8.6360e+012	-8.6171e+012	8.6170e+012	5.2500e-015
-1.940e+000	3.0324e-007	-8.6549e+012	-8.6360e+012	8.6359e+012	5.2500e-015
-1.930e+000	3.0325e-007	-8.6738e+012	-8.6549e+012	8.6549e+012	5.2500e-015
-1.920e+000	3.0326e-007	-8.6928e+012	-8.6738e+012	8.6738e+012	5.2500e-015
-1.910e+000	3.0326e-007	-8.7117e+012	-8.6928e+012	8.6927e+012	5.2500e-015
-1.900e+000	3.0327e-007	-8.7306e+012	-8.7117e+012	8.7116e+012	5.2500e-015
-1.890e+000	3.0328e-007	-8.7495e+012	-8.7306e+012	8.7306e+012	5.2500e-015
-1.880e+000	3.0329e-007	-8.7685e+012	-8.7495e+012	8.7495e+012	5.2500e-015
-1.870e+000	3.0329e-007	-8.7874e+012	-8.7685e+012	8.7684e+012	5.2500e-015
-1.860e+000	3.0330e-007	-8.8063e+012	-8.7874e+012	8.7874e+012	5.2500e-015
-1.850e+000	3.0331e-007	-8.8253e+012	-8.8063e+012	8.8063e+012	5.2500e-015
-1.840e+000	3.0332e-007	-8.8442e+012	-8.8253e+012	8.8252e+012	5.2500e-015
-1.830e+000	3.0332e-007	-8.8631e+012	-8.8442e+012	8.8442e+012	5.2500e-015
-1.820e+000	3.0333e-007	-8.8821e+012	-8.8631e+012	8.8631e+012	5.2500e-015
-1.810e+000	3.0334e-007	-8.9010e+012	-8.8821e+012	8.8820e+012	5.2500e-015
-1.800e+000	3.0335e-007	-8.9199e+012	-8.9010e+012	8.9010e+012	5.2500e-015
-1.790e+000	3.0335e-007	-8.9389e+012	-8.9199e+012	8.9199e+012	5.2500e-015
-1.780e+000	3.0336e-007	-8.9578e+012	-8.9389e+012	8.9388e+012	5.2500e-015
-1.770e+000	3.0337e-007	-8.9767e+012	-8.9578e+012	8.9578e+012	5.2500e-015
-1.760e+000	3.0337e-007	-8.9957e+012	-8.9767e+012	8.9767e+012	5.2500e-015
-1.750e+000	3.0338e-007	-9.0146e+012	-8.9957e+012	8.9956e+012	5.2500e-015
-1.740e+000	3.0339e-007	-9.0335e+012	-9.0146e+012	9.0146e+012	5.2500e-015
-1.730e+000	3.0340e-007	-9.0525e+012	-9.0335e+012	9.0335e+012	5.2500e-015
-1.720e+000	3.0340e-007	-9.0714e+012	-9.0525e+012	9.0524e+012	5.2500e-015
-1.710e+000	3.0341e-007	-9.0903e+012	-9.0714e+012	9.0714e+012	5.2500e-015
-1.700e+000	3.0342e-007	-9.1093e+012	-9.0903e+012	9.0903e+012	5.2500e-015
-1.690e+000	3.0342e-007	-9.1282e+012	-9.1093e+012	9.1092e+012	5.2500e-015
-1.680e+000	3.0343e-007	-9.1472e+012	-9.1282e+012	9.1282e+012	5.2500e-015
-1.670e+000	3.0344e-007	-9.1661e+012	-9.1472e+012	9.1471e+012	5.2500e-015
-1.660e+000	3.0344e-007	-9.1850e+012	-9.1661e+012	9.1661e+012	5.2500e-015
-1.650e+000	3.0345e-007	-9.2040e+012	-9.1850e+012	9.1850e+012	5.2500e-015
-1.640e+000	3.0346e-007	-9.2229e+012	-9.2040e+012	9.2039e+012	5.2500e-015
-1.630e+000	3.0347e-007	-9.2419e+012	-9.2229e+012	9.2229e+012	5.2500e-015
-1.620e+000	3.0347e-007	-9.2608e+012	-9.2419e+012	9.2418e+012	5.2500e-015
-1.610e+000	3.0348e-007	-9.2797e+012	-9.2608e+012	9.2608e+012	5.2500e-015
-1.600e+000	3.0349e-007	-9.2987e+012	-9.2797e+012	9.2797e+012	5.2500e-015
-1.590e+000	3.0349e-007	-9.3176e+012	-9.2987e+012	9.2986e+012	5.2500e-015
-1.580e+000	3.0350e-007	-9.3366e+012	-9.3176e+012	9.3176e+012	5.2500e-015
-1.570e+000	3.0351e-007	-9.3555e+012	-9.3366e+012	9.3365e+012	5.2500e-015
-1.560e+000	3.0351e-007	-9.3745e+012	-9.3555e+012	9.3555e+012	5.2500e-015
-1.550e+000	3.0352e-007	-9.3934e+012	-9.3745e+012	9.3744e+012	5.2500e-015
-1.540e+000	3.0353e-007	-9.4123e+012	-9.3934e+012	9.3934e+012	5.2500e-015
-1.530e+000	3.0353e-007	-9.4313e+012	-9.4123e+012	9.4123e+012	5.2500e-015
-1.520e+000	3.0354e-007	-9.4502e+012	-9.4313e+012	9.4313e+012	5.2500e-015
-1.510e+000	3.0355e-007	-9.4692e+012	-9.4502e+012	9.4502e+012	5.2500e-015
-1.500e+000	3.0355e-007	-9.4881e+012	-9.4692e+012	9.4691e+012	5.2500e-015
-1.490e+000	3.0356e-007	-9.5071e+012	-9.4881e+012	9.4881e+012	5.2500e-015
-1.480e+000	3.0357e-007	-9.5260e+012	-9.5071e+012	9.5070e+012	5.2500e-015
-1.470e+000	3.0357e-007	-9.5450e+012	-9.5260e+012	9.5260e+012	5.2500e-015
-1.460e+000	3.0358e-007	-9.5639e+012	-9.5450e+012	9.5449e+012	5.2500e-015
-1.450e+000	3.0359e-007	-9.5829e+012	-9.5639e+012	9.5639e+012	5.2500e-015
-1.440e+000	3.0359e-007	-9.6018e+012	-9.5829e+012	9.5828e+012	5.2500e-015
-1.430e+000	3.0360e-007	-9.6208e+012	-9.6018e+012	9.6018e+012	5.2500e-015
-1.420e+000	3.0361e-007	-9.6397e+012	-9.6208e+012	9.6207e+012	5.2500e-015
-1.410e+000	3.0361e-007	-9.6587e+012	-9.6397e+012	9.6397e+012	5.2500e-015
-1.400e+000	3.0362e-007	-9.6776e+012	-9.6587e+012	9.6586e+012	5.2500e-015
-1.390e+000	3.0363e-007	-9.6966e+012	-9.6776e+012	9.6776e+012	5.2500e-015
-1.380e+000	3.0363e-007	-9.7155e+012	-9.6966e+012	9.6965e+012	5.2500e-015
-1.370e+000	3.0364e-007	-9.7345e+012	-9.7155e+012	9.7155e+012	5.2500e-015
-1.360e+000	3.0365e-007	-9.7534e+012	-9.7345e+012	9.7344e+012	5.2500e-015
-1.350e+000	3.0365e-007	-9.7724e+012	-9.7534e+012	9.7534e+012	5.2500e-015
-1.340e+000	3.0366e-007	-9.7913e+012	-9.7724e+012	9.7723e+012	5.2500e-015
-1.330e+000	3.0366e-007	-9.8103e+012	-9.7913e+012	9.7913e+012	5.2500e-015
-1.320e+000	3.0367e-007	-9.8292e+012	-9.8103e+012	9.8102e+012	5.2500e-015
-1.310e+000	3.0368e-007	-9.8482e+012	-9.8292e+012	9.8292e+012	5.2500e-015
-1.300e+000	3.0368e-007	-9.8671e+012	-9.8482e+012	9.8481e+012	5.2500e-015
-1.290e+000	3.0369e-007	-9.8861e+012	-9.8671e+012	9.8671e+012	5.2500e-015
-1.280e+000	3.0370e-007	-9.9051e+012	-9.8861e+012	9.8861e+012	5.2500e-015
-1.270e+000	3.0370e-007	-9.9240e+012	-9.9051e+012	9.9050e+012	5.2500e-015
-1.260e+000	3.0371e-007	-9.9430e+012	-9.9240e+012	9.9240e+012	5.2500e-015
-1.250e+000	3.0372e-007	-9.9619e+012	-9.9430e+012	9.9429e+012	5.2500e-015
-1.240e+000	3.0372e-007	-9.9809e+012	-9.9619e+012	9.9619e+012	5.2500e-015
-1.230e+000	3.0373e-007	-9.9998e+012	-9.9809e+012	9.9808e+012	5.2500e-015
-1.220e+000	3.0373e-007	-1.0019e+013	-9.9998e+012	9.9998e+012	5.2500e-015
-1.210e+000	3.0374e-007	-1.0038e+013	-1.0019e+013	1.0019e+013	5.2500e-015
-1.200e+000	3.0375e-007	-1.0057e+013	-1.0038e+013	1.0038e+013	5.2500e-015
-1.190e+000	3.0375e-007	-1.0076e+013	-1.0057e+013	1.0057e+013	5.2500e-015
-1.180e+000	3.0376e-007	-1.0095e+013	-1.0076e+013	1.0076e+013	5.2500e-015
-1.170e+000	3.0376e-007	-1.0114e+013	-1.0095e+013	1.0095e+013	5.2500e-015
-1.160e+000	3.0377e-007	-1.0133e+013	-1.0114e+013	1.0114e+013	5.2500e-015
-1.150e+000	3.0378e-007	-1.0152e+013	-1.0133e+013	1.0133e+013	5.2500e-015
-1.140e+000	3.0378e-007	-1.0170e+013	-1.0152e+013	1.0151e+013	5.2500e-015
-1.130e+000	3.0379e-007	-1.0189e+013	-1.0170e+013	1.0170e+013	5.2500e-015
-1.120e+000	3.0379e-007	-1.0208e+013	-1.0189e+013	1.0189e+013	5.2500e-015
-1.110e+000	3.0380e-007	-1.0227e+013	-1.0208e+013	1.0208e+013	5.2500e-015
-1.100e+000	3.0381e-007	-1.0246e+013	-1.0227e+013	1.0227e+013	5.2500e-015
-1.090e+000	3.0381e-007	-1.0265e+013	-1.0246e+013	1.0246e+013	5.2500e-015
-1.080e+000	3.0382e-007	-1.0284e+013	-1.0265e+013	1.0265e+013	5.2500e-015
-1.070e+000	3.0382e-007	-1.0303e+013	-1.0284e+013	1.0284e+013	5.2500e-015
-1.060e+000	3.0383e-007	-1.0322e+013	-1.0303e+013	1.0303e+013	5.2500e-015
-1.050e+000	3.0384e-007	-1.0341e+013	-1.0322e+013	1.0322e+013	5.2500e-015
-1.040e+000	3.0384e-007	-1.0360e+013	-1.0341e+013	1.0341e+013	5.2500e-015
-1.030e+000	3.0385e-007	-1.0379e+013	-1.0360e+013	1.0360e+013	5.2500e-015
-1.020e+000	3.0385e-007	-1.0398e+013	-1.0379e+013	1.0379e+013	5.2500e-015
-1.010e+000	3.0386e-007	-1.0417e+013	-1.0398e+013	1.0398e+013	5.2500e-015
-1.000e+000	3.0387e-007	-1.0436e+013	-1.0417e+013	1.0417e+013	5.2500e-015
-9.900e-001	3.0387e-007	-1.0455e+013	-1.0436e+013	1.0436e+013	5.2500e-015
-9.800e-001	3.0388e-007	-1.0474e+013	-1.0455e+013	1.0455e+013	5.2500e-015
-9.700e-001	3.0388e-007	-1.0493e+013	-1.0474e+013	1.0474e+013	5.2500e-015
-9.600e-001	3.0389e-007	-1.0512e+013	-1.0493e+013	1.0493e+013	5.2500e-015
-9.500e-001	3.0389e-007	-1.0531e+013	-1.0512e+013	1.0512e+013	5.2500e-015
-9.400e-001	3.0390e-007	-1.0550e+013	-1.0531e+013	1.0531e+013	5.2500e-015
-9.300e-001	3.0391e-007	-1.0569e+013	-1.0550e+013	1.0550e+013	5.2500e-015
-9.200e-001	3.0391e-007	-1.0588e+013	-1.0569e+013	1.0569e+013	5.2500e-015
-9.100e-001	3.0392e-007	-1.0607e+013	-1.0588e+013	1.0588e+013	5.2500e-015
-9.000e-001	3.0392e-007	-1.0626e+013	-1.0607e+013	1.0607e+013	5.2500e-015
-8.900e-001	3.0393e-007	-1.0645e+013	-1.0626e+013	1.0626e+013	5.2500e-015
-8.800e-001	3.0394e-007	-1.0664e+013	-1.0645e+013	1.0645e+013	5.2500e-015
-8.700e-001	3.0394e-007	-1.0683e+013	-1.0664e+013	1.0664e+013	5.2500e-015
-8.600e-001	3.0395e-007	-1.0702e+013	-1.0683e+013	1.0683e+013	5.2500e-015
-8.500e-001	3.0395e-007	-1.0720e+013	-1.0702e+013	1.0701e+013	5.2500e-015
-8.400e-001	3.0396e-007	-1.0739e+013	-1.0720e+013	1.0720e+013	5.2500e-015
-8.300e-001	3.0396e-007	-1.0758e+013	-1.0739e+013	1.0739e+013	5.2500e-015
-8.200e-001	3.0397e-007	-1.0777e+013	-1.0758e+013	1.0758e+013	5.2500e-015
-8.100e-001	3.0397e-007	-1.0796e+013	-1.0777e+013	1.0777e+013	5.2500e-015
-8.000e-001	3.0398e-007	-1.0815e+013	-1.0796e+013	1.0796e+013	5.2500e-015
-7.900e-001	3.0399e-007	-1.0834e+013	-1.0815e+013	1.0815e+013	5.2500e-015
-7.800e-001	3.0399e-007	-1.0853e+013	-1.0834e+013	1.0834e+013	5.2500e-015
-7.700e-001	3.0400e-007	-1.0872e+013	-1.0853e+013	1.0853e+013	5.2500e-015
-7.600e-001	3.0400e-007	-1.0891e+013	-1.0872e+013	1.0872e+013	5.2500e-015
-7.500e-001	3.0401e-007	-1.0910e+013	-1.0891e+013	1.0891e+013	5.2500e-015
-7.400e-001	3.0401e-007	-1.0929e+013	-1.0910e+013	1.0910e+013	5.2500e-015
-7.300e-001	3.0402e-007	-1.0948e+013	-1.0929e+013	1.0929e+013	5.2500e-015
-7.200e-001	3.0402e-007	-1.0967e+013	-1.0948e+013	1.0948e+013	5.2500e-015
-7.100e-001	3.0403e-007	-1.0986e+013	-1.0967e+013	1.0967e+013	5.2500e-015
-7.000e-001	3.0404e-007	-1.1005e+013	-1.0986e+013	1.0986e+013	5.2500e-015
-6.900e-001	3.0404e-007	-1.1024e+013	-1.1005e+013	1.1005e+013	5.2500e-015
-6.800e-001	3.0405e-007	-1.1043e+013	-1.1024e+013	1.1024e+013	5.2500e-015
-6.700e-001	3.0405e-007	-1.1062e+013	-1.1043e+013	1.1043e+013	5.2500e-015
-6.600e-001	3.0406e-007	-1.1081e+013	-1.1062e+013	1.1062e+013	5.2500e-015
-6.500e-001	3.0406e-007	-1.1100e+013	-1.1081e+013	1.1081e+013	5.2500e-015
-6.400e-001	3.0407e-007	-1.1119e+013	-1.1100e+013	1.1100e+013	5.2500e-015
-6.300e-001	3.0407e-007	-1.1138e+013	-1.1119e+013	1.1119e+013	5.2500e-015
-6.200e-001	3.0408e-007	-1.1157e+013	-1.1138e+013	1.1138e+013	5.2500e-015
-6.100e-001	3.0408e-007	-1.1176e+013	-1.1157e+013	1.1157e+013	5.2500e-015
-6.000e-001	3.0409e-007	-1.1195e+013	-1.1176e+013	1.1176e+013	5.2500e-015
-5.900e-001	3.0409e-007	-1.1214e+013	-1.1195e+013	1.1195e+013	5.2500e-015
-5.800e-001	3.0410e-007	-1.1233e+013	-1.1214e+013	1.1214e+013	5.2500e-015
-5.700e-001	3.0410e-007	-1.1252e+013	-1.1233e+013	1.1233e+013	5.2500e-015
-5.600e-001	3.0411e-007	-1.1271e+013	-1.1252e+013	1.1252e+013	5.2500e-015
-5.500e-001	3.0412e-007	-1.1290e+013	-1.1271e+013	1.1271e+013	5.2500e-015
-5.400e-001	3.0412e-007	-1.1309e+013	-1.1290e+013	1.1290e+013	5.2500e-015
-5.300e-001	3.0413e-007	-1.1328e+013	-1.1309e+013	1.1309e+013	5.2500e-015
-5.200e-001	3.0413e-007	-1.1347e+013	-1.1328e+013	1.1328e+013	5.2500e-015
-5.100e-001	3.0414e-007	-1.1366e+013	-1.1347e+013	1.1347e+013	5.2500e-015
-5.000e-001	3.0414e-007	-1.1385e+013	-1.1366e+013	1.1366e+013	5.2500e-015
-4.900e-001	3.0415e-007	-1.1404e+013	-1.1385e+013	1.1385e+013	5.2500e-015
-4.800e-001	3.0415e-007	-1.1423e+013	-1.1404e+013	1.1404e+013	5.2500e-015
-4.700e-001	3.0416e-007	-1.1442e+013	-1.1423e+013	1.1423e+013	5.2500e-015
-4.600e-001	3.0416e-007	-1.1461e+013	-1.1442e+013	1.1442e+013	5.2500e-015
-4.500e-001	3.0417e-007	-1.1480e+013	-1.1461e+013	1.1461e+013	5.2500e-015
-4.400e-001	3.0417e-007	-1.1499e+013	-1.1480e+013	1.1480e+013	5.2500e-015
-4.300e-001	3.0418e-007	-1.1518e+013	-1.1499e+013	1.1499e+013	5.2500e-015
-4.200e-001	3.0418e-007	-1.1537e+013	-1.1518e+013	1.1518e+013	5.2500e-015
-4.100e-001	3.0419e-007	-1.1556e+013	-1.1537e+013	1.1537e+013	5.2500e-015
-4.000e-001	3.0419e-007	-1.1575e+013	-1.1556e+013	1.1556e+013	5.2500e-015
-3.900e-001	3.0420e-007	-1.1594e+013	-1.1575e+013	1.1574e+013	5.2500e-015
-3.800e-001	3.0420e-007	-1.1613e+013	-1.1594e+013	1.1593e+013	5.2500e-015
-3.700e-001	3.0421e-007	-1.1631e+013	-1.1613e+013	1.1612e+013	5.2500e-015
-3.600e-001	3.0421e-007	-1.1650e+013	-1.1631e+013	1.1631e+013	5.2500e-015
-3.500e-001	3.0422e-007	-1.1669e+013	-1.1650e+013	1.1650e+013	5.2500e-015
-3.400e-001	3.0422e-007	-1.1688e+013	-1.1669e+013	1.1669e+013	5.2500e-015
-3.300e-001	3.0423e-007	-1.1707e+013	-1.1688e+013	1.1688e+013	5.2500e-015
-3.200e-001	3.0423e-007	-1.1726e+013	-1.1707e+013	1.1707e+013	5.2500e-015
-3.100e-001	3.0424e-007	-1.1745e+013	-1.1726e+013	1.1726e+013	5.2500e-015
-3.000e-001	3.0424e-007	-1.1764e+013	-1.1745e+013	1.1745e+013	5.2500e-015
-2.900e-001	3.0425e-007	-1.1783e+013	-1.1764e+013	1.1764e+013	5.2500e-015
-2.800e-001	3.0425e-007	-1.1802e+013	-1.1783e+013	1.1783e+013	5.2500e-015
-2.700e-001	3.0426e-007	-1.1821e+013	-1.1802e+013	1.1802e+013	5.2500e-015
-2.600e-001	3.0426e-007	-1.1840e+013	-1.1821e+013	1.1821e+013	5.2500e-015
-2.500e-001	3.0427e-007	-1.1859e+013	-1.1840e+013	1.1840e+013	5.2500e-015
-2.400e-001	3.0427e-007	-1.1878e+013	-1.1859e+013	1.1859e+013	5.2500e-015
-2.300e-001	3.0428e-007	-1.1897e+013	-1.1878e+013	1.1878e+013	5.2500e-015
-2.200e-001	3.0428e-007	-1.1916e+013	-1.1897e+013	1.1897e+013	5.2500e-015
-2.100e-001	3.0429e-007	-1.1935e+013	-1.1916e+013	1.1916e+013	5.2500e-015
-2.000e-001	3.0429e-007	-1.1954e+013	-1.1935e+013	1.1935e+013	5.2500e-015
-1.900e-001	3.0430e-007	-1.1973e+013	-1.1954e+013	1.1954e+013	5.2500e-015
-1.800e-001	3.0430e-007	-1.1992e+013	-1.1973e+013	1.1973e+013	5.2500e-015
-1.700e-001	3.0431e-007	-1.2011e+013	-1.1992e+013	1.1992e+013	5.2500e-015
-1.600e-001	3.0431e-007	-1.2030e+013	-1.2011e+013	1.2011e+013	5.2500e-015
-1.500e-001	3.0432e-007	-1.2049e+013	-1.2030e+013	1.2030e+013	5.2500e-015
-1.400e-001	3.0432e-007	-1.2068e+013	-1.2049e+013	1.2049e+013	5.2500e-015
-1.300e-001	3.0433e-007	-1.2087e+013	-1.2068e+013	1.2068e+013	5.2500e-015
-1.200e-001	3.0433e-007	-1.2106e+013	-1.2087e+013	1.2087e+013	5.2500e-015
-1.100e-001	3.0434e-007	-1.2125e+013	-1.2106e+013	1.2106e+013	5.2500e-015
-1.000e-001	3.0434e-007	-1.2144e+013	-1.2125e+013	1.2125e+013	5.2500e-015
-9.000e-002	3.0434e-007	-1.2163e+013	-1.2144e+013	1.2144e+013	5.2500e-015
-8.000e-002	3.0435e-007	-1.2182e+013	-1.2163e+013	1.2163e+013	5.2500e-015
-7.000e-002	3.0435e-007	-1.2201e+013	-1.2182e+013	1.2182e+013	5.2500e-015
-6.000e-002	3.0436e-007	-1.2220e+013	-1.2201e+013	1.2201e+013	5.2500e-015
-5.000e-002	3.0436e-007	-1.2239e+013	-1.2220e+013	1.2220e+013	5.2500e-015
-4.000e-002	3.0437e-007	-1.2258e+013	-1.2239e+013	1.2239e+013	5.2500e-015
-3.000e-002	3.0437e-007	-1.2277e+013	-1.2258e+013	1.2258e+013	5.2500e-015
-2.000e-002	3.0438e-007	-1.2296e+013	-1.2277e+013	1.2277e+013	5.2500e-015
-1.000e-002	3.0438e-007	-1.2315e+013	-1.2296e+013	1.2296e+013	5.2500e-015
0.000e+000	3.0439e-007	-1.2334e+013	-1.2315e+013	1.2315e+013	5.2500e-015
1.000e-002	3.0439e-007	-1.2353e+013	-1.2334e+013	1.2334e+013	5.2500e-015
2.000e-002	3.0440e-007	-1.2372e+013	-1.2353e+013	1.2353e+013	5.2500e-015
3.000e-002	3.0440e-007	-1.2391e+013	-1.2372e+013	1.2372e+013	5.2500e-015
4.000e-002	3.0441e-007	-1.2410e+013	-1.2391e+013	1.2391e+013	5.2500e-015
5.000e-002	3.0441e-007	-1.2429e+013	-1.2410e+013	1.2410e+013	5.2500e-015
6.000e-002	3.0442e-007	-1.2448e+013	-1.2429e+013	1.2429e+013	5.2500e-015
7.000e-002	3.0442e-007	-1.2467e+013	-1.2448e+013	1.2448e+013	5.2500e-015
8.000e-002	3.0442e-007	-1.2486e+013	-1.2467e+013	1.2467e+013	5.2500e-015
9.000e-002	3.0443e-007	-1.2505e+013	-1.2486e+013	1.2486e+013	5.2500e-015
1.000e-001	3.0443e-007	-1.2524e+013	-1.2505e+013	1.2505e+013	5.2500e-015
1.100e-001	3.0444e-007	-1.2543e+013	-1.2524e+013	1.2524e+013	5.2500e-015
1.200e-001	3.0444e-007	-1.2562e+013	-1.2543e+013	1.2543e+013	5.2500e-015
1.300e-001	3.0445e-007	-1.2581e+013	-1.2562e+013	1.2562e+013	5.2500e-015
1.400e-001	3.0445e-007	-1.2600e+013	-1.2581e+013	1.2581e+013	5.2500e-015
1.500e-001	3.0446e-007	-1.2619e+013	-1.2600e+013	1.2600e+013	5.2500e-015
1.600e-001	3.0446e-007	-1.2638e+013	-1.2619e+013	1.2619e+013	5.2500e-015
1.700e-001	3.0447e-007	-1.2657e+013	-1.2638e+013	1.2638e+013	5.2500e-015
1.800e-001	3.0447e-007	-1.2676e+013	-1.2657e+013	1.2657e+013	5.2500e-015
1.900e-001	3.0447e-007	-1.2695e+013	-1.2676e+013	1.2676e+013	5.2500e-015
2.000e-001	3.0448e-007	-1.2714e+013	-1.2695e+013	1.2695e+013	5.2500e-015
2.100e-001	3.0448e-007	-1.2733e+013	-1.2714e+013	1.2714e+013	5.2500e-015
2.200e-001	3.0449e-007	-1.2752e+013	-1.2733e+013	1.2733e+013	5.2500e-015
2.300e-001	3.0449e-007	-1.2771e+013	-1.2752e+013	1.2752e+013	5.2500e-015
2.400e-001	3.0450e-007	-1.2790e+013	-1.2771e+013	1.2771e+013	5.2500e-015
2.500e-001	3.0450e-007	-1.2809e+013	-1.2790e+013	1.2790e+013	5.2500e-015
2.600e-001	3.0451e-007	-1.2828e+013	-1.2809e+013	1.2809e+013	5.2500e-015
2.700e-001	3.0451e-007	-1.2847e+013	-1.2828e+013	1.2828e+013	5.2500e-015
2.800e-001	3.0451e-007	-1.2866e+013	-1.2847e+013	1.2847e+013	5.2500e-015
2.900e-001	3.0452e-007	-1.2885e+013	-1.2866e+013	1.2866e+013	5.2500e-015
3.000e-001	3.0452e-007	-1.2904e+013	-1.2885e+013	1.2885e+013	5.2500e-015
3.100e-001	3.0453e-007	-1.2923e+013	-1.2904e+013	1.2904e+013	5.2500e-015
3.200e-001	3.0453e-007	-1.2942e+013	-1.2923e+013	1.2923e+013	5.2500e-015
3.300e-001	3.0454e-007	-1.2961e+013	-1.2942e+013	1.2942e+013	5.2500e-015
3.400e-001	3.0454e-007	-1.2980e+013	-1.2961e+013	1.2961e+013	5.2500e-015
3.500e-001	3.0455e-007	-1.2999e+013	-1.2980e+013	1.2980e+013	5.2500e-015
3.600e-001	3.0455e-007	-1.3018e+013	-1.2999e+013	1.2999e+013	5.2500e-015
3.700e-001	3.0455e-007	-1.3037e+013	-1.3018e+013	1.3018e+013	5.2500e-015
3.800e-001	3.0456e-007	-1.3056e+013	-1.3037e+013	1.3037e+013	5.2500e-015
3.900e-001	3.0456e-007	-1.3075e+013	-1.3056e+013	1.3056e+013	5.2500e-015
4.000e-001	3.0454e-007	-1.3094e+013	-1.3075e+013	1.3075e+013	5.2500e-015
4.100e-001	3.0453e-007	-1.3113e+013	-1.3094e+013	1.3094e+013	5.2500e-015
4.200e-001	3.0453e-007	-1.3132e+013	-1.3113e+013	1.3113e+013	5.2500e-015
4.300e-001	3.0454e-007	-1.3151e+013	-1.3132e+013	1.3132e+013	5.2500e-015
4.400e-001	3.0454e-007	-1.3170e+013	-1.3151e+013	1.3151e+013	5.2500e-015
4.500e-001	3.0455e-007	-1.3189e+013	-1.3170e+013	1.3170e+013	5.2500e-015
4.600e-001	3.0455e-007	-1.3208e+013	-1.3189e+013	1.3189e+013	5.2500e-015
4.700e-001	3.0455e-007	-1.3227e+013	-1.3208e+013	1.3208e+013	5.2500e-015
4.800e-001	3.0456e-007	-1.3246e+013	-1.3227e+013	1.3227e+013	5.2500e-015
4.900e-001	3.0456e-007	-1.3265e+013	-1.3246e+013	1.3246e+013	5.2500e-015
5.000e-001	3.0457e-007	-1.3284e+013	-1.3265e+013	1.3265e+013	5.2500e-015
5.100e-001	3.0457e-007	-1.3303e+013	-1.3284e+013	1.3284e+013	5.2500e-015
5.200e-001	3.0458e-007	-1.3323e+013	-1.3303e+013	1.3303e+013	5.2500e-015
5.300e-001	3.0458e-007	-1.3342e+013	-1.3323e+013	1.3322e+013	5.2500e-015
5.400e-001	3.0458e-007	-1.3361e+013	-1.3342e+013	1.3341e+013	5.2500e-015
5.500e-001	3.0459e-007	-1.3380e+013	-1.3361e+013	1.3360e+013	5.2500e-015
5.600e-001	3.0459e-007	-1.3399e+013	-1.3380e+013	1.3379e+013	5.2500e-015
5.700e-001	3.0460e-007	-1.3418e+013	-1.3399e+013	1.3399e+013	5.2500e-015
5.800e-001	3.0460e-007	-1.3437e+013	-1.3418e+013	1.3418e+013	5.2500e-015
5.900e-001	3.0461e-007	-1.3456e+013	-1.3437e+013	1.3437e+013	5.2500e-015
6.000e-001	3.0461e-007	-1.3475e+013	-1.3456e+013	1.3456e+013	5.2500e-015
6.100e-001	3.0462e-007	-1.3494e+013	-1.3475e+013	1.3475e+013	5.2500e-015
6.200e-001	3.0462e-007	-1.3513e+013	-1.3494e+013	1.3494e+013	5.2500e-015
6.300e-001	3.0463e-007	-1.3532e+013	-1.3513e+013	1.3513e+013	5.2500e-015
6.400e-001	3.0463e-007	-1.3551e+013	-1.3532e+013	1.3532e+013	5.2500e-015
6.500e-001	3.0464e-007	-1.3570e+013	-1.3551e+013	1.3551e+013	5.2500e-015
6.600e-001	3.0464e-007	-1.3589e+013	-1.3570e+013	1.3570e+013	5.2500e-015
6.700e-001	3.0465e-007	-1.3608e+013	-1.3589e+013	1.3589e+013	5.2500e-015
6.800e-001	3.0465e-007	-1.3627e+013	-1.3608e+013	1.3608e+013	5.2500e-015
6.900e-001	3.0466e-007	-1.3646e+013	-1.3627e+013	1.3627e+013	5.2500e-015
7.000e-001	3.0466e-007	-1.3665e+013	-1.3646e+013	1.3646e+013	5.2500e-015
7.100e-001	3.0467e-007	-1.3684e+013	-1.3665e+013	1.3665e+013	5.2500e-015
7.200e-001	3.0468e-007	-1.3703e+013	-1.3684e+013	1.3684e+013	5.2500e-015
7.300e-001	3.0468e-007	-1.3722e+013	-1.3703e+013	1.3703e+013	5.2500e-015
7.400e-001	3.0469e-007	-1.3741e+013	-1.3722e+013	1.3722e+013	5.2500e-015
7.500e-001	3.0470e-007	-1.3760e+013	-1.3741e+013	1.3741e+013	5.2500e-015
7.600e-001	3.0471e-007	-1.3779e+013	-1.3760e+013	1.3760e+013	5.2500e-015
7.700e-001	3.0472e-007	-1.3798e+013	-1.3779e+013	1.3779e+013	5.2500e-015
7.800e-001	3.0473e-007	-1.3817e+013	-1.3798e+013	1.3798e+013	5.2500e-015
7.900e-001	3.0474e-007	-1.3836e+013	-1.3817e+013	1.3817e+013	5.2500e-015
8.000e-001	3.0475e-007	-1.3855e+013	-1.3836e+013	1.3836e+013	5.2500e-015
8.100e-001	3.0477e-007	-1.3874e+013	-1.3855e+013	1.3855e+013	5.2500e-015
8.200e-001	3.0478e-007	-1.3893e+013	-1.3874e+013	1.3874e+013	5.2500e-015
8.300e-001	3.0480e-007	-1.3912e+013	-1.3893e+013	1.3893e+013	5.2500e-015
8.400e-001	3.0482e-007	-1.3931e+013	-1.3912e+013	1.3912e+013	5.2500e-015
8.500e-001	3.0484e-007	-1.3950e+013	-1.3931e+013	1.3931e+013	5.2500e-015
8.600e-001	3.0486e-007	-1.3969e+013	-1.3950e+013	1.3950e+013	5.2500e-015
8.700e-001	3.0489e-007	-1.3988e+013	-1.3969e+013	1.3969e+013	5.2500e-015
8.800e-001	3.0492e-007	-1.4007e+013	-1.3988e+013	1.3988e+013	5.2500e-015
8.900e-001	3.0495e-007	-1.4026e+013	-1.4007e+013	1.4007e+013	5.2500e-015
9.000e-001	3.0499e-007	-1.4045e+013	-1.4026e+013	1.4026e+013	5.2500e-015
9.100e-001	3.0504e-007	-1.4064e+013	-1.4045e+013	1.4045e+013	5.2500e-015
9.200e-001	3.0509e-007	-1.4083e+013	-1.4064e+013	1.4064e+013	5.2500e-015
9.300e-001	3.0515e-007	-1.4102e+013	-1.4083e+013	1.4083e+013	5.2500e-015
9.400e-001	3.0522e-007	-1.4121e+013	-1.4102e+013	1.4102e+013	5.2500e-015
9.500e-001	3.0530e-007	-1.4140e+013	-1.4121e+013	1.4121e+013	5.2500e-015
9.600e-001	3.0539e-007	-1.4159e+013	-1.4140e+013	1.4140e+013	5.2500e-015
9.700e-001	3.0550e-007	-1.4179e+013	-1.4159e+013	1.4159e+013	5.2500e-015
9.800e-001	3.0562e-007	-1.4198e+013	-1.4179e+013	1.4179e+013	5.2500e-015
9.900e-001	3.0577e-007	-1.4217e+013	-1.4198e+013	1.4198e+013	5.2500e-015
1.000e+000	3.0593e-007	-1.4236e+013	-1.4217e+013	1.4217e+013	5.2500e-015
1.010e+000	3.0612e-007	-1.4255e+013	-1.4236e+013	1.4236e+013	5.2500e-015
1.020e+000	3.0635e-007	-1.4274e+013	-1.4255e+013	1.4255e+013	5.2500e-015
1.030e+000	3.0661e-007	-1.4293e+013	-1.4274e+013	1.4274e+013	5.2500e-015
1.040e+000	3.0691e-007	-1.4312e+013	-1.4293e+013	1.4293e+013	5.2500e-015
1.050e+000	3.0725e-007	-1.4332e+013	-1.4312e+013	1.4312e+013	5.2500e-015
1.060e+000	3.0766e-007	-1.4351e+013	-1.4332e+013	1.4331e+013	5.2500e-015
1.070e+000	3.0812e-007	-1.4370e+013	-1.4351e+013	1.4351e+013	5.2500e-015
1.080e+000	3.0867e-007	-1.4389e+013	-1.4370e+013	1.4370e+013	5.2500e-015
1.090e+000	3.0929e-007	-1.4409e+013	-1.4389e+013	1.4389e+013	5.2500e-015
1.100e+000	3.1002e-007	-1.4428e+013	-1.4409e+013	1.4408e+013	5.2500e-015
1.110e+000	3.1086e-007	-1.4447e+013	-1.4428e+013	1.4428e+013	5.2500e-015
1.120e+000	3.1182e-007	-1.4467e+013	-1.4447e+013	1.4447e+013	5.2500e-015
1.130e+000	3.1293e-007	-1.4486e+013	-1.4467e+013	1.4467e+013	5.2500e-015
1.140e+000	3.1401e-007	-1.4506e+013	-1.4486e+013	1.4486e+013	5.2500e-015
1.150e+000	3.1560e-007	-1.4526e+013	-1.4506e+013	1.4506e+013	5.2500e-015
1.160e+000	3.1724e-007	-1.4545e+013	-1.4526e+013	1.4526e+013	5.2500e-015
1.170e+000	3.1894e-007	-1.4565e+013	-1.4545e+013	1.4545e+013	5.2500e-015
1.180e+000	3.2115e-007	-1.4585e+013	-1.4565e+013	1.4565e+013	5.2500e-015
1.190e+000	3.2350e-007	-1.4605e+013	-1.4585e+013	1.4585e+013	5.2500e-015
1.200e+000	3.2613e-007	-1.4626e+013	-1.4605e+013	1.4605e+013	5.2500e-015
1.210e+000	3.2905e-007	-1.4646e+013	-1.4626e+013	1.4626e+013	5.2500e-015
1.220e+000	3.3212e-007	-1.4667e+013	-1.4646e+013	1.4646e+013	5.2500e-015
1.230e+000	3.3581e-007	-1.4688e+013	-1.4667e+013	1.4667e+013	5.2500e-015
1.240e+000	3.3971e-007	-1.4709e+013	-1.4688e+013	1.4688e+013	5.2500e-015
1.250e+000	3.4397e-007	-1.4731e+013	-1.4709e+013	1.4709e+013	5.2500e-015
1.260e+000	3.4861e-007	-1.4753e+013	-1.4731e+013	1.4731e+013	5.2500e-015
1.270e+000	3.5356e-007	-1.4775e+013	-1.4753e+013	1.4752e+013	5.2500e-015
1.280e+000	3.5920e-007	-1.4797e+013	-1.4775e+013	1.4775e+013	5.2500e-015
1.290e+000	3.6530e-007	-1.4820e+013	-1.4797e+013	1.4797e+013	5.2500e-015
1.300e+000	3.7210e-007	-1.4843e+013	-1.4820e+013	1.4820e+013	5.2500e-015
1.310e+000	3.7981e-007	-1.4867e+013	-1.4843e+013	1.4843e+013	5.2500e-015
1.320e+000	3.8876e-007	-1.4891e+013	-1.4867e+013	1.4867e+013	5.2500e-015
1.330e+000	3.9940e-007	-1.4916e+013	-1.4891e+013	1.4891e+013	5.2500e-015
1.340e+000	4.1241e-007	-1.4942e+013	-1.4916e+013	1.4916e+013	5.2500e-015
1.350e+000	4.2803e-007	-1.4968e+013	-1.4942e+013	1.4942e+013	5.2500e-015
1.360e+000	4.4900e-007	-1.4996e+013	-1.4968e+013	1.4968e+013	5.2500e-015
1.370e+000	4.7599e-007	-1.5026e+013	-1.4996e+013	1.4996e+013	5.2500e-015
1.380e+000	5.1084e-007	-1.5058e+013	-1.5026e+013	1.5026e+013	5.2500e-015
1.390e+000	5.5753e-007	-1.5093e+013	-1.5058e+013	1.5058e+013	5.2500e-015
1.400e+000	6.1825e-007	-1.5131e+013	-1.5093e+013	1.5093e+013	5.2500e-015
1.410e+000	6.9612e-007	-1.5175e+013	-1.5131e+013	1.5131e+013	5.2500e-015
1.420e+000	7.9491e-007	-1.5224e+013	-1.5175e+013	1.5175e+013	5.2500e-015
1.430e+000	9.1545e-007	-1.5282e+013	-1.5224e+013	1.5224e+013	5.2500e-015
1.440e+000	1.0576e-006	-1.5348e+013	-1.5282e+013	1.5282e+013	5.2500e-015
1.450e+000	1.2181e-006	-1.5424e+013	-1.5348e+013	1.5348e+013	5.2500e-015
1.460e+000	1.3932e-006	-1.5511e+013	-1.5424e+013	1.5424e+013	5.2500e-015
1.470e+000	1.5757e-006	-1.5609e+013	-1.5511e+013	1.5511e+013	5.2500e-015
1.480e+000	1.7596e-006	-1.5719e+013	-1.5609e+013	1.5609e+013	5.2500e-015
1.490e+000	1.9400e-006	-1.5840e+013	-1.5719e+013	1.5719e+013	5.2500e-015
1.500e+000	2.1124e-006	-1.5972e+013	-1.5840e+013	1.5840e+013	5.2500e-015
1.510e+000	2.2745e-006	-1.6114e+013	-1.5972e+013	1.5972e+013	5.2500e-015
1.520e+000	2.4252e-006	-1.6265e+013	-1.6114e+013	1.6114e+013	5.2500e-015
1.530e+000	2.5638e-006	-1.6425e+013	-1.6265e+013	1.6265e+013	5.2500e-015
1.540e+000	2.6914e-006	-1.6593e+013	-1.6425e+013	1.6425e+013	5.2500e-015
1.550e+000	2.8080e-006	-1.6768e+013	-1.6593e+013	1.6593e+013	5.2500e-015
1.560e+000	2.9148e-006	-1.6950e+013	-1.6768e+013	1.6768e+013	5.2500e-015
1.570e+000	3.0127e-006	-1.7138e+013	-1.6950e+013	1.6950e+013	5.2500e-015
1.580e+000	3.1025e-006	-1.7332e+013	-1.7138e+013	1.7138e+013	5.2500e-015
1.590e+000	3.1855e-006	-1.7531e+013	-1.7332e+013	1.7332e+013	5.2500e-015
1.600e+000	3.2621e-006	-1.7734e+013	-1.7531e+013	1.7531e+013	5.2500e-015
1.610e+000	3.3332e-006	-1.7942e+013	-1.7734e+013	1.7734e+013	5.2500e-015
1.620e+000	3.3994e-006	-1.8155e+013	-1.7942e+013	1.7942e+013	5.2500e-015
1.630e+000	3.4612e-006	-1.8371e+013	-1.8155e+013	1.8154e+013	5.2500e-015
1.640e+000	3.5192e-006	-1.8590e+013	-1.8371e+013	1.8371e+013	5.2500e-015
1.650e+000	3.5737e-006	-1.8813e+013	-1.8590e+013	1.8590e+013	5.2500e-015
1.660e+000	3.6252e-006	-1.9040e+013	-1.8813e+013	1.8813e+013	5.2500e-015
1.670e+000	3.6740e-006	-1.9269e+013	-1.9040e+013	1.9039e+013	5.2500e-015
1.680e+000	3.7203e-006	-1.9501e+013	-1.9269e+013	1.9269e+013	5.2500e-015
1.690e+000	3.7643e-006	-1.9736e+013	-1.9501e+013	1.9501e+013	5.2500e-015
1.700e+000	3.8063e-006	-1.9974e+013	-1.9736e+013	1.9736e+013	5.2500e-015
1.710e+000	3.8465e-006	-2.0214e+013	-1.9974e+013	1.9974e+013	5.2500e-015
1.720e+000	3.8824e-006	-2.0456e+013	-2.0214e+013	2.0214e+013	5.2500e-015
1.730e+000	3.8768e-006	-2.0698e+013	-2.0456e+013	2.0456e+013	5.2500e-015
1.740e+000	3.9068e-006	-2.0942e+013	-2.0698e+013	2.0698e+013	5.2500e-015
1.750e+000	3.9355e-006	-2.1187e+013	-2.0942e+013	2.0942e+013	5.2500e-015
1.760e+000	3.9630e-006	-2.1435e+013	-2.1187e+013	2.1187e+013	5.2500e-015
1.770e+000	3.9894e-006	-2.1684e+013	-2.1435e+013	2.1435e+013	5.2500e-015
1.780e+000	4.0147e-006	-2.1934e+013	-2.1684e+013	2.1684e+013	5.2500e-015
1.790e+000	4.0391e-006	-2.2186e+013	-2.1934e+013	2.1934e+013	5.2500e-015
1.800e+000	4.0625e-006	-2.2440e+013	-2.2186e+013	2.2186e+013	5.2500e-015
1.810e+000	4.0852e-006	-2.2695e+013	-2.2440e+013	2.2440e+013	5.2500e-015
1.820e+000	4.1070e-006	-2.2951e+013	-2.2695e+013	2.2695e+013	5.2500e-015
1.830e+000	4.1282e-006	-2.3209e+013	-2.2951e+013	2.2951e+013	5.2500e-015
1.840e+000	4.1486e-006	-2.3468e+013	-2.3209e+013	2.3209e+013	5.2500e-015
1.850e+000	4.1684e-006	-2.3728e+013	-2.3468e+013	2.3468e+013	5.2500e-015
1.860e+000	4.1876e-006	-2.3989e+013	-2.3728e+013	2.3728e+013	5.2500e-015
1.870e+000	4.2062e-006	-2.4252e+013	-2.3989e+013	2.3989e+013	5.2500e-015
1.880e+000	4.2244e-006	-2.4516e+013	-2.4252e+013	2.4252e+013	5.2500e-015
1.890e+000	4.2420e-006	-2.4780e+013	-2.4516e+013	2.4516e+013	5.2500e-015
1.900e+000	4.2591e-006	-2.5046e+013	-2.4780e+013	2.4780e+013	5.2500e-015
1.910e+000	4.2758e-006	-2.5313e+013	-2.5046e+013	2.5046e+013	5.2500e-015
1.920e+000	4.2921e-006	-2.5581e+013	-2.5313e+013	2.5313e+013	5.2500e-015
1.930e+000	4.3079e-006	-2.5850e+013	-2.5581e+013	2.5581e+013	5.2500e-015
1.940e+000	4.3234e-006	-2.6120e+013	-2.5850e+013	2.5850e+013	5.2500e-015
1.950e+000	4.3385e-006	-2.6390e+013	-2.6120e+013	2.6120e+013	5.2500e-015
1.960e+000	4.3532e-006	-2.6662e+013	-2.6390e+013	2.6390e+013	5.2500e-015
1.970e+000	4.3676e-006	-2.6935e+013	-2.6662e+013	2.6662e+013	5.2500e-015
1.980e+000	4.3817e-006	-2.7208e+013	-2.6935e+013	2.6935e+013	5.2500e-015
1.990e+000	4.3955e-006	-2.7483e+013	-2.7208e+013	2.7208e+013	5.2500e-015
2.000e+000	4.4074e-006	-2.7758e+013	-2.7483e+013	2.7483e+013	5.2500e-015
2.010e+000	4.4126e-006	-2.8033e+013	-2.7758e+013	2.7758e+013	5.2500e-015
2.020e+000	4.4251e-006	-2.8309e+013	-2.8033e+013	2.8033e+013	5.2500e-015
2.030e+000	4.4373e-006	-2.8586e+013	-2.8309e+013	2.8309e+013	5.2500e-015
2.040e+000	4.4493e-006	-2.8864e+013	-2.8586e+013	2.8586e+013	5.2500e-015
2.050e+000	4.4610e-006	-2.9142e+013	-2.8864e+013	2.8864e+013	5.2500e-015
2.060e+000	4.4726e-006	-2.9422e+013	-2.9142e+013	2.9142e+013	5.2500e-015
2.070e+000	4.4839e-006	-2.9701e+013	-2.9422e+013	2.9422e+013	5.2500e-015
2.080e+000	4.4950e-006	-2.9982e+013	-2.9701e+013	2.9701e+013	5.2500e-015
2.090e+000	4.5059e-006	-3.0263e+013	-2.9982e+013	2.9982e+013	5.2500e-015
2.100e+000	4.5166e-006	-3.0545e+013	-3.0263e+013	3.0263e+013	5.2500e-015
2.110e+000	4.5271e-006	-3.0828e+013	-3.0545e+013	3.0545e+013	5.2500e-015
2.120e+000	4.5375e-006	-3.1111e+013	-3.0828e+013	3.0828e+013	5.2500e-015
2.130e+000	4.5476e-006	-3.1395e+013	-3.1111e+013	3.1111e+013	5.2500e-015
2.140e+000	4.5576e-006	-3.1679e+013	-3.1395e+013	3.1395e+013	5.2500e-015
2.150e+000	4.5675e-006	-3.1964e+013	-3.1679e+013	3.1679e+013	5.2500e-015
2.160e+000	4.5772e-006	-3.2250e+013	-3.1964e+013	3.1964e+013	5.2500e-015
2.170e+000	4.5867e-006	-3.2536e+013	-3.2250e+013	3.2250e+013	5.2500e-015
2.180e+000	4.5961e-006	-3.2823e+013	-3.2536e+013	3.2536e+013	5.2500e-015
2.190e+000	4.6053e-006	-3.3111e+013	-3.2823e+013	3.2823e+013	5.2500e-015
2.200e+000	4.6144e-006	-3.3399e+013	-3.3111e+013	3.3111e+013	5.2500e-015
2.210e+000	4.6234e-006	-3.3687e+013	-3.3399e+013	3.3399e+013	5.2500e-015
2.220e+000	4.6322e-006	-3.3976e+013	-3.3687e+013	3.3687e+013	5.2500e-015
2.230e+000	4.6410e-006	-3.4266e+013	-3.3976e+013	3.3976e+013	5.2500e-015
2.240e+000	4.6495e-006	-3.4556e+013	-3.4266e+013	3.4266e+013	5.2500e-015
2.250e+000	4.6580e-006	-3.4847e+013	-3.4556e+013	3.4556e+013	5.2500e-015
2.260e+000	4.6664e-006	-3.5138e+013	-3.4847e+013	3.4847e+013	5.2500e-015
2.270e+000	4.6746e-006	-3.5430e+013	-3.5138e+013	3.5138e+013	5.2500e-015
2.280e+000	4.6827e-006	-3.5722e+013	-3.5430e+013	3.5430e+013	5.2500e-015
2.290e+000	4.6907e-006	-3.6015e+013	-3.5722e+013	3.5722e+013	5.2500e-015
2.300e+000	4.6987e-006	-3.6308e+013	-3.6015e+013	3.6015e+013	5.2500e-015
2.310e+000	4.7065e-006	-3.6602e+013	-3.6308e+013	3.6308e+013	5.2500e-015
2.320e+000	4.7142e-006	-3.6896e+013	-3.6602e+013	3.6602e+013	5.2500e-015
2.330e+000	4.7218e-006	-3.7191e+013	-3.6896e+013	3.6896e+013	5.2500e-015
2.340e+000	4.7293e-006	-3.7486e+013	-3.7191e+013	3.7191e+013	5.2500e-015
2.350e+000	4.7368e-006	-3.7782e+013	-3.7486e+013	3.7486e+013	5.2500e-015
2.360e+000	4.7441e-006	-3.8078e+013	-3.7782e+013	3.7782e+013	5.2500e-015
2.370e+000	4.7514e-006	-3.8374e+013	-3.8078e+013	3.8078e+013	5.2500e-015
2.380e+000	4.7585e-006	-3.8671e+013	-3.8374e+013	3.8374e+013	5.2500e-015
2.390e+000	4.7656e-006	-3.8969e+013	-3.8671e+013	3.8671e+013	5.2500e-015
2.400e+000	4.7726e-006	-3.9267e+013	-3.8969e+013	3.8969e+013	5.2500e-015
2.410e+000	4.7796e-006	-3.9565e+013	-3.9267e+013	3.9267e+013	5.2500e-015
2.420e+000	4.7864e-006	-3.9864e+013	-3.9565e+013	3.9565e+013	5.2500e-015
2.430e+000	4.7932e-006	-4.0163e+013	-3.9864e+013	3.9864e+013	5.2500e-015
2.440e+000	4.7999e-006	-4.0463e+013	-4.0163e+013	4.0163e+013	5.2500e-015
2.450e+000	4.8065e-006	-4.0763e+013	-4.0463e+013	4.0462e+013	5.2500e-015
2.460e+000	4.8130e-006	-4.1063e+013	-4.0763e+013	4.0762e+013	5.2500e-015
2.470e+000	4.8195e-006	-4.1364e+013	-4.1063e+013	4.1063e+013	5.2500e-015
2.480e+000	4.8259e-006	-4.1665e+013	-4.1364e+013	4.1364e+013	5.2500e-015
2.490e+000	4.8323e-006	-4.1967e+013	-4.1665e+013	4.1665e+013	5.2500e-015
2.500e+000	4.8386e-006	-4.2269e+013	-4.1967e+013	4.1967e+013	5.2500e-015
2.510e+000	4.8448e-006	-4.2571e+013	-4.2269e+013	4.2269e+013	5.2500e-015
2.520e+000	4.8509e-006	-4.2874e+013	-4.2571e+013	4.2571e+013	5.2500e-015
2.530e+000	4.8570e-006	-4.3177e+013	-4.2874e+013	4.2874e+013	5.2500e-015
2.540e+000	4.8630e-006	-4.3480e+013	-4.3177e+013	4.3177e+013	5.2500e-015
2.550e+000	4.8690e-006	-4.3784e+013	-4.3480e+013	4.3480e+013	5.2500e-015
2.560e+000	4.8749e-006	-4.4089e+013	-4.3784e+013	4.3784e+013	5.2500e-015
2.570e+000	4.8808e-006	-4.4393e+013	-4.4089e+013	4.4089e+013	5.2500e-015
2.580e+000	4.8866e-006	-4.4698e+013	-4.4393e+013	4.4393e+013	5.2500e-015
2.590e+000	4.8923e-006	-4.5004e+013	-4.4698e+013	4.4698e+013	5.2500e-015
2.600e+000	4.8980e-006	-4.5309e+013	-4.5004e+013	4.5003e+013	5.2500e-015
2.610e+000	4.9036e-006	-4.5615e+013	-4.5309e+013	4.5309e+013	5.2500e-015
2.620e+000	4.9092e-006	-4.5922e+013	-4.5615e+013	4.5615e+013	5.2500e-015
2.630e+000	4.9147e-006	-4.6228e+013	-4.5922e+013	4.5922e+013	5.2500e-015
2.640e+000	4.9198e-006	-4.6536e+013	-4.6228e+013	4.6228e+013	5.2500e-015
2.650e+000	4.9241e-006	-4.6843e+013	-4.6536e+013	4.6535e+013	5.2500e-015
2.660e+000	4.9294e-006	-4.7151e+013	-4.6843e+013	4.6843e+013	5.2500e-015
2.670e+000	4.9348e-006	-4.7459e+013	-4.7151e+013	4.7150e+013	5.2500e-015
2.680e+000	4.9400e-006	-4.7767e+013	-4.7459e+013	4.7458e+013	5.2500e-015
2.690e+000	4.9452e-006	-4.8076e+013	-4.7767e+013	4.7767e+013	5.2500e-015
2.700e+000	4.9504e-006	-4.8385e+013	-4.8076e+013	4.8075e+013	5.2500e-015
2.710e+000	4.9555e-006	-4.8694e+013	-4.8385e+013	4.8384e+013	5.2500e-015
2.720e+000	4.9606e-006	-4.9003e+013	-4.8694e+013	4.8694e+013	5.2500e-015
2.730e+000	4.9657e-006	-4.9313e+013	-4.9003e+013	4.9003e+013	5.2500e-015
2.740e+000	4.9707e-006	-4.9624e+013	-4.9313e+013	4.9313e+013	5.2500e-015
2.750e+000	4.9756e-006	-4.9934e+013	-4.9624e+013	4.9624e+013	5.2500e-015
2.760e+000	4.9806e-006	-5.0245e+013	-4.9934e+013	4.9934e+013	5.2500e-015
2.770e+000	4.9854e-006	-5.0556e+013	-5.0245e+013	5.0245e+013	5.2500e-015
2.780e+000	4.9903e-006	-5.0868e+013	-5.0556e+013	5.0556e+013	5.2500e-015
2.790e+000	4.9951e-006	-5.1179e+013	-5.0868e+013	5.0868e+013	5.2500e-015
2.800e+000	4.9998e-006	-5.1491e+013	-5.1179e+013	5.1179e+013	5.2500e-015
2.810e+000	5.0046e-006	-5.1804e+013	-5.1491e+013	5.1491e+013	5.2500e-015
2.820e+000	5.0092e-006	-5.2116e+013	-5.1804e+013	5.1804e+013	5.2500e-015
2.830e+000	5.0139e-006	-5.2429e+013	-5.2116e+013	5.2116e+013	5.2500e-015
2.840e+000	5.0185e-006	-5.2743e+013	-5.2429e+013	5.2429e+013	5.2500e-015
2.850e+000	5.0231e-006	-5.3056e+013	-5.2743e+013	5.2743e+013	5.2500e-015
2.860e+000	5.0276e-006	-5.3370e+013	-5.3056e+013	5.3056e+013	5.2500e-015
2.870e+000	5.0321e-006	-5.3684e+013	-5.3370e+013	5.3370e+013	5.2500e-015
2.880e+000	5.0366e-006	-5.3998e+013	-5.3684e+013	5.3684e+013	5.2500e-015
2.890e+000	5.0411e-006	-5.4313e+013	-5.3998e+013	5.3998e+013	5.2500e-015
2.900e+000	5.0455e-006	-5.4628e+013	-5.4313e+013	5.4313e+013	5.2500e-015
2.910e+000	5.0499e-006	-5.4943e+013	-5.4628e+013	5.4628e+013	5.2500e-015
2.920e+000	5.0542e-006	-5.5259e+013	-5.4943e+013	5.4943e+013	5.2500e-015
2.930e+000	5.0585e-006	-5.5574e+013	-5.5259e+013	5.5259e+013	5.2500e-015
2.940e+000	5.0628e-006	-5.5890e+013	-5.5574e+013	5.5574e+013	5.2500e-015
2.950e+000	5.0671e-006	-5.6207e+013	-5.5890e+013	5.5890e+013	5.2500e-015
2.960e+000	5.0713e-006	-5.6523e+013	-5.6207e+013	5.6207e+013	5.2500e-015
2.970e+000	5.0755e-006	-5.6840e+013	-5.6523e+013	5.6523e+013	5.2500e-015
2.980e+000	5.0796e-006	-5.7157e+013	-5.6840e+013	5.6840e+013	5.2500e-015
2.990e+000	5.0838e-006	-5.7474e+013	-5.7157e+013	5.7157e+013	5.2500e-015
3.000e+000	5.0879e-006	-5.7792e+013	-5.7474e+013	5.7474e+013	5.2500e-015
3.010e+000	5.0920e-006	-5.8110e+013	-5.7792e+013	5.7792e+013	5.2500e-015
3.020e+000	5.0960e-006	-5.8428e+013	-5.8110e+013	5.8110e+013	5.2500e-015
3.030e+000	5.1000e-006	-5.8746e+013	-5.8428e+013	5.8428e+013	5.2500e-015
3.040e+000	5.1040e-006	-5.9065e+013	-5.8746e+013	5.8746e+013	5.2500e-015
3.050e+000	5.1080e-006	-5.9383e+013	-5.9065e+013	5.9065e+013	5.2500e-015
3.060e+000	5.1119e-006	-5.9702e+013	-5.9383e+013	5.9383e+013	5.2500e-015
3.070e+000	5.1158e-006	-6.0022e+013	-5.9702e+013	5.9702e+013	5.2500e-015
3.080e+000	5.1197e-006	-6.0341e+013	-6.0022e+013	6.0022e+013	5.2500e-015
3.090e+000	5.1236e-006	-6.0661e+013	-6.0341e+013	6.0341e+013	5.2500e-015
3.100e+000	5.1274e-006	-6.0981e+013	-6.0661e+013	6.0661e+013	5.2500e-015
3.110e+000	5.1313e-006	-6.1301e+013	-6.0981e+013	6.0981e+013	5.2500e-015
3.120e+000	5.1350e-006	-6.1622e+013	-6.1301e+013	6.1301e+013	5.2500e-015
3.130e+000	5.1388e-006	-6.1943e+013	-6.1622e+013	6.1622e+013	5.2500e-015
3.140e+000	5.1426e-006	-6.2264e+013	-6.1943e+013	6.1943e+013	5.2500e-015
3.150e+000	5.1463e-006	-6.2585e+013	-6.2264e+013	6.2264e+013	5.2500e-015
3.160e+000	5.1500e-006	-6.2906e+013	-6.2585e+013	6.2585e+013	5.2500e-015
3.170e+000	5.1536e-006	-6.3228e+013	-6.2906e+013	6.2906e+013	5.2500e-015
3.180e+000	5.1573e-006	-6.3550e+013	-6.3228e+013	6.3228e+013	5.2500e-015
3.190e+000	5.1609e-006	-6.3872e+013	-6.3550e+013	6.3550e+013	5.2500e-015
3.200e+000	5.1645e-006	-6.4194e+013	-6.3872e+013	6.3872e+013	5.2500e-015
3.210e+000	5.1681e-006	-6.4517e+013	-6.4194e+013	6.4194e+013	5.2500e-015
3.220e+000	5.1717e-006	-6.4840e+013	-6.4517e+013	6.4517e+013	5.2500e-015
3.230e+000	5.1752e-006	-6.5163e+013	-6.4840e+013	6.4840e+013	5.2500e-015
3.240e+000	5.1787e-006	-6.5486e+013	-6.5163e+013	6.5163e+013	5.2500e-015
3.250e+000	5.1822e-006	-6.5809e+013	-6.5486e+013	6.5486e+013	5.2500e-015
3.260e+000	5.1857e-006	-6.6133e+013	-6.5809e+013	6.5809e+013	5.2500e-015
3.270e+000	5.1891e-006	-6.6457e+013	-6.6133e+013	6.6133e+013	5.2500e-015
3.280e+000	5.1926e-006	-6.6781e+013	-6.6457e+013	6.6457e+013	5.2500e-015
3.290e+000	5.1960e-006	-6.7105e+013	-6.6781e+013	6.6781e+013	5.2500e-015
3.300e+000	5.1994e-006	-6.7430e+013	-6.7105e+013	6.7105e+013	5.2500e-015
3.310e+000	5.2028e-006	-6.7755e+013	-6.7430e+013	6.7430e+013	5.2500e-015
3.320e+000	5.2061e-006	-6.8079e+013	-6.7755e+013	6.7754e+013	5.2500e-015
3.330e+000	5.2095e-006	-6.8405e+013	-6.8079e+013	6.8079e+013	5.2500e-015
3.340e+000	5.2128e-006	-6.8730e+013	-6.8405e+013	6.8405e+013	5.2500e-015
3.350e+000	5.2161e-006	-6.9056e+013	-6.8730e+013	6.8730e+013	5.2500e-015
3.360e+000	5.2194e-006	-6.9381e+013	-6.9056e+013	6.9055e+013	5.2500e-015
3.370e+000	5.2226e-006	-6.9707e+013	-6.9381e+013	6.9381e+013	5.2500e-015
3.380e+000	5.2259e-006	-7.0033e+013	-6.9707e+013	6.9707e+013	5.2500e-015
3.390e+000	5.2291e-006	-7.0360e+013	-7.0033e+013	7.0033e+013	5.2500e-015
3.400e+000	5.2323e-006	-7.0686e+013	-7.0360e+013	7.0360e+013	5.2500e-015
3.410e+000	5.2355e-006	-7.1013e+013	-7.0686e+013	7.0686e+013	5.2500e-015
3.420e+000	5.2387e-006	-7.1340e+013	-7.1013e+013	7.1013e+013	5.2500e-015
3.430e+000	5.2418e-006	-7.1667e+013	-7.1340e+013	7.1340e+013	5.2500e-015
3.440e+000	5.2450e-006	-7.1995e+013	-7.1667e+013	7.1667e+013	5.2500e-015
3.450e+000	5.2481e-006	-7.2322e+013	-7.1995e+013	7.1995e+013	5.2500e-015
3.460e+000	5.2512e-006	-7.2650e+013	-7.2322e+013	7.2322e+013	5.2500e-015
3.470e+000	5.2543e-006	-7.2978e+013	-7.2650e+013	7.2650e+013	5.2500e-015
3.480e+000	5.2574e-006	-7.3306e+013	-7.2978e+013	7.2978e+013	5.2500e-015
3.490e+000	5.2604e-006	-7.3634e+013	-7.3306e+013	7.3306e+013	5.2500e-015
3.500e+000	5.2635e-006	-7.3963e+013	-7.3634e+013	7.3634e+013	5.2500e-015
3.510e+000	5.2665e-006	-7.4292e+013	-7.3963e+013	7.3963e+013	5.2500e-015
3.520e+000	5.2695e-006	-7.4621e+013	-7.4292e+013	7.4292e+013	5.2500e-015
3.530e+000	5.2725e-006	-7.4950e+013	-7.4621e+013	7.4620e+013	5.2500e-015
3.540e+000	5.2755e-006	-7.5279e+013	-7.4950e+013	7.4950e+013	5.2500e-015
3.550e+000	5.2784e-006	-7.5608e+013	-7.5279e+013	7.5279e+013	5.2500e-015
3.560e+000	5.2814e-006	-7.5938e+013	-7.5608e+013	7.5608e+013	5.2500e-015
3.570e+000	5.2843e-006	-7.6268e+013	-7.5938e+013	7.5938e+013	5.2500e-015
3.580e+000	5.2872e-006	-7.6598e+013	-7.6268e+013	7.6268e+013	5.2500e-015
3.590e+000	5.2901e-006	-7.6928e+013	-7.6598e+013	7.6598e+013	5.2500e-015
3.600e+000	5.2930e-006	-7.7258e+013	-7.6928e+013	7.6928e+013	5.2500e-015
3.610e+000	5.2959e-006	-7.7589e+013	-7.7258e+013	7.7258e+013	5.2500e-015
3.620e+000	5.2988e-006	-7.7920e+013	-7.7589e+013	7.7589e+013	5.2500e-015
3.630e+000	5.3016e-006	-7.8250e+013	-7.7920e+013	7.7920e+013	5.2500e-015
3.640e+000	5.3045e-006	-7.8582e+013	-7.8250e+013	7.8250e+013	5.2500e-015
3.650e+000	5.3073e-006	-7.8913e+013	-7.8582e+013	7.8582e+013	5.2500e-015
3.660e+000	5.3101e-006	-7.9244e+013	-7.8913e+013	7.8913e+013	5.2500e-015
3.670e+000	5.3129e-006	-7.9576e+013	-7.9244e+013	7.9244e+013	5.2500e-015
3.680e+000	5.3157e-006	-7.9908e+013	-7.9576e+013	7.9576e+013	5.2500e-015
3.690e+000	5.3184e-006	-8.0240e+013	-7.9908e+013	7.9908e+013	5.2500e-015
3.700e+000	5.3212e-006	-8.0572e+013	-8.0240e+013	8.0240e+013	5.2500e-015
3.710e+000	5.3239e-006	-8.0904e+013	-8.0572e+013	8.0572e+013	5.2500e-015
3.720e+000	5.3266e-006	-8.1236e+013	-8.0904e+013	8.0904e+013	5.2500e-015
3.730e+000	5.3293e-006	-8.1569e+013	-8.1236e+013	8.1236e+013	5.2500e-015
3.740e+000	5.3320e-006	-8.1902e+013	-8.1569e+013	8.1569e+013	5.2500e-015
3.750e+000	5.3347e-006	-8.2235e+013	-8.1902e+013	8.1902e+013	5.2500e-015
3.760e+000	5.3374e-006	-8.2568e+013	-8.2235e+013	8.2235e+013	5.2500e-015
3.770e+000	5.3401e-006	-8.2901e+013	-8.2568e+013	8.2568e+013	5.2500e-015
3.780e+000	5.3427e-006	-8.3235e+013	-8.2901e+013	8.2901e+013	5.2500e-015
3.790e+000	5.3454e-006	-8.3568e+013	-8.3235e+013	8.3235e+013	5.2500e-015
3.800e+000	5.3480e-006	-8.3902e+013	-8.3568e+013	8.3568e+013	5.2500e-015
3.810e+000	5.3506e-006	-8.4236e+013	-8.3902e+013	8.3902e+013	5.2500e-015
3.820e+000	5.3532e-006	-8.4570e+013	-8.4236e+013	8.4236e+013	5.2500e-015
3.830e+000	5.3558e-006	-8.4905e+013	-8.4570e+013	8.4570e+013	5.2500e-015
3.840e+000	5.3584e-006	-8.5239e+013	-8.4905e+013	8.4904e+013	5.2500e-015
3.850e+000	5.3609e-006	-8.5574e+013	-8.5239e+013	8.5239e+013	5.2500e-015
3.860e+000	5.3635e-006	-8.5908e+013	-8.5574e+013	8.5574e+013	5.2500e-015
3.870e+000	5.3660e-006	-8.6243e+013	-8.5908e+013	8.5908e+013	5.2500e-015
3.880e+000	5.3686e-006	-8.6578e+013	-8.6243e+013	8.6243e+013	5.2500e-015
3.890e+000	5.3711e-006	-8.6914e+013	-8.6578e+013	8.6578e+013	5.2500e-015
3.900e+000	5.3736e-006	-8.7249e+013	-8.6914e+013	8.6914e+013	5.2500e-015
3.910e+000	5.3761e-006	-8.7585e+013	-8.7249e+013	8.7249e+013	5.2500e-015
3.920e+000	5.3786e-006	-8.7920e+013	-8.7585e+013	8.7584e+013	5.2500e-015
3.930e+000	5.3811e-006	-8.8256e+013	-8.7920e+013	8.7920e+013	5.2500e-015
3.940e+000	5.3835e-006	-8.8592e+013	-8.8256e+013	8.8256e+013	5.2500e-015
3.950e+000	5.3860e-006	-8.8928e+013	-8.8592e+013	8.8592e+013	5.2500e-015
3.960e+000	5.3884e-006	-8.9265e+013	-8.8928e+013	8.8928e+013	5.2500e-015
3.970e+000	5.3909e-006	-8.9601e+013	-8.9265e+013	8.9265e+013	5.2500e-015
3.980e+000	5.3933e-006	-8.9938e+013	-8.9601e+013	8.9601e+013	5.2500e-015
3.990e+000	5.3957e-006	-9.0274e+013	-8.9938e+013	8.9938e+013	5.2500e-015
4.000e+000	5.3981e-006	-9.0611e+013	-9.0274e+013	9.0274e+013	5.2500e-015
4.010e+000	5.4005e-006	-9.0948e+013	-9.0611e+013	9.0611e+013	5.2500e-015
4.020e+000	5.4029e-006	-9.1286e+013	-9.0948e+013	9.0948e+013	5.2500e-015
4.030e+000	5.4053e-006	-9.1623e+013	-9.1286e+013	9.1286e+013	5.2500e-015
4.040e+000	5.4076e-006	-9.1961e+013	-9.1623e+013	9.1623e+013	5.2500e-015
4.050e+000	5.4100e-006	-9.2298e+013	-9.1961e+013	9.1961e+013	5.2500e-015
4.060e+000	5.4123e-006	-9.2636e+013	-9.2298e+013	9.2298e+013	5.2500e-015
4.070e+000	5.4147e-006	-9.2974e+013	-9.2636e+013	9.2636e+013	5.2500e-015
4.080e+000	5.4170e-006	-9.3312e+013	-9.2974e+013	9.2974e+013	5.2500e-015
4.090e+000	5.4193e-006	-9.3650e+013	-9.3312e+013	9.3312e+013	5.2500e-015
4.100e+000	5.4216e-006	-9.3989e+013	-9.3650e+013	9.3650e+013	5.2500e-015
4.110e+000	5.4239e-006	-9.4327e+013	-9.3989e+013	9.3989e+013	5.2500e-015
4.120e+000	5.4262e-006	-9.4666e+013	-9.4327e+013	9.4327e+013	5.2500e-015
4.130e+000	5.4285e-006	-9.5005e+013	-9.4666e+013	9.4666e+013	5.2500e-015
4.140e+000	5.4307e-006	-9.5344e+013	-9.5005e+013	9.5005e+013	5.2500e-015
4.150e+000	5.4330e-006	-9.5683e+013	-9.5344e+013	9.5344e+013	5.2500e-015
4.160e+000	5.4353e-006	-9.6022e+013	-9.5683e+013	9.5683e+013	5.2500e-015
4.170e+000	5.4375e-006	-9.6361e+013	-9.6022e+013	9.6022e+013	5.2500e-015
4.180e+000	5.4397e-006	-9.6701e+013	-9.6361e+013	9.6361e+013	5.2500e-015
4.190e+000	5.4420e-006	-9.7041e+013	-9.6701e+013	9.6701e+013	5.2500e-015
4.200e+000	5.4442e-006	-9.7380e+013	-9.7041e+013	9.7041e+013	5.2500e-015
4.210e+000	5.4464e-006	-9.7720e+013	-9.7380e+013	9.7380e+013	5.2500e-015
4.220e+000	5.4486e-006	-9.8060e+013	-9.7720e+013	9.7720e+013	5.2500e-015
4.230e+000	5.4508e-006	-9.8401e+013	-9.8060e+013	9.8060e+013	5.2500e-015
4.240e+000	5.4530e-006	-9.8741e+013	-9.8401e+013	9.8401e+013	5.2500e-015
4.250e+000	5.4551e-006	-9.9081e+013	-9.8741e+013	9.8741e+013	5.2500e-015
4.260e+000	5.4573e-006	-9.9422e+013	-9.9081e+013	9.9081e+013	5.2500e-015
4.270e+000	5.4594e-006	-9.9763e+013	-9.9422e+013	9.9422e+013	5.2500e-015
4.280e+000	5.4616e-006	-1.0010e+014	-9.9763e+013	9.9763e+013	5.2500e-015
4.290e+000	5.4637e-006	-1.0044e+014	-1.0010e+014	1.0010e+014	5.2500e-015
4.300e+000	5.4659e-006	-1.0079e+014	-1.0044e+014	1.0044e+014	5.2500e-015
4.310e+000	5.4680e-006	-1.0113e+014	-1.0079e+014	1.0079e+014	5.2500e-015
4.320e+000	5.4701e-006	-1.0147e+014	-1.0113e+014	1.0113e+014	5.2500e-015
4.330e+000	5.4722e-006	-1.0181e+014	-1.0147e+014	1.0147e+014	5.2500e-015
4.340e+000	5.4743e-006	-1.0215e+014	-1.0181e+014	1.0181e+014	5.2500e-015
4.350e+000	5.4764e-006	-1.0249e+014	-1.0215e+014	1.0215e+014	5.2500e-015
4.360e+000	5.4784e-006	-1.0284e+014	-1.0249e+014	1.0249e+014	5.2500e-015
4.370e+000	5.4804e-006	-1.0318e+014	-1.0284e+014	1.0284e+014	5.2500e-015
4.380e+000	5.4825e-006	-1.0352e+014	-1.0318e+014	1.0318e+014	5.2500e-015
4.390e+000	5.4845e-006	-1.0386e+014	-1.0352e+014	1.0352e+014	5.2500e-015
4.400e+000	5.4866e-006	-1.0420e+014	-1.0386e+014	1.0386e+014	5.2500e-015
4.410e+000	5.4886e-006	-1.0455e+014	-1.0420e+014	1.0420e+014	5.2500e-015
4.420e+000	5.4907e-006	-1.0489e+014	-1.0455e+014	1.0455e+014	5.2500e-015
4.430e+000	5.4927e-006	-1.0523e+014	-1.0489e+014	1.0489e+014	5.2500e-015
4.440e+000	5.4947e-006	-1.0558e+014	-1.0523e+014	1.0523e+014	5.2500e-015
4.450e+000	5.4967e-006	-1.0592e+014	-1.0558e+014	1.0558e+014	5.2500e-015
4.460e+000	5.4987e-006	-1.0626e+014	-1.0592e+014	1.0592e+014	5.2500e-015
4.470e+000	5.5007e-006	-1.0661e+014	-1.0626e+014	1.0626e+014	5.2500e-015
4.480e+000	5.5027e-006	-1.0695e+014	-1.0661e+014	1.0661e+014	5.2500e-015
4.490e+000	5.5047e-006	-1.0729e+014	-1.0695e+014	1.0695e+014	5.2500e-015
4.500e+000	5.5067e-006	-1.0764e+014	-1.0729e+014	1.0729e+014	5.2500e-015
4.510e+000	5.5087e-006	-1.0798e+014	-1.0764e+014	1.0764e+014	5.2500e-015
4.520e+000	5.5106e-006	-1.0832e+014	-1.0798e+014	1.0798e+014	5.2500e-015
4.530e+000	5.5126e-006	-1.0867e+014	-1.0832e+014	1.0832e+014	5.2500e-015
4.540e+000	5.5145e-006	-1.0901e+014	-1.0867e+014	1.0867e+014	5.2500e-015
4.550e+000	5.5165e-006	-1.0936e+014	-1.0901e+014	1.0901e+014	5.2500e-015
4.560e+000	5.5184e-006	-1.0970e+014	-1.0936e+014	1.0936e+014	5.2500e-015
4.570e+000	5.5204e-006	-1.1005e+014	-1.0970e+014	1.0970e+014	5.2500e-015
4.580e+000	5.5223e-006	-1.1039e+014	-1.1005e+014	1.1005e+014	5.2500e-015
4.590e+000	5.5242e-006	-1.1073e+014	-1.1039e+014	1.1039e+014	5.2500e-015
4.600e+000	5.5261e-006	-1.1108e+014	-1.1073e+014	1.1073e+014	5.2500e-015
4.610e+000	5.5280e-006	-1.1142e+014	-1.1108e+014	1.1108e+014	5.2500e-015
4.620e+000	5.5299e-006	-1.1177e+014	-1.1142e+014	1.1142e+014	5.2500e-015
4.630e+000	5.5318e-006	-1.1212e+014	-1.1177e+014	1.1177e+014	5.2500e-015
4.640e+000	5.5337e-006	-1.1246e+014	-1.1212e+014	1.1212e+014	5.2500e-015
4.650e+000	5.5356e-006	-1.1281e+014	-1.1246e+014	1.1246e+014	5.2500e-015
4.660e+000	5.5375e-006	-1.1315e+014	-1.1281e+014	1.1281e+014	5.2500e-015
4.670e+000	5.5393e-006	-1.1350e+014	-1.1315e+014	1.1315e+014	5.2500e-015
4.680e+000	5.5412e-006	-1.1384e+014	-1.1350e+014	1.1350e+014	5.2500e-015
4.690e+000	5.5430e-006	-1.1419e+014	-1.1384e+014	1.1384e+014	5.2500e-015
4.700e+000	5.5449e-006	-1.1454e+014	-1.1419e+014	1.1419e+014	5.2500e-015
4.710e+000	5.5467e-006	-1.1488e+014	-1.1454e+014	1.1454e+014	5.2500e-015
4.720e+000	5.5486e-006	-1.1523e+014	-1.1488e+014	1.1488e+014	5.2500e-015
4.730e+000	5.5504e-006	-1.1557e+014	-1.1523e+014	1.1523e+014	5.2500e-015
4.740e+000	5.5522e-006	-1.1592e+014	-1.1557e+014	1.1557e+014	5.2500e-015
4.750e+000	5.5540e-006	-1.1627e+014	-1.1592e+014	1.1592e+014	5.2500e-015
4.760e+000	5.5558e-006	-1.1661e+014	-1.1627e+014	1.1627e+014	5.2500e-015
4.770e+000	5.5577e-006	-1.1696e+014	-1.1661e+014	1.1661e+014	5.2500e-015
4.780e+000	5.5595e-006	-1.1731e+014	-1.1696e+014	1.1696e+014	5.2500e-015
4.790e+000	5.5612e-006	-1.1766e+014	-1.1731e+014	1.1731e+014	5.2500e-015
4.800e+000	5.5630e-006	-1.1800e+014	-1.1766e+014	1.1766e+014	5.2500e-015
4.810e+000	5.5648e-006	-1.1835e+014	-1.1800e+014	1.1800e+014	5.2500e-015
4.820e+000	5.5666e-006	-1.1870e+014	-1.1835e+014	1.1835e+014	5.2500e-015
4.830e+000	5.5684e-006	-1.1904e+014	-1.1870e+014	1.1870e+014	5.2500e-015
4.840e+000	5.5701e-006	-1.1939e+014	-1.1904e+014	1.1904e+014	5.2500e-015
4.850e+000	5.5719e-006	-1.1974e+014	-1.1939e+014	1.1939e+014	5.2500e-015
4.860e+000	5.5736e-006	-1.2009e+014	-1.1974e+014	1.1974e+014	5.2500e-015
4.870e+000	5.5754e-006	-1.2044e+014	-1.2009e+014	1.2009e+014	5.2500e-015
4.880e+000	5.5771e-006	-1.2078e+014	-1.2044e+014	1.2044e+014	5.2500e-015
4.890e+000	5.5789e-006	-1.2113e+014	-1.2078e+014	1.2078e+014	5.2500e-015
4.900e+000	5.5806e-006	-1.2148e+014	-1.2113e+014	1.2113e+014	5.2500e-015
4.910e+000	5.5823e-006	-1.2183e+014	-1.2148e+014	1.2148e+014	5.2500e-015
4.920e+000	5.5841e-006	-1.2218e+014	-1.2183e+014	1.2183e+014	5.2500e-015
4.930e+000	5.5858e-006	-1.2253e+014	-1.2218e+014	1.2218e+014	5.2500e-015
4.940e+000	5.5875e-006	-1.2287e+014	-1.2253e+014	1.2253e+014	5.2500e-015
4.950e+000	5.5892e-006	-1.2322e+014	-1.2287e+014	1.2287e+014	5.2500e-015
4.960e+000	5.5909e-006	-1.2357e+014	-1.2322e+014	1.2322e+014	5.2500e-015
4.970e+000	5.5926e-006	-1.2392e+014	-1.2357e+014	1.2357e+014	5.2500e-015
4.980e+000	5.5943e-006	-1.2427e+014	-1.2392e+014	1.2392e+014	5.2500e-015
4.990e+000	5.5960e-006	-1.2462e+014	-1.2427e+014	1.2427e+014	5.2500e-015
5.000e+000	5.5976e-006	-1.2497e+014	-1.2462e+014	1.2462e+014	5.2500e-015
5.010e+000	5.5993e-006	-1.2532e+014	-1.2497e+014	1.2497e+014	5.2500e-015
5.020e+000	5.6010e-006	-1.2567e+014	-1.2532e+014	1.2532e+014	5.2500e-015
5.030e+000	5.6026e-006	-1.2602e+014	-1.2567e+014	1.2567e+014	5.2500e-015
5.040e+000	5.6043e-006	-1.2637e+014	-1.2602e+014	1.2602e+014	5.2500e-015
5.050e+000	5.6059e-006	-1.2672e+014	-1.2637e+014	1.2637e+014	5.2500e-015
5.060e+000	5.6076e-006	-1.2707e+014	-1.2672e+014	1.2672e+014	5.2500e-015
5.070e+000	5.6092e-006	-1.2742e+014	-1.2707e+014	1.2707e+014	5.2500e-015
5.080e+000	5.6109e-006	-1.2777e+014	-1.2742e+014	1.2742e+014	5.2500e-015
5.090e+000	5.6125e-006	-1.2812e+014	-1.2777e+014	1.2777e+014	5.2500e-015
5.100e+000	5.6141e-006	-1.2847e+014	-1.2812e+014	1.2812e+014	5.2500e-015
5.110e+000	5.6158e-006	-1.2882e+014	-1.2847e+014	1.2847e+014	5.2500e-015
5.120e+000	5.6174e-006	-1.2917e+014	-1.2882e+014	1.2882e+014	5.2500e-015
5.130e+000	5.6190e-006	-1.2952e+014	-1.2917e+014	1.2917e+014	5.2500e-015
5.140e+000	5.6206e-006	-1.2987e+014	-1.2952e+014	1.2952e+014	5.2500e-015
5.150e+000	5.6222e-006	-1.3022e+014	-1.2987e+014	1.2987e+014	5.2500e-015
5.160e+000	5.6238e-006	-1.3057e+014	-1.3022e+014	1.3022e+014	5.2500e-015
5.170e+000	5.6254e-006	-1.3092e+014	-1.3057e+014	1.3057e+014	5.2500e-015
5.180e+000	5.6270e-006	-1.3128e+014	-1.3092e+014	1.3092e+014	5.2500e-015
5.190e+000	5.6286e-006	-1.3163e+014	-1.3128e+014	1.3128e+014	5.2500e-015
5.200e+000	5.6302e-006	-1.3198e+014	-1.3163e+014	1.3163e+014	5.2500e-015
5.210e+000	5.6317e-006	-1.3233e+014	-1.3198e+014	1.3198e+014	5.2500e-015
5.220e+000	5.6333e-006	-1.3268e+014	-1.3233e+014	1.3233e+014	5.2500e-015
5.230e+000	5.6349e-006	-1.3303e+014	-1.3268e+014	1.3268e+014	5.2500e-015
5.240e+000	5.6364e-006	-1.3339e+014	-1.3303e+014	1.3303e+014	5.2500e-015
5.250e+000	5.6380e-006	-1.3374e+014	-1.3339e+014	1.3339e+014	5.2500e-015
5.260e+000	5.6396e-006	-1.3409e+014	-1.3374e+014	1.3374e+014	5.2500e-015
5.270e+000	5.6411e-006	-1.3444e+014	-1.3409e+014	1.3409e+014	5.2500e-015
5.280e+000	5.6427e-006	-1.3479e+014	-1.3444e+014	1.3444e+014	5.2500e-015
5.290e+000	5.6442e-006	-1.3515e+014	-1.3479e+014	1.3479e+014	5.2500e-015
5.300e+000	5.6457e-006	-1.3550e+014	-1.3515e+014	1.3515e+014	5.2500e-015
5.310e+000	5.6473e-006	-1.3585e+014	-1.3550e+014	1.3550e+014	5.2500e-015
5.320e+000	5.6488e-006	-1.3620e+014	-1.3585e+014	1.3585e+014	5.2500e-015
5.330e+000	5.6503e-006	-1.3656e+014	-1.3620e+014	1.3620e+014	5.2500e-015
5.340e+000	5.6518e-006	-1.3691e+014	-1.3656e+014	1.3656e+014	5.2500e-015
5.350e+000	5.6533e-006	-1.3726e+014	-1.3691e+014	1.3691e+014	5.2500e-015
5.360e+000	5.6549e-006	-1.3761e+014	-1.3726e+014	1.3726e+014	5.2500e-015
5.370e+000	5.6564e-006	-1.3797e+014	-1.3761e+014	1.3761e+014	5.2500e-015
5.380e+000	5.6579e-006	-1.3832e+014	-1.3797e+014	1.3797e+014	5.2500e-015
5.390e+000	5.6594e-006	-1.3867e+014	-1.3832e+014	1.3832e+014	5.2500e-015
5.400e+000	5.6609e-006	-1.3903e+014	-1.3867e+014	1.3867e+014	5.2500e-015
5.410e+000	5.6623e-006	-1.3938e+014	-1.3903e+014	1.3903e+014	5.2500e-015
5.420e+000	5.6638e-006	-1.3973e+014	-1.3938e+014	1.3938e+014	5.2500e-015
5.430e+000	5.6653e-006	-1.4009e+014	-1.3973e+014	1.3973e+014	5.2500e-015
5.440e+000	5.6668e-006	-1.4044e+014	-1.4009e+014	1.4009e+014	5.2500e-015
5.450e+000	5.6683e-006	-1.4080e+014	-1.4044e+014	1.4044e+014	5.2500e-015
5.460e+000	5.6697e-006	-1.4115e+014	-1.4080e+014	1.4079e+014	5.2500e-015
5.470e+000	5.6712e-006	-1.4150e+014	-1.4115e+014	1.4115e+014	5.2500e-015
5.480e+000	5.6727e-006	-1.4186e+014	-1.4150e+014	1.4150e+014	5.2500e-015
5.490e+000	5.6741e-006	-1.4221e+014	-1.4186e+014	1.4186e+014	5.2500e-015
5.500e+000	5.6756e-006	-1.4257e+014	-1.4221e+014	1.4221e+014	5.2500e-015
5.510e+000	5.6770e-006	-1.4292e+014	-1.4257e+014	1.4257e+014	5.2500e-015
5.520e+000	5.6785e-006	-1.4327e+014	-1.4292e+014	1.4292e+014	5.2500e-015
5.530e+000	5.6799e-006	-1.4363e+014	-1.4327e+014	1.4327e+014	5.2500e-015
5.540e+000	5.6813e-006	-1.4398e+014	-1.4363e+014	1.4363e+014	5.2500e-015
5.550e+000	5.6828e-006	-1.4434e+014	-1.4398e+014	1.4398e+014	5.2500e-015
5.560e+000	5.6842e-006	-1.4469e+014	-1.4434e+014	1.4434e+014	5.2500e-015
5.570e+000	5.6856e-006	-1.4505e+014	-1.4469e+014	1.4469e+014	5.2500e-015
5.580e+000	5.6871e-006	-1.4540e+014	-1.4505e+014	1.4505e+014	5.2500e-015
5.590e+000	5.6885e-006	-1.4576e+014	-1.4540e+014	1.4540e+014	5.2500e-015
5.600e+000	5.6899e-006	-1.4611e+014	-1.4576e+014	1.4576e+014	5.2500e-015
5.610e+000	5.6913e-006	-1.4647e+014	-1.4611e+014	1.4611e+014	5.2500e-015
5.620e+000	5.6927e-006	-1.4682e+014	-1.4647e+014	1.4647e+014	5.2500e-015
5.630e+000	5.6941e-006	-1.4718e+014	-1.4682e+014	1.4682e+014	5.2500e-015
5.640e+000	5.6955e-006	-1.4753e+014	-1.4718e+014	1.4718e+014	5.2500e-015
5.650e+000	5.6969e-006	-1.4789e+014	-1.4753e+014	1.4753e+014	5.2500e-015
5.660e+000	5.6983e-006	-1.4825e+014	-1.4789e+014	1.4789e+014	5.2500e-015
5.670e+000	5.6997e-006	-1.4860e+014	-1.4825e+014	1.4825e+014	5.2500e-015
5.680e+000	5.7011e-006	-1.4896e+014	-1.4860e+014	1.4860e+014	5.2500e-015
5.690e+000	5.7025e-006	-1.4931e+014	-1.4896e+014	1.4896e+014	5.2500e-015
5.700e+000	5.7038e-006	-1.4967e+014	-1.4931e+014	1.4931e+014	5.2500e-015
5.710e+000	5.7052e-006	-1.5002e+014	-1.4967e+014	1.4967e+014	5.2500e-015
5.720e+000	5.7066e-006	-1.5038e+014	-1.5002e+014	1.5002e+014	5.2500e-015
5.730e+000	5.7080e-006	-1.5074e+014	-1.5038e+014	1.5038e+014	5.2500e-015
5.740e+000	5.7093e-006	-1.5109e+014	-1.5074e+014	1.5074e+014	5.2500e-015
5.750e+000	5.7107e-006	-1.5145e+014	-1.5109e+014	1.5109e+014	5.2500e-015
5.760e+000	5.7120e-006	-1.5181e+014	-1.5145e+014	1.5145e+014	5.2500e-015
5.770e+000	5.7134e-006	-1.5216e+014	-1.5181e+014	1.5181e+014	5.2500e-015
5.780e+000	5.7147e-006	-1.5252e+014	-1.5216e+014	1.5216e+014	5.2500e-015
5.790e+000	5.7161e-006	-1.5288e+014	-1.5252e+014	1.5252e+014	5.2500e-015
5.800e+000	5.7174e-006	-1.5323e+014	-1.5288e+014	1.5288e+014	5.2500e-015
5.810e+000	5.7188e-006	-1.5359e+014	-1.5323e+014	1.5323e+014	5.2500e-015
5.820e+000	5.7201e-006	-1.5395e+014	-1.5359e+014	1.5359e+014	5.2500e-015
5.830e+000	5.7214e-006	-1.5430e+014	-1.5395e+014	1.5395e+014	5.2500e-015
5.840e+000	5.7228e-006	-1.5466e+014	-1.5430e+014	1.5430e+014	5.2500e-015
5.850e+000	5.7241e-006	-1.5502e+014	-1.5466e+014	1.5466e+014	5.2500e-015
5.860e+000	5.7254e-006	-1.5538e+014	-1.5502e+014	1.5502e+014	5.2500e-015
5.870e+000	5.7267e-006	-1.5573e+014	-1.5538e+014	1.5538e+014	5.2500e-015
5.880e+000	5.7281e-006	-1.5609e+014	-1.5573e+014	1.5573e+014	5.2500e-015
5.890e+000	5.7294e-006	-1.5645e+014	-1.5609e+014	1.5609e+014	5.2500e-015
5.900e+000	5.7307e-006	-1.5681e+014	-1.5645e+014	1.5645e+014	5.2500e-015
5.910e+000	5.7320e-006	-1.5716e+014	-1.5681e+014	1.5681e+014	5.2500e-015
5.920e+000	5.7333e-006	-1.5752e+014	-1.5716e+014	1.5716e+014	5.2500e-015
5.930e+000	5.7346e-006	-1.5788e+014	-1.5752e+014	1.5752e+014	5.2500e-015
5.940e+000	5.7359e-006	-1.5824e+014	-1.5788e+014	1.5788e+014	5.2500e-015
5.950e+000	5.7372e-006	-1.5860e+014	-1.5824e+014	1.5824e+014	5.2500e-015
5.960e+000	5.7385e-006	-1.5895e+014	-1.5860e+014	1.5860e+014	5.2500e-015
5.970e+000	5.7398e-006	-1.5931e+014	-1.5895e+014	1.5895e+014	5.2500e-015
5.980e+000	5.7411e-006	-1.5967e+014	-1.5931e+014	1.5931e+014	5.2500e-015
5.990e+000	5.7423e-006	-1.6003e+014	-1.5967e+014	1.5967e+014	5.2500e-015
6.000e+000	5.7436e-006	-1.6039e+014	-1.6003e+014	1.6003e+014	5.2500e-015
6.010e+000	5.7449e-006	-1.6075e+014	-1.6039e+014	1.6039e+014	5.2500e-015
6.020e+000	5.7462e-006	-1.6111e+014	-1.6075e+014	1.6075e+014	5.2500e-015
6.030e+000	5.7474e-006	-1.6146e+014	-1.6111e+014	1.6111e+014	5.2500e-015
6.040e+000	5.7487e-006	-1.6182e+014	-1.6146e+014	1.6146e+014	5.2500e-015
6.050e+000	5.7500e-006	-1.6218e+014	-1.6182e+014	1.6182e+014	5.2500e-015
6.060e+000	5.7512e-006	-1.6254e+014	-1.6218e+014	1.6218e+014	5.2500e-015
6.070e+000	5.7525e-006	-1.6290e+014	-1.6254e+014	1.6254e+014	5.2500e-015
6.080e+000	5.7537e-006	-1.6326e+014	-1.6290e+014	1.6290e+014	5.2500e-015
6.090e+000	5.7550e-006	-1.6362e+014	-1.6326e+014	1.6326e+014	5.2500e-015
6.100e+000	5.7562e-006	-1.6398e+014	-1.6362e+014	1.6362e+014	5.2500e-015
6.110e+000	5.7575e-006	-1.6434e+014	-1.6398e+014	1.6398e+014	5.2500e-015
6.120e+000	5.7587e-006	-1.6470e+014	-1.6434e+014	1.6434e+014	5.2500e-015
6.130e+000	5.7600e-006	-1.6506e+014	-1.6470e+014	1.6470e+014	5.2500e-015
6.140e+000	5.7612e-006	-1.6542e+014	-1.6506e+014	1.6506e+014	5.2500e-015
6.150e+000	5.7624e-006	-1.6577e+014	-1.6542e+014	1.6541e+014	5.2500e-015
6.160e+000	5.7637e-006	-1.6613e+014	-1.6577e+014	1.6577e+014	5.2500e-015
6.170e+000	5.7649e-006	-1.6649e+014	-1.6613e+014	1.6613e+014	5.2500e-015
6.180e+000	5.7661e-006	-1.6685e+014	-1.6649e+014	1.6649e+014	5.2500e-015
6.190e+000	5.7674e-006	-1.6721e+014	-1.6685e+014	1.6685e+014	5.2500e-015
6.200e+000	5.7686e-006	-1.6757e+014	-1.6721e+014	1.6721e+014	5.2500e-015
6.210e+000	5.7698e-006	-1.6793e+014	-1.6757e+014	1.6757e+014	5.2500e-015
6.220e+000	5.7710e-006	-1.6829e+014	-1.6793e+014	1.6793e+014	5.2500e-015
6.230e+000	5.7722e-006	-1.6865e+014	-1.6829e+014	1.6829e+014	5.2500e-015
6.240e+000	5.7734e-006	-1.6902e+014	-1.6865e+014	1.6865e+014	5.2500e-015
6.250e+000	5.7746e-006	-1.6938e+014	-1.6902e+014	1.6902e+014	5.2500e-015
6.260e+000	5.7758e-006	-1.6974e+014	-1.6938e+014	1.6938e+014	5.2500e-015
6.270e+000	5.7770e-006	-1.7010e+014	-1.6974e+014	1.6974e+014	5.2500e-015
6.280e+000	5.7782e-006	-1.7046e+014	-1.7010e+014	1.7010e+014	5.2500e-015
6.290e+000	5.7794e-006	-1.7082e+014	-1.7046e+014	1.7046e+014	5.2500e-015
6.300e+000	5.7806e-006	-1.7118e+014	-1.7082e+014	1.7082e+014	5.2500e-015
6.310e+000	5.7818e-006	-1.7154e+014	-1.7118e+014	1.7118e+014	5.2500e-015
6.320e+000	5.7830e-006	-1.7190e+014	-1.7154e+014	1.7154e+014	5.2500e-015
6.330e+000	5.7842e-006	-1.7226e+014	-1.7190e+014	1.7190e+014	5.2500e-015
6.340e+000	5.7854e-006	-1.7262e+014	-1.7226e+014	1.7226e+014	5.2500e-015
6.350e+000	5.7865e-006	-1.7298e+014	-1.7262e+014	1.7262e+014	5.2500e-015
6.360e+000	5.7877e-006	-1.7335e+014	-1.7298e+014	1.7298e+014	5.2500e-015
6.370e+000	5.7889e-006	-1.7371e+014	-1.7335e+014	1.7335e+014	5.2500e-015
6.380e+000	5.7901e-006	-1.7407e+014	-1.7371e+014	1.7371e+014	5.2500e-015
6.390e+000	5.7912e-006	-1.7443e+014	-1.7407e+014	1.7407e+014	5.2500e-015
6.400e+000	5.7924e-006	-1.7479e+014	-1.7443e+014	1.7443e+014	5.2500e-015
6.410e+000	5.7936e-006	-1.7515e+014	-1.7479e+014	1.7479e+014	5.2500e-015
6.420e+000	5.7947e-006	-1.7551e+014	-1.7515e+014	1.7515e+014	5.2500e-015
6.430e+000	5.7959e-006	-1.7588e+014	-1.7551e+014	1.7551e+014	5.2500e-015
6.440e+000	5.7970e-006	-1.7624e+014	-1.7588e+014	1.7588e+014	5.2500e-015
6.450e+000	5.7982e-006	-1.7660e+014	-1.7624e+014	1.7624e+014	5.2500e-015
6.460e+000	5.7993e-006	-1.7696e+014	-1.7660e+014	1.7660e+014	5.2500e-015
6.470e+000	5.8005e-006	-1.7732e+014	-1.7696e+014	1.7696e+014	5.2500e-015
6.480e+000	5.8016e-006	-1.7769e+014	-1.7732e+014	1.7732e+014	5.2500e-015
6.490e+000	5.8028e-006	-1.7805e+014	-1.7769e+014	1.7769e+014	5.2500e-015
6.500e+000	5.8039e-006	-1.7841e+014	-1.7805e+014	1.7805e+014	5.2500e-015
6.510e+000	5.8050e-006	-1.7877e+014	-1.7841e+014	1.7841e+014	5.2500e-015
6.520e+000	5.8062e-006	-1.7913e+014	-1.7877e+014	1.7877e+014	5.2500e-015
6.530e+000	5.8073e-006	-1.7950e+014	-1.7913e+014	1.7913e+014	5.2500e-015
6.540e+000	5.8084e-006	-1.7986e+014	-1.7950e+014	1.7950e+014	5.2500e-015
6.550e+000	5.8096e-006	-1.8022e+014	-1.7986e+014	1.7986e+014	5.2500e-015
6.560e+000	5.8107e-006	-1.8059e+014	-1.8022e+014	1.8022e+014	5.2500e-015
6.570e+000	5.8118e-006	-1.8095e+014	-1.8059e+014	1.8059e+014	5.2500e-015
6.580e+000	5.8129e-006	-1.8131e+014	-1.8095e+014	1.8095e+014	5.2500e-015
6.590e+000	5.8141e-006	-1.8167e+014	-1.8131e+014	1.8131e+014	5.2500e-015
6.600e+000	5.8152e-006	-1.8204e+014	-1.8167e+014	1.8167e+014	5.2500e-015
6.610e+000	5.8163e-006	-1.8240e+014	-1.8204e+014	1.8204e+014	5.2500e-015
6.620e+000	5.8174e-006	-1.8276e+014	-1.8240e+014	1.8240e+014	5.2500e-015
6.630e+000	5.8185e-006	-1.8313e+014	-1.8276e+014	1.8276e+014	5.2500e-015
6.640e+000	5.8196e-006	-1.8349e+014	-1.8313e+014	1.8313e+014	5.2500e-015
6.650e+000	5.8207e-006	-1.8385e+014	-1.8349e+014	1.8349e+014	5.2500e-015
6.660e+000	5.8218e-006	-1.8422e+014	-1.8385e+014	1.8385e+014	5.2500e-015
6.670e+000	5.8229e-006	-1.8458e+014	-1.8422e+014	1.8422e+014	5.2500e-015
6.680e+000	5.8240e-006	-1.8494e+014	-1.8458e+014	1.8458e+014	5.2500e-015
6.690e+000	5.8251e-006	-1.8531e+014	-1.8494e+014	1.8494e+014	5.2500e-015
6.700e+000	5.8262e-006	-1.8567e+014	-1.8531e+014	1.8531e+014	5.2500e-015
6.710e+000	5.8273e-006	-1.8603e+014	-1.8567e+014	1.8567e+014	5.2500e-015
6.720e+000	5.8284e-006	-1.8640e+014	-1.8603e+014	1.8603e+014	5.2500e-015
6.730e+000	5.8295e-006	-1.8676e+014	-1.8640e+014	1.8640e+014	5.2500e-015
6.740e+000	5.8305e-006	-1.8713e+014	-1.8676e+014	1.8676e+014	5.2500e-015
6.750e+000	5.8316e-006	-1.8749e+014	-1.8713e+014	1.8712e+014	5.2500e-015
6.760e+000	5.8327e-006	-1.8785e+014	-1.8749e+014	1.8749e+014	5.2500e-015
6.770e+000	5.8338e-006	-1.8822e+014	-1.8785e+014	1.8785e+014	5.2500e-015
6.780e+000	5.8348e-006	-1.8858e+014	-1.8822e+014	1.8822e+014	5.2500e-015
6.790e+000	5.8359e-006	-1.8895e+014	-1.8858e+014	1.8858e+014	5.2500e-015
6.800e+000	5.8370e-006	-1.8931e+014	-1.8895e+014	1.8895e+014	5.2500e-015
6.810e+000	5.8381e-006	-1.8967e+014	-1.8931e+014	1.8931e+014	5.2500e-015
6.820e+000	5.8391e-006	-1.9004e+014	-1.8967e+014	1.8967e+014	5.2500e-015
6.830e+000	5.8402e-006	-1.9040e+014	-1.9004e+014	1.9004e+014	5.2500e-015
6.840e+000	5.8412e-006	-1.9077e+014	-1.9040e+014	1.9040e+014	5.2500e-015
6.850e+000	5.8423e-006	-1.9113e+014	-1.9077e+014	1.9077e+014	5.2500e-015
6.860e+000	5.8434e-006	-1.9150e+014	-1.9113e+014	1.9113e+014	5.2500e-015
6.870e+000	5.8444e-006	-1.9186e+014	-1.9150e+014	1.9150e+014	5.2500e-015
6.880e+000	5.8455e-006	-1.9223e+014	-1.9186e+014	1.9186e+014	5.2500e-015
6.890e+000	5.8465e-006	-1.9259e+014	-1.9223e+014	1.9223e+014	5.2500e-015
6.900e+000	5.8476e-006	-1.9296e+014	-1.9259e+014	1.9259e+014	5.2500e-015
6.910e+000	5.8486e-006	-1.9332e+014	-1.9296e+014	1.9296e+014	5.2500e-015
6.920e+000	5.8496e-006	-1.9369e+014	-1.9332e+014	1.9332e+014	5.2500e-015
6.930e+000	5.8507e-006	-1.9405e+014	-1.9369e+014	1.9369e+014	5.2500e-015
6.940e+000	5.8517e-006	-1.9442e+014	-1.9405e+014	1.9405e+014	5.2500e-015
6.950e+000	5.8528e-006	-1.9478e+014	-1.9442e+014	1.9442e+014	5.2500e-015
6.960e+000	5.8538e-006	-1.9515e+014	-1.9478e+014	1.9478e+014	5.2500e-015
6.970e+000	5.8548e-006	-1.9551e+014	-1.9515e+014	1.9515e+014	5.2500e-015
6.980e+000	5.8559e-006	-1.9588e+014	-1.9551e+014	1.9551e+014	5.2500e-015
6.990e+000	5.8569e-006	-1.9624e+014	-1.9588e+014	1.9588e+014	5.2500e-015
7.000e+000	5.8579e-006	-1.9661e+014	-1.9624e+014	1.9624e+014	5.2500e-015
