V	C (Fcm-2)	Initcharge (cm-2)	Finalcharge (cm-2)	ns Total (cm-2)	ps Total (cm-2)
-7.000e+000	4.8003e-017	-9.3447e+000	-6.3486e+000	6.3476e+000	5.2500e-015
-6.990e+000	4.8003e-017	-9.3447e+000	-6.3486e+000	6.3476e+000	5.2500e-015
-6.980e+000	4.8003e-017	-9.3447e+000	-6.3486e+000	6.3476e+000	5.2500e-015
-6.970e+000	4.8003e-017	-9.3447e+000	-6.3486e+000	6.3476e+000	5.2500e-015
-6.960e+000	4.8003e-017	-9.3447e+000	-6.3486e+000	6.3476e+000	5.2500e-015
-6.950e+000	4.8003e-017	-9.3447e+000	-6.3486e+000	6.3476e+000	5.2500e-015
-6.940e+000	4.8003e-017	-9.3447e+000	-6.3486e+000	6.3476e+000	5.2500e-015
-6.930e+000	4.8003e-017	-9.3447e+000	-6.3486e+000	6.3476e+000	5.2500e-015
-6.920e+000	4.8003e-017	-9.3447e+000	-6.3486e+000	6.3476e+000	5.2500e-015
-6.910e+000	4.8003e-017	-9.3447e+000	-6.3486e+000	6.3476e+000	5.2500e-015
-6.900e+000	4.8003e-017	-9.3447e+000	-6.3486e+000	6.3476e+000	5.2500e-015
-6.890e+000	4.8003e-017	-9.3447e+000	-6.3486e+000	6.3476e+000	5.2500e-015
-6.880e+000	4.8003e-017	-9.3447e+000	-6.3486e+000	6.3476e+000	5.2500e-015
-6.870e+000	4.8003e-017	-9.3447e+000	-6.3486e+000	6.3476e+000	5.2500e-015
-6.860e+000	4.8003e-017	-9.3447e+000	-6.3486e+000	6.3476e+000	5.2500e-015
-6.850e+000	4.8003e-017	-9.3447e+000	-6.3486e+000	6.3476e+000	5.2500e-015
-6.840e+000	4.8003e-017	-9.3447e+000	-6.3486e+000	6.3476e+000	5.2500e-015
-6.830e+000	4.8003e-017	-9.3447e+000	-6.3486e+000	6.3476e+000	5.2500e-015
-6.820e+000	4.8003e-017	-9.3447e+000	-6.3486e+000	6.3476e+000	5.2500e-015
-6.810e+000	4.8003e-017	-9.3447e+000	-6.3486e+000	6.3476e+000	5.2500e-015
-6.800e+000	4.8003e-017	-9.3447e+000	-6.3486e+000	6.3476e+000	5.2500e-015
-6.790e+000	4.8003e-017	-9.3447e+000	-6.3486e+000	6.3476e+000	5.2500e-015
-6.780e+000	4.8003e-017	-9.3447e+000	-6.3486e+000	6.3476e+000	5.2500e-015
-6.770e+000	4.8003e-017	-9.3447e+000	-6.3486e+000	6.3476e+000	5.2500e-015
-6.760e+000	4.8003e-017	-9.3447e+000	-6.3486e+000	6.3476e+000	5.2500e-015
-6.750e+000	4.8003e-017	-9.3447e+000	-6.3486e+000	6.3476e+000	5.2500e-015
-6.740e+000	4.8003e-017	-9.3447e+000	-6.3486e+000	6.3476e+000	5.2500e-015
-6.730e+000	4.8003e-017	-9.3447e+000	-6.3486e+000	6.3476e+000	5.2500e-015
-6.720e+000	4.8003e-017	-9.3447e+000	-6.3486e+000	6.3476e+000	5.2500e-015
-6.710e+000	4.8003e-017	-9.3447e+000	-6.3486e+000	6.3476e+000	5.2500e-015
-6.700e+000	4.8003e-017	-9.3447e+000	-6.3486e+000	6.3476e+000	5.2500e-015
-6.690e+000	4.8003e-017	-9.3447e+000	-6.3486e+000	6.3476e+000	5.2500e-015
-6.680e+000	4.8003e-017	-9.3447e+000	-6.3486e+000	6.3476e+000	5.2500e-015
-6.670e+000	4.8003e-017	-9.3447e+000	-6.3486e+000	6.3476e+000	5.2500e-015
-6.660e+000	4.8003e-017	-9.3447e+000	-6.3486e+000	6.3476e+000	5.2500e-015
-6.650e+000	4.8003e-017	-9.3447e+000	-6.3486e+000	6.3476e+000	5.2500e-015
-6.640e+000	4.8003e-017	-9.3447e+000	-6.3486e+000	6.3476e+000	5.2500e-015
-6.630e+000	4.8003e-017	-9.3447e+000	-6.3486e+000	6.3476e+000	5.2500e-015
-6.620e+000	4.8003e-017	-9.3447e+000	-6.3486e+000	6.3476e+000	5.2500e-015
-6.610e+000	4.8003e-017	-9.3447e+000	-6.3486e+000	6.3476e+000	5.2500e-015
-6.600e+000	4.8003e-017	-9.3447e+000	-6.3486e+000	6.3476e+000	5.2500e-015
-6.590e+000	4.8003e-017	-9.3447e+000	-6.3486e+000	6.3476e+000	5.2500e-015
-6.580e+000	4.8003e-017	-9.3447e+000	-6.3486e+000	6.3476e+000	5.2500e-015
-6.570e+000	4.8003e-017	-9.3447e+000	-6.3486e+000	6.3476e+000	5.2500e-015
-6.560e+000	4.8003e-017	-9.3447e+000	-6.3486e+000	6.3476e+000	5.2500e-015
-6.550e+000	4.8003e-017	-9.3447e+000	-6.3486e+000	6.3476e+000	5.2500e-015
-6.540e+000	4.8003e-017	-9.3447e+000	-6.3486e+000	6.3476e+000	5.2500e-015
-6.530e+000	4.8003e-017	-9.3447e+000	-6.3486e+000	6.3476e+000	5.2500e-015
-6.520e+000	4.8003e-017	-9.3447e+000	-6.3486e+000	6.3476e+000	5.2500e-015
-6.510e+000	4.8003e-017	-9.3447e+000	-6.3486e+000	6.3476e+000	5.2500e-015
-6.500e+000	4.8003e-017	-9.3447e+000	-6.3486e+000	6.3476e+000	5.2500e-015
-6.490e+000	4.8003e-017	-9.3447e+000	-6.3486e+000	6.3476e+000	5.2500e-015
-6.480e+000	4.8003e-017	-9.3447e+000	-6.3486e+000	6.3476e+000	5.2500e-015
-6.470e+000	4.8003e-017	-9.3447e+000	-6.3486e+000	6.3476e+000	5.2500e-015
-6.460e+000	4.8003e-017	-9.3447e+000	-6.3486e+000	6.3476e+000	5.2500e-015
-6.450e+000	4.8003e-017	-9.3447e+000	-6.3486e+000	6.3476e+000	5.2500e-015
-6.440e+000	4.8003e-017	-9.3447e+000	-6.3486e+000	6.3476e+000	5.2500e-015
-6.430e+000	4.8003e-017	-9.3447e+000	-6.3486e+000	6.3476e+000	5.2500e-015
-6.420e+000	4.8003e-017	-9.3447e+000	-6.3486e+000	6.3476e+000	5.2500e-015
-6.410e+000	4.8003e-017	-9.3447e+000	-6.3486e+000	6.3476e+000	5.2500e-015
-6.400e+000	4.8003e-017	-9.3447e+000	-6.3486e+000	6.3476e+000	5.2500e-015
-6.390e+000	4.8003e-017	-9.3447e+000	-6.3486e+000	6.3476e+000	5.2500e-015
-6.380e+000	4.8003e-017	-9.3447e+000	-6.3486e+000	6.3476e+000	5.2500e-015
-6.370e+000	4.8003e-017	-9.3447e+000	-6.3486e+000	6.3476e+000	5.2500e-015
-6.360e+000	4.8003e-017	-9.3447e+000	-6.3486e+000	6.3476e+000	5.2500e-015
-6.350e+000	4.8003e-017	-9.3447e+000	-6.3486e+000	6.3476e+000	5.2500e-015
-6.340e+000	4.8003e-017	-9.3447e+000	-6.3486e+000	6.3476e+000	5.2500e-015
-6.330e+000	4.8003e-017	-9.3447e+000	-6.3486e+000	6.3476e+000	5.2500e-015
-6.320e+000	4.8003e-017	-9.3447e+000	-6.3486e+000	6.3476e+000	5.2500e-015
-6.310e+000	4.8003e-017	-9.3447e+000	-6.3486e+000	6.3476e+000	5.2500e-015
-6.300e+000	4.8003e-017	-9.3447e+000	-6.3486e+000	6.3476e+000	5.2500e-015
-6.290e+000	4.8003e-017	-9.3447e+000	-6.3486e+000	6.3476e+000	5.2500e-015
-6.280e+000	4.8003e-017	-9.3447e+000	-6.3486e+000	6.3476e+000	5.2500e-015
-6.270e+000	4.8003e-017	-9.3447e+000	-6.3486e+000	6.3476e+000	5.2500e-015
-6.260e+000	4.8003e-017	-9.3447e+000	-6.3486e+000	6.3476e+000	5.2500e-015
-6.250e+000	4.8003e-017	-9.3447e+000	-6.3486e+000	6.3476e+000	5.2500e-015
-6.240e+000	4.8003e-017	-9.3447e+000	-6.3486e+000	6.3476e+000	5.2500e-015
-6.230e+000	4.8003e-017	-9.3447e+000	-6.3486e+000	6.3476e+000	5.2500e-015
-6.220e+000	4.8003e-017	-9.3447e+000	-6.3486e+000	6.3476e+000	5.2500e-015
-6.210e+000	4.8003e-017	-9.3447e+000	-6.3486e+000	6.3476e+000	5.2500e-015
-6.200e+000	4.8003e-017	-9.3447e+000	-6.3486e+000	6.3476e+000	5.2500e-015
-6.190e+000	4.8003e-017	-9.3447e+000	-6.3486e+000	6.3476e+000	5.2500e-015
-6.180e+000	4.8003e-017	-9.3447e+000	-6.3486e+000	6.3476e+000	5.2500e-015
-6.170e+000	4.8003e-017	-9.3447e+000	-6.3486e+000	6.3476e+000	5.2500e-015
-6.160e+000	4.8003e-017	-9.3447e+000	-6.3486e+000	6.3476e+000	5.2500e-015
-6.150e+000	4.8003e-017	-9.3447e+000	-6.3486e+000	6.3476e+000	5.2500e-015
-6.140e+000	4.8003e-017	-9.3447e+000	-6.3486e+000	6.3476e+000	5.2500e-015
-6.130e+000	4.8003e-017	-9.3447e+000	-6.3486e+000	6.3476e+000	5.2500e-015
-6.120e+000	4.8003e-017	-9.3447e+000	-6.3486e+000	6.3476e+000	5.2500e-015
-6.110e+000	4.8003e-017	-9.3447e+000	-6.3486e+000	6.3476e+000	5.2500e-015
-6.100e+000	4.8003e-017	-9.3447e+000	-6.3486e+000	6.3476e+000	5.2500e-015
-6.090e+000	4.8003e-017	-9.3447e+000	-6.3486e+000	6.3476e+000	5.2500e-015
-6.080e+000	4.8003e-017	-9.3447e+000	-6.3486e+000	6.3476e+000	5.2500e-015
-6.070e+000	4.8003e-017	-9.3447e+000	-6.3486e+000	6.3476e+000	5.2500e-015
-6.060e+000	4.8003e-017	-9.3447e+000	-6.3486e+000	6.3476e+000	5.2500e-015
-6.050e+000	4.8003e-017	-9.3447e+000	-6.3486e+000	6.3476e+000	5.2500e-015
-6.040e+000	4.8003e-017	-9.3447e+000	-6.3486e+000	6.3476e+000	5.2500e-015
-6.030e+000	4.8003e-017	-9.3447e+000	-6.3486e+000	6.3476e+000	5.2500e-015
-6.020e+000	4.8003e-017	-9.3447e+000	-6.3486e+000	6.3476e+000	5.2500e-015
-6.010e+000	4.8003e-017	-9.3447e+000	-6.3486e+000	6.3476e+000	5.2500e-015
-6.000e+000	4.8003e-017	-9.3447e+000	-6.3486e+000	6.3476e+000	5.2500e-015
-5.990e+000	4.8003e-017	-9.3447e+000	-6.3486e+000	6.3476e+000	5.2500e-015
-5.980e+000	4.8003e-017	-9.3447e+000	-6.3486e+000	6.3476e+000	5.2500e-015
-5.970e+000	4.8003e-017	-9.3447e+000	-6.3486e+000	6.3476e+000	5.2500e-015
-5.960e+000	4.8003e-017	-9.3447e+000	-6.3486e+000	6.3476e+000	5.2500e-015
-5.950e+000	4.8003e-017	-9.3447e+000	-6.3486e+000	6.3476e+000	5.2500e-015
-5.940e+000	4.8003e-017	-9.3447e+000	-6.3486e+000	6.3476e+000	5.2500e-015
-5.930e+000	4.8003e-017	-9.3447e+000	-6.3486e+000	6.3476e+000	5.2500e-015
-5.920e+000	4.8003e-017	-9.3447e+000	-6.3486e+000	6.3476e+000	5.2500e-015
-5.910e+000	4.8003e-017	-9.3447e+000	-6.3486e+000	6.3476e+000	5.2500e-015
-5.900e+000	4.8003e-017	-9.3447e+000	-6.3486e+000	6.3476e+000	5.2500e-015
-5.890e+000	4.8003e-017	-9.3447e+000	-6.3486e+000	6.3476e+000	5.2500e-015
-5.880e+000	4.8003e-017	-9.3447e+000	-6.3486e+000	6.3476e+000	5.2500e-015
-5.870e+000	4.8003e-017	-9.3447e+000	-6.3486e+000	6.3476e+000	5.2500e-015
-5.860e+000	4.8003e-017	-9.3447e+000	-6.3486e+000	6.3476e+000	5.2500e-015
-5.850e+000	4.8003e-017	-9.3447e+000	-6.3486e+000	6.3476e+000	5.2500e-015
-5.840e+000	4.8003e-017	-9.3447e+000	-6.3486e+000	6.3476e+000	5.2500e-015
-5.830e+000	4.8003e-017	-9.3447e+000	-6.3486e+000	6.3476e+000	5.2500e-015
-5.820e+000	4.8003e-017	-9.3447e+000	-6.3486e+000	6.3476e+000	5.2500e-015
-5.810e+000	4.8003e-017	-9.3447e+000	-6.3486e+000	6.3476e+000	5.2500e-015
-5.800e+000	4.8003e-017	-9.3447e+000	-6.3486e+000	6.3476e+000	5.2500e-015
-5.790e+000	4.8003e-017	-9.3447e+000	-6.3486e+000	6.3476e+000	5.2500e-015
-5.780e+000	4.8003e-017	-9.3447e+000	-6.3486e+000	6.3476e+000	5.2500e-015
-5.770e+000	4.8003e-017	-9.3447e+000	-6.3486e+000	6.3476e+000	5.2500e-015
-5.760e+000	4.8003e-017	-9.3447e+000	-6.3486e+000	6.3476e+000	5.2500e-015
-5.750e+000	4.8003e-017	-9.3447e+000	-6.3486e+000	6.3476e+000	5.2500e-015
-5.740e+000	4.8003e-017	-9.3447e+000	-6.3486e+000	6.3476e+000	5.2500e-015
-5.730e+000	4.8003e-017	-9.3447e+000	-6.3486e+000	6.3476e+000	5.2500e-015
-5.720e+000	4.8003e-017	-9.3447e+000	-6.3486e+000	6.3476e+000	5.2500e-015
-5.710e+000	4.8003e-017	-9.3447e+000	-6.3486e+000	6.3476e+000	5.2500e-015
-5.700e+000	4.8003e-017	-9.3447e+000	-6.3486e+000	6.3476e+000	5.2500e-015
-5.690e+000	4.8003e-017	-9.3447e+000	-6.3486e+000	6.3476e+000	5.2500e-015
-5.680e+000	4.8003e-017	-9.3447e+000	-6.3486e+000	6.3476e+000	5.2500e-015
-5.670e+000	4.8003e-017	-9.3447e+000	-6.3486e+000	6.3476e+000	5.2500e-015
-5.660e+000	4.8003e-017	-9.3447e+000	-6.3486e+000	6.3476e+000	5.2500e-015
-5.650e+000	4.8003e-017	-9.3447e+000	-6.3486e+000	6.3476e+000	5.2500e-015
-5.640e+000	4.8003e-017	-9.3447e+000	-6.3486e+000	6.3476e+000	5.2500e-015
-5.630e+000	4.8003e-017	-9.3447e+000	-6.3486e+000	6.3476e+000	5.2500e-015
-5.620e+000	4.8003e-017	-9.3447e+000	-6.3486e+000	6.3476e+000	5.2500e-015
-5.610e+000	4.8003e-017	-9.3447e+000	-6.3486e+000	6.3476e+000	5.2500e-015
-5.600e+000	4.8003e-017	-9.3447e+000	-6.3486e+000	6.3476e+000	5.2500e-015
-5.590e+000	4.8003e-017	-9.3447e+000	-6.3486e+000	6.3476e+000	5.2500e-015
-5.580e+000	4.8003e-017	-9.3447e+000	-6.3486e+000	6.3476e+000	5.2500e-015
-5.570e+000	4.8003e-017	-9.3447e+000	-6.3486e+000	6.3476e+000	5.2500e-015
-5.560e+000	4.8003e-017	-9.3447e+000	-6.3486e+000	6.3476e+000	5.2500e-015
-5.550e+000	4.8003e-017	-9.3447e+000	-6.3486e+000	6.3476e+000	5.2500e-015
-5.540e+000	4.8003e-017	-9.3447e+000	-6.3486e+000	6.3476e+000	5.2500e-015
-5.530e+000	4.8003e-017	-9.3447e+000	-6.3486e+000	6.3476e+000	5.2500e-015
-5.520e+000	4.8003e-017	-9.3447e+000	-6.3486e+000	6.3476e+000	5.2500e-015
-5.510e+000	4.8003e-017	-9.3447e+000	-6.3486e+000	6.3476e+000	5.2500e-015
-5.500e+000	4.8003e-017	-9.3447e+000	-6.3486e+000	6.3476e+000	5.2500e-015
-5.490e+000	4.8003e-017	-9.3447e+000	-6.3486e+000	6.3476e+000	5.2500e-015
-5.480e+000	4.8003e-017	-9.3447e+000	-6.3486e+000	6.3476e+000	5.2500e-015
-5.470e+000	4.8003e-017	-9.3447e+000	-6.3486e+000	6.3476e+000	5.2500e-015
-5.460e+000	4.8003e-017	-9.3447e+000	-6.3486e+000	6.3476e+000	5.2500e-015
-5.450e+000	4.8003e-017	-9.3447e+000	-6.3486e+000	6.3476e+000	5.2500e-015
-5.440e+000	4.8003e-017	-9.3447e+000	-6.3486e+000	6.3476e+000	5.2500e-015
-5.430e+000	4.8003e-017	-9.3447e+000	-6.3486e+000	6.3476e+000	5.2500e-015
-5.420e+000	4.8003e-017	-9.3447e+000	-6.3486e+000	6.3476e+000	5.2500e-015
-5.410e+000	4.8003e-017	-9.3447e+000	-6.3486e+000	6.3476e+000	5.2500e-015
-5.400e+000	4.8003e-017	-9.3447e+000	-6.3486e+000	6.3476e+000	5.2500e-015
-5.390e+000	4.8003e-017	-9.3447e+000	-6.3486e+000	6.3476e+000	5.2500e-015
-5.380e+000	4.8003e-017	-9.3447e+000	-6.3486e+000	6.3476e+000	5.2500e-015
-5.370e+000	4.8003e-017	-9.3447e+000	-6.3486e+000	6.3476e+000	5.2500e-015
-5.360e+000	4.8003e-017	-9.3447e+000	-6.3486e+000	6.3476e+000	5.2500e-015
-5.350e+000	4.8003e-017	-9.3447e+000	-6.3486e+000	6.3476e+000	5.2500e-015
-5.340e+000	4.8003e-017	-9.3447e+000	-6.3486e+000	6.3476e+000	5.2500e-015
-5.330e+000	4.8003e-017	-9.3447e+000	-6.3486e+000	6.3476e+000	5.2500e-015
-5.320e+000	4.8003e-017	-9.3447e+000	-6.3486e+000	6.3476e+000	5.2500e-015
-5.310e+000	4.8003e-017	-9.3447e+000	-6.3486e+000	6.3476e+000	5.2500e-015
-5.300e+000	4.8003e-017	-9.3447e+000	-6.3486e+000	6.3476e+000	5.2500e-015
-5.290e+000	4.8003e-017	-9.3447e+000	-6.3486e+000	6.3476e+000	5.2500e-015
-5.280e+000	4.8003e-017	-9.3447e+000	-6.3486e+000	6.3476e+000	5.2500e-015
-5.270e+000	4.8003e-017	-9.3447e+000	-6.3486e+000	6.3476e+000	5.2500e-015
-5.260e+000	4.8003e-017	-9.3447e+000	-6.3486e+000	6.3476e+000	5.2500e-015
-5.250e+000	4.8003e-017	-9.3447e+000	-6.3486e+000	6.3476e+000	5.2500e-015
-5.240e+000	4.8003e-017	-9.3447e+000	-6.3486e+000	6.3476e+000	5.2500e-015
-5.230e+000	4.8003e-017	-9.3447e+000	-6.3486e+000	6.3476e+000	5.2500e-015
-5.220e+000	4.8003e-017	-9.3447e+000	-6.3486e+000	6.3476e+000	5.2500e-015
-5.210e+000	4.8003e-017	-9.3447e+000	-6.3486e+000	6.3476e+000	5.2500e-015
-5.200e+000	4.8003e-017	-9.3447e+000	-6.3486e+000	6.3476e+000	5.2500e-015
-5.190e+000	4.8003e-017	-9.3447e+000	-6.3486e+000	6.3476e+000	5.2500e-015
-5.180e+000	4.8003e-017	-9.3447e+000	-6.3486e+000	6.3476e+000	5.2500e-015
-5.170e+000	4.8003e-017	-9.3447e+000	-6.3486e+000	6.3476e+000	5.2500e-015
-5.160e+000	4.8003e-017	-9.3447e+000	-6.3486e+000	6.3476e+000	5.2500e-015
-5.150e+000	4.8003e-017	-9.3447e+000	-6.3486e+000	6.3476e+000	5.2500e-015
-5.140e+000	4.8003e-017	-9.3447e+000	-6.3486e+000	6.3476e+000	5.2500e-015
-5.130e+000	4.8003e-017	-9.3447e+000	-6.3486e+000	6.3476e+000	5.2500e-015
-5.120e+000	4.8003e-017	-9.3447e+000	-6.3486e+000	6.3476e+000	5.2500e-015
-5.110e+000	4.8003e-017	-9.3447e+000	-6.3486e+000	6.3476e+000	5.2500e-015
-5.100e+000	4.8003e-017	-9.3447e+000	-6.3486e+000	6.3476e+000	5.2500e-015
-5.090e+000	4.8003e-017	-9.3447e+000	-6.3486e+000	6.3476e+000	5.2500e-015
-5.080e+000	4.8003e-017	-9.3447e+000	-6.3486e+000	6.3476e+000	5.2500e-015
-5.070e+000	4.8003e-017	-9.3447e+000	-6.3486e+000	6.3476e+000	5.2500e-015
-5.060e+000	4.8003e-017	-9.3447e+000	-6.3486e+000	6.3476e+000	5.2500e-015
-5.050e+000	4.8003e-017	-9.3447e+000	-6.3486e+000	6.3476e+000	5.2500e-015
-5.040e+000	4.8003e-017	-9.3447e+000	-6.3486e+000	6.3476e+000	5.2500e-015
-5.030e+000	4.8003e-017	-9.3447e+000	-6.3486e+000	6.3476e+000	5.2500e-015
-5.020e+000	4.8003e-017	-9.3447e+000	-6.3486e+000	6.3476e+000	5.2500e-015
-5.010e+000	4.8003e-017	-9.3447e+000	-6.3486e+000	6.3476e+000	5.2500e-015
-5.000e+000	4.8003e-017	-9.3447e+000	-6.3486e+000	6.3476e+000	5.2500e-015
-4.990e+000	4.8003e-017	-9.3447e+000	-6.3486e+000	6.3476e+000	5.2500e-015
-4.980e+000	4.8003e-017	-9.3447e+000	-6.3486e+000	6.3476e+000	5.2500e-015
-4.970e+000	4.8003e-017	-9.3447e+000	-6.3486e+000	6.3476e+000	5.2500e-015
-4.960e+000	4.8003e-017	-9.3447e+000	-6.3486e+000	6.3476e+000	5.2500e-015
-4.950e+000	4.8003e-017	-9.3447e+000	-6.3486e+000	6.3476e+000	5.2500e-015
-4.940e+000	4.8003e-017	-9.3447e+000	-6.3486e+000	6.3476e+000	5.2500e-015
-4.930e+000	4.8003e-017	-9.3447e+000	-6.3486e+000	6.3476e+000	5.2500e-015
-4.920e+000	4.8003e-017	-9.3447e+000	-6.3486e+000	6.3476e+000	5.2500e-015
-4.910e+000	4.8003e-017	-9.3447e+000	-6.3486e+000	6.3476e+000	5.2500e-015
-4.900e+000	4.8003e-017	-9.3447e+000	-6.3486e+000	6.3476e+000	5.2500e-015
-4.890e+000	4.8003e-017	-9.3447e+000	-6.3486e+000	6.3476e+000	5.2500e-015
-4.880e+000	4.8003e-017	-9.3447e+000	-6.3486e+000	6.3476e+000	5.2500e-015
-4.870e+000	4.8003e-017	-9.3447e+000	-6.3486e+000	6.3476e+000	5.2500e-015
-4.860e+000	4.8003e-017	-9.3447e+000	-6.3486e+000	6.3476e+000	5.2500e-015
-4.850e+000	4.8003e-017	-9.3447e+000	-6.3486e+000	6.3476e+000	5.2500e-015
-4.840e+000	4.8003e-017	-9.3447e+000	-6.3486e+000	6.3476e+000	5.2500e-015
-4.830e+000	4.8003e-017	-9.3447e+000	-6.3486e+000	6.3476e+000	5.2500e-015
-4.820e+000	4.8003e-017	-9.3447e+000	-6.3486e+000	6.3476e+000	5.2500e-015
-4.810e+000	4.8003e-017	-9.3447e+000	-6.3486e+000	6.3476e+000	5.2500e-015
-4.800e+000	4.8003e-017	-9.3447e+000	-6.3486e+000	6.3476e+000	5.2500e-015
-4.790e+000	4.8003e-017	-9.3447e+000	-6.3486e+000	6.3476e+000	5.2500e-015
-4.780e+000	4.8003e-017	-9.3447e+000	-6.3486e+000	6.3476e+000	5.2500e-015
-4.770e+000	4.8003e-017	-9.3447e+000	-6.3486e+000	6.3476e+000	5.2500e-015
-4.760e+000	4.8003e-017	-9.3447e+000	-6.3486e+000	6.3476e+000	5.2500e-015
-4.750e+000	4.8003e-017	-9.3447e+000	-6.3486e+000	6.3476e+000	5.2500e-015
-4.740e+000	4.8003e-017	-9.3447e+000	-6.3486e+000	6.3476e+000	5.2500e-015
-4.730e+000	4.8003e-017	-9.3447e+000	-6.3486e+000	6.3476e+000	5.2500e-015
-4.720e+000	4.8003e-017	-9.3447e+000	-6.3486e+000	6.3476e+000	5.2500e-015
-4.710e+000	4.8003e-017	-9.3447e+000	-6.3486e+000	6.3476e+000	5.2500e-015
-4.700e+000	4.8003e-017	-9.3447e+000	-6.3486e+000	6.3476e+000	5.2500e-015
-4.690e+000	4.8003e-017	-9.3447e+000	-6.3486e+000	6.3476e+000	5.2500e-015
-4.680e+000	4.8003e-017	-9.3447e+000	-6.3486e+000	6.3476e+000	5.2500e-015
-4.670e+000	4.8003e-017	-9.3447e+000	-6.3486e+000	6.3476e+000	5.2500e-015
-4.660e+000	4.8003e-017	-9.3447e+000	-6.3486e+000	6.3476e+000	5.2500e-015
-4.650e+000	4.8003e-017	-9.3447e+000	-6.3486e+000	6.3476e+000	5.2500e-015
-4.640e+000	4.8003e-017	-9.3447e+000	-6.3486e+000	6.3476e+000	5.2500e-015
-4.630e+000	4.8003e-017	-9.3447e+000	-6.3486e+000	6.3476e+000	5.2500e-015
-4.620e+000	4.8003e-017	-9.3447e+000	-6.3486e+000	6.3476e+000	5.2500e-015
-4.610e+000	4.8003e-017	-9.3447e+000	-6.3486e+000	6.3476e+000	5.2500e-015
-4.600e+000	4.8003e-017	-9.3447e+000	-6.3486e+000	6.3476e+000	5.2500e-015
-4.590e+000	4.8003e-017	-9.3447e+000	-6.3486e+000	6.3476e+000	5.2500e-015
-4.580e+000	4.8003e-017	-9.3447e+000	-6.3486e+000	6.3476e+000	5.2500e-015
-4.570e+000	4.8003e-017	-9.3447e+000	-6.3486e+000	6.3476e+000	5.2500e-015
-4.560e+000	4.8003e-017	-9.3447e+000	-6.3486e+000	6.3476e+000	5.2500e-015
-4.550e+000	4.8003e-017	-9.3447e+000	-6.3486e+000	6.3476e+000	5.2500e-015
-4.540e+000	4.8003e-017	-9.3447e+000	-6.3486e+000	6.3476e+000	5.2500e-015
-4.530e+000	4.8003e-017	-9.3447e+000	-6.3486e+000	6.3476e+000	5.2500e-015
-4.520e+000	4.8003e-017	-9.3447e+000	-6.3486e+000	6.3476e+000	5.2500e-015
-4.510e+000	4.8003e-017	-9.3447e+000	-6.3486e+000	6.3476e+000	5.2500e-015
-4.500e+000	4.8003e-017	-9.3447e+000	-6.3486e+000	6.3476e+000	5.2500e-015
-4.490e+000	4.8003e-017	-9.3447e+000	-6.3486e+000	6.3476e+000	5.2500e-015
-4.480e+000	4.8003e-017	-9.3447e+000	-6.3486e+000	6.3476e+000	5.2500e-015
-4.470e+000	4.8003e-017	-9.3447e+000	-6.3486e+000	6.3476e+000	5.2500e-015
-4.460e+000	4.8003e-017	-9.3447e+000	-6.3486e+000	6.3476e+000	5.2500e-015
-4.450e+000	4.8003e-017	-9.3447e+000	-6.3486e+000	6.3476e+000	5.2500e-015
-4.440e+000	4.8003e-017	-9.3447e+000	-6.3486e+000	6.3476e+000	5.2500e-015
-4.430e+000	4.8003e-017	-9.3447e+000	-6.3486e+000	6.3476e+000	5.2500e-015
-4.420e+000	4.8003e-017	-9.3447e+000	-6.3486e+000	6.3476e+000	5.2500e-015
-4.410e+000	4.8003e-017	-9.3447e+000	-6.3486e+000	6.3476e+000	5.2500e-015
-4.400e+000	4.8003e-017	-9.3447e+000	-6.3486e+000	6.3476e+000	5.2500e-015
-4.390e+000	4.8003e-017	-9.3447e+000	-6.3486e+000	6.3476e+000	5.2500e-015
-4.380e+000	4.8003e-017	-9.3447e+000	-6.3486e+000	6.3476e+000	5.2500e-015
-4.370e+000	4.8003e-017	-9.3447e+000	-6.3486e+000	6.3476e+000	5.2500e-015
-4.360e+000	4.8003e-017	-9.3447e+000	-6.3486e+000	6.3476e+000	5.2500e-015
-4.350e+000	4.8003e-017	-9.3447e+000	-6.3486e+000	6.3476e+000	5.2500e-015
-4.340e+000	4.8003e-017	-9.3447e+000	-6.3486e+000	6.3476e+000	5.2500e-015
-4.330e+000	4.8003e-017	-9.3447e+000	-6.3486e+000	6.3476e+000	5.2500e-015
-4.320e+000	4.8003e-017	-9.3447e+000	-6.3486e+000	6.3476e+000	5.2500e-015
-4.310e+000	4.8003e-017	-9.3447e+000	-6.3486e+000	6.3476e+000	5.2500e-015
-4.300e+000	4.8003e-017	-9.3447e+000	-6.3486e+000	6.3476e+000	5.2500e-015
-4.290e+000	4.8003e-017	-9.3447e+000	-6.3486e+000	6.3476e+000	5.2500e-015
-4.280e+000	4.8003e-017	-9.3447e+000	-6.3486e+000	6.3476e+000	5.2500e-015
-4.270e+000	4.8003e-017	-9.3447e+000	-6.3486e+000	6.3476e+000	5.2500e-015
-4.260e+000	4.8003e-017	-9.3447e+000	-6.3486e+000	6.3476e+000	5.2500e-015
-4.250e+000	4.8003e-017	-9.3447e+000	-6.3486e+000	6.3476e+000	5.2500e-015
-4.240e+000	4.8003e-017	-9.3447e+000	-6.3486e+000	6.3476e+000	5.2500e-015
-4.230e+000	4.8003e-017	-9.3447e+000	-6.3486e+000	6.3476e+000	5.2500e-015
-4.220e+000	4.8003e-017	-9.3448e+000	-6.3487e+000	6.3476e+000	5.2500e-015
-4.210e+000	4.8003e-017	-9.3448e+000	-6.3487e+000	6.3476e+000	5.2500e-015
-4.200e+000	4.8003e-017	-9.3448e+000	-6.3487e+000	6.3476e+000	5.2500e-015
-4.190e+000	4.8003e-017	-9.3448e+000	-6.3487e+000	6.3477e+000	5.2500e-015
-4.180e+000	4.8004e-017	-9.3449e+000	-6.3487e+000	6.3477e+000	5.2500e-015
-4.170e+000	4.8004e-017	-9.3450e+000	-6.3488e+000	6.3477e+000	5.2500e-015
-4.160e+000	4.8005e-017	-9.3451e+000	-6.3489e+000	6.3478e+000	5.2500e-015
-4.150e+000	4.8005e-017	-9.3452e+000	-6.3490e+000	6.3479e+000	5.2500e-015
-4.140e+000	4.8007e-017	-9.3455e+000	-6.3491e+000	6.3481e+000	5.2500e-015
-4.130e+000	4.8008e-017	-9.3458e+000	-6.3494e+000	6.3483e+000	5.2500e-015
-4.120e+000	4.8011e-017	-9.3463e+000	-6.3497e+000	6.3487e+000	5.2500e-015
-4.110e+000	4.8015e-017	-9.3471e+000	-6.3502e+000	6.3492e+000	5.2500e-015
-4.100e+000	4.8021e-017	-9.3482e+000	-6.3510e+000	6.3500e+000	5.2500e-015
-4.090e+000	4.8029e-017	-9.3499e+000	-6.3521e+000	6.3511e+000	5.2500e-015
-4.080e+000	4.8042e-017	-9.3523e+000	-6.3538e+000	6.3527e+000	5.2500e-015
-4.070e+000	4.8060e-017	-9.3559e+000	-6.3562e+000	6.3552e+000	5.2500e-015
-4.060e+000	4.8087e-017	-9.3612e+000	-6.3598e+000	6.3588e+000	5.2500e-015
-4.050e+000	4.8127e-017	-9.3690e+000	-6.3651e+000	6.3640e+000	5.2500e-015
-4.040e+000	4.8186e-017	-9.3804e+000	-6.3729e+000	6.3718e+000	5.2500e-015
-4.030e+000	4.8273e-017	-9.3972e+000	-6.3843e+000	6.3832e+000	5.2500e-015
-4.020e+000	4.8400e-017	-9.4220e+000	-6.4011e+000	6.4001e+000	5.2500e-015
-4.010e+000	4.8588e-017	-9.4586e+000	-6.4260e+000	6.4249e+000	5.2500e-015
-4.000e+000	4.8864e-017	-9.5123e+000	-6.4625e+000	6.4614e+000	5.2500e-015
-3.990e+000	4.9271e-017	-9.5915e+000	-6.5162e+000	6.5152e+000	5.2500e-015
-3.980e+000	4.9870e-017	-9.7080e+000	-6.5954e+000	6.5943e+000	5.2500e-015
-3.970e+000	5.0799e-017	-9.8825e+000	-6.7119e+000	6.7109e+000	5.2500e-015
-3.960e+000	5.2050e-017	-1.0135e+001	-6.8864e+000	6.8825e+000	5.2500e-015
-3.950e+000	5.3962e-017	-1.0507e+001	-7.1391e+000	7.1351e+000	5.2500e-015
-3.940e+000	5.6839e-017	-1.1059e+001	-7.5110e+000	7.5070e+000	5.2500e-015
-3.930e+000	6.0935e-017	-1.1866e+001	-8.0625e+000	8.0546e+000	5.2500e-015
-3.920e+000	6.7114e-017	-1.3059e+001	-8.8696e+000	8.8608e+000	5.2500e-015
-3.910e+000	7.6080e-017	-1.4811e+001	-1.0062e+001	1.0048e+001	5.2500e-015
-3.900e+000	8.9350e-017	-1.7392e+001	-1.1815e+001	1.1795e+001	5.2500e-015
-3.890e+000	1.0885e-016	-2.1189e+001	-1.4396e+001	1.4368e+001	5.2500e-015
-3.880e+000	1.3761e-016	-2.6782e+001	-1.8193e+001	1.8156e+001	5.2500e-015
-3.870e+000	1.7996e-016	-3.5018e+001	-2.3786e+001	2.3733e+001	5.2500e-015
-3.860e+000	2.4228e-016	-4.7144e+001	-3.2022e+001	3.1944e+001	5.2500e-015
-3.850e+000	3.3403e-016	-6.4997e+001	-4.4148e+001	4.4033e+001	5.2500e-015
-3.840e+000	4.6910e-016	-9.1279e+001	-6.2001e+001	6.1831e+001	5.2500e-015
-3.830e+000	6.6799e-016	-1.2998e+002	-8.8283e+001	8.8036e+001	5.2500e-015
-3.820e+000	9.6079e-016	-1.8695e+002	-1.2698e+002	1.2662e+002	5.2500e-015
-3.810e+000	1.3919e-015	-2.7083e+002	-1.8395e+002	1.8342e+002	5.2500e-015
-3.800e+000	2.0266e-015	-3.9432e+002	-2.6783e+002	2.6705e+002	5.2500e-015
-3.790e+000	2.9611e-015	-5.7614e+002	-3.9133e+002	3.9017e+002	5.2500e-015
-3.780e+000	4.3369e-015	-8.4383e+002	-5.7314e+002	5.7144e+002	5.2500e-015
-3.770e+000	6.3624e-015	-1.2379e+003	-8.4083e+002	8.3833e+002	5.2500e-015
-3.760e+000	9.3447e-015	-1.8182e+003	-1.2349e+003	1.2313e+003	5.2500e-015
-3.750e+000	1.3735e-014	-2.6725e+003	-1.8152e+003	1.8098e+003	5.2500e-015
-3.740e+000	2.0200e-014	-3.9303e+003	-2.6695e+003	2.6615e+003	5.2500e-015
-3.730e+000	2.9717e-014	-5.7821e+003	-3.9273e+003	3.9155e+003	5.2500e-015
-3.720e+000	4.3730e-014	-8.5085e+003	-5.7791e+003	5.7618e+003	5.2500e-015
-3.710e+000	6.4360e-014	-1.2522e+004	-8.5055e+003	8.4800e+003	5.2500e-015
-3.700e+000	9.4733e-014	-1.8432e+004	-1.2519e+004	1.2482e+004	5.2500e-015
-3.690e+000	1.3945e-013	-2.7133e+004	-1.8429e+004	1.8374e+004	5.2500e-015
-3.680e+000	2.0529e-013	-3.9943e+004	-2.7130e+004	2.7049e+004	5.2500e-015
-3.670e+000	3.0222e-013	-5.8803e+004	-3.9940e+004	3.9821e+004	5.2500e-015
-3.660e+000	4.4493e-013	-8.6571e+004	-5.8800e+004	5.8624e+004	5.2500e-015
-3.650e+000	6.5504e-013	-1.2745e+005	-8.6568e+004	8.6309e+004	5.2500e-015
-3.640e+000	9.6437e-013	-1.8764e+005	-1.2745e+005	1.2707e+005	5.2500e-015
-3.630e+000	1.4198e-012	-2.7625e+005	-1.8764e+005	1.8708e+005	5.2500e-015
-3.620e+000	2.0902e-012	-4.0671e+005	-2.7625e+005	2.7542e+005	5.2500e-015
-3.610e+000	3.0773e-012	-5.9877e+005	-4.0671e+005	4.0549e+005	5.2500e-015
-3.600e+000	4.5303e-012	-8.8153e+005	-5.9877e+005	5.9698e+005	5.2500e-015
-3.590e+000	6.6692e-012	-1.2978e+006	-8.8153e+005	8.7889e+005	5.2500e-015
-3.580e+000	9.8175e-012	-1.9105e+006	-1.2978e+006	1.2939e+006	5.2500e-015
-3.570e+000	1.4451e-011	-2.8125e+006	-1.9105e+006	1.9048e+006	5.2500e-015
-3.560e+000	2.1269e-011	-4.1400e+006	-2.8125e+006	2.8041e+006	5.2500e-015
-3.550e+000	3.1300e-011	-6.0936e+006	-4.1400e+006	4.1276e+006	5.2500e-015
-3.540e+000	4.6051e-011	-8.9679e+006	-6.0936e+006	6.0754e+006	5.2500e-015
-3.530e+000	6.7732e-011	-1.3195e+007	-8.9679e+006	8.9410e+006	5.2500e-015
-3.520e+000	9.9574e-011	-1.9410e+007	-1.3195e+007	1.3156e+007	5.2500e-015
-3.510e+000	1.4628e-010	-2.8541e+007	-1.9410e+007	1.9352e+007	5.2500e-015
-3.500e+000	2.1469e-010	-4.1940e+007	-2.8541e+007	2.8455e+007	5.2500e-015
-3.490e+000	3.1461e-010	-6.1577e+007	-4.1940e+007	4.1815e+007	5.2500e-015
-3.480e+000	4.6007e-010	-9.0292e+007	-6.1577e+007	6.1393e+007	5.2500e-015
-3.470e+000	6.7070e-010	-1.3215e+008	-9.0292e+007	9.0023e+007	5.2500e-015
-3.460e+000	9.7351e-010	-1.9292e+008	-1.3215e+008	1.3176e+008	5.2500e-015
-3.450e+000	1.4044e-009	-2.8057e+008	-1.9292e+008	1.9234e+008	5.2500e-015
-3.440e+000	2.0088e-009	-4.0595e+008	-2.8057e+008	2.7974e+008	5.2500e-015
-3.430e+000	2.8410e-009	-5.8327e+008	-4.0595e+008	4.0476e+008	5.2500e-015
-3.420e+000	3.9597e-009	-8.3041e+008	-5.8327e+008	5.8159e+008	5.2500e-015
-3.410e+000	5.4200e-009	-1.1687e+009	-8.3041e+008	8.2805e+008	5.2500e-015
-3.400e+000	7.2643e-009	-1.6221e+009	-1.1687e+009	1.1654e+009	5.2500e-015
-3.390e+000	9.5143e-009	-2.2159e+009	-1.6221e+009	1.6177e+009	5.2500e-015
-3.380e+000	1.2171e-008	-2.9756e+009	-2.2159e+009	2.2101e+009	5.2500e-015
-3.370e+000	1.5225e-008	-3.9259e+009	-2.9756e+009	2.9681e+009	5.2500e-015
-3.360e+000	1.8667e-008	-5.0910e+009	-3.9259e+009	3.9165e+009	5.2500e-015
-3.350e+000	2.2502e-008	-6.4954e+009	-5.0910e+009	5.0795e+009	5.2500e-015
-3.340e+000	2.6750e-008	-8.1650e+009	-6.4954e+009	6.4818e+009	5.2500e-015
-3.330e+000	3.1447e-008	-1.0128e+010	-8.1650e+009	8.1491e+009	5.2500e-015
-3.320e+000	3.6635e-008	-1.2414e+010	-1.0128e+010	1.0110e+010	5.2500e-015
-3.310e+000	4.2351e-008	-1.5058e+010	-1.2414e+010	1.2394e+010	5.2500e-015
-3.300e+000	4.8621e-008	-1.8092e+010	-1.5058e+010	1.5035e+010	5.2500e-015
-3.290e+000	5.5454e-008	-2.1554e+010	-1.8092e+010	1.8068e+010	5.2500e-015
-3.280e+000	6.2834e-008	-2.5475e+010	-2.1554e+010	2.1528e+010	5.2500e-015
-3.270e+000	7.0721e-008	-2.9889e+010	-2.5475e+010	2.5448e+010	5.2500e-015
-3.260e+000	7.9052e-008	-3.4823e+010	-2.9889e+010	2.9860e+010	5.2500e-015
-3.250e+000	8.7745e-008	-4.0300e+010	-3.4823e+010	3.4793e+010	5.2500e-015
-3.240e+000	9.6701e-008	-4.6336e+010	-4.0300e+010	4.0269e+010	5.2500e-015
-3.230e+000	1.0582e-007	-5.2940e+010	-4.6336e+010	4.6303e+010	5.2500e-015
-3.220e+000	1.1499e-007	-6.0117e+010	-5.2940e+010	5.2907e+010	5.2500e-015
-3.210e+000	1.2411e-007	-6.7863e+010	-6.0117e+010	6.0083e+010	5.2500e-015
-3.200e+000	1.3309e-007	-7.6170e+010	-6.7863e+010	6.7829e+010	5.2500e-015
-3.190e+000	1.4186e-007	-8.5024e+010	-7.6170e+010	7.6135e+010	5.2500e-015
-3.180e+000	1.5035e-007	-9.4408e+010	-8.5024e+010	8.4988e+010	5.2500e-015
-3.170e+000	1.5852e-007	-1.0430e+011	-9.4408e+010	9.4372e+010	5.2500e-015
-3.160e+000	1.6587e-007	-1.1465e+011	-1.0430e+011	1.0427e+011	5.2500e-015
-3.150e+000	1.7320e-007	-1.2547e+011	-1.1465e+011	1.1462e+011	5.2500e-015
-3.140e+000	1.8016e-007	-1.3671e+011	-1.2547e+011	1.2543e+011	5.2500e-015
-3.130e+000	1.8686e-007	-1.4837e+011	-1.3671e+011	1.3667e+011	5.2500e-015
-3.120e+000	1.9292e-007	-1.6041e+011	-1.4837e+011	1.4834e+011	5.2500e-015
-3.110e+000	1.9884e-007	-1.7282e+011	-1.6041e+011	1.6038e+011	5.2500e-015
-3.100e+000	2.0429e-007	-1.8558e+011	-1.7282e+011	1.7279e+011	5.2500e-015
-3.090e+000	2.0939e-007	-1.9864e+011	-1.8558e+011	1.8554e+011	5.2500e-015
-3.080e+000	2.1416e-007	-2.1201e+011	-1.9864e+011	1.9861e+011	5.2500e-015
-3.070e+000	2.1863e-007	-2.2566e+011	-2.1201e+011	2.1197e+011	5.2500e-015
-3.060e+000	2.2282e-007	-2.3956e+011	-2.2566e+011	2.2562e+011	5.2500e-015
-3.050e+000	2.2678e-007	-2.5372e+011	-2.3956e+011	2.3953e+011	5.2500e-015
-3.040e+000	2.3038e-007	-2.6810e+011	-2.5372e+011	2.5368e+011	5.2500e-015
-3.030e+000	2.3385e-007	-2.8269e+011	-2.6810e+011	2.6806e+011	5.2500e-015
-3.020e+000	2.3702e-007	-2.9749e+011	-2.8269e+011	2.8266e+011	5.2500e-015
-3.010e+000	2.4006e-007	-3.1247e+011	-2.9749e+011	2.9745e+011	5.2500e-015
-3.000e+000	2.4284e-007	-3.2763e+011	-3.1247e+011	3.1243e+011	5.2500e-015
-2.990e+000	2.4552e-007	-3.4295e+011	-3.2763e+011	3.2759e+011	5.2500e-015
-2.980e+000	2.4800e-007	-3.5843e+011	-3.4295e+011	3.4291e+011	5.2500e-015
-2.970e+000	2.5030e-007	-3.7405e+011	-3.5843e+011	3.5839e+011	5.2500e-015
-2.960e+000	2.5253e-007	-3.8981e+011	-3.7405e+011	3.7401e+011	5.2500e-015
-2.950e+000	2.5459e-007	-4.0571e+011	-3.8981e+011	3.8978e+011	5.2500e-015
-2.940e+000	2.5652e-007	-4.2172e+011	-4.0571e+011	4.0567e+011	5.2500e-015
-2.930e+000	2.5838e-007	-4.3784e+011	-4.2172e+011	4.2168e+011	5.2500e-015
-2.920e+000	2.6011e-007	-4.5408e+011	-4.3784e+011	4.3780e+011	5.2500e-015
-2.910e+000	2.6175e-007	-4.7041e+011	-4.5408e+011	4.5404e+011	5.2500e-015
-2.900e+000	2.6330e-007	-4.8685e+011	-4.7041e+011	4.7037e+011	5.2500e-015
-2.890e+000	2.6474e-007	-5.0337e+011	-4.8685e+011	4.8681e+011	5.2500e-015
-2.880e+000	2.6615e-007	-5.1998e+011	-5.0337e+011	5.0333e+011	5.2500e-015
-2.870e+000	2.6747e-007	-5.3668e+011	-5.1998e+011	5.1994e+011	5.2500e-015
-2.860e+000	2.6871e-007	-5.5345e+011	-5.3668e+011	5.3664e+011	5.2500e-015
-2.850e+000	2.6990e-007	-5.7029e+011	-5.5345e+011	5.5341e+011	5.2500e-015
-2.840e+000	2.7102e-007	-5.8721e+011	-5.7029e+011	5.7026e+011	5.2500e-015
-2.830e+000	2.7210e-007	-6.0419e+011	-5.8721e+011	5.8717e+011	5.2500e-015
-2.820e+000	2.7312e-007	-6.2124e+011	-6.0419e+011	6.0415e+011	5.2500e-015
-2.810e+000	2.7409e-007	-6.3835e+011	-6.2124e+011	6.2120e+011	5.2500e-015
-2.800e+000	2.7502e-007	-6.5551e+011	-6.3835e+011	6.3831e+011	5.2500e-015
-2.790e+000	2.7590e-007	-6.7273e+011	-6.5551e+011	6.5547e+011	5.2500e-015
-2.780e+000	2.7674e-007	-6.9001e+011	-6.7273e+011	6.7269e+011	5.2500e-015
-2.770e+000	2.7755e-007	-7.0733e+011	-6.9001e+011	6.8997e+011	5.2500e-015
-2.760e+000	2.7832e-007	-7.2470e+011	-7.0733e+011	7.0729e+011	5.2500e-015
-2.750e+000	2.7905e-007	-7.4212e+011	-7.2470e+011	7.2466e+011	5.2500e-015
-2.740e+000	2.7976e-007	-7.5958e+011	-7.4212e+011	7.4208e+011	5.2500e-015
-2.730e+000	2.8044e-007	-7.7708e+011	-7.5958e+011	7.5954e+011	5.2500e-015
-2.720e+000	2.8109e-007	-7.9463e+011	-7.7708e+011	7.7704e+011	5.2500e-015
-2.710e+000	2.8171e-007	-8.1221e+011	-7.9463e+011	7.9459e+011	5.2500e-015
-2.700e+000	2.8230e-007	-8.2983e+011	-8.1221e+011	8.1217e+011	5.2500e-015
-2.690e+000	2.8287e-007	-8.4748e+011	-8.2983e+011	8.2979e+011	5.2500e-015
-2.680e+000	2.8342e-007	-8.6517e+011	-8.4748e+011	8.4744e+011	5.2500e-015
-2.670e+000	2.8395e-007	-8.8290e+011	-8.6517e+011	8.6513e+011	5.2500e-015
-2.660e+000	2.8446e-007	-9.0065e+011	-8.8290e+011	8.8286e+011	5.2500e-015
-2.650e+000	2.8495e-007	-9.1844e+011	-9.0065e+011	9.0061e+011	5.2500e-015
-2.640e+000	2.8542e-007	-9.3625e+011	-9.1844e+011	9.1840e+011	5.2500e-015
-2.630e+000	2.8587e-007	-9.5409e+011	-9.3625e+011	9.3621e+011	5.2500e-015
-2.620e+000	2.8631e-007	-9.7196e+011	-9.5409e+011	9.5405e+011	5.2500e-015
-2.610e+000	2.8673e-007	-9.8986e+011	-9.7196e+011	9.7192e+011	5.2500e-015
-2.600e+000	2.8714e-007	-1.0078e+012	-9.8986e+011	9.8982e+011	5.2500e-015
-2.590e+000	2.8753e-007	-1.0257e+012	-1.0078e+012	1.0077e+012	5.2500e-015
-2.580e+000	2.8791e-007	-1.0437e+012	-1.0257e+012	1.0257e+012	5.2500e-015
-2.570e+000	2.8828e-007	-1.0617e+012	-1.0437e+012	1.0437e+012	5.2500e-015
-2.560e+000	2.8863e-007	-1.0797e+012	-1.0617e+012	1.0617e+012	5.2500e-015
-2.550e+000	2.8898e-007	-1.0977e+012	-1.0797e+012	1.0797e+012	5.2500e-015
-2.540e+000	2.8931e-007	-1.1158e+012	-1.0977e+012	1.0977e+012	5.2500e-015
-2.530e+000	2.8963e-007	-1.1339e+012	-1.1158e+012	1.1158e+012	5.2500e-015
-2.520e+000	2.8994e-007	-1.1520e+012	-1.1339e+012	1.1338e+012	5.2500e-015
-2.510e+000	2.9024e-007	-1.1701e+012	-1.1520e+012	1.1519e+012	5.2500e-015
-2.500e+000	2.9053e-007	-1.1882e+012	-1.1701e+012	1.1701e+012	5.2500e-015
-2.490e+000	2.9082e-007	-1.2064e+012	-1.1882e+012	1.1882e+012	5.2500e-015
-2.480e+000	2.9109e-007	-1.2245e+012	-1.2064e+012	1.2063e+012	5.2500e-015
-2.470e+000	2.9136e-007	-1.2427e+012	-1.2245e+012	1.2245e+012	5.2500e-015
-2.460e+000	2.9162e-007	-1.2609e+012	-1.2427e+012	1.2427e+012	5.2500e-015
-2.450e+000	2.9187e-007	-1.2791e+012	-1.2609e+012	1.2609e+012	5.2500e-015
-2.440e+000	2.9211e-007	-1.2974e+012	-1.2791e+012	1.2791e+012	5.2500e-015
-2.430e+000	2.9235e-007	-1.3156e+012	-1.2974e+012	1.2973e+012	5.2500e-015
-2.420e+000	2.9258e-007	-1.3339e+012	-1.3156e+012	1.3156e+012	5.2500e-015
-2.410e+000	2.9280e-007	-1.3522e+012	-1.3339e+012	1.3338e+012	5.2500e-015
-2.400e+000	2.9302e-007	-1.3704e+012	-1.3522e+012	1.3521e+012	5.2500e-015
-2.390e+000	2.9323e-007	-1.3888e+012	-1.3704e+012	1.3704e+012	5.2500e-015
-2.380e+000	2.9344e-007	-1.4071e+012	-1.3888e+012	1.3887e+012	5.2500e-015
-2.370e+000	2.9364e-007	-1.4254e+012	-1.4071e+012	1.4070e+012	5.2500e-015
-2.360e+000	2.9383e-007	-1.4437e+012	-1.4254e+012	1.4254e+012	5.2500e-015
-2.350e+000	2.9403e-007	-1.4621e+012	-1.4437e+012	1.4437e+012	5.2500e-015
-2.340e+000	2.9421e-007	-1.4804e+012	-1.4621e+012	1.4620e+012	5.2500e-015
-2.330e+000	2.9439e-007	-1.4988e+012	-1.4804e+012	1.4804e+012	5.2500e-015
-2.320e+000	2.9457e-007	-1.5172e+012	-1.4988e+012	1.4988e+012	5.2500e-015
-2.310e+000	2.9474e-007	-1.5356e+012	-1.5172e+012	1.5172e+012	5.2500e-015
-2.300e+000	2.9491e-007	-1.5540e+012	-1.5356e+012	1.5356e+012	5.2500e-015
-2.290e+000	2.9508e-007	-1.5724e+012	-1.5540e+012	1.5540e+012	5.2500e-015
-2.280e+000	2.9524e-007	-1.5909e+012	-1.5724e+012	1.5724e+012	5.2500e-015
-2.270e+000	2.9539e-007	-1.6093e+012	-1.5909e+012	1.5908e+012	5.2500e-015
-2.260e+000	2.9555e-007	-1.6277e+012	-1.6093e+012	1.6093e+012	5.2500e-015
-2.250e+000	2.9570e-007	-1.6462e+012	-1.6277e+012	1.6277e+012	5.2500e-015
-2.240e+000	2.9584e-007	-1.6647e+012	-1.6462e+012	1.6462e+012	5.2500e-015
-2.230e+000	2.9598e-007	-1.6831e+012	-1.6647e+012	1.6646e+012	5.2500e-015
-2.220e+000	2.9612e-007	-1.7016e+012	-1.6831e+012	1.6831e+012	5.2500e-015
-2.210e+000	2.9626e-007	-1.7201e+012	-1.7016e+012	1.7016e+012	5.2500e-015
-2.200e+000	2.9640e-007	-1.7386e+012	-1.7201e+012	1.7201e+012	5.2500e-015
-2.190e+000	2.9653e-007	-1.7571e+012	-1.7386e+012	1.7386e+012	5.2500e-015
-2.180e+000	2.9665e-007	-1.7756e+012	-1.7571e+012	1.7571e+012	5.2500e-015
-2.170e+000	2.9678e-007	-1.7942e+012	-1.7756e+012	1.7756e+012	5.2500e-015
-2.160e+000	2.9690e-007	-1.8127e+012	-1.7942e+012	1.7941e+012	5.2500e-015
-2.150e+000	2.9702e-007	-1.8312e+012	-1.8127e+012	1.8126e+012	5.2500e-015
-2.140e+000	2.9714e-007	-1.8498e+012	-1.8312e+012	1.8312e+012	5.2500e-015
-2.130e+000	2.9726e-007	-1.8683e+012	-1.8498e+012	1.8497e+012	5.2500e-015
-2.120e+000	2.9737e-007	-1.8869e+012	-1.8683e+012	1.8683e+012	5.2500e-015
-2.110e+000	2.9748e-007	-1.9055e+012	-1.8869e+012	1.8868e+012	5.2500e-015
-2.100e+000	2.9759e-007	-1.9240e+012	-1.9055e+012	1.9054e+012	5.2500e-015
-2.090e+000	2.9770e-007	-1.9426e+012	-1.9240e+012	1.9240e+012	5.2500e-015
-2.080e+000	2.9780e-007	-1.9612e+012	-1.9426e+012	1.9426e+012	5.2500e-015
-2.070e+000	2.9791e-007	-1.9798e+012	-1.9612e+012	1.9612e+012	5.2500e-015
-2.060e+000	2.9801e-007	-1.9984e+012	-1.9798e+012	1.9797e+012	5.2500e-015
-2.050e+000	2.9811e-007	-2.0170e+012	-1.9984e+012	1.9983e+012	5.2500e-015
-2.040e+000	2.9820e-007	-2.0356e+012	-2.0170e+012	2.0170e+012	5.2500e-015
-2.030e+000	2.9830e-007	-2.0542e+012	-2.0356e+012	2.0356e+012	5.2500e-015
-2.020e+000	2.9839e-007	-2.0728e+012	-2.0542e+012	2.0542e+012	5.2500e-015
-2.010e+000	2.9849e-007	-2.0915e+012	-2.0728e+012	2.0728e+012	5.2500e-015
-2.000e+000	2.9858e-007	-2.1101e+012	-2.0915e+012	2.0914e+012	5.2500e-015
-1.990e+000	2.9867e-007	-2.1288e+012	-2.1101e+012	2.1101e+012	5.2500e-015
-1.980e+000	2.9875e-007	-2.1474e+012	-2.1288e+012	2.1287e+012	5.2500e-015
-1.970e+000	2.9884e-007	-2.1661e+012	-2.1474e+012	2.1474e+012	5.2500e-015
-1.960e+000	2.9892e-007	-2.1847e+012	-2.1661e+012	2.1660e+012	5.2500e-015
-1.950e+000	2.9901e-007	-2.2034e+012	-2.1847e+012	2.1847e+012	5.2500e-015
-1.940e+000	2.9909e-007	-2.2220e+012	-2.2034e+012	2.2033e+012	5.2500e-015
-1.930e+000	2.9917e-007	-2.2407e+012	-2.2220e+012	2.2220e+012	5.2500e-015
-1.920e+000	2.9925e-007	-2.2594e+012	-2.2407e+012	2.2407e+012	5.2500e-015
-1.910e+000	2.9933e-007	-2.2781e+012	-2.2594e+012	2.2594e+012	5.2500e-015
-1.900e+000	2.9940e-007	-2.2968e+012	-2.2781e+012	2.2780e+012	5.2500e-015
-1.890e+000	2.9948e-007	-2.3155e+012	-2.2968e+012	2.2967e+012	5.2500e-015
-1.880e+000	2.9955e-007	-2.3342e+012	-2.3155e+012	2.3154e+012	5.2500e-015
-1.870e+000	2.9963e-007	-2.3529e+012	-2.3342e+012	2.3341e+012	5.2500e-015
-1.860e+000	2.9970e-007	-2.3716e+012	-2.3529e+012	2.3528e+012	5.2500e-015
-1.850e+000	2.9977e-007	-2.3903e+012	-2.3716e+012	2.3715e+012	5.2500e-015
-1.840e+000	2.9984e-007	-2.4090e+012	-2.3903e+012	2.3902e+012	5.2500e-015
-1.830e+000	2.9991e-007	-2.4277e+012	-2.4090e+012	2.4089e+012	5.2500e-015
-1.820e+000	2.9998e-007	-2.4464e+012	-2.4277e+012	2.4277e+012	5.2500e-015
-1.810e+000	3.0004e-007	-2.4652e+012	-2.4464e+012	2.4464e+012	5.2500e-015
-1.800e+000	3.0011e-007	-2.4839e+012	-2.4652e+012	2.4651e+012	5.2500e-015
-1.790e+000	3.0018e-007	-2.5026e+012	-2.4839e+012	2.4838e+012	5.2500e-015
-1.780e+000	3.0024e-007	-2.5214e+012	-2.5026e+012	2.5026e+012	5.2500e-015
-1.770e+000	3.0030e-007	-2.5401e+012	-2.5214e+012	2.5213e+012	5.2500e-015
-1.760e+000	3.0037e-007	-2.5588e+012	-2.5401e+012	2.5401e+012	5.2500e-015
-1.750e+000	3.0043e-007	-2.5776e+012	-2.5588e+012	2.5588e+012	5.2500e-015
-1.740e+000	3.0049e-007	-2.5964e+012	-2.5776e+012	2.5776e+012	5.2500e-015
-1.730e+000	3.0055e-007	-2.6151e+012	-2.5964e+012	2.5963e+012	5.2500e-015
-1.720e+000	3.0061e-007	-2.6339e+012	-2.6151e+012	2.6151e+012	5.2500e-015
-1.710e+000	3.0066e-007	-2.6526e+012	-2.6339e+012	2.6338e+012	5.2500e-015
-1.700e+000	3.0072e-007	-2.6714e+012	-2.6526e+012	2.6526e+012	5.2500e-015
-1.690e+000	3.0078e-007	-2.6902e+012	-2.6714e+012	2.6714e+012	5.2500e-015
-1.680e+000	3.0084e-007	-2.7090e+012	-2.6902e+012	2.6901e+012	5.2500e-015
-1.670e+000	3.0089e-007	-2.7277e+012	-2.7090e+012	2.7089e+012	5.2500e-015
-1.660e+000	3.0095e-007	-2.7465e+012	-2.7277e+012	2.7277e+012	5.2500e-015
-1.650e+000	3.0100e-007	-2.7653e+012	-2.7465e+012	2.7465e+012	5.2500e-015
-1.640e+000	3.0105e-007	-2.7841e+012	-2.7653e+012	2.7653e+012	5.2500e-015
-1.630e+000	3.0111e-007	-2.8029e+012	-2.7841e+012	2.7841e+012	5.2500e-015
-1.620e+000	3.0116e-007	-2.8217e+012	-2.8029e+012	2.8029e+012	5.2500e-015
-1.610e+000	3.0121e-007	-2.8405e+012	-2.8217e+012	2.8217e+012	5.2500e-015
-1.600e+000	3.0126e-007	-2.8593e+012	-2.8405e+012	2.8405e+012	5.2500e-015
-1.590e+000	3.0131e-007	-2.8781e+012	-2.8593e+012	2.8593e+012	5.2500e-015
-1.580e+000	3.0136e-007	-2.8969e+012	-2.8781e+012	2.8781e+012	5.2500e-015
-1.570e+000	3.0141e-007	-2.9157e+012	-2.8969e+012	2.8969e+012	5.2500e-015
-1.560e+000	3.0146e-007	-2.9345e+012	-2.9157e+012	2.9157e+012	5.2500e-015
-1.550e+000	3.0150e-007	-2.9534e+012	-2.9345e+012	2.9345e+012	5.2500e-015
-1.540e+000	3.0155e-007	-2.9722e+012	-2.9534e+012	2.9533e+012	5.2500e-015
-1.530e+000	3.0160e-007	-2.9910e+012	-2.9722e+012	2.9721e+012	5.2500e-015
-1.520e+000	3.0165e-007	-3.0098e+012	-2.9910e+012	2.9910e+012	5.2500e-015
-1.510e+000	3.0169e-007	-3.0287e+012	-3.0098e+012	3.0098e+012	5.2500e-015
-1.500e+000	3.0174e-007	-3.0475e+012	-3.0287e+012	3.0286e+012	5.2500e-015
-1.490e+000	3.0178e-007	-3.0663e+012	-3.0475e+012	3.0475e+012	5.2500e-015
-1.480e+000	3.0183e-007	-3.0852e+012	-3.0663e+012	3.0663e+012	5.2500e-015
-1.470e+000	3.0187e-007	-3.1040e+012	-3.0852e+012	3.0851e+012	5.2500e-015
-1.460e+000	3.0191e-007	-3.1229e+012	-3.1040e+012	3.1040e+012	5.2500e-015
-1.450e+000	3.0196e-007	-3.1417e+012	-3.1229e+012	3.1228e+012	5.2500e-015
-1.440e+000	3.0200e-007	-3.1605e+012	-3.1417e+012	3.1417e+012	5.2500e-015
-1.430e+000	3.0204e-007	-3.1794e+012	-3.1605e+012	3.1605e+012	5.2500e-015
-1.420e+000	3.0208e-007	-3.1983e+012	-3.1794e+012	3.1794e+012	5.2500e-015
-1.410e+000	3.0212e-007	-3.2171e+012	-3.1983e+012	3.1982e+012	5.2500e-015
-1.400e+000	3.0216e-007	-3.2360e+012	-3.2171e+012	3.2171e+012	5.2500e-015
-1.390e+000	3.0220e-007	-3.2548e+012	-3.2360e+012	3.2359e+012	5.2500e-015
-1.380e+000	3.0224e-007	-3.2737e+012	-3.2548e+012	3.2548e+012	5.2500e-015
-1.370e+000	3.0228e-007	-3.2926e+012	-3.2737e+012	3.2737e+012	5.2500e-015
-1.360e+000	3.0232e-007	-3.3114e+012	-3.2926e+012	3.2925e+012	5.2500e-015
-1.350e+000	3.0236e-007	-3.3303e+012	-3.3114e+012	3.3114e+012	5.2500e-015
-1.340e+000	3.0240e-007	-3.3492e+012	-3.3303e+012	3.3303e+012	5.2500e-015
-1.330e+000	3.0244e-007	-3.3681e+012	-3.3492e+012	3.3491e+012	5.2500e-015
-1.320e+000	3.0247e-007	-3.3869e+012	-3.3681e+012	3.3680e+012	5.2500e-015
-1.310e+000	3.0251e-007	-3.4058e+012	-3.3869e+012	3.3869e+012	5.2500e-015
-1.300e+000	3.0255e-007	-3.4247e+012	-3.4058e+012	3.4058e+012	5.2500e-015
-1.290e+000	3.0259e-007	-3.4436e+012	-3.4247e+012	3.4247e+012	5.2500e-015
-1.280e+000	3.0262e-007	-3.4625e+012	-3.4436e+012	3.4435e+012	5.2500e-015
-1.270e+000	3.0266e-007	-3.4814e+012	-3.4625e+012	3.4624e+012	5.2500e-015
-1.260e+000	3.0269e-007	-3.5003e+012	-3.4814e+012	3.4813e+012	5.2500e-015
-1.250e+000	3.0273e-007	-3.5192e+012	-3.5003e+012	3.5002e+012	5.2500e-015
-1.240e+000	3.0276e-007	-3.5380e+012	-3.5192e+012	3.5191e+012	5.2500e-015
-1.230e+000	3.0280e-007	-3.5569e+012	-3.5380e+012	3.5380e+012	5.2500e-015
-1.220e+000	3.0283e-007	-3.5758e+012	-3.5569e+012	3.5569e+012	5.2500e-015
-1.210e+000	3.0287e-007	-3.5948e+012	-3.5758e+012	3.5758e+012	5.2500e-015
-1.200e+000	3.0290e-007	-3.6137e+012	-3.5948e+012	3.5947e+012	5.2500e-015
-1.190e+000	3.0293e-007	-3.6326e+012	-3.6137e+012	3.6136e+012	5.2500e-015
-1.180e+000	3.0297e-007	-3.6515e+012	-3.6326e+012	3.6325e+012	5.2500e-015
-1.170e+000	3.0300e-007	-3.6704e+012	-3.6515e+012	3.6514e+012	5.2500e-015
-1.160e+000	3.0303e-007	-3.6893e+012	-3.6704e+012	3.6703e+012	5.2500e-015
-1.150e+000	3.0306e-007	-3.7082e+012	-3.6893e+012	3.6893e+012	5.2500e-015
-1.140e+000	3.0310e-007	-3.7271e+012	-3.7082e+012	3.7082e+012	5.2500e-015
-1.130e+000	3.0313e-007	-3.7461e+012	-3.7271e+012	3.7271e+012	5.2500e-015
-1.120e+000	3.0316e-007	-3.7650e+012	-3.7461e+012	3.7460e+012	5.2500e-015
-1.110e+000	3.0319e-007	-3.7839e+012	-3.7650e+012	3.7649e+012	5.2500e-015
-1.100e+000	3.0322e-007	-3.8028e+012	-3.7839e+012	3.7839e+012	5.2500e-015
-1.090e+000	3.0325e-007	-3.8218e+012	-3.8028e+012	3.8028e+012	5.2500e-015
-1.080e+000	3.0328e-007	-3.8407e+012	-3.8218e+012	3.8217e+012	5.2500e-015
-1.070e+000	3.0331e-007	-3.8596e+012	-3.8407e+012	3.8406e+012	5.2500e-015
-1.060e+000	3.0334e-007	-3.8785e+012	-3.8596e+012	3.8596e+012	5.2500e-015
-1.050e+000	3.0337e-007	-3.8975e+012	-3.8785e+012	3.8785e+012	5.2500e-015
-1.040e+000	3.0340e-007	-3.9164e+012	-3.8975e+012	3.8974e+012	5.2500e-015
-1.030e+000	3.0343e-007	-3.9354e+012	-3.9164e+012	3.9164e+012	5.2500e-015
-1.020e+000	3.0346e-007	-3.9543e+012	-3.9354e+012	3.9353e+012	5.2500e-015
-1.010e+000	3.0349e-007	-3.9732e+012	-3.9543e+012	3.9543e+012	5.2500e-015
-1.000e+000	3.0352e-007	-3.9922e+012	-3.9732e+012	3.9732e+012	5.2500e-015
-9.900e-001	3.0355e-007	-4.0111e+012	-3.9922e+012	3.9921e+012	5.2500e-015
-9.800e-001	3.0358e-007	-4.0301e+012	-4.0111e+012	4.0111e+012	5.2500e-015
-9.700e-001	3.0360e-007	-4.0490e+012	-4.0301e+012	4.0300e+012	5.2500e-015
-9.600e-001	3.0363e-007	-4.0680e+012	-4.0490e+012	4.0490e+012	5.2500e-015
-9.500e-001	3.0366e-007	-4.0869e+012	-4.0680e+012	4.0679e+012	5.2500e-015
-9.400e-001	3.0369e-007	-4.1059e+012	-4.0869e+012	4.0869e+012	5.2500e-015
-9.300e-001	3.0371e-007	-4.1248e+012	-4.1059e+012	4.1058e+012	5.2500e-015
-9.200e-001	3.0374e-007	-4.1438e+012	-4.1248e+012	4.1248e+012	5.2500e-015
-9.100e-001	3.0377e-007	-4.1628e+012	-4.1438e+012	4.1438e+012	5.2500e-015
-9.000e-001	3.0379e-007	-4.1817e+012	-4.1628e+012	4.1627e+012	5.2500e-015
-8.900e-001	3.0382e-007	-4.2007e+012	-4.1817e+012	4.1817e+012	5.2500e-015
-8.800e-001	3.0385e-007	-4.2196e+012	-4.2007e+012	4.2006e+012	5.2500e-015
-8.700e-001	3.0387e-007	-4.2386e+012	-4.2196e+012	4.2196e+012	5.2500e-015
-8.600e-001	3.0390e-007	-4.2576e+012	-4.2386e+012	4.2386e+012	5.2500e-015
-8.500e-001	3.0392e-007	-4.2766e+012	-4.2576e+012	4.2575e+012	5.2500e-015
-8.400e-001	3.0395e-007	-4.2955e+012	-4.2766e+012	4.2765e+012	5.2500e-015
-8.300e-001	3.0398e-007	-4.3145e+012	-4.2955e+012	4.2955e+012	5.2500e-015
-8.200e-001	3.0400e-007	-4.3335e+012	-4.3145e+012	4.3145e+012	5.2500e-015
-8.100e-001	3.0403e-007	-4.3524e+012	-4.3335e+012	4.3334e+012	5.2500e-015
-8.000e-001	3.0405e-007	-4.3714e+012	-4.3524e+012	4.3524e+012	5.2500e-015
-7.900e-001	3.0407e-007	-4.3904e+012	-4.3714e+012	4.3714e+012	5.2500e-015
-7.800e-001	3.0410e-007	-4.4094e+012	-4.3904e+012	4.3904e+012	5.2500e-015
-7.700e-001	3.0412e-007	-4.4284e+012	-4.4094e+012	4.4093e+012	5.2500e-015
-7.600e-001	3.0415e-007	-4.4473e+012	-4.4284e+012	4.4283e+012	5.2500e-015
-7.500e-001	3.0417e-007	-4.4663e+012	-4.4473e+012	4.4473e+012	5.2500e-015
-7.400e-001	3.0420e-007	-4.4853e+012	-4.4663e+012	4.4663e+012	5.2500e-015
-7.300e-001	3.0422e-007	-4.5043e+012	-4.4853e+012	4.4853e+012	5.2500e-015
-7.200e-001	3.0424e-007	-4.5233e+012	-4.5043e+012	4.5043e+012	5.2500e-015
-7.100e-001	3.0427e-007	-4.5423e+012	-4.5233e+012	4.5233e+012	5.2500e-015
-7.000e-001	3.0429e-007	-4.5613e+012	-4.5423e+012	4.5422e+012	5.2500e-015
-6.900e-001	3.0431e-007	-4.5803e+012	-4.5613e+012	4.5612e+012	5.2500e-015
-6.800e-001	3.0434e-007	-4.5993e+012	-4.5803e+012	4.5802e+012	5.2500e-015
-6.700e-001	3.0436e-007	-4.6183e+012	-4.5993e+012	4.5992e+012	5.2500e-015
-6.600e-001	3.0438e-007	-4.6373e+012	-4.6183e+012	4.6182e+012	5.2500e-015
-6.500e-001	3.0440e-007	-4.6563e+012	-4.6373e+012	4.6372e+012	5.2500e-015
-6.400e-001	3.0443e-007	-4.6753e+012	-4.6563e+012	4.6562e+012	5.2500e-015
-6.300e-001	3.0445e-007	-4.6943e+012	-4.6753e+012	4.6752e+012	5.2500e-015
-6.200e-001	3.0447e-007	-4.7133e+012	-4.6943e+012	4.6942e+012	5.2500e-015
-6.100e-001	3.0449e-007	-4.7323e+012	-4.7133e+012	4.7132e+012	5.2500e-015
-6.000e-001	3.0451e-007	-4.7513e+012	-4.7323e+012	4.7322e+012	5.2500e-015
-5.900e-001	3.0454e-007	-4.7703e+012	-4.7513e+012	4.7512e+012	5.2500e-015
-5.800e-001	3.0456e-007	-4.7893e+012	-4.7703e+012	4.7702e+012	5.2500e-015
-5.700e-001	3.0458e-007	-4.8083e+012	-4.7893e+012	4.7893e+012	5.2500e-015
-5.600e-001	3.0460e-007	-4.8273e+012	-4.8083e+012	4.8083e+012	5.2500e-015
-5.500e-001	3.0462e-007	-4.8463e+012	-4.8273e+012	4.8273e+012	5.2500e-015
-5.400e-001	3.0464e-007	-4.8653e+012	-4.8463e+012	4.8463e+012	5.2500e-015
-5.300e-001	3.0466e-007	-4.8844e+012	-4.8653e+012	4.8653e+012	5.2500e-015
-5.200e-001	3.0468e-007	-4.9034e+012	-4.8844e+012	4.8843e+012	5.2500e-015
-5.100e-001	3.0471e-007	-4.9224e+012	-4.9034e+012	4.9033e+012	5.2500e-015
-5.000e-001	3.0473e-007	-4.9414e+012	-4.9224e+012	4.9224e+012	5.2500e-015
-4.900e-001	3.0475e-007	-4.9604e+012	-4.9414e+012	4.9414e+012	5.2500e-015
-4.800e-001	3.0477e-007	-4.9795e+012	-4.9604e+012	4.9604e+012	5.2500e-015
-4.700e-001	3.0479e-007	-4.9985e+012	-4.9795e+012	4.9794e+012	5.2500e-015
-4.600e-001	3.0481e-007	-5.0175e+012	-4.9985e+012	4.9984e+012	5.2500e-015
-4.500e-001	3.0483e-007	-5.0365e+012	-5.0175e+012	5.0175e+012	5.2500e-015
-4.400e-001	3.0485e-007	-5.0556e+012	-5.0365e+012	5.0365e+012	5.2500e-015
-4.300e-001	3.0487e-007	-5.0746e+012	-5.0556e+012	5.0555e+012	5.2500e-015
-4.200e-001	3.0489e-007	-5.0936e+012	-5.0746e+012	5.0745e+012	5.2500e-015
-4.100e-001	3.0491e-007	-5.1126e+012	-5.0936e+012	5.0936e+012	5.2500e-015
-4.000e-001	3.0493e-007	-5.1317e+012	-5.1126e+012	5.1126e+012	5.2500e-015
-3.900e-001	3.0495e-007	-5.1507e+012	-5.1317e+012	5.1316e+012	5.2500e-015
-3.800e-001	3.0497e-007	-5.1697e+012	-5.1507e+012	5.1507e+012	5.2500e-015
-3.700e-001	3.0498e-007	-5.1888e+012	-5.1697e+012	5.1697e+012	5.2500e-015
-3.600e-001	3.0500e-007	-5.2078e+012	-5.1888e+012	5.1887e+012	5.2500e-015
-3.500e-001	3.0502e-007	-5.2269e+012	-5.2078e+012	5.2078e+012	5.2500e-015
-3.400e-001	3.0504e-007	-5.2459e+012	-5.2269e+012	5.2268e+012	5.2500e-015
-3.300e-001	3.0506e-007	-5.2649e+012	-5.2459e+012	5.2459e+012	5.2500e-015
-3.200e-001	3.0508e-007	-5.2840e+012	-5.2649e+012	5.2649e+012	5.2500e-015
-3.100e-001	3.0510e-007	-5.3030e+012	-5.2840e+012	5.2839e+012	5.2500e-015
-3.000e-001	3.0512e-007	-5.3221e+012	-5.3030e+012	5.3030e+012	5.2500e-015
-2.900e-001	3.0514e-007	-5.3411e+012	-5.3221e+012	5.3220e+012	5.2500e-015
-2.800e-001	3.0516e-007	-5.3602e+012	-5.3411e+012	5.3411e+012	5.2500e-015
-2.700e-001	3.0518e-007	-5.3792e+012	-5.3602e+012	5.3601e+012	5.2500e-015
-2.600e-001	3.0520e-007	-5.3983e+012	-5.3792e+012	5.3792e+012	5.2500e-015
-2.500e-001	3.0522e-007	-5.4173e+012	-5.3983e+012	5.3982e+012	5.2500e-015
-2.400e-001	3.0524e-007	-5.4364e+012	-5.4173e+012	5.4173e+012	5.2500e-015
-2.300e-001	3.0526e-007	-5.4554e+012	-5.4364e+012	5.4363e+012	5.2500e-015
-2.200e-001	3.0528e-007	-5.4745e+012	-5.4554e+012	5.4554e+012	5.2500e-015
-2.100e-001	3.0531e-007	-5.4935e+012	-5.4745e+012	5.4744e+012	5.2500e-015
-2.000e-001	3.0534e-007	-5.5126e+012	-5.4935e+012	5.4935e+012	5.2500e-015
-1.900e-001	3.0538e-007	-5.5316e+012	-5.5126e+012	5.5125e+012	5.2500e-015
-1.800e-001	3.0542e-007	-5.5507e+012	-5.5316e+012	5.5316e+012	5.2500e-015
-1.700e-001	3.0546e-007	-5.5698e+012	-5.5507e+012	5.5507e+012	5.2500e-015
-1.600e-001	3.0553e-007	-5.5888e+012	-5.5698e+012	5.5697e+012	5.2500e-015
-1.500e-001	3.0560e-007	-5.6079e+012	-5.5888e+012	5.5888e+012	5.2500e-015
-1.400e-001	3.0570e-007	-5.6270e+012	-5.6079e+012	5.6079e+012	5.2500e-015
-1.300e-001	3.0583e-007	-5.6461e+012	-5.6270e+012	5.6269e+012	5.2500e-015
-1.200e-001	3.0600e-007	-5.6652e+012	-5.6461e+012	5.6460e+012	5.2500e-015
-1.100e-001	3.0622e-007	-5.6843e+012	-5.6652e+012	5.6651e+012	5.2500e-015
-1.000e-001	3.0652e-007	-5.7034e+012	-5.6843e+012	5.6842e+012	5.2500e-015
-9.000e-002	3.0693e-007	-5.7226e+012	-5.7034e+012	5.7034e+012	5.2500e-015
-8.000e-002	3.0748e-007	-5.7418e+012	-5.7226e+012	5.7225e+012	5.2500e-015
-7.000e-002	3.0822e-007	-5.7610e+012	-5.7418e+012	5.7417e+012	5.2500e-015
-6.000e-002	3.0923e-007	-5.7803e+012	-5.7610e+012	5.7610e+012	5.2500e-015
-5.000e-002	3.1061e-007	-5.7997e+012	-5.7803e+012	5.7803e+012	5.2500e-015
-4.000e-002	3.1248e-007	-5.8192e+012	-5.7997e+012	5.7996e+012	5.2500e-015
-3.000e-002	3.1502e-007	-5.8389e+012	-5.8192e+012	5.8192e+012	5.2500e-015
-2.000e-002	3.1846e-007	-5.8587e+012	-5.8389e+012	5.8388e+012	5.2500e-015
-1.000e-002	3.2261e-007	-5.8789e+012	-5.8587e+012	5.8587e+012	5.2500e-015
0.000e+000	3.2896e-007	-5.8994e+012	-5.8789e+012	5.8788e+012	5.2500e-015
1.000e-002	3.3700e-007	-5.9204e+012	-5.8994e+012	5.8994e+012	5.2500e-015
2.000e-002	3.4755e-007	-5.9421e+012	-5.9204e+012	5.9204e+012	5.2500e-015
3.000e-002	3.6118e-007	-5.9647e+012	-5.9421e+012	5.9421e+012	5.2500e-015
4.000e-002	3.7849e-007	-5.9883e+012	-5.9647e+012	5.9646e+012	5.2500e-015
5.000e-002	3.9999e-007	-6.0133e+012	-5.9883e+012	5.9883e+012	5.2500e-015
6.000e-002	4.2601e-007	-6.0398e+012	-6.0133e+012	6.0132e+012	5.2500e-015
7.000e-002	4.5658e-007	-6.0683e+012	-6.0398e+012	6.0398e+012	5.2500e-015
8.000e-002	4.9133e-007	-6.0990e+012	-6.0683e+012	6.0683e+012	5.2500e-015
9.000e-002	5.2947e-007	-6.1321e+012	-6.0990e+012	6.0990e+012	5.2500e-015
1.000e-001	5.6991e-007	-6.1676e+012	-6.1321e+012	6.1320e+012	5.2500e-015
1.100e-001	6.1139e-007	-6.2058e+012	-6.1676e+012	6.1676e+012	5.2500e-015
1.200e-001	6.5269e-007	-6.2465e+012	-6.2058e+012	6.2057e+012	5.2500e-015
1.300e-001	6.9278e-007	-6.2898e+012	-6.2465e+012	6.2465e+012	5.2500e-015
1.400e-001	7.3087e-007	-6.3354e+012	-6.2898e+012	6.2897e+012	5.2500e-015
1.500e-001	7.6649e-007	-6.3832e+012	-6.3354e+012	6.3353e+012	5.2500e-015
1.600e-001	7.9942e-007	-6.4331e+012	-6.3832e+012	6.3832e+012	5.2500e-015
1.700e-001	8.2961e-007	-6.4849e+012	-6.4331e+012	6.4331e+012	5.2500e-015
1.800e-001	8.5715e-007	-6.5384e+012	-6.4849e+012	6.4849e+012	5.2500e-015
1.900e-001	8.8224e-007	-6.5935e+012	-6.5384e+012	6.5384e+012	5.2500e-015
2.000e-001	9.0507e-007	-6.6500e+012	-6.5935e+012	6.5934e+012	5.2500e-015
2.100e-001	9.2588e-007	-6.7077e+012	-6.6500e+012	6.6499e+012	5.2500e-015
2.200e-001	9.4467e-007	-6.7667e+012	-6.7077e+012	6.7077e+012	5.2500e-015
2.300e-001	9.6225e-007	-6.8268e+012	-6.7667e+012	6.7667e+012	5.2500e-015
2.400e-001	9.7827e-007	-6.8878e+012	-6.8268e+012	6.8267e+012	5.2500e-015
2.500e-001	9.9307e-007	-6.9498e+012	-6.8878e+012	6.8878e+012	5.2500e-015
2.600e-001	1.0068e-006	-7.0126e+012	-6.9498e+012	6.9498e+012	5.2500e-015
2.700e-001	1.0196e-006	-7.0763e+012	-7.0126e+012	7.0126e+012	5.2500e-015
2.800e-001	1.0316e-006	-7.1407e+012	-7.0763e+012	7.0762e+012	5.2500e-015
2.900e-001	1.0429e-006	-7.2058e+012	-7.1407e+012	7.1406e+012	5.2500e-015
3.000e-001	1.0535e-006	-7.2715e+012	-7.2058e+012	7.2057e+012	5.2500e-015
3.100e-001	1.0636e-006	-7.3379e+012	-7.2715e+012	7.2715e+012	5.2500e-015
3.200e-001	1.0732e-006	-7.4049e+012	-7.3379e+012	7.3379e+012	5.2500e-015
3.300e-001	1.0824e-006	-7.4724e+012	-7.4049e+012	7.4048e+012	5.2500e-015
3.400e-001	1.0913e-006	-7.5406e+012	-7.4724e+012	7.4724e+012	5.2500e-015
3.500e-001	1.0997e-006	-7.6092e+012	-7.5406e+012	7.5405e+012	5.2500e-015
3.600e-001	1.1079e-006	-7.6783e+012	-7.6092e+012	7.6092e+012	5.2500e-015
3.700e-001	1.1158e-006	-7.7480e+012	-7.6783e+012	7.6783e+012	5.2500e-015
3.800e-001	1.1235e-006	-7.8181e+012	-7.7480e+012	7.7480e+012	5.2500e-015
3.900e-001	1.1310e-006	-7.8887e+012	-7.8181e+012	7.8181e+012	5.2500e-015
4.000e-001	1.1382e-006	-7.9598e+012	-7.8887e+012	7.8887e+012	5.2500e-015
4.100e-001	1.1453e-006	-8.0312e+012	-7.9598e+012	7.9597e+012	5.2500e-015
4.200e-001	1.1522e-006	-8.1032e+012	-8.0312e+012	8.0312e+012	5.2500e-015
4.300e-001	1.1590e-006	-8.1755e+012	-8.1032e+012	8.1031e+012	5.2500e-015
4.400e-001	1.1655e-006	-8.2482e+012	-8.1755e+012	8.1755e+012	5.2500e-015
4.500e-001	1.1720e-006	-8.3214e+012	-8.2482e+012	8.2482e+012	5.2500e-015
4.600e-001	1.1782e-006	-8.3949e+012	-8.3214e+012	8.3213e+012	5.2500e-015
4.700e-001	1.1844e-006	-8.4688e+012	-8.3949e+012	8.3949e+012	5.2500e-015
4.800e-001	1.1903e-006	-8.5431e+012	-8.4688e+012	8.4688e+012	5.2500e-015
4.900e-001	1.1962e-006	-8.6178e+012	-8.5431e+012	8.5431e+012	5.2500e-015
5.000e-001	1.2019e-006	-8.6928e+012	-8.6178e+012	8.6178e+012	5.2500e-015
5.100e-001	1.2074e-006	-8.7682e+012	-8.6928e+012	8.6928e+012	5.2500e-015
5.200e-001	1.2128e-006	-8.8439e+012	-8.7682e+012	8.7681e+012	5.2500e-015
5.300e-001	1.2181e-006	-8.9199e+012	-8.8439e+012	8.8438e+012	5.2500e-015
5.400e-001	1.2232e-006	-8.9962e+012	-8.9199e+012	8.9199e+012	5.2500e-015
5.500e-001	1.2281e-006	-9.0729e+012	-8.9962e+012	8.9962e+012	5.2500e-015
5.600e-001	1.2330e-006	-9.1498e+012	-9.0729e+012	9.0729e+012	5.2500e-015
5.700e-001	1.2377e-006	-9.2271e+012	-9.1498e+012	9.1498e+012	5.2500e-015
5.800e-001	1.2422e-006	-9.3046e+012	-9.2271e+012	9.2271e+012	5.2500e-015
5.900e-001	1.2466e-006	-9.3824e+012	-9.3046e+012	9.3046e+012	5.2500e-015
6.000e-001	1.2509e-006	-9.4605e+012	-9.3824e+012	9.3824e+012	5.2500e-015
6.100e-001	1.2550e-006	-9.5388e+012	-9.4605e+012	9.4605e+012	5.2500e-015
6.200e-001	1.2591e-006	-9.6174e+012	-9.5388e+012	9.5388e+012	5.2500e-015
6.300e-001	1.2623e-006	-9.6962e+012	-9.6174e+012	9.6174e+012	5.2500e-015
6.400e-001	1.2585e-006	-9.7748e+012	-9.6962e+012	9.6962e+012	5.2500e-015
6.500e-001	1.2619e-006	-9.8535e+012	-9.7748e+012	9.7747e+012	5.2500e-015
6.600e-001	1.2651e-006	-9.9325e+012	-9.8535e+012	9.8535e+012	5.2500e-015
6.700e-001	1.2683e-006	-1.0012e+013	-9.9325e+012	9.9324e+012	5.2500e-015
6.800e-001	1.2713e-006	-1.0091e+013	-1.0012e+013	1.0012e+013	5.2500e-015
6.900e-001	1.2743e-006	-1.0171e+013	-1.0091e+013	1.0091e+013	5.2500e-015
7.000e-001	1.2771e-006	-1.0250e+013	-1.0171e+013	1.0170e+013	5.2500e-015
7.100e-001	1.2799e-006	-1.0330e+013	-1.0250e+013	1.0250e+013	5.2500e-015
7.200e-001	1.2825e-006	-1.0410e+013	-1.0330e+013	1.0330e+013	5.2500e-015
7.300e-001	1.2851e-006	-1.0490e+013	-1.0410e+013	1.0410e+013	5.2500e-015
7.400e-001	1.2876e-006	-1.0571e+013	-1.0490e+013	1.0490e+013	5.2500e-015
7.500e-001	1.2900e-006	-1.0651e+013	-1.0571e+013	1.0571e+013	5.2500e-015
7.600e-001	1.2924e-006	-1.0732e+013	-1.0651e+013	1.0651e+013	5.2500e-015
7.700e-001	1.2947e-006	-1.0813e+013	-1.0732e+013	1.0732e+013	5.2500e-015
7.800e-001	1.2969e-006	-1.0894e+013	-1.0813e+013	1.0813e+013	5.2500e-015
7.900e-001	1.2991e-006	-1.0975e+013	-1.0894e+013	1.0894e+013	5.2500e-015
8.000e-001	1.3012e-006	-1.1056e+013	-1.0975e+013	1.0975e+013	5.2500e-015
8.100e-001	1.3033e-006	-1.1137e+013	-1.1056e+013	1.1056e+013	5.2500e-015
8.200e-001	1.3052e-006	-1.1219e+013	-1.1137e+013	1.1137e+013	5.2500e-015
8.300e-001	1.3072e-006	-1.1300e+013	-1.1219e+013	1.1219e+013	5.2500e-015
8.400e-001	1.3091e-006	-1.1382e+013	-1.1300e+013	1.1300e+013	5.2500e-015
8.500e-001	1.3109e-006	-1.1464e+013	-1.1382e+013	1.1382e+013	5.2500e-015
8.600e-001	1.3127e-006	-1.1546e+013	-1.1464e+013	1.1464e+013	5.2500e-015
8.700e-001	1.3144e-006	-1.1628e+013	-1.1546e+013	1.1546e+013	5.2500e-015
8.800e-001	1.3161e-006	-1.1710e+013	-1.1628e+013	1.1628e+013	5.2500e-015
8.900e-001	1.3178e-006	-1.1792e+013	-1.1710e+013	1.1710e+013	5.2500e-015
9.000e-001	1.3194e-006	-1.1875e+013	-1.1792e+013	1.1792e+013	5.2500e-015
9.100e-001	1.3210e-006	-1.1957e+013	-1.1875e+013	1.1875e+013	5.2500e-015
9.200e-001	1.3226e-006	-1.2040e+013	-1.1957e+013	1.1957e+013	5.2500e-015
9.300e-001	1.3241e-006	-1.2122e+013	-1.2040e+013	1.2040e+013	5.2500e-015
9.400e-001	1.3256e-006	-1.2205e+013	-1.2122e+013	1.2122e+013	5.2500e-015
9.500e-001	1.3270e-006	-1.2288e+013	-1.2205e+013	1.2205e+013	5.2500e-015
9.600e-001	1.3285e-006	-1.2371e+013	-1.2288e+013	1.2288e+013	5.2500e-015
9.700e-001	1.3299e-006	-1.2454e+013	-1.2371e+013	1.2371e+013	5.2500e-015
9.800e-001	1.3312e-006	-1.2537e+013	-1.2454e+013	1.2454e+013	5.2500e-015
9.900e-001	1.3326e-006	-1.2620e+013	-1.2537e+013	1.2537e+013	5.2500e-015
1.000e+000	1.3339e-006	-1.2703e+013	-1.2620e+013	1.2620e+013	5.2500e-015
1.010e+000	1.3352e-006	-1.2787e+013	-1.2703e+013	1.2703e+013	5.2500e-015
1.020e+000	1.3365e-006	-1.2870e+013	-1.2787e+013	1.2787e+013	5.2500e-015
1.030e+000	1.3377e-006	-1.2954e+013	-1.2870e+013	1.2870e+013	5.2500e-015
1.040e+000	1.3390e-006	-1.3037e+013	-1.2954e+013	1.2953e+013	5.2500e-015
1.050e+000	1.3402e-006	-1.3121e+013	-1.3037e+013	1.3037e+013	5.2500e-015
1.060e+000	1.3414e-006	-1.3204e+013	-1.3121e+013	1.3121e+013	5.2500e-015
1.070e+000	1.3425e-006	-1.3288e+013	-1.3204e+013	1.3204e+013	5.2500e-015
1.080e+000	1.3437e-006	-1.3372e+013	-1.3288e+013	1.3288e+013	5.2500e-015
1.090e+000	1.3448e-006	-1.3456e+013	-1.3372e+013	1.3372e+013	5.2500e-015
1.100e+000	1.3459e-006	-1.3540e+013	-1.3456e+013	1.3456e+013	5.2500e-015
1.110e+000	1.3471e-006	-1.3624e+013	-1.3540e+013	1.3540e+013	5.2500e-015
1.120e+000	1.3481e-006	-1.3708e+013	-1.3624e+013	1.3624e+013	5.2500e-015
1.130e+000	1.3492e-006	-1.3792e+013	-1.3708e+013	1.3708e+013	5.2500e-015
1.140e+000	1.3503e-006	-1.3877e+013	-1.3792e+013	1.3792e+013	5.2500e-015
1.150e+000	1.3513e-006	-1.3961e+013	-1.3877e+013	1.3877e+013	5.2500e-015
1.160e+000	1.3524e-006	-1.4046e+013	-1.3961e+013	1.3961e+013	5.2500e-015
1.170e+000	1.3534e-006	-1.4130e+013	-1.4046e+013	1.4045e+013	5.2500e-015
1.180e+000	1.3544e-006	-1.4215e+013	-1.4130e+013	1.4130e+013	5.2500e-015
1.190e+000	1.3554e-006	-1.4299e+013	-1.4215e+013	1.4214e+013	5.2500e-015
1.200e+000	1.3565e-006	-1.4384e+013	-1.4299e+013	1.4299e+013	5.2500e-015
1.210e+000	1.3575e-006	-1.4469e+013	-1.4384e+013	1.4384e+013	5.2500e-015
1.220e+000	1.3585e-006	-1.4553e+013	-1.4469e+013	1.4468e+013	5.2500e-015
1.230e+000	1.3595e-006	-1.4638e+013	-1.4553e+013	1.4553e+013	5.2500e-015
1.240e+000	1.3606e-006	-1.4723e+013	-1.4638e+013	1.4638e+013	5.2500e-015
1.250e+000	1.3617e-006	-1.4808e+013	-1.4723e+013	1.4723e+013	5.2500e-015
1.260e+000	1.3629e-006	-1.4893e+013	-1.4808e+013	1.4808e+013	5.2500e-015
1.270e+000	1.3641e-006	-1.4978e+013	-1.4893e+013	1.4893e+013	5.2500e-015
1.280e+000	1.3654e-006	-1.5064e+013	-1.4978e+013	1.4978e+013	5.2500e-015
1.290e+000	1.3669e-006	-1.5149e+013	-1.5064e+013	1.5063e+013	5.2500e-015
1.300e+000	1.3687e-006	-1.5234e+013	-1.5149e+013	1.5149e+013	5.2500e-015
1.310e+000	1.3707e-006	-1.5320e+013	-1.5234e+013	1.5234e+013	5.2500e-015
1.320e+000	1.3731e-006	-1.5405e+013	-1.5320e+013	1.5320e+013	5.2500e-015
1.330e+000	1.3761e-006	-1.5491e+013	-1.5405e+013	1.5405e+013	5.2500e-015
1.340e+000	1.3798e-006	-1.5578e+013	-1.5491e+013	1.5491e+013	5.2500e-015
1.350e+000	1.3846e-006	-1.5664e+013	-1.5578e+013	1.5577e+013	5.2500e-015
1.360e+000	1.3905e-006	-1.5751e+013	-1.5664e+013	1.5664e+013	5.2500e-015
1.370e+000	1.3988e-006	-1.5838e+013	-1.5751e+013	1.5751e+013	5.2500e-015
1.380e+000	1.4094e-006	-1.5926e+013	-1.5838e+013	1.5838e+013	5.2500e-015
1.390e+000	1.4233e-006	-1.6015e+013	-1.5926e+013	1.5926e+013	5.2500e-015
1.400e+000	1.4417e-006	-1.6105e+013	-1.6015e+013	1.6015e+013	5.2500e-015
1.410e+000	1.4656e-006	-1.6196e+013	-1.6105e+013	1.6105e+013	5.2500e-015
1.420e+000	1.4963e-006	-1.6290e+013	-1.6196e+013	1.6196e+013	5.2500e-015
1.430e+000	1.5361e-006	-1.6386e+013	-1.6290e+013	1.6290e+013	5.2500e-015
1.440e+000	1.5857e-006	-1.6485e+013	-1.6386e+013	1.6386e+013	5.2500e-015
1.450e+000	1.6465e-006	-1.6587e+013	-1.6485e+013	1.6484e+013	5.2500e-015
1.460e+000	1.7189e-006	-1.6695e+013	-1.6587e+013	1.6587e+013	5.2500e-015
1.470e+000	1.8025e-006	-1.6807e+013	-1.6695e+013	1.6695e+013	5.2500e-015
1.480e+000	1.8959e-006	-1.6925e+013	-1.6807e+013	1.6807e+013	5.2500e-015
1.490e+000	1.9968e-006	-1.7050e+013	-1.6925e+013	1.6925e+013	5.2500e-015
1.500e+000	2.1024e-006	-1.7181e+013	-1.7050e+013	1.7050e+013	5.2500e-015
1.510e+000	2.2097e-006	-1.7319e+013	-1.7181e+013	1.7181e+013	5.2500e-015
1.520e+000	2.3167e-006	-1.7464e+013	-1.7319e+013	1.7319e+013	5.2500e-015
1.530e+000	2.4213e-006	-1.7615e+013	-1.7464e+013	1.7464e+013	5.2500e-015
1.540e+000	2.5222e-006	-1.7772e+013	-1.7615e+013	1.7615e+013	5.2500e-015
1.550e+000	2.6189e-006	-1.7936e+013	-1.7772e+013	1.7772e+013	5.2500e-015
1.560e+000	2.7110e-006	-1.8105e+013	-1.7936e+013	1.7936e+013	5.2500e-015
1.570e+000	2.7986e-006	-1.8280e+013	-1.8105e+013	1.8105e+013	5.2500e-015
1.580e+000	2.8818e-006	-1.8460e+013	-1.8280e+013	1.8280e+013	5.2500e-015
1.590e+000	2.9607e-006	-1.8644e+013	-1.8460e+013	1.8459e+013	5.2500e-015
1.600e+000	3.0357e-006	-1.8834e+013	-1.8644e+013	1.8644e+013	5.2500e-015
1.610e+000	3.1069e-006	-1.9028e+013	-1.8834e+013	1.8834e+013	5.2500e-015
1.620e+000	3.1745e-006	-1.9226e+013	-1.9028e+013	1.9028e+013	5.2500e-015
1.630e+000	3.2388e-006	-1.9428e+013	-1.9226e+013	1.9226e+013	5.2500e-015
1.640e+000	3.2999e-006	-1.9634e+013	-1.9428e+013	1.9428e+013	5.2500e-015
1.650e+000	3.3581e-006	-1.9844e+013	-1.9634e+013	1.9634e+013	5.2500e-015
1.660e+000	3.4136e-006	-2.0057e+013	-1.9844e+013	1.9844e+013	5.2500e-015
1.670e+000	3.4665e-006	-2.0273e+013	-2.0057e+013	2.0057e+013	5.2500e-015
1.680e+000	3.5170e-006	-2.0492e+013	-2.0273e+013	2.0273e+013	5.2500e-015
1.690e+000	3.5654e-006	-2.0715e+013	-2.0492e+013	2.0492e+013	5.2500e-015
1.700e+000	3.6118e-006	-2.0940e+013	-2.0715e+013	2.0715e+013	5.2500e-015
1.710e+000	3.6563e-006	-2.1169e+013	-2.0940e+013	2.0940e+013	5.2500e-015
1.720e+000	3.6991e-006	-2.1400e+013	-2.1169e+013	2.1169e+013	5.2500e-015
1.730e+000	3.7403e-006	-2.1633e+013	-2.1400e+013	2.1400e+013	5.2500e-015
1.740e+000	3.7800e-006	-2.1869e+013	-2.1633e+013	2.1633e+013	5.2500e-015
1.750e+000	3.8183e-006	-2.2107e+013	-2.1869e+013	2.1869e+013	5.2500e-015
1.760e+000	3.8191e-006	-2.2346e+013	-2.2107e+013	2.2107e+013	5.2500e-015
1.770e+000	3.8405e-006	-2.2585e+013	-2.2346e+013	2.2346e+013	5.2500e-015
1.780e+000	3.8695e-006	-2.2827e+013	-2.2585e+013	2.2585e+013	5.2500e-015
1.790e+000	3.8974e-006	-2.3070e+013	-2.2827e+013	2.2827e+013	5.2500e-015
1.800e+000	3.9243e-006	-2.3315e+013	-2.3070e+013	2.3070e+013	5.2500e-015
1.810e+000	3.9503e-006	-2.3562e+013	-2.3315e+013	2.3315e+013	5.2500e-015
1.820e+000	3.9754e-006	-2.3810e+013	-2.3562e+013	2.3562e+013	5.2500e-015
1.830e+000	3.9997e-006	-2.4059e+013	-2.3810e+013	2.3810e+013	5.2500e-015
1.840e+000	4.0233e-006	-2.4310e+013	-2.4059e+013	2.4059e+013	5.2500e-015
1.850e+000	4.0461e-006	-2.4563e+013	-2.4310e+013	2.4310e+013	5.2500e-015
1.860e+000	4.0682e-006	-2.4817e+013	-2.4563e+013	2.4563e+013	5.2500e-015
1.870e+000	4.0897e-006	-2.5072e+013	-2.4817e+013	2.4817e+013	5.2500e-015
1.880e+000	4.1105e-006	-2.5329e+013	-2.5072e+013	2.5072e+013	5.2500e-015
1.890e+000	4.1308e-006	-2.5587e+013	-2.5329e+013	2.5329e+013	5.2500e-015
1.900e+000	4.1505e-006	-2.5846e+013	-2.5587e+013	2.5587e+013	5.2500e-015
1.910e+000	4.1697e-006	-2.6106e+013	-2.5846e+013	2.5846e+013	5.2500e-015
1.920e+000	4.1884e-006	-2.6367e+013	-2.6106e+013	2.6106e+013	5.2500e-015
1.930e+000	4.2066e-006	-2.6630e+013	-2.6367e+013	2.6367e+013	5.2500e-015
1.940e+000	4.2243e-006	-2.6894e+013	-2.6630e+013	2.6630e+013	5.2500e-015
1.950e+000	4.2416e-006	-2.7158e+013	-2.6894e+013	2.6893e+013	5.2500e-015
1.960e+000	4.2585e-006	-2.7424e+013	-2.7158e+013	2.7158e+013	5.2500e-015
1.970e+000	4.2749e-006	-2.7691e+013	-2.7424e+013	2.7424e+013	5.2500e-015
1.980e+000	4.2910e-006	-2.7959e+013	-2.7691e+013	2.7691e+013	5.2500e-015
1.990e+000	4.3067e-006	-2.8227e+013	-2.7959e+013	2.7959e+013	5.2500e-015
2.000e+000	4.3221e-006	-2.8497e+013	-2.8227e+013	2.8227e+013	5.2500e-015
2.010e+000	4.3371e-006	-2.8768e+013	-2.8497e+013	2.8497e+013	5.2500e-015
2.020e+000	4.3518e-006	-2.9040e+013	-2.8768e+013	2.8768e+013	5.2500e-015
2.030e+000	4.3661e-006	-2.9312e+013	-2.9040e+013	2.9040e+013	5.2500e-015
2.040e+000	4.3802e-006	-2.9585e+013	-2.9312e+013	2.9312e+013	5.2500e-015
2.050e+000	4.3939e-006	-2.9860e+013	-2.9585e+013	2.9585e+013	5.2500e-015
2.060e+000	4.4074e-006	-3.0135e+013	-2.9860e+013	2.9860e+013	5.2500e-015
2.070e+000	4.4206e-006	-3.0411e+013	-3.0135e+013	3.0135e+013	5.2500e-015
2.080e+000	4.4336e-006	-3.0687e+013	-3.0411e+013	3.0411e+013	5.2500e-015
2.090e+000	4.4463e-006	-3.0965e+013	-3.0687e+013	3.0687e+013	5.2500e-015
2.100e+000	4.4588e-006	-3.1243e+013	-3.0965e+013	3.0965e+013	5.2500e-015
2.110e+000	4.4710e-006	-3.1522e+013	-3.1243e+013	3.1243e+013	5.2500e-015
2.120e+000	4.4765e-006	-3.1802e+013	-3.1522e+013	3.1522e+013	5.2500e-015
2.130e+000	4.4850e-006	-3.2082e+013	-3.1802e+013	3.1802e+013	5.2500e-015
2.140e+000	4.4961e-006	-3.2362e+013	-3.2082e+013	3.2082e+013	5.2500e-015
2.150e+000	4.5070e-006	-3.2644e+013	-3.2362e+013	3.2362e+013	5.2500e-015
2.160e+000	4.5177e-006	-3.2926e+013	-3.2644e+013	3.2644e+013	5.2500e-015
2.170e+000	4.5283e-006	-3.3208e+013	-3.2926e+013	3.2925e+013	5.2500e-015
2.180e+000	4.5386e-006	-3.3491e+013	-3.3208e+013	3.3208e+013	5.2500e-015
2.190e+000	4.5488e-006	-3.3775e+013	-3.3491e+013	3.3491e+013	5.2500e-015
2.200e+000	4.5588e-006	-3.4060e+013	-3.3775e+013	3.3775e+013	5.2500e-015
2.210e+000	4.5687e-006	-3.4345e+013	-3.4060e+013	3.4060e+013	5.2500e-015
2.220e+000	4.5783e-006	-3.4631e+013	-3.4345e+013	3.4345e+013	5.2500e-015
2.230e+000	4.5879e-006	-3.4917e+013	-3.4631e+013	3.4631e+013	5.2500e-015
2.240e+000	4.5973e-006	-3.5204e+013	-3.4917e+013	3.4917e+013	5.2500e-015
2.250e+000	4.6065e-006	-3.5492e+013	-3.5204e+013	3.5204e+013	5.2500e-015
2.260e+000	4.6156e-006	-3.5780e+013	-3.5492e+013	3.5492e+013	5.2500e-015
2.270e+000	4.6246e-006	-3.6068e+013	-3.5780e+013	3.5780e+013	5.2500e-015
2.280e+000	4.6334e-006	-3.6358e+013	-3.6068e+013	3.6068e+013	5.2500e-015
2.290e+000	4.6421e-006	-3.6647e+013	-3.6358e+013	3.6358e+013	5.2500e-015
2.300e+000	4.6507e-006	-3.6938e+013	-3.6647e+013	3.6647e+013	5.2500e-015
2.310e+000	4.6592e-006	-3.7228e+013	-3.6938e+013	3.6938e+013	5.2500e-015
2.320e+000	4.6676e-006	-3.7520e+013	-3.7228e+013	3.7228e+013	5.2500e-015
2.330e+000	4.6758e-006	-3.7812e+013	-3.7520e+013	3.7520e+013	5.2500e-015
2.340e+000	4.6840e-006	-3.8104e+013	-3.7812e+013	3.7811e+013	5.2500e-015
2.350e+000	4.6920e-006	-3.8397e+013	-3.8104e+013	3.8104e+013	5.2500e-015
2.360e+000	4.6999e-006	-3.8690e+013	-3.8397e+013	3.8397e+013	5.2500e-015
2.370e+000	4.7078e-006	-3.8984e+013	-3.8690e+013	3.8690e+013	5.2500e-015
2.380e+000	4.7155e-006	-3.9278e+013	-3.8984e+013	3.8984e+013	5.2500e-015
2.390e+000	4.7231e-006	-3.9573e+013	-3.9278e+013	3.9278e+013	5.2500e-015
2.400e+000	4.7307e-006	-3.9868e+013	-3.9573e+013	3.9573e+013	5.2500e-015
2.410e+000	4.7381e-006	-4.0164e+013	-3.9868e+013	3.9868e+013	5.2500e-015
2.420e+000	4.7455e-006	-4.0460e+013	-4.0164e+013	4.0164e+013	5.2500e-015
2.430e+000	4.7527e-006	-4.0757e+013	-4.0460e+013	4.0460e+013	5.2500e-015
2.440e+000	4.7599e-006	-4.1054e+013	-4.0757e+013	4.0757e+013	5.2500e-015
2.450e+000	4.7670e-006	-4.1351e+013	-4.1054e+013	4.1054e+013	5.2500e-015
2.460e+000	4.7741e-006	-4.1649e+013	-4.1351e+013	4.1351e+013	5.2500e-015
2.470e+000	4.7810e-006	-4.1948e+013	-4.1649e+013	4.1649e+013	5.2500e-015
2.480e+000	4.7879e-006	-4.2247e+013	-4.1948e+013	4.1948e+013	5.2500e-015
2.490e+000	4.7947e-006	-4.2546e+013	-4.2247e+013	4.2247e+013	5.2500e-015
2.500e+000	4.8014e-006	-4.2846e+013	-4.2546e+013	4.2546e+013	5.2500e-015
2.510e+000	4.8080e-006	-4.3146e+013	-4.2846e+013	4.2846e+013	5.2500e-015
2.520e+000	4.8146e-006	-4.3446e+013	-4.3146e+013	4.3146e+013	5.2500e-015
2.530e+000	4.8211e-006	-4.3747e+013	-4.3446e+013	4.3446e+013	5.2500e-015
2.540e+000	4.8275e-006	-4.4048e+013	-4.3747e+013	4.3747e+013	5.2500e-015
2.550e+000	4.8339e-006	-4.4350e+013	-4.4048e+013	4.4048e+013	5.2500e-015
2.560e+000	4.8402e-006	-4.4652e+013	-4.4350e+013	4.4350e+013	5.2500e-015
2.570e+000	4.8464e-006	-4.4955e+013	-4.4652e+013	4.4652e+013	5.2500e-015
2.580e+000	4.8526e-006	-4.5258e+013	-4.4955e+013	4.4955e+013	5.2500e-015
2.590e+000	4.8587e-006	-4.5561e+013	-4.5258e+013	4.5258e+013	5.2500e-015
2.600e+000	4.8648e-006	-4.5864e+013	-4.5561e+013	4.5561e+013	5.2500e-015
2.610e+000	4.8708e-006	-4.6169e+013	-4.5864e+013	4.5864e+013	5.2500e-015
2.620e+000	4.8767e-006	-4.6473e+013	-4.6169e+013	4.6168e+013	5.2500e-015
2.630e+000	4.8826e-006	-4.6778e+013	-4.6473e+013	4.6473e+013	5.2500e-015
2.640e+000	4.8884e-006	-4.7083e+013	-4.6778e+013	4.6778e+013	5.2500e-015
2.650e+000	4.8942e-006	-4.7388e+013	-4.7083e+013	4.7083e+013	5.2500e-015
2.660e+000	4.8999e-006	-4.7694e+013	-4.7388e+013	4.7388e+013	5.2500e-015
2.670e+000	4.9055e-006	-4.8000e+013	-4.7694e+013	4.7694e+013	5.2500e-015
2.680e+000	4.9112e-006	-4.8307e+013	-4.8000e+013	4.8000e+013	5.2500e-015
2.690e+000	4.9167e-006	-4.8614e+013	-4.8307e+013	4.8307e+013	5.2500e-015
2.700e+000	4.9222e-006	-4.8921e+013	-4.8614e+013	4.8614e+013	5.2500e-015
2.710e+000	4.9277e-006	-4.9228e+013	-4.8921e+013	4.8921e+013	5.2500e-015
2.720e+000	4.9331e-006	-4.9536e+013	-4.9228e+013	4.9228e+013	5.2500e-015
2.730e+000	4.9384e-006	-4.9845e+013	-4.9536e+013	4.9536e+013	5.2500e-015
2.740e+000	4.9438e-006	-5.0153e+013	-4.9845e+013	4.9844e+013	5.2500e-015
2.750e+000	4.9490e-006	-5.0462e+013	-5.0153e+013	5.0153e+013	5.2500e-015
2.760e+000	4.9542e-006	-5.0771e+013	-5.0462e+013	5.0462e+013	5.2500e-015
2.770e+000	4.9594e-006	-5.1081e+013	-5.0771e+013	5.0771e+013	5.2500e-015
2.780e+000	4.9646e-006	-5.1391e+013	-5.1081e+013	5.1081e+013	5.2500e-015
2.790e+000	4.9696e-006	-5.1701e+013	-5.1391e+013	5.1391e+013	5.2500e-015
2.800e+000	4.9747e-006	-5.2011e+013	-5.1701e+013	5.1701e+013	5.2500e-015
2.810e+000	4.9797e-006	-5.2322e+013	-5.2011e+013	5.2011e+013	5.2500e-015
2.820e+000	4.9847e-006	-5.2633e+013	-5.2322e+013	5.2322e+013	5.2500e-015
2.830e+000	4.9896e-006	-5.2945e+013	-5.2633e+013	5.2633e+013	5.2500e-015
2.840e+000	4.9945e-006	-5.3256e+013	-5.2945e+013	5.2945e+013	5.2500e-015
2.850e+000	4.9993e-006	-5.3568e+013	-5.3256e+013	5.3256e+013	5.2500e-015
2.860e+000	5.0041e-006	-5.3881e+013	-5.3568e+013	5.3568e+013	5.2500e-015
2.870e+000	5.0089e-006	-5.4193e+013	-5.3881e+013	5.3881e+013	5.2500e-015
2.880e+000	5.0136e-006	-5.4506e+013	-5.4193e+013	5.4193e+013	5.2500e-015
2.890e+000	5.0183e-006	-5.4819e+013	-5.4506e+013	5.4506e+013	5.2500e-015
2.900e+000	5.0230e-006	-5.5133e+013	-5.4819e+013	5.4819e+013	5.2500e-015
2.910e+000	5.0276e-006	-5.5447e+013	-5.5133e+013	5.5133e+013	5.2500e-015
2.920e+000	5.0322e-006	-5.5761e+013	-5.5447e+013	5.5447e+013	5.2500e-015
2.930e+000	5.0367e-006	-5.6075e+013	-5.5761e+013	5.5761e+013	5.2500e-015
2.940e+000	5.0412e-006	-5.6390e+013	-5.6075e+013	5.6075e+013	5.2500e-015
2.950e+000	5.0457e-006	-5.6705e+013	-5.6390e+013	5.6390e+013	5.2500e-015
2.960e+000	5.0502e-006	-5.7020e+013	-5.6705e+013	5.6705e+013	5.2500e-015
2.970e+000	5.0546e-006	-5.7336e+013	-5.7020e+013	5.7020e+013	5.2500e-015
2.980e+000	5.0590e-006	-5.7651e+013	-5.7336e+013	5.7335e+013	5.2500e-015
2.990e+000	5.0633e-006	-5.7967e+013	-5.7651e+013	5.7651e+013	5.2500e-015
3.000e+000	5.0677e-006	-5.8284e+013	-5.7967e+013	5.7967e+013	5.2500e-015
3.010e+000	5.0719e-006	-5.8600e+013	-5.8284e+013	5.8284e+013	5.2500e-015
3.020e+000	5.0762e-006	-5.8917e+013	-5.8600e+013	5.8600e+013	5.2500e-015
3.030e+000	5.0804e-006	-5.9234e+013	-5.8917e+013	5.8917e+013	5.2500e-015
3.040e+000	5.0846e-006	-5.9551e+013	-5.9234e+013	5.9234e+013	5.2500e-015
3.050e+000	5.0888e-006	-5.9869e+013	-5.9551e+013	5.9551e+013	5.2500e-015
3.060e+000	5.0929e-006	-6.0187e+013	-5.9869e+013	5.9869e+013	5.2500e-015
3.070e+000	5.0971e-006	-6.0505e+013	-6.0187e+013	6.0187e+013	5.2500e-015
3.080e+000	5.1011e-006	-6.0823e+013	-6.0505e+013	6.0505e+013	5.2500e-015
3.090e+000	5.1052e-006	-6.1142e+013	-6.0823e+013	6.0823e+013	5.2500e-015
3.100e+000	5.1092e-006	-6.1461e+013	-6.1142e+013	6.1142e+013	5.2500e-015
3.110e+000	5.1132e-006	-6.1780e+013	-6.1461e+013	6.1461e+013	5.2500e-015
3.120e+000	5.1172e-006	-6.2100e+013	-6.1780e+013	6.1780e+013	5.2500e-015
3.130e+000	5.1211e-006	-6.2419e+013	-6.2100e+013	6.2099e+013	5.2500e-015
3.140e+000	5.1251e-006	-6.2739e+013	-6.2419e+013	6.2419e+013	5.2500e-015
3.150e+000	5.1290e-006	-6.3059e+013	-6.2739e+013	6.2739e+013	5.2500e-015
3.160e+000	5.1328e-006	-6.3380e+013	-6.3059e+013	6.3059e+013	5.2500e-015
3.170e+000	5.1357e-006	-6.3700e+013	-6.3380e+013	6.3379e+013	5.2500e-015
3.180e+000	5.1392e-006	-6.4021e+013	-6.3700e+013	6.3700e+013	5.2500e-015
3.190e+000	5.1430e-006	-6.4342e+013	-6.4021e+013	6.4021e+013	5.2500e-015
3.200e+000	5.1467e-006	-6.4663e+013	-6.4342e+013	6.4342e+013	5.2500e-015
3.210e+000	5.1505e-006	-6.4985e+013	-6.4663e+013	6.4663e+013	5.2500e-015
3.220e+000	5.1542e-006	-6.5306e+013	-6.4985e+013	6.4984e+013	5.2500e-015
3.230e+000	5.1578e-006	-6.5628e+013	-6.5306e+013	6.5306e+013	5.2500e-015
3.240e+000	5.1615e-006	-6.5950e+013	-6.5628e+013	6.5628e+013	5.2500e-015
3.250e+000	5.1651e-006	-6.6273e+013	-6.5950e+013	6.5950e+013	5.2500e-015
3.260e+000	5.1687e-006	-6.6595e+013	-6.6273e+013	6.6273e+013	5.2500e-015
3.270e+000	5.1723e-006	-6.6918e+013	-6.6595e+013	6.6595e+013	5.2500e-015
3.280e+000	5.1759e-006	-6.7241e+013	-6.6918e+013	6.6918e+013	5.2500e-015
3.290e+000	5.1794e-006	-6.7564e+013	-6.7241e+013	6.7241e+013	5.2500e-015
3.300e+000	5.1830e-006	-6.7888e+013	-6.7564e+013	6.7564e+013	5.2500e-015
3.310e+000	5.1865e-006	-6.8212e+013	-6.7888e+013	6.7888e+013	5.2500e-015
3.320e+000	5.1899e-006	-6.8536e+013	-6.8212e+013	6.8212e+013	5.2500e-015
3.330e+000	5.1934e-006	-6.8860e+013	-6.8536e+013	6.8536e+013	5.2500e-015
3.340e+000	5.1969e-006	-6.9184e+013	-6.8860e+013	6.8860e+013	5.2500e-015
3.350e+000	5.2003e-006	-6.9509e+013	-6.9184e+013	6.9184e+013	5.2500e-015
3.360e+000	5.2037e-006	-6.9833e+013	-6.9509e+013	6.9509e+013	5.2500e-015
3.370e+000	5.2071e-006	-7.0158e+013	-6.9833e+013	6.9833e+013	5.2500e-015
3.380e+000	5.2104e-006	-7.0484e+013	-7.0158e+013	7.0158e+013	5.2500e-015
3.390e+000	5.2138e-006	-7.0809e+013	-7.0484e+013	7.0484e+013	5.2500e-015
3.400e+000	5.2171e-006	-7.1135e+013	-7.0809e+013	7.0809e+013	5.2500e-015
3.410e+000	5.2204e-006	-7.1461e+013	-7.1135e+013	7.1135e+013	5.2500e-015
3.420e+000	5.2237e-006	-7.1787e+013	-7.1461e+013	7.1461e+013	5.2500e-015
3.430e+000	5.2269e-006	-7.2113e+013	-7.1787e+013	7.1787e+013	5.2500e-015
3.440e+000	5.2302e-006	-7.2439e+013	-7.2113e+013	7.2113e+013	5.2500e-015
3.450e+000	5.2334e-006	-7.2766e+013	-7.2439e+013	7.2439e+013	5.2500e-015
3.460e+000	5.2366e-006	-7.3093e+013	-7.2766e+013	7.2766e+013	5.2500e-015
3.470e+000	5.2398e-006	-7.3420e+013	-7.3093e+013	7.3093e+013	5.2500e-015
3.480e+000	5.2430e-006	-7.3747e+013	-7.3420e+013	7.3420e+013	5.2500e-015
3.490e+000	5.2461e-006	-7.4074e+013	-7.3747e+013	7.3747e+013	5.2500e-015
3.500e+000	5.2493e-006	-7.4402e+013	-7.4074e+013	7.4074e+013	5.2500e-015
3.510e+000	5.2524e-006	-7.4730e+013	-7.4402e+013	7.4402e+013	5.2500e-015
3.520e+000	5.2555e-006	-7.5058e+013	-7.4730e+013	7.4730e+013	5.2500e-015
3.530e+000	5.2586e-006	-7.5386e+013	-7.5058e+013	7.5058e+013	5.2500e-015
3.540e+000	5.2617e-006	-7.5715e+013	-7.5386e+013	7.5386e+013	5.2500e-015
3.550e+000	5.2647e-006	-7.6043e+013	-7.5715e+013	7.5715e+013	5.2500e-015
3.560e+000	5.2678e-006	-7.6372e+013	-7.6043e+013	7.6043e+013	5.2500e-015
3.570e+000	5.2708e-006	-7.6701e+013	-7.6372e+013	7.6372e+013	5.2500e-015
3.580e+000	5.2738e-006	-7.7030e+013	-7.6701e+013	7.6701e+013	5.2500e-015
3.590e+000	5.2768e-006	-7.7359e+013	-7.7030e+013	7.7030e+013	5.2500e-015
3.600e+000	5.2798e-006	-7.7689e+013	-7.7359e+013	7.7359e+013	5.2500e-015
3.610e+000	5.2828e-006	-7.8019e+013	-7.7689e+013	7.7689e+013	5.2500e-015
3.620e+000	5.2857e-006	-7.8349e+013	-7.8019e+013	7.8019e+013	5.2500e-015
3.630e+000	5.2886e-006	-7.8679e+013	-7.8349e+013	7.8349e+013	5.2500e-015
3.640e+000	5.2916e-006	-7.9009e+013	-7.8679e+013	7.8679e+013	5.2500e-015
3.650e+000	5.2945e-006	-7.9339e+013	-7.9009e+013	7.9009e+013	5.2500e-015
3.660e+000	5.2973e-006	-7.9670e+013	-7.9339e+013	7.9339e+013	5.2500e-015
3.670e+000	5.3002e-006	-8.0001e+013	-7.9670e+013	7.9670e+013	5.2500e-015
3.680e+000	5.3031e-006	-8.0332e+013	-8.0001e+013	8.0001e+013	5.2500e-015
3.690e+000	5.3059e-006	-8.0663e+013	-8.0332e+013	8.0332e+013	5.2500e-015
3.700e+000	5.3088e-006	-8.0994e+013	-8.0663e+013	8.0663e+013	5.2500e-015
3.710e+000	5.3116e-006	-8.1326e+013	-8.0994e+013	8.0994e+013	5.2500e-015
3.720e+000	5.3144e-006	-8.1658e+013	-8.1326e+013	8.1326e+013	5.2500e-015
3.730e+000	5.3172e-006	-8.1989e+013	-8.1658e+013	8.1658e+013	5.2500e-015
3.740e+000	5.3199e-006	-8.2322e+013	-8.1989e+013	8.1989e+013	5.2500e-015
3.750e+000	5.3227e-006	-8.2654e+013	-8.2322e+013	8.2321e+013	5.2500e-015
3.760e+000	5.3254e-006	-8.2986e+013	-8.2654e+013	8.2654e+013	5.2500e-015
3.770e+000	5.3282e-006	-8.3319e+013	-8.2986e+013	8.2986e+013	5.2500e-015
3.780e+000	5.3309e-006	-8.3651e+013	-8.3319e+013	8.3319e+013	5.2500e-015
3.790e+000	5.3336e-006	-8.3984e+013	-8.3651e+013	8.3651e+013	5.2500e-015
3.800e+000	5.3363e-006	-8.4317e+013	-8.3984e+013	8.3984e+013	5.2500e-015
3.810e+000	5.3390e-006	-8.4651e+013	-8.4317e+013	8.4317e+013	5.2500e-015
3.820e+000	5.3417e-006	-8.4984e+013	-8.4651e+013	8.4651e+013	5.2500e-015
3.830e+000	5.3443e-006	-8.5318e+013	-8.4984e+013	8.4984e+013	5.2500e-015
3.840e+000	5.3470e-006	-8.5651e+013	-8.5318e+013	8.5318e+013	5.2500e-015
3.850e+000	5.3496e-006	-8.5985e+013	-8.5651e+013	8.5651e+013	5.2500e-015
3.860e+000	5.3522e-006	-8.6319e+013	-8.5985e+013	8.5985e+013	5.2500e-015
3.870e+000	5.3548e-006	-8.6653e+013	-8.6319e+013	8.6319e+013	5.2500e-015
3.880e+000	5.3574e-006	-8.6988e+013	-8.6653e+013	8.6653e+013	5.2500e-015
3.890e+000	5.3600e-006	-8.7322e+013	-8.6988e+013	8.6988e+013	5.2500e-015
3.900e+000	5.3626e-006	-8.7657e+013	-8.7322e+013	8.7322e+013	5.2500e-015
3.910e+000	5.3652e-006	-8.7992e+013	-8.7657e+013	8.7657e+013	5.2500e-015
3.920e+000	5.3677e-006	-8.8327e+013	-8.7992e+013	8.7992e+013	5.2500e-015
3.930e+000	5.3703e-006	-8.8662e+013	-8.8327e+013	8.8327e+013	5.2500e-015
3.940e+000	5.3728e-006	-8.8998e+013	-8.8662e+013	8.8662e+013	5.2500e-015
3.950e+000	5.3753e-006	-8.9333e+013	-8.8998e+013	8.8997e+013	5.2500e-015
3.960e+000	5.3778e-006	-8.9669e+013	-8.9333e+013	8.9333e+013	5.2500e-015
3.970e+000	5.3803e-006	-9.0005e+013	-8.9669e+013	8.9669e+013	5.2500e-015
3.980e+000	5.3828e-006	-9.0340e+013	-9.0005e+013	9.0004e+013	5.2500e-015
3.990e+000	5.3853e-006	-9.0677e+013	-9.0340e+013	9.0340e+013	5.2500e-015
4.000e+000	5.3877e-006	-9.1013e+013	-9.0677e+013	9.0677e+013	5.2500e-015
4.010e+000	5.3902e-006	-9.1349e+013	-9.1013e+013	9.1013e+013	5.2500e-015
4.020e+000	5.3926e-006	-9.1686e+013	-9.1349e+013	9.1349e+013	5.2500e-015
4.030e+000	5.3950e-006	-9.2023e+013	-9.1686e+013	9.1686e+013	5.2500e-015
4.040e+000	5.3975e-006	-9.2359e+013	-9.2023e+013	9.2023e+013	5.2500e-015
4.050e+000	5.3999e-006	-9.2697e+013	-9.2359e+013	9.2359e+013	5.2500e-015
4.060e+000	5.4023e-006	-9.3034e+013	-9.2697e+013	9.2696e+013	5.2500e-015
4.070e+000	5.4047e-006	-9.3371e+013	-9.3034e+013	9.3034e+013	5.2500e-015
4.080e+000	5.4070e-006	-9.3709e+013	-9.3371e+013	9.3371e+013	5.2500e-015
4.090e+000	5.4094e-006	-9.4046e+013	-9.3709e+013	9.3708e+013	5.2500e-015
4.100e+000	5.4118e-006	-9.4384e+013	-9.4046e+013	9.4046e+013	5.2500e-015
4.110e+000	5.4141e-006	-9.4722e+013	-9.4384e+013	9.4384e+013	5.2500e-015
4.120e+000	5.4165e-006	-9.5060e+013	-9.4722e+013	9.4722e+013	5.2500e-015
4.130e+000	5.4188e-006	-9.5398e+013	-9.5060e+013	9.5060e+013	5.2500e-015
4.140e+000	5.4211e-006	-9.5736e+013	-9.5398e+013	9.5398e+013	5.2500e-015
4.150e+000	5.4234e-006	-9.6075e+013	-9.5736e+013	9.5736e+013	5.2500e-015
4.160e+000	5.4257e-006	-9.6414e+013	-9.6075e+013	9.6075e+013	5.2500e-015
4.170e+000	5.4280e-006	-9.6752e+013	-9.6414e+013	9.6414e+013	5.2500e-015
4.180e+000	5.4303e-006	-9.7091e+013	-9.6752e+013	9.6752e+013	5.2500e-015
4.190e+000	5.4326e-006	-9.7430e+013	-9.7091e+013	9.7091e+013	5.2500e-015
4.200e+000	5.4348e-006	-9.7770e+013	-9.7430e+013	9.7430e+013	5.2500e-015
4.210e+000	5.4371e-006	-9.8109e+013	-9.7770e+013	9.7770e+013	5.2500e-015
4.220e+000	5.4393e-006	-9.8448e+013	-9.8109e+013	9.8109e+013	5.2500e-015
4.230e+000	5.4416e-006	-9.8788e+013	-9.8448e+013	9.8448e+013	5.2500e-015
4.240e+000	5.4438e-006	-9.9128e+013	-9.8788e+013	9.8788e+013	5.2500e-015
4.250e+000	5.4460e-006	-9.9468e+013	-9.9128e+013	9.9128e+013	5.2500e-015
4.260e+000	5.4482e-006	-9.9808e+013	-9.9468e+013	9.9468e+013	5.2500e-015
4.270e+000	5.4504e-006	-1.0015e+014	-9.9808e+013	9.9808e+013	5.2500e-015
4.280e+000	5.4526e-006	-1.0049e+014	-1.0015e+014	1.0015e+014	5.2500e-015
4.290e+000	5.4548e-006	-1.0083e+014	-1.0049e+014	1.0049e+014	5.2500e-015
4.300e+000	5.4570e-006	-1.0117e+014	-1.0083e+014	1.0083e+014	5.2500e-015
4.310e+000	5.4591e-006	-1.0151e+014	-1.0117e+014	1.0117e+014	5.2500e-015
4.320e+000	5.4613e-006	-1.0185e+014	-1.0151e+014	1.0151e+014	5.2500e-015
4.330e+000	5.4635e-006	-1.0219e+014	-1.0185e+014	1.0185e+014	5.2500e-015
4.340e+000	5.4656e-006	-1.0253e+014	-1.0219e+014	1.0219e+014	5.2500e-015
4.350e+000	5.4677e-006	-1.0287e+014	-1.0253e+014	1.0253e+014	5.2500e-015
4.360e+000	5.4699e-006	-1.0322e+014	-1.0287e+014	1.0287e+014	5.2500e-015
4.370e+000	5.4720e-006	-1.0356e+014	-1.0322e+014	1.0322e+014	5.2500e-015
4.380e+000	5.4741e-006	-1.0390e+014	-1.0356e+014	1.0356e+014	5.2500e-015
4.390e+000	5.4762e-006	-1.0424e+014	-1.0390e+014	1.0390e+014	5.2500e-015
4.400e+000	5.4783e-006	-1.0458e+014	-1.0424e+014	1.0424e+014	5.2500e-015
4.410e+000	5.4804e-006	-1.0492e+014	-1.0458e+014	1.0458e+014	5.2500e-015
4.420e+000	5.4824e-006	-1.0527e+014	-1.0492e+014	1.0492e+014	5.2500e-015
4.430e+000	5.4845e-006	-1.0561e+014	-1.0527e+014	1.0527e+014	5.2500e-015
4.440e+000	5.4866e-006	-1.0595e+014	-1.0561e+014	1.0561e+014	5.2500e-015
4.450e+000	5.4886e-006	-1.0629e+014	-1.0595e+014	1.0595e+014	5.2500e-015
4.460e+000	5.4907e-006	-1.0664e+014	-1.0629e+014	1.0629e+014	5.2500e-015
4.470e+000	5.4927e-006	-1.0698e+014	-1.0664e+014	1.0664e+014	5.2500e-015
4.480e+000	5.4948e-006	-1.0732e+014	-1.0698e+014	1.0698e+014	5.2500e-015
4.490e+000	5.4968e-006	-1.0767e+014	-1.0732e+014	1.0732e+014	5.2500e-015
4.500e+000	5.4988e-006	-1.0801e+014	-1.0767e+014	1.0767e+014	5.2500e-015
4.510e+000	5.5008e-006	-1.0835e+014	-1.0801e+014	1.0801e+014	5.2500e-015
4.520e+000	5.5028e-006	-1.0870e+014	-1.0835e+014	1.0835e+014	5.2500e-015
4.530e+000	5.5048e-006	-1.0904e+014	-1.0870e+014	1.0870e+014	5.2500e-015
4.540e+000	5.5068e-006	-1.0938e+014	-1.0904e+014	1.0904e+014	5.2500e-015
4.550e+000	5.5088e-006	-1.0973e+014	-1.0938e+014	1.0938e+014	5.2500e-015
4.560e+000	5.5107e-006	-1.1007e+014	-1.0973e+014	1.0973e+014	5.2500e-015
4.570e+000	5.5127e-006	-1.1042e+014	-1.1007e+014	1.1007e+014	5.2500e-015
4.580e+000	5.5147e-006	-1.1076e+014	-1.1042e+014	1.1041e+014	5.2500e-015
4.590e+000	5.5166e-006	-1.1110e+014	-1.1076e+014	1.1076e+014	5.2500e-015
4.600e+000	5.5186e-006	-1.1145e+014	-1.1110e+014	1.1110e+014	5.2500e-015
4.610e+000	5.5205e-006	-1.1179e+014	-1.1145e+014	1.1145e+014	5.2500e-015
4.620e+000	5.5224e-006	-1.1214e+014	-1.1179e+014	1.1179e+014	5.2500e-015
4.630e+000	5.5244e-006	-1.1248e+014	-1.1214e+014	1.1214e+014	5.2500e-015
4.640e+000	5.5263e-006	-1.1283e+014	-1.1248e+014	1.1248e+014	5.2500e-015
4.650e+000	5.5282e-006	-1.1317e+014	-1.1283e+014	1.1283e+014	5.2500e-015
4.660e+000	5.5301e-006	-1.1352e+014	-1.1317e+014	1.1317e+014	5.2500e-015
4.670e+000	5.5320e-006	-1.1386e+014	-1.1352e+014	1.1352e+014	5.2500e-015
4.680e+000	5.5339e-006	-1.1421e+014	-1.1386e+014	1.1386e+014	5.2500e-015
4.690e+000	5.5358e-006	-1.1455e+014	-1.1421e+014	1.1421e+014	5.2500e-015
4.700e+000	5.5377e-006	-1.1490e+014	-1.1455e+014	1.1455e+014	5.2500e-015
4.710e+000	5.5395e-006	-1.1524e+014	-1.1490e+014	1.1490e+014	5.2500e-015
4.720e+000	5.5414e-006	-1.1559e+014	-1.1524e+014	1.1524e+014	5.2500e-015
4.730e+000	5.5433e-006	-1.1594e+014	-1.1559e+014	1.1559e+014	5.2500e-015
4.740e+000	5.5451e-006	-1.1628e+014	-1.1594e+014	1.1594e+014	5.2500e-015
4.750e+000	5.5470e-006	-1.1663e+014	-1.1628e+014	1.1628e+014	5.2500e-015
4.760e+000	5.5488e-006	-1.1698e+014	-1.1663e+014	1.1663e+014	5.2500e-015
4.770e+000	5.5507e-006	-1.1732e+014	-1.1698e+014	1.1698e+014	5.2500e-015
4.780e+000	5.5525e-006	-1.1767e+014	-1.1732e+014	1.1732e+014	5.2500e-015
4.790e+000	5.5543e-006	-1.1801e+014	-1.1767e+014	1.1767e+014	5.2500e-015
4.800e+000	5.5561e-006	-1.1836e+014	-1.1801e+014	1.1801e+014	5.2500e-015
4.810e+000	5.5579e-006	-1.1871e+014	-1.1836e+014	1.1836e+014	5.2500e-015
4.820e+000	5.5597e-006	-1.1906e+014	-1.1871e+014	1.1871e+014	5.2500e-015
4.830e+000	5.5615e-006	-1.1940e+014	-1.1906e+014	1.1906e+014	5.2500e-015
4.840e+000	5.5633e-006	-1.1975e+014	-1.1940e+014	1.1940e+014	5.2500e-015
4.850e+000	5.5651e-006	-1.2010e+014	-1.1975e+014	1.1975e+014	5.2500e-015
4.860e+000	5.5669e-006	-1.2044e+014	-1.2010e+014	1.2010e+014	5.2500e-015
4.870e+000	5.5687e-006	-1.2079e+014	-1.2044e+014	1.2044e+014	5.2500e-015
4.880e+000	5.5705e-006	-1.2114e+014	-1.2079e+014	1.2079e+014	5.2500e-015
4.890e+000	5.5722e-006	-1.2149e+014	-1.2114e+014	1.2114e+014	5.2500e-015
4.900e+000	5.5740e-006	-1.2184e+014	-1.2149e+014	1.2149e+014	5.2500e-015
4.910e+000	5.5757e-006	-1.2218e+014	-1.2184e+014	1.2184e+014	5.2500e-015
4.920e+000	5.5775e-006	-1.2253e+014	-1.2218e+014	1.2218e+014	5.2500e-015
4.930e+000	5.5792e-006	-1.2288e+014	-1.2253e+014	1.2253e+014	5.2500e-015
4.940e+000	5.5810e-006	-1.2323e+014	-1.2288e+014	1.2288e+014	5.2500e-015
4.950e+000	5.5827e-006	-1.2358e+014	-1.2323e+014	1.2323e+014	5.2500e-015
4.960e+000	5.5844e-006	-1.2393e+014	-1.2358e+014	1.2358e+014	5.2500e-015
4.970e+000	5.5861e-006	-1.2427e+014	-1.2393e+014	1.2393e+014	5.2500e-015
4.980e+000	5.5879e-006	-1.2462e+014	-1.2427e+014	1.2427e+014	5.2500e-015
4.990e+000	5.5896e-006	-1.2497e+014	-1.2462e+014	1.2462e+014	5.2500e-015
5.000e+000	5.5913e-006	-1.2532e+014	-1.2497e+014	1.2497e+014	5.2500e-015
5.010e+000	5.5930e-006	-1.2567e+014	-1.2532e+014	1.2532e+014	5.2500e-015
5.020e+000	5.5947e-006	-1.2602e+014	-1.2567e+014	1.2567e+014	5.2500e-015
5.030e+000	5.5964e-006	-1.2637e+014	-1.2602e+014	1.2602e+014	5.2500e-015
5.040e+000	5.5980e-006	-1.2672e+014	-1.2637e+014	1.2637e+014	5.2500e-015
5.050e+000	5.5997e-006	-1.2707e+014	-1.2672e+014	1.2672e+014	5.2500e-015
5.060e+000	5.6014e-006	-1.2742e+014	-1.2707e+014	1.2707e+014	5.2500e-015
5.070e+000	5.6031e-006	-1.2777e+014	-1.2742e+014	1.2742e+014	5.2500e-015
5.080e+000	5.6047e-006	-1.2812e+014	-1.2777e+014	1.2777e+014	5.2500e-015
5.090e+000	5.6064e-006	-1.2847e+014	-1.2812e+014	1.2812e+014	5.2500e-015
5.100e+000	5.6080e-006	-1.2882e+014	-1.2847e+014	1.2847e+014	5.2500e-015
5.110e+000	5.6097e-006	-1.2917e+014	-1.2882e+014	1.2882e+014	5.2500e-015
5.120e+000	5.6113e-006	-1.2952e+014	-1.2917e+014	1.2917e+014	5.2500e-015
5.130e+000	5.6130e-006	-1.2987e+014	-1.2952e+014	1.2952e+014	5.2500e-015
5.140e+000	5.6146e-006	-1.3022e+014	-1.2987e+014	1.2987e+014	5.2500e-015
5.150e+000	5.6162e-006	-1.3057e+014	-1.3022e+014	1.3022e+014	5.2500e-015
5.160e+000	5.6178e-006	-1.3092e+014	-1.3057e+014	1.3057e+014	5.2500e-015
5.170e+000	5.6195e-006	-1.3127e+014	-1.3092e+014	1.3092e+014	5.2500e-015
5.180e+000	5.6211e-006	-1.3162e+014	-1.3127e+014	1.3127e+014	5.2500e-015
5.190e+000	5.6227e-006	-1.3197e+014	-1.3162e+014	1.3162e+014	5.2500e-015
5.200e+000	5.6243e-006	-1.3232e+014	-1.3197e+014	1.3197e+014	5.2500e-015
5.210e+000	5.6259e-006	-1.3267e+014	-1.3232e+014	1.3232e+014	5.2500e-015
5.220e+000	5.6275e-006	-1.3302e+014	-1.3267e+014	1.3267e+014	5.2500e-015
5.230e+000	5.6291e-006	-1.3338e+014	-1.3302e+014	1.3302e+014	5.2500e-015
5.240e+000	5.6307e-006	-1.3373e+014	-1.3338e+014	1.3338e+014	5.2500e-015
5.250e+000	5.6322e-006	-1.3408e+014	-1.3373e+014	1.3373e+014	5.2500e-015
5.260e+000	5.6338e-006	-1.3443e+014	-1.3408e+014	1.3408e+014	5.2500e-015
5.270e+000	5.6354e-006	-1.3478e+014	-1.3443e+014	1.3443e+014	5.2500e-015
5.280e+000	5.6370e-006	-1.3513e+014	-1.3478e+014	1.3478e+014	5.2500e-015
5.290e+000	5.6385e-006	-1.3549e+014	-1.3513e+014	1.3513e+014	5.2500e-015
5.300e+000	5.6401e-006	-1.3584e+014	-1.3549e+014	1.3549e+014	5.2500e-015
5.310e+000	5.6416e-006	-1.3619e+014	-1.3584e+014	1.3584e+014	5.2500e-015
5.320e+000	5.6432e-006	-1.3654e+014	-1.3619e+014	1.3619e+014	5.2500e-015
5.330e+000	5.6447e-006	-1.3689e+014	-1.3654e+014	1.3654e+014	5.2500e-015
5.340e+000	5.6463e-006	-1.3725e+014	-1.3689e+014	1.3689e+014	5.2500e-015
5.350e+000	5.6478e-006	-1.3760e+014	-1.3725e+014	1.3725e+014	5.2500e-015
5.360e+000	5.6493e-006	-1.3795e+014	-1.3760e+014	1.3760e+014	5.2500e-015
5.370e+000	5.6508e-006	-1.3830e+014	-1.3795e+014	1.3795e+014	5.2500e-015
5.380e+000	5.6524e-006	-1.3866e+014	-1.3830e+014	1.3830e+014	5.2500e-015
5.390e+000	5.6539e-006	-1.3901e+014	-1.3866e+014	1.3866e+014	5.2500e-015
5.400e+000	5.6554e-006	-1.3936e+014	-1.3901e+014	1.3901e+014	5.2500e-015
5.410e+000	5.6569e-006	-1.3972e+014	-1.3936e+014	1.3936e+014	5.2500e-015
5.420e+000	5.6584e-006	-1.4007e+014	-1.3972e+014	1.3972e+014	5.2500e-015
5.430e+000	5.6599e-006	-1.4042e+014	-1.4007e+014	1.4007e+014	5.2500e-015
5.440e+000	5.6614e-006	-1.4078e+014	-1.4042e+014	1.4042e+014	5.2500e-015
5.450e+000	5.6629e-006	-1.4113e+014	-1.4078e+014	1.4078e+014	5.2500e-015
5.460e+000	5.6644e-006	-1.4148e+014	-1.4113e+014	1.4113e+014	5.2500e-015
5.470e+000	5.6659e-006	-1.4184e+014	-1.4148e+014	1.4148e+014	5.2500e-015
5.480e+000	5.6674e-006	-1.4219e+014	-1.4184e+014	1.4184e+014	5.2500e-015
5.490e+000	5.6688e-006	-1.4254e+014	-1.4219e+014	1.4219e+014	5.2500e-015
5.500e+000	5.6703e-006	-1.4290e+014	-1.4254e+014	1.4254e+014	5.2500e-015
5.510e+000	5.6718e-006	-1.4325e+014	-1.4290e+014	1.4290e+014	5.2500e-015
5.520e+000	5.6732e-006	-1.4361e+014	-1.4325e+014	1.4325e+014	5.2500e-015
5.530e+000	5.6747e-006	-1.4396e+014	-1.4361e+014	1.4361e+014	5.2500e-015
5.540e+000	5.6762e-006	-1.4432e+014	-1.4396e+014	1.4396e+014	5.2500e-015
5.550e+000	5.6776e-006	-1.4467e+014	-1.4432e+014	1.4431e+014	5.2500e-015
5.560e+000	5.6791e-006	-1.4502e+014	-1.4467e+014	1.4467e+014	5.2500e-015
5.570e+000	5.6805e-006	-1.4538e+014	-1.4502e+014	1.4502e+014	5.2500e-015
5.580e+000	5.6819e-006	-1.4573e+014	-1.4538e+014	1.4538e+014	5.2500e-015
5.590e+000	5.6834e-006	-1.4609e+014	-1.4573e+014	1.4573e+014	5.2500e-015
5.600e+000	5.6848e-006	-1.4644e+014	-1.4609e+014	1.4609e+014	5.2500e-015
5.610e+000	5.6862e-006	-1.4680e+014	-1.4644e+014	1.4644e+014	5.2500e-015
5.620e+000	5.6877e-006	-1.4715e+014	-1.4680e+014	1.4680e+014	5.2500e-015
5.630e+000	5.6891e-006	-1.4751e+014	-1.4715e+014	1.4715e+014	5.2500e-015
5.640e+000	5.6905e-006	-1.4786e+014	-1.4751e+014	1.4751e+014	5.2500e-015
5.650e+000	5.6919e-006	-1.4822e+014	-1.4786e+014	1.4786e+014	5.2500e-015
5.660e+000	5.6933e-006	-1.4857e+014	-1.4822e+014	1.4822e+014	5.2500e-015
5.670e+000	5.6947e-006	-1.4893e+014	-1.4857e+014	1.4857e+014	5.2500e-015
5.680e+000	5.6961e-006	-1.4928e+014	-1.4893e+014	1.4893e+014	5.2500e-015
5.690e+000	5.6975e-006	-1.4964e+014	-1.4928e+014	1.4928e+014	5.2500e-015
5.700e+000	5.6989e-006	-1.5000e+014	-1.4964e+014	1.4964e+014	5.2500e-015
5.710e+000	5.7003e-006	-1.5035e+014	-1.5000e+014	1.5000e+014	5.2500e-015
5.720e+000	5.7017e-006	-1.5071e+014	-1.5035e+014	1.5035e+014	5.2500e-015
5.730e+000	5.7031e-006	-1.5106e+014	-1.5071e+014	1.5071e+014	5.2500e-015
5.740e+000	5.7045e-006	-1.5142e+014	-1.5106e+014	1.5106e+014	5.2500e-015
5.750e+000	5.7059e-006	-1.5178e+014	-1.5142e+014	1.5142e+014	5.2500e-015
5.760e+000	5.7072e-006	-1.5213e+014	-1.5178e+014	1.5178e+014	5.2500e-015
5.770e+000	5.7086e-006	-1.5249e+014	-1.5213e+014	1.5213e+014	5.2500e-015
5.780e+000	5.7100e-006	-1.5284e+014	-1.5249e+014	1.5249e+014	5.2500e-015
5.790e+000	5.7113e-006	-1.5320e+014	-1.5284e+014	1.5284e+014	5.2500e-015
5.800e+000	5.7127e-006	-1.5356e+014	-1.5320e+014	1.5320e+014	5.2500e-015
5.810e+000	5.7140e-006	-1.5391e+014	-1.5356e+014	1.5356e+014	5.2500e-015
5.820e+000	5.7154e-006	-1.5427e+014	-1.5391e+014	1.5391e+014	5.2500e-015
5.830e+000	5.7167e-006	-1.5463e+014	-1.5427e+014	1.5427e+014	5.2500e-015
5.840e+000	5.7181e-006	-1.5498e+014	-1.5463e+014	1.5463e+014	5.2500e-015
5.850e+000	5.7194e-006	-1.5534e+014	-1.5498e+014	1.5498e+014	5.2500e-015
5.860e+000	5.7208e-006	-1.5570e+014	-1.5534e+014	1.5534e+014	5.2500e-015
5.870e+000	5.7221e-006	-1.5606e+014	-1.5570e+014	1.5570e+014	5.2500e-015
5.880e+000	5.7234e-006	-1.5641e+014	-1.5606e+014	1.5606e+014	5.2500e-015
5.890e+000	5.7248e-006	-1.5677e+014	-1.5641e+014	1.5641e+014	5.2500e-015
5.900e+000	5.7261e-006	-1.5713e+014	-1.5677e+014	1.5677e+014	5.2500e-015
5.910e+000	5.7274e-006	-1.5748e+014	-1.5713e+014	1.5713e+014	5.2500e-015
5.920e+000	5.7287e-006	-1.5784e+014	-1.5748e+014	1.5748e+014	5.2500e-015
5.930e+000	5.7300e-006	-1.5820e+014	-1.5784e+014	1.5784e+014	5.2500e-015
5.940e+000	5.7314e-006	-1.5856e+014	-1.5820e+014	1.5820e+014	5.2500e-015
5.950e+000	5.7327e-006	-1.5892e+014	-1.5856e+014	1.5856e+014	5.2500e-015
5.960e+000	5.7340e-006	-1.5927e+014	-1.5892e+014	1.5892e+014	5.2500e-015
5.970e+000	5.7353e-006	-1.5963e+014	-1.5927e+014	1.5927e+014	5.2500e-015
5.980e+000	5.7366e-006	-1.5999e+014	-1.5963e+014	1.5963e+014	5.2500e-015
5.990e+000	5.7379e-006	-1.6035e+014	-1.5999e+014	1.5999e+014	5.2500e-015
6.000e+000	5.7392e-006	-1.6071e+014	-1.6035e+014	1.6035e+014	5.2500e-015
6.010e+000	5.7405e-006	-1.6106e+014	-1.6071e+014	1.6071e+014	5.2500e-015
6.020e+000	5.7417e-006	-1.6142e+014	-1.6106e+014	1.6106e+014	5.2500e-015
6.030e+000	5.7430e-006	-1.6178e+014	-1.6142e+014	1.6142e+014	5.2500e-015
6.040e+000	5.7443e-006	-1.6214e+014	-1.6178e+014	1.6178e+014	5.2500e-015
6.050e+000	5.7456e-006	-1.6250e+014	-1.6214e+014	1.6214e+014	5.2500e-015
6.060e+000	5.7469e-006	-1.6286e+014	-1.6250e+014	1.6250e+014	5.2500e-015
6.070e+000	5.7481e-006	-1.6322e+014	-1.6286e+014	1.6286e+014	5.2500e-015
6.080e+000	5.7494e-006	-1.6357e+014	-1.6322e+014	1.6322e+014	5.2500e-015
6.090e+000	5.7507e-006	-1.6393e+014	-1.6357e+014	1.6357e+014	5.2500e-015
6.100e+000	5.7519e-006	-1.6429e+014	-1.6393e+014	1.6393e+014	5.2500e-015
6.110e+000	5.7532e-006	-1.6465e+014	-1.6429e+014	1.6429e+014	5.2500e-015
6.120e+000	5.7544e-006	-1.6501e+014	-1.6465e+014	1.6465e+014	5.2500e-015
6.130e+000	5.7557e-006	-1.6537e+014	-1.6501e+014	1.6501e+014	5.2500e-015
6.140e+000	5.7569e-006	-1.6573e+014	-1.6537e+014	1.6537e+014	5.2500e-015
6.150e+000	5.7582e-006	-1.6609e+014	-1.6573e+014	1.6573e+014	5.2500e-015
6.160e+000	5.7594e-006	-1.6645e+014	-1.6609e+014	1.6609e+014	5.2500e-015
6.170e+000	5.7607e-006	-1.6681e+014	-1.6645e+014	1.6645e+014	5.2500e-015
6.180e+000	5.7619e-006	-1.6717e+014	-1.6681e+014	1.6681e+014	5.2500e-015
6.190e+000	5.7632e-006	-1.6753e+014	-1.6717e+014	1.6717e+014	5.2500e-015
6.200e+000	5.7644e-006	-1.6789e+014	-1.6753e+014	1.6753e+014	5.2500e-015
6.210e+000	5.7656e-006	-1.6825e+014	-1.6789e+014	1.6789e+014	5.2500e-015
6.220e+000	5.7668e-006	-1.6861e+014	-1.6825e+014	1.6825e+014	5.2500e-015
6.230e+000	5.7681e-006	-1.6897e+014	-1.6861e+014	1.6861e+014	5.2500e-015
6.240e+000	5.7693e-006	-1.6933e+014	-1.6897e+014	1.6897e+014	5.2500e-015
6.250e+000	5.7705e-006	-1.6969e+014	-1.6933e+014	1.6933e+014	5.2500e-015
6.260e+000	5.7717e-006	-1.7005e+014	-1.6969e+014	1.6969e+014	5.2500e-015
6.270e+000	5.7729e-006	-1.7041e+014	-1.7005e+014	1.7005e+014	5.2500e-015
6.280e+000	5.7741e-006	-1.7077e+014	-1.7041e+014	1.7041e+014	5.2500e-015
6.290e+000	5.7753e-006	-1.7113e+014	-1.7077e+014	1.7077e+014	5.2500e-015
6.300e+000	5.7766e-006	-1.7149e+014	-1.7113e+014	1.7113e+014	5.2500e-015
6.310e+000	5.7778e-006	-1.7185e+014	-1.7149e+014	1.7149e+014	5.2500e-015
6.320e+000	5.7790e-006	-1.7221e+014	-1.7185e+014	1.7185e+014	5.2500e-015
6.330e+000	5.7801e-006	-1.7257e+014	-1.7221e+014	1.7221e+014	5.2500e-015
6.340e+000	5.7813e-006	-1.7293e+014	-1.7257e+014	1.7257e+014	5.2500e-015
6.350e+000	5.7825e-006	-1.7329e+014	-1.7293e+014	1.7293e+014	5.2500e-015
6.360e+000	5.7837e-006	-1.7365e+014	-1.7329e+014	1.7329e+014	5.2500e-015
6.370e+000	5.7849e-006	-1.7401e+014	-1.7365e+014	1.7365e+014	5.2500e-015
6.380e+000	5.7861e-006	-1.7438e+014	-1.7401e+014	1.7401e+014	5.2500e-015
6.390e+000	5.7873e-006	-1.7474e+014	-1.7438e+014	1.7438e+014	5.2500e-015
6.400e+000	5.7884e-006	-1.7510e+014	-1.7474e+014	1.7474e+014	5.2500e-015
6.410e+000	5.7896e-006	-1.7546e+014	-1.7510e+014	1.7510e+014	5.2500e-015
6.420e+000	5.7908e-006	-1.7582e+014	-1.7546e+014	1.7546e+014	5.2500e-015
6.430e+000	5.7920e-006	-1.7618e+014	-1.7582e+014	1.7582e+014	5.2500e-015
6.440e+000	5.7931e-006	-1.7654e+014	-1.7618e+014	1.7618e+014	5.2500e-015
6.450e+000	5.7943e-006	-1.7691e+014	-1.7654e+014	1.7654e+014	5.2500e-015
6.460e+000	5.7954e-006	-1.7727e+014	-1.7691e+014	1.7691e+014	5.2500e-015
6.470e+000	5.7966e-006	-1.7763e+014	-1.7727e+014	1.7727e+014	5.2500e-015
6.480e+000	5.7978e-006	-1.7799e+014	-1.7763e+014	1.7763e+014	5.2500e-015
6.490e+000	5.7989e-006	-1.7835e+014	-1.7799e+014	1.7799e+014	5.2500e-015
6.500e+000	5.8001e-006	-1.7872e+014	-1.7835e+014	1.7835e+014	5.2500e-015
6.510e+000	5.8012e-006	-1.7908e+014	-1.7872e+014	1.7872e+014	5.2500e-015
6.520e+000	5.8024e-006	-1.7944e+014	-1.7908e+014	1.7908e+014	5.2500e-015
6.530e+000	5.8035e-006	-1.7980e+014	-1.7944e+014	1.7944e+014	5.2500e-015
6.540e+000	5.8046e-006	-1.8016e+014	-1.7980e+014	1.7980e+014	5.2500e-015
6.550e+000	5.8058e-006	-1.8053e+014	-1.8016e+014	1.8016e+014	5.2500e-015
6.560e+000	5.8069e-006	-1.8089e+014	-1.8053e+014	1.8053e+014	5.2500e-015
6.570e+000	5.8081e-006	-1.8125e+014	-1.8089e+014	1.8089e+014	5.2500e-015
6.580e+000	5.8092e-006	-1.8161e+014	-1.8125e+014	1.8125e+014	5.2500e-015
6.590e+000	5.8103e-006	-1.8198e+014	-1.8161e+014	1.8161e+014	5.2500e-015
6.600e+000	5.8114e-006	-1.8234e+014	-1.8198e+014	1.8198e+014	5.2500e-015
6.610e+000	5.8126e-006	-1.8270e+014	-1.8234e+014	1.8234e+014	5.2500e-015
6.620e+000	5.8137e-006	-1.8306e+014	-1.8270e+014	1.8270e+014	5.2500e-015
6.630e+000	5.8148e-006	-1.8343e+014	-1.8306e+014	1.8306e+014	5.2500e-015
6.640e+000	5.8159e-006	-1.8379e+014	-1.8343e+014	1.8343e+014	5.2500e-015
6.650e+000	5.8170e-006	-1.8415e+014	-1.8379e+014	1.8379e+014	5.2500e-015
6.660e+000	5.8181e-006	-1.8452e+014	-1.8415e+014	1.8415e+014	5.2500e-015
6.670e+000	5.8193e-006	-1.8488e+014	-1.8452e+014	1.8452e+014	5.2500e-015
6.680e+000	5.8204e-006	-1.8524e+014	-1.8488e+014	1.8488e+014	5.2500e-015
6.690e+000	5.8215e-006	-1.8561e+014	-1.8524e+014	1.8524e+014	5.2500e-015
6.700e+000	5.8226e-006	-1.8597e+014	-1.8561e+014	1.8561e+014	5.2500e-015
6.710e+000	5.8237e-006	-1.8633e+014	-1.8597e+014	1.8597e+014	5.2500e-015
6.720e+000	5.8248e-006	-1.8670e+014	-1.8633e+014	1.8633e+014	5.2500e-015
6.730e+000	5.8259e-006	-1.8706e+014	-1.8670e+014	1.8670e+014	5.2500e-015
6.740e+000	5.8270e-006	-1.8742e+014	-1.8706e+014	1.8706e+014	5.2500e-015
6.750e+000	5.8280e-006	-1.8779e+014	-1.8742e+014	1.8742e+014	5.2500e-015
6.760e+000	5.8291e-006	-1.8815e+014	-1.8779e+014	1.8779e+014	5.2500e-015
6.770e+000	5.8302e-006	-1.8852e+014	-1.8815e+014	1.8815e+014	5.2500e-015
6.780e+000	5.8313e-006	-1.8888e+014	-1.8852e+014	1.8852e+014	5.2500e-015
6.790e+000	5.8324e-006	-1.8924e+014	-1.8888e+014	1.8888e+014	5.2500e-015
6.800e+000	5.8335e-006	-1.8961e+014	-1.8924e+014	1.8924e+014	5.2500e-015
6.810e+000	5.8345e-006	-1.8997e+014	-1.8961e+014	1.8961e+014	5.2500e-015
6.820e+000	5.8356e-006	-1.9034e+014	-1.8997e+014	1.8997e+014	5.2500e-015
6.830e+000	5.8367e-006	-1.9070e+014	-1.9034e+014	1.9034e+014	5.2500e-015
6.840e+000	5.8378e-006	-1.9107e+014	-1.9070e+014	1.9070e+014	5.2500e-015
6.850e+000	5.8388e-006	-1.9143e+014	-1.9107e+014	1.9107e+014	5.2500e-015
6.860e+000	5.8399e-006	-1.9179e+014	-1.9143e+014	1.9143e+014	5.2500e-015
6.870e+000	5.8409e-006	-1.9216e+014	-1.9179e+014	1.9179e+014	5.2500e-015
6.880e+000	5.8420e-006	-1.9252e+014	-1.9216e+014	1.9216e+014	5.2500e-015
6.890e+000	5.8431e-006	-1.9289e+014	-1.9252e+014	1.9252e+014	5.2500e-015
6.900e+000	5.8441e-006	-1.9325e+014	-1.9289e+014	1.9289e+014	5.2500e-015
6.910e+000	5.8452e-006	-1.9362e+014	-1.9325e+014	1.9325e+014	5.2500e-015
6.920e+000	5.8462e-006	-1.9398e+014	-1.9362e+014	1.9362e+014	5.2500e-015
6.930e+000	5.8473e-006	-1.9435e+014	-1.9398e+014	1.9398e+014	5.2500e-015
6.940e+000	5.8483e-006	-1.9471e+014	-1.9435e+014	1.9435e+014	5.2500e-015
6.950e+000	5.8494e-006	-1.9508e+014	-1.9471e+014	1.9471e+014	5.2500e-015
6.960e+000	5.8504e-006	-1.9544e+014	-1.9508e+014	1.9508e+014	5.2500e-015
6.970e+000	5.8515e-006	-1.9581e+014	-1.9544e+014	1.9544e+014	5.2500e-015
6.980e+000	5.8525e-006	-1.9617e+014	-1.9581e+014	1.9581e+014	5.2500e-015
6.990e+000	5.8535e-006	-1.9654e+014	-1.9617e+014	1.9617e+014	5.2500e-015
7.000e+000	5.8546e-006	-1.9690e+014	-1.9654e+014	1.9654e+014	5.2500e-015
